d1,d2,n_closed,cls,hours,d1_early_close,gap_bps,gap_divneutral_bps,oc_bps,exdiv,div_bps,split
2010-01-04,2010-01-05,0,Overnight,0.0,False,27.53,27.53,-10.26,False,0.0,False
2010-01-05,2010-01-06,0,Overnight,0.0,False,0.0,0.0,-160.34,False,0.0,False
2010-01-06,2010-01-07,0,Overnight,0.0,False,36.9,36.9,-55.41,False,0.0,False
2010-01-07,2010-01-08,0,Overnight,0.0,False,-13.31,-13.31,79.57,False,0.0,False
2010-01-08,2010-01-11,2,Weekend,48.0,False,38.61,38.61,-127.21,False,0.0,False
2010-01-11,2010-01-12,0,Overnight,0.0,False,-43.88,-43.88,-70.52,False,0.0,False
2010-01-12,2010-01-13,0,Overnight,0.0,False,7.22,7.22,132.85,False,0.0,False
2010-01-13,2010-01-14,0,Overnight,0.0,False,-25.67,-25.67,-32.42,False,0.0,False
2010-01-14,2010-01-15,0,Overnight,0.0,False,71.37,71.37,-239.9,False,0.0,False
2010-01-15,2010-01-19,3,Long,72.0,False,115.87,115.87,317.01,False,0.0,False
2010-01-19,2010-01-20,0,Overnight,0.0,False,-6.05,-6.05,-149.07,False,0.0,False
2010-01-20,2010-01-21,0,Overnight,0.0,False,16.52,16.52,-190.89,False,0.0,False
2010-01-21,2010-01-22,0,Overnight,0.0,False,-62.19,-62.19,-446.52,False,0.0,False
2010-01-22,2010-01-25,2,Weekend,48.0,False,237.86,237.86,27.61,False,0.0,False
2010-01-25,2010-01-26,0,Overnight,0.0,False,140.83,140.83,-0.49,False,0.0,False
2010-01-26,2010-01-27,0,Overnight,0.0,False,44.09,44.09,49.67,False,0.0,False
2010-01-27,2010-01-28,0,Overnight,0.0,False,-142.93,-142.93,-279.07,False,0.0,False
2010-01-28,2010-01-29,0,Overnight,0.0,False,89.42,89.42,-458.95,False,0.0,False
2010-01-29,2010-02-01,2,Weekend,48.0,False,16.13,16.13,121.93,False,0.0,False
2010-02-01,2010-02-02,0,Overnight,0.0,False,60.41,60.41,-2.55,False,0.0,False
2010-02-02,2010-02-03,0,Overnight,0.0,False,-35.29,-35.29,205.89,False,0.0,False
2010-02-03,2010-02-04,0,Overnight,0.0,False,-126.28,-126.28,-240.76,False,0.0,False
2010-02-04,2010-02-05,0,Overnight,0.0,False,30.15,30.15,145.84,False,0.0,False
2010-02-05,2010-02-08,2,Weekend,48.0,False,11.76,11.76,-80.55,False,0.0,False
2010-02-08,2010-02-09,0,Overnight,0.0,False,117.79,117.79,-11.72,False,0.0,False
2010-02-09,2010-02-10,0,Overnight,0.0,False,-15.3,-15.3,-39.39,False,0.0,False
2010-02-10,2010-02-11,0,Overnight,0.0,False,-12.31,-12.31,192.61,False,0.0,False
2010-02-11,2010-02-12,0,Overnight,0.0,False,-28.23,-28.23,113.93,False,0.0,False
2010-02-12,2010-02-16,3,Long,72.0,False,77.55,77.55,72.04,False,0.0,False
2010-02-16,2010-02-17,0,Overnight,0.0,False,38.76,38.76,-80.64,False,0.0,False
2010-02-17,2010-02-18,0,Overnight,0.0,False,-45.53,-45.53,64.27,False,0.0,False
2010-02-18,2010-02-19,0,Overnight,0.0,False,-52.87,-52.87,-9.42,False,0.0,False
2010-02-19,2010-02-22,2,Weekend,48.0,False,33.17,33.17,-95.34,False,0.0,False
2010-02-22,2010-02-23,0,Overnight,0.0,False,-20.98,-20.98,-148.09,False,0.0,False
2010-02-23,2010-02-24,0,Overnight,0.0,False,59.2,59.2,121.84,False,0.0,False
2010-02-24,2010-02-25,0,Overnight,0.0,False,-164.81,-164.81,231.37,False,0.0,False
2010-02-25,2010-02-26,0,Overnight,0.0,False,18.79,18.79,110.07,False,0.0,False
2010-02-26,2010-03-01,2,Weekend,48.0,False,55.07,55.07,156.25,False,0.0,False
2010-03-01,2010-03-02,0,Overnight,0.0,False,44.88,44.88,-51.58,False,0.0,False
2010-03-02,2010-03-03,0,Overnight,0.0,False,4.31,4.31,18.65,False,0.0,False
2010-03-03,2010-03-04,0,Overnight,0.0,False,-2.39,-2.39,68.1,False,0.0,False
2010-03-04,2010-03-05,0,Overnight,0.0,False,198.76,198.76,184.84,False,0.0,False
2010-03-05,2010-03-08,2,Weekend,48.0,False,48.3,48.3,-42.36,False,0.0,False
2010-03-08,2010-03-09,0,Overnight,0.0,False,-35.21,-35.21,213.45,False,0.0,False
2010-03-09,2010-03-10,0,Overnight,0.0,False,36.25,36.25,45.02,False,0.0,False
2010-03-10,2010-03-11,0,Overnight,0.0,False,-41.45,-41.45,70.76,False,0.0,False
2010-03-11,2010-03-12,0,Overnight,0.0,False,82.59,82.59,-33.92,False,0.0,False
2010-03-12,2010-03-15,2,Weekend,47.0,False,-53.98,-53.98,-68.56,False,0.0,False
2010-03-15,2010-03-16,0,Overnight,0.0,False,15.18,15.18,12.04,False,0.0,False
2010-03-16,2010-03-17,0,Overnight,0.0,False,20.03,20.03,-34.74,False,0.0,False
2010-03-17,2010-03-18,0,Overnight,0.0,False,-0.89,-0.89,24.51,False,0.0,False
2010-03-18,2010-03-19,0,Overnight,0.0,False,6.23,6.23,-113.64,False,0.0,False
2010-03-19,2010-03-22,2,Weekend,48.0,False,-80.41,-80.41,192.27,False,0.0,False
2010-03-22,2010-03-23,0,Overnight,0.0,False,39.52,39.52,119.83,False,0.0,False
2010-03-23,2010-03-24,0,Overnight,0.0,False,-31.58,-31.58,75.71,False,0.0,False
2010-03-24,2010-03-25,0,Overnight,0.0,False,67.35,67.35,-186.64,False,0.0,False
2010-03-25,2010-03-26,0,Overnight,0.0,False,100.97,100.97,84.81,False,0.0,False
2010-03-26,2010-03-29,2,Weekend,48.0,False,90.54,90.54,-26.21,False,0.0,False
2010-03-29,2010-03-30,0,Overnight,0.0,False,179.54,179.54,-31.75,False,0.0,False
2010-03-30,2010-03-31,0,Overnight,0.0,False,-15.28,-15.28,-20.83,False,0.0,False
2010-03-31,2010-04-01,0,Overnight,0.0,False,102.03,102.03,-60.84,False,0.0,False
2010-04-01,2010-04-05,3,Long,72.0,False,-42.04,-42.04,148.27,False,0.0,False
2010-04-05,2010-04-06,0,Overnight,0.0,False,-12.17,-12.17,56.1,False,0.0,False
2010-04-06,2010-04-07,0,Overnight,0.0,False,0.42,0.42,43.74,False,0.0,False
2010-04-07,2010-04-08,0,Overnight,0.0,False,-6.65,-6.65,-20.4,False,0.0,False
2010-04-08,2010-04-09,0,Overnight,0.0,False,61.49,61.49,14.9,False,0.0,False
2010-04-09,2010-04-12,2,Weekend,48.0,False,16.94,16.94,3.71,False,0.0,False
2010-04-12,2010-04-13,0,Overnight,0.0,False,-17.76,-17.76,23.54,False,0.0,False
2010-04-13,2010-04-14,0,Overnight,0.0,False,116.87,116.87,16.7,False,0.0,False
2010-04-14,2010-04-15,0,Overnight,0.0,False,3.66,3.66,126.95,False,0.0,False
2010-04-15,2010-04-16,0,Overnight,0.0,False,-14.07,-14.07,-47.18,False,0.0,False
2010-04-16,2010-04-19,2,Weekend,48.0,False,-14.97,-14.97,1.62,False,0.0,False
2010-04-19,2010-04-20,0,Overnight,0.0,False,59.32,59.32,-160.21,False,0.0,False
2010-04-20,2010-04-21,0,Overnight,0.0,False,564.72,564.72,16.22,False,0.0,False
2010-04-21,2010-04-22,0,Overnight,0.0,False,-37.88,-37.88,313.72,False,0.0,False
2010-04-22,2010-04-23,0,Overnight,0.0,False,56.88,56.88,105.42,False,0.0,False
2010-04-23,2010-04-26,2,Weekend,48.0,False,38.69,38.69,-87.92,False,0.0,False
2010-04-26,2010-04-27,0,Overnight,0.0,False,-83.09,-83.09,-197.62,False,0.0,False
2010-04-27,2010-04-28,0,Overnight,0.0,False,46.07,46.07,-62.88,False,0.0,False
2010-04-28,2010-04-29,0,Overnight,0.0,False,54.13,54.13,211.42,False,0.0,False
2010-04-29,2010-04-30,0,Overnight,0.0,False,24.91,24.91,-309.98,False,0.0,False
2010-04-30,2010-05-03,2,Weekend,48.0,False,104.78,104.78,94.68,False,0.0,False
2010-05-03,2010-05-04,0,Overnight,0.0,False,-130.75,-130.75,-161.44,False,0.0,False
2010-05-04,2010-05-05,0,Overnight,0.0,False,-220.84,-220.84,116.3,False,0.0,False
2010-05-05,2010-05-06,0,Overnight,0.0,False,-84.74,-84.74,-303.17,False,0.0,False
2010-05-06,2010-05-07,0,Overnight,0.0,False,-103.68,-103.68,-327.41,False,0.0,False
2010-05-07,2010-05-10,2,Weekend,48.0,False,592.22,592.22,148.34,False,0.0,False
2010-05-10,2010-05-11,0,Overnight,0.0,False,-85.01,-85.01,184.13,False,0.0,False
2010-05-11,2010-05-12,0,Overnight,0.0,False,105.48,105.48,109.34,False,0.0,False
2010-05-12,2010-05-13,0,Overnight,0.0,False,43.02,43.02,-186.36,False,0.0,False
2010-05-13,2010-05-14,0,Overnight,0.0,False,-124.63,-124.63,-52.65,False,0.0,False
2010-05-14,2010-05-17,2,Weekend,48.0,False,34.61,34.61,-18.86,False,0.0,False
2010-05-17,2010-05-18,0,Overnight,0.0,False,107.98,107.98,-181.42,False,0.0,False
2010-05-18,2010-05-19,0,Overnight,0.0,False,-113.98,-113.98,-46.6,False,0.0,False
2010-05-19,2010-05-20,0,Overnight,0.0,False,-263.57,-263.57,-171.8,False,0.0,False
2010-05-20,2010-05-21,0,Overnight,0.0,False,-209.96,-209.96,399.94,False,0.0,False
2010-05-21,2010-05-24,2,Weekend,48.0,False,202.62,202.62,-21.05,False,0.0,False
2010-05-24,2010-05-25,0,Overnight,0.0,False,-304.89,-304.89,242.29,False,0.0,False
2010-05-25,2010-05-26,0,Overnight,0.0,False,196.25,196.25,-241.62,False,0.0,False
2010-05-26,2010-05-27,0,Overnight,0.0,False,262.39,262.39,109.14,False,0.0,False
2010-05-27,2010-05-28,0,Overnight,0.0,False,235.61,235.61,-97.24,False,0.0,False
2010-05-28,2010-06-01,3,Long,72.0,False,108.8,108.8,43.8,False,0.0,False
2010-06-01,2010-06-02,0,Overnight,0.0,False,141.24,141.24,-22.33,False,0.0,False
2010-06-02,2010-06-03,0,Overnight,0.0,False,46.49,46.49,-77.99,False,0.0,False
2010-06-03,2010-06-04,0,Overnight,0.0,False,-188.37,-188.37,-87.52,False,0.0,False
2010-06-04,2010-06-07,2,Weekend,48.0,False,90.62,90.62,-288.69,False,0.0,False
2010-06-07,2010-06-08,0,Overnight,0.0,False,91.24,91.24,-155.6,False,0.0,False
2010-06-08,2010-06-09,0,Overnight,0.0,False,85.46,85.46,-334.4,False,0.0,False
2010-06-09,2010-06-10,0,Overnight,0.0,False,67.21,67.21,228.94,False,0.0,False
2010-06-10,2010-06-11,0,Overnight,0.0,False,-91.43,-91.43,210.48,False,0.0,False
2010-06-11,2010-06-14,2,Weekend,48.0,False,96.18,96.18,-65.85,False,0.0,False
2010-06-14,2010-06-15,0,Overnight,0.0,False,53.34,53.34,157.18,False,0.0,False
2010-06-15,2010-06-16,0,Overnight,0.0,False,54.15,54.15,232.81,False,0.0,False
2010-06-16,2010-06-17,0,Overnight,0.0,False,124.57,124.57,46.82,False,0.0,False
2010-06-17,2010-06-18,0,Overnight,0.0,False,13.97,13.97,66.63,False,0.0,False
2010-06-18,2010-06-21,2,Weekend,48.0,False,131.22,131.22,-274.54,False,0.0,False
2010-06-21,2010-06-22,0,Overnight,0.0,False,73.39,73.39,61.9,False,0.0,False
2010-06-22,2010-06-23,0,Overnight,0.0,False,26.62,26.62,-132.35,False,0.0,False
2010-06-23,2010-06-24,0,Overnight,0.0,False,1.11,1.11,-74.07,False,0.0,False
2010-06-24,2010-06-25,0,Overnight,0.0,False,39.33,39.33,-125.2,False,0.0,False
2010-06-25,2010-06-28,2,Weekend,48.0,False,8.62,8.62,51.19,False,0.0,False
2010-06-28,2010-06-29,0,Overnight,0.0,False,-157.02,-157.02,-305.62,False,0.0,False
2010-06-29,2010-06-30,0,Overnight,0.0,False,21.06,21.06,-203.85,False,0.0,False
2010-06-30,2010-07-01,0,Overnight,0.0,False,109.52,109.52,-231.52,False,0.0,False
2010-07-01,2010-07-02,0,Overnight,0.0,False,80.57,80.57,-142.74,False,0.0,False
2010-07-02,2010-07-06,3,Long,72.0,False,163.08,163.08,-94.87,False,0.0,False
2010-07-06,2010-07-07,0,Overnight,0.0,False,74.53,74.53,321.34,False,0.0,False
2010-07-07,2010-07-08,0,Overnight,0.0,False,146.22,146.22,-168.67,False,0.0,False
2010-07-08,2010-07-09,0,Overnight,0.0,False,-46.6,-46.6,105.71,False,0.0,False
2010-07-09,2010-07-12,2,Weekend,48.0,False,-42.07,-42.07,-48.08,False,0.0,False
2010-07-12,2010-07-13,0,Overnight,0.0,False,-37.77,-37.77,-177.92,False,0.0,False
2010-07-13,2010-07-14,0,Overnight,0.0,False,-96.57,-96.57,133.44,False,0.0,False
2010-07-14,2010-07-15,0,Overnight,0.0,False,-179.66,-179.66,128.88,False,0.0,False
2010-07-15,2010-07-16,0,Overnight,0.0,False,68.57,68.57,-130.4,False,0.0,False
2010-07-16,2010-07-19,2,Weekend,48.0,False,-0.8,-0.8,-173.58,False,0.0,False
2010-07-19,2010-07-20,0,Overnight,0.0,False,-109.73,-109.73,363.43,False,0.0,False
2010-07-20,2010-07-21,0,Overnight,0.0,False,510.77,510.77,-417.91,False,0.0,False
2010-07-21,2010-07-22,0,Overnight,0.0,False,134.4,134.4,51.87,False,0.0,False
2010-07-22,2010-07-23,0,Overnight,0.0,False,-74.79,-74.79,110.25,False,0.0,False
2010-07-23,2010-07-26,2,Weekend,48.0,False,2.31,2.31,-27.73,False,0.0,False
2010-07-26,2010-07-27,0,Overnight,0.0,False,61.14,61.14,122.3,False,0.0,False
2010-07-27,2010-07-28,0,Overnight,0.0,False,-15.54,-15.54,-103.31,False,0.0,False
2010-07-28,2010-07-29,0,Overnight,0.0,False,-9.59,-9.59,-100.23,False,0.0,False
2010-07-29,2010-07-30,0,Overnight,0.0,False,-86.38,-86.38,53.01,False,0.0,False
2010-07-30,2010-08-02,2,Weekend,48.0,False,123.24,123.24,53.99,False,0.0,False
2010-08-02,2010-08-03,0,Overnight,0.0,False,-32.13,-32.13,35.19,False,0.0,False
2010-08-03,2010-08-04,0,Overnight,0.0,False,34.68,34.68,5.33,False,0.0,False
2010-08-04,2010-08-05,0,Overnight,0.0,False,-47.65,-47.65,-1.15,False,0.0,False
2010-08-05,2010-08-06,0,Overnight,0.0,False,-73.64,-73.64,11.93,False,0.0,False
2010-08-06,2010-08-09,2,Weekend,48.0,False,53.3,53.3,10.32,False,0.0,False
2010-08-09,2010-08-10,0,Overnight,0.0,False,-72.85,-72.85,-16.95,False,0.0,False
2010-08-10,2010-08-11,0,Overnight,0.0,False,-155.79,-155.79,-206.1,False,0.0,False
2010-08-11,2010-08-12,0,Overnight,0.0,False,-140.88,-140.88,204.63,False,0.0,False
2010-08-12,2010-08-13,0,Overnight,0.0,False,-5.56,-5.56,-101.85,False,0.0,False
2010-08-13,2010-08-16,2,Weekend,48.0,False,-61.21,-61.21,2.42,False,0.0,False
2010-08-16,2010-08-17,0,Overnight,0.0,False,98.05,98.05,75.29,False,0.0,False
2010-08-17,2010-08-18,0,Overnight,0.0,False,15.47,15.47,28.09,False,0.0,False
2010-08-18,2010-08-19,0,Overnight,0.0,False,-9.09,-9.09,-117.76,False,0.0,False
2010-08-19,2010-08-20,0,Overnight,0.0,False,-19.63,-19.63,10.02,False,0.0,False
2010-08-20,2010-08-23,2,Weekend,48.0,False,85.76,85.76,-240.77,False,0.0,False
2010-08-23,2010-08-24,0,Overnight,0.0,False,-128.16,-128.16,-113.55,False,0.0,False
2010-08-24,2010-08-25,0,Overnight,0.0,False,-79.08,-79.08,201.7,False,0.0,False
2010-08-25,2010-08-26,0,Overnight,0.0,False,104.85,104.85,-212.88,False,0.0,False
2010-08-26,2010-08-27,0,Overnight,0.0,False,60.99,60.99,-5.38,False,0.0,False
2010-08-27,2010-08-30,2,Weekend,48.0,False,-35.66,-35.66,72.01,False,0.0,False
2010-08-30,2010-08-31,0,Overnight,0.0,False,-26.84,-26.84,51.55,False,0.0,False
2010-08-31,2010-09-01,0,Overnight,0.0,False,178.16,178.16,114.91,False,0.0,False
2010-09-01,2010-09-02,0,Overnight,0.0,False,37.08,37.08,36.15,False,0.0,False
2010-09-02,2010-09-03,0,Overnight,0.0,False,115.13,115.13,143.23,False,0.0,False
2010-09-03,2010-09-07,3,Long,72.0,False,-82.65,-82.65,45.49,False,0.0,False
2010-09-07,2010-09-08,0,Overnight,0.0,False,76.12,76.12,120.15,False,0.0,False
2010-09-08,2010-09-09,0,Overnight,0.0,False,80.31,80.31,-74.61,False,0.0,False
2010-09-09,2010-09-10,0,Overnight,0.0,False,4.56,4.56,8.36,False,0.0,False
2010-09-10,2010-09-13,2,Weekend,48.0,False,91.08,91.08,45.79,False,0.0,False
2010-09-13,2010-09-14,0,Overnight,0.0,False,-31.13,-31.13,69.25,False,0.0,False
2010-09-14,2010-09-15,0,Overnight,0.0,False,4.1,4.1,76.15,False,0.0,False
2010-09-15,2010-09-16,0,Overnight,0.0,False,0.74,0.74,231.53,False,0.0,False
2010-09-16,2010-09-17,0,Overnight,0.0,False,40.41,40.41,-83.9,False,0.0,False
2010-09-17,2010-09-20,2,Weekend,48.0,False,25.75,25.75,255.69,False,0.0,False
2010-09-20,2010-09-21,0,Overnight,0.0,False,22.22,22.22,-3.17,False,0.0,False
2010-09-21,2010-09-22,0,Overnight,0.0,False,-37.42,-37.42,176.7,False,0.0,False
2010-09-22,2010-09-23,0,Overnight,0.0,False,-49.47,-49.47,90.05,False,0.0,False
2010-09-23,2010-09-24,0,Overnight,0.0,False,109.46,109.46,7.53,False,0.0,False
2010-09-24,2010-09-27,2,Weekend,48.0,False,56.63,56.63,-96.39,False,0.0,False
2010-09-27,2010-09-28,0,Overnight,0.0,False,20.93,20.93,-169.72,False,0.0,False
2010-09-28,2010-09-29,0,Overnight,0.0,False,12.89,12.89,4.87,False,0.0,False
2010-09-29,2010-09-30,0,Overnight,0.0,False,56.56,56.56,-183.33,False,0.0,False
2010-09-30,2010-10-01,0,Overnight,0.0,False,84.23,84.23,-127.67,False,0.0,False
2010-10-01,2010-10-04,2,Weekend,48.0,False,-32.62,-32.62,-105.67,False,0.0,False
2010-10-04,2010-10-05,0,Overnight,0.0,False,119.86,119.86,243.12,False,0.0,False
2010-10-05,2010-10-06,0,Overnight,0.0,False,22.47,22.47,-13.82,False,0.0,False
2010-10-06,2010-10-07,0,Overnight,0.0,False,39.69,39.69,-38.65,False,0.0,False
2010-10-07,2010-10-08,0,Overnight,0.0,False,85.72,85.72,80.58,False,0.0,False
2010-10-08,2010-10-11,2,Weekend,48.0,False,22.76,22.76,21.01,False,0.0,False
2010-10-11,2010-10-12,0,Overnight,0.0,False,1.69,1.69,105.4,False,0.0,False
2010-10-12,2010-10-13,0,Overnight,0.0,False,55.45,55.45,-2.0,False,0.0,False
2010-10-13,2010-10-14,0,Overnight,0.0,False,51.51,51.51,20.53,False,0.0,False
2010-10-14,2010-10-15,0,Overnight,0.0,False,168.27,168.27,234.67,False,0.0,False
2010-10-15,2010-10-18,2,Weekend,48.0,False,117.81,117.81,-14.77,False,0.0,False
2010-10-18,2010-10-19,0,Overnight,0.0,False,-469.99,-469.99,198.74,False,0.0,False
2010-10-19,2010-10-20,0,Overnight,0.0,False,-15.85,-15.85,49.39,False,0.0,False
2010-10-20,2010-10-21,0,Overnight,0.0,False,58.76,58.76,-91.34,False,0.0,False
2010-10-21,2010-10-22,0,Overnight,0.0,False,-14.55,-14.55,-51.9,False,0.0,False
2010-10-22,2010-10-25,2,Weekend,48.0,False,52.55,52.55,-8.09,False,0.0,False
2010-10-25,2010-10-26,0,Overnight,0.0,False,-63.99,-63.99,38.38,False,0.0,False
2010-10-26,2010-10-27,0,Overnight,0.0,False,-12.99,-12.99,5.85,False,0.0,False
2010-10-27,2010-10-28,0,Overnight,0.0,False,3.9,3.9,-88.39,False,0.0,False
2010-10-28,2010-10-29,0,Overnight,0.0,False,-33.14,-33.14,-107.4,False,0.0,False
2010-10-29,2010-11-01,2,Weekend,48.0,False,41.11,41.11,64.64,False,0.0,False
2010-11-01,2010-11-02,0,Overnight,0.0,False,92.28,92.28,76.58,False,0.0,False
2010-11-02,2010-11-03,0,Overnight,0.0,False,64.76,64.76,45.82,False,0.0,False
2010-11-03,2010-11-04,0,Overnight,0.0,False,84.36,84.36,89.0,False,0.0,False
2010-11-04,2010-11-05,0,Overnight,0.0,False,-8.8,-8.8,-27.08,False,0.0,False
2010-11-05,2010-11-08,2,Weekend,49.0,False,2.21,2.21,44.67,False,0.0,False
2010-11-08,2010-11-09,0,Overnight,0.0,False,75.98,75.98,-156.02,False,0.0,False
2010-11-09,2010-11-10,0,Overnight,0.0,False,17.7,17.7,43.8,False,0.0,False
2010-11-10,2010-11-11,0,Overnight,0.0,False,-95.73,-95.73,52.24,False,0.0,False
2010-11-11,2010-11-12,0,Overnight,0.0,False,-20.55,-20.55,-255.45,False,0.0,False
2010-11-12,2010-11-15,2,Weekend,48.0,False,13.95,13.95,-46.14,False,0.0,False
2010-11-15,2010-11-16,0,Overnight,0.0,False,-43.08,-43.08,-136.01,False,0.0,False
2010-11-16,2010-11-17,0,Overnight,0.0,False,-12.94,-12.94,-23.27,False,0.0,False
2010-11-17,2010-11-18,0,Overnight,0.0,False,155.2,155.2,105.28,False,0.0,False
2010-11-18,2010-11-19,0,Overnight,0.0,False,-14.92,-14.92,-40.35,False,0.0,False
2010-11-19,2010-11-22,2,Weekend,48.0,False,-1.63,-1.63,215.48,False,0.0,False
2010-11-22,2010-11-23,0,Overnight,0.0,False,-93.3,-93.3,-55.56,False,0.0,False
2010-11-23,2010-11-24,0,Overnight,0.0,False,105.36,105.36,89.34,False,0.0,False
2010-11-24,2010-11-26,1,Short,24.0,False,-33.73,-33.73,40.08,False,0.0,False
2010-11-26,2010-11-29,2,Weekend,48.0,True,15.86,15.86,43.33,False,0.0,False
2010-11-29,2010-11-30,0,Overnight,0.0,False,-105.65,-105.65,-76.52,False,0.0,False
2010-11-30,2010-12-01,0,Overnight,0.0,False,131.54,131.54,35.78,False,0.0,False
2010-12-01,2010-12-02,0,Overnight,0.0,False,35.65,35.65,19.51,False,0.0,False
2010-12-02,2010-12-03,0,Overnight,0.0,False,-35.9,-35.9,13.55,False,0.0,False
2010-12-03,2010-12-06,2,Weekend,48.0,False,37.73,37.73,47.28,False,0.0,False
2010-12-06,2010-12-07,0,Overnight,0.0,False,113.36,113.36,-174.15,False,0.0,False
2010-12-07,2010-12-08,0,Overnight,0.0,False,44.53,44.53,43.08,False,0.0,False
2010-12-08,2010-12-09,0,Overnight,0.0,False,34.83,34.83,-73.84,False,0.0,False
2010-12-09,2010-12-10,0,Overnight,0.0,False,-3.44,-3.44,28.43,False,0.0,False
2010-12-10,2010-12-13,2,Weekend,48.0,False,118.15,118.15,-83.59,False,0.0,False
2010-12-13,2010-12-14,0,Overnight,0.0,False,1.87,1.87,-44.86,False,0.0,False
2010-12-14,2010-12-15,0,Overnight,0.0,False,-9.06,-9.06,11.24,False,0.0,False
2010-12-15,2010-12-16,0,Overnight,0.0,False,22.76,22.76,4.98,False,0.0,False
2010-12-16,2010-12-17,0,Overnight,0.0,False,11.82,11.82,-31.76,False,0.0,False
2010-12-17,2010-12-20,2,Weekend,48.0,False,30.83,30.83,18.95,False,0.0,False
2010-12-20,2010-12-21,0,Overnight,0.0,False,24.49,24.49,37.08,False,0.0,False
2010-12-21,2010-12-22,0,Overnight,0.0,False,4.93,4.93,24.63,False,0.0,False
2010-12-22,2010-12-23,0,Overnight,0.0,False,-4.92,-4.92,-43.17,False,0.0,False
2010-12-23,2010-12-27,3,Long,72.0,False,-23.2,-23.2,56.52,False,0.0,False
2010-12-27,2010-12-28,0,Overnight,0.0,False,37.81,37.81,-13.51,False,0.0,False
2010-12-28,2010-12-29,0,Overnight,0.0,False,23.02,23.02,-28.55,False,0.0,False
2010-12-29,2010-12-30,0,Overnight,0.0,False,5.84,5.84,-56.07,False,0.0,False
2010-12-30,2010-12-31,0,Overnight,0.0,False,-21.96,-21.96,-12.08,False,0.0,False
2010-12-31,2011-01-03,2,Weekend,48.0,False,95.03,95.03,119.96,False,0.0,False
2011-01-03,2011-01-04,0,Overnight,0.0,False,86.71,86.71,-34.65,False,0.0,False
2011-01-04,2011-01-05,0,Overnight,0.0,False,-52.66,-52.66,134.13,False,0.0,False
2011-01-05,2011-01-06,0,Overnight,0.0,False,21.53,21.53,-29.62,False,0.0,False
2011-01-06,2011-01-07,0,Overnight,0.0,False,7.79,7.79,63.57,False,0.0,False
2011-01-07,2011-01-10,2,Weekend,48.0,False,80.3,80.3,106.27,False,0.0,False
2011-01-10,2011-01-11,0,Overnight,0.0,False,70.71,70.71,-94.39,False,0.0,False
2011-01-11,2011-01-12,0,Overnight,0.0,False,47.01,47.01,34.03,False,0.0,False
2011-01-12,2011-01-13,0,Overnight,0.0,False,21.46,21.46,15.05,False,0.0,False
2011-01-13,2011-01-14,0,Overnight,0.0,False,6.07,6.07,74.6,False,0.0,False
2011-01-14,2011-01-18,3,Long,72.0,False,-559.44,-559.44,332.19,False,0.0,False
2011-01-18,2011-01-19,0,Overnight,0.0,False,223.52,223.52,-276.8,False,0.0,False
2011-01-19,2011-01-20,0,Overnight,0.0,False,-71.38,-71.38,-112.09,False,0.0,False
2011-01-20,2011-01-21,0,Overnight,0.0,False,32.71,32.71,-213.49,False,0.0,False
2011-01-21,2011-01-24,2,Weekend,48.0,False,4.59,4.59,318.55,False,0.0,False
2011-01-24,2011-01-25,0,Overnight,0.0,False,-33.25,-33.25,149.62,False,0.0,False
2011-01-25,2011-01-26,0,Overnight,0.0,False,45.59,45.59,25.92,False,0.0,False
2011-01-26,2011-01-27,0,Overnight,0.0,False,-2.04,-2.04,-16.59,False,0.0,False
2011-01-27,2011-01-28,0,Overnight,0.0,False,27.93,27.93,-237.27,False,0.0,False
2011-01-28,2011-01-31,2,Weekend,48.0,False,-8.93,-8.93,104.28,False,0.0,False
2011-01-31,2011-02-01,0,Overnight,0.0,False,58.18,58.18,108.69,False,0.0,False
2011-02-01,2011-02-02,0,Overnight,0.0,False,-16.82,-16.82,-3.77,False,0.0,False
2011-02-02,2011-02-03,0,Overnight,0.0,False,-15.11,-15.11,-10.48,False,0.0,False
2011-02-03,2011-02-04,0,Overnight,0.0,False,5.82,5.82,82.88,False,0.0,False
2011-02-04,2011-02-07,2,Weekend,48.0,False,40.04,40.04,114.04,False,0.0,False
2011-02-07,2011-02-08,0,Overnight,0.0,False,51.02,51.02,42.88,False,0.0,False
2011-02-08,2011-02-09,0,Overnight,0.0,False,-0.28,-0.28,83.27,False,0.0,False
2011-02-09,2011-02-10,0,Overnight,0.0,False,-21.52,-21.52,-80.06,False,0.0,False
2011-02-10,2011-02-11,0,Overnight,0.0,False,5.92,5.92,59.02,False,0.0,False
2011-02-11,2011-02-14,2,Weekend,48.0,False,-1.68,-1.68,66.76,False,0.0,False
2011-02-14,2011-02-15,0,Overnight,0.0,False,0.28,0.28,19.75,False,0.0,False
2011-02-15,2011-02-16,0,Overnight,0.0,False,24.98,24.98,64.37,False,0.0,False
2011-02-16,2011-02-17,0,Overnight,0.0,False,-163.25,-163.25,29.35,False,0.0,False
2011-02-17,2011-02-18,0,Overnight,0.0,False,11.44,11.44,-229.82,False,0.0,False
2011-02-18,2011-02-22,3,Long,72.0,False,-242.83,-242.83,-104.0,False,0.0,False
2011-02-22,2011-02-23,0,Overnight,0.0,False,4.72,4.72,113.01,False,0.0,False
2011-02-23,2011-02-24,0,Overnight,0.0,False,40.78,40.78,-33.19,False,0.0,False
2011-02-24,2011-02-25,0,Overnight,0.0,False,69.17,69.17,83.64,False,0.0,False
2011-02-25,2011-02-28,2,Weekend,48.0,False,88.08,88.08,55.93,False,0.0,False
2011-02-28,2011-03-01,0,Overnight,0.0,False,63.78,63.78,-174.81,False,0.0,False
2011-03-01,2011-03-02,0,Overnight,0.0,False,18.59,18.59,61.53,False,0.0,False
2011-03-02,2011-03-03,0,Overnight,0.0,False,142.96,142.96,66.13,False,0.0,False
2011-03-03,2011-03-04,0,Overnight,0.0,False,14.17,14.17,-1.94,False,0.0,False
2011-03-04,2011-03-07,2,Weekend,48.0,False,38.81,38.81,-168.54,False,0.0,False
2011-03-07,2011-03-08,0,Overnight,0.0,False,-12.67,-12.67,23.92,False,0.0,False
2011-03-08,2011-03-09,0,Overnight,0.0,False,-30.12,-30.12,-62.79,False,0.0,False
2011-03-09,2011-03-10,0,Overnight,0.0,False,-95.5,-95.5,-70.42,False,0.0,False
2011-03-10,2011-03-11,0,Overnight,0.0,False,-38.73,-38.73,191.02,False,0.0,False
2011-03-11,2011-03-14,2,Weekend,47.0,False,33.75,33.75,10.75,False,0.0,False
2011-03-14,2011-03-15,0,Overnight,0.0,False,-329.5,-329.5,96.87,False,0.0,False
2011-03-15,2011-03-16,0,Overnight,0.0,False,-99.79,-99.79,-356.88,False,0.0,False
2011-03-16,2011-03-17,0,Overnight,0.0,False,204.55,204.55,-65.23,False,0.0,False
2011-03-17,2011-03-18,0,Overnight,0.0,False,74.13,74.13,-193.48,False,0.0,False
2011-03-18,2011-03-21,2,Weekend,48.0,False,159.6,159.6,98.03,False,0.0,False
2011-03-21,2011-03-22,0,Overnight,0.0,False,95.62,95.62,-39.78,False,0.0,False
2011-03-22,2011-03-23,0,Overnight,0.0,False,-56.43,-56.43,-2.65,False,0.0,False
2011-03-23,2011-03-24,0,Overnight,0.0,False,78.12,78.12,90.85,False,0.0,False
2011-03-24,2011-03-25,0,Overnight,0.0,False,89.46,89.46,99.2,False,0.0,False
2011-03-25,2011-03-28,2,Weekend,48.0,False,45.69,45.69,-77.03,False,0.0,False
2011-03-28,2011-03-29,0,Overnight,0.0,False,-79.64,-79.64,94.47,False,0.0,False
2011-03-29,2011-03-30,0,Overnight,0.0,False,-9.12,-9.12,-57.49,False,0.0,False
2011-03-30,2011-03-31,0,Overnight,0.0,False,-65.32,-65.32,61.88,False,0.0,False
2011-03-31,2011-04-01,0,Overnight,0.0,False,74.33,74.33,-188.31,False,0.0,False
2011-04-01,2011-04-04,2,Weekend,48.0,False,-7.26,-7.26,-91.03,False,0.0,False
2011-04-04,2011-04-05,0,Overnight,0.0,False,-123.86,-123.86,56.22,False,0.0,False
2011-04-05,2011-04-06,0,Overnight,0.0,False,68.52,68.52,-93.63,False,0.0,False
2011-04-06,2011-04-07,0,Overnight,0.0,False,1.77,1.77,-0.59,False,0.0,False
2011-04-07,2011-04-08,0,Overnight,0.0,False,54.28,54.28,-144.01,False,0.0,False
2011-04-08,2011-04-11,2,Weekend,48.0,False,-29.89,-29.89,-98.07,False,0.0,False
2011-04-11,2011-04-12,0,Overnight,0.0,False,-9.38,-9.38,57.63,False,0.0,False
2011-04-12,2011-04-13,0,Overnight,0.0,False,78.51,78.51,33.08,False,0.0,False
2011-04-13,2011-04-14,0,Overnight,0.0,False,-39.65,-39.65,-71.34,False,0.0,False
2011-04-14,2011-04-15,0,Overnight,0.0,False,26.44,26.44,-176.77,False,0.0,False
2011-04-15,2011-04-18,2,Weekend,48.0,False,-41.62,-41.62,174.79,False,0.0,False
2011-04-18,2011-04-19,0,Overnight,0.0,False,37.6,37.6,141.89,False,0.0,False
2011-04-19,2011-04-20,0,Overnight,0.0,False,165.85,165.85,-32.07,False,0.0,False
2011-04-20,2011-04-21,0,Overnight,0.0,False,361.09,361.09,-121.87,False,0.0,False
2011-04-21,2011-04-25,3,Long,72.0,False,-10.27,-10.27,75.92,False,0.0,False
2011-04-25,2011-04-26,0,Overnight,0.0,False,17.27,17.27,-90.9,False,0.0,False
2011-04-26,2011-04-27,0,Overnight,0.0,False,51.8,51.8,-59.51,False,0.0,False
2011-04-27,2011-04-28,0,Overnight,0.0,False,-113.74,-113.74,16.16,False,0.0,False
2011-04-28,2011-04-29,0,Overnight,0.0,False,0.86,0.86,96.14,False,0.0,False
2011-04-29,2011-05-02,2,Weekend,48.0,False,-11.15,-11.15,-99.42,False,0.0,False
2011-05-02,2011-05-03,0,Overnight,0.0,False,49.26,49.26,6.03,False,0.0,False
2011-05-03,2011-05-04,0,Overnight,0.0,False,1.72,1.72,37.55,False,0.0,False
2011-05-04,2011-05-05,0,Overnight,0.0,False,-33.53,-33.53,-47.47,False,0.0,False
2011-05-05,2011-05-06,0,Overnight,0.0,False,84.43,84.43,-87.03,False,0.0,False
2011-05-06,2011-05-09,2,Weekend,48.0,False,34.56,34.56,-7.48,False,0.0,False
2011-05-09,2011-05-10,0,Overnight,0.0,False,37.04,37.04,16.04,False,0.0,False
2011-05-10,2011-05-11,0,Overnight,0.0,False,-12.31,-12.31,-51.42,False,0.0,False
2011-05-11,2011-05-12,0,Overnight,0.0,False,-32.02,-32.02,12.99,False,0.0,False
2011-05-12,2011-05-13,0,Overnight,0.0,False,-26.29,-26.29,-150.41,False,0.0,False
2011-05-13,2011-05-16,2,Weekend,48.0,False,-38.25,-38.25,-175.47,False,0.0,False
2011-05-16,2011-05-17,0,Overnight,0.0,False,-39.08,-39.08,123.93,False,0.0,False
2011-05-17,2011-05-18,0,Overnight,0.0,False,9.81,9.81,100.54,False,0.0,False
2011-05-18,2011-05-19,0,Overnight,0.0,False,64.81,64.81,-45.41,False,0.0,False
2011-05-19,2011-05-20,0,Overnight,0.0,False,-28.53,-28.53,-128.64,False,0.0,False
2011-05-20,2011-05-23,2,Weekend,48.0,False,-157.85,-157.85,133.36,False,0.0,False
2011-05-23,2011-05-24,0,Overnight,0.0,False,32.84,32.84,-99.15,False,0.0,False
2011-05-24,2011-05-25,0,Overnight,0.0,False,37.26,37.26,99.97,False,0.0,False
2011-05-25,2011-05-26,0,Overnight,0.0,False,-24.08,-24.08,-28.91,False,0.0,False
2011-05-26,2011-05-27,0,Overnight,0.0,False,-5.97,-5.97,77.65,False,0.0,False
2011-05-27,2011-05-31,3,Long,72.0,False,108.77,108.77,195.38,False,0.0,False
2011-05-31,2011-06-01,0,Overnight,0.0,False,29.86,29.86,-96.78,False,0.0,False
2011-06-01,2011-06-02,0,Overnight,0.0,False,28.61,28.61,-11.55,False,0.0,False
2011-06-02,2011-06-03,0,Overnight,0.0,False,-84.73,-84.73,7.57,False,0.0,False
2011-06-03,2011-06-06,2,Weekend,48.0,False,65.59,65.59,-224.07,False,0.0,False
2011-06-06,2011-06-07,0,Overnight,0.0,False,3.85,3.85,-182.93,False,0.0,False
2011-06-07,2011-06-08,0,Overnight,0.0,False,-7.83,-7.83,13.85,False,0.0,False
2011-06-08,2011-06-09,0,Overnight,0.0,False,30.35,30.35,-52.95,False,0.0,False
2011-06-09,2011-06-10,0,Overnight,0.0,False,-28.4,-28.4,-141.67,False,0.0,False
2011-06-10,2011-06-13,2,Weekend,48.0,False,39.81,39.81,-18.35,False,0.0,False
2011-06-13,2011-06-14,0,Overnight,0.0,False,103.56,103.56,73.67,False,0.0,False
2011-06-14,2011-06-15,0,Overnight,0.0,False,-81.25,-81.25,-91.39,False,0.0,False
2011-06-15,2011-06-16,0,Overnight,0.0,False,4.59,4.59,-53.37,False,0.0,False
2011-06-16,2011-06-17,0,Overnight,0.0,False,117.1,117.1,-268.94,False,0.0,False
2011-06-17,2011-06-20,2,Weekend,48.0,False,-90.96,-90.96,-64.49,False,0.0,False
2011-06-20,2011-06-21,0,Overnight,0.0,False,43.04,43.04,268.56,False,0.0,False
2011-06-21,2011-06-22,0,Overnight,0.0,False,-4.3,-4.3,-78.73,False,0.0,False
2011-06-22,2011-06-23,0,Overnight,0.0,False,-114.41,-114.41,378.1,False,0.0,False
2011-06-23,2011-06-24,0,Overnight,0.0,False,4.23,4.23,-152.65,False,0.0,False
2011-06-24,2011-06-27,2,Weekend,48.0,False,37.92,37.92,134.93,False,0.0,False
2011-06-27,2011-06-28,0,Overnight,0.0,False,48.37,48.37,48.14,False,0.0,False
2011-06-28,2011-06-29,0,Overnight,0.0,False,23.24,23.24,-59.69,False,0.0,False
2011-06-29,2011-06-30,0,Overnight,0.0,False,19.74,19.74,28.94,False,0.0,False
2011-06-30,2011-07-01,0,Overnight,0.0,False,8.34,8.34,215.26,False,0.0,False
2011-07-01,2011-07-05,3,Long,72.0,False,-7.58,-7.58,185.73,False,0.0,False
2011-07-05,2011-07-06,0,Overnight,0.0,False,-13.75,-13.75,80.2,False,0.0,False
2011-07-06,2011-07-07,0,Overnight,0.0,False,82.39,82.39,71.08,False,0.0,False
2011-07-07,2011-07-08,0,Overnight,0.0,False,-108.65,-108.65,178.67,False,0.0,False
2011-07-08,2011-07-11,2,Weekend,48.0,False,-94.13,-94.13,-65.88,False,0.0,False
2011-07-11,2011-07-12,0,Overnight,0.0,False,-13.29,-13.29,6.22,False,0.0,False
2011-07-12,2011-07-13,0,Overnight,0.0,False,128.64,128.64,-8.65,False,0.0,False
2011-07-13,2011-07-14,0,Overnight,0.0,False,83.17,83.17,-90.15,False,0.0,False
2011-07-14,2011-07-15,0,Overnight,0.0,False,94.58,94.58,103.29,False,0.0,False
2011-07-15,2011-07-18,2,Weekend,48.0,False,13.97,13.97,226.46,False,0.0,False
2011-07-18,2011-07-19,0,Overnight,0.0,False,111.73,111.73,-30.47,False,0.0,False
2011-07-19,2011-07-20,0,Overnight,0.0,False,498.7,498.7,-235.51,False,0.0,False
2011-07-20,2011-07-21,0,Overnight,0.0,False,1.29,1.29,8.78,False,0.0,False
2011-07-21,2011-07-22,0,Overnight,0.0,False,26.56,26.56,127.43,False,0.0,False
2011-07-22,2011-07-25,2,Weekend,48.0,False,-75.29,-75.29,206.64,False,0.0,False
2011-07-25,2011-07-26,0,Overnight,0.0,False,37.57,37.57,84.89,False,0.0,False
2011-07-26,2011-07-27,0,Overnight,0.0,False,-70.15,-70.15,-201.73,False,0.0,False
2011-07-27,2011-07-28,0,Overnight,0.0,False,-24.74,-24.74,5.11,False,0.0,False
2011-07-28,2011-07-29,0,Overnight,0.0,False,-107.25,-107.25,73.0,False,0.0,False
2011-07-29,2011-08-01,2,Weekend,48.0,False,185.22,185.22,-25.93,False,0.0,False
2011-08-01,2011-08-02,0,Overnight,0.0,False,22.66,22.66,-222.24,False,0.0,False
2011-08-02,2011-08-03,0,Overnight,0.0,False,53.08,53.08,40.58,False,0.0,False
2011-08-03,2011-08-04,0,Overnight,0.0,False,-80.82,-80.82,-314.07,False,0.0,False
2011-08-04,2011-08-05,0,Overnight,0.0,False,81.02,81.02,-180.89,False,0.0,False
2011-08-05,2011-08-08,2,Weekend,48.0,False,-324.52,-324.52,-237.25,False,0.0,False
2011-08-08,2011-08-09,0,Overnight,0.0,False,226.46,226.46,345.74,False,0.0,False
2011-08-09,2011-08-10,0,Overnight,0.0,False,-76.76,-76.76,-203.04,False,0.0,False
2011-08-10,2011-08-11,0,Overnight,0.0,False,186.06,186.06,85.46,False,0.0,False
2011-08-11,2011-08-12,0,Overnight,0.0,False,116.26,116.26,-28.61,False,0.0,False
2011-08-12,2011-08-15,2,Weekend,48.0,False,69.78,69.78,99.08,False,0.0,False
2011-08-15,2011-08-16,0,Overnight,0.0,False,-49.42,-49.42,-27.3,False,0.0,False
2011-08-16,2011-08-17,0,Overnight,0.0,False,47.98,47.98,-49.03,False,0.0,False
2011-08-17,2011-08-18,0,Overnight,0.0,False,-255.58,-255.58,-130.01,False,0.0,False
2011-08-18,2011-08-19,0,Overnight,0.0,False,-106.56,-106.56,-170.99,False,0.0,False
2011-08-19,2011-08-22,2,Weekend,48.0,False,235.39,235.39,-223.88,False,0.0,False
2011-08-22,2011-08-23,0,Overnight,0.0,False,107.71,107.71,362.49,False,0.0,False
2011-08-23,2011-08-24,0,Overnight,0.0,False,-3.48,-3.48,72.3,False,0.0,False
2011-08-24,2011-08-25,0,Overnight,0.0,False,-299.51,-299.51,233.9,False,0.0,False
2011-08-25,2011-08-26,0,Overnight,0.0,False,-68.47,-68.47,328.88,False,0.0,False
2011-08-26,2011-08-29,2,Weekend,48.0,False,119.21,119.21,46.01,False,0.0,False
2011-08-29,2011-08-30,0,Overnight,0.0,False,-44.2,-44.2,44.72,False,0.0,False
2011-08-30,2011-08-31,0,Overnight,0.0,False,14.86,14.86,-148.06,False,0.0,False
2011-08-31,2011-09-01,0,Overnight,0.0,False,25.69,25.69,-124.93,False,0.0,False
2011-09-01,2011-09-02,0,Overnight,0.0,False,-166.46,-166.46,-18.43,False,0.0,False
2011-09-02,2011-09-06,3,Long,72.0,False,-180.2,-180.2,331.17,False,0.0,False
2011-09-06,2011-09-07,0,Overnight,0.0,False,152.1,152.1,-42.37,False,0.0,False
2011-09-07,2011-09-08,0,Overnight,0.0,False,-39.93,-39.93,45.4,False,0.0,False
2011-09-08,2011-09-09,0,Overnight,0.0,False,-5.47,-5.47,-169.43,False,0.0,False
2011-09-09,2011-09-12,2,Weekend,48.0,False,-119.39,-119.39,184.35,False,0.0,False
2011-09-12,2011-09-13,0,Overnight,0.0,False,57.74,57.74,64.69,False,0.0,False
2011-09-13,2011-09-14,0,Overnight,0.0,False,62.21,62.21,58.74,False,0.0,False
2011-09-14,2011-09-15,0,Overnight,0.0,False,54.56,54.56,39.01,False,0.0,False
2011-09-15,2011-09-16,0,Overnight,0.0,False,65.44,65.44,124.62,False,0.0,False
2011-09-16,2011-09-19,2,Weekend,48.0,False,-87.77,-87.77,361.89,False,0.0,False
2011-09-19,2011-09-20,0,Overnight,0.0,False,87.56,87.56,-43.44,False,0.0,False
2011-09-20,2011-09-21,0,Overnight,0.0,False,148.61,148.61,-180.34,False,0.0,False
2011-09-21,2011-09-22,0,Overnight,0.0,False,-273.27,-273.27,19.68,False,0.0,False
2011-09-22,2011-09-23,0,Overnight,0.0,False,-38.4,-38.4,99.93,False,0.0,False
2011-09-23,2011-09-26,2,Weekend,48.0,False,-110.43,-110.43,82.44,False,0.0,False
2011-09-26,2011-09-27,0,Overnight,0.0,False,136.96,136.96,-234.42,False,0.0,False
2011-09-27,2011-09-28,0,Overnight,0.0,False,23.27,23.27,-79.78,False,0.0,False
2011-09-28,2011-09-29,0,Overnight,0.0,False,122.92,122.92,-286.46,False,0.0,False
2011-09-29,2011-09-30,0,Overnight,0.0,False,-88.73,-88.73,-150.96,False,0.0,False
2011-09-30,2011-10-03,2,Weekend,48.0,False,-24.94,-24.94,-152.86,False,0.0,False
2011-10-03,2011-10-04,0,Overnight,0.0,False,-0.8,-0.8,-55.42,False,0.0,False
2011-10-04,2011-10-05,0,Overnight,0.0,False,-125.35,-125.35,278.53,False,0.0,False
2011-10-05,2011-10-06,0,Overnight,0.0,False,-130.93,-130.93,107.63,False,0.0,False
2011-10-06,2011-10-07,0,Overnight,0.0,False,-42.22,-42.22,-160.42,False,0.0,False
2011-10-07,2011-10-10,2,Weekend,48.0,False,248.11,248.11,253.17,False,0.0,False
2011-10-10,2011-10-11,0,Overnight,0.0,False,96.24,96.24,194.74,False,0.0,False
2011-10-11,2011-10-12,0,Overnight,0.0,False,174.59,174.59,-127.24,False,0.0,False
2011-10-12,2011-10-13,0,Overnight,0.0,False,69.13,69.13,84.83,False,0.0,False
2011-10-13,2011-10-14,0,Overnight,0.0,False,203.58,203.58,123.27,False,0.0,False
2011-10-14,2011-10-17,2,Weekend,48.0,False,-6.16,-6.16,-41.58,False,0.0,False
2011-10-17,2011-10-18,0,Overnight,0.0,False,42.06,42.06,11.37,False,0.0,False
2011-10-18,2011-10-19,0,Overnight,0.0,False,-507.4,-507.4,-68.25,False,0.0,False
2011-10-19,2011-10-20,0,Overnight,0.0,False,34.56,34.56,-117.94,False,0.0,False
2011-10-20,2011-10-21,0,Overnight,0.0,False,70.33,70.33,-132.24,False,0.0,False
2011-10-21,2011-10-24,2,Weekend,48.0,False,83.9,83.9,239.18,False,0.0,False
2011-10-24,2011-10-25,0,Overnight,0.0,False,-18.25,-18.25,-180.87,False,0.0,False
2011-10-25,2011-10-26,0,Overnight,0.0,False,99.81,99.81,-28.91,False,0.0,False
2011-10-26,2011-10-27,0,Overnight,0.0,False,172.25,172.25,-70.67,False,0.0,False
2011-10-27,2011-10-28,0,Overnight,0.0,False,-41.85,-41.85,48.27,False,0.0,False
2011-10-28,2011-10-31,2,Weekend,48.0,False,-62.67,-62.67,58.47,False,0.0,False
2011-10-31,2011-11-01,0,Overnight,0.0,False,-183.75,-183.75,-22.67,False,0.0,False
2011-11-01,2011-11-02,0,Overnight,0.0,False,89.88,89.88,-67.21,False,0.0,False
2011-11-02,2011-11-03,0,Overnight,0.0,False,41.68,41.68,99.73,False,0.0,False
2011-11-03,2011-11-04,0,Overnight,0.0,False,-25.84,-25.84,-44.62,False,0.0,False
2011-11-04,2011-11-07,2,Weekend,49.0,False,-8.25,-8.25,-4.5,False,0.0,False
2011-11-07,2011-11-08,0,Overnight,0.0,False,61.85,61.85,99.45,False,0.0,False
2011-11-08,2011-11-09,0,Overnight,0.0,False,-230.59,-230.59,-42.66,False,0.0,False
2011-11-09,2011-11-10,0,Overnight,0.0,False,44.17,44.17,-301.97,False,0.0,False
2011-11-10,2011-11-11,0,Overnight,0.0,False,36.02,36.02,-51.61,False,0.0,False
2011-11-11,2011-11-14,2,Weekend,48.0,False,-28.64,-28.64,-111.7,False,0.0,False
2011-11-14,2011-11-15,0,Overnight,0.0,False,40.52,40.52,208.68,False,0.0,False
2011-11-15,2011-11-16,0,Overnight,0.0,False,10.8,10.8,-115.76,False,0.0,False
2011-11-16,2011-11-17,0,Overnight,0.0,False,-20.55,-20.55,-172.58,False,0.0,False
2011-11-17,2011-11-18,0,Overnight,0.0,False,39.93,39.93,-105.59,False,0.0,False
2011-11-18,2011-11-21,2,Weekend,48.0,False,-121.83,-121.83,-37.6,False,0.0,False
2011-11-21,2011-11-22,0,Overnight,0.0,False,54.32,54.32,146.89,False,0.0,False
2011-11-22,2011-11-23,0,Overnight,0.0,False,-53.26,-53.26,-202.84,False,0.0,False
2011-11-23,2011-11-25,1,Short,24.0,False,38.89,38.89,-132.52,False,0.0,False
2011-11-25,2011-11-28,2,Weekend,48.0,True,238.62,238.62,100.74,False,0.0,False
2011-11-28,2011-11-29,0,Overnight,0.0,False,-7.45,-7.45,-70.49,False,0.0,False
2011-11-29,2011-11-30,0,Overnight,0.0,False,214.46,214.46,23.84,False,0.0,False
2011-11-30,2011-12-01,0,Overnight,0.0,False,8.89,8.89,139.92,False,0.0,False
2011-12-01,2011-12-02,0,Overnight,0.0,False,48.86,48.86,-3.34,False,0.0,False
2011-12-02,2011-12-05,2,Weekend,48.0,False,96.78,96.78,-12.21,False,0.0,False
2011-12-05,2011-12-06,0,Overnight,0.0,False,-12.73,-12.73,-39.82,False,0.0,False
2011-12-06,2011-12-07,0,Overnight,0.0,False,-26.12,-26.12,-21.57,False,0.0,False
2011-12-07,2011-12-08,0,Overnight,0.0,False,60.47,60.47,-20.2,False,0.0,False
2011-12-08,2011-12-09,0,Overnight,0.0,False,55.9,55.9,19.58,False,0.0,False
2011-12-09,2011-12-12,2,Weekend,48.0,False,-49.41,-49.41,4.08,False,0.0,False
2011-12-12,2011-12-13,0,Overnight,0.0,False,29.56,29.56,-107.19,False,0.0,False
2011-12-13,2011-12-14,0,Overnight,0.0,False,-54.42,-54.42,-169.78,False,0.0,False
2011-12-14,2011-12-15,0,Overnight,0.0,False,82.25,82.25,-115.18,False,0.0,False
2011-12-15,2011-12-16,0,Overnight,0.0,False,37.4,37.4,17.34,False,0.0,False
2011-12-16,2011-12-19,2,Weekend,48.0,False,37.98,37.98,-6.8,False,0.0,False
2011-12-19,2011-12-20,0,Overnight,0.0,False,144.16,144.16,209.01,False,0.0,False
2011-12-20,2011-12-21,0,Overnight,0.0,False,18.67,18.67,-6.05,False,0.0,False
2011-12-21,2011-12-22,0,Overnight,0.0,False,13.86,13.86,38.97,False,0.0,False
2011-12-22,2011-12-23,0,Overnight,0.0,False,28.56,28.56,90.66,False,0.0,False
2011-12-23,2011-12-27,3,Long,72.0,False,-5.7,-5.7,84.73,False,0.0,False
2011-12-27,2011-12-28,0,Overnight,0.0,False,8.85,8.85,-105.0,False,0.0,False
2011-12-28,2011-12-29,0,Overnight,0.0,False,18.86,18.86,42.55,False,0.0,False
2011-12-29,2011-12-30,0,Overnight,0.0,False,-39.82,-39.82,36.86,False,0.0,False
2011-12-30,2012-01-03,3,Long,72.0,False,108.06,108.06,44.6,False,0.0,False
2012-01-03,2012-01-04,0,Overnight,0.0,False,-29.96,-29.96,83.55,False,0.0,False
2012-01-04,2012-01-05,0,Overnight,0.0,False,36.46,36.46,73.95,False,0.0,False
2012-01-05,2012-01-06,0,Overnight,0.0,False,41.54,41.54,62.46,False,0.0,False
2012-01-06,2012-01-09,2,Weekend,48.0,False,73.12,73.12,-89.0,False,0.0,False
2012-01-09,2012-01-10,0,Overnight,0.0,False,98.63,98.63,-62.89,False,0.0,False
2012-01-10,2012-01-11,0,Overnight,0.0,False,-13.24,-13.24,-3.08,False,0.0,False
2012-01-11,2012-01-12,0,Overnight,0.0,False,-6.39,-6.39,-21.1,False,0.0,False
2012-01-12,2012-01-13,0,Overnight,0.0,False,-40.19,-40.19,2.62,False,0.0,False
2012-01-13,2012-01-17,3,Long,72.0,False,104.03,104.03,11.78,False,0.0,False
2012-01-17,2012-01-18,0,Overnight,0.0,False,53.07,53.07,50.23,False,0.0,False
2012-01-18,2012-01-19,0,Overnight,0.0,False,24.21,24.21,-55.95,False,0.0,False
2012-01-19,2012-01-20,0,Overnight,0.0,False,-6.08,-6.08,-169.62,False,0.0,False
2012-01-20,2012-01-23,2,Weekend,48.0,False,56.23,56.23,111.52,False,0.0,False
2012-01-23,2012-01-24,0,Overnight,0.0,False,-54.19,-54.19,-110.94,False,0.0,False
2012-01-24,2012-01-25,0,Overnight,0.0,False,778.35,778.35,-172.68,False,0.0,False
2012-01-25,2012-01-26,0,Overnight,0.0,False,37.99,37.99,-83.54,False,0.0,False
2012-01-26,2012-01-27,0,Overnight,0.0,False,-6.52,-6.52,65.95,False,0.0,False
2012-01-27,2012-01-30,2,Weekend,48.0,False,-35.16,-35.16,162.46,False,0.0,False
2012-01-30,2012-01-31,0,Overnight,0.0,False,56.79,56.79,19.52,False,0.0,False
2012-01-31,2012-02-01,0,Overnight,0.0,False,42.19,42.19,-48.55,False,0.0,False
2012-02-01,2012-02-02,0,Overnight,0.0,False,-6.36,-6.36,-17.12,False,0.0,False
2012-02-02,2012-02-03,0,Overnight,0.0,False,47.79,47.79,51.91,False,0.0,False
2012-02-03,2012-02-06,2,Weekend,48.0,False,-28.32,-28.32,121.21,False,0.0,False
2012-02-06,2012-02-07,0,Overnight,0.0,False,27.55,27.55,76.65,False,0.0,False
2012-02-07,2012-02-08,0,Overnight,0.0,False,35.56,35.56,130.49,False,0.0,False
2012-02-08,2012-02-09,0,Overnight,0.0,False,85.23,85.23,254.86,False,0.0,False
2012-02-09,2012-02-10,0,Overnight,0.0,False,-44.91,-44.91,49.98,False,0.0,False
2012-02-10,2012-02-13,2,Weekend,48.0,False,123.07,123.07,61.27,False,0.0,False
2012-02-13,2012-02-14,0,Overnight,0.0,False,40.9,40.9,94.66,False,0.0,False
2012-02-14,2012-02-15,0,Overnight,0.0,False,93.78,93.78,-327.92,False,0.0,False
2012-02-15,2012-02-16,0,Overnight,0.0,False,-124.75,-124.75,215.56,False,0.0,False
2012-02-16,2012-02-17,0,Overnight,0.0,False,17.9,17.9,-19.7,False,0.0,False
2012-02-17,2012-02-21,3,Long,72.0,False,94.35,94.35,156.01,False,0.0,False
2012-02-21,2012-02-22,0,Overnight,0.0,False,-34.44,-34.44,-0.78,False,0.0,False
2012-02-22,2012-02-23,0,Overnight,0.0,False,39.68,39.68,25.4,False,0.0,False
2012-02-23,2012-02-24,0,Overnight,0.0,False,63.32,63.32,52.59,False,0.0,False
2012-02-24,2012-02-27,2,Weekend,48.0,False,-21.08,-21.08,85.0,False,0.0,False
2012-02-27,2012-02-28,0,Overnight,0.0,False,41.76,41.76,140.12,False,0.0,False
2012-02-28,2012-02-29,0,Overnight,0.0,False,114.21,114.21,16.24,False,0.0,False
2012-02-29,2012-03-01,0,Overnight,0.0,False,105.08,105.08,-67.73,False,0.0,False
2012-03-01,2012-03-02,0,Overnight,0.0,False,-4.22,-4.22,17.26,False,0.0,False
2012-03-02,2012-03-05,2,Weekend,48.0,False,4.4,4.4,-227.35,False,0.0,False
2012-03-05,2012-03-06,0,Overnight,0.0,False,-179.79,-179.79,125.25,False,0.0,False
2012-03-06,2012-03-07,0,Overnight,0.0,False,122.58,122.58,-114.48,False,0.0,False
2012-03-07,2012-03-08,0,Overnight,0.0,False,75.09,75.09,135.61,False,0.0,False
2012-03-08,2012-03-09,0,Overnight,0.0,False,40.88,40.88,17.63,False,0.0,False
2012-03-09,2012-03-12,2,Weekend,47.0,False,69.64,69.64,54.86,False,0.0,False
2012-03-12,2012-03-13,0,Overnight,0.0,False,99.86,99.86,187.63,False,0.0,False
2012-03-13,2012-03-14,0,Overnight,0.0,False,173.63,173.63,197.5,False,0.0,False
2012-03-14,2012-03-15,0,Overnight,0.0,False,168.69,168.69,-237.11,False,0.0,False
2012-03-15,2012-03-16,0,Overnight,0.0,False,-14.36,-14.36,14.53,False,0.0,False
2012-03-16,2012-03-19,2,Weekend,48.0,False,216.24,216.24,45.52,False,0.0,False
2012-03-19,2012-03-20,0,Overnight,0.0,False,-26.49,-26.49,107.01,False,0.0,False
2012-03-20,2012-03-21,0,Overnight,0.0,False,-53.28,-53.28,-3.98,False,0.0,False
2012-03-21,2012-03-22,0,Overnight,0.0,False,-78.65,-78.65,26.06,False,0.0,False
2012-03-22,2012-03-23,0,Overnight,0.0,False,19.17,19.17,-74.21,False,0.0,False
2012-03-23,2012-03-26,2,Weekend,48.0,False,62.55,62.55,119.16,False,0.0,False
2012-03-26,2012-03-27,0,Overnight,0.0,False,-13.19,-13.19,135.99,False,0.0,False
2012-03-27,2012-03-28,0,Overnight,0.0,False,63.27,63.27,-12.3,False,0.0,False
2012-03-28,2012-03-29,0,Overnight,0.0,False,-78.67,-78.67,-47.77,False,0.0,False
2012-03-29,2012-03-30,0,Overnight,0.0,False,-17.89,-17.89,-152.61,False,0.0,False
2012-03-30,2012-04-02,2,Weekend,48.0,False,37.96,37.96,275.32,False,0.0,False
2012-04-02,2012-04-03,0,Overnight,0.0,False,139.17,139.17,32.15,False,0.0,False
2012-04-03,2012-04-04,0,Overnight,0.0,False,-79.29,-79.29,-0.64,False,0.0,False
2012-04-04,2012-04-05,0,Overnight,0.0,False,42.68,42.68,106.3,False,0.0,False
2012-04-05,2012-04-09,3,Long,72.0,False,-119.86,-119.86,160.02,False,0.0,False
2012-04-09,2012-04-10,0,Overnight,0.0,False,57.99,57.99,-181.18,False,0.0,False
2012-04-10,2012-04-11,0,Overnight,0.0,False,122.72,122.72,-158.43,False,0.0,False
2012-04-11,2012-04-12,0,Overnight,0.0,False,-19.18,-19.18,-35.74,False,0.0,False
2012-04-12,2012-04-13,0,Overnight,0.0,False,21.49,21.49,-307.18,False,0.0,False
2012-04-13,2012-04-16,2,Weekend,48.0,False,79.49,79.49,-503.05,False,0.0,False
2012-04-16,2012-04-17,0,Overnight,0.0,False,-20.53,-20.53,517.68,False,0.0,False
2012-04-17,2012-04-18,0,Overnight,0.0,False,65.72,65.72,-88.05,False,0.0,False
2012-04-18,2012-04-19,0,Overnight,0.0,False,-134.38,-134.38,-215.22,False,0.0,False
2012-04-19,2012-04-20,0,Overnight,0.0,False,66.85,66.85,-316.08,False,0.0,False
2012-04-20,2012-04-23,2,Weekend,48.0,False,-41.45,-41.45,19.08,False,0.0,False
2012-04-23,2012-04-24,0,Overnight,0.0,False,-160.28,-160.28,-41.5,False,0.0,False
2012-04-24,2012-04-25,0,Overnight,0.0,False,942.26,942.26,-92.03,False,0.0,False
2012-04-25,2012-04-26,0,Overnight,0.0,False,69.76,69.76,-107.53,False,0.0,False
2012-04-26,2012-04-27,0,Overnight,0.0,False,-43.37,-43.37,-34.27,False,0.0,False
2012-04-27,2012-04-30,2,Weekend,48.0,False,-86.61,-86.61,-233.9,False,0.0,False
2012-04-30,2012-05-01,0,Overnight,0.0,False,15.74,15.74,-47.47,False,0.0,False
2012-05-01,2012-05-02,0,Overnight,0.0,False,-32.52,-32.52,98.44,False,0.0,False
2012-05-02,2012-05-03,0,Overnight,0.0,False,76.84,76.84,-148.09,False,0.0,False
2012-05-03,2012-05-04,0,Overnight,0.0,False,-81.8,-81.8,-207.13,False,0.0,False
2012-05-04,2012-05-07,2,Weekend,48.0,False,-66.56,-66.56,141.12,False,0.0,False
2012-05-07,2012-05-08,0,Overnight,0.0,False,1.76,1.76,-24.61,False,0.0,False
2012-05-08,2012-05-09,0,Overnight,0.0,False,-79.16,-79.16,96.74,False,0.0,False
2012-05-09,2012-05-10,0,Overnight,0.0,False,94.43,94.43,-70.91,False,0.0,False
2012-05-10,2012-05-11,0,Overnight,0.0,False,-97.22,-97.22,30.22,False,0.0,False
2012-05-11,2012-05-14,2,Weekend,48.0,False,-73.32,-73.32,-77.62,False,0.0,False
2012-05-14,2012-05-15,0,Overnight,0.0,False,57.7,57.7,-148.57,False,0.0,False
2012-05-15,2012-05-16,0,Overnight,0.0,False,15.9,15.9,-144.89,False,0.0,False
2012-05-16,2012-05-17,0,Overnight,0.0,False,-14.11,-14.11,-282.51,False,0.0,False
2012-05-17,2012-05-18,0,Overnight,0.0,False,72.17,72.17,-67.27,False,0.0,False
2012-05-18,2012-05-21,2,Weekend,48.0,False,77.38,77.38,488.88,False,0.0,False
2012-05-21,2012-05-22,0,Overnight,0.0,False,146.27,146.27,-223.35,False,0.0,False
2012-05-22,2012-05-23,0,Overnight,0.0,False,9.51,9.51,231.56,False,0.0,False
2012-05-23,2012-05-24,0,Overnight,0.0,False,92.64,92.64,-184.9,False,0.0,False
2012-05-24,2012-05-25,0,Overnight,0.0,False,-12.92,-12.92,-40.82,False,0.0,False
2012-05-25,2012-05-29,3,Long,72.0,False,151.96,151.96,23.97,False,0.0,False
2012-05-29,2012-05-30,0,Overnight,0.0,False,-53.79,-53.79,173.64,False,0.0,False
2012-05-30,2012-05-31,0,Overnight,0.0,False,27.07,27.07,-51.96,False,0.0,False
2012-05-31,2012-06-01,0,Overnight,0.0,False,-149.45,-149.45,-144.59,False,0.0,False
2012-06-01,2012-06-04,2,Weekend,48.0,False,9.09,9.09,49.56,False,0.0,False
2012-06-04,2012-06-05,0,Overnight,0.0,False,-53.66,-53.66,27.75,False,0.0,False
2012-06-05,2012-06-06,0,Overnight,0.0,False,87.39,87.39,64.78,False,0.0,False
2012-06-06,2012-06-07,0,Overnight,0.0,False,101.5,101.5,-96.95,False,0.0,False
2012-06-07,2012-06-08,0,Overnight,0.0,False,-2.1,-2.1,151.4,False,0.0,False
2012-06-08,2012-06-11,2,Weekend,48.0,False,126.71,126.71,-285.64,False,0.0,False
2012-06-11,2012-06-12,0,Overnight,0.0,False,57.44,57.44,29.55,False,0.0,False
2012-06-12,2012-06-13,0,Overnight,0.0,False,-28.5,-28.5,-41.16,False,0.0,False
2012-06-13,2012-06-14,0,Overnight,0.0,False,-16.09,-16.09,5.08,False,0.0,False
2012-06-14,2012-06-15,0,Overnight,0.0,False,-9.28,-9.28,54.67,False,0.0,False
2012-06-15,2012-06-18,2,Weekend,48.0,False,-55.37,-55.37,256.25,False,0.0,False
2012-06-18,2012-06-19,0,Overnight,0.0,False,-40.71,-40.71,68.5,False,0.0,False
2012-06-19,2012-06-20,0,Overnight,0.0,False,13.61,13.61,-42.08,False,0.0,False
2012-06-20,2012-06-21,0,Overnight,0.0,False,-5.12,-5.12,-133.61,False,0.0,False
2012-06-21,2012-06-22,0,Overnight,0.0,False,23.69,23.69,52.71,False,0.0,False
2012-06-22,2012-06-25,2,Weekend,48.0,False,-82.8,-82.8,-113.76,False,0.0,False
2012-06-25,2012-06-26,0,Overnight,0.0,False,9.81,9.81,12.25,False,0.0,False
2012-06-26,2012-06-27,0,Overnight,0.0,False,51.78,51.78,-8.7,False,0.0,False
2012-06-27,2012-06-28,0,Overnight,0.0,False,-49.38,-49.38,-45.94,False,0.0,False
2012-06-28,2012-06-29,0,Overnight,0.0,False,156.06,156.06,103.27,False,0.0,False
2012-06-29,2012-07-02,2,Weekend,48.0,False,12.49,12.49,132.34,False,0.0,False
2012-07-02,2012-07-03,0,Overnight,0.0,False,39.75,39.75,75.86,False,0.0,False
2012-07-03,2012-07-05,1,Short,24.0,True,19.17,19.17,154.98,False,0.0,False
2012-07-05,2012-07-06,0,Overnight,0.0,False,-46.84,-46.84,-19.95,False,0.0,False
2012-07-06,2012-07-09,2,Weekend,48.0,False,-9.58,-9.58,140.92,False,0.0,False
2012-07-09,2012-07-10,0,Overnight,0.0,False,66.24,66.24,-159.2,False,0.0,False
2012-07-10,2012-07-11,0,Overnight,0.0,False,-34.42,-34.42,-27.92,False,0.0,False
2012-07-11,2012-07-12,0,Overnight,0.0,False,-69.56,-69.56,-22.35,False,0.0,False
2012-07-12,2012-07-13,0,Overnight,0.0,False,67.4,67.4,33.45,False,0.0,False
2012-07-13,2012-07-16,2,Weekend,48.0,False,2.48,2.48,29.54,False,0.0,False
2012-07-16,2012-07-17,0,Overnight,0.0,False,63.73,63.73,-63.23,False,0.0,False
2012-07-17,2012-07-18,0,Overnight,0.0,False,-5.77,-5.77,-5.44,False,0.0,False
2012-07-18,2012-07-19,0,Overnight,0.0,False,82.46,82.46,49.61,False,0.0,False
2012-07-19,2012-07-20,0,Overnight,0.0,False,-21.02,-21.02,-143.43,False,0.0,False
2012-07-20,2012-07-23,2,Weekend,48.0,False,-165.18,-165.18,157.4,False,0.0,False
2012-07-23,2012-07-24,0,Overnight,0.0,False,58.62,58.62,-106.93,False,0.0,False
2012-07-24,2012-07-25,0,Overnight,0.0,False,-450.31,-450.31,8.87,False,0.0,False
2012-07-25,2012-07-26,0,Overnight,0.0,False,82.96,82.96,-84.53,False,0.0,False
2012-07-26,2012-07-27,0,Overnight,0.0,False,2.26,2.26,174.98,False,0.0,False
2012-07-27,2012-07-30,2,Weekend,48.0,False,97.95,97.95,69.31,False,0.0,False
2012-07-30,2012-07-31,0,Overnight,0.0,False,136.87,136.87,124.06,False,0.0,False
2012-07-31,2012-08-01,0,Overnight,0.0,False,83.97,83.97,-148.85,False,0.0,False
2012-08-01,2012-08-02,0,Overnight,0.0,False,-65.64,-65.64,81.78,False,0.0,False
2012-08-02,2012-08-03,0,Overnight,0.0,False,95.63,95.63,33.68,False,0.0,False
2012-08-03,2012-08-06,2,Weekend,48.0,False,25.79,25.79,84.85,False,0.0,False
2012-08-06,2012-08-07,0,Overnight,0.0,False,3.53,3.53,-29.91,False,0.0,False
2012-08-07,2012-08-08,0,Overnight,0.0,False,-24.51,-24.51,7.59,False,0.0,False
2012-08-08,2012-08-09,0,Overnight,0.0,False,-32.48,10.32,46.5,True,42.75,False
2012-08-09,2012-08-10,0,Overnight,0.0,False,-32.6,-32.6,48.21,False,0.0,False
2012-08-10,2012-08-13,2,Weekend,48.0,False,27.15,27.15,105.47,False,0.0,False
2012-08-13,2012-08-14,0,Overnight,0.0,False,29.64,29.64,-2.85,False,0.0,False
2012-08-14,2012-08-15,0,Overnight,0.0,False,-6.18,-6.18,-7.45,False,0.0,False
2012-08-15,2012-08-16,0,Overnight,0.0,False,6.02,6.02,80.94,False,0.0,False
2012-08-16,2012-08-17,0,Overnight,0.0,False,57.35,57.35,125.92,False,0.0,False
2012-08-17,2012-08-20,2,Weekend,48.0,False,29.27,29.27,230.25,False,0.0,False
2012-08-20,2012-08-21,0,Overnight,0.0,False,84.88,84.88,-222.49,False,0.0,False
2012-08-21,2012-08-22,0,Overnight,0.0,False,-25.03,-25.03,218.4,False,0.0,False
2012-08-22,2012-08-23,0,Overnight,0.0,False,-41.35,-41.35,-52.38,False,0.0,False
2012-08-23,2012-08-24,0,Overnight,0.0,False,-47.2,-47.2,56.1,False,0.0,False
2012-08-24,2012-08-27,2,Weekend,48.0,False,249.71,249.71,-63.58,False,0.0,False
2012-08-27,2012-08-28,0,Overnight,0.0,False,-10.37,-10.37,-2.67,False,0.0,False
2012-08-28,2012-08-29,0,Overnight,0.0,False,6.67,6.67,-26.4,False,0.0,False
2012-08-29,2012-08-30,0,Overnight,0.0,False,-42.11,-42.11,-101.46,False,0.0,False
2012-08-30,2012-08-31,0,Overnight,0.0,False,50.78,50.78,-30.17,False,0.0,False
2012-08-31,2012-09-04,3,Long,72.0,False,7.81,7.81,137.39,False,0.0,False
2012-09-04,2012-09-05,0,Overnight,0.0,False,8.89,8.89,-79.36,False,0.0,False
2012-09-05,2012-09-06,0,Overnight,0.0,False,43.77,43.77,45.94,False,0.0,False
2012-09-06,2012-09-07,0,Overnight,0.0,False,26.29,26.29,35.19,False,0.0,False
2012-09-07,2012-09-10,2,Weekend,48.0,False,0.15,0.15,-263.72,False,0.0,False
2012-09-10,2012-09-11,0,Overnight,0.0,False,35.7,35.7,-68.19,False,0.0,False
2012-09-11,2012-09-12,0,Overnight,0.0,False,94.32,94.32,43.99,False,0.0,False
2012-09-12,2012-09-13,0,Overnight,0.0,False,112.53,112.53,82.48,False,0.0,False
2012-09-13,2012-09-14,0,Overnight,0.0,False,101.68,101.68,19.11,False,0.0,False
2012-09-14,2012-09-17,2,Weekend,48.0,False,116.06,116.06,6.15,False,0.0,False
2012-09-17,2012-09-18,0,Overnight,0.0,False,1.43,1.43,28.96,False,0.0,False
2012-09-18,2012-09-19,0,Overnight,0.0,False,-23.53,-23.53,26.24,False,0.0,False
2012-09-19,2012-09-20,0,Overnight,0.0,False,-41.96,-41.96,-6.58,False,0.0,False
2012-09-20,2012-09-21,0,Overnight,0.0,False,52.96,52.96,-33.08,False,0.0,False
2012-09-21,2012-09-24,2,Weekend,48.0,False,-190.78,-190.78,57.05,False,0.0,False
2012-09-24,2012-09-25,0,Overnight,0.0,False,-36.69,-36.69,-216.19,False,0.0,False
2012-09-25,2012-09-26,0,Overnight,0.0,False,-71.52,-71.52,-53.38,False,0.0,False
2012-09-26,2012-09-27,0,Overnight,0.0,False,-13.39,-13.39,253.13,False,0.0,False
2012-09-27,2012-09-28,0,Overnight,0.0,False,-37.79,-37.79,-173.13,False,0.0,False
2012-09-28,2012-10-01,2,Weekend,48.0,False,60.68,60.68,-176.92,False,0.0,False
2012-10-01,2012-10-02,0,Overnight,0.0,False,36.63,36.63,-7.56,False,0.0,False
2012-10-02,2012-10-03,0,Overnight,0.0,False,53.54,53.54,98.63,False,0.0,False
2012-10-03,2012-10-04,0,Overnight,0.0,False,-2.98,-2.98,-66.51,False,0.0,False
2012-10-04,2012-10-05,0,Overnight,0.0,False,-24.02,-24.02,-191.39,False,0.0,False
2012-10-05,2012-10-08,2,Weekend,48.0,False,-87.88,-87.88,-135.56,False,0.0,False
2012-10-08,2012-10-09,0,Overnight,0.0,False,7.52,7.52,-43.94,False,0.0,False
2012-10-09,2012-10-10,0,Overnight,0.0,False,60.99,60.99,18.27,False,0.0,False
2012-10-10,2012-10-11,0,Overnight,0.0,False,86.84,86.84,-288.74,False,0.0,False
2012-10-11,2012-10-12,0,Overnight,0.0,False,23.22,23.22,2.38,False,0.0,False
2012-10-12,2012-10-15,2,Weekend,48.0,False,41.84,41.84,38.04,False,0.0,False
2012-10-15,2012-10-16,0,Overnight,0.0,False,9.61,9.61,224.42,False,0.0,False
2012-10-16,2012-10-17,0,Overnight,0.0,False,-14.17,-14.17,-65.87,False,0.0,False
2012-10-17,2012-10-18,0,Overnight,0.0,False,-78.18,-78.18,-109.26,False,0.0,False
2012-10-18,2012-10-19,0,Overnight,0.0,False,-25.16,-25.16,-341.88,False,0.0,False
2012-10-19,2012-10-22,2,Weekend,48.0,False,42.22,42.22,346.78,False,0.0,False
2012-10-22,2012-10-23,0,Overnight,0.0,False,-47.9,-47.9,-283.54,False,0.0,False
2012-10-23,2012-10-24,0,Overnight,0.0,False,130.87,130.87,-74.46,False,0.0,False
2012-10-24,2012-10-25,0,Overnight,0.0,False,51.26,51.26,-170.15,False,0.0,False
2012-10-25,2012-10-26,0,Overnight,0.0,False,-1.8,-1.8,-89.5,False,0.0,False
2012-10-26,2012-10-31,4,Long,96.0,False,-152.14,-152.14,7.39,False,0.0,False
2012-10-31,2012-11-01,0,Overnight,0.0,False,48.59,48.59,-28.12,False,0.0,False
2012-11-01,2012-11-02,0,Overnight,0.0,False,-10.9,-10.9,-325.61,False,0.0,False
2012-11-02,2012-11-05,2,Weekend,49.0,False,115.83,115.83,18.83,False,0.0,False
2012-11-05,2012-11-06,0,Overnight,0.0,False,95.5,95.5,-125.82,False,0.0,False
2012-11-06,2012-11-07,0,Overnight,0.0,False,-155.79,-109.72,-279.92,True,45.47,False
2012-11-07,2012-11-08,0,Overnight,0.0,False,47.02,47.02,-416.67,False,0.0,False
2012-11-08,2012-11-09,0,Overnight,0.0,False,49.53,49.53,122.12,False,0.0,False
2012-11-09,2012-11-12,2,Weekend,48.0,False,128.77,128.77,-206.39,False,0.0,False
2012-11-12,2012-11-13,0,Overnight,0.0,False,-72.48,-72.48,73.77,False,0.0,False
2012-11-13,2012-11-14,0,Overnight,0.0,False,47.78,47.78,-159.28,False,0.0,False
2012-11-14,2012-11-15,0,Overnight,0.0,False,12.1,12.1,-224.06,False,0.0,False
2012-11-15,2012-11-16,0,Overnight,0.0,False,-7.99,-7.99,47.11,False,0.0,False
2012-11-16,2012-11-19,2,Weekend,48.0,False,243.93,243.93,452.34,False,0.0,False
2012-11-19,2012-11-20,0,Overnight,0.0,False,108.65,108.65,-194.21,False,0.0,False
2012-11-20,2012-11-21,0,Overnight,0.0,False,59.37,59.37,-45.3,False,0.0,False
2012-11-21,2012-11-23,1,Short,24.0,False,96.91,96.91,76.05,False,0.0,False
2012-11-23,2012-11-26,2,Weekend,48.0,True,76.7,76.7,233.92,False,0.0,False
2012-11-26,2012-11-27,0,Overnight,0.0,False,0.34,0.34,-81.24,False,0.0,False
2012-11-27,2012-11-28,0,Overnight,0.0,False,-129.26,-129.26,97.74,False,0.0,False
2012-11-28,2012-11-29,0,Overnight,0.0,False,124.11,124.11,-14.58,False,0.0,False
2012-11-29,2012-11-30,0,Overnight,0.0,False,-43.7,-43.7,-25.77,False,0.0,False
2012-11-30,2012-12-03,2,Weekend,48.0,False,142.0,142.0,-126.46,False,0.0,False
2012-12-03,2012-12-04,0,Overnight,0.0,False,-75.17,-75.17,-102.79,False,0.0,False
2012-12-04,2012-12-05,0,Overnight,0.0,False,-121.25,-121.25,-543.96,False,0.0,False
2012-12-05,2012-12-06,0,Overnight,0.0,False,-184.51,-184.51,340.12,False,0.0,False
2012-12-06,2012-12-07,0,Overnight,0.0,False,111.94,111.94,-370.91,False,0.0,False
2012-12-07,2012-12-10,2,Weekend,48.0,False,-155.92,-155.92,91.39,False,0.0,False
2012-12-10,2012-12-11,0,Overnight,0.0,False,186.06,186.06,29.97,False,0.0,False
2012-12-11,2012-12-12,0,Overnight,0.0,False,117.15,117.15,-161.4,False,0.0,False
2012-12-12,2012-12-13,0,Overnight,0.0,False,-146.71,-146.71,-27.53,False,0.0,False
2012-12-13,2012-12-14,0,Overnight,0.0,False,-286.11,-286.11,-96.82,False,0.0,False
2012-12-14,2012-12-17,2,Weekend,48.0,False,-16.88,-16.88,192.66,False,0.0,False
2012-12-17,2012-12-18,0,Overnight,0.0,False,118.22,118.22,168.1,False,0.0,False
2012-12-18,2012-12-19,0,Overnight,0.0,False,-45.62,-45.62,-97.56,False,0.0,False
2012-12-19,2012-12-20,0,Overnight,0.0,False,69.87,69.87,-157.27,False,0.0,False
2012-12-20,2012-12-21,0,Overnight,0.0,False,-179.08,-179.08,132.97,False,0.0,False
2012-12-21,2012-12-24,2,Weekend,48.0,False,19.62,19.62,-3.46,False,0.0,False
2012-12-24,2012-12-26,1,Short,24.0,True,-22.52,-22.52,-116.28,False,0.0,False
2012-12-26,2012-12-27,0,Overnight,0.0,False,10.52,10.52,29.55,False,0.0,False
2012-12-27,2012-12-28,0,Overnight,0.0,False,-93.04,-93.04,-13.73,False,0.0,False
2012-12-28,2012-12-31,2,Weekend,48.0,False,18.43,18.43,415.14,False,0.0,False
2012-12-31,2013-01-02,1,Short,24.0,False,398.77,398.77,-86.87,False,0.0,False
2013-01-02,2013-01-03,0,Overnight,0.0,False,-20.97,-20.97,-106.06,False,0.0,False
2013-01-03,2013-01-04,0,Overnight,0.0,False,-95.08,-95.08,-187.42,False,0.0,False
2013-01-04,2013-01-07,2,Weekend,48.0,False,-95.33,-95.33,36.33,False,0.0,False
2013-01-07,2013-01-08,0,Overnight,0.0,False,100.84,100.84,-73.97,False,0.0,False
2013-01-08,2013-01-09,0,Overnight,0.0,False,-53.64,-53.64,-103.89,False,0.0,False
2013-01-09,2013-01-10,0,Overnight,0.0,False,219.01,219.01,-95.81,False,0.0,False
2013-01-10,2013-01-11,0,Overnight,0.0,False,-48.06,-48.06,-13.44,False,0.0,False
2013-01-11,2013-01-14,2,Weekend,48.0,False,-344.52,-344.52,-18.52,False,0.0,False
2013-01-14,2013-01-15,0,Overnight,0.0,False,-69.0,-69.0,-251.58,False,0.0,False
2013-01-15,2013-01-16,0,Overnight,0.0,False,177.86,177.86,228.84,False,0.0,False
2013-01-16,2013-01-17,0,Overnight,0.0,False,83.04,83.04,-150.65,False,0.0,False
2013-01-17,2013-01-18,0,Overnight,0.0,False,-83.1,-83.1,29.64,False,0.0,False
2013-01-18,2013-01-22,3,Long,72.0,False,90.79,90.79,4.16,False,0.0,False
2013-01-22,2013-01-23,0,Overnight,0.0,False,79.72,79.72,101.68,False,0.0,False
2013-01-23,2013-01-24,0,Overnight,0.0,False,-1110.16,-1110.16,-208.68,False,0.0,False
2013-01-24,2013-01-25,0,Overnight,0.0,False,26.38,26.38,-264.94,False,0.0,False
2013-01-25,2013-01-28,2,Weekend,48.0,False,-46.71,-46.71,270.39,False,0.0,False
2013-01-28,2013-01-29,0,Overnight,0.0,False,190.91,190.91,-5.02,False,0.0,False
2013-01-29,2013-01-30,0,Overnight,0.0,False,-27.75,-27.75,-3.72,False,0.0,False
2013-01-30,2013-01-31,0,Overnight,0.0,False,3.28,3.28,-32.66,False,0.0,False
2013-01-31,2013-02-01,0,Overnight,0.0,False,79.16,79.16,-120.3,False,0.0,False
2013-02-01,2013-02-04,2,Weekend,48.0,False,6.39,6.39,-258.65,False,0.0,False
2013-02-04,2013-02-05,0,Overnight,0.0,False,39.04,39.04,305.83,False,0.0,False
2013-02-05,2013-02-06,0,Overnight,0.0,False,-29.97,-29.97,19.26,False,0.0,False
2013-02-06,2013-02-07,0,Overnight,0.0,False,128.18,185.22,106.71,True,57.94,False
2013-02-07,2013-02-08,0,Overnight,0.0,False,122.69,122.69,20.65,False,0.0,False
2013-02-08,2013-02-11,2,Weekend,48.0,False,31.95,31.95,71.72,False,0.0,False
2013-02-11,2013-02-12,0,Overnight,0.0,False,-8.75,-8.75,-245.1,False,0.0,False
2013-02-12,2013-02-13,0,Overnight,0.0,False,-14.76,-14.76,-4.28,False,0.0,False
2013-02-13,2013-02-14,0,Overnight,0.0,False,-53.46,-53.46,44.46,False,0.0,False
2013-02-14,2013-02-15,0,Overnight,0.0,False,48.32,48.32,-187.09,False,0.0,False
2013-02-15,2013-02-19,3,Long,72.0,False,20.41,20.41,-24.1,False,0.0,False
2013-02-19,2013-02-20,0,Overnight,0.0,False,-50.13,-50.13,-195.03,False,0.0,False
2013-02-20,2013-02-21,0,Overnight,0.0,False,-63.7,-63.7,1.35,False,0.0,False
2013-02-21,2013-02-22,0,Overnight,0.0,False,71.26,71.26,34.66,False,0.0,False
2013-02-22,2013-02-25,2,Weekend,48.0,False,67.21,67.21,-246.49,False,0.0,False
2013-02-25,2013-02-26,0,Overnight,0.0,False,23.01,23.01,115.37,False,0.0,False
2013-02-26,2013-02-27,0,Overnight,0.0,False,-12.04,-12.04,-86.45,False,0.0,False
2013-02-27,2013-02-28,0,Overnight,0.0,False,-11.7,-11.7,-59.86,False,0.0,False
2013-02-28,2013-03-01,0,Overnight,0.0,False,-77.33,-77.33,-173.41,False,0.0,False
2013-03-01,2013-03-04,2,Weekend,48.0,False,-62.22,-62.22,-182.82,False,0.0,False
2013-03-04,2013-03-05,0,Overnight,0.0,False,33.99,33.99,226.61,False,0.0,False
2013-03-05,2013-03-06,0,Overnight,0.0,False,77.86,77.86,-205.78,False,0.0,False
2013-03-06,2013-03-07,0,Overnight,0.0,False,-27.29,-27.29,142.21,False,0.0,False
2013-03-07,2013-03-08,0,Overnight,0.0,False,-18.13,-18.13,44.57,False,0.0,False
2013-03-08,2013-03-11,2,Weekend,47.0,False,-45.74,-45.74,187.18,False,0.0,False
2013-03-11,2013-03-12,0,Overnight,0.0,False,-51.98,-51.98,-165.97,False,0.0,False
2013-03-12,2013-03-13,0,Overnight,0.0,False,0.47,0.47,-2.33,False,0.0,False
2013-03-13,2013-03-14,0,Overnight,0.0,False,104.04,104.04,-7.63,False,0.0,False
2013-03-14,2013-03-15,0,Overnight,0.0,False,124.77,124.77,129.99,False,0.0,False
2013-03-15,2013-03-18,2,Weekend,48.0,False,-49.94,-49.94,318.14,False,0.0,False
2013-03-18,2013-03-19,0,Overnight,0.0,False,82.6,82.6,-109.63,False,0.0,False
2013-03-19,2013-03-20,0,Overnight,0.0,False,64.26,64.26,-117.43,False,0.0,False
2013-03-20,2013-03-21,0,Overnight,0.0,False,-41.23,-41.23,55.59,False,0.0,False
2013-03-21,2013-03-22,0,Overnight,0.0,False,40.78,40.78,159.96,False,0.0,False
2013-03-22,2013-03-25,2,Weekend,48.0,False,60.0,60.0,-23.91,False,0.0,False
2013-03-25,2013-03-26,0,Overnight,0.0,False,40.04,40.04,-92.81,False,0.0,False
2013-03-26,2013-03-27,0,Overnight,0.0,False,-102.01,-102.01,-96.42,False,0.0,False
2013-03-27,2013-03-28,0,Overnight,0.0,False,-50.12,-50.12,-160.46,False,0.0,False
2013-03-28,2013-04-01,3,Long,72.0,False,-17.18,-17.18,-298.37,False,0.0,False
2013-04-01,2013-04-02,0,Overnight,0.0,False,-30.59,-30.59,51.09,False,0.0,False
2013-04-02,2013-04-03,0,Overnight,0.0,False,36.69,36.69,14.36,False,0.0,False
2013-04-03,2013-04-04,0,Overnight,0.0,False,40.89,40.89,-140.23,False,0.0,False
2013-04-04,2013-04-05,0,Overnight,0.0,False,-75.57,-75.57,-30.67,False,0.0,False
2013-04-05,2013-04-08,2,Weekend,48.0,False,38.91,38.91,31.96,False,0.0,False
2013-04-08,2013-04-09,0,Overnight,0.0,False,3.52,3.52,14.53,False,0.0,False
2013-04-09,2013-04-10,0,Overnight,0.0,False,26.2,26.2,175.74,False,0.0,False
2013-04-10,2013-04-11,0,Overnight,0.0,False,-45.32,-45.32,14.05,False,0.0,False
2013-04-11,2013-04-12,0,Overnight,0.0,False,-4.15,-4.15,-100.7,False,0.0,False
2013-04-12,2013-04-15,2,Weekend,48.0,False,-65.36,-65.36,-168.86,False,0.0,False
2013-04-15,2013-04-16,0,Overnight,0.0,False,40.88,40.88,110.17,False,0.0,False
2013-04-16,2013-04-17,0,Overnight,0.0,False,-141.05,-141.05,-424.57,False,0.0,False
2013-04-17,2013-04-18,0,Overnight,0.0,False,54.22,54.22,-324.73,False,0.0,False
2013-04-18,2013-04-19,0,Overnight,0.0,False,-104.61,-104.61,65.77,False,0.0,False
2013-04-19,2013-04-22,2,Weekend,48.0,False,53.88,53.88,152.41,False,0.0,False
2013-04-22,2013-04-23,0,Overnight,0.0,False,132.56,132.56,52.83,False,0.0,False
2013-04-23,2013-04-24,0,Overnight,0.0,False,-314.91,-314.91,298.39,False,0.0,False
2013-04-24,2013-04-25,0,Overnight,0.0,False,141.3,141.3,-69.55,False,0.0,False
2013-04-25,2013-04-26,0,Overnight,0.0,False,34.95,34.95,178.72,False,0.0,False
2013-04-26,2013-04-29,2,Weekend,48.0,False,77.6,77.6,227.39,False,0.0,False
2013-04-29,2013-04-30,0,Overnight,0.0,False,115.12,115.12,174.97,False,0.0,False
2013-04-30,2013-05-01,0,Overnight,0.0,False,37.87,37.87,-117.0,False,0.0,False
2013-05-01,2013-05-02,0,Overnight,0.0,False,56.52,56.52,84.3,False,0.0,False
2013-05-02,2013-05-03,0,Overnight,0.0,False,129.12,129.12,-29.51,False,0.0,False
2013-05-03,2013-05-06,2,Weekend,48.0,False,126.53,126.53,109.12,False,0.0,False
2013-05-06,2013-05-07,0,Overnight,0.0,False,92.04,92.04,-136.64,False,0.0,False
2013-05-07,2013-05-08,0,Overnight,0.0,False,8.28,8.28,104.02,False,0.0,False
2013-05-08,2013-05-09,0,Overnight,0.0,False,-87.26,-21.15,-66.33,True,65.76,False
2013-05-09,2013-05-10,0,Overnight,0.0,False,26.24,26.24,-109.78,False,0.0,False
2013-05-10,2013-05-13,2,Weekend,48.0,False,-32.28,-32.28,71.28,False,0.0,False
2013-05-13,2013-05-14,0,Overnight,0.0,False,-19.59,-19.59,-222.58,False,0.0,False
2013-05-14,2013-05-15,0,Overnight,0.0,False,-106.45,-106.45,-237.57,False,0.0,False
2013-05-15,2013-05-16,0,Overnight,0.0,False,-131.68,-131.68,264.41,False,0.0,False
2013-05-16,2013-05-17,0,Overnight,0.0,False,102.33,102.33,-132.75,False,0.0,False
2013-05-17,2013-05-20,2,Weekend,48.0,False,-31.21,-31.21,251.95,False,0.0,False
2013-05-20,2013-05-21,0,Overnight,0.0,False,-108.5,-108.5,34.4,False,0.0,False
2013-05-21,2013-05-22,0,Overnight,0.0,False,99.35,99.35,-60.99,False,0.0,False
2013-05-22,2013-05-23,0,Overnight,0.0,False,-123.11,-123.11,140.99,False,0.0,False
2013-05-23,2013-05-24,0,Overnight,0.0,False,-29.22,-29.22,97.07,False,0.0,False
2013-05-24,2013-05-28,3,Long,72.0,False,106.14,106.14,-189.83,False,0.0,False
2013-05-28,2013-05-29,0,Overnight,0.0,False,-32.67,-32.67,111.87,False,0.0,False
2013-05-29,2013-05-30,0,Overnight,0.0,False,15.72,15.72,132.19,False,0.0,False
2013-05-30,2013-05-31,0,Overnight,0.0,False,20.35,20.35,-61.4,False,0.0,False
2013-05-31,2013-06-03,2,Weekend,48.0,False,22.21,22.21,-0.22,False,0.0,False
2013-06-03,2013-06-04,0,Overnight,0.0,False,55.31,55.31,-86.65,False,0.0,False
2013-06-04,2013-06-05,0,Overnight,0.0,False,-81.79,-81.79,-12.12,False,0.0,False
2013-06-05,2013-06-06,0,Overnight,0.0,False,8.08,8.08,-158.61,False,0.0,False
2013-06-06,2013-06-07,0,Overnight,0.0,False,-44.8,-44.8,120.92,False,0.0,False
2013-06-07,2013-06-10,2,Weekend,48.0,False,65.87,65.87,-132.19,False,0.0,False
2013-06-10,2013-06-11,0,Overnight,0.0,False,-72.03,-72.03,42.59,False,0.0,False
2013-06-11,2013-06-12,0,Overnight,0.0,False,43.33,43.33,-167.72,False,0.0,False
2013-06-12,2013-06-13,0,Overnight,0.0,False,7.17,7.17,79.68,False,0.0,False
2013-06-13,2013-06-14,0,Overnight,0.0,False,-12.85,-12.85,-123.64,False,0.0,False
2013-06-14,2013-06-17,2,Weekend,48.0,False,32.27,32.27,12.97,False,0.0,False
2013-06-17,2013-06-18,0,Overnight,0.0,False,-10.19,-10.19,4.86,False,0.0,False
2013-06-18,2013-06-19,0,Overnight,0.0,False,-8.57,-8.57,-196.64,False,0.0,False
2013-06-19,2013-06-20,0,Overnight,0.0,False,-87.86,-87.86,-58.84,False,0.0,False
2013-06-20,2013-06-21,0,Overnight,0.0,False,39.51,39.51,-119.95,False,0.0,False
2013-06-21,2013-06-24,2,Weekend,48.0,False,-148.62,-148.62,-120.01,False,0.0,False
2013-06-24,2013-06-25,0,Overnight,0.0,False,78.19,78.19,-75.96,False,0.0,False
2013-06-25,2013-06-26,0,Overnight,0.0,False,31.49,31.49,-145.39,False,0.0,False
2013-06-26,2013-06-27,0,Overnight,0.0,False,29.6,29.6,-137.95,False,0.0,False
2013-06-27,2013-06-28,0,Overnight,0.0,False,-61.64,-61.64,131.24,False,0.0,False
2013-06-28,2013-07-01,2,Weekend,48.0,False,154.15,154.15,160.86,False,0.0,False
2013-07-01,2013-07-02,0,Overnight,0.0,False,18.07,18.07,205.93,False,0.0,False
2013-07-02,2013-07-03,0,Overnight,0.0,False,56.47,56.47,-1.43,False,0.0,False
2013-07-03,2013-07-05,1,Short,24.0,True,-9.75,-9.75,-70.9,False,0.0,False
2013-07-05,2013-07-08,2,Weekend,48.0,False,64.24,64.24,-121.18,False,0.0,False
2013-07-08,2013-07-09,0,Overnight,0.0,False,-35.0,-35.0,209.35,False,0.0,False
2013-07-09,2013-07-10,0,Overnight,0.0,False,-65.33,-65.33,26.89,False,0.0,False
2013-07-10,2013-07-11,0,Overnight,0.0,False,52.63,52.63,102.09,False,0.0,False
2013-07-11,2013-07-12,0,Overnight,0.0,False,8.42,8.42,-26.69,False,0.0,False
2013-07-12,2013-07-15,2,Weekend,48.0,False,-35.23,-35.23,57.01,False,0.0,False
2013-07-15,2013-07-16,0,Overnight,0.0,False,-21.55,-21.55,85.91,False,0.0,False
2013-07-16,2013-07-17,0,Overnight,0.0,False,-11.63,-11.63,14.19,False,0.0,False
2013-07-17,2013-07-18,0,Overnight,0.0,False,71.09,71.09,-37.45,False,0.0,False
2013-07-18,2013-07-19,0,Overnight,0.0,False,30.99,30.99,-189.97,False,0.0,False
2013-07-19,2013-07-22,2,Weekend,48.0,False,105.57,105.57,-73.62,False,0.0,False
2013-07-22,2013-07-23,0,Overnight,0.0,False,-7.27,-7.27,-165.92,False,0.0,False
2013-07-23,2013-07-24,0,Overnight,0.0,False,464.93,464.93,35.93,False,0.0,False
2013-07-24,2013-07-25,0,Overnight,0.0,False,4.31,4.31,-50.05,False,0.0,False
2013-07-25,2013-07-26,0,Overnight,0.0,False,-73.24,-73.24,129.87,False,0.0,False
2013-07-26,2013-07-29,2,Weekend,48.0,False,-4.31,-4.31,157.33,False,0.0,False
2013-07-29,2013-07-30,0,Overnight,0.0,False,48.34,48.34,74.4,False,0.0,False
2013-07-30,2013-07-31,0,Overnight,0.0,False,36.77,36.77,-54.21,False,0.0,False
2013-07-31,2013-08-01,0,Overnight,0.0,False,70.9,70.9,20.38,False,0.0,False
2013-08-01,2013-08-02,0,Overnight,0.0,False,29.08,29.08,98.42,False,0.0,False
2013-08-02,2013-08-05,2,Weekend,48.0,False,46.37,46.37,101.91,False,0.0,False
2013-08-05,2013-08-06,0,Overnight,0.0,False,-30.51,-30.51,-59.36,False,0.0,False
2013-08-06,2013-08-07,0,Overnight,0.0,False,-31.22,-31.22,25.41,False,0.0,False
2013-08-07,2013-08-08,0,Overnight,0.0,False,-24.12,41.42,-61.63,True,65.59,False
2013-08-08,2013-08-09,0,Overnight,0.0,False,-51.54,-51.54,-91.78,False,0.0,False
2013-08-09,2013-08-12,2,Weekend,48.0,False,52.89,52.89,227.23,False,0.0,False
2013-08-12,2013-08-13,0,Overnight,0.0,False,76.31,76.31,387.97,False,0.0,False
2013-08-13,2013-08-14,0,Overnight,0.0,False,168.32,168.32,12.45,False,0.0,False
2013-08-14,2013-08-15,0,Overnight,0.0,False,-41.81,-41.81,29.97,False,0.0,False
2013-08-15,2013-08-16,0,Overnight,0.0,False,44.89,44.89,43.49,False,0.0,False
2013-08-16,2013-08-19,2,Weekend,48.0,False,39.93,39.93,67.19,False,0.0,False
2013-08-19,2013-08-20,0,Overnight,0.0,False,38.72,38.72,-170.96,False,0.0,False
2013-08-20,2013-08-21,0,Overnight,0.0,False,50.17,50.17,-24.45,False,0.0,False
2013-08-21,2013-08-22,0,Overnight,0.0,False,52.02,52.02,-40.08,False,0.0,False
2013-08-22,2013-08-23,0,Overnight,0.0,False,6.16,6.16,-44.81,False,0.0,False
2013-08-23,2013-08-26,2,Weekend,48.0,False,-5.39,-5.39,44.24,False,0.0,False
2013-08-26,2013-08-27,0,Overnight,0.0,False,-99.31,-99.31,-190.76,False,0.0,False
2013-08-27,2013-08-28,0,Overnight,0.0,False,-53.15,-53.15,100.32,False,0.0,False
2013-08-28,2013-08-29,0,Overnight,0.0,False,15.27,15.27,1.02,False,0.0,False
2013-08-29,2013-08-30,0,Overnight,0.0,False,6.1,6.1,-97.63,False,0.0,False
2013-08-30,2013-09-03,3,Long,72.0,False,119.96,119.96,-92.09,False,0.0,False
2013-09-03,2013-09-04,0,Overnight,0.0,False,222.24,222.24,-17.43,False,0.0,False
2013-09-04,2013-09-05,0,Overnight,0.0,False,31.23,31.23,-100.05,False,0.0,False
2013-09-05,2013-09-06,0,Overnight,0.0,False,63.8,63.8,-4.42,False,0.0,False
2013-09-06,2013-09-09,2,Weekend,48.0,False,135.17,135.17,23.14,False,0.0,False
2013-09-09,2013-09-10,0,Overnight,0.0,False,0.59,0.59,-231.02,False,0.0,False
2013-09-10,2013-09-11,0,Overnight,0.0,False,-574.8,-574.8,14.98,False,0.0,False
2013-09-11,2013-09-12,0,Overnight,0.0,False,16.88,16.88,89.04,False,0.0,False
2013-09-12,2013-09-13,0,Overnight,0.0,False,-71.12,-71.12,-95.05,False,0.0,False
2013-09-13,2013-09-16,2,Weekend,48.0,False,-84.24,-84.24,-238.84,False,0.0,False
2013-09-16,2013-09-17,0,Overnight,0.0,False,-48.1,-48.1,162.97,False,0.0,False
2013-09-17,2013-09-18,0,Overnight,0.0,False,171.15,171.15,32.33,False,0.0,False
2013-09-18,2013-09-19,0,Overnight,0.0,False,128.72,128.72,33.93,False,0.0,False
2013-09-19,2013-09-20,0,Overnight,0.0,False,119.96,119.96,-224.04,False,0.0,False
2013-09-20,2013-09-23,2,Weekend,48.0,False,595.71,595.71,-110.67,False,0.0,False
2013-09-23,2013-09-24,0,Overnight,0.0,False,86.05,86.05,-117.48,False,0.0,False
2013-09-24,2013-09-25,0,Overnight,0.0,False,2.05,2.05,-158.03,False,0.0,False
2013-09-25,2013-09-26,0,Overnight,0.0,False,92.4,92.4,4.53,False,0.0,False
2013-09-26,2013-09-27,0,Overnight,0.0,False,-50.31,-50.31,-21.31,False,0.0,False
2013-09-27,2013-09-30,2,Weekend,48.0,False,-114.58,-114.58,-10.48,False,0.0,False
2013-09-30,2013-10-01,0,Overnight,0.0,False,35.59,35.59,196.82,False,0.0,False
2013-10-01,2013-10-02,0,Overnight,0.0,False,-47.86,-47.86,80.6,False,0.0,False
2013-10-02,2013-10-03,0,Overnight,0.0,False,19.39,19.39,-145.8,False,0.0,False
2013-10-03,2013-10-04,0,Overnight,0.0,False,9.3,9.3,-17.17,False,0.0,False
2013-10-04,2013-10-07,2,Weekend,48.0,False,72.81,72.81,24.43,False,0.0,False
2013-10-07,2013-10-08,0,Overnight,0.0,False,44.8,44.8,-185.4,False,0.0,False
2013-10-08,2013-10-09,0,Overnight,0.0,False,76.64,76.64,40.16,False,0.0,False
2013-10-09,2013-10-10,0,Overnight,0.0,False,96.74,96.74,-34.25,False,0.0,False
2013-10-10,2013-10-11,0,Overnight,0.0,False,-54.27,-54.27,118.8,False,0.0,False
2013-10-11,2013-10-14,2,Weekend,48.0,False,-60.65,-60.65,125.98,False,0.0,False
2013-10-14,2013-10-15,0,Overnight,0.0,False,29.59,29.59,23.49,False,0.0,False
2013-10-15,2013-10-16,0,Overnight,0.0,False,42.22,42.22,6.39,False,0.0,False
2013-10-16,2013-10-17,0,Overnight,0.0,False,-22.58,-22.58,90.0,False,0.0,False
2013-10-17,2013-10-18,0,Overnight,0.0,False,29.49,29.49,57.15,False,0.0,False
2013-10-18,2013-10-21,2,Weekend,48.0,False,56.43,56.43,185.66,False,0.0,False
2013-10-21,2013-10-22,0,Overnight,0.0,False,96.4,96.4,-125.02,False,0.0,False
2013-10-22,2013-10-23,0,Overnight,0.0,False,-16.75,-16.75,114.18,False,0.0,False
2013-10-23,2013-10-24,0,Overnight,0.0,False,0.76,0.76,130.76,False,0.0,False
2013-10-24,2013-10-25,0,Overnight,0.0,False,-11.1,-11.1,-101.39,False,0.0,False
2013-10-25,2013-10-28,2,Weekend,48.0,False,58.39,58.39,15.87,False,0.0,False
2013-10-28,2013-10-29,0,Overnight,0.0,False,119.87,119.87,-372.14,False,0.0,False
2013-10-29,2013-10-30,0,Overnight,0.0,False,56.55,56.55,101.29,False,0.0,False
2013-10-30,2013-10-31,0,Overnight,0.0,False,1.9,1.9,-43.91,False,0.0,False
2013-10-31,2013-11-01,0,Overnight,0.0,False,25.22,25.22,-76.43,False,0.0,False
2013-11-01,2013-11-04,2,Weekend,49.0,False,20.55,20.55,107.84,False,0.0,False
2013-11-04,2013-11-05,0,Overnight,0.0,False,-41.28,-41.28,16.57,False,0.0,False
2013-11-05,2013-11-06,0,Overnight,0.0,False,-24.77,33.25,-61.81,True,58.05,False
2013-11-06,2013-11-07,0,Overnight,0.0,False,-25.76,-25.76,-137.4,False,0.0,False
2013-11-07,2013-11-08,0,Overnight,0.0,False,40.7,40.7,115.54,False,0.0,False
2013-11-08,2013-11-11,2,Weekend,48.0,False,-10.96,-10.96,-18.09,False,0.0,False
2013-11-11,2013-11-12,0,Overnight,0.0,False,-26.62,-26.62,45.1,False,0.0,False
2013-11-12,2013-11-13,0,Overnight,0.0,False,-38.73,-38.73,50.64,False,0.0,False
2013-11-13,2013-11-14,0,Overnight,0.0,False,41.78,41.78,101.81,False,0.0,False
2013-11-14,2013-11-15,0,Overnight,0.0,False,-29.96,-29.96,-30.24,False,0.0,False
2013-11-15,2013-11-18,2,Weekend,48.0,False,0.0,0.0,-121.89,False,0.0,False
2013-11-18,2013-11-19,0,Overnight,0.0,False,7.71,7.71,10.01,False,0.0,False
2013-11-19,2013-11-20,0,Overnight,0.0,False,-6.16,-6.16,-81.8,False,0.0,False
2013-11-20,2013-11-21,0,Overnight,0.0,False,50.36,50.36,68.16,False,0.0,False
2013-11-21,2013-11-22,0,Overnight,0.0,False,-31.13,-31.13,5.39,False,0.0,False
2013-11-22,2013-11-25,2,Weekend,48.0,False,23.44,23.44,52.07,False,0.0,False
2013-11-25,2013-11-26,0,Overnight,0.0,False,7.25,7.25,175.51,False,0.0,False
2013-11-26,2013-11-27,0,Overnight,0.0,False,54.41,54.41,178.33,False,0.0,False
2013-11-27,2013-11-29,1,Short,24.0,False,64.27,64.27,119.22,False,0.0,False
2013-11-29,2013-12-02,2,Weekend,48.0,True,34.65,34.65,-122.07,False,0.0,False
2013-12-02,2013-12-03,0,Overnight,0.0,False,127.44,127.44,142.63,False,0.0,False
2013-12-03,2013-12-04,0,Overnight,0.0,False,-14.49,-14.49,-8.85,False,0.0,False
2013-12-04,2013-12-05,0,Overnight,0.0,False,134.49,134.49,-83.29,False,0.0,False
2013-12-05,2013-12-06,0,Overnight,0.0,False,-37.22,-37.22,-102.51,False,0.0,False
2013-12-06,2013-12-09,2,Weekend,48.0,False,15.7,15.7,98.11,False,0.0,False
2013-12-09,2013-12-10,0,Overnight,0.0,False,-50.44,-50.44,34.89,False,0.0,False
2013-12-10,2013-12-11,0,Overnight,0.0,False,25.61,25.61,-99.97,False,0.0,False
2013-12-11,2013-12-12,0,Overnight,0.0,False,13.89,13.89,-28.5,False,0.0,False
2013-12-12,2013-12-13,0,Overnight,0.0,False,41.13,41.13,-150.73,False,0.0,False
2013-12-13,2013-12-16,2,Weekend,48.0,False,10.64,10.64,44.58,False,0.0,False
2013-12-16,2013-12-17,0,Overnight,0.0,False,-30.36,-30.36,-14.76,False,0.0,False
2013-12-17,2013-12-18,0,Overnight,0.0,False,-95.77,-95.77,19.45,False,0.0,False
2013-12-18,2013-12-19,0,Overnight,0.0,False,-23.09,-23.09,-92.14,False,0.0,False
2013-12-19,2013-12-20,0,Overnight,0.0,False,17.8,17.8,65.6,False,0.0,False
2013-12-20,2013-12-23,2,Weekend,48.0,False,339.86,339.86,36.73,False,0.0,False
2013-12-23,2013-12-24,0,Overnight,0.0,False,-3.51,-3.51,-39.03,False,0.0,False
2013-12-24,2013-12-26,1,Short,24.0,True,7.57,7.57,-74.21,False,0.0,False
2013-12-26,2013-12-27,0,Overnight,0.0,False,-1.42,-1.42,-66.38,False,0.0,False
2013-12-27,2013-12-30,2,Weekend,48.0,False,-47.07,-47.07,-52.88,False,0.0,False
2013-12-30,2013-12-31,0,Overnight,0.0,False,-6.31,-6.31,122.85,False,0.0,False
2013-12-31,2014-01-02,1,Short,24.0,False,-95.64,-95.64,-46.0,False,0.0,False
2014-01-02,2014-01-03,0,Overnight,0.0,False,-4.88,-4.88,-217.23,False,0.0,False
2014-01-03,2014-01-06,2,Weekend,48.0,False,-65.47,-65.47,119.85,False,0.0,False
2014-01-06,2014-01-07,0,Overnight,0.0,False,7.17,7.17,-78.94,False,0.0,False
2014-01-07,2014-01-08,0,Overnight,0.0,False,-22.8,-22.8,85.93,False,0.0,False
2014-01-08,2014-01-09,0,Overnight,0.0,False,61.27,61.27,-189.79,False,0.0,False
2014-01-09,2014-01-10,0,Overnight,0.0,False,61.5,61.5,-128.45,False,0.0,False
2014-01-10,2014-01-13,2,Weekend,48.0,False,-57.02,-57.02,109.23,False,0.0,False
2014-01-13,2014-01-14,0,Overnight,0.0,False,46.37,46.37,150.66,False,0.0,False
2014-01-14,2014-01-15,0,Overnight,0.0,False,129.65,129.65,69.13,False,0.0,False
2014-01-15,2014-01-16,0,Overnight,0.0,False,-44.23,-44.23,-11.72,False,0.0,False
2014-01-16,2014-01-17,0,Overnight,0.0,False,-50.1,-50.1,-197.96,False,0.0,False
2014-01-17,2014-01-21,3,Long,72.0,False,5.92,5.92,148.25,False,0.0,False
2014-01-21,2014-01-22,0,Overnight,0.0,False,33.46,33.46,10.89,False,0.0,False
2014-01-22,2014-01-23,0,Overnight,0.0,False,-28.51,-28.51,112.83,False,0.0,False
2014-01-23,2014-01-24,0,Overnight,0.0,False,-39.27,-39.27,-144.17,False,0.0,False
2014-01-24,2014-01-27,2,Weekend,48.0,False,72.98,72.98,7.81,False,0.0,False
2014-01-27,2014-01-28,0,Overnight,0.0,False,-788.5,-788.5,-44.52,False,0.0,False
2014-01-28,2014-01-29,0,Overnight,0.0,False,-50.47,-50.47,-63.7,False,0.0,False
2014-01-29,2014-01-30,0,Overnight,0.0,False,35.68,35.68,-55.07,False,0.0,False
2014-01-30,2014-01-31,0,Overnight,0.0,False,-92.47,-92.47,108.86,False,0.0,False
2014-01-31,2014-02-03,2,Weekend,48.0,False,40.07,40.07,-21.51,False,0.0,False
2014-02-03,2014-02-04,0,Overnight,0.0,False,85.77,85.77,57.95,False,0.0,False
2014-02-04,2014-02-05,0,Overnight,0.0,False,-43.92,-43.92,118.34,False,0.0,False
2014-02-05,2014-02-06,0,Overnight,0.0,False,-49.48,10.14,47.92,True,59.5,False
2014-02-06,2014-02-07,0,Overnight,0.0,False,171.59,171.59,-32.66,False,0.0,False
2014-02-07,2014-02-10,2,Weekend,48.0,False,-19.65,-19.65,197.21,False,0.0,False
2014-02-10,2014-02-11,0,Overnight,0.0,False,30.58,30.58,100.32,False,0.0,False
2014-02-11,2014-02-12,0,Overnight,0.0,False,18.45,18.45,-19.2,False,0.0,False
2014-02-12,2014-02-13,0,Overnight,0.0,False,-23.54,-23.54,181.08,False,0.0,False
2014-02-13,2014-02-14,0,Overnight,0.0,False,-36.07,-36.07,27.98,False,0.0,False
2014-02-14,2014-02-18,3,Long,72.0,False,36.88,36.88,-0.18,False,0.0,False
2014-02-18,2014-02-19,0,Overnight,0.0,False,-22.74,-22.74,-136.4,False,0.0,False
2014-02-19,2014-02-20,0,Overnight,0.0,False,-81.84,-81.84,-34.58,False,0.0,False
2014-02-20,2014-02-21,0,Overnight,0.0,False,30.83,30.83,-142.53,False,0.0,False
2014-02-21,2014-02-24,2,Weekend,48.0,False,-40.06,-40.06,83.75,False,0.0,False
2014-02-24,2014-02-25,0,Overnight,0.0,False,34.63,34.63,-139.24,False,0.0,False
2014-02-25,2014-02-26,0,Overnight,0.0,False,29.65,29.65,-120.27,False,0.0,False
2014-02-26,2014-02-27,0,Overnight,0.0,False,-4.06,-4.06,201.57,False,0.0,False
2014-02-27,2014-02-28,0,Overnight,0.0,False,26.69,26.69,-53.82,False,0.0,False
2014-02-28,2014-03-03,2,Weekend,48.0,False,-53.73,-53.73,82.57,False,0.0,False
2014-03-03,2014-03-04,0,Overnight,0.0,False,61.2,61.2,4.52,False,0.0,False
2014-03-04,2014-03-05,0,Overnight,0.0,False,-6.02,-6.02,27.09,False,0.0,False
2014-03-05,2014-03-06,0,Overnight,0.0,False,8.07,8.07,-38.36,False,0.0,False
2014-03-06,2014-03-07,0,Overnight,0.0,False,6.4,6.4,-12.25,False,0.0,False
2014-03-07,2014-03-10,2,Weekend,47.0,False,-39.29,-39.29,48.34,False,0.0,False
2014-03-10,2014-03-11,0,Overnight,0.0,False,84.96,84.96,11.94,False,0.0,False
2014-03-11,2014-03-12,0,Overnight,0.0,False,-29.52,-29.52,39.21,False,0.0,False
2014-03-12,2014-03-13,0,Overnight,0.0,False,15.46,15.46,-127.14,False,0.0,False
2014-03-13,2014-03-14,0,Overnight,0.0,False,-35.11,-35.11,-77.84,False,0.0,False
2014-03-14,2014-03-17,2,Weekend,48.0,False,57.2,57.2,-18.21,False,0.0,False
2014-03-17,2014-03-18,0,Overnight,0.0,False,-15.96,-15.96,104.04,False,0.0,False
2014-03-18,2014-03-19,0,Overnight,0.0,False,16.17,16.17,-18.81,False,0.0,False
2014-03-19,2014-03-20,0,Overnight,0.0,False,-25.82,-25.82,-22.48,False,0.0,False
2014-03-20,2014-03-21,0,Overnight,0.0,False,60.91,60.91,17.66,False,0.0,False
2014-03-21,2014-03-24,2,Weekend,48.0,False,103.61,103.61,14.29,False,0.0,False
2014-03-24,2014-03-25,0,Overnight,0.0,False,42.75,42.75,64.24,False,0.0,False
2014-03-25,2014-03-26,0,Overnight,0.0,False,28.04,28.04,-124.09,False,0.0,False
2014-03-26,2014-03-27,0,Overnight,0.0,False,4.45,4.45,-47.52,False,0.0,False
2014-03-27,2014-03-28,0,Overnight,0.0,False,15.99,15.99,-27.16,False,0.0,False
2014-03-28,2014-03-31,2,Weekend,48.0,False,44.05,44.05,-46.28,False,0.0,False
2014-03-31,2014-04-01,0,Overnight,0.0,False,18.98,18.98,72.08,False,0.0,False
2014-04-01,2014-04-02,0,Overnight,0.0,False,13.47,13.47,3.13,False,0.0,False
2014-04-02,2014-04-03,0,Overnight,0.0,False,-21.4,-21.4,-48.14,False,0.0,False
2014-04-03,2014-04-04,0,Overnight,0.0,False,18.91,18.91,-149.12,False,0.0,False
2014-04-04,2014-04-07,2,Weekend,48.0,False,-71.71,-71.71,-86.54,False,0.0,False
2014-04-07,2014-04-08,0,Overnight,0.0,False,32.8,32.8,-33.38,False,0.0,False
2014-04-08,2014-04-09,0,Overnight,0.0,False,-15.3,-15.3,145.88,False,0.0,False
2014-04-09,2014-04-10,0,Overnight,0.0,False,6.78,6.78,-136.6,False,0.0,False
2014-04-10,2014-04-11,0,Overnight,0.0,False,-85.95,-85.95,11.75,False,0.0,False
2014-04-11,2014-04-14,2,Weekend,48.0,False,43.97,43.97,-4.22,False,0.0,False
2014-04-14,2014-04-15,0,Overnight,0.0,False,-27.07,-27.07,-44.5,False,0.0,False
2014-04-15,2014-04-16,0,Overnight,0.0,False,1.74,1.74,18.51,False,0.0,False
2014-04-16,2014-04-17,0,Overnight,0.0,False,19.06,19.06,94.55,False,0.0,False
2014-04-17,2014-04-21,3,Long,72.0,False,7.62,7.62,110.37,False,0.0,False
2014-04-21,2014-04-22,0,Overnight,0.0,False,-53.99,-53.99,63.96,False,0.0,False
2014-04-22,2014-04-23,0,Overnight,0.0,False,-49.78,-49.78,-81.8,False,0.0,False
2014-04-23,2014-04-24,0,Overnight,0.0,False,795.69,795.69,-7.75,False,0.0,False
2014-04-24,2014-04-25,0,Overnight,0.0,False,-57.23,-57.23,130.41,False,0.0,False
2014-04-25,2014-04-28,2,Weekend,48.0,False,15.03,15.03,364.94,False,0.0,False
2014-04-28,2014-04-29,0,Overnight,0.0,False,-5.89,-5.89,-23.78,False,0.0,False
2014-04-29,2014-04-30,0,Overnight,0.0,False,5.23,5.23,-43.12,False,0.0,False
2014-04-30,2014-05-01,0,Overnight,0.0,False,32.32,32.32,-8.79,False,0.0,False
2014-05-01,2014-05-02,0,Overnight,0.0,False,14.53,14.53,4.05,False,0.0,False
2014-05-02,2014-05-05,2,Weekend,48.0,False,-41.26,-41.26,181.69,False,0.0,False
2014-05-05,2014-05-06,0,Overnight,0.0,False,13.97,13.97,-123.56,False,0.0,False
2014-05-06,2014-05-07,0,Overnight,0.0,False,14.12,14.12,-49.18,False,0.0,False
2014-05-07,2014-05-08,0,Overnight,0.0,False,-69.12,-13.35,-4.42,True,55.54,False
2014-05-08,2014-05-09,0,Overnight,0.0,False,-58.85,-58.85,17.09,False,0.0,False
2014-05-09,2014-05-12,2,Weekend,48.0,False,33.25,33.25,90.48,False,0.0,False
2014-05-12,2014-05-13,0,Overnight,0.0,False,-14.01,-14.01,29.69,False,0.0,False
2014-05-13,2014-05-14,0,Overnight,0.0,False,-22.42,-22.42,24.28,False,0.0,False
2014-05-14,2014-05-15,0,Overnight,0.0,False,13.97,13.97,-99.37,False,0.0,False
2014-05-15,2014-05-16,0,Overnight,0.0,False,-3.23,-3.23,149.73,False,0.0,False
2014-05-16,2014-05-19,2,Weekend,48.0,False,5.69,5.69,112.11,False,0.0,False
2014-05-19,2014-05-20,0,Overnight,0.0,False,-1.32,-1.32,3.31,False,0.0,False
2014-05-20,2014-05-21,0,Overnight,0.0,False,-14.56,-14.56,40.99,False,0.0,False
2014-05-21,2014-05-22,0,Overnight,0.0,False,4.78,4.78,11.04,False,0.0,False
2014-05-22,2014-05-23,0,Overnight,0.0,False,-0.33,-0.33,112.66,False,0.0,False
2014-05-23,2014-05-27,3,Long,72.0,False,28.46,28.46,157.07,False,0.0,False
2014-05-27,2014-05-28,0,Overnight,0.0,False,6.23,6.23,-32.16,False,0.0,False
2014-05-28,2014-05-29,0,Overnight,0.0,False,61.35,61.35,119.22,False,0.0,False
2014-05-29,2014-05-30,0,Overnight,0.0,False,40.84,40.84,-78.37,False,0.0,False
2014-05-30,2014-06-02,2,Weekend,48.0,False,15.15,15.15,-84.11,False,0.0,False
2014-06-02,2014-06-03,0,Overnight,0.0,False,-3.02,-3.02,143.45,False,0.0,False
2014-06-03,2014-06-04,0,Overnight,0.0,False,-1.57,-1.57,115.11,False,0.0,False
2014-06-04,2014-06-05,0,Overnight,0.0,False,21.38,21.38,17.78,False,0.0,False
2014-06-05,2014-06-06,0,Overnight,0.0,False,39.31,39.31,-66.85,False,0.0,False
2014-06-06,2014-06-09,2,Weekend,48.0,False,51.45,51.45,107.3,False,0.0,True
2014-06-09,2014-06-10,0,Overnight,0.0,False,109.33,109.33,-50.8,False,0.0,False
2014-06-10,2014-06-11,0,Overnight,0.0,False,-12.74,-12.74,-28.72,False,0.0,False
2014-06-11,2014-06-12,0,Overnight,0.0,False,19.16,19.16,-187.84,False,0.0,False
2014-06-12,2014-06-13,0,Overnight,0.0,False,-9.76,-9.76,-100.28,False,0.0,False
2014-06-13,2014-06-16,2,Weekend,48.0,False,25.17,25.17,75.12,False,0.0,False
2014-06-16,2014-06-17,0,Overnight,0.0,False,11.92,11.92,-24.95,False,0.0,False
2014-06-17,2014-06-18,0,Overnight,0.0,False,20.61,20.61,-9.76,False,0.0,False
2014-06-18,2014-06-19,0,Overnight,0.0,False,11.93,11.93,-46.7,False,0.0,False
2014-06-19,2014-06-20,0,Overnight,0.0,False,-1.09,-1.09,-102.87,False,0.0,False
2014-06-20,2014-06-23,2,Weekend,48.0,False,45.0,45.0,-53.8,False,0.0,False
2014-06-23,2014-06-24,0,Overnight,0.0,False,-8.81,-8.81,-51.93,False,0.0,False
2014-06-24,2014-06-25,0,Overnight,0.0,False,-7.76,-7.76,16.61,False,0.0,False
2014-06-25,2014-06-26,0,Overnight,0.0,False,1.11,1.11,58.48,False,0.0,False
2014-06-26,2014-06-27,0,Overnight,0.0,False,-8.8,-8.8,126.92,False,0.0,False
2014-06-27,2014-06-30,2,Weekend,48.0,False,13.04,13.04,89.72,False,0.0,False
2014-06-30,2014-07-01,0,Overnight,0.0,False,63.29,63.29,0.0,False,0.0,False
2014-07-01,2014-07-02,0,Overnight,0.0,False,37.36,37.36,-41.63,False,0.0,False
2014-07-02,2014-07-03,0,Overnight,0.0,False,20.3,20.3,38.36,False,0.0,False
2014-07-03,2014-07-07,3,Long,72.0,True,11.69,11.69,192.53,False,0.0,False
2014-07-07,2014-07-08,0,Overnight,0.0,False,31.21,31.21,-96.02,False,0.0,False
2014-07-08,2014-07-09,0,Overnight,0.0,False,9.43,9.43,-5.24,False,0.0,False
2014-07-09,2014-07-10,0,Overnight,0.0,False,-172.35,-172.35,135.59,False,0.0,False
2014-07-10,2014-07-11,0,Overnight,0.0,False,33.61,33.61,-14.69,False,0.0,False
2014-07-11,2014-07-14,2,Weekend,48.0,False,66.99,66.99,61.36,False,0.0,False
2014-07-14,2014-07-15,0,Overnight,0.0,False,36.22,36.22,-154.07,False,0.0,False
2014-07-15,2014-07-16,0,Overnight,0.0,False,171.62,171.62,-228.43,False,0.0,False
2014-07-16,2014-07-17,0,Overnight,0.0,False,26.34,26.34,-206.26,False,0.0,False
2014-07-17,2014-07-18,0,Overnight,0.0,False,56.77,56.77,86.15,False,0.0,False
2014-07-18,2014-07-21,2,Weekend,48.0,False,59.13,59.13,-111.15,False,0.0,False
2014-07-21,2014-07-22,0,Overnight,0.0,False,78.46,78.46,4.22,False,0.0,False
2014-07-22,2014-07-23,0,Overnight,0.0,False,73.63,73.63,183.8,False,0.0,False
2014-07-23,2014-07-24,0,Overnight,0.0,False,-15.45,-15.45,-1.03,False,0.0,False
2014-07-24,2014-07-25,0,Overnight,0.0,False,-18.57,-18.57,84.31,False,0.0,False
2014-07-25,2014-07-28,2,Weekend,48.0,False,15.35,15.35,121.93,False,0.0,False
2014-07-28,2014-07-29,0,Overnight,0.0,False,31.26,31.26,-96.1,False,0.0,False
2014-07-29,2014-07-30,0,Overnight,0.0,False,6.1,6.1,-29.5,False,0.0,False
2014-07-30,2014-07-31,0,Overnight,0.0,False,-101.38,-101.38,-161.86,False,0.0,False
2014-07-31,2014-08-01,0,Overnight,0.0,False,-73.49,-73.49,128.78,False,0.0,False
2014-08-01,2014-08-04,2,Weekend,48.0,False,24.94,24.94,-81.27,False,0.0,False
2014-08-04,2014-08-05,0,Overnight,0.0,False,-24.09,-24.09,-25.2,False,0.0,False
2014-08-05,2014-08-06,0,Overnight,0.0,False,-38.97,-38.97,22.14,False,0.0,False
2014-08-06,2014-08-07,0,Overnight,0.0,False,-3.16,46.23,-47.52,True,49.49,False
2014-08-07,2014-08-08,0,Overnight,0.0,False,-23.31,-23.31,50.79,False,0.0,False
2014-08-08,2014-08-11,2,Weekend,48.0,False,55.79,55.79,75.29,False,0.0,False
2014-08-11,2014-08-12,0,Overnight,0.0,False,5.21,5.21,-7.29,False,0.0,False
2014-08-12,2014-08-13,0,Overnight,0.0,False,18.74,18.74,112.73,False,0.0,False
2014-08-13,2014-08-14,0,Overnight,0.0,False,9.25,9.25,17.45,False,0.0,False
2014-08-14,2014-08-15,0,Overnight,0.0,False,40.94,40.94,8.17,False,0.0,False
2014-08-15,2014-08-18,2,Weekend,48.0,False,51.92,51.92,67.8,False,0.0,False
2014-08-18,2014-08-19,0,Overnight,0.0,False,25.18,25.18,112.03,False,0.0,False
2014-08-19,2014-08-20,0,Overnight,0.0,False,-8.96,-8.96,12.93,False,0.0,False
2014-08-20,2014-08-21,0,Overnight,0.0,False,0.0,0.0,0.99,False,0.0,False
2014-08-21,2014-08-22,0,Overnight,0.0,False,-28.87,-28.87,102.18,False,0.0,False
2014-08-22,2014-08-25,2,Weekend,48.0,False,46.28,46.28,-24.59,False,0.0,False
2014-08-25,2014-08-26,0,Overnight,0.0,False,-11.82,-11.82,-52.39,False,0.0,False
2014-08-26,2014-08-27,0,Overnight,0.0,False,12.88,12.88,109.28,False,0.0,False
2014-08-27,2014-08-28,0,Overnight,0.0,False,-53.01,-53.01,64.76,False,0.0,False
2014-08-28,2014-08-29,0,Overnight,0.0,False,59.48,59.48,-35.06,False,0.0,False
2014-08-29,2014-09-02,3,Long,72.0,False,54.49,54.49,23.26,False,0.0,False
2014-09-02,2014-09-03,0,Overnight,0.0,False,-19.38,-19.38,-411.86,False,0.0,False
2014-09-03,2014-09-04,0,Overnight,0.0,False,-9.1,-9.1,-74.12,False,0.0,False
2014-09-04,2014-09-05,0,Overnight,0.0,False,69.06,69.06,17.19,False,0.0,False
2014-09-05,2014-09-08,2,Weekend,48.0,False,33.29,33.29,-95.11,False,0.0,False
2014-09-08,2014-09-09,0,Overnight,0.0,False,72.93,72.93,-110.62,False,0.0,False
2014-09-09,2014-09-10,0,Overnight,0.0,False,2.04,2.04,300.51,False,0.0,False
2014-09-10,2014-09-11,0,Overnight,0.0,False,-58.59,-58.59,101.07,False,0.0,False
2014-09-11,2014-09-12,0,Overnight,0.0,False,-21.71,-21.71,44.36,False,0.0,False
2014-09-12,2014-09-15,2,Weekend,48.0,False,112.49,112.49,-115.44,False,0.0,False
2014-09-15,2014-09-16,0,Overnight,0.0,False,-181.71,-181.71,105.65,False,0.0,False
2014-09-16,2014-09-17,0,Overnight,0.0,False,40.57,40.57,30.56,False,0.0,False
2014-09-17,2014-09-18,0,Overnight,0.0,False,34.4,34.4,-13.74,False,0.0,False
2014-09-18,2014-09-19,0,Overnight,0.0,False,49.0,49.0,-130.88,False,0.0,False
2014-09-19,2014-09-22,2,Weekend,48.0,False,82.86,82.86,-72.96,False,0.0,False
2014-09-22,2014-09-23,0,Overnight,0.0,False,-45.62,-45.62,200.75,False,0.0,False
2014-09-23,2014-09-24,0,Overnight,0.0,False,-46.87,-46.87,-40.21,False,0.0,False
2014-09-24,2014-09-25,0,Overnight,0.0,False,-122.62,-122.62,-266.17,False,0.0,False
2014-09-25,2014-09-26,0,Overnight,0.0,False,67.21,67.21,222.81,False,0.0,False
2014-09-26,2014-09-29,2,Weekend,48.0,False,-210.64,-210.64,146.91,False,0.0,False
2014-09-29,2014-09-30,0,Overnight,0.0,False,69.68,69.68,-5.95,False,0.0,False
2014-09-30,2014-10-01,0,Overnight,0.0,False,-15.89,-15.89,-141.16,False,0.0,False
2014-10-01,2014-10-02,0,Overnight,0.0,False,9.07,9.07,63.26,False,0.0,False
2014-10-02,2014-10-03,0,Overnight,0.0,False,-46.15,-46.15,18.09,False,0.0,False
2014-10-03,2014-10-06,2,Weekend,48.0,False,33.07,33.07,-33.07,False,0.0,False
2014-10-06,2014-10-07,0,Overnight,0.0,False,-19.09,-19.09,-68.62,False,0.0,False
2014-10-07,2014-10-08,0,Overnight,0.0,False,1.01,1.01,204.46,False,0.0,False
2014-10-08,2014-10-09,0,Overnight,0.0,False,73.14,73.14,-51.34,False,0.0,False
2014-10-09,2014-10-10,0,Overnight,0.0,False,-32.72,-32.72,3.97,False,0.0,False
2014-10-10,2014-10-13,2,Weekend,48.0,False,59.39,59.39,-151.14,False,0.0,False
2014-10-13,2014-10-14,0,Overnight,0.0,False,57.94,57.94,-164.71,False,0.0,False
2014-10-14,2014-10-15,0,Overnight,0.0,False,-79.3,-79.3,-43.99,False,0.0,False
2014-10-15,2014-10-16,0,Overnight,0.0,False,-206.13,-206.13,74.03,False,0.0,False
2014-10-16,2014-10-17,0,Overnight,0.0,False,127.99,127.99,17.42,False,0.0,False
2014-10-17,2014-10-20,2,Weekend,48.0,False,66.33,66.33,145.4,False,0.0,False
2014-10-20,2014-10-21,0,Overnight,0.0,False,321.56,321.56,-53.53,False,0.0,False
2014-10-21,2014-10-22,0,Overnight,0.0,False,36.04,36.04,14.58,False,0.0,False
2014-10-22,2014-10-23,0,Overnight,0.0,False,105.28,105.28,71.8,False,0.0,False
2014-10-23,2014-10-24,0,Overnight,0.0,False,33.33,33.33,3.8,False,0.0,False
2014-10-24,2014-10-27,2,Weekend,48.0,False,-35.23,-35.23,24.77,False,0.0,False
2014-10-27,2014-10-28,0,Overnight,0.0,False,27.55,27.55,126.33,False,0.0,False
2014-10-28,2014-10-29,0,Overnight,0.0,False,-8.43,-8.43,64.49,False,0.0,False
2014-10-29,2014-10-30,0,Overnight,0.0,False,-35.46,-35.46,1.87,False,0.0,False
2014-10-30,2014-10-31,0,Overnight,0.0,False,95.82,95.82,-0.93,False,0.0,False
2014-10-31,2014-11-03,2,Weekend,49.0,False,20.35,20.35,108.45,False,0.0,False
2014-11-03,2014-11-04,0,Overnight,0.0,False,-3.66,-3.66,-69.74,False,0.0,False
2014-11-04,2014-11-05,0,Overnight,0.0,False,45.93,45.93,-22.02,False,0.0,False
2014-11-05,2014-11-06,0,Overnight,0.0,False,-23.91,19.27,9.2,True,43.17,False
2014-11-06,2014-11-07,0,Overnight,0.0,False,4.6,4.6,23.88,False,0.0,False
2014-11-07,2014-11-10,2,Weekend,48.0,False,0.92,0.92,-17.44,False,0.0,False
2014-11-10,2014-11-11,0,Overnight,0.0,False,-11.95,-11.95,91.58,False,0.0,False
2014-11-11,2014-11-12,0,Overnight,0.0,False,-29.21,-29.21,169.52,False,0.0,False
2014-11-12,2014-11-13,0,Overnight,0.0,False,49.32,49.32,90.82,False,0.0,False
2014-11-13,2014-11-14,0,Overnight,0.0,False,29.21,29.21,90.62,False,0.0,False
2014-11-14,2014-11-17,2,Weekend,48.0,False,7.88,7.88,-24.53,False,0.0,False
2014-11-17,2014-11-18,0,Overnight,0.0,False,-4.39,-4.39,133.39,False,0.0,False
2014-11-18,2014-11-19,0,Overnight,0.0,False,-2.6,-2.6,-66.93,False,0.0,False
2014-11-19,2014-11-20,0,Overnight,0.0,False,20.91,20.91,121.1,False,0.0,False
2014-11-20,2014-11-21,0,Overnight,0.0,False,102.64,102.64,-88.9,False,0.0,False
2014-11-21,2014-11-24,2,Weekend,48.0,False,32.57,32.57,151.18,False,0.0,False
2014-11-24,2014-11-25,0,Overnight,0.0,False,37.02,37.02,-124.23,False,0.0,False
2014-11-25,2014-11-26,0,Overnight,0.0,False,28.87,28.87,89.47,False,0.0,False
2014-11-26,2014-11-28,1,Short,24.0,False,22.66,22.66,-28.55,False,0.0,False
2014-11-28,2014-12-01,2,Weekend,48.0,True,-10.1,-10.1,-319.85,False,0.0,False
2014-12-01,2014-12-02,0,Overnight,0.0,False,-137.38,-137.38,99.07,False,0.0,False
2014-12-02,2014-12-03,0,Overnight,0.0,False,97.23,97.23,15.54,False,0.0,False
2014-12-03,2014-12-04,0,Overnight,0.0,False,-13.81,-13.81,-24.22,False,0.0,False
2014-12-04,2014-12-05,0,Overnight,0.0,False,43.2,43.2,-85.72,False,0.0,False
2014-12-05,2014-12-08,2,Weekend,48.0,False,-78.57,-78.57,-150.11,False,0.0,False
2014-12-08,2014-12-09,0,Overnight,0.0,False,-198.58,-198.58,350.44,False,0.0,False
2014-12-09,2014-12-10,0,Overnight,0.0,False,25.38,25.38,-217.36,False,0.0,False
2014-12-10,2014-12-11,0,Overnight,0.0,False,27.65,27.65,-57.17,False,0.0,False
2014-12-11,2014-12-12,0,Overnight,0.0,False,-104.47,-104.47,-66.31,False,0.0,False
2014-12-12,2014-12-15,2,Weekend,48.0,False,88.01,88.01,-225.65,False,0.0,False
2014-12-15,2014-12-16,0,Overnight,0.0,False,-173.35,-173.35,35.66,False,0.0,False
2014-12-16,2014-12-17,0,Overnight,0.0,False,34.6,34.6,211.53,False,0.0,False
2014-12-17,2014-12-18,0,Overnight,0.0,False,222.35,222.35,69.48,False,0.0,False
2014-12-18,2014-12-19,0,Overnight,0.0,False,-34.68,-34.68,-42.85,False,0.0,False
2014-12-19,2014-12-22,2,Weekend,48.0,False,33.94,33.94,69.3,False,0.0,False
2014-12-22,2014-12-23,0,Overnight,0.0,False,25.64,25.64,-61.12,False,0.0,False
2014-12-23,2014-12-24,0,Overnight,0.0,False,3.55,3.55,-50.76,False,0.0,False
2014-12-24,2014-12-26,1,Short,24.0,True,8.03,8.03,167.19,False,0.0,False
2014-12-26,2014-12-29,2,Weekend,48.0,False,-17.56,-17.56,10.54,False,0.0,False
2014-12-29,2014-12-30,0,Overnight,0.0,False,-23.73,-23.73,-99.05,False,0.0,False
2014-12-30,2014-12-31,0,Overnight,0.0,False,26.63,26.63,-218.65,False,0.0,False
2014-12-31,2015-01-02,1,Short,24.0,False,91.09,91.09,-186.67,False,0.0,False
2015-01-02,2015-01-05,2,Weekend,48.0,False,-95.58,-95.58,-190.18,False,0.0,False
2015-01-05,2015-01-06,0,Overnight,0.0,False,27.26,27.26,-26.32,False,0.0,False
2015-01-06,2015-01-07,0,Overnight,0.0,False,88.07,88.07,51.18,False,0.0,False
2015-01-07,2015-01-08,0,Overnight,0.0,False,136.42,136.42,240.6,False,0.0,False
2015-01-08,2015-01-09,0,Overnight,0.0,False,69.47,69.47,-58.75,False,0.0,False
2015-01-09,2015-01-12,2,Weekend,48.0,False,52.54,52.54,-302.03,False,0.0,False
2015-01-12,2015-01-13,0,Overnight,0.0,False,197.58,197.58,-109.18,False,0.0,False
2015-01-13,2015-01-14,0,Overnight,0.0,False,-107.64,-107.64,69.46,False,0.0,False
2015-01-14,2015-01-15,0,Overnight,0.0,False,18.2,18.2,-293.35,False,0.0,False
2015-01-15,2015-01-16,0,Overnight,0.0,False,19.64,19.64,-97.64,False,0.0,False
2015-01-16,2015-01-20,3,Long,72.0,False,173.04,173.04,81.27,False,0.0,False
2015-01-20,2015-01-21,0,Overnight,0.0,False,21.13,21.13,54.92,False,0.0,False
2015-01-21,2015-01-22,0,Overnight,0.0,False,64.6,64.6,192.23,False,0.0,False
2015-01-22,2015-01-23,0,Overnight,0.0,False,-8.9,-8.9,60.37,False,0.0,False
2015-01-23,2015-01-26,2,Weekend,48.0,False,67.04,67.04,-56.43,False,0.0,False
2015-01-26,2015-01-27,0,Overnight,0.0,False,-60.31,-60.31,-296.1,False,0.0,False
2015-01-27,2015-01-28,0,Overnight,0.0,False,749.13,749.13,-199.2,False,0.0,False
2015-01-28,2015-01-29,0,Overnight,0.0,False,87.21,87.21,219.38,False,0.0,False
2015-01-29,2015-01-30,0,Overnight,0.0,False,-42.14,-42.14,-105.28,False,0.0,False
2015-01-30,2015-02-02,2,Weekend,48.0,False,75.68,75.68,49.01,False,0.0,False
2015-02-02,2015-02-03,0,Overnight,0.0,False,-10.96,-10.96,12.65,False,0.0,False
2015-02-03,2015-02-04,0,Overnight,0.0,False,-12.65,-12.65,89.05,False,0.0,False
2015-02-04,2015-02-05,0,Overnight,0.0,False,38.4,77.48,-6.67,True,39.31,False
2015-02-05,2015-02-06,0,Overnight,0.0,False,6.67,6.67,-91.23,False,0.0,False
2015-02-06,2015-02-09,2,Weekend,48.0,False,-32.0,-32.0,98.21,False,0.0,False
2015-02-09,2015-02-10,0,Overnight,0.0,False,37.52,37.52,152.78,False,0.0,False
2015-02-10,2015-02-11,0,Overnight,0.0,False,61.28,61.28,170.41,False,0.0,False
2015-02-11,2015-02-12,0,Overnight,0.0,False,94.05,94.05,31.68,False,0.0,False
2015-02-12,2015-02-13,0,Overnight,0.0,False,64.63,64.63,-15.73,False,0.0,False
2015-02-13,2015-02-17,3,Long,72.0,False,32.21,32.21,26.63,False,0.0,False
2015-02-17,2015-02-18,0,Overnight,0.0,False,-15.66,-15.66,85.04,False,0.0,False
2015-02-18,2015-02-19,0,Overnight,0.0,False,-18.66,-18.66,-2.34,False,0.0,False
2015-02-19,2015-02-20,0,Overnight,0.0,False,13.23,13.23,68.19,False,0.0,False
2015-02-20,2015-02-23,2,Weekend,48.0,False,40.07,40.07,226.61,False,0.0,False
2015-02-23,2015-02-24,0,Overnight,0.0,False,-4.51,-4.51,-58.09,False,0.0,False
2015-02-24,2015-02-25,0,Overnight,0.0,False,-46.26,-46.26,-212.8,False,0.0,False
2015-02-25,2015-02-26,0,Overnight,0.0,False,0.0,0.0,125.77,False,0.0,False
2015-02-26,2015-02-27,0,Overnight,0.0,False,-32.26,-32.26,-119.17,False,0.0,False
2015-02-27,2015-03-02,2,Weekend,48.0,False,61.31,61.31,-12.39,False,0.0,False
2015-03-02,2015-03-03,0,Overnight,0.0,False,-10.07,-10.07,30.97,False,0.0,False
2015-03-03,2015-03-04,0,Overnight,0.0,False,-20.12,-20.12,-43.47,False,0.0,False
2015-03-04,2015-03-05,0,Overnight,0.0,False,3.11,3.11,-170.21,False,0.0,False
2015-03-05,2015-03-06,0,Overnight,0.0,False,156.2,156.2,-141.18,False,0.0,False
2015-03-06,2015-03-09,2,Weekend,47.0,False,106.85,106.85,-64.29,False,0.0,False
2015-03-09,2015-03-10,0,Overnight,0.0,False,-57.58,-57.58,-151.45,False,0.0,False
2015-03-10,2015-03-11,0,Overnight,0.0,False,19.26,19.26,-203.25,False,0.0,False
2015-03-11,2015-03-12,0,Overnight,0.0,False,5.72,5.72,173.45,False,0.0,False
2015-03-12,2015-03-13,0,Overnight,0.0,False,-4.02,-4.02,-65.33,False,0.0,False
2015-03-13,2015-03-16,2,Weekend,48.0,False,23.44,23.44,86.0,False,0.0,False
2015-03-16,2015-03-17,0,Overnight,0.0,False,75.74,75.74,90.14,False,0.0,False
2015-03-17,2015-03-18,0,Overnight,0.0,False,-3.15,-3.15,115.08,False,0.0,False
2015-03-18,2015-03-19,0,Overnight,0.0,False,21.77,21.77,-97.56,False,0.0,False
2015-03-19,2015-03-20,0,Overnight,0.0,False,58.65,58.65,-184.94,False,0.0,False
2015-03-20,2015-03-23,2,Weekend,48.0,False,96.44,96.44,7.08,False,0.0,False
2015-03-23,2015-03-24,0,Overnight,0.0,False,1.57,1.57,-42.53,False,0.0,False
2015-03-24,2015-03-25,0,Overnight,0.0,False,-11.85,-11.85,-252.89,False,0.0,False
2015-03-25,2015-03-26,0,Overnight,0.0,False,-50.38,-50.38,119.84,False,0.0,False
2015-03-26,2015-03-27,0,Overnight,0.0,False,26.53,26.53,-106.53,False,0.0,False
2015-03-27,2015-03-30,2,Weekend,48.0,False,64.7,64.7,185.29,False,0.0,False
2015-03-30,2015-03-31,0,Overnight,0.0,False,-22.18,-22.18,-132.53,False,0.0,False
2015-03-31,2015-04-01,0,Overnight,0.0,False,31.29,31.29,-45.77,False,0.0,False
2015-04-01,2015-04-02,0,Overnight,0.0,False,62.58,62.58,23.17,False,0.0,False
2015-04-02,2015-04-06,3,Long,72.0,False,-68.06,-68.06,228.74,False,0.0,False
2015-04-06,2015-04-07,0,Overnight,0.0,False,22.75,22.75,-128.53,False,0.0,False
2015-04-07,2015-04-08,0,Overnight,0.0,False,-12.71,-12.71,-19.88,False,0.0,False
2015-04-08,2015-04-09,0,Overnight,0.0,False,19.88,19.88,56.26,False,0.0,False
2015-04-09,2015-04-10,0,Overnight,0.0,False,-48.32,-48.32,90.89,False,0.0,False
2015-04-10,2015-04-13,2,Weekend,48.0,False,99.43,99.43,-119.11,False,0.0,False
2015-04-13,2015-04-14,0,Overnight,0.0,False,11.82,11.82,-55.27,False,0.0,False
2015-04-14,2015-04-15,0,Overnight,0.0,False,8.71,8.71,29.23,False,0.0,False
2015-04-15,2015-04-16,0,Overnight,0.0,False,-39.52,-39.52,-8.71,False,0.0,False
2015-04-16,2015-04-17,0,Overnight,0.0,False,-49.26,-49.26,-63.92,False,0.0,False
2015-04-17,2015-04-20,2,Weekend,48.0,False,65.52,65.52,160.37,False,0.0,False
2015-04-20,2015-04-21,0,Overnight,0.0,False,39.11,39.11,-93.33,False,0.0,False
2015-04-21,2015-04-22,0,Overnight,0.0,False,6.3,6.3,127.54,False,0.0,False
2015-04-22,2015-04-23,0,Overnight,0.0,False,-24.91,-24.91,106.21,False,0.0,False
2015-04-23,2015-04-24,0,Overnight,0.0,False,63.04,63.04,-16.11,False,0.0,False
2015-04-24,2015-04-27,2,Weekend,48.0,False,154.62,154.62,25.66,False,0.0,False
2015-04-27,2015-04-28,0,Overnight,0.0,False,135.53,135.53,-294.34,False,0.0,False
2015-04-28,2015-04-29,0,Overnight,0.0,False,-30.68,-30.68,-117.47,False,0.0,False
2015-04-29,2015-04-30,0,Overnight,0.0,False,0.0,0.0,-275.05,False,0.0,False
2015-04-30,2015-05-01,0,Overnight,0.0,False,75.62,75.62,223.49,False,0.0,False
2015-05-01,2015-05-04,2,Weekend,48.0,False,42.56,42.56,-61.97,False,0.0,False
2015-05-04,2015-05-05,0,Overnight,0.0,False,-42.83,-42.83,-185.08,False,0.0,False
2015-05-05,2015-05-06,0,Overnight,0.0,False,60.23,60.23,-123.23,False,0.0,False
2015-05-06,2015-05-07,0,Overnight,0.0,False,-19.22,22.37,39.2,True,41.6,False
2015-05-07,2015-05-08,0,Overnight,0.0,False,112.73,112.73,73.93,False,0.0,False
2015-05-08,2015-05-11,2,Weekend,48.0,False,-18.04,-18.04,-84.35,False,0.0,False
2015-05-11,2015-05-12,0,Overnight,0.0,False,-57.16,-57.16,21.47,False,0.0,False
2015-05-12,2015-05-13,0,Overnight,0.0,False,22.22,22.22,-11.1,False,0.0,False
2015-05-13,2015-05-14,0,Overnight,0.0,False,110.49,110.49,120.14,False,0.0,False
2015-05-14,2015-05-15,0,Overnight,0.0,False,9.3,9.3,-23.27,False,0.0,False
2015-05-15,2015-05-18,2,Weekend,48.0,False,-30.33,-30.33,140.0,False,0.0,False
2015-05-18,2015-05-19,0,Overnight,0.0,False,38.33,38.33,-47.55,False,0.0,False
2015-05-19,2015-05-20,0,Overnight,0.0,False,-5.38,-5.38,4.61,False,0.0,False
2015-05-20,2015-05-21,0,Overnight,0.0,False,0.77,0.77,100.97,False,0.0,False
2015-05-21,2015-05-22,0,Overnight,0.0,False,15.97,15.97,71.17,False,0.0,False
2015-05-22,2015-05-26,3,Long,72.0,False,4.53,4.53,-227.3,False,0.0,False
2015-05-26,2015-05-27,0,Overnight,0.0,False,55.39,55.39,129.58,False,0.0,False
2015-05-27,2015-05-28,0,Overnight,0.0,False,-13.64,-13.64,-6.07,False,0.0,False
2015-05-28,2015-05-29,0,Overnight,0.0,False,-41.82,-41.82,-72.65,False,0.0,False
2015-05-29,2015-06-01,2,Weekend,48.0,False,0.0,0.0,19.94,False,0.0,False
2015-06-01,2015-06-02,0,Overnight,0.0,False,-52.23,-52.23,7.7,False,0.0,False
2015-06-02,2015-06-03,0,Overnight,0.0,False,53.72,53.72,-41.41,False,0.0,False
2015-06-03,2015-06-04,0,Overnight,0.0,False,-41.59,-41.59,-16.99,False,0.0,False
2015-06-04,2015-06-05,0,Overnight,0.0,False,10.82,10.82,-65.85,False,0.0,False
2015-06-05,2015-06-08,2,Weekend,48.0,False,19.41,19.41,-85.7,False,0.0,False
2015-06-08,2015-06-09,0,Overnight,0.0,False,-86.45,-86.45,56.67,False,0.0,False
2015-06-09,2015-06-10,0,Overnight,0.0,False,39.16,39.16,74.77,False,0.0,False
2015-06-10,2015-06-11,0,Overnight,0.0,False,23.25,23.25,-45.78,False,0.0,False
2015-06-11,2015-06-12,0,Overnight,0.0,False,-31.15,-31.15,-79.89,False,0.0,False
2015-06-12,2015-06-15,2,Weekend,48.0,False,-84.5,-84.5,64.82,False,0.0,False
2015-06-15,2015-06-16,0,Overnight,0.0,False,8.66,8.66,44.77,False,0.0,False
2015-06-16,2015-06-17,0,Overnight,0.0,False,9.4,9.4,-32.94,False,0.0,False
2015-06-17,2015-06-18,0,Overnight,0.0,False,-5.5,-5.5,50.96,False,0.0,False
2015-06-18,2015-06-19,0,Overnight,0.0,False,-13.3,-13.3,-87.3,False,0.0,False
2015-06-19,2015-06-22,2,Weekend,48.0,False,70.05,70.05,9.41,False,0.0,False
2015-06-22,2015-06-23,0,Overnight,0.0,False,-10.19,-10.19,-35.36,False,0.0,False
2015-06-23,2015-06-24,0,Overnight,0.0,False,14.16,14.16,70.5,False,0.0,False
2015-06-24,2015-06-25,0,Overnight,0.0,False,58.37,58.37,-106.1,False,0.0,False
2015-06-25,2015-06-26,0,Overnight,0.0,False,13.32,13.32,-72.32,False,0.0,False
2015-06-26,2015-06-29,2,Weekend,48.0,False,-102.3,-102.3,-74.4,False,0.0,False
2015-06-29,2015-06-30,0,Overnight,0.0,False,83.17,83.17,-11.16,False,0.0,False
2015-06-30,2015-07-01,0,Overnight,0.0,False,116.52,116.52,-23.67,False,0.0,False
2015-07-01,2015-07-02,0,Overnight,0.0,False,-13.44,-13.44,0.79,False,0.0,False
2015-07-02,2015-07-06,3,Long,72.0,False,-119.34,-119.34,84.48,False,0.0,False
2015-07-06,2015-07-07,0,Overnight,0.0,False,-8.73,-8.73,-15.9,False,0.0,False
2015-07-07,2015-07-08,0,Overnight,0.0,False,-96.73,-96.73,-154.63,False,0.0,False
2015-07-08,2015-07-09,0,Overnight,0.0,False,103.89,103.89,-309.96,False,0.0,False
2015-07-09,2015-07-10,0,Overnight,0.0,False,154.54,154.54,109.29,False,0.0,False
2015-07-10,2015-07-13,2,Weekend,48.0,False,140.96,140.96,50.26,False,0.0,False
2015-07-13,2015-07-14,0,Overnight,0.0,False,30.19,30.19,-34.17,False,0.0,False
2015-07-14,2015-07-15,0,Overnight,0.0,False,8.75,8.75,87.12,False,0.0,False
2015-07-15,2015-07-16,0,Overnight,0.0,False,72.28,72.28,60.1,False,0.0,False
2015-07-16,2015-07-17,0,Overnight,0.0,False,44.26,44.26,41.75,False,0.0,False
2015-07-17,2015-07-20,2,Weekend,48.0,False,103.61,103.61,83.64,False,0.0,False
2015-07-20,2015-07-21,0,Overnight,0.0,False,58.89,58.89,-159.34,False,0.0,False
2015-07-21,2015-07-22,0,Overnight,0.0,False,-693.48,-693.48,261.33,False,0.0,False
2015-07-22,2015-07-23,0,Overnight,0.0,False,77.96,77.96,-82.75,False,0.0,False
2015-07-23,2015-07-24,0,Overnight,0.0,False,12.78,12.78,-65.65,False,0.0,False
2015-07-24,2015-07-27,2,Weekend,48.0,False,-113.9,-113.9,-26.03,False,0.0,False
2015-07-27,2015-07-28,0,Overnight,0.0,False,49.56,49.56,0.0,False,0.0,False
2015-07-28,2015-07-29,0,Overnight,0.0,False,-18.66,-18.66,-13.0,False,0.0,False
2015-07-29,2015-07-30,0,Overnight,0.0,False,-54.62,-54.62,4.09,False,0.0,False
2015-07-30,2015-07-31,0,Overnight,0.0,False,18.78,18.78,-106.6,False,0.0,False
2015-07-31,2015-08-03,2,Weekend,48.0,False,16.47,16.47,-255.08,False,0.0,False
2015-08-03,2015-08-04,0,Overnight,0.0,False,-86.49,-86.49,-239.6,False,0.0,False
2015-08-04,2015-08-05,0,Overnight,0.0,False,-148.52,-148.52,214.59,False,0.0,False
2015-08-05,2015-08-06,0,Overnight,0.0,False,49.27,94.01,-72.7,True,45.06,False
2015-08-06,2015-08-07,0,Overnight,0.0,False,-47.89,-47.89,81.7,False,0.0,False
2015-08-07,2015-08-10,2,Weekend,48.0,False,87.05,87.05,270.07,False,0.0,False
2015-08-10,2015-08-11,0,Overnight,0.0,False,-160.83,-160.83,-373.58,False,0.0,False
2015-08-11,2015-08-12,0,Overnight,0.0,False,-84.95,-84.95,237.97,False,0.0,False
2015-08-12,2015-08-13,0,Overnight,0.0,False,69.18,69.18,-76.99,False,0.0,False
2015-08-13,2015-08-14,0,Overnight,0.0,False,-72.34,-72.34,142.44,False,0.0,False
2015-08-14,2015-08-17,2,Weekend,48.0,False,6.9,6.9,96.06,False,0.0,False
2015-08-17,2015-08-18,0,Overnight,0.0,False,-62.5,-62.5,6.01,False,0.0,False
2015-08-18,2015-08-19,0,Overnight,0.0,False,-34.39,-34.39,-94.33,False,0.0,False
2015-08-19,2015-08-20,0,Overnight,0.0,False,-81.19,-81.19,-126.14,False,0.0,False
2015-08-20,2015-08-21,0,Overnight,0.0,False,-199.04,-199.04,-432.09,False,0.0,False
2015-08-21,2015-08-24,2,Weekend,48.0,False,-1086.65,-1086.65,833.86,False,0.0,False
2015-08-24,2015-08-25,0,Overnight,0.0,False,746.27,746.27,-686.33,False,0.0,False
2015-08-25,2015-08-26,0,Overnight,0.0,False,317.82,317.82,239.89,False,0.0,False
2015-08-26,2015-08-27,0,Overnight,0.0,False,228.92,228.92,61.29,False,0.0,False
2015-08-27,2015-08-28,0,Overnight,0.0,False,-66.64,-66.64,99.35,False,0.0,False
2015-08-28,2015-08-31,2,Weekend,48.0,False,-111.84,-111.84,64.95,False,0.0,False
2015-08-31,2015-09-01,0,Overnight,0.0,False,-234.19,-234.19,-223.08,False,0.0,False
2015-09-01,2015-09-02,0,Overnight,0.0,False,230.34,230.34,189.61,False,0.0,False
2015-09-02,2015-09-03,0,Overnight,0.0,False,13.34,13.34,-190.26,False,0.0,False
2015-09-03,2015-09-04,0,Overnight,0.0,False,-127.66,-127.66,27.49,False,0.0,False
2015-09-04,2015-09-08,3,Long,72.0,False,224.42,224.42,49.99,False,0.0,False
2015-09-08,2015-09-09,0,Overnight,0.0,False,128.28,128.28,-322.48,False,0.0,False
2015-09-09,2015-09-10,0,Overnight,0.0,False,10.89,10.89,206.43,False,0.0,False
2015-09-10,2015-09-11,0,Overnight,0.0,False,-69.53,-69.53,214.17,False,0.0,False
2015-09-11,2015-09-14,2,Weekend,48.0,False,205.39,205.39,-109.54,False,0.0,False
2015-09-14,2015-09-15,0,Overnight,0.0,False,53.62,53.62,30.15,False,0.0,False
2015-09-15,2015-09-16,0,Overnight,0.0,False,-2.58,-2.58,13.75,False,0.0,False
2015-09-16,2015-09-17,0,Overnight,0.0,False,-64.64,-64.64,-151.58,False,0.0,False
2015-09-17,2015-09-18,0,Overnight,0.0,False,-151.24,-151.24,109.9,False,0.0,False
2015-09-18,2015-09-21,2,Weekend,48.0,False,19.37,19.37,134.57,False,0.0,False
2015-09-21,2015-09-22,0,Overnight,0.0,False,-160.12,-160.12,1.76,False,0.0,False
2015-09-22,2015-09-23,0,Overnight,0.0,False,20.26,20.26,60.54,False,0.0,False
2015-09-23,2015-09-24,0,Overnight,0.0,False,-94.04,-94.04,153.34,False,0.0,False
2015-09-24,2015-09-25,0,Overnight,0.0,False,124.44,124.44,-149.69,False,0.0,False
2015-09-25,2015-09-28,2,Weekend,48.0,False,-75.25,-75.25,-124.62,False,0.0,False
2015-09-28,2015-09-29,0,Overnight,0.0,False,34.62,34.62,-339.84,False,0.0,False
2015-09-29,2015-09-30,0,Overnight,0.0,False,101.26,101.26,11.79,False,0.0,False
2015-09-30,2015-10-01,0,Overnight,0.0,False,-112.14,-112.14,46.65,False,0.0,False
2015-10-01,2015-10-02,0,Overnight,0.0,False,-144.31,-144.31,217.05,False,0.0,False
2015-10-02,2015-10-05,2,Weekend,48.0,False,-45.4,-45.4,81.57,False,0.0,False
2015-10-05,2015-10-06,0,Overnight,0.0,False,-13.55,-13.55,61.28,False,0.0,False
2015-10-06,2015-10-07,0,Overnight,0.0,False,38.56,38.56,-86.28,False,0.0,False
2015-10-07,2015-10-08,0,Overnight,0.0,False,-53.4,-53.4,-62.82,False,0.0,False
2015-10-08,2015-10-09,0,Overnight,0.0,False,45.56,45.56,190.89,False,0.0,False
2015-10-09,2015-10-12,2,Weekend,48.0,False,54.26,54.26,-100.75,False,0.0,False
2015-10-12,2015-10-13,0,Overnight,0.0,False,-70.14,-70.14,87.15,False,0.0,False
2015-10-13,2015-10-14,0,Overnight,0.0,False,-44.83,-44.83,-97.52,False,0.0,False
2015-10-14,2015-10-15,0,Overnight,0.0,False,65.12,65.12,83.49,False,0.0,False
2015-10-15,2015-10-16,0,Overnight,0.0,False,-7.15,-7.15,-66.42,False,0.0,False
2015-10-16,2015-10-19,2,Weekend,48.0,False,-21.64,-21.64,83.58,False,0.0,False
2015-10-19,2015-10-20,0,Overnight,0.0,False,-34.97,-34.97,215.9,False,0.0,False
2015-10-20,2015-10-21,0,Overnight,0.0,False,20.2,20.2,-21.07,False,0.0,False
2015-10-21,2015-10-22,0,Overnight,0.0,False,49.98,49.98,101.82,False,0.0,False
2015-10-22,2015-10-23,0,Overnight,0.0,False,103.36,103.36,201.89,False,0.0,False
2015-10-23,2015-10-26,2,Weekend,48.0,False,-84.33,-84.33,-239.98,False,0.0,False
2015-10-26,2015-10-27,0,Overnight,0.0,False,10.4,10.4,-73.93,False,0.0,False
2015-10-27,2015-10-28,0,Overnight,0.0,False,205.64,205.64,198.14,False,0.0,False
2015-10-28,2015-10-29,0,Overnight,0.0,False,-47.91,-47.91,152.99,False,0.0,False
2015-10-29,2015-10-30,0,Overnight,0.0,False,38.09,38.09,-123.91,False,0.0,False
2015-10-30,2015-11-02,2,Weekend,49.0,False,108.2,108.2,31.41,False,0.0,False
2015-11-02,2015-11-03,0,Overnight,0.0,False,-32.24,-32.24,146.29,False,0.0,False
2015-11-03,2015-11-04,0,Overnight,0.0,False,45.58,45.58,-92.2,False,0.0,False
2015-11-04,2015-11-05,0,Overnight,0.0,False,-12.3,30.28,-76.62,True,42.62,False
2015-11-05,2015-11-06,0,Overnight,0.0,False,15.7,15.7,-4.13,False,0.0,False
2015-11-06,2015-11-09,2,Weekend,48.0,False,-8.26,-8.26,-32.29,False,0.0,False
2015-11-09,2015-11-10,0,Overnight,0.0,False,-309.12,-309.12,-11.13,False,0.0,False
2015-11-10,2015-11-11,0,Overnight,0.0,False,-34.31,-34.31,-22.37,False,0.0,False
2015-11-11,2015-11-12,0,Overnight,0.0,False,12.91,12.91,-46.56,False,0.0,False
2015-11-12,2015-11-13,0,Overnight,0.0,False,-45.04,-45.04,-251.4,False,0.0,False
2015-11-13,2015-11-16,2,Weekend,48.0,False,-85.82,-85.82,248.28,False,0.0,False
2015-11-16,2015-11-17,0,Overnight,0.0,False,64.6,64.6,-107.61,False,0.0,False
2015-11-17,2015-11-18,0,Overnight,0.0,False,180.44,180.44,131.3,False,0.0,False
2015-11-18,2015-11-19,0,Overnight,0.0,False,29.8,29.8,96.44,False,0.0,False
2015-11-19,2015-11-20,0,Overnight,0.0,False,35.3,35.3,8.39,False,0.0,False
2015-11-20,2015-11-23,2,Weekend,48.0,False,-2.52,-2.52,-128.26,False,0.0,False
2015-11-23,2015-11-24,0,Overnight,0.0,False,-35.73,-35.73,131.24,False,0.0,False
2015-11-24,2015-11-25,0,Overnight,0.0,False,27.72,27.72,-99.48,False,0.0,False
2015-11-25,2015-11-27,1,Short,24.0,False,22.0,22.0,-40.66,False,0.0,False
2015-11-27,2015-11-30,2,Weekend,48.0,True,15.27,15.27,26.24,False,0.0,False
2015-11-30,2015-12-01,0,Overnight,0.0,False,37.97,37.97,-119.45,False,0.0,False
2015-12-01,2015-12-02,0,Overnight,0.0,False,0.0,0.0,-90.75,False,0.0,False
2015-12-02,2015-12-03,0,Overnight,0.0,False,23.19,23.19,-116.51,False,0.0,False
2015-12-03,2015-12-04,0,Overnight,0.0,False,7.81,7.81,319.25,False,0.0,False
2015-12-04,2015-12-07,2,Weekend,48.0,False,-4.2,-4.2,-59.01,False,0.0,False
2015-12-07,2015-12-08,0,Overnight,0.0,False,-64.46,-64.46,60.23,False,0.0,False
2015-12-08,2015-12-09,0,Overnight,0.0,False,-50.03,-50.03,-173.2,False,0.0,False
2015-12-09,2015-12-10,0,Overnight,0.0,False,36.26,36.26,11.2,False,0.0,False
2015-12-10,2015-12-11,0,Overnight,0.0,False,-84.72,-84.72,-176.04,False,0.0,False
2015-12-11,2015-12-14,2,Weekend,48.0,False,-88.75,-88.75,26.71,False,0.0,False
2015-12-14,2015-12-15,0,Overnight,0.0,False,-48.12,-48.12,-130.38,False,0.0,False
2015-12-15,2015-12-16,0,Overnight,0.0,False,52.36,52.36,24.28,False,0.0,False
2015-12-16,2015-12-17,0,Overnight,0.0,False,60.89,60.89,-275.13,False,0.0,False
2015-12-17,2015-12-18,0,Overnight,0.0,False,-6.43,-6.43,-268.0,False,0.0,False
2015-12-18,2015-12-21,2,Weekend,48.0,False,117.2,117.2,4.66,False,0.0,False
2015-12-21,2015-12-22,0,Overnight,0.0,False,6.52,6.52,-15.84,False,0.0,False
2015-12-22,2015-12-23,0,Overnight,0.0,False,3.73,3.73,124.15,False,0.0,False
2015-12-23,2015-12-24,0,Overnight,0.0,False,35.84,35.84,-89.39,False,0.0,False
2015-12-24,2015-12-28,3,Long,72.0,True,-40.81,-40.81,-71.82,False,0.0,False
2015-12-28,2015-12-29,0,Overnight,0.0,False,13.1,13.1,165.05,False,0.0,False
2015-12-29,2015-12-30,0,Overnight,0.0,False,-14.72,-14.72,-116.72,False,0.0,False
2015-12-30,2015-12-31,0,Overnight,0.0,False,-28.93,-28.93,-164.89,False,0.0,False
2015-12-31,2016-01-04,3,Long,72.0,False,-254.98,-254.98,263.53,False,0.0,False
2016-01-04,2016-01-05,0,Overnight,0.0,False,37.9,37.9,-291.68,False,0.0,False
2016-01-05,2016-01-06,0,Overnight,0.0,False,-211.55,-211.55,13.91,False,0.0,False
2016-01-06,2016-01-07,0,Overnight,0.0,False,-202.63,-202.63,-228.58,False,0.0,False
2016-01-07,2016-01-08,0,Overnight,0.0,False,215.39,215.39,-162.66,False,0.0,False
2016-01-08,2016-01-11,2,Weekend,48.0,False,205.18,205.18,-44.56,False,0.0,False
2016-01-11,2016-01-12,0,Overnight,0.0,False,202.94,202.94,-58.85,False,0.0,False
2016-01-12,2016-01-13,0,Overnight,0.0,False,35.95,35.95,-296.42,False,0.0,False
2016-01-13,2016-01-14,0,Overnight,0.0,False,58.36,58.36,157.99,False,0.0,False
2016-01-14,2016-01-15,0,Overnight,0.0,False,-339.29,-339.29,96.21,False,0.0,False
2016-01-15,2016-01-19,3,Long,72.0,False,130.92,130.92,-179.43,False,0.0,False
2016-01-19,2016-01-20,0,Overnight,0.0,False,-162.71,-162.71,176.15,False,0.0,False
2016-01-20,2016-01-21,0,Overnight,0.0,False,27.86,27.86,-78.61,False,0.0,False
2016-01-21,2016-01-22,0,Overnight,0.0,False,239.07,239.07,278.95,False,0.0,False
2016-01-22,2016-01-25,2,Weekend,48.0,False,9.85,9.85,-207.01,False,0.0,False
2016-01-25,2016-01-26,0,Overnight,0.0,False,49.15,49.15,6.0,False,0.0,False
2016-01-26,2016-01-27,0,Overnight,0.0,False,-403.05,-403.05,-276.59,False,0.0,False
2016-01-27,2016-01-28,0,Overnight,0.0,False,39.53,39.53,31.93,False,0.0,False
2016-01-28,2016-01-29,0,Overnight,0.0,False,74.12,74.12,265.46,False,0.0,False
2016-01-29,2016-02-01,2,Weekend,48.0,False,-89.78,-89.78,-4.15,False,0.0,False
2016-02-01,2016-02-02,0,Overnight,0.0,False,-105.29,-105.29,-99.0,False,0.0,False
2016-02-02,2016-02-03,0,Overnight,0.0,False,54.89,54.89,141.11,False,0.0,False
2016-02-03,2016-02-04,0,Overnight,0.0,False,-50.99,3.11,76.9,True,53.97,False
2016-02-04,2016-02-05,0,Overnight,0.0,False,-8.29,-8.29,-262.43,False,0.0,False
2016-02-05,2016-02-08,2,Weekend,48.0,False,-95.11,-95.11,199.86,False,0.0,False
2016-02-08,2016-02-09,0,Overnight,0.0,False,-76.07,-76.07,73.96,False,0.0,False
2016-02-09,2016-02-10,0,Overnight,0.0,False,97.43,97.43,-173.52,False,0.0,False
2016-02-10,2016-02-11,0,Overnight,0.0,False,-51.05,-51.05,-9.6,False,0.0,False
2016-02-11,2016-02-12,0,Overnight,0.0,False,52.16,52.16,-21.26,False,0.0,False
2016-02-12,2016-02-16,3,Long,72.0,False,108.99,108.99,169.05,False,0.0,False
2016-02-16,2016-02-17,0,Overnight,0.0,False,3.1,3.1,148.88,False,0.0,False
2016-02-17,2016-02-18,0,Overnight,0.0,False,73.11,73.11,-264.49,False,0.0,False
2016-02-18,2016-02-19,0,Overnight,0.0,False,-27.05,-27.05,4.17,False,0.0,False
2016-02-19,2016-02-22,2,Weekend,48.0,False,28.07,28.07,59.01,False,0.0,False
2016-02-22,2016-02-23,0,Overnight,0.0,False,-49.67,-49.67,-178.98,False,0.0,False
2016-02-23,2016-02-24,0,Overnight,0.0,False,-75.26,-75.26,223.07,False,0.0,False
2016-02-24,2016-02-25,0,Overnight,0.0,False,-5.2,-5.2,73.65,False,0.0,False
2016-02-25,2016-02-26,0,Overnight,0.0,False,45.37,45.37,-29.88,False,0.0,False
2016-02-26,2016-02-29,2,Weekend,48.0,False,-5.16,-5.16,-17.57,False,0.0,False
2016-02-29,2016-03-01,0,Overnight,0.0,False,98.8,98.8,290.67,False,0.0,False
2016-03-01,2016-03-02,0,Overnight,0.0,False,-1.99,-1.99,23.85,False,0.0,False
2016-03-02,2016-03-03,0,Overnight,0.0,False,-16.89,-16.89,91.05,False,0.0,False
2016-03-03,2016-03-04,0,Overnight,0.0,False,85.35,85.35,62.32,False,0.0,False
2016-03-04,2016-03-07,2,Weekend,48.0,False,-60.37,-60.37,-50.92,False,0.0,False
2016-03-07,2016-03-08,0,Overnight,0.0,False,-107.58,-107.58,24.78,False,0.0,False
2016-03-08,2016-03-09,0,Overnight,0.0,False,27.68,27.68,-18.77,False,0.0,False
2016-03-09,2016-03-10,0,Overnight,0.0,False,28.64,28.64,-23.69,False,0.0,False
2016-03-10,2016-03-11,0,Overnight,0.0,False,105.21,105.21,1.96,False,0.0,False
2016-03-11,2016-03-14,2,Weekend,47.0,False,-34.29,-34.29,59.68,False,0.0,False
2016-03-14,2016-03-15,0,Overnight,0.0,False,139.48,139.48,59.46,False,0.0,False
2016-03-15,2016-03-16,0,Overnight,0.0,False,2.87,2.87,129.17,False,0.0,False
2016-03-16,2016-03-17,0,Overnight,0.0,False,-42.56,-42.56,26.5,False,0.0,False
2016-03-17,2016-03-18,0,Overnight,0.0,False,50.91,50.91,-39.57,False,0.0,False
2016-03-18,2016-03-21,2,Weekend,48.0,False,0.94,0.94,-1.89,False,0.0,False
2016-03-21,2016-03-22,0,Overnight,0.0,False,-62.51,-62.51,138.7,False,0.0,False
2016-03-22,2016-03-23,0,Overnight,0.0,False,-22.51,-22.51,-32.92,False,0.0,False
2016-03-23,2016-03-24,0,Overnight,0.0,False,-62.38,-62.38,18.94,False,0.0,False
2016-03-24,2016-03-28,3,Long,72.0,False,31.18,31.18,-76.71,False,0.0,False
2016-03-28,2016-03-29,0,Overnight,0.0,False,-28.56,-28.56,262.52,False,0.0,False
2016-03-29,2016-03-30,0,Overnight,0.0,False,89.68,89.68,83.41,False,0.0,False
2016-03-30,2016-03-31,0,Overnight,0.0,False,14.59,14.59,-66.76,False,0.0,False
2016-03-31,2016-04-01,0,Overnight,0.0,False,-19.29,-19.29,110.62,False,0.0,False
2016-04-01,2016-04-04,2,Weekend,48.0,False,39.02,39.02,63.19,False,0.0,False
2016-04-04,2016-04-05,0,Overnight,0.0,False,-145.95,-145.95,27.36,False,0.0,False
2016-04-05,2016-04-06,0,Overnight,0.0,False,38.18,38.18,66.01,False,0.0,False
2016-04-06,2016-04-07,0,Overnight,0.0,False,-91.44,-91.44,-129.07,False,0.0,False
2016-04-07,2016-04-08,0,Overnight,0.0,False,34.03,34.03,-22.98,False,0.0,False
2016-04-08,2016-04-11,2,Weekend,48.0,False,28.49,28.49,4.59,False,0.0,False
2016-04-11,2016-04-12,0,Overnight,0.0,False,29.31,29.31,100.1,False,0.0,False
2016-04-12,2016-04-13,0,Overnight,0.0,False,32.54,32.54,111.29,False,0.0,False
2016-04-13,2016-04-14,0,Overnight,0.0,False,-37.56,-37.56,42.91,False,0.0,False
2016-04-14,2016-04-15,0,Overnight,0.0,False,0.89,0.89,-203.65,False,0.0,False
2016-04-15,2016-04-18,2,Weekend,48.0,False,-87.78,-87.78,-130.33,False,0.0,False
2016-04-18,2016-04-19,0,Overnight,0.0,False,37.15,37.15,-90.32,False,0.0,False
2016-04-19,2016-04-20,0,Overnight,0.0,False,-25.29,-25.29,45.84,False,0.0,False
2016-04-20,2016-04-21,0,Overnight,0.0,False,-18.69,-18.69,-90.18,False,0.0,False
2016-04-21,2016-04-22,0,Overnight,0.0,False,-91.0,-91.0,63.6,False,0.0,False
2016-04-22,2016-04-25,2,Weekend,48.0,False,-64.55,-64.55,7.62,False,0.0,False
2016-04-25,2016-04-26,0,Overnight,0.0,False,-111.97,-111.97,42.25,False,0.0,False
2016-04-26,2016-04-27,0,Overnight,0.0,False,-834.02,-834.02,187.81,False,0.0,False
2016-04-27,2016-04-28,0,Overnight,0.0,False,-21.49,-21.49,-288.94,False,0.0,False
2016-04-28,2016-04-29,0,Overnight,0.0,False,-88.97,-88.97,-26.63,False,0.0,False
2016-04-29,2016-05-02,2,Weekend,48.0,False,24.51,24.51,-35.18,False,0.0,False
2016-05-02,2016-05-03,0,Overnight,0.0,False,59.62,59.62,103.5,False,0.0,False
2016-05-03,2016-05-04,0,Overnight,0.0,False,2.1,2.1,-106.66,False,0.0,False
2016-05-04,2016-05-05,0,Overnight,0.0,False,-20.19,40.26,-81.18,True,60.52,False
2016-05-05,2016-05-06,0,Overnight,0.0,False,13.93,13.93,-69.86,False,0.0,False
2016-05-06,2016-05-09,2,Weekend,48.0,False,30.15,30.15,-22.61,False,0.0,False
2016-05-09,2016-05-10,0,Overnight,0.0,False,58.03,58.03,9.64,False,0.0,False
2016-05-10,2016-05-11,0,Overnight,0.0,False,6.42,6.42,-104.31,False,0.0,False
2016-05-11,2016-05-12,0,Overnight,0.0,False,22.67,22.67,-260.04,False,0.0,False
2016-05-12,2016-05-13,0,Overnight,0.0,False,-37.71,-37.71,57.61,False,0.0,False
2016-05-13,2016-05-16,2,Weekend,48.0,False,204.48,204.48,159.99,False,0.0,False
2016-05-16,2016-05-17,0,Overnight,0.0,False,71.12,71.12,-112.74,False,0.0,False
2016-05-17,2016-05-18,0,Overnight,0.0,False,71.41,71.41,42.39,False,0.0,False
2016-05-18,2016-05-19,0,Overnight,0.0,False,8.46,8.46,-46.6,False,0.0,False
2016-05-19,2016-05-20,0,Overnight,0.0,False,46.6,46.6,61.1,False,0.0,False
2016-05-20,2016-05-23,2,Weekend,48.0,False,68.03,68.03,58.24,False,0.0,False
2016-05-23,2016-05-24,0,Overnight,0.0,False,81.59,81.59,69.7,False,0.0,False
2016-05-24,2016-05-25,0,Overnight,0.0,False,78.34,78.34,95.82,False,0.0,False
2016-05-25,2016-05-26,0,Overnight,0.0,False,6.02,6.02,72.97,False,0.0,False
2016-05-26,2016-05-27,0,Overnight,0.0,False,-97.07,-97.07,91.1,False,0.0,False
2016-05-27,2016-05-31,3,Long,72.0,False,-75.02,-75.02,26.07,False,0.0,False
2016-05-31,2016-06-01,0,Overnight,0.0,False,-84.47,-84.47,-56.71,False,0.0,False
2016-06-01,2016-06-02,0,Overnight,0.0,False,-87.73,-87.73,12.29,False,0.0,False
2016-06-02,2016-06-03,0,Overnight,0.0,False,7.16,7.16,13.28,False,0.0,False
2016-06-03,2016-06-06,2,Weekend,48.0,False,7.15,7.15,65.1,False,0.0,False
2016-06-06,2016-06-07,0,Overnight,0.0,False,62.66,62.66,-22.19,False,0.0,False
2016-06-07,2016-06-08,0,Overnight,0.0,False,-1.01,-1.01,-8.08,False,0.0,False
2016-06-08,2016-06-09,0,Overnight,0.0,False,-44.57,-44.57,116.07,False,0.0,False
2016-06-09,2016-06-10,0,Overnight,0.0,False,-113.03,-113.03,30.4,False,0.0,False
2016-06-10,2016-06-13,2,Weekend,48.0,False,-14.18,-14.18,-137.74,False,0.0,False
2016-06-13,2016-06-14,0,Overnight,0.0,False,-2.05,-2.05,14.38,False,0.0,False
2016-06-14,2016-06-15,0,Overnight,0.0,False,36.87,36.87,-69.76,False,0.0,False
2016-06-15,2016-06-16,0,Overnight,0.0,False,-71.29,-71.29,113.4,False,0.0,False
2016-06-16,2016-06-17,0,Overnight,0.0,False,-95.79,-95.79,-134.41,False,0.0,False
2016-06-17,2016-06-20,2,Weekend,48.0,False,70.04,70.04,-94.19,False,0.0,False
2016-06-20,2016-06-21,0,Overnight,0.0,False,-16.84,-16.84,101.65,False,0.0,False
2016-06-21,2016-06-22,0,Overnight,0.0,False,35.39,35.39,-72.99,False,0.0,False
2016-06-22,2016-06-23,0,Overnight,0.0,False,40.73,40.73,16.66,False,0.0,False
2016-06-23,2016-06-24,0,Overnight,0.0,False,-337.58,-337.58,52.6,False,0.0,False
2016-06-24,2016-06-27,2,Weekend,48.0,False,-42.92,-42.92,-103.76,False,0.0,False
2016-06-27,2016-06-28,0,Overnight,0.0,False,93.0,93.0,74.0,False,0.0,False
2016-06-28,2016-06-29,0,Overnight,0.0,False,40.52,40.52,45.65,False,0.0,False
2016-06-29,2016-06-30,0,Overnight,0.0,False,4.24,4.24,122.08,False,0.0,False
2016-06-30,2016-07-01,0,Overnight,0.0,False,-11.51,-11.51,41.8,False,0.0,False
2016-07-01,2016-07-05,3,Long,72.0,False,-52.28,-52.28,-42.02,False,0.0,False
2016-07-05,2016-07-06,0,Overnight,0.0,False,-41.14,-41.14,97.83,False,0.0,False
2016-07-06,2016-07-07,0,Overnight,0.0,False,17.78,17.78,25.05,False,0.0,False
2016-07-07,2016-07-08,0,Overnight,0.0,False,57.16,57.16,19.67,False,0.0,False
2016-07-08,2016-07-11,2,Weekend,48.0,False,7.24,7.24,23.74,False,0.0,False
2016-07-11,2016-07-12,0,Overnight,0.0,False,19.57,19.57,25.7,False,0.0,False
2016-07-12,2016-07-13,0,Overnight,0.0,False,-1.03,-1.03,-55.59,False,0.0,False
2016-07-13,2016-07-14,0,Overnight,0.0,False,53.54,53.54,142.73,False,0.0,False
2016-07-14,2016-07-15,0,Overnight,0.0,False,13.15,13.15,-14.16,False,0.0,False
2016-07-15,2016-07-18,2,Weekend,48.0,False,-8.1,-8.1,113.84,False,0.0,False
2016-07-18,2016-07-19,0,Overnight,0.0,False,-27.08,-27.08,31.09,False,0.0,False
2016-07-19,2016-07-20,0,Overnight,0.0,False,13.01,13.01,-4.0,False,0.0,False
2016-07-20,2016-07-21,0,Overnight,0.0,False,-13.01,-13.01,-40.15,False,0.0,False
2016-07-21,2016-07-22,0,Overnight,0.0,False,-17.11,-17.11,-60.63,False,0.0,False
2016-07-22,2016-07-25,2,Weekend,48.0,False,-41.64,-41.64,-93.05,False,0.0,False
2016-07-25,2016-07-26,0,Overnight,0.0,False,-53.56,-53.56,-15.5,False,0.0,False
2016-07-26,2016-07-27,0,Overnight,0.0,False,756.81,756.81,-127.4,False,0.0,False
2016-07-27,2016-07-28,0,Overnight,0.0,False,-11.66,-11.66,145.78,False,0.0,False
2016-07-28,2016-07-29,0,Overnight,0.0,False,-14.39,-14.39,1.92,False,0.0,False
2016-07-29,2016-08-01,2,Weekend,48.0,False,19.17,19.17,155.85,False,0.0,False
2016-08-01,2016-08-02,0,Overnight,0.0,False,0.0,0.0,-149.15,False,0.0,False
2016-08-02,2016-08-03,0,Overnight,0.0,False,31.53,31.53,93.07,False,0.0,False
2016-08-03,2016-08-04,0,Overnight,0.0,False,-19.87,33.97,27.43,True,53.88,False
2016-08-04,2016-08-05,0,Overnight,0.0,False,37.71,37.71,113.22,False,0.0,False
2016-08-05,2016-08-08,2,Weekend,48.0,False,3.72,3.72,78.74,False,0.0,False
2016-08-08,2016-08-09,0,Overnight,0.0,False,-12.93,-12.93,53.45,False,0.0,False
2016-08-09,2016-08-10,0,Overnight,0.0,False,-9.19,-9.19,-65.53,False,0.0,False
2016-08-10,2016-08-11,0,Overnight,0.0,False,48.03,48.03,-54.52,False,0.0,False
2016-08-11,2016-08-12,0,Overnight,0.0,False,-13.91,-13.91,37.04,False,0.0,False
2016-08-12,2016-08-15,2,Weekend,48.0,False,-3.7,-3.7,123.15,False,0.0,False
2016-08-15,2016-08-16,0,Overnight,0.0,False,13.69,13.69,-22.83,False,0.0,False
2016-08-16,2016-08-17,0,Overnight,0.0,False,-25.63,-25.63,10.99,False,0.0,False
2016-08-17,2016-08-18,0,Overnight,0.0,False,0.92,0.92,-13.74,False,0.0,False
2016-08-18,2016-08-19,0,Overnight,0.0,False,-28.46,-28.46,54.1,False,0.0,False
2016-08-19,2016-08-22,2,Weekend,48.0,False,-45.83,-45.83,-32.2,False,0.0,False
2016-08-22,2016-08-23,0,Overnight,0.0,False,7.37,7.37,23.92,False,0.0,False
2016-08-23,2016-08-24,0,Overnight,0.0,False,-25.76,-25.76,-49.86,False,0.0,False
2016-08-24,2016-08-25,0,Overnight,0.0,False,-59.42,-59.42,16.75,False,0.0,False
2016-08-25,2016-08-26,0,Overnight,0.0,False,-14.88,-14.88,-43.85,False,0.0,False
2016-08-26,2016-08-29,2,Weekend,48.0,False,-29.97,-29.97,18.74,False,0.0,False
2016-08-29,2016-08-30,0,Overnight,0.0,False,-95.95,-95.95,18.89,False,0.0,False
2016-08-30,2016-08-31,0,Overnight,0.0,False,-32.13,-32.13,41.56,False,0.0,False
2016-08-31,2016-09-01,0,Overnight,0.0,False,3.77,3.77,55.43,False,0.0,False
2016-09-01,2016-09-02,0,Overnight,0.0,False,90.47,90.47,2.79,False,0.0,False
2016-09-02,2016-09-06,3,Long,72.0,False,15.77,15.77,-18.55,False,0.0,False
2016-09-06,2016-09-07,0,Overnight,0.0,False,12.06,12.06,49.03,False,0.0,False
2016-09-07,2016-09-08,0,Overnight,0.0,False,-102.96,-102.96,-162.62,False,0.0,False
2016-09-08,2016-09-09,0,Overnight,0.0,False,-83.75,-83.75,-145.36,False,0.0,False
2016-09-09,2016-09-12,2,Weekend,48.0,False,-46.65,-46.65,268.17,False,0.0,False
2016-09-12,2016-09-13,0,Overnight,0.0,False,194.42,194.42,40.84,False,0.0,False
2016-09-13,2016-09-14,0,Overnight,0.0,False,72.0,72.0,275.75,False,0.0,False
2016-09-14,2016-09-15,0,Overnight,0.0,False,185.26,185.26,149.07,False,0.0,False
2016-09-15,2016-09-16,0,Overnight,0.0,False,-39.01,-39.01,-17.39,False,0.0,False
2016-09-16,2016-09-19,2,Weekend,48.0,False,23.47,23.47,-140.76,False,0.0,False
2016-09-19,2016-09-20,0,Overnight,0.0,False,-46.77,-46.77,45.89,False,0.0,False
2016-09-20,2016-09-21,0,Overnight,0.0,False,24.62,24.62,-26.38,False,0.0,False
2016-09-21,2016-09-22,0,Overnight,0.0,False,70.21,70.21,23.58,False,0.0,False
2016-09-22,2016-09-23,0,Overnight,0.0,False,-17.46,-17.46,-150.58,False,0.0,False
2016-09-23,2016-09-26,2,Weekend,48.0,False,-95.39,-95.39,110.46,False,0.0,False
2016-09-26,2016-09-27,0,Overnight,0.0,False,10.63,10.63,7.96,False,0.0,False
2016-09-27,2016-09-28,0,Overnight,0.0,False,52.92,52.92,22.84,False,0.0,False
2016-09-28,2016-09-29,0,Overnight,0.0,False,-69.57,-69.57,-86.98,False,0.0,False
2016-09-29,2016-09-30,0,Overnight,0.0,False,24.93,24.93,52.33,False,0.0,False
2016-09-30,2016-10-03,2,Weekend,48.0,False,-30.12,-30.12,-16.87,False,0.0,False
2016-10-03,2016-10-04,0,Overnight,0.0,False,47.88,47.88,-5.31,False,0.0,False
2016-10-04,2016-10-05,0,Overnight,0.0,False,35.34,35.34,-30.91,False,0.0,False
2016-10-05,2016-10-06,0,Overnight,0.0,False,57.33,57.33,16.7,False,0.0,False
2016-10-06,2016-10-07,0,Overnight,0.0,False,36.81,36.81,-21.89,False,0.0,False
2016-10-07,2016-10-10,2,Weekend,48.0,False,83.81,83.81,89.15,False,0.0,False
2016-10-10,2016-10-11,0,Overnight,0.0,False,141.18,141.18,-119.66,False,0.0,False
2016-10-11,2016-10-12,0,Overnight,0.0,False,89.88,89.88,-0.85,False,0.0,False
2016-10-12,2016-10-13,0,Overnight,0.0,False,-46.98,-46.98,16.26,False,0.0,False
2016-10-13,2016-10-14,0,Overnight,0.0,False,76.64,76.64,-21.23,False,0.0,False
2016-10-14,2016-10-17,2,Weekend,48.0,False,-25.54,-25.54,18.73,False,0.0,False
2016-10-17,2016-10-18,0,Overnight,0.0,False,53.45,53.45,-60.26,False,0.0,False
2016-10-18,2016-10-19,0,Overnight,0.0,False,-18.75,-18.75,-11.09,False,0.0,False
2016-10-19,2016-10-20,0,Overnight,0.0,False,-22.22,-22.22,17.1,False,0.0,False
2016-10-20,2016-10-21,0,Overnight,0.0,False,-21.38,-21.38,-17.99,False,0.0,False
2016-10-21,2016-10-24,2,Weekend,48.0,False,42.79,42.79,46.86,False,0.0,False
2016-10-24,2016-10-25,0,Overnight,0.0,False,25.47,25.47,25.4,False,0.0,False
2016-10-25,2016-10-26,0,Overnight,0.0,False,-338.87,-338.87,111.35,False,0.0,False
2016-10-26,2016-10-27,0,Overnight,0.0,False,-17.32,-17.32,-79.18,False,0.0,False
2016-10-27,2016-10-28,0,Overnight,0.0,False,-53.43,-53.43,-13.18,False,0.0,False
2016-10-28,2016-10-31,2,Weekend,48.0,False,-6.16,-6.16,-9.68,False,0.0,False
2016-10-31,2016-11-01,0,Overnight,0.0,False,-7.05,-7.05,-175.15,False,0.0,False
2016-11-01,2016-11-02,0,Overnight,0.0,False,-8.08,-8.08,17.04,False,0.0,False
2016-11-02,2016-11-03,0,Overnight,0.0,False,-54.81,-3.58,-104.16,True,51.08,False
2016-11-03,2016-11-04,0,Overnight,0.0,False,-119.07,-119.07,28.52,False,0.0,False
2016-11-04,2016-11-07,2,Weekend,49.0,False,113.28,113.28,29.93,False,0.0,False
2016-11-07,2016-11-08,0,Overnight,0.0,False,-9.06,-9.06,67.76,False,0.0,False
2016-11-08,2016-11-09,0,Overnight,0.0,False,-106.82,-106.82,90.6,False,0.0,False
2016-11-09,2016-11-10,0,Overnight,0.0,False,18.92,18.92,-301.56,False,0.0,False
2016-11-10,2016-11-11,0,Overnight,0.0,False,-62.35,-62.35,121.55,False,0.0,False
2016-11-11,2016-11-14,2,Weekend,48.0,False,-66.62,-66.62,-187.43,False,0.0,False
2016-11-14,2016-11-15,0,Overnight,0.0,False,81.03,81.03,50.54,False,0.0,False
2016-11-15,2016-11-16,0,Overnight,0.0,False,-38.35,-38.35,303.68,False,0.0,False
2016-11-16,2016-11-17,0,Overnight,0.0,False,-16.38,-16.38,12.74,False,0.0,False
2016-11-17,2016-11-18,0,Overnight,0.0,False,-20.94,-20.94,30.94,False,0.0,False
2016-11-18,2016-11-21,2,Weekend,48.0,False,5.45,5.45,145.15,False,0.0,False
2016-11-21,2016-11-22,0,Overnight,0.0,False,19.67,19.67,-13.41,False,0.0,False
2016-11-22,2016-11-23,0,Overnight,0.0,False,-39.43,-39.43,-11.68,False,0.0,False
2016-11-23,2016-11-25,1,Short,24.0,False,-9.0,-9.0,59.21,False,0.0,False
2016-11-25,2016-11-28,2,Weekend,48.0,True,-32.26,-32.26,12.56,False,0.0,False
2016-11-28,2016-11-29,0,Overnight,0.0,False,-71.06,-71.06,61.2,False,0.0,False
2016-11-29,2016-11-30,0,Overnight,0.0,False,12.55,12.55,-97.25,False,0.0,False
2016-11-30,2016-12-01,0,Overnight,0.0,False,-13.58,-13.58,-80.05,False,0.0,False
2016-12-01,2016-12-02,0,Overnight,0.0,False,-29.27,-29.27,66.65,False,0.0,False
2016-12-02,2016-12-05,2,Weekend,48.0,False,9.1,9.1,-81.24,False,0.0,False
2016-12-05,2016-12-06,0,Overnight,0.0,False,35.68,35.68,41.01,False,0.0,False
2016-12-06,2016-12-07,0,Overnight,0.0,False,-62.95,-62.95,160.7,False,0.0,False
2016-12-07,2016-12-08,0,Overnight,0.0,False,-15.32,-15.32,113.02,False,0.0,False
2016-12-08,2016-12-09,0,Overnight,0.0,False,16.93,16.93,144.97,False,0.0,False
2016-12-09,2016-12-12,2,Weekend,48.0,False,-58.09,-58.09,0.88,False,0.0,False
2016-12-12,2016-12-13,0,Overnight,0.0,False,47.55,47.55,117.89,False,0.0,False
2016-12-13,2016-12-14,0,Overnight,0.0,False,-13.03,-13.03,13.03,False,0.0,False
2016-12-14,2016-12-15,0,Overnight,0.0,False,16.48,16.48,38.06,False,0.0,False
2016-12-15,2016-12-16,0,Overnight,0.0,False,55.96,55.96,-43.02,False,0.0,False
2016-12-16,2016-12-19,2,Weekend,48.0,False,-14.67,-14.67,72.28,False,0.0,False
2016-12-19,2016-12-20,0,Overnight,0.0,False,8.57,8.57,17.97,False,0.0,False
2016-12-20,2016-12-21,0,Overnight,0.0,False,-12.83,-12.83,22.23,False,0.0,False
2016-12-21,2016-12-22,0,Overnight,0.0,False,-60.84,-60.84,-5.16,False,0.0,False
2016-12-22,2016-12-23,0,Overnight,0.0,False,-60.38,-60.38,80.13,False,0.0,False
2016-12-23,2016-12-27,3,Long,72.0,False,0.0,0.0,63.31,False,0.0,False
2016-12-27,2016-12-28,0,Overnight,0.0,False,22.15,22.15,-64.88,False,0.0,False
2016-12-28,2016-12-29,0,Overnight,0.0,False,-26.59,-26.59,24.02,False,0.0,False
2016-12-29,2016-12-30,0,Overnight,0.0,False,-6.86,-6.86,-71.41,False,0.0,False
2016-12-30,2017-01-03,3,Long,72.0,False,-1.73,-1.73,30.18,False,0.0,False
2017-01-03,2017-01-04,0,Overnight,0.0,False,-25.86,-25.86,14.66,False,0.0,False
2017-01-04,2017-01-05,0,Overnight,0.0,False,-8.62,-8.62,59.35,False,0.0,False
2017-01-05,2017-01-06,0,Overnight,0.0,False,14.57,14.57,96.3,False,0.0,False
2017-01-06,2017-01-09,2,Weekend,48.0,False,3.39,3.39,87.79,False,0.0,False
2017-01-09,2017-01-10,0,Overnight,0.0,False,-18.51,-18.51,28.59,False,0.0,False
2017-01-10,2017-01-11,0,Overnight,0.0,False,-31.11,-31.11,84.7,False,0.0,False
2017-01-11,2017-01-12,0,Overnight,0.0,False,-71.23,-71.23,29.39,False,0.0,False
2017-01-12,2017-01-13,0,Overnight,0.0,False,-11.75,-11.75,-5.88,False,0.0,False
2017-01-13,2017-01-17,3,Long,72.0,False,-58.98,-58.98,139.3,False,0.0,False
2017-01-17,2017-01-18,0,Overnight,0.0,False,0.0,0.0,-0.83,False,0.0,False
2017-01-18,2017-01-19,0,Overnight,0.0,False,-49.29,-49.29,31.78,False,0.0,False
2017-01-19,2017-01-20,0,Overnight,0.0,False,55.78,55.78,-37.43,False,0.0,False
2017-01-20,2017-01-23,2,Weekend,48.0,False,0.0,0.0,6.66,False,0.0,False
2017-01-23,2017-01-24,0,Overnight,0.0,False,-44.23,-44.23,35.07,False,0.0,False
2017-01-24,2017-01-25,0,Overnight,0.0,False,37.44,37.44,120.51,False,0.0,False
2017-01-25,2017-01-26,0,Overnight,0.0,False,-17.24,-17.24,22.17,False,0.0,False
2017-01-26,2017-01-27,0,Overnight,0.0,False,16.39,16.39,-15.57,False,0.0,False
2017-01-27,2017-01-30,2,Weekend,48.0,False,-83.99,-83.99,57.72,False,0.0,False
2017-01-30,2017-01-31,0,Overnight,0.0,False,-39.54,-39.54,16.49,False,0.0,False
2017-01-31,2017-02-01,0,Overnight,0.0,False,457.44,457.44,134.49,False,0.0,False
2017-02-01,2017-02-02,0,Overnight,0.0,False,-59.99,-59.99,42.88,False,0.0,False
2017-02-02,2017-02-03,0,Overnight,0.0,False,-17.13,-17.13,59.83,False,0.0,False
2017-02-03,2017-02-06,2,Weekend,48.0,False,3.87,3.87,89.43,False,0.0,False
2017-02-06,2017-02-07,0,Overnight,0.0,False,19.17,19.17,75.55,False,0.0,False
2017-02-07,2017-02-08,0,Overnight,0.0,False,-13.69,-13.69,52.39,False,0.0,False
2017-02-08,2017-02-09,0,Overnight,0.0,False,-29.58,13.62,58.32,True,43.17,False
2017-02-09,2017-02-10,0,Overnight,0.0,False,3.02,3.02,-25.7,False,0.0,False
2017-02-10,2017-02-13,2,Weekend,48.0,False,72.4,72.4,15.77,False,0.0,False
2017-02-13,2017-02-14,0,Overnight,0.0,False,13.5,13.5,115.46,False,0.0,False
2017-02-14,2017-02-15,0,Overnight,0.0,False,36.96,36.96,-0.74,False,0.0,False
2017-02-15,2017-02-16,0,Overnight,0.0,False,11.8,11.8,-23.61,False,0.0,False
2017-02-16,2017-02-17,0,Overnight,0.0,False,-18.49,-18.49,45.79,False,0.0,False
2017-02-17,2017-02-21,3,Long,72.0,False,37.51,37.51,34.44,False,0.0,False
2017-02-21,2017-02-22,0,Overnight,0.0,False,-19.77,-19.77,49.72,False,0.0,False
2017-02-22,2017-02-23,0,Overnight,0.0,False,19.67,19.67,-62.06,False,0.0,False
2017-02-23,2017-02-24,0,Overnight,0.0,False,-45.51,-45.51,55.03,False,0.0,False
2017-02-24,2017-02-27,2,Weekend,48.0,False,35.06,35.06,-15.33,False,0.0,False
2017-02-27,2017-02-28,0,Overnight,0.0,False,10.95,10.95,-6.57,False,0.0,False
2017-02-28,2017-03-01,0,Overnight,0.0,False,65.48,65.48,136.85,False,0.0,False
2017-03-01,2017-03-02,0,Overnight,0.0,False,15.01,15.01,-74.56,False,0.0,False
2017-03-02,2017-03-03,0,Overnight,0.0,False,-12.96,-12.96,71.8,False,0.0,False
2017-03-03,2017-03-06,2,Weekend,48.0,False,-29.38,-29.38,-2.15,False,0.0,False
2017-03-06,2017-03-07,0,Overnight,0.0,False,-20.11,-20.11,33.03,False,0.0,False
2017-03-07,2017-03-08,0,Overnight,0.0,False,-40.94,-40.94,3.6,False,0.0,False
2017-03-08,2017-03-09,0,Overnight,0.0,False,-18.72,-18.72,-4.33,False,0.0,False
2017-03-09,2017-03-10,0,Overnight,0.0,False,41.02,41.02,-7.9,False,0.0,False
2017-03-10,2017-03-13,2,Weekend,47.0,False,-20.86,-20.86,25.17,False,0.0,False
2017-03-13,2017-03-14,0,Overnight,0.0,False,7.18,7.18,-22.28,False,0.0,False
2017-03-14,2017-03-15,0,Overnight,0.0,False,30.17,30.17,75.04,False,0.0,False
2017-03-15,2017-03-16,0,Overnight,0.0,False,18.49,18.49,-2.13,False,0.0,False
2017-03-16,2017-03-17,0,Overnight,0.0,False,22.01,22.01,-71.89,False,0.0,False
2017-03-17,2017-03-20,2,Weekend,48.0,False,29.24,29.24,75.22,False,0.0,False
2017-03-20,2017-03-21,0,Overnight,0.0,False,45.84,45.84,-161.03,False,0.0,False
2017-03-21,2017-03-22,0,Overnight,0.0,False,0.72,0.72,111.64,False,0.0,False
2017-03-22,2017-03-23,0,Overnight,0.0,False,-11.32,-11.32,-24.1,False,0.0,False
2017-03-23,2017-03-24,0,Overnight,0.0,False,41.07,41.07,-60.96,False,0.0,False
2017-03-24,2017-03-27,2,Weekend,48.0,False,-89.28,-89.28,106.33,False,0.0,False
2017-03-27,2017-03-28,0,Overnight,0.0,False,2.13,2.13,203.02,False,0.0,False
2017-03-28,2017-03-29,0,Overnight,0.0,False,-8.35,-8.35,30.58,False,0.0,False
2017-03-29,2017-03-30,0,Overnight,0.0,False,4.86,4.86,-18.05,False,0.0,False
2017-03-30,2017-03-31,0,Overnight,0.0,False,-14.6,-14.6,-4.18,False,0.0,False
2017-03-31,2017-04-03,2,Weekend,48.0,False,3.48,3.48,-0.7,False,0.0,False
2017-04-03,2017-04-04,0,Overnight,0.0,False,-31.36,-31.36,105.55,False,0.0,False
2017-04-04,2017-04-05,0,Overnight,0.0,False,-38.06,-38.06,-13.88,False,0.0,False
2017-04-05,2017-04-06,0,Overnight,0.0,False,18.73,18.73,-43.76,False,0.0,False
2017-04-06,2017-04-07,0,Overnight,0.0,False,4.87,4.87,-27.17,False,0.0,False
2017-04-07,2017-04-10,2,Weekend,48.0,False,18.12,18.12,-29.99,False,0.0,False
2017-04-10,2017-04-11,0,Overnight,0.0,False,-16.08,-16.08,-92.07,False,0.0,False
2017-04-11,2017-04-12,0,Overnight,0.0,False,-2.12,-2.12,14.11,False,0.0,False
2017-04-12,2017-04-13,0,Overnight,0.0,False,7.75,7.75,-60.79,False,0.0,False
2017-04-13,2017-04-17,3,Long,72.0,False,30.44,30.44,24.71,False,0.0,False
2017-04-17,2017-04-18,0,Overnight,0.0,False,-29.66,-29.66,-14.86,False,0.0,False
2017-04-18,2017-04-19,0,Overnight,0.0,False,48.04,48.04,-84.94,False,0.0,False
2017-04-19,2017-04-20,0,Overnight,0.0,False,38.31,38.31,86.02,False,0.0,False
2017-04-20,2017-04-21,0,Overnight,0.0,False,0.0,0.0,-11.94,False,0.0,False
2017-04-21,2017-04-24,2,Weekend,48.0,False,86.08,86.08,9.75,False,0.0,False
2017-04-24,2017-04-25,0,Overnight,0.0,False,18.78,18.78,42.99,False,0.0,False
2017-04-25,2017-04-26,0,Overnight,0.0,False,-4.15,-4.15,-54.83,False,0.0,False
2017-04-26,2017-04-27,0,Overnight,0.0,False,16.69,16.69,-9.04,False,0.0,False
2017-04-27,2017-04-28,0,Overnight,0.0,False,20.84,20.84,-30.58,False,0.0,False
2017-04-28,2017-05-01,2,Weekend,48.0,False,100.43,100.43,101.48,False,0.0,False
2017-05-01,2017-05-02,0,Overnight,0.0,False,65.28,65.28,-2.03,False,0.0,False
2017-05-02,2017-05-03,0,Overnight,0.0,False,-131.02,-131.02,100.46,False,0.0,False
2017-05-03,2017-05-04,0,Overnight,0.0,False,-36.79,-36.79,0.68,False,0.0,False
2017-05-04,2017-05-05,0,Overnight,0.0,False,15.68,15.68,148.79,False,0.0,False
2017-05-05,2017-05-08,2,Weekend,48.0,False,4.7,4.7,263.56,False,0.0,False
2017-05-08,2017-05-09,0,Overnight,0.0,False,56.05,56.05,7.8,False,0.0,False
2017-05-09,2017-05-10,0,Overnight,0.0,False,-23.41,-23.41,-24.11,False,0.0,False
2017-05-10,2017-05-11,0,Overnight,0.0,False,-52.99,-11.75,97.91,True,41.11,False
2017-05-11,2017-05-12,0,Overnight,0.0,False,48.6,48.6,90.09,False,0.0,False
2017-05-12,2017-05-15,2,Weekend,48.0,False,-5.77,-5.77,-19.89,False,0.0,False
2017-05-15,2017-05-16,0,Overnight,0.0,False,15.4,15.4,-30.19,False,0.0,False
2017-05-16,2017-05-17,0,Overnight,0.0,False,-121.01,-121.01,-220.51,False,0.0,False
2017-05-17,2017-05-18,0,Overnight,0.0,False,67.66,67.66,83.6,False,0.0,False
2017-05-18,2017-05-19,0,Overnight,0.0,False,54.92,54.92,-20.89,False,0.0,False
2017-05-19,2017-05-22,2,Weekend,48.0,False,61.23,61.23,-0.65,False,0.0,False
2017-05-22,2017-05-23,0,Overnight,0.0,False,58.92,58.92,-71.27,False,0.0,False
2017-05-23,2017-05-24,0,Overnight,0.0,False,2.6,2.6,-32.55,False,0.0,False
2017-05-24,2017-05-25,0,Overnight,0.0,False,25.4,25.4,9.1,False,0.0,False
2017-05-25,2017-05-26,0,Overnight,0.0,False,8.45,8.45,-25.36,False,0.0,False
2017-05-26,2017-05-30,3,Long,72.0,False,-12.38,-12.38,16.28,False,0.0,False
2017-05-30,2017-05-31,0,Overnight,0.0,False,19.5,19.5,-78.9,False,0.0,False
2017-05-31,2017-06-01,0,Overnight,0.0,False,26.8,26.8,0.65,False,0.0,False
2017-06-01,2017-06-02,0,Overnight,0.0,False,26.08,26.08,121.03,False,0.0,False
2017-06-02,2017-06-05,2,Weekend,48.0,False,-71.66,-71.66,-26.6,False,0.0,False
2017-06-05,2017-06-06,0,Overnight,0.0,False,-1.95,-1.95,35.67,False,0.0,False
2017-06-06,2017-06-07,0,Overnight,0.0,False,36.84,36.84,22.55,False,0.0,False
2017-06-07,2017-06-08,0,Overnight,0.0,False,-7.73,-7.73,-16.76,False,0.0,False
2017-06-08,2017-06-09,0,Overnight,0.0,False,12.9,12.9,-408.38,False,0.0,False
2017-06-09,2017-06-12,2,Weekend,48.0,False,-219.88,-219.88,-21.98,False,0.0,False
2017-06-12,2017-06-13,0,Overnight,0.0,False,118.94,118.94,-38.81,False,0.0,False
2017-06-13,2017-06-14,0,Overnight,0.0,False,61.89,61.89,-159.92,False,0.0,False
2017-06-14,2017-06-15,0,Overnight,0.0,False,-127.57,-127.57,67.45,False,0.0,False
2017-06-15,2017-06-16,0,Overnight,0.0,False,-35.41,-35.41,-105.58,False,0.0,False
2017-06-16,2017-06-19,2,Weekend,48.0,False,97.23,97.23,184.83,False,0.0,False
2017-06-19,2017-06-20,0,Overnight,0.0,False,36.15,36.15,-127.45,False,0.0,False
2017-06-20,2017-06-21,0,Overnight,0.0,False,35.11,35.11,24.02,False,0.0,False
2017-06-21,2017-06-22,0,Overnight,0.0,False,-6.86,-6.86,-9.61,False,0.0,False
2017-06-22,2017-06-23,0,Overnight,0.0,False,-34.39,-34.39,78.93,False,0.0,False
2017-06-23,2017-06-26,2,Weekend,48.0,False,60.66,60.66,-92.15,False,0.0,False
2017-06-26,2017-06-27,0,Overnight,0.0,False,-55.7,-55.7,-88.66,False,0.0,False
2017-06-27,2017-06-28,0,Overnight,0.0,False,52.74,52.74,92.31,False,0.0,False
2017-06-28,2017-06-29,0,Overnight,0.0,False,-77.1,-77.1,-71.43,False,0.0,False
2017-06-29,2017-06-30,0,Overnight,0.0,False,53.45,53.45,-29.81,False,0.0,False
2017-06-30,2017-07-03,2,Weekend,48.0,False,59.54,59.54,-95.71,False,0.0,False
2017-07-03,2017-07-05,1,Short,24.0,True,13.23,13.23,27.8,False,0.0,False
2017-07-05,2017-07-06,0,Overnight,0.0,False,-74.54,-74.54,-20.3,False,0.0,False
2017-07-06,2017-07-07,0,Overnight,0.0,False,11.9,11.9,89.17,False,0.0,False
2017-07-07,2017-07-10,2,Weekend,48.0,False,-4.86,-4.86,65.71,False,0.0,False
2017-07-10,2017-07-11,0,Overnight,0.0,False,-22.78,-22.78,55.12,False,0.0,False
2017-07-11,2017-07-12,0,Overnight,0.0,False,23.34,23.34,-8.92,False,0.0,False
2017-07-12,2017-07-13,0,Overnight,0.0,False,-16.48,-16.48,154.81,False,0.0,False
2017-07-13,2017-07-14,0,Overnight,0.0,False,13.53,13.53,72.05,False,0.0,False
2017-07-14,2017-07-17,2,Weekend,48.0,False,-14.77,-14.77,49.6,False,0.0,False
2017-07-17,2017-07-18,0,Overnight,0.0,False,-24.1,-24.1,58.81,False,0.0,False
2017-07-18,2017-07-19,0,Overnight,0.0,False,26.62,26.62,35.82,False,0.0,False
2017-07-19,2017-07-20,0,Overnight,0.0,False,31.73,31.73,-76.86,False,0.0,False
2017-07-20,2017-07-21,0,Overnight,0.0,False,-23.31,-23.31,18.65,False,0.0,False
2017-07-21,2017-07-24,2,Weekend,48.0,False,20.61,20.61,99.78,False,0.0,False
2017-07-24,2017-07-25,0,Overnight,0.0,False,-19.09,-19.09,61.73,False,0.0,False
2017-07-25,2017-07-26,0,Overnight,0.0,False,39.86,39.86,7.17,False,0.0,False
2017-07-26,2017-07-27,0,Overnight,0.0,False,18.88,18.88,-209.66,False,0.0,False
2017-07-27,2017-07-28,0,Overnight,0.0,False,-44.6,-44.6,-26.05,False,0.0,False
2017-07-28,2017-07-31,2,Weekend,48.0,False,26.72,26.72,-78.36,False,0.0,False
2017-07-31,2017-08-01,0,Overnight,0.0,False,24.85,24.85,63.51,False,0.0,False
2017-08-01,2017-08-02,0,Overnight,0.0,False,596.95,596.95,-135.27,False,0.0,False
2017-08-02,2017-08-03,0,Overnight,0.0,False,-5.73,-5.73,-94.68,False,0.0,False
2017-08-03,2017-08-04,0,Overnight,0.0,False,32.09,32.09,20.48,False,0.0,False
2017-08-04,2017-08-07,2,Weekend,48.0,False,42.75,42.75,110.81,False,0.0,False
2017-08-07,2017-08-08,0,Overnight,0.0,False,-13.23,-13.23,92.88,False,0.0,False
2017-08-08,2017-08-09,0,Overnight,0.0,False,-51.36,-51.36,112.39,False,0.0,False
2017-08-09,2017-08-10,0,Overnight,0.0,False,-72.28,-32.96,-290.61,True,39.12,False
2017-08-10,2017-08-11,0,Overnight,0.0,False,82.07,82.07,56.04,False,0.0,False
2017-08-11,2017-08-14,2,Weekend,48.0,False,116.16,116.16,33.21,False,0.0,False
2017-08-14,2017-08-15,0,Overnight,0.0,False,50.54,50.54,58.34,False,0.0,False
2017-08-15,2017-08-16,0,Overnight,0.0,False,21.02,21.02,-61.32,False,0.0,False
2017-08-16,2017-08-17,0,Overnight,0.0,False,-26.75,-26.75,-167.1,False,0.0,False
2017-08-17,2017-08-18,0,Overnight,0.0,False,0.0,0.0,-22.83,False,0.0,False
2017-08-18,2017-08-21,2,Weekend,48.0,False,0.0,0.0,-18.43,False,0.0,False
2017-08-21,2017-08-22,0,Overnight,0.0,False,64.67,64.67,97.48,False,0.0,False
2017-08-22,2017-08-23,0,Overnight,0.0,False,-44.53,-44.53,57.04,False,0.0,False
2017-08-23,2017-08-24,0,Overnight,0.0,False,28.09,28.09,-72.57,False,0.0,False
2017-08-24,2017-08-25,0,Overnight,0.0,False,23.83,23.83,13.15,False,0.0,False
2017-08-25,2017-08-28,2,Weekend,48.0,False,17.5,17.5,82.71,False,0.0,False
2017-08-28,2017-08-29,0,Overnight,0.0,False,-85.21,-85.21,173.99,False,0.0,False
2017-08-29,2017-08-30,0,Overnight,0.0,False,54.48,54.48,-27.51,False,0.0,False
2017-08-30,2017-08-31,0,Overnight,0.0,False,17.74,17.74,21.98,False,0.0,False
2017-08-31,2017-09-01,0,Overnight,0.0,False,48.66,48.66,-45.61,False,0.0,False
2017-09-01,2017-09-05,3,Long,72.0,False,-18.3,-18.3,-102.51,False,0.0,False
2017-09-05,2017-09-06,0,Overnight,0.0,False,38.79,38.79,-49.29,False,0.0,False
2017-09-06,2017-09-07,0,Overnight,0.0,False,11.11,11.11,-51.34,False,0.0,False
2017-09-07,2017-09-08,0,Overnight,0.0,False,-24.84,-24.84,-139.6,False,0.0,False
2017-09-08,2017-09-11,2,Weekend,48.0,False,117.19,117.19,62.11,False,0.0,False
2017-09-11,2017-09-12,0,Overnight,0.0,False,68.5,68.5,-108.2,False,0.0,False
2017-09-12,2017-09-13,0,Overnight,0.0,False,-61.73,-61.73,-13.77,False,0.0,False
2017-09-13,2017-09-14,0,Overnight,0.0,False,-41.43,-41.43,-44.76,False,0.0,False
2017-09-14,2017-09-15,0,Overnight,0.0,False,12.0,12.0,88.58,False,0.0,False
2017-09-15,2017-09-18,2,Weekend,48.0,False,14.38,14.38,-90.35,False,0.0,False
2017-09-18,2017-09-19,0,Overnight,0.0,False,52.8,52.8,-49.02,False,0.0,False
2017-09-19,2017-09-20,0,Overnight,0.0,False,-52.43,-52.43,-116.57,False,0.0,False
2017-09-20,2017-09-21,0,Overnight,0.0,False,-17.32,-17.32,-155.89,False,0.0,False
2017-09-21,2017-09-22,0,Overnight,0.0,False,-121.34,-121.34,23.07,False,0.0,False
2017-09-22,2017-09-25,2,Weekend,48.0,False,-125.88,-125.88,37.27,False,0.0,False
2017-09-25,2017-09-26,0,Overnight,0.0,False,81.37,81.37,89.2,False,0.0,False
2017-09-26,2017-09-27,0,Overnight,0.0,False,43.01,43.01,27.92,False,0.0,False
2017-09-27,2017-09-28,0,Overnight,0.0,False,-22.07,-22.07,-39.72,False,0.0,False
2017-09-28,2017-09-29,0,Overnight,0.0,False,-4.57,-4.57,59.22,False,0.0,False
2017-09-29,2017-10-02,2,Weekend,48.0,False,9.08,9.08,-29.21,False,0.0,False
2017-10-02,2017-10-03,0,Overnight,0.0,False,12.99,12.99,30.47,False,0.0,False
2017-10-03,2017-10-04,0,Overnight,0.0,False,-55.17,-55.17,-9.77,False,0.0,False
2017-10-04,2017-10-05,0,Overnight,0.0,False,45.5,45.5,78.17,False,0.0,False
2017-10-05,2017-10-06,0,Overnight,0.0,False,-27.07,-27.07,21.27,False,0.0,False
2017-10-06,2017-10-09,2,Weekend,48.0,False,32.79,32.79,1.93,False,0.0,False
2017-10-09,2017-10-10,0,Overnight,0.0,False,14.11,14.11,-10.26,False,0.0,False
2017-10-10,2017-10-11,0,Overnight,0.0,False,4.49,4.49,37.12,False,0.0,False
2017-10-11,2017-10-12,0,Overnight,0.0,False,-12.78,-12.78,-22.41,False,0.0,False
2017-10-12,2017-10-13,0,Overnight,0.0,False,46.69,46.69,16.58,False,0.0,False
2017-10-13,2017-10-16,2,Weekend,48.0,False,57.8,57.8,124.62,False,0.0,False
2017-10-16,2017-10-17,0,Overnight,0.0,False,-6.26,-6.26,43.09,False,0.0,False
2017-10-17,2017-10-18,0,Overnight,0.0,False,-3.12,-3.12,-41.23,False,0.0,False
2017-10-18,2017-10-19,0,Overnight,0.0,False,-190.2,-190.2,-49.24,False,0.0,False
2017-10-19,2017-10-20,0,Overnight,0.0,False,40.31,40.31,-23.01,False,0.0,False
2017-10-20,2017-10-23,2,Weekend,48.0,False,40.88,40.88,-46.0,False,0.0,False
2017-10-23,2017-10-24,0,Overnight,0.0,False,7.68,7.68,51.69,False,0.0,False
2017-10-24,2017-10-25,0,Overnight,0.0,False,-12.1,-12.1,-31.92,False,0.0,False
2017-10-25,2017-10-26,0,Overnight,0.0,False,52.29,52.29,11.44,False,0.0,False
2017-10-26,2017-10-27,0,Overnight,0.0,False,118.72,118.72,233.31,False,0.0,False
2017-10-27,2017-10-30,2,Weekend,48.0,False,51.39,51.39,171.2,False,0.0,False
2017-10-30,2017-10-31,0,Overnight,0.0,False,70.53,70.53,67.67,False,0.0,False
2017-10-31,2017-11-01,0,Overnight,0.0,False,48.98,48.98,-176.99,False,0.0,False
2017-11-01,2017-11-02,0,Overnight,0.0,False,-17.39,-17.39,90.23,False,0.0,False
2017-11-02,2017-11-03,0,Overnight,0.0,False,344.37,344.37,-86.58,False,0.0,False
2017-11-03,2017-11-06,2,Weekend,49.0,False,-7.54,-7.54,108.48,False,0.0,False
2017-11-06,2017-11-07,0,Overnight,0.0,False,-19.53,-19.53,51.62,False,0.0,False
2017-11-07,2017-11-08,0,Overnight,0.0,False,-8.58,-8.58,90.05,False,0.0,False
2017-11-08,2017-11-09,0,Overnight,0.0,False,-64.32,-64.32,43.88,False,0.0,False
2017-11-09,2017-11-10,0,Overnight,0.0,False,-43.88,-7.96,-25.16,True,35.82,False
2017-11-10,2017-11-13,2,Weekend,48.0,False,-67.21,-67.21,27.05,False,0.0,False
2017-11-13,2017-11-14,0,Overnight,0.0,False,-53.6,-53.6,-98.73,False,0.0,False
2017-11-14,2017-11-15,0,Overnight,0.0,False,-80.28,-80.28,-52.5,False,0.0,False
2017-11-15,2017-11-16,0,Overnight,0.0,False,123.44,123.44,-4.67,False,0.0,False
2017-11-16,2017-11-17,0,Overnight,0.0,False,-3.51,-3.51,-52.17,False,0.0,False
2017-11-17,2017-11-20,2,Weekend,48.0,False,8.22,8.22,-18.22,False,0.0,False
2017-11-20,2017-11-21,0,Overnight,0.0,False,46.95,46.95,137.24,False,0.0,False
2017-11-21,2017-11-22,0,Overnight,0.0,False,12.7,12.7,91.87,False,0.0,False
2017-11-22,2017-11-24,1,Short,24.0,False,8.0,8.0,-7.43,False,0.0,False
2017-11-24,2017-11-27,2,Weekend,48.0,True,4.57,4.57,-54.99,False,0.0,False
2017-11-27,2017-11-28,0,Overnight,0.0,False,12.06,12.06,-70.82,False,0.0,False
2017-11-28,2017-11-29,0,Overnight,0.0,False,-25.46,-25.46,-184.16,False,0.0,False
2017-11-29,2017-11-30,0,Overnight,0.0,False,55.9,55.9,82.97,False,0.0,False
2017-11-30,2017-12-01,0,Overnight,0.0,False,-111.18,-111.18,64.52,False,0.0,False
2017-12-01,2017-12-04,2,Weekend,48.0,False,83.25,83.25,-156.6,False,0.0,False
2017-12-04,2017-12-05,0,Overnight,0.0,False,-43.68,-43.68,34.25,False,0.0,False
2017-12-05,2017-12-06,0,Overnight,0.0,False,-126.95,-126.95,89.75,False,0.0,False
2017-12-06,2017-12-07,0,Overnight,0.0,False,1.18,1.18,17.14,False,0.0,False
2017-12-07,2017-12-08,0,Overnight,0.0,False,68.86,68.86,-65.91,False,0.0,False
2017-12-08,2017-12-11,2,Weekend,48.0,False,-10.04,-10.04,203.01,False,0.0,False
2017-12-11,2017-12-12,0,Overnight,0.0,False,-30.16,-30.16,-26.17,False,0.0,False
2017-12-12,2017-12-13,0,Overnight,0.0,False,46.48,46.48,-13.34,False,0.0,False
2017-12-13,2017-12-14,0,Overnight,0.0,False,7.54,7.54,-10.45,False,0.0,False
2017-12-14,2017-12-15,0,Overnight,0.0,False,81.54,81.54,19.56,False,0.0,False
2017-12-15,2017-12-18,2,Weekend,48.0,False,52.17,52.17,87.67,False,0.0,False
2017-12-18,2017-12-19,0,Overnight,0.0,False,-79.1,-79.1,-28.03,False,0.0,False
2017-12-19,2017-12-20,0,Overnight,0.0,False,18.89,18.89,-29.78,False,0.0,False
2017-12-20,2017-12-21,0,Overnight,0.0,False,-10.33,-10.33,48.11,False,0.0,False
2017-12-21,2017-12-22,0,Overnight,0.0,False,-18.87,-18.87,18.87,False,0.0,False
2017-12-22,2017-12-26,3,Long,72.0,False,-243.5,-243.5,-13.47,False,0.0,False
2017-12-26,2017-12-27,0,Overnight,0.0,False,-27.59,-27.59,29.35,False,0.0,False
2017-12-27,2017-12-28,0,Overnight,0.0,False,23.42,23.42,4.68,False,0.0,False
2017-12-28,2017-12-29,0,Overnight,0.0,False,-32.79,-32.79,-75.94,False,0.0,False
2017-12-29,2018-01-02,3,Long,72.0,False,54.8,54.8,122.66,False,0.0,False
2018-01-02,2018-01-03,0,Overnight,0.0,False,15.66,15.66,-17.4,False,0.0,False
2018-01-03,2018-01-04,0,Overnight,0.0,False,17.98,17.98,28.36,False,0.0,False
2018-01-04,2018-01-05,0,Overnight,0.0,False,23.67,23.67,89.54,False,0.0,False
2018-01-05,2018-01-08,2,Weekend,48.0,False,-37.21,-37.21,0.0,False,0.0,False
2018-01-08,2018-01-09,0,Overnight,0.0,False,11.46,11.46,-12.61,False,0.0,False
2018-01-09,2018-01-10,0,Overnight,0.0,False,-67.34,-67.34,65.04,False,0.0,False
2018-01-10,2018-01-11,0,Overnight,0.0,False,17.2,17.2,39.44,False,0.0,False
2018-01-11,2018-01-12,0,Overnight,0.0,False,51.21,51.21,51.52,False,0.0,False
2018-01-12,2018-01-16,3,Long,72.0,False,45.63,45.63,-96.59,False,0.0,False
2018-01-16,2018-01-17,0,Overnight,0.0,False,-2.27,-2.27,166.08,False,0.0,False
2018-01-17,2018-01-18,0,Overnight,0.0,False,15.06,15.06,-6.13,False,0.0,False
2018-01-18,2018-01-19,0,Overnight,0.0,False,-36.33,-36.33,-8.4,False,0.0,False
2018-01-19,2018-01-22,2,Weekend,48.0,False,-65.21,-65.21,-16.94,False,0.0,False
2018-01-22,2018-01-23,0,Overnight,0.0,False,16.94,16.94,-14.68,False,0.0,False
2018-01-23,2018-01-24,0,Overnight,0.0,False,11.86,11.86,-172.42,False,0.0,False
2018-01-24,2018-01-25,0,Overnight,0.0,False,16.63,16.63,-196.75,False,0.0,False
2018-01-25,2018-01-26,0,Overnight,0.0,False,51.88,51.88,-28.53,False,0.0,False
2018-01-26,2018-01-29,2,Weekend,48.0,False,-79.02,-79.02,-130.13,False,0.0,False
2018-01-29,2018-01-30,0,Overnight,0.0,False,-145.73,-145.73,86.62,False,0.0,False
2018-01-30,2018-01-31,0,Overnight,0.0,False,-5.99,-5.99,33.5,False,0.0,False
2018-01-31,2018-02-01,0,Overnight,0.0,False,-15.54,-15.54,36.42,False,0.0,False
2018-02-01,2018-02-02,0,Overnight,0.0,False,-106.66,-106.66,-336.94,False,0.0,False
2018-02-02,2018-02-05,2,Weekend,48.0,False,-87.61,-87.61,-165.41,False,0.0,False
2018-02-05,2018-02-06,0,Overnight,0.0,False,-106.64,-106.64,516.06,False,0.0,False
2018-02-06,2018-02-07,0,Overnight,0.0,False,3.68,3.68,-220.08,False,0.0,False
2018-02-07,2018-02-08,0,Overnight,0.0,False,46.9,46.9,-325.92,False,0.0,False
2018-02-08,2018-02-09,0,Overnight,0.0,False,122.99,163.02,-42.11,True,40.61,False
2018-02-09,2018-02-12,2,Weekend,48.0,False,132.74,132.74,262.15,False,0.0,False
2018-02-12,2018-02-13,0,Overnight,0.0,False,-46.82,-46.82,146.5,False,0.0,False
2018-02-13,2018-02-14,0,Overnight,0.0,False,-79.42,-79.42,262.11,False,0.0,False
2018-02-14,2018-02-15,0,Overnight,0.0,False,143.55,143.55,186.71,False,0.0,False
2018-02-15,2018-02-16,0,Overnight,0.0,False,-36.48,-36.48,4.06,False,0.0,False
2018-02-16,2018-02-20,3,Long,72.0,False,-22.06,-22.06,-11.63,False,0.0,False
2018-02-20,2018-02-21,0,Overnight,0.0,False,56.86,56.86,-102.36,False,0.0,False
2018-02-21,2018-02-22,0,Overnight,0.0,False,42.58,42.58,40.66,False,0.0,False
2018-02-22,2018-02-23,0,Overnight,0.0,False,67.6,67.6,104.82,False,0.0,False
2018-02-23,2018-02-26,2,Weekend,48.0,False,48.32,48.32,147.47,False,0.0,False
2018-02-26,2018-02-27,0,Overnight,0.0,False,7.26,7.26,-39.72,False,0.0,False
2018-02-27,2018-02-28,0,Overnight,0.0,False,48.65,48.65,-63.8,False,0.0,False
2018-02-28,2018-03-01,0,Overnight,0.0,False,23.55,23.55,-200.27,False,0.0,False
2018-03-01,2018-03-02,0,Overnight,0.0,False,-126.51,-126.51,195.42,False,0.0,False
2018-03-02,2018-03-05,2,Weekend,48.0,False,-56.91,-56.91,91.47,False,0.0,False
2018-03-05,2018-03-06,0,Overnight,0.0,False,61.46,61.46,-69.94,False,0.0,False
2018-03-06,2018-03-07,0,Overnight,0.0,False,-98.41,-98.41,5.14,False,0.0,False
2018-03-07,2018-03-08,0,Overnight,0.0,False,25.68,25.68,82.86,False,0.0,False
2018-03-08,2018-03-09,0,Overnight,0.0,False,57.48,57.48,112.87,False,0.0,False
2018-03-09,2018-03-12,2,Weekend,47.0,False,17.21,17.21,79.0,False,0.0,False
2018-03-12,2018-03-13,0,Overnight,0.0,False,47.76,47.76,-144.53,False,0.0,False
2018-03-13,2018-03-14,0,Overnight,0.0,False,19.43,19.43,-104.81,False,0.0,False
2018-03-14,2018-03-15,0,Overnight,0.0,False,3.36,3.36,8.4,False,0.0,False
2018-03-15,2018-03-16,0,Overnight,0.0,False,0.0,0.0,-35.33,False,0.0,False
2018-03-16,2018-03-19,2,Weekend,48.0,False,-39.4,-39.4,-114.57,False,0.0,False
2018-03-19,2018-03-20,0,Overnight,0.0,False,-3.42,-3.42,0.0,False,0.0,False
2018-03-20,2018-03-21,0,Overnight,0.0,False,-11.42,-11.42,-217.73,False,0.0,False
2018-03-21,2018-03-22,0,Overnight,0.0,False,-74.43,-74.43,-67.88,False,0.0,False
2018-03-22,2018-03-23,0,Overnight,0.0,False,-27.28,-27.28,-207.01,False,0.0,False
2018-03-23,2018-03-26,2,Weekend,48.0,False,187.99,187.99,275.81,False,0.0,False
2018-03-26,2018-03-27,0,Overnight,0.0,False,52.53,52.53,-312.29,False,0.0,False
2018-03-27,2018-03-28,0,Overnight,0.0,False,-64.96,-64.96,-46.15,False,0.0,False
2018-03-28,2018-03-29,0,Overnight,0.0,False,79.57,79.57,-1.79,False,0.0,False
2018-03-29,2018-04-02,3,Long,72.0,False,-68.18,-68.18,2.4,False,0.0,False
2018-04-02,2018-04-03,0,Overnight,0.0,False,57.43,57.43,44.64,False,0.0,False
2018-04-03,2018-04-04,0,Overnight,0.0,False,-210.65,-210.65,400.06,False,0.0,False
2018-04-04,2018-04-05,0,Overnight,0.0,False,56.36,56.36,12.74,False,0.0,False
2018-04-05,2018-04-06,0,Overnight,0.0,False,-106.47,-106.47,-152.65,False,0.0,False
2018-04-06,2018-04-09,2,Weekend,48.0,False,88.69,88.69,10.0,False,0.0,False
2018-04-09,2018-04-10,0,Overnight,0.0,False,171.99,171.99,14.44,False,0.0,False
2018-04-10,2018-04-11,0,Overnight,0.0,False,-59.05,-59.05,12.19,False,0.0,False
2018-04-11,2018-04-12,0,Overnight,0.0,False,56.09,56.09,42.01,False,0.0,False
2018-04-12,2018-04-13,0,Overnight,0.0,False,36.68,36.68,-2.86,False,0.0,False
2018-04-13,2018-04-16,2,Weekend,48.0,False,17.15,17.15,45.03,False,0.0,False
2018-04-16,2018-04-17,0,Overnight,0.0,False,38.03,38.03,98.67,False,0.0,False
2018-04-17,2018-04-18,0,Overnight,0.0,False,-24.15,-24.15,1.69,False,0.0,False
2018-04-18,2018-04-19,0,Overnight,0.0,False,-232.09,-232.09,-55.4,False,0.0,False
2018-04-19,2018-04-20,0,Overnight,0.0,False,-128.13,-128.13,-290.22,False,0.0,False
2018-04-20,2018-04-23,2,Weekend,48.0,False,66.76,66.76,-95.76,False,0.0,False
2018-04-23,2018-04-24,0,Overnight,0.0,False,25.99,25.99,-166.16,False,0.0,False
2018-04-24,2018-04-25,0,Overnight,0.0,False,-19.66,-19.66,63.14,False,0.0,False
2018-04-25,2018-04-26,0,Overnight,0.0,False,28.68,28.68,6.09,False,0.0,False
2018-04-26,2018-04-27,0,Overnight,0.0,False,-13.41,-13.41,-102.97,False,0.0,False
2018-04-27,2018-04-30,2,Weekend,48.0,False,-11.71,-11.71,191.21,False,0.0,False
2018-04-30,2018-05-01,0,Overnight,0.0,False,69.35,69.35,160.36,False,0.0,False
2018-05-01,2018-05-02,0,Overnight,0.0,False,356.09,356.09,76.18,False,0.0,False
2018-05-02,2018-05-03,0,Overnight,0.0,False,-39.15,-39.15,57.26,False,0.0,False
2018-05-03,2018-05-04,0,Overnight,0.0,False,76.59,76.59,308.24,False,0.0,False
2018-05-04,2018-05-07,2,Weekend,48.0,False,73.17,73.17,-1.08,False,0.0,False
2018-05-07,2018-05-08,0,Overnight,0.0,False,-9.19,-9.19,57.14,False,0.0,False
2018-05-08,2018-05-09,0,Overnight,0.0,False,26.84,26.84,43.33,False,0.0,False
2018-05-09,2018-05-10,0,Overnight,0.0,False,20.26,20.26,121.76,False,0.0,False
2018-05-10,2018-05-11,0,Overnight,0.0,False,-28.98,9.47,-47.61,True,38.41,False
2018-05-11,2018-05-14,2,Weekend,48.0,False,22.25,22.25,-45.6,False,0.0,False
2018-05-14,2018-05-15,0,Overnight,0.0,False,-73.08,-73.08,-18.22,False,0.0,False
2018-05-15,2018-05-16,0,Overnight,0.0,False,-19.87,-19.87,112.76,False,0.0,False
2018-05-16,2018-05-17,0,Overnight,0.0,False,-9.57,-9.57,-53.87,False,0.0,False
2018-05-17,2018-05-18,0,Overnight,0.0,False,10.69,10.69,-47.12,False,0.0,False
2018-05-18,2018-05-21,2,Weekend,48.0,False,90.3,90.3,-19.7,False,0.0,False
2018-05-21,2018-05-22,0,Overnight,0.0,False,39.89,39.89,-64.97,False,0.0,False
2018-05-22,2018-05-23,0,Overnight,0.0,False,-43.37,-43.37,107.28,False,0.0,False
2018-05-23,2018-05-24,0,Overnight,0.0,False,21.74,21.74,-32.9,False,0.0,False
2018-05-24,2018-05-25,0,Overnight,0.0,False,4.25,4.25,18.58,False,0.0,False
2018-05-25,2018-05-29,3,Long,72.0,False,-52.1,-52.1,15.98,False,0.0,False
2018-05-29,2018-05-30,0,Overnight,0.0,False,-9.58,-9.58,-11.73,False,0.0,False
2018-05-30,2018-05-31,0,Overnight,0.0,False,-14.94,-14.94,-18.71,False,0.0,False
2018-05-31,2018-06-01,0,Overnight,0.0,False,59.76,59.76,118.98,False,0.0,False
2018-06-01,2018-06-04,2,Weekend,48.0,False,73.32,73.32,9.91,False,0.0,False
2018-06-04,2018-06-05,0,Overnight,0.0,False,64.43,64.43,12.42,False,0.0,False
2018-06-05,2018-06-06,0,Overnight,0.0,False,16.54,16.54,18.06,False,0.0,False
2018-06-06,2018-06-07,0,Overnight,0.0,False,8.25,8.25,-35.09,False,0.0,False
2018-06-07,2018-06-08,0,Overnight,0.0,False,-119.08,-119.08,27.69,False,0.0,False
2018-06-08,2018-06-11,2,Weekend,48.0,False,-18.27,-18.27,-6.27,False,0.0,False
2018-06-11,2018-06-12,0,Overnight,0.0,False,8.36,8.36,46.39,False,0.0,False
2018-06-12,2018-06-13,0,Overnight,0.0,False,7.28,7.28,-89.79,False,0.0,False
2018-06-13,2018-06-14,0,Overnight,0.0,False,44.47,44.47,-39.23,False,0.0,False
2018-06-14,2018-06-15,0,Overnight,0.0,False,-40.44,-40.44,-62.82,False,0.0,False
2018-06-15,2018-06-18,2,Weekend,48.0,False,-50.97,-50.97,45.67,False,0.0,False
2018-06-18,2018-06-19,0,Overnight,0.0,False,-192.58,-192.58,29.66,False,0.0,False
2018-06-19,2018-06-20,0,Overnight,0.0,False,35.48,35.48,8.05,False,0.0,False
2018-06-20,2018-06-21,0,Overnight,0.0,False,40.13,40.13,-96.05,False,0.0,False
2018-06-21,2018-06-22,0,Overnight,0.0,False,35.52,35.52,-64.68,False,0.0,False
2018-06-22,2018-06-25,2,Weekend,48.0,False,-82.54,-82.54,-67.29,False,0.0,False
2018-06-25,2018-06-26,0,Overnight,0.0,False,44.91,44.91,78.38,False,0.0,False
2018-06-26,2018-06-27,0,Overnight,0.0,False,43.28,43.28,-57.93,False,0.0,False
2018-06-27,2018-06-28,0,Overnight,0.0,False,-3.26,-3.26,75.76,False,0.0,False
2018-06-28,2018-06-29,0,Overnight,0.0,False,42.5,42.5,-63.54,False,0.0,False
2018-06-29,2018-07-02,2,Weekend,48.0,False,-69.93,-69.93,181.14,False,0.0,False
2018-07-02,2018-07-03,0,Overnight,0.0,False,32.54,32.54,-208.23,False,0.0,False
2018-07-03,2018-07-05,1,Short,24.0,True,72.59,72.59,7.55,False,0.0,False
2018-07-05,2018-07-06,0,Overnight,0.0,False,1.08,1.08,136.59,False,0.0,False
2018-07-06,2018-07-09,2,Weekend,48.0,False,81.07,81.07,56.83,False,0.0,False
2018-07-09,2018-07-10,0,Overnight,0.0,False,6.82,6.82,-18.89,False,0.0,False
2018-07-10,2018-07-11,0,Overnight,0.0,False,-97.67,-97.67,-32.95,False,0.0,False
2018-07-11,2018-07-12,0,Overnight,0.0,False,87.44,87.44,78.83,False,0.0,False
2018-07-12,2018-07-13,0,Overnight,0.0,False,2.62,2.62,13.07,False,0.0,False
2018-07-13,2018-07-16,2,Weekend,48.0,False,9.93,9.93,-31.9,False,0.0,False
2018-07-16,2018-07-17,0,Overnight,0.0,False,-60.95,-60.95,89.19,False,0.0,False
2018-07-17,2018-07-18,0,Overnight,0.0,False,17.22,17.22,-72.22,False,0.0,False
2018-07-18,2018-07-19,0,Overnight,0.0,False,-37.36,-37.36,114.79,False,0.0,False
2018-07-19,2018-07-20,0,Overnight,0.0,False,-5.21,-5.21,-17.74,False,0.0,False
2018-07-20,2018-07-23,2,Weekend,48.0,False,-39.78,-39.78,48.65,False,0.0,False
2018-07-23,2018-07-24,0,Overnight,0.0,False,43.74,43.74,28.54,False,0.0,False
2018-07-24,2018-07-25,0,Overnight,0.0,False,3.11,3.11,90.75,False,0.0,False
2018-07-25,2018-07-26,0,Overnight,0.0,False,-10.79,-10.79,-20.57,False,0.0,False
2018-07-26,2018-07-27,0,Overnight,0.0,False,40.08,40.08,-207.8,False,0.0,False
2018-07-27,2018-07-30,2,Weekend,48.0,False,48.06,48.06,-104.24,False,0.0,False
2018-07-30,2018-07-31,0,Overnight,0.0,False,20.51,20.51,-0.53,False,0.0,False
2018-07-31,2018-08-01,0,Overnight,0.0,False,454.09,454.09,118.31,False,0.0,False
2018-08-01,2018-08-02,0,Overnight,0.0,False,-45.76,-45.76,333.88,False,0.0,False
2018-08-02,2018-08-03,0,Overnight,0.0,False,-17.37,-17.37,46.26,False,0.0,False
2018-08-03,2018-08-06,2,Weekend,48.0,False,0.48,0.48,51.31,False,0.0,False
2018-08-06,2018-08-07,0,Overnight,0.0,False,11.95,11.95,-106.14,False,0.0,False
2018-08-07,2018-08-08,0,Overnight,0.0,False,-51.31,-51.31,58.07,False,0.0,False
2018-08-08,2018-08-09,0,Overnight,0.0,False,109.41,109.41,-31.07,False,0.0,False
2018-08-09,2018-08-10,0,Overnight,0.0,False,-73.04,-37.89,8.19,True,34.95,False
2018-08-10,2018-08-13,2,Weekend,48.0,False,85.4,85.4,-21.04,False,0.0,False
2018-08-13,2018-08-14,0,Overnight,0.0,False,61.57,61.57,-19.53,False,0.0,False
2018-08-14,2018-08-15,0,Overnight,0.0,False,-25.3,-25.3,48.63,False,0.0,False
2018-08-15,2018-08-16,0,Overnight,0.0,False,71.57,71.57,73.87,False,0.0,False
2018-08-16,2018-08-17,0,Overnight,0.0,False,5.62,5.62,192.11,False,0.0,False
2018-08-17,2018-08-20,2,Weekend,48.0,False,23.87,23.87,-121.78,False,0.0,False
2018-08-20,2018-08-21,0,Overnight,0.0,False,62.0,62.0,-81.51,False,0.0,False
2018-08-21,2018-08-22,0,Overnight,0.0,False,-43.81,-43.81,44.27,False,0.0,False
2018-08-22,2018-08-23,0,Overnight,0.0,False,-18.62,-18.62,39.06,False,0.0,False
2018-08-23,2018-08-24,0,Overnight,0.0,False,51.38,51.38,-20.33,False,0.0,False
2018-08-24,2018-08-27,2,Weekend,48.0,False,45.69,45.69,36.31,False,0.0,False
2018-08-27,2018-08-28,0,Overnight,0.0,False,48.98,48.98,31.46,False,0.0,False
2018-08-28,2018-08-29,0,Overnight,0.0,False,20.46,20.46,127.73,False,0.0,False
2018-08-29,2018-08-30,0,Overnight,0.0,False,12.1,12.1,79.42,False,0.0,False
2018-08-30,2018-08-31,0,Overnight,0.0,False,65.55,65.55,49.32,False,0.0,False
2018-08-31,2018-09-04,3,Long,72.0,False,34.21,34.21,-2.19,False,0.0,False
2018-09-04,2018-09-05,0,Overnight,0.0,False,27.55,27.55,-93.01,False,0.0,False
2018-09-05,2018-09-06,0,Overnight,0.0,False,-28.25,-28.25,-139.32,False,0.0,False
2018-09-06,2018-09-07,0,Overnight,0.0,False,-56.19,-56.19,-24.82,False,0.0,False
2018-09-07,2018-09-10,2,Weekend,48.0,False,-15.83,-15.83,-119.29,False,0.0,False
2018-09-10,2018-09-11,0,Overnight,0.0,False,-14.67,-14.67,264.35,False,0.0,False
2018-09-11,2018-09-12,0,Overnight,0.0,False,48.57,48.57,-173.54,False,0.0,False
2018-09-12,2018-09-13,0,Overnight,0.0,False,110.21,110.21,128.47,False,0.0,False
2018-09-13,2018-09-14,0,Overnight,0.0,False,-29.19,-29.19,-84.97,False,0.0,False
2018-09-14,2018-09-17,2,Weekend,48.0,False,-75.79,-75.79,-194.08,False,0.0,False
2018-09-17,2018-09-18,0,Overnight,0.0,False,-4.13,-4.13,20.64,False,0.0,False
2018-09-18,2018-09-19,0,Overnight,0.0,False,11.91,11.91,-5.95,False,0.0,False
2018-09-19,2018-09-20,0,Overnight,0.0,False,85.27,85.27,-9.54,False,0.0,False
2018-09-20,2018-09-21,0,Overnight,0.0,False,34.03,34.03,-142.32,False,0.0,False
2018-09-21,2018-09-24,2,Weekend,48.0,False,-38.67,-38.67,181.44,False,0.0,False
2018-09-24,2018-09-25,0,Overnight,0.0,False,-47.21,-47.21,110.42,False,0.0,False
2018-09-25,2018-09-26,0,Overnight,0.0,False,-53.7,-53.7,-26.28,False,0.0,False
2018-09-26,2018-09-27,0,Overnight,0.0,False,153.07,153.07,50.36,False,0.0,False
2018-09-27,2018-09-28,0,Overnight,0.0,False,-7.12,-7.12,42.17,False,0.0,False
2018-09-28,2018-10-01,2,Weekend,48.0,False,97.42,97.42,-30.32,False,0.0,False
2018-10-01,2018-10-02,0,Overnight,0.0,False,-0.44,-0.44,88.93,False,0.0,False
2018-10-02,2018-10-03,0,Overnight,0.0,False,33.53,33.53,87.42,False,0.0,False
2018-10-03,2018-10-04,0,Overnight,0.0,False,-55.74,-55.74,-121.63,False,0.0,False
2018-10-04,2018-10-05,0,Overnight,0.0,False,-1.32,-1.32,-162.3,False,0.0,False
2018-10-05,2018-10-08,2,Weekend,48.0,False,-93.17,-93.17,69.96,False,0.0,False
2018-10-08,2018-10-09,0,Overnight,0.0,False,-5.81,-5.81,143.4,False,0.0,False
2018-10-09,2018-10-10,0,Overnight,0.0,False,-62.34,-62.34,-411.99,False,0.0,False
2018-10-10,2018-10-11,0,Overnight,0.0,False,-85.41,-85.41,-3.26,False,0.0,False
2018-10-11,2018-10-12,0,Overnight,0.0,False,274.58,274.58,76.38,False,0.0,False
2018-10-12,2018-10-15,2,Weekend,48.0,False,-42.86,-42.86,-173.31,False,0.0,False
2018-10-15,2018-10-16,0,Overnight,0.0,False,71.97,71.97,146.01,False,0.0,False
2018-10-16,2018-10-17,0,Overnight,0.0,False,6.75,6.75,-50.06,False,0.0,False
2018-10-17,2018-10-18,0,Overnight,0.0,False,-151.69,-151.69,-84.82,False,0.0,False
2018-10-18,2018-10-19,0,Overnight,0.0,False,93.99,93.99,57.16,False,0.0,False
2018-10-19,2018-10-22,2,Weekend,48.0,False,21.86,21.86,39.05,False,0.0,False
2018-10-22,2018-10-23,0,Overnight,0.0,False,-220.87,-220.87,314.69,False,0.0,False
2018-10-23,2018-10-24,0,Overnight,0.0,False,-5.84,-5.84,-343.2,False,0.0,False
2018-10-24,2018-10-25,0,Overnight,0.0,False,121.07,121.07,95.54,False,0.0,False
2018-10-25,2018-10-26,0,Overnight,0.0,False,-179.03,-179.03,18.51,False,0.0,False
2018-10-26,2018-10-29,2,Weekend,48.0,False,132.73,132.73,-322.21,False,0.0,False
2018-10-29,2018-10-30,0,Overnight,0.0,False,-51.49,-51.49,101.31,False,0.0,False
2018-10-30,2018-10-31,0,Overnight,0.0,False,166.45,166.45,90.88,False,0.0,False
2018-10-31,2018-11-01,0,Overnight,0.0,False,8.68,8.68,143.68,False,0.0,False
2018-11-01,2018-11-02,0,Overnight,0.0,False,-587.05,-587.05,-99.27,False,0.0,False
2018-11-02,2018-11-05,2,Weekend,49.0,False,-154.45,-154.45,-133.54,False,0.0,False
2018-11-05,2018-11-06,0,Overnight,0.0,False,16.36,16.36,91.2,False,0.0,False
2018-11-06,2018-11-07,0,Overnight,0.0,False,107.39,107.39,191.39,False,0.0,False
2018-11-07,2018-11-08,0,Overnight,0.0,False,1.43,36.13,-71.21,True,34.77,False
2018-11-08,2018-11-09,0,Overnight,0.0,False,-142.02,-142.02,-52.68,False,0.0,False
2018-11-09,2018-11-12,2,Weekend,48.0,False,-271.16,-271.16,-245.71,False,0.0,False
2018-11-12,2018-11-13,0,Overnight,0.0,False,-131.68,-131.68,31.26,False,0.0,False
2018-11-13,2018-11-14,0,Overnight,0.0,False,86.5,86.5,-373.04,False,0.0,False
2018-11-14,2018-11-15,0,Overnight,0.0,False,84.76,84.76,159.03,False,0.0,False
2018-11-15,2018-11-16,0,Overnight,0.0,False,-47.66,-47.66,157.8,False,0.0,False
2018-11-16,2018-11-19,2,Weekend,48.0,False,-184.08,-184.08,-220.3,False,0.0,False
2018-11-19,2018-11-20,0,Overnight,0.0,False,-411.34,-411.34,-78.23,False,0.0,False
2018-11-20,2018-11-21,0,Overnight,0.0,False,154.19,154.19,-165.5,False,0.0,False
2018-11-21,2018-11-23,1,Short,24.0,False,-104.63,-104.63,-152.64,False,0.0,False
2018-11-23,2018-11-26,2,Weekend,48.0,True,112.55,112.55,21.78,False,0.0,False
2018-11-26,2018-11-27,0,Overnight,0.0,False,-179.71,-179.71,157.92,False,0.0,False
2018-11-27,2018-11-28,0,Overnight,0.0,False,141.89,141.89,235.42,False,0.0,False
2018-11-28,2018-11-29,0,Overnight,0.0,False,94.61,94.61,-171.73,False,0.0,False
2018-11-29,2018-11-30,0,Overnight,0.0,False,41.13,41.13,-95.3,False,0.0,False
2018-11-30,2018-12-03,2,Weekend,48.0,False,323.96,323.96,19.5,False,0.0,False
2018-12-03,2018-12-04,0,Overnight,0.0,False,-211.62,-211.62,-238.24,False,0.0,False
2018-12-04,2018-12-06,1,Short,24.0,False,-282.99,-282.99,170.87,False,0.0,False
2018-12-06,2018-12-07,0,Overnight,0.0,False,-70.65,-70.65,-292.44,False,0.0,False
2018-12-07,2018-12-10,2,Weekend,48.0,False,-209.31,-209.31,274.97,False,0.0,False
2018-12-10,2018-12-11,0,Overnight,0.0,False,120.73,120.73,-178.09,False,0.0,False
2018-12-11,2018-12-12,0,Overnight,0.0,False,104.42,104.42,-76.58,False,0.0,False
2018-12-12,2018-12-13,0,Overnight,0.0,False,81.86,81.86,26.94,False,0.0,False
2018-12-13,2018-12-14,0,Overnight,0.0,False,-114.72,-114.72,-210.48,False,0.0,False
2018-12-14,2018-12-17,2,Weekend,48.0,False,-1.81,-1.81,-91.68,False,0.0,False
2018-12-17,2018-12-18,0,Overnight,0.0,False,87.45,87.45,41.64,False,0.0,False
2018-12-18,2018-12-19,0,Overnight,0.0,False,-4.22,-4.22,-312.67,False,0.0,False
2018-12-19,2018-12-20,0,Overnight,0.0,False,-30.5,-30.5,-225.08,False,0.0,False
2018-12-20,2018-12-21,0,Overnight,0.0,False,1.91,1.91,-398.64,False,0.0,False
2018-12-21,2018-12-24,2,Weekend,48.0,False,-172.65,-172.65,-89.5,False,0.0,False
2018-12-24,2018-12-26,1,Short,24.0,True,99.62,99.62,580.91,False,0.0,False
2018-12-26,2018-12-27,0,Overnight,0.0,False,-84.98,-84.98,19.87,False,0.0,False
2018-12-27,2018-12-28,0,Overnight,0.0,False,86.08,86.08,-80.96,False,0.0,False
2018-12-28,2018-12-31,2,Weekend,48.0,False,146.15,146.15,-49.96,False,0.0,False
2018-12-31,2019-01-02,1,Short,24.0,False,-182.33,-182.33,193.73,False,0.0,False
2019-01-02,2019-01-03,0,Overnight,0.0,False,-924.14,-924.14,-125.1,False,0.0,False
2019-01-03,2019-01-04,0,Overnight,0.0,False,163.23,163.23,254.8,False,0.0,False
2019-01-04,2019-01-07,2,Weekend,48.0,False,29.63,29.63,-51.92,False,0.0,False
2019-01-07,2019-01-08,0,Overnight,0.0,False,109.58,109.58,79.25,False,0.0,False
2019-01-08,2019-01-09,0,Overnight,0.0,False,35.76,35.76,132.64,False,0.0,False
2019-01-09,2019-01-10,0,Overnight,0.0,False,-52.97,-52.97,84.88,False,0.0,False
2019-01-10,2019-01-11,0,Overnight,0.0,False,-60.0,-60.0,-38.67,False,0.0,False
2019-01-11,2019-01-14,2,Weekend,48.0,False,-95.01,-95.01,-56.51,False,0.0,False
2019-01-14,2019-01-15,0,Overnight,0.0,False,17.98,17.98,184.62,False,0.0,False
2019-01-15,2019-01-16,0,Overnight,0.0,False,0.65,0.65,120.77,False,0.0,False
2019-01-16,2019-01-17,0,Overnight,0.0,False,-47.88,-47.88,107.08,False,0.0,False
2019-01-17,2019-01-18,0,Overnight,0.0,False,104.67,104.67,-43.27,False,0.0,False
2019-01-18,2019-01-22,3,Long,72.0,False,-26.18,-26.18,-200.84,False,0.0,False
2019-01-22,2019-01-23,0,Overnight,0.0,False,55.29,55.29,-14.93,False,0.0,False
2019-01-23,2019-01-24,0,Overnight,0.0,False,12.34,12.34,-91.91,False,0.0,False
2019-01-24,2019-01-25,0,Overnight,0.0,False,180.42,180.42,145.58,False,0.0,False
2019-01-25,2019-01-28,2,Weekend,48.0,False,-125.66,-125.66,32.68,False,0.0,False
2019-01-28,2019-01-29,0,Overnight,0.0,False,-3.2,-3.2,-100.99,False,0.0,False
2019-01-29,2019-01-30,0,Overnight,0.0,False,539.24,539.24,121.77,False,0.0,False
2019-01-30,2019-01-31,0,Overnight,0.0,False,51.91,51.91,19.85,False,0.0,False
2019-01-31,2019-02-01,0,Overnight,0.0,False,31.19,31.19,-26.39,False,0.0,False
2019-02-01,2019-02-04,2,Weekend,48.0,False,53.3,53.3,226.79,False,0.0,False
2019-02-04,2019-02-05,0,Overnight,0.0,False,93.58,93.58,76.07,False,0.0,False
2019-02-05,2019-02-06,0,Overnight,0.0,False,26.95,26.95,-23.5,False,0.0,False
2019-02-06,2019-02-07,0,Overnight,0.0,False,-106.16,-106.16,-85.05,False,0.0,False
2019-02-07,2019-02-08,0,Overnight,0.0,False,-114.73,-71.63,83.68,True,42.71,False
2019-02-08,2019-02-11,2,Weekend,48.0,False,37.49,37.49,-95.16,False,0.0,False
2019-02-11,2019-02-12,0,Overnight,0.0,False,39.47,39.47,46.34,False,0.0,False
2019-02-12,2019-02-13,0,Overnight,0.0,False,29.22,29.22,-70.85,False,0.0,False
2019-02-13,2019-02-14,0,Overnight,0.0,False,-27.66,-27.66,64.02,False,0.0,False
2019-02-14,2019-02-15,0,Overnight,0.0,False,26.31,26.31,-48.58,False,0.0,False
2019-02-15,2019-02-19,3,Long,72.0,False,-41.75,-41.75,71.63,False,0.0,False
2019-02-19,2019-02-20,0,Overnight,0.0,False,15.2,15.2,48.95,False,0.0,False
2019-02-20,2019-02-21,0,Overnight,0.0,False,-13.38,-13.38,-43.17,False,0.0,False
2019-02-21,2019-02-22,0,Overnight,0.0,False,30.35,30.35,80.69,False,0.0,False
2019-02-22,2019-02-25,2,Weekend,48.0,False,68.56,68.56,4.02,False,0.0,False
2019-02-25,2019-02-26,0,Overnight,0.0,False,-29.89,-29.89,35.63,False,0.0,False
2019-02-26,2019-02-27,0,Overnight,0.0,False,-64.45,-64.45,95.38,False,0.0,False
2019-02-27,2019-02-28,0,Overnight,0.0,False,-31.5,-31.5,-67.35,False,0.0,False
2019-02-28,2019-03-01,0,Overnight,0.0,False,65.05,65.05,39.51,False,0.0,False
2019-03-01,2019-03-04,2,Weekend,48.0,False,41.07,41.07,9.1,False,0.0,False
2019-03-04,2019-03-05,0,Overnight,0.0,False,5.12,5.12,-23.33,False,0.0,False
2019-03-05,2019-03-06,0,Overnight,0.0,False,-49.11,-49.11,-8.59,False,0.0,False
2019-03-06,2019-03-07,0,Overnight,0.0,False,-37.32,-37.32,-79.11,False,0.0,False
2019-03-07,2019-03-08,0,Overnight,0.0,False,-127.18,-127.18,150.92,False,0.0,False
2019-03-08,2019-03-11,2,Weekend,47.0,False,148.11,148.11,192.45,False,0.0,False
2019-03-11,2019-03-12,0,Overnight,0.0,False,61.3,61.3,50.43,False,0.0,False
2019-03-12,2019-03-13,0,Overnight,0.0,False,73.8,73.8,-29.67,False,0.0,False
2019-03-13,2019-03-14,0,Overnight,0.0,False,119.8,119.8,-9.25,False,0.0,False
2019-03-14,2019-03-15,0,Overnight,0.0,False,60.77,60.77,68.47,False,0.0,False
2019-03-15,2019-03-18,2,Weekend,48.0,False,-17.21,-17.21,118.78,False,0.0,False
2019-03-18,2019-03-19,0,Overnight,0.0,False,17.54,17.54,-97.1,False,0.0,False
2019-03-19,2019-03-20,0,Overnight,0.0,False,-16.1,-16.1,103.1,False,0.0,False
2019-03-20,2019-03-21,0,Overnight,0.0,False,98.37,98.37,263.32,False,0.0,False
2019-03-21,2019-03-22,0,Overnight,0.0,False,12.81,12.81,-222.06,False,0.0,False
2019-03-22,2019-03-25,2,Weekend,48.0,False,24.05,24.05,-145.7,False,0.0,False
2019-03-25,2019-03-26,0,Overnight,0.0,False,153.53,153.53,-257.38,False,0.0,False
2019-03-26,2019-03-27,0,Overnight,0.0,False,104.38,104.38,-14.85,False,0.0,False
2019-03-27,2019-03-28,0,Overnight,0.0,False,25.44,25.44,-12.18,False,0.0,False
2019-03-28,2019-03-29,0,Overnight,0.0,False,58.64,58.64,6.32,False,0.0,False
2019-03-29,2019-04-01,2,Weekend,48.0,False,88.58,88.58,-20.89,False,0.0,False
2019-04-01,2019-04-02,0,Overnight,0.0,False,-7.85,-7.85,152.17,False,0.0,False
2019-04-02,2019-04-03,0,Overnight,0.0,False,-39.77,-39.77,108.08,False,0.0,False
2019-04-03,2019-04-04,0,Overnight,0.0,False,-28.71,-28.71,46.1,False,0.0,False
2019-04-04,2019-04-05,0,Overnight,0.0,False,38.76,38.76,27.96,False,0.0,False
2019-04-05,2019-04-08,2,Weekend,48.0,False,-29.49,-29.49,185.62,False,0.0,False
2019-04-08,2019-04-09,0,Overnight,0.0,False,10.99,10.99,-41.02,False,0.0,False
2019-04-09,2019-04-10,0,Overnight,0.0,False,-41.19,-41.19,97.17,False,0.0,False
2019-04-10,2019-04-11,0,Overnight,0.0,False,11.46,11.46,-95.05,False,0.0,False
2019-04-11,2019-04-12,0,Overnight,0.0,False,12.56,12.56,-16.58,False,0.0,False
2019-04-12,2019-04-15,2,Weekend,48.0,False,-14.59,-14.59,32.68,False,0.0,False
2019-04-15,2019-04-16,0,Overnight,0.0,False,11.54,11.54,-10.53,False,0.0,False
2019-04-16,2019-04-17,0,Overnight,0.0,False,14.54,14.54,178.32,False,0.0,False
2019-04-17,2019-04-18,0,Overnight,0.0,False,-0.49,-0.49,36.37,False,0.0,False
2019-04-18,2019-04-22,3,Long,72.0,False,-50.65,-50.65,83.46,False,0.0,False
2019-04-22,2019-04-23,0,Overnight,0.0,False,-4.89,-4.89,148.09,False,0.0,False
2019-04-23,2019-04-24,0,Overnight,0.0,False,-5.79,-5.79,-9.65,False,0.0,False
2019-04-24,2019-04-25,0,Overnight,0.0,False,-15.94,-15.94,-75.22,False,0.0,False
2019-04-25,2019-04-26,0,Overnight,0.0,False,-18.53,-18.53,-29.32,False,0.0,False
2019-04-26,2019-04-29,2,Weekend,48.0,False,4.89,4.89,10.27,False,0.0,False
2019-04-29,2019-04-30,0,Overnight,0.0,False,-76.04,-76.04,-118.4,False,0.0,False
2019-04-30,2019-05-01,0,Overnight,0.0,False,448.74,448.74,30.45,False,0.0,False
2019-05-01,2019-05-02,0,Overnight,0.0,False,-32.35,-32.35,-32.94,False,0.0,False
2019-05-02,2019-05-03,0,Overnight,0.0,False,82.85,82.85,40.7,False,0.0,False
2019-05-03,2019-05-06,2,Weekend,48.0,False,-358.66,-358.66,203.03,False,0.0,False
2019-05-06,2019-05-07,0,Overnight,0.0,False,-125.5,-125.5,-147.77,False,0.0,False
2019-05-07,2019-05-08,0,Overnight,0.0,False,-47.44,-47.44,49.41,False,0.0,False
2019-05-08,2019-05-09,0,Overnight,0.0,False,-123.98,-123.98,15.96,False,0.0,False
2019-05-09,2019-05-10,0,Overnight,0.0,False,-165.77,-126.85,-12.16,True,38.36,False
2019-05-10,2019-05-13,2,Weekend,48.0,False,-492.19,-492.19,-106.58,False,0.0,False
2019-05-13,2019-05-14,0,Overnight,0.0,False,37.08,37.08,119.98,False,0.0,False
2019-05-14,2019-05-15,0,Overnight,0.0,False,-127.49,-127.49,246.57,False,0.0,False
2019-05-15,2019-05-16,0,Overnight,0.0,False,-53.04,-53.04,8.95,False,0.0,False
2019-05-16,2019-05-17,0,Overnight,0.0,False,-167.11,-167.11,110.13,False,0.0,False
2019-05-17,2019-05-20,2,Weekend,48.0,False,-294.23,-294.23,-23.46,False,0.0,False
2019-05-20,2019-05-21,0,Overnight,0.0,False,115.66,115.66,74.23,False,0.0,False
2019-05-21,2019-05-22,0,Overnight,0.0,False,-104.51,-104.51,-102.33,False,0.0,False
2019-05-22,2019-05-23,0,Overnight,0.0,False,-164.38,-164.38,-7.79,False,0.0,False
2019-05-23,2019-05-24,0,Overnight,0.0,False,30.01,30.01,-68.49,False,0.0,False
2019-05-24,2019-05-28,3,Long,72.0,False,-2.79,-2.79,-38.64,False,0.0,False
2019-05-28,2019-05-29,0,Overnight,0.0,False,-102.07,-102.07,54.27,False,0.0,False
2019-05-29,2019-05-30,0,Overnight,0.0,False,32.08,32.08,19.65,False,0.0,False
2019-05-30,2019-05-31,0,Overnight,0.0,False,-116.78,-116.78,-66.04,False,0.0,False
2019-05-31,2019-06-03,2,Weekend,48.0,False,30.23,30.23,-131.85,False,0.0,False
2019-06-03,2019-06-04,0,Overnight,0.0,False,122.73,122.73,236.58,False,0.0,False
2019-06-04,2019-06-05,0,Overnight,0.0,False,255.01,255.01,-94.87,False,0.0,False
2019-06-05,2019-06-06,0,Overnight,0.0,False,29.54,29.54,116.21,False,0.0,False
2019-06-06,2019-06-07,0,Overnight,0.0,False,69.41,69.41,193.28,False,0.0,False
2019-06-07,2019-06-10,2,Weekend,48.0,False,86.92,86.92,40.06,False,0.0,False
2019-06-10,2019-06-11,0,Overnight,0.0,False,117.7,117.7,-2.57,False,0.0,False
2019-06-11,2019-06-12,0,Overnight,0.0,False,-44.24,-44.24,12.37,False,0.0,False
2019-06-12,2019-06-13,0,Overnight,0.0,False,26.23,26.23,-28.29,False,0.0,False
2019-06-13,2019-06-14,0,Overnight,0.0,False,-134.82,-134.82,61.93,False,0.0,False
2019-06-14,2019-06-17,2,Weekend,48.0,False,8.3,8.3,51.19,False,0.0,False
2019-06-17,2019-06-18,0,Overnight,0.0,False,110.79,110.79,121.67,False,0.0,False
2019-06-18,2019-06-19,0,Overnight,0.0,False,61.79,61.79,-91.06,False,0.0,False
2019-06-19,2019-06-20,0,Overnight,0.0,False,125.55,125.55,-45.52,False,0.0,False
2019-06-20,2019-06-21,0,Overnight,0.0,False,-33.14,-33.14,-1.01,False,0.0,False
2019-06-21,2019-06-24,2,Weekend,48.0,False,-12.08,-12.08,2.01,False,0.0,False
2019-06-24,2019-06-25,0,Overnight,0.0,False,-7.56,-7.56,-145.18,False,0.0,False
2019-06-25,2019-06-26,0,Overnight,0.0,False,111.86,111.86,102.12,False,0.0,False
2019-06-26,2019-06-27,0,Overnight,0.0,False,24.49,24.49,-27.5,False,0.0,False
2019-06-27,2019-06-28,0,Overnight,0.0,False,-53.21,-53.21,-38.33,False,0.0,False
2019-06-28,2019-07-01,2,Weekend,48.0,False,261.8,261.8,-80.06,False,0.0,False
2019-07-01,2019-07-02,0,Overnight,0.0,False,-6.95,-6.95,65.32,False,0.0,False
2019-07-02,2019-07-03,0,Overnight,0.0,False,27.09,27.09,55.43,False,0.0,False
2019-07-03,2019-07-05,1,Short,24.0,True,-51.99,-51.99,43.18,False,0.0,False
2019-07-05,2019-07-08,2,Weekend,48.0,False,-168.88,-168.88,-39.42,False,0.0,False
2019-07-08,2019-07-09,0,Overnight,0.0,False,-41.08,-41.08,101.89,False,0.0,False
2019-07-09,2019-07-10,0,Overnight,0.0,False,30.27,30.27,68.13,False,0.0,False
2019-07-10,2019-07-11,0,Overnight,0.0,False,3.94,3.94,-77.03,False,0.0,False
2019-07-11,2019-07-12,0,Overnight,0.0,False,34.64,34.64,41.9,False,0.0,False
2019-07-12,2019-07-15,2,Weekend,48.0,False,38.78,38.78,54.73,False,0.0,False
2019-07-15,2019-07-16,0,Overnight,0.0,False,-30.26,-30.26,-4.4,False,0.0,False
2019-07-16,2019-07-17,0,Overnight,0.0,False,-22.03,-22.03,-34.36,False,0.0,False
2019-07-17,2019-07-18,0,Overnight,0.0,False,31.91,31.91,81.04,False,0.0,False
2019-07-18,2019-07-19,0,Overnight,0.0,False,6.32,6.32,-156.72,False,0.0,False
2019-07-19,2019-07-22,2,Weekend,48.0,False,52.19,52.19,173.78,False,0.0,False
2019-07-22,2019-07-23,0,Overnight,0.0,False,59.66,59.66,18.21,False,0.0,False
2019-07-23,2019-07-24,0,Overnight,0.0,False,-56.18,-56.18,48.04,False,0.0,False
2019-07-24,2019-07-25,0,Overnight,0.0,False,10.54,10.54,-89.92,False,0.0,False
2019-07-25,2019-07-26,0,Overnight,0.0,False,22.2,22.2,12.52,False,0.0,False
2019-07-26,2019-07-29,2,Weekend,48.0,False,34.6,34.6,58.35,False,0.0,False
2019-07-29,2019-07-30,0,Overnight,0.0,False,-43.97,-43.97,0.96,False,0.0,False
2019-07-30,2019-07-31,0,Overnight,0.0,False,359.4,359.4,-157.41,False,0.0,False
2019-07-31,2019-08-01,0,Overnight,0.0,False,40.29,40.29,-259.05,False,0.0,False
2019-08-01,2019-08-02,0,Overnight,0.0,False,-140.11,-140.11,-73.74,False,0.0,False
2019-08-02,2019-08-05,2,Weekend,48.0,False,-300.02,-300.02,-237.66,False,0.0,False
2019-08-05,2019-08-06,0,Overnight,0.0,False,152.45,152.45,35.09,False,0.0,False
2019-08-06,2019-08-07,0,Overnight,0.0,False,-81.04,-81.04,184.06,False,0.0,False
2019-08-07,2019-08-08,0,Overnight,0.0,False,58.11,58.11,160.05,False,0.0,False
2019-08-08,2019-08-09,0,Overnight,0.0,False,-105.26,-67.08,-15.41,True,37.85,False
2019-08-09,2019-08-12,2,Weekend,48.0,False,-68.4,-68.4,42.99,False,0.0,False
2019-08-12,2019-08-13,0,Overnight,0.0,False,26.9,26.9,387.86,False,0.0,False
2019-08-13,2019-08-14,0,Overnight,0.0,False,-281.97,-281.97,-20.2,False,0.0,False
2019-08-14,2019-08-15,0,Overnight,0.0,False,34.96,34.96,-84.9,False,0.0,False
2019-08-15,2019-08-16,0,Overnight,0.0,False,125.12,125.12,108.09,False,0.0,False
2019-08-16,2019-08-19,2,Weekend,48.0,False,197.55,197.55,-12.83,False,0.0,False
2019-08-19,2019-08-20,0,Overnight,0.0,False,25.16,25.16,-24.69,False,0.0,False
2019-08-20,2019-08-21,0,Overnight,0.0,False,124.25,124.25,-16.45,False,0.0,False
2019-08-21,2019-08-22,0,Overnight,0.0,False,25.83,25.83,-34.3,False,0.0,False
2019-08-22,2019-08-23,0,Overnight,0.0,False,-143.64,-143.64,-329.59,False,0.0,False
2019-08-23,2019-08-26,2,Weekend,48.0,False,157.65,157.65,30.56,False,0.0,False
2019-08-26,2019-08-27,0,Overnight,0.0,False,66.13,66.13,-179.61,False,0.0,False
2019-08-27,2019-08-28,0,Overnight,0.0,False,-2.94,-2.94,69.82,False,0.0,False
2019-08-28,2019-08-29,0,Overnight,0.0,False,143.47,143.47,24.43,False,0.0,False
2019-08-29,2019-08-30,0,Overnight,0.0,False,54.87,54.87,-67.8,False,0.0,False
2019-08-30,2019-09-03,3,Long,72.0,False,-111.28,-111.28,-35.43,False,0.0,False
2019-09-03,2019-09-04,0,Overnight,0.0,False,129.93,129.93,38.32,False,0.0,False
2019-09-04,2019-09-05,0,Overnight,0.0,False,133.43,133.43,60.2,False,0.0,False
2019-09-05,2019-09-06,0,Overnight,0.0,False,36.04,36.04,-36.98,False,0.0,False
2019-09-06,2019-09-09,2,Weekend,48.0,False,73.81,73.81,-31.23,False,0.0,False
2019-09-09,2019-09-10,0,Overnight,0.0,False,-14.48,-14.48,131.92,False,0.0,False
2019-09-10,2019-09-11,0,Overnight,0.0,False,63.02,63.02,249.98,False,0.0,False
2019-09-11,2019-09-12,0,Overnight,0.0,False,53.97,53.97,-76.36,False,0.0,False
2019-09-12,2019-09-13,0,Overnight,0.0,False,-139.48,-139.48,-56.98,False,0.0,False
2019-09-13,2019-09-16,2,Weekend,48.0,False,-46.74,-46.74,99.17,False,0.0,False
2019-09-16,2019-09-17,0,Overnight,0.0,False,2.73,2.73,33.59,False,0.0,False
2019-09-17,2019-09-18,0,Overnight,0.0,False,16.3,16.3,77.06,False,0.0,False
2019-09-18,2019-09-19,0,Overnight,0.0,False,-34.17,-34.17,-47.41,False,0.0,False
2019-09-19,2019-09-20,0,Overnight,0.0,False,18.99,18.99,-166.25,False,0.0,False
2019-09-20,2019-09-23,2,Weekend,48.0,False,55.88,55.88,-10.51,False,0.0,False
2019-09-23,2019-09-24,0,Overnight,0.0,False,105.06,105.06,-152.72,False,0.0,False
2019-09-24,2019-09-25,0,Overnight,0.0,False,39.89,39.89,112.84,False,0.0,False
2019-09-25,2019-09-26,0,Overnight,0.0,False,-46.71,-46.71,-5.0,False,0.0,False
2019-09-26,2019-09-27,0,Overnight,0.0,False,29.52,29.52,-78.3,False,0.0,False
2019-09-27,2019-09-30,2,Weekend,48.0,False,94.61,94.61,138.02,False,0.0,False
2019-09-30,2019-10-01,0,Overnight,0.0,False,48.99,48.99,-21.35,False,0.0,False
2019-10-01,2019-10-02,0,Overnight,0.0,False,-68.36,-68.36,-185.52,False,0.0,False
2019-10-02,2019-10-03,0,Overnight,0.0,False,-24.24,-24.24,108.82,False,0.0,False
2019-10-03,2019-10-04,0,Overnight,0.0,False,215.93,215.93,60.53,False,0.0,False
2019-10-04,2019-10-07,2,Weekend,48.0,False,-32.65,-32.65,34.85,False,0.0,False
2019-10-07,2019-10-08,0,Overnight,0.0,False,-54.76,-54.76,-63.08,False,0.0,False
2019-10-08,2019-10-09,0,Overnight,0.0,False,116.52,116.52,0.0,False,0.0,False
2019-10-09,2019-10-10,0,Overnight,0.0,False,39.56,39.56,94.32,False,0.0,False
2019-10-10,2019-10-11,0,Overnight,0.0,False,123.53,123.53,138.97,False,0.0,False
2019-10-11,2019-10-14,2,Weekend,48.0,False,-55.61,-55.61,41.21,False,0.0,False
2019-10-14,2019-10-15,0,Overnight,0.0,False,22.02,22.02,-45.37,False,0.0,False
2019-10-15,2019-10-16,0,Overnight,0.0,False,-83.21,-83.21,42.76,False,0.0,False
2019-10-16,2019-10-17,0,Overnight,0.0,False,30.67,30.67,8.08,False,0.0,False
2019-10-17,2019-10-18,0,Overnight,0.0,False,-29.37,-29.37,77.28,False,0.0,False
2019-10-18,2019-10-21,2,Weekend,48.0,False,46.84,46.84,125.1,False,0.0,False
2019-10-21,2019-10-22,0,Overnight,0.0,False,26.99,26.99,-49.88,False,0.0,False
2019-10-22,2019-10-23,0,Overnight,0.0,False,88.79,88.79,44.51,False,0.0,False
2019-10-23,2019-10-24,0,Overnight,0.0,False,54.54,54.54,-38.11,False,0.0,False
2019-10-24,2019-10-25,0,Overnight,0.0,False,-17.26,-17.26,139.67,False,0.0,False
2019-10-25,2019-10-28,2,Weekend,48.0,False,34.01,34.01,65.66,False,0.0,False
2019-10-28,2019-10-29,0,Overnight,0.0,False,-3.21,-3.21,-230.78,False,0.0,False
2019-10-29,2019-10-30,0,Overnight,0.0,False,60.24,60.24,-61.47,False,0.0,False
2019-10-30,2019-10-31,0,Overnight,0.0,False,162.29,162.29,61.29,False,0.0,False
2019-10-31,2019-11-01,0,Overnight,0.0,False,31.31,31.31,248.55,False,0.0,False
2019-11-01,2019-11-04,2,Weekend,49.0,False,58.85,58.85,6.6,False,0.0,False
2019-11-04,2019-11-05,0,Overnight,0.0,False,-17.49,-17.49,3.11,False,0.0,False
2019-11-05,2019-11-06,0,Overnight,0.0,False,-14.01,-14.01,18.29,False,0.0,False
2019-11-06,2019-11-07,0,Overnight,0.0,False,58.14,87.86,26.63,True,29.93,False
2019-11-07,2019-11-08,0,Overnight,0.0,False,-28.56,-28.56,55.9,False,0.0,False
2019-11-08,2019-11-11,2,Weekend,48.0,False,-70.98,-70.98,149.86,False,0.0,False
2019-11-11,2019-11-12,0,Overnight,0.0,False,-24.82,-24.82,15.66,False,0.0,False
2019-11-12,2019-11-13,0,Overnight,0.0,False,-31.73,-31.73,127.09,False,0.0,False
2019-11-13,2019-11-14,0,Overnight,0.0,False,-27.26,-27.26,-42.17,False,0.0,False
2019-11-14,2019-11-15,0,Overnight,0.0,False,39.52,39.52,78.57,False,0.0,False
2019-11-15,2019-11-18,2,Weekend,48.0,False,1.5,1.5,48.79,False,0.0,False
2019-11-18,2019-11-19,0,Overnight,0.0,False,29.91,29.91,-60.28,False,0.0,False
2019-11-19,2019-11-20,0,Overnight,0.0,False,-28.2,-28.2,-88.89,False,0.0,False
2019-11-20,2019-11-21,0,Overnight,0.0,False,18.98,18.98,-63.91,False,0.0,False
2019-11-21,2019-11-22,0,Overnight,0.0,False,22.11,22.11,-30.89,False,0.0,False
2019-11-22,2019-11-25,2,Weekend,48.0,False,35.46,35.46,138.36,False,0.0,False
2019-11-25,2019-11-26,0,Overnight,0.0,False,21.38,21.38,-99.77,False,0.0,False
2019-11-26,2019-11-27,0,Overnight,0.0,False,48.69,48.69,84.74,False,0.0,False
2019-11-27,2019-11-29,1,Short,24.0,False,-46.4,-46.4,24.35,False,0.0,False
2019-11-29,2019-12-02,2,Weekend,48.0,True,0.75,0.75,-117.04,False,0.0,False
2019-12-02,2019-12-03,0,Overnight,0.0,False,-223.95,-223.95,44.04,False,0.0,False
2019-12-03,2019-12-04,0,Overnight,0.0,False,62.25,62.25,25.63,False,0.0,False
2019-12-04,2019-12-05,0,Overnight,0.0,False,78.02,78.02,67.63,False,0.0,False
2019-12-05,2019-12-06,0,Overnight,0.0,False,71.29,71.29,120.03,False,0.0,False
2019-12-06,2019-12-09,2,Weekend,48.0,False,-26.26,-26.26,-114.73,False,0.0,False
2019-12-09,2019-12-10,0,Overnight,0.0,False,62.74,62.74,-4.47,False,0.0,False
2019-12-10,2019-12-11,0,Overnight,0.0,False,12.28,12.28,72.65,False,0.0,False
2019-12-11,2019-12-12,0,Overnight,0.0,False,-111.04,-111.04,136.49,False,0.0,False
2019-12-12,2019-12-13,0,Overnight,0.0,False,0.0,0.0,135.02,False,0.0,False
2019-12-13,2019-12-16,2,Weekend,48.0,False,67.01,67.01,102.72,False,0.0,False
2019-12-16,2019-12-17,0,Overnight,0.0,False,-10.37,-10.37,30.0,False,0.0,False
2019-12-17,2019-12-18,0,Overnight,0.0,False,-21.78,-21.78,-2.14,False,0.0,False
2019-12-18,2019-12-19,0,Overnight,0.0,False,-8.58,-8.58,18.59,False,0.0,False
2019-12-19,2019-12-20,0,Overnight,0.0,False,78.61,78.61,-99.35,False,0.0,False
2019-12-20,2019-12-23,2,Weekend,48.0,False,38.93,38.93,122.94,False,0.0,False
2019-12-23,2019-12-24,0,Overnight,0.0,False,24.27,24.27,-14.76,False,0.0,False
2019-12-24,2019-12-26,1,Short,24.0,True,19.33,19.33,177.13,False,0.0,False
2019-12-26,2019-12-27,0,Overnight,0.0,False,41.65,41.65,-45.45,False,0.0,False
2019-12-27,2019-12-30,2,Weekend,48.0,False,-11.74,-11.74,70.91,False,0.0,False
2019-12-30,2019-12-31,0,Overnight,0.0,False,-54.69,-54.69,127.49,False,0.0,False
2019-12-31,2020-01-02,1,Short,24.0,False,87.81,87.81,137.79,False,0.0,False
2020-01-02,2020-01-03,0,Overnight,0.0,False,-107.11,-107.11,9.42,False,0.0,False
2020-01-03,2020-01-06,2,Weekend,48.0,False,-123.14,-123.14,202.5,False,0.0,False
2020-01-06,2020-01-07,0,Overnight,0.0,False,1.33,1.33,-48.48,False,0.0,False
2020-01-07,2020-01-08,0,Overnight,0.0,False,-41.31,-41.31,200.89,False,0.0,False
2020-01-08,2020-01-09,0,Overnight,0.0,False,132.69,132.69,77.49,False,0.0,False
2020-01-09,2020-01-10,0,Overnight,0.0,False,31.28,31.28,-8.7,False,0.0,False
2020-01-10,2020-01-13,2,Weekend,48.0,False,42.13,42.13,169.27,False,0.0,False
2020-01-13,2020-01-14,0,Overnight,0.0,False,-8.21,-8.21,-127.75,False,0.0,False
2020-01-14,2020-01-15,0,Overnight,0.0,False,-26.58,-26.58,-16.37,False,0.0,False
2020-01-15,2020-01-16,0,Overnight,0.0,False,72.01,72.01,52.48,False,0.0,False
2020-01-16,2020-01-17,0,Overnight,0.0,False,32.62,32.62,77.48,False,0.0,False
2020-01-17,2020-01-21,3,Long,72.0,False,-48.43,-48.43,-19.57,False,0.0,False
2020-01-21,2020-01-22,0,Overnight,0.0,False,63.29,63.29,-27.66,False,0.0,False
2020-01-22,2020-01-23,0,Overnight,0.0,False,6.92,6.92,41.12,False,0.0,False
2020-01-23,2020-01-24,0,Overnight,0.0,False,31.9,31.9,-60.76,False,0.0,False
2020-01-24,2020-01-27,2,Weekend,48.0,False,-262.6,-262.6,-35.86,False,0.0,False
2020-01-27,2020-01-28,0,Overnight,0.0,False,117.45,117.45,161.52,False,0.0,False
2020-01-28,2020-01-29,0,Overnight,0.0,False,210.55,210.55,-3.39,False,0.0,False
2020-01-29,2020-01-30,0,Overnight,0.0,False,-117.85,-117.85,103.35,False,0.0,False
2020-01-30,2020-01-31,0,Overnight,0.0,False,-91.19,-91.19,-362.33,False,0.0,False
2020-01-31,2020-02-03,2,Weekend,48.0,False,-169.76,-169.76,142.26,False,0.0,False
2020-02-03,2020-02-04,0,Overnight,0.0,False,213.16,213.16,111.65,False,0.0,False
2020-02-04,2020-02-05,0,Overnight,0.0,False,145.4,145.4,-64.19,False,0.0,False
2020-02-05,2020-02-06,0,Overnight,0.0,False,34.78,34.78,81.51,False,0.0,False
2020-02-06,2020-02-07,0,Overnight,0.0,False,-87.71,-63.85,-72.85,True,23.68,False
2020-02-07,2020-02-10,2,Weekend,48.0,False,-184.49,-184.49,231.87,False,0.0,False
2020-02-10,2020-02-11,0,Overnight,0.0,False,63.55,63.55,-124.07,False,0.0,False
2020-02-11,2020-02-12,0,Overnight,0.0,False,58.03,58.03,176.67,False,0.0,False
2020-02-12,2020-02-13,0,Overnight,0.0,False,-92.42,-92.42,20.95,False,0.0,False
2020-02-13,2020-02-14,0,Overnight,0.0,False,-4.0,-4.0,6.47,False,0.0,False
2020-02-14,2020-02-18,3,Long,72.0,False,-299.57,-299.57,114.76,False,0.0,False
2020-02-18,2020-02-19,0,Overnight,0.0,False,31.3,31.3,112.49,False,0.0,False
2020-02-19,2020-02-20,0,Overnight,0.0,False,-30.64,-30.64,-72.48,False,0.0,False
2020-02-20,2020-02-21,0,Overnight,0.0,False,-52.59,-52.59,-176.36,False,0.0,False
2020-02-21,2020-02-24,2,Weekend,48.0,False,-517.56,-517.56,30.9,False,0.0,False
2020-02-24,2020-02-25,0,Overnight,0.0,False,92.47,92.47,-437.06,False,0.0,False
2020-02-25,2020-02-26,0,Overnight,0.0,False,-53.95,-53.95,211.34,False,0.0,False
2020-02-26,2020-02-27,0,Overnight,0.0,False,-402.67,-402.67,-273.36,False,0.0,False
2020-02-27,2020-02-28,0,Overnight,0.0,False,-612.87,-612.87,607.02,False,0.0,False
2020-02-28,2020-03-02,2,Weekend,48.0,False,321.1,321.1,569.08,False,0.0,False
2020-03-02,2020-03-03,0,Overnight,0.0,False,161.34,161.34,-484.08,False,0.0,False
2020-03-03,2020-03-04,0,Overnight,0.0,False,243.11,243.11,210.29,False,0.0,False
2020-03-04,2020-03-05,0,Overnight,0.0,False,-241.38,-241.38,-88.37,False,0.0,False
2020-03-05,2020-03-06,0,Overnight,0.0,False,-379.93,-379.93,246.23,False,0.0,False
2020-03-06,2020-03-09,2,Weekend,47.0,False,-915.29,-915.29,91.34,False,0.0,False
2020-03-09,2020-03-10,0,Overnight,0.0,False,403.88,403.88,291.59,False,0.0,False
2020-03-10,2020-03-11,0,Overnight,0.0,False,-282.57,-282.57,-70.91,False,0.0,False
2020-03-11,2020-03-12,0,Overnight,0.0,False,-733.9,-733.9,-305.87,False,0.0,False
2020-03-12,2020-03-13,0,Overnight,0.0,False,649.59,649.59,481.98,False,0.0,False
2020-03-13,2020-03-16,2,Weekend,48.0,False,-1387.82,-1387.82,10.74,False,0.0,False
2020-03-16,2020-03-17,0,Overnight,0.0,False,216.46,216.46,213.85,False,0.0,False
2020-03-17,2020-03-18,0,Overnight,0.0,False,-531.56,-531.56,283.71,False,0.0,False
2020-03-18,2020-03-19,0,Overnight,0.0,False,29.15,29.15,-106.06,False,0.0,False
2020-03-19,2020-03-20,0,Overnight,0.0,False,97.57,97.57,-753.47,False,0.0,False
2020-03-20,2020-03-23,2,Weekend,48.0,False,-50.73,-50.73,-164.0,False,0.0,False
2020-03-23,2020-03-24,0,Overnight,0.0,False,520.6,520.6,435.46,False,0.0,False
2020-03-24,2020-03-25,0,Overnight,0.0,False,155.54,155.54,-210.78,False,0.0,False
2020-03-25,2020-03-26,0,Overnight,0.0,False,40.65,40.65,472.2,False,0.0,False
2020-03-26,2020-03-27,0,Overnight,0.0,False,-222.63,-222.63,-200.21,False,0.0,False
2020-03-27,2020-03-30,2,Weekend,48.0,False,120.37,120.37,161.02,False,0.0,False
2020-03-30,2020-03-31,0,Overnight,0.0,False,30.96,30.96,-51.38,False,0.0,False
2020-03-31,2020-04-01,0,Overnight,0.0,False,-311.13,-311.13,-229.39,False,0.0,False
2020-04-01,2020-04-02,0,Overnight,0.0,False,-23.69,-23.69,189.18,False,0.0,False
2020-04-02,2020-04-03,0,Overnight,0.0,False,-87.34,-87.34,-57.41,False,0.0,False
2020-04-03,2020-04-06,2,Weekend,48.0,False,385.58,385.58,450.82,False,0.0,False
2020-04-06,2020-04-07,0,Overnight,0.0,False,312.44,312.44,-428.94,False,0.0,False
2020-04-07,2020-04-08,0,Overnight,0.0,False,126.78,126.78,125.95,False,0.0,False
2020-04-08,2020-04-09,0,Overnight,0.0,False,98.36,98.36,-26.46,False,0.0,False
2020-04-09,2020-04-13,3,Long,72.0,False,11.93,11.93,182.44,False,0.0,False
2020-04-13,2020-04-14,0,Overnight,0.0,False,244.02,244.02,248.67,False,0.0,False
2020-04-14,2020-04-15,0,Overnight,0.0,False,-163.32,-163.32,71.63,False,0.0,False
2020-04-15,2020-04-16,0,Overnight,0.0,False,103.18,103.18,-24.04,False,0.0,False
2020-04-16,2020-04-17,0,Overnight,0.0,False,-70.01,-70.01,-66.61,False,0.0,False
2020-04-17,2020-04-20,2,Weekend,48.0,False,-172.99,-172.99,-36.77,False,0.0,False
2020-04-20,2020-04-21,0,Overnight,0.0,False,-23.5,-23.5,-290.48,False,0.0,False
2020-04-21,2020-04-22,0,Overnight,0.0,False,193.37,193.37,90.59,False,0.0,False
2020-04-22,2020-04-23,0,Overnight,0.0,False,-8.33,-8.33,-30.5,False,0.0,False
2020-04-23,2020-04-24,0,Overnight,0.0,False,78.59,78.59,206.02,False,0.0,False
2020-04-24,2020-04-27,2,Weekend,48.0,False,-41.43,-41.43,48.5,False,0.0,False
2020-04-27,2020-04-28,0,Overnight,0.0,False,67.22,67.22,-230.65,False,0.0,False
2020-04-28,2020-04-29,0,Overnight,0.0,False,218.36,218.36,104.81,False,0.0,False
2020-04-29,2020-04-30,0,Overnight,0.0,False,77.2,77.2,131.56,False,0.0,False
2020-04-30,2020-05-01,0,Overnight,0.0,False,-260.34,-260.34,98.03,False,0.0,False
2020-05-01,2020-05-04,2,Weekend,48.0,False,3.46,3.46,137.04,False,0.0,False
2020-05-04,2020-05-05,0,Overnight,0.0,False,64.6,64.6,84.37,False,0.0,False
2020-05-05,2020-05-06,0,Overnight,0.0,False,96.99,96.99,5.66,False,0.0,False
2020-05-06,2020-05-07,0,Overnight,0.0,False,85.78,85.78,17.13,False,0.0,False
2020-05-07,2020-05-08,0,Overnight,0.0,False,62.36,89.15,145.84,True,27.0,False
2020-05-08,2020-05-11,2,Weekend,48.0,False,-65.67,-65.67,221.8,False,0.0,False
2020-05-11,2020-05-12,0,Overnight,0.0,False,89.12,89.12,-204.06,False,0.0,False
2020-05-12,2020-05-13,0,Overnight,0.0,False,23.73,23.73,-145.21,False,0.0,False
2020-05-13,2020-05-14,0,Overnight,0.0,False,-102.59,-102.59,163.83,False,0.0,False
2020-05-14,2020-05-15,0,Overnight,0.0,False,-301.39,-301.39,242.09,False,0.0,False
2020-05-15,2020-05-18,2,Weekend,48.0,False,175.88,175.88,56.99,False,0.0,False
2020-05-18,2020-05-19,0,Overnight,0.0,False,2.22,2.22,-60.17,False,0.0,False
2020-05-19,2020-05-20,0,Overnight,0.0,False,112.41,112.41,80.2,False,0.0,False
2020-05-20,2020-05-21,0,Overnight,0.0,False,-17.87,-17.87,-56.96,False,0.0,False
2020-05-21,2020-05-22,0,Overnight,0.0,False,-34.14,-34.14,98.32,False,0.0,False
2020-05-22,2020-05-26,3,Long,72.0,False,143.53,143.53,-211.49,False,0.0,False
2020-05-26,2020-05-27,0,Overnight,0.0,False,-18.65,-18.65,62.12,False,0.0,False
2020-05-27,2020-05-28,0,Overnight,0.0,False,-42.21,-42.21,46.61,False,0.0,False
2020-05-28,2020-05-29,0,Overnight,0.0,False,31.37,31.37,-41.12,False,0.0,False
2020-05-29,2020-06-01,2,Weekend,48.0,False,-5.98,-5.98,128.21,False,0.0,False
2020-06-01,2020-06-02,0,Overnight,0.0,False,-34.24,-34.24,80.42,False,0.0,False
2020-06-02,2020-06-03,0,Overnight,0.0,False,40.74,40.74,14.16,False,0.0,False
2020-06-03,2020-06-04,0,Overnight,0.0,False,-22.48,-22.48,-64.02,False,0.0,False
2020-06-04,2020-06-05,0,Overnight,0.0,False,31.9,31.9,248.92,False,0.0,False
2020-06-05,2020-06-08,2,Weekend,48.0,False,-37.78,-37.78,96.73,False,0.0,False
2020-06-08,2020-06-09,0,Overnight,0.0,False,-39.66,-39.66,350.56,False,0.0,False
2020-06-09,2020-06-10,0,Overnight,0.0,False,113.02,113.02,141.0,False,0.0,False
2020-06-10,2020-06-11,0,Overnight,0.0,False,-100.55,-100.55,-391.46,False,0.0,False
2020-06-11,2020-06-12,0,Overnight,0.0,False,259.19,259.19,-173.23,False,0.0,False
2020-06-12,2020-06-15,2,Weekend,48.0,False,-165.17,-165.17,288.08,False,0.0,False
2020-06-15,2020-06-16,0,Overnight,0.0,False,243.95,243.95,17.63,False,0.0,False
2020-06-16,2020-06-17,0,Overnight,0.0,False,86.82,86.82,-100.75,False,0.0,False
2020-06-17,2020-06-18,0,Overnight,0.0,False,-5.12,-5.12,9.1,False,0.0,False
2020-06-18,2020-06-19,0,Overnight,0.0,False,82.39,82.39,-139.7,False,0.0,False
2020-06-19,2020-06-22,2,Weekend,48.0,False,46.22,46.22,212.06,False,0.0,False
2020-06-22,2020-06-23,0,Overnight,0.0,False,141.94,141.94,69.27,False,0.0,False
2020-06-23,2020-06-24,0,Overnight,0.0,False,-41.83,-41.83,-136.27,False,0.0,False
2020-06-24,2020-06-25,0,Overnight,0.0,False,17.76,17.76,114.12,False,0.0,False
2020-06-25,2020-06-26,0,Overnight,0.0,False,-11.79,-11.79,-300.28,False,0.0,False
2020-06-26,2020-06-29,2,Weekend,48.0,False,-10.75,-10.75,238.6,False,0.0,False
2020-06-29,2020-06-30,0,Overnight,0.0,False,-47.1,-47.1,130.23,False,0.0,False
2020-06-30,2020-07-01,0,Overnight,0.0,False,8.77,8.77,-27.7,False,0.0,False
2020-07-01,2020-07-02,0,Overnight,0.0,False,102.19,102.19,-102.19,False,0.0,False
2020-07-02,2020-07-06,3,Long,72.0,False,160.47,160.47,103.52,False,0.0,False
2020-07-06,2020-07-07,0,Overnight,0.0,False,41.64,41.64,-72.72,False,0.0,False
2020-07-07,2020-07-08,0,Overnight,0.0,False,107.55,107.55,122.68,False,0.0,False
2020-07-08,2020-07-09,0,Overnight,0.0,False,96.03,96.03,-53.12,False,0.0,False
2020-07-09,2020-07-10,0,Overnight,0.0,False,-43.7,-43.7,61.17,False,0.0,False
2020-07-10,2020-07-13,2,Weekend,48.0,False,139.25,139.25,-185.49,False,0.0,False
2020-07-13,2020-07-14,0,Overnight,0.0,False,-66.99,-66.99,231.12,False,0.0,False
2020-07-14,2020-07-15,0,Overnight,0.0,False,197.15,197.15,-128.61,False,0.0,False
2020-07-15,2020-07-16,0,Overnight,0.0,False,-119.67,-119.67,-4.14,False,0.0,False
2020-07-16,2020-07-17,0,Overnight,0.0,False,48.06,48.06,-68.28,False,0.0,False
2020-07-17,2020-07-20,2,Weekend,48.0,False,9.34,9.34,199.21,False,0.0,False
2020-07-20,2020-07-21,0,Overnight,0.0,False,82.52,82.52,-221.5,False,0.0,False
2020-07-21,2020-07-22,0,Overnight,0.0,False,-31.75,-31.75,59.8,False,0.0,False
2020-07-22,2020-07-23,0,Overnight,0.0,False,-28.31,-28.31,-437.54,False,0.0,False
2020-07-23,2020-07-24,0,Overnight,0.0,False,-202.09,-202.09,177.29,False,0.0,False
2020-07-24,2020-07-27,2,Weekend,48.0,False,117.54,117.54,116.7,False,0.0,False
2020-07-27,2020-07-28,0,Overnight,0.0,False,-46.78,-46.78,-118.86,False,0.0,False
2020-07-28,2020-07-29,0,Overnight,0.0,False,53.21,53.21,136.66,False,0.0,False
2020-07-29,2020-07-30,0,Overnight,0.0,False,-90.1,-90.1,210.38,False,0.0,False
2020-07-30,2020-07-31,0,Overnight,0.0,False,672.86,672.86,322.77,False,0.0,False
2020-07-31,2020-08-03,2,Weekend,48.0,False,180.92,180.92,67.93,False,0.0,False
2020-08-03,2020-08-04,0,Overnight,0.0,False,17.88,17.88,48.68,False,0.0,False
2020-08-04,2020-08-05,0,Overnight,0.0,False,-26.25,-26.25,62.43,False,0.0,False
2020-08-05,2020-08-06,0,Overnight,0.0,False,31.07,31.07,311.87,False,0.0,False
2020-08-06,2020-08-07,0,Overnight,0.0,False,-61.42,-43.33,-186.57,True,18.0,False
2020-08-07,2020-08-10,2,Weekend,48.0,False,132.98,132.98,11.32,False,0.0,False
2020-08-10,2020-08-11,0,Overnight,0.0,False,-67.42,-67.42,-234.49,False,0.0,False
2020-08-11,2020-08-12,0,Overnight,0.0,False,102.11,102.11,224.83,False,0.0,False
2020-08-12,2020-08-13,0,Overnight,0.0,False,124.87,124.87,50.56,False,0.0,False
2020-08-13,2020-08-14,0,Overnight,0.0,False,-15.66,-15.66,6.75,False,0.0,False
2020-08-14,2020-08-17,2,Weekend,48.0,False,100.01,100.01,-126.16,False,0.0,False
2020-08-17,2020-08-18,0,Overnight,0.0,False,-22.27,-22.27,105.26,False,0.0,False
2020-08-18,2020-08-19,0,Overnight,0.0,False,36.28,36.28,-23.74,False,0.0,False
2020-08-19,2020-08-20,0,Overnight,0.0,False,3.67,3.67,215.8,False,0.0,False
2020-08-20,2020-08-21,0,Overnight,0.0,False,83.14,83.14,419.34,False,0.0,False
2020-08-21,2020-08-24,2,Weekend,48.0,False,342.04,342.04,-223.14,False,0.0,False
2020-08-24,2020-08-25,0,Overnight,0.0,False,-92.59,-92.59,10.22,False,0.0,False
2020-08-25,2020-08-26,0,Overnight,0.0,False,107.97,107.97,27.11,False,0.0,False
2020-08-26,2020-08-27,0,Overnight,0.0,False,48.88,48.88,-169.15,False,0.0,False
2020-08-27,2020-08-28,0,Overnight,0.0,False,79.87,79.87,-96.09,False,0.0,False
2020-08-28,2020-08-31,2,Weekend,48.0,False,219.71,219.71,113.79,False,0.0,True
2020-08-31,2020-09-01,0,Overnight,0.0,False,284.21,284.21,106.39,False,0.0,False
2020-09-01,2020-09-02,0,Overnight,0.0,False,250.96,250.96,-460.32,False,0.0,False
2020-09-02,2020-09-03,0,Overnight,0.0,False,-347.68,-347.68,-486.8,False,0.0,False
2020-09-03,2020-09-04,0,Overnight,0.0,False,-67.23,-67.23,73.85,False,0.0,False
2020-09-04,2020-09-08,3,Long,72.0,False,-597.0,-597.0,-99.66,False,0.0,False
2020-09-08,2020-09-09,0,Overnight,0.0,False,386.0,386.0,5.12,False,0.0,False
2020-09-09,2020-09-10,0,Overnight,0.0,False,255.82,255.82,-587.73,False,0.0,False
2020-09-10,2020-09-11,0,Overnight,0.0,False,94.71,94.71,-226.87,False,0.0,False
2020-09-11,2020-09-14,2,Weekend,48.0,False,239.96,239.96,55.63,False,0.0,False
2020-09-14,2020-09-15,0,Overnight,0.0,False,254.2,254.2,-238.61,False,0.0,False
2020-09-15,2020-09-16,0,Overnight,0.0,False,-26.87,-26.87,-272.71,False,0.0,False
2020-09-16,2020-09-17,0,Overnight,0.0,False,-217.27,-217.27,56.35,False,0.0,False
2020-09-17,2020-09-18,0,Overnight,0.0,False,5.44,5.44,-327.78,False,0.0,False
2020-09-18,2020-09-21,2,Weekend,48.0,False,-217.63,-217.63,516.38,False,0.0,False
2020-09-21,2020-09-22,0,Overnight,0.0,False,233.45,233.45,-77.51,False,0.0,False
2020-09-22,2020-09-23,0,Overnight,0.0,False,-17.01,-17.01,-411.51,False,0.0,False
2020-09-23,2020-09-24,0,Overnight,0.0,False,-183.72,-183.72,285.88,False,0.0,False
2020-09-24,2020-09-25,0,Overnight,0.0,False,19.39,19.39,348.91,False,0.0,False
2020-09-25,2020-09-28,2,Weekend,48.0,False,240.23,240.23,-4.35,False,0.0,False
2020-09-28,2020-09-29,0,Overnight,0.0,False,-35.73,-35.73,-40.24,False,0.0,False
2020-09-29,2020-09-30,0,Overnight,0.0,False,-26.33,-26.33,175.96,False,0.0,False
2020-09-30,2020-10-01,0,Overnight,0.0,False,156.78,156.78,-72.52,False,0.0,False
2020-10-01,2020-10-02,0,Overnight,0.0,False,-339.64,-339.64,11.51,False,0.0,False
2020-10-02,2020-10-05,2,Weekend,48.0,False,78.44,78.44,224.83,False,0.0,False
2020-10-05,2020-10-06,0,Overnight,0.0,False,-68.91,-68.91,-221.98,False,0.0,False
2020-10-06,2020-10-07,0,Overnight,0.0,False,128.2,128.2,40.05,False,0.0,False
2020-10-07,2020-10-08,0,Overnight,0.0,False,101.15,101.15,-110.72,False,0.0,False
2020-10-08,2020-10-09,0,Overnight,0.0,False,26.93,26.93,145.54,False,0.0,False
2020-10-09,2020-10-12,2,Weekend,48.0,False,260.74,260.74,355.11,False,0.0,False
2020-10-12,2020-10-13,0,Overnight,0.0,False,69.69,69.69,-338.55,False,0.0,False
2020-10-13,2020-10-14,0,Overnight,0.0,False,-8.26,-8.26,15.69,False,0.0,False
2020-10-14,2020-10-15,0,Overnight,0.0,False,-205.92,-205.92,166.23,False,0.0,False
2020-10-15,2020-10-16,0,Overnight,0.0,False,47.11,47.11,-188.1,False,0.0,False
2020-10-16,2020-10-19,2,Weekend,48.0,False,78.67,78.67,-337.41,False,0.0,False
2020-10-19,2020-10-20,0,Overnight,0.0,False,18.95,18.95,112.11,False,0.0,False
2020-10-20,2020-10-21,0,Overnight,0.0,False,-71.74,-71.74,17.13,False,0.0,False
2020-10-21,2020-10-22,0,Overnight,0.0,False,49.5,49.5,-145.8,False,0.0,False
2020-10-22,2020-10-23,0,Overnight,0.0,False,55.14,55.14,-116.67,False,0.0,False
2020-10-23,2020-10-26,2,Weekend,48.0,False,-89.94,-89.94,90.81,False,0.0,False
2020-10-26,2020-10-27,0,Overnight,0.0,False,38.17,38.17,95.65,False,0.0,False
2020-10-27,2020-10-28,0,Overnight,0.0,False,-133.82,-133.82,-340.36,False,0.0,False
2020-10-28,2020-10-29,0,Overnight,0.0,False,104.67,104.67,259.14,False,0.0,False
2020-10-29,2020-10-30,0,Overnight,0.0,False,-376.4,-376.4,-200.08,False,0.0,False
2020-10-30,2020-11-02,2,Weekend,49.0,False,22.94,22.94,-31.21,False,0.0,False
2020-11-02,2020-11-03,0,Overnight,0.0,False,81.49,81.49,70.88,False,0.0,False
2020-11-03,2020-11-04,0,Overnight,0.0,False,329.53,329.53,70.71,False,0.0,False
2020-11-04,2020-11-05,0,Overnight,0.0,False,257.64,257.64,91.15,False,0.0,False
2020-11-05,2020-11-06,0,Overnight,0.0,False,-59.83,-42.52,31.22,True,17.22,False
2020-11-06,2020-11-09,2,Weekend,48.0,False,151.35,151.35,-353.05,False,0.0,False
2020-11-09,2020-11-10,0,Overnight,0.0,False,-66.42,-66.42,36.28,False,0.0,False
2020-11-10,2020-11-11,0,Overnight,0.0,False,104.65,104.65,194.36,False,0.0,False
2020-11-11,2020-11-12,0,Overnight,0.0,False,10.87,10.87,-34.33,False,0.0,False
2020-11-12,2020-11-13,0,Overnight,0.0,False,19.28,19.28,-15.08,False,0.0,False
2020-11-13,2020-11-16,2,Weekend,48.0,False,-28.55,-28.55,115.38,False,0.0,False
2020-11-16,2020-11-17,0,Overnight,0.0,False,-62.54,-62.54,-13.39,False,0.0,False
2020-11-17,2020-11-18,0,Overnight,0.0,False,-65.55,-65.55,-49.02,False,0.0,False
2020-11-18,2020-11-19,0,Overnight,0.0,False,-37.35,-37.35,88.9,False,0.0,False
2020-11-19,2020-11-20,0,Overnight,0.0,False,0.0,0.0,-110.18,False,0.0,False
2020-11-20,2020-11-23,2,Weekend,48.0,False,-13.64,-13.64,-288.29,False,0.0,False
2020-11-23,2020-11-24,0,Overnight,0.0,False,5.27,5.27,110.01,False,0.0,False
2020-11-24,2020-11-25,0,Overnight,0.0,False,32.94,32.94,41.45,False,0.0,False
2020-11-25,2020-11-27,1,Short,24.0,False,46.43,46.43,1.72,False,0.0,False
2020-11-27,2020-11-30,2,Weekend,48.0,True,32.54,32.54,176.26,False,0.0,False
2020-11-30,2020-12-01,0,Overnight,0.0,False,163.3,163.3,140.32,False,0.0,False
2020-12-01,2020-12-02,0,Overnight,0.0,False,-57.2,-57.2,86.5,False,0.0,False
2020-12-02,2020-12-03,0,Overnight,0.0,False,35.68,35.68,-47.07,False,0.0,False
2020-12-03,2020-12-04,0,Overnight,0.0,False,-27.69,-27.69,-28.59,False,0.0,False
2020-12-04,2020-12-07,2,Weekend,48.0,False,4.91,4.91,117.05,False,0.0,False
2020-12-07,2020-12-08,0,Overnight,0.0,False,49.98,49.98,0.8,False,0.0,False
2020-12-08,2020-12-09,0,Overnight,0.0,False,12.05,12.05,-223.31,False,0.0,False
2020-12-09,2020-12-10,0,Overnight,0.0,False,-105.66,-105.66,224.84,False,0.0,False
2020-12-10,2020-12-11,0,Overnight,0.0,False,-65.94,-65.94,-1.63,False,0.0,False
2020-12-11,2020-12-14,2,Weekend,48.0,False,15.51,15.51,-67.11,False,0.0,False
2020-12-14,2020-12-15,0,Overnight,0.0,False,208.04,208.04,280.73,False,0.0,False
2020-12-15,2020-12-16,0,Overnight,0.0,False,-36.82,-36.82,31.35,False,0.0,False
2020-12-16,2020-12-17,0,Overnight,0.0,False,84.92,84.92,-15.53,False,0.0,False
2020-12-17,2020-12-18,0,Overnight,0.0,False,20.18,20.18,-179.96,False,0.0,False
2020-12-18,2020-12-21,2,Weekend,48.0,False,-130.33,-130.33,253.52,False,0.0,False
2020-12-21,2020-12-22,0,Overnight,0.0,False,260.18,260.18,20.49,False,0.0,False
2020-12-22,2020-12-23,0,Overnight,0.0,False,21.21,21.21,-91.21,False,0.0,False
2020-12-23,2020-12-24,0,Overnight,0.0,False,27.45,27.45,49.37,False,0.0,False
2020-12-24,2020-12-28,3,Long,72.0,True,151.91,151.91,199.5,False,0.0,False
2020-12-28,2020-12-29,0,Overnight,0.0,False,99.0,99.0,-233.05,False,0.0,False
2020-12-29,2020-12-30,0,Overnight,0.0,False,52.51,52.51,-138.14,False,0.0,False
2020-12-30,2020-12-31,0,Overnight,0.0,False,26.89,26.89,-104.21,False,0.0,False
2020-12-31,2021-01-04,3,Long,72.0,False,62.36,62.36,-312.66,False,0.0,False
2021-01-04,2021-01-05,0,Overnight,0.0,False,-40.26,-40.26,163.14,False,0.0,False
2021-01-05,2021-01-06,0,Overnight,0.0,False,-254.33,-254.33,-88.08,False,0.0,False
2021-01-06,2021-01-07,0,Overnight,0.0,False,138.06,138.06,197.48,False,0.0,False
2021-01-07,2021-01-08,0,Overnight,0.0,False,114.68,114.68,-28.73,False,0.0,False
2021-01-08,2021-01-11,2,Weekend,48.0,False,-218.96,-218.96,-16.27,False,0.0,False
2021-01-11,2021-01-12,0,Overnight,0.0,False,-37.28,-37.28,23.32,False,0.0,False
2021-01-12,2021-01-13,0,Overnight,0.0,False,-3.11,-3.11,164.07,False,0.0,False
2021-01-13,2021-01-14,0,Overnight,0.0,False,-6.88,-6.88,-145.55,False,0.0,False
2021-01-14,2021-01-15,0,Overnight,0.0,False,-10.09,-10.09,-128.17,False,0.0,False
2021-01-15,2021-01-19,3,Long,72.0,False,50.21,50.21,3.91,False,0.0,False
2021-01-19,2021-01-20,0,Overnight,0.0,False,64.72,64.72,258.56,False,0.0,False
2021-01-20,2021-01-21,0,Overnight,0.0,False,133.17,133.17,226.85,False,0.0,False
2021-01-21,2021-01-22,0,Overnight,0.0,False,-43.2,-43.2,202.66,False,0.0,False
2021-01-22,2021-01-25,2,Weekend,48.0,False,283.57,283.57,-10.49,False,0.0,False
2021-01-25,2021-01-26,0,Overnight,0.0,False,47.47,47.47,-30.69,False,0.0,False
2021-01-26,2021-01-27,0,Overnight,0.0,False,18.84,18.84,-95.98,False,0.0,False
2021-01-27,2021-01-28,0,Overnight,0.0,False,-180.42,-180.42,-175.7,False,0.0,False
2021-01-28,2021-01-29,0,Overnight,0.0,False,-92.33,-92.33,-289.05,False,0.0,False
2021-01-29,2021-02-01,2,Weekend,48.0,False,134.73,134.73,29.12,False,0.0,False
2021-02-01,2021-02-02,0,Overnight,0.0,False,117.84,117.84,-54.67,False,0.0,False
2021-02-02,2021-02-03,0,Overnight,0.0,False,56.88,56.88,-134.97,False,0.0,False
2021-02-03,2021-02-04,0,Overnight,0.0,False,174.66,174.66,79.65,False,0.0,False
2021-02-04,2021-02-05,0,Overnight,0.0,False,-2.91,12.0,-43.05,True,14.92,False
2021-02-05,2021-02-08,2,Weekend,48.0,False,-53.52,-53.52,64.48,False,0.0,False
2021-02-08,2021-02-09,0,Overnight,0.0,False,-21.2,-21.2,-44.75,False,0.0,False
2021-02-09,2021-02-10,0,Overnight,0.0,False,34.5,34.5,-80.19,False,0.0,False
2021-02-10,2021-02-11,0,Overnight,0.0,False,37.6,37.6,-56.82,False,0.0,False
2021-02-11,2021-02-12,0,Overnight,0.0,False,-57.89,-57.89,75.63,False,0.0,False
2021-02-12,2021-02-16,3,Long,72.0,False,8.86,8.86,-171.21,False,0.0,False
2021-02-16,2021-02-17,0,Overnight,0.0,False,-146.73,-146.73,-31.29,False,0.0,False
2021-02-17,2021-02-18,0,Overnight,0.0,False,-126.14,-126.14,39.4,False,0.0,False
2021-02-18,2021-02-19,0,Overnight,0.0,False,40.78,40.78,-28.45,False,0.0,False
2021-02-19,2021-02-22,2,Weekend,48.0,False,-144.26,-144.26,-158.26,False,0.0,False
2021-02-22,2021-02-23,0,Overnight,0.0,False,-179.38,-179.38,168.26,False,0.0,False
2021-02-23,2021-02-24,0,Overnight,0.0,False,-73.37,-73.37,32.76,False,0.0,False
2021-02-24,2021-02-25,0,Overnight,0.0,False,-53.59,-53.59,-300.43,False,0.0,False
2021-02-25,2021-02-26,0,Overnight,0.0,False,131.38,131.38,-109.08,False,0.0,False
2021-02-26,2021-03-01,2,Weekend,48.0,False,203.26,203.26,321.25,False,0.0,False
2021-03-01,2021-03-02,0,Overnight,0.0,False,48.4,48.4,-259.55,False,0.0,False
2021-03-02,2021-03-03,0,Overnight,0.0,False,-24.81,-24.81,-222.8,False,0.0,False
2021-03-03,2021-03-04,0,Overnight,0.0,False,-25.43,-25.43,-133.95,False,0.0,False
2021-03-04,2021-03-05,0,Overnight,0.0,False,70.51,70.51,36.3,False,0.0,False
2021-03-05,2021-03-08,2,Weekend,48.0,False,-40.44,-40.44,-385.23,False,0.0,False
2021-03-08,2021-03-09,0,Overnight,0.0,False,226.87,226.87,171.58,False,0.0,False
2021-03-09,2021-03-10,0,Overnight,0.0,False,49.43,49.43,-141.52,False,0.0,False
2021-03-10,2021-03-11,0,Overnight,0.0,False,211.12,211.12,-47.44,False,0.0,False
2021-03-11,2021-03-12,0,Overnight,0.0,False,-128.74,-128.74,52.19,False,0.0,False
2021-03-12,2021-03-15,2,Weekend,47.0,False,31.35,31.35,210.28,False,0.0,False
2021-03-15,2021-03-16,0,Overnight,0.0,False,136.97,136.97,-10.35,False,0.0,False
2021-03-16,2021-03-17,0,Overnight,0.0,False,-121.79,-121.79,57.07,False,0.0,False
2021-03-17,2021-03-18,0,Overnight,0.0,False,-151.84,-151.84,-193.1,False,0.0,False
2021-03-18,2021-03-19,0,Overnight,0.0,False,-52.41,-52.41,7.5,False,0.0,False
2021-03-19,2021-03-22,2,Weekend,48.0,False,28.3,28.3,251.12,False,0.0,False
2021-03-22,2021-03-23,0,Overnight,0.0,False,-4.86,-4.86,-64.26,False,0.0,False
2021-03-23,2021-03-24,0,Overnight,0.0,False,22.82,22.82,-224.78,False,0.0,False
2021-03-24,2021-03-25,0,Overnight,0.0,False,-45.9,-45.9,87.45,False,0.0,False
2021-03-25,2021-03-26,0,Overnight,0.0,False,-19.92,-19.92,71.2,False,0.0,False
2021-03-26,2021-03-29,2,Weekend,48.0,False,36.24,36.24,-21.4,False,0.0,False
2021-03-29,2021-03-30,0,Overnight,0.0,False,-106.0,-106.0,-17.5,False,0.0,False
2021-03-30,2021-03-31,0,Overnight,0.0,False,144.9,144.9,41.02,False,0.0,False
2021-03-31,2021-04-01,0,Overnight,0.0,False,122.86,122.86,-53.52,False,0.0,False
2021-04-01,2021-04-05,3,Long,72.0,False,70.48,70.48,162.55,False,0.0,False
2021-04-05,2021-04-06,0,Overnight,0.0,False,47.54,47.54,-22.95,False,0.0,False
2021-04-06,2021-04-07,0,Overnight,0.0,False,-30.15,-30.15,163.17,False,0.0,False
2021-04-07,2021-04-08,0,Overnight,0.0,False,81.76,81.76,108.75,False,0.0,False
2021-04-08,2021-04-09,0,Overnight,0.0,False,-43.05,-43.05,243.54,False,0.0,False
2021-04-09,2021-04-12,2,Weekend,48.0,False,-36.16,-36.16,-97.06,False,0.0,False
2021-04-12,2021-04-13,0,Overnight,0.0,False,91.02,91.02,149.14,False,0.0,False
2021-04-13,2021-04-14,0,Overnight,0.0,False,37.87,37.87,-218.01,False,0.0,False
2021-04-14,2021-04-15,0,Overnight,0.0,False,134.67,134.67,50.69,False,0.0,False
2021-04-15,2021-04-16,0,Overnight,0.0,False,-14.88,-14.88,-10.43,False,0.0,False
2021-04-16,2021-04-19,2,Weekend,48.0,False,-48.57,-48.57,99.13,False,0.0,False
2021-04-19,2021-04-20,0,Overnight,0.0,False,13.34,13.34,-142.47,False,0.0,False
2021-04-20,2021-04-21,0,Overnight,0.0,False,-56.5,-56.5,85.76,False,0.0,False
2021-04-21,2021-04-22,0,Overnight,0.0,False,-34.52,-34.52,-83.02,False,0.0,False
2021-04-22,2021-04-23,0,Overnight,0.0,False,16.66,16.66,162.12,False,0.0,False
2021-04-23,2021-04-26,2,Weekend,48.0,False,37.9,37.9,-8.16,False,0.0,False
2021-04-26,2021-04-27,0,Overnight,0.0,False,21.5,21.5,-46.03,False,0.0,False
2021-04-27,2021-04-28,0,Overnight,0.0,False,-5.95,-5.95,-54.5,False,0.0,False
2021-04-28,2021-04-29,0,Overnight,0.0,False,214.04,214.04,-221.53,False,0.0,False
2021-04-29,2021-04-30,0,Overnight,0.0,False,-128.18,-128.18,-24.31,False,0.0,False
2021-04-30,2021-05-03,2,Weekend,48.0,False,44.02,44.02,37.8,False,0.0,False
2021-05-03,2021-05-04,0,Overnight,0.0,False,-102.38,-102.38,-257.89,False,0.0,False
2021-05-04,2021-05-05,0,Overnight,0.0,False,105.04,105.04,-85.5,False,0.0,False
2021-05-05,2021-05-06,0,Overnight,0.0,False,-16.41,-16.41,143.62,False,0.0,False
2021-05-06,2021-05-07,0,Overnight,0.0,False,85.19,101.99,-49.03,True,16.96,False
2021-05-07,2021-05-10,2,Weekend,48.0,False,-61.63,-61.63,-199.8,False,0.0,False
2021-05-10,2021-05-11,0,Overnight,0.0,False,-267.64,-267.64,193.26,False,0.0,False
2021-05-11,2021-05-12,0,Overnight,0.0,False,-201.36,-201.36,-51.18,False,0.0,False
2021-05-12,2021-05-13,0,Overnight,0.0,False,146.35,146.35,31.26,False,0.0,False
2021-05-13,2021-05-14,0,Overnight,0.0,False,101.9,101.9,94.6,False,0.0,False
2021-05-14,2021-05-17,2,Weekend,48.0,False,-49.55,-49.55,-43.46,False,0.0,False
2021-05-17,2021-05-18,0,Overnight,0.0,False,22.94,22.94,-136.03,False,0.0,False
2021-05-18,2021-05-19,0,Overnight,0.0,False,-136.29,-136.29,123.46,False,0.0,False
2021-05-19,2021-05-20,0,Overnight,0.0,False,43.21,43.21,164.73,False,0.0,False
2021-05-20,2021-05-21,0,Overnight,0.0,False,39.98,39.98,-188.75,False,0.0,False
2021-05-21,2021-05-24,2,Weekend,48.0,False,46.13,46.13,86.13,False,0.0,False
2021-05-24,2021-05-25,0,Overnight,0.0,False,56.49,56.49,-72.24,False,0.0,False
2021-05-25,2021-05-26,0,Overnight,0.0,False,4.73,4.73,-8.67,False,0.0,False
2021-05-26,2021-05-27,0,Overnight,0.0,False,-32.37,-32.37,-92.17,False,0.0,False
2021-05-27,2021-05-28,0,Overnight,0.0,False,23.12,23.12,-76.75,False,0.0,False
2021-05-28,2021-06-01,3,Long,72.0,False,37.65,37.65,-64.16,False,0.0,False
2021-06-01,2021-06-02,0,Overnight,0.0,False,0.0,0.0,62.57,False,0.0,False
2021-06-02,2021-06-03,0,Overnight,0.0,False,-30.43,-30.43,-91.85,False,0.0,False
2021-06-03,2021-06-04,0,Overnight,0.0,False,42.81,42.81,145.63,False,0.0,False
2021-06-04,2021-06-07,2,Weekend,48.0,False,22.22,22.22,-21.42,False,0.0,False
2021-06-07,2021-06-08,0,Overnight,0.0,False,55.45,55.45,11.05,False,0.0,False
2021-06-08,2021-06-09,0,Overnight,0.0,False,37.02,37.02,-6.29,False,0.0,False
2021-06-09,2021-06-10,0,Overnight,0.0,False,-8.66,-8.66,-71.9,False,0.0,False
2021-06-10,2021-06-11,0,Overnight,0.0,False,33.25,33.25,64.6,False,0.0,False
2021-06-11,2021-06-14,2,Weekend,48.0,False,36.84,36.84,205.97,False,0.0,False
2021-06-14,2021-06-15,0,Overnight,0.0,False,-41.47,-41.47,-23.11,False,0.0,False
2021-06-15,2021-06-16,0,Overnight,0.0,False,56.15,56.15,-16.89,False,0.0,False
2021-06-16,2021-06-17,0,Overnight,0.0,False,-26.93,-26.93,152.15,False,0.0,False
2021-06-17,2021-06-18,0,Overnight,0.0,False,-82.29,-82.29,-19.14,False,0.0,False
2021-06-18,2021-06-21,2,Weekend,48.0,False,-12.27,-12.27,152.33,False,0.0,False
2021-06-21,2021-06-22,0,Overnight,0.0,False,-12.86,-12.86,139.04,False,0.0,False
2021-06-22,2021-06-23,0,Overnight,0.0,False,-15.69,-15.69,-5.23,False,0.0,False
2021-06-23,2021-06-24,0,Overnight,0.0,False,55.94,55.94,-77.65,False,0.0,False
2021-06-24,2021-06-25,0,Overnight,0.0,False,3.75,3.75,-26.26,False,0.0,False
2021-06-25,2021-06-28,2,Weekend,48.0,False,22.51,22.51,102.17,False,0.0,False
2021-06-28,2021-06-29,0,Overnight,0.0,False,1.48,1.48,112.86,False,0.0,False
2021-06-29,2021-06-30,0,Overnight,0.0,False,-11.74,-11.74,57.85,False,0.0,False
2021-06-30,2021-07-01,0,Overnight,0.0,False,-26.32,-26.32,48.93,False,0.0,False
2021-07-01,2021-07-02,0,Overnight,0.0,False,45.79,45.79,148.28,False,0.0,False
2021-07-02,2021-07-06,3,Long,72.0,False,7.86,7.86,138.26,False,0.0,False
2021-07-06,2021-07-07,0,Overnight,0.0,False,106.46,106.46,71.5,False,0.0,False
2021-07-07,2021-07-08,0,Overnight,0.0,False,-208.99,-208.99,116.57,False,0.0,False
2021-07-08,2021-07-09,0,Overnight,0.0,False,-34.27,-34.27,163.97,False,0.0,False
2021-07-09,2021-07-12,2,Weekend,48.0,False,75.52,75.52,-117.64,False,0.0,False
2021-07-12,2021-07-13,0,Overnight,0.0,False,-32.58,-32.58,111.16,False,0.0,False
2021-07-13,2021-07-14,0,Overnight,0.0,False,167.5,167.5,70.65,False,0.0,False
2021-07-14,2021-07-15,0,Overnight,0.0,False,6.03,6.03,-51.06,False,0.0,False
2021-07-15,2021-07-16,0,Overnight,0.0,False,-1.35,-1.35,-140.41,False,0.0,False
2021-07-16,2021-07-19,2,Weekend,48.0,False,-181.99,-181.99,-90.85,False,0.0,False
2021-07-19,2021-07-20,0,Overnight,0.0,False,70.65,70.65,185.77,False,0.0,False
2021-07-20,2021-07-21,0,Overnight,0.0,False,-42.51,-42.51,-8.94,False,0.0,False
2021-07-21,2021-07-22,0,Overnight,0.0,False,37.07,37.07,58.76,False,0.0,False
2021-07-22,2021-07-23,0,Overnight,0.0,False,50.96,50.96,68.22,False,0.0,False
2021-07-23,2021-07-26,2,Weekend,48.0,False,-19.54,-19.54,48.44,False,0.0,False
2021-07-26,2021-07-27,0,Overnight,0.0,False,8.72,8.72,-158.85,False,0.0,False
2021-07-27,2021-07-28,0,Overnight,0.0,False,-134.44,-134.44,11.73,False,0.0,False
2021-07-28,2021-07-29,0,Overnight,0.0,False,-20.02,-20.02,65.44,False,0.0,False
2021-07-29,2021-07-30,0,Overnight,0.0,False,-86.89,-86.89,101.99,False,0.0,False
2021-07-30,2021-08-02,2,Weekend,48.0,False,34.22,34.22,-57.56,False,0.0,False
2021-08-02,2021-08-03,0,Overnight,0.0,False,19.91,19.91,105.74,False,0.0,False
2021-08-03,2021-08-04,0,Overnight,0.0,False,-6.11,-6.11,-21.75,False,0.0,False
2021-08-04,2021-08-05,0,Overnight,0.0,False,2.04,2.04,5.44,False,0.0,False
2021-08-05,2021-08-06,0,Overnight,0.0,False,-48.4,-33.37,-14.36,True,14.96,False
2021-08-06,2021-08-09,2,Weekend,48.0,False,4.1,4.1,-7.53,False,0.0,False
2021-08-09,2021-08-10,0,Overnight,0.0,False,23.93,23.93,-57.53,False,0.0,False
2021-08-10,2021-08-11,0,Overnight,0.0,False,30.86,30.86,-13.02,False,0.0,False
2021-08-11,2021-08-12,0,Overnight,0.0,False,22.6,22.6,183.01,False,0.0,False
2021-08-12,2021-08-13,0,Overnight,0.0,False,5.37,5.37,8.72,False,0.0,False
2021-08-13,2021-08-16,2,Weekend,48.0,False,-37.63,-37.63,172.2,False,0.0,False
2021-08-16,2021-08-17,0,Overnight,0.0,False,-59.07,-59.07,-2.66,False,0.0,False
2021-08-17,2021-08-18,0,Overnight,0.0,False,-26.0,-26.0,-232.32,False,0.0,False
2021-08-18,2021-08-19,0,Overnight,0.0,False,-91.29,-91.29,114.49,False,0.0,False
2021-08-19,2021-08-20,0,Overnight,0.0,False,50.32,50.32,50.74,False,0.0,False
2021-08-20,2021-08-23,2,Weekend,48.0,False,8.09,8.09,93.95,False,0.0,False
2021-08-23,2021-08-24,0,Overnight,0.0,False,-17.38,-17.38,11.37,False,0.0,False
2021-08-24,2021-08-25,0,Overnight,0.0,False,12.69,12.69,-97.26,False,0.0,False
2021-08-25,2021-08-26,0,Overnight,0.0,False,-0.67,-0.67,-54.75,False,0.0,False
2021-08-26,2021-08-27,0,Overnight,0.0,False,-4.07,-4.07,75.66,False,0.0,False
2021-08-27,2021-08-30,2,Weekend,48.0,False,26.88,26.88,272.76,False,0.0,False
2021-08-30,2021-08-31,0,Overnight,0.0,False,-30.09,-30.09,-54.52,False,0.0,False
2021-08-31,2021-09-01,0,Overnight,0.0,False,65.65,65.65,-20.96,False,0.0,False
2021-09-01,2021-09-02,0,Overnight,0.0,False,88.78,88.78,-14.31,False,0.0,False
2021-09-02,2021-09-03,0,Overnight,0.0,False,7.16,7.16,35.06,False,0.0,False
2021-09-03,2021-09-07,3,Long,72.0,False,43.33,43.33,110.38,False,0.0,False
2021-09-07,2021-09-08,0,Overnight,0.0,False,18.49,18.49,-119.84,False,0.0,False
2021-09-08,2021-09-09,0,Overnight,0.0,False,24.47,24.47,-91.74,False,0.0,False
2021-09-09,2021-09-10,0,Overnight,0.0,False,60.18,60.18,-396.8,False,0.0,False
2021-09-10,2021-09-13,2,Weekend,48.0,False,110.82,110.82,-71.96,False,0.0,False
2021-09-13,2021-09-14,0,Overnight,0.0,False,53.35,53.35,-149.43,False,0.0,False
2021-09-14,2021-09-15,0,Overnight,0.0,False,29.66,29.66,31.59,False,0.0,False
2021-09-15,2021-09-16,0,Overnight,0.0,False,-39.67,-39.67,23.55,False,0.0,False
2021-09-16,2021-09-17,0,Overnight,0.0,False,2.02,2.02,-187.2,False,0.0,False
2021-09-17,2021-09-20,2,Weekend,48.0,False,-155.94,-155.94,-59.98,False,0.0,False
2021-09-20,2021-09-21,0,Overnight,0.0,False,69.02,69.02,-34.8,False,0.0,False
2021-09-21,2021-09-22,0,Overnight,0.0,False,70.86,70.86,96.45,False,0.0,False
2021-09-22,2021-09-23,0,Overnight,0.0,False,54.7,54.7,12.27,False,0.0,False
2021-09-23,2021-09-24,0,Overnight,0.0,False,-80.0,-80.0,86.13,False,0.0,False
2021-09-24,2021-09-27,2,Weekend,48.0,False,-99.18,-99.18,-6.88,False,0.0,False
2021-09-27,2021-09-28,0,Overnight,0.0,False,-146.91,-146.91,-93.98,False,0.0,False
2021-09-28,2021-09-29,0,Overnight,0.0,False,39.38,39.38,25.24,False,0.0,False
2021-09-29,2021-09-30,0,Overnight,0.0,False,57.94,57.94,-151.5,False,0.0,False
2021-09-30,2021-10-01,0,Overnight,0.0,False,28.23,28.23,52.71,False,0.0,False
2021-10-01,2021-10-04,2,Weekend,48.0,False,-62.59,-62.59,-186.55,False,0.0,False
2021-10-04,2021-10-05,0,Overnight,0.0,False,25.12,25.12,115.47,False,0.0,False
2021-10-05,2021-10-06,0,Overnight,0.0,False,-116.9,-116.9,179.78,False,0.0,False
2021-10-06,2021-10-07,0,Overnight,0.0,False,74.37,74.37,16.06,False,0.0,False
2021-10-07,2021-10-08,0,Overnight,0.0,False,51.51,51.51,-78.77,False,0.0,False
2021-10-08,2021-10-11,2,Weekend,48.0,False,-44.18,-44.18,37.88,False,0.0,False
2021-10-11,2021-10-12,0,Overnight,0.0,False,29.37,29.37,-120.81,False,0.0,False
2021-10-12,2021-10-13,0,Overnight,0.0,False,-19.1,-19.1,-23.39,False,0.0,False
2021-10-13,2021-10-14,0,Overnight,0.0,False,84.8,84.8,115.44,False,0.0,False
2021-10-14,2021-10-15,0,Overnight,0.0,False,0.7,0.7,74.15,False,0.0,False
2021-10-15,2021-10-18,2,Weekend,48.0,False,-96.43,-96.43,213.8,False,0.0,False
2021-10-18,2021-10-19,0,Overnight,0.0,False,31.34,31.34,118.34,False,0.0,False
2021-10-19,2021-10-20,0,Overnight,0.0,False,-4.03,-4.03,37.59,False,0.0,False
2021-10-20,2021-10-21,0,Overnight,0.0,False,-30.19,-30.19,44.92,False,0.0,False
2021-10-21,2021-10-22,0,Overnight,0.0,False,14.04,14.04,-67.03,False,0.0,False
2021-10-22,2021-10-25,2,Weekend,48.0,False,-0.67,-0.67,-2.69,False,0.0,False
2021-10-25,2021-10-26,0,Overnight,0.0,False,46.31,46.31,-0.67,False,0.0,False
2021-10-26,2021-10-27,0,Overnight,0.0,False,2.68,2.68,-34.2,False,0.0,False
2021-10-27,2021-10-28,0,Overnight,0.0,False,64.95,64.95,181.89,False,0.0,False
2021-10-28,2021-10-29,0,Overnight,0.0,False,-356.95,-356.95,173.73,False,0.0,False
2021-10-29,2021-11-01,2,Weekend,48.0,False,-54.22,-54.22,-2.01,False,0.0,False
2021-11-01,2021-11-02,0,Overnight,0.0,False,-20.16,-20.16,91.07,False,0.0,False
2021-11-02,2021-11-03,0,Overnight,0.0,False,24.63,24.63,72.88,False,0.0,False
2021-11-03,2021-11-04,0,Overnight,0.0,False,5.94,5.94,-40.99,False,0.0,False
2021-11-04,2021-11-05,0,Overnight,0.0,False,61.42,75.89,-40.24,True,14.57,False
2021-11-05,2021-11-08,2,Weekend,49.0,False,8.59,8.59,-64.27,False,0.0,False
2021-11-08,2021-11-09,0,Overnight,0.0,False,-15.97,-15.97,40.53,False,0.0,False
2021-11-09,2021-11-10,0,Overnight,0.0,False,-52.52,-52.52,-140.97,False,0.0,False
2021-11-10,2021-11-11,0,Overnight,0.0,False,70.06,70.06,-73.44,False,0.0,False
2021-11-11,2021-11-12,0,Overnight,0.0,False,37.8,37.8,104.55,False,0.0,False
2021-11-12,2021-11-15,2,Weekend,48.0,False,25.3,25.3,-24.64,False,0.0,False
2021-11-15,2021-11-16,0,Overnight,0.0,False,-4.0,-4.0,70.45,False,0.0,False
2021-11-16,2021-11-17,0,Overnight,0.0,False,0.0,0.0,163.56,False,0.0,False
2021-11-17,2021-11-18,0,Overnight,0.0,False,14.32,14.32,267.04,False,0.0,False
2021-11-18,2021-11-19,0,Overnight,0.0,False,-13.95,-13.95,182.28,False,0.0,False
2021-11-19,2021-11-22,2,Weekend,48.0,False,70.14,70.14,-40.9,False,0.0,False
2021-11-22,2021-11-23,0,Overnight,0.0,False,6.21,6.21,17.98,False,0.0,False
2021-11-23,2021-11-24,0,Overnight,0.0,False,-40.97,-40.97,73.76,False,0.0,False
2021-11-24,2021-11-26,1,Short,24.0,False,-147.43,-147.43,-174.48,False,0.0,False
2021-11-26,2021-11-29,2,Weekend,48.0,True,161.94,161.94,54.44,False,0.0,False
2021-11-29,2021-11-30,0,Overnight,0.0,False,-15.61,-15.61,326.51,False,0.0,False
2021-11-30,2021-12-01,0,Overnight,0.0,False,131.02,131.02,-163.13,False,0.0,False
2021-12-01,2021-12-02,0,Overnight,0.0,False,-372.83,-372.83,311.34,False,0.0,False
2021-12-02,2021-12-03,0,Overnight,0.0,False,15.86,15.86,-133.8,False,0.0,False
2021-12-03,2021-12-06,2,Weekend,48.0,False,150.25,150.25,62.5,False,0.0,False
2021-12-06,2021-12-07,0,Overnight,0.0,False,224.89,224.89,123.44,False,0.0,False
2021-12-07,2021-12-08,0,Overnight,0.0,False,55.34,55.34,169.93,False,0.0,False
2021-12-08,2021-12-09,0,Overnight,0.0,False,-9.71,-9.71,-20.03,False,0.0,False
2021-12-09,2021-12-10,0,Overnight,0.0,False,37.17,37.17,239.11,False,0.0,False
2021-12-10,2021-12-13,2,Weekend,48.0,False,92.63,92.63,-301.54,False,0.0,False
2021-12-13,2021-12-14,0,Overnight,0.0,False,-27.92,-27.92,-52.63,False,0.0,False
2021-12-14,2021-12-15,0,Overnight,0.0,False,44.64,44.64,236.46,False,0.0,False
2021-12-15,2021-12-16,0,Overnight,0.0,False,-1.12,-1.12,-399.44,False,0.0,False
2021-12-16,2021-12-17,0,Overnight,0.0,False,-136.18,-136.18,70.95,False,0.0,False
2021-12-17,2021-12-20,2,Weekend,48.0,False,-168.53,-168.53,86.98,False,0.0,False
2021-12-20,2021-12-21,0,Overnight,0.0,False,106.06,106.06,83.01,False,0.0,False
2021-12-21,2021-12-22,0,Overnight,0.0,False,2.89,2.89,149.14,False,0.0,False
2021-12-22,2021-12-23,0,Overnight,0.0,False,11.95,11.95,24.42,False,0.0,False
2021-12-23,2021-12-27,3,Long,72.0,False,45.84,45.84,181.3,False,0.0,False
2021-12-27,2021-12-28,0,Overnight,0.0,False,-9.43,-9.43,-48.41,False,0.0,False
2021-12-28,2021-12-29,0,Overnight,0.0,False,2.23,2.23,2.79,False,0.0,False
2021-12-29,2021-12-30,0,Overnight,0.0,False,5.02,5.02,-71.02,False,0.0,False
2021-12-30,2021-12-31,0,Overnight,0.0,False,-6.17,-6.17,-29.24,False,0.0,False
2021-12-31,2022-01-03,2,Weekend,48.0,False,14.63,14.63,232.34,False,0.0,False
2022-01-03,2022-01-04,0,Overnight,0.0,False,34.01,34.01,-161.73,False,0.0,False
2022-01-04,2022-01-05,0,Overnight,0.0,False,-5.01,-5.01,-264.59,False,0.0,False
2022-01-05,2022-01-06,0,Overnight,0.0,False,-127.73,-127.73,-40.61,False,0.0,False
2022-01-06,2022-01-07,0,Overnight,0.0,False,51.61,51.61,-41.73,False,0.0,False
2022-01-07,2022-01-10,2,Weekend,48.0,False,-181.1,-181.1,182.27,False,0.0,False
2022-01-10,2022-01-11,0,Overnight,0.0,False,7.55,7.55,158.9,False,0.0,False
2022-01-11,2022-01-12,0,Overnight,0.0,False,59.23,59.23,-33.56,False,0.0,False
2022-01-12,2022-01-13,0,Overnight,0.0,False,14.23,14.23,-206.35,False,0.0,False
2022-01-13,2022-01-14,0,Overnight,0.0,False,-49.49,-49.49,100.46,False,0.0,False
2022-01-14,2022-01-18,3,Long,72.0,False,-90.55,-90.55,-100.2,False,0.0,False
2022-01-18,2022-01-19,0,Overnight,0.0,False,11.77,11.77,-224.26,False,0.0,False
2022-01-19,2022-01-20,0,Overnight,0.0,False,45.02,45.02,-149.03,False,0.0,False
2022-01-20,2022-01-21,0,Overnight,0.0,False,-5.47,-5.47,-123.0,False,0.0,False
2022-01-21,2022-01-24,2,Weekend,48.0,False,-148.25,-148.25,99.49,False,0.0,False
2022-01-24,2022-01-25,0,Overnight,0.0,False,-164.69,-164.69,50.19,False,0.0,False
2022-01-25,2022-01-26,0,Overnight,0.0,False,230.15,230.15,-235.79,False,0.0,False
2022-01-26,2022-01-27,0,Overnight,0.0,False,171.36,171.36,-200.83,False,0.0,False
2022-01-27,2022-01-28,0,Overnight,0.0,False,399.52,399.52,274.98,False,0.0,False
2022-01-28,2022-01-31,2,Weekend,48.0,False,-9.99,-9.99,267.89,False,0.0,False
2022-01-31,2022-02-01,0,Overnight,0.0,False,-44.15,-44.15,34.42,False,0.0,False
2022-02-01,2022-02-02,0,Overnight,0.0,False,8.01,8.01,62.18,False,0.0,False
2022-02-02,2022-02-03,0,Overnight,0.0,False,-77.64,-77.64,-90.97,False,0.0,False
2022-02-03,2022-02-04,0,Overnight,0.0,False,-70.81,-58.0,41.27,True,12.72,False
2022-02-04,2022-02-07,2,Weekend,48.0,False,27.23,27.23,-69.66,False,0.0,False
2022-02-07,2022-02-08,0,Overnight,0.0,False,4.08,4.08,178.91,False,0.0,False
2022-02-08,2022-02-09,0,Overnight,0.0,False,69.54,69.54,13.06,False,0.0,False
2022-02-09,2022-02-10,0,Overnight,0.0,False,-122.14,-122.14,-116.68,False,0.0,False
2022-02-10,2022-02-11,0,Overnight,0.0,False,12.19,12.19,-216.45,False,0.0,False
2022-02-11,2022-02-14,2,Weekend,48.0,False,-75.59,-75.59,89.82,False,0.0,False
2022-02-14,2022-02-15,0,Overnight,0.0,False,123.0,123.0,105.89,False,0.0,False
2022-02-15,2022-02-16,0,Overnight,0.0,False,-54.55,-54.55,40.65,False,0.0,False
2022-02-16,2022-02-17,0,Overnight,0.0,False,-88.48,-88.48,-126.51,False,0.0,False
2022-02-17,2022-02-18,0,Overnight,0.0,False,55.51,55.51,-149.5,False,0.0,False
2022-02-18,2022-02-22,3,Long,72.0,False,-139.64,-139.64,-40.08,False,0.0,False
2022-02-22,2022-02-23,0,Overnight,0.0,False,73.97,73.97,-336.02,False,0.0,False
2022-02-23,2022-02-24,0,Overnight,0.0,False,-479.22,-479.22,644.65,False,0.0,False
2022-02-24,2022-02-25,0,Overnight,0.0,False,67.36,67.36,61.46,False,0.0,False
2022-02-25,2022-02-28,2,Weekend,48.0,False,-109.18,-109.18,125.54,False,0.0,False
2022-02-28,2022-03-01,0,Overnight,0.0,False,-25.47,-25.47,-91.49,False,0.0,False
2022-03-01,2022-03-02,0,Overnight,0.0,False,72.65,72.65,131.14,False,0.0,False
2022-03-02,2022-03-03,0,Overnight,0.0,False,114.02,114.02,-133.85,False,0.0,False
2022-03-03,2022-03-04,0,Overnight,0.0,False,-105.23,-105.23,-80.57,False,0.0,False
2022-03-04,2022-03-07,2,Weekend,48.0,False,11.64,11.64,-251.67,False,0.0,False
2022-03-07,2022-03-08,0,Overnight,0.0,False,-30.18,-30.18,-87.27,False,0.0,False
2022-03-08,2022-03-09,0,Overnight,0.0,False,253.37,253.37,90.62,False,0.0,False
2022-03-09,2022-03-10,0,Overnight,0.0,False,-170.2,-170.2,-105.42,False,0.0,False
2022-03-10,2022-03-11,0,Overnight,0.0,False,25.83,25.83,-267.82,False,0.0,False
2022-03-11,2022-03-14,2,Weekend,47.0,False,-214.26,-214.26,-54.95,False,0.0,False
2022-03-14,2022-03-15,0,Overnight,0.0,False,18.57,18.57,273.88,False,0.0,False
2022-03-15,2022-03-16,0,Overnight,0.0,False,125.59,125.59,160.44,False,0.0,False
2022-03-16,2022-03-17,0,Overnight,0.0,False,-61.6,-61.6,125.93,False,0.0,False
2022-03-17,2022-03-18,0,Overnight,0.0,False,-6.85,-6.85,213.88,False,0.0,False
2022-03-18,2022-03-21,2,Weekend,48.0,False,-28.7,-28.7,113.72,False,0.0,False
2022-03-21,2022-03-22,0,Overnight,0.0,False,7.86,7.86,198.02,False,0.0,False
2022-03-22,2022-03-23,0,Overnight,0.0,False,-49.29,-49.29,131.29,False,0.0,False
2022-03-23,2022-03-24,0,Overnight,0.0,False,49.81,49.81,174.43,False,0.0,False
2022-03-24,2022-03-25,0,Overnight,0.0,False,-10.92,-10.92,48.19,False,0.0,False
2022-03-25,2022-03-28,2,Weekend,48.0,False,-147.02,-147.02,197.26,False,0.0,False
2022-03-28,2022-03-29,0,Overnight,0.0,False,61.88,61.88,127.66,False,0.0,False
2022-03-29,2022-03-30,0,Overnight,0.0,False,-22.94,-22.94,-43.78,False,0.0,False
2022-03-30,2022-03-31,0,Overnight,0.0,False,3.94,3.94,-183.29,False,0.0,False
2022-03-31,2022-04-01,0,Overnight,0.0,False,-33.27,-33.27,16.08,False,0.0,False
2022-04-01,2022-04-04,2,Weekend,48.0,False,14.91,14.91,219.27,False,0.0,False
2022-04-04,2022-04-05,0,Overnight,0.0,False,-52.82,-52.82,-138.42,False,0.0,False
2022-04-05,2022-04-06,0,Overnight,0.0,False,-155.43,-155.43,-30.8,False,0.0,False
2022-04-06,2022-04-07,0,Overnight,0.0,False,-39.07,-39.07,57.09,False,0.0,False
2022-04-07,2022-04-08,0,Overnight,0.0,False,-20.94,-20.94,-98.87,False,0.0,False
2022-04-08,2022-04-11,2,Weekend,48.0,False,-81.46,-81.46,-177.01,False,0.0,False
2022-04-11,2022-04-12,0,Overnight,0.0,False,136.02,136.02,-21.45,False,0.0,False
2022-04-12,2022-04-13,0,Overnight,0.0,False,-16.12,-16.12,178.22,False,0.0,False
2022-04-13,2022-04-14,0,Overnight,0.0,False,12.9,12.9,-317.37,False,0.0,False
2022-04-14,2022-04-18,3,Long,72.0,False,-83.23,-83.23,69.91,False,0.0,False
2022-04-18,2022-04-19,0,Overnight,0.0,False,-3.03,-3.03,143.19,False,0.0,False
2022-04-19,2022-04-20,0,Overnight,0.0,False,80.91,80.91,-91.07,False,0.0,False
2022-04-20,2022-04-21,0,Overnight,0.0,False,99.96,99.96,-148.51,False,0.0,False
2022-04-21,2022-04-22,0,Overnight,0.0,False,2.4,2.4,-284.56,False,0.0,False
2022-04-22,2022-04-25,2,Weekend,48.0,False,-41.5,-41.5,108.64,False,0.0,False
2022-04-25,2022-04-26,0,Overnight,0.0,False,-38.75,-38.75,-341.67,False,0.0,False
2022-04-26,2022-04-27,0,Overnight,0.0,False,-56.92,-56.92,42.24,False,0.0,False
2022-04-27,2022-04-28,0,Overnight,0.0,False,169.72,169.72,271.94,False,0.0,False
2022-04-28,2022-04-29,0,Overnight,0.0,False,-110.61,-110.61,-262.31,False,0.0,False
2022-04-29,2022-05-02,2,Weekend,48.0,False,-59.8,-59.8,79.45,False,0.0,False
2022-05-02,2022-05-03,0,Overnight,0.0,False,12.02,12.02,83.75,False,0.0,False
2022-05-03,2022-05-04,0,Overnight,0.0,False,11.91,11.91,389.99,False,0.0,False
2022-05-04,2022-05-05,0,Overnight,0.0,False,-131.57,-131.57,-441.72,False,0.0,False
2022-05-05,2022-05-06,0,Overnight,0.0,False,-48.6,-33.87,81.08,True,14.67,False
2022-05-06,2022-05-09,2,Weekend,48.0,False,-150.54,-150.54,-186.98,False,0.0,False
2022-05-09,2022-05-10,0,Overnight,0.0,False,224.99,224.99,-65.16,False,0.0,False
2022-05-10,2022-05-11,0,Overnight,0.0,False,-65.58,-65.58,-466.75,False,0.0,False
2022-05-11,2022-05-12,0,Overnight,0.0,False,-257.9,-257.9,-14.72,False,0.0,False
2022-05-12,2022-05-13,0,Overnight,0.0,False,141.39,141.39,172.78,False,0.0,False
2022-05-13,2022-05-16,2,Weekend,48.0,False,-106.61,-106.61,-0.69,False,0.0,False
2022-05-16,2022-05-17,0,Overnight,0.0,False,225.55,225.55,25.5,False,0.0,False
2022-05-17,2022-05-18,0,Overnight,0.0,False,-161.44,-161.44,-419.29,False,0.0,False
2022-05-18,2022-05-19,0,Overnight,0.0,False,-66.98,-66.98,-182.52,False,0.0,False
2022-05-19,2022-05-20,0,Overnight,0.0,False,125.89,125.89,-108.43,False,0.0,False
2022-05-20,2022-05-23,2,Weekend,48.0,False,14.53,14.53,378.83,False,0.0,False
2022-05-23,2022-05-24,0,Overnight,0.0,False,-162.02,-162.02,-32.01,False,0.0,False
2022-05-24,2022-05-25,0,Overnight,0.0,False,-138.46,-138.46,149.85,False,0.0,False
2022-05-25,2022-05-26,0,Overnight,0.0,False,-225.26,-225.26,454.61,False,0.0,False
2022-05-26,2022-05-27,0,Overnight,0.0,False,111.35,111.35,288.13,False,0.0,False
2022-05-27,2022-05-31,3,Long,72.0,False,-38.16,-38.16,-15.44,False,0.0,False
2022-05-31,2022-06-01,0,Overnight,0.0,False,70.96,70.96,-79.7,False,0.0,False
2022-06-01,2022-06-02,0,Overnight,0.0,False,-59.35,-59.35,226.07,False,0.0,False
2022-06-02,2022-06-03,0,Overnight,0.0,False,-289.18,-289.18,-104.01,False,0.0,False
2022-06-03,2022-06-06,2,Weekend,48.0,False,112.86,112.86,-60.72,False,0.0,False
2022-06-06,2022-06-07,0,Overnight,0.0,False,-123.24,-123.24,297.57,False,0.0,False
2022-06-07,2022-06-08,0,Overnight,0.0,False,-8.75,-8.75,-41.82,False,0.0,False
2022-06-08,2022-06-09,0,Overnight,0.0,False,-59.65,-59.65,-306.53,False,0.0,False
2022-06-09,2022-06-10,0,Overnight,0.0,False,-166.84,-166.84,-227.11,False,0.0,False
2022-06-10,2022-06-13,2,Weekend,48.0,False,-315.58,-315.58,-74.79,False,0.0,False
2022-06-13,2022-06-14,0,Overnight,0.0,False,94.34,94.34,-27.83,False,0.0,False
2022-06-14,2022-06-15,0,Overnight,0.0,False,114.59,114.59,84.53,False,0.0,False
2022-06-15,2022-06-16,0,Overnight,0.0,False,-250.47,-250.47,-154.12,False,0.0,False
2022-06-16,2022-06-17,0,Overnight,0.0,False,0.77,0.77,113.9,False,0.0,False
2022-06-17,2022-06-21,3,Long,72.0,False,140.39,140.39,181.96,False,0.0,False
2022-06-21,2022-06-22,0,Overnight,0.0,False,-79.81,-79.81,41.46,False,0.0,False
2022-06-22,2022-06-23,0,Overnight,0.0,False,108.02,108.02,105.42,False,0.0,False
2022-06-23,2022-06-24,0,Overnight,0.0,False,117.2,117.2,125.02,False,0.0,False
2022-06-24,2022-06-27,2,Weekend,48.0,False,73.15,73.15,-73.15,False,0.0,False
2022-06-27,2022-06-28,0,Overnight,0.0,False,33.12,33.12,-335.55,False,0.0,False
2022-06-28,2022-06-29,0,Overnight,0.0,False,1.46,1.46,127.94,False,0.0,False
2022-06-29,2022-06-30,0,Overnight,0.0,False,-143.23,-143.23,-38.69,False,0.0,False
2022-06-30,2022-07-01,0,Overnight,0.0,False,-49.86,-49.86,210.21,False,0.0,False
2022-07-01,2022-07-05,3,Long,72.0,False,-83.85,-83.85,271.38,False,0.0,False
2022-07-05,2022-07-06,0,Overnight,0.0,False,-14.85,-14.85,110.46,False,0.0,False
2022-07-06,2022-07-07,0,Overnight,0.0,False,25.85,25.85,211.31,False,0.0,False
2022-07-07,2022-07-08,0,Overnight,0.0,False,-74.76,-74.76,121.79,False,0.0,False
2022-07-08,2022-07-11,2,Weekend,48.0,False,-93.61,-93.61,-55.07,False,0.0,False
2022-07-11,2022-07-12,0,Overnight,0.0,False,61.25,61.25,6.86,False,0.0,False
2022-07-12,2022-07-13,0,Overnight,0.0,False,-198.73,-198.73,173.33,False,0.0,False
2022-07-13,2022-07-14,0,Overnight,0.0,False,-97.39,-97.39,300.14,False,0.0,False
2022-07-14,2022-07-15,0,Overnight,0.0,False,87.85,87.85,26.0,False,0.0,False
2022-07-15,2022-07-18,2,Weekend,48.0,False,37.89,37.89,-246.48,False,0.0,False
2022-07-18,2022-07-19,0,Overnight,0.0,False,57.63,57.63,206.08,False,0.0,False
2022-07-19,2022-07-20,0,Overnight,0.0,False,7.94,7.94,126.25,False,0.0,False
2022-07-20,2022-07-21,0,Overnight,0.0,False,94.95,94.95,54.87,False,0.0,False
2022-07-21,2022-07-22,0,Overnight,0.0,False,2.57,2.57,-84.01,False,0.0,False
2022-07-22,2022-07-25,2,Weekend,48.0,False,-5.19,-5.19,-69.06,False,0.0,False
2022-07-25,2022-07-26,0,Overnight,0.0,False,-45.21,-45.21,-43.44,False,0.0,False
2022-07-26,2022-07-27,0,Overnight,0.0,False,64.44,64.44,272.18,False,0.0,False
2022-07-27,2022-07-28,0,Overnight,0.0,False,12.11,12.11,23.54,False,0.0,False
2022-07-28,2022-07-29,0,Overnight,0.0,False,244.21,244.21,78.46,False,0.0,False
2022-07-29,2022-08-01,2,Weekend,48.0,False,-92.73,-92.73,31.01,False,0.0,False
2022-08-01,2022-08-02,0,Overnight,0.0,False,-87.68,-87.68,-5.62,False,0.0,False
2022-08-02,2022-08-03,0,Overnight,0.0,False,51.74,51.74,323.61,False,0.0,False
2022-08-03,2022-08-04,0,Overnight,0.0,False,-7.23,-7.23,-12.05,False,0.0,False
2022-08-04,2022-08-05,0,Overnight,0.0,False,-158.05,-143.97,130.27,True,13.87,False
2022-08-05,2022-08-08,2,Weekend,48.0,False,61.5,61.5,-90.57,False,0.0,False
2022-08-08,2022-08-09,0,Overnight,0.0,False,-51.69,-51.69,54.72,False,0.0,False
2022-08-09,2022-08-10,0,Overnight,0.0,False,165.97,165.97,92.6,False,0.0,False
2022-08-10,2022-08-11,0,Overnight,0.0,False,48.33,48.33,-92.75,False,0.0,False
2022-08-11,2022-08-12,0,Overnight,0.0,False,78.63,78.63,133.37,False,0.0,False
2022-08-12,2022-08-15,2,Weekend,48.0,False,-33.76,-33.76,96.89,False,0.0,False
2022-08-15,2022-08-16,0,Overnight,0.0,False,-23.7,-23.7,14.46,False,0.0,False
2022-08-16,2022-08-17,0,Overnight,0.0,False,-15.04,-15.04,102.5,False,0.0,False
2022-08-17,2022-08-18,0,Overnight,0.0,False,-45.94,-45.94,22.99,False,0.0,False
2022-08-18,2022-08-19,0,Overnight,0.0,False,-64.52,-64.52,-87.65,False,0.0,False
2022-08-19,2022-08-22,2,Weekend,48.0,False,-107.27,-107.27,-125.72,False,0.0,False
2022-08-22,2022-08-23,0,Overnight,0.0,False,-29.28,-29.28,8.97,False,0.0,False
2022-08-23,2022-08-24,0,Overnight,0.0,False,5.38,5.38,12.54,False,0.0,False
2022-08-24,2022-08-25,0,Overnight,0.0,False,74.34,74.34,73.79,False,0.0,False
2022-08-25,2022-08-26,0,Overnight,0.0,False,31.71,31.71,-415.99,False,0.0,False
2022-08-26,2022-08-29,2,Weekend,48.0,False,-152.11,-152.11,14.26,False,0.0,False
2022-08-29,2022-08-30,0,Overnight,0.0,False,46.37,46.37,-200.6,False,0.0,False
2022-08-30,2022-08-31,0,Overnight,0.0,False,87.71,87.71,-194.63,False,0.0,False
2022-08-31,2022-09-01,0,Overnight,0.0,False,-36.96,-36.96,83.92,False,0.0,False
2022-09-01,2022-09-02,0,Overnight,0.0,False,112.68,112.68,-249.73,False,0.0,False
2022-09-02,2022-09-06,3,Long,72.0,False,42.27,42.27,-124.76,False,0.0,False
2022-09-06,2022-09-07,0,Overnight,0.0,False,18.75,18.75,73.36,False,0.0,False
2022-09-07,2022-09-08,0,Overnight,0.0,False,-85.0,-85.0,-11.65,False,0.0,False
2022-09-08,2022-09-09,0,Overnight,0.0,False,65.18,65.18,121.47,False,0.0,False
2022-09-09,2022-09-12,2,Weekend,48.0,False,140.08,140.08,237.77,False,0.0,False
2022-09-12,2022-09-13,0,Overnight,0.0,False,-218.36,-218.36,-386.36,False,0.0,False
2022-09-13,2022-09-14,0,Overnight,0.0,False,61.56,61.56,33.54,False,0.0,False
2022-09-14,2022-09-15,0,Overnight,0.0,False,-42.59,-42.59,-148.53,False,0.0,False
2022-09-15,2022-09-16,0,Overnight,0.0,False,-76.42,-76.42,-33.79,False,0.0,False
2022-09-16,2022-09-19,2,Weekend,48.0,False,-92.66,-92.66,340.4,False,0.0,False
2022-09-19,2022-09-20,0,Overnight,0.0,False,-70.16,-70.16,225.6,False,0.0,False
2022-09-20,2022-09-21,0,Overnight,0.0,False,28.0,28.0,-232.76,False,0.0,False
2022-09-21,2022-09-22,0,Overnight,0.0,False,-87.55,-87.55,23.6,False,0.0,False
2022-09-22,2022-09-23,0,Overnight,0.0,False,-102.0,-102.0,-50.4,False,0.0,False
2022-09-23,2022-09-26,2,Weekend,48.0,False,-51.32,-51.32,73.89,False,0.0,False
2022-09-26,2022-09-27,0,Overnight,0.0,False,129.82,129.82,-64.37,False,0.0,False
2022-09-27,2022-09-28,0,Overnight,0.0,False,-275.23,-275.23,147.91,False,0.0,False
2022-09-28,2022-09-29,0,Overnight,0.0,False,-252.77,-252.77,-250.9,False,0.0,False
2022-09-29,2022-09-30,0,Overnight,0.0,False,-84.58,-84.58,-220.42,False,0.0,False
2022-09-30,2022-10-03,2,Weekend,48.0,False,0.72,0.72,302.17,False,0.0,False
2022-10-03,2022-10-04,0,Overnight,0.0,False,179.5,179.5,73.51,False,0.0,False
2022-10-04,2022-10-05,0,Overnight,0.0,False,-139.92,-139.92,160.43,False,0.0,False
2022-10-05,2022-10-06,0,Overnight,0.0,False,-40.38,-40.38,-26.1,False,0.0,False
2022-10-06,2022-10-07,0,Overnight,0.0,False,-200.72,-200.72,-173.38,False,0.0,False
2022-10-07,2022-10-10,2,Weekend,48.0,False,23.53,23.53,0.0,False,0.0,False
2022-10-10,2022-10-11,0,Overnight,0.0,False,-37.1,-37.1,-65.98,False,0.0,False
2022-10-11,2022-10-12,0,Overnight,0.0,False,10.79,10.79,-56.94,False,0.0,False
2022-10-12,2022-10-13,0,Overnight,0.0,False,-245.14,-245.14,575.74,False,0.0,False
2022-10-13,2022-10-14,0,Overnight,0.0,False,91.89,91.89,-419.6,False,0.0,False
2022-10-14,2022-10-17,2,Weekend,48.0,False,192.53,192.53,94.54,False,0.0,False
2022-10-17,2022-10-18,0,Overnight,0.0,False,213.97,213.97,-120.32,False,0.0,False
2022-10-18,2022-10-19,0,Overnight,0.0,False,-144.34,-144.34,151.99,False,0.0,False
2022-10-19,2022-10-20,0,Overnight,0.0,False,-58.56,-58.56,25.84,False,0.0,False
2022-10-20,2022-10-21,0,Overnight,0.0,False,-36.33,-36.33,303.33,False,0.0,False
2022-10-21,2022-10-24,2,Weekend,48.0,False,-5.43,-5.43,152.38,False,0.0,False
2022-10-24,2022-10-25,0,Overnight,0.0,False,42.73,42.73,148.8,False,0.0,False
2022-10-25,2022-10-26,0,Overnight,0.0,False,-91.0,-91.0,-107.22,False,0.0,False
2022-10-26,2022-10-27,0,Overnight,0.0,False,-86.07,-86.07,-223.32,False,0.0,False
2022-10-27,2022-10-28,0,Overnight,0.0,False,232.09,232.09,496.25,False,0.0,False
2022-10-28,2022-10-31,2,Weekend,48.0,False,-167.05,-167.05,11.74,False,0.0,False
2022-10-31,2022-11-01,0,Overnight,0.0,False,112.83,112.83,-289.82,False,0.0,False
2022-11-01,2022-11-02,0,Overnight,0.0,False,-113.49,-113.49,-266.7,False,0.0,False
2022-11-02,2022-11-03,0,Overnight,0.0,False,-206.91,-206.91,-226.39,False,0.0,False
2022-11-03,2022-11-04,0,Overnight,0.0,False,228.5,244.68,-264.57,True,16.56,False
2022-11-04,2022-11-07,2,Weekend,49.0,False,-92.2,-92.2,131.15,False,0.0,False
2022-11-07,2022-11-08,0,Overnight,0.0,False,106.69,106.69,-65.02,False,0.0,False
2022-11-08,2022-11-09,0,Overnight,0.0,False,-71.94,-71.94,-265.59,False,0.0,False
2022-11-09,2022-11-10,0,Overnight,0.0,False,461.49,461.49,390.87,False,0.0,False
2022-11-10,2022-11-11,0,Overnight,0.0,False,-71.75,-71.75,262.6,False,0.0,False
2022-11-11,2022-11-14,2,Weekend,48.0,False,-48.88,-48.88,-46.43,False,0.0,False
2022-11-14,2022-11-15,0,Overnight,0.0,False,262.24,262.24,-144.25,False,0.0,False
2022-11-15,2022-11-16,0,Overnight,0.0,False,-60.83,-60.83,-22.83,False,0.0,False
2022-11-16,2022-11-17,0,Overnight,0.0,False,-159.88,-159.88,288.76,False,0.0,False
2022-11-17,2022-11-18,0,Overnight,0.0,False,104.94,104.94,-67.19,False,0.0,False
2022-11-18,2022-11-21,2,Weekend,48.0,False,-74.97,-74.97,-144.22,False,0.0,False
2022-11-21,2022-11-22,0,Overnight,0.0,False,8.1,8.1,137.44,False,0.0,False
2022-11-22,2022-11-23,0,Overnight,0.0,False,-48.73,-48.73,107.81,False,0.0,False
2022-11-23,2022-11-25,1,Short,24.0,False,-184.39,-184.39,-13.49,False,0.0,False
2022-11-25,2022-11-28,2,Weekend,48.0,True,-202.56,-202.56,-63.59,False,0.0,False
2022-11-28,2022-11-29,0,Overnight,0.0,False,4.85,4.85,-218.6,False,0.0,False
2022-11-29,2022-11-30,0,Overnight,0.0,False,16.28,16.28,458.22,False,0.0,False
2022-11-30,2022-12-01,0,Overnight,0.0,False,12.15,12.15,6.74,False,0.0,False
2022-12-01,2022-12-02,0,Overnight,0.0,False,-159.72,-159.72,125.95,False,0.0,False
2022-12-02,2022-12-05,2,Weekend,48.0,False,-2.71,-2.71,-77.45,False,0.0,False
2022-12-05,2022-12-06,0,Overnight,0.0,False,29.96,29.96,-286.94,False,0.0,False
2022-12-06,2022-12-07,0,Overnight,0.0,False,-50.51,-50.51,-88.3,False,0.0,False
2022-12-07,2022-12-08,0,Overnight,0.0,False,100.25,100.25,20.35,False,0.0,False
2022-12-08,2022-12-09,0,Overnight,0.0,False,-21.76,-21.76,-12.65,False,0.0,False
2022-12-09,2022-12-12,2,Weekend,48.0,False,37.91,37.91,124.66,False,0.0,False
2022-12-12,2022-12-13,0,Overnight,0.0,False,340.86,340.86,-273.27,False,0.0,False
2022-12-13,2022-12-14,0,Overnight,0.0,False,-8.25,-8.25,-148.33,False,0.0,False
2022-12-14,2022-12-15,0,Overnight,0.0,False,-147.72,-147.72,-332.15,False,0.0,False
2022-12-15,2022-12-16,0,Overnight,0.0,False,13.91,13.91,-160.77,False,0.0,False
2022-12-16,2022-12-19,2,Weekend,48.0,False,44.51,44.51,-204.88,False,0.0,False
2022-12-19,2022-12-20,0,Overnight,0.0,False,-74.31,-74.31,69.02,False,0.0,False
2022-12-20,2022-12-21,0,Overnight,0.0,False,51.27,51.27,184.04,False,0.0,False
2022-12-21,2022-12-22,0,Overnight,0.0,False,-81.54,-81.54,-159.06,False,0.0,False
2022-12-22,2022-12-23,0,Overnight,0.0,False,-99.56,-99.56,71.54,False,0.0,False
2022-12-23,2022-12-27,3,Long,72.0,False,-36.47,-36.47,-103.29,False,0.0,False
2022-12-27,2022-12-28,0,Overnight,0.0,False,-27.72,-27.72,-283.93,False,0.0,False
2022-12-28,2022-12-29,0,Overnight,0.0,False,153.53,153.53,125.78,False,0.0,False
2022-12-29,2022-12-30,0,Overnight,0.0,False,-93.02,-93.02,117.67,False,0.0,False
2022-12-30,2023-01-03,3,Long,72.0,False,26.9,26.9,-408.12,False,0.0,False
2023-01-03,2023-01-04,0,Overnight,0.0,False,144.47,144.47,-41.86,False,0.0,False
2023-01-04,2023-01-05,0,Overnight,0.0,False,60.75,60.75,-167.36,False,0.0,False
2023-01-05,2023-01-06,0,Overnight,0.0,False,78.88,78.88,282.46,False,0.0,False
2023-01-06,2023-01-09,2,Weekend,48.0,False,65.36,65.36,-24.56,False,0.0,False
2023-01-09,2023-01-10,0,Overnight,0.0,False,8.45,8.45,36.02,False,0.0,False
2023-01-10,2023-01-11,0,Overnight,0.0,False,39.7,39.7,169.23,False,0.0,False
2023-01-11,2023-01-12,0,Overnight,0.0,False,29.17,29.17,-35.17,False,0.0,False
2023-01-12,2023-01-13,0,Overnight,0.0,False,-103.98,-103.98,204.66,False,0.0,False
2023-01-13,2023-01-17,3,Long,72.0,False,5.19,5.19,81.99,False,0.0,False
2023-01-17,2023-01-18,0,Overnight,0.0,False,64.53,64.53,-118.37,False,0.0,False
2023-01-18,2023-01-19,0,Overnight,0.0,False,-83.93,-83.93,88.36,False,0.0,False
2023-01-19,2023-01-20,0,Overnight,0.0,False,0.74,0.74,189.64,False,0.0,False
2023-01-20,2023-01-23,2,Weekend,48.0,False,18.12,18.12,214.17,False,0.0,False
2023-01-23,2023-01-24,0,Overnight,0.0,False,-56.85,-56.85,156.98,False,0.0,False
2023-01-24,2023-01-25,0,Overnight,0.0,False,-115.73,-115.73,68.61,False,0.0,False
2023-01-25,2023-01-26,0,Overnight,0.0,False,91.92,91.92,55.03,False,0.0,False
2023-01-26,2023-01-27,0,Overnight,0.0,False,-55.73,-55.73,191.64,False,0.0,False
2023-01-27,2023-01-30,2,Weekend,48.0,False,-66.69,-66.69,-136.13,False,0.0,False
2023-01-30,2023-01-31,0,Overnight,0.0,False,-21.0,-21.0,110.81,False,0.0,False
2023-01-31,2023-02-01,0,Overnight,0.0,False,-22.2,-22.2,100.9,False,0.0,False
2023-02-01,2023-02-02,0,Overnight,0.0,False,235.8,235.8,128.12,False,0.0,False
2023-02-02,2023-02-03,0,Overnight,0.0,False,-186.72,-186.72,427.79,False,0.0,False
2023-02-03,2023-02-06,2,Weekend,48.0,False,-125.71,-125.71,-55.21,False,0.0,False
2023-02-06,2023-02-07,0,Overnight,0.0,False,-72.1,-72.1,262.72,False,0.0,False
2023-02-07,2023-02-08,0,Overnight,0.0,False,-49.91,-49.91,-128.19,False,0.0,False
2023-02-08,2023-02-09,0,Overnight,0.0,False,121.69,121.69,-191.04,False,0.0,False
2023-02-09,2023-02-10,0,Overnight,0.0,False,-93.9,-78.52,103.17,True,15.24,False
2023-02-10,2023-02-13,2,Weekend,48.0,False,-3.97,-3.97,190.3,False,0.0,False
2023-02-13,2023-02-14,0,Overnight,0.0,False,-113.08,-113.08,70.75,False,0.0,False
2023-02-14,2023-02-15,0,Overnight,0.0,False,-5.88,-5.88,143.95,False,0.0,False
2023-02-15,2023-02-16,0,Overnight,0.0,False,-117.86,-117.86,13.02,False,0.0,False
2023-02-16,2023-02-17,0,Overnight,0.0,False,-88.87,-88.87,13.12,False,0.0,False
2023-02-17,2023-02-21,3,Long,72.0,False,-155.25,-155.25,-115.17,False,0.0,False
2023-02-21,2023-02-22,0,Overnight,0.0,False,26.23,26.23,2.69,False,0.0,False
2023-02-22,2023-02-23,0,Overnight,0.0,False,78.93,78.93,-46.08,False,0.0,False
2023-02-23,2023-02-24,0,Overnight,0.0,False,-154.47,-154.47,-27.23,False,0.0,False
2023-02-24,2023-02-27,2,Weekend,48.0,False,67.93,67.93,14.21,False,0.0,False
2023-02-27,2023-02-28,0,Overnight,0.0,False,-58.99,-58.99,24.45,False,0.0,False
2023-02-28,2023-03-01,0,Overnight,0.0,False,-39.42,-39.42,-104.06,False,0.0,False
2023-03-01,2023-03-02,0,Overnight,0.0,False,-64.21,-64.21,105.41,False,0.0,False
2023-03-02,2023-03-03,0,Overnight,0.0,False,144.92,144.92,199.96,False,0.0,False
2023-03-03,2023-03-06,2,Weekend,48.0,False,181.1,181.1,2.6,False,0.0,False
2023-03-06,2023-03-07,0,Overnight,0.0,False,-8.45,-8.45,-137.57,False,0.0,False
2023-03-07,2023-03-08,0,Overnight,0.0,False,79.5,79.5,3.93,False,0.0,False
2023-03-08,2023-03-09,0,Overnight,0.0,False,45.04,45.04,-195.3,False,0.0,False
2023-03-09,2023-03-10,0,Overnight,0.0,False,-25.27,-25.27,-114.49,False,0.0,False
2023-03-10,2023-03-13,2,Weekend,47.0,False,-46.57,-46.57,178.36,False,0.0,False
2023-03-13,2023-03-14,0,Overnight,0.0,False,53.69,53.69,86.22,False,0.0,False
2023-03-14,2023-03-15,0,Overnight,0.0,False,-92.17,-92.17,118.35,False,0.0,False
2023-03-15,2023-03-16,0,Overnight,0.0,False,-54.4,-54.4,239.61,False,0.0,False
2023-03-16,2023-03-17,0,Overnight,0.0,False,14.75,14.75,-69.44,False,0.0,False
2023-03-17,2023-03-20,2,Weekend,48.0,False,4.52,4.52,149.14,False,0.0,False
2023-03-20,2023-03-21,0,Overnight,0.0,False,-5.08,-5.08,123.82,False,0.0,False
2023-03-21,2023-03-22,0,Overnight,0.0,False,1.26,1.26,-92.71,False,0.0,False
2023-03-22,2023-03-23,0,Overnight,0.0,False,63.16,63.16,6.29,False,0.0,False
2023-03-23,2023-03-24,0,Overnight,0.0,False,-4.4,-4.4,87.12,False,0.0,False
2023-03-24,2023-03-27,2,Weekend,48.0,False,-19.36,-19.36,-104.33,False,0.0,False
2023-03-27,2023-03-28,0,Overnight,0.0,False,-19.6,-19.6,-20.28,False,0.0,False
2023-03-28,2023-03-29,0,Overnight,0.0,False,108.51,108.51,87.46,False,0.0,False
2023-03-29,2023-03-30,0,Overnight,0.0,False,47.16,47.16,51.25,False,0.0,False
2023-03-30,2023-03-31,0,Overnight,0.0,False,4.93,4.93,150.3,False,0.0,False
2023-03-31,2023-04-03,2,Weekend,48.0,False,-38.28,-38.28,115.0,False,0.0,False
2023-04-03,2023-04-04,0,Overnight,0.0,False,25.84,25.84,-58.39,False,0.0,False
2023-04-04,2023-04-05,0,Overnight,0.0,False,-53.88,-53.88,-59.67,False,0.0,False
2023-04-05,2023-04-06,0,Overnight,0.0,False,-81.55,-81.55,136.36,False,0.0,False
2023-04-06,2023-04-10,3,Long,72.0,False,-198.73,-198.73,37.72,False,0.0,False
2023-04-10,2023-04-11,0,Overnight,0.0,False,19.73,19.73,-95.93,False,0.0,False
2023-04-11,2023-04-12,0,Overnight,0.0,False,26.09,26.09,-69.71,False,0.0,False
2023-04-12,2023-04-13,0,Overnight,0.0,False,95.11,95.11,240.24,False,0.0,False
2023-04-13,2023-04-14,0,Overnight,0.0,False,-58.76,-58.76,37.6,False,0.0,False
2023-04-14,2023-04-17,2,Weekend,48.0,False,-7.27,-7.27,8.48,False,0.0,False
2023-04-17,2023-04-18,0,Overnight,0.0,False,52.52,52.52,22.25,False,0.0,False
2023-04-18,2023-04-19,0,Overnight,0.0,False,-40.33,-40.33,109.77,False,0.0,False
2023-04-19,2023-04-20,0,Overnight,0.0,False,-92.29,-92.29,33.66,False,0.0,False
2023-04-20,2023-04-21,0,Overnight,0.0,False,-96.47,-96.47,-1.82,False,0.0,False
2023-04-21,2023-04-24,2,Weekend,48.0,False,-1.21,-1.21,19.98,False,0.0,False
2023-04-24,2023-04-25,0,Overnight,0.0,False,-8.47,-8.47,-86.33,False,0.0,False
2023-04-25,2023-04-26,0,Overnight,0.0,False,-43.45,-43.45,42.84,False,0.0,False
2023-04-26,2023-04-27,0,Overnight,0.0,False,86.94,86.94,193.05,False,0.0,False
2023-04-27,2023-04-28,0,Overnight,0.0,False,4.75,4.75,70.38,False,0.0,False
2023-04-28,2023-05-01,2,Weekend,48.0,False,-23.6,-23.6,18.3,False,0.0,False
2023-05-01,2023-05-02,0,Overnight,0.0,False,29.44,29.44,-91.55,False,0.0,False
2023-05-02,2023-05-03,0,Overnight,0.0,False,56.8,56.8,-121.68,False,0.0,False
2023-05-03,2023-05-04,0,Overnight,0.0,False,-154.06,-154.06,54.43,False,0.0,False
2023-05-04,2023-05-05,0,Overnight,0.0,False,308.25,308.25,150.34,False,0.0,False
2023-05-05,2023-05-08,2,Weekend,48.0,False,-63.0,-63.0,58.96,False,0.0,False
2023-05-08,2023-05-09,0,Overnight,0.0,False,-25.97,-25.97,-74.24,False,0.0,False
2023-05-09,2023-05-10,0,Overnight,0.0,False,72.51,72.51,31.16,False,0.0,False
2023-05-10,2023-05-11,0,Overnight,0.0,False,16.7,16.7,-5.75,False,0.0,False
2023-05-11,2023-05-12,0,Overnight,0.0,False,-7.49,6.33,-60.66,True,13.81,False
2023-05-12,2023-05-15,2,Weekend,48.0,False,34.13,34.13,-63.15,False,0.0,False
2023-05-15,2023-05-16,0,Overnight,0.0,False,-4.65,-4.65,4.65,False,0.0,False
2023-05-16,2023-05-17,0,Overnight,0.0,False,-20.94,-20.94,56.91,False,0.0,False
2023-05-17,2023-05-18,0,Overnight,0.0,False,17.94,17.94,117.8,False,0.0,False
2023-05-18,2023-05-19,0,Overnight,0.0,False,76.26,76.26,-69.98,False,0.0,False
2023-05-19,2023-05-22,2,Weekend,48.0,False,-67.6,-67.6,12.64,False,0.0,False
2023-05-22,2023-05-23,0,Overnight,0.0,False,-61.61,-61.61,-91.1,False,0.0,False
2023-05-23,2023-05-24,0,Overnight,0.0,False,-27.43,-27.43,43.74,False,0.0,False
2023-05-24,2023-05-25,0,Overnight,0.0,False,33.12,33.12,33.58,False,0.0,False
2023-05-25,2023-05-26,0,Overnight,0.0,False,19.06,19.06,121.0,False,0.0,False
2023-05-26,2023-05-30,3,Long,72.0,False,86.84,86.84,19.19,False,0.0,False
2023-05-30,2023-05-31,0,Overnight,0.0,False,1.69,1.69,-4.51,False,0.0,False
2023-05-31,2023-06-01,0,Overnight,0.0,False,25.36,25.36,133.6,False,0.0,False
2023-06-01,2023-06-02,0,Overnight,0.0,False,52.06,52.06,-4.42,False,0.0,False
2023-06-02,2023-06-05,2,Weekend,48.0,False,92.42,92.42,-168.41,False,0.0,False
2023-06-05,2023-06-06,0,Overnight,0.0,False,21.69,21.69,-42.32,False,0.0,False
2023-06-06,2023-06-07,0,Overnight,0.0,False,-43.06,-43.06,-34.81,False,0.0,False
2023-06-07,2023-06-08,0,Overnight,0.0,False,4.5,4.5,148.97,False,0.0,False
2023-06-08,2023-06-09,0,Overnight,0.0,False,51.37,51.37,-29.8,False,0.0,False
2023-06-09,2023-06-12,2,Weekend,48.0,False,17.12,17.12,138.06,False,0.0,False
2023-06-12,2023-06-13,0,Overnight,0.0,False,-54.01,-54.01,27.86,False,0.0,False
2023-06-13,2023-06-14,0,Overnight,0.0,False,3.27,3.27,31.58,False,0.0,False
2023-06-14,2023-06-15,0,Overnight,0.0,False,0.54,0.54,110.82,False,0.0,False
2023-06-15,2023-06-16,0,Overnight,0.0,False,38.63,38.63,-97.4,False,0.0,False
2023-06-16,2023-06-20,3,Long,72.0,False,-27.62,-27.62,32.48,False,0.0,False
2023-06-20,2023-06-21,0,Overnight,0.0,False,-5.95,-5.95,-50.97,False,0.0,False
2023-06-21,2023-06-22,0,Overnight,0.0,False,-11.97,-11.97,175.87,False,0.0,False
2023-06-22,2023-06-23,0,Overnight,0.0,False,-77.84,-77.84,60.71,False,0.0,False
2023-06-23,2023-06-26,2,Weekend,48.0,False,8.03,8.03,-83.85,False,0.0,False
2023-06-26,2023-06-27,0,Overnight,0.0,False,33.41,33.41,116.06,False,0.0,False
2023-06-27,2023-06-28,0,Overnight,0.0,False,-6.92,-6.92,69.99,False,0.0,False
2023-06-28,2023-06-29,0,Overnight,0.0,False,-8.99,-8.99,26.94,False,0.0,False
2023-06-29,2023-06-30,0,Overnight,0.0,False,107.03,107.03,121.37,False,0.0,False
2023-06-30,2023-07-03,2,Weekend,48.0,False,-9.8,-9.8,-68.35,False,0.0,False
2023-07-03,2023-07-05,1,Short,24.0,True,-46.35,-46.35,-12.54,False,0.0,False
2023-07-05,2023-07-06,0,Overnight,0.0,False,-78.18,-78.18,103.24,False,0.0,False
2023-07-06,2023-07-07,0,Overnight,0.0,False,-20.88,-20.88,-38.21,False,0.0,False
2023-07-07,2023-07-10,2,Weekend,48.0,False,-74.75,-74.75,-34.4,False,0.0,False
2023-07-10,2023-07-11,0,Overnight,0.0,False,29.12,29.12,-57.26,False,0.0,False
2023-07-11,2023-07-12,0,Overnight,0.0,False,84.71,84.71,4.74,False,0.0,False
2023-07-12,2023-07-13,0,Overnight,0.0,False,38.39,38.39,2.1,False,0.0,False
2023-07-13,2023-07-14,0,Overnight,0.0,False,-16.28,-16.28,24.15,False,0.0,False
2023-07-14,2023-07-17,2,Weekend,48.0,False,63.25,63.25,108.32,False,0.0,False
2023-07-17,2023-07-18,0,Overnight,0.0,False,-33.05,-33.05,19.63,False,0.0,False
2023-07-18,2023-07-19,0,Overnight,0.0,False,-32.57,-32.57,103.04,False,0.0,False
2023-07-19,2023-07-20,0,Overnight,0.0,False,-0.51,-0.51,-100.97,False,0.0,False
2023-07-20,2023-07-21,0,Overnight,0.0,False,50.1,50.1,-111.91,False,0.0,False
2023-07-21,2023-07-24,2,Weekend,48.0,False,76.29,76.29,-34.18,False,0.0,False
2023-07-24,2023-07-25,0,Overnight,0.0,False,30.05,30.05,14.99,False,0.0,False
2023-07-25,2023-07-26,0,Overnight,0.0,False,2.58,2.58,42.76,False,0.0,False
2023-07-26,2023-07-27,0,Overnight,0.0,False,77.85,77.85,-143.87,False,0.0,False
2023-07-27,2023-07-28,0,Overnight,0.0,False,74.76,74.76,59.41,False,0.0,False
2023-07-28,2023-07-31,2,Weekend,48.0,False,11.74,11.74,19.87,False,0.0,False
2023-07-31,2023-08-01,0,Overnight,0.0,False,-10.7,-10.7,-32.16,False,0.0,False
2023-08-01,2023-08-02,0,Overnight,0.0,False,-29.18,-29.18,-126.93,False,0.0,False
2023-08-02,2023-08-03,0,Overnight,0.0,False,-52.58,-52.58,-20.9,False,0.0,False
2023-08-03,2023-08-04,0,Overnight,0.0,False,-300.0,-300.0,-192.11,False,0.0,False
2023-08-04,2023-08-07,2,Weekend,48.0,False,7.69,7.69,-181.73,False,0.0,False
2023-08-07,2023-08-08,0,Overnight,0.0,False,46.86,46.86,6.12,False,0.0,False
2023-08-08,2023-08-09,0,Overnight,0.0,False,59.33,59.33,-149.28,False,0.0,False
2023-08-09,2023-08-10,0,Overnight,0.0,False,72.13,72.13,-84.49,False,0.0,False
2023-08-10,2023-08-11,0,Overnight,0.0,False,-36.59,-23.06,26.47,True,13.49,False
2023-08-11,2023-08-14,2,Weekend,48.0,False,10.12,10.12,83.37,False,0.0,False
2023-08-14,2023-08-15,0,Overnight,0.0,False,-32.37,-32.37,-80.26,False,0.0,False
2023-08-15,2023-08-16,0,Overnight,0.0,False,-18.05,-18.05,-31.67,False,0.0,False
2023-08-16,2023-08-17,0,Overnight,0.0,False,32.23,32.23,-178.85,False,0.0,False
2023-08-17,2023-08-18,0,Overnight,0.0,False,-98.18,-98.18,126.3,False,0.0,False
2023-08-18,2023-08-21,2,Weekend,48.0,False,33.18,33.18,43.89,False,0.0,False
2023-08-21,2023-08-22,0,Overnight,0.0,False,69.14,69.14,9.6,False,0.0,False
2023-08-22,2023-08-23,0,Overnight,0.0,False,72.52,72.52,144.59,False,0.0,False
2023-08-23,2023-08-24,0,Overnight,0.0,False,-24.88,-24.88,-240.31,False,0.0,False
2023-08-24,2023-08-25,0,Overnight,0.0,False,56.54,56.54,69.1,False,0.0,False
2023-08-25,2023-08-28,2,Weekend,48.0,False,82.52,82.52,5.55,False,0.0,False
2023-08-28,2023-08-29,0,Overnight,0.0,False,-27.23,-27.23,242.99,False,0.0,False
2023-08-29,2023-08-30,0,Overnight,0.0,False,44.44,44.44,145.47,False,0.0,False
2023-08-30,2023-08-31,0,Overnight,0.0,False,10.12,10.12,1.6,False,0.0,False
2023-08-31,2023-09-01,0,Overnight,0.0,False,85.86,85.86,-1.58,False,0.0,False
2023-09-01,2023-09-05,3,Long,72.0,False,-62.48,-62.48,75.14,False,0.0,False
2023-09-05,2023-09-06,0,Overnight,0.0,False,-68.77,-68.77,-295.73,False,0.0,False
2023-09-06,2023-09-07,0,Overnight,0.0,False,-431.8,-431.8,134.95,False,0.0,False
2023-09-07,2023-09-08,0,Overnight,0.0,False,44.39,44.39,-9.54,False,0.0,False
2023-09-08,2023-09-11,2,Weekend,48.0,False,105.51,105.51,-39.51,False,0.0,False
2023-09-11,2023-09-12,0,Overnight,0.0,False,7.25,7.25,-179.32,False,0.0,False
2023-09-12,2023-09-13,0,Overnight,0.0,False,11.9,11.9,-131.16,False,0.0,False
2023-09-13,2023-09-14,0,Overnight,0.0,False,-12.06,-12.06,99.5,False,0.0,False
2023-09-14,2023-09-15,0,Overnight,0.0,False,42.02,42.02,-83.64,False,0.0,False
2023-09-15,2023-09-18,2,Weekend,48.0,False,83.64,83.64,84.07,False,0.0,False
2023-09-18,2023-09-19,0,Overnight,0.0,False,-25.32,-25.32,86.94,False,0.0,False
2023-09-19,2023-09-20,0,Overnight,0.0,False,10.6,10.6,-212.55,False,0.0,False
2023-09-20,2023-09-21,0,Overnight,0.0,False,-53.71,-53.71,-35.58,False,0.0,False
2023-09-21,2023-09-22,0,Overnight,0.0,False,42.46,42.46,6.87,False,0.0,False
2023-09-22,2023-09-25,2,Weekend,48.0,False,-33.81,-33.81,107.34,False,0.0,False
2023-09-25,2023-09-26,0,Overnight,0.0,False,-71.82,-71.82,-164.95,False,0.0,False
2023-09-26,2023-09-27,0,Overnight,0.0,False,38.31,38.31,-127.68,False,0.0,False
2023-09-27,2023-09-28,0,Overnight,0.0,False,-64.16,-64.16,79.41,False,0.0,False
2023-09-28,2023-09-29,0,Overnight,0.0,False,77.62,77.62,-47.2,False,0.0,False
2023-09-29,2023-10-02,2,Weekend,48.0,False,0.58,0.58,146.68,False,0.0,False
2023-10-02,2023-10-03,0,Overnight,0.0,False,-86.13,-86.13,8.12,False,0.0,False
2023-10-03,2023-10-04,0,Overnight,0.0,False,-76.28,-76.28,149.1,False,0.0,False
2023-10-04,2023-10-05,0,Overnight,0.0,False,7.48,7.48,64.24,False,0.0,False
2023-10-05,2023-10-06,0,Overnight,0.0,False,-63.66,-63.66,210.09,False,0.0,False
2023-10-06,2023-10-09,2,Weekend,48.0,False,-38.39,-38.39,122.54,False,0.0,False
2023-10-09,2023-10-10,0,Overnight,0.0,False,-49.85,-49.85,16.27,False,0.0,False
2023-10-10,2023-10-11,0,Overnight,0.0,False,-10.66,-10.66,89.39,False,0.0,False
2023-10-11,2023-10-12,0,Overnight,0.0,False,15.01,15.01,35.48,False,0.0,False
2023-10-12,2023-10-13,0,Overnight,0.0,False,39.21,39.21,-142.67,False,0.0,False
2023-10-13,2023-10-16,2,Weekend,48.0,False,-118.11,-118.11,110.84,False,0.0,False
2023-10-16,2023-10-17,0,Overnight,0.0,False,-116.5,-116.5,28.26,False,0.0,False
2023-10-17,2023-10-18,0,Overnight,0.0,False,-89.02,-89.02,14.8,False,0.0,False
2023-10-18,2023-10-19,0,Overnight,0.0,False,11.37,11.37,-33.0,False,0.0,False
2023-10-19,2023-10-20,0,Overnight,0.0,False,-8.55,-8.55,-139.58,False,0.0,False
2023-10-20,2023-10-23,2,Weekend,48.0,False,-114.61,-114.61,121.54,False,0.0,False
2023-10-23,2023-10-24,0,Overnight,0.0,False,2.89,2.89,22.51,False,0.0,False
2023-10-24,2023-10-25,0,Overnight,0.0,False,-90.35,-90.35,-45.48,False,0.0,False
2023-10-25,2023-10-26,0,Overnight,0.0,False,-42.76,-42.76,-206.38,False,0.0,False
2023-10-26,2023-10-27,0,Overnight,0.0,False,1.2,1.2,78.18,False,0.0,False
2023-10-27,2023-10-30,2,Weekend,48.0,False,47.44,47.44,74.86,False,0.0,False
2023-10-30,2023-10-31,0,Overnight,0.0,False,-55.35,-55.35,83.5,False,0.0,False
2023-10-31,2023-11-01,0,Overnight,0.0,False,13.46,13.46,172.19,False,0.0,False
2023-11-01,2023-11-02,0,Overnight,0.0,False,88.7,88.7,116.12,False,0.0,False
2023-11-02,2023-11-03,0,Overnight,0.0,False,-189.31,-189.31,137.37,False,0.0,False
2023-11-03,2023-11-06,2,Weekend,49.0,False,-15.3,-15.3,160.29,False,0.0,False
2023-11-06,2023-11-07,0,Overnight,0.0,False,-2.79,-2.79,146.26,False,0.0,False
2023-11-07,2023-11-08,0,Overnight,0.0,False,29.11,29.11,29.57,False,0.0,False
2023-11-08,2023-11-09,0,Overnight,0.0,False,3.83,3.83,-30.11,False,0.0,False
2023-11-09,2023-11-10,0,Overnight,0.0,False,85.16,98.19,131.22,True,13.16,False
2023-11-10,2023-11-13,2,Weekend,48.0,False,-31.16,-31.16,-55.04,False,0.0,False
2023-11-13,2023-11-14,0,Overnight,0.0,False,155.71,155.71,-13.86,False,0.0,False
2023-11-14,2023-11-15,0,Overnight,0.0,False,21.85,21.85,8.51,False,0.0,False
2023-11-15,2023-11-16,0,Overnight,0.0,False,82.63,82.63,7.38,False,0.0,False
2023-11-16,2023-11-17,0,Overnight,0.0,False,28.42,28.42,-29.48,False,0.0,False
2023-11-17,2023-11-20,2,Weekend,48.0,False,10.54,10.54,81.82,False,0.0,False
2023-11-20,2023-11-21,0,Overnight,0.0,False,-2.09,-2.09,-40.31,False,0.0,False
2023-11-21,2023-11-22,0,Overnight,0.0,False,44.49,44.49,-9.4,False,0.0,False
2023-11-22,2023-11-24,1,Short,24.0,False,-23.03,-23.03,-47.26,False,0.0,False
2023-11-24,2023-11-27,2,Weekend,48.0,True,-2.63,-2.63,-6.85,False,0.0,False
2023-11-27,2023-11-28,0,Overnight,0.0,False,-0.53,-0.53,32.62,False,0.0,False
2023-11-28,2023-11-29,0,Overnight,0.0,False,26.23,26.23,-80.47,False,0.0,False
2023-11-29,2023-11-30,0,Overnight,0.0,False,24.79,24.79,5.79,False,0.0,False
2023-11-30,2023-12-01,0,Overnight,0.0,False,19.99,19.99,47.7,False,0.0,False
2023-12-01,2023-12-04,2,Weekend,48.0,False,-66.1,-66.1,-28.99,False,0.0,False
2023-12-04,2023-12-05,0,Overnight,0.0,False,41.09,41.09,167.35,False,0.0,False
2023-12-05,2023-12-06,0,Overnight,0.0,False,53.11,53.11,-110.14,False,0.0,False
2023-12-06,2023-12-07,0,Overnight,0.0,False,67.88,67.88,33.0,False,0.0,False
2023-12-07,2023-12-08,0,Overnight,0.0,False,-3.6,-3.6,77.45,False,0.0,False
2023-12-08,2023-12-11,2,Weekend,48.0,False,-133.74,-133.74,3.62,False,0.0,False
2023-12-11,2023-12-12,0,Overnight,0.0,False,-5.18,-5.18,84.07,False,0.0,False
2023-12-12,2023-12-13,0,Overnight,0.0,False,19.5,19.5,146.04,False,0.0,False
2023-12-13,2023-12-14,0,Overnight,0.0,False,3.03,3.03,4.54,False,0.0,False
2023-12-14,2023-12-15,0,Overnight,0.0,False,-29.32,-29.32,2.03,False,0.0,False
2023-12-15,2023-12-18,2,Weekend,48.0,False,-75.19,-75.19,-10.2,False,0.0,False
2023-12-18,2023-12-19,0,Overnight,0.0,False,13.77,13.77,39.68,False,0.0,False
2023-12-19,2023-12-20,0,Overnight,0.0,False,-2.03,-2.03,-105.69,False,0.0,False
2023-12-20,2023-12-21,0,Overnight,0.0,False,64.97,64.97,-72.68,False,0.0,False
2023-12-21,2023-12-22,0,Overnight,0.0,False,25.65,25.65,-81.28,False,0.0,False
2023-12-22,2023-12-26,3,Long,72.0,False,0.52,0.52,-28.97,False,0.0,False
2023-12-26,2023-12-27,0,Overnight,0.0,False,-29.05,-29.05,34.23,False,0.0,False
2023-12-27,2023-12-28,0,Overnight,0.0,False,51.12,51.12,-28.89,False,0.0,False
2023-12-28,2023-12-29,0,Overnight,0.0,False,16.52,16.52,-70.91,False,0.0,False
2023-12-29,2024-01-02,3,Long,72.0,False,-283.42,-283.42,-81.01,False,0.0,False
2024-01-02,2024-01-03,0,Overnight,0.0,False,-76.79,-76.79,1.63,False,0.0,False
2024-01-03,2024-01-04,0,Overnight,0.0,False,-114.63,-114.63,-13.18,False,0.0,False
2024-01-04,2024-01-05,0,Overnight,0.0,False,4.4,4.4,-44.61,False,0.0,False
2024-01-05,2024-01-08,2,Weekend,48.0,False,50.1,50.1,188.77,False,0.0,False
2024-01-08,2024-01-09,0,Overnight,0.0,False,-88.77,-88.77,66.11,False,0.0,False
2024-01-09,2024-01-10,0,Overnight,0.0,False,-42.76,-42.76,99.32,False,0.0,False
2024-01-10,2024-01-11,0,Overnight,0.0,False,18.78,18.78,-51.06,False,0.0,False
2024-01-11,2024-01-12,0,Overnight,0.0,False,25.29,25.29,-7.53,False,0.0,False
2024-01-12,2024-01-16,3,Long,72.0,False,-204.31,-204.31,80.37,False,0.0,False
2024-01-16,2024-01-17,0,Overnight,0.0,False,-129.35,-129.35,77.48,False,0.0,False
2024-01-17,2024-01-18,0,Overnight,0.0,False,184.94,184.94,135.57,False,0.0,False
2024-01-18,2024-01-19,0,Overnight,0.0,False,37.04,37.04,117.1,False,0.0,False
2024-01-19,2024-01-22,2,Weekend,48.0,False,38.56,38.56,82.34,False,0.0,False
2024-01-22,2024-01-23,0,Overnight,0.0,False,58.11,58.11,8.2,False,0.0,False
2024-01-23,2024-01-24,0,Overnight,0.0,False,12.29,12.29,-47.19,False,0.0,False
2024-01-24,2024-01-25,0,Overnight,0.0,False,36.95,36.95,-53.93,False,0.0,False
2024-01-25,2024-01-26,0,Overnight,0.0,False,5.15,5.15,-95.68,False,0.0,False
2024-01-26,2024-01-29,2,Weekend,48.0,False,-21.33,-21.33,-14.59,False,0.0,False
2024-01-29,2024-01-30,0,Overnight,0.0,False,-41.29,-41.29,-153.05,False,0.0,False
2024-01-30,2024-01-31,0,Overnight,0.0,False,-53.32,-53.32,-142.15,False,0.0,False
2024-01-31,2024-02-01,0,Overnight,0.0,False,-22.26,-22.26,154.78,False,0.0,False
2024-02-01,2024-02-02,0,Overnight,0.0,False,-381.81,-381.81,327.61,False,0.0,False
2024-02-02,2024-02-05,2,Weekend,48.0,False,123.0,123.0,-25.01,False,0.0,False
2024-02-05,2024-02-06,0,Overnight,0.0,False,-43.79,-43.79,129.73,False,0.0,False
2024-02-06,2024-02-07,0,Overnight,0.0,False,70.54,70.54,-64.73,False,0.0,False
2024-02-07,2024-02-08,0,Overnight,0.0,False,-1.06,-1.06,-56.66,False,0.0,False
2024-02-08,2024-02-09,0,Overnight,0.0,False,17.51,30.22,10.6,True,12.74,False
2024-02-09,2024-02-12,2,Weekend,48.0,False,-22.8,-22.8,-67.63,False,0.0,False
2024-02-12,2024-02-13,0,Overnight,0.0,False,-74.01,-74.01,-39.37,False,0.0,False
2024-02-13,2024-02-14,0,Overnight,0.0,False,15.12,15.12,-63.33,False,0.0,False
2024-02-14,2024-02-15,0,Overnight,0.0,False,-32.63,-32.63,16.87,False,0.0,False
2024-02-15,2024-02-16,0,Overnight,0.0,False,-23.96,-23.96,-60.7,False,0.0,False
2024-02-16,2024-02-20,3,Long,72.0,False,-28.56,-28.56,-12.66,False,0.0,False
2024-02-20,2024-02-21,0,Overnight,0.0,False,20.91,20.91,20.86,False,0.0,False
2024-02-21,2024-02-22,0,Overnight,0.0,False,63.42,63.42,48.39,False,0.0,False
2024-02-22,2024-02-23,0,Overnight,0.0,False,34.65,34.65,-135.5,False,0.0,False
2024-02-23,2024-02-26,2,Weekend,48.0,False,-15.35,-15.35,-59.44,False,0.0,False
2024-02-26,2024-02-27,0,Overnight,0.0,False,-3.31,-3.31,84.13,False,0.0,False
2024-02-27,2024-02-28,0,Overnight,0.0,False,-6.57,-6.57,-59.9,False,0.0,False
2024-02-28,2024-02-29,0,Overnight,0.0,False,-8.27,-8.27,-28.73,False,0.0,False
2024-02-29,2024-03-01,0,Overnight,0.0,False,-66.61,-66.61,6.12,False,0.0,False
2024-03-01,2024-03-04,2,Weekend,48.0,False,-197.3,-197.3,-59.79,False,0.0,False
2024-03-04,2024-03-05,0,Overnight,0.0,False,-250.98,-250.98,-37.55,False,0.0,False
2024-03-05,2024-03-06,0,Overnight,0.0,False,55.1,55.1,-114.06,False,0.0,False
2024-03-06,2024-03-07,0,Overnight,0.0,False,1.77,1.77,-8.87,False,0.0,False
2024-03-07,2024-03-08,0,Overnight,0.0,False,0.0,0.0,101.85,False,0.0,False
2024-03-08,2024-03-11,2,Weekend,47.0,False,128.61,128.61,-10.99,False,0.0,False
2024-03-11,2024-03-12,0,Overnight,0.0,False,23.13,23.13,4.62,False,0.0,False
2024-03-12,2024-03-13,0,Overnight,0.0,False,-26.59,-26.59,-95.38,False,0.0,False
2024-03-13,2024-03-14,0,Overnight,0.0,False,103.48,103.48,5.2,False,0.0,False
2024-03-14,2024-03-15,0,Overnight,0.0,False,-106.34,-106.34,84.35,False,0.0,False
2024-03-15,2024-03-18,2,Weekend,48.0,False,169.45,169.45,-105.93,False,0.0,False
2024-03-18,2024-03-19,0,Overnight,0.0,False,35.63,35.63,99.31,False,0.0,False
2024-03-19,2024-03-20,0,Overnight,0.0,False,-20.47,-20.47,166.49,False,0.0,False
2024-03-20,2024-03-21,0,Overnight,0.0,False,-91.08,-91.08,-326.07,False,0.0,False
2024-03-21,2024-03-22,0,Overnight,0.0,False,22.73,22.73,30.23,False,0.0,False
2024-03-22,2024-03-25,2,Weekend,48.0,False,-99.75,-99.75,16.4,False,0.0,False
2024-03-25,2024-03-26,0,Overnight,0.0,False,-49.88,-49.88,-17.07,False,0.0,False
2024-03-26,2024-03-27,0,Overnight,0.0,False,41.16,41.16,168.75,False,0.0,False
2024-03-27,2024-03-28,0,Overnight,0.0,False,-90.42,-90.42,-15.73,False,0.0,False
2024-03-28,2024-04-01,3,Long,72.0,False,-16.93,-16.93,-67.99,False,0.0,False
2024-04-01,2024-04-02,0,Overnight,0.0,False,-56.03,-56.03,-14.2,False,0.0,False
2024-04-02,2024-04-03,0,Overnight,0.0,False,-2.96,-2.96,50.82,False,0.0,False
2024-04-03,2024-04-04,0,Overnight,0.0,False,37.65,37.65,-86.7,False,0.0,False
2024-04-04,2024-04-05,0,Overnight,0.0,False,45.51,45.51,-0.59,False,0.0,False
2024-04-05,2024-04-08,2,Weekend,48.0,False,-32.49,-32.49,-34.37,False,0.0,False
2024-04-08,2024-04-09,0,Overnight,0.0,False,14.83,14.83,57.33,False,0.0,False
2024-04-09,2024-04-10,0,Overnight,0.0,False,-51.41,-51.41,-60.61,False,0.0,False
2024-04-10,2024-04-11,0,Overnight,0.0,False,33.32,33.32,390.29,False,0.0,False
2024-04-11,2024-04-12,0,Overnight,0.0,False,-44.66,-44.66,130.56,False,0.0,False
2024-04-12,2024-04-15,2,Weekend,48.0,False,-67.63,-67.63,-153.43,False,0.0,False
2024-04-15,2024-04-16,0,Overnight,0.0,False,-54.58,-54.58,-138.95,False,0.0,False
2024-04-16,2024-04-17,0,Overnight,0.0,False,13.57,13.57,-95.38,False,0.0,False
2024-04-17,2024-04-18,0,Overnight,0.0,False,1.79,1.79,-59.09,False,0.0,False
2024-04-18,2024-04-19,0,Overnight,0.0,False,-49.81,-49.81,-73.07,False,0.0,False
2024-04-19,2024-04-22,2,Weekend,48.0,False,31.47,31.47,19.31,False,0.0,False
2024-04-22,2024-04-23,0,Overnight,0.0,False,-29.59,-29.59,93.3,False,0.0,False
2024-04-23,2024-04-24,0,Overnight,0.0,False,-21.59,-21.59,147.82,False,0.0,False
2024-04-24,2024-04-25,0,Overnight,0.0,False,30.13,30.13,21.21,False,0.0,False
2024-04-25,2024-04-26,0,Overnight,0.0,False,-0.59,-0.59,-34.2,False,0.0,False
2024-04-26,2024-04-29,2,Weekend,48.0,False,237.56,237.56,7.5,False,0.0,False
2024-04-29,2024-04-30,0,Overnight,0.0,False,-9.8,-9.8,-174.6,False,0.0,False
2024-04-30,2024-05-01,0,Overnight,0.0,False,-44.13,-44.13,-16.52,False,0.0,False
2024-05-01,2024-05-02,0,Overnight,0.0,False,187.83,187.83,30.1,False,0.0,False
2024-05-02,2024-05-03,0,Overnight,0.0,False,757.7,757.7,-176.75,False,0.0,False
2024-05-03,2024-05-06,2,Weekend,48.0,False,-56.33,-56.33,-35.16,False,0.0,False
2024-05-06,2024-05-07,0,Overnight,0.0,False,95.3,95.3,-57.4,False,0.0,False
2024-05-07,2024-05-08,0,Overnight,0.0,False,24.64,24.64,-6.02,False,0.0,False
2024-05-08,2024-05-09,0,Overnight,0.0,False,-9.86,-9.86,109.5,False,0.0,False
2024-05-09,2024-05-10,0,Overnight,0.0,False,17.86,31.37,-100.56,True,13.54,False
2024-05-10,2024-05-13,2,Weekend,48.0,False,129.72,129.72,45.2,False,0.0,False
2024-05-13,2024-05-14,0,Overnight,0.0,False,65.81,65.81,-4.27,False,0.0,False
2024-05-14,2024-05-15,0,Overnight,0.0,False,25.58,25.58,95.86,False,0.0,False
2024-05-15,2024-05-16,0,Overnight,0.0,False,39.45,39.45,-33.13,False,0.0,False
2024-05-16,2024-05-17,0,Overnight,0.0,False,-17.4,-17.4,18.98,False,0.0,False
2024-05-17,2024-05-20,2,Weekend,48.0,False,-28.48,-28.48,89.91,False,0.0,False
2024-05-20,2024-05-21,0,Overnight,0.0,False,2.62,2.62,65.72,False,0.0,False
2024-05-21,2024-05-22,0,Overnight,0.0,False,-4.16,-4.16,-71.51,False,0.0,False
2024-05-22,2024-05-23,0,Overnight,0.0,False,4.19,4.19,-217.02,False,0.0,False
2024-05-23,2024-05-24,0,Overnight,0.0,False,103.27,103.27,61.25,False,0.0,False
2024-05-24,2024-05-28,3,Long,72.0,False,80.21,80.21,-79.69,False,0.0,False
2024-05-28,2024-05-29,0,Overnight,0.0,False,-20.02,-20.02,35.8,False,0.0,False
2024-05-29,2024-05-30,0,Overnight,0.0,False,24.67,24.67,27.74,False,0.0,False
2024-05-30,2024-05-31,0,Overnight,0.0,False,7.84,7.84,42.22,False,0.0,False
2024-05-31,2024-06-03,2,Weekend,48.0,False,33.75,33.75,58.41,False,0.0,False
2024-06-03,2024-06-04,0,Overnight,0.0,False,31.39,31.39,-14.91,False,0.0,False
2024-06-04,2024-06-05,0,Overnight,0.0,False,53.88,53.88,24.02,False,0.0,False
2024-06-05,2024-06-06,0,Overnight,0.0,False,-9.19,-9.19,-62.02,False,0.0,False
2024-06-06,2024-06-07,0,Overnight,0.0,False,8.74,8.74,114.42,False,0.0,False
2024-06-07,2024-06-10,2,Weekend,48.0,False,0.51,0.51,-193.84,False,0.0,False
2024-06-10,2024-06-11,0,Overnight,0.0,False,27.41,27.41,673.91,False,0.0,False
2024-06-11,2024-06-12,0,Overnight,0.0,False,10.61,10.61,271.16,False,0.0,False
2024-06-12,2024-06-13,0,Overnight,0.0,False,78.07,78.07,-23.31,False,0.0,False
2024-06-13,2024-06-14,0,Overnight,0.0,False,-18.22,-18.22,-63.8,False,0.0,False
2024-06-14,2024-06-17,2,Weekend,48.0,False,41.33,41.33,153.48,False,0.0,False
2024-06-17,2024-06-18,0,Overnight,0.0,False,42.37,42.37,-152.82,False,0.0,False
2024-06-18,2024-06-20,1,Short,24.0,False,-16.81,-16.81,-200.66,False,0.0,False
2024-06-20,2024-06-21,0,Overnight,0.0,False,33.8,33.8,-138.8,False,0.0,False
2024-06-21,2024-06-24,2,Weekend,48.0,False,11.08,11.08,20.2,False,0.0,False
2024-06-24,2024-06-25,0,Overnight,0.0,False,48.41,48.41,-3.83,False,0.0,False
2024-06-25,2024-06-26,0,Overnight,0.0,False,115.56,115.56,82.4,False,0.0,False
2024-06-26,2024-06-27,0,Overnight,0.0,False,67.3,67.3,-27.52,False,0.0,False
2024-06-27,2024-06-28,0,Overnight,0.0,False,77.7,77.7,-241.58,False,0.0,False
2024-06-28,2024-07-01,2,Weekend,48.0,False,69.55,69.55,217.34,False,0.0,False
2024-07-01,2024-07-02,0,Overnight,0.0,False,-27.72,-27.72,188.82,False,0.0,False
2024-07-02,2024-07-03,0,Overnight,0.0,False,-12.27,-12.27,70.21,False,0.0,False
2024-07-03,2024-07-05,1,Short,24.0,True,4.51,4.51,209.39,False,0.0,False
2024-07-05,2024-07-08,2,Weekend,48.0,False,33.08,33.08,32.09,False,0.0,False
2024-07-08,2024-07-09,0,Overnight,0.0,False,4.83,4.83,32.85,False,0.0,False
2024-07-09,2024-07-10,0,Overnight,0.0,False,27.08,27.08,159.21,False,0.0,False
2024-07-10,2024-07-11,0,Overnight,0.0,False,-68.48,-68.48,-166.47,False,0.0,False
2024-07-11,2024-07-12,0,Overnight,0.0,False,59.15,59.15,70.52,False,0.0,False
2024-07-12,2024-07-15,2,Weekend,48.0,False,254.39,254.39,-88.35,False,0.0,False
2024-07-15,2024-07-16,0,Overnight,0.0,False,25.56,25.56,-7.66,False,0.0,False
2024-07-16,2024-07-17,0,Overnight,0.0,False,-231.34,-231.34,-24.87,False,0.0,False
2024-07-17,2024-07-18,0,Overnight,0.0,False,60.98,60.98,-268.47,False,0.0,False
2024-07-18,2024-07-19,0,Overnight,0.0,False,28.51,28.51,-22.71,False,0.0,False
2024-07-19,2024-07-22,2,Weekend,48.0,False,119.65,119.65,-135.27,False,0.0,False
2024-07-22,2024-07-23,0,Overnight,0.0,False,18.29,18.29,28.48,False,0.0,False
2024-07-23,2024-07-24,0,Overnight,0.0,False,-44.99,-44.99,-246.77,False,0.0,False
2024-07-24,2024-07-25,0,Overnight,0.0,False,17.83,17.83,-65.99,False,0.0,False
2024-07-25,2024-07-26,0,Overnight,0.0,False,55.48,55.48,-33.89,False,0.0,False
2024-07-26,2024-07-29,2,Weekend,48.0,False,-45.99,-45.99,58.82,False,0.0,False
2024-07-29,2024-07-30,0,Overnight,0.0,False,43.44,43.44,-17.81,False,0.0,False
2024-07-30,2024-07-31,0,Overnight,0.0,False,119.94,119.94,28.86,False,0.0,False
2024-07-31,2024-08-01,0,Overnight,0.0,False,102.59,102.59,-271.51,False,0.0,False
2024-08-01,2024-08-02,0,Overnight,0.0,False,36.11,36.11,32.35,False,0.0,False
2024-08-02,2024-08-05,2,Weekend,48.0,False,-992.34,-992.34,498.68,False,0.0,False
2024-08-05,2024-08-06,0,Overnight,0.0,False,-191.53,-191.53,93.57,False,0.0,False
2024-08-06,2024-08-07,0,Overnight,0.0,False,-15.94,-15.94,140.14,False,0.0,False
2024-08-07,2024-08-08,0,Overnight,0.0,False,155.58,155.58,9.38,False,0.0,False
2024-08-08,2024-08-09,0,Overnight,0.0,False,-56.89,-56.89,193.31,False,0.0,False
2024-08-09,2024-08-12,2,Weekend,48.0,False,-7.86,3.7,67.34,True,11.56,False
2024-08-12,2024-08-13,0,Overnight,0.0,False,67.81,67.81,102.66,False,0.0,False
2024-08-13,2024-08-14,0,Overnight,0.0,False,-31.69,-31.69,52.0,False,0.0,False
2024-08-14,2024-08-15,0,Overnight,0.0,False,129.06,129.06,5.34,False,0.0,False
2024-08-15,2024-08-16,0,Overnight,0.0,False,-35.66,-35.66,94.67,False,0.0,False
2024-08-16,2024-08-19,2,Weekend,48.0,False,-14.61,-14.61,7.53,False,0.0,False
2024-08-19,2024-08-20,0,Overnight,0.0,False,-5.31,-5.31,32.72,False,0.0,False
2024-08-20,2024-08-21,0,Overnight,0.0,False,0.44,0.44,-5.3,False,0.0,False
2024-08-21,2024-08-22,0,Overnight,0.0,False,61.21,61.21,-144.15,False,0.0,False
2024-08-22,2024-08-23,0,Overnight,0.0,False,50.2,50.2,52.15,False,0.0,False
2024-08-23,2024-08-26,2,Weekend,48.0,False,-3.53,-3.53,18.5,False,0.0,False
2024-08-26,2024-08-27,0,Overnight,0.0,False,-52.08,-52.08,89.42,False,0.0,False
2024-08-27,2024-08-28,0,Overnight,0.0,False,-4.83,-4.83,-62.94,False,0.0,False
2024-08-28,2024-08-29,0,Overnight,0.0,False,158.13,158.13,-13.48,False,0.0,False
2024-08-29,2024-08-30,0,Overnight,0.0,False,17.39,17.39,-51.83,False,0.0,False
2024-08-30,2024-09-03,3,Long,72.0,False,-19.67,-19.67,-256.15,False,0.0,False
2024-09-03,2024-09-04,0,Overnight,0.0,False,-49.95,-49.95,-36.61,False,0.0,False
2024-09-04,2024-09-05,0,Overnight,0.0,False,35.26,35.26,33.78,False,0.0,False
2024-09-05,2024-09-06,0,Overnight,0.0,False,70.35,70.35,-140.75,False,0.0,False
2024-09-06,2024-09-09,2,Weekend,48.0,False,0.0,0.0,4.07,False,0.0,False
2024-09-09,2024-09-10,0,Overnight,0.0,False,-90.49,-90.49,54.21,False,0.0,False
2024-09-10,2024-09-11,0,Overnight,0.0,False,61.15,61.15,54.04,False,0.0,False
2024-09-11,2024-09-12,0,Overnight,0.0,False,-7.19,-7.19,12.13,False,0.0,False
2024-09-12,2024-09-13,0,Overnight,0.0,False,36.29,36.29,-48.42,False,0.0,False
2024-09-13,2024-09-16,2,Weekend,48.0,False,-271.52,-271.52,-10.16,False,0.0,False
2024-09-16,2024-09-17,0,Overnight,0.0,False,-26.38,-26.38,48.09,False,0.0,False
2024-09-17,2024-09-18,0,Overnight,0.0,False,35.0,35.0,143.3,False,0.0,False
2024-09-18,2024-09-19,0,Overnight,0.0,False,192.97,192.97,170.98,False,0.0,False
2024-09-19,2024-09-20,0,Overnight,0.0,False,47.95,47.95,-77.26,False,0.0,False
2024-09-20,2024-09-23,2,Weekend,48.0,False,-37.76,-37.76,-38.34,False,0.0,False
2024-09-23,2024-09-24,0,Overnight,0.0,False,95.8,95.8,-56.14,False,0.0,False
2024-09-24,2024-09-25,0,Overnight,0.0,False,-107.89,-107.89,63.82,False,0.0,False
2024-09-25,2024-09-26,0,Overnight,0.0,False,41.0,41.0,9.67,False,0.0,False
2024-09-26,2024-09-27,0,Overnight,0.0,False,41.23,41.23,-29.37,False,0.0,False
2024-09-27,2024-09-30,2,Weekend,48.0,False,98.29,98.29,127.85,False,0.0,False
2024-09-30,2024-10-01,0,Overnight,0.0,False,-150.48,-150.48,-145.26,False,0.0,False
2024-10-01,2024-10-02,0,Overnight,0.0,False,-14.16,-14.16,39.32,False,0.0,False
2024-10-02,2024-10-03,0,Overnight,0.0,False,-72.58,-72.58,23.51,False,0.0,False
2024-10-03,2024-10-04,0,Overnight,0.0,False,98.33,98.33,-48.38,False,0.0,False
2024-10-04,2024-10-07,2,Weekend,48.0,False,-101.93,-101.93,-125.96,False,0.0,False
2024-10-07,2024-10-08,0,Overnight,0.0,False,117.04,117.04,65.32,False,0.0,False
2024-10-08,2024-10-09,0,Overnight,0.0,False,-23.95,-23.95,189.55,False,0.0,False
2024-10-09,2024-10-10,0,Overnight,0.0,False,-76.97,-76.97,55.16,False,0.0,False
2024-10-10,2024-10-11,0,Overnight,0.0,False,11.35,11.35,-76.61,False,0.0,False
2024-10-11,2024-10-14,2,Weekend,48.0,False,50.41,50.41,113.04,False,0.0,False
2024-10-14,2024-10-15,0,Overnight,0.0,False,99.37,99.37,10.27,False,0.0,False
2024-10-15,2024-10-16,0,Overnight,0.0,False,-96.68,-96.68,7.77,False,0.0,False
2024-10-16,2024-10-17,0,Overnight,0.0,False,70.94,70.94,-54.99,False,0.0,False
2024-10-17,2024-10-18,0,Overnight,0.0,False,172.11,172.11,-50.09,False,0.0,False
2024-10-18,2024-10-21,2,Weekend,48.0,False,-23.43,-23.43,86.21,False,0.0,False
2024-10-21,2024-10-22,0,Overnight,0.0,False,-110.13,-110.13,83.87,False,0.0,False
2024-10-22,2024-10-23,0,Overnight,0.0,False,-75.75,-75.75,-142.85,False,0.0,False
2024-10-23,2024-10-24,0,Overnight,0.0,False,-33.86,-33.86,25.62,False,0.0,False
2024-10-24,2024-10-25,0,Overnight,0.0,False,-36.06,-36.06,72.43,False,0.0,False
2024-10-25,2024-10-28,2,Weekend,48.0,False,82.2,82.2,3.43,False,0.0,False
2024-10-28,2024-10-29,0,Overnight,0.0,False,-12.86,-12.86,24.42,False,0.0,False
2024-10-29,2024-10-30,0,Overnight,0.0,False,-45.47,-45.47,-108.49,False,0.0,False
2024-10-30,2024-10-31,0,Overnight,0.0,False,-33.08,-33.08,-150.69,False,0.0,False
2024-10-31,2024-11-01,0,Overnight,0.0,False,-221.1,-221.1,87.41,False,0.0,False
2024-11-01,2024-11-04,2,Weekend,49.0,False,-86.51,-86.51,46.05,False,0.0,False
2024-11-04,2024-11-05,0,Overnight,0.0,False,-9.46,-9.46,74.12,False,0.0,False
2024-11-05,2024-11-06,0,Overnight,0.0,False,-37.66,-37.66,4.94,False,0.0,False
2024-11-06,2024-11-07,0,Overnight,0.0,False,85.39,85.39,126.08,False,0.0,False
2024-11-07,2024-11-08,0,Overnight,0.0,False,-13.64,-2.64,-9.25,True,10.99,False
2024-11-08,2024-11-11,2,Weekend,48.0,False,-86.73,-86.73,-34.28,False,0.0,False
2024-11-11,2024-11-12,0,Overnight,0.0,False,14.26,14.26,-14.26,False,0.0,False
2024-11-12,2024-11-13,0,Overnight,0.0,False,-9.82,-9.82,49.43,False,0.0,False
2024-11-13,2024-11-14,0,Overnight,0.0,False,-4.44,-4.44,141.21,False,0.0,False
2024-11-14,2024-11-15,0,Overnight,0.0,False,-80.07,-80.07,-62.03,False,0.0,False
2024-11-15,2024-11-18,2,Weekend,48.0,False,11.1,11.1,122.22,False,0.0,False
2024-11-18,2024-11-19,0,Overnight,0.0,False,-45.71,-45.71,57.11,False,0.0,False
2024-11-19,2024-11-20,0,Overnight,0.0,False,-9.64,-9.64,41.13,False,0.0,False
2024-11-20,2024-11-21,0,Overnight,0.0,False,-5.24,-5.24,-15.74,False,0.0,False
2024-11-21,2024-11-22,0,Overnight,0.0,False,-20.15,-20.15,79.05,False,0.0,False
2024-11-22,2024-11-25,2,Weekend,48.0,False,68.93,68.93,60.73,False,0.0,False
2024-11-25,2024-11-26,0,Overnight,0.0,False,19.73,19.73,73.87,False,0.0,False
2024-11-26,2024-11-27,0,Overnight,0.0,False,-25.13,-25.13,19.6,False,0.0,False
2024-11-27,2024-11-29,1,Short,24.0,False,-5.11,-5.11,106.75,False,0.0,False
2024-11-29,2024-12-02,2,Weekend,48.0,True,-2.53,-2.53,97.3,False,0.0,False
2024-12-02,2024-12-03,0,Overnight,0.0,False,9.18,9.18,117.73,False,0.0,False
2024-12-03,2024-12-04,0,Overnight,0.0,False,9.06,9.06,5.76,False,0.0,False
2024-12-04,2024-12-05,0,Overnight,0.0,False,40.25,40.25,-39.01,False,0.0,False
2024-12-05,2024-12-06,0,Overnight,0.0,False,-5.35,-5.35,-2.88,False,0.0,False
2024-12-06,2024-12-09,2,Weekend,48.0,False,-41.68,-41.68,201.41,False,0.0,False
2024-12-09,2024-12-10,0,Overnight,0.0,False,5.67,5.67,35.58,False,0.0,False
2024-12-10,2024-12-11,0,Overnight,0.0,False,7.67,7.67,-59.46,False,0.0,False
2024-12-11,2024-12-12,0,Overnight,0.0,False,16.21,16.21,43.25,False,0.0,False
2024-12-12,2024-12-13,0,Overnight,0.0,False,-5.65,-5.65,12.5,False,0.0,False
2024-12-13,2024-12-16,2,Weekend,48.0,False,-5.64,-5.64,122.24,False,0.0,False
2024-12-16,2024-12-17,0,Overnight,0.0,False,-38.31,-38.31,135.04,False,0.0,False
2024-12-17,2024-12-18,0,Overnight,0.0,False,-52.21,-52.21,-164.33,False,0.0,False
2024-12-18,2024-12-19,0,Overnight,0.0,False,-22.2,-22.2,92.1,False,0.0,False
2024-12-19,2024-12-20,0,Overnight,0.0,False,-70.31,-70.31,256.72,False,0.0,False
2024-12-20,2024-12-23,2,Weekend,48.0,False,11.0,11.0,19.61,False,0.0,False
2024-12-23,2024-12-24,0,Overnight,0.0,False,8.61,8.61,105.51,False,0.0,False
2024-12-24,2024-12-26,1,Short,24.0,True,-0.39,-0.39,32.09,False,0.0,False
2024-12-26,2024-12-27,0,Overnight,0.0,False,-46.05,-46.05,-87.26,False,0.0,False
2024-12-27,2024-12-30,2,Weekend,48.0,False,-132.33,-132.33,-1.19,False,0.0,False
2024-12-30,2024-12-31,0,Overnight,0.0,False,9.51,9.51,-80.34,False,0.0,False
2024-12-31,2025-01-02,1,Short,24.0,False,-59.68,-59.68,-206.18,False,0.0,False
2025-01-02,2025-01-03,0,Overnight,0.0,False,-20.11,-20.11,0.0,False,0.0,False
2025-01-03,2025-01-06,2,Weekend,48.0,False,38.96,38.96,28.2,False,0.0,False
2025-01-06,2025-01-07,0,Overnight,0.0,False,-82.79,-82.79,-31.74,False,0.0,False
2025-01-07,2025-01-08,0,Overnight,0.0,False,-11.98,-11.98,32.19,False,0.0,False
2025-01-08,2025-01-10,1,Short,24.0,False,-111.46,-111.46,-132.54,False,0.0,False
2025-01-10,2025-01-13,2,Weekend,48.0,False,-141.17,-141.17,37.18,False,0.0,False
2025-01-13,2025-01-14,0,Overnight,0.0,False,14.92,14.92,-62.82,False,0.0,False
2025-01-14,2025-01-15,0,Overnight,0.0,False,58.13,58.13,136.72,False,0.0,False
2025-01-15,2025-01-16,0,Overnight,0.0,False,-21.88,-21.88,-390.51,False,0.0,False
2025-01-16,2025-01-17,0,Overnight,0.0,False,167.69,167.69,-92.62,False,0.0,False
2025-01-17,2025-01-21,3,Long,72.0,False,-263.46,-263.46,-60.9,False,0.0,False
2025-01-21,2025-01-22,0,Overnight,0.0,False,-128.84,-128.84,182.14,False,0.0,False
2025-01-22,2025-01-23,0,Overnight,0.0,False,40.57,40.57,-48.17,False,0.0,False
2025-01-23,2025-01-24,0,Overnight,0.0,False,49.95,49.95,-89.37,False,0.0,False
2025-01-24,2025-01-27,2,Weekend,48.0,False,55.51,55.51,257.35,False,0.0,False
2025-01-27,2025-01-28,0,Overnight,0.0,False,42.98,42.98,315.94,False,0.0,False
2025-01-28,2025-01-29,0,Overnight,0.0,False,-175.29,-175.29,221.35,False,0.0,False
2025-01-29,2025-01-30,0,Overnight,0.0,False,-28.87,-28.87,-45.35,False,0.0,False
2025-01-30,2025-01-31,0,Overnight,0.0,False,396.11,396.11,-463.25,False,0.0,False
2025-01-31,2025-02-03,2,Weekend,48.0,False,-257.96,-257.96,-86.46,False,0.0,False
2025-02-03,2025-02-04,0,Overnight,0.0,False,-33.39,-33.39,241.29,False,0.0,False
2025-02-04,2025-02-05,0,Overnight,0.0,False,-185.12,-185.12,170.94,False,0.0,False
2025-02-05,2025-02-06,0,Overnight,0.0,False,-50.89,-50.89,83.1,False,0.0,False
2025-02-06,2025-02-07,0,Overnight,0.0,False,-26.62,-26.62,-215.99,False,0.0,False
2025-02-07,2025-02-10,2,Weekend,48.0,False,84.86,95.75,-83.99,True,10.98,False
2025-02-10,2025-02-11,0,Overnight,0.0,False,24.13,24.13,191.84,False,0.0,False
2025-02-11,2025-02-12,0,Overnight,0.0,False,-61.23,-61.23,242.28,False,0.0,False
2025-02-12,2025-02-13,0,Overnight,0.0,False,1.69,1.69,193.13,False,0.0,False
2025-02-13,2025-02-14,0,Overnight,0.0,False,-11.6,-11.6,137.91,False,0.0,False
2025-02-14,2025-02-18,3,Long,72.0,False,-18.41,-18.41,13.1,False,0.0,False
2025-02-18,2025-02-19,0,Overnight,0.0,False,7.77,7.77,8.58,False,0.0,False
2025-02-19,2025-02-20,0,Overnight,0.0,False,2.86,2.86,36.27,False,0.0,False
2025-02-20,2025-02-21,0,Overnight,0.0,False,4.88,4.88,-16.28,False,0.0,False
2025-02-21,2025-02-24,2,Weekend,48.0,False,-25.28,-25.28,88.21,False,0.0,False
2025-02-24,2025-02-25,0,Overnight,0.0,False,36.36,36.36,-38.79,False,0.0,False
2025-02-25,2025-02-26,0,Overnight,0.0,False,-110.3,-110.3,-163.82,False,0.0,False
2025-02-26,2025-02-27,0,Overnight,0.0,False,-39.6,-39.6,-88.52,False,0.0,False
2025-02-27,2025-02-28,0,Overnight,0.0,False,-14.76,-14.76,204.27,False,0.0,False
2025-02-28,2025-03-03,2,Weekend,48.0,False,-2.07,-2.07,-156.73,False,0.0,False
2025-03-03,2025-03-04,0,Overnight,0.0,False,-13.45,-13.45,-75.16,False,0.0,False
2025-03-04,2025-03-05,0,Overnight,0.0,False,-21.64,-21.64,13.58,False,0.0,False
2025-03-05,2025-03-06,0,Overnight,0.0,False,-55.3,-55.3,37.89,False,0.0,False
2025-03-06,2025-03-07,0,Overnight,0.0,False,-9.35,-9.35,167.03,False,0.0,False
2025-03-07,2025-03-10,2,Weekend,47.0,False,-148.76,-148.76,-348.18,False,0.0,False
2025-03-10,2025-03-11,0,Overnight,0.0,False,-162.65,-162.65,-133.59,False,0.0,False
2025-03-11,2025-03-12,0,Overnight,0.0,False,-31.75,-31.75,-144.59,False,0.0,False
2025-03-12,2025-03-13,0,Overnight,0.0,False,-47.58,-47.58,-294.64,False,0.0,False
2025-03-13,2025-03-14,0,Overnight,0.0,False,74.6,74.6,105.48,False,0.0,False
2025-03-14,2025-03-17,2,Weekend,48.0,False,-8.44,-8.44,32.3,False,0.0,False
2025-03-17,2025-03-18,0,Overnight,0.0,False,7.47,7.47,-68.88,False,0.0,False
2025-03-18,2025-03-19,0,Overnight,0.0,False,71.68,71.68,47.5,False,0.0,False
2025-03-19,2025-03-20,0,Overnight,0.0,False,-58.24,-58.24,5.14,False,0.0,False
2025-03-20,2025-03-21,0,Overnight,0.0,False,-119.35,-119.35,312.24,False,0.0,False
2025-03-21,2025-03-24,2,Weekend,48.0,False,124.3,124.3,-12.22,False,0.0,False
2025-03-24,2025-03-25,0,Overnight,0.0,False,1.81,1.81,134.08,False,0.0,False
2025-03-25,2025-03-26,0,Overnight,0.0,False,-10.73,-10.73,-88.98,False,0.0,False
2025-03-26,2025-03-27,0,Overnight,0.0,False,-6.32,-6.32,110.5,False,0.0,False
2025-03-27,2025-03-28,0,Overnight,0.0,False,-97.86,-97.86,-171.54,False,0.0,False
2025-03-28,2025-03-31,2,Weekend,48.0,False,-40.93,-40.93,233.19,False,0.0,False
2025-03-31,2025-04-01,0,Overnight,0.0,False,-104.99,-104.99,152.6,False,0.0,False
2025-04-01,2025-04-02,0,Overnight,0.0,False,-84.14,-84.14,115.45,False,0.0,False
2025-04-02,2025-04-03,0,Overnight,0.0,False,-855.14,-855.14,-114.99,False,0.0,False
2025-04-03,2025-04-04,0,Overnight,0.0,False,-468.51,-468.51,-288.3,False,0.0,False
2025-04-04,2025-04-07,2,Weekend,48.0,False,-611.82,-611.82,237.56,False,0.0,False
2025-04-07,2025-04-08,0,Overnight,0.0,False,284.68,284.68,-795.7,False,0.0,False
2025-04-08,2025-04-09,0,Overnight,0.0,False,-27.3,-27.3,1453.47,False,0.0,False
2025-04-09,2025-04-10,0,Overnight,0.0,False,-504.33,-504.33,71.15,False,0.0,False
2025-04-10,2025-04-11,0,Overnight,0.0,False,-229.48,-229.48,627.4,False,0.0,False
2025-04-11,2025-04-14,2,Weekend,48.0,False,649.17,649.17,-431.03,False,0.0,False
2025-04-14,2025-04-15,0,Overnight,0.0,False,-32.64,-32.64,13.86,False,0.0,False
2025-04-15,2025-04-16,0,Overnight,0.0,False,-188.77,-188.77,-208.35,False,0.0,False
2025-04-16,2025-04-17,0,Overnight,0.0,False,149.69,149.69,-11.16,False,0.0,False
2025-04-17,2025-04-21,3,Long,72.0,False,-190.14,-190.14,-5.69,False,0.0,False
2025-04-21,2025-04-22,0,Overnight,0.0,False,152.08,152.08,182.9,False,0.0,False
2025-04-22,2025-04-23,0,Overnight,0.0,False,308.6,308.6,-68.19,False,0.0,False
2025-04-23,2025-04-24,0,Overnight,0.0,False,14.16,14.16,168.42,False,0.0,False
2025-04-24,2025-04-25,0,Overnight,0.0,False,-96.45,-96.45,140.02,False,0.0,False
2025-04-25,2025-04-28,2,Weekend,48.0,False,34.34,34.34,6.66,False,0.0,False
2025-04-28,2025-04-29,0,Overnight,0.0,False,-69.24,-69.24,120.03,False,0.0,False
2025-04-29,2025-04-30,0,Overnight,0.0,False,-90.84,-90.84,151.73,False,0.0,False
2025-04-30,2025-05-01,0,Overnight,0.0,False,-162.25,-162.25,200.76,False,0.0,False
2025-05-01,2025-05-02,0,Overnight,0.0,False,-344.8,-344.8,-35.97,False,0.0,False
2025-05-02,2025-05-05,2,Weekend,48.0,False,-110.17,-110.17,-209.47,False,0.0,False
2025-05-05,2025-05-06,0,Overnight,0.0,False,-34.25,-34.25,15.12,False,0.0,False
2025-05-06,2025-05-07,0,Overnight,0.0,False,33.19,33.19,-147.69,False,0.0,False
2025-05-07,2025-05-08,0,Overnight,0.0,False,74.63,74.63,-11.64,False,0.0,False
2025-05-08,2025-05-09,0,Overnight,0.0,False,76.17,76.17,-23.65,False,0.0,False
2025-05-09,2025-05-12,2,Weekend,48.0,False,607.76,620.07,-8.54,True,13.1,False
2025-05-12,2025-05-13,0,Overnight,0.0,False,-17.09,-17.09,118.1,False,0.0,False
2025-05-13,2025-05-14,0,Overnight,0.0,False,-23.51,-23.51,-4.71,False,0.0,False
2025-05-14,2025-05-15,0,Overnight,0.0,False,-65.21,-65.21,23.67,False,0.0,False
2025-05-15,2025-05-16,0,Overnight,0.0,False,42.94,42.94,-51.93,False,0.0,False
2025-05-16,2025-05-19,2,Weekend,48.0,False,-159.84,-159.84,41.76,False,0.0,False
2025-05-19,2025-05-20,0,Overnight,0.0,False,-53.31,-53.31,-39.08,False,0.0,False
2025-05-20,2025-05-21,0,Overnight,0.0,False,-82.03,-82.03,-151.26,False,0.0,False
2025-05-21,2025-05-22,0,Overnight,0.0,False,-68.52,-68.52,32.33,False,0.0,False
2025-05-22,2025-05-23,0,Overnight,0.0,False,-389.39,-389.39,82.28,False,0.0,False
2025-05-23,2025-05-27,3,Long,72.0,False,153.98,153.98,95.86,False,0.0,False
2025-05-27,2025-05-28,0,Overnight,0.0,False,18.96,18.96,-8.48,False,0.0,False
2025-05-28,2025-05-29,0,Overnight,0.0,False,156.44,156.44,-179.92,False,0.0,False
2025-05-29,2025-05-30,0,Overnight,0.0,False,-29.05,-29.05,73.96,False,0.0,False
2025-05-30,2025-06-02,2,Weekend,48.0,False,-28.42,-28.42,70.65,False,0.0,False
2025-06-02,2025-06-03,0,Overnight,0.0,False,-17.37,-17.37,94.9,False,0.0,False
2025-06-03,2025-06-04,0,Overnight,0.0,False,-17.73,-17.73,-4.44,False,0.0,False
2025-06-04,2025-06-05,0,Overnight,0.0,False,33.47,33.47,-142.04,False,0.0,False
2025-06-05,2025-06-06,0,Overnight,0.0,False,117.44,117.44,45.22,False,0.0,False
2025-06-06,2025-06-09,2,Weekend,48.0,False,23.02,23.02,-144.89,False,0.0,False
2025-06-09,2025-06-10,0,Overnight,0.0,False,-42.28,-42.28,102.66,False,0.0,False
2025-06-10,2025-06-11,0,Overnight,0.0,False,40.87,40.87,-234.67,False,0.0,False
2025-06-11,2025-06-12,0,Overnight,0.0,False,15.08,15.08,6.03,False,0.0,False
2025-06-12,2025-06-13,0,Overnight,0.0,False,26.57,26.57,-165.59,False,0.0,False
2025-06-13,2025-06-16,2,Weekend,48.0,False,43.17,43.17,56.61,False,0.0,False
2025-06-16,2025-06-17,0,Overnight,0.0,False,-61.68,-61.68,-79.42,False,0.0,False
2025-06-17,2025-06-18,0,Overnight,0.0,False,15.32,15.32,32.61,False,0.0,False
2025-06-18,2025-06-20,1,Short,24.0,False,84.09,84.09,138.26,False,0.0,False
2025-06-20,2025-06-23,2,Weekend,48.0,False,31.29,31.29,-6.45,False,0.0,False
2025-06-23,2025-06-24,0,Overnight,0.0,False,53.95,53.95,-113.68,False,0.0,False
2025-06-24,2025-06-25,0,Overnight,0.0,False,57.25,57.25,5.46,False,0.0,False
2025-06-25,2025-06-26,0,Overnight,0.0,False,-6.45,-6.45,-21.37,False,0.0,False
2025-06-26,2025-06-27,0,Overnight,0.0,False,44.18,44.18,-40.2,False,0.0,False
2025-06-27,2025-06-30,2,Weekend,48.0,False,46.14,46.14,155.22,False,0.0,False
2025-06-30,2025-07-01,0,Overnight,0.0,False,72.84,72.84,55.49,False,0.0,False
2025-07-01,2025-07-02,0,Overnight,0.0,False,52.31,52.31,167.56,False,0.0,False
2025-07-02,2025-07-03,0,Overnight,0.0,False,-13.66,-13.66,65.77,False,0.0,False
2025-07-03,2025-07-07,3,Long,72.0,True,-40.82,-40.82,-129.19,False,0.0,False
2025-07-07,2025-07-08,0,Overnight,0.0,False,7.14,7.14,-4.29,False,0.0,False
2025-07-08,2025-07-09,0,Overnight,0.0,False,-22.88,-22.88,76.54,False,0.0,False
2025-07-09,2025-07-10,0,Overnight,0.0,False,-29.88,-29.88,89.85,False,0.0,False
2025-07-10,2025-07-11,0,Overnight,0.0,False,-87.0,-87.0,27.98,False,0.0,False
2025-07-11,2025-07-14,2,Weekend,48.0,False,-58.42,-58.42,-62.6,False,0.0,False
2025-07-14,2025-07-15,0,Overnight,0.0,False,28.72,28.72,-5.26,False,0.0,False
2025-07-15,2025-07-16,0,Overnight,0.0,False,56.75,56.75,-6.66,False,0.0,False
2025-07-16,2025-07-17,0,Overnight,0.0,False,19.49,19.49,-26.15,False,0.0,False
2025-07-17,2025-07-18,0,Overnight,0.0,False,40.39,40.39,14.69,False,0.0,False
2025-07-18,2025-07-21,2,Weekend,48.0,False,43.47,43.47,17.9,False,0.0,False
2025-07-21,2025-07-22,0,Overnight,0.0,False,31.01,31.01,58.94,False,0.0,False
2025-07-22,2025-07-23,0,Overnight,0.0,False,27.95,27.95,-39.61,False,0.0,False
2025-07-23,2025-07-24,0,Overnight,0.0,False,-11.68,-11.68,-6.55,False,0.0,False
2025-07-24,2025-07-25,0,Overnight,0.0,False,43.88,43.88,-38.27,False,0.0,False
2025-07-25,2025-07-28,2,Weekend,48.0,False,7.01,7.01,0.93,False,0.0,False
2025-07-28,2025-07-29,0,Overnight,0.0,False,6.07,6.07,-136.8,False,0.0,False
2025-07-29,2025-07-30,0,Overnight,0.0,False,29.77,29.77,-135.41,False,0.0,False
2025-07-30,2025-07-31,0,Overnight,0.0,False,-26.82,-26.82,-44.22,False,0.0,False
2025-07-31,2025-08-01,0,Overnight,0.0,False,157.73,157.73,-410.95,False,0.0,False
2025-08-01,2025-08-04,2,Weekend,48.0,False,104.7,104.7,-56.88,False,0.0,False
2025-08-04,2025-08-05,0,Overnight,0.0,False,2.46,2.46,-23.63,False,0.0,False
2025-08-05,2025-08-06,0,Overnight,0.0,False,132.67,132.67,363.87,False,0.0,False
2025-08-06,2025-08-07,0,Overnight,0.0,False,260.58,260.58,52.4,False,0.0,False
2025-08-07,2025-08-08,0,Overnight,0.0,False,36.29,36.29,378.56,False,0.0,False
2025-08-08,2025-08-11,2,Weekend,48.0,False,-62.55,-51.14,-32.52,True,11.34,False
2025-08-11,2025-08-12,0,Overnight,0.0,False,36.47,36.47,71.67,False,0.0,False
2025-08-12,2025-08-13,0,Overnight,0.0,False,61.64,61.64,97.33,False,0.0,False
2025-08-13,2025-08-14,0,Overnight,0.0,False,31.24,31.24,-54.84,False,0.0,False
2025-08-14,2025-08-15,0,Overnight,0.0,False,52.27,52.27,-103.53,False,0.0,False
2025-08-15,2025-08-18,2,Weekend,48.0,False,4.75,4.75,-35.02,False,0.0,False
2025-08-18,2025-08-19,0,Overnight,0.0,False,16.88,16.88,-31.18,False,0.0,False
2025-08-19,2025-08-20,0,Overnight,0.0,False,-25.19,-25.19,-174.13,False,0.0,False
2025-08-20,2025-08-21,0,Overnight,0.0,False,11.5,11.5,-60.73,False,0.0,False
2025-08-21,2025-08-22,0,Overnight,0.0,False,56.31,56.31,70.06,False,0.0,False
2025-08-22,2025-08-25,2,Weekend,48.0,False,-56.36,-56.36,29.98,False,0.0,False
2025-08-25,2025-08-26,0,Overnight,0.0,False,-12.77,-12.77,106.98,False,0.0,False
2025-08-26,2025-08-27,0,Overnight,0.0,False,-30.57,-30.57,81.9,False,0.0,False
2025-08-27,2025-08-28,0,Overnight,0.0,False,14.31,14.31,75.1,False,0.0,False
2025-08-28,2025-08-29,0,Overnight,0.0,False,-2.15,-2.15,-15.93,False,0.0,False
2025-08-29,2025-09-02,3,Long,72.0,False,-125.28,-125.28,20.48,False,0.0,False
2025-09-02,2025-09-03,0,Overnight,0.0,False,320.85,320.85,52.98,False,0.0,False
2025-09-03,2025-09-04,0,Overnight,0.0,False,-0.84,-0.84,55.62,False,0.0,False
2025-09-04,2025-09-05,0,Overnight,0.0,False,9.17,9.17,-12.92,False,0.0,False
2025-09-05,2025-09-08,2,Weekend,48.0,False,-16.28,-16.28,-59.52,False,0.0,False
2025-09-08,2025-09-09,0,Overnight,0.0,False,-37.06,-37.06,-112.44,False,0.0,False
2025-09-09,2025-09-10,0,Overnight,0.0,False,-92.6,-92.6,-235.32,False,0.0,False
2025-09-10,2025-09-11,0,Overnight,0.0,False,3.97,3.97,137.88,False,0.0,False
2025-09-11,2025-09-12,0,Overnight,0.0,False,-35.27,-35.27,209.38,False,0.0,False
2025-09-12,2025-09-15,2,Weekend,48.0,False,124.4,124.4,-12.67,False,0.0,False
2025-09-15,2025-09-16,0,Overnight,0.0,False,20.26,20.26,40.81,False,0.0,False
2025-09-16,2025-09-17,0,Overnight,0.0,False,34.37,34.37,0.84,False,0.0,False
2025-09-17,2025-09-18,0,Overnight,0.0,False,40.92,40.92,-87.48,False,0.0,False
2025-09-18,2025-09-19,0,Overnight,0.0,False,139.84,139.84,175.46,False,0.0,False
2025-09-19,2025-09-22,2,Weekend,48.0,False,113.41,113.41,308.52,False,0.0,False
2025-09-22,2025-09-23,0,Overnight,0.0,False,-7.81,-7.81,-56.83,False,0.0,False
2025-09-23,2025-09-24,0,Overnight,0.0,False,31.0,31.0,-114.67,False,0.0,False
2025-09-24,2025-09-25,0,Overnight,0.0,False,35.61,35.61,143.51,False,0.0,False
2025-09-25,2025-09-26,0,Overnight,0.0,False,-108.42,-108.42,53.38,False,0.0,False
2025-09-26,2025-09-29,2,Weekend,48.0,False,-35.29,-35.29,-5.11,False,0.0,False
2025-09-29,2025-09-30,0,Overnight,0.0,False,16.89,16.89,-9.03,False,0.0,False
2025-09-30,2025-10-01,0,Overnight,0.0,False,16.09,16.09,16.06,False,0.0,False
2025-10-01,2025-10-02,0,Overnight,0.0,False,44.14,44.14,21.41,False,0.0,False
2025-10-02,2025-10-03,0,Overnight,0.0,False,-96.13,-96.13,130.68,False,0.0,False
2025-10-03,2025-10-06,2,Weekend,48.0,False,-1.16,-1.16,-50.52,False,0.0,False
2025-10-06,2025-10-07,0,Overnight,0.0,False,4.67,4.67,-12.86,False,0.0,False
2025-10-07,2025-10-08,0,Overnight,0.0,False,1.56,1.56,59.86,False,0.0,False
2025-10-08,2025-10-09,0,Overnight,0.0,False,-9.69,-9.69,-147.31,False,0.0,False
2025-10-09,2025-10-10,0,Overnight,0.0,False,35.37,35.37,-386.69,False,0.0,False
2025-10-10,2025-10-13,2,Weekend,48.0,False,166.18,166.18,-69.21,False,0.0,False
2025-10-13,2025-10-14,0,Overnight,0.0,False,-42.89,-42.89,47.33,False,0.0,False
2025-10-14,2025-10-15,0,Overnight,0.0,False,69.18,69.18,-6.01,False,0.0,False
2025-10-15,2025-10-16,0,Overnight,0.0,False,-43.81,-43.81,-32.28,False,0.0,False
2025-10-16,2025-10-17,0,Overnight,0.0,False,23.01,23.01,170.7,False,0.0,False
2025-10-17,2025-10-20,2,Weekend,48.0,False,141.68,141.68,245.12,False,0.0,False
2025-10-20,2025-10-21,0,Overnight,0.0,False,-13.74,-13.74,33.93,False,0.0,False
2025-10-21,2025-10-22,0,Overnight,0.0,False,-4.57,-4.57,-161.2,False,0.0,False
2025-10-22,2025-10-23,0,Overnight,0.0,False,57.49,57.49,-13.86,False,0.0,False
2025-10-23,2025-10-24,0,Overnight,0.0,False,61.83,61.83,62.21,False,0.0,False
2025-10-24,2025-10-27,2,Weekend,48.0,False,78.07,78.07,147.28,False,0.0,False
2025-10-27,2025-10-28,0,Overnight,0.0,False,6.69,6.69,0.37,False,0.0,False
2025-10-28,2025-10-29,0,Overnight,0.0,False,10.4,10.4,15.59,False,0.0,False
2025-10-29,2025-10-30,0,Overnight,0.0,False,84.55,84.55,-21.72,False,0.0,False
2025-10-30,2025-10-31,0,Overnight,0.0,False,203.88,203.88,-241.9,False,0.0,False
2025-10-31,2025-11-03,2,Weekend,49.0,False,1.85,1.85,-50.79,False,0.0,False
2025-11-03,2025-11-04,0,Overnight,0.0,False,-26.8,-26.8,63.53,False,0.0,False
2025-11-04,2025-11-05,0,Overnight,0.0,False,-53.1,-53.1,56.8,False,0.0,False
2025-11-05,2025-11-06,0,Overnight,0.0,False,-83.64,-83.64,69.93,False,0.0,False
2025-11-06,2025-11-07,0,Overnight,0.0,False,1.11,1.11,-49.42,False,0.0,False
2025-11-07,2025-11-10,2,Weekend,48.0,False,18.23,27.9,17.46,True,9.68,False
2025-11-10,2025-11-11,0,Overnight,0.0,False,14.09,14.09,199.62,False,0.0,False
2025-11-11,2025-11-12,0,Overnight,0.0,False,-9.09,-9.09,-55.79,False,0.0,False
2025-11-12,2025-11-13,0,Overnight,0.0,False,23.38,23.38,-42.41,False,0.0,False
2025-11-13,2025-11-14,0,Overnight,0.0,False,-69.85,-69.85,50.05,False,0.0,False
2025-11-14,2025-11-17,2,Weekend,48.0,False,-132.66,-132.66,-50.72,False,0.0,False
2025-11-17,2025-11-18,0,Overnight,0.0,False,94.15,94.15,-94.9,False,0.0,False
2025-11-18,2025-11-19,0,Overnight,0.0,False,-71.67,-71.67,113.47,False,0.0,False
2025-11-19,2025-11-20,0,Overnight,0.0,False,84.17,84.17,-170.56,False,0.0,False
2025-11-20,2025-11-21,0,Overnight,0.0,False,-11.27,-11.27,206.17,False,0.0,False
2025-11-21,2025-11-24,2,Weekend,48.0,False,-21.76,-21.76,183.61,False,0.0,False
2025-11-24,2025-11-25,0,Overnight,0.0,False,-23.59,-23.59,61.57,False,0.0,False
2025-11-25,2025-11-26,0,Overnight,0.0,False,-0.36,-0.36,21.28,False,0.0,False
2025-11-26,2025-11-28,1,Short,24.0,False,-10.45,-10.45,57.18,False,0.0,False
2025-11-28,2025-12-01,2,Weekend,48.0,True,-30.17,-30.17,181.43,False,0.0,False
2025-12-01,2025-12-02,0,Overnight,0.0,False,-3.53,-3.53,112.09,False,0.0,False
2025-12-02,2025-12-03,0,Overnight,0.0,False,0.35,0.35,-71.89,False,0.0,False
2025-12-03,2025-12-04,0,Overnight,0.0,False,-1.76,-1.76,-120.4,False,0.0,False
2025-12-04,2025-12-05,0,Overnight,0.0,False,-5.7,-5.7,-62.93,False,0.0,False
2025-12-05,2025-12-08,2,Weekend,48.0,False,-23.34,-23.34,-8.63,False,0.0,False
2025-12-08,2025-12-09,0,Overnight,0.0,False,9.71,9.71,-35.29,False,0.0,False
2025-12-09,2025-12-10,0,Overnight,0.0,False,20.54,20.54,37.02,False,0.0,False
2025-12-10,2025-12-11,0,Overnight,0.0,False,11.47,11.47,-38.41,False,0.0,False
2025-12-11,2025-12-12,0,Overnight,0.0,False,-4.68,-4.68,13.66,False,0.0,False
2025-12-12,2025-12-15,2,Weekend,48.0,False,66.97,66.97,-217.96,False,0.0,False
2025-12-15,2025-12-16,0,Overnight,0.0,False,-47.17,-47.17,65.4,False,0.0,False
2025-12-16,2025-12-17,0,Overnight,0.0,False,14.56,14.56,-115.94,False,0.0,False
2025-12-17,2025-12-18,0,Overnight,0.0,False,64.9,64.9,-52.03,False,0.0,False
2025-12-18,2025-12-19,0,Overnight,0.0,False,-1.47,-1.47,55.7,False,0.0,False
2025-12-19,2025-12-22,2,Weekend,48.0,False,-29.64,-29.64,-69.51,False,0.0,False
2025-12-22,2025-12-23,0,Overnight,0.0,False,-4.8,-4.8,55.96,False,0.0,False
2025-12-23,2025-12-24,0,Overnight,0.0,False,-0.73,-0.73,53.83,False,0.0,False
2025-12-24,2025-12-26,1,Short,24.0,True,12.77,12.77,-27.76,False,0.0,False
2025-12-26,2025-12-29,2,Weekend,48.0,False,-26.0,-26.0,39.16,False,0.0,False
2025-12-29,2025-12-30,0,Overnight,0.0,False,-34.76,-34.76,9.89,False,0.0,False
2025-12-30,2025-12-31,0,Overnight,0.0,False,-0.73,-0.73,-44.04,False,0.0,False
2025-12-31,2026-01-02,1,Short,24.0,False,14.7,14.7,-46.02,False,0.0,False
2026-01-02,2026-01-05,2,Weekend,48.0,False,-13.66,-13.66,-125.68,False,0.0,False
2026-01-05,2026-01-06,0,Overnight,0.0,False,-9.73,-9.73,-175.31,False,0.0,False
2026-01-06,2026-01-07,0,Overnight,0.0,False,31.97,31.97,-109.64,False,0.0,False
2026-01-07,2026-01-08,0,Overnight,0.0,False,-127.96,-127.96,78.29,False,0.0,False
2026-01-08,2026-01-09,0,Overnight,0.0,False,1.54,1.54,11.19,False,0.0,False
2026-01-09,2026-01-12,2,Weekend,48.0,False,-8.1,-8.1,41.97,False,0.0,False
2026-01-12,2026-01-13,0,Overnight,0.0,False,-58.96,-58.96,89.66,False,0.0,False
2026-01-13,2026-01-14,0,Overnight,0.0,False,-59.94,-59.94,18.1,False,0.0,False
2026-01-14,2026-01-15,0,Overnight,0.0,False,26.51,26.51,-94.05,False,0.0,False
2026-01-15,2026-01-16,0,Overnight,0.0,False,-12.01,-12.01,-92.32,False,0.0,False
2026-01-16,2026-01-20,3,Long,72.0,False,-110.18,-110.18,-241.49,False,0.0,False
2026-01-20,2026-01-21,0,Overnight,0.0,False,80.74,80.74,-42.31,False,0.0,False
2026-01-21,2026-01-22,0,Overnight,0.0,False,62.39,62.39,-34.17,False,0.0,False
2026-01-22,2026-01-23,0,Overnight,0.0,False,-41.56,-41.56,29.07,False,0.0,False
2026-01-23,2026-01-26,2,Weekend,48.0,False,137.73,137.73,155.07,False,0.0,False
2026-01-26,2026-01-27,0,Overnight,0.0,False,146.14,146.14,-34.79,False,0.0,False
2026-01-27,2026-01-28,0,Overnight,0.0,False,-24.03,-24.03,-47.07,False,0.0,False
2026-01-28,2026-01-29,0,Overnight,0.0,False,60.65,60.65,10.85,False,0.0,False
2026-01-29,2026-01-30,0,Overnight,0.0,False,-121.14,-121.14,167.5,False,0.0,False
2026-01-30,2026-02-02,2,Weekend,48.0,False,21.17,21.17,376.62,False,0.0,False
2026-02-02,2026-02-03,0,Overnight,0.0,False,-30.04,-30.04,10.4,False,0.0,False
2026-02-03,2026-02-04,0,Overnight,0.0,False,103.73,103.73,153.07,False,0.0,False
2026-02-04,2026-02-05,0,Overnight,0.0,False,59.14,59.14,-80.14,False,0.0,False
2026-02-05,2026-02-06,0,Overnight,0.0,False,43.76,43.76,36.02,False,0.0,False
2026-02-06,2026-02-09,2,Weekend,48.0,False,-7.55,1.8,-119.09,True,9.35,False
2026-02-09,2026-02-10,0,Overnight,0.0,False,9.83,9.83,-44.12,False,0.0,False
2026-02-10,2026-02-11,0,Overnight,0.0,False,37.2,37.2,29.08,False,0.0,False
2026-02-11,2026-02-12,0,Overnight,0.0,False,3.27,3.27,-516.01,False,0.0,False
2026-02-12,2026-02-13,0,Overnight,0.0,False,10.69,10.69,-240.65,False,0.0,False
2026-02-13,2026-02-17,3,Long,72.0,False,88.36,88.36,223.41,False,0.0,False
2026-02-17,2026-02-18,0,Overnight,0.0,False,-10.62,-10.62,28.41,False,0.0,False
2026-02-18,2026-02-19,0,Overnight,0.0,False,-66.42,-66.42,-77.22,False,0.0,False
2026-02-19,2026-02-20,0,Overnight,0.0,False,-61.98,-61.98,214.31,False,0.0,False
2026-02-20,2026-02-23,2,Weekend,48.0,False,-41.28,-41.28,101.57,False,0.0,False
2026-02-23,2026-02-24,0,Overnight,0.0,False,62.92,62.92,158.52,False,0.0,False
2026-02-24,2026-02-25,0,Overnight,0.0,False,-13.24,-13.24,89.74,False,0.0,False
2026-02-25,2026-02-26,0,Overnight,0.0,False,26.22,26.22,-73.01,False,0.0,False
2026-02-26,2026-02-27,0,Overnight,0.0,False,-5.13,-5.13,-321.45,False,0.0,False
2026-02-27,2026-03-02,2,Weekend,48.0,False,-67.22,-67.22,87.64,False,0.0,False
2026-03-02,2026-03-03,0,Overnight,0.0,False,-46.95,-46.95,10.24,False,0.0,False
2026-03-03,2026-03-04,0,Overnight,0.0,False,34.06,34.06,-80.81,False,0.0,False
2026-03-04,2026-03-05,0,Overnight,0.0,False,-66.12,-66.12,-19.19,False,0.0,False
2026-03-05,2026-03-06,0,Overnight,0.0,False,-63.98,-63.98,-45.34,False,0.0,False
2026-03-06,2026-03-09,2,Weekend,47.0,False,-68.99,-68.99,162.54,False,0.0,False
2026-03-09,2026-03-10,0,Overnight,0.0,False,-86.18,-86.18,122.67,False,0.0,False
2026-03-10,2026-03-11,0,Overnight,0.0,False,9.96,9.96,-10.73,False,0.0,False
2026-03-11,2026-03-12,0,Overnight,0.0,False,-82.78,-82.78,-112.75,False,0.0,False
2026-03-12,2026-03-13,0,Overnight,0.0,False,-10.95,-10.95,-212.03,False,0.0,False
2026-03-13,2026-03-16,2,Weekend,48.0,False,79.25,79.25,28.12,False,0.0,False
2026-03-16,2026-03-17,0,Overnight,0.0,False,5.54,5.54,50.08,False,0.0,False
2026-03-17,2026-03-18,0,Overnight,0.0,False,-63.13,-63.13,-107.05,False,0.0,False
2026-03-18,2026-03-19,0,Overnight,0.0,False,-21.63,-21.63,-17.66,False,0.0,False
2026-03-19,2026-03-20,0,Overnight,0.0,False,-39.44,-39.44,0.4,False,0.0,False
2026-03-20,2026-03-23,2,Weekend,48.0,False,238.28,238.28,-98.13,False,0.0,False
2026-03-23,2026-03-24,0,Overnight,0.0,False,-45.43,-45.43,51.4,False,0.0,False
2026-03-24,2026-03-25,0,Overnight,0.0,False,97.28,97.28,-58.42,False,0.0,False
2026-03-25,2026-03-26,0,Overnight,0.0,False,-19.81,-19.81,30.49,False,0.0,False
2026-03-26,2026-03-27,0,Overnight,0.0,False,39.86,39.86,-202.91,False,0.0,False
2026-03-27,2026-03-30,2,Weekend,48.0,False,50.92,50.92,-138.52,False,0.0,False
2026-03-30,2026-03-31,0,Overnight,0.0,False,51.77,51.77,234.41,False,0.0,False
2026-03-31,2026-04-01,0,Overnight,0.0,False,11.42,11.42,60.82,False,0.0,False
2026-04-01,2026-04-02,0,Overnight,0.0,False,-56.1,-56.1,67.44,False,0.0,False
2026-04-02,2026-04-06,3,Long,72.0,False,23.03,23.03,91.2,False,0.0,False
2026-04-06,2026-04-07,0,Overnight,0.0,False,-104.85,-104.85,-104.38,False,0.0,False
2026-04-07,2026-04-08,0,Overnight,0.0,False,193.38,193.38,17.4,False,0.0,False
2026-04-08,2026-04-09,0,Overnight,0.0,False,3.86,3.86,57.36,False,0.0,False
2026-04-09,2026-04-10,0,Overnight,0.0,False,-19.6,-19.6,19.21,False,0.0,False
2026-04-10,2026-04-13,2,Weekend,48.0,False,-28.83,-28.83,-20.43,False,0.0,False
2026-04-13,2026-04-14,0,Overnight,0.0,False,1.93,1.93,-16.21,False,0.0,False
2026-04-14,2026-04-15,0,Overnight,0.0,False,-25.92,-25.92,315.32,False,0.0,False
2026-04-15,2026-04-16,0,Overnight,0.0,False,13.88,13.88,-128.26,False,0.0,False
2026-04-16,2026-04-17,0,Overnight,0.0,False,134.25,134.25,121.75,False,0.0,False
2026-04-17,2026-04-20,2,Weekend,48.0,False,3.7,3.7,100.11,False,0.0,False
2026-04-20,2026-04-21,0,Overnight,0.0,False,-56.93,-56.93,-198.27,False,0.0,False
2026-04-21,2026-04-22,0,Overnight,0.0,False,61.8,61.8,197.79,False,0.0,False
2026-04-22,2026-04-23,0,Overnight,0.0,False,68.58,68.58,-59.07,False,0.0,False
2026-04-23,2026-04-24,0,Overnight,0.0,False,-24.53,-24.53,-62.52,False,0.0,False
2026-04-24,2026-04-27,2,Weekend,48.0,False,-185.06,-185.06,56.96,False,0.0,False
2026-04-27,2026-04-28,0,Overnight,0.0,False,175.21,175.21,-60.03,False,0.0,False
2026-04-28,2026-04-29,0,Overnight,0.0,False,-117.42,-117.42,97.45,False,0.0,False
2026-04-29,2026-04-30,0,Overnight,0.0,False,12.21,12.21,31.37,False,0.0,False
2026-04-30,2026-05-01,0,Overnight,0.0,False,273.0,273.0,45.8,False,0.0,False
2026-05-01,2026-05-04,2,Weekend,48.0,False,-17.15,-17.15,-101.71,False,0.0,False
2026-05-04,2026-05-05,0,Overnight,0.0,False,3.61,3.61,258.43,False,0.0,False
2026-05-05,2026-05-06,0,Overnight,0.0,False,-79.84,-79.84,196.34,False,0.0,False
2026-05-06,2026-05-07,0,Overnight,0.0,False,61.03,61.03,-63.46,False,0.0,False
2026-05-07,2026-05-08,0,Overnight,0.0,False,89.01,89.01,113.49,False,0.0,False
2026-05-08,2026-05-11,2,Weekend,48.0,False,-45.79,-36.55,23.94,True,9.2,False
2026-05-11,2026-05-12,0,Overnight,0.0,False,-4.1,-4.1,76.27,False,0.0,False
2026-05-12,2026-05-13,0,Overnight,0.0,False,-44.19,-44.19,181.31,False,0.0,False
2026-05-13,2026-05-14,0,Overnight,0.0,False,31.74,31.74,-53.84,False,0.0,False
2026-05-14,2026-05-15,0,Overnight,0.0,False,-10.4,-10.4,77.91,False,0.0,False
2026-05-15,2026-05-18,2,Weekend,48.0,False,0.33,0.33,-80.26,False,0.0,False
2026-05-18,2026-05-19,0,Overnight,0.0,False,-29.25,-29.25,67.12,False,0.0,False
2026-05-19,2026-05-20,0,Overnight,0.0,False,-26.46,-26.46,135.57,False,0.0,False
2026-05-20,2026-05-21,0,Overnight,0.0,False,-39.45,-39.45,129.69,False,0.0,False
2026-05-21,2026-05-22,0,Overnight,0.0,False,36.98,36.98,87.81,False,0.0,False
2026-05-22,2026-05-26,3,Long,72.0,False,23.93,23.93,-39.81,False,0.0,False
2026-05-26,2026-05-27,0,Overnight,0.0,False,0.0,0.0,81.4,False,0.0,False
2026-05-27,2026-05-28,0,Overnight,0.0,False,-5.47,-5.47,58.73,False,0.0,False
2026-05-28,2026-05-29,0,Overnight,0.0,False,-23.39,-23.39,8.98,False,0.0,False
2026-05-29,2026-06-01,2,Weekend,48.0,False,-78.17,-78.17,-107.8,False,0.0,False
2026-06-01,2026-06-02,0,Overnight,0.0,False,37.47,37.47,248.62,False,0.0,False
2026-06-02,2026-06-03,0,Overnight,0.0,False,-32.41,-32.41,-125.55,False,0.0,False
2026-06-03,2026-06-04,0,Overnight,0.0,False,95.27,95.27,-64.06,False,0.0,False
2026-06-04,2026-06-05,0,Overnight,0.0,False,52.24,52.24,-178.01,False,0.0,False
2026-06-05,2026-06-08,2,Weekend,48.0,False,45.45,45.45,-235.97,False,0.0,False
2026-06-08,2026-06-09,0,Overnight,0.0,False,-41.87,-41.87,-329.4,False,0.0,False
2026-06-09,2026-06-10,0,Overnight,0.0,False,6.54,6.54,28.85,False,0.0,False
2026-06-10,2026-06-11,0,Overnight,0.0,False,73.13,73.13,64.82,False,0.0,False
2026-06-11,2026-06-12,0,Overnight,0.0,False,13.52,13.52,-166.91,False,0.0,False
2026-06-12,2026-06-15,2,Weekend,48.0,False,102.18,102.18,77.9,False,0.0,False
2026-06-15,2026-06-16,0,Overnight,0.0,False,-39.55,-39.55,134.23,False,0.0,False
2026-06-16,2026-06-17,0,Overnight,0.0,False,53.66,53.66,-164.21,False,0.0,False
2026-06-17,2026-06-18,0,Overnight,0.0,False,72.72,72.72,-3.35,False,0.0,False
2026-06-18,2026-06-22,3,Long,72.0,False,-23.52,-23.52,-10.1,False,0.0,False
2026-06-22,2026-06-23,0,Overnight,0.0,False,17.83,17.83,-109.49,False,0.0,False
2026-06-23,2026-06-24,0,Overnight,0.0,False,35.95,35.95,-77.49,False,0.0,False
2026-06-24,2026-06-25,0,Overnight,0.0,False,-195.71,-195.71,-435.59,False,0.0,False
2026-06-25,2026-06-26,0,Overnight,0.0,False,-5.45,-5.45,314.28,False,0.0,False
2026-06-26,2026-06-29,2,Weekend,48.0,False,103.42,103.42,-175.56,False,0.0,False
2026-06-29,2026-06-30,0,Overnight,0.0,False,-20.25,-20.25,287.12,False,0.0,False
2026-06-30,2026-07-01,0,Overnight,0.0,False,140.02,140.02,31.98,False,0.0,False
2026-07-01,2026-07-02,0,Overnight,0.0,False,-8.84,-8.84,481.55,False,0.0,False
2026-07-02,2026-07-06,3,Long,72.0,False,-41.24,-41.24,170.97,False,0.0,False
2026-07-06,2026-07-07,0,Overnight,0.0,False,83.77,83.77,-147.94,False,0.0,False
2026-07-07,2026-07-08,0,Overnight,0.0,False,40.16,40.16,47.34,False,0.0,False
2026-07-08,2026-07-09,0,Overnight,0.0,False,-92.32,-92.32,182.22,False,0.0,False
2026-07-09,2026-07-10,0,Overnight,0.0,False,-47.55,-47.55,19.05,False,0.0,False
2026-07-10,2026-07-13,2,Weekend,48.0,False,53.77,53.77,9.14,False,0.0,False
2026-07-13,2026-07-14,0,Overnight,0.0,False,-112.51,-112.51,35.0,False,0.0,False
2026-07-14,2026-07-15,0,Overnight,0.0,False,87.28,87.28,306.32,False,0.0,False
2026-07-15,2026-07-16,0,Overnight,0.0,False,15.56,15.56,158.79,False,0.0,False
2026-07-16,2026-07-17,0,Overnight,0.0,False,-38.48,-38.48,52.87,False,0.0,False
2026-07-17,2026-07-20,2,Weekend,48.0,False,-6.89,-6.89,-209.67,False,0.0,False
2026-07-20,2026-07-21,0,Overnight,0.0,False,-106.51,-106.51,141.66,False,0.0,False
2026-07-21,2026-07-22,0,Overnight,0.0,False,3.97,3.97,-60.57,False,0.0,False
2026-07-22,2026-07-23,0,Overnight,0.0,False,-128.47,-128.47,-2.18,False,0.0,False
2026-07-23,2026-07-24,0,Overnight,0.0,False,4.04,4.04,343.03,False,0.0,False
2026-07-24,2026-07-27,2,Weekend,48.0,False,45.54,45.54,70.59,False,0.0,False
2026-07-27,2026-07-28,0,Overnight,0.0,False,92.18,92.18,1.47,False,0.0,False
2026-07-28,2026-07-29,0,Overnight,0.0,False,-10.3,-10.3,-45.43,False,0.0,False
2026-07-29,2026-07-30,0,Overnight,0.0,False,-151.65,-151.65,9.9,False,0.0,False
2026-07-30,2026-07-31,0,Overnight,0.0,False,-897.44,-897.44,133.61,False,0.0,False
2026-07-31,2026-08-03,2,Weekend,48.0,False,21.67,21.67,-200.98,False,0.0,False
2026-08-03,2026-08-04,0,Overnight,0.0,False,-22.77,-22.77,217.29,False,0.0,False
2026-08-04,2026-08-05,0,Overnight,0.0,False,-0.65,-0.65,52.87,False,0.0,False
2026-08-05,2026-08-06,0,Overnight,0.0,False,106.82,106.82,-61.59,False,0.0,False
2026-08-06,2026-08-07,0,Overnight,0.0,False,-30.78,-30.78,60.18,False,0.0,False
2026-08-07,2026-08-10,2,Weekend,48.0,False,-209.63,-200.84,46.5,True,8.62,False
2026-08-10,2026-08-11,0,Overnight,0.0,False,-16.56,-16.56,-92.71,False,0.0,False
2026-08-11,2026-08-12,0,Overnight,0.0,False,6.23,6.23,-93.85,False,0.0,False
2026-08-12,2026-08-13,0,Overnight,0.0,False,64.64,64.64,34.46,False,0.0,False
2026-08-13,2026-08-14,0,Overnight,0.0,False,24.21,24.21,-2.29,False,0.0,False
2026-08-14,2026-08-17,2,Weekend,48.0,False,9.15,9.15,-20.27,False,0.0,False
2026-08-17,2026-08-18,0,Overnight,0.0,False,64.91,64.91,79.34,False,0.0,False
2026-08-18,2026-08-19,0,Overnight,0.0,False,3.55,3.55,213.41,False,0.0,False
2026-08-19,2026-08-20,0,Overnight,0.0,False,19.86,19.86,-195.95,False,0.0,False
2026-08-20,2026-08-21,0,Overnight,0.0,False,24.06,24.06,-86.9,False,0.0,False
2026-08-21,2026-08-24,2,Weekend,48.0,False,68.3,68.3,-36.35,False,0.0,False
2026-08-24,2026-08-25,0,Overnight,0.0,False,14.49,14.49,-28.68,False,0.0,False
2026-08-25,2026-08-26,0,Overnight,0.0,False,12.9,12.9,101.0,False,0.0,False
2026-08-26,2026-08-27,0,Overnight,0.0,False,-92.95,-92.95,128.93,False,0.0,False
2026-08-27,2026-08-28,0,Overnight,0.0,False,71.9,71.9,89.55,False,0.0,False
2026-08-28,2026-08-31,2,Weekend,48.0,False,-3.13,-3.13,-86.42,False,0.0,False
2026-08-31,2026-09-01,0,Overnight,0.0,False,4.1,4.1,253.86,False,0.0,False
2026-09-01,2026-09-02,0,Overnight,0.0,False,53.37,53.37,-58.6,False,0.0,False
2026-09-02,2026-09-03,0,Overnight,0.0,False,-2.77,-2.77,102.29,False,0.0,False
2026-09-03,2026-09-04,0,Overnight,0.0,False,3.05,3.05,-257.31,False,0.0,False
2026-09-04,2026-09-08,3,Long,72.0,False,-90.1,-90.1,-27.79,False,0.0,False
2026-09-08,2026-09-09,0,Overnight,0.0,False,-23.11,-23.11,-4.76,False,0.0,False
2026-09-09,2026-09-10,0,Overnight,0.0,False,42.09,42.09,307.84,False,0.0,False
2026-09-10,2026-09-11,0,Overnight,0.0,False,26.91,26.91,146.12,False,0.0,False
2026-09-11,2026-09-14,2,Weekend,48.0,False,75.56,75.56,-51.21,False,0.0,False
2026-09-14,2026-09-15,0,Overnight,0.0,False,-88.66,-88.66,36.28,False,0.0,False
2026-09-15,2026-09-16,0,Overnight,0.0,False,35.85,35.85,-3.61,False,0.0,False
2026-09-16,2026-09-17,0,Overnight,0.0,False,70.75,70.75,66.39,False,0.0,False
2026-09-17,2026-09-18,0,Overnight,0.0,False,26.97,26.97,-52.82,False,0.0,False
2026-09-18,2026-09-21,2,Weekend,48.0,False,-25.32,-25.32,109.75,False,0.0,False
2026-09-21,2026-09-22,0,Overnight,0.0,False,34.16,34.16,-11.47,False,0.0,False
2026-09-22,2026-09-23,0,Overnight,0.0,False,39.07,39.07,-119.75,False,0.0,False
2026-09-23,2026-09-24,0,Overnight,0.0,False,-8.91,-8.91,-23.79,False,0.0,False
2026-09-24,2026-09-25,0,Overnight,0.0,False,3.57,3.57,148.58,False,0.0,False
2026-09-25,2026-09-28,2,Weekend,48.0,False,-20.55,-20.55,-58.05,False,0.0,False
2026-09-28,2026-09-29,0,Overnight,0.0,False,-42.35,-42.35,-227.21,False,0.0,False
2026-09-29,2026-09-30,0,Overnight,0.0,False,42.41,42.41,66.89,False,0.0,False
2026-09-30,2026-10-01,0,Overnight,0.0,False,-91.1,-91.1,9.69,False,0.0,False
