d1,d2,n_closed,cls,hours,d1_early_close,gap_bps,gap_divneutral_bps,oc_bps,exdiv,div_bps,split
2010-01-04,2010-01-05,0,Overnight,0.0,False,-35.16,-35.16,93.99,False,0.0,False
2010-01-05,2010-01-06,0,Overnight,0.0,False,-6.68,-6.68,-176.13,False,0.0,False
2010-01-06,2010-01-07,0,Overnight,0.0,False,-18.16,-18.16,-153.43,False,0.0,False
2010-01-07,2010-01-08,0,Overnight,0.0,False,42.98,42.98,224.18,False,0.0,False
2010-01-08,2010-01-11,2,Weekend,48.0,False,-67.63,-67.63,-175.72,False,0.0,False
2010-01-11,2010-01-12,0,Overnight,0.0,False,-101.81,-101.81,-127.96,False,0.0,False
2010-01-12,2010-01-13,0,Overnight,0.0,False,43.1,43.1,94.16,False,0.0,False
2010-01-13,2010-01-14,0,Overnight,0.0,False,2.32,2.32,-139.58,False,0.0,False
2010-01-14,2010-01-15,0,Overnight,0.0,False,142.68,142.68,-159.18,False,0.0,False
2010-01-15,2010-01-19,3,Long,72.0,False,-65.5,-65.5,102.4,False,0.0,False
2010-01-19,2010-01-20,0,Overnight,0.0,False,-37.69,-37.69,-106.76,False,0.0,False
2010-01-20,2010-01-21,0,Overnight,0.0,False,116.98,116.98,-50.42,False,0.0,False
2010-01-21,2010-01-22,0,Overnight,0.0,False,-80.88,-80.88,-337.64,False,0.0,False
2010-01-22,2010-01-25,2,Weekend,48.0,False,55.02,55.02,-147.69,False,0.0,False
2010-01-25,2010-01-26,0,Overnight,0.0,False,20.76,20.76,-89.99,False,0.0,False
2010-01-26,2010-01-27,0,Overnight,0.0,False,128.89,128.89,141.11,False,0.0,False
2010-01-27,2010-01-28,0,Overnight,0.0,False,135.94,135.94,127.77,False,0.0,False
2010-01-28,2010-01-29,0,Overnight,0.0,False,292.44,292.44,-341.75,False,0.0,False
2010-01-29,2010-02-01,2,Weekend,48.0,False,-179.42,-179.42,-356.16,False,0.0,False
2010-02-01,2010-02-02,0,Overnight,0.0,False,-6.73,-6.73,-56.56,False,0.0,False
2010-02-02,2010-02-03,0,Overnight,0.0,False,-85.02,-85.02,167.64,False,0.0,False
2010-02-03,2010-02-04,0,Overnight,0.0,False,-38.7,-38.7,-230.21,False,0.0,False
2010-02-04,2010-02-05,0,Overnight,0.0,False,-5.18,-5.18,129.47,False,0.0,False
2010-02-05,2010-02-08,2,Weekend,48.0,False,168.1,168.1,-215.92,False,0.0,False
2010-02-08,2010-02-09,0,Overnight,0.0,False,116.58,116.58,-14.39,False,0.0,False
2010-02-09,2010-02-10,0,Overnight,0.0,False,-2.54,-2.54,-54.38,False,0.0,False
2010-02-10,2010-02-11,0,Overnight,0.0,False,-12.79,-12.79,242.74,False,0.0,False
2010-02-11,2010-02-12,0,Overnight,0.0,False,-92.02,-92.02,56.15,False,0.0,False
2010-02-12,2010-02-16,3,Long,72.0,False,33.37,33.37,-212.98,False,0.0,False
2010-02-16,2010-02-17,0,Overnight,0.0,False,-39.22,-39.22,-65.13,False,0.0,False
2010-02-17,2010-02-18,0,Overnight,0.0,False,-40.49,-40.49,191.52,False,0.0,False
2010-02-18,2010-02-19,0,Overnight,0.0,False,-14.41,-14.41,-33.13,False,0.0,False
2010-02-19,2010-02-22,2,Weekend,48.0,False,-12.77,-12.77,54.38,False,0.0,False
2010-02-22,2010-02-23,0,Overnight,0.0,False,0.0,0.0,-65.46,False,0.0,False
2010-02-23,2010-02-24,0,Overnight,0.0,False,61.22,61.22,148.1,False,0.0,False
2010-02-24,2010-02-25,0,Overnight,0.0,False,-130.31,-130.31,2.54,False,0.0,False
2010-02-25,2010-02-26,0,Overnight,0.0,False,-27.11,-27.11,44.02,False,0.0,False
2010-02-26,2010-03-01,2,Weekend,48.0,False,25.31,25.31,480.28,False,0.0,False
2010-03-01,2010-03-02,0,Overnight,0.0,False,37.67,37.67,41.51,False,0.0,False
2010-03-02,2010-03-03,0,Overnight,0.0,False,-10.36,-10.36,39.0,False,0.0,False
2010-03-03,2010-03-04,0,Overnight,0.0,False,7.15,7.15,200.39,False,0.0,False
2010-03-04,2010-03-05,0,Overnight,0.0,False,46.57,46.57,-17.05,False,0.0,False
2010-03-05,2010-03-08,2,Weekend,48.0,False,-47.43,-47.43,140.09,False,0.0,False
2010-03-08,2010-03-09,0,Overnight,0.0,False,-40.05,-40.05,-59.6,False,0.0,False
2010-03-09,2010-03-10,0,Overnight,0.0,False,22.49,22.49,107.85,False,0.0,False
2010-03-10,2010-03-11,0,Overnight,0.0,False,-4.6,-4.6,237.11,False,0.0,False
2010-03-11,2010-03-12,0,Overnight,0.0,False,46.31,46.31,-178.94,False,0.0,False
2010-03-12,2010-03-15,2,Weekend,47.0,False,-9.11,-9.11,-43.37,False,0.0,False
2010-03-15,2010-03-16,0,Overnight,0.0,False,8.39,8.39,41.82,False,0.0,False
2010-03-16,2010-03-17,0,Overnight,0.0,False,46.93,46.93,-81.14,False,0.0,False
2010-03-17,2010-03-18,0,Overnight,0.0,False,-24.39,-24.39,131.93,False,0.0,False
2010-03-18,2010-03-19,0,Overnight,0.0,False,71.3,71.3,-254.5,False,0.0,False
2010-03-19,2010-03-22,2,Weekend,48.0,False,-11.51,-11.51,20.72,False,0.0,False
2010-03-22,2010-03-23,0,Overnight,0.0,False,32.14,32.14,-125.31,False,0.0,False
2010-03-23,2010-03-24,0,Overnight,0.0,False,-48.08,-48.08,-46.75,False,0.0,False
2010-03-24,2010-03-25,0,Overnight,0.0,False,85.54,85.54,423.76,False,0.0,False
2010-03-25,2010-03-26,0,Overnight,0.0,False,12.61,12.61,11.85,False,0.0,False
2010-03-26,2010-03-29,2,Weekend,48.0,False,22.93,22.93,-18.48,False,0.0,False
2010-03-29,2010-03-30,0,Overnight,0.0,False,45.78,45.78,61.69,False,0.0,False
2010-03-30,2010-03-31,0,Overnight,0.0,False,-42.56,-42.56,-16.93,False,0.0,False
2010-03-31,2010-04-01,0,Overnight,0.0,False,2.21,2.21,-298.22,False,0.0,False
2010-04-01,2010-04-05,3,Long,72.0,False,78.59,78.59,-102.9,False,0.0,False
2010-04-05,2010-04-06,0,Overnight,0.0,False,-19.79,-19.79,324.63,False,0.0,False
2010-04-06,2010-04-07,0,Overnight,0.0,False,29.46,29.46,-80.49,False,0.0,False
2010-04-07,2010-04-08,0,Overnight,0.0,False,-11.87,-11.87,453.52,False,0.0,False
2010-04-08,2010-04-09,0,Overnight,0.0,False,-17.04,-17.04,-47.01,False,0.0,False
2010-04-09,2010-04-12,2,Weekend,48.0,False,-4.28,-4.28,85.35,False,0.0,False
2010-04-12,2010-04-13,0,Overnight,0.0,False,2.12,2.12,-76.05,False,0.0,False
2010-04-13,2010-04-14,0,Overnight,0.0,False,12.83,12.83,276.88,False,0.0,False
2010-04-14,2010-04-15,0,Overnight,0.0,False,18.7,18.7,87.48,False,0.0,False
2010-04-15,2010-04-16,0,Overnight,0.0,False,-64.67,-64.67,-188.82,False,0.0,False
2010-04-16,2010-04-19,2,Weekend,48.0,False,12.65,12.65,5.62,False,0.0,False
2010-04-19,2010-04-20,0,Overnight,0.0,False,97.81,97.81,25.69,False,0.0,False
2010-04-20,2010-04-21,0,Overnight,0.0,False,67.04,67.04,86.42,False,0.0,False
2010-04-21,2010-04-22,0,Overnight,0.0,False,39.53,39.53,207.35,False,0.0,False
2010-04-22,2010-04-23,0,Overnight,0.0,False,-318.84,-318.84,-121.1,False,0.0,False
2010-04-23,2010-04-26,2,Weekend,48.0,False,-29.98,-29.98,269.38,False,0.0,False
2010-04-26,2010-04-27,0,Overnight,0.0,False,-106.61,-106.61,-245.52,False,0.0,False
2010-04-27,2010-04-28,0,Overnight,0.0,False,40.05,40.05,-229.85,False,0.0,False
2010-04-28,2010-04-29,0,Overnight,0.0,False,52.96,52.96,116.39,False,0.0,False
2010-04-29,2010-04-30,0,Overnight,0.0,False,-23.31,-23.31,-308.82,False,0.0,False
2010-04-30,2010-05-03,2,Weekend,48.0,False,7.29,7.29,21.11,False,0.0,False
2010-05-03,2010-05-04,0,Overnight,0.0,False,-136.94,-136.94,-436.31,False,0.0,False
2010-05-04,2010-05-05,0,Overnight,0.0,False,-141.96,-141.96,226.33,False,0.0,False
2010-05-05,2010-05-06,0,Overnight,0.0,False,-71.28,-71.28,-99.73,False,0.0,False
2010-05-06,2010-05-07,0,Overnight,0.0,False,-57.66,-57.66,-236.42,False,0.0,False
2010-05-07,2010-05-10,2,Weekend,48.0,False,373.02,373.02,119.53,False,0.0,False
2010-05-10,2010-05-11,0,Overnight,0.0,False,-102.59,-102.59,39.17,False,0.0,False
2010-05-11,2010-05-12,0,Overnight,0.0,False,72.56,72.56,185.47,False,0.0,False
2010-05-12,2010-05-13,0,Overnight,0.0,False,4.48,4.48,-185.39,False,0.0,False
2010-05-13,2010-05-14,0,Overnight,0.0,False,-84.79,-84.79,-141.38,False,0.0,False
2010-05-14,2010-05-17,2,Weekend,48.0,False,-22.59,-22.59,52.11,False,0.0,False
2010-05-17,2010-05-18,0,Overnight,0.0,False,94.96,94.96,-301.09,False,0.0,False
2010-05-18,2010-05-19,0,Overnight,0.0,False,-61.16,-61.16,-73.57,False,0.0,False
2010-05-19,2010-05-20,0,Overnight,0.0,False,-157.75,-157.75,-241.81,False,0.0,False
2010-05-20,2010-05-21,0,Overnight,0.0,False,-152.35,-152.35,400.69,False,0.0,False
2010-05-21,2010-05-24,2,Weekend,48.0,False,-12.23,-12.23,-36.78,False,0.0,False
2010-05-24,2010-05-25,0,Overnight,0.0,False,-297.54,-297.54,519.43,False,0.0,False
2010-05-25,2010-05-26,0,Overnight,0.0,False,15.21,15.21,-148.23,False,0.0,False
2010-05-26,2010-05-27,0,Overnight,0.0,False,142.64,142.64,136.68,False,0.0,False
2010-05-27,2010-05-28,0,Overnight,0.0,False,-49.85,-49.85,-48.5,False,0.0,False
2010-05-28,2010-06-01,3,Long,72.0,False,-39.13,-39.13,-139.4,False,0.0,False
2010-06-01,2010-06-02,0,Overnight,0.0,False,63.09,63.09,182.96,False,0.0,False
2010-06-02,2010-06-03,0,Overnight,0.0,False,-4.75,-4.75,196.86,False,0.0,False
2010-06-03,2010-06-04,0,Overnight,0.0,False,-190.53,-190.53,-285.85,False,0.0,False
2010-06-04,2010-06-07,2,Weekend,48.0,False,246.99,246.99,-309.08,False,0.0,False
2010-06-07,2010-06-08,0,Overnight,0.0,False,-0.82,-0.82,-262.43,False,0.0,False
2010-06-08,2010-06-09,0,Overnight,0.0,False,122.94,122.94,-201.5,False,0.0,False
2010-06-09,2010-06-10,0,Overnight,0.0,False,175.7,175.7,263.98,False,0.0,False
2010-06-10,2010-06-11,0,Overnight,0.0,False,-148.82,-148.82,134.2,False,0.0,False
2010-06-11,2010-06-14,2,Weekend,48.0,False,97.87,97.87,-33.06,False,0.0,False
2010-06-14,2010-06-15,0,Overnight,0.0,False,-51.01,-51.01,291.17,False,0.0,False
2010-06-15,2010-06-16,0,Overnight,0.0,False,-114.98,-114.98,119.7,False,0.0,False
2010-06-16,2010-06-17,0,Overnight,0.0,False,-12.62,-12.62,-67.29,False,0.0,False
2010-06-17,2010-06-18,0,Overnight,0.0,False,46.76,46.76,-51.52,False,0.0,False
2010-06-18,2010-06-21,2,Weekend,48.0,False,76.0,76.0,-340.13,False,0.0,False
2010-06-21,2010-06-22,0,Overnight,0.0,False,8.16,8.16,-27.76,False,0.0,False
2010-06-22,2010-06-23,0,Overnight,0.0,False,-16.37,-16.37,-54.2,False,0.0,False
2010-06-23,2010-06-24,0,Overnight,0.0,False,-69.4,-69.4,-190.85,False,0.0,False
2010-06-24,2010-06-25,0,Overnight,0.0,False,-16.07,-16.07,239.2,False,0.0,False
2010-06-25,2010-06-28,2,Weekend,48.0,False,-179.28,-179.28,-88.74,False,0.0,False
2010-06-28,2010-06-29,0,Overnight,0.0,False,-131.59,-131.59,-680.66,False,0.0,False
2010-06-29,2010-06-30,0,Overnight,0.0,False,-2.76,-2.76,62.43,False,0.0,False
2010-06-30,2010-07-01,0,Overnight,0.0,False,-33.0,-33.0,187.4,False,0.0,False
2010-07-01,2010-07-02,0,Overnight,0.0,False,-3.61,-3.61,-161.78,False,0.0,False
2010-07-02,2010-07-06,3,Long,72.0,False,137.41,137.41,-53.46,False,0.0,False
2010-07-06,2010-07-07,0,Overnight,0.0,False,-20.01,-20.01,321.61,False,0.0,False
2010-07-07,2010-07-08,0,Overnight,0.0,False,139.2,139.2,103.79,False,0.0,False
2010-07-08,2010-07-09,0,Overnight,0.0,False,28.35,28.35,60.73,False,0.0,False
2010-07-09,2010-07-12,2,Weekend,48.0,False,46.79,46.79,143.27,False,0.0,False
2010-07-12,2010-07-13,0,Overnight,0.0,False,98.25,98.25,242.3,False,0.0,False
2010-07-13,2010-07-14,0,Overnight,0.0,False,-50.27,-50.27,21.92,False,0.0,False
2010-07-14,2010-07-15,0,Overnight,0.0,False,-260.46,-260.46,159.38,False,0.0,False
2010-07-15,2010-07-16,0,Overnight,0.0,False,-64.11,-64.11,-232.73,False,0.0,False
2010-07-16,2010-07-19,2,Weekend,48.0,False,-9.29,-9.29,130.92,False,0.0,False
2010-07-19,2010-07-20,0,Overnight,0.0,False,55.71,55.71,-42.37,False,0.0,False
2010-07-20,2010-07-21,0,Overnight,0.0,False,43.2,43.2,-268.03,False,0.0,False
2010-07-21,2010-07-22,0,Overnight,0.0,False,108.41,108.41,113.91,False,0.0,False
2010-07-22,2010-07-23,0,Overnight,0.0,False,-1252.96,-1252.96,1152.52,False,0.0,False
2010-07-23,2010-07-26,2,Weekend,48.0,False,-51.45,-51.45,11.83,False,0.0,False
2010-07-26,2010-07-27,0,Overnight,0.0,False,2.53,2.53,-110.38,False,0.0,False
2010-07-27,2010-07-28,0,Overnight,0.0,False,-11.1,-11.1,11.1,False,0.0,False
2010-07-28,2010-07-29,0,Overnight,0.0,False,73.15,73.15,-96.23,False,0.0,False
2010-07-29,2010-07-30,0,Overnight,0.0,False,-114.46,-114.46,202.22,False,0.0,False
2010-07-30,2010-08-02,2,Weekend,48.0,False,106.31,106.31,76.92,False,0.0,False
2010-08-02,2010-08-03,0,Overnight,0.0,False,-5.83,-5.83,199.66,False,0.0,False
2010-08-03,2010-08-04,0,Overnight,0.0,False,52.14,52.14,360.72,False,0.0,False
2010-08-04,2010-08-05,0,Overnight,0.0,False,-63.69,-63.69,83.27,False,0.0,False
2010-08-05,2010-08-06,0,Overnight,0.0,False,-87.21,-87.21,125.47,False,0.0,False
2010-08-06,2010-08-09,2,Weekend,48.0,False,10.9,10.9,28.76,False,0.0,False
2010-08-09,2010-08-10,0,Overnight,0.0,False,-68.54,-68.54,158.95,False,0.0,False
2010-08-10,2010-08-11,0,Overnight,0.0,False,-147.23,-147.23,-174.03,False,0.0,False
2010-08-11,2010-08-12,0,Overnight,0.0,False,-170.64,-170.64,223.72,False,0.0,False
2010-08-12,2010-08-13,0,Overnight,0.0,False,-39.59,-39.59,-109.27,False,0.0,False
2010-08-13,2010-08-16,2,Weekend,48.0,False,-86.99,-86.99,197.06,False,0.0,False
2010-08-16,2010-08-17,0,Overnight,0.0,False,100.23,100.23,118.66,False,0.0,False
2010-08-17,2010-08-18,0,Overnight,0.0,False,30.22,30.22,30.9,False,0.0,False
2010-08-18,2010-08-19,0,Overnight,0.0,False,-33.22,-33.22,-128.51,False,0.0,False
2010-08-19,2010-08-20,0,Overnight,0.0,False,-29.05,-29.05,43.93,False,0.0,False
2010-08-20,2010-08-23,2,Weekend,48.0,False,7.82,7.82,-99.03,False,0.0,False
2010-08-23,2010-08-24,0,Overnight,0.0,False,-94.44,-94.44,-70.42,False,0.0,False
2010-08-24,2010-08-25,0,Overnight,0.0,False,-54.75,-54.75,239.34,False,0.0,False
2010-08-25,2010-08-26,0,Overnight,0.0,False,23.62,23.62,-181.74,False,0.0,False
2010-08-26,2010-08-27,0,Overnight,0.0,False,47.94,47.94,93.61,False,0.0,False
2010-08-27,2010-08-30,2,Weekend,48.0,False,-48.28,-48.28,-179.33,False,0.0,False
2010-08-30,2010-08-31,0,Overnight,0.0,False,-76.22,-76.22,159.89,False,0.0,False
2010-08-31,2010-09-01,0,Overnight,0.0,False,121.82,121.82,473.72,False,0.0,False
2010-09-01,2010-09-02,0,Overnight,0.0,False,-24.18,-24.18,227.4,False,0.0,False
2010-09-02,2010-09-03,0,Overnight,0.0,False,123.49,123.49,137.84,False,0.0,False
2010-09-03,2010-09-07,3,Long,72.0,False,-89.02,-89.02,-24.75,False,0.0,False
2010-09-07,2010-09-08,0,Overnight,0.0,False,51.61,51.61,87.34,False,0.0,False
2010-09-08,2010-09-09,0,Overnight,0.0,False,89.44,89.44,-0.71,False,0.0,False
2010-09-09,2010-09-10,0,Overnight,0.0,False,26.32,26.32,119.36,False,0.0,False
2010-09-10,2010-09-13,2,Weekend,48.0,False,113.78,113.78,69.17,False,0.0,False
2010-09-13,2010-09-14,0,Overnight,0.0,False,-39.37,-39.37,86.13,False,0.0,False
2010-09-14,2010-09-15,0,Overnight,0.0,False,-59.87,-59.87,39.27,False,0.0,False
2010-09-15,2010-09-16,0,Overnight,0.0,False,-3.44,-3.44,186.02,False,0.0,False
2010-09-16,2010-09-17,0,Overnight,0.0,False,51.85,51.85,-39.03,False,0.0,False
2010-09-17,2010-09-20,2,Weekend,48.0,False,25.59,25.59,173.34,False,0.0,False
2010-09-20,2010-09-21,0,Overnight,0.0,False,-35.75,-35.75,-1.99,False,0.0,False
2010-09-21,2010-09-22,0,Overnight,0.0,False,-59.22,-59.22,131.93,False,0.0,False
2010-09-22,2010-09-23,0,Overnight,0.0,False,-41.58,-41.58,108.54,False,0.0,False
2010-09-23,2010-09-24,0,Overnight,0.0,False,167.38,167.38,335.3,False,0.0,False
2010-09-24,2010-09-27,2,Weekend,48.0,False,-31.78,-31.78,-53.19,False,0.0,False
2010-09-27,2010-09-28,0,Overnight,0.0,False,29.45,29.45,-8.76,False,0.0,False
2010-09-28,2010-09-29,0,Overnight,0.0,False,-42.04,-42.04,-2.52,False,0.0,False
2010-09-29,2010-09-30,0,Overnight,0.0,False,63.95,63.95,-186.08,False,0.0,False
2010-09-30,2010-10-01,0,Overnight,0.0,False,1.27,1.27,-216.88,False,0.0,False
2010-10-01,2010-10-04,2,Weekend,48.0,False,15.6,15.6,93.1,False,0.0,False
2010-10-04,2010-10-05,0,Overnight,0.0,False,108.17,108.17,238.41,False,0.0,False
2010-10-05,2010-10-06,0,Overnight,0.0,False,-16.8,-16.8,-329.14,False,0.0,False
2010-10-06,2010-10-07,0,Overnight,0.0,False,71.17,71.17,-15.35,False,0.0,False
2010-10-07,2010-10-08,0,Overnight,0.0,False,-70.0,-70.0,23.81,False,0.0,False
2010-10-08,2010-10-11,2,Weekend,48.0,False,-42.52,-42.52,-120.81,False,0.0,False
2010-10-11,2010-10-12,0,Overnight,0.0,False,-34.04,-34.04,256.98,False,0.0,False
2010-10-12,2010-10-13,0,Overnight,0.0,False,13.41,13.41,-97.48,False,0.0,False
2010-10-13,2010-10-14,0,Overnight,0.0,False,-0.64,-0.64,23.82,False,0.0,False
2010-10-14,2010-10-15,0,Overnight,0.0,False,184.11,184.11,385.12,False,0.0,False
2010-10-15,2010-10-18,2,Weekend,48.0,False,21.84,21.84,-87.66,False,0.0,False
2010-10-18,2010-10-19,0,Overnight,0.0,False,-177.65,-177.65,-125.88,False,0.0,False
2010-10-19,2010-10-20,0,Overnight,0.0,False,6.93,6.93,-6.93,False,0.0,False
2010-10-20,2010-10-21,0,Overnight,0.0,False,248.97,248.97,140.4,False,0.0,False
2010-10-21,2010-10-22,0,Overnight,0.0,False,-153.93,-153.93,402.97,False,0.0,False
2010-10-22,2010-10-25,2,Weekend,48.0,False,143.24,143.24,-150.93,False,0.0,False
2010-10-25,2010-10-26,0,Overnight,0.0,False,-84.98,-84.98,141.03,False,0.0,False
2010-10-26,2010-10-27,0,Overnight,0.0,False,-61.38,-61.38,-83.23,False,0.0,False
2010-10-27,2010-10-28,0,Overnight,0.0,False,47.64,47.64,-87.72,False,0.0,False
2010-10-28,2010-10-29,0,Overnight,0.0,False,-62.53,-62.53,-34.44,False,0.0,False
2010-10-29,2010-11-01,2,Weekend,48.0,False,-47.32,-47.32,-114.36,False,0.0,False
2010-11-01,2010-11-02,0,Overnight,0.0,False,71.71,71.71,52.38,False,0.0,False
2010-11-02,2010-11-03,0,Overnight,0.0,False,47.88,47.88,183.91,False,0.0,False
2010-11-03,2010-11-04,0,Overnight,0.0,False,82.17,82.17,-54.9,False,0.0,False
2010-11-04,2010-11-05,0,Overnight,0.0,False,24.83,24.83,83.5,False,0.0,False
2010-11-05,2010-11-08,2,Weekend,49.0,False,4.1,4.1,67.09,False,0.0,False
2010-11-08,2010-11-09,0,Overnight,0.0,False,39.46,39.46,-139.97,False,0.0,False
2010-11-09,2010-11-10,0,Overnight,0.0,False,18.78,18.78,159.34,False,0.0,False
2010-11-10,2010-11-11,0,Overnight,0.0,False,-135.34,-135.34,-36.91,False,0.0,False
2010-11-11,2010-11-12,0,Overnight,0.0,False,-14.68,-14.68,-264.46,False,0.0,False
2010-11-12,2010-11-15,2,Weekend,48.0,False,-31.44,-31.44,-386.4,False,0.0,False
2010-11-15,2010-11-16,0,Overnight,0.0,False,-10.07,-10.07,-60.66,False,0.0,False
2010-11-16,2010-11-17,0,Overnight,0.0,False,3.8,3.8,32.26,False,0.0,False
2010-11-17,2010-11-18,0,Overnight,0.0,False,149.8,149.8,211.14,False,0.0,False
2010-11-18,2010-11-19,0,Overnight,0.0,False,-13.41,-13.41,52.92,False,0.0,False
2010-11-19,2010-11-22,2,Weekend,48.0,False,16.97,16.97,315.39,False,0.0,False
2010-11-22,2010-11-23,0,Overnight,0.0,False,-105.02,-105.02,-24.35,False,0.0,False
2010-11-23,2010-11-24,0,Overnight,0.0,False,196.04,196.04,328.03,False,0.0,False
2010-11-24,2010-11-26,1,Short,24.0,False,6.2,6.2,-9.03,False,0.0,False
2010-11-26,2010-11-29,2,Weekend,48.0,True,156.22,156.22,-27.82,False,0.0,False
2010-11-29,2010-11-30,0,Overnight,0.0,False,-142.52,-142.52,-87.98,False,0.0,False
2010-11-30,2010-12-01,0,Overnight,0.0,False,212.1,212.1,-146.75,False,0.0,False
2010-12-01,2010-12-02,0,Overnight,0.0,False,17.54,17.54,-18.68,False,0.0,False
2010-12-02,2010-12-03,0,Overnight,0.0,False,-58.52,-58.52,10.25,False,0.0,False
2010-12-03,2010-12-06,2,Weekend,48.0,False,-9.11,-9.11,143.11,False,0.0,False
2010-12-06,2010-12-07,0,Overnight,0.0,False,136.66,136.66,-208.81,False,0.0,False
2010-12-07,2010-12-08,0,Overnight,0.0,False,40.65,40.65,-67.84,False,0.0,False
2010-12-08,2010-12-09,0,Overnight,0.0,False,83.6,83.6,-165.62,False,0.0,False
2010-12-09,2010-12-10,0,Overnight,0.0,False,1.72,1.72,42.23,False,0.0,False
2010-12-10,2010-12-13,2,Weekend,48.0,False,40.35,40.35,-118.66,False,0.0,False
2010-12-13,2010-12-14,0,Overnight,0.0,False,1.72,1.72,-19.53,False,0.0,False
2010-12-14,2010-12-15,0,Overnight,0.0,False,-12.66,-12.66,105.93,False,0.0,False
2010-12-15,2010-12-16,0,Overnight,0.0,False,0.57,0.57,139.13,False,0.0,False
2010-12-16,2010-12-17,0,Overnight,0.0,False,20.76,20.76,-46.63,False,0.0,False
2010-12-17,2010-12-20,2,Weekend,48.0,False,94.72,94.72,221.77,False,0.0,False
2010-12-20,2010-12-21,0,Overnight,0.0,False,32.14,32.14,47.2,False,0.0,False
2010-12-21,2010-12-22,0,Overnight,0.0,False,13.52,13.52,-12.98,False,0.0,False
2010-12-22,2010-12-23,0,Overnight,0.0,False,-22.76,-22.76,-95.39,False,0.0,False
2010-12-23,2010-12-27,3,Long,72.0,False,-37.86,-37.86,13.19,False,0.0,False
2010-12-27,2010-12-28,0,Overnight,0.0,False,-2.2,-2.2,-55.62,False,0.0,False
2010-12-28,2010-12-29,0,Overnight,0.0,False,39.13,39.13,85.99,False,0.0,False
2010-12-29,2010-12-30,0,Overnight,0.0,False,29.95,29.95,-63.82,False,0.0,False
2010-12-30,2010-12-31,0,Overnight,0.0,False,-43.32,-43.32,-108.3,False,0.0,False
2010-12-31,2011-01-03,2,Weekend,48.0,False,75.82,75.82,155.92,False,0.0,False
2011-01-03,2011-01-04,0,Overnight,0.0,False,104.22,104.22,-61.43,False,0.0,False
2011-01-04,2011-01-05,0,Overnight,0.0,False,-49.31,-49.31,178.73,False,0.0,False
2011-01-05,2011-01-06,0,Overnight,0.0,False,-49.21,-49.21,-34.38,False,0.0,False
2011-01-06,2011-01-07,0,Overnight,0.0,False,108.1,108.1,-128.02,False,0.0,False
2011-01-07,2011-01-10,2,Weekend,48.0,False,-24.29,-24.29,-19.47,False,0.0,False
2011-01-10,2011-01-11,0,Overnight,0.0,False,39.99,39.99,-58.42,False,0.0,False
2011-01-11,2011-01-12,0,Overnight,0.0,False,55.18,55.18,-69.29,False,0.0,False
2011-01-12,2011-01-13,0,Overnight,0.0,False,-26.11,-26.11,104.57,False,0.0,False
2011-01-13,2011-01-14,0,Overnight,0.0,False,-1.62,-1.62,173.69,False,0.0,False
2011-01-14,2011-01-18,3,Long,72.0,False,-4.77,-4.77,136.35,False,0.0,False
2011-01-18,2011-01-19,0,Overnight,0.0,False,-18.32,-18.32,-213.37,False,0.0,False
2011-01-19,2011-01-20,0,Overnight,0.0,False,-84.91,-84.91,-181.35,False,0.0,False
2011-01-20,2011-01-21,0,Overnight,0.0,False,56.99,56.99,-309.66,False,0.0,False
2011-01-21,2011-01-24,2,Weekend,48.0,False,29.83,29.83,-62.01,False,0.0,False
2011-01-24,2011-01-25,0,Overnight,0.0,False,-76.63,-76.63,68.14,False,0.0,False
2011-01-25,2011-01-26,0,Overnight,0.0,False,45.74,45.74,-120.15,False,0.0,False
2011-01-26,2011-01-27,0,Overnight,0.0,False,118.46,118.46,385.2,False,0.0,False
2011-01-27,2011-01-28,0,Overnight,0.0,False,-730.87,-730.87,-18.1,False,0.0,False
2011-01-28,2011-01-31,2,Weekend,48.0,False,-57.43,-57.43,-30.61,False,0.0,False
2011-01-31,2011-02-01,0,Overnight,0.0,False,51.74,51.74,92.81,False,0.0,False
2011-02-01,2011-02-02,0,Overnight,0.0,False,-40.17,-40.17,122.34,False,0.0,False
2011-02-02,2011-02-03,0,Overnight,0.0,False,-1.73,-1.73,12.1,False,0.0,False
2011-02-03,2011-02-04,0,Overnight,0.0,False,16.68,16.68,110.31,False,0.0,False
2011-02-04,2011-02-07,2,Weekend,48.0,False,12.5,12.5,15.88,False,0.0,False
2011-02-07,2011-02-08,0,Overnight,0.0,False,13.03,13.03,355.87,False,0.0,False
2011-02-08,2011-02-09,0,Overnight,0.0,False,4.92,4.92,116.71,False,0.0,False
2011-02-09,2011-02-10,0,Overnight,0.0,False,-49.23,-49.23,98.22,False,0.0,False
2011-02-10,2011-02-11,0,Overnight,0.0,False,-34.97,-34.97,196.91,False,0.0,False
2011-02-11,2011-02-14,2,Weekend,48.0,False,0.0,0.0,61.63,False,0.0,False
2011-02-14,2011-02-15,0,Overnight,0.0,False,-89.15,-89.15,15.88,False,0.0,False
2011-02-15,2011-02-16,0,Overnight,0.0,False,39.07,39.07,-167.38,False,0.0,False
2011-02-16,2011-02-17,0,Overnight,0.0,False,-45.65,-45.65,106.55,False,0.0,False
2011-02-17,2011-02-18,0,Overnight,0.0,False,-11.72,-11.72,-55.61,False,0.0,False
2011-02-18,2011-02-22,3,Long,72.0,False,-152.36,-152.36,-179.08,False,0.0,False
2011-02-22,2011-02-23,0,Overnight,0.0,False,-9.43,-9.43,-200.05,False,0.0,False
2011-02-23,2011-02-24,0,Overnight,0.0,False,10.18,10.18,50.2,False,0.0,False
2011-02-24,2011-02-25,0,Overnight,0.0,False,67.28,67.28,-96.02,False,0.0,False
2011-02-25,2011-02-28,2,Weekend,48.0,False,-189.67,-189.67,-35.71,False,0.0,False
2011-02-28,2011-03-01,0,Overnight,0.0,False,13.84,13.84,-238.52,False,0.0,False
2011-03-01,2011-03-02,0,Overnight,0.0,False,-20.68,-20.68,171.8,False,0.0,False
2011-03-02,2011-03-03,0,Overnight,0.0,False,97.76,97.76,-53.1,False,0.0,False
2011-03-03,2011-03-04,0,Overnight,0.0,False,-9.84,-9.84,-55.19,False,0.0,False
2011-03-04,2011-03-07,2,Weekend,48.0,False,14.55,14.55,-166.57,False,0.0,False
2011-03-07,2011-03-08,0,Overnight,0.0,False,18.32,18.32,-148.69,False,0.0,False
2011-03-08,2011-03-09,0,Overnight,0.0,False,-13.19,-13.19,141.79,False,0.0,False
2011-03-09,2011-03-10,0,Overnight,0.0,False,-117.82,-117.82,-55.82,False,0.0,False
2011-03-10,2011-03-11,0,Overnight,0.0,False,-38.6,-38.6,154.09,False,0.0,False
2011-03-11,2011-03-14,2,Weekend,47.0,False,-87.85,-87.85,7.8,False,0.0,False
2011-03-14,2011-03-15,0,Overnight,0.0,False,-325.52,-325.52,226.06,False,0.0,False
2011-03-15,2011-03-16,0,Overnight,0.0,False,-23.05,-23.05,0.0,False,0.0,False
2011-03-16,2011-03-17,0,Overnight,0.0,False,73.2,73.2,-302.27,False,0.0,False
2011-03-17,2011-03-18,0,Overnight,0.0,False,13.66,13.66,39.01,False,0.0,False
2011-03-18,2011-03-21,2,Weekend,48.0,False,95.33,95.33,70.15,False,0.0,False
2011-03-21,2011-03-22,0,Overnight,0.0,False,-27.39,-27.39,-90.0,False,0.0,False
2011-03-22,2011-03-23,0,Overnight,0.0,False,-18.47,-18.47,184.37,False,0.0,False
2011-03-23,2011-03-24,0,Overnight,0.0,False,173.3,173.3,170.35,False,0.0,False
2011-03-24,2011-03-25,0,Overnight,0.0,False,31.51,31.51,-38.53,False,0.0,False
2011-03-25,2011-03-28,2,Weekend,48.0,False,47.84,47.84,-143.63,False,0.0,False
2011-03-28,2011-03-29,0,Overnight,0.0,False,81.16,81.16,225.29,False,0.0,False
2011-03-29,2011-03-30,0,Overnight,0.0,False,179.35,179.35,91.83,False,0.0,False
2011-03-30,2011-03-31,0,Overnight,0.0,False,-6.13,-6.13,45.63,False,0.0,False
2011-03-31,2011-04-01,0,Overnight,0.0,False,80.18,80.18,-80.18,False,0.0,False
2011-04-01,2011-04-04,2,Weekend,48.0,False,42.1,42.1,112.69,False,0.0,False
2011-04-04,2011-04-05,0,Overnight,0.0,False,-46.02,-46.02,173.66,False,0.0,False
2011-04-05,2011-04-06,0,Overnight,0.0,False,46.31,46.31,-183.79,False,0.0,False
2011-04-06,2011-04-07,0,Overnight,0.0,False,1.09,1.09,115.86,False,0.0,False
2011-04-07,2011-04-08,0,Overnight,0.0,False,18.91,18.91,-29.73,False,0.0,False
2011-04-08,2011-04-11,2,Weekend,48.0,False,8.12,8.12,-44.46,False,0.0,False
2011-04-11,2011-04-12,0,Overnight,0.0,False,-53.39,-53.39,-141.94,False,0.0,False
2011-04-12,2011-04-13,0,Overnight,0.0,False,19.37,19.37,80.41,False,0.0,False
2011-04-13,2011-04-14,0,Overnight,0.0,False,-49.49,-49.49,23.68,False,0.0,False
2011-04-14,2011-04-15,0,Overnight,0.0,False,-45.2,-45.2,-54.85,False,0.0,False
2011-04-15,2011-04-18,2,Weekend,48.0,False,-90.96,-90.96,-2.24,False,0.0,False
2011-04-18,2011-04-19,0,Overnight,0.0,False,0.56,0.56,26.32,False,0.0,False
2011-04-19,2011-04-20,0,Overnight,0.0,False,155.37,155.37,123.12,False,0.0,False
2011-04-20,2011-04-21,0,Overnight,0.0,False,37.46,37.46,71.8,False,0.0,False
2011-04-21,2011-04-25,3,Long,72.0,False,-12.92,-12.92,-12.4,False,0.0,False
2011-04-25,2011-04-26,0,Overnight,0.0,False,45.74,45.74,-215.44,False,0.0,False
2011-04-26,2011-04-27,0,Overnight,0.0,False,49.25,49.25,707.45,False,0.0,False
2011-04-27,2011-04-28,0,Overnight,0.0,False,-34.13,-34.13,-45.52,False,0.0,False
2011-04-28,2011-04-29,0,Overnight,0.0,False,-35.43,-35.43,73.3,False,0.0,False
2011-04-29,2011-05-02,2,Weekend,48.0,False,38.74,38.74,232.31,False,0.0,False
2011-05-02,2011-05-03,0,Overnight,0.0,False,-9.45,-9.45,-127.68,False,0.0,False
2011-05-03,2011-05-04,0,Overnight,0.0,False,-10.08,-10.08,86.38,False,0.0,False
2011-05-04,2011-05-05,0,Overnight,0.0,False,-65.73,-65.73,-78.33,False,0.0,False
2011-05-05,2011-05-06,0,Overnight,0.0,False,100.45,100.45,-75.62,False,0.0,False
2011-05-06,2011-05-09,2,Weekend,48.0,False,37.38,37.38,123.27,False,0.0,False
2011-05-09,2011-05-10,0,Overnight,0.0,False,56.61,56.61,98.55,False,0.0,False
2011-05-10,2011-05-11,0,Overnight,0.0,False,-40.29,-40.29,61.84,False,0.0,False
2011-05-11,2011-05-12,0,Overnight,0.0,False,-7.83,-7.83,90.18,False,0.0,False
2011-05-12,2011-05-13,0,Overnight,0.0,False,-17.97,-17.97,-153.83,False,0.0,False
2011-05-13,2011-05-16,2,Weekend,48.0,False,-100.22,-100.22,-408.66,False,0.0,False
2011-05-16,2011-05-17,0,Overnight,0.0,False,-35.91,-35.91,154.67,False,0.0,False
2011-05-17,2011-05-18,0,Overnight,0.0,False,-34.97,-34.97,151.32,False,0.0,False
2011-05-18,2011-05-19,0,Overnight,0.0,False,62.72,62.72,23.67,False,0.0,False
2011-05-19,2011-05-20,0,Overnight,0.0,False,-42.85,-42.85,35.3,False,0.0,False
2011-05-20,2011-05-23,2,Weekend,48.0,False,-156.77,-156.77,33.69,False,0.0,False
2011-05-23,2011-05-24,0,Overnight,0.0,False,39.67,39.67,-191.16,False,0.0,False
2011-05-24,2011-05-25,0,Overnight,0.0,False,15.51,15.51,-67.91,False,0.0,False
2011-05-25,2011-05-26,0,Overnight,0.0,False,-53.19,-53.19,194.7,False,0.0,False
2011-05-26,2011-05-27,0,Overnight,0.0,False,-12.32,-12.32,-32.4,False,0.0,False
2011-05-27,2011-05-31,3,Long,72.0,False,92.8,92.8,38.2,False,0.0,False
2011-05-31,2011-06-01,0,Overnight,0.0,False,-32.08,-32.08,-188.44,False,0.0,False
2011-06-01,2011-06-02,0,Overnight,0.0,False,-6.24,-6.24,71.0,False,0.0,False
2011-06-02,2011-06-03,0,Overnight,0.0,False,-125.76,-125.76,-153.34,False,0.0,False
2011-06-03,2011-06-06,2,Weekend,48.0,False,-16.47,-16.47,-124.17,False,0.0,False
2011-06-06,2011-06-07,0,Overnight,0.0,False,1.62,1.62,98.05,False,0.0,False
2011-06-07,2011-06-08,0,Overnight,0.0,False,-5.33,-5.33,31.96,False,0.0,False
2011-06-08,2011-06-09,0,Overnight,0.0,False,89.47,89.47,-3.16,False,0.0,False
2011-06-09,2011-06-10,0,Overnight,0.0,False,-22.7,-22.7,-144.77,False,0.0,False
2011-06-10,2011-06-13,2,Weekend,48.0,False,15.0,15.0,-27.87,False,0.0,False
2011-06-13,2011-06-14,0,Overnight,0.0,False,143.9,143.9,51.19,False,0.0,False
2011-06-14,2011-06-15,0,Overnight,0.0,False,-101.59,-101.59,-110.16,False,0.0,False
2011-06-15,2011-06-16,0,Overnight,0.0,False,-12.91,-12.91,-113.16,False,0.0,False
2011-06-16,2011-06-17,0,Overnight,0.0,False,154.53,154.53,-7.51,False,0.0,False
2011-06-17,2011-06-20,2,Weekend,48.0,False,-22.02,-22.02,94.2,False,0.0,False
2011-06-20,2011-06-21,0,Overnight,0.0,False,30.85,30.85,310.07,False,0.0,False
2011-06-21,2011-06-22,0,Overnight,0.0,False,-13.91,-13.91,-120.86,False,0.0,False
2011-06-22,2011-06-23,0,Overnight,0.0,False,-111.77,-111.77,242.94,False,0.0,False
2011-06-23,2011-06-24,0,Overnight,0.0,False,-14.43,-14.43,-68.84,False,0.0,False
2011-06-24,2011-06-27,2,Weekend,48.0,False,100.76,100.76,341.16,False,0.0,False
2011-06-27,2011-06-28,0,Overnight,0.0,False,33.24,33.24,21.27,False,0.0,False
2011-06-28,2011-06-29,0,Overnight,0.0,False,15.8,15.8,74.23,False,0.0,False
2011-06-29,2011-06-30,0,Overnight,0.0,False,-167.92,-167.92,183.09,False,0.0,False
2011-06-30,2011-07-01,0,Overnight,0.0,False,51.7,51.7,189.87,False,0.0,False
2011-07-01,2011-07-05,3,Long,72.0,False,-34.91,-34.91,209.99,False,0.0,False
2011-07-05,2011-07-06,0,Overnight,0.0,False,-50.32,-50.32,97.11,False,0.0,False
2011-07-06,2011-07-07,0,Overnight,0.0,False,41.93,41.93,76.42,False,0.0,False
2011-07-07,2011-07-08,0,Overnight,0.0,False,-113.22,-113.22,184.02,False,0.0,False
2011-07-08,2011-07-11,2,Weekend,48.0,False,-70.8,-70.8,-195.21,False,0.0,False
2011-07-11,2011-07-12,0,Overnight,0.0,False,97.85,97.85,-160.15,False,0.0,False
2011-07-12,2011-07-13,0,Overnight,0.0,False,162.94,162.94,-56.05,False,0.0,False
2011-07-13,2011-07-14,0,Overnight,0.0,False,3.75,3.75,-150.96,False,0.0,False
2011-07-14,2011-07-15,0,Overnight,0.0,False,127.52,127.52,-9.86,False,0.0,False
2011-07-15,2011-07-18,2,Weekend,48.0,False,-15.98,-15.98,-47.16,False,0.0,False
2011-07-18,2011-07-19,0,Overnight,0.0,False,105.34,105.34,198.7,False,0.0,False
2011-07-19,2011-07-20,0,Overnight,0.0,False,90.85,90.85,-206.62,False,0.0,False
2011-07-20,2011-07-21,0,Overnight,0.0,False,55.06,55.06,-164.21,False,0.0,False
2011-07-21,2011-07-22,0,Overnight,0.0,False,30.44,30.44,123.61,False,0.0,False
2011-07-22,2011-07-25,2,Weekend,48.0,False,-47.68,-47.68,-93.25,False,0.0,False
2011-07-25,2011-07-26,0,Overnight,0.0,False,70.02,70.02,-37.75,False,0.0,False
2011-07-26,2011-07-27,0,Overnight,0.0,False,465.69,465.69,-83.69,False,0.0,False
2011-07-27,2011-07-28,0,Overnight,0.0,False,33.65,33.65,28.18,False,0.0,False
2011-07-28,2011-07-29,0,Overnight,0.0,False,-117.25,-117.25,55.43,False,0.0,False
2011-07-29,2011-08-01,2,Weekend,48.0,False,110.83,110.83,-164.91,False,0.0,False
2011-08-01,2011-08-02,0,Overnight,0.0,False,-45.29,-45.29,-399.11,False,0.0,False
2011-08-02,2011-08-03,0,Overnight,0.0,False,59.81,59.81,-142.34,False,0.0,False
2011-08-03,2011-08-04,0,Overnight,0.0,False,-155.03,-155.03,-257.23,False,0.0,False
2011-08-04,2011-08-05,0,Overnight,0.0,False,157.09,157.09,-96.72,False,0.0,False
2011-08-05,2011-08-08,2,Weekend,48.0,False,-315.74,-315.74,-138.43,False,0.0,False
2011-08-08,2011-08-09,0,Overnight,0.0,False,153.69,153.69,417.69,False,0.0,False
2011-08-09,2011-08-10,0,Overnight,0.0,False,-213.39,-213.39,-335.82,False,0.0,False
2011-08-10,2011-08-11,0,Overnight,0.0,False,147.26,147.26,68.29,False,0.0,False
2011-08-11,2011-08-12,0,Overnight,0.0,False,96.33,96.33,100.35,False,0.0,False
2011-08-12,2011-08-15,2,Weekend,48.0,False,-11.87,-11.87,43.95,False,0.0,False
2011-08-15,2011-08-16,0,Overnight,0.0,False,-89.58,-89.58,-173.52,False,0.0,False
2011-08-16,2011-08-17,0,Overnight,0.0,False,42.91,42.91,-131.83,False,0.0,False
2011-08-17,2011-08-18,0,Overnight,0.0,False,-243.85,-243.85,-465.13,False,0.0,False
2011-08-18,2011-08-19,0,Overnight,0.0,False,-122.93,-122.93,-75.72,False,0.0,False
2011-08-19,2011-08-22,2,Weekend,48.0,False,215.62,215.62,-293.61,False,0.0,False
2011-08-22,2011-08-23,0,Overnight,0.0,False,77.43,77.43,785.97,False,0.0,False
2011-08-23,2011-08-24,0,Overnight,0.0,False,17.55,17.55,-8.26,False,0.0,False
2011-08-24,2011-08-25,0,Overnight,0.0,False,35.04,35.04,-123.18,False,0.0,False
2011-08-25,2011-08-26,0,Overnight,0.0,False,-41.22,-41.22,411.32,False,0.0,False
2011-08-26,2011-08-29,2,Weekend,48.0,False,176.58,176.58,181.27,False,0.0,False
2011-08-29,2011-08-30,0,Overnight,0.0,False,-36.38,-36.38,246.71,False,0.0,False
2011-08-30,2011-08-31,0,Overnight,0.0,False,63.8,63.8,138.48,False,0.0,False
2011-08-31,2011-09-01,0,Overnight,0.0,False,2.32,2.32,-128.09,False,0.0,False
2011-09-01,2011-09-02,0,Overnight,0.0,False,-170.83,-170.83,50.6,False,0.0,False
2011-09-02,2011-09-06,3,Long,72.0,False,-252.2,-252.2,542.24,False,0.0,False
2011-09-06,2011-09-07,0,Overnight,0.0,False,120.47,120.47,50.15,False,0.0,False
2011-09-07,2011-09-08,0,Overnight,0.0,False,-73.03,-73.03,-47.75,False,0.0,False
2011-09-08,2011-09-09,0,Overnight,0.0,False,-102.24,-102.24,-171.66,False,0.0,False
2011-09-09,2011-09-12,2,Weekend,48.0,False,-125.67,-125.67,367.3,False,0.0,False
2011-09-12,2011-09-13,0,Overnight,0.0,False,56.64,56.64,79.58,False,0.0,False
2011-09-13,2011-09-14,0,Overnight,0.0,False,31.38,31.38,106.15,False,0.0,False
2011-09-14,2011-09-15,0,Overnight,0.0,False,63.6,63.6,123.79,False,0.0,False
2011-09-15,2011-09-16,0,Overnight,0.0,False,34.77,34.77,502.6,False,0.0,False
2011-09-16,2011-09-19,2,Weekend,48.0,False,-91.94,-91.94,191.32,False,0.0,False
2011-09-19,2011-09-20,0,Overnight,0.0,False,-36.89,-36.89,-318.56,False,0.0,False
2011-09-20,2011-09-21,0,Overnight,0.0,False,53.87,53.87,-113.21,False,0.0,False
2011-09-21,2011-09-22,0,Overnight,0.0,False,-313.22,-313.22,-66.53,False,0.0,False
2011-09-22,2011-09-23,0,Overnight,0.0,False,-122.6,-122.6,139.6,False,0.0,False
2011-09-23,2011-09-26,2,Weekend,48.0,False,171.59,171.59,103.65,False,0.0,False
2011-09-26,2011-09-27,0,Overnight,0.0,False,188.34,188.34,-436.78,False,0.0,False
2011-09-27,2011-09-28,0,Overnight,0.0,False,94.99,94.99,147.35,False,0.0,False
2011-09-28,2011-09-29,0,Overnight,0.0,False,192.3,192.3,-513.9,False,0.0,False
2011-09-29,2011-09-30,0,Overnight,0.0,False,-192.91,-192.91,-90.24,False,0.0,False
2011-09-30,2011-10-03,2,Weekend,48.0,False,36.01,36.01,-234.52,False,0.0,False
2011-10-03,2011-10-04,0,Overnight,0.0,False,-111.96,-111.96,136.46,False,0.0,False
2011-10-04,2011-10-05,0,Overnight,0.0,False,1.41,1.41,322.69,False,0.0,False
2011-10-05,2011-10-06,0,Overnight,0.0,False,35.47,35.47,55.68,False,0.0,False
2011-10-06,2011-10-07,0,Overnight,0.0,False,43.69,43.69,101.07,False,0.0,False
2011-10-07,2011-10-10,2,Weekend,48.0,False,66.08,66.08,222.5,False,0.0,False
2011-10-10,2011-10-11,0,Overnight,0.0,False,-31.17,-31.17,209.41,False,0.0,False
2011-10-11,2011-10-12,0,Overnight,0.0,False,49.14,49.14,7.18,False,0.0,False
2011-10-12,2011-10-13,0,Overnight,0.0,False,8.02,8.02,-35.93,False,0.0,False
2011-10-13,2011-10-14,0,Overnight,0.0,False,197.9,197.9,239.56,False,0.0,False
2011-10-14,2011-10-17,2,Weekend,48.0,False,-98.58,-98.58,-80.56,False,0.0,False
2011-10-17,2011-10-18,0,Overnight,0.0,False,-0.83,-0.83,64.58,False,0.0,False
2011-10-18,2011-10-19,0,Overnight,0.0,False,-132.5,-132.5,-387.17,False,0.0,False
2011-10-19,2011-10-20,0,Overnight,0.0,False,25.88,25.88,63.55,False,0.0,False
2011-10-20,2011-10-21,0,Overnight,0.0,False,140.27,140.27,-90.31,False,0.0,False
2011-10-21,2011-10-24,2,Weekend,48.0,False,52.68,52.68,67.14,False,0.0,False
2011-10-24,2011-10-25,0,Overnight,0.0,False,41.16,41.16,-491.36,False,0.0,False
2011-10-25,2011-10-26,0,Overnight,0.0,False,-1090.11,-1090.11,-263.14,False,0.0,False
2011-10-26,2011-10-27,0,Overnight,0.0,False,291.08,291.08,122.62,False,0.0,False
2011-10-27,2011-10-28,0,Overnight,0.0,False,-12.1,-12.1,509.25,False,0.0,False
2011-10-28,2011-10-31,2,Weekend,48.0,False,-70.65,-70.65,-106.22,False,0.0,False
2011-10-31,2011-11-01,0,Overnight,0.0,False,-256.17,-256.17,189.91,False,0.0,False
2011-11-01,2011-11-02,0,Overnight,0.0,False,161.35,161.35,3.25,False,0.0,False
2011-11-02,2011-11-03,0,Overnight,0.0,False,31.49,31.49,91.58,False,0.0,False
2011-11-03,2011-11-04,0,Overnight,0.0,False,-29.36,-29.36,-53.9,False,0.0,False
2011-11-04,2011-11-07,2,Weekend,49.0,False,16.62,16.62,7.38,False,0.0,False
2011-11-07,2011-11-08,0,Overnight,0.0,False,100.87,100.87,-55.35,False,0.0,False
2011-11-08,2011-11-09,0,Overnight,0.0,False,-140.44,-140.44,-175.05,False,0.0,False
2011-11-09,2011-11-10,0,Overnight,0.0,False,107.37,107.37,-127.74,False,0.0,False
2011-11-10,2011-11-11,0,Overnight,0.0,False,81.74,81.74,226.57,False,0.0,False
2011-11-11,2011-11-14,2,Weekend,48.0,False,-80.36,-80.36,150.95,False,0.0,False
2011-11-14,2011-11-15,0,Overnight,0.0,False,-42.57,-42.57,-7.8,False,0.0,False
2011-11-15,2011-11-16,0,Overnight,0.0,False,-71.87,-71.87,-199.89,False,0.0,False
2011-11-16,2011-11-17,0,Overnight,0.0,False,24.5,24.5,-383.23,False,0.0,False
2011-11-17,2011-11-18,0,Overnight,0.0,False,39.53,39.53,-407.04,False,0.0,False
2011-11-18,2011-11-21,2,Weekend,48.0,False,-197.22,-197.22,-211.23,False,0.0,False
2011-11-21,2011-11-22,0,Overnight,0.0,False,-122.28,-122.28,284.23,False,0.0,False
2011-11-22,2011-11-23,0,Overnight,0.0,False,37.36,37.36,-213.07,False,0.0,False
2011-11-23,2011-11-25,1,Short,24.0,False,74.86,74.86,-429.78,False,0.0,False
2011-11-25,2011-11-28,2,Weekend,48.0,True,494.69,494.69,129.6,False,0.0,False
2011-11-28,2011-11-29,0,Overnight,0.0,False,32.4,32.4,-333.56,False,0.0,False
2011-11-29,2011-11-30,0,Overnight,0.0,False,332.54,332.54,-127.63,False,0.0,False
2011-11-30,2011-12-01,0,Overnight,0.0,False,-22.91,-22.91,271.5,False,0.0,False
2011-12-01,2011-12-02,0,Overnight,0.0,False,-3.04,-3.04,-52.91,False,0.0,False
2011-12-02,2011-12-05,2,Weekend,48.0,False,143.33,143.33,-132.63,False,0.0,False
2011-12-05,2011-12-06,0,Overnight,0.0,False,-13.26,-13.26,-205.69,False,0.0,False
2011-12-06,2011-12-07,0,Overnight,0.0,False,-50.13,-50.13,222.09,False,0.0,False
2011-12-07,2011-12-08,0,Overnight,0.0,False,-90.0,-90.0,-160.92,False,0.0,False
2011-12-08,2011-12-09,0,Overnight,0.0,False,38.25,38.25,94.73,False,0.0,False
2011-12-09,2011-12-12,2,Weekend,48.0,False,-156.64,-156.64,-26.87,False,0.0,False
2011-12-12,2011-12-13,0,Overnight,0.0,False,-50.78,-50.78,-436.3,False,0.0,False
2011-12-13,2011-12-14,0,Overnight,0.0,False,-84.0,-84.0,67.37,False,0.0,False
2011-12-14,2011-12-15,0,Overnight,0.0,False,101.59,101.59,-43.49,False,0.0,False
2011-12-15,2011-12-16,0,Overnight,0.0,False,63.79,63.79,-63.79,False,0.0,False
2011-12-16,2011-12-19,2,Weekend,48.0,False,40.74,40.74,-147.79,False,0.0,False
2011-12-19,2011-12-20,0,Overnight,0.0,False,185.63,185.63,-9.31,False,0.0,False
2011-12-20,2011-12-21,0,Overnight,0.0,False,-32.93,-32.93,-425.02,False,0.0,False
2011-12-21,2011-12-22,0,Overnight,0.0,False,42.35,42.35,222.53,False,0.0,False
2011-12-22,2011-12-23,0,Overnight,0.0,False,10.61,10.61,-108.84,False,0.0,False
2011-12-23,2011-12-27,3,Long,72.0,False,25.35,25.35,-82.49,False,0.0,False
2011-12-27,2011-12-28,0,Overnight,0.0,False,6.81,6.81,-142.75,False,0.0,False
2011-12-28,2011-12-29,0,Overnight,0.0,False,-248.62,-248.62,246.9,False,0.0,False
2011-12-29,2011-12-30,0,Overnight,0.0,False,-28.8,-28.8,-15.01,False,0.0,False
2011-12-30,2012-01-03,3,Long,72.0,False,159.89,159.89,176.95,False,0.0,False
2012-01-03,2012-01-04,0,Overnight,0.0,False,10.05,10.05,-95.31,False,0.0,False
2012-01-04,2012-01-05,0,Overnight,0.0,False,-88.84,-88.84,94.47,False,0.0,False
2012-01-05,2012-01-06,0,Overnight,0.0,False,25.87,25.87,251.76,False,0.0,False
2012-01-06,2012-01-09,2,Weekend,48.0,False,8.21,8.21,-232.49,False,0.0,False
2012-01-09,2012-01-10,0,Overnight,0.0,False,141.25,141.25,-97.66,False,0.0,False
2012-01-10,2012-01-11,0,Overnight,0.0,False,16.71,16.71,-41.28,False,0.0,False
2012-01-11,2012-01-12,0,Overnight,0.0,False,29.02,29.02,-196.43,False,0.0,False
2012-01-12,2012-01-13,0,Overnight,0.0,False,-6.82,-6.82,147.36,False,0.0,False
2012-01-13,2012-01-17,3,Long,72.0,False,96.5,96.5,83.47,False,0.0,False
2012-01-17,2012-01-18,0,Overnight,0.0,False,15.4,15.4,403.95,False,0.0,False
2012-01-18,2012-01-19,0,Overnight,0.0,False,75.73,75.73,185.3,False,0.0,False
2012-01-19,2012-01-20,0,Overnight,0.0,False,-194.21,-194.21,11.53,False,0.0,False
2012-01-20,2012-01-23,2,Weekend,48.0,False,-7.34,-7.34,-249.43,False,0.0,False
2012-01-23,2012-01-24,0,Overnight,0.0,False,-58.75,-58.75,107.53,False,0.0,False
2012-01-24,2012-01-25,0,Overnight,0.0,False,-0.53,-0.53,43.22,False,0.0,False
2012-01-25,2012-01-26,0,Overnight,0.0,False,79.55,79.55,210.14,False,0.0,False
2012-01-26,2012-01-27,0,Overnight,0.0,False,-11.9,-11.9,117.39,False,0.0,False
2012-01-27,2012-01-30,2,Weekend,48.0,False,-86.88,-86.88,-79.31,False,0.0,False
2012-01-30,2012-01-31,0,Overnight,0.0,False,95.82,95.82,22.65,False,0.0,False
2012-01-31,2012-02-01,0,Overnight,0.0,False,-1121.61,-1121.61,319.9,False,0.0,False
2012-02-01,2012-02-02,0,Overnight,0.0,False,10.58,10.58,114.57,False,0.0,False
2012-02-02,2012-02-03,0,Overnight,0.0,False,60.9,60.9,261.82,False,0.0,False
2012-02-03,2012-02-06,2,Weekend,48.0,False,-74.87,-74.87,-170.0,False,0.0,False
2012-02-06,2012-02-07,0,Overnight,0.0,False,-26.79,-26.79,83.96,False,0.0,False
2012-02-07,2012-02-08,0,Overnight,0.0,False,41.18,41.18,28.62,False,0.0,False
2012-02-08,2012-02-09,0,Overnight,0.0,False,-52.98,-52.98,25.98,False,0.0,False
2012-02-09,2012-02-10,0,Overnight,0.0,False,-84.69,-84.69,114.92,False,0.0,False
2012-02-10,2012-02-13,2,Weekend,48.0,False,87.47,87.47,233.4,False,0.0,False
2012-02-13,2012-02-14,0,Overnight,0.0,False,-26.65,-26.65,11.51,False,0.0,False
2012-02-14,2012-02-15,0,Overnight,0.0,False,-0.52,-0.52,-363.04,False,0.0,False
2012-02-15,2012-02-16,0,Overnight,0.0,False,-368.84,-368.84,119.65,False,0.0,False
2012-02-16,2012-02-17,0,Overnight,0.0,False,8.89,8.89,132.93,False,0.0,False
2012-02-17,2012-02-21,3,Long,72.0,False,8.22,8.22,-21.38,False,0.0,False
2012-02-21,2012-02-22,0,Overnight,0.0,False,-17.02,-17.02,-75.58,False,0.0,False
2012-02-22,2012-02-23,0,Overnight,0.0,False,-52.19,-52.19,-41.84,False,0.0,False
2012-02-23,2012-02-24,0,Overnight,0.0,False,45.18,45.18,-31.77,False,0.0,False
2012-02-24,2012-02-27,2,Weekend,48.0,False,-89.16,-89.16,55.61,False,0.0,False
2012-02-27,2012-02-28,0,Overnight,0.0,False,20.7,20.7,270.21,False,0.0,False
2012-02-28,2012-02-29,0,Overnight,0.0,False,4.9,4.9,-231.05,False,0.0,False
2012-02-29,2012-03-01,0,Overnight,0.0,False,11.12,11.12,8.33,False,0.0,False
2012-03-01,2012-03-02,0,Overnight,0.0,False,-31.15,-31.15,-10.03,False,0.0,False
2012-03-02,2012-03-05,2,Weekend,48.0,False,-16.75,-16.75,70.14,False,0.0,False
2012-03-05,2012-03-06,0,Overnight,0.0,False,-88.04,-88.04,133.98,False,0.0,False
2012-03-06,2012-03-07,0,Overnight,0.0,False,85.78,85.78,61.13,False,0.0,False
2012-03-07,2012-03-08,0,Overnight,0.0,False,21.74,21.74,186.66,False,0.0,False
2012-03-08,2012-03-09,0,Overnight,0.0,False,-45.4,-45.4,-133.12,False,0.0,False
2012-03-09,2012-03-12,2,Weekend,47.0,False,-10.31,-10.31,-40.27,False,0.0,False
2012-03-12,2012-03-13,0,Overnight,0.0,False,28.86,28.86,36.36,False,0.0,False
2012-03-13,2012-03-14,0,Overnight,0.0,False,-51.05,-51.05,-75.98,False,0.0,False
2012-03-14,2012-03-15,0,Overnight,0.0,False,-13.18,-13.18,131.53,False,0.0,False
2012-03-15,2012-03-16,0,Overnight,0.0,False,-62.55,-62.55,96.11,False,0.0,False
2012-03-16,2012-03-19,2,Weekend,48.0,False,-86.84,-86.84,112.21,False,0.0,False
2012-03-19,2012-03-20,0,Overnight,0.0,False,-34.56,-34.56,395.06,False,0.0,False
2012-03-20,2012-03-21,0,Overnight,0.0,False,8.84,8.84,-40.08,False,0.0,False
2012-03-21,2012-03-22,0,Overnight,0.0,False,-62.26,-62.26,97.14,False,0.0,False
2012-03-22,2012-03-23,0,Overnight,0.0,False,-20.29,-20.29,156.57,False,0.0,False
2012-03-23,2012-03-26,2,Weekend,48.0,False,73.56,73.56,320.05,False,0.0,False
2012-03-26,2012-03-27,0,Overnight,0.0,False,35.43,35.43,90.46,False,0.0,False
2012-03-27,2012-03-28,0,Overnight,0.0,False,34.02,34.02,-244.55,False,0.0,False
2012-03-28,2012-03-29,0,Overnight,0.0,False,5.96,5.96,164.09,False,0.0,False
2012-03-29,2012-03-30,0,Overnight,0.0,False,20.02,20.02,-123.18,False,0.0,False
2012-03-30,2012-04-02,2,Weekend,48.0,False,-224.21,-224.21,1.51,False,0.0,False
2012-04-02,2012-04-03,0,Overnight,0.0,False,9.59,9.59,71.38,False,0.0,False
2012-04-03,2012-04-04,0,Overnight,0.0,False,-136.66,-136.66,-151.43,False,0.0,False
2012-04-04,2012-04-05,0,Overnight,0.0,False,-22.71,-22.71,43.31,False,0.0,False
2012-04-05,2012-04-09,3,Long,72.0,False,-122.67,-122.67,-7.81,False,0.0,False
2012-04-09,2012-04-10,0,Overnight,0.0,False,45.76,45.76,-303.92,False,0.0,False
2012-04-10,2012-04-11,0,Overnight,0.0,False,140.73,140.73,-87.92,False,0.0,False
2012-04-11,2012-04-12,0,Overnight,0.0,False,4.79,4.79,138.88,False,0.0,False
2012-04-12,2012-04-13,0,Overnight,0.0,False,-41.51,-41.51,-76.12,False,0.0,False
2012-04-13,2012-04-16,2,Weekend,48.0,False,29.14,29.14,-187.45,False,0.0,False
2012-04-16,2012-04-17,0,Overnight,0.0,False,91.76,91.76,62.83,False,0.0,False
2012-04-17,2012-04-18,0,Overnight,0.0,False,22.8,22.8,118.46,False,0.0,False
2012-04-18,2012-04-19,0,Overnight,0.0,False,96.88,96.88,-95.31,False,0.0,False
2012-04-19,2012-04-20,0,Overnight,0.0,False,64.68,64.68,-123.46,False,0.0,False
2012-04-20,2012-04-23,2,Weekend,48.0,False,-52.25,-52.25,-39.76,False,0.0,False
2012-04-23,2012-04-24,0,Overnight,0.0,False,23.35,23.35,87.07,False,0.0,False
2012-04-24,2012-04-25,0,Overnight,0.0,False,70.16,70.16,142.46,False,0.0,False
2012-04-25,2012-04-26,0,Overnight,0.0,False,-43.82,-43.82,124.24,False,0.0,False
2012-04-26,2012-04-27,0,Overnight,0.0,False,1372.81,1372.81,89.44,False,0.0,False
2012-04-27,2012-04-30,2,Weekend,48.0,False,-128.66,-128.66,348.83,False,0.0,False
2012-04-30,2012-05-01,0,Overnight,0.0,False,-108.39,-108.39,27.86,False,0.0,False
2012-05-01,2012-05-02,0,Overnight,0.0,False,-96.97,-96.97,106.1,False,0.0,False
2012-05-02,2012-05-03,0,Overnight,0.0,False,-22.17,-22.17,-12.63,False,0.0,False
2012-05-03,2012-05-04,0,Overnight,0.0,False,-72.17,-72.17,-168.67,False,0.0,False
2012-05-04,2012-05-07,2,Weekend,48.0,False,-73.04,-73.04,125.14,False,0.0,False
2012-05-07,2012-05-08,0,Overnight,0.0,False,-89.67,-89.67,33.55,False,0.0,False
2012-05-08,2012-05-09,0,Overnight,0.0,False,-148.94,-148.94,107.76,False,0.0,False
2012-05-09,2012-05-10,0,Overnight,0.0,False,41.62,41.62,123.39,False,0.0,False
2012-05-10,2012-05-11,0,Overnight,0.0,False,-32.7,-32.7,76.27,False,0.0,False
2012-05-11,2012-05-14,2,Weekend,48.0,False,-91.78,-91.78,-119.06,False,0.0,False
2012-05-14,2012-05-15,0,Overnight,0.0,False,158.87,158.87,-93.59,False,0.0,False
2012-05-15,2012-05-16,0,Overnight,0.0,False,27.15,27.15,-41.87,False,0.0,False
2012-05-16,2012-05-17,0,Overnight,0.0,False,44.09,44.09,-301.78,False,0.0,False
2012-05-17,2012-05-18,0,Overnight,0.0,False,47.97,47.97,-256.67,False,0.0,False
2012-05-18,2012-05-21,2,Weekend,48.0,False,8.41,8.41,188.83,False,0.0,False
2012-05-21,2012-05-22,0,Overnight,0.0,False,9.17,9.17,-137.44,False,0.0,False
2012-05-22,2012-05-23,0,Overnight,0.0,False,-28.83,-28.83,118.99,False,0.0,False
2012-05-23,2012-05-24,0,Overnight,0.0,False,-13.82,-13.82,-80.51,False,0.0,False
2012-05-24,2012-05-25,0,Overnight,0.0,False,-11.62,-11.62,-98.16,False,0.0,False
2012-05-25,2012-05-29,3,Long,72.0,False,66.01,66.01,20.98,False,0.0,False
2012-05-29,2012-05-30,0,Overnight,0.0,False,-122.28,-122.28,-138.12,False,0.0,False
2012-05-30,2012-05-31,0,Overnight,0.0,False,11.94,11.94,162.41,False,0.0,False
2012-05-31,2012-06-01,0,Overnight,0.0,False,-212.18,-212.18,-10.56,False,0.0,False
2012-06-01,2012-06-04,2,Weekend,48.0,False,-39.46,-39.46,339.87,False,0.0,False
2012-06-04,2012-06-05,0,Overnight,0.0,False,-33.61,-33.61,-29.97,False,0.0,False
2012-06-05,2012-06-06,0,Overnight,0.0,False,66.38,66.38,139.27,False,0.0,False
2012-06-06,2012-06-07,0,Overnight,0.0,False,91.93,91.93,-38.77,False,0.0,False
2012-06-07,2012-06-08,0,Overnight,0.0,False,-8.69,-8.69,-5.95,False,0.0,False
2012-06-08,2012-06-11,2,Weekend,48.0,False,-45.42,-45.42,-45.62,False,0.0,False
2012-06-11,2012-06-12,0,Overnight,0.0,False,52.98,52.98,-56.67,False,0.0,False
2012-06-12,2012-06-13,0,Overnight,0.0,False,-41.67,-41.67,-36.72,False,0.0,False
2012-06-13,2012-06-14,0,Overnight,0.0,False,24.65,24.65,-37.7,False,0.0,False
2012-06-14,2012-06-15,0,Overnight,0.0,False,39.09,39.09,141.13,False,0.0,False
2012-06-15,2012-06-18,2,Weekend,48.0,False,-49.12,-49.12,244.59,False,0.0,False
2012-06-18,2012-06-19,0,Overnight,0.0,False,26.91,26.91,34.43,False,0.0,False
2012-06-19,2012-06-20,0,Overnight,0.0,False,21.4,21.4,-66.59,False,0.0,False
2012-06-20,2012-06-21,0,Overnight,0.0,False,36.7,36.7,-147.16,False,0.0,False
2012-06-21,2012-06-22,0,Overnight,0.0,False,56.96,56.96,14.87,False,0.0,False
2012-06-22,2012-06-25,2,Weekend,48.0,False,-84.08,-84.08,-10.45,False,0.0,False
2012-06-25,2012-06-26,0,Overnight,0.0,False,62.51,62.51,186.11,False,0.0,False
2012-06-26,2012-06-27,0,Overnight,0.0,False,-26.63,-26.63,27.07,False,0.0,False
2012-06-27,2012-06-28,0,Overnight,0.0,False,-75.63,-75.63,-117.24,False,0.0,False
2012-06-28,2012-06-29,0,Overnight,0.0,False,152.02,152.02,161.13,False,0.0,False
2012-06-29,2012-07-02,2,Weekend,48.0,False,41.52,41.52,0.87,False,0.0,False
2012-07-02,2012-07-03,0,Overnight,0.0,False,-7.85,-7.85,17.01,False,0.0,False
2012-07-03,2012-07-05,1,Short,24.0,True,-39.73,-39.73,-68.47,False,0.0,False
2012-07-05,2012-07-06,0,Overnight,0.0,False,-31.32,-31.32,-57.6,False,0.0,False
2012-07-06,2012-07-09,2,Weekend,48.0,False,-2.22,-2.22,2.22,False,0.0,False
2012-07-09,2012-07-10,0,Overnight,0.0,False,53.18,53.18,-302.88,False,0.0,False
2012-07-10,2012-07-11,0,Overnight,0.0,False,-25.09,-25.09,-26.53,False,0.0,False
2012-07-11,2012-07-12,0,Overnight,0.0,False,-80.92,-80.92,-57.87,False,0.0,False
2012-07-12,2012-07-13,0,Overnight,0.0,False,12.53,12.53,127.18,False,0.0,False
2012-07-13,2012-07-16,2,Weekend,48.0,False,-82.3,-82.3,-27.28,False,0.0,False
2012-07-16,2012-07-17,0,Overnight,0.0,False,66.44,66.44,-23.94,False,0.0,False
2012-07-17,2012-07-18,0,Overnight,0.0,False,-36.02,-36.02,60.88,False,0.0,False
2012-07-18,2012-07-19,0,Overnight,0.0,False,148.79,148.79,243.47,False,0.0,False
2012-07-19,2012-07-20,0,Overnight,0.0,False,-35.88,-35.88,129.18,False,0.0,False
2012-07-20,2012-07-23,2,Weekend,48.0,False,-157.62,-157.62,57.24,False,0.0,False
2012-07-23,2012-07-24,0,Overnight,0.0,False,11.5,11.5,-143.78,False,0.0,False
2012-07-24,2012-07-25,0,Overnight,0.0,False,-46.74,-46.74,-225.5,False,0.0,False
2012-07-25,2012-07-26,0,Overnight,0.0,False,135.0,135.0,0.45,False,0.0,False
2012-07-26,2012-07-27,0,Overnight,0.0,False,235.38,235.38,521.99,False,0.0,False
2012-07-27,2012-07-30,2,Weekend,48.0,False,-13.49,-13.49,-38.47,False,0.0,False
2012-07-30,2012-07-31,0,Overnight,0.0,False,-42.02,-42.02,-76.86,False,0.0,False
2012-07-31,2012-08-01,0,Overnight,0.0,False,35.94,35.94,-87.94,False,0.0,False
2012-08-01,2012-08-02,0,Overnight,0.0,False,-66.14,-66.14,10.84,False,0.0,False
2012-08-02,2012-08-03,0,Overnight,0.0,False,138.54,138.54,40.09,False,0.0,False
2012-08-03,2012-08-06,2,Weekend,48.0,False,25.08,25.08,-66.87,False,0.0,False
2012-08-06,2012-08-07,0,Overnight,0.0,False,5.98,5.98,103.25,False,0.0,False
2012-08-07,2012-08-08,0,Overnight,0.0,False,-53.83,-53.83,-38.75,False,0.0,False
2012-08-08,2012-08-09,0,Overnight,0.0,False,-19.22,-19.22,5.56,False,0.0,False
2012-08-09,2012-08-10,0,Overnight,0.0,False,-41.96,-41.96,-14.17,False,0.0,False
2012-08-10,2012-08-13,2,Weekend,48.0,False,-22.37,-22.37,9.04,False,0.0,False
2012-08-13,2012-08-14,0,Overnight,0.0,False,97.19,97.19,-64.97,False,0.0,False
2012-08-14,2012-08-15,0,Overnight,0.0,False,-39.96,-39.96,219.73,False,0.0,False
2012-08-15,2012-08-16,0,Overnight,0.0,False,12.63,12.63,159.83,False,0.0,False
2012-08-16,2012-08-17,0,Overnight,0.0,False,-39.41,-39.41,23.66,False,0.0,False
2012-08-17,2012-08-20,2,Weekend,48.0,False,8.29,8.29,-42.35,False,0.0,False
2012-08-20,2012-08-21,0,Overnight,0.0,False,22.03,22.03,-59.54,False,0.0,False
2012-08-21,2012-08-22,0,Overnight,0.0,False,-2.09,-2.09,153.37,False,0.0,False
2012-08-22,2012-08-23,0,Overnight,0.0,False,-39.57,-39.57,-38.9,False,0.0,False
2012-08-23,2012-08-24,0,Overnight,0.0,False,19.88,19.88,166.6,False,0.0,False
2012-08-24,2012-08-27,2,Weekend,48.0,False,2.03,2.03,-76.37,False,0.0,False
2012-08-27,2012-08-28,0,Overnight,0.0,False,2.05,2.05,87.33,False,0.0,False
2012-08-28,2012-08-29,0,Overnight,0.0,False,27.19,27.19,13.77,False,0.0,False
2012-08-29,2012-08-30,0,Overnight,0.0,False,-5.26,-5.26,-31.22,False,0.0,False
2012-08-30,2012-08-31,0,Overnight,0.0,False,74.86,74.86,8.06,False,0.0,False
2012-08-31,2012-09-04,3,Long,72.0,False,0.0,0.0,-15.72,False,0.0,False
2012-09-04,2012-09-05,0,Overnight,0.0,False,-10.9,-10.9,-56.29,False,0.0,False
2012-09-05,2012-09-06,0,Overnight,0.0,False,81.3,81.3,126.1,False,0.0,False
2012-09-06,2012-09-07,0,Overnight,0.0,False,97.78,97.78,206.25,False,0.0,False
2012-09-07,2012-09-10,2,Weekend,48.0,False,-5.4,-5.4,-74.02,False,0.0,False
2012-09-10,2012-09-11,0,Overnight,0.0,False,19.82,19.82,-75.2,False,0.0,False
2012-09-11,2012-09-12,0,Overnight,0.0,False,32.41,32.41,-33.98,False,0.0,False
2012-09-12,2012-09-13,0,Overnight,0.0,False,-27.03,-27.03,205.76,False,0.0,False
2012-09-13,2012-09-14,0,Overnight,0.0,False,44.48,44.48,-4.97,False,0.0,False
2012-09-14,2012-09-17,2,Weekend,48.0,False,-0.77,-0.77,-125.18,False,0.0,False
2012-09-17,2012-09-18,0,Overnight,0.0,False,18.59,18.59,10.44,False,0.0,False
2012-09-18,2012-09-19,0,Overnight,0.0,False,27.02,27.02,85.58,False,0.0,False
2012-09-19,2012-09-20,0,Overnight,0.0,False,-63.25,-63.25,29.95,False,0.0,False
2012-09-20,2012-09-21,0,Overnight,0.0,False,35.59,35.59,-164.48,False,0.0,False
2012-09-21,2012-09-24,2,Weekend,48.0,False,-87.77,-87.77,-16.47,False,0.0,False
2012-09-24,2012-09-25,0,Overnight,0.0,False,59.87,59.87,-152.13,False,0.0,False
2012-09-25,2012-09-26,0,Overnight,0.0,False,-2.38,-2.38,-108.75,False,0.0,False
2012-09-26,2012-09-27,0,Overnight,0.0,False,34.79,34.79,238.61,False,0.0,False
2012-09-27,2012-09-28,0,Overnight,0.0,False,-17.55,-17.55,-71.31,False,0.0,False
2012-09-28,2012-10-01,2,Weekend,48.0,False,42.38,42.38,-133.62,False,0.0,False
2012-10-01,2012-10-02,0,Overnight,0.0,False,31.3,31.3,-87.41,False,0.0,False
2012-10-02,2012-10-03,0,Overnight,0.0,False,24.31,24.31,185.76,False,0.0,False
2012-10-03,2012-10-04,0,Overnight,0.0,False,3.52,3.52,172.71,False,0.0,False
2012-10-04,2012-10-05,0,Overnight,0.0,False,27.99,27.99,-103.52,False,0.0,False
2012-10-05,2012-10-08,2,Weekend,48.0,False,-32.55,-32.55,53.8,False,0.0,False
2012-10-08,2012-10-09,0,Overnight,0.0,False,-15.07,-15.07,-302.6,False,0.0,False
2012-10-09,2012-10-10,0,Overnight,0.0,False,41.36,41.36,-282.12,False,0.0,False
2012-10-10,2012-10-11,0,Overnight,0.0,False,122.11,122.11,-153.59,False,0.0,False
2012-10-11,2012-10-12,0,Overnight,0.0,False,-42.68,-42.68,-33.78,False,0.0,False
2012-10-12,2012-10-15,2,Weekend,48.0,False,20.2,20.2,54.62,False,0.0,False
2012-10-15,2012-10-16,0,Overnight,0.0,False,28.22,28.22,-38.05,False,0.0,False
2012-10-16,2012-10-17,0,Overnight,0.0,False,-23.39,-23.39,167.87,False,0.0,False
2012-10-17,2012-10-18,0,Overnight,0.0,False,11.31,11.31,-118.55,False,0.0,False
2012-10-18,2012-10-19,0,Overnight,0.0,False,12.65,12.65,-212.72,False,0.0,False
2012-10-19,2012-10-22,2,Weekend,48.0,False,-49.71,-49.71,-212.88,False,0.0,False
2012-10-22,2012-10-23,0,Overnight,0.0,False,-117.46,-117.46,140.11,False,0.0,False
2012-10-23,2012-10-24,0,Overnight,0.0,False,66.78,66.78,-318.31,False,0.0,False
2012-10-24,2012-10-25,0,Overnight,0.0,False,105.79,105.79,-352.58,False,0.0,False
2012-10-25,2012-10-26,0,Overnight,0.0,False,251.61,251.61,413.05,False,0.0,False
2012-10-26,2012-10-31,4,Long,96.0,False,-80.92,-80.92,-146.21,False,0.0,False
2012-10-31,2012-11-01,0,Overnight,0.0,False,57.37,57.37,-89.63,False,0.0,False
2012-11-01,2012-11-02,0,Overnight,0.0,False,80.23,80.23,-68.18,False,0.0,False
2012-11-02,2012-11-05,2,Weekend,49.0,False,-16.36,-16.36,98.21,False,0.0,False
2012-11-05,2012-11-06,0,Overnight,0.0,False,45.98,45.98,90.92,False,0.0,False
2012-11-06,2012-11-07,0,Overnight,0.0,False,-80.73,-80.73,-153.52,False,0.0,False
2012-11-07,2012-11-08,0,Overnight,0.0,False,6.89,6.89,-211.95,False,0.0,False
2012-11-08,2012-11-09,0,Overnight,0.0,False,-48.06,-48.06,2.21,False,0.0,False
2012-11-09,2012-11-12,2,Weekend,48.0,False,12.36,12.36,-5.3,False,0.0,False
2012-11-12,2012-11-13,0,Overnight,0.0,False,-59.79,-59.79,65.53,False,0.0,False
2012-11-13,2012-11-14,0,Overnight,0.0,False,-4.41,-4.41,-157.97,False,0.0,False
2012-11-14,2012-11-15,0,Overnight,0.0,False,-29.2,-29.2,-76.77,False,0.0,False
2012-11-15,2012-11-16,0,Overnight,0.0,False,32.13,32.13,175.58,False,0.0,False
2012-11-16,2012-11-19,2,Weekend,48.0,False,136.26,136.26,60.69,False,0.0,False
2012-11-19,2012-11-20,0,Overnight,0.0,False,12.62,12.62,163.01,False,0.0,False
2012-11-20,2012-11-21,0,Overnight,0.0,False,2.57,2.57,177.6,False,0.0,False
2012-11-21,2012-11-23,1,Short,24.0,False,77.84,77.84,-0.42,False,0.0,False
2012-11-23,2012-11-26,2,Weekend,48.0,True,21.24,21.24,133.47,False,0.0,False
2012-11-26,2012-11-27,0,Overnight,0.0,False,-16.43,-16.43,7.4,False,0.0,False
2012-11-27,2012-11-28,0,Overnight,0.0,False,-39.11,-39.11,190.38,False,0.0,False
2012-11-28,2012-11-29,0,Overnight,0.0,False,37.97,37.97,128.98,False,0.0,False
2012-11-29,2012-11-30,0,Overnight,0.0,False,-35.48,-35.48,66.48,False,0.0,False
2012-11-30,2012-12-03,2,Weekend,48.0,False,19.42,19.42,-87.9,False,0.0,False
2012-12-03,2012-12-04,0,Overnight,0.0,False,-15.59,-15.59,101.51,False,0.0,False
2012-12-04,2012-12-05,0,Overnight,0.0,False,-1.98,-1.98,60.03,False,0.0,False
2012-12-05,2012-12-06,0,Overnight,0.0,False,-37.87,-37.87,14.61,False,0.0,False
2012-12-06,2012-12-07,0,Overnight,0.0,False,30.34,30.34,-34.29,False,0.0,False
2012-12-07,2012-12-10,2,Weekend,48.0,False,-6.71,-6.71,-212.84,False,0.0,False
2012-12-10,2012-12-11,0,Overnight,0.0,False,29.42,29.42,87.74,False,0.0,False
2012-12-11,2012-12-12,0,Overnight,0.0,False,15.15,15.15,27.44,False,0.0,False
2012-12-12,2012-12-13,0,Overnight,0.0,False,-25.85,-25.85,5.57,False,0.0,False
2012-12-13,2012-12-14,0,Overnight,0.0,False,-45.48,-45.48,-36.85,False,0.0,False
2012-12-14,2012-12-17,2,Weekend,48.0,False,24.85,24.85,160.82,False,0.0,False
2012-12-17,2012-12-18,0,Overnight,0.0,False,27.93,27.93,226.43,False,0.0,False
2012-12-18,2012-12-19,0,Overnight,0.0,False,34.5,34.5,-127.48,False,0.0,False
2012-12-19,2012-12-20,0,Overnight,0.0,False,14.33,14.33,120.8,False,0.0,False
2012-12-20,2012-12-21,0,Overnight,0.0,False,-141.73,-141.73,-34.97,False,0.0,False
2012-12-21,2012-12-24,2,Weekend,48.0,False,14.78,14.78,51.17,False,0.0,False
2012-12-24,2012-12-26,1,Short,24.0,True,-57.0,-57.0,-336.94,False,0.0,False
2012-12-26,2012-12-27,0,Overnight,0.0,False,-14.09,-14.09,1.21,False,0.0,False
2012-12-27,2012-12-28,0,Overnight,0.0,False,-99.56,-99.56,-27.29,False,0.0,False
2012-12-28,2012-12-31,2,Weekend,48.0,False,-58.5,-58.5,287.92,False,0.0,False
2012-12-31,2013-01-02,1,Short,24.0,False,205.55,205.55,47.92,False,0.0,False
2013-01-02,2013-01-03,0,Overnight,0.0,False,-1.55,-1.55,46.92,False,0.0,False
2013-01-03,2013-01-04,0,Overnight,0.0,False,-34.88,-34.88,60.77,False,0.0,False
2013-01-04,2013-01-07,2,Weekend,48.0,False,146.33,146.33,206.62,False,0.0,False
2013-01-07,2013-01-08,0,Overnight,0.0,False,-51.91,-51.91,-25.87,False,0.0,False
2013-01-08,2013-01-09,0,Overnight,0.0,False,66.97,66.97,-68.1,False,0.0,False
2013-01-09,2013-01-10,0,Overnight,0.0,False,81.89,81.89,-119.88,False,0.0,False
2013-01-10,2013-01-11,0,Overnight,0.0,False,-9.05,-9.05,106.56,False,0.0,False
2013-01-11,2013-01-14,2,Weekend,48.0,False,2.24,2.24,174.95,False,0.0,False
2013-01-14,2013-01-15,0,Overnight,0.0,False,-75.45,-75.45,44.97,False,0.0,False
2013-01-15,2013-01-16,0,Overnight,0.0,False,-50.51,-50.51,-59.32,False,0.0,False
2013-01-16,2013-01-17,0,Overnight,0.0,False,95.11,95.11,-37.64,False,0.0,False
2013-01-17,2013-01-18,0,Overnight,0.0,False,12.93,12.93,47.52,False,0.0,False
2013-01-18,2013-01-22,3,Long,72.0,False,-18.39,-18.39,-52.79,False,0.0,False
2013-01-22,2013-01-23,0,Overnight,0.0,False,14.05,14.05,-91.34,False,0.0,False
2013-01-23,2013-01-24,0,Overnight,0.0,False,46.89,46.89,150.69,False,0.0,False
2013-01-24,2013-01-25,0,Overnight,0.0,False,56.16,56.16,321.68,False,0.0,False
2013-01-25,2013-01-28,2,Weekend,48.0,False,-7.4,-7.4,-276.54,False,0.0,False
2013-01-28,2013-01-29,0,Overnight,0.0,False,-25.03,-25.03,-560.16,False,0.0,False
2013-01-29,2013-01-30,0,Overnight,0.0,False,834.2,834.2,-368.55,False,0.0,False
2013-01-30,2013-01-31,0,Overnight,0.0,False,-63.26,-63.26,-206.52,False,0.0,False
2013-01-31,2013-02-01,0,Overnight,0.0,False,128.36,128.36,-147.21,False,0.0,False
2013-02-01,2013-02-04,2,Weekend,48.0,False,-84.13,-84.13,-107.12,False,0.0,False
2013-02-04,2013-02-05,0,Overnight,0.0,False,77.4,77.4,184.92,False,0.0,False
2013-02-05,2013-02-06,0,Overnight,0.0,False,-65.03,-65.03,-111.5,False,0.0,False
2013-02-06,2013-02-07,0,Overnight,0.0,False,71.44,71.44,-147.62,False,0.0,False
2013-02-07,2013-02-08,0,Overnight,0.0,False,44.86,44.86,21.02,False,0.0,False
2013-02-08,2013-02-11,2,Weekend,48.0,False,47.61,47.61,-230.21,False,0.0,False
2013-02-11,2013-02-12,0,Overnight,0.0,False,76.69,76.69,-18.92,False,0.0,False
2013-02-12,2013-02-13,0,Overnight,0.0,False,108.8,108.8,299.08,False,0.0,False
2013-02-13,2013-02-14,0,Overnight,0.0,False,-78.24,-78.24,69.7,False,0.0,False
2013-02-14,2013-02-15,0,Overnight,0.0,False,-59.98,-59.98,-95.36,False,0.0,False
2013-02-15,2013-02-19,3,Long,72.0,False,30.89,30.89,143.38,False,0.0,False
2013-02-19,2013-02-20,0,Overnight,0.0,False,16.67,16.67,-141.26,False,0.0,False
2013-02-20,2013-02-21,0,Overnight,0.0,False,-48.54,-48.54,30.88,False,0.0,False
2013-02-21,2013-02-22,0,Overnight,0.0,False,25.54,25.54,-45.11,False,0.0,False
2013-02-22,2013-02-25,2,Weekend,48.0,False,57.1,57.1,-268.42,False,0.0,False
2013-02-25,2013-02-26,0,Overnight,0.0,False,39.17,39.17,-58.82,False,0.0,False
2013-02-26,2013-02-27,0,Overnight,0.0,False,1.54,1.54,147.33,False,0.0,False
2013-02-27,2013-02-28,0,Overnight,0.0,False,-54.85,-54.85,93.52,False,0.0,False
2013-02-28,2013-03-01,0,Overnight,0.0,False,-37.91,-37.91,93.38,False,0.0,False
2013-03-01,2013-03-04,2,Weekend,48.0,False,-14.31,-14.31,287.87,False,0.0,False
2013-03-04,2013-03-05,0,Overnight,0.0,False,32.53,32.53,57.86,False,0.0,False
2013-03-05,2013-03-06,0,Overnight,0.0,False,6.17,6.17,-71.7,False,0.0,False
2013-03-06,2013-03-07,0,Overnight,0.0,False,11.32,11.32,-8.03,False,0.0,False
2013-03-07,2013-03-08,0,Overnight,0.0,False,40.81,40.81,-29.5,False,0.0,False
2013-03-08,2013-03-11,2,Weekend,47.0,False,-27.76,-27.76,-80.42,False,0.0,False
2013-03-11,2013-03-12,0,Overnight,0.0,False,-8.85,-8.85,114.84,False,0.0,False
2013-03-12,2013-03-13,0,Overnight,0.0,False,40.41,40.41,-5.09,False,0.0,False
2013-03-13,2013-03-14,0,Overnight,0.0,False,-199.36,-199.36,-146.81,False,0.0,False
2013-03-14,2013-03-15,0,Overnight,0.0,False,-28.64,-28.64,-119.97,False,0.0,False
2013-03-15,2013-03-18,2,Weekend,48.0,False,-96.72,-96.72,-54.53,False,0.0,False
2013-03-18,2013-03-19,0,Overnight,0.0,False,19.76,19.76,-77.31,False,0.0,False
2013-03-19,2013-03-20,0,Overnight,0.0,False,63.76,63.76,-29.88,False,0.0,False
2013-03-20,2013-03-21,0,Overnight,0.0,False,-45.58,-45.58,-106.77,False,0.0,False
2013-03-21,2013-03-22,0,Overnight,0.0,False,45.67,45.67,124.93,False,0.0,False
2013-03-22,2013-03-25,2,Weekend,48.0,False,32.15,32.15,-99.5,False,0.0,False
2013-03-25,2013-03-26,0,Overnight,0.0,False,40.15,40.15,126.03,False,0.0,False
2013-03-26,2013-03-27,0,Overnight,0.0,False,-60.11,-60.11,249.99,False,0.0,False
2013-03-27,2013-03-28,0,Overnight,0.0,False,19.58,19.58,25.17,False,0.0,False
2013-03-28,2013-04-01,3,Long,72.0,False,18.37,18.37,-203.19,False,0.0,False
2013-04-01,2013-04-02,0,Overnight,0.0,False,30.15,30.15,35.0,False,0.0,False
2013-04-02,2013-04-03,0,Overnight,0.0,False,-45.68,-45.68,-118.59,False,0.0,False
2013-04-03,2013-04-04,0,Overnight,0.0,False,7.72,7.72,-5.79,False,0.0,False
2013-04-04,2013-04-05,0,Overnight,0.0,False,-130.54,-130.54,-9.39,False,0.0,False
2013-04-05,2013-04-08,2,Weekend,48.0,False,17.21,17.21,117.7,False,0.0,False
2013-04-08,2013-04-09,0,Overnight,0.0,False,-3.86,-3.86,88.08,False,0.0,False
2013-04-09,2013-04-10,0,Overnight,0.0,False,24.48,24.48,113.57,False,0.0,False
2013-04-10,2013-04-11,0,Overnight,0.0,False,-1.13,-1.13,191.18,False,0.0,False
2013-04-11,2013-04-12,0,Overnight,0.0,False,10.0,10.0,101.29,False,0.0,False
2013-04-12,2013-04-15,2,Weekend,48.0,False,-65.82,-65.82,-124.72,False,0.0,False
2013-04-15,2013-04-16,0,Overnight,0.0,False,59.21,59.21,111.88,False,0.0,False
2013-04-16,2013-04-17,0,Overnight,0.0,False,-56.71,-56.71,-126.35,False,0.0,False
2013-04-17,2013-04-18,0,Overnight,0.0,False,-22.09,-22.09,-280.88,False,0.0,False
2013-04-18,2013-04-19,0,Overnight,0.0,False,-48.69,-48.69,83.32,False,0.0,False
2013-04-19,2013-04-22,2,Weekend,48.0,False,-37.33,-37.33,160.65,False,0.0,False
2013-04-22,2013-04-23,0,Overnight,0.0,False,35.98,35.98,164.98,False,0.0,False
2013-04-23,2013-04-24,0,Overnight,0.0,False,22.29,22.29,-26.75,False,0.0,False
2013-04-24,2013-04-25,0,Overnight,0.0,False,101.79,101.79,116.07,False,0.0,False
2013-04-25,2013-04-26,0,Overnight,0.0,False,-173.69,-173.69,-577.93,False,0.0,False
2013-04-26,2013-04-29,2,Weekend,48.0,False,3.53,3.53,-204.51,False,0.0,False
2013-04-29,2013-04-30,0,Overnight,0.0,False,-14.83,-14.83,176.48,False,0.0,False
2013-04-30,2013-05-01,0,Overnight,0.0,False,3.55,3.55,-225.85,False,0.0,False
2013-05-01,2013-05-02,0,Overnight,0.0,False,28.56,28.56,143.97,False,0.0,False
2013-05-02,2013-05-03,0,Overnight,0.0,False,141.15,141.15,74.29,False,0.0,False
2013-05-03,2013-05-06,2,Weekend,48.0,False,1.55,1.55,-92.25,False,0.0,False
2013-05-06,2013-05-07,0,Overnight,0.0,False,23.05,23.05,55.25,False,0.0,False
2013-05-07,2013-05-08,0,Overnight,0.0,False,-33.42,-33.42,70.22,False,0.0,False
2013-05-08,2013-05-09,0,Overnight,0.0,False,1.93,1.93,55.12,False,0.0,False
2013-05-09,2013-05-10,0,Overnight,0.0,False,27.64,27.64,104.86,False,0.0,False
2013-05-10,2013-05-13,2,Weekend,48.0,False,-32.67,-32.67,66.0,False,0.0,False
2013-05-13,2013-05-14,0,Overnight,0.0,False,-0.38,-0.38,143.76,False,0.0,False
2013-05-14,2013-05-15,0,Overnight,0.0,False,-47.07,-47.07,-19.11,False,0.0,False
2013-05-15,2013-05-16,0,Overnight,0.0,False,-22.53,-22.53,-69.42,False,0.0,False
2013-05-16,2013-05-17,0,Overnight,0.0,False,64.53,64.53,151.95,False,0.0,False
2013-05-17,2013-05-20,2,Weekend,48.0,False,-33.4,-33.4,-51.06,False,0.0,False
2013-05-20,2013-05-21,0,Overnight,0.0,False,41.39,41.39,4.46,False,0.0,False
2013-05-21,2013-05-22,0,Overnight,0.0,False,-54.83,-54.83,-167.06,False,0.0,False
2013-05-22,2013-05-23,0,Overnight,0.0,False,-94.37,-94.37,50.16,False,0.0,False
2013-05-23,2013-05-24,0,Overnight,0.0,False,-74.76,-74.76,72.47,False,0.0,False
2013-05-24,2013-05-28,3,Long,72.0,False,179.48,179.48,30.35,False,0.0,False
2013-05-28,2013-05-29,0,Overnight,0.0,False,-68.7,-68.7,2.64,False,0.0,False
2013-05-29,2013-05-30,0,Overnight,0.0,False,6.78,6.78,42.06,False,0.0,False
2013-05-30,2013-05-31,0,Overnight,0.0,False,-31.15,-31.15,119.58,False,0.0,False
2013-05-31,2013-06-03,2,Weekend,48.0,False,-8.92,-8.92,-77.64,False,0.0,False
2013-06-03,2013-06-04,0,Overnight,0.0,False,4.5,4.5,-48.81,False,0.0,False
2013-06-04,2013-06-05,0,Overnight,0.0,False,4.14,4.14,51.03,False,0.0,False
2013-06-05,2013-06-06,0,Overnight,0.0,False,21.69,21.69,2.99,False,0.0,False
2013-06-06,2013-06-07,0,Overnight,0.0,False,71.06,71.06,260.9,False,0.0,False
2013-06-07,2013-06-10,2,Weekend,48.0,False,-6.86,-6.86,157.42,False,0.0,False
2013-06-10,2013-06-11,0,Overnight,0.0,False,-182.03,-182.03,-44.3,False,0.0,False
2013-06-11,2013-06-12,0,Overnight,0.0,False,66.02,66.02,-179.84,False,0.0,False
2013-06-12,2013-06-13,0,Overnight,0.0,False,-6.26,-6.26,156.78,False,0.0,False
2013-06-13,2013-06-14,0,Overnight,0.0,False,-28.69,-28.69,-36.79,False,0.0,False
2013-06-14,2013-06-17,2,Weekend,48.0,False,85.77,85.77,61.69,False,0.0,False
2013-06-17,2013-06-18,0,Overnight,0.0,False,36.62,36.62,95.57,False,0.0,False
2013-06-18,2013-06-19,0,Overnight,0.0,False,-17.76,-17.76,-110.83,False,0.0,False
2013-06-19,2013-06-20,0,Overnight,0.0,False,-109.16,-109.16,-61.98,False,0.0,False
2013-06-20,2013-06-21,0,Overnight,0.0,False,41.24,41.24,-44.17,False,0.0,False
2013-06-21,2013-06-24,2,Weekend,48.0,False,-76.01,-76.01,-25.1,False,0.0,False
2013-06-24,2013-06-25,0,Overnight,0.0,False,62.26,62.26,-7.72,False,0.0,False
2013-06-25,2013-06-26,0,Overnight,0.0,False,69.22,69.22,130.18,False,0.0,False
2013-06-26,2013-06-27,0,Overnight,0.0,False,57.84,57.84,-58.56,False,0.0,False
2013-06-27,2013-06-28,0,Overnight,0.0,False,-49.12,-49.12,54.16,False,0.0,False
2013-06-28,2013-07-01,2,Weekend,48.0,False,47.06,47.06,110.5,False,0.0,False
2013-07-01,2013-07-02,0,Overnight,0.0,False,-37.65,-37.65,95.26,False,0.0,False
2013-07-02,2013-07-03,0,Overnight,0.0,False,-61.16,-61.16,71.73,False,0.0,False
2013-07-03,2013-07-05,1,Short,24.0,True,34.09,34.09,30.83,False,0.0,False
2013-07-05,2013-07-08,2,Weekend,48.0,False,18.87,18.87,144.54,False,0.0,False
2013-07-08,2013-07-09,0,Overnight,0.0,False,14.1,14.1,18.2,False,0.0,False
2013-07-09,2013-07-10,0,Overnight,0.0,False,-4.12,-4.12,31.52,False,0.0,False
2013-07-10,2013-07-11,0,Overnight,0.0,False,90.58,90.58,157.07,False,0.0,False
2013-07-11,2013-07-12,0,Overnight,0.0,False,-32.42,-32.42,292.31,False,0.0,False
2013-07-12,2013-07-15,2,Weekend,48.0,False,-9.11,-9.11,-22.81,False,0.0,False
2013-07-15,2013-07-16,0,Overnight,0.0,False,23.78,23.78,-14.0,False,0.0,False
2013-07-16,2013-07-17,0,Overnight,0.0,False,3.26,3.26,55.88,False,0.0,False
2013-07-17,2013-07-18,0,Overnight,0.0,False,-78.7,-78.7,-70.78,False,0.0,False
2013-07-18,2013-07-19,0,Overnight,0.0,False,9.2,9.2,27.56,False,0.0,False
2013-07-19,2013-07-22,2,Weekend,48.0,False,130.84,130.84,-188.34,False,0.0,False
2013-07-22,2013-07-23,0,Overnight,0.0,False,-10.55,-10.55,-69.51,False,0.0,False
2013-07-23,2013-07-24,0,Overnight,0.0,False,64.89,64.89,-135.56,False,0.0,False
2013-07-24,2013-07-25,0,Overnight,0.0,False,2.01,2.01,146.08,False,0.0,False
2013-07-25,2013-07-26,0,Overnight,0.0,False,-127.71,-127.71,407.54,False,0.0,False
2013-07-26,2013-07-29,2,Weekend,48.0,False,-30.17,-30.17,-161.06,False,0.0,False
2013-07-29,2013-07-30,0,Overnight,0.0,False,52.78,52.78,-174.07,False,0.0,False
2013-07-30,2013-07-31,0,Overnight,0.0,False,49.48,49.48,-88.91,False,0.0,False
2013-07-31,2013-08-01,0,Overnight,0.0,False,61.56,61.56,81.82,False,0.0,False
2013-08-01,2013-08-02,0,Overnight,0.0,False,-30.81,-30.81,-13.8,False,0.0,False
2013-08-02,2013-08-05,2,Weekend,48.0,False,-26.66,-26.66,-79.75,False,0.0,False
2013-08-05,2013-08-06,0,Overnight,0.0,False,-15.96,-15.96,7.98,False,0.0,False
2013-08-06,2013-08-07,0,Overnight,0.0,False,-19.97,-19.97,-108.53,False,0.0,False
2013-08-07,2013-08-08,0,Overnight,0.0,False,54.08,54.08,-93.56,False,0.0,False
2013-08-08,2013-08-09,0,Overnight,0.0,False,-2.03,-2.03,53.29,False,0.0,False
2013-08-09,2013-08-12,2,Weekend,48.0,False,-49.57,-49.57,30.38,False,0.0,False
2013-08-12,2013-08-13,0,Overnight,0.0,False,-27.34,-27.34,-64.76,False,0.0,False
2013-08-13,2013-08-14,0,Overnight,0.0,False,10.88,10.88,-100.75,False,0.0,False
2013-08-14,2013-08-15,0,Overnight,0.0,False,-87.91,-87.91,-80.66,False,0.0,False
2013-08-15,2013-08-16,0,Overnight,0.0,False,2.79,2.79,-60.56,False,0.0,False
2013-08-16,2013-08-19,2,Weekend,48.0,False,12.98,12.98,13.32,False,0.0,False
2013-08-19,2013-08-20,0,Overnight,0.0,False,10.85,10.85,42.24,False,0.0,False
2013-08-20,2013-08-21,0,Overnight,0.0,False,-69.91,-69.91,-18.26,False,0.0,False
2013-08-21,2013-08-22,0,Overnight,0.0,False,8.08,8.08,171.62,False,0.0,False
2013-08-22,2013-08-23,0,Overnight,0.0,False,50.95,50.95,-41.29,False,0.0,False
2013-08-23,2013-08-26,2,Weekend,48.0,False,14.47,14.47,-146.37,False,0.0,False
2013-08-26,2013-08-27,0,Overnight,0.0,False,-82.09,-82.09,-104.11,False,0.0,False
2013-08-27,2013-08-28,0,Overnight,0.0,False,-20.31,-20.31,43.42,False,0.0,False
2013-08-28,2013-08-29,0,Overnight,0.0,False,-4.62,-4.62,89.49,False,0.0,False
2013-08-29,2013-08-30,0,Overnight,0.0,False,21.46,21.46,-127.66,False,0.0,False
2013-08-30,2013-09-03,3,Long,72.0,False,132.58,132.58,141.93,False,0.0,False
2013-09-03,2013-09-04,0,Overnight,0.0,False,-16.29,-16.29,182.49,False,0.0,False
2013-09-04,2013-09-05,0,Overnight,0.0,False,-0.34,-0.34,15.99,False,0.0,False
2013-09-05,2013-09-06,0,Overnight,0.0,False,41.74,41.74,17.93,False,0.0,False
2013-09-06,2013-09-09,2,Weekend,48.0,False,45.86,45.86,83.43,False,0.0,False
2013-09-09,2013-09-10,0,Overnight,0.0,False,27.99,27.99,-6.32,False,0.0,False
2013-09-10,2013-09-11,0,Overnight,0.0,False,-48.39,-48.39,24.39,False,0.0,False
2013-09-11,2013-09-12,0,Overnight,0.0,False,-8.35,-8.35,-17.72,False,0.0,False
2013-09-12,2013-09-13,0,Overnight,0.0,False,42.74,42.74,-74.24,False,0.0,False
2013-09-13,2013-09-16,2,Weekend,48.0,False,63.57,63.57,-126.2,False,0.0,False
2013-09-16,2013-09-17,0,Overnight,0.0,False,52.89,52.89,217.36,False,0.0,False
2013-09-17,2013-09-18,0,Overnight,0.0,False,-3.62,-3.62,258.74,False,0.0,False
2013-09-18,2013-09-19,0,Overnight,0.0,False,55.61,55.61,-54.65,False,0.0,False
2013-09-19,2013-09-20,0,Overnight,0.0,False,15.37,15.37,120.85,False,0.0,False
2013-09-20,2013-09-23,2,Weekend,48.0,False,-73.93,-73.93,-80.58,False,0.0,False
2013-09-23,2013-09-24,0,Overnight,0.0,False,30.13,30.13,54.26,False,0.0,False
2013-09-24,2013-09-25,0,Overnight,0.0,False,12.73,12.73,-59.95,False,0.0,False
2013-09-25,2013-09-26,0,Overnight,0.0,False,39.9,39.9,133.54,False,0.0,False
2013-09-26,2013-09-27,0,Overnight,0.0,False,-37.79,-37.79,-28.76,False,0.0,False
2013-09-27,2013-09-30,2,Weekend,48.0,False,-82.62,-82.62,-24.6,False,0.0,False
2013-09-30,2013-10-01,0,Overnight,0.0,False,50.41,50.41,211.92,False,0.0,False
2013-10-01,2013-10-02,0,Overnight,0.0,False,-91.08,-91.08,77.36,False,0.0,False
2013-10-02,2013-10-03,0,Overnight,0.0,False,-3.74,-3.74,-177.29,False,0.0,False
2013-10-03,2013-10-04,0,Overnight,0.0,False,11.75,11.75,123.31,False,0.0,False
2013-10-04,2013-10-07,2,Weekend,48.0,False,-119.82,-119.82,-166.65,False,0.0,False
2013-10-07,2013-10-08,0,Overnight,0.0,False,47.3,47.3,-269.08,False,0.0,False
2013-10-08,2013-10-09,0,Overnight,0.0,False,6.26,6.26,-172.53,False,0.0,False
2013-10-09,2013-10-10,0,Overnight,0.0,False,212.33,212.33,17.71,False,0.0,False
2013-10-10,2013-10-11,0,Overnight,0.0,False,-13.12,-13.12,198.82,False,0.0,False
2013-10-11,2013-10-14,2,Weekend,48.0,False,-53.86,-53.86,47.75,False,0.0,False
2013-10-14,2013-10-15,0,Overnight,0.0,False,-26.75,-26.75,-112.61,False,0.0,False
2013-10-15,2013-10-16,0,Overnight,0.0,False,64.41,64.41,68.19,False,0.0,False
2013-10-16,2013-10-17,0,Overnight,0.0,False,-110.76,-110.76,119.77,False,0.0,False
2013-10-17,2013-10-18,0,Overnight,0.0,False,272.66,272.66,295.26,False,0.0,False
2013-10-18,2013-10-21,2,Weekend,48.0,False,29.14,29.14,-105.13,False,0.0,False
2013-10-21,2013-10-22,0,Overnight,0.0,False,39.13,39.13,146.01,False,0.0,False
2013-10-22,2013-10-23,0,Overnight,0.0,False,-51.25,-51.25,-124.09,False,0.0,False
2013-10-23,2013-10-24,0,Overnight,0.0,False,87.45,87.45,77.96,False,0.0,False
2013-10-24,2013-10-25,0,Overnight,0.0,False,764.4,764.4,132.69,False,0.0,False
2013-10-25,2013-10-28,2,Weekend,48.0,False,-95.95,-95.95,-49.02,False,0.0,False
2013-10-28,2013-10-29,0,Overnight,0.0,False,22.31,22.31,103.65,False,0.0,False
2013-10-29,2013-10-30,0,Overnight,0.0,False,-2.21,-2.21,-42.56,False,0.0,False
2013-10-30,2013-10-31,0,Overnight,0.0,False,17.98,17.98,63.38,False,0.0,False
2013-10-31,2013-11-01,0,Overnight,0.0,False,43.86,43.86,-182.99,False,0.0,False
2013-11-01,2013-11-04,2,Weekend,49.0,False,31.15,31.15,-38.39,False,0.0,False
2013-11-04,2013-11-05,0,Overnight,0.0,False,-54.78,-54.78,58.97,False,0.0,False
2013-11-05,2013-11-06,0,Overnight,0.0,False,43.37,43.37,-119.17,False,0.0,False
2013-11-06,2013-11-07,0,Overnight,0.0,False,-8.99,-8.99,-351.76,False,0.0,False
2013-11-07,2013-11-08,0,Overnight,0.0,False,69.33,69.33,125.24,False,0.0,False
2013-11-08,2013-11-11,2,Weekend,48.0,False,7.99,7.99,107.52,False,0.0,False
2013-11-11,2013-11-12,0,Overnight,0.0,False,-39.3,-39.3,-98.5,False,0.0,False
2013-11-12,2013-11-13,0,Overnight,0.0,False,-61.12,-61.12,250.72,False,0.0,False
2013-11-13,2013-11-14,0,Overnight,0.0,False,32.79,32.79,276.24,False,0.0,False
2013-11-14,2013-11-15,0,Overnight,0.0,False,6.26,6.26,41.8,False,0.0,False
2013-11-15,2013-11-18,2,Weekend,48.0,False,30.02,30.02,-111.34,False,0.0,False
2013-11-18,2013-11-19,0,Overnight,0.0,False,-9.84,-9.84,-24.08,False,0.0,False
2013-11-19,2013-11-20,0,Overnight,0.0,False,71.54,71.54,-136.69,False,0.0,False
2013-11-20,2013-11-21,0,Overnight,0.0,False,40.74,40.74,132.89,False,0.0,False
2013-11-21,2013-11-22,0,Overnight,0.0,False,29.23,29.23,62.24,False,0.0,False
2013-11-22,2013-11-25,2,Weekend,48.0,False,40.48,40.48,75.15,False,0.0,False
2013-11-25,2013-11-26,0,Overnight,0.0,False,25.72,25.72,99.08,False,0.0,False
2013-11-26,2013-11-27,0,Overnight,0.0,False,55.69,55.69,83.36,False,0.0,False
2013-11-27,2013-11-29,1,Short,24.0,False,61.61,61.61,115.5,False,0.0,False
2013-11-29,2013-12-02,2,Weekend,48.0,True,135.75,135.75,-169.35,False,0.0,False
2013-12-02,2013-12-03,0,Overnight,0.0,False,-55.98,-55.98,-140.69,False,0.0,False
2013-12-03,2013-12-04,0,Overnight,0.0,False,-30.2,-30.2,63.94,False,0.0,False
2013-12-04,2013-12-05,0,Overnight,0.0,False,17.86,17.86,-56.02,False,0.0,False
2013-12-05,2013-12-06,0,Overnight,0.0,False,99.89,99.89,-36.12,False,0.0,False
2013-12-06,2013-12-09,2,Weekend,48.0,False,29.93,29.93,-83.31,False,0.0,False
2013-12-09,2013-12-10,0,Overnight,0.0,False,-29.92,-29.92,104.73,False,0.0,False
2013-12-10,2013-12-11,0,Overnight,0.0,False,-11.35,-11.35,-133.85,False,0.0,False
2013-12-11,2013-12-12,0,Overnight,0.0,False,-24.36,-24.36,-0.26,False,0.0,False
2013-12-12,2013-12-13,0,Overnight,0.0,False,106.19,106.19,-28.07,False,0.0,False
2013-12-13,2013-12-16,2,Weekend,48.0,False,20.54,20.54,101.81,False,0.0,False
2013-12-16,2013-12-17,0,Overnight,0.0,False,43.1,43.1,-77.09,False,0.0,False
2013-12-17,2013-12-18,0,Overnight,0.0,False,40.68,40.68,171.43,False,0.0,False
2013-12-18,2013-12-19,0,Overnight,0.0,False,-42.77,-42.77,23.31,False,0.0,False
2013-12-19,2013-12-20,0,Overnight,0.0,False,34.35,34.35,141.47,False,0.0,False
2013-12-20,2013-12-23,2,Weekend,48.0,False,36.98,36.98,-19.09,False,0.0,False
2013-12-23,2013-12-24,0,Overnight,0.0,False,-9.93,-9.93,-82.82,False,0.0,False
2013-12-24,2013-12-26,1,Short,24.0,True,64.67,64.67,64.5,False,0.0,False
2013-12-26,2013-12-27,0,Overnight,0.0,False,6.43,6.43,-163.7,False,0.0,False
2013-12-27,2013-12-30,2,Weekend,48.0,False,33.36,33.36,-152.38,False,0.0,False
2013-12-30,2013-12-31,0,Overnight,0.0,False,30.71,30.71,106.13,False,0.0,False
2013-12-31,2014-01-02,1,Short,24.0,False,0.25,0.25,-20.83,False,0.0,False
2014-01-02,2014-01-03,0,Overnight,0.0,False,8.04,8.04,-46.56,False,0.0,False
2014-01-03,2014-01-06,2,Weekend,48.0,False,-14.89,-14.89,-56.24,False,0.0,False
2014-01-06,2014-01-07,0,Overnight,0.0,False,35.76,35.76,75.4,False,0.0,False
2014-01-07,2014-01-08,0,Overnight,0.0,False,11.05,11.05,86.21,False,0.0,False
2014-01-08,2014-01-09,0,Overnight,0.0,False,44.44,44.44,-67.1,False,0.0,False
2014-01-09,2014-01-10,0,Overnight,0.0,False,37.83,37.83,-121.72,False,0.0,False
2014-01-10,2014-01-13,2,Weekend,48.0,False,8.04,8.04,-177.45,False,0.0,False
2014-01-13,2014-01-14,0,Overnight,0.0,False,29.37,29.37,137.02,False,0.0,False
2014-01-14,2014-01-15,0,Overnight,0.0,False,35.15,35.15,-77.25,False,0.0,False
2014-01-15,2014-01-16,0,Overnight,0.0,False,-55.48,-55.48,53.71,False,0.0,False
2014-01-16,2014-01-17,0,Overnight,0.0,False,-38.99,-38.99,134.78,False,0.0,False
2014-01-17,2014-01-21,3,Long,72.0,False,84.48,84.48,100.0,False,0.0,False
2014-01-21,2014-01-22,0,Overnight,0.0,False,23.31,23.31,-85.17,False,0.0,False
2014-01-22,2014-01-23,0,Overnight,0.0,False,-87.89,-87.89,-28.22,False,0.0,False
2014-01-23,2014-01-24,0,Overnight,0.0,False,-42.86,-42.86,-268.8,False,0.0,False
2014-01-24,2014-01-27,2,Weekend,48.0,False,74.54,74.54,-108.66,False,0.0,False
2014-01-27,2014-01-28,0,Overnight,0.0,False,28.95,28.95,179.84,False,0.0,False
2014-01-28,2014-01-29,0,Overnight,0.0,False,-57.72,-57.72,-205.07,False,0.0,False
2014-01-29,2014-01-30,0,Overnight,0.0,False,246.04,246.04,231.94,False,0.0,False
2014-01-30,2014-01-31,0,Overnight,0.0,False,-807.13,-807.13,-357.9,False,0.0,False
2014-01-31,2014-02-03,2,Weekend,48.0,False,8.08,8.08,-363.94,False,0.0,False
2014-02-03,2014-02-04,0,Overnight,0.0,False,98.89,98.89,-47.02,False,0.0,False
2014-02-04,2014-02-05,0,Overnight,0.0,False,-56.2,-56.2,13.0,False,0.0,False
2014-02-05,2014-02-06,0,Overnight,0.0,False,27.38,27.38,204.85,False,0.0,False
2014-02-06,2014-02-07,0,Overnight,0.0,False,123.04,123.04,58.33,False,0.0,False
2014-02-07,2014-02-10,2,Weekend,48.0,False,14.67,14.67,-20.48,False,0.0,False
2014-02-10,2014-02-11,0,Overnight,0.0,False,26.84,26.84,-1.38,False,0.0,False
2014-02-11,2014-02-12,0,Overnight,0.0,False,-149.26,-149.26,-203.5,False,0.0,False
2014-02-12,2014-02-13,0,Overnight,0.0,False,-44.48,-44.48,269.56,False,0.0,False
2014-02-13,2014-02-14,0,Overnight,0.0,False,59.73,59.73,-55.53,False,0.0,False
2014-02-14,2014-02-18,3,Long,72.0,False,-58.09,-58.09,-45.98,False,0.0,False
2014-02-18,2014-02-19,0,Overnight,0.0,False,-28.6,-28.6,-150.28,False,0.0,False
2014-02-19,2014-02-20,0,Overnight,0.0,False,40.8,40.8,28.63,False,0.0,False
2014-02-20,2014-02-21,0,Overnight,0.0,False,75.19,75.19,-162.48,False,0.0,False
2014-02-21,2014-02-24,2,Weekend,48.0,False,-45.38,-45.38,189.11,False,0.0,False
2014-02-24,2014-02-25,0,Overnight,0.0,False,34.62,34.62,149.58,False,0.0,False
2014-02-25,2014-02-26,0,Overnight,0.0,False,42.89,42.89,-1.67,False,0.0,False
2014-02-26,2014-02-27,0,Overnight,0.0,False,-71.96,-71.96,81.13,False,0.0,False
2014-02-27,2014-02-28,0,Overnight,0.0,False,13.04,13.04,41.51,False,0.0,False
2014-02-28,2014-03-03,2,Weekend,48.0,False,-93.23,-93.23,28.95,False,0.0,False
2014-03-03,2014-03-04,0,Overnight,0.0,False,113.86,113.86,0.0,False,0.0,False
2014-03-04,2014-03-05,0,Overnight,0.0,False,6.32,6.32,223.77,False,0.0,False
2014-03-05,2014-03-06,0,Overnight,0.0,False,45.01,45.01,-50.66,False,0.0,False
2014-03-06,2014-03-07,0,Overnight,0.0,False,64.82,64.82,-67.5,False,0.0,False
2014-03-07,2014-03-10,2,Weekend,47.0,False,16.92,16.92,-58.13,False,0.0,False
2014-03-10,2014-03-11,0,Overnight,0.0,False,12.41,12.41,-58.66,False,0.0,False
2014-03-11,2014-03-12,0,Overnight,0.0,False,-65.83,-65.83,115.06,False,0.0,False
2014-03-12,2014-03-13,0,Overnight,0.0,False,160.05,160.05,-136.61,False,0.0,False
2014-03-13,2014-03-14,0,Overnight,0.0,False,34.66,34.66,25.18,False,0.0,False
2014-03-14,2014-03-17,2,Weekend,48.0,False,52.84,52.84,-18.11,False,0.0,False
2014-03-17,2014-03-18,0,Overnight,0.0,False,60.61,60.61,38.36,False,0.0,False
2014-03-18,2014-03-19,0,Overnight,0.0,False,0.0,0.0,-147.34,False,0.0,False
2014-03-19,2014-03-20,0,Overnight,0.0,False,-69.64,-69.64,-45.16,False,0.0,False
2014-03-20,2014-03-21,0,Overnight,0.0,False,54.87,54.87,-283.77,False,0.0,False
2014-03-21,2014-03-24,2,Weekend,48.0,False,-14.71,-14.71,-231.49,False,0.0,False
2014-03-24,2014-03-25,0,Overnight,0.0,False,61.77,61.77,19.19,False,0.0,False
2014-03-25,2014-03-26,0,Overnight,0.0,False,67.99,67.99,-391.75,False,0.0,False
2014-03-26,2014-03-27,0,Overnight,0.0,False,-7.57,-7.57,-137.32,False,0.0,False
2014-03-27,2014-03-28,0,Overnight,0.0,False,46.57,46.57,-51.89,False,0.0,False
2014-03-28,2014-03-31,2,Weekend,48.0,False,120.76,120.76,-177.68,False,0.0,False
2014-03-31,2014-04-01,0,Overnight,0.0,False,51.0,51.0,143.89,False,0.0,False
2014-04-01,2014-04-02,0,Overnight,0.0,False,87.09,87.09,-117.16,False,0.0,False
2014-04-02,2014-04-03,0,Overnight,0.0,False,-4.09,-4.09,-242.82,False,0.0,False
2014-04-03,2014-04-04,0,Overnight,0.0,False,45.76,45.76,-369.26,False,0.0,False
2014-04-04,2014-04-07,2,Weekend,48.0,False,-62.42,-62.42,-101.14,False,0.0,False
2014-04-07,2014-04-08,0,Overnight,0.0,False,128.82,128.82,159.95,False,0.0,False
2014-04-08,2014-04-09,0,Overnight,0.0,False,42.71,42.71,101.17,False,0.0,False
2014-04-09,2014-04-10,0,Overnight,0.0,False,-36.53,-36.53,-416.61,False,0.0,False
2014-04-10,2014-04-11,0,Overnight,0.0,False,-98.56,-98.56,-72.56,False,0.0,False
2014-04-11,2014-04-14,2,Weekend,48.0,False,188.76,188.76,-55.56,False,0.0,False
2014-04-14,2014-04-15,0,Overnight,0.0,False,24.98,24.98,-19.6,False,0.0,False
2014-04-15,2014-04-16,0,Overnight,0.0,False,159.75,159.75,77.85,False,0.0,False
2014-04-16,2014-04-17,0,Overnight,0.0,False,-121.85,-121.85,159.78,False,0.0,False
2014-04-17,2014-04-21,3,Long,72.0,False,-28.97,-28.97,210.75,False,0.0,False
2014-04-21,2014-04-22,0,Overnight,0.0,False,34.09,34.09,-81.05,False,0.0,False
2014-04-22,2014-04-23,0,Overnight,0.0,False,112.93,112.93,-257.91,False,0.0,False
2014-04-23,2014-04-24,0,Overnight,0.0,False,155.6,155.6,224.36,False,0.0,False
2014-04-24,2014-04-25,0,Overnight,0.0,False,-639.95,-639.95,-400.65,False,0.0,False
2014-04-25,2014-04-28,2,Weekend,48.0,False,5.59,5.59,-247.11,False,0.0,False
2014-04-28,2014-04-29,0,Overnight,0.0,False,-4.72,-4.72,132.04,False,0.0,False
2014-04-29,2014-04-30,0,Overnight,0.0,False,-76.19,-76.19,200.26,False,0.0,False
2014-04-30,2014-05-01,0,Overnight,0.0,False,0.0,0.0,122.87,False,0.0,False
2014-05-01,2014-05-02,0,Overnight,0.0,False,81.84,81.84,-77.94,False,0.0,False
2014-05-02,2014-05-05,2,Weekend,48.0,False,-53.39,-53.39,119.4,False,0.0,False
2014-05-05,2014-05-06,0,Overnight,0.0,False,-16.79,-16.79,-400.44,False,0.0,False
2014-05-06,2014-05-07,0,Overnight,0.0,False,-61.39,-61.39,-96.9,False,0.0,False
2014-05-07,2014-05-08,0,Overnight,0.0,False,-64.78,-64.78,-86.34,False,0.0,False
2014-05-08,2014-05-09,0,Overnight,0.0,False,77.74,77.74,57.31,False,0.0,False
2014-05-09,2014-05-12,2,Weekend,48.0,False,70.24,70.24,286.71,False,0.0,False
2014-05-12,2014-05-13,0,Overnight,0.0,False,-8.59,-8.59,67.19,False,0.0,False
2014-05-13,2014-05-14,0,Overnight,0.0,False,-70.49,-70.49,-162.64,False,0.0,False
2014-05-14,2014-05-15,0,Overnight,0.0,False,13.43,13.43,-95.41,False,0.0,False
2014-05-15,2014-05-16,0,Overnight,0.0,False,-81.29,-81.29,165.96,False,0.0,False
2014-05-16,2014-05-19,2,Weekend,48.0,False,-65.38,-65.38,33.75,False,0.0,False
2014-05-19,2014-05-20,0,Overnight,0.0,False,11.45,11.45,136.73,False,0.0,False
2014-05-20,2014-05-21,0,Overnight,0.0,False,33.81,33.81,92.22,False,0.0,False
2014-05-21,2014-05-22,0,Overnight,0.0,False,1.31,1.31,-4.59,False,0.0,False
2014-05-22,2014-05-23,0,Overnight,0.0,False,18.02,18.02,219.53,False,0.0,False
2014-05-23,2014-05-27,3,Long,72.0,False,69.26,69.26,-114.84,False,0.0,False
2014-05-27,2014-05-28,0,Overnight,0.0,False,-42.56,-42.56,21.3,False,0.0,False
2014-05-28,2014-05-29,0,Overnight,0.0,False,8.38,8.38,107.66,False,0.0,False
2014-05-29,2014-05-30,0,Overnight,0.0,False,20.69,20.69,-59.97,False,0.0,False
2014-05-30,2014-06-02,2,Weekend,48.0,False,1.28,1.28,-120.69,False,0.0,False
2014-06-02,2014-06-03,0,Overnight,0.0,False,-100.56,-100.56,46.99,False,0.0,False
2014-06-03,2014-06-04,0,Overnight,0.0,False,-11.07,-11.07,-2.28,False,0.0,False
2014-06-04,2014-06-05,0,Overnight,0.0,False,42.94,42.94,489.91,False,0.0,False
2014-06-05,2014-06-06,0,Overnight,0.0,False,44.1,44.1,142.67,False,0.0,False
2014-06-06,2014-06-09,2,Weekend,48.0,False,57.47,57.47,-123.51,False,0.0,False
2014-06-09,2014-06-10,0,Overnight,0.0,False,4.58,4.58,144.23,False,0.0,False
2014-06-10,2014-06-11,0,Overnight,0.0,False,107.42,107.42,-23.84,False,0.0,False
2014-06-11,2014-06-12,0,Overnight,0.0,False,10.44,10.44,-291.5,False,0.0,False
2014-06-12,2014-06-13,0,Overnight,0.0,False,34.92,34.92,-23.88,False,0.0,False
2014-06-13,2014-06-16,2,Weekend,48.0,False,-43.31,-43.31,84.6,False,0.0,False
2014-06-16,2014-06-17,0,Overnight,0.0,False,-2.44,-2.44,-58.79,False,0.0,False
2014-06-17,2014-06-18,0,Overnight,0.0,False,72.83,72.83,192.64,False,0.0,False
2014-06-18,2014-06-19,0,Overnight,0.0,False,26.28,26.28,-249.46,False,0.0,False
2014-06-19,2014-06-20,0,Overnight,0.0,False,23.21,23.21,-109.21,False,0.0,False
2014-06-20,2014-06-23,2,Weekend,48.0,False,-26.87,-26.87,120.2,False,0.0,False
2014-06-23,2014-06-24,0,Overnight,0.0,False,9.16,9.16,-103.73,False,0.0,False
2014-06-24,2014-06-25,0,Overnight,0.0,False,5.24,5.24,95.43,False,0.0,False
2014-06-25,2014-06-26,0,Overnight,0.0,False,32.02,32.02,-85.6,False,0.0,False
2014-06-26,2014-06-27,0,Overnight,0.0,False,5.83,5.83,-40.28,False,0.0,False
2014-06-27,2014-06-30,2,Weekend,48.0,False,12.62,12.62,-6.16,False,0.0,False
2014-06-30,2014-07-01,0,Overnight,0.0,False,33.2,33.2,198.41,False,0.0,False
2014-07-01,2014-07-02,0,Overnight,0.0,False,24.34,24.34,-10.51,False,0.0,False
2014-07-02,2014-07-03,0,Overnight,0.0,False,59.31,59.31,79.13,False,0.0,False
2014-07-03,2014-07-07,3,Long,72.0,True,0.3,0.3,-117.73,False,0.0,False
2014-07-07,2014-07-08,0,Overnight,0.0,False,-13.5,-13.5,-282.86,False,0.0,False
2014-07-08,2014-07-09,0,Overnight,0.0,False,27.76,27.76,160.69,False,0.0,False
2014-07-09,2014-07-10,0,Overnight,0.0,False,-172.1,-172.1,109.77,False,0.0,False
2014-07-10,2014-07-11,0,Overnight,0.0,False,204.95,204.95,337.52,False,0.0,False
2014-07-11,2014-07-14,2,Weekend,48.0,False,23.95,23.95,236.08,False,0.0,False
2014-07-14,2014-07-15,0,Overnight,0.0,False,-45.13,-45.13,20.33,False,0.0,False
2014-07-15,2014-07-16,0,Overnight,0.0,False,33.24,33.24,7.87,False,0.0,False
2014-07-16,2014-07-17,0,Overnight,0.0,False,-69.36,-69.36,-28.05,False,0.0,False
2014-07-17,2014-07-18,0,Overnight,0.0,False,55.17,55.17,119.49,False,0.0,False
2014-07-18,2014-07-21,2,Weekend,48.0,False,-15.63,-15.63,46.25,False,0.0,False
2014-07-21,2014-07-22,0,Overnight,0.0,False,-126.15,-126.15,156.13,False,0.0,False
2014-07-22,2014-07-23,0,Overnight,0.0,False,-49.73,-49.73,-25.38,False,0.0,False
2014-07-23,2014-07-24,0,Overnight,0.0,False,51.25,51.25,-38.13,False,0.0,False
2014-07-24,2014-07-25,0,Overnight,0.0,False,-1223.88,-1223.88,209.27,False,0.0,False
2014-07-25,2014-07-28,2,Weekend,48.0,False,7.4,7.4,-119.13,False,0.0,False
2014-07-28,2014-07-29,0,Overnight,0.0,False,48.88,48.88,-61.68,False,0.0,False
2014-07-29,2014-07-30,0,Overnight,0.0,False,45.21,45.21,32.92,False,0.0,False
2014-07-30,2014-07-31,0,Overnight,0.0,False,-77.82,-77.82,-221.81,False,0.0,False
2014-07-31,2014-08-01,0,Overnight,0.0,False,22.34,22.34,-213.62,False,0.0,False
2014-08-01,2014-08-04,2,Weekend,48.0,False,57.8,57.8,154.54,False,0.0,False
2014-08-04,2014-08-05,0,Overnight,0.0,False,-11.17,-11.17,-31.33,False,0.0,False
2014-08-05,2014-08-06,0,Overnight,0.0,False,-47.82,-47.82,97.96,False,0.0,False
2014-08-06,2014-08-07,0,Overnight,0.0,False,41.96,41.96,-120.0,False,0.0,False
2014-08-07,2014-08-08,0,Overnight,0.0,False,15.72,15.72,154.6,False,0.0,False
2014-08-08,2014-08-11,2,Weekend,48.0,False,52.89,52.89,-4.71,False,0.0,False
2014-08-11,2014-08-12,0,Overnight,0.0,False,17.58,17.58,13.48,False,0.0,False
2014-08-12,2014-08-13,0,Overnight,0.0,False,256.0,256.0,-40.37,False,0.0,False
2014-08-13,2014-08-14,0,Overnight,0.0,False,46.48,46.48,163.69,False,0.0,False
2014-08-14,2014-08-15,0,Overnight,0.0,False,23.68,23.68,-11.09,False,0.0,False
2014-08-15,2014-08-18,2,Weekend,48.0,False,55.3,55.3,-28.36,False,0.0,False
2014-08-18,2014-08-19,0,Overnight,0.0,False,10.16,10.16,7.76,False,0.0,False
2014-08-19,2014-08-20,0,Overnight,0.0,False,-13.44,-13.44,32.81,False,0.0,False
2014-08-20,2014-08-21,0,Overnight,0.0,False,20.82,20.82,-106.66,False,0.0,False
2014-08-21,2014-08-22,0,Overnight,0.0,False,2.4,2.4,-42.13,False,0.0,False
2014-08-22,2014-08-25,2,Weekend,48.0,False,48.74,48.74,24.28,False,0.0,False
2014-08-25,2014-08-26,0,Overnight,0.0,False,88.82,88.82,142.31,False,0.0,False
2014-08-26,2014-08-27,0,Overnight,0.0,False,7.6,7.6,31.81,False,0.0,False
2014-08-27,2014-08-28,0,Overnight,0.0,False,-93.09,-93.09,0.59,False,0.0,False
2014-08-28,2014-08-29,0,Overnight,0.0,False,51.04,51.04,-79.91,False,0.0,False
2014-08-29,2014-09-02,3,Long,72.0,False,27.69,27.69,70.34,False,0.0,False
2014-09-02,2014-09-03,0,Overnight,0.0,False,4.67,4.67,-103.88,False,0.0,False
2014-09-03,2014-09-04,0,Overnight,0.0,False,137.4,137.4,65.54,False,0.0,False
2014-09-04,2014-09-05,0,Overnight,0.0,False,10.11,10.11,2.31,False,0.0,False
2014-09-05,2014-09-08,2,Weekend,48.0,False,-53.26,-53.26,-64.06,False,0.0,False
2014-09-08,2014-09-09,0,Overnight,0.0,False,-21.35,-21.35,-353.35,False,0.0,False
2014-09-09,2014-09-10,0,Overnight,0.0,False,137.04,137.04,-89.24,False,0.0,False
2014-09-10,2014-09-11,0,Overnight,0.0,False,-42.04,-42.04,17.56,False,0.0,False
2014-09-11,2014-09-12,0,Overnight,0.0,False,-29.09,-29.09,49.34,False,0.0,False
2014-09-12,2014-09-15,2,Weekend,48.0,False,-8.46,-8.46,-214.42,False,0.0,False
2014-09-15,2014-09-16,0,Overnight,0.0,False,-87.45,-87.45,206.23,False,0.0,False
2014-09-16,2014-09-17,0,Overnight,0.0,False,0.0,0.0,-115.38,False,0.0,False
2014-09-17,2014-09-18,0,Overnight,0.0,False,44.34,44.34,-13.53,False,0.0,False
2014-09-18,2014-09-19,0,Overnight,0.0,False,79.68,79.68,112.91,False,0.0,False
2014-09-19,2014-09-22,2,Weekend,48.0,False,-85.78,-85.78,-122.21,False,0.0,False
2014-09-22,2014-09-23,0,Overnight,0.0,False,-63.07,-63.07,36.22,False,0.0,False
2014-09-23,2014-09-24,0,Overnight,0.0,False,16.67,16.67,123.86,False,0.0,False
2014-09-24,2014-09-25,0,Overnight,0.0,False,-6.71,-6.71,-186.49,False,0.0,False
2014-09-25,2014-09-26,0,Overnight,0.0,False,-41.4,-41.4,81.08,False,0.0,False
2014-09-26,2014-09-29,2,Weekend,48.0,False,-84.2,-84.2,41.1,False,0.0,False
2014-09-29,2014-09-30,0,Overnight,0.0,False,-14.3,-14.3,33.55,False,0.0,False
2014-09-30,2014-10-01,0,Overnight,0.0,False,-12.41,-12.41,-143.24,False,0.0,False
2014-10-01,2014-10-02,0,Overnight,0.0,False,-17.02,-17.02,46.9,False,0.0,False
2014-10-02,2014-10-03,0,Overnight,0.0,False,61.06,61.06,74.02,False,0.0,False
2014-10-03,2014-10-06,2,Weekend,48.0,False,23.52,23.52,-40.27,False,0.0,False
2014-10-06,2014-10-07,0,Overnight,0.0,False,-86.34,-86.34,-76.99,False,0.0,False
2014-10-07,2014-10-08,0,Overnight,0.0,False,-12.63,-12.63,191.47,False,0.0,False
2014-10-08,2014-10-09,0,Overnight,0.0,False,-37.57,-37.57,-192.2,False,0.0,False
2014-10-09,2014-10-10,0,Overnight,0.0,False,-42.9,-42.9,-84.11,False,0.0,False
2014-10-10,2014-10-13,2,Weekend,48.0,False,-48.93,-48.93,-110.98,False,0.0,False
2014-10-13,2014-10-14,0,Overnight,0.0,False,50.45,50.45,10.06,False,0.0,False
2014-10-14,2014-10-15,0,Overnight,0.0,False,-129.27,-129.27,53.09,False,0.0,False
2014-10-15,2014-10-16,0,Overnight,0.0,False,-404.86,-404.86,302.69,False,0.0,False
2014-10-16,2014-10-17,0,Overnight,0.0,False,140.66,140.66,-114.93,False,0.0,False
2014-10-17,2014-10-20,2,Weekend,48.0,False,-22.75,-22.75,107.03,False,0.0,False
2014-10-20,2014-10-21,0,Overnight,0.0,False,119.79,119.79,173.7,False,0.0,False
2014-10-21,2014-10-22,0,Overnight,0.0,False,3.17,3.17,-78.29,False,0.0,False
2014-10-22,2014-10-23,0,Overnight,0.0,False,13.73,13.73,-7.02,False,0.0,False
2014-10-23,2014-10-24,0,Overnight,0.0,False,-963.96,-963.96,93.1,False,0.0,False
2014-10-24,2014-10-27,2,Weekend,48.0,False,-47.49,-47.49,148.35,False,0.0,False
2014-10-27,2014-10-28,0,Overnight,0.0,False,-7.24,-7.24,199.2,False,0.0,False
2014-10-28,2014-10-29,0,Overnight,0.0,False,118.38,118.38,-168.24,False,0.0,False
2014-10-29,2014-10-30,0,Overnight,0.0,False,-4.76,-4.76,171.66,False,0.0,False
2014-10-30,2014-10-31,0,Overnight,0.0,False,201.26,201.26,10.15,False,0.0,False
2014-10-31,2014-11-03,2,Weekend,49.0,False,25.5,25.5,-16.99,False,0.0,False
2014-11-03,2014-11-04,0,Overnight,0.0,False,-56.75,-56.75,-38.89,False,0.0,False
2014-11-04,2014-11-05,0,Overnight,0.0,False,6.6,6.6,-216.51,False,0.0,False
2014-11-05,2014-11-06,0,Overnight,0.0,False,5.73,5.73,-1.69,False,0.0,False
2014-11-06,2014-11-07,0,Overnight,0.0,False,39.7,39.7,68.26,False,0.0,False
2014-11-07,2014-11-10,2,Weekend,48.0,False,4.67,4.67,168.9,False,0.0,False
2014-11-10,2014-11-11,0,Overnight,0.0,False,27.17,27.17,196.46,False,0.0,False
2014-11-11,2014-11-12,0,Overnight,0.0,False,-40.47,-40.47,24.43,False,0.0,False
2014-11-12,2014-11-13,0,Overnight,0.0,False,15.72,15.72,142.57,False,0.0,False
2014-11-13,2014-11-14,0,Overnight,0.0,False,20.2,20.2,331.84,False,0.0,False
2014-11-14,2014-11-17,2,Weekend,48.0,False,-42.19,-42.19,-104.39,False,0.0,False
2014-11-17,2014-11-18,0,Overnight,0.0,False,29.05,29.05,28.97,False,0.0,False
2014-11-18,2014-11-19,0,Overnight,0.0,False,71.15,71.15,-21.72,False,0.0,False
2014-11-19,2014-11-20,0,Overnight,0.0,False,-78.09,-78.09,199.84,False,0.0,False
2014-11-20,2014-11-21,0,Overnight,0.0,False,146.56,146.56,-83.53,False,0.0,False
2014-11-21,2014-11-24,2,Weekend,48.0,False,64.43,64.43,25.66,False,0.0,False
2014-11-24,2014-11-25,0,Overnight,0.0,False,-11.03,-11.03,-6.86,False,0.0,False
2014-11-25,2014-11-26,0,Overnight,0.0,False,-37.68,-37.68,-6.29,False,0.0,False
2014-11-26,2014-11-28,1,Short,24.0,False,73.48,73.48,77.37,False,0.0,False
2014-11-28,2014-12-01,2,Weekend,48.0,True,-15.37,-15.37,-365.04,False,0.0,False
2014-12-01,2014-12-02,0,Overnight,0.0,False,45.91,45.91,-36.4,False,0.0,False
2014-12-02,2014-12-03,0,Overnight,0.0,False,-17.79,-17.79,-287.46,False,0.0,False
2014-12-03,2014-12-04,0,Overnight,0.0,False,-30.69,-30.69,44.27,False,0.0,False
2014-12-04,2014-12-05,0,Overnight,0.0,False,-4.1,-4.1,-132.5,False,0.0,False
2014-12-05,2014-12-08,2,Weekend,48.0,False,-33.96,-33.96,-159.5,False,0.0,False
2014-12-08,2014-12-09,0,Overnight,0.0,False,-119.75,-119.75,309.05,False,0.0,False
2014-12-09,2014-12-10,0,Overnight,0.0,False,-16.01,-16.01,-199.41,False,0.0,False
2014-12-10,2014-12-11,0,Overnight,0.0,False,66.8,66.8,-17.23,False,0.0,False
2014-12-11,2014-12-12,0,Overnight,0.0,False,-110.25,-110.25,108.95,False,0.0,False
2014-12-12,2014-12-15,2,Weekend,48.0,False,50.31,50.31,-91.07,False,0.0,False
2014-12-15,2014-12-16,0,Overnight,0.0,False,-56.35,-56.35,-310.0,False,0.0,False
2014-12-16,2014-12-17,0,Overnight,0.0,False,44.3,44.3,84.33,False,0.0,False
2014-12-17,2014-12-18,0,Overnight,0.0,False,170.18,170.18,-208.74,False,0.0,False
2014-12-18,2014-12-19,0,Overnight,0.0,False,-27.58,-27.58,100.2,False,0.0,False
2014-12-19,2014-12-22,2,Weekend,48.0,False,67.79,67.79,151.2,False,0.0,False
2014-12-22,2014-12-23,0,Overnight,0.0,False,14.34,14.34,-22.5,False,0.0,False
2014-12-23,2014-12-24,0,Overnight,0.0,False,2.94,2.94,-109.94,False,0.0,False
2014-12-24,2014-12-26,1,Short,24.0,True,64.8,64.8,133.21,False,0.0,False
2014-12-26,2014-12-29,2,Weekend,48.0,False,-40.2,-40.2,135.19,False,0.0,False
2014-12-29,2014-12-30,0,Overnight,0.0,False,-68.49,-68.49,12.58,False,0.0,False
2014-12-30,2014-12-31,0,Overnight,0.0,False,40.2,40.2,-38.59,False,0.0,False
2014-12-31,2015-01-02,1,Short,24.0,False,71.6,71.6,-130.74,False,0.0,False
2015-01-02,2015-01-05,2,Weekend,48.0,False,-49.06,-49.06,-158.24,False,0.0,False
2015-01-05,2015-01-06,0,Overnight,0.0,False,1.65,1.65,-232.63,False,0.0,False
2015-01-06,2015-01-07,0,Overnight,0.0,False,74.56,74.56,30.88,False,0.0,False
2015-01-07,2015-01-08,0,Overnight,0.0,False,63.47,63.47,4.66,False,0.0,False
2015-01-08,2015-01-09,0,Overnight,0.0,False,33.89,33.89,-152.07,False,0.0,False
2015-01-09,2015-01-12,2,Weekend,48.0,False,21.19,21.19,-208.85,False,0.0,False
2015-01-12,2015-01-13,0,Overnight,0.0,False,206.16,206.16,-92.53,False,0.0,False
2015-01-13,2015-01-14,0,Overnight,0.0,False,-95.8,-95.8,45.8,False,0.0,False
2015-01-14,2015-01-15,0,Overnight,0.0,False,24.86,24.86,-242.72,False,0.0,False
2015-01-15,2015-01-16,0,Overnight,0.0,False,-23.38,-23.38,154.59,False,0.0,False
2015-01-16,2015-01-20,3,Long,72.0,False,63.43,63.43,-108.24,False,0.0,False
2015-01-20,2015-01-21,0,Overnight,0.0,False,6.91,6.91,259.35,False,0.0,False
2015-01-21,2015-01-22,0,Overnight,0.0,False,92.09,92.09,338.22,False,0.0,False
2015-01-22,2015-01-23,0,Overnight,0.0,False,-72.45,-72.45,138.93,False,0.0,False
2015-01-23,2015-01-26,2,Weekend,48.0,False,-18.26,-18.26,-69.51,False,0.0,False
2015-01-26,2015-01-27,0,Overnight,0.0,False,-109.1,-109.1,14.68,False,0.0,False
2015-01-27,2015-01-28,0,Overnight,0.0,False,99.26,99.26,-192.28,False,0.0,False
2015-01-28,2015-01-29,0,Overnight,0.0,False,26.95,26.95,228.72,False,0.0,False
2015-01-29,2015-01-30,0,Overnight,0.0,False,1050.65,1050.65,234.3,False,0.0,False
2015-01-30,2015-02-02,2,Weekend,48.0,False,-127.17,-127.17,403.68,False,0.0,False
2015-02-02,2015-02-03,0,Overnight,0.0,False,-115.35,-115.35,90.08,False,0.0,False
2015-02-03,2015-02-04,0,Overnight,0.0,False,-143.23,-143.23,176.18,False,0.0,False
2015-02-04,2015-02-05,0,Overnight,0.0,False,34.21,34.21,213.28,False,0.0,False
2015-02-05,2015-02-06,0,Overnight,0.0,False,26.18,26.18,-15.75,False,0.0,False
2015-02-06,2015-02-09,2,Weekend,48.0,False,-88.02,-88.02,-11.87,False,0.0,False
2015-02-09,2015-02-10,0,Overnight,0.0,False,16.99,16.99,48.64,False,0.0,False
2015-02-10,2015-02-11,0,Overnight,0.0,False,-47.57,-47.57,104.77,False,0.0,False
2015-02-11,2015-02-12,0,Overnight,0.0,False,-1.07,-1.07,55.03,False,0.0,False
2015-02-12,2015-02-13,0,Overnight,0.0,False,32.82,32.82,89.97,False,0.0,False
2015-02-13,2015-02-17,3,Long,72.0,False,-108.22,-108.22,-60.81,False,0.0,False
2015-02-17,2015-02-18,0,Overnight,0.0,False,-44.05,-44.05,-10.97,False,0.0,False
2015-02-18,2015-02-19,0,Overnight,0.0,False,3.21,3.21,146.45,False,0.0,False
2015-02-19,2015-02-20,0,Overnight,0.0,False,-10.03,-10.03,132.24,False,0.0,False
2015-02-20,2015-02-23,2,Weekend,48.0,False,-5.74,-5.74,-86.44,False,0.0,False
2015-02-23,2015-02-24,0,Overnight,0.0,False,-39.27,-39.27,-1.58,False,0.0,False
2015-02-24,2015-02-25,0,Overnight,0.0,False,-34.93,-34.93,212.43,False,0.0,False
2015-02-25,2015-02-26,0,Overnight,0.0,False,-33.79,-33.79,18.99,False,0.0,False
2015-02-26,2015-02-27,0,Overnight,0.0,False,-20.81,-20.81,-100.5,False,0.0,False
2015-02-27,2015-03-02,2,Weekend,48.0,False,18.13,18.13,125.51,False,0.0,False
2015-03-02,2015-03-03,0,Overnight,0.0,False,-44.44,-44.44,17.17,False,0.0,False
2015-03-03,2015-03-04,0,Overnight,0.0,False,28.56,28.56,-77.82,False,0.0,False
2015-03-04,2015-03-05,0,Overnight,0.0,False,75.23,75.23,57.41,False,0.0,False
2015-03-05,2015-03-06,0,Overnight,0.0,False,-59.74,-59.74,-141.85,False,0.0,False
2015-03-06,2015-03-09,2,Weekend,47.0,False,-44.56,-44.56,4.23,False,0.0,False
2015-03-09,2015-03-10,0,Overnight,0.0,False,-29.36,-29.36,-212.6,False,0.0,False
2015-03-10,2015-03-11,0,Overnight,0.0,False,29.72,29.72,-115.06,False,0.0,False
2015-03-11,2015-03-12,0,Overnight,0.0,False,66.65,66.65,145.89,False,0.0,False
2015-03-12,2015-03-13,0,Overnight,0.0,False,-72.95,-72.95,-25.33,False,0.0,False
2015-03-13,2015-03-16,2,Weekend,48.0,False,-5.4,-5.4,79.87,False,0.0,False
2015-03-16,2015-03-17,0,Overnight,0.0,False,-60.18,-60.18,21.8,False,0.0,False
2015-03-17,2015-03-18,0,Overnight,0.0,False,-52.57,-52.57,138.77,False,0.0,False
2015-03-18,2015-03-19,0,Overnight,0.0,False,-33.91,-33.91,-16.86,False,0.0,False
2015-03-19,2015-03-20,0,Overnight,0.0,False,81.38,81.38,58.29,False,0.0,False
2015-03-20,2015-03-23,2,Weekend,48.0,False,-11.1,-11.1,-78.6,False,0.0,False
2015-03-23,2015-03-24,0,Overnight,0.0,False,-29.9,-29.9,2.67,False,0.0,False
2015-03-24,2015-03-25,0,Overnight,0.0,False,28.83,28.83,-112.85,False,0.0,False
2015-03-25,2015-03-26,0,Overnight,0.0,False,-37.0,-37.0,-60.79,False,0.0,False
2015-03-26,2015-03-27,0,Overnight,0.0,False,-6.54,-6.54,93.54,False,0.0,False
2015-03-27,2015-03-30,2,Weekend,48.0,False,35.29,35.29,72.88,False,0.0,False
2015-03-30,2015-03-31,0,Overnight,0.0,False,-36.1,-36.1,-30.59,False,0.0,False
2015-03-31,2015-04-01,0,Overnight,0.0,False,0.0,0.0,-49.57,False,0.0,False
2015-04-01,2015-04-02,0,Overnight,0.0,False,6.48,6.48,47.12,False,0.0,False
2015-04-02,2015-04-06,3,Long,72.0,False,-57.92,-57.92,185.78,False,0.0,False
2015-04-06,2015-04-07,0,Overnight,0.0,False,-23.63,-23.63,-46.37,False,0.0,False
2015-04-07,2015-04-08,0,Overnight,0.0,False,6.67,6.67,173.05,False,0.0,False
2015-04-08,2015-04-09,0,Overnight,0.0,False,-14.17,-14.17,75.37,False,0.0,False
2015-04-09,2015-04-10,0,Overnight,0.0,False,20.06,20.06,-43.29,False,0.0,False
2015-04-10,2015-04-13,2,Weekend,48.0,False,22.97,22.97,-30.55,False,0.0,False
2015-04-13,2015-04-14,0,Overnight,0.0,False,30.03,30.03,41.63,False,0.0,False
2015-04-14,2015-04-15,0,Overnight,0.0,False,-11.95,-11.95,-31.25,False,0.0,False
2015-04-15,2015-04-16,0,Overnight,0.0,False,6.26,6.26,61.06,False,0.0,False
2015-04-16,2015-04-17,0,Overnight,0.0,False,-88.73,-88.73,-186.5,False,0.0,False
2015-04-17,2015-04-20,2,Weekend,48.0,False,79.3,79.3,285.41,False,0.0,False
2015-04-20,2015-04-21,0,Overnight,0.0,False,46.11,46.11,-3.32,False,0.0,False
2015-04-21,2015-04-22,0,Overnight,0.0,False,18.64,18.64,-53.98,False,0.0,False
2015-04-22,2015-04-23,0,Overnight,0.0,False,10.51,10.51,-5.64,False,0.0,False
2015-04-23,2015-04-24,0,Overnight,0.0,False,1183.78,1183.78,137.99,False,0.0,False
2015-04-24,2015-04-27,2,Weekend,48.0,False,-27.9,-27.9,-120.13,False,0.0,False
2015-04-27,2015-04-28,0,Overnight,0.0,False,-1.14,-1.14,-212.03,False,0.0,False
2015-04-28,2015-04-29,0,Overnight,0.0,False,-59.81,-59.81,61.21,False,0.0,False
2015-04-29,2015-04-30,0,Overnight,0.0,False,-52.77,-52.77,-125.58,False,0.0,False
2015-04-30,2015-05-01,0,Overnight,0.0,False,48.25,48.25,-22.44,False,0.0,False
2015-05-01,2015-05-04,2,Weekend,48.0,False,45.54,45.54,-41.52,False,0.0,False
2015-05-04,2015-05-05,0,Overnight,0.0,False,-4.49,-4.49,-39.33,False,0.0,False
2015-05-05,2015-05-06,0,Overnight,0.0,False,5.7,5.7,-55.44,False,0.0,False
2015-05-06,2015-05-07,0,Overnight,0.0,False,119.78,119.78,64.16,False,0.0,False
2015-05-07,2015-05-08,0,Overnight,0.0,False,90.25,90.25,68.02,False,0.0,False
2015-05-08,2015-05-11,2,Weekend,48.0,False,-27.25,-27.25,7.86,False,0.0,False
2015-05-11,2015-05-12,0,Overnight,0.0,False,-40.98,-40.98,-1.39,False,0.0,False
2015-05-12,2015-05-13,0,Overnight,0.0,False,-24.16,-24.16,-72.59,False,0.0,False
2015-05-13,2015-05-14,0,Overnight,0.0,False,60.26,60.26,65.68,False,0.0,False
2015-05-14,2015-05-15,0,Overnight,0.0,False,-99.5,-99.5,-46.84,False,0.0,False
2015-05-15,2015-05-18,2,Weekend,48.0,False,0.0,0.0,-17.86,False,0.0,False
2015-05-18,2015-05-19,0,Overnight,0.0,False,-8.7,-8.7,-74.65,False,0.0,False
2015-05-19,2015-05-20,0,Overnight,0.0,False,-26.36,-26.36,77.21,False,0.0,False
2015-05-20,2015-05-21,0,Overnight,0.0,False,97.2,97.2,84.45,False,0.0,False
2015-05-21,2015-05-22,0,Overnight,0.0,False,-1.85,-1.85,-91.25,False,0.0,False
2015-05-22,2015-05-26,3,Long,72.0,False,-33.5,-33.5,-17.14,False,0.0,False
2015-05-26,2015-05-27,0,Overnight,0.0,False,46.43,46.43,92.45,False,0.0,False
2015-05-27,2015-05-28,0,Overnight,0.0,False,-39.71,-39.71,-73.34,False,0.0,False
2015-05-28,2015-05-29,0,Overnight,0.0,False,15.46,15.46,46.7,False,0.0,False
2015-05-29,2015-06-01,2,Weekend,48.0,False,27.22,27.22,12.07,False,0.0,False
2015-06-01,2015-06-02,0,Overnight,0.0,False,-19.74,-19.74,21.37,False,0.0,False
2015-06-02,2015-06-03,0,Overnight,0.0,False,78.81,78.81,50.29,False,0.0,False
2015-06-03,2015-06-04,0,Overnight,0.0,False,-50.29,-50.29,-83.68,False,0.0,False
2015-06-04,2015-06-05,0,Overnight,0.0,False,-26.03,-26.03,-63.27,False,0.0,False
2015-06-05,2015-06-08,2,Weekend,48.0,False,-31.2,-31.2,-49.93,False,0.0,False
2015-06-08,2015-06-09,0,Overnight,0.0,False,-12.76,-12.76,59.4,False,0.0,False
2015-06-09,2015-06-10,0,Overnight,0.0,False,23.01,23.01,100.56,False,0.0,False
2015-06-10,2015-06-11,0,Overnight,0.0,False,35.22,35.22,15.72,False,0.0,False
2015-06-11,2015-06-12,0,Overnight,0.0,False,-39.8,-39.8,-30.89,False,0.0,False
2015-06-12,2015-06-15,2,Weekend,48.0,False,-52.71,-52.71,-93.74,False,0.0,False
2015-06-15,2015-06-16,0,Overnight,0.0,False,11.32,11.32,73.06,False,0.0,False
2015-06-16,2015-06-17,0,Overnight,0.0,False,25.71,25.71,-12.85,False,0.0,False
2015-06-17,2015-06-18,0,Overnight,0.0,False,58.03,58.03,209.05,False,0.0,False
2015-06-18,2015-06-19,0,Overnight,0.0,False,19.78,19.78,-122.03,False,0.0,False
2015-06-19,2015-06-22,2,Weekend,48.0,False,47.71,47.71,-16.26,False,0.0,False
2015-06-22,2015-06-23,0,Overnight,0.0,False,-16.06,-16.06,235.95,False,0.0,False
2015-06-23,2015-06-24,0,Overnight,0.0,False,-22.9,-22.9,-93.25,False,0.0,False
2015-06-24,2015-06-25,0,Overnight,0.0,False,-63.03,-63.03,46.23,False,0.0,False
2015-06-25,2015-06-26,0,Overnight,0.0,False,37.65,37.65,-83.19,False,0.0,False
2015-06-26,2015-06-29,2,Weekend,48.0,False,-71.47,-71.47,-118.41,False,0.0,False
2015-06-29,2015-06-30,0,Overnight,0.0,False,100.46,100.46,-2.53,False,0.0,False
2015-06-30,2015-07-01,0,Overnight,0.0,False,120.45,120.45,-44.71,False,0.0,False
2015-07-01,2015-07-02,0,Overnight,0.0,False,-8.92,-8.92,16.23,False,0.0,False
2015-07-02,2015-07-06,3,Long,72.0,False,-56.82,-56.82,18.59,False,0.0,False
2015-07-06,2015-07-07,0,Overnight,0.0,False,-8.26,-8.26,23.84,False,0.0,False
2015-07-07,2015-07-08,0,Overnight,0.0,False,-54.42,-54.42,-107.63,False,0.0,False
2015-07-08,2015-07-09,0,Overnight,0.0,False,120.29,120.29,-11.73,False,0.0,False
2015-07-09,2015-07-10,0,Overnight,0.0,False,139.45,139.45,68.33,False,0.0,False
2015-07-10,2015-07-13,2,Weekend,48.0,False,107.2,107.2,161.09,False,0.0,False
2015-07-13,2015-07-14,0,Overnight,0.0,False,147.08,147.08,70.05,False,0.0,False
2015-07-14,2015-07-15,0,Overnight,0.0,False,-54.49,-54.49,-40.03,False,0.0,False
2015-07-15,2015-07-16,0,Overnight,0.0,False,93.02,93.02,212.13,False,0.0,False
2015-07-16,2015-07-17,0,Overnight,0.0,False,46.58,46.58,110.54,False,0.0,False
2015-07-17,2015-07-20,2,Weekend,48.0,False,195.99,195.99,-91.16,False,0.0,False
2015-07-20,2015-07-21,0,Overnight,0.0,False,-4.1,-4.1,2.05,False,0.0,False
2015-07-21,2015-07-22,0,Overnight,0.0,False,-41.27,-41.27,46.8,False,0.0,False
2015-07-22,2015-07-23,0,Overnight,0.0,False,69.19,69.19,-194.7,False,0.0,False
2015-07-23,2015-07-24,0,Overnight,0.0,False,1829.68,1829.68,-895.03,False,0.0,False
2015-07-24,2015-07-27,2,Weekend,48.0,False,-31.59,-31.59,69.11,False,0.0,False
2015-07-27,2015-07-28,0,Overnight,0.0,False,86.0,86.0,-187.76,False,0.0,False
2015-07-28,2015-07-29,0,Overnight,0.0,False,92.53,92.53,-36.23,False,0.0,False
2015-07-29,2015-07-30,0,Overnight,0.0,False,-25.55,-25.55,171.18,False,0.0,False
2015-07-30,2015-07-31,0,Overnight,0.0,False,43.32,43.32,-54.69,False,0.0,False
2015-07-31,2015-08-03,2,Weekend,48.0,False,24.22,24.22,-45.13,False,0.0,False
2015-08-03,2015-08-04,0,Overnight,0.0,False,-100.31,-100.31,41.63,False,0.0,False
2015-08-04,2015-08-05,0,Overnight,0.0,False,128.89,128.89,-33.28,False,0.0,False
2015-08-05,2015-08-06,0,Overnight,0.0,False,42.55,42.55,-184.14,False,0.0,False
2015-08-06,2015-08-07,0,Overnight,0.0,False,-5.67,-5.67,-124.36,False,0.0,False
2015-08-07,2015-08-10,2,Weekend,48.0,False,112.26,112.26,-85.89,False,0.0,False
2015-08-10,2015-08-11,0,Overnight,0.0,False,-6.68,-6.68,72.49,False,0.0,False
2015-08-11,2015-08-12,0,Overnight,0.0,False,-70.59,-70.59,41.16,False,0.0,False
2015-08-12,2015-08-13,0,Overnight,0.0,False,27.72,27.72,43.33,False,0.0,False
2015-08-13,2015-08-14,0,Overnight,0.0,False,-26.66,-26.66,61.71,False,0.0,False
2015-08-14,2015-08-17,2,Weekend,48.0,False,-4.33,-4.33,73.7,False,0.0,False
2015-08-17,2015-08-18,0,Overnight,0.0,False,-3.36,-3.36,-0.37,False,0.0,False
2015-08-18,2015-08-19,0,Overnight,0.0,False,-23.95,-23.95,-15.38,False,0.0,False
2015-08-19,2015-08-20,0,Overnight,0.0,False,-47.59,-47.59,-279.32,False,0.0,False
2015-08-20,2015-08-21,0,Overnight,0.0,False,-164.6,-164.6,-257.34,False,0.0,False
2015-08-21,2015-08-24,2,Weekend,48.0,False,-645.07,-645.07,-4.53,False,0.0,False
2015-08-24,2015-08-25,0,Overnight,0.0,False,507.44,507.44,-442.9,False,0.0,False
2015-08-25,2015-08-26,0,Overnight,0.0,False,371.47,371.47,340.21,False,0.0,False
2015-08-26,2015-08-27,0,Overnight,0.0,False,255.12,255.12,90.3,False,0.0,False
2015-08-27,2015-08-28,0,Overnight,0.0,False,-16.8,-16.8,9.85,False,0.0,False
2015-08-28,2015-08-31,2,Weekend,48.0,False,-30.35,-30.35,-68.98,False,0.0,False
2015-08-31,2015-09-01,0,Overnight,0.0,False,-271.75,-271.75,-52.23,False,0.0,False
2015-09-01,2015-09-02,0,Overnight,0.0,False,170.73,170.73,107.52,False,0.0,False
2015-09-02,2015-09-03,0,Overnight,0.0,False,77.07,77.07,-191.92,False,0.0,False
2015-09-03,2015-09-04,0,Overnight,0.0,False,-141.07,-141.07,27.09,False,0.0,False
2015-09-04,2015-09-08,3,Long,72.0,False,192.33,192.33,172.48,False,0.0,False
2015-09-08,2015-09-09,0,Overnight,0.0,False,124.05,124.05,-136.62,False,0.0,False
2015-09-09,2015-09-10,0,Overnight,0.0,False,-33.72,-33.72,136.69,False,0.0,False
2015-09-10,2015-09-11,0,Overnight,0.0,False,-22.43,-22.43,159.35,False,0.0,False
2015-09-11,2015-09-14,2,Weekend,48.0,False,0.0,0.0,-153.41,False,0.0,False
2015-09-14,2015-09-15,0,Overnight,0.0,False,35.8,35.8,-16.83,False,0.0,False
2015-09-15,2015-09-16,0,Overnight,0.0,False,-7.47,-7.47,103.11,False,0.0,False
2015-09-16,2015-09-17,0,Overnight,0.0,False,-7.78,-7.78,223.12,False,0.0,False
2015-09-17,2015-09-18,0,Overnight,0.0,False,-79.18,-79.18,104.94,False,0.0,False
2015-09-18,2015-09-21,2,Weekend,48.0,False,75.05,75.05,74.31,False,0.0,False
2015-09-21,2015-09-22,0,Overnight,0.0,False,-159.55,-159.55,-24.3,False,0.0,False
2015-09-22,2015-09-23,0,Overnight,0.0,False,-1.86,-1.86,-41.51,False,0.0,False
2015-09-23,2015-09-24,0,Overnight,0.0,False,-103.51,-103.51,60.13,False,0.0,False
2015-09-24,2015-09-25,0,Overnight,0.0,False,163.9,163.9,-343.48,False,0.0,False
2015-09-25,2015-09-28,2,Weekend,48.0,False,-81.01,-81.01,-311.72,False,0.0,False
2015-09-28,2015-09-29,0,Overnight,0.0,False,38.41,38.41,-198.2,False,0.0,False
2015-09-29,2015-09-30,0,Overnight,0.0,False,187.12,187.12,126.8,False,0.0,False
2015-09-30,2015-10-01,0,Overnight,0.0,False,-17.4,-17.4,188.43,False,0.0,False
2015-10-01,2015-10-02,0,Overnight,0.0,False,-149.56,-149.56,374.02,False,0.0,False
2015-10-02,2015-10-05,2,Weekend,48.0,False,83.21,83.21,123.81,False,0.0,False
2015-10-05,2015-10-06,0,Overnight,0.0,False,33.42,33.42,-148.11,False,0.0,False
2015-10-06,2015-10-07,0,Overnight,0.0,False,79.87,79.87,2.77,False,0.0,False
2015-10-07,2015-10-08,0,Overnight,0.0,False,-96.97,-96.97,-66.36,False,0.0,False
2015-10-08,2015-10-09,0,Overnight,0.0,False,24.73,24.73,99.04,False,0.0,False
2015-10-09,2015-10-12,2,Weekend,48.0,False,2.96,2.96,187.69,False,0.0,False
2015-10-12,2015-10-13,0,Overnight,0.0,False,-71.69,-71.69,48.21,False,0.0,False
2015-10-13,2015-10-14,0,Overnight,0.0,False,44.35,44.35,-118.78,False,0.0,False
2015-10-14,2015-10-15,0,Overnight,0.0,False,53.45,53.45,264.65,False,0.0,False
2015-10-15,2015-10-16,0,Overnight,0.0,False,50.19,50.19,96.65,False,0.0,False
2015-10-16,2015-10-19,2,Weekend,48.0,False,0.0,0.0,41.79,False,0.0,False
2015-10-19,2015-10-20,0,Overnight,0.0,False,-20.08,-20.08,-196.32,False,0.0,False
2015-10-20,2015-10-21,0,Overnight,0.0,False,53.17,53.17,-144.69,False,0.0,False
2015-10-21,2015-10-22,0,Overnight,0.0,False,123.92,123.92,21.48,False,0.0,False
2015-10-22,2015-10-23,0,Overnight,0.0,False,910.76,910.76,-306.59,False,0.0,False
2015-10-23,2015-10-26,2,Weekend,48.0,False,54.44,54.44,104.22,False,0.0,False
2015-10-26,2015-10-27,0,Overnight,0.0,False,-0.16,-0.16,39.52,False,0.0,False
2015-10-27,2015-10-28,0,Overnight,0.0,False,21.09,21.09,78.09,False,0.0,False
2015-10-28,2015-10-29,0,Overnight,0.0,False,9.72,9.72,142.26,False,0.0,False
2015-10-29,2015-10-30,0,Overnight,0.0,False,-8.62,-8.62,-1.76,False,0.0,False
2015-10-30,2015-11-02,2,Weekend,49.0,False,19.63,19.63,19.43,False,0.0,False
2015-11-02,2015-11-03,0,Overnight,0.0,False,18.76,18.76,-67.26,False,0.0,False
2015-11-03,2015-11-04,0,Overnight,0.0,False,39.1,39.1,207.94,False,0.0,False
2015-11-04,2015-11-05,0,Overnight,0.0,False,95.49,95.49,131.26,False,0.0,False
2015-11-05,2015-11-06,0,Overnight,0.0,False,-9.92,-9.92,66.5,False,0.0,False
2015-11-06,2015-11-09,2,Weekend,48.0,False,-10.93,-10.93,-48.09,False,0.0,False
2015-11-09,2015-11-10,0,Overnight,0.0,False,-68.58,-68.58,132.3,False,0.0,False
2015-11-10,2015-11-11,0,Overnight,0.0,False,53.97,53.97,149.65,False,0.0,False
2015-11-11,2015-11-12,0,Overnight,0.0,False,-3.71,-3.71,-110.57,False,0.0,False
2015-11-12,2015-11-13,0,Overnight,0.0,False,-30.54,-30.54,-325.01,False,0.0,False
2015-11-13,2015-11-16,2,Weekend,48.0,False,-22.29,-22.29,106.93,False,0.0,False
2015-11-16,2015-11-17,0,Overnight,0.0,False,43.74,43.74,-113.61,False,0.0,False
2015-11-17,2015-11-18,0,Overnight,0.0,False,49.77,49.77,260.0,False,0.0,False
2015-11-18,2015-11-19,0,Overnight,0.0,False,21.83,21.83,-56.1,False,0.0,False
2015-11-19,2015-11-20,0,Overnight,0.0,False,100.36,100.36,7.63,False,0.0,False
2015-11-20,2015-11-23,2,Weekend,48.0,False,45.52,45.52,110.92,False,0.0,False
2015-11-23,2015-11-24,0,Overnight,0.0,False,-71.69,-71.69,-44.45,False,0.0,False
2015-11-24,2015-11-25,0,Overnight,0.0,False,57.2,57.2,5.04,False,0.0,False
2015-11-25,2015-11-27,1,Short,24.0,False,80.52,80.52,-111.37,False,0.0,False
2015-11-27,2015-11-30,2,Weekend,48.0,True,39.14,39.14,-165.59,False,0.0,False
2015-11-30,2015-12-01,0,Overnight,0.0,False,133.73,133.73,78.5,False,0.0,False
2015-12-01,2015-12-02,0,Overnight,0.0,False,28.53,28.53,-73.54,False,0.0,False
2015-12-02,2015-12-03,0,Overnight,0.0,False,50.61,50.61,-196.04,False,0.0,False
2015-12-03,2015-12-04,0,Overnight,0.0,False,-3.75,-3.75,99.21,False,0.0,False
2015-12-04,2015-12-07,2,Weekend,48.0,False,31.17,31.17,-73.03,False,0.0,False
2015-12-07,2015-12-08,0,Overnight,0.0,False,-100.53,-100.53,211.88,False,0.0,False
2015-12-08,2015-12-09,0,Overnight,0.0,False,9.89,9.89,-196.76,False,0.0,False
2015-12-09,2015-12-10,0,Overnight,0.0,False,12.03,12.03,-49.25,False,0.0,False
2015-12-10,2015-12-11,0,Overnight,0.0,False,-168.86,-168.86,-171.6,False,0.0,False
2015-12-11,2015-12-14,2,Weekend,48.0,False,24.96,24.96,248.69,False,0.0,False
2015-12-14,2015-12-15,0,Overnight,0.0,False,107.64,107.64,-96.55,False,0.0,False
2015-12-15,2015-12-16,0,Overnight,0.0,False,74.42,74.42,182.34,False,0.0,False
2015-12-16,2015-12-17,0,Overnight,0.0,False,62.4,62.4,-138.45,False,0.0,False
2015-12-17,2015-12-18,0,Overnight,0.0,False,-29.87,-29.87,-67.68,False,0.0,False
2015-12-18,2015-12-21,2,Weekend,48.0,False,65.43,65.43,-59.86,False,0.0,False
2015-12-21,2015-12-22,0,Overnight,0.0,False,34.85,34.85,-55.34,False,0.0,False
2015-12-22,2015-12-23,0,Overnight,0.0,False,50.39,50.39,-42.1,False,0.0,False
2015-12-23,2015-12-24,0,Overnight,0.0,False,-5.28,-5.28,-8.45,False,0.0,False
2015-12-24,2015-12-28,3,Long,72.0,True,41.71,41.71,143.8,False,0.0,False
2015-12-28,2015-12-29,0,Overnight,0.0,False,41.09,41.09,233.11,False,0.0,False
2015-12-29,2015-12-30,0,Overnight,0.0,False,-30.02,-30.02,-40.84,False,0.0,False
2015-12-30,2015-12-31,0,Overnight,0.0,False,-43.49,-43.49,-149.64,False,0.0,False
2015-12-31,2016-01-04,3,Long,72.0,False,-294.28,-294.28,-298.49,False,0.0,False
2016-01-04,2016-01-05,0,Overnight,0.0,False,153.76,153.76,-204.12,False,0.0,False
2016-01-05,2016-01-06,0,Overnight,0.0,False,-187.78,-187.78,169.77,False,0.0,False
2016-01-06,2016-01-07,0,Overnight,0.0,False,-172.99,-172.99,-225.42,False,0.0,False
2016-01-07,2016-01-08,0,Overnight,0.0,False,190.95,190.95,-205.6,False,0.0,False
2016-01-08,2016-01-11,2,Weekend,48.0,False,89.05,89.05,85.51,False,0.0,False
2016-01-11,2016-01-12,0,Overnight,0.0,False,120.84,120.84,-118.41,False,0.0,False
2016-01-12,2016-01-13,0,Overnight,0.0,False,48.27,48.27,-649.94,False,0.0,False
2016-01-13,2016-01-14,0,Overnight,0.0,False,-26.85,-26.85,217.35,False,0.0,False
2016-01-14,2016-01-15,0,Overnight,0.0,False,-356.36,-356.36,-36.06,False,0.0,False
2016-01-15,2016-01-19,3,Long,72.0,False,120.46,120.46,-45.33,False,0.0,False
2016-01-19,2016-01-20,0,Overnight,0.0,False,-177.73,-177.73,130.44,False,0.0,False
2016-01-20,2016-01-21,0,Overnight,0.0,False,31.61,31.61,25.07,False,0.0,False
2016-01-21,2016-01-22,0,Overnight,0.0,False,235.63,235.63,129.1,False,0.0,False
2016-01-22,2016-01-25,2,Weekend,48.0,False,26.96,26.96,-24.44,False,0.0,False
2016-01-25,2016-01-26,0,Overnight,0.0,False,115.34,115.34,-36.52,False,0.0,False
2016-01-26,2016-01-27,0,Overnight,0.0,False,12.3,12.3,-314.54,False,0.0,False
2016-01-27,2016-01-28,0,Overnight,0.0,False,419.96,419.96,433.93,False,0.0,False
2016-01-28,2016-01-29,0,Overnight,0.0,False,-1050.72,-1050.72,259.21,False,0.0,False
2016-01-29,2016-02-01,2,Weekend,48.0,False,-151.92,-151.92,-57.94,False,0.0,False
2016-02-01,2016-02-02,0,Overnight,0.0,False,-84.03,-84.03,-319.07,False,0.0,False
2016-02-02,2016-02-03,0,Overnight,0.0,False,25.33,25.33,-413.68,False,0.0,False
2016-02-03,2016-02-04,0,Overnight,0.0,False,-114.96,-114.96,212.21,False,0.0,False
2016-02-04,2016-02-05,0,Overnight,0.0,False,-131.01,-131.01,-526.59,False,0.0,False
2016-02-05,2016-02-08,2,Weekend,48.0,False,-316.84,-316.84,33.45,False,0.0,False
2016-02-08,2016-02-09,0,Overnight,0.0,False,-208.89,-208.89,84.58,False,0.0,False
2016-02-09,2016-02-10,0,Overnight,0.0,False,199.01,199.01,-26.06,False,0.0,False
2016-02-10,2016-02-11,0,Overnight,0.0,False,14.06,14.06,254.29,False,0.0,False
2016-02-11,2016-02-12,0,Overnight,0.0,False,135.63,135.63,-71.14,False,0.0,False
2016-02-12,2016-02-16,3,Long,72.0,False,241.6,241.6,31.14,False,0.0,False
2016-02-16,2016-02-17,0,Overnight,0.0,False,145.55,145.55,100.86,False,0.0,False
2016-02-17,2016-02-18,0,Overnight,0.0,False,131.87,131.87,-303.72,False,0.0,False
2016-02-18,2016-02-19,0,Overnight,0.0,False,-82.05,-82.05,268.87,False,0.0,False
2016-02-19,2016-02-22,2,Weekend,48.0,False,135.55,135.55,314.09,False,0.0,False
2016-02-22,2016-02-23,0,Overnight,0.0,False,-70.85,-70.85,-47.09,False,0.0,False
2016-02-23,2016-02-24,0,Overnight,0.0,False,-130.88,-130.88,150.76,False,0.0,False
2016-02-24,2016-02-25,0,Overnight,0.0,False,26.68,26.68,-6.66,False,0.0,False
2016-02-25,2016-02-26,0,Overnight,0.0,False,89.13,89.13,-87.69,False,0.0,False
2016-02-26,2016-02-29,2,Weekend,48.0,False,-22.18,-22.18,-26.75,False,0.0,False
2016-02-29,2016-03-01,0,Overnight,0.0,False,68.0,68.0,400.82,False,0.0,False
2016-03-01,2016-03-02,0,Overnight,0.0,False,46.69,46.69,-26.51,False,0.0,False
2016-03-02,2016-03-03,0,Overnight,0.0,False,-38.85,-38.85,-8.14,False,0.0,False
2016-03-03,2016-03-04,0,Overnight,0.0,False,61.8,61.8,-102.58,False,0.0,False
2016-03-04,2016-03-07,2,Weekend,48.0,False,-27.86,-27.86,-189.03,False,0.0,False
2016-03-07,2016-03-08,0,Overnight,0.0,False,-87.98,-87.98,42.75,False,0.0,False
2016-03-08,2016-03-09,0,Overnight,0.0,False,-12.5,-12.5,-1.61,False,0.0,False
2016-03-09,2016-03-10,0,Overnight,0.0,False,129.11,129.11,-138.76,False,0.0,False
2016-03-10,2016-03-11,0,Overnight,0.0,False,142.47,142.47,46.81,False,0.0,False
2016-03-11,2016-03-14,2,Weekend,47.0,False,-45.93,-45.93,111.72,False,0.0,False
2016-03-14,2016-03-15,0,Overnight,0.0,False,-41.42,-41.42,104.88,False,0.0,False
2016-03-15,2016-03-16,0,Overnight,0.0,False,-6.59,-6.59,-41.19,False,0.0,False
2016-03-16,2016-03-17,0,Overnight,0.0,False,-83.23,-83.23,-178.4,False,0.0,False
2016-03-17,2016-03-18,0,Overnight,0.0,False,26.78,26.78,-159.21,False,0.0,False
2016-03-18,2016-03-21,2,Weekend,48.0,False,-57.59,-57.59,91.94,False,0.0,False
2016-03-21,2016-03-22,0,Overnight,0.0,False,-161.41,-161.41,278.06,False,0.0,False
2016-03-22,2016-03-23,0,Overnight,0.0,False,9.27,9.27,152.66,False,0.0,False
2016-03-23,2016-03-24,0,Overnight,0.0,False,-44.34,-44.34,275.48,False,0.0,False
2016-03-24,2016-03-28,3,Long,72.0,False,24.84,24.84,-77.82,False,0.0,False
2016-03-28,2016-03-29,0,Overnight,0.0,False,4.83,4.83,233.57,False,0.0,False
2016-03-29,2016-03-30,0,Overnight,0.0,False,47.88,47.88,33.13,False,0.0,False
2016-03-30,2016-03-31,0,Overnight,0.0,False,9.85,9.85,-94.56,False,0.0,False
2016-03-31,2016-04-01,0,Overnight,0.0,False,-53.2,-53.2,134.74,False,0.0,False
2016-04-01,2016-04-04,2,Weekend,48.0,False,8.35,8.35,-97.47,False,0.0,False
2016-04-04,2016-04-05,0,Overnight,0.0,False,-40.88,-40.88,-78.68,False,0.0,False
2016-04-05,2016-04-06,0,Overnight,0.0,False,23.52,23.52,244.8,False,0.0,False
2016-04-06,2016-04-07,0,Overnight,0.0,False,-55.29,-55.29,-123.17,False,0.0,False
2016-04-07,2016-04-08,0,Overnight,0.0,False,48.75,48.75,4.71,False,0.0,False
2016-04-08,2016-04-11,2,Weekend,48.0,False,25.87,25.87,-3.52,False,0.0,False
2016-04-11,2016-04-12,0,Overnight,0.0,False,41.36,41.36,79.4,False,0.0,False
2016-04-12,2016-04-13,0,Overnight,0.0,False,74.49,74.49,116.81,False,0.0,False
2016-04-13,2016-04-14,0,Overnight,0.0,False,4.07,4.07,91.92,False,0.0,False
2016-04-14,2016-04-15,0,Overnight,0.0,False,18.83,18.83,63.63,False,0.0,False
2016-04-15,2016-04-18,2,Weekend,48.0,False,-8.63,-8.63,158.65,False,0.0,False
2016-04-18,2016-04-19,0,Overnight,0.0,False,28.13,28.13,-146.08,False,0.0,False
2016-04-19,2016-04-20,0,Overnight,0.0,False,33.39,33.39,47.35,False,0.0,False
2016-04-20,2016-04-21,0,Overnight,0.0,False,-31.49,-31.49,0.0,False,0.0,False
2016-04-21,2016-04-22,0,Overnight,0.0,False,-104.03,-104.03,-63.78,False,0.0,False
2016-04-22,2016-04-25,2,Weekend,48.0,False,-62.89,-62.89,154.33,False,0.0,False
2016-04-25,2016-04-26,0,Overnight,0.0,False,-0.48,-0.48,-149.47,False,0.0,False
2016-04-26,2016-04-27,0,Overnight,0.0,False,-82.69,-82.69,-85.85,False,0.0,False
2016-04-27,2016-04-28,0,Overnight,0.0,False,146.8,146.8,-222.42,False,0.0,False
2016-04-28,2016-04-29,0,Overnight,0.0,False,1010.32,1010.32,-96.71,False,0.0,False
2016-04-29,2016-05-02,2,Weekend,48.0,False,65.43,65.43,295.77,False,0.0,False
2016-05-02,2016-05-03,0,Overnight,0.0,False,-95.36,-95.36,-89.57,False,0.0,False
2016-05-03,2016-05-04,0,Overnight,0.0,False,-130.9,-130.9,124.64,False,0.0,False
2016-05-04,2016-05-05,0,Overnight,0.0,False,35.86,35.86,-213.46,False,0.0,False
2016-05-05,2016-05-06,0,Overnight,0.0,False,-46.23,-46.23,269.19,False,0.0,False
2016-05-06,2016-05-09,2,Weekend,48.0,False,0.0,0.0,85.69,False,0.0,False
2016-05-09,2016-05-10,0,Overnight,0.0,False,207.47,207.47,129.84,False,0.0,False
2016-05-10,2016-05-11,0,Overnight,0.0,False,38.61,38.61,104.86,False,0.0,False
2016-05-11,2016-05-12,0,Overnight,0.0,False,58.02,58.02,7.66,False,0.0,False
2016-05-12,2016-05-13,0,Overnight,0.0,False,-45.93,-45.93,-66.27,False,0.0,False
2016-05-13,2016-05-16,2,Weekend,48.0,False,2.96,2.96,7.46,False,0.0,False
2016-05-16,2016-05-17,0,Overnight,0.0,False,-10.7,-10.7,-208.24,False,0.0,False
2016-05-17,2016-05-18,0,Overnight,0.0,False,-82.47,-82.47,113.77,False,0.0,False
2016-05-18,2016-05-19,0,Overnight,0.0,False,-80.18,-80.18,95.51,False,0.0,False
2016-05-19,2016-05-20,0,Overnight,0.0,False,36.15,36.15,24.93,False,0.0,False
2016-05-20,2016-05-23,2,Weekend,48.0,False,20.61,20.61,-107.07,False,0.0,False
2016-05-23,2016-05-24,0,Overnight,0.0,False,18.07,18.07,88.29,False,0.0,False
2016-05-24,2016-05-25,0,Overnight,0.0,False,53.82,53.82,4.94,False,0.0,False
2016-05-25,2016-05-26,0,Overnight,0.0,False,-0.28,-0.28,92.47,False,0.0,False
2016-05-26,2016-05-27,0,Overnight,0.0,False,1.26,1.26,-38.68,False,0.0,False
2016-05-27,2016-05-31,3,Long,72.0,False,1.26,1.26,145.77,False,0.0,False
2016-05-31,2016-06-01,0,Overnight,0.0,False,-26.18,-26.18,-20.27,False,0.0,False
2016-06-01,2016-06-02,0,Overnight,0.0,False,21.24,21.24,100.33,False,0.0,False
2016-06-02,2016-06-03,0,Overnight,0.0,False,-20.62,-20.62,-16.53,False,0.0,False
2016-06-03,2016-06-06,2,Weekend,48.0,False,13.22,13.22,3.16,False,0.0,False
2016-06-06,2016-06-07,0,Overnight,0.0,False,43.39,43.39,-84.62,False,0.0,False
2016-06-07,2016-06-08,0,Overnight,0.0,False,36.69,36.69,3.3,False,0.0,False
2016-06-08,2016-06-09,0,Overnight,0.0,False,-48.84,-48.84,62.73,False,0.0,False
2016-06-09,2016-06-10,0,Overnight,0.0,False,-73.1,-73.1,-61.66,False,0.0,False
2016-06-10,2016-06-13,2,Weekend,48.0,False,-54.47,-54.47,17.21,False,0.0,False
2016-06-13,2016-06-14,0,Overnight,0.0,False,-40.77,-40.77,97.37,False,0.0,False
2016-06-14,2016-06-15,0,Overnight,0.0,False,37.47,37.47,-107.78,False,0.0,False
2016-06-15,2016-06-16,0,Overnight,0.0,False,-30.99,-30.99,76.39,False,0.0,False
2016-06-16,2016-06-17,0,Overnight,0.0,False,9.47,9.47,-165.67,False,0.0,False
2016-06-17,2016-06-20,2,Weekend,48.0,False,100.15,100.15,7.15,False,0.0,False
2016-06-20,2016-06-21,0,Overnight,0.0,False,23.92,23.92,1.4,False,0.0,False
2016-06-21,2016-06-22,0,Overnight,0.0,False,10.61,10.61,-83.8,False,0.0,False
2016-06-22,2016-06-23,0,Overnight,0.0,False,68.72,68.72,91.54,False,0.0,False
2016-06-23,2016-06-24,0,Overnight,0.0,False,-411.06,-411.06,85.64,False,0.0,False
2016-06-24,2016-06-27,2,Weekend,48.0,False,-99.93,-99.93,-9.4,False,0.0,False
2016-06-27,2016-06-28,0,Overnight,0.0,False,124.2,124.2,112.93,False,0.0,False
2016-06-28,2016-06-29,0,Overnight,0.0,False,109.57,109.57,-2.1,False,0.0,False
2016-06-29,2016-06-30,0,Overnight,0.0,False,22.33,22.33,-22.06,False,0.0,False
2016-06-30,2016-07-01,0,Overnight,0.0,False,23.73,23.73,115.87,False,0.0,False
2016-07-01,2016-07-05,3,Long,72.0,False,-39.77,-39.77,73.06,False,0.0,False
2016-07-05,2016-07-06,0,Overnight,0.0,False,-32.88,-32.88,162.65,False,0.0,False
2016-07-06,2016-07-07,0,Overnight,0.0,False,23.29,23.29,-37.4,False,0.0,False
2016-07-07,2016-07-08,0,Overnight,0.0,False,48.35,48.35,76.32,False,0.0,False
2016-07-08,2016-07-11,2,Weekend,48.0,False,56.02,56.02,50.27,False,0.0,False
2016-07-11,2016-07-12,0,Overnight,0.0,False,40.78,40.78,-114.95,False,0.0,False
2016-07-12,2016-07-13,0,Overnight,0.0,False,-19.4,-19.4,-55.46,False,0.0,False
2016-07-13,2016-07-14,0,Overnight,0.0,False,83.54,83.54,-102.82,False,0.0,False
2016-07-14,2016-07-15,0,Overnight,0.0,False,71.92,71.92,-149.94,False,0.0,False
2016-07-15,2016-07-18,2,Weekend,48.0,False,0.68,0.68,7.88,False,0.0,False
2016-07-18,2016-07-19,0,Overnight,0.0,False,-48.62,-48.62,101.19,False,0.0,False
2016-07-19,2016-07-20,0,Overnight,0.0,False,54.58,54.58,23.09,False,0.0,False
2016-07-20,2016-07-21,0,Overnight,0.0,False,23.84,23.84,-41.15,False,0.0,False
2016-07-21,2016-07-22,0,Overnight,0.0,False,45.03,45.03,-39.26,False,0.0,False
2016-07-22,2016-07-25,2,Weekend,48.0,False,22.66,22.66,-93.4,False,0.0,False
2016-07-25,2016-07-26,0,Overnight,0.0,False,41.83,41.83,-96.33,False,0.0,False
2016-07-26,2016-07-27,0,Overnight,0.0,False,32.3,32.3,-17.63,False,0.0,False
2016-07-27,2016-07-28,0,Overnight,0.0,False,125.59,125.59,88.48,False,0.0,False
2016-07-28,2016-07-29,0,Overnight,0.0,False,163.29,163.29,-81.24,False,0.0,False
2016-07-29,2016-08-01,2,Weekend,48.0,False,13.96,13.96,103.04,False,0.0,False
2016-08-01,2016-08-02,0,Overnight,0.0,False,-51.32,-51.32,-42.38,False,0.0,False
2016-08-02,2016-08-03,0,Overnight,0.0,False,-46.39,-46.39,-32.02,False,0.0,False
2016-08-03,2016-08-04,0,Overnight,0.0,False,-12.46,-12.46,93.37,False,0.0,False
2016-08-04,2016-08-05,0,Overnight,0.0,False,52.96,52.96,15.29,False,0.0,False
2016-08-05,2016-08-08,2,Weekend,48.0,False,10.83,10.83,-3.26,False,0.0,False
2016-08-08,2016-08-09,0,Overnight,0.0,False,10.82,10.82,11.98,False,0.0,False
2016-08-09,2016-08-10,0,Overnight,0.0,False,19.37,19.37,-16.12,False,0.0,False
2016-08-10,2016-08-11,0,Overnight,0.0,False,17.94,17.94,16.87,False,0.0,False
2016-08-11,2016-08-12,0,Overnight,0.0,False,-36.11,-36.11,53.21,False,0.0,False
2016-08-12,2016-08-15,2,Weekend,48.0,False,-8.55,-8.55,-44.27,False,0.0,False
2016-08-15,2016-08-16,0,Overnight,0.0,False,1.69,1.69,-59.77,False,0.0,False
2016-08-16,2016-08-17,0,Overnight,0.0,False,4.84,4.84,2.88,False,0.0,False
2016-08-17,2016-08-18,0,Overnight,0.0,False,-8.24,-8.24,6.02,False,0.0,False
2016-08-18,2016-08-19,0,Overnight,0.0,False,-33.54,-33.54,-60.43,False,0.0,False
2016-08-19,2016-08-22,2,Weekend,48.0,False,2.51,2.51,26.1,False,0.0,False
2016-08-22,2016-08-23,0,Overnight,0.0,False,50.3,50.3,-11.27,False,0.0,False
2016-08-23,2016-08-24,0,Overnight,0.0,False,7.21,7.21,-75.65,False,0.0,False
2016-08-24,2016-08-25,0,Overnight,0.0,False,-16.52,-16.52,42.5,False,0.0,False
2016-08-25,2016-08-26,0,Overnight,0.0,False,10.93,10.93,117.07,False,0.0,False
2016-08-26,2016-08-29,2,Weekend,48.0,False,-3.64,-3.64,33.38,False,0.0,False
2016-08-29,2016-08-30,0,Overnight,0.0,False,-3.11,-3.11,-45.11,False,0.0,False
2016-08-30,2016-08-31,0,Overnight,0.0,False,-12.78,-12.78,33.34,False,0.0,False
2016-08-31,2016-09-01,0,Overnight,0.0,False,22.6,22.6,-3.63,False,0.0,False
2016-09-01,2016-09-02,0,Overnight,0.0,False,45.19,45.19,-21.6,False,0.0,False
2016-09-02,2016-09-06,3,Long,72.0,False,20.69,20.69,189.78,False,0.0,False
2016-09-06,2016-09-07,0,Overnight,0.0,False,8.36,8.36,-64.17,False,0.0,False
2016-09-07,2016-09-08,0,Overnight,0.0,False,-7.52,-7.52,2.17,False,0.0,False
2016-09-08,2016-09-09,0,Overnight,0.0,False,-60.12,-60.12,-249.7,False,0.0,False
2016-09-09,2016-09-12,2,Weekend,48.0,False,-36.77,-36.77,184.98,False,0.0,False
2016-09-12,2016-09-13,0,Overnight,0.0,False,-35.32,-35.32,-101.45,False,0.0,False
2016-09-13,2016-09-14,0,Overnight,0.0,False,15.63,15.63,-14.57,False,0.0,False
2016-09-14,2016-09-15,0,Overnight,0.0,False,11.95,11.95,100.41,False,0.0,False
2016-09-15,2016-09-16,0,Overnight,0.0,False,46.53,46.53,67.53,False,0.0,False
2016-09-16,2016-09-19,2,Weekend,48.0,False,18.61,18.61,-62.63,False,0.0,False
2016-09-19,2016-09-20,0,Overnight,0.0,False,11.6,11.6,54.23,False,0.0,False
2016-09-20,2016-09-21,0,Overnight,0.0,False,38.76,38.76,82.52,False,0.0,False
2016-09-21,2016-09-22,0,Overnight,0.0,False,57.2,57.2,130.46,False,0.0,False
2016-09-22,2016-09-23,0,Overnight,0.0,False,-19.53,-19.53,32.57,False,0.0,False
2016-09-23,2016-09-26,2,Weekend,48.0,False,-49.14,-49.14,-32.98,False,0.0,False
2016-09-26,2016-09-27,0,Overnight,0.0,False,33.6,33.6,176.28,False,0.0,False
2016-09-27,2016-09-28,0,Overnight,0.0,False,23.13,23.13,130.2,False,0.0,False
2016-09-28,2016-09-29,0,Overnight,0.0,False,-5.55,-5.55,9.53,False,0.0,False
2016-09-29,2016-09-30,0,Overnight,0.0,False,42.85,42.85,56.29,False,0.0,False
2016-09-30,2016-10-03,2,Weekend,48.0,False,-15.66,-15.66,8.85,False,0.0,False
2016-10-03,2016-10-04,0,Overnight,0.0,False,49.71,49.71,-82.15,False,0.0,False
2016-10-04,2016-10-05,0,Overnight,0.0,False,47.49,47.49,75.61,False,0.0,False
2016-10-05,2016-10-06,0,Overnight,0.0,False,-7.82,-7.82,-24.21,False,0.0,False
2016-10-06,2016-10-07,0,Overnight,0.0,False,48.95,48.95,-75.48,False,0.0,False
2016-10-07,2016-10-10,2,Weekend,48.0,False,45.4,45.4,-18.28,False,0.0,False
2016-10-10,2016-10-11,0,Overnight,0.0,False,-8.2,-8.2,-119.86,False,0.0,False
2016-10-11,2016-10-12,0,Overnight,0.0,False,36.04,36.04,1.08,False,0.0,False
2016-10-12,2016-10-13,0,Overnight,0.0,False,-61.21,-61.21,3.38,False,0.0,False
2016-10-13,2016-10-14,0,Overnight,0.0,False,69.7,69.7,-146.2,False,0.0,False
2016-10-14,2016-10-17,2,Weekend,48.0,False,-17.76,-17.76,-104.62,False,0.0,False
2016-10-17,2016-10-18,0,Overnight,0.0,False,112.05,112.05,-54.4,False,0.0,False
2016-10-18,2016-10-19,0,Overnight,0.0,False,33.58,33.58,-33.09,False,0.0,False
2016-10-19,2016-10-20,0,Overnight,0.0,False,-45.35,-45.35,-45.19,False,0.0,False
2016-10-20,2016-10-21,0,Overnight,0.0,False,-11.85,-11.85,118.28,False,0.0,False
2016-10-21,2016-10-24,2,Weekend,48.0,False,72.51,72.51,158.03,False,0.0,False
2016-10-24,2016-10-25,0,Overnight,0.0,False,14.43,14.43,-49.21,False,0.0,False
2016-10-25,2016-10-26,0,Overnight,0.0,False,-29.02,-29.02,-122.88,False,0.0,False
2016-10-26,2016-10-27,0,Overnight,0.0,False,104.61,104.61,-156.16,False,0.0,False
2016-10-27,2016-10-28,0,Overnight,0.0,False,-454.48,-454.48,-72.9,False,0.0,False
2016-10-28,2016-10-31,2,Weekend,48.0,False,60.49,60.49,111.92,False,0.0,False
2016-10-31,2016-11-01,0,Overnight,0.0,False,115.56,115.56,-171.55,False,0.0,False
2016-11-01,2016-11-02,0,Overnight,0.0,False,-18.86,-18.86,-237.12,False,0.0,False
2016-11-02,2016-11-03,0,Overnight,0.0,False,-6.66,-6.66,25.85,False,0.0,False
2016-11-03,2016-11-04,0,Overnight,0.0,False,-55.43,-55.43,-101.99,False,0.0,False
2016-11-04,2016-11-07,2,Weekend,49.0,False,217.34,217.34,170.76,False,0.0,False
2016-11-07,2016-11-08,0,Overnight,0.0,False,0.51,0.51,35.35,False,0.0,False
2016-11-08,2016-11-09,0,Overnight,0.0,False,-306.13,-306.13,102.61,False,0.0,False
2016-11-09,2016-11-10,0,Overnight,0.0,False,89.38,89.38,-479.06,False,0.0,False
2016-11-10,2016-11-11,0,Overnight,0.0,False,-89.98,-89.98,44.48,False,0.0,False
2016-11-11,2016-11-14,2,Weekend,48.0,False,87.57,87.57,-361.1,False,0.0,False
2016-11-14,2016-11-15,0,Overnight,0.0,False,150.86,150.86,179.74,False,0.0,False
2016-11-15,2016-11-16,0,Overnight,0.0,False,-45.31,-45.31,88.94,False,0.0,False
2016-11-16,2016-11-17,0,Overnight,0.0,False,37.84,37.84,94.04,False,0.0,False
2016-11-17,2016-11-18,0,Overnight,0.0,False,60.63,60.63,-11.04,False,0.0,False
2016-11-18,2016-11-21,2,Weekend,48.0,False,76.53,76.53,181.12,False,0.0,False
2016-11-21,2016-11-22,0,Overnight,0.0,False,104.2,104.2,-36.1,False,0.0,False
2016-11-22,2016-11-23,0,Overnight,0.0,False,-45.95,-45.95,-20.62,False,0.0,False
2016-11-23,2016-11-25,1,Short,24.0,False,81.45,81.45,-78.25,False,0.0,False
2016-11-25,2016-11-28,2,Weekend,48.0,True,-43.41,-43.41,-132.41,False,0.0,False
2016-11-28,2016-11-29,0,Overnight,0.0,False,16.03,16.03,-71.61,False,0.0,False
2016-11-29,2016-11-30,0,Overnight,0.0,False,-6.82,-6.82,-151.14,False,0.0,False
2016-11-30,2016-12-01,0,Overnight,0.0,False,24.48,24.48,-117.11,False,0.0,False
2016-12-01,2016-12-02,0,Overnight,0.0,False,-3.36,-3.36,-41.25,False,0.0,False
2016-12-02,2016-12-05,2,Weekend,48.0,False,62.75,62.75,190.92,False,0.0,False
2016-12-05,2016-12-06,0,Overnight,0.0,False,60.79,60.79,9.55,False,0.0,False
2016-12-06,2016-12-07,0,Overnight,0.0,False,-2.22,-2.22,76.48,False,0.0,False
2016-12-07,2016-12-08,0,Overnight,0.0,False,18.8,18.8,-58.99,False,0.0,False
2016-12-08,2016-12-09,0,Overnight,0.0,False,34.74,34.74,-17.42,False,0.0,False
2016-12-09,2016-12-12,2,Weekend,48.0,False,-29.44,-29.44,-82.28,False,0.0,False
2016-12-12,2016-12-13,0,Overnight,0.0,False,63.47,63.47,121.87,False,0.0,False
2016-12-13,2016-12-14,0,Overnight,0.0,False,50.37,50.37,-121.91,False,0.0,False
2016-12-14,2016-12-15,0,Overnight,0.0,False,-33.09,-33.09,-69.14,False,0.0,False
2016-12-15,2016-12-16,0,Overnight,0.0,False,52.43,52.43,-94.96,False,0.0,False
2016-12-16,2016-12-19,2,Weekend,48.0,False,14.77,14.77,93.25,False,0.0,False
2016-12-19,2016-12-20,0,Overnight,0.0,False,34.54,34.54,33.38,False,0.0,False
2016-12-20,2016-12-21,0,Overnight,0.0,False,-15.83,-15.83,7.79,False,0.0,False
2016-12-21,2016-12-22,0,Overnight,0.0,False,-32.23,-32.23,-23.2,False,0.0,False
2016-12-22,2016-12-23,0,Overnight,0.0,False,-23.39,-23.39,-51.93,False,0.0,False
2016-12-23,2016-12-27,3,Long,72.0,False,36.88,36.88,104.25,False,0.0,False
2016-12-27,2016-12-28,0,Overnight,0.0,False,62.68,62.68,-53.22,False,0.0,False
2016-12-28,2016-12-29,0,Overnight,0.0,False,3.5,3.5,-94.31,False,0.0,False
2016-12-29,2016-12-30,0,Overnight,0.0,False,17.24,17.24,-218.96,False,0.0,False
2016-12-30,2017-01-03,3,Long,72.0,False,106.78,106.78,-56.23,False,0.0,False
2017-01-03,2017-01-04,0,Overnight,0.0,False,62.43,62.43,-15.97,False,0.0,False
2017-01-04,2017-01-05,0,Overnight,0.0,False,57.55,57.55,245.15,False,0.0,False
2017-01-05,2017-01-06,0,Overnight,0.0,False,24.44,24.44,172.72,False,0.0,False
2017-01-06,2017-01-09,2,Weekend,48.0,False,25.22,25.22,-13.54,False,0.0,False
2017-01-09,2017-01-10,0,Overnight,0.0,False,-4.02,-4.02,-8.79,False,0.0,False
2017-01-10,2017-01-11,0,Overnight,0.0,False,-28.18,-28.18,67.31,False,0.0,False
2017-01-11,2017-01-12,0,Overnight,0.0,False,16.13,16.13,165.19,False,0.0,False
2017-01-12,2017-01-13,0,Overnight,0.0,False,8.35,8.35,34.57,False,0.0,False
2017-01-13,2017-01-17,3,Long,72.0,False,-17.64,-17.64,-73.58,False,0.0,False
2017-01-17,2017-01-18,0,Overnight,0.0,False,-2.72,-2.72,-24.98,False,0.0,False
2017-01-18,2017-01-19,0,Overnight,0.0,False,31.16,31.16,-11.86,False,0.0,False
2017-01-19,2017-01-20,0,Overnight,0.0,False,76.83,76.83,-85.61,False,0.0,False
2017-01-20,2017-01-23,2,Weekend,48.0,False,-18.95,-18.95,136.4,False,0.0,False
2017-01-23,2017-01-24,0,Overnight,0.0,False,50.25,50.25,5.35,False,0.0,False
2017-01-24,2017-01-25,0,Overnight,0.0,False,40.65,40.65,129.1,False,0.0,False
2017-01-25,2017-01-26,0,Overnight,0.0,False,-11.84,-11.84,43.23,False,0.0,False
2017-01-26,2017-01-27,0,Overnight,0.0,False,-1.79,-1.79,-38.57,False,0.0,False
2017-01-27,2017-01-30,2,Weekend,48.0,False,-33.2,-33.2,-31.5,False,0.0,False
2017-01-30,2017-01-31,0,Overnight,0.0,False,-80.16,-80.16,-3.28,False,0.0,False
2017-01-31,2017-02-01,0,Overnight,0.0,False,69.34,69.34,37.8,False,0.0,False
2017-02-01,2017-02-02,0,Overnight,0.0,False,50.81,50.81,40.08,False,0.0,False
2017-02-02,2017-02-03,0,Overnight,0.0,False,-403.66,-403.66,43.04,False,0.0,False
2017-02-03,2017-02-06,2,Weekend,48.0,False,-4.94,-4.94,-26.71,False,0.0,False
2017-02-06,2017-02-07,0,Overnight,0.0,False,20.66,20.66,39.34,False,0.0,False
2017-02-07,2017-02-08,0,Overnight,0.0,False,2.34,2.34,86.01,False,0.0,False
2017-02-08,2017-02-09,0,Overnight,0.0,False,23.03,23.03,-2.92,False,0.0,False
2017-02-09,2017-02-10,0,Overnight,0.0,False,29.91,29.91,44.09,False,0.0,False
2017-02-10,2017-02-13,2,Weekend,48.0,False,50.15,50.15,58.87,False,0.0,False
2017-02-13,2017-02-14,0,Overnight,0.0,False,5.62,5.62,-7.29,False,0.0,False
2017-02-14,2017-02-15,0,Overnight,0.0,False,-28.62,-28.62,103.78,False,0.0,False
2017-02-15,2017-02-16,0,Overnight,0.0,False,-10.21,-10.21,27.28,False,0.0,False
2017-02-16,2017-02-17,0,Overnight,0.0,False,-25.38,-25.38,36.4,False,0.0,False
2017-02-17,2017-02-21,3,Long,72.0,False,44.51,44.51,89.14,False,0.0,False
2017-02-21,2017-02-22,0,Overnight,0.0,False,5.95,5.95,-15.65,False,0.0,False
2017-02-22,2017-02-23,0,Overnight,0.0,False,22.88,22.88,-62.93,False,0.0,False
2017-02-23,2017-02-24,0,Overnight,0.0,False,-88.4,-88.4,6.51,False,0.0,False
2017-02-24,2017-02-27,2,Weekend,48.0,False,-33.89,-33.89,74.04,False,0.0,False
2017-02-27,2017-02-28,0,Overnight,0.0,False,33.06,33.06,-75.57,False,0.0,False
2017-02-28,2017-03-01,0,Overnight,0.0,False,94.34,94.34,0.35,False,0.0,False
2017-03-01,2017-03-02,0,Overnight,0.0,False,0.0,0.0,-49.0,False,0.0,False
2017-03-02,2017-03-03,0,Overnight,0.0,False,-20.16,-20.16,31.58,False,0.0,False
2017-03-03,2017-03-06,2,Weekend,48.0,False,-54.86,-54.86,16.31,False,0.0,False
2017-03-06,2017-03-07,0,Overnight,0.0,False,-13.36,-13.36,6.39,False,0.0,False
2017-03-07,2017-03-08,0,Overnight,0.0,False,23.38,23.38,29.44,False,0.0,False
2017-03-08,2017-03-09,0,Overnight,0.0,False,5.88,5.88,23.47,False,0.0,False
2017-03-09,2017-03-10,0,Overnight,0.0,False,46.78,46.78,-53.12,False,0.0,False
2017-03-10,2017-03-13,2,Weekend,47.0,False,-8.1,-8.1,33.05,False,0.0,False
2017-03-13,2017-03-14,0,Overnight,0.0,False,-12.18,-12.18,-11.96,False,0.0,False
2017-03-14,2017-03-15,0,Overnight,0.0,False,21.09,21.09,-15.93,False,0.0,False
2017-03-15,2017-03-16,0,Overnight,0.0,False,27.28,27.28,-22.0,False,0.0,False
2017-03-16,2017-03-17,0,Overnight,0.0,False,0.82,0.82,-13.83,False,0.0,False
2017-03-17,2017-03-20,2,Weekend,48.0,False,-9.39,-9.39,63.92,False,0.0,False
2017-03-20,2017-03-21,0,Overnight,0.0,False,21.8,21.8,-183.78,False,0.0,False
2017-03-21,2017-03-22,0,Overnight,0.0,False,-32.91,-32.91,90.38,False,0.0,False
2017-03-22,2017-03-23,0,Overnight,0.0,False,1.65,1.65,-9.67,False,0.0,False
2017-03-23,2017-03-24,0,Overnight,0.0,False,50.62,50.62,-71.53,False,0.0,False
2017-03-24,2017-03-27,2,Weekend,48.0,False,-89.57,-89.57,103.87,False,0.0,False
2017-03-27,2017-03-28,0,Overnight,0.0,False,58.05,58.05,49.77,False,0.0,False
2017-03-28,2017-03-29,0,Overnight,0.0,False,35.57,35.57,176.19,False,0.0,False
2017-03-29,2017-03-30,0,Overnight,0.0,False,7.2,7.2,15.87,False,0.0,False
2017-03-30,2017-03-31,0,Overnight,0.0,False,7.53,7.53,108.19,False,0.0,False
2017-03-31,2017-04-03,2,Weekend,48.0,False,16.46,16.46,39.45,False,0.0,False
2017-04-03,2017-04-04,0,Overnight,0.0,False,-0.11,-0.11,170.5,False,0.0,False
2017-04-04,2017-04-05,0,Overnight,0.0,False,43.9,43.9,-16.92,False,0.0,False
2017-04-05,2017-04-06,0,Overnight,0.0,False,49.59,49.59,-171.3,False,0.0,False
2017-04-06,2017-04-07,0,Overnight,0.0,False,15.24,15.24,-53.16,False,0.0,False
2017-04-07,2017-04-10,2,Weekend,48.0,False,52.94,52.94,82.03,False,0.0,False
2017-04-10,2017-04-11,0,Overnight,0.0,False,0.0,0.0,-51.73,False,0.0,False
2017-04-11,2017-04-12,0,Overnight,0.0,False,8.09,8.09,-76.25,False,0.0,False
2017-04-12,2017-04-13,0,Overnight,0.0,False,-53.48,-53.48,-76.35,False,0.0,False
2017-04-13,2017-04-17,3,Long,72.0,False,31.94,31.94,161.95,False,0.0,False
2017-04-17,2017-04-18,0,Overnight,0.0,False,-11.09,-11.09,30.92,False,0.0,False
2017-04-18,2017-04-19,0,Overnight,0.0,False,44.82,44.82,-95.63,False,0.0,False
2017-04-19,2017-04-20,0,Overnight,0.0,False,5.56,5.56,26.2,False,0.0,False
2017-04-20,2017-04-21,0,Overnight,0.0,False,6.76,6.76,-45.97,False,0.0,False
2017-04-21,2017-04-24,2,Weekend,48.0,False,112.33,112.33,-13.99,False,0.0,False
2017-04-24,2017-04-25,0,Overnight,0.0,False,-4.08,-4.08,6.39,False,0.0,False
2017-04-25,2017-04-26,0,Overnight,0.0,False,29.48,29.48,-11.1,False,0.0,False
2017-04-26,2017-04-27,0,Overnight,0.0,False,55.93,55.93,43.54,False,0.0,False
2017-04-27,2017-04-28,0,Overnight,0.0,False,326.18,326.18,-254.47,False,0.0,False
2017-04-28,2017-05-01,2,Weekend,48.0,False,30.33,30.33,217.81,False,0.0,False
2017-05-01,2017-05-02,0,Overnight,0.0,False,-16.68,-16.68,3.06,False,0.0,False
2017-05-02,2017-05-03,0,Overnight,0.0,False,-9.93,-9.93,-52.68,False,0.0,False
2017-05-03,2017-05-04,0,Overnight,0.0,False,39.45,39.45,-76.72,False,0.0,False
2017-05-04,2017-05-05,0,Overnight,0.0,False,31.84,31.84,-67.96,False,0.0,False
2017-05-05,2017-05-08,2,Weekend,48.0,False,72.53,72.53,85.61,False,0.0,False
2017-05-08,2017-05-09,0,Overnight,0.0,False,39.54,39.54,0.21,False,0.0,False
2017-05-09,2017-05-10,0,Overnight,0.0,False,7.13,7.13,-47.83,False,0.0,False
2017-05-10,2017-05-11,0,Overnight,0.0,False,-40.55,-40.55,26.52,False,0.0,False
2017-05-11,2017-05-12,0,Overnight,0.0,False,72.34,72.34,71.51,False,0.0,False
2017-05-12,2017-05-15,2,Weekend,48.0,False,-27.29,-27.29,-7.93,False,0.0,False
2017-05-15,2017-05-16,0,Overnight,0.0,False,31.58,31.58,52.62,False,0.0,False
2017-05-16,2017-05-17,0,Overnight,0.0,False,-118.39,-118.39,-104.66,False,0.0,False
2017-05-17,2017-05-18,0,Overnight,0.0,False,0.42,0.42,143.86,False,0.0,False
2017-05-18,2017-05-19,0,Overnight,0.0,False,45.28,45.28,-31.21,False,0.0,False
2017-05-19,2017-05-22,2,Weekend,48.0,False,43.25,43.25,68.95,False,0.0,False
2017-05-22,2017-05-23,0,Overnight,0.0,False,44.71,44.71,-35.76,False,0.0,False
2017-05-23,2017-05-24,0,Overnight,0.0,False,45.8,45.8,44.47,False,0.0,False
2017-05-24,2017-05-25,0,Overnight,0.0,False,45.8,45.8,86.24,False,0.0,False
2017-05-25,2017-05-26,0,Overnight,0.0,False,16.29,16.29,7.84,False,0.0,False
2017-05-26,2017-05-30,3,Long,72.0,False,7.33,7.33,1.91,False,0.0,False
2017-05-30,2017-05-31,0,Overnight,0.0,False,33.05,33.05,-53.95,False,0.0,False
2017-05-31,2017-06-01,0,Overnight,0.0,False,39.84,39.84,-26.47,False,0.0,False
2017-06-01,2017-06-02,0,Overnight,0.0,False,30.48,30.48,77.18,False,0.0,False
2017-06-02,2017-06-05,2,Weekend,48.0,False,4.97,4.97,40.72,False,0.0,False
2017-06-05,2017-06-06,0,Overnight,0.0,False,6.52,6.52,-89.33,False,0.0,False
2017-06-06,2017-06-07,0,Overnight,0.0,False,29.37,29.37,40.87,False,0.0,False
2017-06-07,2017-06-08,0,Overnight,0.0,False,19.68,19.68,-17.7,False,0.0,False
2017-06-08,2017-06-09,0,Overnight,0.0,False,22.05,22.05,-343.51,False,0.0,False
2017-06-09,2017-06-12,2,Weekend,48.0,False,-116.28,-116.28,-21.64,False,0.0,False
2017-06-12,2017-06-13,0,Overnight,0.0,False,134.65,134.65,28.59,False,0.0,False
2017-06-13,2017-06-14,0,Overnight,0.0,False,79.21,79.21,-123.36,False,0.0,False
2017-06-14,2017-06-15,0,Overnight,0.0,False,-183.66,-183.66,56.89,False,0.0,False
2017-06-15,2017-06-16,0,Overnight,0.0,False,324.8,324.8,-83.58,False,0.0,False
2017-06-16,2017-06-19,2,Weekend,48.0,False,292.23,292.23,-216.99,False,0.0,False
2017-06-19,2017-06-20,0,Overnight,0.0,False,28.4,28.4,-54.36,False,0.0,False
2017-06-20,2017-06-21,0,Overnight,0.0,False,61.37,61.37,35.28,False,0.0,False
2017-06-21,2017-06-22,0,Overnight,0.0,False,0.0,0.0,-9.28,False,0.0,False
2017-06-22,2017-06-23,0,Overnight,0.0,False,12.38,12.38,11.96,False,0.0,False
2017-06-23,2017-06-26,2,Weekend,48.0,False,47.31,47.31,-145.02,False,0.0,False
2017-06-26,2017-06-27,0,Overnight,0.0,False,-33.15,-33.15,-141.4,False,0.0,False
2017-06-27,2017-06-28,0,Overnight,0.0,False,18.1,18.1,119.66,False,0.0,False
2017-06-28,2017-06-29,0,Overnight,0.0,False,-115.07,-115.07,-31.41,False,0.0,False
2017-06-29,2017-06-30,0,Overnight,0.0,False,42.84,42.84,-124.43,False,0.0,False
2017-06-30,2017-07-03,2,Weekend,48.0,False,49.36,49.36,-198.61,False,0.0,False
2017-07-03,2017-07-05,1,Short,24.0,True,82.19,82.19,102.13,False,0.0,False
2017-07-05,2017-07-06,0,Overnight,0.0,False,-69.63,-69.63,4.97,False,0.0,False
2017-07-06,2017-07-07,0,Overnight,0.0,False,45.59,45.59,94.54,False,0.0,False
2017-07-07,2017-07-10,2,Weekend,48.0,False,63.55,63.55,115.77,False,0.0,False
2017-07-10,2017-07-11,0,Overnight,0.0,False,-34.88,-34.88,11.37,False,0.0,False
2017-07-11,2017-07-12,0,Overnight,0.0,False,65.37,65.37,58.39,False,0.0,False
2017-07-12,2017-07-13,0,Overnight,0.0,False,-18.8,-18.8,-39.79,False,0.0,False
2017-07-13,2017-07-14,0,Overnight,0.0,False,17.67,17.67,-5.89,False,0.0,False
2017-07-14,2017-07-17,2,Weekend,48.0,False,28.71,28.71,53.11,False,0.0,False
2017-07-17,2017-07-18,0,Overnight,0.0,False,-40.08,-40.08,181.74,False,0.0,False
2017-07-18,2017-07-19,0,Overnight,0.0,False,5.37,5.37,18.23,False,0.0,False
2017-07-19,2017-07-20,0,Overnight,0.0,False,45.86,45.86,-28.05,False,0.0,False
2017-07-20,2017-07-21,0,Overnight,0.0,False,-72.39,-72.39,42.89,False,0.0,False
2017-07-21,2017-07-24,2,Weekend,48.0,False,26.0,26.0,102.65,False,0.0,False
2017-07-24,2017-07-25,0,Overnight,0.0,False,-8.67,-8.67,17.52,False,0.0,False
2017-07-25,2017-07-26,0,Overnight,0.0,False,31.97,31.97,91.6,False,0.0,False
2017-07-26,2017-07-27,0,Overnight,0.0,False,157.85,157.85,-222.65,False,0.0,False
2017-07-27,2017-07-28,0,Overnight,0.0,False,-329.06,-329.06,77.75,False,0.0,False
2017-07-28,2017-07-31,2,Weekend,48.0,False,-9.71,-9.71,-311.66,False,0.0,False
2017-07-31,2017-08-01,0,Overnight,0.0,False,83.98,83.98,0.8,False,0.0,False
2017-08-01,2017-08-02,0,Overnight,0.0,False,55.86,55.86,-58.87,False,0.0,False
2017-08-02,2017-08-03,0,Overnight,0.0,False,35.88,35.88,-126.36,False,0.0,False
2017-08-03,2017-08-04,0,Overnight,0.0,False,27.93,27.93,-21.24,False,0.0,False
2017-08-04,2017-08-07,2,Weekend,48.0,False,31.04,31.04,16.34,False,0.0,False
2017-08-07,2017-08-08,0,Overnight,0.0,False,20.94,20.94,-45.46,False,0.0,False
2017-08-08,2017-08-09,0,Overnight,0.0,False,-73.41,-73.41,-6.01,False,0.0,False
2017-08-09,2017-08-10,0,Overnight,0.0,False,-58.32,-58.32,-200.5,False,0.0,False
2017-08-10,2017-08-11,0,Overnight,0.0,False,32.13,32.13,82.89,False,0.0,False
2017-08-11,2017-08-14,2,Weekend,48.0,False,107.07,107.07,49.85,False,0.0,False
2017-08-14,2017-08-15,0,Overnight,0.0,False,56.79,56.79,-62.49,False,0.0,False
2017-08-15,2017-08-16,0,Overnight,0.0,False,-11.1,-11.1,-35.41,False,0.0,False
2017-08-16,2017-08-17,0,Overnight,0.0,False,-3.48,-3.48,-178.19,False,0.0,False
2017-08-17,2017-08-18,0,Overnight,0.0,False,8.64,8.64,-30.52,False,0.0,False
2017-08-18,2017-08-21,2,Weekend,48.0,False,-9.39,-9.39,-44.8,False,0.0,False
2017-08-21,2017-08-22,0,Overnight,0.0,False,23.37,23.37,118.39,False,0.0,False
2017-08-22,2017-08-23,0,Overnight,0.0,False,-78.08,-78.08,-14.39,False,0.0,False
2017-08-23,2017-08-24,0,Overnight,0.0,False,-6.06,-6.06,-52.04,False,0.0,False
2017-08-24,2017-08-25,0,Overnight,0.0,False,37.2,37.2,-112.98,False,0.0,False
2017-08-25,2017-08-28,2,Weekend,48.0,False,13.53,13.53,-5.5,False,0.0,False
2017-08-28,2017-08-29,0,Overnight,0.0,False,-63.84,-63.84,148.47,False,0.0,False
2017-08-29,2017-08-30,0,Overnight,0.0,False,45.8,45.8,95.01,False,0.0,False
2017-08-30,2017-08-31,0,Overnight,0.0,False,73.21,73.21,60.35,False,0.0,False
2017-08-31,2017-09-01,0,Overnight,0.0,False,36.64,36.64,-60.64,False,0.0,False
2017-09-01,2017-09-05,3,Long,72.0,False,-29.18,-29.18,-104.4,False,0.0,False
2017-09-05,2017-09-06,0,Overnight,0.0,False,31.55,31.55,-5.37,False,0.0,False
2017-09-06,2017-09-07,0,Overnight,0.0,False,63.86,63.86,56.0,False,0.0,False
2017-09-07,2017-09-08,0,Overnight,0.0,False,-3.78,-3.78,-135.74,False,0.0,False
2017-09-08,2017-09-11,2,Weekend,48.0,False,88.23,88.23,35.85,False,0.0,False
2017-09-11,2017-09-12,0,Overnight,0.0,False,54.15,54.15,-7.02,False,0.0,False
2017-09-12,2017-09-13,0,Overnight,0.0,False,14.14,14.14,157.6,False,0.0,False
2017-09-13,2017-09-14,0,Overnight,0.0,False,-28.05,-28.05,-46.15,False,0.0,False
2017-09-14,2017-09-15,0,Overnight,0.0,False,8.06,8.06,-62.84,False,0.0,False
2017-09-15,2017-09-18,2,Weekend,48.0,False,36.52,36.52,-165.03,False,0.0,False
2017-09-18,2017-09-19,0,Overnight,0.0,False,31.36,31.36,-75.91,False,0.0,False
2017-09-19,2017-09-20,0,Overnight,0.0,False,19.88,19.88,14.6,False,0.0,False
2017-09-20,2017-09-21,0,Overnight,0.0,False,-19.54,-19.54,-68.8,False,0.0,False
2017-09-21,2017-09-22,0,Overnight,0.0,False,-37.81,-37.81,-61.69,False,0.0,False
2017-09-22,2017-09-25,2,Weekend,48.0,False,-60.81,-60.81,-100.79,False,0.0,False
2017-09-25,2017-09-26,0,Overnight,0.0,False,60.47,60.47,-73.14,False,0.0,False
2017-09-26,2017-09-27,0,Overnight,0.0,False,99.65,99.65,30.23,False,0.0,False
2017-09-27,2017-09-28,0,Overnight,0.0,False,10.41,10.41,47.58,False,0.0,False
2017-09-28,2017-09-29,0,Overnight,0.0,False,38.72,38.72,12.91,False,0.0,False
2017-09-29,2017-10-02,2,Weekend,48.0,False,27.53,27.53,-50.02,False,0.0,False
2017-10-02,2017-10-03,0,Overnight,0.0,False,-12.41,-12.41,-9.4,False,0.0,False
2017-10-03,2017-10-04,0,Overnight,0.0,False,-30.24,-30.24,117.11,False,0.0,False
2017-10-04,2017-10-05,0,Overnight,0.0,False,47.02,47.02,111.23,False,0.0,False
2017-10-05,2017-10-06,0,Overnight,0.0,False,-53.26,-53.26,141.87,False,0.0,False
2017-10-06,2017-10-09,2,Weekend,48.0,False,36.92,36.92,-22.68,False,0.0,False
2017-10-09,2017-10-10,0,Overnight,0.0,False,57.15,57.15,-95.47,False,0.0,False
2017-10-10,2017-10-11,0,Overnight,0.0,False,41.14,41.14,37.56,False,0.0,False
2017-10-11,2017-10-12,0,Overnight,0.0,False,18.17,18.17,41.25,False,0.0,False
2017-10-12,2017-10-13,0,Overnight,0.0,False,60.46,60.46,-40.4,False,0.0,False
2017-10-13,2017-10-16,2,Weekend,48.0,False,54.69,54.69,-20.85,False,0.0,False
2017-10-16,2017-10-17,0,Overnight,0.0,False,-7.46,-7.46,35.14,False,0.0,False
2017-10-17,2017-10-18,0,Overnight,0.0,False,1.39,1.39,-122.32,False,0.0,False
2017-10-18,2017-10-19,0,Overnight,0.0,False,-70.46,-70.46,-34.3,False,0.0,False
2017-10-19,2017-10-20,0,Overnight,0.0,False,69.89,69.89,-107.47,False,0.0,False
2017-10-20,2017-10-23,2,Weekend,48.0,False,38.79,38.79,-209.22,False,0.0,False
2017-10-23,2017-10-24,0,Overnight,0.0,False,27.9,27.9,70.95,False,0.0,False
2017-10-24,2017-10-25,0,Overnight,0.0,False,21.5,21.5,-52.18,False,0.0,False
2017-10-25,2017-10-26,0,Overnight,0.0,False,75.98,75.98,-80.91,False,0.0,False
2017-10-26,2017-10-27,0,Overnight,0.0,False,844.7,844.7,396.61,False,0.0,False
2017-10-27,2017-10-30,2,Weekend,48.0,False,-54.1,-54.1,143.62,False,0.0,False
2017-10-30,2017-10-31,0,Overnight,0.0,False,-16.67,-16.67,-33.6,False,0.0,False
2017-10-31,2017-11-01,0,Overnight,0.0,False,1.09,1.09,-15.57,False,0.0,False
2017-11-01,2017-11-02,0,Overnight,0.0,False,-53.33,-53.33,-32.76,False,0.0,False
2017-11-02,2017-11-03,0,Overnight,0.0,False,-28.1,-28.1,185.68,False,0.0,False
2017-11-03,2017-11-06,2,Weekend,49.0,False,-22.06,-22.06,103.24,False,0.0,False
2017-11-06,2017-11-07,0,Overnight,0.0,False,36.34,36.34,-13.97,False,0.0,False
2017-11-07,2017-11-08,0,Overnight,0.0,False,-3.12,-3.12,89.2,False,0.0,False
2017-11-08,2017-11-09,0,Overnight,0.0,False,-61.27,-61.27,28.11,False,0.0,False
2017-11-09,2017-11-10,0,Overnight,0.0,False,-26.87,-26.87,-6.66,False,0.0,False
2017-11-10,2017-11-13,2,Weekend,48.0,False,-20.9,-20.9,54.79,False,0.0,False
2017-11-13,2017-11-14,0,Overnight,0.0,False,8.32,8.32,59.37,False,0.0,False
2017-11-14,2017-11-15,0,Overnight,0.0,False,-86.84,-86.84,-2.84,False,0.0,False
2017-11-15,2017-11-16,0,Overnight,0.0,False,30.75,30.75,62.89,False,0.0,False
2017-11-16,2017-11-17,0,Overnight,0.0,False,8.7,8.7,-74.07,False,0.0,False
2017-11-17,2017-11-20,2,Weekend,48.0,False,-0.97,-0.97,-30.67,False,0.0,False
2017-11-20,2017-11-21,0,Overnight,0.0,False,57.99,57.99,58.35,False,0.0,False
2017-11-21,2017-11-22,0,Overnight,0.0,False,13.24,13.24,131.99,False,0.0,False
2017-11-22,2017-11-24,1,Short,24.0,False,39.19,39.19,215.63,False,0.0,False
2017-11-24,2017-11-27,2,Weekend,48.0,True,139.49,139.49,-56.95,False,0.0,False
2017-11-27,2017-11-28,0,Overnight,0.0,False,75.39,75.39,-94.06,False,0.0,False
2017-11-28,2017-11-29,0,Overnight,0.0,False,10.05,10.05,-284.65,False,0.0,False
2017-11-29,2017-11-30,0,Overnight,0.0,False,50.08,50.08,82.34,False,0.0,False
2017-11-30,2017-12-01,0,Overnight,0.0,False,-40.02,-40.02,-83.11,False,0.0,False
2017-12-01,2017-12-04,2,Weekend,48.0,False,98.45,98.45,-345.82,False,0.0,False
2017-12-04,2017-12-05,0,Overnight,0.0,False,-50.3,-50.3,117.28,False,0.0,False
2017-12-05,2017-12-06,0,Overnight,0.0,False,-31.41,-31.41,125.4,False,0.0,False
2017-12-06,2017-12-07,0,Overnight,0.0,False,36.73,36.73,27.63,False,0.0,False
2017-12-07,2017-12-08,0,Overnight,0.0,False,91.07,91.07,-72.03,False,0.0,False
2017-12-08,2017-12-11,2,Weekend,48.0,False,22.35,22.35,37.03,False,0.0,False
2017-12-11,2017-12-12,0,Overnight,0.0,False,-20.64,-20.64,-12.27,False,0.0,False
2017-12-12,2017-12-13,0,Overnight,0.0,False,42.14,42.14,-50.3,False,0.0,False
2017-12-13,2017-12-14,0,Overnight,0.0,False,-3.61,-3.61,90.25,False,0.0,False
2017-12-14,2017-12-15,0,Overnight,0.0,False,40.54,40.54,0.93,False,0.0,False
2017-12-15,2017-12-18,2,Weekend,48.0,False,69.55,69.55,27.0,False,0.0,False
2017-12-18,2017-12-19,0,Overnight,0.0,False,-12.02,-12.02,-14.9,False,0.0,False
2017-12-19,2017-12-20,0,Overnight,0.0,False,26.24,26.24,-108.78,False,0.0,False
2017-12-20,2017-12-21,0,Overnight,0.0,False,-14.62,-14.62,-9.7,False,0.0,False
2017-12-21,2017-12-22,0,Overnight,0.0,False,-22.84,-22.84,-31.79,False,0.0,False
2017-12-22,2017-12-26,3,Long,72.0,False,0.0,0.0,71.64,False,0.0,False
2017-12-26,2017-12-27,0,Overnight,0.0,False,26.73,26.73,19.9,False,0.0,False
2017-12-27,2017-12-28,0,Overnight,0.0,False,56.85,56.85,-24.42,False,0.0,False
2017-12-28,2017-12-29,0,Overnight,0.0,False,-31.67,-31.67,-109.53,False,0.0,False
2017-12-29,2018-01-02,3,Long,72.0,False,21.61,21.61,144.09,False,0.0,False
2018-01-02,2018-01-03,0,Overnight,0.0,False,-5.97,-5.97,132.92,False,0.0,False
2018-01-03,2018-01-04,0,Overnight,0.0,False,6.64,6.64,38.02,False,0.0,False
2018-01-04,2018-01-05,0,Overnight,0.0,False,65.26,65.26,95.07,False,0.0,False
2018-01-05,2018-01-08,2,Weekend,48.0,False,55.66,55.66,87.56,False,0.0,False
2018-01-08,2018-01-09,0,Overnight,0.0,False,80.12,80.12,-33.47,False,0.0,False
2018-01-09,2018-01-10,0,Overnight,0.0,False,-60.45,-60.45,73.46,False,0.0,False
2018-01-10,2018-01-11,0,Overnight,0.0,False,43.04,43.04,133.58,False,0.0,False
2018-01-11,2018-01-12,0,Overnight,0.0,False,-25.8,-25.8,246.74,False,0.0,False
2018-01-12,2018-01-16,3,Long,72.0,False,135.46,135.46,-138.06,False,0.0,False
2018-01-16,2018-01-17,0,Overnight,0.0,False,56.4,56.4,-132.25,False,0.0,False
2018-01-17,2018-01-18,0,Overnight,0.0,False,-8.11,-8.11,-4.87,False,0.0,False
2018-01-18,2018-01-19,0,Overnight,0.0,False,143.4,143.4,-133.66,False,0.0,False
2018-01-19,2018-01-22,2,Weekend,48.0,False,19.99,19.99,229.69,False,0.0,False
2018-01-22,2018-01-23,0,Overnight,0.0,False,80.89,80.89,181.07,False,0.0,False
2018-01-23,2018-01-24,0,Overnight,0.0,False,89.72,89.72,-126.71,False,0.0,False
2018-01-24,2018-01-25,0,Overnight,0.0,False,76.98,76.98,72.47,False,0.0,False
2018-01-25,2018-01-26,0,Overnight,0.0,False,101.52,101.52,71.87,False,0.0,False
2018-01-26,2018-01-29,2,Weekend,48.0,False,50.73,50.73,60.14,False,0.0,False
2018-01-29,2018-01-30,0,Overnight,0.0,False,-102.88,-102.88,243.94,False,0.0,False
2018-01-30,2018-01-31,0,Overnight,0.0,False,93.32,93.32,-2.83,False,0.0,False
2018-01-31,2018-02-01,0,Overnight,0.0,False,-40.68,-40.68,-388.06,False,0.0,False
2018-02-01,2018-02-02,0,Overnight,0.0,False,609.73,609.73,-326.38,False,0.0,False
2018-02-02,2018-02-05,2,Weekend,48.0,False,-192.98,-192.98,-90.38,False,0.0,False
2018-02-05,2018-02-06,0,Overnight,0.0,False,-207.46,-207.46,580.56,False,0.0,False
2018-02-06,2018-02-07,0,Overnight,0.0,False,42.6,42.6,-224.87,False,0.0,False
2018-02-07,2018-02-08,0,Overnight,0.0,False,90.64,90.64,-569.76,False,0.0,False
2018-02-08,2018-02-09,0,Overnight,0.0,False,168.8,168.8,-249.84,False,0.0,False
2018-02-09,2018-02-12,2,Weekend,48.0,False,185.42,185.42,156.75,False,0.0,False
2018-02-12,2018-02-13,0,Overnight,0.0,False,-2.16,-2.16,204.12,False,0.0,False
2018-02-13,2018-02-14,0,Overnight,0.0,False,-58.57,-58.57,313.61,False,0.0,False
2018-02-14,2018-02-15,0,Overnight,0.0,False,108.57,108.57,-35.03,False,0.0,False
2018-02-15,2018-02-16,0,Overnight,0.0,False,-30.08,-30.08,-59.74,False,0.0,False
2018-02-16,2018-02-20,3,Long,72.0,False,-15.2,-15.2,149.99,False,0.0,False
2018-02-20,2018-02-21,0,Overnight,0.0,False,112.75,112.75,-14.02,False,0.0,False
2018-02-21,2018-02-22,0,Overnight,0.0,False,83.54,83.54,-67.23,False,0.0,False
2018-02-22,2018-02-23,0,Overnight,0.0,False,67.1,67.1,31.12,False,0.0,False
2018-02-23,2018-02-26,2,Weekend,48.0,False,61.15,61.15,84.13,False,0.0,False
2018-02-26,2018-02-27,0,Overnight,0.0,False,16.74,16.74,-82.46,False,0.0,False
2018-02-27,2018-02-28,0,Overnight,0.0,False,49.68,49.68,-46.57,False,0.0,False
2018-02-28,2018-03-01,0,Overnight,0.0,False,7.6,7.6,-134.02,False,0.0,False
2018-03-01,2018-03-02,0,Overnight,0.0,False,-164.39,-164.39,209.82,False,0.0,False
2018-03-02,2018-03-05,2,Weekend,48.0,False,-40.14,-40.14,194.65,False,0.0,False
2018-03-05,2018-03-06,0,Overnight,0.0,False,62.75,62.75,28.92,False,0.0,False
2018-03-06,2018-03-07,0,Overnight,0.0,False,-72.58,-72.58,120.33,False,0.0,False
2018-03-07,2018-03-08,0,Overnight,0.0,False,32.31,32.31,11.99,False,0.0,False
2018-03-08,2018-03-09,0,Overnight,0.0,False,74.73,74.73,97.95,False,0.0,False
2018-03-09,2018-03-12,2,Weekend,47.0,False,86.46,86.46,36.29,False,0.0,False
2018-03-12,2018-03-13,0,Overnight,0.0,False,109.32,109.32,-173.41,False,0.0,False
2018-03-13,2018-03-14,0,Overnight,0.0,False,55.38,55.38,-37.64,False,0.0,False
2018-03-14,2018-03-15,0,Overnight,0.0,False,25.11,25.11,-79.82,False,0.0,False
2018-03-15,2018-03-16,0,Overnight,0.0,False,7.14,7.14,-74.61,False,0.0,False
2018-03-16,2018-03-19,2,Weekend,48.0,False,-109.72,-109.72,-61.95,False,0.0,False
2018-03-19,2018-03-20,0,Overnight,0.0,False,34.96,34.96,230.62,False,0.0,False
2018-03-20,2018-03-21,0,Overnight,0.0,False,-0.38,-0.38,-28.97,False,0.0,False
2018-03-21,2018-03-22,0,Overnight,0.0,False,-104.15,-104.15,-132.14,False,0.0,False
2018-03-22,2018-03-23,0,Overnight,0.0,False,-38.33,-38.33,-286.39,False,0.0,False
2018-03-23,2018-03-26,2,Weekend,48.0,False,227.67,227.67,167.61,False,0.0,False
2018-03-26,2018-03-27,0,Overnight,0.0,False,105.75,105.75,-491.07,False,0.0,False
2018-03-27,2018-03-28,0,Overnight,0.0,False,-340.04,-340.04,-108.25,False,0.0,False
2018-03-28,2018-03-29,0,Overnight,0.0,False,-179.18,-179.18,289.79,False,0.0,False
2018-03-29,2018-04-02,3,Long,72.0,False,-207.48,-207.48,-327.17,False,0.0,False
2018-04-02,2018-04-03,0,Overnight,0.0,False,140.34,140.34,4.81,False,0.0,False
2018-04-03,2018-04-04,0,Overnight,0.0,False,-245.88,-245.88,378.04,False,0.0,False
2018-04-04,2018-04-05,0,Overnight,0.0,False,220.3,220.3,67.46,False,0.0,False
2018-04-05,2018-04-06,0,Overnight,0.0,False,-151.16,-151.16,-174.52,False,0.0,False
2018-04-06,2018-04-09,2,Weekend,48.0,False,139.92,139.92,-133.87,False,0.0,False
2018-04-09,2018-04-10,0,Overnight,0.0,False,182.59,182.59,29.49,False,0.0,False
2018-04-10,2018-04-11,0,Overnight,0.0,False,22.4,22.4,-86.45,False,0.0,False
2018-04-11,2018-04-12,0,Overnight,0.0,False,86.86,86.86,62.33,False,0.0,False
2018-04-12,2018-04-13,0,Overnight,0.0,False,4.42,4.42,-127.44,False,0.0,False
2018-04-13,2018-04-16,2,Weekend,48.0,False,98.83,98.83,-24.25,False,0.0,False
2018-04-16,2018-04-17,0,Overnight,0.0,False,143.26,143.26,280.05,False,0.0,False
2018-04-17,2018-04-18,0,Overnight,0.0,False,71.69,71.69,86.71,False,0.0,False
2018-04-18,2018-04-19,0,Overnight,0.0,False,100.16,100.16,88.32,False,0.0,False
2018-04-19,2018-04-20,0,Overnight,0.0,False,27.52,27.52,-218.29,False,0.0,False
2018-04-20,2018-04-23,2,Weekend,48.0,False,124.91,124.91,-188.16,False,0.0,False
2018-04-23,2018-04-24,0,Overnight,0.0,False,117.5,117.5,-505.53,False,0.0,False
2018-04-24,2018-04-25,0,Overnight,0.0,False,-14.32,-14.32,14.87,False,0.0,False
2018-04-25,2018-04-26,0,Overnight,0.0,False,168.69,168.69,219.46,False,0.0,False
2018-04-26,2018-04-27,0,Overnight,0.0,False,736.7,736.7,-382.94,False,0.0,False
2018-04-27,2018-04-30,2,Weekend,48.0,False,62.63,62.63,-103.98,False,0.0,False
2018-04-30,2018-05-01,0,Overnight,0.0,False,-18.6,-18.6,121.06,False,0.0,False
2018-05-01,2018-05-02,0,Overnight,0.0,False,-8.09,-8.09,-71.73,False,0.0,False
2018-05-02,2018-05-03,0,Overnight,0.0,False,-61.8,-61.8,77.07,False,0.0,False
2018-05-03,2018-05-04,0,Overnight,0.0,False,-61.44,-61.44,117.71,False,0.0,False
2018-05-04,2018-05-07,2,Weekend,48.0,False,52.93,52.93,67.72,False,0.0,False
2018-05-07,2018-05-08,0,Overnight,0.0,False,-32.17,-32.17,-16.38,False,0.0,False
2018-05-08,2018-05-09,0,Overnight,0.0,False,47.68,47.68,49.88,False,0.0,False
2018-05-09,2018-05-10,0,Overnight,0.0,False,2.98,2.98,3.73,False,0.0,False
2018-05-10,2018-05-11,0,Overnight,0.0,False,11.86,11.86,-50.28,False,0.0,False
2018-05-11,2018-05-14,2,Weekend,48.0,False,6.8,6.8,-15.35,False,0.0,False
2018-05-14,2018-05-15,0,Overnight,0.0,False,-86.16,-86.16,-73.83,False,0.0,False
2018-05-15,2018-05-16,0,Overnight,0.0,False,8.75,8.75,61.81,False,0.0,False
2018-05-16,2018-05-17,0,Overnight,0.0,False,-42.43,-42.43,7.59,False,0.0,False
2018-05-17,2018-05-18,0,Overnight,0.0,False,-2.72,-2.72,-44.11,False,0.0,False
2018-05-18,2018-05-21,2,Weekend,48.0,False,67.29,67.29,2.9,False,0.0,False
2018-05-21,2018-05-22,0,Overnight,0.0,False,27.9,27.9,-53.54,False,0.0,False
2018-05-22,2018-05-23,0,Overnight,0.0,False,-65.66,-65.66,194.21,False,0.0,False
2018-05-23,2018-05-24,0,Overnight,0.0,False,-23.94,-23.94,31.49,False,0.0,False
2018-05-24,2018-05-25,0,Overnight,0.0,False,-0.44,-0.44,44.5,False,0.0,False
2018-05-25,2018-05-29,3,Long,72.0,False,-58.8,-58.8,75.68,False,0.0,False
2018-05-29,2018-05-30,0,Overnight,0.0,False,32.37,32.37,41.87,False,0.0,False
2018-05-30,2018-05-31,0,Overnight,0.0,False,-11.64,-11.64,40.71,False,0.0,False
2018-05-31,2018-06-01,0,Overnight,0.0,False,45.37,45.37,27.51,False,0.0,False
2018-06-01,2018-06-04,2,Weekend,48.0,False,44.74,44.74,98.79,False,0.0,False
2018-06-04,2018-06-05,0,Overnight,0.0,False,46.25,46.25,138.66,False,0.0,False
2018-06-05,2018-06-06,0,Overnight,0.0,False,47.99,47.99,-51.53,False,0.0,False
2018-06-06,2018-06-07,0,Overnight,0.0,False,16.56,16.56,-54.67,False,0.0,False
2018-06-07,2018-06-08,0,Overnight,0.0,False,-48.54,-48.54,17.06,False,0.0,False
2018-06-08,2018-06-11,2,Weekend,48.0,False,-14.74,-14.74,45.15,False,0.0,False
2018-06-11,2018-06-12,0,Overnight,0.0,False,22.94,22.94,33.91,False,0.0,False
2018-06-12,2018-06-13,0,Overnight,0.0,False,23.87,23.87,12.03,False,0.0,False
2018-06-13,2018-06-14,0,Overnight,0.0,False,50.43,50.43,60.4,False,0.0,False
2018-06-14,2018-06-15,0,Overnight,0.0,False,-57.36,-57.36,11.49,False,0.0,False
2018-06-15,2018-06-18,2,Weekend,48.0,False,-56.75,-56.75,102.21,False,0.0,False
2018-06-18,2018-06-19,0,Overnight,0.0,False,-85.93,-85.93,149.49,False,0.0,False
2018-06-19,2018-06-20,0,Overnight,0.0,False,44.4,44.4,43.41,False,0.0,False
2018-06-20,2018-06-21,0,Overnight,0.0,False,56.52,56.52,-170.65,False,0.0,False
2018-06-21,2018-06-22,0,Overnight,0.0,False,71.41,71.41,-155.86,False,0.0,False
2018-06-22,2018-06-25,2,Weekend,48.0,False,-77.0,-77.0,-233.9,False,0.0,False
2018-06-25,2018-06-26,0,Overnight,0.0,False,55.28,55.28,111.31,False,0.0,False
2018-06-26,2018-06-27,0,Overnight,0.0,False,100.14,100.14,-282.63,False,0.0,False
2018-06-27,2018-06-28,0,Overnight,0.0,False,72.19,72.19,171.37,False,0.0,False
2018-06-28,2018-06-29,0,Overnight,0.0,False,90.98,90.98,-100.68,False,0.0,False
2018-06-29,2018-07-02,2,Weekend,48.0,False,-101.11,-101.11,183.02,False,0.0,False
2018-07-02,2018-07-03,0,Overnight,0.0,False,59.22,59.22,-175.55,False,0.0,False
2018-07-03,2018-07-05,1,Short,24.0,True,67.19,67.19,-33.18,False,0.0,False
2018-07-05,2018-07-06,0,Overnight,0.0,False,-21.97,-21.97,85.89,False,0.0,False
2018-07-06,2018-07-09,2,Weekend,48.0,False,78.14,78.14,86.46,False,0.0,False
2018-07-09,2018-07-10,0,Overnight,0.0,False,-2.82,-2.82,26.08,False,0.0,False
2018-07-10,2018-07-11,0,Overnight,0.0,False,-29.19,-29.19,97.4,False,0.0,False
2018-07-11,2018-07-12,0,Overnight,0.0,False,54.04,54.04,180.34,False,0.0,False
2018-07-12,2018-07-13,0,Overnight,0.0,False,40.61,40.61,50.32,False,0.0,False
2018-07-13,2018-07-16,2,Weekend,48.0,False,49.08,49.08,2.96,False,0.0,False
2018-07-16,2018-07-17,0,Overnight,0.0,False,-60.15,-60.15,177.11,False,0.0,False
2018-07-17,2018-07-18,0,Overnight,0.0,False,22.05,22.05,-27.53,False,0.0,False
2018-07-18,2018-07-19,0,Overnight,0.0,False,-73.3,-73.3,-90.54,False,0.0,False
2018-07-19,2018-07-20,0,Overnight,0.0,False,66.19,66.19,-62.17,False,0.0,False
2018-07-20,2018-07-23,2,Weekend,48.0,False,-8.22,-8.22,-56.5,False,0.0,False
2018-07-23,2018-07-24,0,Overnight,0.0,False,148.78,148.78,1.26,False,0.0,False
2018-07-24,2018-07-25,0,Overnight,0.0,False,0.33,0.33,185.82,False,0.0,False
2018-07-25,2018-07-26,0,Overnight,0.0,False,-132.94,-132.94,-170.01,False,0.0,False
2018-07-26,2018-07-27,0,Overnight,0.0,False,369.47,369.47,-318.33,False,0.0,False
2018-07-27,2018-07-30,2,Weekend,48.0,False,55.2,55.2,-266.81,False,0.0,False
2018-07-30,2018-07-31,0,Overnight,0.0,False,40.78,40.78,-50.79,False,0.0,False
2018-07-31,2018-08-01,0,Overnight,0.0,False,36.84,36.84,73.55,False,0.0,False
2018-08-01,2018-08-02,0,Overnight,0.0,False,-46.85,-46.85,251.51,False,0.0,False
2018-08-02,2018-08-03,0,Overnight,0.0,False,18.57,18.57,-78.94,False,0.0,False
2018-08-03,2018-08-06,2,Weekend,48.0,False,13.81,13.81,119.45,False,0.0,False
2018-08-06,2018-08-07,0,Overnight,0.0,False,36.63,36.63,42.78,False,0.0,False
2018-08-07,2018-08-08,0,Overnight,0.0,False,-7.95,-7.95,136.2,False,0.0,False
2018-08-08,2018-08-09,0,Overnight,0.0,False,-23.99,-23.99,87.4,False,0.0,False
2018-08-09,2018-08-10,0,Overnight,0.0,False,-52.87,-52.87,-11.71,False,0.0,False
2018-08-10,2018-08-13,2,Weekend,48.0,False,64.47,64.47,-12.12,False,0.0,False
2018-08-13,2018-08-14,0,Overnight,0.0,False,121.56,121.56,1.35,False,0.0,False
2018-08-14,2018-08-15,0,Overnight,0.0,False,-52.75,-52.75,-142.03,False,0.0,False
2018-08-15,2018-08-16,0,Overnight,0.0,False,112.61,112.61,-91.92,False,0.0,False
2018-08-16,2018-08-17,0,Overnight,0.0,False,-3.82,-3.82,-19.0,False,0.0,False
2018-08-17,2018-08-20,2,Weekend,48.0,False,44.26,44.26,-73.58,False,0.0,False
2018-08-20,2018-08-21,0,Overnight,0.0,False,17.52,17.52,18.17,False,0.0,False
2018-08-21,2018-08-22,0,Overnight,0.0,False,-36.06,-36.06,149.47,False,0.0,False
2018-08-22,2018-08-23,0,Overnight,0.0,False,11.91,11.91,-22.41,False,0.0,False
2018-08-23,2018-08-24,0,Overnight,0.0,False,39.91,39.91,-26.83,False,0.0,False
2018-08-24,2018-08-27,2,Weekend,48.0,False,50.31,50.31,66.0,False,0.0,False
2018-08-27,2018-08-28,0,Overnight,0.0,False,52.0,52.0,-25.37,False,0.0,False
2018-08-28,2018-08-29,0,Overnight,0.0,False,106.17,106.17,226.0,False,0.0,False
2018-08-29,2018-08-30,0,Overnight,0.0,False,-3.4,-3.4,24.8,False,0.0,False
2018-08-30,2018-08-31,0,Overnight,0.0,False,23.05,23.05,28.41,False,0.0,False
2018-08-31,2018-09-04,3,Long,72.0,False,68.28,68.28,63.99,False,0.0,False
2018-09-04,2018-09-05,0,Overnight,0.0,False,-6.87,-6.87,-214.69,False,0.0,False
2018-09-05,2018-09-06,0,Overnight,0.0,False,58.43,58.43,-243.15,False,0.0,False
2018-09-06,2018-09-07,0,Overnight,0.0,False,-100.59,-100.59,68.68,False,0.0,False
2018-09-07,2018-09-10,2,Weekend,48.0,False,96.51,96.51,-163.64,False,0.0,False
2018-09-10,2018-09-11,0,Overnight,0.0,False,-55.54,-55.54,300.78,False,0.0,False
2018-09-11,2018-09-12,0,Overnight,0.0,False,34.41,34.41,-20.08,False,0.0,False
2018-09-12,2018-09-13,0,Overnight,0.0,False,50.13,50.13,-50.78,False,0.0,False
2018-09-13,2018-09-14,0,Overnight,0.0,False,15.37,15.37,-114.76,False,0.0,False
2018-09-14,2018-09-17,2,Weekend,48.0,False,-78.78,-78.78,-241.81,False,0.0,False
2018-09-17,2018-09-18,0,Overnight,0.0,False,55.51,55.51,116.07,False,0.0,False
2018-09-18,2018-09-19,0,Overnight,0.0,False,-2.83,-2.83,-72.82,False,0.0,False
2018-09-19,2018-09-20,0,Overnight,0.0,False,62.92,62.92,29.46,False,0.0,False
2018-09-20,2018-09-21,0,Overnight,0.0,False,50.89,50.89,-202.68,False,0.0,False
2018-09-21,2018-09-24,2,Weekend,48.0,False,-58.76,-58.76,159.3,False,0.0,False
2018-09-24,2018-09-25,0,Overnight,0.0,False,44.05,44.05,161.59,False,0.0,False
2018-09-25,2018-09-26,0,Overnight,0.0,False,-30.69,-30.69,32.21,False,0.0,False
2018-09-26,2018-09-27,0,Overnight,0.0,False,92.69,92.69,98.55,False,0.0,False
2018-09-27,2018-09-28,0,Overnight,0.0,False,-42.67,-42.67,-7.04,False,0.0,False
2018-09-28,2018-10-01,2,Weekend,48.0,False,94.36,94.36,-87.57,False,0.0,False
2018-10-01,2018-10-02,0,Overnight,0.0,False,-21.83,-21.83,-144.44,False,0.0,False
2018-10-02,2018-10-03,0,Overnight,0.0,False,52.57,52.57,-147.11,False,0.0,False
2018-10-03,2018-10-04,0,Overnight,0.0,False,-19.27,-19.27,-205.17,False,0.0,False
2018-10-04,2018-10-05,0,Overnight,0.0,False,44.78,44.78,-148.86,False,0.0,False
2018-10-05,2018-10-08,2,Weekend,48.0,False,-83.16,-83.16,-51.25,False,0.0,False
2018-10-08,2018-10-09,0,Overnight,0.0,False,-23.79,-23.79,55.38,False,0.0,False
2018-10-09,2018-10-10,0,Overnight,0.0,False,-66.68,-66.68,-568.3,False,0.0,False
2018-10-10,2018-10-11,0,Overnight,0.0,False,-179.64,-179.64,-26.95,False,0.0,False
2018-10-11,2018-10-12,0,Overnight,0.0,False,502.69,502.69,-107.83,False,0.0,False
2018-10-12,2018-10-15,2,Weekend,48.0,False,35.66,35.66,-191.52,False,0.0,False
2018-10-15,2018-10-16,0,Overnight,0.0,False,127.24,127.24,202.37,False,0.0,False
2018-10-16,2018-10-17,0,Overnight,0.0,False,124.66,124.66,-60.2,False,0.0,False
2018-10-17,2018-10-18,0,Overnight,0.0,False,-56.06,-56.06,-282.69,False,0.0,False
2018-10-18,2018-10-19,0,Overnight,0.0,False,81.22,81.22,-119.07,False,0.0,False
2018-10-19,2018-10-22,2,Weekend,48.0,False,112.57,112.57,29.66,False,0.0,False
2018-10-22,2018-10-23,0,Overnight,0.0,False,-266.53,-266.53,150.73,False,0.0,False
2018-10-23,2018-10-24,0,Overnight,0.0,False,28.23,28.23,-637.23,False,0.0,False
2018-10-24,2018-10-25,0,Overnight,0.0,False,232.47,232.47,452.41,False,0.0,False
2018-10-25,2018-10-26,0,Overnight,0.0,False,-773.05,-773.05,-41.19,False,0.0,False
2018-10-26,2018-10-29,2,Weekend,48.0,False,104.09,104.09,-757.63,False,0.0,False
2018-10-29,2018-10-30,0,Overnight,0.0,False,-348.59,-348.59,293.47,False,0.0,False
2018-10-30,2018-10-31,0,Overnight,0.0,False,255.27,255.27,176.9,False,0.0,False
2018-10-31,2018-11-01,0,Overnight,0.0,False,158.44,158.44,255.41,False,0.0,False
2018-11-01,2018-11-02,0,Overnight,0.0,False,78.11,78.11,-78.11,False,0.0,False
2018-11-02,2018-11-05,2,Weekend,49.0,False,-47.91,-47.91,-181.23,False,0.0,False
2018-11-05,2018-11-06,0,Overnight,0.0,False,-58.22,-58.22,150.01,False,0.0,False
2018-11-06,2018-11-07,0,Overnight,0.0,False,182.1,182.1,481.3,False,0.0,False
2018-11-07,2018-11-08,0,Overnight,0.0,False,-2.79,-2.79,-0.51,False,0.0,False
2018-11-08,2018-11-09,0,Overnight,0.0,False,-128.52,-128.52,-116.52,False,0.0,False
2018-11-09,2018-11-12,2,Weekend,48.0,False,-83.21,-83.21,-368.19,False,0.0,False
2018-11-12,2018-11-13,0,Overnight,0.0,False,75.71,75.71,-110.47,False,0.0,False
2018-11-13,2018-11-14,0,Overnight,0.0,False,153.01,153.01,-352.14,False,0.0,False
2018-11-14,2018-11-15,0,Overnight,0.0,False,-113.21,-113.21,240.17,False,0.0,False
2018-11-15,2018-11-16,0,Overnight,0.0,False,-199.2,-199.2,37.16,False,0.0,False
2018-11-16,2018-11-19,2,Weekend,48.0,False,-103.46,-103.46,-419.06,False,0.0,False
2018-11-19,2018-11-20,0,Overnight,0.0,False,-507.2,-507.2,395.28,False,0.0,False
2018-11-20,2018-11-21,0,Overnight,0.0,False,312.88,312.88,-171.65,False,0.0,False
2018-11-21,2018-11-23,1,Short,24.0,False,1.78,1.78,-98.97,False,0.0,False
2018-11-23,2018-11-26,2,Weekend,48.0,True,242.95,242.95,271.33,False,0.0,False
2018-11-26,2018-11-27,0,Overnight,0.0,False,-33.83,-33.83,34.4,False,0.0,False
2018-11-27,2018-11-28,0,Overnight,0.0,False,203.43,203.43,387.88,False,0.0,False
2018-11-28,2018-11-29,0,Overnight,0.0,False,-16.46,-16.46,-8.48,False,0.0,False
2018-11-29,2018-11-30,0,Overnight,0.0,False,35.37,35.37,63.33,False,0.0,False
2018-11-30,2018-12-03,2,Weekend,48.0,False,458.45,458.45,16.38,False,0.0,False
2018-12-03,2018-12-04,0,Overnight,0.0,False,-92.73,-92.73,-511.73,False,0.0,False
2018-12-04,2018-12-06,1,Short,24.0,False,-326.11,-326.11,508.97,False,0.0,False
2018-12-06,2018-12-07,0,Overnight,0.0,False,34.54,34.54,-455.6,False,0.0,False
2018-12-07,2018-12-10,2,Weekend,48.0,False,-32.52,-32.52,105.3,False,0.0,False
2018-12-10,2018-12-11,0,Overnight,0.0,False,222.79,222.79,-209.33,False,0.0,False
2018-12-11,2018-12-12,0,Overnight,0.0,False,155.55,155.55,-32.77,False,0.0,False
2018-12-12,2018-12-13,0,Overnight,0.0,False,98.46,98.46,-129.53,False,0.0,False
2018-12-13,2018-12-14,0,Overnight,0.0,False,-123.65,-123.65,-285.41,False,0.0,False
2018-12-14,2018-12-17,2,Weekend,48.0,False,-164.1,-164.1,-292.16,False,0.0,False
2018-12-17,2018-12-18,0,Overnight,0.0,False,124.74,124.74,74.27,False,0.0,False
2018-12-18,2018-12-19,0,Overnight,0.0,False,-54.48,-54.48,-315.81,False,0.0,False
2018-12-19,2018-12-20,0,Overnight,0.0,False,-74.39,-74.39,-157.36,False,0.0,False
2018-12-20,2018-12-21,0,Overnight,0.0,False,28.44,28.44,-616.14,False,0.0,False
2018-12-21,2018-12-24,2,Weekend,48.0,False,-230.97,-230.97,-15.17,False,0.0,False
2018-12-24,2018-12-26,1,Short,24.0,True,183.8,183.8,718.74,False,0.0,False
2018-12-26,2018-12-27,0,Overnight,0.0,False,-114.19,-114.19,51.03,False,0.0,False
2018-12-27,2018-12-28,0,Overnight,0.0,False,79.8,79.8,31.65,False,0.0,False
2018-12-28,2018-12-31,2,Weekend,48.0,False,219.36,219.36,-58.62,False,0.0,False
2018-12-31,2019-01-02,1,Short,24.0,False,-247.86,-247.86,492.26,False,0.0,False
2019-01-02,2019-01-03,0,Overnight,0.0,False,-125.0,-125.0,-130.65,False,0.0,False
2019-01-03,2019-01-04,0,Overnight,0.0,False,196.16,196.16,292.35,False,0.0,False
2019-01-04,2019-01-07,2,Weekend,48.0,False,169.43,169.43,168.33,False,0.0,False
2019-01-07,2019-01-08,0,Overnight,0.0,False,213.6,213.6,-48.84,False,0.0,False
2019-01-08,2019-01-09,0,Overnight,0.0,False,-21.76,-21.76,38.88,False,0.0,False
2019-01-09,2019-01-10,0,Overnight,0.0,False,-111.56,-111.56,92.26,False,0.0,False
2019-01-10,2019-01-11,0,Overnight,0.0,False,-95.06,-95.06,0.06,False,0.0,False
2019-01-11,2019-01-14,2,Weekend,48.0,False,-157.03,-157.03,13.67,False,0.0,False
2019-01-14,2019-01-15,0,Overnight,0.0,False,91.04,91.04,257.44,False,0.0,False
2019-01-15,2019-01-16,0,Overnight,0.0,False,57.52,57.52,-2.61,False,0.0,False
2019-01-16,2019-01-17,0,Overnight,0.0,False,-22.48,-22.48,78.38,False,0.0,False
2019-01-17,2019-01-18,0,Overnight,0.0,False,110.3,110.3,-92.72,False,0.0,False
2019-01-18,2019-01-22,3,Long,72.0,False,-90.02,-90.02,-294.78,False,0.0,False
2019-01-22,2019-01-23,0,Overnight,0.0,False,144.95,144.95,-96.97,False,0.0,False
2019-01-23,2019-01-24,0,Overnight,0.0,False,6.4,6.4,84.1,False,0.0,False
2019-01-24,2019-01-25,0,Overnight,0.0,False,93.64,93.64,0.42,False,0.0,False
2019-01-25,2019-01-28,2,Weekend,48.0,False,-162.82,-162.82,-34.74,False,0.0,False
2019-01-28,2019-01-29,0,Overnight,0.0,False,-40.5,-40.5,-231.88,False,0.0,False
2019-01-29,2019-01-30,0,Overnight,0.0,False,181.05,181.05,288.05,False,0.0,False
2019-01-30,2019-01-31,0,Overnight,0.0,False,133.32,133.32,151.72,False,0.0,False
2019-01-31,2019-02-01,0,Overnight,0.0,False,-475.73,-475.73,-77.49,False,0.0,False
2019-02-01,2019-02-04,2,Weekend,48.0,False,-19.88,-19.88,63.32,False,0.0,False
2019-02-04,2019-02-05,0,Overnight,0.0,False,61.22,61.22,93.7,False,0.0,False
2019-02-05,2019-02-06,0,Overnight,0.0,False,71.72,71.72,-184.18,False,0.0,False
2019-02-06,2019-02-07,0,Overnight,0.0,False,-93.47,-93.47,-65.63,False,0.0,False
2019-02-07,2019-02-08,0,Overnight,0.0,False,-177.3,-177.3,13.99,False,0.0,False
2019-02-08,2019-02-11,2,Weekend,48.0,False,80.02,80.02,-62.53,False,0.0,False
2019-02-11,2019-02-12,0,Overnight,0.0,False,81.38,81.38,209.82,False,0.0,False
2019-02-12,2019-02-13,0,Overnight,0.0,False,54.73,54.73,-42.59,False,0.0,False
2019-02-13,2019-02-14,0,Overnight,0.0,False,-94.96,-94.96,-11.39,False,0.0,False
2019-02-14,2019-02-15,0,Overnight,0.0,False,32.06,32.06,-123.06,False,0.0,False
2019-02-15,2019-02-19,3,Long,72.0,False,-43.32,-43.32,164.66,False,0.0,False
2019-02-19,2019-02-20,0,Overnight,0.0,False,14.86,14.86,-48.58,False,0.0,False
2019-02-20,2019-02-21,0,Overnight,0.0,False,-13.88,-13.88,-2.53,False,0.0,False
2019-02-21,2019-02-22,0,Overnight,0.0,False,25.04,25.04,49.52,False,0.0,False
2019-02-22,2019-02-25,2,Weekend,48.0,False,60.43,60.43,-51.61,False,0.0,False
2019-02-25,2019-02-26,0,Overnight,0.0,False,-43.08,-43.08,63.88,False,0.0,False
2019-02-26,2019-02-27,0,Overnight,0.0,False,-50.36,-50.36,78.98,False,0.0,False
2019-02-27,2019-02-28,0,Overnight,0.0,False,-35.65,-35.65,27.97,False,0.0,False
2019-02-28,2019-03-01,0,Overnight,0.0,False,92.87,92.87,99.79,False,0.0,False
2019-03-01,2019-03-04,2,Weekend,48.0,False,79.07,79.07,66.07,False,0.0,False
2019-03-04,2019-03-05,0,Overnight,0.0,False,39.89,39.89,-61.97,False,0.0,False
2019-03-05,2019-03-06,0,Overnight,0.0,False,20.9,20.9,-160.6,False,0.0,False
2019-03-06,2019-03-07,0,Overnight,0.0,False,-9.47,-9.47,-251.55,False,0.0,False
2019-03-07,2019-03-08,0,Overnight,0.0,False,-135.86,-135.86,104.13,False,0.0,False
2019-03-08,2019-03-11,2,Weekend,47.0,False,32.77,32.77,269.98,False,0.0,False
2019-03-11,2019-03-12,0,Overnight,0.0,False,-9.7,-9.7,24.54,False,0.0,False
2019-03-12,2019-03-13,0,Overnight,0.0,False,59.0,59.0,46.3,False,0.0,False
2019-03-13,2019-03-14,0,Overnight,0.0,False,2.31,2.31,-29.49,False,0.0,False
2019-03-14,2019-03-15,0,Overnight,0.0,False,99.02,99.02,54.81,False,0.0,False
2019-03-15,2019-03-18,2,Weekend,48.0,False,1.99,1.99,170.49,False,0.0,False
2019-03-18,2019-03-19,0,Overnight,0.0,False,65.0,65.0,47.45,False,0.0,False
2019-03-19,2019-03-20,0,Overnight,0.0,False,45.81,45.81,153.23,False,0.0,False
2019-03-20,2019-03-21,0,Overnight,0.0,False,-5.62,-5.62,127.23,False,0.0,False
2019-03-21,2019-03-22,0,Overnight,0.0,False,-50.09,-50.09,-254.0,False,0.0,False
2019-03-22,2019-03-25,2,Weekend,48.0,False,-39.63,-39.63,93.26,False,0.0,False
2019-03-25,2019-03-26,0,Overnight,0.0,False,105.07,105.07,-51.67,False,0.0,False
2019-03-26,2019-03-27,0,Overnight,0.0,False,2.07,2.07,-103.84,False,0.0,False
2019-03-27,2019-03-28,0,Overnight,0.0,False,24.32,24.32,19.3,False,0.0,False
2019-03-28,2019-03-29,0,Overnight,0.0,False,73.93,73.93,-32.69,False,0.0,False
2019-03-29,2019-04-01,2,Weekend,48.0,False,108.13,108.13,77.91,False,0.0,False
2019-04-01,2019-04-02,0,Overnight,0.0,False,-17.49,-17.49,16.33,False,0.0,False
2019-04-02,2019-04-03,0,Overnight,0.0,False,69.99,69.99,-33.01,False,0.0,False
2019-04-03,2019-04-04,0,Overnight,0.0,False,-0.27,-0.27,-9.84,False,0.0,False
2019-04-04,2019-04-05,0,Overnight,0.0,False,55.59,55.59,45.17,False,0.0,False
2019-04-05,2019-04-08,2,Weekend,48.0,False,-22.07,-22.07,90.3,False,0.0,False
2019-04-08,2019-04-09,0,Overnight,0.0,False,-23.65,-23.65,-52.43,False,0.0,False
2019-04-09,2019-04-10,0,Overnight,0.0,False,28.07,28.07,34.32,False,0.0,False
2019-04-10,2019-04-11,0,Overnight,0.0,False,7.41,7.41,-25.08,False,0.0,False
2019-04-11,2019-04-12,0,Overnight,0.0,False,23.45,23.45,-28.93,False,0.0,False
2019-04-12,2019-04-15,2,Weekend,48.0,False,-5.75,-5.75,15.57,False,0.0,False
2019-04-15,2019-04-16,0,Overnight,0.0,False,35.06,35.06,62.94,False,0.0,False
2019-04-16,2019-04-17,0,Overnight,0.0,False,53.27,53.27,-43.72,False,0.0,False
2019-04-17,2019-04-18,0,Overnight,0.0,False,21.27,21.27,-38.06,False,0.0,False
2019-04-18,2019-04-22,3,Long,72.0,False,-33.84,-33.84,170.52,False,0.0,False
2019-04-22,2019-04-23,0,Overnight,0.0,False,20.59,20.59,170.75,False,0.0,False
2019-04-23,2019-04-24,0,Overnight,0.0,False,6.39,6.39,-121.51,False,0.0,False
2019-04-24,2019-04-25,0,Overnight,0.0,False,79.87,79.87,-77.24,False,0.0,False
2019-04-25,2019-04-26,0,Overnight,0.0,False,139.64,139.64,111.51,False,0.0,False
2019-04-26,2019-04-29,2,Weekend,48.0,False,-8.36,-8.36,-54.38,False,0.0,False
2019-04-29,2019-04-30,0,Overnight,0.0,False,-43.07,-43.07,-18.57,False,0.0,False
2019-04-30,2019-05-01,0,Overnight,0.0,False,34.05,34.05,-112.21,False,0.0,False
2019-05-01,2019-05-02,0,Overnight,0.0,False,9.46,9.46,-65.6,False,0.0,False
2019-05-02,2019-05-03,0,Overnight,0.0,False,250.31,250.31,68.82,False,0.0,False
2019-05-03,2019-05-06,2,Weekend,48.0,False,-229.26,-229.26,168.39,False,0.0,False
2019-05-06,2019-05-07,0,Overnight,0.0,False,-54.29,-54.29,-98.37,False,0.0,False
2019-05-07,2019-05-08,0,Overnight,0.0,False,-11.09,-11.09,-5.73,False,0.0,False
2019-05-08,2019-05-09,0,Overnight,0.0,False,-93.09,-93.09,-0.68,False,0.0,False
2019-05-09,2019-05-10,0,Overnight,0.0,False,-9.85,-9.85,-42.34,False,0.0,False
2019-05-10,2019-05-13,2,Weekend,48.0,False,-286.72,-286.72,-75.86,False,0.0,False
2019-05-13,2019-05-14,0,Overnight,0.0,False,91.86,91.86,3.37,False,0.0,False
2019-05-14,2019-05-15,0,Overnight,0.0,False,-66.36,-66.36,233.58,False,0.0,False
2019-05-15,2019-05-16,0,Overnight,0.0,False,78.73,78.73,114.04,False,0.0,False
2019-05-16,2019-05-17,0,Overnight,0.0,False,-76.41,-76.41,-127.86,False,0.0,False
2019-05-17,2019-05-20,2,Weekend,48.0,False,-87.65,-87.65,33.84,False,0.0,False
2019-05-20,2019-05-21,0,Overnight,0.0,False,84.74,84.74,-92.54,False,0.0,False
2019-05-21,2019-05-22,0,Overnight,0.0,False,-30.95,-30.95,42.57,False,0.0,False
2019-05-22,2019-05-23,0,Overnight,0.0,False,-124.94,-124.94,-115.61,False,0.0,False
2019-05-23,2019-05-24,0,Overnight,0.0,False,111.79,111.79,-68.92,False,0.0,False
2019-05-24,2019-05-28,3,Long,72.0,False,51.8,51.8,20.06,False,0.0,False
2019-05-28,2019-05-29,0,Overnight,0.0,False,-72.74,-72.74,-21.58,False,0.0,False
2019-05-29,2019-05-30,0,Overnight,0.0,False,34.57,34.57,-50.36,False,0.0,False
2019-05-30,2019-05-31,0,Overnight,0.0,False,-145.91,-145.91,-83.81,False,0.0,False
2019-05-31,2019-06-03,2,Weekend,48.0,False,-85.2,-85.2,-390.01,False,0.0,False
2019-06-03,2019-06-04,0,Overnight,0.0,False,38.62,38.62,176.86,False,0.0,False
2019-06-04,2019-06-05,0,Overnight,0.0,False,115.2,115.2,-63.65,False,0.0,False
2019-06-05,2019-06-06,0,Overnight,0.0,False,-4.55,-4.55,95.36,False,0.0,False
2019-06-06,2019-06-07,0,Overnight,0.0,False,53.1,53.1,226.09,False,0.0,False
2019-06-07,2019-06-10,2,Weekend,48.0,False,99.12,99.12,209.8,False,0.0,False
2019-06-10,2019-06-11,0,Overnight,0.0,False,120.84,120.84,-104.35,False,0.0,False
2019-06-11,2019-06-12,0,Overnight,0.0,False,-52.29,-52.29,7.23,False,0.0,False
2019-06-12,2019-06-13,0,Overnight,0.0,False,61.26,61.26,19.16,False,0.0,False
2019-06-13,2019-06-14,0,Overnight,0.0,False,-33.74,-33.74,30.37,False,0.0,False
2019-06-14,2019-06-17,2,Weekend,48.0,False,36.46,36.46,50.66,False,0.0,False
2019-06-17,2019-06-18,0,Overnight,0.0,False,80.9,80.9,0.11,False,0.0,False
2019-06-18,2019-06-19,0,Overnight,0.0,False,33.97,33.97,4.98,False,0.0,False
2019-06-19,2019-06-20,0,Overnight,0.0,False,127.74,127.74,-78.62,False,0.0,False
2019-06-20,2019-06-21,0,Overnight,0.0,False,-10.9,-10.9,-25.08,False,0.0,False
2019-06-21,2019-06-24,2,Weekend,48.0,False,7.11,7.11,6.48,False,0.0,False
2019-06-24,2019-06-25,0,Overnight,0.0,False,-10.77,-10.77,-177.15,False,0.0,False
2019-06-25,2019-06-26,0,Overnight,0.0,False,75.37,75.37,28.23,False,0.0,False
2019-06-26,2019-06-27,0,Overnight,0.0,False,21.95,21.95,11.98,False,0.0,False
2019-06-27,2019-06-28,0,Overnight,0.0,False,25.28,25.28,-81.36,False,0.0,False
2019-06-28,2019-07-01,2,Weekend,48.0,False,153.8,153.8,-4.11,False,0.0,False
2019-07-01,2019-07-02,0,Overnight,0.0,False,-14.63,-14.63,77.48,False,0.0,False
2019-07-02,2019-07-03,0,Overnight,0.0,False,8.17,8.17,16.05,False,0.0,False
2019-07-03,2019-07-05,1,Short,24.0,True,-53.78,-53.78,73.92,False,0.0,False
2019-07-05,2019-07-08,2,Weekend,48.0,False,-45.34,-45.34,93.66,False,0.0,False
2019-07-08,2019-07-09,0,Overnight,0.0,False,-23.18,-23.18,205.79,False,0.0,False
2019-07-09,2019-07-10,0,Overnight,0.0,False,41.21,41.21,104.14,False,0.0,False
2019-07-10,2019-07-11,0,Overnight,0.0,False,40.61,40.61,-121.94,False,0.0,False
2019-07-11,2019-07-12,0,Overnight,0.0,False,35.92,35.92,13.59,False,0.0,False
2019-07-12,2019-07-15,2,Weekend,48.0,False,51.58,51.58,-2.03,False,0.0,False
2019-07-15,2019-07-16,0,Overnight,0.0,False,-51.64,-51.64,-3.38,False,0.0,False
2019-07-16,2019-07-17,0,Overnight,0.0,False,-14.19,-14.19,-75.12,False,0.0,False
2019-07-17,2019-07-18,0,Overnight,0.0,False,-60.52,-60.52,-10.66,False,0.0,False
2019-07-18,2019-07-19,0,Overnight,0.0,False,67.07,67.07,-134.95,False,0.0,False
2019-07-19,2019-07-22,2,Weekend,48.0,False,33.64,33.64,73.24,False,0.0,False
2019-07-22,2019-07-23,0,Overnight,0.0,False,52.04,52.04,-7.52,False,0.0,False
2019-07-23,2019-07-24,0,Overnight,0.0,False,-127.1,-127.1,158.74,False,0.0,False
2019-07-24,2019-07-25,0,Overnight,0.0,False,0.95,0.95,-136.76,False,0.0,False
2019-07-25,2019-07-26,0,Overnight,0.0,False,-162.52,-162.52,5.41,False,0.0,False
2019-07-26,2019-07-29,2,Weekend,48.0,False,-67.39,-67.39,-91.35,False,0.0,False
2019-07-29,2019-07-30,0,Overnight,0.0,False,-112.16,-112.16,39.11,False,0.0,False
2019-07-30,2019-07-31,0,Overnight,0.0,False,-2.21,-2.21,-166.44,False,0.0,False
2019-07-31,2019-08-01,0,Overnight,0.0,False,26.43,26.43,-88.01,False,0.0,False
2019-08-01,2019-08-02,0,Overnight,0.0,False,-55.4,-55.4,-119.02,False,0.0,False
2019-08-02,2019-08-05,2,Weekend,48.0,False,-295.11,-295.11,-28.8,False,0.0,False
2019-08-05,2019-08-06,0,Overnight,0.0,False,152.36,152.36,-24.58,False,0.0,False
2019-08-06,2019-08-07,0,Overnight,0.0,False,-77.71,-77.71,108.82,False,0.0,False
2019-08-07,2019-08-08,0,Overnight,0.0,False,70.01,70.01,147.79,False,0.0,False
2019-08-08,2019-08-09,0,Overnight,0.0,False,-21.52,-21.52,-117.53,False,0.0,False
2019-08-09,2019-08-12,2,Weekend,48.0,False,-64.33,-64.33,-61.83,False,0.0,False
2019-08-12,2019-08-13,0,Overnight,0.0,False,-10.76,-10.76,229.21,False,0.0,False
2019-08-13,2019-08-14,0,Overnight,0.0,False,-173.23,-173.23,-169.01,False,0.0,False
2019-08-14,2019-08-15,0,Overnight,0.0,False,107.37,107.37,-33.0,False,0.0,False
2019-08-15,2019-08-16,0,Overnight,0.0,False,93.98,93.98,-1.78,False,0.0,False
2019-08-16,2019-08-19,2,Weekend,48.0,False,141.31,141.31,-10.79,False,0.0,False
2019-08-19,2019-08-20,0,Overnight,0.0,False,-8.92,-8.92,-72.57,False,0.0,False
2019-08-20,2019-08-21,0,Overnight,0.0,False,99.48,99.48,22.78,False,0.0,False
2019-08-21,2019-08-22,0,Overnight,0.0,False,24.43,24.43,-128.5,False,0.0,False
2019-08-22,2019-08-23,0,Overnight,0.0,False,-64.65,-64.65,-245.08,False,0.0,False
2019-08-23,2019-08-26,2,Weekend,48.0,False,98.34,98.34,11.09,False,0.0,False
2019-08-26,2019-08-27,0,Overnight,0.0,False,38.71,38.71,-78.59,False,0.0,False
2019-08-27,2019-08-28,0,Overnight,0.0,False,-38.84,-38.84,52.57,False,0.0,False
2019-08-28,2019-08-29,0,Overnight,0.0,False,105.72,105.72,19.05,False,0.0,False
2019-08-29,2019-08-30,0,Overnight,0.0,False,61.89,61.89,-118.64,False,0.0,False
2019-08-30,2019-09-03,3,Long,72.0,False,-35.47,-35.47,111.47,False,0.0,False
2019-09-03,2019-09-04,0,Overnight,0.0,False,84.34,84.34,-24.3,False,0.0,False
2019-09-04,2019-09-05,0,Overnight,0.0,False,117.76,117.76,102.49,False,0.0,False
2019-09-05,2019-09-06,0,Overnight,0.0,False,-13.59,-13.59,-25.66,False,0.0,False
2019-09-06,2019-09-09,2,Weekend,48.0,False,40.77,40.77,-52.56,False,0.0,False
2019-09-09,2019-09-10,0,Overnight,0.0,False,-47.07,-47.07,-12.08,False,0.0,False
2019-09-10,2019-09-11,0,Overnight,0.0,False,-46.3,-46.3,59.69,False,0.0,False
2019-09-11,2019-09-12,0,Overnight,0.0,False,79.99,79.99,32.16,False,0.0,False
2019-09-12,2019-09-13,0,Overnight,0.0,False,-8.36,-8.36,-14.51,False,0.0,False
2019-09-13,2019-09-16,2,Weekend,48.0,False,-83.64,-83.64,-89.1,False,0.0,False
2019-09-16,2019-09-17,0,Overnight,0.0,False,-4.21,-4.21,85.24,False,0.0,False
2019-09-17,2019-09-18,0,Overnight,0.0,False,-30.28,-30.28,2.31,False,0.0,False
2019-09-18,2019-09-19,0,Overnight,0.0,False,19.57,19.57,2.63,False,0.0,False
2019-09-19,2019-09-20,0,Overnight,0.0,False,1.15,1.15,-152.39,False,0.0,False
2019-09-20,2019-09-23,2,Weekend,48.0,False,-96.1,-96.1,46.6,False,0.0,False
2019-09-23,2019-09-24,0,Overnight,0.0,False,29.7,29.7,-277.46,False,0.0,False
2019-09-24,2019-09-25,0,Overnight,0.0,False,32.96,32.96,119.3,False,0.0,False
2019-09-25,2019-09-26,0,Overnight,0.0,False,-31.38,-31.38,-131.05,False,0.0,False
2019-09-26,2019-09-27,0,Overnight,0.0,False,46.79,46.79,-129.84,False,0.0,False
2019-09-27,2019-09-30,2,Weekend,48.0,False,8.92,8.92,51.52,False,0.0,False
2019-09-30,2019-10-01,0,Overnight,0.0,False,57.96,57.96,-59.45,False,0.0,False
2019-10-01,2019-10-02,0,Overnight,0.0,False,-45.68,-45.68,-84.34,False,0.0,False
2019-10-02,2019-10-03,0,Overnight,0.0,False,-1.34,-1.34,66.45,False,0.0,False
2019-10-03,2019-10-04,0,Overnight,0.0,False,9.27,9.27,78.66,False,0.0,False
2019-10-04,2019-10-07,2,Weekend,48.0,False,-46.21,-46.21,5.95,False,0.0,False
2019-10-07,2019-10-08,0,Overnight,0.0,False,-58.87,-58.87,-99.07,False,0.0,False
2019-10-08,2019-10-09,0,Overnight,0.0,False,82.33,82.33,13.83,False,0.0,False
2019-10-09,2019-10-10,0,Overnight,0.0,False,18.86,18.86,-28.91,False,0.0,False
2019-10-10,2019-10-11,0,Overnight,0.0,False,130.86,130.86,-63.31,False,0.0,False
2019-10-11,2019-10-14,2,Weekend,48.0,False,-17.39,-17.39,43.4,False,0.0,False
2019-10-14,2019-10-15,0,Overnight,0.0,False,32.83,32.83,143.84,False,0.0,False
2019-10-15,2019-10-16,0,Overnight,0.0,False,33.61,33.61,23.09,False,0.0,False
2019-10-16,2019-10-17,0,Overnight,0.0,False,106.66,106.66,-50.28,False,0.0,False
2019-10-17,2019-10-18,0,Overnight,0.0,False,1.79,1.79,-170.88,False,0.0,False
2019-10-18,2019-10-21,2,Weekend,48.0,False,68.89,68.89,90.01,False,0.0,False
2019-10-21,2019-10-22,0,Overnight,0.0,False,13.94,13.94,-126.17,False,0.0,False
2019-10-22,2019-10-23,0,Overnight,0.0,False,-25.12,-25.12,4.94,False,0.0,False
2019-10-23,2019-10-24,0,Overnight,0.0,False,50.49,50.49,54.56,False,0.0,False
2019-10-24,2019-10-25,0,Overnight,0.0,False,-478.65,-478.65,368.83,False,0.0,False
2019-10-25,2019-10-28,2,Weekend,48.0,False,-75.63,-75.63,164.65,False,0.0,False
2019-10-28,2019-10-29,0,Overnight,0.0,False,-12.78,-12.78,-68.41,False,0.0,False
2019-10-29,2019-10-30,0,Overnight,0.0,False,-14.02,-14.02,111.58,False,0.0,False
2019-10-30,2019-10-31,0,Overnight,0.0,False,-22.5,-22.5,3.77,False,0.0,False
2019-10-31,2019-11-01,0,Overnight,0.0,False,63.68,63.68,19.17,False,0.0,False
2019-11-01,2019-11-04,2,Weekend,49.0,False,53.28,53.28,20.25,False,0.0,False
2019-11-04,2019-11-05,0,Overnight,0.0,False,24.9,24.9,-41.26,False,0.0,False
2019-11-05,2019-11-06,0,Overnight,0.0,False,-3.94,-3.94,-29.08,False,0.0,False
2019-11-06,2019-11-07,0,Overnight,0.0,False,44.4,44.4,-86.64,False,0.0,False
2019-11-07,2019-11-08,0,Overnight,0.0,False,-1.73,-1.73,-11.25,False,0.0,False
2019-11-08,2019-11-11,2,Weekend,48.0,False,-44.22,-44.22,-35.78,False,0.0,False
2019-11-11,2019-11-12,0,Overnight,0.0,False,16.98,16.98,18.8,False,0.0,False
2019-11-12,2019-11-13,0,Overnight,0.0,False,-25.96,-25.96,-115.02,False,0.0,False
2019-11-13,2019-11-14,0,Overnight,0.0,False,-9.59,-9.59,18.08,False,0.0,False
2019-11-14,2019-11-15,0,Overnight,0.0,False,31.01,31.01,-117.5,False,0.0,False
2019-11-15,2019-11-18,2,Weekend,48.0,False,-6.84,-6.84,81.53,False,0.0,False
2019-11-18,2019-11-19,0,Overnight,0.0,False,25.42,25.42,-23.93,False,0.0,False
2019-11-19,2019-11-20,0,Overnight,0.0,False,-20.85,-20.85,-20.66,False,0.0,False
2019-11-20,2019-11-21,0,Overnight,0.0,False,-14.5,-14.5,-47.68,False,0.0,False
2019-11-21,2019-11-22,0,Overnight,0.0,False,24.81,24.81,38.45,False,0.0,False
2019-11-22,2019-11-25,2,Weekend,48.0,False,43.04,43.04,116.76,False,0.0,False
2019-11-25,2019-11-26,0,Overnight,0.0,False,34.22,34.22,95.17,False,0.0,False
2019-11-26,2019-11-27,0,Overnight,0.0,False,22.57,22.57,96.75,False,0.0,False
2019-11-27,2019-11-29,1,Short,24.0,False,-4.01,-4.01,-93.85,False,0.0,False
2019-11-29,2019-12-02,2,Weekend,48.0,True,19.97,19.97,-127.16,False,0.0,False
2019-12-02,2019-12-03,0,Overnight,0.0,False,-121.98,-121.98,56.43,False,0.0,False
2019-12-03,2019-12-04,0,Overnight,0.0,False,22.86,22.86,-75.37,False,0.0,False
2019-12-04,2019-12-05,0,Overnight,0.0,False,15.95,15.95,-131.4,False,0.0,False
2019-12-05,2019-12-06,0,Overnight,0.0,False,61.4,61.4,2.28,False,0.0,False
2019-12-06,2019-12-09,2,Weekend,48.0,False,-5.37,-5.37,-6.57,False,0.0,False
2019-12-09,2019-12-10,0,Overnight,0.0,False,-12.07,-12.07,-46.98,False,0.0,False
2019-12-10,2019-12-11,0,Overnight,0.0,False,14.13,14.13,40.4,False,0.0,False
2019-12-11,2019-12-12,0,Overnight,0.0,False,7.32,7.32,58.86,False,0.0,False
2019-12-12,2019-12-13,0,Overnight,0.0,False,26.49,26.49,-23.03,False,0.0,False
2019-12-13,2019-12-16,2,Weekend,48.0,False,34.35,34.35,12.5,False,0.0,False
2019-12-16,2019-12-17,0,Overnight,0.0,False,49.62,49.62,70.9,False,0.0,False
2019-12-17,2019-12-18,0,Overnight,0.0,False,24.32,24.32,-61.41,False,0.0,False
2019-12-18,2019-12-19,0,Overnight,0.0,False,-19.81,-19.81,65.94,False,0.0,False
2019-12-19,2019-12-20,0,Overnight,0.0,False,40.87,40.87,-73.17,False,0.0,False
2019-12-20,2019-12-23,2,Weekend,48.0,False,9.85,9.85,26.47,False,0.0,False
2019-12-23,2019-12-24,0,Overnight,0.0,False,4.52,4.52,-25.68,False,0.0,False
2019-12-24,2019-12-26,1,Short,24.0,True,65.73,65.73,369.33,False,0.0,False
2019-12-26,2019-12-27,0,Overnight,0.0,False,75.43,75.43,-69.92,False,0.0,False
2019-12-27,2019-12-30,2,Weekend,48.0,False,22.44,22.44,-145.72,False,0.0,False
2019-12-30,2019-12-31,0,Overnight,0.0,False,-26.51,-26.51,31.65,False,0.0,False
2019-12-31,2020-01-02,1,Short,24.0,False,145.91,145.91,121.97,False,0.0,False
2020-01-02,2020-01-03,0,Overnight,0.0,False,-178.13,-178.13,56.0,False,0.0,False
2020-01-03,2020-01-06,2,Weekend,48.0,False,-80.16,-80.16,227.92,False,0.0,False
2020-01-06,2020-01-07,0,Overnight,0.0,False,8.51,8.51,12.38,False,0.0,False
2020-01-07,2020-01-08,0,Overnight,0.0,False,-46.36,-46.36,-32.03,False,0.0,False
2020-01-08,2020-01-09,0,Overnight,0.0,False,94.27,94.27,-46.39,False,0.0,False
2020-01-09,2020-01-10,0,Overnight,0.0,False,22.7,22.7,-117.25,False,0.0,False
2020-01-10,2020-01-13,2,Weekend,48.0,False,43.19,43.19,-0.05,False,0.0,False
2020-01-13,2020-01-14,0,Overnight,0.0,False,-28.7,-28.7,-87.56,False,0.0,False
2020-01-14,2020-01-15,0,Overnight,0.0,False,15.02,15.02,-54.79,False,0.0,False
2020-01-15,2020-01-16,0,Overnight,0.0,False,111.99,111.99,-26.85,False,0.0,False
2020-01-16,2020-01-17,0,Overnight,0.0,False,42.24,42.24,-112.89,False,0.0,False
2020-01-17,2020-01-21,3,Long,72.0,False,1.5,1.5,143.73,False,0.0,False
2020-01-21,2020-01-22,0,Overnight,0.0,False,21.59,21.59,-45.62,False,0.0,False
2020-01-22,2020-01-23,0,Overnight,0.0,False,-12.46,-12.46,-2.81,False,0.0,False
2020-01-23,2020-01-24,0,Overnight,0.0,False,35.96,35.96,-158.44,False,0.0,False
2020-01-24,2020-01-27,2,Weekend,48.0,False,-226.21,-226.21,45.72,False,0.0,False
2020-01-27,2020-01-28,0,Overnight,0.0,False,66.29,66.29,69.04,False,0.0,False
2020-01-28,2020-01-29,0,Overnight,0.0,False,57.84,57.84,-32.24,False,0.0,False
2020-01-29,2020-01-30,0,Overnight,0.0,False,0.0,0.0,68.01,False,0.0,False
2020-01-30,2020-01-31,0,Overnight,0.0,False,922.55,922.55,-210.59,False,0.0,False
2020-01-31,2020-02-03,2,Weekend,48.0,False,9.36,9.36,-31.88,False,0.0,False
2020-02-03,2020-02-04,0,Overnight,0.0,False,127.32,127.32,97.02,False,0.0,False
2020-02-04,2020-02-05,0,Overnight,0.0,False,103.62,103.62,-151.55,False,0.0,False
2020-02-05,2020-02-06,0,Overnight,0.0,False,5.64,5.64,45.02,False,0.0,False
2020-02-06,2020-02-07,0,Overnight,0.0,False,-40.27,-40.27,180.97,False,0.0,False
2020-02-07,2020-02-10,2,Weekend,48.0,False,27.52,27.52,231.82,False,0.0,False
2020-02-10,2020-02-11,0,Overnight,0.0,False,79.3,79.3,-0.46,False,0.0,False
2020-02-11,2020-02-12,0,Overnight,0.0,False,57.49,57.49,-14.8,False,0.0,False
2020-02-12,2020-02-13,0,Overnight,0.0,False,-69.73,-69.73,22.73,False,0.0,False
2020-02-13,2020-02-14,0,Overnight,0.0,False,26.99,26.99,-97.0,False,0.0,False
2020-02-14,2020-02-18,3,Long,72.0,False,-46.25,-46.25,143.2,False,0.0,False
2020-02-18,2020-02-19,0,Overnight,0.0,False,56.11,56.11,11.16,False,0.0,False
2020-02-19,2020-02-20,0,Overnight,0.0,False,13.12,13.12,-92.32,False,0.0,False
2020-02-20,2020-02-21,0,Overnight,0.0,False,-50.99,-50.99,-217.94,False,0.0,False
2020-02-21,2020-02-24,2,Weekend,48.0,False,-452.81,-452.81,30.46,False,0.0,False
2020-02-24,2020-02-25,0,Overnight,0.0,False,84.89,84.89,-268.47,False,0.0,False
2020-02-25,2020-02-26,0,Overnight,0.0,False,-12.48,-12.48,47.14,False,0.0,False
2020-02-26,2020-02-27,0,Overnight,0.0,False,-231.03,-231.03,-262.31,False,0.0,False
2020-02-27,2020-02-28,0,Overnight,0.0,False,-376.75,-376.75,373.83,False,0.0,False
2020-02-28,2020-03-02,2,Weekend,48.0,False,119.99,119.99,245.89,False,0.0,False
2020-03-02,2020-03-03,0,Overnight,0.0,False,109.03,109.03,-341.81,False,0.0,False
2020-03-03,2020-03-04,0,Overnight,0.0,False,194.95,194.95,149.2,False,0.0,False
2020-03-04,2020-03-05,0,Overnight,0.0,False,-219.15,-219.15,-46.51,False,0.0,False
2020-03-05,2020-03-06,0,Overnight,0.0,False,-258.13,-258.13,138.19,False,0.0,False
2020-03-06,2020-03-09,2,Weekend,47.0,False,-692.69,-692.69,149.68,False,0.0,False
2020-03-09,2020-03-10,0,Overnight,0.0,False,382.83,382.83,111.3,False,0.0,False
2020-03-10,2020-03-11,0,Overnight,0.0,False,-181.19,-181.19,-201.11,False,0.0,False
2020-03-11,2020-03-12,0,Overnight,0.0,False,-558.34,-558.34,-267.01,False,0.0,False
2020-03-12,2020-03-13,0,Overnight,0.0,False,456.95,456.95,169.5,False,0.0,False
2020-03-13,2020-03-16,2,Weekend,48.0,False,-838.02,-838.02,286.09,False,0.0,False
2020-03-16,2020-03-17,0,Overnight,0.0,False,498.4,498.4,180.68,False,0.0,False
2020-03-17,2020-03-18,0,Overnight,0.0,False,-325.17,-325.17,447.0,False,0.0,False
2020-03-18,2020-03-19,0,Overnight,0.0,False,162.61,162.61,111.9,False,0.0,False
2020-03-19,2020-03-20,0,Overnight,0.0,False,238.4,238.4,-425.36,False,0.0,False
2020-03-20,2020-03-23,2,Weekend,48.0,False,-99.84,-99.84,402.57,False,0.0,False
2020-03-23,2020-03-24,0,Overnight,0.0,False,252.56,252.56,-58.59,False,0.0,False
2020-03-24,2020-03-25,0,Overnight,0.0,False,-100.55,-100.55,-183.11,False,0.0,False
2020-03-25,2020-03-26,0,Overnight,0.0,False,85.33,85.33,277.35,False,0.0,False
2020-03-26,2020-03-27,0,Overnight,0.0,False,-126.75,-126.75,-160.59,False,0.0,False
2020-03-27,2020-03-30,2,Weekend,48.0,False,118.92,118.92,211.6,False,0.0,False
2020-03-30,2020-03-31,0,Overnight,0.0,False,2.04,2.04,-74.76,False,0.0,False
2020-03-31,2020-04-01,0,Overnight,0.0,False,-86.28,-86.28,-131.59,False,0.0,False
2020-04-01,2020-04-02,0,Overnight,0.0,False,-31.82,-31.82,89.99,False,0.0,False
2020-04-02,2020-04-03,0,Overnight,0.0,False,-40.1,-40.1,-23.89,False,0.0,False
2020-04-03,2020-04-06,2,Weekend,48.0,False,153.08,153.08,313.17,False,0.0,False
2020-04-06,2020-04-07,0,Overnight,0.0,False,97.24,97.24,-27.35,False,0.0,False
2020-04-07,2020-04-08,0,Overnight,0.0,False,46.62,46.62,108.27,False,0.0,False
2020-04-08,2020-04-09,0,Overnight,0.0,False,6.36,6.36,-7.54,False,0.0,False
2020-04-09,2020-04-13,3,Long,72.0,False,-13.52,-13.52,612.56,False,0.0,False
2020-04-13,2020-04-14,0,Overnight,0.0,False,144.65,144.65,369.6,False,0.0,False
2020-04-14,2020-04-15,0,Overnight,0.0,False,-112.93,-112.93,219.05,False,0.0,False
2020-04-15,2020-04-16,0,Overnight,0.0,False,164.69,164.69,261.64,False,0.0,False
2020-04-16,2020-04-17,0,Overnight,0.0,False,-150.03,-150.03,11.25,False,0.0,False
2020-04-17,2020-04-20,2,Weekend,48.0,False,62.75,62.75,15.3,False,0.0,False
2020-04-20,2020-04-21,0,Overnight,0.0,False,95.63,95.63,-373.05,False,0.0,False
2020-04-21,2020-04-22,0,Overnight,0.0,False,174.07,174.07,-23.29,False,0.0,False
2020-04-22,2020-04-23,0,Overnight,0.0,False,153.21,153.21,-2.21,False,0.0,False
2020-04-23,2020-04-24,0,Overnight,0.0,False,72.88,72.88,-28.09,False,0.0,False
2020-04-24,2020-04-27,2,Weekend,48.0,False,135.91,135.91,-278.9,False,0.0,False
2020-04-27,2020-04-28,0,Overnight,0.0,False,-16.43,-16.43,-247.63,False,0.0,False
2020-04-28,2020-04-29,0,Overnight,0.0,False,68.6,68.6,181.6,False,0.0,False
2020-04-29,2020-04-30,0,Overnight,0.0,False,196.69,196.69,221.35,False,0.0,False
2020-04-30,2020-05-01,0,Overnight,0.0,False,-570.54,-570.54,-219.61,False,0.0,False
2020-05-01,2020-05-04,2,Weekend,48.0,False,-130.59,-130.59,260.75,False,0.0,False
2020-05-04,2020-05-05,0,Overnight,0.0,False,103.14,103.14,-95.32,False,0.0,False
2020-05-05,2020-05-06,0,Overnight,0.0,False,50.09,50.09,93.23,False,0.0,False
2020-05-06,2020-05-07,0,Overnight,0.0,False,99.53,99.53,-30.24,False,0.0,False
2020-05-07,2020-05-08,0,Overnight,0.0,False,19.12,19.12,31.44,False,0.0,False
2020-05-08,2020-05-11,2,Weekend,48.0,False,-20.65,-20.65,143.41,False,0.0,False
2020-05-11,2020-05-12,0,Overnight,0.0,False,11.82,11.82,-230.26,False,0.0,False
2020-05-12,2020-05-13,0,Overnight,0.0,False,41.7,41.7,4.73,False,0.0,False
2020-05-13,2020-05-14,0,Overnight,0.0,False,-29.22,-29.22,117.23,False,0.0,False
2020-05-14,2020-05-15,0,Overnight,0.0,False,-85.47,-85.47,172.7,False,0.0,False
2020-05-15,2020-05-18,2,Weekend,48.0,False,-22.56,-22.56,90.71,False,0.0,False
2020-05-18,2020-05-19,0,Overnight,0.0,False,14.7,14.7,79.93,False,0.0,False
2020-05-19,2020-05-20,0,Overnight,0.0,False,115.85,115.85,80.67,False,0.0,False
2020-05-20,2020-05-21,0,Overnight,0.0,False,8.24,8.24,-215.34,False,0.0,False
2020-05-21,2020-05-22,0,Overnight,0.0,False,33.74,33.74,-74.12,False,0.0,False
2020-05-22,2020-05-26,3,Long,72.0,False,86.29,86.29,-148.12,False,0.0,False
2020-05-26,2020-05-27,0,Overnight,0.0,False,-69.9,-69.9,22.43,False,0.0,False
2020-05-27,2020-05-28,0,Overnight,0.0,False,-108.7,-108.7,70.09,False,0.0,False
2020-05-28,2020-05-29,0,Overnight,0.0,False,61.61,61.61,108.8,False,0.0,False
2020-05-29,2020-06-01,2,Weekend,48.0,False,23.03,23.03,93.68,False,0.0,False
2020-06-01,2020-06-02,0,Overnight,0.0,False,-16.36,-16.36,21.91,False,0.0,False
2020-06-02,2020-06-03,0,Overnight,0.0,False,-17.81,-17.81,42.01,False,0.0,False
2020-06-03,2020-06-04,0,Overnight,0.0,False,-3.91,-3.91,-68.17,False,0.0,False
2020-06-04,2020-06-05,0,Overnight,0.0,False,-65.61,-65.61,156.23,False,0.0,False
2020-06-05,2020-06-08,2,Weekend,48.0,False,69.03,69.03,94.98,False,0.0,False
2020-06-08,2020-06-09,0,Overnight,0.0,False,21.29,21.29,278.44,False,0.0,False
2020-06-09,2020-06-10,0,Overnight,0.0,False,168.29,168.29,9.26,False,0.0,False
2020-06-10,2020-06-11,0,Overnight,0.0,False,-167.4,-167.4,-176.47,False,0.0,False
2020-06-11,2020-06-12,0,Overnight,0.0,False,167.67,167.67,-218.38,False,0.0,False
2020-06-12,2020-06-15,2,Weekend,48.0,False,-72.64,-72.64,180.74,False,0.0,False
2020-06-15,2020-06-16,0,Overnight,0.0,False,182.26,182.26,-18.07,False,0.0,False
2020-06-16,2020-06-17,0,Overnight,0.0,False,122.48,122.48,-24.66,False,0.0,False
2020-06-17,2020-06-18,0,Overnight,0.0,False,22.81,22.81,26.3,False,0.0,False
2020-06-18,2020-06-19,0,Overnight,0.0,False,90.4,90.4,-11.47,False,0.0,False
2020-06-19,2020-06-22,2,Weekend,48.0,False,35.41,35.41,108.63,False,0.0,False
2020-06-22,2020-06-23,0,Overnight,0.0,False,44.85,44.85,139.85,False,0.0,False
2020-06-23,2020-06-24,0,Overnight,0.0,False,56.24,56.24,-165.39,False,0.0,False
2020-06-24,2020-06-25,0,Overnight,0.0,False,18.82,18.82,54.71,False,0.0,False
2020-06-25,2020-06-26,0,Overnight,0.0,False,74.07,74.07,-300.65,False,0.0,False
2020-06-26,2020-06-29,2,Weekend,48.0,False,-10.63,-10.63,-35.86,False,0.0,False
2020-06-29,2020-06-30,0,Overnight,0.0,False,17.48,17.48,270.96,False,0.0,False
2020-06-30,2020-07-01,0,Overnight,0.0,False,-3.01,-3.01,428.37,False,0.0,False
2020-07-01,2020-07-02,0,Overnight,0.0,False,115.05,115.05,-74.83,False,0.0,False
2020-07-02,2020-07-06,3,Long,72.0,False,153.37,153.37,407.5,False,0.0,False
2020-07-06,2020-07-07,0,Overnight,0.0,False,4.94,4.94,-192.89,False,0.0,False
2020-07-07,2020-07-08,0,Overnight,0.0,False,74.68,74.68,191.69,False,0.0,False
2020-07-08,2020-07-09,0,Overnight,0.0,False,112.57,112.57,211.61,False,0.0,False
2020-07-09,2020-07-10,0,Overnight,0.0,False,28.65,28.65,25.78,False,0.0,False
2020-07-10,2020-07-13,2,Weekend,48.0,False,158.3,158.3,-462.89,False,0.0,False
2020-07-13,2020-07-14,0,Overnight,0.0,False,-48.44,-48.44,-16.2,False,0.0,False
2020-07-14,2020-07-15,0,Overnight,0.0,False,-12.23,-12.23,-234.4,False,0.0,False
2020-07-15,2020-07-16,0,Overnight,0.0,False,-126.46,-126.46,96.6,False,0.0,False
2020-07-16,2020-07-17,0,Overnight,0.0,False,30.29,30.29,-157.53,False,0.0,False
2020-07-17,2020-07-20,2,Weekend,48.0,False,128.24,128.24,634.84,False,0.0,False
2020-07-20,2020-07-21,0,Overnight,0.0,False,110.9,110.9,-295.75,False,0.0,False
2020-07-21,2020-07-22,0,Overnight,0.0,False,-42.44,-42.44,-80.61,False,0.0,False
2020-07-22,2020-07-23,0,Overnight,0.0,False,-5.29,-5.29,-367.25,False,0.0,False
2020-07-23,2020-07-24,0,Overnight,0.0,False,-191.16,-191.16,265.75,False,0.0,False
2020-07-24,2020-07-27,2,Weekend,48.0,False,174.9,174.9,-22.2,False,0.0,False
2020-07-27,2020-07-28,0,Overnight,0.0,False,-3.08,-3.08,-178.18,False,0.0,False
2020-07-28,2020-07-29,0,Overnight,0.0,False,101.67,101.67,8.38,False,0.0,False
2020-07-29,2020-07-30,0,Overnight,0.0,False,-64.59,-64.59,124.9,False,0.0,False
2020-07-30,2020-07-31,0,Overnight,0.0,False,610.49,610.49,-247.55,False,0.0,False
2020-07-31,2020-08-03,2,Weekend,48.0,False,49.9,49.9,-218.11,False,0.0,False
2020-08-03,2020-08-04,0,Overnight,0.0,False,-34.38,-34.38,120.58,False,0.0,False
2020-08-04,2020-08-05,0,Overnight,0.0,False,15.73,15.73,192.99,False,0.0,False
2020-08-05,2020-08-06,0,Overnight,0.0,False,-33.35,-33.35,95.46,False,0.0,False
2020-08-06,2020-08-07,0,Overnight,0.0,False,-3.07,-3.07,-176.96,False,0.0,False
2020-08-07,2020-08-10,2,Weekend,48.0,False,8.99,8.99,-70.11,False,0.0,False
2020-08-10,2020-08-11,0,Overnight,0.0,False,-111.67,-111.67,-105.04,False,0.0,False
2020-08-11,2020-08-12,0,Overnight,0.0,False,88.32,88.32,173.01,False,0.0,False
2020-08-12,2020-08-13,0,Overnight,0.0,False,65.4,65.4,-69.26,False,0.0,False
2020-08-13,2020-08-14,0,Overnight,0.0,False,54.14,54.14,-95.35,False,0.0,False
2020-08-14,2020-08-17,2,Weekend,48.0,False,79.42,79.42,29.23,False,0.0,False
2020-08-17,2020-08-18,0,Overnight,0.0,False,92.55,92.55,308.06,False,0.0,False
2020-08-18,2020-08-19,0,Overnight,0.0,False,-28.66,-28.66,-129.6,False,0.0,False
2020-08-19,2020-08-20,0,Overnight,0.0,False,-26.04,-26.04,138.55,False,0.0,False
2020-08-20,2020-08-21,0,Overnight,0.0,False,-7.19,-7.19,-31.25,False,0.0,False
2020-08-21,2020-08-24,2,Weekend,48.0,False,77.12,77.12,-8.13,False,0.0,False
2020-08-24,2020-08-25,0,Overnight,0.0,False,-37.77,-37.77,155.09,False,0.0,False
2020-08-25,2020-08-26,0,Overnight,0.0,False,13.8,13.8,267.18,False,0.0,False
2020-08-26,2020-08-27,0,Overnight,0.0,False,23.8,23.8,-146.13,False,0.0,False
2020-08-27,2020-08-28,0,Overnight,0.0,False,67.42,67.42,-62.13,False,0.0,False
2020-08-28,2020-08-31,2,Weekend,48.0,False,21.11,21.11,122.36,False,0.0,False
2020-08-31,2020-09-01,0,Overnight,0.0,False,111.29,111.29,27.3,False,0.0,False
2020-09-01,2020-09-02,0,Overnight,0.0,False,135.91,135.91,-43.94,False,0.0,False
2020-09-02,2020-09-03,0,Overnight,0.0,False,-132.4,-132.4,-341.49,False,0.0,False
2020-09-03,2020-09-04,0,Overnight,0.0,False,-149.57,-149.57,-70.71,False,0.0,False
2020-09-04,2020-09-08,3,Long,72.0,False,-467.95,-467.95,18.56,False,0.0,False
2020-09-08,2020-09-09,0,Overnight,0.0,False,167.33,167.33,202.8,False,0.0,False
2020-09-09,2020-09-10,0,Overnight,0.0,False,117.43,117.43,-407.66,False,0.0,False
2020-09-10,2020-09-11,0,Overnight,0.0,False,105.2,105.2,-292.42,False,0.0,False
2020-09-11,2020-09-14,2,Weekend,48.0,False,180.38,180.38,-222.99,False,0.0,False
2020-09-14,2020-09-15,0,Overnight,0.0,False,106.39,106.39,63.47,False,0.0,False
2020-09-15,2020-09-16,0,Overnight,0.0,False,75.31,75.31,-325.66,False,0.0,False
2020-09-16,2020-09-17,0,Overnight,0.0,False,-226.22,-226.22,-1.73,False,0.0,False
2020-09-17,2020-09-18,0,Overnight,0.0,False,76.19,76.19,-256.69,False,0.0,False
2020-09-18,2020-09-21,2,Weekend,48.0,False,-165.19,-165.19,183.98,False,0.0,False
2020-09-21,2020-09-22,0,Overnight,0.0,False,244.81,244.81,308.81,False,0.0,False
2020-09-22,2020-09-23,0,Overnight,0.0,False,-27.39,-27.39,-394.05,False,0.0,False
2020-09-23,2020-09-24,0,Overnight,0.0,False,-73.84,-73.84,140.06,False,0.0,False
2020-09-24,2020-09-25,0,Overnight,0.0,False,115.46,115.46,130.96,False,0.0,False
2020-09-25,2020-09-28,2,Weekend,48.0,False,172.07,172.07,79.71,False,0.0,False
2020-09-28,2020-09-29,0,Overnight,0.0,False,4.22,4.22,-96.55,False,0.0,False
2020-09-29,2020-09-30,0,Overnight,0.0,False,-11.9,-11.9,24.13,False,0.0,False
2020-09-30,2020-10-01,0,Overnight,0.0,False,186.49,186.49,41.25,False,0.0,False
2020-10-01,2020-10-02,0,Overnight,0.0,False,-212.18,-212.18,-91.2,False,0.0,False
2020-10-02,2020-10-05,2,Weekend,48.0,False,66.47,66.47,168.2,False,0.0,False
2020-10-05,2020-10-06,0,Overnight,0.0,False,-107.48,-107.48,-207.64,False,0.0,False
2020-10-06,2020-10-07,0,Overnight,0.0,False,112.4,112.4,191.74,False,0.0,False
2020-10-07,2020-10-08,0,Overnight,0.0,False,91.27,91.27,-107.37,False,0.0,False
2020-10-08,2020-10-09,0,Overnight,0.0,False,60.78,60.78,235.98,False,0.0,False
2020-10-09,2020-10-12,2,Weekend,48.0,False,190.74,190.74,273.8,False,0.0,False
2020-10-12,2020-10-13,0,Overnight,0.0,False,72.52,72.52,-70.49,False,0.0,False
2020-10-13,2020-10-14,0,Overnight,0.0,False,9.78,9.78,-244.6,False,0.0,False
2020-10-14,2020-10-15,0,Overnight,0.0,False,-215.46,-215.46,140.68,False,0.0,False
2020-10-15,2020-10-16,0,Overnight,0.0,False,73.35,73.35,-272.83,False,0.0,False
2020-10-16,2020-10-19,2,Weekend,48.0,False,81.86,81.86,-284.03,False,0.0,False
2020-10-19,2020-10-20,0,Overnight,0.0,False,46.88,46.88,-16.37,False,0.0,False
2020-10-20,2020-10-21,0,Overnight,0.0,False,-14.03,-14.03,-86.16,False,0.0,False
2020-10-21,2020-10-22,0,Overnight,0.0,False,15.47,15.47,-42.32,False,0.0,False
2020-10-22,2020-10-23,0,Overnight,0.0,False,45.86,45.86,41.91,False,0.0,False
2020-10-23,2020-10-26,2,Weekend,48.0,False,-17.68,-17.68,25.91,False,0.0,False
2020-10-26,2020-10-27,0,Overnight,0.0,False,55.66,55.66,188.57,False,0.0,False
2020-10-27,2020-10-28,0,Overnight,0.0,False,-113.32,-113.32,-269.88,False,0.0,False
2020-10-28,2020-10-29,0,Overnight,0.0,False,120.96,120.96,30.38,False,0.0,False
2020-10-29,2020-10-30,0,Overnight,0.0,False,-167.26,-167.26,-392.69,False,0.0,False
2020-10-30,2020-11-02,2,Weekend,49.0,False,83.93,83.93,-188.79,False,0.0,False
2020-11-02,2020-11-03,0,Overnight,0.0,False,46.65,46.65,98.5,False,0.0,False
2020-11-03,2020-11-04,0,Overnight,0.0,False,359.49,359.49,253.62,False,0.0,False
2020-11-04,2020-11-05,0,Overnight,0.0,False,240.24,240.24,6.11,False,0.0,False
2020-11-05,2020-11-06,0,Overnight,0.0,False,-52.4,-52.4,20.34,False,0.0,False
2020-11-06,2020-11-09,2,Weekend,48.0,False,-245.61,-245.61,-273.88,False,0.0,False
2020-11-09,2020-11-10,0,Overnight,0.0,False,-156.19,-156.19,-195.76,False,0.0,False
2020-11-10,2020-11-11,0,Overnight,0.0,False,87.78,87.78,243.95,False,0.0,False
2020-11-11,2020-11-12,0,Overnight,0.0,False,71.65,71.65,-158.43,False,0.0,False
2020-11-12,2020-11-13,0,Overnight,0.0,False,37.61,37.61,21.79,False,0.0,False
2020-11-13,2020-11-16,2,Weekend,48.0,False,-114.47,-114.47,121.65,False,0.0,False
2020-11-16,2020-11-17,0,Overnight,0.0,False,166.22,166.22,-151.54,False,0.0,False
2020-11-17,2020-11-18,0,Overnight,0.0,False,-5.3,-5.3,-91.48,False,0.0,False
2020-11-18,2020-11-19,0,Overnight,0.0,False,-0.48,-0.48,37.64,False,0.0,False
2020-11-19,2020-11-20,0,Overnight,0.0,False,0.0,0.0,-56.69,False,0.0,False
2020-11-20,2020-11-23,2,Weekend,48.0,False,55.66,55.66,-58.92,False,0.0,False
2020-11-23,2020-11-24,0,Overnight,0.0,False,6.81,6.81,56.48,False,0.0,False
2020-11-24,2020-11-25,0,Overnight,0.0,False,76.07,76.07,136.56,False,0.0,False
2020-11-25,2020-11-27,1,Short,24.0,False,81.89,81.89,-49.7,False,0.0,False
2020-11-27,2020-11-30,2,Weekend,48.0,True,41.04,41.04,-126.84,False,0.0,False
2020-11-30,2020-12-01,0,Overnight,0.0,False,64.38,64.38,98.56,False,0.0,False
2020-12-01,2020-12-02,0,Overnight,0.0,False,4.87,4.87,-56.4,False,0.0,False
2020-12-02,2020-12-03,0,Overnight,0.0,False,6.02,6.02,-58.6,False,0.0,False
2020-12-03,2020-12-04,0,Overnight,0.0,False,35.96,35.96,-112.03,False,0.0,False
2020-12-04,2020-12-07,2,Weekend,48.0,False,-19.31,-19.31,4.81,False,0.0,False
2020-12-07,2020-12-08,0,Overnight,0.0,False,2.85,2.85,58.05,False,0.0,False
2020-12-08,2020-12-09,0,Overnight,0.0,False,-29.63,-29.63,-203.1,False,0.0,False
2020-12-09,2020-12-10,0,Overnight,0.0,False,-49.12,-49.12,40.38,False,0.0,False
2020-12-10,2020-12-11,0,Overnight,0.0,False,-15.59,-15.59,63.61,False,0.0,False
2020-12-11,2020-12-14,2,Weekend,48.0,False,84.93,84.93,44.35,False,0.0,False
2020-12-14,2020-12-15,0,Overnight,0.0,False,75.86,75.86,-50.08,False,0.0,False
2020-12-15,2020-12-16,0,Overnight,0.0,False,34.35,34.35,202.44,False,0.0,False
2020-12-16,2020-12-17,0,Overnight,0.0,False,27.85,27.85,-42.92,False,0.0,False
2020-12-17,2020-12-18,0,Overnight,0.0,False,24.41,24.41,-131.38,False,0.0,False
2020-12-18,2020-12-21,2,Weekend,48.0,False,-5.12,-5.12,19.26,False,0.0,False
2020-12-21,2020-12-22,0,Overnight,0.0,False,-10.42,-10.42,11.48,False,0.0,False
2020-12-22,2020-12-23,0,Overnight,0.0,False,-4.74,-4.74,-61.75,False,0.0,False
2020-12-23,2020-12-24,0,Overnight,0.0,False,27.06,27.06,-66.63,False,0.0,False
2020-12-24,2020-12-28,3,Long,72.0,True,66.94,66.94,277.76,False,0.0,False
2020-12-28,2020-12-29,0,Overnight,0.0,False,78.8,78.8,36.37,False,0.0,False
2020-12-29,2020-12-30,0,Overnight,0.0,False,57.03,57.03,-166.45,False,0.0,False
2020-12-30,2020-12-31,0,Overnight,0.0,False,-33.07,-33.07,-55.33,False,0.0,False
2020-12-31,2021-01-04,3,Long,72.0,False,40.05,40.05,-258.26,False,0.0,False
2021-01-04,2021-01-05,0,Overnight,0.0,False,-64.92,-64.92,164.46,False,0.0,False
2021-01-05,2021-01-06,0,Overnight,0.0,False,-226.34,-226.34,-25.78,False,0.0,False
2021-01-06,2021-01-07,0,Overnight,0.0,False,59.15,59.15,16.33,False,0.0,False
2021-01-07,2021-01-08,0,Overnight,0.0,False,56.26,56.26,8.49,False,0.0,False
2021-01-08,2021-01-11,2,Weekend,48.0,False,-109.59,-109.59,-107.95,False,0.0,False
2021-01-11,2021-01-12,0,Overnight,0.0,False,18.58,18.58,2.66,False,0.0,False
2021-01-12,2021-01-13,0,Overnight,0.0,False,24.35,24.35,119.0,False,0.0,False
2021-01-13,2021-01-14,0,Overnight,0.0,False,5.15,5.15,-127.25,False,0.0,False
2021-01-14,2021-01-15,0,Overnight,0.0,False,-14.24,-14.24,-60.28,False,0.0,False
2021-01-15,2021-01-19,3,Long,72.0,False,8.86,8.86,44.19,False,0.0,False
2021-01-19,2021-01-20,0,Overnight,0.0,False,194.3,194.3,252.57,False,0.0,False
2021-01-20,2021-01-21,0,Overnight,0.0,False,90.35,90.35,42.39,False,0.0,False
2021-01-21,2021-01-22,0,Overnight,0.0,False,-8.11,-8.11,-36.63,False,0.0,False
2021-01-22,2021-01-25,2,Weekend,48.0,False,109.57,109.57,-104.19,False,0.0,False
2021-01-25,2021-01-26,0,Overnight,0.0,False,7.16,7.16,89.91,False,0.0,False
2021-01-26,2021-01-27,0,Overnight,0.0,False,46.07,46.07,-331.36,False,0.0,False
2021-01-27,2021-01-28,0,Overnight,0.0,False,7.61,7.61,7.97,False,0.0,False
2021-01-28,2021-01-29,0,Overnight,0.0,False,-23.56,-23.56,-73.96,False,0.0,False
2021-01-29,2021-02-01,2,Weekend,48.0,False,112.15,112.15,305.31,False,0.0,False
2021-02-01,2021-02-02,0,Overnight,0.0,False,110.43,110.43,0.0,False,0.0,False
2021-02-02,2021-02-03,0,Overnight,0.0,False,132.29,132.29,-333.92,False,0.0,False
2021-02-03,2021-02-04,0,Overnight,0.0,False,52.6,52.6,3.0,False,0.0,False
2021-02-04,2021-02-05,0,Overnight,0.0,False,-36.09,-36.09,99.38,False,0.0,False
2021-02-05,2021-02-08,2,Weekend,48.0,False,18.93,18.93,-106.45,False,0.0,False
2021-02-08,2021-02-09,0,Overnight,0.0,False,-31.5,-31.5,-22.64,False,0.0,False
2021-02-09,2021-02-10,0,Overnight,0.0,False,27.19,27.19,-83.08,False,0.0,False
2021-02-10,2021-02-11,0,Overnight,0.0,False,16.48,16.48,-91.15,False,0.0,False
2021-02-11,2021-02-12,0,Overnight,0.0,False,-37.25,-37.25,84.9,False,0.0,False
2021-02-12,2021-02-16,3,Long,72.0,False,-72.45,-72.45,45.68,False,0.0,False
2021-02-16,2021-02-17,0,Overnight,0.0,False,-16.38,-16.38,137.06,False,0.0,False
2021-02-17,2021-02-18,0,Overnight,0.0,False,-79.56,-79.56,138.6,False,0.0,False
2021-02-18,2021-02-19,0,Overnight,0.0,False,0.0,0.0,-238.16,False,0.0,False
2021-02-19,2021-02-22,2,Weekend,48.0,False,-129.36,-129.36,-85.74,False,0.0,False
2021-02-22,2021-02-23,0,Overnight,0.0,False,-170.3,-170.3,213.47,False,0.0,False
2021-02-23,2021-02-24,0,Overnight,0.0,False,-87.25,-87.25,-22.82,False,0.0,False
2021-02-24,2021-02-25,0,Overnight,0.0,False,-72.39,-72.39,-256.98,False,0.0,False
2021-02-25,2021-02-26,0,Overnight,0.0,False,123.66,123.66,-7.34,False,0.0,False
2021-02-26,2021-03-01,2,Weekend,48.0,False,112.4,112.4,58.18,False,0.0,False
2021-03-01,2021-03-02,0,Overnight,0.0,False,-8.49,-8.49,-156.91,False,0.0,False
2021-03-02,2021-03-03,0,Overnight,0.0,False,-43.23,-43.23,-250.35,False,0.0,False
2021-03-03,2021-03-04,0,Overnight,0.0,False,23.27,23.27,-114.97,False,0.0,False
2021-03-04,2021-03-05,0,Overnight,0.0,False,91.7,91.7,-15.12,False,0.0,False
2021-03-05,2021-03-08,2,Weekend,48.0,False,48.34,48.34,-211.34,False,0.0,False
2021-03-08,2021-03-09,0,Overnight,0.0,False,221.25,221.25,147.55,False,0.0,False
2021-03-09,2021-03-10,0,Overnight,0.0,False,115.56,115.56,-132.59,False,0.0,False
2021-03-10,2021-03-11,0,Overnight,0.0,False,150.51,150.51,30.82,False,0.0,False
2021-03-11,2021-03-12,0,Overnight,0.0,False,-124.72,-124.72,47.01,False,0.0,False
2021-03-12,2021-03-15,2,Weekend,47.0,False,-48.41,-48.41,23.1,False,0.0,False
2021-03-15,2021-03-16,0,Overnight,0.0,False,75.29,75.29,-42.31,False,0.0,False
2021-03-16,2021-03-17,0,Overnight,0.0,False,-60.47,-60.47,201.36,False,0.0,False
2021-03-17,2021-03-18,0,Overnight,0.0,False,-111.37,-111.37,-238.26,False,0.0,False
2021-03-18,2021-03-19,0,Overnight,0.0,False,4.09,4.09,149.83,False,0.0,False
2021-03-19,2021-03-22,2,Weekend,48.0,False,-23.15,-23.15,139.25,False,0.0,False
2021-03-22,2021-03-23,0,Overnight,0.0,False,51.72,51.72,33.52,False,0.0,False
2021-03-23,2021-03-24,0,Overnight,0.0,False,43.06,43.06,-205.1,False,0.0,False
2021-03-24,2021-03-25,0,Overnight,0.0,False,-45.71,-45.71,-87.36,False,0.0,False
2021-03-25,2021-03-26,0,Overnight,0.0,False,-7.22,-7.22,26.15,False,0.0,False
2021-03-26,2021-03-29,2,Weekend,48.0,False,11.17,11.17,66.19,False,0.0,False
2021-03-29,2021-03-30,0,Overnight,0.0,False,-18.61,-18.61,-48.06,False,0.0,False
2021-03-30,2021-03-31,0,Overnight,0.0,False,28.66,28.66,97.5,False,0.0,False
2021-03-31,2021-04-01,0,Overnight,0.0,False,76.82,76.82,137.16,False,0.0,False
2021-04-01,2021-04-05,3,Long,72.0,False,37.89,37.89,167.92,False,0.0,False
2021-04-05,2021-04-06,0,Overnight,0.0,False,-9.24,-9.24,0.22,False,0.0,False
2021-04-06,2021-04-07,0,Overnight,0.0,False,30.91,30.91,139.99,False,0.0,False
2021-04-07,2021-04-08,0,Overnight,0.0,False,95.63,95.63,-35.1,False,0.0,False
2021-04-08,2021-04-09,0,Overnight,0.0,False,16.35,16.35,202.2,False,0.0,False
2021-04-09,2021-04-12,2,Weekend,48.0,False,-50.51,-50.51,71.81,False,0.0,False
2021-04-12,2021-04-13,0,Overnight,0.0,False,63.3,63.3,-2.5,False,0.0,False
2021-04-13,2021-04-14,0,Overnight,0.0,False,11.88,11.88,-210.9,False,0.0,False
2021-04-14,2021-04-15,0,Overnight,0.0,False,113.37,113.37,23.97,False,0.0,False
2021-04-15,2021-04-16,0,Overnight,0.0,False,2.69,2.69,57.35,False,0.0,False
2021-04-16,2021-04-19,2,Weekend,48.0,False,-26.83,-26.83,-54.18,False,0.0,False
2021-04-19,2021-04-20,0,Overnight,0.0,False,4.71,4.71,-116.01,False,0.0,False
2021-04-20,2021-04-21,0,Overnight,0.0,False,-56.2,-56.2,137.83,False,0.0,False
2021-04-21,2021-04-22,0,Overnight,0.0,False,28.69,28.69,-187.53,False,0.0,False
2021-04-22,2021-04-23,0,Overnight,0.0,False,30.36,30.36,65.41,False,0.0,False
2021-04-23,2021-04-26,2,Weekend,48.0,False,21.29,21.29,180.56,False,0.0,False
2021-04-26,2021-04-27,0,Overnight,0.0,False,100.61,100.61,-75.91,False,0.0,False
2021-04-27,2021-04-28,0,Overnight,0.0,False,50.7,50.7,68.76,False,0.0,False
2021-04-28,2021-04-29,0,Overnight,0.0,False,133.84,133.84,-96.87,False,0.0,False
2021-04-29,2021-04-30,0,Overnight,0.0,False,153.82,153.82,-165.04,False,0.0,False
2021-04-30,2021-05-03,2,Weekend,48.0,False,49.8,49.8,-285.97,False,0.0,False
2021-05-03,2021-05-04,0,Overnight,0.0,False,-89.88,-89.88,-132.93,False,0.0,False
2021-05-04,2021-05-05,0,Overnight,0.0,False,81.16,81.16,-206.74,False,0.0,False
2021-05-05,2021-05-06,0,Overnight,0.0,False,-1.65,-1.65,110.61,False,0.0,False
2021-05-06,2021-05-07,0,Overnight,0.0,False,38.4,38.4,-83.14,False,0.0,False
2021-05-07,2021-05-10,2,Weekend,48.0,False,-28.26,-28.26,-283.76,False,0.0,False
2021-05-10,2021-05-11,0,Overnight,0.0,False,-171.37,-171.37,275.58,False,0.0,False
2021-05-11,2021-05-12,0,Overnight,0.0,False,-121.43,-121.43,-104.34,False,0.0,False
2021-05-12,2021-05-13,0,Overnight,0.0,False,105.82,105.82,-75.63,False,0.0,False
2021-05-13,2021-05-14,0,Overnight,0.0,False,75.91,75.91,116.54,False,0.0,False
2021-05-14,2021-05-17,2,Weekend,48.0,False,71.2,71.2,75.07,False,0.0,False
2021-05-17,2021-05-18,0,Overnight,0.0,False,67.62,67.62,-184.84,False,0.0,False
2021-05-18,2021-05-19,0,Overnight,0.0,False,-116.01,-116.01,114.52,False,0.0,False
2021-05-19,2021-05-20,0,Overnight,0.0,False,38.91,38.91,10.1,False,0.0,False
2021-05-20,2021-05-21,0,Overnight,0.0,False,7.14,7.14,-145.42,False,0.0,False
2021-05-21,2021-05-24,2,Weekend,48.0,False,38.7,38.7,91.29,False,0.0,False
2021-05-24,2021-05-25,0,Overnight,0.0,False,66.59,66.59,-23.35,False,0.0,False
2021-05-25,2021-05-26,0,Overnight,0.0,False,47.57,47.57,-28.84,False,0.0,False
2021-05-26,2021-05-27,0,Overnight,0.0,False,-28.09,-28.09,-79.83,False,0.0,False
2021-05-27,2021-05-28,0,Overnight,0.0,False,36.74,36.74,-58.56,False,0.0,False
2021-05-28,2021-06-01,3,Long,72.0,False,63.19,63.19,-76.91,False,0.0,False
2021-06-01,2021-06-02,0,Overnight,0.0,False,13.82,13.82,33.73,False,0.0,False
2021-06-02,2021-06-03,0,Overnight,0.0,False,-92.45,-92.45,-53.89,False,0.0,False
2021-06-03,2021-06-04,0,Overnight,0.0,False,78.11,78.11,-18.01,False,0.0,False
2021-06-04,2021-06-07,2,Weekend,48.0,False,-27.77,-27.77,2.13,False,0.0,False
2021-06-07,2021-06-08,0,Overnight,0.0,False,76.63,76.63,127.96,False,0.0,False
2021-06-08,2021-06-09,0,Overnight,0.0,False,26.8,26.8,25.27,False,0.0,False
2021-06-09,2021-06-10,0,Overnight,0.0,False,2.62,2.62,204.0,False,0.0,False
2021-06-10,2021-06-11,0,Overnight,0.0,False,0.0,0.0,-8.42,False,0.0,False
2021-06-11,2021-06-14,2,Weekend,48.0,False,0.0,0.0,110.06,False,0.0,False
2021-06-14,2021-06-15,0,Overnight,0.0,False,0.38,0.38,-2.57,False,0.0,False
2021-06-15,2021-06-16,0,Overnight,0.0,False,26.18,26.18,68.31,False,0.0,False
2021-06-16,2021-06-17,0,Overnight,0.0,False,-35.4,-35.4,249.74,False,0.0,False
2021-06-17,2021-06-18,0,Overnight,0.0,False,-26.55,-26.55,19.84,False,0.0,False
2021-06-18,2021-06-21,2,Weekend,48.0,False,-30.1,-30.1,-64.82,False,0.0,False
2021-06-21,2021-06-22,0,Overnight,0.0,False,11.86,11.86,136.08,False,0.0,False
2021-06-22,2021-06-23,0,Overnight,0.0,False,-1.26,-1.26,-3.37,False,0.0,False
2021-06-23,2021-06-24,0,Overnight,0.0,False,10.9,10.9,-168.36,False,0.0,False
2021-06-24,2021-06-25,0,Overnight,0.0,False,43.16,43.16,-182.19,False,0.0,False
2021-06-25,2021-06-28,2,Weekend,48.0,False,42.66,42.66,81.31,False,0.0,False
2021-06-28,2021-06-29,0,Overnight,0.0,False,-14.73,-14.73,27.07,False,0.0,False
2021-06-29,2021-06-30,0,Overnight,0.0,False,-20.55,-20.55,-2.62,False,0.0,False
2021-06-30,2021-07-01,0,Overnight,0.0,False,-16.15,-16.15,-4.78,False,0.0,False
2021-07-01,2021-07-02,0,Overnight,0.0,False,54.24,54.24,170.46,False,0.0,False
2021-07-02,2021-07-06,3,Long,72.0,False,54.34,54.34,404.25,False,0.0,False
2021-07-06,2021-07-07,0,Overnight,0.0,False,112.65,112.65,-56.11,False,0.0,False
2021-07-07,2021-07-08,0,Overnight,0.0,False,-144.47,-144.47,238.25,False,0.0,False
2021-07-08,2021-07-09,0,Overnight,0.0,False,-23.85,-23.85,-8.55,False,0.0,False
2021-07-09,2021-07-12,2,Weekend,48.0,False,66.08,66.08,-68.21,False,0.0,False
2021-07-12,2021-07-13,0,Overnight,0.0,False,-44.34,-44.34,-67.05,False,0.0,False
2021-07-13,2021-07-14,0,Overnight,0.0,False,85.27,85.27,-73.53,False,0.0,False
2021-07-14,2021-07-15,0,Overnight,0.0,False,33.95,33.95,-172.01,False,0.0,False
2021-07-15,2021-07-16,0,Overnight,0.0,False,5.81,5.81,-165.62,False,0.0,False
2021-07-16,2021-07-19,2,Weekend,48.0,False,-115.53,-115.53,48.04,False,0.0,False
2021-07-19,2021-07-20,0,Overnight,0.0,False,49.82,49.82,16.44,False,0.0,False
2021-07-20,2021-07-21,0,Overnight,0.0,False,8.92,8.92,24.63,False,0.0,False
2021-07-21,2021-07-22,0,Overnight,0.0,False,5.66,5.66,140.62,False,0.0,False
2021-07-22,2021-07-23,0,Overnight,0.0,False,5.41,5.41,45.61,False,0.0,False
2021-07-23,2021-07-26,2,Weekend,48.0,False,45.1,45.1,72.29,False,0.0,False
2021-07-26,2021-07-27,0,Overnight,0.0,False,-3.57,-3.57,-196.9,False,0.0,False
2021-07-27,2021-07-28,0,Overnight,0.0,False,20.36,20.36,-9.53,False,0.0,False
2021-07-28,2021-07-29,0,Overnight,0.0,False,-7.08,-7.08,-77.01,False,0.0,False
2021-07-29,2021-07-30,0,Overnight,0.0,False,-725.63,-725.63,-61.0,False,0.0,False
2021-07-30,2021-08-02,2,Weekend,48.0,False,76.37,76.37,-64.69,False,0.0,False
2021-08-02,2021-08-03,0,Overnight,0.0,False,27.7,27.7,76.1,False,0.0,False
2021-08-03,2021-08-04,0,Overnight,0.0,False,38.87,38.87,-73.15,False,0.0,False
2021-08-04,2021-08-05,0,Overnight,0.0,False,4.47,4.47,58.73,False,0.0,False
2021-08-05,2021-08-06,0,Overnight,0.0,False,-2.93,-2.93,-89.47,False,0.0,False
2021-08-06,2021-08-09,2,Weekend,48.0,False,-3.98,-3.98,-5.2,False,0.0,False
2021-08-09,2021-08-10,0,Overnight,0.0,False,9.39,9.39,-73.0,False,0.0,False
2021-08-10,2021-08-11,0,Overnight,0.0,False,32.38,32.38,-118.79,False,0.0,False
2021-08-11,2021-08-12,0,Overnight,0.0,False,-6.41,-6.41,40.95,False,0.0,False
2021-08-12,2021-08-13,0,Overnight,0.0,False,6.57,6.57,-35.46,False,0.0,False
2021-08-13,2021-08-16,2,Weekend,48.0,False,-33.36,-33.36,48.59,False,0.0,False
2021-08-16,2021-08-17,0,Overnight,0.0,False,-65.35,-65.35,-109.03,False,0.0,False
2021-08-17,2021-08-18,0,Overnight,0.0,False,0.09,0.09,-126.55,False,0.0,False
2021-08-18,2021-08-19,0,Overnight,0.0,False,-22.52,-22.52,-19.65,False,0.0,False
2021-08-19,2021-08-20,0,Overnight,0.0,False,50.44,50.44,-12.24,False,0.0,False
2021-08-20,2021-08-23,2,Weekend,48.0,False,37.27,37.27,166.64,False,0.0,False
2021-08-23,2021-08-24,0,Overnight,0.0,False,43.17,43.17,78.29,False,0.0,False
2021-08-24,2021-08-25,0,Overnight,0.0,False,12.36,12.36,-32.35,False,0.0,False
2021-08-25,2021-08-26,0,Overnight,0.0,False,-0.55,-0.55,51.4,False,0.0,False
2021-08-26,2021-08-27,0,Overnight,0.0,False,51.83,51.83,49.08,False,0.0,False
2021-08-27,2021-08-30,2,Weekend,48.0,False,23.26,23.26,189.24,False,0.0,False
2021-08-30,2021-08-31,0,Overnight,0.0,False,9.44,9.44,133.39,False,0.0,False
2021-08-31,2021-09-01,0,Overnight,0.0,False,73.52,73.52,-49.89,False,0.0,False
2021-09-01,2021-09-02,0,Overnight,0.0,False,45.2,45.2,-90.95,False,0.0,False
2021-09-02,2021-09-03,0,Overnight,0.0,False,-32.16,-32.16,75.18,False,0.0,False
2021-09-03,2021-09-07,3,Long,72.0,False,-0.14,-0.14,89.56,False,0.0,False
2021-09-07,2021-09-08,0,Overnight,0.0,False,6.72,6.72,39.36,False,0.0,False
2021-09-08,2021-09-09,0,Overnight,0.0,False,1.47,1.47,-119.43,False,0.0,False
2021-09-09,2021-09-10,0,Overnight,0.0,False,50.59,50.59,-93.76,False,0.0,False
2021-09-10,2021-09-13,2,Weekend,48.0,False,39.27,39.27,-73.86,False,0.0,False
2021-09-13,2021-09-14,0,Overnight,0.0,False,53.02,53.02,-73.78,False,0.0,False
2021-09-14,2021-09-15,0,Overnight,0.0,False,-21.7,-21.7,96.18,False,0.0,False
2021-09-15,2021-09-16,0,Overnight,0.0,False,-45.65,-45.65,81.4,False,0.0,False
2021-09-16,2021-09-17,0,Overnight,0.0,False,0.49,0.49,-74.49,False,0.0,False
2021-09-17,2021-09-20,2,Weekend,48.0,False,-193.98,-193.98,-119.29,False,0.0,False
2021-09-20,2021-09-21,0,Overnight,0.0,False,57.26,57.26,-93.38,False,0.0,False
2021-09-21,2021-09-22,0,Overnight,0.0,False,22.02,22.02,86.32,False,0.0,False
2021-09-22,2021-09-23,0,Overnight,0.0,False,0.0,0.0,105.8,False,0.0,False
2021-09-23,2021-09-24,0,Overnight,0.0,False,-41.04,-41.04,68.87,False,0.0,False
2021-09-24,2021-09-27,2,Weekend,48.0,False,-158.96,-158.96,101.22,False,0.0,False
2021-09-27,2021-09-28,0,Overnight,0.0,False,-142.21,-142.21,-125.12,False,0.0,False
2021-09-28,2021-09-29,0,Overnight,0.0,False,18.53,18.53,-63.38,False,0.0,False
2021-09-29,2021-09-30,0,Overnight,0.0,False,44.97,44.97,-93.8,False,0.0,False
2021-09-30,2021-10-01,0,Overnight,0.0,False,12.08,12.08,-17.5,False,0.0,False
2021-10-01,2021-10-04,2,Weekend,48.0,False,-11.79,-11.79,-277.05,False,0.0,False
2021-10-04,2021-10-05,0,Overnight,0.0,False,46.04,46.04,51.36,False,0.0,False
2021-10-05,2021-10-06,0,Overnight,0.0,False,-23.22,-23.22,149.74,False,0.0,False
2021-10-06,2021-10-07,0,Overnight,0.0,False,90.12,90.12,33.03,False,0.0,False
2021-10-07,2021-10-08,0,Overnight,0.0,False,44.02,44.02,-85.93,False,0.0,False
2021-10-08,2021-10-11,2,Weekend,48.0,False,-41.5,-41.5,-88.02,False,0.0,False
2021-10-11,2021-10-12,0,Overnight,0.0,False,32.91,32.91,-29.73,False,0.0,False
2021-10-12,2021-10-13,0,Overnight,0.0,False,68.68,68.68,44.46,False,0.0,False
2021-10-13,2021-10-14,0,Overnight,0.0,False,55.17,55.17,-7.85,False,0.0,False
2021-10-14,2021-10-15,0,Overnight,0.0,False,34.97,34.97,290.48,False,0.0,False
2021-10-15,2021-10-18,2,Weekend,48.0,False,-60.79,-60.79,170.83,False,0.0,False
2021-10-18,2021-10-19,0,Overnight,0.0,False,-36.19,-36.19,28.67,False,0.0,False
2021-10-19,2021-10-20,0,Overnight,0.0,False,24.68,24.68,-109.5,False,0.0,False
2021-10-20,2021-10-21,0,Overnight,0.0,False,-2.37,-2.37,60.62,False,0.0,False
2021-10-21,2021-10-22,0,Overnight,0.0,False,-40.87,-40.87,-252.95,False,0.0,False
2021-10-22,2021-10-25,2,Weekend,48.0,False,-1.65,-1.65,-43.96,False,0.0,False
2021-10-25,2021-10-26,0,Overnight,0.0,False,87.38,87.38,78.98,False,0.0,False
2021-10-26,2021-10-27,0,Overnight,0.0,False,35.27,35.27,13.24,False,0.0,False
2021-10-27,2021-10-28,0,Overnight,0.0,False,28.29,28.29,129.87,False,0.0,False
2021-10-28,2021-10-29,0,Overnight,0.0,False,-434.51,-434.51,217.05,False,0.0,False
2021-10-29,2021-11-01,2,Weekend,48.0,False,-31.57,-31.57,-130.81,False,0.0,False
2021-11-01,2021-11-02,0,Overnight,0.0,False,-9.35,-9.35,-6.82,False,0.0,False
2021-11-02,2021-11-03,0,Overnight,0.0,False,-11.33,-11.33,224.12,False,0.0,False
2021-11-03,2021-11-04,0,Overnight,0.0,False,-41.46,-41.46,312.57,False,0.0,False
2021-11-04,2021-11-05,0,Overnight,0.0,False,0.0,0.0,120.04,False,0.0,False
2021-11-05,2021-11-08,2,Weekend,49.0,False,12.07,12.07,-97.72,False,0.0,False
2021-11-08,2021-11-09,0,Overnight,0.0,False,75.01,75.01,171.99,False,0.0,False
2021-11-09,2021-11-10,0,Overnight,0.0,False,-34.62,-34.62,-232.26,False,0.0,False
2021-11-10,2021-11-11,0,Overnight,0.0,False,88.49,88.49,-115.96,False,0.0,False
2021-11-11,2021-11-12,0,Overnight,0.0,False,35.93,35.93,114.55,False,0.0,False
2021-11-12,2021-11-15,2,Weekend,48.0,False,33.56,33.56,24.51,False,0.0,False
2021-11-15,2021-11-16,0,Overnight,0.0,False,-18.86,-18.86,4.8,False,0.0,False
2021-11-16,2021-11-17,0,Overnight,0.0,False,67.61,67.61,-44.2,False,0.0,False
2021-11-17,2021-11-18,0,Overnight,0.0,False,48.77,48.77,357.25,False,0.0,False
2021-11-18,2021-11-19,0,Overnight,0.0,False,44.89,44.89,-97.76,False,0.0,False
2021-11-19,2021-11-22,2,Weekend,48.0,False,-0.52,-0.52,-286.43,False,0.0,False
2021-11-22,2021-11-23,0,Overnight,0.0,False,34.84,34.84,-13.96,False,0.0,False
2021-11-23,2021-11-24,0,Overnight,0.0,False,-48.64,-48.64,49.67,False,0.0,False
2021-11-24,2021-11-26,1,Short,24.0,False,60.4,60.4,-274.52,False,0.0,False
2021-11-26,2021-11-29,2,Weekend,48.0,True,122.18,122.18,39.19,False,0.0,False
2021-11-29,2021-11-30,0,Overnight,0.0,False,5.42,5.42,-159.62,False,0.0,False
2021-11-30,2021-12-01,0,Overnight,0.0,False,107.57,107.57,-289.86,False,0.0,False
2021-12-01,2021-12-02,0,Overnight,0.0,False,47.16,47.16,-65.65,False,0.0,False
2021-12-02,2021-12-03,0,Overnight,0.0,False,51.19,51.19,-190.54,False,0.0,False
2021-12-03,2021-12-06,2,Weekend,48.0,False,9.46,9.46,100.79,False,0.0,False
2021-12-06,2021-12-07,0,Overnight,0.0,False,186.81,186.81,89.21,False,0.0,False
2021-12-07,2021-12-08,0,Overnight,0.0,False,-0.8,-0.8,0.43,False,0.0,False
2021-12-08,2021-12-09,0,Overnight,0.0,False,-23.19,-23.19,-90.25,False,0.0,False
2021-12-09,2021-12-10,0,Overnight,0.0,False,71.28,71.28,-184.4,False,0.0,False
2021-12-10,2021-12-13,2,Weekend,48.0,False,-12.32,-12.32,-142.43,False,0.0,False
2021-12-13,2021-12-14,0,Overnight,0.0,False,-119.69,-119.69,91.58,False,0.0,False
2021-12-14,2021-12-15,0,Overnight,0.0,False,-29.23,-29.23,275.94,False,0.0,False
2021-12-15,2021-12-16,0,Overnight,0.0,False,3.09,3.09,-262.84,False,0.0,False
2021-12-16,2021-12-17,0,Overnight,0.0,False,-68.96,-68.96,136.62,False,0.0,False
2021-12-17,2021-12-20,2,Weekend,48.0,False,-188.06,-188.06,13.71,False,0.0,False
2021-12-20,2021-12-21,0,Overnight,0.0,False,46.07,46.07,151.75,False,0.0,False
2021-12-21,2021-12-22,0,Overnight,0.0,False,-67.53,-67.53,103.85,False,0.0,False
2021-12-22,2021-12-23,0,Overnight,0.0,False,-35.67,-35.67,37.51,False,0.0,False
2021-12-23,2021-12-27,3,Long,72.0,False,-1.84,-1.84,-80.28,False,0.0,False
2021-12-27,2021-12-28,0,Overnight,0.0,False,30.19,30.19,28.08,False,0.0,False
2021-12-28,2021-12-29,0,Overnight,0.0,False,10.48,10.48,-96.4,False,0.0,False
2021-12-29,2021-12-30,0,Overnight,0.0,False,29.45,29.45,-62.39,False,0.0,False
2021-12-30,2021-12-31,0,Overnight,0.0,False,18.45,18.45,-133.41,False,0.0,False
2021-12-31,2022-01-03,2,Weekend,48.0,False,49.84,49.84,168.93,False,0.0,False
2022-01-03,2022-01-04,0,Overnight,0.0,False,1.97,1.97,-172.57,False,0.0,False
2022-01-04,2022-01-05,0,Overnight,0.0,False,-38.22,-38.22,-152.52,False,0.0,False
2022-01-05,2022-01-06,0,Overnight,0.0,False,-55.31,-55.31,-12.03,False,0.0,False
2022-01-06,2022-01-07,0,Overnight,0.0,False,35.77,35.77,-78.74,False,0.0,False
2022-01-07,2022-01-10,2,Weekend,48.0,False,-121.84,-121.84,55.92,False,0.0,False
2022-01-10,2022-01-11,0,Overnight,0.0,False,0.87,0.87,236.32,False,0.0,False
2022-01-11,2022-01-12,0,Overnight,0.0,False,73.09,73.09,-82.46,False,0.0,False
2022-01-12,2022-01-13,0,Overnight,0.0,False,2.63,2.63,-247.3,False,0.0,False
2022-01-13,2022-01-14,0,Overnight,0.0,False,-66.22,-66.22,123.37,False,0.0,False
2022-01-14,2022-01-18,3,Long,72.0,False,-188.83,-188.83,-11.79,False,0.0,False
2022-01-18,2022-01-19,0,Overnight,0.0,False,-9.79,-9.79,-156.35,False,0.0,False
2022-01-19,2022-01-20,0,Overnight,0.0,False,29.83,29.83,-330.64,False,0.0,False
2022-01-20,2022-01-21,0,Overnight,0.0,False,-113.89,-113.89,-499.57,False,0.0,False
2022-01-21,2022-01-24,2,Weekend,48.0,False,-258.71,-258.71,391.1,False,0.0,False
2022-01-24,2022-01-25,0,Overnight,0.0,False,-160.51,-160.51,-159.91,False,0.0,False
2022-01-25,2022-01-26,0,Overnight,0.0,False,334.66,334.66,-414.52,False,0.0,False
2022-01-26,2022-01-27,0,Overnight,0.0,False,137.84,137.84,-82.91,False,0.0,False
2022-01-27,2022-01-28,0,Overnight,0.0,False,87.2,87.2,218.9,False,0.0,False
2022-01-28,2022-01-31,2,Weekend,48.0,False,53.48,53.48,327.8,False,0.0,False
2022-01-31,2022-02-01,0,Overnight,0.0,False,28.47,28.47,79.25,False,0.0,False
2022-02-01,2022-02-02,0,Overnight,0.0,False,251.9,251.9,-290.41,False,0.0,False
2022-02-02,2022-02-03,0,Overnight,0.0,False,-607.34,-607.34,-206.15,False,0.0,False
2022-02-03,2022-02-04,0,Overnight,0.0,False,1139.69,1139.69,129.8,False,0.0,False
2022-02-04,2022-02-07,2,Weekend,48.0,False,55.7,55.7,-36.94,False,0.0,False
2022-02-07,2022-02-08,0,Overnight,0.0,False,-75.31,-75.31,293.14,False,0.0,False
2022-02-08,2022-02-09,0,Overnight,0.0,False,90.04,90.04,-103.93,False,0.0,False
2022-02-09,2022-02-10,0,Overnight,0.0,False,-177.73,-177.73,41.18,False,0.0,False
2022-02-10,2022-02-11,0,Overnight,0.0,False,-54.8,-54.8,-310.92,False,0.0,False
2022-02-11,2022-02-14,2,Weekend,48.0,False,-101.13,-101.13,222.61,False,0.0,False
2022-02-14,2022-02-15,0,Overnight,0.0,False,155.93,155.93,-69.72,False,0.0,False
2022-02-15,2022-02-16,0,Overnight,0.0,False,-46.11,-46.11,147.19,False,0.0,False
2022-02-16,2022-02-17,0,Overnight,0.0,False,2.88,2.88,-223.38,False,0.0,False
2022-02-17,2022-02-18,0,Overnight,0.0,False,54.62,54.62,-188.13,False,0.0,False
2022-02-18,2022-02-22,3,Long,72.0,False,-140.1,-140.1,-18.69,False,0.0,False
2022-02-22,2022-02-23,0,Overnight,0.0,False,96.27,96.27,-460.39,False,0.0,False
2022-02-23,2022-02-24,0,Overnight,0.0,False,-350.59,-350.59,791.67,False,0.0,False
2022-02-24,2022-02-25,0,Overnight,0.0,False,-53.53,-53.53,212.83,False,0.0,False
2022-02-25,2022-02-28,2,Weekend,48.0,False,-89.06,-89.06,74.38,False,0.0,False
2022-02-28,2022-03-01,0,Overnight,0.0,False,-54.23,-54.23,-104.68,False,0.0,False
2022-03-01,2022-03-02,0,Overnight,0.0,False,-19.4,-19.4,79.47,False,0.0,False
2022-03-02,2022-03-03,0,Overnight,0.0,False,96.8,96.8,-373.79,False,0.0,False
2022-03-03,2022-03-04,0,Overnight,0.0,False,-50.13,-50.13,-103.69,False,0.0,False
2022-03-04,2022-03-07,2,Weekend,48.0,False,-13.57,-13.57,-565.06,False,0.0,False
2022-03-07,2022-03-08,0,Overnight,0.0,False,-56.14,-56.14,-49.07,False,0.0,False
2022-03-08,2022-03-09,0,Overnight,0.0,False,253.03,253.03,-15.85,False,0.0,False
2022-03-09,2022-03-10,0,Overnight,0.0,False,449.68,449.68,77.44,False,0.0,False
2022-03-10,2022-03-11,0,Overnight,0.0,False,186.04,186.04,-274.5,False,0.0,False
2022-03-11,2022-03-14,2,Weekend,47.0,False,31.32,31.32,-286.85,False,0.0,False
2022-03-14,2022-03-15,0,Overnight,0.0,False,70.04,70.04,311.28,False,0.0,False
2022-03-15,2022-03-16,0,Overnight,0.0,False,76.62,76.62,305.32,False,0.0,False
2022-03-16,2022-03-17,0,Overnight,0.0,False,-30.32,-30.32,296.81,False,0.0,False
2022-03-17,2022-03-18,0,Overnight,0.0,False,-27.13,-27.13,279.05,False,0.0,False
2022-03-18,2022-03-21,2,Weekend,48.0,False,-8.03,-8.03,22.97,False,0.0,False
2022-03-21,2022-03-22,0,Overnight,0.0,False,19.42,19.42,188.78,False,0.0,False
2022-03-22,2022-03-23,0,Overnight,0.0,False,-72.07,-72.07,-18.16,False,0.0,False
2022-03-23,2022-03-24,0,Overnight,0.0,False,20.88,20.88,-6.11,False,0.0,False
2022-03-24,2022-03-25,0,Overnight,0.0,False,21.39,21.39,47.05,False,0.0,False
2022-03-25,2022-03-28,2,Weekend,48.0,False,12.22,12.22,240.48,False,0.0,False
2022-03-28,2022-03-29,0,Overnight,0.0,False,82.12,82.12,-62.94,False,0.0,False
2022-03-29,2022-03-30,0,Overnight,0.0,False,-47.69,-47.69,-131.93,False,0.0,False
2022-03-30,2022-03-31,0,Overnight,0.0,False,8.66,8.66,-209.3,False,0.0,False
2022-03-31,2022-04-01,0,Overnight,0.0,False,70.43,70.43,-35.98,False,0.0,False
2022-04-01,2022-04-04,2,Weekend,48.0,False,34.48,34.48,253.96,False,0.0,False
2022-04-04,2022-04-05,0,Overnight,0.0,False,-36.0,-36.0,-222.22,False,0.0,False
2022-04-05,2022-04-06,0,Overnight,0.0,False,-147.65,-147.65,-180.68,False,0.0,False
2022-04-06,2022-04-07,0,Overnight,0.0,False,-22.45,-22.45,-38.93,False,0.0,False
2022-04-07,2022-04-08,0,Overnight,0.0,False,-65.78,-65.78,-147.14,False,0.0,False
2022-04-08,2022-04-11,2,Weekend,48.0,False,-113.78,-113.78,-104.73,False,0.0,False
2022-04-11,2022-04-12,0,Overnight,0.0,False,168.66,168.66,-190.82,False,0.0,False
2022-04-12,2022-04-13,0,Overnight,0.0,False,-51.13,-51.13,361.51,False,0.0,False
2022-04-13,2022-04-14,0,Overnight,0.0,False,-9.71,-9.71,-239.9,False,0.0,False
2022-04-14,2022-04-18,3,Long,72.0,False,-12.07,-12.07,82.91,False,0.0,False
2022-04-18,2022-04-19,0,Overnight,0.0,False,-49.57,-49.57,392.51,False,0.0,False
2022-04-19,2022-04-20,0,Overnight,0.0,False,-32.5,-32.5,-231.36,False,0.0,False
2022-04-20,2022-04-21,0,Overnight,0.0,False,46.39,46.39,-423.68,False,0.0,False
2022-04-21,2022-04-22,0,Overnight,0.0,False,-3.1,-3.1,-266.59,False,0.0,False
2022-04-22,2022-04-25,2,Weekend,48.0,False,-22.68,-22.68,141.4,False,0.0,False
2022-04-25,2022-04-26,0,Overnight,0.0,False,-87.6,-87.6,-380.71,False,0.0,False
2022-04-26,2022-04-27,0,Overnight,0.0,False,57.26,57.26,-145.46,False,0.0,False
2022-04-27,2022-04-28,0,Overnight,0.0,False,286.17,286.17,168.67,False,0.0,False
2022-04-28,2022-04-29,0,Overnight,0.0,False,-1075.75,-1075.75,-438.23,False,0.0,False
2022-04-29,2022-05-02,2,Weekend,48.0,False,-152.47,-152.47,170.03,False,0.0,False
2022-05-02,2022-05-03,0,Overnight,0.0,False,-35.93,-35.93,16.11,False,0.0,False
2022-05-03,2022-05-04,0,Overnight,0.0,False,-52.73,-52.73,186.64,False,0.0,False
2022-05-04,2022-05-05,0,Overnight,0.0,False,-235.3,-235.3,-550.92,False,0.0,False
2022-05-05,2022-05-06,0,Overnight,0.0,False,-134.66,-134.66,-6.75,False,0.0,False
2022-05-06,2022-05-09,2,Weekend,48.0,False,-306.1,-306.1,-229.31,False,0.0,False
2022-05-09,2022-05-10,0,Overnight,0.0,False,223.7,223.7,-217.26,False,0.0,False
2022-05-10,2022-05-11,0,Overnight,0.0,False,-69.64,-69.64,-255.92,False,0.0,False
2022-05-11,2022-05-12,0,Overnight,0.0,False,-251.98,-251.98,398.8,False,0.0,False
2022-05-12,2022-05-13,0,Overnight,0.0,False,198.02,198.02,358.94,False,0.0,False
2022-05-13,2022-05-16,2,Weekend,48.0,False,3.98,3.98,-204.51,False,0.0,False
2022-05-16,2022-05-17,0,Overnight,0.0,False,219.97,219.97,183.13,False,0.0,False
2022-05-17,2022-05-18,0,Overnight,0.0,False,-346.5,-346.5,-396.02,False,0.0,False
2022-05-18,2022-05-19,0,Overnight,0.0,False,-77.98,-77.98,97.24,False,0.0,False
2022-05-19,2022-05-20,0,Overnight,0.0,False,207.44,207.44,-182.13,False,0.0,False
2022-05-20,2022-05-23,2,Weekend,48.0,False,80.54,80.54,-83.7,False,0.0,False
2022-05-23,2022-05-24,0,Overnight,0.0,False,-333.9,-333.9,7.21,False,0.0,False
2022-05-24,2022-05-25,0,Overnight,0.0,False,-42.79,-42.79,296.51,False,0.0,False
2022-05-25,2022-05-26,0,Overnight,0.0,False,111.3,111.3,283.75,False,0.0,False
2022-05-26,2022-05-27,0,Overnight,0.0,False,220.15,220.15,139.62,False,0.0,False
2022-05-27,2022-05-31,3,Long,72.0,False,97.96,97.96,332.35,False,0.0,False
2022-05-31,2022-06-01,0,Overnight,0.0,False,168.81,168.81,-46.9,False,0.0,False
2022-06-01,2022-06-02,0,Overnight,0.0,False,0.0,0.0,309.66,False,0.0,False
2022-06-02,2022-06-03,0,Overnight,0.0,False,-105.0,-105.0,-150.07,False,0.0,False
2022-06-03,2022-06-06,2,Weekend,48.0,False,234.26,234.26,-36.79,False,0.0,True
2022-06-06,2022-06-07,0,Overnight,0.0,False,-225.29,-225.29,80.81,False,0.0,False
2022-06-07,2022-06-08,0,Overnight,0.0,False,-31.76,-31.76,-117.32,False,0.0,False
2022-06-08,2022-06-09,0,Overnight,0.0,False,-98.69,-98.69,-325.26,False,0.0,False
2022-06-09,2022-06-10,0,Overnight,0.0,False,-237.85,-237.85,-338.04,False,0.0,False
2022-06-10,2022-06-13,2,Weekend,48.0,False,-510.77,-510.77,-50.03,False,0.0,False
2022-06-13,2022-06-14,0,Overnight,0.0,False,50.03,50.03,-182.09,False,0.0,False
2022-06-14,2022-06-15,0,Overnight,0.0,False,150.36,150.36,360.27,False,0.0,False
2022-06-15,2022-06-16,0,Overnight,0.0,False,-301.71,-301.71,-77.84,False,0.0,False
2022-06-16,2022-06-17,0,Overnight,0.0,False,-83.31,-83.31,327.27,False,0.0,False
2022-06-17,2022-06-21,3,Long,72.0,False,184.69,184.69,44.26,False,0.0,False
2022-06-21,2022-06-22,0,Overnight,0.0,False,-115.68,-115.68,140.5,False,0.0,False
2022-06-22,2022-06-23,0,Overnight,0.0,False,131.31,131.31,184.0,False,0.0,False
2022-06-23,2022-06-24,0,Overnight,0.0,False,-5.34,-5.34,356.62,False,0.0,False
2022-06-24,2022-06-27,2,Weekend,48.0,False,53.95,53.95,-336.1,False,0.0,False
2022-06-27,2022-06-28,0,Overnight,0.0,False,24.7,24.7,-552.43,False,0.0,False
2022-06-28,2022-06-29,0,Overnight,0.0,False,-1.86,-1.86,142.4,False,0.0,False
2022-06-29,2022-06-30,0,Overnight,0.0,False,-74.64,-74.64,-177.31,False,0.0,False
2022-06-30,2022-07-01,0,Overnight,0.0,False,7.53,7.53,303.01,False,0.0,False
2022-07-01,2022-07-05,3,Long,72.0,False,-180.52,-180.52,533.82,False,0.0,False
2022-07-05,2022-07-06,0,Overnight,0.0,False,-25.58,-25.58,98.45,False,0.0,False
2022-07-06,2022-07-07,0,Overnight,0.0,False,-42.07,-42.07,215.49,False,0.0,False
2022-07-07,2022-07-08,0,Overnight,0.0,False,-149.83,-149.83,81.69,False,0.0,False
2022-07-08,2022-07-11,2,Weekend,48.0,False,-127.17,-127.17,-206.36,False,0.0,False
2022-07-11,2022-07-12,0,Overnight,0.0,False,36.62,36.62,-265.62,False,0.0,False
2022-07-12,2022-07-13,0,Overnight,0.0,False,-202.55,-202.55,310.01,False,0.0,False
2022-07-13,2022-07-14,0,Overnight,0.0,False,-14.5,-14.5,35.31,False,0.0,False
2022-07-14,2022-07-15,0,Overnight,0.0,False,167.62,167.62,92.9,False,0.0,False
2022-07-15,2022-07-18,2,Weekend,48.0,False,126.89,126.89,-108.41,False,0.0,False
2022-07-18,2022-07-19,0,Overnight,0.0,False,169.1,169.1,214.62,False,0.0,False
2022-07-19,2022-07-20,0,Overnight,0.0,False,34.62,34.62,343.88,False,0.0,False
2022-07-20,2022-07-21,0,Overnight,0.0,False,34.96,34.96,115.4,False,0.0,False
2022-07-21,2022-07-22,0,Overnight,0.0,False,30.44,30.44,-209.36,False,0.0,False
2022-07-22,2022-07-25,2,Weekend,48.0,False,22.85,22.85,-127.95,False,0.0,False
2022-07-25,2022-07-26,0,Overnight,0.0,False,-451.69,-451.69,-85.0,False,0.0,False
2022-07-26,2022-07-27,0,Overnight,0.0,False,215.41,215.41,307.23,False,0.0,False
2022-07-27,2022-07-28,0,Overnight,0.0,False,49.48,49.48,58.23,False,0.0,False
2022-07-28,2022-07-29,0,Overnight,0.0,False,982.2,982.2,3.71,False,0.0,False
2022-07-29,2022-08-01,2,Weekend,48.0,False,0.74,0.74,31.81,False,0.0,False
2022-08-01,2022-08-02,0,Overnight,0.0,False,-49.61,-49.61,-41.65,False,0.0,False
2022-08-02,2022-08-03,0,Overnight,0.0,False,151.65,151.65,240.1,False,0.0,False
2022-08-03,2022-08-04,0,Overnight,0.0,False,75.69,75.69,140.56,False,0.0,False
2022-08-04,2022-08-05,0,Overnight,0.0,False,-174.77,-174.77,49.84,False,0.0,False
2022-08-05,2022-08-08,2,Weekend,48.0,False,88.39,88.39,-187.6,False,0.0,False
2022-08-08,2022-08-09,0,Overnight,0.0,False,-98.03,-98.03,-15.95,False,0.0,False
2022-08-09,2022-08-10,0,Overnight,0.0,False,361.24,361.24,-14.71,False,0.0,False
2022-08-10,2022-08-11,0,Overnight,0.0,False,81.66,81.66,-226.37,False,0.0,False
2022-08-11,2022-08-12,0,Overnight,0.0,False,99.76,99.76,105.04,False,0.0,False
2022-08-12,2022-08-15,2,Weekend,48.0,False,-52.38,-52.38,26.57,False,0.0,False
2022-08-15,2022-08-16,0,Overnight,0.0,False,50.86,50.86,60.27,False,0.0,False
2022-08-16,2022-08-17,0,Overnight,0.0,False,-145.41,-145.41,-41.43,False,0.0,False
2022-08-17,2022-08-18,0,Overnight,0.0,False,-55.04,-55.04,69.11,False,0.0,False
2022-08-18,2022-08-19,0,Overnight,0.0,False,-129.44,-129.44,-160.75,False,0.0,False
2022-08-19,2022-08-22,2,Weekend,48.0,False,-183.25,-183.25,-185.92,False,0.0,False
2022-08-22,2022-08-23,0,Overnight,0.0,False,14.25,14.25,15.73,False,0.0,False
2022-08-23,2022-08-24,0,Overnight,0.0,False,-65.32,-65.32,78.79,False,0.0,False
2022-08-24,2022-08-25,0,Overnight,0.0,False,108.53,108.53,148.24,False,0.0,False
2022-08-25,2022-08-26,0,Overnight,0.0,False,-53.32,-53.32,-434.04,False,0.0,False
2022-08-26,2022-08-29,2,Weekend,48.0,False,-65.22,-65.22,-8.47,False,0.0,False
2022-08-29,2022-08-30,0,Overnight,0.0,False,111.86,111.86,-193.87,False,0.0,False
2022-08-30,2022-08-31,0,Overnight,0.0,False,55.78,55.78,-209.2,False,0.0,False
2022-08-31,2022-09-01,0,Overnight,0.0,False,-60.92,-60.92,143.41,False,0.0,False
2022-09-01,2022-09-02,0,Overnight,0.0,False,130.58,130.58,-154.86,False,0.0,False
2022-09-02,2022-09-06,3,Long,72.0,False,32.1,32.1,-142.51,False,0.0,False
2022-09-06,2022-09-07,0,Overnight,0.0,False,0.79,0.79,262.93,False,0.0,False
2022-09-07,2022-09-08,0,Overnight,0.0,False,-136.86,-136.86,163.09,False,0.0,False
2022-09-08,2022-09-09,0,Overnight,0.0,False,83.61,83.61,178.67,False,0.0,False
2022-09-09,2022-09-12,2,Weekend,48.0,False,62.09,62.09,173.72,False,0.0,False
2022-09-12,2022-09-13,0,Overnight,0.0,False,-406.85,-406.85,-325.05,False,0.0,False
2022-09-13,2022-09-14,0,Overnight,0.0,False,42.49,42.49,93.0,False,0.0,False
2022-09-14,2022-09-15,0,Overnight,0.0,False,-91.43,-91.43,-86.73,False,0.0,False
2022-09-15,2022-09-16,0,Overnight,0.0,False,-281.08,-281.08,60.9,False,0.0,False
2022-09-16,2022-09-19,2,Weekend,48.0,False,-111.52,-111.52,202.58,False,0.0,False
2022-09-19,2022-09-20,0,Overnight,0.0,False,-105.64,-105.64,-94.49,False,0.0,False
2022-09-20,2022-09-21,0,Overnight,0.0,False,24.52,24.52,-327.79,False,0.0,False
2022-09-21,2022-09-22,0,Overnight,0.0,False,-123.93,-123.93,19.63,False,0.0,False
2022-09-22,2022-09-23,0,Overnight,0.0,False,-112.3,-112.3,-193.23,False,0.0,False
2022-09-23,2022-09-26,2,Weekend,48.0,False,-42.28,-42.28,161.96,False,0.0,False
2022-09-26,2022-09-27,0,Overnight,0.0,False,176.46,176.46,-240.93,False,0.0,False
2022-09-27,2022-09-28,0,Overnight,0.0,False,-2.62,-2.62,312.43,False,0.0,False
2022-09-28,2022-09-29,0,Overnight,0.0,False,-206.33,-206.33,-69.44,False,0.0,False
2022-09-29,2022-09-30,0,Overnight,0.0,False,-62.92,-62.92,-95.12,False,0.0,False
2022-09-30,2022-10-03,2,Weekend,48.0,False,51.2,51.2,200.48,False,0.0,False
2022-10-03,2022-10-04,0,Overnight,0.0,False,340.2,340.2,99.59,False,0.0,False
2022-10-04,2022-10-05,0,Overnight,0.0,False,-209.46,-209.46,197.89,False,0.0,False
2022-10-05,2022-10-06,0,Overnight,0.0,False,-14.89,-14.89,-38.99,False,0.0,False
2022-10-06,2022-10-07,0,Overnight,0.0,False,-193.04,-193.04,-295.86,False,0.0,False
2022-10-07,2022-10-10,2,Weekend,48.0,False,47.03,47.03,-125.02,False,0.0,False
2022-10-10,2022-10-11,0,Overnight,0.0,False,-84.81,-84.81,-44.46,False,0.0,False
2022-10-11,2022-10-12,0,Overnight,0.0,False,24.92,24.92,36.38,False,0.0,False
2022-10-12,2022-10-13,0,Overnight,0.0,False,-454.83,-454.83,422.0,False,0.0,False
2022-10-13,2022-10-14,0,Overnight,0.0,False,138.55,138.55,-651.81,False,0.0,False
2022-10-14,2022-10-17,2,Weekend,48.0,False,295.86,295.86,328.75,False,0.0,False
2022-10-17,2022-10-18,0,Overnight,0.0,False,452.73,452.73,-229.39,False,0.0,False
2022-10-18,2022-10-19,0,Overnight,0.0,False,-142.82,-142.82,31.33,False,0.0,False
2022-10-19,2022-10-20,0,Overnight,0.0,False,-108.35,-108.35,123.98,False,0.0,False
2022-10-20,2022-10-21,0,Overnight,0.0,False,-39.99,-39.99,387.05,False,0.0,False
2022-10-21,2022-10-24,2,Weekend,48.0,False,55.16,55.16,-13.34,False,0.0,False
2022-10-24,2022-10-25,0,Overnight,0.0,False,-14.2,-14.2,79.08,False,0.0,False
2022-10-25,2022-10-26,0,Overnight,0.0,False,-388.89,-388.89,-29.35,False,0.0,False
2022-10-26,2022-10-27,0,Overnight,0.0,False,-151.58,-151.58,-263.27,False,0.0,False
2022-10-27,2022-10-28,0,Overnight,0.0,False,-1251.21,-1251.21,546.53,False,0.0,False
2022-10-28,2022-10-31,2,Weekend,48.0,False,14.49,14.49,-108.74,False,0.0,False
2022-10-31,2022-11-01,0,Overnight,0.0,False,150.17,150.17,-717.51,False,0.0,False
2022-11-01,2022-11-02,0,Overnight,0.0,False,54.61,54.61,-549.12,False,0.0,False
2022-11-02,2022-11-03,0,Overnight,0.0,False,37.92,37.92,-348.83,False,0.0,False
2022-11-03,2022-11-04,0,Overnight,0.0,False,242.28,242.28,-55.9,False,0.0,False
2022-11-04,2022-11-07,2,Weekend,49.0,False,106.05,106.05,-155.64,False,0.0,False
2022-11-07,2022-11-08,0,Overnight,0.0,False,28.68,28.68,-89.62,False,0.0,False
2022-11-08,2022-11-09,0,Overnight,0.0,False,-56.84,-56.84,-379.3,False,0.0,False
2022-11-09,2022-11-10,0,Overnight,0.0,False,759.8,759.8,389.35,False,0.0,False
2022-11-10,2022-11-11,0,Overnight,0.0,False,128.53,128.53,292.97,False,0.0,False
2022-11-11,2022-11-14,2,Weekend,48.0,False,-202.45,-202.45,-28.39,False,0.0,False
2022-11-14,2022-11-15,0,Overnight,0.0,False,468.11,468.11,-422.52,False,0.0,False
2022-11-15,2022-11-16,0,Overnight,0.0,False,-213.5,-213.5,27.84,False,0.0,False
2022-11-16,2022-11-17,0,Overnight,0.0,False,-181.83,-181.83,-54.67,False,0.0,False
2022-11-17,2022-11-18,0,Overnight,0.0,False,115.31,115.31,-190.44,False,0.0,False
2022-11-18,2022-11-21,2,Weekend,48.0,False,-18.07,-18.07,-161.99,False,0.0,False
2022-11-21,2022-11-22,0,Overnight,0.0,False,17.29,17.29,62.43,False,0.0,False
2022-11-22,2022-11-23,0,Overnight,0.0,False,4.29,4.29,95.0,False,0.0,False
2022-11-23,2022-11-25,1,Short,24.0,False,-36.19,-36.19,-40.6,False,0.0,False
2022-11-25,2022-11-28,2,Weekend,48.0,True,55.51,55.51,2.13,False,0.0,False
2022-11-28,2022-11-29,0,Overnight,0.0,False,9.58,9.58,-173.77,False,0.0,False
2022-11-29,2022-11-30,0,Overnight,0.0,False,5.41,5.41,430.73,False,0.0,False
2022-11-30,2022-12-01,0,Overnight,0.0,False,46.5,46.5,-154.82,False,0.0,False
2022-12-01,2022-12-02,0,Overnight,0.0,False,-107.38,-107.38,-37.11,False,0.0,False
2022-12-02,2022-12-05,2,Weekend,48.0,False,-115.4,-115.4,-221.68,False,0.0,False
2022-12-05,2022-12-06,0,Overnight,0.0,False,-56.2,-56.2,-251.76,False,0.0,False
2022-12-06,2022-12-07,0,Overnight,0.0,False,10.19,10.19,13.58,False,0.0,False
2022-12-07,2022-12-08,0,Overnight,0.0,False,87.79,87.79,123.62,False,0.0,False
2022-12-08,2022-12-09,0,Overnight,0.0,False,-161.79,-161.79,21.35,False,0.0,False
2022-12-09,2022-12-12,2,Weekend,48.0,False,13.46,13.46,149.09,False,0.0,False
2022-12-12,2022-12-13,0,Overnight,0.0,False,503.93,503.93,-291.95,False,0.0,False
2022-12-13,2022-12-14,0,Overnight,0.0,False,1.08,1.08,-99.96,False,0.0,False
2022-12-14,2022-12-15,0,Overnight,0.0,False,-186.26,-186.26,-161.49,False,0.0,False
2022-12-15,2022-12-16,0,Overnight,0.0,False,-20.37,-20.37,-46.56,False,0.0,False
2022-12-16,2022-12-19,2,Weekend,48.0,False,-39.92,-39.92,-300.43,False,0.0,False
2022-12-19,2022-12-20,0,Overnight,0.0,False,48.17,48.17,-16.42,False,0.0,False
2022-12-20,2022-12-21,0,Overnight,0.0,False,115.54,115.54,68.23,False,0.0,False
2022-12-21,2022-12-22,0,Overnight,0.0,False,-145.11,-145.11,-204.37,False,0.0,False
2022-12-22,2022-12-23,0,Overnight,0.0,False,-64.66,-64.66,237.4,False,0.0,False
2022-12-23,2022-12-27,3,Long,72.0,False,-32.9,-32.9,-229.76,False,0.0,False
2022-12-27,2022-12-28,0,Overnight,0.0,False,-28.94,-28.94,-119.06,False,0.0,False
2022-12-28,2022-12-29,0,Overnight,0.0,False,127.51,127.51,156.84,False,0.0,False
2022-12-29,2022-12-30,0,Overnight,0.0,False,-126.72,-126.72,105.31,False,0.0,False
2022-12-30,2023-01-03,3,Long,72.0,False,172.32,172.32,42.04,False,0.0,False
2023-01-03,2023-01-04,0,Overnight,0.0,False,84.7,84.7,-164.25,False,0.0,False
2023-01-04,2023-01-05,0,Overnight,0.0,False,22.29,22.29,-262.41,False,0.0,False
2023-01-05,2023-01-06,0,Overnight,0.0,False,-10.83,-10.83,360.75,False,0.0,False
2023-01-06,2023-01-09,2,Weekend,48.0,False,159.04,159.04,-11.44,False,0.0,False
2023-01-09,2023-01-10,0,Overnight,0.0,False,24.01,24.01,259.26,False,0.0,False
2023-01-10,2023-01-11,0,Overnight,0.0,False,117.26,117.26,447.34,False,0.0,False
2023-01-11,2023-01-12,0,Overnight,0.0,False,191.65,191.65,-172.74,False,0.0,False
2023-01-12,2023-01-13,0,Overnight,0.0,False,-115.07,-115.07,409.83,False,0.0,False
2023-01-13,2023-01-17,3,Long,72.0,False,56.91,56.91,-270.13,False,0.0,False
2023-01-17,2023-01-18,0,Overnight,0.0,False,124.16,124.16,-185.78,False,0.0,False
2023-01-18,2023-01-19,0,Overnight,0.0,False,-75.71,-75.71,-112.52,False,0.0,False
2023-01-19,2023-01-20,0,Overnight,0.0,False,19.2,19.2,354.81,False,0.0,False
2023-01-20,2023-01-23,2,Weekend,48.0,False,31.83,31.83,-4.1,False,0.0,False
2023-01-23,2023-01-24,0,Overnight,0.0,False,-60.68,-60.68,-63.13,False,0.0,False
2023-01-24,2023-01-25,0,Overnight,0.0,False,-398.19,-398.19,487.08,False,0.0,False
2023-01-25,2023-01-26,0,Overnight,0.0,False,108.49,108.49,99.26,False,0.0,False
2023-01-26,2023-01-27,0,Overnight,0.0,False,31.19,31.19,268.64,False,0.0,False
2023-01-27,2023-01-30,2,Weekend,48.0,False,-113.12,-113.12,-53.56,False,0.0,False
2023-01-30,2023-01-31,0,Overnight,0.0,False,60.48,60.48,192.87,False,0.0,False
2023-01-31,2023-02-01,0,Overnight,0.0,False,-58.35,-58.35,252.32,False,0.0,False
2023-02-01,2023-02-02,0,Overnight,0.0,False,473.63,473.63,238.41,False,0.0,False
2023-02-02,2023-02-03,0,Overnight,0.0,False,-701.58,-701.58,-179.25,False,0.0,False
2023-02-03,2023-02-06,2,Weekend,48.0,False,-44.59,-44.59,-73.13,False,0.0,False
2023-02-06,2023-02-07,0,Overnight,0.0,False,-99.34,-99.34,92.48,False,0.0,False
2023-02-07,2023-02-08,0,Overnight,0.0,False,-6.86,-6.86,-196.95,False,0.0,False
2023-02-08,2023-02-09,0,Overnight,0.0,False,126.14,126.14,-308.7,False,0.0,False
2023-02-09,2023-02-10,0,Overnight,0.0,False,-69.46,-69.46,5.12,False,0.0,False
2023-02-10,2023-02-13,2,Weekend,48.0,False,24.56,24.56,171.24,False,0.0,False
2023-02-13,2023-02-14,0,Overnight,0.0,False,-114.17,-114.17,130.23,False,0.0,False
2023-02-14,2023-02-15,0,Overnight,0.0,False,-61.37,-61.37,206.75,False,0.0,False
2023-02-15,2023-02-16,0,Overnight,0.0,False,-194.65,-194.65,-107.42,False,0.0,False
2023-02-16,2023-02-17,0,Overnight,0.0,False,-35.72,-35.72,-61.54,False,0.0,False
2023-02-17,2023-02-21,3,Long,72.0,False,-193.21,-193.21,-80.03,False,0.0,False
2023-02-21,2023-02-22,0,Overnight,0.0,False,54.83,54.83,72.29,False,0.0,False
2023-02-22,2023-02-23,0,Overnight,0.0,False,34.39,34.39,-31.26,False,0.0,False
2023-02-23,2023-02-24,0,Overnight,0.0,False,-241.89,-241.89,-3.21,False,0.0,False
2023-02-24,2023-02-27,2,Weekend,48.0,False,83.08,83.08,-55.31,False,0.0,False
2023-02-27,2023-02-28,0,Overnight,0.0,False,-66.35,-66.35,116.35,False,0.0,False
2023-02-28,2023-03-01,0,Overnight,0.0,False,-38.28,-38.28,-182.76,False,0.0,False
2023-03-01,2023-03-02,0,Overnight,0.0,False,-82.8,-82.8,78.46,False,0.0,False
2023-03-02,2023-03-03,0,Overnight,0.0,False,65.99,65.99,230.24,False,0.0,False
2023-03-03,2023-03-06,2,Weekend,48.0,False,30.51,30.51,-152.43,False,0.0,False
2023-03-06,2023-03-07,0,Overnight,0.0,False,33.01,33.01,-54.37,False,0.0,False
2023-03-07,2023-03-08,0,Overnight,0.0,False,5.34,5.34,34.13,False,0.0,False
2023-03-08,2023-03-09,0,Overnight,0.0,False,-25.59,-25.59,-153.82,False,0.0,False
2023-03-09,2023-03-10,0,Overnight,0.0,False,45.42,45.42,-211.57,False,0.0,False
2023-03-10,2023-03-13,2,Weekend,47.0,False,-84.12,-84.12,269.75,False,0.0,False
2023-03-13,2023-03-14,0,Overnight,0.0,False,150.33,150.33,111.28,False,0.0,False
2023-03-14,2023-03-15,0,Overnight,0.0,False,-176.51,-176.51,314.67,False,0.0,False
2023-03-15,2023-03-16,0,Overnight,0.0,False,-46.89,-46.89,438.29,False,0.0,False
2023-03-16,2023-03-17,0,Overnight,0.0,False,-25.02,-25.02,-84.53,False,0.0,False
2023-03-17,2023-03-20,2,Weekend,48.0,False,-54.72,-54.72,-71.39,False,0.0,False
2023-03-20,2023-03-21,0,Overnight,0.0,False,43.91,43.91,248.57,False,0.0,False
2023-03-21,2023-03-22,0,Overnight,0.0,False,-15.92,-15.92,-175.75,False,0.0,False
2023-03-22,2023-03-23,0,Overnight,0.0,False,173.76,173.76,-172.75,False,0.0,False
2023-03-23,2023-03-24,0,Overnight,0.0,False,-65.05,-65.05,6.12,False,0.0,False
2023-03-24,2023-03-27,2,Weekend,48.0,False,95.34,95.34,-104.51,False,0.0,False
2023-03-27,2023-03-28,0,Overnight,0.0,False,7.14,7.14,-89.07,False,0.0,False
2023-03-28,2023-03-29,0,Overnight,0.0,False,148.02,148.02,156.83,False,0.0,False
2023-03-29,2023-03-30,0,Overnight,0.0,False,128.84,128.84,44.21,False,0.0,False
2023-03-30,2023-03-31,0,Overnight,0.0,False,15.67,15.67,110.0,False,0.0,False
2023-03-31,2023-04-03,2,Weekend,48.0,False,-96.31,-96.31,10.75,False,0.0,False
2023-04-03,2023-04-04,0,Overnight,0.0,False,33.14,33.14,116.11,False,0.0,False
2023-04-04,2023-04-05,0,Overnight,0.0,False,-3.85,-3.85,-274.15,False,0.0,False
2023-04-05,2023-04-06,0,Overnight,0.0,False,-34.68,-34.68,129.19,False,0.0,False
2023-04-06,2023-04-10,3,Long,72.0,False,-108.36,-108.36,119.14,False,0.0,False
2023-04-10,2023-04-11,0,Overnight,0.0,False,-135.0,-135.0,-87.69,False,0.0,False
2023-04-11,2023-04-12,0,Overnight,0.0,False,47.92,47.92,-259.31,False,0.0,False
2023-04-12,2023-04-13,0,Overnight,0.0,False,113.83,113.83,342.72,False,0.0,False
2023-04-13,2023-04-14,0,Overnight,0.0,False,-32.28,-32.28,43.02,False,0.0,False
2023-04-14,2023-04-17,2,Weekend,48.0,False,63.21,63.21,-40.8,False,0.0,False
2023-04-17,2023-04-18,0,Overnight,0.0,False,117.08,117.08,-160.0,False,0.0,False
2023-04-18,2023-04-19,0,Overnight,0.0,False,-70.63,-70.63,264.25,False,0.0,False
2023-04-19,2023-04-20,0,Overnight,0.0,False,-74.1,-74.1,27.01,False,0.0,False
2023-04-20,2023-04-21,0,Overnight,0.0,False,218.2,218.2,80.73,False,0.0,False
2023-04-21,2023-04-24,2,Weekend,48.0,False,65.23,65.23,-135.6,False,0.0,False
2023-04-24,2023-04-25,0,Overnight,0.0,False,-123.15,-123.15,-225.57,False,0.0,False
2023-04-25,2023-04-26,0,Overnight,0.0,False,237.96,237.96,-5.71,False,0.0,False
2023-04-26,2023-04-27,0,Overnight,0.0,False,298.42,298.42,152.31,False,0.0,False
2023-04-27,2023-04-28,0,Overnight,0.0,False,-192.15,-192.15,-213.91,False,0.0,False
2023-04-28,2023-05-01,2,Weekend,48.0,False,-47.53,-47.53,-280.21,False,0.0,False
2023-05-01,2023-05-02,0,Overnight,0.0,False,-57.0,-57.0,210.64,False,0.0,False
2023-05-02,2023-05-03,0,Overnight,0.0,False,10.61,10.61,-8.68,False,0.0,False
2023-05-03,2023-05-04,0,Overnight,0.0,False,37.56,37.56,-3.85,False,0.0,False
2023-05-04,2023-05-05,0,Overnight,0.0,False,25.93,25.93,132.43,False,0.0,False
2023-05-05,2023-05-08,2,Weekend,48.0,False,-58.85,-58.85,74.93,False,0.0,False
2023-05-08,2023-05-09,0,Overnight,0.0,False,-33.13,-33.13,107.5,False,0.0,False
2023-05-09,2023-05-10,0,Overnight,0.0,False,137.86,137.86,191.49,False,0.0,False
2023-05-10,2023-05-11,0,Overnight,0.0,False,75.94,75.94,103.04,False,0.0,False
2023-05-11,2023-05-12,0,Overnight,0.0,False,-1.78,-1.78,-170.85,False,0.0,False
2023-05-12,2023-05-15,2,Weekend,48.0,False,80.39,80.39,4.5,False,0.0,False
2023-05-15,2023-05-16,0,Overnight,0.0,False,-13.5,-13.5,209.41,False,0.0,False
2023-05-16,2023-05-17,0,Overnight,0.0,False,130.54,130.54,52.95,False,0.0,False
2023-05-17,2023-05-18,0,Overnight,0.0,False,102.5,102.5,124.34,False,0.0,False
2023-05-18,2023-05-19,0,Overnight,0.0,False,0.85,0.85,-162.97,False,0.0,False
2023-05-19,2023-05-22,2,Weekend,48.0,False,44.63,44.63,-151.87,False,0.0,False
2023-05-22,2023-05-23,0,Overnight,0.0,False,-64.55,-64.55,62.81,False,0.0,False
2023-05-23,2023-05-24,0,Overnight,0.0,False,31.26,31.26,120.64,False,0.0,False
2023-05-24,2023-05-25,0,Overnight,0.0,False,-10.28,-10.28,-140.74,False,0.0,False
2023-05-25,2023-05-26,0,Overnight,0.0,False,90.03,90.03,344.73,False,0.0,False
2023-05-26,2023-05-30,3,Long,72.0,False,186.41,186.41,-58.19,False,0.0,False
2023-05-30,2023-05-31,0,Overnight,0.0,False,-17.28,-17.28,-71.89,False,0.0,False
2023-05-31,2023-06-01,0,Overnight,0.0,False,9.12,9.12,170.87,False,0.0,False
2023-06-01,2023-06-02,0,Overnight,0.0,False,173.61,173.61,-53.78,False,0.0,False
2023-06-02,2023-06-05,2,Weekend,48.0,False,-71.89,-71.89,156.04,False,0.0,False
2023-06-05,2023-06-06,0,Overnight,0.0,False,-18.37,-18.37,122.38,False,0.0,False
2023-06-06,2023-06-07,0,Overnight,0.0,False,31.54,31.54,-465.76,False,0.0,False
2023-06-07,2023-06-08,0,Overnight,0.0,False,145.76,145.76,100.3,False,0.0,False
2023-06-08,2023-06-09,0,Overnight,0.0,False,-13.69,-13.69,-52.52,False,0.0,False
2023-06-09,2023-06-12,2,Weekend,48.0,False,47.69,47.69,203.53,False,0.0,False
2023-06-12,2023-06-13,0,Overnight,0.0,False,121.72,121.72,-114.61,False,0.0,False
2023-06-13,2023-06-14,0,Overnight,0.0,False,3.16,3.16,-22.12,False,0.0,False
2023-06-14,2023-06-15,0,Overnight,0.0,False,-96.17,-96.17,150.61,False,0.0,False
2023-06-15,2023-06-16,0,Overnight,0.0,False,47.09,47.09,-175.36,False,0.0,False
2023-06-16,2023-06-20,3,Long,72.0,False,-41.52,-41.52,64.61,False,0.0,False
2023-06-20,2023-06-21,0,Overnight,0.0,False,-11.14,-11.14,-64.68,False,0.0,False
2023-06-21,2023-06-22,0,Overnight,0.0,False,38.38,38.38,378.97,False,0.0,False
2023-06-22,2023-06-23,0,Overnight,0.0,False,-80.23,-80.23,17.03,False,0.0,False
2023-06-23,2023-06-26,2,Weekend,48.0,False,0.0,0.0,-155.85,False,0.0,False
2023-06-26,2023-06-27,0,Overnight,0.0,False,101.58,101.58,42.67,False,0.0,False
2023-06-27,2023-06-28,0,Overnight,0.0,False,-18.6,-18.6,7.75,False,0.0,False
2023-06-28,2023-06-29,0,Overnight,0.0,False,-20.94,-20.94,-67.79,False,0.0,False
2023-06-29,2023-06-30,0,Overnight,0.0,False,122.0,122.0,68.51,False,0.0,False
2023-06-30,2023-07-03,2,Weekend,48.0,False,35.23,35.23,-45.97,False,0.0,False
2023-07-03,2023-07-05,1,Short,24.0,True,1.54,1.54,10.74,False,0.0,False
2023-07-05,2023-07-06,0,Overnight,0.0,False,-164.72,-164.72,8.57,False,0.0,False
2023-07-06,2023-07-07,0,Overnight,0.0,False,17.9,17.9,92.12,False,0.0,False
2023-07-07,2023-07-10,2,Weekend,48.0,False,-54.86,-54.86,-151.45,False,0.0,False
2023-07-10,2023-07-11,0,Overnight,0.0,False,48.65,48.65,80.3,False,0.0,False
2023-07-11,2023-07-12,0,Overnight,0.0,False,118.11,118.11,37.53,False,0.0,False
2023-07-12,2023-07-13,0,Overnight,0.0,False,244.69,244.69,19.38,False,0.0,False
2023-07-13,2023-07-14,0,Overnight,0.0,False,-17.89,-17.89,46.14,False,0.0,False
2023-07-14,2023-07-17,2,Weekend,48.0,False,-8.91,-8.91,-74.59,False,0.0,False
2023-07-17,2023-07-18,0,Overnight,0.0,False,-63.84,-63.84,9.04,False,0.0,False
2023-07-18,2023-07-19,0,Overnight,0.0,False,42.07,42.07,146.61,False,0.0,False
2023-07-19,2023-07-20,0,Overnight,0.0,False,-95.76,-95.76,-311.35,False,0.0,False
2023-07-20,2023-07-21,0,Overnight,0.0,False,105.63,105.63,-102.55,False,0.0,False
2023-07-21,2023-07-24,2,Weekend,48.0,False,23.82,23.82,-116.55,False,0.0,False
2023-07-24,2023-07-25,0,Overnight,0.0,False,39.52,39.52,-13.93,False,0.0,False
2023-07-25,2023-07-26,0,Overnight,0.0,False,-204.98,-204.98,128.8,False,0.0,False
2023-07-26,2023-07-27,0,Overnight,0.0,False,219.96,219.96,-212.16,False,0.0,False
2023-07-27,2023-07-28,0,Overnight,0.0,False,111.66,111.66,192.45,False,0.0,False
2023-07-28,2023-07-31,2,Weekend,48.0,False,74.6,74.6,35.97,False,0.0,False
2023-07-31,2023-08-01,0,Overnight,0.0,False,-9.73,-9.73,-140.25,False,0.0,False
2023-08-01,2023-08-02,0,Overnight,0.0,False,-117.63,-117.63,-150.18,False,0.0,False
2023-08-02,2023-08-03,0,Overnight,0.0,False,-57.1,-57.1,111.55,False,0.0,False
2023-08-03,2023-08-04,0,Overnight,0.0,False,900.71,900.71,-106.19,False,0.0,False
2023-08-04,2023-08-07,2,Weekend,48.0,False,101.23,101.23,86.86,False,0.0,False
2023-08-07,2023-08-08,0,Overnight,0.0,False,-113.14,-113.14,-48.47,False,0.0,False
2023-08-08,2023-08-09,0,Overnight,0.0,False,2.14,2.14,-152.62,False,0.0,False
2023-08-09,2023-08-10,0,Overnight,0.0,False,88.11,88.11,-36.74,False,0.0,False
2023-08-10,2023-08-11,0,Overnight,0.0,False,-84.07,-84.07,73.24,False,0.0,False
2023-08-11,2023-08-14,2,Weekend,48.0,False,-7.95,-7.95,162.8,False,0.0,False
2023-08-14,2023-08-15,0,Overnight,0.0,False,-37.06,-37.06,-171.4,False,0.0,False
2023-08-15,2023-08-16,0,Overnight,0.0,False,-34.93,-34.93,-155.74,False,0.0,False
2023-08-16,2023-08-17,0,Overnight,0.0,False,28.83,28.83,-109.86,False,0.0,False
2023-08-17,2023-08-18,0,Overnight,0.0,False,-177.72,-177.72,120.83,False,0.0,False
2023-08-18,2023-08-21,2,Weekend,48.0,False,38.96,38.96,70.04,False,0.0,False
2023-08-21,2023-08-22,0,Overnight,0.0,False,29.66,29.66,-61.63,False,0.0,False
2023-08-22,2023-08-23,0,Overnight,0.0,False,18.6,18.6,75.55,False,0.0,False
2023-08-23,2023-08-24,0,Overnight,0.0,False,64.72,64.72,-340.03,False,0.0,False
2023-08-24,2023-08-25,0,Overnight,0.0,False,47.67,47.67,59.46,False,0.0,False
2023-08-25,2023-08-28,2,Weekend,48.0,False,38.95,38.95,-47.95,False,0.0,False
2023-08-28,2023-08-29,0,Overnight,0.0,False,18.01,18.01,114.06,False,0.0,False
2023-08-29,2023-08-30,0,Overnight,0.0,False,1.48,1.48,10.37,False,0.0,False
2023-08-30,2023-08-31,0,Overnight,0.0,False,-0.74,-0.74,216.07,False,0.0,False
2023-08-31,2023-09-01,0,Overnight,0.0,False,104.52,104.52,-96.55,False,0.0,False
2023-09-01,2023-09-05,3,Long,72.0,False,-28.28,-28.28,-33.45,False,0.0,False
2023-09-05,2023-09-06,0,Overnight,0.0,False,-69.45,-69.45,-70.67,False,0.0,False
2023-09-06,2023-09-07,0,Overnight,0.0,False,-108.45,-108.45,290.73,False,0.0,False
2023-09-07,2023-09-08,0,Overnight,0.0,False,-72.08,-72.08,99.6,False,0.0,False
2023-09-08,2023-09-11,2,Weekend,48.0,False,37.55,37.55,308.7,False,0.0,False
2023-09-11,2023-09-12,0,Overnight,0.0,False,-54.66,-54.66,-76.88,False,0.0,False
2023-09-12,2023-09-13,0,Overnight,0.0,False,-19.85,-19.85,272.94,False,0.0,False
2023-09-13,2023-09-14,0,Overnight,0.0,False,15.87,15.87,-24.84,False,0.0,False
2023-09-14,2023-09-15,0,Overnight,0.0,False,-141.26,-141.26,-162.5,False,0.0,False
2023-09-15,2023-09-18,2,Weekend,48.0,False,6.41,6.41,-35.66,False,0.0,False
2023-09-18,2023-09-19,0,Overnight,0.0,False,-91.86,-91.86,-77.44,False,0.0,False
2023-09-19,2023-09-20,0,Overnight,0.0,False,66.62,66.62,-238.11,False,0.0,False
2023-09-20,2023-09-21,0,Overnight,0.0,False,-250.73,-250.73,-199.8,False,0.0,False
2023-09-21,2023-09-22,0,Overnight,0.0,False,136.69,136.69,-152.95,False,0.0,False
2023-09-22,2023-09-25,2,Weekend,48.0,False,18.57,18.57,146.57,False,0.0,False
2023-09-25,2023-09-26,0,Overnight,0.0,False,-87.99,-87.99,-323.34,False,0.0,False
2023-09-26,2023-09-27,0,Overnight,0.0,False,-17.48,-17.48,17.48,False,0.0,False
2023-09-27,2023-09-28,0,Overnight,0.0,False,-155.19,-155.19,155.19,False,0.0,False
2023-09-28,2023-09-29,0,Overnight,0.0,False,174.68,174.68,-84.6,False,0.0,False
2023-09-29,2023-10-02,2,Weekend,48.0,False,12.58,12.58,169.83,False,0.0,False
2023-10-02,2023-10-03,0,Overnight,0.0,False,-108.73,-108.73,-264.28,False,0.0,False
2023-10-03,2023-10-04,0,Overnight,0.0,False,106.87,106.87,74.29,False,0.0,False
2023-10-04,2023-10-05,0,Overnight,0.0,False,-22.86,-22.86,-59.37,False,0.0,False
2023-10-05,2023-10-06,0,Overnight,0.0,False,-143.93,-143.93,301.47,False,0.0,False
2023-10-06,2023-10-09,2,Weekend,48.0,False,-136.91,-136.91,160.33,False,0.0,False
2023-10-09,2023-10-10,0,Overnight,0.0,False,43.57,43.57,51.1,False,0.0,False
2023-10-10,2023-10-11,0,Overnight,0.0,False,20.06,20.06,159.81,False,0.0,False
2023-10-11,2023-10-12,0,Overnight,0.0,False,25.76,25.76,12.1,False,0.0,False
2023-10-12,2023-10-13,0,Overnight,0.0,False,49.0,49.0,-242.81,False,0.0,False
2023-10-13,2023-10-16,2,Weekend,48.0,False,69.1,69.1,141.32,False,0.0,False
2023-10-16,2023-10-17,0,Overnight,0.0,False,-164.3,-164.3,82.49,False,0.0,False
2023-10-17,2023-10-18,0,Overnight,0.0,False,-120.14,-120.14,-137.19,False,0.0,False
2023-10-18,2023-10-19,0,Overnight,0.0,False,188.64,188.64,-167.59,False,0.0,False
2023-10-19,2023-10-20,0,Overnight,0.0,False,-27.3,-27.3,-227.48,False,0.0,False
2023-10-20,2023-10-23,2,Weekend,48.0,False,-43.23,-43.23,153.67,False,0.0,False
2023-10-23,2023-10-24,0,Overnight,0.0,False,92.8,92.8,63.99,False,0.0,False
2023-10-24,2023-10-25,0,Overnight,0.0,False,-197.96,-197.96,-375.91,False,0.0,False
2023-10-25,2023-10-26,0,Overnight,0.0,False,-62.81,-62.81,-88.26,False,0.0,False
2023-10-26,2023-10-27,0,Overnight,0.0,False,539.66,539.66,121.29,False,0.0,False
2023-10-27,2023-10-30,2,Weekend,48.0,False,153.81,153.81,227.88,False,0.0,False
2023-10-30,2023-10-31,0,Overnight,0.0,False,3.01,3.01,25.58,False,0.0,False
2023-10-31,2023-11-01,0,Overnight,0.0,False,65.16,65.16,224.4,False,0.0,False
2023-11-01,2023-11-02,0,Overnight,0.0,False,125.49,125.49,-47.69,False,0.0,False
2023-11-02,2023-11-03,0,Overnight,0.0,False,66.41,66.41,-28.1,False,0.0,False
2023-11-03,2023-11-06,2,Weekend,49.0,False,11.54,11.54,70.38,False,0.0,False
2023-11-06,2023-11-07,0,Overnight,0.0,False,57.8,57.8,152.51,False,0.0,False
2023-11-07,2023-11-08,0,Overnight,0.0,False,18.2,18.2,-62.45,False,0.0,False
2023-11-08,2023-11-09,0,Overnight,0.0,False,-4.22,-4.22,-100.49,False,0.0,False
2023-11-09,2023-11-10,0,Overnight,0.0,False,-9.96,-9.96,218.3,False,0.0,False
2023-11-10,2023-11-13,2,Weekend,48.0,False,-103.63,-103.63,35.83,False,0.0,False
2023-11-13,2023-11-14,0,Overnight,0.0,False,167.6,167.6,55.02,False,0.0,False
2023-11-14,2023-11-15,0,Overnight,0.0,False,86.05,86.05,-265.98,False,0.0,False
2023-11-15,2023-11-16,0,Overnight,0.0,False,-161.21,-161.21,135.34,False,0.0,False
2023-11-16,2023-11-17,0,Overnight,0.0,False,-11.91,-11.91,175.1,False,0.0,False
2023-11-17,2023-11-20,2,Weekend,48.0,False,-3.44,-3.44,68.67,False,0.0,False
2023-11-20,2023-11-21,0,Overnight,0.0,False,-153.09,-153.09,-0.7,False,0.0,False
2023-11-21,2023-11-22,0,Overnight,0.0,False,46.45,46.45,146.94,False,0.0,False
2023-11-22,2023-11-24,1,Short,24.0,False,-0.68,-0.68,2.73,False,0.0,False
2023-11-24,2023-11-27,2,Weekend,48.0,True,53.69,53.69,13.55,False,0.0,False
2023-11-27,2023-11-28,0,Overnight,0.0,False,-50.9,-50.9,3.4,False,0.0,False
2023-11-28,2023-11-29,0,Overnight,0.0,False,55.62,55.62,-104.02,False,0.0,False
2023-11-29,2023-11-30,0,Overnight,0.0,False,-107.19,-107.19,91.46,False,0.0,False
2023-11-30,2023-12-01,0,Overnight,0.0,False,-6.16,-6.16,70.3,False,0.0,False
2023-12-01,2023-12-04,2,Weekend,48.0,False,-121.8,-121.8,-28.27,False,0.0,False
2023-12-04,2023-12-05,0,Overnight,0.0,False,-89.46,-89.46,229.33,False,0.0,False
2023-12-05,2023-12-06,0,Overnight,0.0,False,47.54,47.54,-209.52,False,0.0,False
2023-12-06,2023-12-07,0,Overnight,0.0,False,112.16,112.16,49.83,False,0.0,False
2023-12-07,2023-12-08,0,Overnight,0.0,False,-95.77,-95.77,132.47,False,0.0,False
2023-12-08,2023-12-11,2,Weekend,48.0,False,-120.1,-120.1,15.78,False,0.0,False
2023-12-11,2023-12-12,0,Overnight,0.0,False,-25.39,-25.39,133.79,False,0.0,False
2023-12-12,2023-12-13,0,Overnight,0.0,False,43.3,43.3,48.49,False,0.0,False
2023-12-13,2023-12-14,0,Overnight,0.0,False,72.97,72.97,-168.83,False,0.0,False
2023-12-14,2023-12-15,0,Overnight,0.0,False,64.91,64.91,106.59,False,0.0,False
2023-12-15,2023-12-18,2,Weekend,48.0,False,39.26,39.26,230.45,False,0.0,False
2023-12-18,2023-12-19,0,Overnight,0.0,False,21.4,21.4,-39.59,False,0.0,False
2023-12-19,2023-12-20,0,Overnight,0.0,False,-58.04,-58.04,-51.14,False,0.0,False
2023-12-20,2023-12-21,0,Overnight,0.0,False,77.27,77.27,35.16,False,0.0,False
2023-12-21,2023-12-22,0,Overnight,0.0,False,-4.55,-4.55,-22.79,False,0.0,False
2023-12-22,2023-12-26,3,Long,72.0,False,9.12,9.12,-9.77,False,0.0,False
2023-12-26,2023-12-27,0,Overnight,0.0,False,9.77,9.77,-14.34,False,0.0,False
2023-12-27,2023-12-28,0,Overnight,0.0,False,24.75,24.75,-22.14,False,0.0,False
2023-12-28,2023-12-29,0,Overnight,0.0,False,-18.27,-18.27,-76.06,False,0.0,False
2023-12-29,2024-01-02,3,Long,72.0,False,-26.36,-26.36,-106.81,False,0.0,False
2024-01-02,2024-01-03,0,Overnight,0.0,False,-48.81,-48.81,-49.05,False,0.0,False
2024-01-03,2024-01-04,0,Overnight,0.0,False,-195.88,-195.88,-70.31,False,0.0,False
2024-01-04,2024-01-05,0,Overnight,0.0,False,8.3,8.3,37.94,False,0.0,False
2024-01-05,2024-01-08,2,Weekend,48.0,False,102.75,102.75,159.55,False,0.0,False
2024-01-08,2024-01-09,0,Overnight,0.0,False,-51.78,-51.78,202.88,False,0.0,False
2024-01-09,2024-01-10,0,Overnight,0.0,False,45.48,45.48,109.23,False,0.0,False
2024-01-10,2024-01-11,0,Overnight,0.0,False,84.85,84.85,9.03,False,0.0,False
2024-01-11,2024-01-12,0,Overnight,0.0,False,13.52,13.52,-49.68,False,0.0,False
2024-01-12,2024-01-16,3,Long,72.0,False,-70.74,-70.74,-24.13,False,0.0,False
2024-01-16,2024-01-17,0,Overnight,0.0,False,-109.64,-109.64,14.51,False,0.0,False
2024-01-17,2024-01-18,0,Overnight,0.0,False,69.63,69.63,47.67,False,0.0,False
2024-01-18,2024-01-19,0,Overnight,0.0,False,21.48,21.48,97.68,False,0.0,False
2024-01-19,2024-01-22,2,Weekend,48.0,False,99.29,99.29,-135.4,False,0.0,False
2024-01-22,2024-01-23,0,Overnight,0.0,False,4.52,4.52,75.27,False,0.0,False
2024-01-23,2024-01-24,0,Overnight,0.0,False,113.44,113.44,-59.11,False,0.0,False
2024-01-24,2024-01-25,0,Overnight,0.0,False,5.1,5.1,50.84,False,0.0,False
2024-01-25,2024-01-26,0,Overnight,0.0,False,42.38,42.38,44.09,False,0.0,False
2024-01-26,2024-01-29,2,Weekend,48.0,False,13.82,13.82,119.78,False,0.0,False
2024-01-29,2024-01-30,0,Overnight,0.0,False,-34.79,-34.79,-106.35,False,0.0,False
2024-01-30,2024-01-31,0,Overnight,0.0,False,-126.58,-126.58,-115.31,False,0.0,False
2024-01-31,2024-02-01,0,Overnight,0.0,False,43.08,43.08,216.41,False,0.0,False
2024-02-01,2024-02-02,0,Overnight,0.0,False,603.59,603.59,153.67,False,0.0,False
2024-02-02,2024-02-05,2,Weekend,48.0,False,-94.15,-94.15,6.46,False,0.0,False
2024-02-05,2024-02-06,0,Overnight,0.0,False,-54.17,-54.17,-14.18,False,0.0,False
2024-02-06,2024-02-07,0,Overnight,0.0,False,19.49,19.49,61.76,False,0.0,False
2024-02-07,2024-02-08,0,Overnight,0.0,False,-51.74,-51.74,11.19,False,0.0,False
2024-02-08,2024-02-09,0,Overnight,0.0,False,62.22,62.22,205.6,False,0.0,False
2024-02-09,2024-02-12,2,Weekend,48.0,False,20.04,20.04,-141.73,False,0.0,False
2024-02-12,2024-02-13,0,Overnight,0.0,False,-271.14,-271.14,54.11,False,0.0,False
2024-02-13,2024-02-14,0,Overnight,0.0,False,33.74,33.74,104.06,False,0.0,False
2024-02-14,2024-02-15,0,Overnight,0.0,False,-23.42,-23.42,-45.83,False,0.0,False
2024-02-15,2024-02-16,0,Overnight,0.0,False,-62.62,-62.62,45.53,False,0.0,False
2024-02-16,2024-02-20,3,Long,72.0,False,-99.6,-99.6,-44.79,False,0.0,False
2024-02-20,2024-02-21,0,Overnight,0.0,False,110.71,110.71,-20.74,False,0.0,False
2024-02-21,2024-02-22,0,Overnight,0.0,False,264.0,264.0,85.14,False,0.0,False
2024-02-22,2024-02-23,0,Overnight,0.0,False,-17.2,-17.2,40.66,False,0.0,False
2024-02-23,2024-02-26,2,Weekend,48.0,False,40.49,40.49,-55.36,False,0.0,False
2024-02-26,2024-02-27,0,Overnight,0.0,False,-37.27,-37.27,-31.07,False,0.0,False
2024-02-27,2024-02-28,0,Overnight,0.0,False,-63.59,-63.59,41.67,False,0.0,False
2024-02-28,2024-02-29,0,Overnight,0.0,False,-8.67,-8.67,214.43,False,0.0,False
2024-02-29,2024-03-01,0,Overnight,0.0,False,-0.57,-0.57,82.82,False,0.0,False
2024-03-01,2024-03-04,2,Weekend,48.0,False,-38.79,-38.79,2.82,False,0.0,False
2024-03-04,2024-03-05,0,Overnight,0.0,False,-36.67,-36.67,-160.09,False,0.0,False
2024-03-05,2024-03-06,0,Overnight,0.0,False,81.22,81.22,-116.32,False,0.0,False
2024-03-06,2024-03-07,0,Overnight,0.0,False,75.79,75.79,113.18,False,0.0,False
2024-03-07,2024-03-08,0,Overnight,0.0,False,-21.51,-21.51,-61.97,False,0.0,False
2024-03-08,2024-03-11,2,Weekend,47.0,False,-59.49,-59.49,-135.73,False,0.0,False
2024-03-11,2024-03-12,0,Overnight,0.0,False,89.16,89.16,108.34,False,0.0,False
2024-03-12,2024-03-13,0,Overnight,0.0,False,29.04,29.04,37.45,False,0.0,False
2024-03-13,2024-03-14,0,Overnight,0.0,False,63.8,63.8,59.48,False,0.0,False
2024-03-14,2024-03-15,0,Overnight,0.0,False,-118.74,-118.74,-126.48,False,0.0,False
2024-03-15,2024-03-18,2,Weekend,48.0,False,78.81,78.81,-75.37,False,0.0,False
2024-03-18,2024-03-19,0,Overnight,0.0,False,-14.91,-14.91,95.97,False,0.0,False
2024-03-19,2024-03-20,0,Overnight,0.0,False,13.64,13.64,113.47,False,0.0,False
2024-03-20,2024-03-21,0,Overnight,0.0,False,102.75,102.75,-102.75,False,0.0,False
2024-03-21,2024-03-22,0,Overnight,0.0,False,-22.48,-22.48,62.81,False,0.0,False
2024-03-22,2024-03-25,2,Weekend,48.0,False,-48.2,-48.2,95.05,False,0.0,False
2024-03-25,2024-03-26,0,Overnight,0.0,False,24.45,24.45,-103.22,False,0.0,False
2024-03-26,2024-03-27,0,Overnight,0.0,False,88.22,88.22,-2.78,False,0.0,False
2024-03-27,2024-03-28,0,Overnight,0.0,False,18.89,18.89,11.65,False,0.0,False
2024-03-28,2024-04-01,3,Long,72.0,False,22.7,22.7,9.95,False,0.0,False
2024-04-01,2024-04-02,0,Overnight,0.0,False,-105.54,-105.54,90.06,False,0.0,False
2024-04-02,2024-04-03,0,Overnight,0.0,False,-43.82,-43.82,138.56,False,0.0,False
2024-04-03,2024-04-04,0,Overnight,0.0,False,86.79,86.79,-219.79,False,0.0,False
2024-04-04,2024-04-05,0,Overnight,0.0,False,131.36,131.36,146.42,False,0.0,False
2024-04-05,2024-04-08,2,Weekend,48.0,False,98.4,98.4,-91.91,False,0.0,False
2024-04-08,2024-04-09,0,Overnight,0.0,False,110.09,110.09,-84.2,False,0.0,False
2024-04-09,2024-04-10,0,Overnight,0.0,False,-157.42,-157.42,172.49,False,0.0,False
2024-04-10,2024-04-11,0,Overnight,0.0,False,42.39,42.39,122.94,False,0.0,False
2024-04-11,2024-04-12,0,Overnight,0.0,False,-70.6,-70.6,-85.06,False,0.0,False
2024-04-12,2024-04-15,2,Weekend,48.0,False,69.6,69.6,-205.37,False,0.0,False
2024-04-15,2024-04-16,0,Overnight,0.0,False,-19.08,-19.08,2.73,False,0.0,False
2024-04-16,2024-04-17,0,Overnight,0.0,False,53.86,53.86,-165.76,False,0.0,False
2024-04-17,2024-04-18,0,Overnight,0.0,False,10.48,10.48,-124.76,False,0.0,False
2024-04-18,2024-04-19,0,Overnight,0.0,False,-26.82,-26.82,-232.63,False,0.0,False
2024-04-19,2024-04-22,2,Weekend,48.0,False,131.41,131.41,16.38,False,0.0,False
2024-04-22,2024-04-23,0,Overnight,0.0,False,47.85,47.85,81.65,False,0.0,False
2024-04-23,2024-04-24,0,Overnight,0.0,False,22.25,22.25,-187.93,False,0.0,False
2024-04-24,2024-04-25,0,Overnight,0.0,False,-399.16,-399.16,232.43,False,0.0,False
2024-04-25,2024-04-26,0,Overnight,0.0,False,235.02,235.02,101.84,False,0.0,False
2024-04-26,2024-04-29,2,Weekend,48.0,False,172.76,172.76,-98.43,False,0.0,False
2024-04-29,2024-04-30,0,Overnight,0.0,False,7.18,7.18,-342.08,False,0.0,False
2024-04-30,2024-05-01,0,Overnight,0.0,False,372.41,372.41,-146.41,False,0.0,False
2024-05-01,2024-05-02,0,Overnight,0.0,False,102.82,102.82,211.73,False,0.0,False
2024-05-02,2024-05-03,0,Overnight,0.0,False,122.14,122.14,-41.8,False,0.0,False
2024-05-03,2024-05-06,2,Weekend,48.0,False,3.76,3.76,129.08,False,0.0,False
2024-05-06,2024-05-07,0,Overnight,0.0,False,11.65,11.65,-8.47,False,0.0,False
2024-05-07,2024-05-08,0,Overnight,0.0,False,-70.18,-70.18,29.83,False,0.0,False
2024-05-08,2024-05-09,0,Overnight,0.0,False,46.7,46.7,32.77,False,0.0,False
2024-05-09,2024-05-10,0,Overnight,0.0,False,-17.96,-17.96,-89.21,False,0.0,False
2024-05-10,2024-05-13,2,Weekend,48.0,False,27.7,27.7,-76.35,False,0.0,False
2024-05-13,2024-05-14,0,Overnight,0.0,False,-148.49,-148.49,175.26,False,0.0,False
2024-05-14,2024-05-15,0,Overnight,0.0,False,-58.98,-58.98,1.08,False,0.0,False
2024-05-15,2024-05-16,0,Overnight,0.0,False,-20.99,-20.99,-106.71,False,0.0,False
2024-05-16,2024-05-17,0,Overnight,0.0,False,7.08,7.08,51.02,False,0.0,False
2024-05-17,2024-05-20,2,Weekend,48.0,False,-19.51,-19.51,-43.49,False,0.0,False
2024-05-20,2024-05-21,0,Overnight,0.0,False,-67.79,-67.79,46.52,False,0.0,False
2024-05-21,2024-05-22,0,Overnight,0.0,False,39.78,39.78,-40.87,False,0.0,False
2024-05-22,2024-05-23,0,Overnight,0.0,False,28.9,28.9,-143.13,False,0.0,False
2024-05-23,2024-05-24,0,Overnight,0.0,False,33.08,33.08,-49.67,False,0.0,False
2024-05-24,2024-05-28,3,Long,72.0,False,-45.47,-45.47,122.63,False,0.0,False
2024-05-28,2024-05-29,0,Overnight,0.0,False,-24.74,-24.74,17.6,False,0.0,False
2024-05-29,2024-05-30,0,Overnight,0.0,False,-39.08,-39.08,-110.36,False,0.0,False
2024-05-30,2024-05-31,0,Overnight,0.0,False,-57.04,-57.04,-104.87,False,0.0,False
2024-05-31,2024-06-03,2,Weekend,48.0,False,71.16,71.16,35.95,False,0.0,False
2024-06-03,2024-06-04,0,Overnight,0.0,False,-39.33,-39.33,95.24,False,0.0,False
2024-06-04,2024-06-05,0,Overnight,0.0,False,42.29,42.29,65.31,False,0.0,False
2024-06-05,2024-06-06,0,Overnight,0.0,False,25.89,25.89,177.24,False,0.0,False
2024-06-06,2024-06-07,0,Overnight,0.0,False,-5.41,-5.41,-32.5,False,0.0,False
2024-06-07,2024-06-10,2,Weekend,48.0,False,-12.49,-12.49,161.13,False,0.0,False
2024-06-10,2024-06-11,0,Overnight,0.0,False,0.0,0.0,9.08,False,0.0,False
2024-06-11,2024-06-12,0,Overnight,0.0,False,42.11,42.11,-60.28,False,0.0,False
2024-06-12,2024-06-13,0,Overnight,0.0,False,-42.9,-42.9,-122.19,False,0.0,False
2024-06-13,2024-06-14,0,Overnight,0.0,False,-40.88,-40.88,31.63,False,0.0,False
2024-06-14,2024-06-17,2,Weekend,48.0,False,-62.26,-62.26,84.02,False,0.0,False
2024-06-17,2024-06-18,0,Overnight,0.0,False,-17.4,-17.4,-50.74,False,0.0,False
2024-06-18,2024-06-20,1,Short,24.0,False,5.47,5.47,172.9,False,0.0,False
2024-06-20,2024-06-21,0,Overnight,0.0,False,90.93,90.93,67.93,False,0.0,False
2024-06-21,2024-06-24,2,Weekend,48.0,False,13.21,13.21,-200.59,False,0.0,False
2024-06-24,2024-06-25,0,Overnight,0.0,False,66.6,66.6,-25.19,False,0.0,False
2024-06-25,2024-06-26,0,Overnight,0.0,False,31.08,31.08,351.65,False,0.0,False
2024-06-26,2024-06-27,0,Overnight,0.0,False,72.05,72.05,144.58,False,0.0,False
2024-06-27,2024-06-28,0,Overnight,0.0,False,-6.07,-6.07,-229.18,False,0.0,False
2024-06-28,2024-07-01,2,Weekend,48.0,False,12.41,12.41,189.93,False,0.0,False
2024-07-01,2024-07-02,0,Overnight,0.0,False,4.06,4.06,136.93,False,0.0,False
2024-07-02,2024-07-03,0,Overnight,0.0,False,-3.0,-3.0,-118.23,False,0.0,False
2024-07-03,2024-07-05,1,Short,24.0,True,53.5,53.5,67.73,False,0.0,False
2024-07-05,2024-07-08,2,Weekend,48.0,False,2.0,2.0,-37.56,False,0.0,False
2024-07-08,2024-07-09,0,Overnight,0.0,False,5.52,5.52,-3.01,False,0.0,False
2024-07-09,2024-07-10,0,Overnight,0.0,False,33.05,33.05,-10.51,False,0.0,False
2024-07-10,2024-07-11,0,Overnight,0.0,False,15.0,15.0,-255.11,False,0.0,False
2024-07-11,2024-07-12,0,Overnight,0.0,False,-12.83,-12.83,-15.93,False,0.0,False
2024-07-12,2024-07-15,2,Weekend,48.0,False,3.6,3.6,-95.02,False,0.0,False
2024-07-15,2024-07-16,0,Overnight,0.0,False,147.82,147.82,-132.27,False,0.0,False
2024-07-16,2024-07-17,0,Overnight,0.0,False,-86.9,-86.9,-180.35,False,0.0,False
2024-07-17,2024-07-18,0,Overnight,0.0,False,87.94,87.94,-312.88,False,0.0,False
2024-07-18,2024-07-19,0,Overnight,0.0,False,-143.06,-143.06,109.26,False,0.0,False
2024-07-19,2024-07-22,2,Weekend,48.0,False,101.6,101.6,-133.32,False,0.0,False
2024-07-22,2024-07-23,0,Overnight,0.0,False,84.55,84.55,124.69,False,0.0,False
2024-07-23,2024-07-24,0,Overnight,0.0,False,-173.7,-173.7,-130.21,False,0.0,False
2024-07-24,2024-07-25,0,Overnight,0.0,False,114.37,114.37,-168.71,False,0.0,False
2024-07-25,2024-07-26,0,Overnight,0.0,False,29.98,29.98,116.29,False,0.0,False
2024-07-26,2024-07-29,2,Weekend,48.0,False,73.16,73.16,-34.87,False,0.0,False
2024-07-29,2024-07-30,0,Overnight,0.0,False,82.63,82.63,-164.29,False,0.0,False
2024-07-30,2024-07-31,0,Overnight,0.0,False,182.14,182.14,103.76,False,0.0,False
2024-07-31,2024-08-01,0,Overnight,0.0,False,122.79,122.79,-279.64,False,0.0,False
2024-08-01,2024-08-02,0,Overnight,0.0,False,-988.2,-988.2,68.73,False,0.0,False
2024-08-02,2024-08-05,2,Weekend,48.0,False,-850.53,-850.53,432.13,False,0.0,False
2024-08-05,2024-08-06,0,Overnight,0.0,False,42.76,42.76,13.59,False,0.0,False
2024-08-06,2024-08-07,0,Overnight,0.0,False,281.31,281.31,-229.57,False,0.0,False
2024-08-07,2024-08-08,0,Overnight,0.0,False,146.37,146.37,38.07,False,0.0,False
2024-08-08,2024-08-09,0,Overnight,0.0,False,36.12,36.12,32.4,False,0.0,False
2024-08-09,2024-08-12,2,Weekend,48.0,False,71.62,71.62,-80.01,False,0.0,False
2024-08-12,2024-08-13,0,Overnight,0.0,False,60.37,60.37,143.18,False,0.0,False
2024-08-13,2024-08-14,0,Overnight,0.0,False,109.83,109.83,-117.47,False,0.0,False
2024-08-14,2024-08-15,0,Overnight,0.0,False,275.99,275.99,154.92,False,0.0,False
2024-08-15,2024-08-16,0,Overnight,0.0,False,-31.02,-31.02,1.13,False,0.0,False
2024-08-16,2024-08-19,2,Weekend,48.0,False,32.7,32.7,32.6,False,0.0,False
2024-08-19,2024-08-20,0,Overnight,0.0,False,-16.85,-16.85,53.81,False,0.0,False
2024-08-20,2024-08-21,0,Overnight,0.0,False,57.97,57.97,10.55,False,0.0,False
2024-08-21,2024-08-22,0,Overnight,0.0,False,70.27,70.27,-293.72,False,0.0,False
2024-08-22,2024-08-23,0,Overnight,0.0,False,68.46,68.46,-16.93,False,0.0,False
2024-08-23,2024-08-26,2,Weekend,48.0,False,-19.22,-19.22,-68.14,False,0.0,False
2024-08-26,2024-08-27,0,Overnight,0.0,False,-77.22,-77.22,-59.32,False,0.0,False
2024-08-27,2024-08-28,0,Overnight,0.0,False,32.87,32.87,-167.79,False,0.0,False
2024-08-28,2024-08-29,0,Overnight,0.0,False,140.69,140.69,-63.71,False,0.0,False
2024-08-29,2024-08-30,0,Overnight,0.0,False,38.27,38.27,325.69,False,0.0,False
2024-08-30,2024-09-03,3,Long,72.0,False,-53.36,-53.36,-73.49,False,0.0,False
2024-09-03,2024-09-04,0,Overnight,0.0,False,-100.93,-100.93,-66.13,False,0.0,False
2024-09-04,2024-09-05,0,Overnight,0.0,False,95.89,95.89,163.79,False,0.0,False
2024-09-05,2024-09-06,0,Overnight,0.0,False,-36.61,-36.61,-335.63,False,0.0,False
2024-09-06,2024-09-09,2,Weekend,48.0,False,181.55,181.55,49.72,False,0.0,False
2024-09-09,2024-09-10,0,Overnight,0.0,False,118.45,118.45,115.39,False,0.0,False
2024-09-10,2024-09-11,0,Overnight,0.0,False,30.59,30.59,242.46,False,0.0,False
2024-09-11,2024-09-12,0,Overnight,0.0,False,15.16,15.16,118.34,False,0.0,False
2024-09-12,2024-09-13,0,Overnight,0.0,False,0.0,0.0,-27.31,False,0.0,False
2024-09-13,2024-09-16,2,Weekend,48.0,False,-64.56,-64.56,-21.61,False,0.0,False
2024-09-16,2024-09-17,0,Overnight,0.0,False,105.45,105.45,1.61,False,0.0,False
2024-09-17,2024-09-18,0,Overnight,0.0,False,-23.04,-23.04,-1.07,False,0.0,False
2024-09-18,2024-09-19,0,Overnight,0.0,False,191.79,191.79,-8.95,False,0.0,False
2024-09-19,2024-09-20,0,Overnight,0.0,False,18.94,18.94,71.76,False,0.0,False
2024-09-20,2024-09-23,2,Weekend,48.0,False,2.09,2.09,116.21,False,0.0,False
2024-09-23,2024-09-24,0,Overnight,0.0,False,20.1,20.1,-15.97,False,0.0,False
2024-09-24,2024-09-25,0,Overnight,0.0,False,-10.83,-10.83,-63.17,False,0.0,False
2024-09-25,2024-09-26,0,Overnight,0.0,False,92.03,92.03,-163.44,False,0.0,False
2024-09-26,2024-09-27,0,Overnight,0.0,False,-25.14,-25.14,-143.14,False,0.0,False
2024-09-27,2024-09-30,2,Weekend,48.0,False,-44.25,-44.25,-43.38,False,0.0,False
2024-09-30,2024-10-01,0,Overnight,0.0,False,-77.04,-77.04,12.43,False,0.0,False
2024-10-01,2024-10-02,0,Overnight,0.0,False,-37.34,-37.34,17.33,False,0.0,False
2024-10-02,2024-10-03,0,Overnight,0.0,False,-92.98,-92.98,-59.72,False,0.0,False
2024-10-03,2024-10-04,0,Overnight,0.0,False,206.15,206.15,40.83,False,0.0,False
2024-10-04,2024-10-07,2,Weekend,48.0,False,-192.72,-192.72,-118.21,False,0.0,False
2024-10-07,2024-10-08,0,Overnight,0.0,False,61.76,61.76,43.88,False,0.0,False
2024-10-08,2024-10-09,0,Overnight,0.0,False,5.47,5.47,127.72,False,0.0,False
2024-10-09,2024-10-10,0,Overnight,0.0,False,105.29,105.29,-25.68,False,0.0,False
2024-10-10,2024-10-11,0,Overnight,0.0,False,-1.07,-1.07,116.66,False,0.0,False
2024-10-11,2024-10-14,2,Weekend,48.0,False,50.71,50.71,-118.73,False,0.0,False
2024-10-14,2024-10-15,0,Overnight,0.0,False,4.8,4.8,3.2,False,0.0,False
2024-10-15,2024-10-16,0,Overnight,0.0,False,-34.16,-34.16,-8.56,False,0.0,False
2024-10-16,2024-10-17,0,Overnight,0.0,False,70.91,70.91,-36.73,False,0.0,False
2024-10-17,2024-10-18,0,Overnight,0.0,False,-20.28,-20.28,97.84,False,0.0,False
2024-10-18,2024-10-21,2,Weekend,48.0,False,-49.86,-49.86,54.09,False,0.0,False
2024-10-21,2024-10-22,0,Overnight,0.0,False,-38.15,-38.15,71.42,False,0.0,False
2024-10-22,2024-10-23,0,Overnight,0.0,False,-44.91,-44.91,-221.66,False,0.0,False
2024-10-23,2024-10-24,0,Overnight,0.0,False,29.19,29.19,60.81,False,0.0,False
2024-10-24,2024-10-25,0,Overnight,0.0,False,78.56,78.56,-1.06,False,0.0,False
2024-10-25,2024-10-28,2,Weekend,48.0,False,92.21,92.21,-62.44,False,0.0,False
2024-10-28,2024-10-29,0,Overnight,0.0,False,10.08,10.08,118.61,False,0.0,False
2024-10-29,2024-10-30,0,Overnight,0.0,False,200.77,200.77,-101.7,False,0.0,False
2024-10-30,2024-10-31,0,Overnight,0.0,False,-115.86,-115.86,-218.1,False,0.0,False
2024-10-31,2024-11-01,0,Overnight,0.0,False,654.1,654.1,-53.91,False,0.0,False
2024-11-01,2024-11-04,2,Weekend,49.0,False,-75.05,-75.05,-34.16,False,0.0,False
2024-11-04,2024-11-05,0,Overnight,0.0,False,13.27,13.27,174.96,False,0.0,False
2024-11-05,2024-11-06,0,Overnight,0.0,False,25.53,25.53,347.86,False,0.0,False
2024-11-06,2024-11-07,0,Overnight,0.0,False,16.89,16.89,125.03,False,0.0,False
2024-11-07,2024-11-08,0,Overnight,0.0,False,-15.72,-15.72,-73.7,False,0.0,False
2024-11-08,2024-11-11,2,Weekend,48.0,False,15.36,15.36,-79.94,False,0.0,False
2024-11-11,2024-11-12,0,Overnight,0.0,False,73.7,73.7,25.88,False,0.0,False
2024-11-12,2024-11-13,0,Overnight,0.0,False,23.43,23.43,221.97,False,0.0,False
2024-11-13,2024-11-14,0,Overnight,0.0,False,2.8,2.8,-125.93,False,0.0,False
2024-11-14,2024-11-15,0,Overnight,0.0,False,-225.72,-225.72,-202.76,False,0.0,False
2024-11-15,2024-11-18,2,Weekend,48.0,False,75.72,75.72,-120.74,False,0.0,False
2024-11-18,2024-11-19,0,Overnight,0.0,False,-118.2,-118.2,261.44,False,0.0,False
2024-11-19,2024-11-20,0,Overnight,0.0,False,-79.98,-79.98,-4.93,False,0.0,False
2024-11-20,2024-11-21,0,Overnight,0.0,False,30.02,30.02,-254.32,False,0.0,False
2024-11-21,2024-11-22,0,Overnight,0.0,False,-6.56,-6.56,-57.16,False,0.0,False
2024-11-22,2024-11-25,2,Weekend,48.0,False,108.98,108.98,108.3,False,0.0,False
2024-11-25,2024-11-26,0,Overnight,0.0,False,22.31,22.31,290.92,False,0.0,False
2024-11-26,2024-11-27,0,Overnight,0.0,False,-42.43,-42.43,-60.09,False,0.0,False
2024-11-27,2024-11-29,1,Short,24.0,False,4.37,4.37,99.58,False,0.0,False
2024-11-29,2024-12-02,2,Weekend,48.0,True,99.08,99.08,35.66,False,0.0,False
2024-12-02,2024-12-03,0,Overnight,0.0,False,-19.0,-19.0,147.73,False,0.0,False
2024-12-03,2024-12-04,0,Overnight,0.0,False,117.37,117.37,101.36,False,0.0,False
2024-12-04,2024-12-05,0,Overnight,0.0,False,-5.96,-5.96,114.92,False,0.0,False
2024-12-05,2024-12-06,0,Overnight,0.0,False,9.06,9.06,280.51,False,0.0,False
2024-12-06,2024-12-09,2,Weekend,48.0,False,7.93,7.93,-49.42,False,0.0,False
2024-12-09,2024-12-10,0,Overnight,0.0,False,0.0,0.0,-46.55,False,0.0,False
2024-12-10,2024-12-11,0,Overnight,0.0,False,60.69,60.69,168.62,False,0.0,False
2024-12-11,2024-12-12,0,Overnight,0.0,False,-18.69,-18.69,-37.49,False,0.0,False
2024-12-12,2024-12-13,0,Overnight,0.0,False,-24.93,-24.93,-41.24,False,0.0,False
2024-12-13,2024-12-16,2,Weekend,48.0,False,121.04,121.04,116.59,False,0.0,False
2024-12-16,2024-12-17,0,Overnight,0.0,False,-23.21,-23.21,-53.5,False,0.0,False
2024-12-17,2024-12-18,0,Overnight,0.0,False,-16.45,-16.45,-454.33,False,0.0,False
2024-12-18,2024-12-19,0,Overnight,0.0,False,197.12,197.12,-72.29,False,0.0,False
2024-12-19,2024-12-20,0,Overnight,0.0,False,-155.71,-155.71,228.45,False,0.0,False
2024-12-20,2024-12-23,2,Weekend,48.0,False,4.0,4.0,2.22,False,0.0,False
2024-12-23,2024-12-24,0,Overnight,0.0,False,83.19,83.19,92.55,False,0.0,False
2024-12-24,2024-12-26,1,Short,24.0,True,-24.04,-24.04,-63.66,False,0.0,False
2024-12-26,2024-12-27,0,Overnight,0.0,False,-64.07,-64.07,-82.34,False,0.0,False
2024-12-27,2024-12-30,2,Weekend,48.0,False,-166.29,-166.29,56.19,False,0.0,False
2024-12-30,2024-12-31,0,Overnight,0.0,False,75.18,75.18,-161.86,False,0.0,False
2024-12-31,2025-01-02,1,Short,24.0,False,119.62,119.62,-81.85,False,0.0,False
2025-01-02,2025-01-03,0,Overnight,0.0,False,103.45,103.45,75.22,False,0.0,False
2025-01-03,2025-01-06,2,Weekend,48.0,False,114.86,114.86,36.53,False,0.0,False
2025-01-06,2025-01-07,0,Overnight,0.0,False,12.73,12.73,-257.34,False,0.0,False
2025-01-07,2025-01-08,0,Overnight,0.0,False,48.51,48.51,-47.61,False,0.0,False
2025-01-08,2025-01-10,1,Short,24.0,False,-30.21,-30.21,-114.44,False,0.0,False
2025-01-10,2025-01-13,2,Weekend,48.0,False,-40.27,-40.27,18.33,False,0.0,False
2025-01-13,2025-01-14,0,Overnight,0.0,False,90.23,90.23,-122.32,False,0.0,False
2025-01-14,2025-01-15,0,Overnight,0.0,False,230.16,230.16,23.31,False,0.0,False
2025-01-15,2025-01-16,0,Overnight,0.0,False,47.79,47.79,-168.96,False,0.0,False
2025-01-16,2025-01-17,0,Overnight,0.0,False,232.04,232.04,4.43,False,0.0,False
2025-01-17,2025-01-21,3,Long,72.0,False,130.16,130.16,78.76,False,0.0,False
2025-01-21,2025-01-22,0,Overnight,0.0,False,56.62,56.62,128.04,False,0.0,False
2025-01-22,2025-01-23,0,Overnight,0.0,False,-38.8,-38.8,56.23,False,0.0,False
2025-01-23,2025-01-24,0,Overnight,0.0,False,-39.16,-39.16,14.91,False,0.0,False
2025-01-24,2025-01-27,2,Weekend,48.0,False,-374.83,-374.83,399.07,False,0.0,False
2025-01-27,2025-01-28,0,Overnight,0.0,False,-48.12,-48.12,163.41,False,0.0,False
2025-01-28,2025-01-29,0,Overnight,0.0,False,36.47,36.47,-81.92,False,0.0,False
2025-01-29,2025-01-30,0,Overnight,0.0,False,2.95,2.95,-105.98,False,0.0,False
2025-01-30,2025-01-31,0,Overnight,0.0,False,78.96,78.96,49.77,False,0.0,False
2025-01-31,2025-02-03,2,Weekend,48.0,False,-153.48,-153.48,142.53,False,0.0,False
2025-02-03,2025-02-04,0,Overnight,0.0,False,66.75,66.75,126.8,False,0.0,False
2025-02-04,2025-02-05,0,Overnight,0.0,False,-210.41,-210.41,-35.93,False,0.0,False
2025-02-05,2025-02-06,0,Overnight,0.0,False,77.61,77.61,34.39,False,0.0,False
2025-02-06,2025-02-07,0,Overnight,0.0,False,-268.62,-268.62,-145.13,False,0.0,False
2025-02-07,2025-02-10,2,Weekend,48.0,False,60.91,60.91,111.71,False,0.0,False
2025-02-10,2025-02-11,0,Overnight,0.0,False,-52.47,-52.47,36.15,False,0.0,False
2025-02-11,2025-02-12,0,Overnight,0.0,False,-99.31,-99.31,-66.61,False,0.0,False
2025-02-12,2025-02-13,0,Overnight,0.0,False,-3.49,-3.49,66.2,False,0.0,False
2025-02-13,2025-02-14,0,Overnight,0.0,False,-50.92,-50.92,-22.71,False,0.0,False
2025-02-14,2025-02-18,3,Long,72.0,False,6.12,6.12,-95.29,False,0.0,False
2025-02-18,2025-02-19,0,Overnight,0.0,False,-49.98,-49.98,49.1,False,0.0,False
2025-02-19,2025-02-20,0,Overnight,0.0,False,-81.97,-81.97,-84.89,False,0.0,False
2025-02-20,2025-02-21,0,Overnight,0.0,False,17.93,17.93,-304.67,False,0.0,False
2025-02-21,2025-02-24,2,Weekend,48.0,False,40.09,40.09,-220.39,False,0.0,False
2025-02-24,2025-02-25,0,Overnight,0.0,False,-50.9,-50.9,55.13,False,0.0,False
2025-02-25,2025-02-26,0,Overnight,0.0,False,100.06,100.06,-27.49,False,0.0,False
2025-02-26,2025-02-27,0,Overnight,0.0,False,184.89,184.89,-450.1,False,0.0,False
2025-02-27,2025-02-28,0,Overnight,0.0,False,-4.31,-4.31,172.48,False,0.0,False
2025-02-28,2025-03-03,2,Weekend,48.0,False,50.28,50.28,-398.26,False,0.0,False
2025-03-03,2025-03-04,0,Overnight,0.0,False,-242.4,-242.4,182.72,False,0.0,False
2025-03-04,2025-03-05,0,Overnight,0.0,False,48.95,48.95,172.33,False,0.0,False
2025-03-05,2025-03-06,0,Overnight,0.0,False,-191.89,-191.89,-182.68,False,0.0,False
2025-03-06,2025-03-07,0,Overnight,0.0,False,-60.47,-60.47,-12.04,False,0.0,False
2025-03-07,2025-03-10,2,Weekend,47.0,False,-184.89,-184.89,-54.34,False,0.0,False
2025-03-10,2025-03-11,0,Overnight,0.0,False,-32.95,-32.95,137.78,False,0.0,False
2025-03-11,2025-03-12,0,Overnight,0.0,False,207.91,207.91,-91.59,False,0.0,False
2025-03-12,2025-03-13,0,Overnight,0.0,False,-36.27,-36.27,-218.34,False,0.0,False
2025-03-13,2025-03-14,0,Overnight,0.0,False,179.92,179.92,27.32,False,0.0,False
2025-03-14,2025-03-17,2,Weekend,48.0,False,41.34,41.34,-153.61,False,0.0,False
2025-03-17,2025-03-18,0,Overnight,0.0,False,-165.87,-165.87,15.57,False,0.0,False
2025-03-18,2025-03-19,0,Overnight,0.0,False,29.0,29.0,111.08,False,0.0,False
2025-03-19,2025-03-20,0,Overnight,0.0,False,-127.12,-127.12,96.9,False,0.0,False
2025-03-20,2025-03-21,0,Overnight,0.0,False,-105.71,-105.71,170.14,False,0.0,False
2025-03-21,2025-03-24,2,Weekend,48.0,False,191.32,191.32,161.69,False,0.0,False
2025-03-24,2025-03-25,0,Overnight,0.0,False,16.71,16.71,103.1,False,0.0,False
2025-03-25,2025-03-26,0,Overnight,0.0,False,6.32,6.32,-231.48,False,0.0,False
2025-03-26,2025-03-27,0,Overnight,0.0,False,-11.94,-11.94,23.37,False,0.0,False
2025-03-27,2025-03-28,0,Overnight,0.0,False,-147.08,-147.08,-291.48,False,0.0,False
2025-03-28,2025-03-31,2,Weekend,48.0,False,-237.86,-237.86,109.39,False,0.0,False
2025-03-31,2025-04-01,0,Overnight,0.0,False,-126.95,-126.95,226.83,False,0.0,False
2025-04-01,2025-04-02,0,Overnight,0.0,False,-237.49,-237.49,435.34,False,0.0,False
2025-04-02,2025-04-03,0,Overnight,0.0,False,-686.79,-686.79,-254.02,False,0.0,False
2025-04-03,2025-04-04,0,Overnight,0.0,False,-651.93,-651.93,227.72,False,0.0,False
2025-04-04,2025-04-07,2,Weekend,48.0,False,-540.67,-540.67,786.74,False,0.0,False
2025-04-07,2025-04-08,0,Overnight,0.0,False,553.28,553.28,-819.25,False,0.0,False
2025-04-08,2025-04-09,0,Overnight,0.0,False,85.19,85.19,1046.05,False,0.0,False
2025-04-09,2025-04-10,0,Overnight,0.0,False,-300.65,-300.65,-230.2,False,0.0,False
2025-04-10,2025-04-11,0,Overnight,0.0,False,-71.44,-71.44,270.85,False,0.0,False
2025-04-11,2025-04-14,2,Weekend,48.0,False,106.0,106.0,-255.87,False,0.0,False
2025-04-14,2025-04-15,0,Overnight,0.0,False,-39.06,-39.06,-100.83,False,0.0,False
2025-04-15,2025-04-16,0,Overnight,0.0,False,-185.46,-185.46,-111.8,False,0.0,False
2025-04-16,2025-04-17,0,Overnight,0.0,False,95.34,95.34,-194.49,False,0.0,False
2025-04-17,2025-04-21,3,Long,72.0,False,-175.92,-175.92,-135.35,False,0.0,False
2025-04-21,2025-04-22,0,Overnight,0.0,False,150.08,150.08,194.16,False,0.0,False
2025-04-22,2025-04-23,0,Overnight,0.0,False,576.11,576.11,-156.57,False,0.0,False
2025-04-23,2025-04-24,0,Overnight,0.0,False,17.7,17.7,305.91,False,0.0,False
2025-04-24,2025-04-25,0,Overnight,0.0,False,57.73,57.73,72.76,False,0.0,False
2025-04-25,2025-04-28,2,Weekend,48.0,False,59.09,59.09,-127.58,False,0.0,False
2025-04-28,2025-04-29,0,Overnight,0.0,False,-199.63,-199.63,183.11,False,0.0,False
2025-04-29,2025-04-30,0,Overnight,0.0,False,-282.52,-282.52,122.75,False,0.0,False
2025-04-30,2025-05-01,0,Overnight,0.0,False,331.19,331.19,-22.58,False,0.0,False
2025-05-01,2025-05-02,0,Overnight,0.0,False,64.98,64.98,-76.56,False,0.0,False
2025-05-02,2025-05-05,2,Weekend,48.0,False,-184.34,-184.34,-8.58,False,0.0,False
2025-05-05,2025-05-06,0,Overnight,0.0,False,-95.98,-95.98,23.81,False,0.0,False
2025-05-06,2025-05-07,0,Overnight,0.0,False,29.68,29.68,168.33,False,0.0,False
2025-05-07,2025-05-08,0,Overnight,0.0,False,143.11,143.11,33.9,False,0.0,False
2025-05-08,2025-05-09,0,Overnight,0.0,False,67.45,67.45,-16.56,False,0.0,False
2025-05-09,2025-05-12,2,Weekend,48.0,False,874.82,874.82,-98.73,False,0.0,False
2025-05-12,2025-05-13,0,Overnight,0.0,False,116.27,116.27,13.73,False,0.0,False
2025-05-13,2025-05-14,0,Overnight,0.0,False,3.78,3.78,-56.91,False,0.0,False
2025-05-14,2025-05-15,0,Overnight,0.0,False,-182.39,-182.39,-62.19,False,0.0,False
2025-05-15,2025-05-16,0,Overnight,0.0,False,81.55,81.55,-61.1,False,0.0,False
2025-05-16,2025-05-19,2,Weekend,48.0,False,-193.5,-193.5,221.19,False,0.0,False
2025-05-19,2025-05-20,0,Overnight,0.0,False,-74.49,-74.49,-27.4,False,0.0,False
2025-05-20,2025-05-21,0,Overnight,0.0,False,-121.28,-121.28,-24.33,False,0.0,False
2025-05-21,2025-05-22,0,Overnight,0.0,False,12.92,12.92,85.05,False,0.0,False
2025-05-22,2025-05-23,0,Overnight,0.0,False,-208.96,-208.96,104.53,False,0.0,False
2025-05-23,2025-05-27,3,Long,72.0,False,103.94,103.94,143.24,False,0.0,False
2025-05-27,2025-05-28,0,Overnight,0.0,False,-4.86,-4.86,-58.45,False,0.0,False
2025-05-28,2025-05-29,0,Overnight,0.0,False,160.39,160.39,-112.64,False,0.0,False
2025-05-29,2025-05-30,0,Overnight,0.0,False,-41.9,-41.9,8.3,False,0.0,False
2025-05-30,2025-06-02,2,Weekend,48.0,False,-1.46,-1.46,81.14,False,0.0,False
2025-06-02,2025-06-03,0,Overnight,0.0,False,22.24,22.24,-67.83,False,0.0,False
2025-06-03,2025-06-04,0,Overnight,0.0,False,40.75,40.75,32.87,False,0.0,False
2025-06-04,2025-06-05,0,Overnight,0.0,False,111.33,111.33,-78.57,False,0.0,False
2025-06-05,2025-06-06,0,Overnight,0.0,False,213.66,213.66,54.93,False,0.0,False
2025-06-06,2025-06-09,2,Weekend,48.0,False,55.1,55.1,103.31,False,0.0,False
2025-06-09,2025-06-10,0,Overnight,0.0,False,-9.22,-9.22,38.21,False,0.0,False
2025-06-10,2025-06-11,0,Overnight,0.0,False,-9.19,-9.19,-195.54,False,0.0,False
2025-06-11,2025-06-12,0,Overnight,0.0,False,-66.83,-66.83,68.7,False,0.0,False
2025-06-12,2025-06-13,0,Overnight,0.0,False,-155.01,-155.01,101.41,False,0.0,False
2025-06-13,2025-06-16,2,Weekend,48.0,False,9.9,9.9,176.94,False,0.0,False
2025-06-16,2025-06-17,0,Overnight,0.0,False,-41.73,-41.73,-17.67,False,0.0,False
2025-06-17,2025-06-18,0,Overnight,0.0,False,12.56,12.56,-120.2,False,0.0,False
2025-06-18,2025-06-20,1,Short,24.0,False,101.12,101.12,-235.18,False,0.0,False
2025-06-20,2025-06-23,2,Weekend,48.0,False,4.77,4.77,-63.12,False,0.0,False
2025-06-23,2025-06-24,0,Overnight,0.0,False,174.51,174.51,29.65,False,0.0,False
2025-06-24,2025-06-25,0,Overnight,0.0,False,86.57,86.57,-123.3,False,0.0,False
2025-06-25,2025-06-26,0,Overnight,0.0,False,53.16,53.16,185.95,False,0.0,False
2025-06-26,2025-06-27,0,Overnight,0.0,False,128.14,128.14,152.52,False,0.0,False
2025-06-27,2025-06-30,2,Weekend,48.0,False,9.85,9.85,-186.5,False,0.0,False
2025-06-30,2025-07-01,0,Overnight,0.0,False,5.01,5.01,43.64,False,0.0,False
2025-07-01,2025-07-02,0,Overnight,0.0,False,-33.17,-33.17,8.64,False,0.0,False
2025-07-02,2025-07-03,0,Overnight,0.0,False,86.02,86.02,71.42,False,0.0,False
2025-07-03,2025-07-07,3,Long,72.0,True,-18.37,-18.37,21.05,False,0.0,False
2025-07-07,2025-07-08,0,Overnight,0.0,False,20.12,20.12,-205.75,False,0.0,False
2025-07-08,2025-07-09,0,Overnight,0.0,False,77.65,77.65,66.27,False,0.0,False
2025-07-09,2025-07-10,0,Overnight,0.0,False,-44.59,-44.59,32.0,False,0.0,False
2025-07-10,2025-07-11,0,Overnight,0.0,False,59.21,59.21,64.2,False,0.0,False
2025-07-11,2025-07-14,2,Weekend,48.0,False,2.22,2.22,27.51,False,0.0,False
2025-07-14,2025-07-15,0,Overnight,0.0,False,22.57,22.57,6.63,False,0.0,False
2025-07-15,2025-07-16,0,Overnight,0.0,False,-20.79,-20.79,-119.8,False,0.0,False
2025-07-16,2025-07-17,0,Overnight,0.0,False,5.82,5.82,25.04,False,0.0,False
2025-07-17,2025-07-18,0,Overnight,0.0,False,56.12,56.12,43.88,False,0.0,False
2025-07-18,2025-07-21,2,Weekend,48.0,False,-12.83,-12.83,152.04,False,0.0,False
2025-07-21,2025-07-22,0,Overnight,0.0,False,16.56,16.56,-96.69,False,0.0,False
2025-07-22,2025-07-23,0,Overnight,0.0,False,43.87,43.87,-7.88,False,0.0,False
2025-07-23,2025-07-24,0,Overnight,0.0,False,38.47,38.47,132.64,False,0.0,False
2025-07-24,2025-07-25,0,Overnight,0.0,False,-0.43,-0.43,-33.65,False,0.0,False
2025-07-25,2025-07-28,2,Weekend,48.0,False,82.19,82.19,-24.03,False,0.0,False
2025-07-28,2025-07-29,0,Overnight,0.0,False,58.25,58.25,-135.01,False,0.0,False
2025-07-29,2025-07-30,0,Overnight,0.0,False,27.23,27.23,-62.79,False,0.0,False
2025-07-30,2025-07-31,0,Overnight,0.0,False,239.52,239.52,-70.66,False,0.0,False
2025-07-31,2025-08-01,0,Overnight,0.0,False,-749.26,-749.26,-113.9,False,0.0,False
2025-08-01,2025-08-04,2,Weekend,48.0,False,122.64,122.64,-268.05,False,0.0,False
2025-08-04,2025-08-05,0,Overnight,0.0,False,65.93,65.93,32.8,False,0.0,False
2025-08-05,2025-08-06,0,Overnight,0.0,False,44.35,44.35,348.31,False,0.0,False
2025-08-06,2025-08-07,0,Overnight,0.0,False,-59.1,-59.1,95.92,False,0.0,False
2025-08-07,2025-08-08,0,Overnight,0.0,False,0.45,0.45,-20.19,False,0.0,False
2025-08-08,2025-08-11,2,Weekend,48.0,False,-40.95,-40.95,-21.67,False,0.0,False
2025-08-11,2025-08-12,0,Overnight,0.0,False,41.94,41.94,-34.26,False,0.0,False
2025-08-12,2025-08-13,0,Overnight,0.0,False,23.9,23.9,114.66,False,0.0,False
2025-08-13,2025-08-14,0,Overnight,0.0,False,125.68,125.68,156.21,False,0.0,False
2025-08-14,2025-08-15,0,Overnight,0.0,False,69.03,69.03,-66.87,False,0.0,False
2025-08-15,2025-08-18,2,Weekend,48.0,False,-34.69,-34.69,54.58,False,0.0,False
2025-08-18,2025-08-19,0,Overnight,0.0,False,-60.66,-60.66,-90.81,False,0.0,False
2025-08-19,2025-08-20,0,Overnight,0.0,False,-39.11,-39.11,-146.81,False,0.0,False
2025-08-20,2025-08-21,0,Overnight,0.0,False,-51.96,-51.96,-31.49,False,0.0,False
2025-08-21,2025-08-22,0,Overnight,0.0,False,37.77,37.77,267.93,False,0.0,False
2025-08-22,2025-08-25,2,Weekend,48.0,False,-65.32,-65.32,25.92,False,0.0,False
2025-08-25,2025-08-26,0,Overnight,0.0,False,-36.48,-36.48,70.2,False,0.0,False
2025-08-26,2025-08-27,0,Overnight,0.0,False,-6.12,-6.12,24.03,False,0.0,False
2025-08-27,2025-08-28,0,Overnight,0.0,False,-4.8,-4.8,112.46,False,0.0,False
2025-08-28,2025-08-29,0,Overnight,0.0,False,-12.1,-12.1,-100.8,False,0.0,False
2025-08-29,2025-09-02,3,Long,72.0,False,-242.21,-242.21,81.09,False,0.0,False
2025-09-02,2025-09-03,0,Overnight,0.0,False,-5.77,-5.77,34.57,False,0.0,False
2025-09-03,2025-09-04,0,Overnight,0.0,False,227.49,227.49,192.35,False,0.0,False
2025-09-04,2025-09-05,0,Overnight,0.0,False,-20.81,-20.81,-122.35,False,0.0,False
2025-09-05,2025-09-08,2,Weekend,48.0,False,111.71,111.71,38.23,False,0.0,False
2025-09-08,2025-09-09,0,Overnight,0.0,False,22.02,22.02,79.23,False,0.0,False
2025-09-09,2025-09-10,0,Overnight,0.0,False,-30.27,-30.27,-307.39,False,0.0,False
2025-09-10,2025-09-11,0,Overnight,0.0,False,50.24,50.24,-66.75,False,0.0,False
2025-09-11,2025-09-12,0,Overnight,0.0,False,17.38,17.38,-95.97,False,0.0,False
2025-09-12,2025-09-15,2,Weekend,48.0,False,108.11,108.11,34.63,False,0.0,False
2025-09-15,2025-09-16,0,Overnight,0.0,False,65.03,65.03,47.54,False,0.0,False
2025-09-16,2025-09-17,0,Overnight,0.0,False,-11.97,-11.97,-92.4,False,0.0,False
2025-09-17,2025-09-18,0,Overnight,0.0,False,37.92,37.92,-54.77,False,0.0,False
2025-09-18,2025-09-19,0,Overnight,0.0,False,49.18,49.18,-38.37,False,0.0,False
2025-09-19,2025-09-22,2,Weekend,48.0,False,-39.82,-39.82,-127.9,False,0.0,False
2025-09-22,2025-09-23,0,Overnight,0.0,False,8.78,8.78,-317.5,False,0.0,False
2025-09-23,2025-09-24,0,Overnight,0.0,False,154.66,154.66,-177.34,False,0.0,False
2025-09-24,2025-09-25,0,Overnight,0.0,False,-6.81,-6.81,-87.17,False,0.0,False
2025-09-25,2025-09-26,0,Overnight,0.0,False,42.54,42.54,31.9,False,0.0,False
2025-09-26,2025-09-29,2,Weekend,48.0,False,13.64,13.64,94.52,False,0.0,False
2025-09-29,2025-09-30,0,Overnight,0.0,False,-6.3,-6.3,-111.41,False,0.0,False
2025-09-30,2025-10-01,0,Overnight,0.0,False,-101.16,-101.16,149.32,False,0.0,False
2025-10-01,2025-10-02,0,Overnight,0.0,False,17.21,17.21,63.15,False,0.0,False
2025-10-02,2025-10-03,0,Overnight,0.0,False,46.2,46.2,-177.45,False,0.0,False
2025-10-03,2025-10-06,2,Weekend,48.0,False,67.65,67.65,-4.53,False,0.0,False
2025-10-06,2025-10-07,0,Overnight,0.0,False,-0.9,-0.9,40.66,False,0.0,False
2025-10-07,2025-10-08,0,Overnight,0.0,False,51.27,51.27,102.65,False,0.0,False
2025-10-08,2025-10-09,0,Overnight,0.0,False,-9.77,-9.77,121.04,False,0.0,False
2025-10-09,2025-10-10,0,Overnight,0.0,False,-67.41,-67.41,-444.74,False,0.0,False
2025-10-10,2025-10-13,2,Weekend,48.0,False,61.28,61.28,108.28,False,0.0,False
2025-10-13,2025-10-14,0,Overnight,0.0,False,-207.06,-207.06,38.43,False,0.0,False
2025-10-14,2025-10-15,0,Overnight,0.0,False,10.62,10.62,-48.59,False,0.0,False
2025-10-15,2025-10-16,0,Overnight,0.0,False,4.64,4.64,-55.8,False,0.0,False
2025-10-16,2025-10-17,0,Overnight,0.0,False,4.2,4.2,-71.1,False,0.0,False
2025-10-17,2025-10-20,2,Weekend,48.0,False,39.35,39.35,120.83,False,0.0,False
2025-10-20,2025-10-21,0,Overnight,0.0,False,89.67,89.67,163.47,False,0.0,False
2025-10-21,2025-10-22,0,Overnight,0.0,False,-123.72,-123.72,-61.75,False,0.0,False
2025-10-22,2025-10-23,0,Overnight,0.0,False,48.06,48.06,94.98,False,0.0,False
2025-10-23,2025-10-24,0,Overnight,0.0,False,39.72,39.72,100.41,False,0.0,False
2025-10-24,2025-10-27,2,Weekend,48.0,False,152.7,152.7,-30.35,False,0.0,False
2025-10-27,2025-10-28,0,Overnight,0.0,False,54.92,54.92,45.03,False,0.0,False
2025-10-28,2025-10-29,0,Overnight,0.0,False,105.01,105.01,-59.31,False,0.0,False
2025-10-29,2025-10-30,0,Overnight,0.0,False,-141.69,-141.69,-186.71,False,0.0,False
2025-10-30,2025-10-31,0,Overnight,0.0,False,1153.17,1153.17,-237.91,False,0.0,False
2025-10-31,2025-11-03,2,Weekend,49.0,False,446.05,446.05,-53.4,False,0.0,False
2025-11-03,2025-11-04,0,Overnight,0.0,False,-143.54,-143.54,-42.43,False,0.0,False
2025-11-04,2025-11-05,0,Overnight,0.0,False,-11.64,-11.64,46.87,False,0.0,False
2025-11-05,2025-11-06,0,Overnight,0.0,False,-41.65,-41.65,-248.69,False,0.0,False
2025-11-06,2025-11-07,0,Overnight,0.0,False,-5.76,-5.76,61.97,False,0.0,False
2025-11-07,2025-11-10,2,Weekend,48.0,False,159.52,159.52,2.42,False,0.0,False
2025-11-10,2025-11-11,0,Overnight,0.0,False,0.4,0.4,27.74,False,0.0,False
2025-11-11,2025-11-12,0,Overnight,0.0,False,45.66,45.66,-244.33,False,0.0,False
2025-11-12,2025-11-13,0,Overnight,0.0,False,-47.2,-47.2,-227.63,False,0.0,False
2025-11-13,2025-11-14,0,Overnight,0.0,False,-106.64,-106.64,-15.75,False,0.0,False
2025-11-14,2025-11-17,2,Weekend,48.0,False,-61.55,-61.55,-16.31,False,0.0,False
2025-11-17,2025-11-18,0,Overnight,0.0,False,-206.96,-206.96,-246.32,False,0.0,False
2025-11-18,2025-11-19,0,Overnight,0.0,False,53.33,53.33,-47.04,False,0.0,False
2025-11-19,2025-11-20,0,Overnight,0.0,False,193.9,193.9,-446.28,False,0.0,False
2025-11-20,2025-11-21,0,Overnight,0.0,False,-36.45,-36.45,198.62,False,0.0,False
2025-11-21,2025-11-24,2,Weekend,48.0,False,84.38,84.38,165.76,False,0.0,False
2025-11-24,2025-11-25,0,Overnight,0.0,False,4.42,4.42,144.28,False,0.0,False
2025-11-25,2025-11-26,0,Overnight,0.0,False,46.48,46.48,-68.71,False,0.0,False
2025-11-26,2025-11-28,1,Short,24.0,False,90.36,90.36,85.26,False,0.0,False
2025-11-28,2025-12-01,2,Weekend,48.0,True,0.0,0.0,28.26,False,0.0,False
2025-12-01,2025-12-02,0,Overnight,0.0,False,48.2,48.2,-25.14,False,0.0,False
2025-12-02,2025-12-03,0,Overnight,0.0,False,-45.75,-45.75,-41.66,False,0.0,False
2025-12-03,2025-12-04,0,Overnight,0.0,False,16.77,16.77,-158.49,False,0.0,False
2025-12-04,2025-12-05,0,Overnight,0.0,False,52.67,52.67,-34.36,False,0.0,False
2025-12-05,2025-12-08,2,Weekend,48.0,False,2.61,2.61,-118.3,False,0.0,False
2025-12-08,2025-12-09,0,Overnight,0.0,False,-2.2,-2.2,47.5,False,0.0,False
2025-12-09,2025-12-10,0,Overnight,0.0,False,38.97,38.97,128.97,False,0.0,False
2025-12-10,2025-12-11,0,Overnight,0.0,False,-46.27,-46.27,-18.66,False,0.0,False
2025-12-11,2025-12-12,0,Overnight,0.0,False,-17.82,-17.82,-161.39,False,0.0,False
2025-12-12,2025-12-15,2,Weekend,48.0,False,76.63,76.63,-239.32,False,0.0,False
2025-12-15,2025-12-16,0,Overnight,0.0,False,22.44,22.44,-21.54,False,0.0,False
2025-12-16,2025-12-17,0,Overnight,0.0,False,93.91,93.91,-152.04,False,0.0,False
2025-12-17,2025-12-18,0,Overnight,0.0,False,198.67,198.67,46.41,False,0.0,False
2025-12-18,2025-12-19,0,Overnight,0.0,False,0.0,0.0,25.99,False,0.0,False
2025-12-19,2025-12-22,2,Weekend,48.0,False,55.27,55.27,-7.88,False,0.0,False
2025-12-22,2025-12-23,0,Overnight,0.0,False,27.54,27.54,133.57,False,0.0,False
2025-12-23,2025-12-24,0,Overnight,0.0,False,-0.43,-0.43,10.76,False,0.0,False
2025-12-24,2025-12-26,1,Short,24.0,True,-14.64,-14.64,20.67,False,0.0,False
2025-12-26,2025-12-29,2,Weekend,48.0,False,-24.98,-24.98,5.6,False,0.0,False
2025-12-29,2025-12-30,0,Overnight,0.0,False,-37.13,-37.13,56.93,False,0.0,False
2025-12-30,2025-12-31,0,Overnight,0.0,False,16.33,16.33,-90.14,False,0.0,False
2025-12-31,2026-01-02,1,Short,24.0,False,22.5,22.5,-211.44,False,0.0,False
2026-01-02,2026-01-05,2,Weekend,48.0,False,102.78,102.78,182.73,False,0.0,False
2026-01-05,2026-01-06,0,Overnight,0.0,False,-41.28,-41.28,373.38,False,0.0,False
2026-01-06,2026-01-07,0,Overnight,0.0,False,-54.94,-54.94,81.05,False,0.0,False
2026-01-07,2026-01-08,0,Overnight,0.0,False,61.9,61.9,132.01,False,0.0,False
2026-01-08,2026-01-09,0,Overnight,0.0,False,-70.08,-70.08,114.24,False,0.0,False
2026-01-09,2026-01-12,2,Weekend,48.0,False,-26.31,-26.31,-10.54,False,0.0,False
2026-01-12,2026-01-13,0,Overnight,0.0,False,2.43,2.43,-160.7,False,0.0,False
2026-01-13,2026-01-14,0,Overnight,0.0,False,-59.95,-59.95,-188.37,False,0.0,False
2026-01-14,2026-01-15,0,Overnight,0.0,False,111.78,111.78,-47.33,False,0.0,False
2026-01-15,2026-01-16,0,Overnight,0.0,False,38.13,38.13,1.25,False,0.0,False
2026-01-16,2026-01-20,3,Long,72.0,False,-226.71,-226.71,-118.77,False,0.0,False
2026-01-20,2026-01-21,0,Overnight,0.0,False,3.9,3.9,9.52,False,0.0,False
2026-01-21,2026-01-22,0,Overnight,0.0,False,117.76,117.76,12.38,False,0.0,False
2026-01-22,2026-01-23,0,Overnight,0.0,False,26.42,26.42,177.17,False,0.0,False
2026-01-23,2026-01-26,2,Weekend,48.0,False,34.23,34.23,-65.22,False,0.0,False
2026-01-26,2026-01-27,0,Overnight,0.0,False,53.13,53.13,206.05,False,0.0,False
2026-01-27,2026-01-28,0,Overnight,0.0,False,68.83,68.83,-137.32,False,0.0,False
2026-01-28,2026-01-29,0,Overnight,0.0,False,-7.82,-7.82,-44.99,False,0.0,False
2026-01-29,2026-01-30,0,Overnight,0.0,False,-76.41,-76.41,-24.62,False,0.0,False
2026-01-30,2026-02-02,2,Weekend,48.0,False,-41.46,-41.46,193.25,False,0.0,False
2026-02-02,2026-02-03,0,Overnight,0.0,False,82.8,82.8,-263.04,False,0.0,False
2026-02-03,2026-02-04,0,Overnight,0.0,False,10.05,10.05,-248.82,False,0.0,False
2026-02-04,2026-02-05,0,Overnight,0.0,False,-352.95,-352.95,-99.2,False,0.0,False
2026-02-05,2026-02-06,0,Overnight,0.0,False,-940.54,-940.54,369.03,False,0.0,False
2026-02-06,2026-02-09,2,Weekend,48.0,False,-64.4,-64.4,-11.97,False,0.0,False
2026-02-09,2026-02-10,0,Overnight,0.0,False,3.83,3.83,-88.51,False,0.0,False
2026-02-10,2026-02-11,0,Overnight,0.0,False,53.01,53.01,-193.14,False,0.0,False
2026-02-11,2026-02-12,0,Overnight,0.0,False,-5.88,-5.88,-216.09,False,0.0,False
2026-02-12,2026-02-13,0,Overnight,0.0,False,-36.14,-36.14,-4.53,False,0.0,False
2026-02-13,2026-02-17,3,Long,72.0,False,-33.26,-33.26,151.27,False,0.0,False
2026-02-17,2026-02-18,0,Overnight,0.0,False,45.63,45.63,133.71,False,0.0,False
2026-02-18,2026-02-19,0,Overnight,0.0,False,-48.46,-48.46,51.88,False,0.0,False
2026-02-19,2026-02-20,0,Overnight,0.0,False,-4.88,-4.88,257.93,False,0.0,False
2026-02-20,2026-02-23,2,Weekend,48.0,False,-96.12,-96.12,-136.93,False,0.0,False
2026-02-23,2026-02-24,0,Overnight,0.0,False,9.74,9.74,149.27,False,0.0,False
2026-02-24,2026-02-25,0,Overnight,0.0,False,90.69,90.69,8.55,False,0.0,False
2026-02-25,2026-02-26,0,Overnight,0.0,False,4.27,4.27,-134.24,False,0.0,False
2026-02-26,2026-02-27,0,Overnight,0.0,False,-52.56,-52.56,152.1,False,0.0,False
2026-02-27,2026-03-02,2,Weekend,48.0,False,-262.95,-262.95,185.99,False,0.0,False
2026-03-02,2026-03-03,0,Overnight,0.0,False,-257.13,-257.13,273.43,False,0.0,False
2026-03-03,2026-03-04,0,Overnight,0.0,False,83.02,83.02,297.24,False,0.0,False
2026-03-04,2026-03-05,0,Overnight,0.0,False,-38.82,-38.82,136.12,False,0.0,False
2026-03-05,2026-03-06,0,Overnight,0.0,False,-182.06,-182.06,-83.14,False,0.0,False
2026-03-06,2026-03-09,2,Weekend,47.0,False,-130.3,-130.3,143.42,False,0.0,False
2026-03-09,2026-03-10,0,Overnight,0.0,False,32.73,32.73,6.53,False,0.0,False
2026-03-10,2026-03-11,0,Overnight,0.0,False,64.18,64.18,-142.87,False,0.0,False
2026-03-11,2026-03-12,0,Overnight,0.0,False,-106.85,-106.85,-40.96,False,0.0,False
2026-03-12,2026-03-13,0,Overnight,0.0,False,3.82,3.82,-92.98,False,0.0,False
2026-03-13,2026-03-16,2,Weekend,48.0,False,32.69,32.69,161.4,False,0.0,False
2026-03-16,2026-03-17,0,Overnight,0.0,False,50.88,50.88,111.21,False,0.0,False
2026-03-17,2026-03-18,0,Overnight,0.0,False,-59.19,-59.19,-191.61,False,0.0,False
2026-03-18,2026-03-19,0,Overnight,0.0,False,-134.8,-134.8,81.77,False,0.0,False
2026-03-19,2026-03-20,0,Overnight,0.0,False,-65.36,-65.36,-98.36,False,0.0,False
2026-03-20,2026-03-23,2,Weekend,48.0,False,212.94,212.94,16.67,False,0.0,False
2026-03-23,2026-03-24,0,Overnight,0.0,False,-104.76,-104.76,-34.2,False,0.0,False
2026-03-24,2026-03-25,0,Overnight,0.0,False,206.31,206.31,7.09,False,0.0,False
2026-03-25,2026-03-26,0,Overnight,0.0,False,-52.09,-52.09,-146.84,False,0.0,False
2026-03-26,2026-03-27,0,Overnight,0.0,False,-52.17,-52.17,-350.95,False,0.0,False
2026-03-27,2026-03-30,2,Weekend,48.0,False,106.78,106.78,-26.34,False,0.0,False
2026-03-30,2026-03-31,0,Overnight,0.0,False,192.22,192.22,165.57,False,0.0,False
2026-03-31,2026-04-01,0,Overnight,0.0,False,103.65,103.65,6.18,False,0.0,False
2026-04-01,2026-04-02,0,Overnight,0.0,False,-193.24,-193.24,155.18,False,0.0,False
2026-04-02,2026-04-06,3,Long,72.0,False,1.43,1.43,141.51,False,0.0,False
2026-04-06,2026-04-07,0,Overnight,0.0,False,-73.11,-73.11,119.06,False,0.0,False
2026-04-07,2026-04-08,0,Overnight,0.0,False,458.07,458.07,-114.15,False,0.0,False
2026-04-08,2026-04-09,0,Overnight,0.0,False,178.29,178.29,367.02,False,0.0,False
2026-04-09,2026-04-10,0,Overnight,0.0,False,70.37,70.37,130.05,False,0.0,False
2026-04-10,2026-04-13,2,Weekend,48.0,False,-39.09,-39.09,102.23,False,0.0,False
2026-04-13,2026-04-14,0,Overnight,0.0,False,78.48,78.48,295.05,False,0.0,False
2026-04-14,2026-04-15,0,Overnight,0.0,False,9.23,9.23,-30.14,False,0.0,False
2026-04-15,2026-04-16,0,Overnight,0.0,False,0.4,0.4,47.77,False,0.0,False
2026-04-16,2026-04-17,0,Overnight,0.0,False,209.64,209.64,-175.26,False,0.0,False
2026-04-17,2026-04-20,2,Weekend,48.0,False,-54.83,-54.83,-36.59,False,0.0,False
2026-04-20,2026-04-21,0,Overnight,0.0,False,270.59,270.59,-205.16,False,0.0,False
2026-04-21,2026-04-22,0,Overnight,0.0,False,100.73,100.73,115.01,False,0.0,False
2026-04-22,2026-04-23,0,Overnight,0.0,False,1.17,1.17,-12.15,False,0.0,False
2026-04-23,2026-04-24,0,Overnight,0.0,False,190.28,190.28,153.06,False,0.0,False
2026-04-24,2026-04-27,2,Weekend,48.0,False,-20.1,-20.1,-89.21,False,0.0,False
2026-04-27,2026-04-28,0,Overnight,0.0,False,-105.1,-105.1,50.57,False,0.0,False
2026-04-28,2026-04-29,0,Overnight,0.0,False,-66.06,-66.06,193.85,False,0.0,False
2026-04-29,2026-04-30,0,Overnight,0.0,False,377.88,377.88,-301.38,False,0.0,False
2026-04-30,2026-05-01,0,Overnight,0.0,False,19.6,19.6,100.41,False,0.0,False
2026-05-01,2026-05-04,2,Weekend,48.0,False,20.11,20.11,120.18,False,0.0,False
2026-05-04,2026-05-05,0,Overnight,0.0,False,147.05,147.05,-92.06,False,0.0,False
2026-05-05,2026-05-06,0,Overnight,0.0,False,-24.16,-24.16,76.66,False,0.0,False
2026-05-06,2026-05-07,0,Overnight,0.0,False,1.09,1.09,-140.98,False,0.0,False
2026-05-07,2026-05-08,0,Overnight,0.0,False,16.95,16.95,38.58,False,0.0,False
2026-05-08,2026-05-11,2,Weekend,48.0,False,-104.7,-104.7,-31.55,False,0.0,False
2026-05-11,2026-05-12,0,Overnight,0.0,False,-85.12,-85.12,-33.42,False,0.0,False
2026-05-12,2026-05-13,0,Overnight,0.0,False,-52.43,-52.43,213.27,False,0.0,False
2026-05-13,2026-05-14,0,Overnight,0.0,False,-36.35,-36.35,-71.97,False,0.0,False
2026-05-14,2026-05-15,0,Overnight,0.0,False,-178.21,-178.21,62.28,False,0.0,False
2026-05-15,2026-05-18,2,Weekend,48.0,False,-10.23,-10.23,37.45,False,0.0,False
2026-05-18,2026-05-19,0,Overnight,0.0,False,-107.04,-107.04,-103.57,False,0.0,False
2026-05-19,2026-05-20,0,Overnight,0.0,False,27.34,27.34,188.94,False,0.0,False
2026-05-20,2026-05-21,0,Overnight,0.0,False,-57.14,-57.14,186.49,False,0.0,False
2026-05-21,2026-05-22,0,Overnight,0.0,False,7.45,7.45,-87.48,False,0.0,False
2026-05-22,2026-05-26,3,Long,72.0,False,60.64,60.64,-99.39,False,0.0,False
2026-05-26,2026-05-27,0,Overnight,0.0,False,32.36,32.36,211.9,False,0.0,False
2026-05-27,2026-05-28,0,Overnight,0.0,False,15.44,15.44,63.34,False,0.0,False
2026-05-28,2026-05-29,0,Overnight,0.0,False,-99.4,-99.4,-23.99,False,0.0,False
2026-05-29,2026-06-01,2,Weekend,48.0,False,-162.04,-162.04,-190.7,False,0.0,False
2026-06-01,2026-06-02,0,Overnight,0.0,False,-158.18,-158.18,-24.92,False,0.0,False
2026-06-02,2026-06-03,0,Overnight,0.0,False,-71.2,-71.2,-185.45,False,0.0,False
2026-06-03,2026-06-04,0,Overnight,0.0,False,123.23,123.23,26.43,False,0.0,False
2026-06-04,2026-06-05,0,Overnight,0.0,False,18.5,18.5,-329.04,False,0.0,False
2026-06-05,2026-06-08,2,Weekend,48.0,False,26.38,26.38,-59.36,False,0.0,False
2026-06-08,2026-06-09,0,Overnight,0.0,False,101.84,101.84,-143.93,False,0.0,False
2026-06-09,2026-06-10,0,Overnight,0.0,False,-23.78,-23.78,-232.98,False,0.0,False
2026-06-10,2026-06-11,0,Overnight,0.0,False,-2.94,-2.94,149.34,False,0.0,False
2026-06-11,2026-06-12,0,Overnight,0.0,False,70.14,70.14,-193.46,False,0.0,False
2026-06-12,2026-06-15,2,Weekend,48.0,False,267.61,267.61,40.73,False,0.0,False
2026-06-15,2026-06-16,0,Overnight,0.0,False,80.16,80.16,-80.97,False,0.0,False
2026-06-16,2026-06-17,0,Overnight,0.0,False,-44.82,-44.82,-306.82,False,0.0,False
2026-06-17,2026-06-18,0,Overnight,0.0,False,109.71,109.71,176.27,False,0.0,False
2026-06-18,2026-06-22,3,Long,72.0,False,-177.93,-177.93,-308.35,False,0.0,False
2026-06-22,2026-06-23,0,Overnight,0.0,False,-10.31,-10.31,66.86,False,0.0,False
2026-06-23,2026-06-24,0,Overnight,0.0,False,-11.11,-11.11,17.94,False,0.0,False
2026-06-24,2026-06-25,0,Overnight,0.0,False,-96.51,-96.51,-218.3,False,0.0,False
2026-06-25,2026-06-26,0,Overnight,0.0,False,8.81,8.81,238.32,False,0.0,False
2026-06-26,2026-06-29,2,Weekend,48.0,False,65.54,65.54,249.61,False,0.0,False
2026-06-29,2026-06-30,0,Overnight,0.0,False,-116.86,-116.86,41.62,False,0.0,False
2026-06-30,2026-07-01,0,Overnight,0.0,False,58.99,58.99,81.01,False,0.0,False
2026-07-01,2026-07-02,0,Overnight,0.0,False,-3.72,-3.72,43.78,False,0.0,False
2026-07-02,2026-07-06,3,Long,72.0,False,46.46,46.46,14.76,False,0.0,False
2026-07-06,2026-07-07,0,Overnight,0.0,False,114.84,114.84,-40.57,False,0.0,False
2026-07-07,2026-07-08,0,Overnight,0.0,False,-69.76,-69.76,-26.65,False,0.0,False
2026-07-08,2026-07-09,0,Overnight,0.0,False,-157.21,-157.21,296.62,False,0.0,False
2026-07-09,2026-07-10,0,Overnight,0.0,False,101.09,101.09,-170.14,False,0.0,False
2026-07-10,2026-07-13,2,Weekend,48.0,False,-26.94,-26.94,106.91,False,0.0,False
2026-07-13,2026-07-14,0,Overnight,0.0,False,-71.42,-71.42,78.7,False,0.0,False
2026-07-14,2026-07-15,0,Overnight,0.0,False,90.9,90.9,206.46,False,0.0,False
2026-07-15,2026-07-16,0,Overnight,0.0,False,6.27,6.27,-207.13,False,0.0,False
2026-07-16,2026-07-17,0,Overnight,0.0,False,-219.69,-219.69,112.67,False,0.0,False
2026-07-17,2026-07-20,2,Weekend,48.0,False,61.69,61.69,49.32,False,0.0,False
2026-07-20,2026-07-21,0,Overnight,0.0,False,-35.26,-35.26,-62.82,False,0.0,False
2026-07-21,2026-07-22,0,Overnight,0.0,False,29.04,29.04,-138.71,False,0.0,False
2026-07-22,2026-07-23,0,Overnight,0.0,False,-357.13,-357.13,-110.66,False,0.0,False
2026-07-23,2026-07-24,0,Overnight,0.0,False,30.77,30.77,-97.32,False,0.0,False
2026-07-24,2026-07-27,2,Weekend,48.0,False,152.21,152.21,-183.28,False,0.0,False
2026-07-27,2026-07-28,0,Overnight,0.0,False,62.9,62.9,-85.83,False,0.0,False
2026-07-28,2026-07-29,0,Overnight,0.0,False,-66.93,-66.93,-117.11,False,0.0,False
2026-07-29,2026-07-30,0,Overnight,0.0,False,291.33,291.33,91.71,False,0.0,False
2026-07-30,2026-07-31,0,Overnight,0.0,False,1180.19,1180.19,245.27,False,0.0,False
2026-07-31,2026-08-03,2,Weekend,48.0,False,244.07,244.07,203.81,False,0.0,False
2026-08-03,2026-08-04,0,Overnight,0.0,False,-284.26,-284.26,49.14,False,0.0,False
2026-08-04,2026-08-05,0,Overnight,0.0,False,149.19,149.19,-322.63,False,0.0,False
2026-08-05,2026-08-06,0,Overnight,0.0,False,4.4,4.4,-18.71,False,0.0,False
2026-08-06,2026-08-07,0,Overnight,0.0,False,22.38,22.38,58.83,False,0.0,False
2026-08-07,2026-08-10,2,Weekend,48.0,False,-17.14,-17.14,147.8,False,0.0,False
2026-08-10,2026-08-11,0,Overnight,0.0,False,21.55,21.55,-233.06,False,0.0,False
2026-08-11,2026-08-12,0,Overnight,0.0,False,33.37,33.37,-218.34,False,0.0,False
2026-08-12,2026-08-13,0,Overnight,0.0,False,-1.5,-1.5,-79.27,False,0.0,False
2026-08-13,2026-08-14,0,Overnight,0.0,False,-9.43,-9.43,-84.55,False,0.0,False
2026-08-14,2026-08-17,2,Weekend,48.0,False,105.67,105.67,-156.81,False,0.0,False
2026-08-17,2026-08-18,0,Overnight,0.0,False,-26.06,-26.06,-45.38,False,0.0,False
2026-08-18,2026-08-19,0,Overnight,0.0,False,53.82,53.82,189.49,False,0.0,False
2026-08-19,2026-08-20,0,Overnight,0.0,False,-101.32,-101.32,-116.58,False,0.0,False
2026-08-20,2026-08-21,0,Overnight,0.0,False,24.19,24.19,-81.25,False,0.0,False
2026-08-21,2026-08-24,2,Weekend,48.0,False,37.44,37.44,94.7,False,0.0,False
2026-08-24,2026-08-25,0,Overnight,0.0,False,16.78,16.78,-55.39,False,0.0,False
2026-08-25,2026-08-26,0,Overnight,0.0,False,8.42,8.42,-38.35,False,0.0,False
2026-08-26,2026-08-27,0,Overnight,0.0,False,-40.42,-40.42,-115.23,False,0.0,False
2026-08-27,2026-08-28,0,Overnight,0.0,False,80.07,80.07,309.12,False,0.0,False
2026-08-28,2026-08-31,2,Weekend,48.0,False,-98.07,-98.07,-155.08,False,0.0,False
2026-08-31,2026-09-01,0,Overnight,0.0,False,-192.0,-192.0,3.53,False,0.0,False
2026-09-01,2026-09-02,0,Overnight,0.0,False,-25.92,-25.92,28.28,False,0.0,False
2026-09-02,2026-09-03,0,Overnight,0.0,False,47.73,47.73,104.83,False,0.0,False
2026-09-03,2026-09-04,0,Overnight,0.0,False,6.56,6.56,-21.64,False,0.0,False
2026-09-04,2026-09-08,3,Long,72.0,False,-71.04,-71.04,11.29,False,0.0,False
2026-09-08,2026-09-09,0,Overnight,0.0,False,-150.96,-150.96,-28.49,False,0.0,False
2026-09-09,2026-09-10,0,Overnight,0.0,False,-91.14,-91.14,70.92,False,0.0,False
2026-09-10,2026-09-11,0,Overnight,0.0,False,86.96,86.96,105.31,False,0.0,False
2026-09-11,2026-09-14,2,Weekend,48.0,False,-142.38,-142.38,15.39,False,0.0,False
2026-09-14,2026-09-15,0,Overnight,0.0,False,-51.41,-51.41,-152.6,False,0.0,False
2026-09-15,2026-09-16,0,Overnight,0.0,False,-12.89,-12.89,-86.63,False,0.0,False
2026-09-16,2026-09-17,0,Overnight,0.0,False,205.63,205.63,4.78,False,0.0,False
2026-09-17,2026-09-18,0,Overnight,0.0,False,68.64,68.64,31.19,False,0.0,False
2026-09-18,2026-09-21,2,Weekend,48.0,False,105.47,105.47,79.64,False,0.0,False
2026-09-21,2026-09-22,0,Overnight,0.0,False,-130.07,-130.07,-5.1,False,0.0,False
2026-09-22,2026-09-23,0,Overnight,0.0,False,-77.96,-77.96,-148.53,False,0.0,False
2026-09-23,2026-09-24,0,Overnight,0.0,False,-131.24,-131.24,135.65,False,0.0,False
2026-09-24,2026-09-25,0,Overnight,0.0,False,-32.94,-32.94,44.56,False,0.0,False
2026-09-25,2026-09-28,2,Weekend,48.0,False,-122.51,-122.51,-19.48,False,0.0,False
2026-09-28,2026-09-29,0,Overnight,0.0,False,22.73,22.73,-1.62,False,0.0,False
2026-09-29,2026-09-30,0,Overnight,0.0,False,4.86,4.86,95.17,False,0.0,False
2026-09-30,2026-10-01,0,Overnight,0.0,False,98.25,98.25,-135.25,False,0.0,False
