d1,d2,n_closed,cls,hours,d1_early_close,gap_bps,gap_divneutral_bps,oc_bps,exdiv,div_bps,split
2010-01-04,2010-01-05,0,Overnight,0.0,False,6.86,6.86,-50.99,False,0.0,False
2010-01-05,2010-01-06,0,Overnight,0.0,False,29.92,29.92,-285.24,False,0.0,False
2010-01-06,2010-01-07,0,Overnight,0.0,False,18.72,18.72,-254.27,False,0.0,False
2010-01-07,2010-01-08,0,Overnight,0.0,False,-35.41,-35.41,167.84,False,0.0,False
2010-01-08,2010-01-11,2,Weekend,48.0,False,40.45,40.45,-55.58,False,0.0,False
2010-01-11,2010-01-12,0,Overnight,0.0,False,-57.73,-57.73,-120.7,False,0.0,False
2010-01-12,2010-01-13,0,Overnight,0.0,False,-239.78,-239.78,182.2,False,0.0,False
2010-01-13,2010-01-14,0,Overnight,0.0,False,-54.48,-54.48,101.39,False,0.0,False
2010-01-14,2010-01-15,0,Overnight,0.0,False,58.99,58.99,-227.39,False,0.0,False
2010-01-15,2010-01-19,3,Long,72.0,False,20.67,20.67,109.86,False,0.0,False
2010-01-19,2010-01-20,0,Overnight,0.0,False,-27.95,-27.95,-95.51,False,0.0,False
2010-01-20,2010-01-21,0,Overnight,0.0,False,52.07,52.07,-7.89,False,0.0,False
2010-01-21,2010-01-22,0,Overnight,0.0,False,-322.12,-322.12,-260.04,False,0.0,False
2010-01-22,2010-01-25,2,Weekend,48.0,False,-62.38,-62.38,-121.3,False,0.0,False
2010-01-25,2010-01-26,0,Overnight,0.0,False,-37.66,-37.66,82.38,False,0.0,False
2010-01-26,2010-01-27,0,Overnight,0.0,False,-21.22,-21.22,15.32,False,0.0,False
2010-01-27,2010-01-28,0,Overnight,0.0,False,43.99,43.99,-189.11,False,0.0,False
2010-01-28,2010-01-29,0,Overnight,0.0,False,78.3,78.3,-160.05,False,0.0,False
2010-01-29,2010-02-01,2,Weekend,48.0,False,87.55,87.55,-29.6,False,0.0,False
2010-02-01,2010-02-02,0,Overnight,0.0,False,36.33,36.33,-72.04,False,0.0,False
2010-02-02,2010-02-03,0,Overnight,0.0,False,-46.24,-46.24,227.22,False,0.0,False
2010-02-03,2010-02-04,0,Overnight,0.0,False,-70.88,-70.88,-192.15,False,0.0,False
2010-02-04,2010-02-05,0,Overnight,0.0,False,30.71,30.71,54.54,False,0.0,False
2010-02-05,2010-02-08,2,Weekend,48.0,False,22.75,22.75,18.2,False,0.0,False
2010-02-08,2010-02-09,0,Overnight,0.0,False,113.14,113.14,-57.62,False,0.0,False
2010-02-09,2010-02-10,0,Overnight,0.0,False,-44.28,-44.28,7.11,False,0.0,False
2010-02-10,2010-02-11,0,Overnight,0.0,False,-21.17,-21.17,57.59,False,0.0,False
2010-02-11,2010-02-12,0,Overnight,0.0,False,-64.15,-64.15,2.81,False,0.0,False
2010-02-12,2010-02-16,3,Long,72.0,False,70.09,70.09,82.18,False,0.0,False
2010-02-16,2010-02-17,0,Overnight,0.0,False,12.92,12.92,-70.17,False,0.0,False
2010-02-17,2010-02-18,0,Overnight,0.0,False,-12.46,-12.46,105.11,False,0.0,False
2010-02-18,2010-02-19,0,Overnight,0.0,False,-49.64,-49.64,4.25,False,0.0,False
2010-02-19,2010-02-22,2,Weekend,48.0,False,121.13,121.13,-83.47,False,0.0,False
2010-02-22,2010-02-23,0,Overnight,0.0,False,3.68,3.68,-147.12,False,0.0,False
2010-02-23,2010-02-24,0,Overnight,0.0,False,-20.39,-20.39,-47.12,False,0.0,False
2010-02-24,2010-02-25,0,Overnight,0.0,False,-82.19,-82.19,-13.1,False,0.0,False
2010-02-25,2010-02-26,0,Overnight,0.0,False,18.79,18.79,-11.76,False,0.0,False
2010-02-26,2010-03-01,2,Weekend,48.0,False,45.45,45.45,65.73,False,0.0,False
2010-03-01,2010-03-02,0,Overnight,0.0,False,52.24,52.24,103.67,False,0.0,False
2010-03-02,2010-03-03,0,Overnight,0.0,False,24.0,24.0,54.43,False,0.0,False
2010-03-03,2010-03-04,0,Overnight,0.0,False,21.61,21.61,146.95,False,0.0,False
2010-03-04,2010-03-05,0,Overnight,0.0,False,121.15,121.15,50.82,False,0.0,False
2010-03-05,2010-03-08,2,Weekend,48.0,False,10.1,10.1,-40.81,False,0.0,False
2010-03-08,2010-03-09,0,Overnight,0.0,False,-46.87,-46.87,6.07,False,0.0,False
2010-03-09,2010-03-10,0,Overnight,0.0,False,63.53,63.53,222.6,False,0.0,False
2010-03-10,2010-03-11,0,Overnight,0.0,False,-38.06,-38.06,119.09,False,0.0,False
2010-03-11,2010-03-12,0,Overnight,0.0,False,119.73,119.73,-147.3,False,0.0,False
2010-03-12,2010-03-15,2,Weekend,47.0,False,-224.4,-224.4,-61.95,False,0.0,False
2010-03-15,2010-03-16,0,Overnight,0.0,False,-24.0,-24.0,59.8,False,0.0,False
2010-03-16,2010-03-17,0,Overnight,0.0,False,54.7,54.7,-48.33,False,0.0,False
2010-03-17,2010-03-18,0,Overnight,0.0,False,-14.86,-14.86,29.71,False,0.0,False
2010-03-18,2010-03-19,0,Overnight,0.0,False,-113.64,-113.64,0.0,False,0.0,False
2010-03-19,2010-03-22,2,Weekend,48.0,False,-69.71,-69.71,24.96,False,0.0,False
2010-03-22,2010-03-23,0,Overnight,0.0,False,-8.25,-8.25,-145.39,False,0.0,False
2010-03-23,2010-03-24,0,Overnight,0.0,False,-63.77,-63.77,214.36,False,0.0,False
2010-03-24,2010-03-25,0,Overnight,0.0,False,30.28,30.28,68.81,False,0.0,False
2010-03-25,2010-03-26,0,Overnight,0.0,False,42.37,42.37,-45.75,False,0.0,False
2010-03-26,2010-03-29,2,Weekend,48.0,False,5.51,5.51,-9.77,False,0.0,False
2010-03-29,2010-03-30,0,Overnight,0.0,False,6.75,6.75,68.7,False,0.0,False
2010-03-30,2010-03-31,0,Overnight,0.0,False,-29.34,-29.34,36.57,False,0.0,False
2010-03-31,2010-04-01,0,Overnight,0.0,False,74.31,74.31,-44.73,False,0.0,False
2010-04-01,2010-04-05,3,Long,72.0,False,36.85,36.85,1.93,False,0.0,False
2010-04-05,2010-04-06,0,Overnight,0.0,False,-27.18,-27.18,-21.8,False,0.0,False
2010-04-06,2010-04-07,0,Overnight,0.0,False,-16.2,-16.2,-66.5,False,0.0,False
2010-04-07,2010-04-08,0,Overnight,0.0,False,-3.91,-3.91,73.75,False,0.0,False
2010-04-08,2010-04-09,0,Overnight,0.0,False,0.0,0.0,-22.4,False,0.0,False
2010-04-09,2010-04-12,2,Weekend,48.0,False,19.94,19.94,94.38,False,0.0,False
2010-04-12,2010-04-13,0,Overnight,0.0,False,-3.49,-3.49,245.68,False,0.0,False
2010-04-13,2010-04-14,0,Overnight,0.0,False,55.91,55.91,-17.98,False,0.0,False
2010-04-14,2010-04-15,0,Overnight,0.0,False,53.68,53.68,52.72,False,0.0,False
2010-04-15,2010-04-16,0,Overnight,0.0,False,-557.86,-557.86,-230.89,False,0.0,False
2010-04-16,2010-04-19,2,Weekend,48.0,False,-25.48,-25.48,24.57,False,0.0,False
2010-04-19,2010-04-20,0,Overnight,0.0,False,73.71,73.71,15.69,False,0.0,False
2010-04-20,2010-04-21,0,Overnight,0.0,False,25.55,25.55,-38.89,False,0.0,False
2010-04-21,2010-04-22,0,Overnight,0.0,False,-41.58,-41.58,-89.9,False,0.0,False
2010-04-22,2010-04-23,0,Overnight,0.0,False,3.47,3.47,-41.38,False,0.0,False
2010-04-23,2010-04-26,2,Weekend,48.0,False,-0.37,-0.37,-247.64,False,0.0,False
2010-04-26,2010-04-27,0,Overnight,0.0,False,-50.73,-50.73,2.08,False,0.0,False
2010-04-27,2010-04-28,0,Overnight,0.0,False,57.3,57.3,-54.84,False,0.0,False
2010-04-28,2010-04-29,0,Overnight,0.0,False,78.68,78.68,-25.72,False,0.0,False
2010-04-29,2010-04-30,0,Overnight,0.0,False,-16.37,-16.37,-102.76,False,0.0,False
2010-04-30,2010-05-03,2,Weekend,48.0,False,15.21,15.21,77.57,False,0.0,False
2010-05-03,2010-05-04,0,Overnight,0.0,False,-77.19,-77.19,-390.22,False,0.0,False
2010-05-04,2010-05-05,0,Overnight,0.0,False,-107.01,-107.01,173.74,False,0.0,False
2010-05-05,2010-05-06,0,Overnight,0.0,False,-19.83,-19.83,-200.12,False,0.0,False
2010-05-06,2010-05-07,0,Overnight,0.0,False,26.04,26.04,-137.55,False,0.0,False
2010-05-07,2010-05-10,2,Weekend,48.0,False,413.72,413.72,148.32,False,0.0,False
2010-05-10,2010-05-11,0,Overnight,0.0,False,-115.3,-115.3,-129.21,False,0.0,False
2010-05-11,2010-05-12,0,Overnight,0.0,False,58.57,58.57,-130.72,False,0.0,False
2010-05-12,2010-05-13,0,Overnight,0.0,False,217.45,217.45,-109.41,False,0.0,False
2010-05-13,2010-05-14,0,Overnight,0.0,False,-21.75,-21.75,-44.04,False,0.0,False
2010-05-14,2010-05-17,2,Weekend,48.0,False,-14.79,-14.79,23.45,False,0.0,False
2010-05-17,2010-05-18,0,Overnight,0.0,False,39.88,39.88,-230.68,False,0.0,False
2010-05-18,2010-05-19,0,Overnight,0.0,False,-42.43,-42.43,-36.94,False,0.0,False
2010-05-19,2010-05-20,0,Overnight,0.0,False,-191.12,-191.12,-209.57,False,0.0,False
2010-05-20,2010-05-21,0,Overnight,0.0,False,-126.05,-126.05,63.54,False,0.0,False
2010-05-21,2010-05-24,2,Weekend,48.0,False,182.21,182.21,-74.54,False,0.0,False
2010-05-24,2010-05-25,0,Overnight,0.0,False,-190.63,-190.63,188.75,False,0.0,False
2010-05-25,2010-05-26,0,Overnight,0.0,False,104.26,104.26,-137.86,False,0.0,False
2010-05-26,2010-05-27,0,Overnight,0.0,False,197.42,197.42,112.98,False,0.0,False
2010-05-27,2010-05-28,0,Overnight,0.0,False,46.38,46.38,-145.35,False,0.0,False
2010-05-28,2010-06-01,3,Long,72.0,False,-107.65,-107.65,40.3,False,0.0,False
2010-06-01,2010-06-02,0,Overnight,0.0,False,88.95,88.95,136.53,False,0.0,False
2010-06-02,2010-06-03,0,Overnight,0.0,False,35.21,35.21,209.66,False,0.0,False
2010-06-03,2010-06-04,0,Overnight,0.0,False,-116.98,-116.98,-20.03,False,0.0,False
2010-06-04,2010-06-07,2,Weekend,48.0,False,6.82,6.82,-275.06,False,0.0,False
2010-06-07,2010-06-08,0,Overnight,0.0,False,47.87,47.87,-63.13,False,0.0,False
2010-06-08,2010-06-09,0,Overnight,0.0,False,50.21,50.21,-274.66,False,0.0,False
2010-06-09,2010-06-10,0,Overnight,0.0,False,133.07,133.07,137.28,False,0.0,False
2010-06-10,2010-06-11,0,Overnight,0.0,False,-93.04,-93.04,123.59,False,0.0,False
2010-06-11,2010-06-14,2,Weekend,48.0,False,121.67,121.67,-230.97,False,0.0,False
2010-06-14,2010-06-15,0,Overnight,0.0,False,-2.28,-2.28,303.98,False,0.0,False
2010-06-15,2010-06-16,0,Overnight,0.0,False,-36.61,-36.61,102.26,False,0.0,False
2010-06-16,2010-06-17,0,Overnight,0.0,False,43.4,43.4,-67.16,False,0.0,False
2010-06-17,2010-06-18,0,Overnight,0.0,False,48.47,48.47,-49.47,False,0.0,False
2010-06-18,2010-06-21,2,Weekend,48.0,False,-2.6,-2.6,-229.46,False,0.0,False
2010-06-21,2010-06-22,0,Overnight,0.0,False,27.39,27.39,-74.78,False,0.0,False
2010-06-22,2010-06-23,0,Overnight,0.0,False,13.15,13.15,-99.9,False,0.0,False
2010-06-23,2010-06-24,0,Overnight,0.0,False,-49.7,-49.7,-95.52,False,0.0,False
2010-06-24,2010-06-25,0,Overnight,0.0,False,41.17,41.17,-92.24,False,0.0,False
2010-06-25,2010-06-28,2,Weekend,48.0,False,-1.9,-1.9,-10.8,False,0.0,False
2010-06-28,2010-06-29,0,Overnight,0.0,False,-184.72,-184.72,-200.07,False,0.0,False
2010-06-29,2010-06-30,0,Overnight,0.0,False,15.4,15.4,-222.48,False,0.0,False
2010-06-30,2010-07-01,0,Overnight,0.0,False,7.64,7.64,-131.11,False,0.0,False
2010-07-01,2010-07-02,0,Overnight,0.0,False,48.35,48.35,-115.47,False,0.0,False
2010-07-02,2010-07-06,3,Long,72.0,False,169.22,169.22,-180.22,False,0.0,False
2010-07-06,2010-07-07,0,Overnight,0.0,False,51.24,51.24,267.65,False,0.0,False
2010-07-07,2010-07-08,0,Overnight,0.0,False,74.14,74.14,66.15,False,0.0,False
2010-07-08,2010-07-09,0,Overnight,0.0,False,331.74,331.74,-95.16,False,0.0,False
2010-07-09,2010-07-12,2,Weekend,48.0,False,103.85,103.85,72.98,False,0.0,False
2010-07-12,2010-07-13,0,Overnight,0.0,False,134.02,134.02,143.09,False,0.0,False
2010-07-13,2010-07-14,0,Overnight,0.0,False,13.89,13.89,29.76,False,0.0,False
2010-07-14,2010-07-15,0,Overnight,0.0,False,7.93,7.93,46.46,False,0.0,False
2010-07-15,2010-07-16,0,Overnight,0.0,False,-517.17,-517.17,-204.8,False,0.0,False
2010-07-16,2010-07-19,2,Weekend,48.0,False,30.41,30.41,111.52,False,0.0,False
2010-07-19,2010-07-20,0,Overnight,0.0,False,-111.09,-111.09,436.3,False,0.0,False
2010-07-20,2010-07-21,0,Overnight,0.0,False,49.92,49.92,-135.21,False,0.0,False
2010-07-21,2010-07-22,0,Overnight,0.0,False,119.29,119.29,32.64,False,0.0,False
2010-07-22,2010-07-23,0,Overnight,0.0,False,-83.68,-83.68,191.39,False,0.0,False
2010-07-23,2010-07-26,2,Weekend,48.0,False,-19.81,-19.81,-2.45,False,0.0,False
2010-07-26,2010-07-27,0,Overnight,0.0,False,32.87,32.87,41.7,False,0.0,False
2010-07-27,2010-07-28,0,Overnight,0.0,False,46.78,46.78,-216.29,False,0.0,False
2010-07-28,2010-07-29,0,Overnight,0.0,False,32.98,32.98,-19.77,False,0.0,False
2010-07-29,2010-07-30,0,Overnight,0.0,False,-110.72,-110.72,107.83,False,0.0,False
2010-07-30,2010-08-02,2,Weekend,48.0,False,85.03,85.03,29.0,False,0.0,False
2010-08-02,2010-08-03,0,Overnight,0.0,False,1.83,1.83,-13.67,False,0.0,False
2010-08-03,2010-08-04,0,Overnight,0.0,False,47.86,47.86,283.24,False,0.0,False
2010-08-04,2010-08-05,0,Overnight,0.0,False,-8.5,-8.5,43.59,False,0.0,False
2010-08-05,2010-08-06,0,Overnight,0.0,False,-53.28,-53.28,-103.02,False,0.0,False
2010-08-06,2010-08-09,2,Weekend,48.0,False,40.5,40.5,61.53,False,0.0,False
2010-08-09,2010-08-10,0,Overnight,0.0,False,-59.54,-59.54,27.04,False,0.0,False
2010-08-10,2010-08-11,0,Overnight,0.0,False,-119.43,-119.43,-121.08,False,0.0,False
2010-08-11,2010-08-12,0,Overnight,0.0,False,-159.89,-159.89,165.38,False,0.0,False
2010-08-12,2010-08-13,0,Overnight,0.0,False,-61.37,-61.37,-54.34,False,0.0,False
2010-08-13,2010-08-16,2,Weekend,48.0,False,-55.05,-55.05,39.41,False,0.0,False
2010-08-16,2010-08-17,0,Overnight,0.0,False,60.36,60.36,40.65,False,0.0,False
2010-08-17,2010-08-18,0,Overnight,0.0,False,-1.63,-1.63,-170.48,False,0.0,False
2010-08-18,2010-08-19,0,Overnight,0.0,False,-23.67,-23.67,-274.84,False,0.0,False
2010-08-19,2010-08-20,0,Overnight,0.0,False,0.0,0.0,-127.96,False,0.0,False
2010-08-20,2010-08-23,2,Weekend,48.0,False,-11.26,-11.26,55.53,False,0.0,False
2010-08-23,2010-08-24,0,Overnight,0.0,False,-138.21,-138.21,-138.82,False,0.0,False
2010-08-24,2010-08-25,0,Overnight,0.0,False,-30.84,-30.84,102.14,False,0.0,False
2010-08-25,2010-08-26,0,Overnight,0.0,False,31.62,31.62,-112.01,False,0.0,False
2010-08-26,2010-08-27,0,Overnight,0.0,False,34.97,34.97,137.59,False,0.0,False
2010-08-27,2010-08-30,2,Weekend,48.0,False,6.97,6.97,-141.69,False,0.0,False
2010-08-30,2010-08-31,0,Overnight,0.0,False,-57.16,-57.16,-2.0,False,0.0,False
2010-08-31,2010-09-01,0,Overnight,0.0,False,109.61,109.61,116.9,False,0.0,False
2010-09-01,2010-09-02,0,Overnight,0.0,False,54.38,54.38,7.34,False,0.0,False
2010-09-02,2010-09-03,0,Overnight,0.0,False,157.23,157.23,-4.68,False,0.0,False
2010-09-03,2010-09-07,3,Long,72.0,False,-124.09,-124.09,-2.15,False,0.0,False
2010-09-07,2010-09-08,0,Overnight,0.0,False,17.0,17.0,115.2,False,0.0,False
2010-09-08,2010-09-09,0,Overnight,0.0,False,152.89,152.89,-34.59,False,0.0,False
2010-09-09,2010-09-10,0,Overnight,0.0,False,59.46,59.46,-60.3,False,0.0,False
2010-09-10,2010-09-13,2,Weekend,48.0,False,99.47,99.47,28.45,False,0.0,False
2010-09-13,2010-09-14,0,Overnight,0.0,False,-5.39,-5.39,-32.83,False,0.0,False
2010-09-14,2010-09-15,0,Overnight,0.0,False,-10.0,-10.0,14.37,False,0.0,False
2010-09-15,2010-09-16,0,Overnight,0.0,False,-14.37,-14.37,23.1,False,0.0,False
2010-09-16,2010-09-17,0,Overnight,0.0,False,55.76,55.76,131.43,False,0.0,False
2010-09-17,2010-09-20,2,Weekend,48.0,False,47.83,47.83,315.38,False,0.0,False
2010-09-20,2010-09-21,0,Overnight,0.0,False,27.51,27.51,73.89,False,0.0,False
2010-09-21,2010-09-22,0,Overnight,0.0,False,-11.69,-11.69,61.04,False,0.0,False
2010-09-22,2010-09-23,0,Overnight,0.0,False,-26.97,-26.97,-21.98,False,0.0,False
2010-09-23,2010-09-24,0,Overnight,0.0,False,159.58,159.58,105.81,False,0.0,False
2010-09-24,2010-09-27,2,Weekend,48.0,False,29.54,29.54,29.46,False,0.0,False
2010-09-27,2010-09-28,0,Overnight,0.0,False,57.71,57.71,-118.99,False,0.0,False
2010-09-28,2010-09-29,0,Overnight,0.0,False,12.89,12.89,-3.03,False,0.0,False
2010-09-29,2010-09-30,0,Overnight,0.0,False,27.82,27.82,-63.89,False,0.0,False
2010-09-30,2010-10-01,0,Overnight,0.0,False,79.75,79.75,-82.98,False,0.0,False
2010-10-01,2010-10-04,2,Weekend,48.0,False,-12.76,-12.76,-49.65,False,0.0,False
2010-10-04,2010-10-05,0,Overnight,0.0,False,114.78,114.78,184.7,False,0.0,False
2010-10-05,2010-10-06,0,Overnight,0.0,False,19.12,19.12,-91.47,False,0.0,False
2010-10-06,2010-10-07,0,Overnight,0.0,False,34.75,34.75,-116.3,False,0.0,False
2010-10-07,2010-10-08,0,Overnight,0.0,False,51.94,51.94,66.97,False,0.0,False
2010-10-08,2010-10-11,2,Weekend,48.0,False,39.63,39.63,6.68,False,0.0,False
2010-10-11,2010-10-12,0,Overnight,0.0,False,23.73,23.73,23.49,False,0.0,False
2010-10-12,2010-10-13,0,Overnight,0.0,False,103.09,103.09,-67.87,False,0.0,False
2010-10-13,2010-10-14,0,Overnight,0.0,False,16.18,16.18,-59.9,False,0.0,False
2010-10-14,2010-10-15,0,Overnight,0.0,False,1024.22,1024.22,36.31,False,0.0,False
2010-10-15,2010-10-18,2,Weekend,48.0,False,-14.97,-14.97,281.73,False,0.0,False
2010-10-18,2010-10-19,0,Overnight,0.0,False,-144.47,-144.47,-16.77,False,0.0,False
2010-10-19,2010-10-20,0,Overnight,0.0,False,5.1,5.1,-2.63,False,0.0,False
2010-10-20,2010-10-21,0,Overnight,0.0,False,57.89,57.89,7.85,False,0.0,False
2010-10-21,2010-10-22,0,Overnight,0.0,False,-1.14,-1.14,9.96,False,0.0,False
2010-10-22,2010-10-25,2,Weekend,48.0,False,49.83,49.83,14.77,False,0.0,False
2010-10-25,2010-10-26,0,Overnight,0.0,False,-55.3,-55.3,89.31,False,0.0,False
2010-10-26,2010-10-27,0,Overnight,0.0,False,-45.85,-45.85,11.36,False,0.0,False
2010-10-27,2010-10-28,0,Overnight,0.0,False,57.9,57.9,-23.74,False,0.0,False
2010-10-28,2010-10-29,0,Overnight,0.0,False,-24.44,-24.44,-54.76,False,0.0,False
2010-10-29,2010-11-01,2,Weekend,48.0,False,33.02,33.02,-11.86,False,0.0,False
2010-11-01,2010-11-02,0,Overnight,0.0,False,59.5,59.5,-49.75,False,0.0,False
2010-11-02,2010-11-03,0,Overnight,0.0,False,30.82,30.82,43.31,False,0.0,False
2010-11-03,2010-11-04,0,Overnight,0.0,False,71.66,71.66,-5.93,False,0.0,False
2010-11-04,2010-11-05,0,Overnight,0.0,False,-17.48,-17.48,30.44,False,0.0,False
2010-11-05,2010-11-08,2,Weekend,49.0,False,-16.97,-16.97,43.97,False,0.0,False
2010-11-08,2010-11-09,0,Overnight,0.0,False,51.4,51.4,-82.56,False,0.0,False
2010-11-09,2010-11-10,0,Overnight,0.0,False,-43.95,-43.95,12.85,False,0.0,False
2010-11-10,2010-11-11,0,Overnight,0.0,False,-51.18,-51.18,-40.59,False,0.0,False
2010-11-11,2010-11-12,0,Overnight,0.0,False,-51.98,-51.98,-175.81,False,0.0,False
2010-11-12,2010-11-15,2,Weekend,48.0,False,-3.48,-3.48,-126.99,False,0.0,False
2010-11-15,2010-11-16,0,Overnight,0.0,False,-45.61,-45.61,-153.68,False,0.0,False
2010-11-16,2010-11-17,0,Overnight,0.0,False,21.9,21.9,-24.82,False,0.0,False
2010-11-17,2010-11-18,0,Overnight,0.0,False,92.96,92.96,127.54,False,0.0,False
2010-11-18,2010-11-19,0,Overnight,0.0,False,7.37,7.37,-103.89,False,0.0,False
2010-11-19,2010-11-22,2,Weekend,48.0,False,-57.03,-57.03,63.63,False,0.0,False
2010-11-22,2010-11-23,0,Overnight,0.0,False,-71.46,-71.46,-68.38,False,0.0,False
2010-11-23,2010-11-24,0,Overnight,0.0,False,73.48,73.48,129.58,False,0.0,False
2010-11-24,2010-11-26,1,Short,24.0,False,-76.09,-76.09,-7.79,False,0.0,False
2010-11-26,2010-11-29,2,Weekend,48.0,True,-14.08,-14.08,-120.55,False,0.0,False
2010-11-29,2010-11-30,0,Overnight,0.0,False,-134.73,-134.73,-329.4,False,0.0,False
2010-11-30,2010-12-01,0,Overnight,0.0,False,130.33,130.33,23.95,False,0.0,False
2010-12-01,2010-12-02,0,Overnight,0.0,False,76.08,76.08,55.42,False,0.0,False
2010-12-02,2010-12-03,0,Overnight,0.0,False,-41.53,-41.53,62.15,False,0.0,False
2010-12-03,2010-12-06,2,Weekend,48.0,False,131.25,131.25,-38.14,False,0.0,False
2010-12-06,2010-12-07,0,Overnight,0.0,False,220.76,220.76,-70.1,False,0.0,False
2010-12-07,2010-12-08,0,Overnight,0.0,False,81.93,81.93,-24.19,False,0.0,False
2010-12-08,2010-12-09,0,Overnight,0.0,False,56.4,56.4,-40.16,False,0.0,False
2010-12-09,2010-12-10,0,Overnight,0.0,False,27.69,27.69,-15.69,False,0.0,False
2010-12-10,2010-12-13,2,Weekend,48.0,False,82.57,82.57,-41.96,False,0.0,False
2010-12-13,2010-12-14,0,Overnight,0.0,False,41.45,41.45,-36.58,False,0.0,False
2010-12-14,2010-12-15,0,Overnight,0.0,False,-11.94,-11.94,-65.85,False,0.0,False
2010-12-15,2010-12-16,0,Overnight,0.0,False,43.11,43.11,-19.25,False,0.0,False
2010-12-16,2010-12-17,0,Overnight,0.0,False,-12.01,-12.01,-3.38,False,0.0,False
2010-12-17,2010-12-20,2,Weekend,48.0,False,64.95,64.95,6.89,False,0.0,False
2010-12-20,2010-12-21,0,Overnight,0.0,False,58.81,58.81,74.9,False,0.0,False
2010-12-21,2010-12-22,0,Overnight,0.0,False,15.41,15.41,24.64,False,0.0,False
2010-12-22,2010-12-23,0,Overnight,0.0,False,-2.48,-2.48,-18.35,False,0.0,False
2010-12-23,2010-12-27,3,Long,72.0,False,-24.69,-24.69,-5.97,False,0.0,False
2010-12-27,2010-12-28,0,Overnight,0.0,False,-5.48,-5.48,-52.12,False,0.0,False
2010-12-28,2010-12-29,0,Overnight,0.0,False,51.29,51.29,-16.63,False,0.0,False
2010-12-29,2010-12-30,0,Overnight,0.0,False,-50.04,-50.04,14.37,False,0.0,False
2010-12-30,2010-12-31,0,Overnight,0.0,False,-35.46,-35.46,-46.53,False,0.0,False
2010-12-31,2011-01-03,2,Weekend,48.0,False,42.17,42.17,131.08,False,0.0,False
2011-01-03,2011-01-04,0,Overnight,0.0,False,20.99,20.99,-57.96,False,0.0,False
2011-01-04,2011-01-05,0,Overnight,0.0,False,-34.1,-34.1,148.87,False,0.0,False
2011-01-05,2011-01-06,0,Overnight,0.0,False,26.4,26.4,46.07,False,0.0,False
2011-01-06,2011-01-07,0,Overnight,0.0,False,39.21,39.21,8.6,False,0.0,False
2011-01-07,2011-01-10,2,Weekend,48.0,False,-26.64,-26.64,-9.6,False,0.0,False
2011-01-10,2011-01-11,0,Overnight,0.0,False,56.82,56.82,-27.56,False,0.0,False
2011-01-11,2011-01-12,0,Overnight,0.0,False,54.07,54.07,-40.12,False,0.0,False
2011-01-12,2011-01-13,0,Overnight,0.0,False,1.62,1.62,-4.54,False,0.0,False
2011-01-13,2011-01-14,0,Overnight,0.0,False,11.51,11.51,109.22,False,0.0,False
2011-01-14,2011-01-18,3,Long,72.0,False,30.07,30.07,214.44,False,0.0,False
2011-01-18,2011-01-19,0,Overnight,0.0,False,38.85,38.85,-162.81,False,0.0,False
2011-01-19,2011-01-20,0,Overnight,0.0,False,7.28,7.28,-86.42,False,0.0,False
2011-01-20,2011-01-21,0,Overnight,0.0,False,202.32,202.32,-443.57,False,0.0,False
2011-01-21,2011-01-24,2,Weekend,48.0,False,-69.87,-69.87,57.6,False,0.0,False
2011-01-24,2011-01-25,0,Overnight,0.0,False,-47.24,-47.24,190.71,False,0.0,False
2011-01-25,2011-01-26,0,Overnight,0.0,False,6.77,6.77,-61.93,False,0.0,False
2011-01-26,2011-01-27,0,Overnight,0.0,False,22.52,22.52,-17.82,False,0.0,False
2011-01-27,2011-01-28,0,Overnight,0.0,False,36.9,36.9,-296.4,False,0.0,False
2011-01-28,2011-01-31,2,Weekend,48.0,False,43.33,43.33,-53.82,False,0.0,False
2011-01-31,2011-02-01,0,Overnight,0.0,False,68.56,68.56,107.77,False,0.0,False
2011-02-01,2011-02-02,0,Overnight,0.0,False,-0.65,-0.65,16.35,False,0.0,False
2011-02-02,2011-02-03,0,Overnight,0.0,False,-41.26,-41.26,10.99,False,0.0,False
2011-02-03,2011-02-04,0,Overnight,0.0,False,0.0,0.0,13.59,False,0.0,False
2011-02-04,2011-02-07,2,Weekend,48.0,False,-13.43,-13.43,67.46,False,0.0,False
2011-02-07,2011-02-08,0,Overnight,0.0,False,10.41,10.41,55.95,False,0.0,False
2011-02-08,2011-02-09,0,Overnight,0.0,False,-24.45,-24.45,-6.0,False,0.0,False
2011-02-09,2011-02-10,0,Overnight,0.0,False,-42.26,-42.26,41.29,False,0.0,False
2011-02-10,2011-02-11,0,Overnight,0.0,False,-43.08,-43.08,172.98,False,0.0,False
2011-02-11,2011-02-14,2,Weekend,48.0,False,-18.59,-18.59,76.87,False,0.0,False
2011-02-14,2011-02-15,0,Overnight,0.0,False,-13.22,-13.22,-50.66,False,0.0,False
2011-02-15,2011-02-16,0,Overnight,0.0,False,23.68,23.68,-22.56,False,0.0,False
2011-02-16,2011-02-17,0,Overnight,0.0,False,-47.69,-47.69,64.34,False,0.0,False
2011-02-17,2011-02-18,0,Overnight,0.0,False,11.83,11.83,64.96,False,0.0,False
2011-02-18,2011-02-22,3,Long,72.0,False,-160.79,-160.79,-159.65,False,0.0,False
2011-02-22,2011-02-23,0,Overnight,0.0,False,1.97,1.97,16.21,False,0.0,False
2011-02-23,2011-02-24,0,Overnight,0.0,False,1.15,1.15,-42.12,False,0.0,False
2011-02-24,2011-02-25,0,Overnight,0.0,False,49.81,49.81,-29.79,False,0.0,False
2011-02-25,2011-02-28,2,Weekend,48.0,False,-0.66,-0.66,55.58,False,0.0,False
2011-02-28,2011-03-01,0,Overnight,0.0,False,71.15,71.15,-279.37,False,0.0,False
2011-03-01,2011-03-02,0,Overnight,0.0,False,-15.99,-15.99,16.49,False,0.0,False
2011-03-02,2011-03-03,0,Overnight,0.0,False,92.61,92.61,52.3,False,0.0,False
2011-03-03,2011-03-04,0,Overnight,0.0,False,-20.2,-20.2,-127.55,False,0.0,False
2011-03-04,2011-03-07,2,Weekend,48.0,False,-1.17,-1.17,-149.14,False,0.0,False
2011-03-07,2011-03-08,0,Overnight,0.0,False,21.44,21.44,-10.46,False,0.0,False
2011-03-08,2011-03-09,0,Overnight,0.0,False,-22.14,-22.14,13.02,False,0.0,False
2011-03-09,2011-03-10,0,Overnight,0.0,False,-107.54,-107.54,-88.19,False,0.0,False
2011-03-10,2011-03-11,0,Overnight,0.0,False,-35.91,-35.91,-26.15,False,0.0,False
2011-03-11,2011-03-14,2,Weekend,47.0,False,-68.03,-68.03,-49.18,False,0.0,False
2011-03-14,2011-03-15,0,Overnight,0.0,False,-221.56,-221.56,214.02,False,0.0,False
2011-03-15,2011-03-16,0,Overnight,0.0,False,-27.25,-27.25,-193.94,False,0.0,False
2011-03-16,2011-03-17,0,Overnight,0.0,False,131.6,131.6,-55.43,False,0.0,False
2011-03-17,2011-03-18,0,Overnight,0.0,False,58.26,58.26,-63.6,False,0.0,False
2011-03-18,2011-03-21,2,Weekend,48.0,False,161.94,161.94,109.53,False,0.0,False
2011-03-21,2011-03-22,0,Overnight,0.0,False,13.35,13.35,0.87,False,0.0,False
2011-03-22,2011-03-23,0,Overnight,0.0,False,-36.96,-36.96,120.45,False,0.0,False
2011-03-23,2011-03-24,0,Overnight,0.0,False,56.01,56.01,24.91,False,0.0,False
2011-03-24,2011-03-25,0,Overnight,0.0,False,-0.17,-0.17,-122.41,False,0.0,False
2011-03-25,2011-03-28,2,Weekend,48.0,False,40.11,40.11,-115.95,False,0.0,False
2011-03-28,2011-03-29,0,Overnight,0.0,False,11.12,11.12,98.99,False,0.0,False
2011-03-29,2011-03-30,0,Overnight,0.0,False,45.45,45.45,-43.56,False,0.0,False
2011-03-30,2011-03-31,0,Overnight,0.0,False,19.92,19.92,64.29,False,0.0,False
2011-03-31,2011-04-01,0,Overnight,0.0,False,34.03,34.03,51.5,False,0.0,False
2011-04-01,2011-04-04,2,Weekend,48.0,False,20.26,20.26,-90.12,False,0.0,False
2011-04-04,2011-04-05,0,Overnight,0.0,False,-112.94,-112.94,-208.5,False,0.0,False
2011-04-05,2011-04-06,0,Overnight,0.0,False,54.15,54.15,34.89,False,0.0,False
2011-04-06,2011-04-07,0,Overnight,0.0,False,26.96,26.96,73.89,False,0.0,False
2011-04-07,2011-04-08,0,Overnight,0.0,False,83.96,83.96,-115.73,False,0.0,False
2011-04-08,2011-04-11,2,Weekend,48.0,False,-33.96,-33.96,20.29,False,0.0,False
2011-04-11,2011-04-12,0,Overnight,0.0,False,-41.13,-41.13,-76.64,False,0.0,False
2011-04-12,2011-04-13,0,Overnight,0.0,False,85.51,85.51,13.37,False,0.0,False
2011-04-13,2011-04-14,0,Overnight,0.0,False,-18.93,-18.93,57.55,False,0.0,False
2011-04-14,2011-04-15,0,Overnight,0.0,False,-591.38,-591.38,-271.21,False,0.0,False
2011-04-15,2011-04-18,2,Weekend,48.0,False,-80.98,-80.98,7.97,False,0.0,False
2011-04-18,2011-04-19,0,Overnight,0.0,False,58.86,58.86,-160.16,False,0.0,False
2011-04-19,2011-04-20,0,Overnight,0.0,False,83.44,83.44,-3.23,False,0.0,False
2011-04-20,2011-04-21,0,Overnight,0.0,False,33.42,33.42,-45.41,False,0.0,False
2011-04-21,2011-04-25,3,Long,72.0,False,2.86,2.86,-3.81,False,0.0,False
2011-04-25,2011-04-26,0,Overnight,0.0,False,27.96,27.96,118.94,False,0.0,False
2011-04-26,2011-04-27,0,Overnight,0.0,False,96.75,96.75,-4.46,False,0.0,False
2011-04-27,2011-04-28,0,Overnight,0.0,False,5.58,5.58,-1.67,False,0.0,False
2011-04-28,2011-04-29,0,Overnight,0.0,False,37.66,37.66,75.64,False,0.0,False
2011-04-29,2011-05-02,2,Weekend,48.0,False,29.36,29.36,-131.7,False,0.0,False
2011-05-02,2011-05-03,0,Overnight,0.0,False,-26.59,-26.59,-60.5,False,0.0,False
2011-05-03,2011-05-04,0,Overnight,0.0,False,23.95,23.95,11.58,False,0.0,False
2011-05-04,2011-05-05,0,Overnight,0.0,False,-36.09,-36.09,7.68,False,0.0,False
2011-05-05,2011-05-06,0,Overnight,0.0,False,72.36,72.36,-53.1,False,0.0,False
2011-05-06,2011-05-09,2,Weekend,48.0,False,-5.61,-5.61,49.97,False,0.0,False
2011-05-09,2011-05-10,0,Overnight,0.0,False,43.06,43.06,49.14,False,0.0,False
2011-05-10,2011-05-11,0,Overnight,0.0,False,-46.55,-46.55,-87.21,False,0.0,False
2011-05-11,2011-05-12,0,Overnight,0.0,False,-3.92,-3.92,-3.55,False,0.0,False
2011-05-12,2011-05-13,0,Overnight,0.0,False,-8.23,-8.23,-95.1,False,0.0,False
2011-05-13,2011-05-16,2,Weekend,48.0,False,-61.37,-61.37,-151.05,False,0.0,False
2011-05-16,2011-05-17,0,Overnight,0.0,False,-57.84,-57.84,287.43,False,0.0,False
2011-05-17,2011-05-18,0,Overnight,0.0,False,-17.36,-17.36,5.1,False,0.0,False
2011-05-18,2011-05-19,0,Overnight,0.0,False,54.96,54.96,-27.82,False,0.0,False
2011-05-19,2011-05-20,0,Overnight,0.0,False,10.35,10.35,-147.19,False,0.0,False
2011-05-20,2011-05-23,2,Weekend,48.0,False,-142.8,-142.8,34.59,False,0.0,False
2011-05-23,2011-05-24,0,Overnight,0.0,False,38.12,38.12,-40.63,False,0.0,False
2011-05-24,2011-05-25,0,Overnight,0.0,False,-17.96,-17.96,45.13,False,0.0,False
2011-05-25,2011-05-26,0,Overnight,0.0,False,-37.98,-37.98,8.3,False,0.0,False
2011-05-26,2011-05-27,0,Overnight,0.0,False,6.75,6.75,46.57,False,0.0,False
2011-05-27,2011-05-31,3,Long,72.0,False,78.4,78.4,76.28,False,0.0,False
2011-05-31,2011-06-01,0,Overnight,0.0,False,-18.54,-18.54,-46.32,False,0.0,False
2011-06-01,2011-06-02,0,Overnight,0.0,False,37.41,37.41,9.28,False,0.0,False
2011-06-02,2011-06-03,0,Overnight,0.0,False,-115.42,-115.42,20.67,False,0.0,False
2011-06-03,2011-06-06,2,Weekend,48.0,False,8.79,8.79,-47.48,False,0.0,False
2011-06-06,2011-06-07,0,Overnight,0.0,False,35.06,35.06,-74.09,False,0.0,False
2011-06-07,2011-06-08,0,Overnight,0.0,False,-48.28,-48.28,50.98,False,0.0,False
2011-06-08,2011-06-09,0,Overnight,0.0,False,15.97,15.97,-63.08,False,0.0,False
2011-06-09,2011-06-10,0,Overnight,0.0,False,-51.42,-51.42,-89.29,False,0.0,False
2011-06-10,2011-06-13,2,Weekend,48.0,False,9.61,9.61,-103.87,False,0.0,False
2011-06-13,2011-06-14,0,Overnight,0.0,False,67.53,67.53,4.33,False,0.0,False
2011-06-14,2011-06-15,0,Overnight,0.0,False,-65.92,-65.92,-41.27,False,0.0,False
2011-06-15,2011-06-16,0,Overnight,0.0,False,-2.78,-2.78,-48.65,False,0.0,False
2011-06-16,2011-06-17,0,Overnight,0.0,False,115.44,115.44,-427.02,False,0.0,False
2011-06-17,2011-06-20,2,Weekend,48.0,False,-0.41,-0.41,-8.66,False,0.0,False
2011-06-20,2011-06-21,0,Overnight,0.0,False,53.72,53.72,118.55,False,0.0,False
2011-06-21,2011-06-22,0,Overnight,0.0,False,-31.49,-31.49,-90.76,False,0.0,False
2011-06-22,2011-06-23,0,Overnight,0.0,False,-100.71,-100.71,-39.69,False,0.0,False
2011-06-23,2011-06-24,0,Overnight,0.0,False,9.57,9.57,-121.4,False,0.0,False
2011-06-24,2011-06-27,2,Weekend,48.0,False,-18.55,-18.55,183.95,False,0.0,False
2011-06-27,2011-06-28,0,Overnight,0.0,False,25.24,25.24,197.01,False,0.0,False
2011-06-28,2011-06-29,0,Overnight,0.0,False,58.37,58.37,20.72,False,0.0,False
2011-06-29,2011-06-30,0,Overnight,0.0,False,88.44,88.44,87.07,False,0.0,False
2011-06-30,2011-07-01,0,Overnight,0.0,False,7.11,7.11,278.1,False,0.0,False
2011-07-01,2011-07-05,3,Long,72.0,False,81.62,81.62,135.01,False,0.0,False
2011-07-05,2011-07-06,0,Overnight,0.0,False,19.89,19.89,34.8,False,0.0,False
2011-07-06,2011-07-07,0,Overnight,0.0,False,104.8,104.8,102.98,False,0.0,False
2011-07-07,2011-07-08,0,Overnight,0.0,False,-252.9,-252.9,-18.03,False,0.0,False
2011-07-08,2011-07-11,2,Weekend,48.0,False,-71.88,-71.88,-17.05,False,0.0,False
2011-07-11,2011-07-12,0,Overnight,0.0,False,16.68,16.68,110.15,False,0.0,False
2011-07-12,2011-07-13,0,Overnight,0.0,False,55.83,55.83,23.44,False,0.0,False
2011-07-13,2011-07-14,0,Overnight,0.0,False,15.96,15.96,-190.63,False,0.0,False
2011-07-14,2011-07-15,0,Overnight,0.0,False,1218.79,1218.79,2.01,False,0.0,False
2011-07-15,2011-07-18,2,Weekend,48.0,False,-86.21,-86.21,41.27,False,0.0,False
2011-07-18,2011-07-19,0,Overnight,0.0,False,20.15,20.15,106.95,False,0.0,False
2011-07-19,2011-07-20,0,Overnight,0.0,False,-6.14,-6.14,-114.07,False,0.0,False
2011-07-20,2011-07-21,0,Overnight,0.0,False,-22.2,-22.2,215.82,False,0.0,False
2011-07-21,2011-07-22,0,Overnight,0.0,False,-26.39,-26.39,209.88,False,0.0,False
2011-07-22,2011-07-25,2,Weekend,48.0,False,-79.09,-79.09,91.21,False,0.0,False
2011-07-25,2011-07-26,0,Overnight,0.0,False,-15.04,-15.04,72.06,False,0.0,False
2011-07-26,2011-07-27,0,Overnight,0.0,False,-86.15,-86.15,-162.7,False,0.0,False
2011-07-27,2011-07-28,0,Overnight,0.0,False,-33.49,-33.49,94.56,False,0.0,False
2011-07-28,2011-07-29,0,Overnight,0.0,False,-110.44,-110.44,-8.94,False,0.0,False
2011-07-29,2011-08-01,2,Weekend,48.0,False,123.96,123.96,-73.07,False,0.0,False
2011-08-01,2011-08-02,0,Overnight,0.0,False,-12.7,-12.7,-226.98,False,0.0,False
2011-08-02,2011-08-03,0,Overnight,0.0,False,31.52,31.52,115.44,False,0.0,False
2011-08-03,2011-08-04,0,Overnight,0.0,False,-111.57,-111.57,-289.78,False,0.0,False
2011-08-04,2011-08-05,0,Overnight,0.0,False,86.55,86.55,-60.26,False,0.0,False
2011-08-05,2011-08-08,2,Weekend,48.0,False,-281.27,-281.27,-305.89,False,0.0,False
2011-08-08,2011-08-09,0,Overnight,0.0,False,270.65,270.65,218.8,False,0.0,False
2011-08-09,2011-08-10,0,Overnight,0.0,False,-212.03,-212.03,-222.81,False,0.0,False
2011-08-10,2011-08-11,0,Overnight,0.0,False,87.23,87.23,148.93,False,0.0,False
2011-08-11,2011-08-12,0,Overnight,0.0,False,130.26,130.26,-101.12,False,0.0,False
2011-08-12,2011-08-15,2,Weekend,48.0,False,-185.11,-185.11,68.43,False,0.0,False
2011-08-15,2011-08-16,0,Overnight,0.0,False,-86.51,-86.51,-246.11,False,0.0,False
2011-08-16,2011-08-17,0,Overnight,0.0,False,19.09,19.09,-128.22,False,0.0,False
2011-08-17,2011-08-18,0,Overnight,0.0,False,-183.23,-183.23,-361.59,False,0.0,False
2011-08-18,2011-08-19,0,Overnight,0.0,False,-110.34,-110.34,-170.06,False,0.0,False
2011-08-19,2011-08-22,2,Weekend,48.0,False,262.95,262.95,-116.35,False,0.0,False
2011-08-22,2011-08-23,0,Overnight,0.0,False,106.42,106.42,299.73,False,0.0,False
2011-08-23,2011-08-24,0,Overnight,0.0,False,9.83,9.83,75.96,False,0.0,False
2011-08-24,2011-08-25,0,Overnight,0.0,False,134.58,134.58,-196.88,False,0.0,False
2011-08-25,2011-08-26,0,Overnight,0.0,False,-0.96,-0.96,131.25,False,0.0,False
2011-08-26,2011-08-29,2,Weekend,48.0,False,145.09,145.09,84.2,False,0.0,False
2011-08-29,2011-08-30,0,Overnight,0.0,False,-16.52,-16.52,46.53,False,0.0,False
2011-08-30,2011-08-31,0,Overnight,0.0,False,74.44,74.44,-69.63,False,0.0,False
2011-08-31,2011-09-01,0,Overnight,0.0,False,-3.88,-3.88,-153.74,False,0.0,False
2011-09-01,2011-09-02,0,Overnight,0.0,False,-151.95,-151.95,7.05,False,0.0,False
2011-09-02,2011-09-06,3,Long,72.0,False,-271.15,-271.15,220.34,False,0.0,False
2011-09-06,2011-09-07,0,Overnight,0.0,False,157.13,157.13,67.26,False,0.0,False
2011-09-07,2011-09-08,0,Overnight,0.0,False,-4.31,-4.31,21.71,False,0.0,False
2011-09-08,2011-09-09,0,Overnight,0.0,False,-66.77,-66.77,-124.03,False,0.0,False
2011-09-09,2011-09-12,2,Weekend,48.0,False,-132.14,-132.14,232.05,False,0.0,False
2011-09-12,2011-09-13,0,Overnight,0.0,False,35.4,35.4,-46.73,False,0.0,False
2011-09-13,2011-09-14,0,Overnight,0.0,False,57.81,57.81,-9.77,False,0.0,False
2011-09-14,2011-09-15,0,Overnight,0.0,False,64.26,64.26,130.98,False,0.0,False
2011-09-15,2011-09-16,0,Overnight,0.0,False,41.2,41.2,34.45,False,0.0,False
2011-09-16,2011-09-19,2,Weekend,48.0,False,-116.47,-116.47,116.28,False,0.0,False
2011-09-19,2011-09-20,0,Overnight,0.0,False,49.81,49.81,-50.55,False,0.0,False
2011-09-20,2011-09-21,0,Overnight,0.0,False,19.37,19.37,-156.23,False,0.0,False
2011-09-21,2011-09-22,0,Overnight,0.0,False,-243.1,-243.1,-106.79,False,0.0,False
2011-09-22,2011-09-23,0,Overnight,0.0,False,-79.06,-79.06,171.78,False,0.0,False
2011-09-23,2011-09-26,2,Weekend,48.0,False,33.06,33.06,87.62,False,0.0,False
2011-09-26,2011-09-27,0,Overnight,0.0,False,117.93,117.93,21.16,False,0.0,False
2011-09-27,2011-09-28,0,Overnight,0.0,False,39.97,39.97,-236.57,False,0.0,False
2011-09-28,2011-09-29,0,Overnight,0.0,False,135.23,135.23,-160.6,False,0.0,False
2011-09-29,2011-09-30,0,Overnight,0.0,False,-139.16,-139.16,-99.88,False,0.0,False
2011-09-30,2011-10-03,2,Weekend,48.0,False,-101.28,-101.28,-285.09,False,0.0,False
2011-10-03,2011-10-04,0,Overnight,0.0,False,-111.41,-111.41,239.34,False,0.0,False
2011-10-04,2011-10-05,0,Overnight,0.0,False,-111.2,-111.2,166.83,False,0.0,False
2011-10-05,2011-10-06,0,Overnight,0.0,False,55.33,55.33,141.07,False,0.0,False
2011-10-06,2011-10-07,0,Overnight,0.0,False,41.1,41.1,-33.14,False,0.0,False
2011-10-07,2011-10-10,2,Weekend,48.0,False,193.41,193.41,225.74,False,0.0,False
2011-10-10,2011-10-11,0,Overnight,0.0,False,-69.31,-69.31,180.57,False,0.0,False
2011-10-11,2011-10-12,0,Overnight,0.0,False,90.72,90.72,6.75,False,0.0,False
2011-10-12,2011-10-13,0,Overnight,0.0,False,27.86,27.86,161.59,False,0.0,False
2011-10-13,2011-10-14,0,Overnight,0.0,False,699.14,699.14,-130.8,False,0.0,False
2011-10-14,2011-10-17,2,Weekend,48.0,False,-135.45,-135.45,-22.47,False,0.0,False
2011-10-17,2011-10-18,0,Overnight,0.0,False,-38.19,-38.19,176.31,False,0.0,False
2011-10-18,2011-10-19,0,Overnight,0.0,False,-53.83,-53.83,-113.7,False,0.0,False
2011-10-19,2011-10-20,0,Overnight,0.0,False,20.64,20.64,30.37,False,0.0,False
2011-10-20,2011-10-21,0,Overnight,0.0,False,99.56,99.56,16.61,False,0.0,False
2011-10-21,2011-10-24,2,Weekend,48.0,False,-64.05,-64.05,163.97,False,0.0,False
2011-10-24,2011-10-25,0,Overnight,0.0,False,-55.82,-55.82,-169.01,False,0.0,False
2011-10-25,2011-10-26,0,Overnight,0.0,False,108.98,108.98,-55.11,False,0.0,False
2011-10-26,2011-10-27,0,Overnight,0.0,False,204.44,204.44,4.18,False,0.0,False
2011-10-27,2011-10-28,0,Overnight,0.0,False,-69.56,-69.56,94.09,False,0.0,False
2011-10-28,2011-10-31,2,Weekend,48.0,False,-84.5,-84.5,-41.26,False,0.0,False
2011-10-31,2011-11-01,0,Overnight,0.0,False,-213.87,-213.87,-25.03,False,0.0,False
2011-11-01,2011-11-02,0,Overnight,0.0,False,107.43,107.43,-1.37,False,0.0,False
2011-11-02,2011-11-03,0,Overnight,0.0,False,37.21,37.21,177.29,False,0.0,False
2011-11-03,2011-11-04,0,Overnight,0.0,False,-67.17,-67.17,44.38,False,0.0,False
2011-11-04,2011-11-07,2,Weekend,49.0,False,-47.42,-47.42,249.84,False,0.0,False
2011-11-07,2011-11-08,0,Overnight,0.0,False,11.01,11.01,54.69,False,0.0,False
2011-11-08,2011-11-09,0,Overnight,0.0,False,-132.83,-132.83,-54.93,False,0.0,False
2011-11-09,2011-11-10,0,Overnight,0.0,False,82.53,82.53,-180.69,False,0.0,False
2011-11-10,2011-11-11,0,Overnight,0.0,False,103.98,103.98,116.56,False,0.0,False
2011-11-11,2011-11-14,2,Weekend,48.0,False,-5.76,-5.76,81.9,False,0.0,False
2011-11-14,2011-11-15,0,Overnight,0.0,False,-3.26,-3.26,61.17,False,0.0,False
2011-11-15,2011-11-16,0,Overnight,0.0,False,-72.93,-72.93,-9.97,False,0.0,False
2011-11-16,2011-11-17,0,Overnight,0.0,False,-23.25,-23.25,-151.62,False,0.0,False
2011-11-17,2011-11-18,0,Overnight,0.0,False,18.79,18.79,-118.98,False,0.0,False
2011-11-18,2011-11-21,2,Weekend,48.0,False,-120.41,-120.41,-116.71,False,0.0,False
2011-11-21,2011-11-22,0,Overnight,0.0,False,-16.19,-16.19,0.0,False,0.0,False
2011-11-22,2011-11-23,0,Overnight,0.0,False,-80.5,-80.5,-91.49,False,0.0,False
2011-11-23,2011-11-25,1,Short,24.0,False,-86.67,-86.67,-38.82,False,0.0,False
2011-11-25,2011-11-28,2,Weekend,48.0,True,286.62,286.62,151.09,False,0.0,False
2011-11-28,2011-11-29,0,Overnight,0.0,False,-5.27,-5.27,-84.56,False,0.0,False
2011-11-29,2011-11-30,0,Overnight,0.0,False,254.4,254.4,24.05,False,0.0,False
2011-11-30,2011-12-01,0,Overnight,0.0,False,10.17,10.17,226.91,False,0.0,False
2011-12-01,2011-12-02,0,Overnight,0.0,False,53.3,53.3,53.5,False,0.0,False
2011-12-02,2011-12-05,2,Weekend,48.0,False,116.67,116.67,-31.76,False,0.0,False
2011-12-05,2011-12-06,0,Overnight,0.0,False,-42.61,-42.61,12.51,False,0.0,False
2011-12-06,2011-12-07,0,Overnight,0.0,False,-33.56,-33.56,27.47,False,0.0,False
2011-12-07,2011-12-08,0,Overnight,0.0,False,-37.77,-37.77,-80.67,False,0.0,False
2011-12-08,2011-12-09,0,Overnight,0.0,False,31.6,31.6,151.28,False,0.0,False
2011-12-09,2011-12-12,2,Weekend,48.0,False,-88.69,-88.69,56.28,False,0.0,False
2011-12-12,2011-12-13,0,Overnight,0.0,False,53.74,53.74,-49.91,False,0.0,False
2011-12-13,2011-12-14,0,Overnight,0.0,False,-60.6,-60.6,-60.97,False,0.0,False
2011-12-14,2011-12-15,0,Overnight,0.0,False,71.74,71.74,-47.99,False,0.0,False
2011-12-15,2011-12-16,0,Overnight,0.0,False,76.86,76.86,26.23,False,0.0,False
2011-12-16,2011-12-19,2,Weekend,48.0,False,32.7,32.7,-98.89,False,0.0,False
2011-12-19,2011-12-20,0,Overnight,0.0,False,98.73,98.73,37.67,False,0.0,False
2011-12-20,2011-12-21,0,Overnight,0.0,False,-5.71,-5.71,-66.73,False,0.0,False
2011-12-21,2011-12-22,0,Overnight,0.0,False,33.98,33.98,27.83,False,0.0,False
2011-12-22,2011-12-23,0,Overnight,0.0,False,36.46,36.46,18.02,False,0.0,False
2011-12-23,2011-12-27,3,Long,72.0,False,-17.23,-17.23,128.9,False,0.0,False
2011-12-27,2011-12-28,0,Overnight,0.0,False,38.97,38.97,-47.57,False,0.0,False
2011-12-28,2011-12-29,0,Overnight,0.0,False,27.94,27.94,14.18,False,0.0,False
2011-12-29,2011-12-30,0,Overnight,0.0,False,-5.92,-5.92,60.25,False,0.0,False
2011-12-30,2012-01-03,3,Long,72.0,False,108.41,108.41,189.18,False,0.0,False
2012-01-03,2012-01-04,0,Overnight,0.0,False,-5.71,-5.71,48.75,False,0.0,False
2012-01-04,2012-01-05,0,Overnight,0.0,False,-92.45,-92.45,-47.23,False,0.0,False
2012-01-05,2012-01-06,0,Overnight,0.0,False,2.12,2.12,-139.48,False,0.0,False
2012-01-06,2012-01-09,2,Weekend,48.0,False,-54.3,-54.3,-378.94,False,0.0,False
2012-01-09,2012-01-10,0,Overnight,0.0,False,116.44,116.44,-105.52,False,0.0,False
2012-01-10,2012-01-11,0,Overnight,0.0,False,5.78,5.78,39.38,False,0.0,False
2012-01-11,2012-01-12,0,Overnight,0.0,False,83.68,83.68,-25.06,False,0.0,False
2012-01-12,2012-01-13,0,Overnight,0.0,False,-53.83,-53.83,-20.3,False,0.0,False
2012-01-13,2012-01-17,3,Long,72.0,False,111.22,111.22,-53.94,False,0.0,False
2012-01-17,2012-01-18,0,Overnight,0.0,False,-31.07,-31.07,99.72,False,0.0,False
2012-01-18,2012-01-19,0,Overnight,0.0,False,126.86,126.86,-22.18,False,0.0,False
2012-01-19,2012-01-20,0,Overnight,0.0,False,-797.76,-797.76,-77.18,False,0.0,False
2012-01-20,2012-01-23,2,Weekend,48.0,False,0.17,0.17,-8.19,False,0.0,False
2012-01-23,2012-01-24,0,Overnight,0.0,False,13.65,13.65,-92.35,False,0.0,False
2012-01-24,2012-01-25,0,Overnight,0.0,False,-59.05,-59.05,-139.84,False,0.0,False
2012-01-25,2012-01-26,0,Overnight,0.0,False,43.63,43.63,-68.07,False,0.0,False
2012-01-26,2012-01-27,0,Overnight,0.0,False,47.06,47.06,159.9,False,0.0,False
2012-01-27,2012-01-30,2,Weekend,48.0,False,-33.33,-33.33,-6.23,False,0.0,False
2012-01-30,2012-01-31,0,Overnight,0.0,False,91.5,91.5,-49.69,False,0.0,False
2012-01-31,2012-02-01,0,Overnight,0.0,False,82.92,82.92,-70.51,False,0.0,False
2012-02-01,2012-02-02,0,Overnight,0.0,False,69.31,69.31,4.1,False,0.0,False
2012-02-02,2012-02-03,0,Overnight,0.0,False,94.41,94.41,95.54,False,0.0,False
2012-02-03,2012-02-06,2,Weekend,48.0,False,-22.16,-22.16,233.88,False,0.0,False
2012-02-06,2012-02-07,0,Overnight,0.0,False,-31.9,-31.9,-6.26,False,0.0,False
2012-02-07,2012-02-08,0,Overnight,0.0,False,30.77,30.77,19.86,False,0.0,False
2012-02-08,2012-02-09,0,Overnight,0.0,False,35.52,35.52,-9.15,False,0.0,False
2012-02-09,2012-02-10,0,Overnight,0.0,False,-58.72,-58.72,-32.46,False,0.0,False
2012-02-10,2012-02-13,2,Weekend,48.0,False,75.47,75.47,27.81,False,0.0,False
2012-02-13,2012-02-14,0,Overnight,0.0,False,-10.79,-10.79,-29.15,False,0.0,False
2012-02-14,2012-02-15,0,Overnight,0.0,False,51.85,51.85,-120.97,False,0.0,False
2012-02-15,2012-02-16,0,Overnight,0.0,False,-45.35,-45.35,61.19,False,0.0,False
2012-02-16,2012-02-17,0,Overnight,0.0,False,-25.59,-25.59,-5.46,False,0.0,False
2012-02-17,2012-02-21,3,Long,72.0,False,-12.74,-12.74,166.36,False,0.0,False
2012-02-21,2012-02-22,0,Overnight,0.0,False,-33.28,-33.28,-65.91,False,0.0,False
2012-02-22,2012-02-23,0,Overnight,0.0,False,-15.47,-15.47,-14.67,False,0.0,False
2012-02-23,2012-02-24,0,Overnight,0.0,False,20.44,20.44,41.9,False,0.0,False
2012-02-24,2012-02-27,2,Weekend,48.0,False,-54.42,-54.42,44.74,False,0.0,False
2012-02-27,2012-02-28,0,Overnight,0.0,False,11.32,11.32,136.6,False,0.0,False
2012-02-28,2012-02-29,0,Overnight,0.0,False,3.4,3.4,-5.66,False,0.0,False
2012-02-29,2012-03-01,0,Overnight,0.0,False,64.65,64.65,2.25,False,0.0,False
2012-03-01,2012-03-02,0,Overnight,0.0,False,-6.43,-6.43,-12.07,False,0.0,False
2012-03-02,2012-03-05,2,Weekend,48.0,False,-13.21,-13.21,-100.11,False,0.0,False
2012-03-05,2012-03-06,0,Overnight,0.0,False,-101.45,-101.45,-50.95,False,0.0,False
2012-03-06,2012-03-07,0,Overnight,0.0,False,67.38,67.38,-37.01,False,0.0,False
2012-03-07,2012-03-08,0,Overnight,0.0,False,53.25,53.25,-47.65,False,0.0,False
2012-03-08,2012-03-09,0,Overnight,0.0,False,13.33,13.33,-127.46,False,0.0,False
2012-03-09,2012-03-12,2,Weekend,47.0,False,-4.17,-4.17,85.47,False,0.0,False
2012-03-12,2012-03-13,0,Overnight,0.0,False,59.31,59.31,147.25,False,0.0,False
2012-03-13,2012-03-14,0,Overnight,0.0,False,-45.1,-45.1,16.08,False,0.0,False
2012-03-14,2012-03-15,0,Overnight,0.0,False,9.9,9.9,73.2,False,0.0,False
2012-03-15,2012-03-16,0,Overnight,0.0,False,-3.86,-3.86,66.62,False,0.0,False
2012-03-16,2012-03-19,2,Weekend,48.0,False,-30.77,-30.77,172.78,False,0.0,False
2012-03-19,2012-03-20,0,Overnight,0.0,False,-48.38,-48.38,40.65,False,0.0,False
2012-03-20,2012-03-21,0,Overnight,0.0,False,17.66,17.66,84.26,False,0.0,False
2012-03-21,2012-03-22,0,Overnight,0.0,False,-23.15,-23.15,117.55,False,0.0,False
2012-03-22,2012-03-23,0,Overnight,0.0,False,8.51,8.51,-62.21,False,0.0,False
2012-03-23,2012-03-26,2,Weekend,48.0,False,37.43,37.43,66.91,False,0.0,False
2012-03-26,2012-03-27,0,Overnight,0.0,False,-35.48,-35.48,-0.15,False,0.0,False
2012-03-27,2012-03-28,0,Overnight,0.0,False,77.13,77.13,57.04,False,0.0,False
2012-03-28,2012-03-29,0,Overnight,0.0,False,-35.44,-35.44,-77.27,False,0.0,False
2012-03-29,2012-03-30,0,Overnight,0.0,False,51.38,51.38,-162.57,False,0.0,False
2012-03-30,2012-04-02,2,Weekend,48.0,False,-7.33,-7.33,95.52,False,0.0,False
2012-04-02,2012-04-03,0,Overnight,0.0,False,-23.37,-23.37,-43.32,False,0.0,False
2012-04-03,2012-04-04,0,Overnight,0.0,False,-65.1,-65.1,-51.82,False,0.0,False
2012-04-04,2012-04-05,0,Overnight,0.0,False,-45.92,-45.92,1.27,False,0.0,False
2012-04-05,2012-04-09,3,Long,72.0,False,-60.91,-60.91,37.48,False,0.0,False
2012-04-09,2012-04-10,0,Overnight,0.0,False,42.39,42.39,-105.68,False,0.0,False
2012-04-10,2012-04-11,0,Overnight,0.0,False,112.78,112.78,31.34,False,0.0,False
2012-04-11,2012-04-12,0,Overnight,0.0,False,99.98,99.98,133.92,False,0.0,False
2012-04-12,2012-04-13,0,Overnight,0.0,False,-53.29,-53.29,-360.84,False,0.0,False
2012-04-13,2012-04-16,2,Weekend,48.0,False,-25.65,-25.65,-275.51,False,0.0,False
2012-04-16,2012-04-17,0,Overnight,0.0,False,41.0,41.0,16.58,False,0.0,False
2012-04-17,2012-04-18,0,Overnight,0.0,False,-24.97,-24.97,-9.87,False,0.0,False
2012-04-18,2012-04-19,0,Overnight,0.0,False,-29.02,-29.02,-106.06,False,0.0,False
2012-04-19,2012-04-20,0,Overnight,0.0,False,82.26,82.26,-136.47,False,0.0,False
2012-04-20,2012-04-23,2,Weekend,48.0,False,-53.16,-53.16,78.96,False,0.0,False
2012-04-23,2012-04-24,0,Overnight,0.0,False,10.7,10.7,50.52,False,0.0,False
2012-04-24,2012-04-25,0,Overnight,0.0,False,45.3,45.3,94.26,False,0.0,False
2012-04-25,2012-04-26,0,Overnight,0.0,False,19.5,19.5,74.37,False,0.0,False
2012-04-26,2012-04-27,0,Overnight,0.0,False,-7.31,-7.31,-0.65,False,0.0,False
2012-04-27,2012-04-30,2,Weekend,48.0,False,-32.41,-32.41,-133.68,False,0.0,False
2012-04-30,2012-05-01,0,Overnight,0.0,False,-17.54,-17.54,10.59,False,0.0,False
2012-05-01,2012-05-02,0,Overnight,0.0,False,-53.58,-53.58,100.29,False,0.0,False
2012-05-02,2012-05-03,0,Overnight,0.0,False,38.79,38.79,22.94,False,0.0,False
2012-05-03,2012-05-04,0,Overnight,0.0,False,-83.82,-83.82,-148.81,False,0.0,False
2012-05-04,2012-05-07,2,Weekend,48.0,False,-33.05,-33.05,208.73,False,0.0,False
2012-05-07,2012-05-08,0,Overnight,0.0,False,-33.3,-33.3,119.18,False,0.0,False
2012-05-08,2012-05-09,0,Overnight,0.0,False,-97.9,-97.9,38.32,False,0.0,False
2012-05-09,2012-05-10,0,Overnight,0.0,False,62.35,62.35,11.41,False,0.0,False
2012-05-10,2012-05-11,0,Overnight,0.0,False,-54.08,-54.08,-84.24,False,0.0,False
2012-05-11,2012-05-14,2,Weekend,48.0,False,-73.8,-73.8,53.45,False,0.0,False
2012-05-14,2012-05-15,0,Overnight,0.0,False,22.33,22.33,94.7,False,0.0,False
2012-05-15,2012-05-16,0,Overnight,0.0,False,111.47,111.47,175.96,False,0.0,False
2012-05-16,2012-05-17,0,Overnight,0.0,False,77.61,77.61,-171.54,False,0.0,False
2012-05-17,2012-05-18,0,Overnight,0.0,False,32.85,32.85,-403.16,False,0.0,False
2012-05-18,2012-05-21,2,Weekend,48.0,False,1.83,1.83,223.95,False,0.0,False
2012-05-21,2012-05-22,0,Overnight,0.0,False,-10.92,-10.92,-208.2,False,0.0,False
2012-05-22,2012-05-23,0,Overnight,0.0,False,14.14,14.14,128.97,False,0.0,False
2012-05-23,2012-05-24,0,Overnight,0.0,False,-4.92,-4.92,-90.7,False,0.0,False
2012-05-24,2012-05-25,0,Overnight,0.0,False,-44.16,-44.16,-158.83,False,0.0,False
2012-05-25,2012-05-29,3,Long,72.0,False,72.09,72.09,-24.7,False,0.0,False
2012-05-29,2012-05-30,0,Overnight,0.0,False,-104.52,-104.52,1.19,False,0.0,False
2012-05-30,2012-05-31,0,Overnight,0.0,False,8.33,8.33,-134.41,False,0.0,False
2012-05-31,2012-06-01,0,Overnight,0.0,False,-157.38,-157.38,-14.18,False,0.0,False
2012-06-01,2012-06-04,2,Weekend,48.0,False,-13.32,-13.32,145.72,False,0.0,False
2012-06-04,2012-06-05,0,Overnight,0.0,False,-54.42,-54.42,-87.97,False,0.0,False
2012-06-05,2012-06-06,0,Overnight,0.0,False,105.85,105.85,70.7,False,0.0,False
2012-06-06,2012-06-07,0,Overnight,0.0,False,120.36,120.36,-160.75,False,0.0,False
2012-06-07,2012-06-08,0,Overnight,0.0,False,-41.24,-41.24,79.56,False,0.0,False
2012-06-08,2012-06-11,2,Weekend,48.0,False,64.57,64.57,-272.59,False,0.0,False
2012-06-11,2012-06-12,0,Overnight,0.0,False,22.31,22.31,-82.3,False,0.0,False
2012-06-12,2012-06-13,0,Overnight,0.0,False,-59.99,-59.99,-11.22,False,0.0,False
2012-06-13,2012-06-14,0,Overnight,0.0,False,3.74,3.74,-40.17,False,0.0,False
2012-06-14,2012-06-15,0,Overnight,0.0,False,23.05,23.05,74.14,False,0.0,False
2012-06-15,2012-06-18,2,Weekend,48.0,False,-33.54,-33.54,145.22,False,0.0,False
2012-06-18,2012-06-19,0,Overnight,0.0,False,47.88,47.88,137.48,False,0.0,False
2012-06-19,2012-06-20,0,Overnight,0.0,False,-29.62,-29.62,-39.75,False,0.0,False
2012-06-20,2012-06-21,0,Overnight,0.0,False,40.26,40.26,-255.55,False,0.0,False
2012-06-21,2012-06-22,0,Overnight,0.0,False,49.24,49.24,61.08,False,0.0,False
2012-06-22,2012-06-25,2,Weekend,48.0,False,-72.88,-72.88,-117.55,False,0.0,False
2012-06-25,2012-06-26,0,Overnight,0.0,False,36.67,36.67,34.06,False,0.0,False
2012-06-26,2012-06-27,0,Overnight,0.0,False,53.34,53.34,28.14,False,0.0,False
2012-06-27,2012-06-28,0,Overnight,0.0,False,-59.9,-59.9,-28.14,False,0.0,False
2012-06-28,2012-06-29,0,Overnight,0.0,False,186.97,186.97,88.48,False,0.0,False
2012-06-29,2012-07-02,2,Weekend,48.0,False,30.12,30.12,-23.23,False,0.0,False
2012-07-02,2012-07-03,0,Overnight,0.0,False,-7.93,-7.93,133.92,False,0.0,False
2012-07-03,2012-07-05,1,Short,24.0,True,15.81,15.81,120.88,False,0.0,False
2012-07-05,2012-07-06,0,Overnight,0.0,False,-58.4,-58.4,-109.81,False,0.0,False
2012-07-06,2012-07-09,2,Weekend,48.0,False,-17.59,-17.59,18.11,False,0.0,False
2012-07-09,2012-07-10,0,Overnight,0.0,False,71.08,71.08,-144.9,False,0.0,False
2012-07-10,2012-07-11,0,Overnight,0.0,False,-93.26,-93.26,-89.06,False,0.0,False
2012-07-11,2012-07-12,0,Overnight,0.0,False,-71.51,-71.51,59.07,False,0.0,False
2012-07-12,2012-07-13,0,Overnight,0.0,False,29.23,29.23,76.09,False,0.0,False
2012-07-13,2012-07-16,2,Weekend,48.0,False,-2.6,-2.6,-25.19,False,0.0,False
2012-07-16,2012-07-17,0,Overnight,0.0,False,60.87,60.87,-29.43,False,0.0,False
2012-07-17,2012-07-18,0,Overnight,0.0,False,4.33,4.33,65.3,False,0.0,False
2012-07-18,2012-07-19,0,Overnight,0.0,False,92.21,92.21,117.37,False,0.0,False
2012-07-19,2012-07-20,0,Overnight,0.0,False,261.29,261.29,33.78,False,0.0,False
2012-07-20,2012-07-23,2,Weekend,48.0,False,-170.73,-170.73,247.22,False,0.0,False
2012-07-23,2012-07-24,0,Overnight,0.0,False,-8.29,-8.29,-121.55,False,0.0,False
2012-07-24,2012-07-25,0,Overnight,0.0,False,12.34,12.34,-5.43,False,0.0,False
2012-07-25,2012-07-26,0,Overnight,0.0,False,114.64,114.64,-26.7,False,0.0,False
2012-07-26,2012-07-27,0,Overnight,0.0,False,89.76,89.76,256.34,False,0.0,False
2012-07-27,2012-07-30,2,Weekend,48.0,False,17.15,17.15,-59.13,False,0.0,False
2012-07-30,2012-07-31,0,Overnight,0.0,False,-64.1,-64.1,74.69,False,0.0,False
2012-07-31,2012-08-01,0,Overnight,0.0,False,68.17,68.17,-72.76,False,0.0,False
2012-08-01,2012-08-02,0,Overnight,0.0,False,-113.97,-113.97,51.66,False,0.0,False
2012-08-02,2012-08-03,0,Overnight,0.0,False,177.34,177.34,20.76,False,0.0,False
2012-08-03,2012-08-06,2,Weekend,48.0,False,-26.86,-26.86,50.06,False,0.0,False
2012-08-06,2012-08-07,0,Overnight,0.0,False,-16.04,-16.04,-19.49,False,0.0,False
2012-08-07,2012-08-08,0,Overnight,0.0,False,-23.29,-23.29,49.64,False,0.0,False
2012-08-08,2012-08-09,0,Overnight,0.0,False,35.44,35.44,-33.57,False,0.0,False
2012-08-09,2012-08-10,0,Overnight,0.0,False,-58.71,-58.71,53.26,False,0.0,False
2012-08-10,2012-08-13,2,Weekend,48.0,False,84.07,84.07,192.6,False,0.0,False
2012-08-13,2012-08-14,0,Overnight,0.0,False,-11.52,-11.52,141.73,False,0.0,False
2012-08-14,2012-08-15,0,Overnight,0.0,False,24.2,24.2,-40.96,False,0.0,False
2012-08-15,2012-08-16,0,Overnight,0.0,False,-0.45,-0.45,79.98,False,0.0,False
2012-08-16,2012-08-17,0,Overnight,0.0,False,18.56,18.56,44.7,False,0.0,False
2012-08-17,2012-08-20,2,Weekend,48.0,False,-24.25,-24.25,0.59,False,0.0,False
2012-08-20,2012-08-21,0,Overnight,0.0,False,-36.04,-36.04,-53.63,False,0.0,False
2012-08-21,2012-08-22,0,Overnight,0.0,False,-31.87,-31.87,145.78,False,0.0,False
2012-08-22,2012-08-23,0,Overnight,0.0,False,-43.06,-43.06,37.45,False,0.0,False
2012-08-23,2012-08-24,0,Overnight,0.0,False,-17.75,-17.75,44.75,False,0.0,False
2012-08-24,2012-08-27,2,Weekend,48.0,False,-233.16,-233.16,93.53,False,0.0,False
2012-08-27,2012-08-28,0,Overnight,0.0,False,-63.26,-63.26,182.53,False,0.0,False
2012-08-28,2012-08-29,0,Overnight,0.0,False,1.77,1.77,155.86,False,0.0,False
2012-08-29,2012-08-30,0,Overnight,0.0,False,-54.95,-54.95,-37.48,False,0.0,False
2012-08-30,2012-08-31,0,Overnight,0.0,False,33.98,33.98,15.92,False,0.0,False
2012-08-31,2012-09-04,3,Long,72.0,False,-7.89,-7.89,-51.41,False,0.0,False
2012-09-04,2012-09-05,0,Overnight,0.0,False,-15.28,-15.28,10.58,False,0.0,False
2012-09-05,2012-09-06,0,Overnight,0.0,False,76.68,76.68,194.03,False,0.0,False
2012-09-06,2012-09-07,0,Overnight,0.0,False,8.58,8.58,87.47,False,0.0,False
2012-09-07,2012-09-10,2,Weekend,48.0,False,50.99,50.99,-127.47,False,0.0,False
2012-09-10,2012-09-11,0,Overnight,0.0,False,-40.18,-40.18,-83.01,False,0.0,False
2012-09-11,2012-09-12,0,Overnight,0.0,False,-40.24,-40.24,21.3,False,0.0,False
2012-09-12,2012-09-13,0,Overnight,0.0,False,31.94,31.94,185.12,False,0.0,False
2012-09-13,2012-09-14,0,Overnight,0.0,False,50.29,50.29,1.13,False,0.0,False
2012-09-14,2012-09-17,2,Weekend,48.0,False,-22.15,-22.15,26.37,False,0.0,False
2012-09-17,2012-09-18,0,Overnight,0.0,False,-31.03,-31.03,147.26,False,0.0,False
2012-09-18,2012-09-19,0,Overnight,0.0,False,-10.87,-10.87,138.41,False,0.0,False
2012-09-19,2012-09-20,0,Overnight,0.0,False,-41.74,-41.74,50.25,False,0.0,False
2012-09-20,2012-09-21,0,Overnight,0.0,False,56.01,56.01,24.28,False,0.0,False
2012-09-21,2012-09-24,2,Weekend,48.0,False,-40.82,-40.82,248.33,False,0.0,False
2012-09-24,2012-09-25,0,Overnight,0.0,False,48.85,48.85,-51.79,False,0.0,False
2012-09-25,2012-09-26,0,Overnight,0.0,False,9.21,9.21,48.03,False,0.0,False
2012-09-26,2012-09-27,0,Overnight,0.0,False,85.77,85.77,-45.5,False,0.0,False
2012-09-27,2012-09-28,0,Overnight,0.0,False,-31.11,-31.11,4.64,False,0.0,False
2012-09-28,2012-10-01,2,Weekend,48.0,False,60.12,60.12,35.9,False,0.0,False
2012-10-01,2012-10-02,0,Overnight,0.0,False,44.79,44.79,-107.87,False,0.0,False
2012-10-02,2012-10-03,0,Overnight,0.0,False,-16.79,-16.79,89.31,False,0.0,False
2012-10-03,2012-10-04,0,Overnight,0.0,False,3.28,3.28,69.25,False,0.0,False
2012-10-04,2012-10-05,0,Overnight,0.0,False,34.57,34.57,-39.78,False,0.0,False
2012-10-05,2012-10-08,2,Weekend,48.0,False,-87.01,-87.01,-41.61,False,0.0,False
2012-10-08,2012-10-09,0,Overnight,0.0,False,24.12,24.12,-207.22,False,0.0,False
2012-10-09,2012-10-10,0,Overnight,0.0,False,-30.01,-30.01,36.33,False,0.0,False
2012-10-10,2012-10-11,0,Overnight,0.0,False,111.39,111.39,-18.88,False,0.0,False
2012-10-11,2012-10-12,0,Overnight,0.0,False,4.92,4.92,-94.88,False,0.0,False
2012-10-12,2012-10-15,2,Weekend,48.0,False,-37.8,-37.8,-12.95,False,0.0,False
2012-10-15,2012-10-16,0,Overnight,0.0,False,-11.48,-11.48,61.56,False,0.0,False
2012-10-16,2012-10-17,0,Overnight,0.0,False,-10.08,-10.08,153.93,False,0.0,False
2012-10-17,2012-10-18,0,Overnight,0.0,False,0.66,0.66,-835.21,False,0.0,False
2012-10-18,2012-10-19,0,Overnight,0.0,False,151.08,151.08,-342.99,False,0.0,False
2012-10-19,2012-10-22,2,Weekend,48.0,False,-11.45,-11.45,-34.42,False,0.0,False
2012-10-22,2012-10-23,0,Overnight,0.0,False,-98.62,-98.62,123.34,False,0.0,False
2012-10-23,2012-10-24,0,Overnight,0.0,False,94.36,94.36,-139.29,False,0.0,False
2012-10-24,2012-10-25,0,Overnight,0.0,False,39.78,39.78,-33.0,False,0.0,False
2012-10-25,2012-10-26,0,Overnight,0.0,False,-18.61,-18.61,-19.98,False,0.0,False
2012-10-26,2012-10-31,4,Long,96.0,False,69.52,69.52,6.47,False,0.0,False
2012-10-31,2012-11-01,0,Overnight,0.0,False,-11.77,-11.77,118.35,False,0.0,False
2012-11-01,2012-11-02,0,Overnight,0.0,False,104.17,104.17,-99.37,False,0.0,False
2012-11-02,2012-11-05,2,Weekend,49.0,False,-49.84,-49.84,-22.52,False,0.0,False
2012-11-05,2012-11-06,0,Overnight,0.0,False,36.83,36.83,-55.0,False,0.0,False
2012-11-06,2012-11-07,0,Overnight,0.0,False,-99.06,-99.06,-117.43,False,0.0,False
2012-11-07,2012-11-08,0,Overnight,0.0,False,46.06,46.06,-270.87,False,0.0,False
2012-11-08,2012-11-09,0,Overnight,0.0,False,36.11,36.11,127.19,False,0.0,False
2012-11-09,2012-11-12,2,Weekend,48.0,False,10.85,10.85,32.34,False,0.0,False
2012-11-12,2012-11-13,0,Overnight,0.0,False,-43.64,-43.64,-59.76,False,0.0,False
2012-11-13,2012-11-14,0,Overnight,0.0,False,24.4,24.4,-123.52,False,0.0,False
2012-11-14,2012-11-15,0,Overnight,0.0,False,-39.15,-39.15,-42.24,False,0.0,False
2012-11-15,2012-11-16,0,Overnight,0.0,False,-19.64,-19.64,18.4,False,0.0,False
2012-11-16,2012-11-19,2,Weekend,48.0,False,130.79,130.79,188.99,False,0.0,False
2012-11-19,2012-11-20,0,Overnight,0.0,False,19.44,19.44,6.87,False,0.0,False
2012-11-20,2012-11-21,0,Overnight,0.0,False,-14.64,-14.64,-46.75,False,0.0,False
2012-11-21,2012-11-23,1,Short,24.0,False,61.39,61.39,-29.9,False,0.0,False
2012-11-23,2012-11-26,2,Weekend,48.0,True,-22.93,-22.93,-79.69,False,0.0,False
2012-11-26,2012-11-27,0,Overnight,0.0,False,-14.83,-14.83,158.39,False,0.0,False
2012-11-27,2012-11-28,0,Overnight,0.0,False,-40.34,-40.34,231.72,False,0.0,False
2012-11-28,2012-11-29,0,Overnight,0.0,False,59.94,59.94,59.58,False,0.0,False
2012-11-29,2012-11-30,0,Overnight,0.0,False,-8.39,-8.39,101.61,False,0.0,False
2012-11-30,2012-12-03,2,Weekend,48.0,False,55.26,55.26,-100.04,False,0.0,False
2012-12-03,2012-12-04,0,Overnight,0.0,False,-3.6,-3.6,-57.29,False,0.0,False
2012-12-04,2012-12-05,0,Overnight,0.0,False,16.2,16.2,-62.76,False,0.0,False
2012-12-05,2012-12-06,0,Overnight,0.0,False,-3.34,-3.34,51.35,False,0.0,False
2012-12-06,2012-12-07,0,Overnight,0.0,False,55.84,55.84,-156.47,False,0.0,False
2012-12-07,2012-12-10,2,Weekend,48.0,False,17.23,17.23,0.44,False,0.0,False
2012-12-10,2012-12-11,0,Overnight,0.0,False,66.6,66.6,99.22,False,0.0,False
2012-12-11,2012-12-12,0,Overnight,0.0,False,33.66,33.66,-23.91,False,0.0,False
2012-12-12,2012-12-13,0,Overnight,0.0,False,259.8,259.8,-186.38,False,0.0,False
2012-12-13,2012-12-14,0,Overnight,0.0,False,-50.36,-50.36,39.83,False,0.0,False
2012-12-14,2012-12-17,2,Weekend,48.0,False,50.3,50.3,214.27,False,0.0,False
2012-12-17,2012-12-18,0,Overnight,0.0,False,-58.16,-58.16,62.18,False,0.0,False
2012-12-18,2012-12-19,0,Overnight,0.0,False,-4.99,-4.99,-8.33,False,0.0,False
2012-12-19,2012-12-20,0,Overnight,0.0,False,43.65,43.65,-12.45,False,0.0,False
2012-12-20,2012-12-21,0,Overnight,0.0,False,-116.83,-116.83,23.22,False,0.0,False
2012-12-21,2012-12-24,2,Weekend,48.0,False,-15.66,-15.66,-70.36,False,0.0,False
2012-12-24,2012-12-26,1,Short,24.0,True,-20.18,-20.18,11.29,False,0.0,False
2012-12-26,2012-12-27,0,Overnight,0.0,False,-24.43,-24.43,-12.03,False,0.0,False
2012-12-27,2012-12-28,0,Overnight,0.0,False,-65.34,-65.34,-23.97,False,0.0,False
2012-12-28,2012-12-31,2,Weekend,48.0,False,-0.14,-0.14,104.88,False,0.0,False
2012-12-31,2013-01-02,1,Short,24.0,False,168.77,168.77,53.1,False,0.0,False
2013-01-02,2013-01-03,0,Overnight,0.0,False,23.2,23.2,-17.4,False,0.0,False
2013-01-03,2013-01-04,0,Overnight,0.0,False,78.05,78.05,117.63,False,0.0,False
2013-01-04,2013-01-07,2,Weekend,48.0,False,-34.21,-34.21,-9.52,False,0.0,False
2013-01-07,2013-01-08,0,Overnight,0.0,False,10.75,10.75,-30.5,False,0.0,False
2013-01-08,2013-01-09,0,Overnight,0.0,False,-14.06,-14.06,79.57,False,0.0,False
2013-01-09,2013-01-10,0,Overnight,0.0,False,63.61,63.61,-18.19,False,0.0,False
2013-01-10,2013-01-11,0,Overnight,0.0,False,7.01,7.01,-27.13,False,0.0,False
2013-01-11,2013-01-14,2,Weekend,48.0,False,-40.49,-40.49,-188.33,False,0.0,False
2013-01-14,2013-01-15,0,Overnight,0.0,False,-54.35,-54.35,77.55,False,0.0,False
2013-01-15,2013-01-16,0,Overnight,0.0,False,-34.96,-34.96,-100.31,False,0.0,False
2013-01-16,2013-01-17,0,Overnight,0.0,False,35.17,35.17,-89.43,False,0.0,False
2013-01-17,2013-01-18,0,Overnight,0.0,False,-13.5,-13.5,-82.69,False,0.0,False
2013-01-18,2013-01-22,3,Long,72.0,False,2.13,2.13,-25.44,False,0.0,False
2013-01-22,2013-01-23,0,Overnight,0.0,False,460.45,460.45,74.59,False,0.0,False
2013-01-23,2013-01-24,0,Overnight,0.0,False,-3.51,-3.51,173.46,False,0.0,False
2013-01-24,2013-01-25,0,Overnight,0.0,False,-45.72,-45.72,38.55,False,0.0,False
2013-01-25,2013-01-28,2,Weekend,48.0,False,-25.37,-25.37,-13.71,False,0.0,False
2013-01-28,2013-01-29,0,Overnight,0.0,False,-53.16,-53.16,92.37,False,0.0,False
2013-01-29,2013-01-30,0,Overnight,0.0,False,0.8,0.8,1.19,False,0.0,False
2013-01-30,2013-01-31,0,Overnight,0.0,False,-44.14,-44.14,68.78,False,0.0,False
2013-01-31,2013-02-01,0,Overnight,0.0,False,33.16,33.16,226.9,False,0.0,False
2013-02-01,2013-02-04,2,Weekend,48.0,False,-102.51,-102.51,-113.58,False,0.0,False
2013-02-04,2013-02-05,0,Overnight,0.0,False,27.76,27.76,60.39,False,0.0,False
2013-02-05,2013-02-06,0,Overnight,0.0,False,-87.49,-87.49,145.17,False,0.0,False
2013-02-06,2013-02-07,0,Overnight,0.0,False,-6.1,-6.1,55.06,False,0.0,False
2013-02-07,2013-02-08,0,Overnight,0.0,False,79.53,79.53,66.94,False,0.0,False
2013-02-08,2013-02-11,2,Weekend,48.0,False,-89.14,-89.14,51.51,False,0.0,False
2013-02-11,2013-02-12,0,Overnight,0.0,False,-8.57,-8.57,-13.44,False,0.0,False
2013-02-12,2013-02-13,0,Overnight,0.0,False,-7.3,-7.3,34.93,False,0.0,False
2013-02-13,2013-02-14,0,Overnight,0.0,False,-40.06,-40.06,103.22,False,0.0,False
2013-02-14,2013-02-15,0,Overnight,0.0,False,-5.33,-5.33,69.48,False,0.0,False
2013-02-15,2013-02-19,3,Long,72.0,False,39.02,39.02,135.51,False,0.0,False
2013-02-19,2013-02-20,0,Overnight,0.0,False,-19.23,-19.23,-160.73,False,0.0,False
2013-02-20,2013-02-21,0,Overnight,0.0,False,69.67,69.67,-31.0,False,0.0,False
2013-02-21,2013-02-22,0,Overnight,0.0,False,46.78,46.78,5.63,False,0.0,False
2013-02-22,2013-02-25,2,Weekend,48.0,False,32.33,32.33,-144.75,False,0.0,False
2013-02-25,2013-02-26,0,Overnight,0.0,False,53.35,53.35,-61.45,False,0.0,False
2013-02-26,2013-02-27,0,Overnight,0.0,False,58.93,58.93,62.46,False,0.0,False
2013-02-27,2013-02-28,0,Overnight,0.0,False,16.49,16.49,1.25,False,0.0,False
2013-02-28,2013-03-01,0,Overnight,0.0,False,-42.53,-42.53,104.61,False,0.0,False
2013-03-01,2013-03-04,2,Weekend,48.0,False,-11.05,-11.05,199.17,False,0.0,False
2013-03-04,2013-03-05,0,Overnight,0.0,False,90.04,90.04,115.98,False,0.0,False
2013-03-05,2013-03-06,0,Overnight,0.0,False,28.93,28.93,-115.4,False,0.0,False
2013-03-06,2013-03-07,0,Overnight,0.0,False,32.18,32.18,-17.52,False,0.0,False
2013-03-07,2013-03-08,0,Overnight,0.0,False,22.79,22.79,-35.77,False,0.0,False
2013-03-08,2013-03-11,2,Weekend,47.0,False,2.04,2.04,37.56,False,0.0,False
2013-03-11,2013-03-12,0,Overnight,0.0,False,-49.35,-49.35,-37.39,False,0.0,False
2013-03-12,2013-03-13,0,Overnight,0.0,False,3.5,3.5,-31.33,False,0.0,False
2013-03-13,2013-03-14,0,Overnight,0.0,False,20.34,20.34,-66.12,False,0.0,False
2013-03-14,2013-03-15,0,Overnight,0.0,False,-37.07,-37.07,-51.45,False,0.0,False
2013-03-15,2013-03-18,2,Weekend,48.0,False,-114.87,-114.87,34.6,False,0.0,False
2013-03-18,2013-03-19,0,Overnight,0.0,False,42.62,42.62,0.99,False,0.0,False
2013-03-19,2013-03-20,0,Overnight,0.0,False,67.68,67.68,-25.99,False,0.0,False
2013-03-20,2013-03-21,0,Overnight,0.0,False,-42.07,-42.07,-0.37,False,0.0,False
2013-03-21,2013-03-22,0,Overnight,0.0,False,42.8,42.8,-54.52,False,0.0,False
2013-03-22,2013-03-25,2,Weekend,48.0,False,25.88,25.88,-34.16,False,0.0,False
2013-03-25,2013-03-26,0,Overnight,0.0,False,47.56,47.56,-13.28,False,0.0,False
2013-03-26,2013-03-27,0,Overnight,0.0,False,-70.9,-70.9,-49.96,False,0.0,False
2013-03-27,2013-03-28,0,Overnight,0.0,False,16.56,16.56,-122.64,False,0.0,False
2013-03-28,2013-04-01,3,Long,72.0,False,10.32,10.32,77.43,False,0.0,False
2013-04-01,2013-04-02,0,Overnight,0.0,False,41.73,41.73,105.1,False,0.0,False
2013-04-02,2013-04-03,0,Overnight,0.0,False,5.16,5.16,-89.65,False,0.0,False
2013-04-03,2013-04-04,0,Overnight,0.0,False,-24.22,-24.22,-114.8,False,0.0,False
2013-04-04,2013-04-05,0,Overnight,0.0,False,-113.97,-113.97,-38.37,False,0.0,False
2013-04-05,2013-04-08,2,Weekend,48.0,False,-55.07,-55.07,-50.21,False,0.0,False
2013-04-08,2013-04-09,0,Overnight,0.0,False,8.39,8.39,27.69,False,0.0,False
2013-04-09,2013-04-10,0,Overnight,0.0,False,67.54,67.54,92.3,False,0.0,False
2013-04-10,2013-04-11,0,Overnight,0.0,False,34.11,34.11,-31.45,False,0.0,False
2013-04-11,2013-04-12,0,Overnight,0.0,False,20.22,20.22,-24.53,False,0.0,False
2013-04-12,2013-04-15,2,Weekend,48.0,False,-52.03,-52.03,-51.28,False,0.0,False
2013-04-15,2013-04-16,0,Overnight,0.0,False,59.42,59.42,85.82,False,0.0,False
2013-04-16,2013-04-17,0,Overnight,0.0,False,-83.79,-83.79,-53.4,False,0.0,False
2013-04-17,2013-04-18,0,Overnight,0.0,False,35.59,35.59,-250.65,False,0.0,False
2013-04-18,2013-04-19,0,Overnight,0.0,False,42.34,42.34,391.5,False,0.0,False
2013-04-19,2013-04-22,2,Weekend,48.0,False,9.12,9.12,-6.12,False,0.0,False
2013-04-22,2013-04-23,0,Overnight,0.0,False,11.12,11.12,85.77,False,0.0,False
2013-04-23,2013-04-24,0,Overnight,0.0,False,2.6,2.6,65.86,False,0.0,False
2013-04-24,2013-04-25,0,Overnight,0.0,False,34.36,34.36,-87.98,False,0.0,False
2013-04-25,2013-04-26,0,Overnight,0.0,False,-18.56,-18.56,-76.82,False,0.0,False
2013-04-26,2013-04-29,2,Weekend,48.0,False,22.81,22.81,194.91,False,0.0,False
2013-04-29,2013-04-30,0,Overnight,0.0,False,-0.73,-0.73,67.78,False,0.0,False
2013-04-30,2013-05-01,0,Overnight,0.0,False,-15.9,-15.9,-34.43,False,0.0,False
2013-05-01,2013-05-02,0,Overnight,0.0,False,-4.02,-4.02,115.29,False,0.0,False
2013-05-02,2013-05-03,0,Overnight,0.0,False,88.21,88.21,104.12,False,0.0,False
2013-05-03,2013-05-06,2,Weekend,48.0,False,29.99,29.99,155.46,False,0.0,False
2013-05-06,2013-05-07,0,Overnight,0.0,False,16.93,16.93,-67.2,False,0.0,False
2013-05-07,2013-05-08,0,Overnight,0.0,False,-2.68,-2.68,192.19,False,0.0,False
2013-05-08,2013-05-09,0,Overnight,0.0,False,-31.99,-31.99,7.35,False,0.0,False
2013-05-09,2013-05-10,0,Overnight,0.0,False,43.85,43.85,56.05,False,0.0,False
2013-05-10,2013-05-13,2,Weekend,48.0,False,-15.24,-15.24,-15.49,False,0.0,False
2013-05-13,2013-05-14,0,Overnight,0.0,False,-0.34,-0.34,108.81,False,0.0,False
2013-05-14,2013-05-15,0,Overnight,0.0,False,94.25,94.25,225.14,False,0.0,False
2013-05-15,2013-05-16,0,Overnight,0.0,False,33.9,33.9,-166.01,False,0.0,False
2013-05-16,2013-05-17,0,Overnight,0.0,False,67.81,67.81,-9.23,False,0.0,False
2013-05-17,2013-05-20,2,Weekend,48.0,False,-46.08,-46.08,38.93,False,0.0,False
2013-05-20,2013-05-21,0,Overnight,0.0,False,-5.62,-5.62,-11.57,False,0.0,False
2013-05-21,2013-05-22,0,Overnight,0.0,False,-48.74,-48.74,-146.66,False,0.0,False
2013-05-22,2013-05-23,0,Overnight,0.0,False,-140.63,-140.63,65.8,False,0.0,False
2013-05-23,2013-05-24,0,Overnight,0.0,False,-85.66,-85.66,-22.19,False,0.0,False
2013-05-24,2013-05-28,3,Long,72.0,False,115.89,115.89,-25.27,False,0.0,False
2013-05-28,2013-05-29,0,Overnight,0.0,False,-63.29,-63.29,-84.86,False,0.0,False
2013-05-29,2013-05-30,0,Overnight,0.0,False,18.52,18.52,9.65,False,0.0,False
2013-05-30,2013-05-31,0,Overnight,0.0,False,-30.36,-30.36,35.64,False,0.0,False
2013-05-31,2013-06-03,2,Weekend,48.0,False,20.41,20.41,-61.7,False,0.0,False
2013-06-03,2013-06-04,0,Overnight,0.0,False,2.54,2.54,-101.34,False,0.0,False
2013-06-04,2013-06-05,0,Overnight,0.0,False,39.61,39.61,-32.63,False,0.0,False
2013-06-05,2013-06-06,0,Overnight,0.0,False,53.36,53.36,3.93,False,0.0,False
2013-06-06,2013-06-07,0,Overnight,0.0,False,66.63,66.63,106.39,False,0.0,False
2013-06-07,2013-06-10,2,Weekend,48.0,False,26.9,26.9,91.63,False,0.0,False
2013-06-10,2013-06-11,0,Overnight,0.0,False,-70.46,-70.46,-47.17,False,0.0,False
2013-06-11,2013-06-12,0,Overnight,0.0,False,64.01,64.01,-153.41,False,0.0,False
2013-06-12,2013-06-13,0,Overnight,0.0,False,-34.46,-34.46,91.87,False,0.0,False
2013-06-13,2013-06-14,0,Overnight,0.0,False,35.29,35.29,-57.66,False,0.0,False
2013-06-14,2013-06-17,2,Weekend,48.0,False,47.77,47.77,79.53,False,0.0,False
2013-06-17,2013-06-18,0,Overnight,0.0,False,27.04,27.04,133.8,False,0.0,False
2013-06-18,2013-06-19,0,Overnight,0.0,False,8.32,8.32,-7.66,False,0.0,False
2013-06-19,2013-06-20,0,Overnight,0.0,False,-74.55,-74.55,-104.01,False,0.0,False
2013-06-20,2013-06-21,0,Overnight,0.0,False,40.61,40.61,-83.76,False,0.0,False
2013-06-21,2013-06-24,2,Weekend,48.0,False,-103.26,-103.26,-24.0,False,0.0,False
2013-06-24,2013-06-25,0,Overnight,0.0,False,85.52,85.52,-126.88,False,0.0,False
2013-06-25,2013-06-26,0,Overnight,0.0,False,86.78,86.78,-1.14,False,0.0,False
2013-06-26,2013-06-27,0,Overnight,0.0,False,58.78,58.78,-19.71,False,0.0,False
2013-06-27,2013-06-28,0,Overnight,0.0,False,-24.77,-24.77,62.33,False,0.0,False
2013-06-28,2013-07-01,2,Weekend,48.0,False,68.82,68.82,16.12,False,0.0,False
2013-07-01,2013-07-02,0,Overnight,0.0,False,26.1,26.1,-89.03,False,0.0,False
2013-07-02,2013-07-03,0,Overnight,0.0,False,-27.35,-27.35,73.94,False,0.0,False
2013-07-03,2013-07-05,1,Short,24.0,True,40.31,40.31,39.02,False,0.0,False
2013-07-05,2013-07-08,2,Weekend,48.0,False,63.81,63.81,65.18,False,0.0,False
2013-07-08,2013-07-09,0,Overnight,0.0,False,65.09,65.09,-63.43,False,0.0,False
2013-07-09,2013-07-10,0,Overnight,0.0,False,-19.79,-19.79,28.08,False,0.0,False
2013-07-10,2013-07-11,0,Overnight,0.0,False,77.08,77.08,78.99,False,0.0,False
2013-07-11,2013-07-12,0,Overnight,0.0,False,-2.61,-2.61,32.56,False,0.0,False
2013-07-12,2013-07-15,2,Weekend,48.0,False,14.07,14.07,4.22,False,0.0,False
2013-07-15,2013-07-16,0,Overnight,0.0,False,26.35,26.35,-81.44,False,0.0,False
2013-07-16,2013-07-17,0,Overnight,0.0,False,15.1,15.1,-26.64,False,0.0,False
2013-07-17,2013-07-18,0,Overnight,0.0,False,4.79,4.79,-90.84,False,0.0,False
2013-07-18,2013-07-19,0,Overnight,0.0,False,-267.86,-267.86,112.05,False,0.0,False
2013-07-19,2013-07-22,2,Weekend,48.0,False,60.05,60.05,95.99,False,0.0,False
2013-07-22,2013-07-23,0,Overnight,0.0,False,0.0,0.0,-76.05,False,0.0,False
2013-07-23,2013-07-24,0,Overnight,0.0,False,38.21,38.21,-48.17,False,0.0,False
2013-07-24,2013-07-25,0,Overnight,0.0,False,-100.51,-100.51,-69.27,False,0.0,False
2013-07-25,2013-07-26,0,Overnight,0.0,False,-8.0,-8.0,-18.51,False,0.0,False
2013-07-26,2013-07-29,2,Weekend,48.0,False,-5.08,-5.08,-29.77,False,0.0,False
2013-07-29,2013-07-30,0,Overnight,0.0,False,36.09,36.09,61.47,False,0.0,False
2013-07-30,2013-07-31,0,Overnight,0.0,False,23.21,23.21,-58.85,False,0.0,False
2013-07-31,2013-08-01,0,Overnight,0.0,False,81.34,81.34,102.49,False,0.0,False
2013-08-01,2013-08-02,0,Overnight,0.0,False,-8.63,-8.63,34.59,False,0.0,False
2013-08-02,2013-08-05,2,Weekend,48.0,False,-13.02,-13.02,-4.31,False,0.0,False
2013-08-05,2013-08-06,0,Overnight,0.0,False,-3.43,-3.43,-90.16,False,0.0,False
2013-08-06,2013-08-07,0,Overnight,0.0,False,-17.08,-17.08,-49.17,False,0.0,False
2013-08-07,2013-08-08,0,Overnight,0.0,False,54.19,54.19,-31.65,False,0.0,False
2013-08-08,2013-08-09,0,Overnight,0.0,False,-23.55,-23.55,-1.68,False,0.0,False
2013-08-09,2013-08-12,2,Weekend,48.0,False,-39.5,-39.5,-15.68,False,0.0,False
2013-08-12,2013-08-13,0,Overnight,0.0,False,14.9,14.9,-63.12,False,0.0,False
2013-08-13,2013-08-14,0,Overnight,0.0,False,-32.73,-32.73,-97.93,False,0.0,False
2013-08-14,2013-08-15,0,Overnight,0.0,False,-61.93,-61.93,-55.45,False,0.0,False
2013-08-15,2013-08-16,0,Overnight,0.0,False,18.83,18.83,-50.87,False,0.0,False
2013-08-16,2013-08-19,2,Weekend,48.0,False,9.33,9.33,92.15,False,0.0,False
2013-08-19,2013-08-20,0,Overnight,0.0,False,31.14,31.14,-33.8,False,0.0,False
2013-08-20,2013-08-21,0,Overnight,0.0,False,60.25,60.25,-15.17,False,0.0,False
2013-08-21,2013-08-22,0,Overnight,0.0,False,38.69,38.69,11.57,False,0.0,False
2013-08-22,2013-08-23,0,Overnight,0.0,False,47.04,47.04,-87.18,False,0.0,False
2013-08-23,2013-08-26,2,Weekend,48.0,False,-2.41,-2.41,-41.58,False,0.0,False
2013-08-26,2013-08-27,0,Overnight,0.0,False,-78.45,-78.45,-110.78,False,0.0,False
2013-08-27,2013-08-28,0,Overnight,0.0,False,1.18,1.18,-20.01,False,0.0,False
2013-08-28,2013-08-29,0,Overnight,0.0,False,6.13,6.13,74.63,False,0.0,False
2013-08-29,2013-08-30,0,Overnight,0.0,False,3.86,3.86,-104.07,False,0.0,False
2013-08-30,2013-09-03,3,Long,72.0,False,87.7,87.7,70.21,False,0.0,False
2013-09-03,2013-09-04,0,Overnight,0.0,False,-0.35,-0.35,130.26,False,0.0,False
2013-09-04,2013-09-05,0,Overnight,0.0,False,21.43,21.43,69.14,False,0.0,False
2013-09-05,2013-09-06,0,Overnight,0.0,False,32.69,32.69,-32.46,False,0.0,False
2013-09-06,2013-09-09,2,Weekend,48.0,False,47.07,47.07,48.77,False,0.0,False
2013-09-09,2013-09-10,0,Overnight,0.0,False,22.16,22.16,-15.18,False,0.0,False
2013-09-10,2013-09-11,0,Overnight,0.0,False,-1.46,-1.46,85.73,False,0.0,False
2013-09-11,2013-09-12,0,Overnight,0.0,False,13.49,13.49,-48.48,False,0.0,False
2013-09-12,2013-09-13,0,Overnight,0.0,False,16.11,16.11,-60.89,False,0.0,False
2013-09-13,2013-09-16,2,Weekend,48.0,False,79.88,79.88,-94.62,False,0.0,False
2013-09-16,2013-09-17,0,Overnight,0.0,False,-3.94,-3.94,-14.66,False,0.0,False
2013-09-17,2013-09-18,0,Overnight,0.0,False,2.71,2.71,189.65,False,0.0,False
2013-09-18,2013-09-19,0,Overnight,0.0,False,29.51,29.51,-84.24,False,0.0,False
2013-09-19,2013-09-20,0,Overnight,0.0,False,0.0,0.0,52.4,False,0.0,False
2013-09-20,2013-09-23,2,Weekend,48.0,False,-77.37,-77.37,-108.27,False,0.0,False
2013-09-23,2013-09-24,0,Overnight,0.0,False,0.0,0.0,3.83,False,0.0,False
2013-09-24,2013-09-25,0,Overnight,0.0,False,-3.27,-3.27,-105.68,False,0.0,False
2013-09-25,2013-09-26,0,Overnight,0.0,False,12.19,12.19,-1.48,False,0.0,False
2013-09-26,2013-09-27,0,Overnight,0.0,False,-38.22,-38.22,17.93,False,0.0,False
2013-09-27,2013-09-30,2,Weekend,48.0,False,-83.76,-83.76,78.28,False,0.0,False
2013-09-30,2013-10-01,0,Overnight,0.0,False,49.43,49.43,76.39,False,0.0,False
2013-10-01,2013-10-02,0,Overnight,0.0,False,-48.26,-48.26,59.41,False,0.0,False
2013-10-02,2013-10-03,0,Overnight,0.0,False,0.11,0.11,-135.03,False,0.0,False
2013-10-03,2013-10-04,0,Overnight,0.0,False,-12.45,-12.45,-30.33,False,0.0,False
2013-10-04,2013-10-07,2,Weekend,48.0,False,-56.33,-56.33,-19.73,False,0.0,False
2013-10-07,2013-10-08,0,Overnight,0.0,False,-4.85,-4.85,-135.55,False,0.0,False
2013-10-08,2013-10-09,0,Overnight,0.0,False,30.53,30.53,-4.91,False,0.0,False
2013-10-09,2013-10-10,0,Overnight,0.0,False,92.81,92.81,50.81,False,0.0,False
2013-10-10,2013-10-11,0,Overnight,0.0,False,-25.49,-25.49,68.58,False,0.0,False
2013-10-11,2013-10-14,2,Weekend,48.0,False,-61.31,-61.31,108.45,False,0.0,False
2013-10-14,2013-10-15,0,Overnight,0.0,False,-4.0,-4.0,71.11,False,0.0,False
2013-10-15,2013-10-16,0,Overnight,0.0,False,43.67,43.67,136.33,False,0.0,False
2013-10-16,2013-10-17,0,Overnight,0.0,False,-56.28,-56.28,-47.14,False,0.0,False
2013-10-17,2013-10-18,0,Overnight,0.0,False,941.96,941.96,350.44,False,0.0,False
2013-10-18,2013-10-21,2,Weekend,48.0,False,0.49,0.49,-81.0,False,0.0,False
2013-10-21,2013-10-22,0,Overnight,0.0,False,16.93,16.93,19.88,False,0.0,False
2013-10-22,2013-10-23,0,Overnight,0.0,False,-59.76,-59.76,299.27,False,0.0,False
2013-10-23,2013-10-24,0,Overnight,0.0,False,4.46,4.46,-61.44,False,0.0,False
2013-10-24,2013-10-25,0,Overnight,0.0,False,31.84,31.84,-133.27,False,0.0,False
2013-10-25,2013-10-28,2,Weekend,48.0,False,0.0,0.0,-1.97,False,0.0,False
2013-10-28,2013-10-29,0,Overnight,0.0,False,40.31,40.31,166.79,False,0.0,False
2013-10-29,2013-10-30,0,Overnight,0.0,False,11.48,11.48,-67.8,False,0.0,False
2013-10-30,2013-10-31,0,Overnight,0.0,False,-14.47,-14.47,16.02,False,0.0,False
2013-10-31,2013-11-01,0,Overnight,0.0,False,11.73,11.73,-46.14,False,0.0,False
2013-11-01,2013-11-04,2,Weekend,49.0,False,43.33,43.33,-52.39,False,0.0,False
2013-11-04,2013-11-05,0,Overnight,0.0,False,-56.29,-56.29,11.46,False,0.0,False
2013-11-05,2013-11-06,0,Overnight,0.0,False,39.86,39.86,-27.83,False,0.0,False
2013-11-06,2013-11-07,0,Overnight,0.0,False,-1.37,-1.37,-144.4,False,0.0,False
2013-11-07,2013-11-08,0,Overnight,0.0,False,7.93,7.93,71.91,False,0.0,False
2013-11-08,2013-11-11,2,Weekend,48.0,False,-64.38,-64.38,10.69,False,0.0,False
2013-11-11,2013-11-12,0,Overnight,0.0,False,-28.64,-28.64,40.41,False,0.0,False
2013-11-12,2013-11-13,0,Overnight,0.0,False,-49.84,-49.84,252.27,False,0.0,False
2013-11-13,2013-11-14,0,Overnight,0.0,False,14.03,14.03,12.66,False,0.0,False
2013-11-14,2013-11-15,0,Overnight,0.0,False,-3.48,-3.48,-12.67,False,0.0,False
2013-11-15,2013-11-18,2,Weekend,48.0,False,21.17,21.17,-40.63,False,0.0,False
2013-11-18,2013-11-19,0,Overnight,0.0,False,1.65,1.65,-63.4,False,0.0,False
2013-11-19,2013-11-20,0,Overnight,0.0,False,46.23,46.23,-74.46,False,0.0,False
2013-11-20,2013-11-21,0,Overnight,0.0,False,45.77,45.77,68.61,False,0.0,False
2013-11-21,2013-11-22,0,Overnight,0.0,False,-6.29,-6.29,-14.82,False,0.0,False
2013-11-22,2013-11-25,2,Weekend,48.0,False,50.94,50.94,84.2,False,0.0,False
2013-11-25,2013-11-26,0,Overnight,0.0,False,25.5,25.5,93.12,False,0.0,False
2013-11-26,2013-11-27,0,Overnight,0.0,False,34.14,34.14,10.16,False,0.0,False
2013-11-27,2013-11-29,1,Short,24.0,False,-8.94,-8.94,-24.23,False,0.0,False
2013-11-29,2013-12-02,2,Weekend,48.0,True,36.93,36.93,-85.27,False,0.0,False
2013-12-02,2013-12-03,0,Overnight,0.0,False,-33.53,-33.53,21.96,False,0.0,False
2013-12-03,2013-12-04,0,Overnight,0.0,False,-17.96,-17.96,64.56,False,0.0,False
2013-12-04,2013-12-05,0,Overnight,0.0,False,-9.27,-9.27,1.33,False,0.0,False
2013-12-05,2013-12-06,0,Overnight,0.0,False,117.06,117.06,0.75,False,0.0,False
2013-12-06,2013-12-09,2,Weekend,48.0,False,10.46,10.46,66.54,False,0.0,False
2013-12-09,2013-12-10,0,Overnight,0.0,False,-18.47,-18.47,78.77,False,0.0,False
2013-12-10,2013-12-11,0,Overnight,0.0,False,25.23,25.23,-93.41,False,0.0,False
2013-12-11,2013-12-12,0,Overnight,0.0,False,21.14,21.14,-89.42,False,0.0,False
2013-12-12,2013-12-13,0,Overnight,0.0,False,50.71,50.71,-136.79,False,0.0,False
2013-12-13,2013-12-16,2,Weekend,48.0,False,30.22,30.22,84.04,False,0.0,False
2013-12-16,2013-12-17,0,Overnight,0.0,False,-1.49,-1.49,-27.63,False,0.0,False
2013-12-17,2013-12-18,0,Overnight,0.0,False,18.58,18.58,119.63,False,0.0,False
2013-12-18,2013-12-19,0,Overnight,0.0,False,-36.76,-36.76,50.3,False,0.0,False
2013-12-19,2013-12-20,0,Overnight,0.0,False,19.13,19.13,112.57,False,0.0,False
2013-12-20,2013-12-23,2,Weekend,48.0,False,65.39,65.39,65.32,False,0.0,False
2013-12-23,2013-12-24,0,Overnight,0.0,False,-1.17,-1.17,-28.11,False,0.0,False
2013-12-24,2013-12-26,1,Short,24.0,True,19.5,19.5,30.92,False,0.0,False
2013-12-26,2013-12-27,0,Overnight,0.0,False,22.7,22.7,-14.3,False,0.0,False
2013-12-27,2013-12-30,2,Weekend,48.0,False,17.33,17.33,-97.59,False,0.0,False
2013-12-30,2013-12-31,0,Overnight,0.0,False,25.03,25.03,75.86,False,0.0,False
2013-12-31,2014-01-02,1,Short,24.0,False,-46.96,-46.96,-21.0,False,0.0,False
2014-01-02,2014-01-03,0,Overnight,0.0,False,16.88,16.88,-90.09,False,0.0,False
2014-01-03,2014-01-06,2,Weekend,48.0,False,72.23,72.23,38.65,False,0.0,False
2014-01-06,2014-01-07,0,Overnight,0.0,False,68.5,68.5,122.45,False,0.0,False
2014-01-07,2014-01-08,0,Overnight,0.0,False,62.5,62.5,-41.71,False,0.0,False
2014-01-08,2014-01-09,0,Overnight,0.0,False,19.35,19.35,-116.11,False,0.0,False
2014-01-09,2014-01-10,0,Overnight,0.0,False,77.91,77.91,-78.44,False,0.0,False
2014-01-10,2014-01-13,2,Weekend,48.0,False,-32.88,-32.88,-31.03,False,0.0,False
2014-01-13,2014-01-14,0,Overnight,0.0,False,132.42,132.42,100.12,False,0.0,False
2014-01-14,2014-01-15,0,Overnight,0.0,False,31.19,31.19,-37.97,False,0.0,False
2014-01-15,2014-01-16,0,Overnight,0.0,False,4.18,4.18,61.77,False,0.0,False
2014-01-16,2014-01-17,0,Overnight,0.0,False,5.45,5.45,-54.78,False,0.0,False
2014-01-17,2014-01-21,3,Long,72.0,False,89.99,89.99,23.83,False,0.0,False
2014-01-21,2014-01-22,0,Overnight,0.0,False,24.98,24.98,-13.64,False,0.0,False
2014-01-22,2014-01-23,0,Overnight,0.0,False,-43.18,-43.18,0.86,False,0.0,False
2014-01-23,2014-01-24,0,Overnight,0.0,False,-78.66,-78.66,-238.97,False,0.0,False
2014-01-24,2014-01-27,2,Weekend,48.0,False,20.18,20.18,-223.33,False,0.0,False
2014-01-27,2014-01-28,0,Overnight,0.0,False,82.21,82.21,113.64,False,0.0,False
2014-01-28,2014-01-29,0,Overnight,0.0,False,-34.7,-34.7,-109.61,False,0.0,False
2014-01-29,2014-01-30,0,Overnight,0.0,False,338.23,338.23,-84.28,False,0.0,False
2014-01-30,2014-01-31,0,Overnight,0.0,False,311.81,311.81,81.79,False,0.0,False
2014-01-31,2014-02-03,2,Weekend,48.0,False,-15.0,-15.0,-395.88,False,0.0,False
2014-02-03,2014-02-04,0,Overnight,0.0,False,40.15,40.15,1.49,False,0.0,False
2014-02-04,2014-02-05,0,Overnight,0.0,False,45.76,45.76,-1.57,False,0.0,False
2014-02-05,2014-02-06,0,Overnight,0.0,False,69.13,69.13,76.41,False,0.0,False
2014-02-06,2014-02-07,0,Overnight,0.0,False,65.91,65.91,83.67,False,0.0,False
2014-02-07,2014-02-10,2,Weekend,48.0,False,-48.02,-48.02,9.64,False,0.0,False
2014-02-10,2014-02-11,0,Overnight,0.0,False,61.54,61.54,84.46,False,0.0,False
2014-02-11,2014-02-12,0,Overnight,0.0,False,-9.92,-9.92,-19.45,False,0.0,False
2014-02-12,2014-02-13,0,Overnight,0.0,False,-50.18,-50.18,160.88,False,0.0,False
2014-02-13,2014-02-14,0,Overnight,0.0,False,-35.82,-35.82,59.96,False,0.0,False
2014-02-14,2014-02-18,3,Long,72.0,False,-11.56,-11.56,78.51,False,0.0,False
2014-02-18,2014-02-19,0,Overnight,0.0,False,-46.19,-46.19,-24.59,False,0.0,False
2014-02-19,2014-02-20,0,Overnight,0.0,False,6.65,6.65,8.06,False,0.0,False
2014-02-20,2014-02-21,0,Overnight,0.0,False,30.68,30.68,-33.34,False,0.0,False
2014-02-21,2014-02-24,2,Weekend,48.0,False,13.03,13.03,59.14,False,0.0,False
2014-02-24,2014-02-25,0,Overnight,0.0,False,28.25,28.25,33.33,False,0.0,False
2014-02-25,2014-02-26,0,Overnight,0.0,False,32.73,32.73,-31.34,False,0.0,False
2014-02-26,2014-02-27,0,Overnight,0.0,False,-14.6,-14.6,6.73,False,0.0,False
2014-02-27,2014-02-28,0,Overnight,0.0,False,9.26,9.26,-38.51,False,0.0,False
2014-02-28,2014-03-03,2,Weekend,48.0,False,-73.48,-73.48,-33.7,False,0.0,False
2014-03-03,2014-03-04,0,Overnight,0.0,False,101.83,101.83,-0.74,False,0.0,False
2014-03-04,2014-03-05,0,Overnight,0.0,False,1.15,1.15,26.38,False,0.0,False
2014-03-05,2014-03-06,0,Overnight,0.0,False,32.94,32.94,-21.87,False,0.0,False
2014-03-06,2014-03-07,0,Overnight,0.0,False,58.78,58.78,-98.38,False,0.0,False
2014-03-07,2014-03-10,2,Weekend,47.0,False,7.41,7.41,-33.95,False,0.0,False
2014-03-10,2014-03-11,0,Overnight,0.0,False,18.14,18.14,-114.18,False,0.0,False
2014-03-11,2014-03-12,0,Overnight,0.0,False,-29.96,-29.96,90.69,False,0.0,False
2014-03-12,2014-03-13,0,Overnight,0.0,False,5.38,5.38,-157.62,False,0.0,False
2014-03-13,2014-03-14,0,Overnight,0.0,False,-59.64,-59.64,-78.05,False,0.0,False
2014-03-14,2014-03-17,2,Weekend,48.0,False,54.85,54.85,108.38,False,0.0,False
2014-03-17,2014-03-18,0,Overnight,0.0,False,21.53,21.53,137.91,False,0.0,False
2014-03-18,2014-03-19,0,Overnight,0.0,False,4.46,4.46,-104.1,False,0.0,False
2014-03-19,2014-03-20,0,Overnight,0.0,False,5.84,5.84,-23.28,False,0.0,False
2014-03-20,2014-03-21,0,Overnight,0.0,False,76.14,76.14,-194.79,False,0.0,False
2014-03-21,2014-03-24,2,Weekend,48.0,False,9.72,9.72,-224.25,False,0.0,False
2014-03-24,2014-03-25,0,Overnight,0.0,False,69.45,69.45,-62.63,False,0.0,False
2014-03-25,2014-03-26,0,Overnight,0.0,False,28.35,28.35,-261.92,False,0.0,False
2014-03-26,2014-03-27,0,Overnight,0.0,False,-9.9,-9.9,-147.61,False,0.0,False
2014-03-27,2014-03-28,0,Overnight,0.0,False,42.27,42.27,10.27,False,0.0,False
2014-03-28,2014-03-31,2,Weekend,48.0,False,91.09,91.09,-141.57,False,0.0,False
2014-03-31,2014-04-01,0,Overnight,0.0,False,51.55,51.55,129.66,False,0.0,False
2014-04-01,2014-04-02,0,Overnight,0.0,False,61.58,61.58,-59.73,False,0.0,False
2014-04-02,2014-04-03,0,Overnight,0.0,False,92.37,92.37,-33.02,False,0.0,True
2014-04-03,2014-04-04,0,Overnight,0.0,False,122.6,122.6,-592.81,False,0.0,False
2014-04-04,2014-04-07,2,Weekend,48.0,False,-8.44,-8.44,-76.65,False,0.0,False
2014-04-07,2014-04-08,0,Overnight,0.0,False,81.42,81.42,226.03,False,0.0,False
2014-04-08,2014-04-09,0,Overnight,0.0,False,148.31,148.31,21.18,False,0.0,False
2014-04-09,2014-04-10,0,Overnight,0.0,False,16.92,16.92,-382.4,False,0.0,False
2014-04-10,2014-04-11,0,Overnight,0.0,False,-161.35,-161.35,-3.35,False,0.0,False
2014-04-11,2014-04-14,2,Weekend,48.0,False,109.12,109.12,28.29,False,0.0,False
2014-04-14,2014-04-15,0,Overnight,0.0,False,105.82,105.82,-41.83,False,0.0,False
2014-04-15,2014-04-16,0,Overnight,0.0,False,162.69,162.69,110.56,False,0.0,False
2014-04-16,2014-04-17,0,Overnight,0.0,False,-135.33,-135.33,-236.08,False,0.0,False
2014-04-17,2014-04-21,3,Long,72.0,False,12.14,12.14,-85.47,False,0.0,False
2014-04-21,2014-04-22,0,Overnight,0.0,False,-62.68,-62.68,175.69,False,0.0,False
2014-04-22,2014-04-23,0,Overnight,0.0,False,-33.6,-33.6,-113.95,False,0.0,False
2014-04-23,2014-04-24,0,Overnight,0.0,False,77.46,77.46,-134.74,False,0.0,False
2014-04-24,2014-04-25,0,Overnight,0.0,False,-40.87,-40.87,-173.59,False,0.0,False
2014-04-25,2014-04-28,2,Weekend,48.0,False,51.48,51.48,-53.78,False,0.0,False
2014-04-28,2014-04-29,0,Overnight,0.0,False,17.39,17.39,234.68,False,0.0,False
2014-04-29,2014-04-30,0,Overnight,0.0,False,-22.59,-22.59,-4.49,False,0.0,False
2014-04-30,2014-05-01,0,Overnight,0.0,False,-11.78,-11.78,79.79,False,0.0,False
2014-05-01,2014-05-02,0,Overnight,0.0,False,53.89,53.89,-140.8,False,0.0,False
2014-05-02,2014-05-05,2,Weekend,48.0,False,-68.23,-68.23,95.54,False,0.0,False
2014-05-05,2014-05-06,0,Overnight,0.0,False,-35.93,-35.93,-205.31,False,0.0,False
2014-05-06,2014-05-07,0,Overnight,0.0,False,13.0,13.0,-100.84,False,0.0,False
2014-05-07,2014-05-08,0,Overnight,0.0,False,-44.11,-44.11,85.92,False,0.0,False
2014-05-08,2014-05-09,0,Overnight,0.0,False,-29.26,-29.26,152.5,False,0.0,False
2014-05-09,2014-05-12,2,Weekend,48.0,False,98.63,98.63,123.15,False,0.0,False
2014-05-12,2014-05-13,0,Overnight,0.0,False,21.34,21.34,36.26,False,0.0,False
2014-05-13,2014-05-14,0,Overnight,0.0,False,5.17,5.17,-137.7,False,0.0,False
2014-05-14,2014-05-15,0,Overnight,0.0,False,-23.79,-23.79,-75.69,False,0.0,False
2014-05-15,2014-05-16,0,Overnight,0.0,False,9.07,9.07,-24.58,False,0.0,False
2014-05-16,2014-05-19,2,Weekend,48.0,False,10.97,10.97,186.39,False,0.0,False
2014-05-19,2014-05-20,0,Overnight,0.0,False,21.69,21.69,7.22,False,0.0,False
2014-05-20,2014-05-21,0,Overnight,0.0,False,46.34,46.34,124.48,False,0.0,False
2014-05-21,2014-05-22,0,Overnight,0.0,False,45.38,45.38,58.68,False,0.0,False
2014-05-22,2014-05-23,0,Overnight,0.0,False,48.13,48.13,101.08,False,0.0,False
2014-05-23,2014-05-27,3,Long,72.0,False,70.34,70.34,124.1,False,0.0,False
2014-05-27,2014-05-28,0,Overnight,0.0,False,-5.22,-5.22,-71.96,False,0.0,False
2014-05-28,2014-05-29,0,Overnight,0.0,False,51.41,51.41,-49.48,False,0.0,False
2014-05-29,2014-05-30,0,Overnight,0.0,False,18.91,18.91,0.17,False,0.0,False
2014-05-30,2014-06-02,2,Weekend,48.0,False,-33.29,-33.29,-95.41,False,0.0,False
2014-06-02,2014-06-03,0,Overnight,0.0,False,-61.14,-61.14,-114.58,False,0.0,False
2014-06-03,2014-06-04,0,Overnight,0.0,False,-54.07,-54.07,40.53,False,0.0,False
2014-06-04,2014-06-05,0,Overnight,0.0,False,60.31,60.31,139.39,False,0.0,False
2014-06-05,2014-06-06,0,Overnight,0.0,False,57.01,57.01,-37.56,False,0.0,False
2014-06-06,2014-06-09,2,Weekend,48.0,False,12.71,12.71,69.98,False,0.0,False
2014-06-09,2014-06-10,0,Overnight,0.0,False,-34.23,-34.23,-8.44,False,0.0,False
2014-06-10,2014-06-11,0,Overnight,0.0,False,-41.97,-41.97,27.88,False,0.0,False
2014-06-11,2014-06-12,0,Overnight,0.0,False,-8.81,-8.81,-133.16,False,0.0,False
2014-06-12,2014-06-13,0,Overnight,0.0,False,10.36,10.36,4.82,False,0.0,False
2014-06-13,2014-06-16,2,Weekend,48.0,False,-55.48,-55.48,-89.23,False,0.0,False
2014-06-16,2014-06-17,0,Overnight,0.0,False,1.09,1.09,-31.55,False,0.0,False
2014-06-17,2014-06-18,0,Overnight,0.0,False,39.51,39.51,141.18,False,0.0,False
2014-06-18,2014-06-19,0,Overnight,0.0,False,8.74,8.74,68.2,False,0.0,False
2014-06-19,2014-06-20,0,Overnight,0.0,False,25.81,25.81,1.24,False,0.0,False
2014-06-20,2014-06-23,2,Weekend,48.0,False,-38.38,-38.38,174.6,False,0.0,False
2014-06-23,2014-06-24,0,Overnight,0.0,False,-1.22,-1.22,-29.3,False,0.0,False
2014-06-24,2014-06-25,0,Overnight,0.0,False,17.62,17.62,213.55,False,0.0,False
2014-06-25,2014-06-26,0,Overnight,0.0,False,57.35,57.35,-77.17,False,0.0,False
2014-06-26,2014-06-27,0,Overnight,0.0,False,11.62,11.62,4.1,False,0.0,False
2014-06-27,2014-06-30,2,Weekend,48.0,False,18.25,18.25,-35.68,False,0.0,False
2014-06-30,2014-07-01,0,Overnight,0.0,False,50.84,50.84,65.13,False,0.0,False
2014-07-01,2014-07-02,0,Overnight,0.0,False,13.01,13.01,-25.02,False,0.0,False
2014-07-02,2014-07-03,0,Overnight,0.0,False,15.56,15.56,23.3,False,0.0,False
2014-07-03,2014-07-07,3,Long,72.0,True,7.25,7.25,-46.44,False,0.0,False
2014-07-07,2014-07-08,0,Overnight,0.0,False,-74.59,-74.59,-136.85,False,0.0,False
2014-07-08,2014-07-09,0,Overnight,0.0,False,9.5,9.5,75.88,False,0.0,False
2014-07-09,2014-07-10,0,Overnight,0.0,False,-179.19,-179.19,122.11,False,0.0,False
2014-07-10,2014-07-11,0,Overnight,0.0,False,16.54,16.54,96.78,False,0.0,False
2014-07-11,2014-07-14,2,Weekend,48.0,False,67.11,67.11,61.78,False,0.0,False
2014-07-14,2014-07-15,0,Overnight,0.0,False,14.97,14.97,-35.18,False,0.0,False
2014-07-15,2014-07-16,0,Overnight,0.0,False,64.37,64.37,-105.6,False,0.0,False
2014-07-16,2014-07-17,0,Overnight,0.0,False,-27.98,-27.98,-139.34,False,0.0,False
2014-07-17,2014-07-18,0,Overnight,0.0,False,374.93,374.93,34.77,False,0.0,False
2014-07-18,2014-07-21,2,Weekend,48.0,False,-62.33,-62.33,-48.51,False,0.0,False
2014-07-21,2014-07-22,0,Overnight,0.0,False,21.03,21.03,64.32,False,0.0,False
2014-07-22,2014-07-23,0,Overnight,0.0,False,-25.21,-25.21,52.02,False,0.0,False
2014-07-23,2014-07-24,0,Overnight,0.0,False,5.62,5.62,-41.7,False,0.0,False
2014-07-24,2014-07-25,0,Overnight,0.0,False,-62.55,-62.55,-19.54,False,0.0,False
2014-07-25,2014-07-28,2,Weekend,48.0,False,-5.52,-5.52,21.22,False,0.0,False
2014-07-28,2014-07-29,0,Overnight,0.0,False,-22.06,-22.06,-62.94,False,0.0,False
2014-07-29,2014-07-30,0,Overnight,0.0,False,31.27,31.27,-6.21,False,0.0,False
2014-07-30,2014-07-31,0,Overnight,0.0,False,-109.42,-109.42,-161.06,False,0.0,False
2014-07-31,2014-08-01,0,Overnight,0.0,False,-17.27,-17.27,-85.93,False,0.0,False
2014-08-01,2014-08-04,2,Weekend,48.0,False,50.6,50.6,99.42,False,0.0,False
2014-08-04,2014-08-05,0,Overnight,0.0,False,-49.76,-49.76,-108.29,False,0.0,False
2014-08-05,2014-08-06,0,Overnight,0.0,False,-63.71,-63.71,87.24,False,0.0,False
2014-08-06,2014-08-07,0,Overnight,0.0,False,27.12,27.12,-73.88,False,0.0,False
2014-08-07,2014-08-08,0,Overnight,0.0,False,3.67,3.67,102.96,False,0.0,False
2014-08-08,2014-08-11,2,Weekend,48.0,False,18.32,18.32,-30.27,False,0.0,False
2014-08-11,2014-08-12,0,Overnight,0.0,False,-39.05,-39.05,-50.21,False,0.0,False
2014-08-12,2014-08-13,0,Overnight,0.0,False,75.4,75.4,139.71,False,0.0,False
2014-08-13,2014-08-14,0,Overnight,0.0,False,36.37,36.37,-34.83,False,0.0,False
2014-08-14,2014-08-15,0,Overnight,0.0,False,48.63,48.63,-64.72,False,0.0,False
2014-08-15,2014-08-18,2,Weekend,48.0,False,57.91,57.91,94.93,False,0.0,False
2014-08-18,2014-08-19,0,Overnight,0.0,False,48.64,48.64,25.49,False,0.0,False
2014-08-19,2014-08-20,0,Overnight,0.0,False,-2.68,-2.68,-25.83,False,0.0,False
2014-08-20,2014-08-21,0,Overnight,0.0,False,-8.57,-8.57,-41.78,False,0.0,False
2014-08-21,2014-08-22,0,Overnight,0.0,False,14.34,14.34,-12.31,False,0.0,False
2014-08-22,2014-08-25,2,Weekend,48.0,False,37.56,37.56,-70.87,False,0.0,False
2014-08-25,2014-08-26,0,Overnight,0.0,False,24.18,24.18,-65.76,False,0.0,False
2014-08-26,2014-08-27,0,Overnight,0.0,False,-5.27,-5.27,-82.17,False,0.0,False
2014-08-27,2014-08-28,0,Overnight,0.0,False,-51.25,-51.25,5.17,False,0.0,False
2014-08-28,2014-08-29,0,Overnight,0.0,False,34.92,34.92,0.17,False,0.0,False
2014-08-29,2014-09-02,3,Long,72.0,False,10.13,10.13,96.96,False,0.0,False
2014-09-02,2014-09-03,0,Overnight,0.0,False,52.53,52.53,-37.42,False,0.0,False
2014-09-03,2014-09-04,0,Overnight,0.0,False,44.18,44.18,17.04,False,0.0,False
2014-09-04,2014-09-05,0,Overnight,0.0,False,33.49,33.49,44.43,False,0.0,False
2014-09-05,2014-09-08,2,Weekend,48.0,False,22.73,22.73,41.47,False,0.0,False
2014-09-08,2014-09-09,0,Overnight,0.0,False,-22.63,-22.63,-139.24,False,0.0,False
2014-09-09,2014-09-10,0,Overnight,0.0,False,-3.89,-3.89,28.35,False,0.0,False
2014-09-10,2014-09-11,0,Overnight,0.0,False,-57.8,-57.8,18.8,False,0.0,False
2014-09-11,2014-09-12,0,Overnight,0.0,False,-12.19,-12.19,-93.42,False,0.0,False
2014-09-12,2014-09-15,2,Weekend,48.0,False,-45.58,-45.58,-10.31,False,0.0,False
2014-09-15,2014-09-16,0,Overnight,0.0,False,-11.87,-11.87,133.88,False,0.0,False
2014-09-16,2014-09-17,0,Overnight,0.0,False,12.39,12.39,63.92,False,0.0,False
2014-09-17,2014-09-18,0,Overnight,0.0,False,29.62,29.62,37.24,False,0.0,False
2014-09-18,2014-09-19,0,Overnight,0.0,False,37.1,37.1,98.1,False,0.0,False
2014-09-19,2014-09-22,2,Weekend,48.0,False,-48.02,-48.02,-87.18,False,0.0,False
2014-09-22,2014-09-23,0,Overnight,0.0,False,-38.08,-38.08,-64.41,False,0.0,False
2014-09-23,2014-09-24,0,Overnight,0.0,False,6.6,6.6,115.13,False,0.0,False
2014-09-24,2014-09-25,0,Overnight,0.0,False,-23.92,-23.92,-198.61,False,0.0,False
2014-09-25,2014-09-26,0,Overnight,0.0,False,11.61,11.61,33.57,False,0.0,False
2014-09-26,2014-09-29,2,Weekend,48.0,False,-103.79,-103.79,102.25,False,0.0,False
2014-09-29,2014-09-30,0,Overnight,0.0,False,-5.45,-5.45,15.65,False,0.0,False
2014-09-30,2014-10-01,0,Overnight,0.0,False,-27.4,-27.4,-122.94,False,0.0,False
2014-10-01,2014-10-02,0,Overnight,0.0,False,-28.16,-28.16,49.7,False,0.0,False
2014-10-02,2014-10-03,0,Overnight,0.0,False,55.28,55.28,36.74,False,0.0,False
2014-10-03,2014-10-06,2,Weekend,48.0,False,62.91,62.91,-36.85,False,0.0,False
2014-10-06,2014-10-07,0,Overnight,0.0,False,-49.12,-49.12,-186.37,False,0.0,False
2014-10-07,2014-10-08,0,Overnight,0.0,False,12.01,12.01,154.51,False,0.0,False
2014-10-08,2014-10-09,0,Overnight,0.0,False,-36.56,-36.56,-187.44,False,0.0,False
2014-10-09,2014-10-10,0,Overnight,0.0,False,-58.69,-58.69,-218.77,False,0.0,False
2014-10-10,2014-10-13,2,Weekend,48.0,False,-1.08,-1.08,-188.75,False,0.0,False
2014-10-13,2014-10-14,0,Overnight,0.0,False,98.46,98.46,-26.39,False,0.0,False
2014-10-14,2014-10-15,0,Overnight,0.0,False,-121.2,-121.2,-24.93,False,0.0,False
2014-10-15,2014-10-16,0,Overnight,0.0,False,-257.2,-257.2,186.49,False,0.0,False
2014-10-16,2014-10-17,0,Overnight,0.0,False,65.53,65.53,-328.78,False,0.0,False
2014-10-17,2014-10-20,2,Weekend,48.0,False,-48.3,-48.3,226.64,False,0.0,False
2014-10-20,2014-10-21,0,Overnight,0.0,False,91.43,91.43,14.14,False,0.0,False
2014-10-21,2014-10-22,0,Overnight,0.0,False,55.97,55.97,30.27,False,0.0,False
2014-10-22,2014-10-23,0,Overnight,0.0,False,102.48,102.48,97.47,False,0.0,False
2014-10-23,2014-10-24,0,Overnight,0.0,False,23.99,23.99,-110.16,False,0.0,False
2014-10-24,2014-10-27,2,Weekend,48.0,False,-20.79,-20.79,38.63,False,0.0,False
2014-10-27,2014-10-28,0,Overnight,0.0,False,33.23,33.23,130.2,False,0.0,False
2014-10-28,2014-10-29,0,Overnight,0.0,False,34.11,34.11,-42.88,False,0.0,False
2014-10-29,2014-10-30,0,Overnight,0.0,False,-3.58,-3.58,36.12,False,0.0,False
2014-10-30,2014-10-31,0,Overnight,0.0,False,142.31,142.31,-7.57,False,0.0,False
2014-10-31,2014-11-03,2,Weekend,49.0,False,-76.72,-76.72,4.26,False,0.0,False
2014-11-03,2014-11-04,0,Overnight,0.0,False,-46.4,-46.4,53.85,False,0.0,False
2014-11-04,2014-11-05,0,Overnight,0.0,False,45.98,45.98,-193.1,False,0.0,False
2014-11-05,2014-11-06,0,Overnight,0.0,False,-8.1,-8.1,-68.82,False,0.0,False
2014-11-06,2014-11-07,0,Overnight,0.0,False,70.62,70.62,-68.27,False,0.0,False
2014-11-07,2014-11-10,2,Weekend,48.0,False,10.51,10.51,104.99,False,0.0,False
2014-11-10,2014-11-11,0,Overnight,0.0,False,5.19,5.19,49.47,False,0.0,False
2014-11-11,2014-11-12,0,Overnight,0.0,False,-2.49,-2.49,-51.81,False,0.0,False
2014-11-12,2014-11-13,0,Overnight,0.0,False,45.75,45.75,-78.23,False,0.0,False
2014-11-13,2014-11-14,0,Overnight,0.0,False,28.0,28.0,-50.49,False,0.0,False
2014-11-14,2014-11-17,2,Weekend,48.0,False,0.0,0.0,-155.2,False,0.0,False
2014-11-17,2014-11-18,0,Overnight,0.0,False,23.57,23.57,-62.61,False,0.0,False
2014-11-18,2014-11-19,0,Overnight,0.0,False,4.41,4.41,44.87,False,0.0,False
2014-11-19,2014-11-20,0,Overnight,0.0,False,-93.82,-93.82,30.76,False,0.0,False
2014-11-20,2014-11-21,0,Overnight,0.0,False,132.99,132.99,-93.9,False,0.0,False
2014-11-21,2014-11-24,2,Weekend,48.0,False,12.45,12.45,16.64,False,0.0,False
2014-11-24,2014-11-25,0,Overnight,0.0,False,-4.93,-4.93,36.85,False,0.0,False
2014-11-25,2014-11-26,0,Overnight,0.0,False,0.0,0.0,-27.35,False,0.0,False
2014-11-26,2014-11-28,1,Short,24.0,False,-13.34,-13.34,37.95,False,0.0,False
2014-11-28,2014-12-01,2,Weekend,48.0,True,-72.93,-72.93,-100.3,False,0.0,False
2014-12-01,2014-12-02,0,Overnight,0.0,False,-3.71,-3.71,-15.95,False,0.0,False
2014-12-02,2014-12-03,0,Overnight,0.0,False,-20.26,-20.26,-9.87,False,0.0,False
2014-12-03,2014-12-04,0,Overnight,0.0,False,12.47,12.47,91.46,False,0.0,False
2014-12-04,2014-12-05,0,Overnight,0.0,False,-108.96,-108.96,-161.91,False,0.0,False
2014-12-05,2014-12-08,2,Weekend,48.0,False,21.56,21.56,28.49,False,0.0,False
2014-12-08,2014-12-09,0,Overnight,0.0,False,-91.8,-91.8,192.66,False,0.0,False
2014-12-09,2014-12-10,0,Overnight,0.0,False,-3.92,-3.92,-147.76,False,0.0,False
2014-12-10,2014-12-11,0,Overnight,0.0,False,37.24,37.24,39.54,False,0.0,False
2014-12-11,2014-12-12,0,Overnight,0.0,False,-88.15,-88.15,-113.07,False,0.0,False
2014-12-12,2014-12-15,2,Weekend,48.0,False,43.05,43.05,-152.37,False,0.0,False
2014-12-15,2014-12-16,0,Overnight,0.0,False,-43.52,-43.52,-305.23,False,0.0,False
2014-12-16,2014-12-17,0,Overnight,0.0,False,34.07,34.07,130.98,False,0.0,False
2014-12-17,2014-12-18,0,Overnight,0.0,False,186.62,186.62,-26.59,False,0.0,False
2014-12-18,2014-12-19,0,Overnight,0.0,False,45.95,45.95,58.82,False,0.0,False
2014-12-19,2014-12-22,2,Weekend,48.0,False,10.95,10.95,222.06,False,0.0,False
2014-12-22,2014-12-23,0,Overnight,0.0,False,41.43,41.43,79.38,False,0.0,False
2014-12-23,2014-12-24,0,Overnight,0.0,False,0.93,0.93,-35.14,False,0.0,False
2014-12-24,2014-12-26,1,Short,24.0,True,0.0,0.0,85.12,False,0.0,False
2014-12-26,2014-12-29,2,Weekend,48.0,False,-18.85,-18.85,-59.19,False,0.0,False
2014-12-29,2014-12-30,0,Overnight,0.0,False,-43.83,-43.83,5.98,False,0.0,False
2014-12-30,2014-12-31,0,Overnight,0.0,False,45.85,45.85,-132.54,False,0.0,False
2014-12-31,2015-01-02,1,Short,24.0,False,36.49,36.49,-57.43,False,0.0,False
2015-01-02,2015-01-05,2,Weekend,48.0,False,-45.42,-45.42,-146.95,False,0.0,False
2015-01-05,2015-01-06,0,Overnight,0.0,False,20.0,20.0,-269.89,False,0.0,False
2015-01-06,2015-01-07,0,Overnight,0.0,False,84.71,84.71,-114.16,False,0.0,False
2015-01-07,2015-01-08,0,Overnight,0.0,False,-72.32,-72.32,107.1,False,0.0,False
2015-01-08,2015-01-09,0,Overnight,0.0,False,25.02,25.02,-147.89,False,0.0,False
2015-01-09,2015-01-12,2,Weekend,48.0,False,-29.6,-29.6,-43.76,False,0.0,False
2015-01-12,2015-01-13,0,Overnight,0.0,False,110.24,110.24,-15.33,False,0.0,False
2015-01-13,2015-01-14,0,Overnight,0.0,False,-27.54,-27.54,109.51,False,0.0,False
2015-01-14,2015-01-15,0,Overnight,0.0,False,58.34,58.34,-96.36,False,0.0,False
2015-01-15,2015-01-16,0,Overnight,0.0,False,-17.08,-17.08,144.24,False,0.0,False
2015-01-16,2015-01-20,3,Long,72.0,False,45.15,45.15,-55.34,False,0.0,False
2015-01-20,2015-01-21,0,Overnight,0.0,False,17.63,17.63,185.22,False,0.0,False
2015-01-21,2015-01-22,0,Overnight,0.0,False,50.03,50.03,269.75,False,0.0,False
2015-01-22,2015-01-23,0,Overnight,0.0,False,13.58,13.58,72.59,False,0.0,False
2015-01-23,2015-01-26,2,Weekend,48.0,False,-8.31,-8.31,-88.67,False,0.0,False
2015-01-26,2015-01-27,0,Overnight,0.0,False,-99.62,-99.62,-194.0,False,0.0,False
2015-01-27,2015-01-28,0,Overnight,0.0,False,72.84,72.84,-242.34,False,0.0,False
2015-01-28,2015-01-29,0,Overnight,0.0,False,9.17,9.17,6.43,False,0.0,False
2015-01-29,2015-01-30,0,Overnight,0.0,False,111.8,111.8,351.18,False,0.0,False
2015-01-30,2015-02-02,2,Weekend,48.0,False,-60.27,-60.27,-39.76,False,0.0,False
2015-02-02,2015-02-03,0,Overnight,0.0,False,-42.56,-42.56,63.2,False,0.0,False
2015-02-03,2015-02-04,0,Overnight,0.0,False,-3.0,-3.0,-132.93,False,0.0,False
2015-02-04,2015-02-05,0,Overnight,0.0,False,34.72,34.72,35.93,False,0.0,False
2015-02-05,2015-02-06,0,Overnight,0.0,False,22.25,22.25,53.9,False,0.0,False
2015-02-06,2015-02-09,2,Weekend,48.0,False,-52.96,-52.96,-33.57,False,0.0,False
2015-02-09,2015-02-10,0,Overnight,0.0,False,54.08,54.08,149.4,False,0.0,False
2015-02-10,2015-02-11,0,Overnight,0.0,False,-7.96,-7.96,-32.1,False,0.0,False
2015-02-11,2015-02-12,0,Overnight,0.0,False,30.81,30.81,116.98,False,0.0,False
2015-02-12,2015-02-13,0,Overnight,0.0,False,27.43,27.43,66.44,False,0.0,False
2015-02-13,2015-02-17,3,Long,72.0,False,0.0,0.0,-112.21,False,0.0,False
2015-02-17,2015-02-18,0,Overnight,0.0,False,-21.86,-21.86,-21.54,False,0.0,False
2015-02-18,2015-02-19,0,Overnight,0.0,False,-3.32,-3.32,73.1,False,0.0,False
2015-02-19,2015-02-20,0,Overnight,0.0,False,20.66,20.66,-106.12,False,0.0,False
2015-02-20,2015-02-23,2,Weekend,48.0,False,-51.81,-51.81,-74.49,False,0.0,False
2015-02-23,2015-02-24,0,Overnight,0.0,False,-64.7,-64.7,132.69,False,0.0,False
2015-02-24,2015-02-25,0,Overnight,0.0,False,-3.9,-3.9,163.76,False,0.0,False
2015-02-25,2015-02-26,0,Overnight,0.0,False,-29.09,-29.09,245.25,False,0.0,False
2015-02-26,2015-02-27,0,Overnight,0.0,False,-20.4,-20.4,79.95,False,0.0,False
2015-02-27,2015-03-02,2,Weekend,48.0,False,77.37,77.37,140.45,False,0.0,False
2015-03-02,2015-03-03,0,Overnight,0.0,False,23.1,23.1,42.25,False,0.0,False
2015-03-03,2015-03-04,0,Overnight,0.0,False,-31.5,-31.5,23.54,False,0.0,False
2015-03-04,2015-03-05,0,Overnight,0.0,False,22.28,22.28,31.18,False,0.0,False
2015-03-05,2015-03-06,0,Overnight,0.0,False,9.8,9.8,-157.59,False,0.0,False
2015-03-06,2015-03-09,2,Weekend,47.0,False,-34.62,-34.62,55.55,False,0.0,False
2015-03-09,2015-03-10,0,Overnight,0.0,False,-98.37,-98.37,-152.97,False,0.0,False
2015-03-10,2015-03-11,0,Overnight,0.0,False,-0.89,-0.89,-73.69,False,0.0,False
2015-03-11,2015-03-12,0,Overnight,0.0,False,50.08,50.08,48.05,False,0.0,False
2015-03-12,2015-03-13,0,Overnight,0.0,False,-34.63,-34.63,-112.03,False,0.0,False
2015-03-13,2015-03-16,2,Weekend,48.0,False,70.82,70.82,84.22,False,0.0,False
2015-03-16,2015-03-17,0,Overnight,0.0,False,-59.83,-59.83,-12.19,False,0.0,False
2015-03-17,2015-03-18,0,Overnight,0.0,False,2.15,2.15,150.02,False,0.0,False
2015-03-18,2015-03-19,0,Overnight,0.0,False,-29.01,-29.01,-15.07,False,0.0,False
2015-03-19,2015-03-20,0,Overnight,0.0,False,53.79,53.79,-31.11,False,0.0,False
2015-03-20,2015-03-23,2,Weekend,48.0,False,18.57,18.57,-11.14,False,0.0,False
2015-03-23,2015-03-24,0,Overnight,0.0,False,55.91,55.91,157.06,False,0.0,False
2015-03-24,2015-03-25,0,Overnight,0.0,False,0.52,0.52,-184.7,False,0.0,False
2015-03-25,2015-03-26,0,Overnight,0.0,False,-41.53,-41.53,-17.9,False,0.0,False
2015-03-26,2015-03-27,0,Overnight,0.0,False,-32.16,-32.16,-76.47,False,0.0,False
2015-03-27,2015-03-30,2,Weekend,48.0,False,48.31,48.31,15.87,False,0.0,False
2015-03-30,2015-03-31,0,Overnight,0.0,False,-57.19,-57.19,-58.24,False,0.0,False
2015-03-31,2015-04-01,0,Overnight,0.0,False,2.34,2.34,-96.71,False,0.0,False
2015-04-01,2015-04-02,0,Overnight,0.0,False,-37.93,-37.93,-112.06,False,0.0,False
2015-04-02,2015-04-06,3,Long,72.0,False,-45.73,-45.73,94.39,False,0.0,False
2015-04-06,2015-04-07,0,Overnight,0.0,False,19.1,19.1,-2.39,False,0.0,False
2015-04-07,2015-04-08,0,Overnight,0.0,False,20.9,20.9,51.88,False,0.0,False
2015-04-08,2015-04-09,0,Overnight,0.0,False,6.74,6.74,-21.69,False,0.0,False
2015-04-09,2015-04-10,0,Overnight,0.0,False,28.24,28.24,-18.76,False,0.0,False
2015-04-10,2015-04-13,2,Weekend,48.0,False,-27.2,-27.2,29.02,False,0.0,False
2015-04-13,2015-04-14,0,Overnight,0.0,False,-37.8,-37.8,-125.01,False,0.0,False
2015-04-14,2015-04-15,0,Overnight,0.0,False,-33.77,-33.77,57.09,False,0.0,False
2015-04-15,2015-04-16,0,Overnight,0.0,False,-49.84,-49.84,95.58,False,0.0,False
2015-04-16,2015-04-17,0,Overnight,0.0,False,-114.91,-114.91,-85.42,False,0.0,False
2015-04-17,2015-04-20,2,Weekend,48.0,False,18.94,18.94,199.95,False,0.0,False
2015-04-20,2015-04-21,0,Overnight,0.0,False,32.64,32.64,-62.25,False,0.0,False
2015-04-21,2015-04-22,0,Overnight,0.0,False,2.58,2.58,112.06,False,0.0,False
2015-04-22,2015-04-23,0,Overnight,0.0,False,22.37,22.37,127.27,False,0.0,False
2015-04-23,2015-04-24,0,Overnight,0.0,False,397.24,397.24,-110.77,False,0.0,False
2015-04-24,2015-04-27,2,Weekend,48.0,False,-15.53,-15.53,-116.78,False,0.0,False
2015-04-27,2015-04-28,0,Overnight,0.0,False,-31.85,-31.85,0.89,False,0.0,False
2015-04-28,2015-04-29,0,Overnight,0.0,False,-68.63,-68.63,15.69,False,0.0,False
2015-04-29,2015-04-30,0,Overnight,0.0,False,-50.54,-50.54,-176.83,False,0.0,False
2015-04-30,2015-05-01,0,Overnight,0.0,False,31.66,31.66,11.8,False,0.0,False
2015-05-01,2015-05-04,2,Weekend,48.0,False,-3.09,-3.09,33.52,False,0.0,False
2015-05-04,2015-05-05,0,Overnight,0.0,False,-48.6,-48.6,-130.26,False,0.0,False
2015-05-05,2015-05-06,0,Overnight,0.0,False,-7.37,-7.37,-140.3,False,0.0,False
2015-05-06,2015-05-07,0,Overnight,0.0,False,15.31,15.31,113.92,False,0.0,False
2015-05-07,2015-05-08,0,Overnight,0.0,False,125.22,125.22,1.46,False,0.0,False
2015-05-08,2015-05-11,2,Weekend,48.0,False,-8.38,-8.38,-49.53,False,0.0,False
2015-05-11,2015-05-12,0,Overnight,0.0,False,-54.57,-54.57,-75.45,False,0.0,False
2015-05-12,2015-05-13,0,Overnight,0.0,False,32.25,32.25,-18.15,False,0.0,False
2015-05-13,2015-05-14,0,Overnight,0.0,False,82.7,82.7,95.69,False,0.0,False
2015-05-14,2015-05-15,0,Overnight,0.0,False,21.65,21.65,-71.11,False,0.0,False
2015-05-15,2015-05-18,2,Weekend,48.0,False,-48.98,-48.98,52.27,False,0.0,False
2015-05-18,2015-05-19,0,Overnight,0.0,False,24.3,24.3,23.33,False,0.0,False
2015-05-19,2015-05-20,0,Overnight,0.0,False,29.81,29.81,28.82,False,0.0,False
2015-05-20,2015-05-21,0,Overnight,0.0,False,-41.9,-41.9,119.42,False,0.0,False
2015-05-21,2015-05-22,0,Overnight,0.0,False,-42.29,-42.29,1.08,False,0.0,False
2015-05-22,2015-05-26,3,Long,72.0,False,-35.05,-35.05,-98.02,False,0.0,False
2015-05-26,2015-05-27,0,Overnight,0.0,False,27.19,27.19,101.0,False,0.0,False
2015-05-27,2015-05-28,0,Overnight,0.0,False,-8.3,-8.3,7.04,False,0.0,False
2015-05-28,2015-05-29,0,Overnight,0.0,False,-17.7,-17.7,-143.47,False,0.0,False
2015-05-29,2015-06-01,2,Weekend,48.0,False,62.34,62.34,8.74,False,0.0,False
2015-06-01,2015-06-02,0,Overnight,0.0,False,-32.46,-32.46,118.4,False,0.0,False
2015-06-02,2015-06-03,0,Overnight,0.0,False,20.74,20.74,3.42,False,0.0,False
2015-06-03,2015-06-04,0,Overnight,0.0,False,-56.16,-56.16,-8.88,False,0.0,False
2015-06-04,2015-06-05,0,Overnight,0.0,False,5.62,5.62,-44.85,False,0.0,False
2015-06-05,2015-06-08,2,Weekend,48.0,False,1.46,1.46,-112.16,False,0.0,False
2015-06-08,2015-06-09,0,Overnight,0.0,False,-1.1,-1.1,-23.21,False,0.0,False
2015-06-09,2015-06-10,0,Overnight,0.0,False,65.08,65.08,125.65,False,0.0,False
2015-06-10,2015-06-11,0,Overnight,0.0,False,34.14,34.14,-80.58,False,0.0,False
2015-06-11,2015-06-12,0,Overnight,0.0,False,-52.68,-52.68,5.85,False,0.0,False
2015-06-12,2015-06-15,2,Weekend,48.0,False,-86.96,-86.96,4.97,False,0.0,False
2015-06-15,2015-06-16,0,Overnight,0.0,False,27.22,27.22,7.16,False,0.0,False
2015-06-16,2015-06-17,0,Overnight,0.0,False,10.09,10.09,21.61,False,0.0,False
2015-06-17,2015-06-18,0,Overnight,0.0,False,25.58,25.58,148.17,False,0.0,False
2015-06-18,2015-06-19,0,Overnight,0.0,False,6.11,6.11,17.95,False,0.0,False
2015-06-19,2015-06-22,2,Weekend,48.0,False,33.84,33.84,4.82,False,0.0,False
2015-06-22,2015-06-23,0,Overnight,0.0,False,1.97,1.97,64.1,False,0.0,False
2015-06-23,2015-06-24,0,Overnight,0.0,False,-16.16,-16.16,-69.76,False,0.0,False
2015-06-24,2015-06-25,0,Overnight,0.0,False,30.92,30.92,-42.03,False,0.0,False
2015-06-25,2015-06-26,0,Overnight,0.0,False,31.49,31.49,-119.52,False,0.0,False
2015-06-26,2015-06-29,2,Weekend,48.0,False,-114.75,-114.75,-101.1,False,0.0,False
2015-06-29,2015-06-30,0,Overnight,0.0,False,70.7,70.7,-93.08,False,0.0,False
2015-06-30,2015-07-01,0,Overnight,0.0,False,66.81,66.81,-6.62,False,0.0,False
2015-07-01,2015-07-02,0,Overnight,0.0,False,26.47,26.47,47.62,False,0.0,False
2015-07-02,2015-07-06,3,Long,72.0,False,-93.43,-93.43,61.96,False,0.0,False
2015-07-06,2015-07-07,0,Overnight,0.0,False,33.12,33.12,47.38,False,0.0,False
2015-07-07,2015-07-08,0,Overnight,0.0,False,-80.87,-80.87,-71.74,False,0.0,False
2015-07-08,2015-07-09,0,Overnight,0.0,False,127.48,127.48,-73.17,False,0.0,False
2015-07-09,2015-07-10,0,Overnight,0.0,False,164.98,164.98,43.25,False,0.0,False
2015-07-10,2015-07-13,2,Weekend,48.0,False,60.95,60.95,216.05,False,0.0,False
2015-07-13,2015-07-14,0,Overnight,0.0,False,48.33,48.33,167.09,False,0.0,False
2015-07-14,2015-07-15,0,Overnight,0.0,False,-7.53,-7.53,3.77,False,0.0,False
2015-07-15,2015-07-16,0,Overnight,0.0,False,94.42,94.42,206.17,False,0.0,False
2015-07-16,2015-07-17,0,Overnight,0.0,False,1222.01,1222.01,284.45,False,0.0,False
2015-07-17,2015-07-20,2,Weekend,48.0,False,-153.25,-153.25,55.87,False,0.0,False
2015-07-20,2015-07-21,0,Overnight,0.0,False,-115.55,-115.55,151.72,False,0.0,False
2015-07-21,2015-07-22,0,Overnight,0.0,False,-19.15,-19.15,15.55,False,0.0,False
2015-07-22,2015-07-23,0,Overnight,0.0,False,-46.87,-46.87,-250.57,False,0.0,False
2015-07-23,2015-07-24,0,Overnight,0.0,False,30.19,30.19,-330.48,False,0.0,False
2015-07-24,2015-07-27,2,Weekend,48.0,False,-48.99,-48.99,102.3,False,0.0,False
2015-07-27,2015-07-28,0,Overnight,0.0,False,52.88,52.88,-31.78,False,0.0,False
2015-07-28,2015-07-29,0,Overnight,0.0,False,39.34,39.34,-12.54,False,0.0,False
2015-07-29,2015-07-30,0,Overnight,0.0,False,-60.51,-60.51,107.72,False,0.0,False
2015-07-30,2015-07-31,0,Overnight,0.0,False,2.11,2.11,-108.91,False,0.0,False
2015-07-31,2015-08-03,2,Weekend,48.0,False,2.43,2.43,106.78,False,0.0,False
2015-08-03,2015-08-04,0,Overnight,0.0,False,-5.72,-5.72,-46.17,False,0.0,False
2015-08-04,2015-08-05,0,Overnight,0.0,False,67.37,67.37,112.62,False,0.0,False
2015-08-05,2015-08-06,0,Overnight,0.0,False,10.39,10.39,-57.14,False,0.0,False
2015-08-06,2015-08-07,0,Overnight,0.0,False,-35.43,-35.43,-50.89,False,0.0,False
2015-08-07,2015-08-10,2,Weekend,48.0,False,40.56,40.56,-59.39,False,0.0,False
2015-08-10,2015-08-11,0,Overnight,0.0,False,534.94,534.94,-133.54,False,0.0,False
2015-08-11,2015-08-12,0,Overnight,0.0,False,60.51,60.51,-43.58,False,0.0,False
2015-08-12,2015-08-13,0,Overnight,0.0,False,-32.88,-32.88,-39.11,False,0.0,False
2015-08-13,2015-08-14,0,Overnight,0.0,False,-36.04,-36.04,77.62,False,0.0,False
2015-08-14,2015-08-17,2,Weekend,48.0,False,-19.31,-19.31,87.84,False,0.0,False
2015-08-17,2015-08-18,0,Overnight,0.0,False,-43.89,-43.89,-33.92,False,0.0,False
2015-08-18,2015-08-19,0,Overnight,0.0,False,20.02,20.02,56.79,False,0.0,False
2015-08-19,2015-08-20,0,Overnight,0.0,False,-71.43,-71.43,-140.59,False,0.0,False
2015-08-20,2015-08-21,0,Overnight,0.0,False,-124.99,-124.99,-410.83,False,0.0,False
2015-08-21,2015-08-24,2,Weekend,48.0,False,-698.16,-698.16,287.37,False,0.0,False
2015-08-24,2015-08-25,0,Overnight,0.0,False,448.6,448.6,-540.27,False,0.0,False
2015-08-25,2015-08-26,0,Overnight,0.0,False,488.0,488.0,255.46,False,0.0,False
2015-08-26,2015-08-27,0,Overnight,0.0,False,183.98,183.98,-60.15,False,0.0,False
2015-08-27,2015-08-28,0,Overnight,0.0,False,-32.99,-32.99,-91.59,False,0.0,False
2015-08-28,2015-08-31,2,Weekend,48.0,False,-81.43,-81.43,-100.14,False,0.0,False
2015-08-31,2015-09-01,0,Overnight,0.0,False,-218.64,-218.64,-67.28,False,0.0,False
2015-09-01,2015-09-02,0,Overnight,0.0,False,133.17,133.17,107.72,False,0.0,False
2015-09-02,2015-09-03,0,Overnight,0.0,False,46.72,46.72,-169.34,False,0.0,False
2015-09-03,2015-09-04,0,Overnight,0.0,False,-116.05,-116.05,-11.76,False,0.0,False
2015-09-04,2015-09-08,3,Long,72.0,False,189.62,189.62,44.83,False,0.0,False
2015-09-08,2015-09-09,0,Overnight,0.0,False,123.48,123.48,-130.78,False,0.0,False
2015-09-09,2015-09-10,0,Overnight,0.0,False,7.61,7.61,110.89,False,0.0,False
2015-09-10,2015-09-11,0,Overnight,0.0,False,-13.37,-13.37,77.98,False,0.0,False
2015-09-11,2015-09-14,2,Weekend,48.0,False,5.04,5.04,-48.31,False,0.0,False
2015-09-14,2015-09-15,0,Overnight,0.0,False,64.77,64.77,126.5,False,0.0,False
2015-09-15,2015-09-16,0,Overnight,0.0,False,7.21,7.21,-0.45,False,0.0,False
2015-09-16,2015-09-17,0,Overnight,0.0,False,29.56,29.56,62.43,False,0.0,False
2015-09-17,2015-09-18,0,Overnight,0.0,False,-98.9,-98.9,-62.44,False,0.0,False
2015-09-18,2015-09-21,2,Weekend,48.0,False,69.21,69.21,22.06,False,0.0,False
2015-09-21,2015-09-22,0,Overnight,0.0,False,-143.61,-143.61,-65.16,False,0.0,False
2015-09-22,2015-09-23,0,Overnight,0.0,False,-4.59,-4.59,5.97,False,0.0,False
2015-09-23,2015-09-24,0,Overnight,0.0,False,-66.35,-66.35,91.11,False,0.0,False
2015-09-24,2015-09-25,0,Overnight,0.0,False,55.88,55.88,-283.84,False,0.0,False
2015-09-25,2015-09-28,2,Weekend,48.0,False,-17.2,-17.2,-234.32,False,0.0,False
2015-09-28,2015-09-29,0,Overnight,0.0,False,20.0,20.0,-46.31,False,0.0,False
2015-09-29,2015-09-30,0,Overnight,0.0,False,147.0,147.0,102.98,False,0.0,False
2015-09-30,2015-10-01,0,Overnight,0.0,False,-6.74,-6.74,63.44,False,0.0,False
2015-10-01,2015-10-02,0,Overnight,0.0,False,-62.34,-62.34,293.15,False,0.0,False
2015-10-02,2015-10-05,2,Weekend,48.0,False,69.92,69.92,151.21,False,0.0,False
2015-10-05,2015-10-06,0,Overnight,0.0,False,-34.75,-34.75,34.15,False,0.0,False
2015-10-06,2015-10-07,0,Overnight,0.0,False,85.39,85.39,-109.84,False,0.0,False
2015-10-07,2015-10-08,0,Overnight,0.0,False,-8.21,-8.21,-36.66,False,0.0,False
2015-10-08,2015-10-09,0,Overnight,0.0,False,7.34,7.34,56.02,False,0.0,False
2015-10-09,2015-10-12,2,Weekend,48.0,False,-30.59,-30.59,107.61,False,0.0,False
2015-10-12,2015-10-13,0,Overnight,0.0,False,-32.13,-32.13,131.28,False,0.0,False
2015-10-13,2015-10-14,0,Overnight,0.0,False,8.19,8.19,-48.68,False,0.0,False
2015-10-14,2015-10-15,0,Overnight,0.0,False,70.88,70.88,112.75,False,0.0,False
2015-10-15,2015-10-16,0,Overnight,0.0,False,34.28,34.28,-1.15,False,0.0,False
2015-10-16,2015-10-19,2,Weekend,48.0,False,-19.0,-19.0,85.37,False,0.0,False
2015-10-19,2015-10-20,0,Overnight,0.0,False,-29.47,-29.47,-259.69,False,0.0,False
2015-10-20,2015-10-21,0,Overnight,0.0,False,47.09,47.09,-168.42,False,0.0,False
2015-10-21,2015-10-22,0,Overnight,0.0,False,54.04,54.04,84.04,False,0.0,False
2015-10-22,2015-10-23,0,Overnight,0.0,False,963.85,963.85,-418.33,False,0.0,False
2015-10-23,2015-10-26,2,Weekend,48.0,False,9.59,9.59,152.99,False,0.0,False
2015-10-26,2015-10-27,0,Overnight,0.0,False,-62.43,-62.43,85.65,False,0.0,False
2015-10-27,2015-10-28,0,Overnight,0.0,False,2.46,2.46,53.34,False,0.0,False
2015-10-28,2015-10-29,0,Overnight,0.0,False,-3.94,-3.94,110.97,False,0.0,False
2015-10-29,2015-10-30,0,Overnight,0.0,False,9.53,9.53,-110.19,False,0.0,False
2015-10-30,2015-11-02,2,Weekend,49.0,False,-38.86,-38.86,178.24,False,0.0,False
2015-11-02,2015-11-03,0,Overnight,0.0,False,-30.94,-30.94,45.37,False,0.0,False
2015-11-03,2015-11-04,0,Overnight,0.0,False,14.41,14.41,71.88,False,0.0,False
2015-11-04,2015-11-05,0,Overnight,0.0,False,46.23,46.23,24.48,False,0.0,False
2015-11-05,2015-11-06,0,Overnight,0.0,False,-16.84,-16.84,29.06,False,0.0,False
2015-11-06,2015-11-09,2,Weekend,48.0,False,-40.52,-40.52,-49.56,False,0.0,False
2015-11-09,2015-11-10,0,Overnight,0.0,False,-17.11,-17.11,63.24,False,0.0,False
2015-11-10,2015-11-11,0,Overnight,0.0,False,54.19,54.19,37.58,False,0.0,False
2015-11-11,2015-11-12,0,Overnight,0.0,False,-66.47,-66.47,-48.13,False,0.0,False
2015-11-12,2015-11-13,0,Overnight,0.0,False,-32.97,-32.97,-187.01,False,0.0,False
2015-11-13,2015-11-16,2,Weekend,48.0,False,1.89,1.89,136.99,False,0.0,False
2015-11-16,2015-11-17,0,Overnight,0.0,False,27.28,27.28,-86.62,False,0.0,False
2015-11-17,2015-11-18,0,Overnight,0.0,False,48.01,48.01,138.32,False,0.0,False
2015-11-18,2015-11-19,0,Overnight,0.0,False,-3.03,-3.03,2.11,False,0.0,False
2015-11-19,2015-11-20,0,Overnight,0.0,False,122.41,122.41,99.59,False,0.0,False
2015-11-20,2015-11-23,2,Weekend,48.0,False,6.05,6.05,-9.91,False,0.0,False
2015-11-23,2015-11-24,0,Overnight,0.0,False,-48.27,-48.27,-43.17,False,0.0,False
2015-11-24,2015-11-25,0,Overnight,0.0,False,26.73,26.73,-31.54,False,0.0,False
2015-11-25,2015-11-27,1,Short,24.0,False,-1.3,-1.3,36.47,False,0.0,False
2015-11-27,2015-11-30,2,Weekend,48.0,True,-1.3,-1.3,-117.55,False,0.0,False
2015-11-30,2015-12-01,0,Overnight,0.0,False,53.47,53.47,217.33,False,0.0,False
2015-12-01,2015-12-02,0,Overnight,0.0,False,18.61,18.61,-94.68,False,0.0,False
2015-12-02,2015-12-03,0,Overnight,0.0,False,34.78,34.78,-159.61,False,0.0,False
2015-12-03,2015-12-04,0,Overnight,0.0,False,19.64,19.64,122.67,False,0.0,False
2015-12-04,2015-12-07,2,Weekend,48.0,False,10.9,10.9,-91.05,False,0.0,False
2015-12-07,2015-12-08,0,Overnight,0.0,False,-110.44,-110.44,138.22,False,0.0,False
2015-12-08,2015-12-09,0,Overnight,0.0,False,-52.26,-52.26,-111.5,False,0.0,False
2015-12-09,2015-12-10,0,Overnight,0.0,False,13.63,13.63,-46.6,False,0.0,False
2015-12-10,2015-12-11,0,Overnight,0.0,False,-146.32,-146.32,18.94,False,0.0,False
2015-12-11,2015-12-14,2,Weekend,48.0,False,11.19,11.19,149.03,False,0.0,False
2015-12-14,2015-12-15,0,Overnight,0.0,False,68.61,68.61,-100.79,False,0.0,False
2015-12-15,2015-12-16,0,Overnight,0.0,False,84.89,84.89,129.86,False,0.0,False
2015-12-16,2015-12-17,0,Overnight,0.0,False,58.67,58.67,-146.1,False,0.0,False
2015-12-17,2015-12-18,0,Overnight,0.0,False,-33.83,-33.83,-136.22,False,0.0,False
2015-12-18,2015-12-21,2,Weekend,48.0,False,81.59,81.59,-29.53,False,0.0,False
2015-12-21,2015-12-22,0,Overnight,0.0,False,45.51,45.51,37.35,False,0.0,False
2015-12-22,2015-12-23,0,Overnight,0.0,False,46.3,46.3,-28.33,False,0.0,False
2015-12-23,2015-12-24,0,Overnight,0.0,False,0.13,0.13,-34.93,False,0.0,False
2015-12-24,2015-12-28,3,Long,72.0,True,54.17,54.17,157.71,False,0.0,False
2015-12-28,2015-12-29,0,Overnight,0.0,False,60.54,60.54,88.18,False,0.0,False
2015-12-29,2015-12-30,0,Overnight,0.0,False,0.0,0.0,-46.21,False,0.0,False
2015-12-30,2015-12-31,0,Overnight,0.0,False,-31.43,-31.43,-125.3,False,0.0,False
2015-12-31,2016-01-04,3,Long,72.0,False,-205.3,-205.3,-36.28,False,0.0,False
2016-01-04,2016-01-05,0,Overnight,0.0,False,61.17,61.17,-33.69,False,0.0,False
2016-01-05,2016-01-06,0,Overnight,0.0,False,-147.63,-147.63,118.7,False,0.0,False
2016-01-06,2016-01-07,0,Overnight,0.0,False,-170.54,-170.54,-73.82,False,0.0,False
2016-01-07,2016-01-08,0,Overnight,0.0,False,91.35,91.35,-228.45,False,0.0,False
2016-01-08,2016-01-11,2,Weekend,48.0,False,14.22,14.22,15.29,False,0.0,False
2016-01-11,2016-01-12,0,Overnight,0.0,False,104.22,104.22,61.77,False,0.0,False
2016-01-12,2016-01-13,0,Overnight,0.0,False,53.52,53.52,-405.39,False,0.0,False
2016-01-13,2016-01-14,0,Overnight,0.0,False,67.45,67.45,95.48,False,0.0,False
2016-01-14,2016-01-15,0,Overnight,0.0,False,-296.96,-296.96,7.04,False,0.0,False
2016-01-15,2016-01-19,3,Long,72.0,False,135.05,135.05,-14.87,False,0.0,False
2016-01-19,2016-01-20,0,Overnight,0.0,False,-184.99,-184.99,177.76,False,0.0,False
2016-01-20,2016-01-21,0,Overnight,0.0,False,22.38,22.38,89.85,False,0.0,False
2016-01-21,2016-01-22,0,Overnight,0.0,False,208.77,208.77,46.52,False,0.0,False
2016-01-22,2016-01-25,2,Weekend,48.0,False,-21.75,-21.75,-138.35,False,0.0,False
2016-01-25,2016-01-26,0,Overnight,0.0,False,21.65,21.65,-19.33,False,0.0,False
2016-01-26,2016-01-27,0,Overnight,0.0,False,28.58,28.58,-251.96,False,0.0,False
2016-01-27,2016-01-28,0,Overnight,0.0,False,283.17,283.17,136.03,False,0.0,False
2016-01-28,2016-01-29,0,Overnight,0.0,False,8.82,8.82,164.08,False,0.0,False
2016-01-29,2016-02-01,2,Weekend,48.0,False,129.32,129.32,-6.35,False,0.0,False
2016-02-01,2016-02-02,0,Overnight,0.0,False,378.47,378.47,-247.77,False,0.0,False
2016-02-02,2016-02-03,0,Overnight,0.0,False,68.53,68.53,-480.67,False,0.0,False
2016-02-03,2016-02-04,0,Overnight,0.0,False,-64.13,-64.13,-197.48,False,0.0,False
2016-02-04,2016-02-05,0,Overnight,0.0,False,-62.24,-62.24,-304.24,False,0.0,False
2016-02-05,2016-02-08,2,Weekend,48.0,False,-231.14,-231.14,236.82,False,0.0,False
2016-02-08,2016-02-09,0,Overnight,0.0,False,-160.48,-160.48,115.79,False,0.0,False
2016-02-09,2016-02-10,0,Overnight,0.0,False,152.47,152.47,-69.64,False,0.0,False
2016-02-10,2016-02-11,0,Overnight,0.0,False,-149.8,-149.8,142.87,False,0.0,False
2016-02-11,2016-02-12,0,Overnight,0.0,False,82.48,82.48,-74.98,False,0.0,False
2016-02-12,2016-02-16,3,Long,72.0,False,164.99,164.99,-14.06,False,0.0,False
2016-02-16,2016-02-17,0,Overnight,0.0,False,129.58,129.58,68.13,False,0.0,False
2016-02-17,2016-02-18,0,Overnight,0.0,False,27.15,27.15,-226.68,False,0.0,False
2016-02-18,2016-02-19,0,Overnight,0.0,False,-22.46,-22.46,86.37,False,0.0,False
2016-02-19,2016-02-22,2,Weekend,48.0,False,101.96,101.96,-6.31,False,0.0,False
2016-02-22,2016-02-23,0,Overnight,0.0,False,-40.55,-40.55,-122.08,False,0.0,False
2016-02-23,2016-02-24,0,Overnight,0.0,False,-93.56,-93.56,143.77,False,0.0,False
2016-02-24,2016-02-25,0,Overnight,0.0,False,28.12,28.12,85.26,False,0.0,False
2016-02-25,2016-02-26,0,Overnight,0.0,False,61.26,61.26,-119.85,False,0.0,False
2016-02-26,2016-02-29,2,Weekend,48.0,False,-53.39,-53.39,-52.56,False,0.0,False
2016-02-29,2016-03-01,0,Overnight,0.0,False,56.72,56.72,285.23,False,0.0,False
2016-03-01,2016-03-02,0,Overnight,0.0,False,9.43,9.43,-45.74,False,0.0,False
2016-03-02,2016-03-03,0,Overnight,0.0,False,0.0,0.0,-107.27,False,0.0,False
2016-03-03,2016-03-04,0,Overnight,0.0,False,43.78,43.78,-62.52,False,0.0,False
2016-03-04,2016-03-07,2,Weekend,48.0,False,-69.67,-69.67,-171.78,False,0.0,False
2016-03-07,2016-03-08,0,Overnight,0.0,False,-62.06,-62.06,72.3,False,0.0,False
2016-03-08,2016-03-09,0,Overnight,0.0,False,22.96,22.96,142.17,False,0.0,False
2016-03-09,2016-03-10,0,Overnight,0.0,False,32.76,32.76,60.0,False,0.0,False
2016-03-10,2016-03-11,0,Overnight,0.0,False,105.7,105.7,66.27,False,0.0,False
2016-03-11,2016-03-14,2,Weekend,47.0,False,1.34,1.34,70.49,False,0.0,False
2016-03-14,2016-03-15,0,Overnight,0.0,False,-56.41,-56.41,60.81,False,0.0,False
2016-03-15,2016-03-16,0,Overnight,0.0,False,-20.27,-20.27,110.33,False,0.0,False
2016-03-16,2016-03-17,0,Overnight,0.0,False,3.83,3.83,10.95,False,0.0,False
2016-03-17,2016-03-18,0,Overnight,0.0,False,41.44,41.44,-82.0,False,0.0,False
2016-03-18,2016-03-21,2,Weekend,48.0,False,-19.88,-19.88,108.84,False,0.0,False
2016-03-21,2016-03-22,0,Overnight,0.0,False,-48.93,-48.93,21.2,False,0.0,False
2016-03-22,2016-03-23,0,Overnight,0.0,False,43.32,43.32,-76.14,False,0.0,False
2016-03-23,2016-03-24,0,Overnight,0.0,False,-84.31,-84.31,48.34,False,0.0,False
2016-03-24,2016-03-28,3,Long,72.0,False,17.6,17.6,-38.29,False,0.0,False
2016-03-28,2016-03-29,0,Overnight,0.0,False,5.31,5.31,160.71,False,0.0,False
2016-03-29,2016-03-30,0,Overnight,0.0,False,30.25,30.25,1.69,False,0.0,False
2016-03-30,2016-03-31,0,Overnight,0.0,False,0.0,0.0,-71.05,False,0.0,False
2016-03-31,2016-04-01,0,Overnight,0.0,False,-75.52,-75.52,163.87,False,0.0,False
2016-04-01,2016-04-04,2,Weekend,48.0,False,-2.08,-2.08,-57.21,False,0.0,False
2016-04-04,2016-04-05,0,Overnight,0.0,False,-91.78,-91.78,5.8,False,0.0,False
2016-04-05,2016-04-06,0,Overnight,0.0,False,-9.63,-9.63,134.09,False,0.0,False
2016-04-06,2016-04-07,0,Overnight,0.0,False,-35.87,-35.87,-68.18,False,0.0,False
2016-04-07,2016-04-08,0,Overnight,0.0,False,75.36,75.36,-83.92,False,0.0,False
2016-04-08,2016-04-11,2,Weekend,48.0,False,78.43,78.43,-103.88,False,0.0,False
2016-04-11,2016-04-12,0,Overnight,0.0,False,11.74,11.74,77.36,False,0.0,False
2016-04-12,2016-04-13,0,Overnight,0.0,False,78.06,78.06,20.75,False,0.0,False
2016-04-13,2016-04-14,0,Overnight,0.0,False,44.6,44.6,0.39,False,0.0,False
2016-04-14,2016-04-15,0,Overnight,0.0,False,1.42,1.42,57.86,False,0.0,False
2016-04-15,2016-04-18,2,Weekend,48.0,False,2.44,2.44,95.54,False,0.0,False
2016-04-18,2016-04-19,0,Overnight,0.0,False,35.74,35.74,-181.91,False,0.0,False
2016-04-19,2016-04-20,0,Overnight,0.0,False,37.42,37.42,-54.57,False,0.0,False
2016-04-20,2016-04-21,0,Overnight,0.0,False,30.8,30.8,34.55,False,0.0,False
2016-04-21,2016-04-22,0,Overnight,0.0,False,-473.74,-473.74,-82.88,False,0.0,False
2016-04-22,2016-04-25,2,Weekend,48.0,False,-32.85,-32.85,92.86,False,0.0,False
2016-04-25,2016-04-26,0,Overnight,0.0,False,29.73,29.73,-259.24,False,0.0,False
2016-04-26,2016-04-27,0,Overnight,0.0,False,-0.69,-0.69,-53.36,False,0.0,False
2016-04-27,2016-04-28,0,Overnight,0.0,False,25.33,25.33,-255.27,False,0.0,False
2016-04-28,2016-04-29,0,Overnight,0.0,False,-13.34,-13.34,53.26,False,0.0,False
2016-04-29,2016-05-02,2,Weekend,48.0,False,56.91,56.91,34.91,False,0.0,False
2016-05-02,2016-05-03,0,Overnight,0.0,False,-26.77,-26.77,-57.15,False,0.0,False
2016-05-03,2016-05-04,0,Overnight,0.0,False,-23.6,-23.6,64.87,False,0.0,False
2016-05-04,2016-05-05,0,Overnight,0.0,False,50.9,50.9,-4.06,False,0.0,False
2016-05-05,2016-05-06,0,Overnight,0.0,False,-35.18,-35.18,180.61,False,0.0,False
2016-05-06,2016-05-09,2,Weekend,48.0,False,20.94,20.94,33.38,False,0.0,False
2016-05-09,2016-05-10,0,Overnight,0.0,False,79.64,79.64,59.96,False,0.0,False
2016-05-10,2016-05-11,0,Overnight,0.0,False,15.41,15.41,-135.55,False,0.0,False
2016-05-11,2016-05-12,0,Overnight,0.0,False,19.83,19.83,-53.83,False,0.0,False
2016-05-12,2016-05-13,0,Overnight,0.0,False,-19.94,-19.94,-24.67,False,0.0,False
2016-05-13,2016-05-16,2,Weekend,48.0,False,-7.04,-7.04,82.22,False,0.0,False
2016-05-16,2016-05-17,0,Overnight,0.0,False,10.4,10.4,-149.81,False,0.0,False
2016-05-17,2016-05-18,0,Overnight,0.0,False,-23.49,-23.49,45.55,False,0.0,False
2016-05-18,2016-05-19,0,Overnight,0.0,False,-48.33,-48.33,-41.71,False,0.0,False
2016-05-19,2016-05-20,0,Overnight,0.0,False,16.06,16.06,73.01,False,0.0,False
2016-05-20,2016-05-23,2,Weekend,48.0,False,-24.0,-24.0,-37.99,False,0.0,False
2016-05-23,2016-05-24,0,Overnight,0.0,False,36.18,36.18,181.44,False,0.0,False
2016-05-24,2016-05-25,0,Overnight,0.0,False,26.84,26.84,42.09,False,0.0,False
2016-05-25,2016-05-26,0,Overnight,0.0,False,-28.49,-28.49,12.63,False,0.0,False
2016-05-26,2016-05-27,0,Overnight,0.0,False,7.87,7.87,135.88,False,0.0,False
2016-05-27,2016-05-31,3,Long,72.0,False,15.5,15.5,1.2,False,0.0,False
2016-05-31,2016-06-01,0,Overnight,0.0,False,-5.08,-5.08,-0.13,False,0.0,False
2016-06-01,2016-06-02,0,Overnight,0.0,False,-31.58,-31.58,-24.56,False,0.0,False
2016-06-02,2016-06-03,0,Overnight,0.0,False,-37.42,-37.42,-76.22,False,0.0,False
2016-06-03,2016-06-06,2,Weekend,48.0,False,35.81,35.81,-114.94,False,0.0,False
2016-06-06,2016-06-07,0,Overnight,0.0,False,43.87,43.87,-29.77,False,0.0,False
2016-06-07,2016-06-08,0,Overnight,0.0,False,114.38,114.38,46.28,False,0.0,False
2016-06-08,2016-06-09,0,Overnight,0.0,False,-79.19,-79.19,73.67,False,0.0,False
2016-06-09,2016-06-10,0,Overnight,0.0,False,-88.88,-88.88,-37.57,False,0.0,False
2016-06-10,2016-06-13,2,Weekend,48.0,False,-46.07,-46.07,28.19,False,0.0,False
2016-06-13,2016-06-14,0,Overnight,0.0,False,-35.18,-35.18,53.88,False,0.0,False
2016-06-14,2016-06-15,0,Overnight,0.0,False,22.75,22.75,-37.22,False,0.0,False
2016-06-15,2016-06-16,0,Overnight,0.0,False,-57.94,-57.94,-51.09,False,0.0,False
2016-06-16,2016-06-17,0,Overnight,0.0,False,-39.57,-39.57,-240.46,False,0.0,False
2016-06-17,2016-06-20,2,Weekend,48.0,False,85.68,85.68,-59.02,False,0.0,False
2016-06-20,2016-06-21,0,Overnight,0.0,False,55.36,55.36,-16.49,False,0.0,False
2016-06-21,2016-06-22,0,Overnight,0.0,False,72.67,72.67,-50.26,False,0.0,False
2016-06-22,2016-06-23,0,Overnight,0.0,False,1.13,1.13,60.61,False,0.0,False
2016-06-23,2016-06-24,0,Overnight,0.0,False,-351.63,-351.63,-72.27,False,0.0,False
2016-06-24,2016-06-27,2,Weekend,48.0,False,-39.63,-39.63,-19.8,False,0.0,False
2016-06-27,2016-06-28,0,Overnight,0.0,False,149.07,149.07,-1.59,False,0.0,False
2016-06-28,2016-06-29,0,Overnight,0.0,False,43.31,43.31,13.39,False,0.0,False
2016-06-29,2016-06-30,0,Overnight,0.0,False,35.32,35.32,83.93,False,0.0,False
2016-06-30,2016-07-01,0,Overnight,0.0,False,22.29,22.29,72.77,False,0.0,False
2016-07-01,2016-07-05,3,Long,72.0,False,-74.05,-74.05,-1.7,False,0.0,False
2016-07-05,2016-07-06,0,Overnight,0.0,False,-71.9,-71.9,129.62,False,0.0,False
2016-07-06,2016-07-07,0,Overnight,0.0,False,16.07,16.07,-40.22,False,0.0,False
2016-07-07,2016-07-08,0,Overnight,0.0,False,46.55,46.55,101.1,False,0.0,False
2016-07-08,2016-07-11,2,Weekend,48.0,False,22.82,22.82,107.56,False,0.0,False
2016-07-11,2016-07-12,0,Overnight,0.0,False,64.7,64.7,8.06,False,0.0,False
2016-07-12,2016-07-13,0,Overnight,0.0,False,41.01,41.01,-82.46,False,0.0,False
2016-07-13,2016-07-14,0,Overnight,0.0,False,60.95,60.95,25.31,False,0.0,False
2016-07-14,2016-07-15,0,Overnight,0.0,False,70.42,70.42,-72.73,False,0.0,False
2016-07-15,2016-07-18,2,Weekend,48.0,False,30.95,30.95,205.09,False,0.0,False
2016-07-18,2016-07-19,0,Overnight,0.0,False,-44.31,-44.31,47.1,False,0.0,False
2016-07-19,2016-07-20,0,Overnight,0.0,False,8.49,8.49,40.1,False,0.0,False
2016-07-20,2016-07-21,0,Overnight,0.0,False,-1.06,-1.06,-34.27,False,0.0,False
2016-07-21,2016-07-22,0,Overnight,0.0,False,38.5,38.5,25.85,False,0.0,False
2016-07-22,2016-07-25,2,Weekend,48.0,False,-21.1,-21.1,-2.11,False,0.0,False
2016-07-25,2016-07-26,0,Overnight,0.0,False,0.0,0.0,1.72,False,0.0,False
2016-07-26,2016-07-27,0,Overnight,0.0,False,17.41,17.41,39.45,False,0.0,False
2016-07-27,2016-07-28,0,Overnight,0.0,False,89.76,89.76,-39.1,False,0.0,False
2016-07-28,2016-07-29,0,Overnight,0.0,False,407.72,407.72,-80.17,False,0.0,False
2016-07-29,2016-08-01,2,Weekend,48.0,False,-59.19,-59.19,179.77,False,0.0,False
2016-08-01,2016-08-02,0,Overnight,0.0,False,-45.17,-45.17,34.93,False,0.0,False
2016-08-02,2016-08-03,0,Overnight,0.0,False,-45.72,-45.72,30.71,False,0.0,False
2016-08-03,2016-08-04,0,Overnight,0.0,False,-8.52,-8.52,-12.41,False,0.0,False
2016-08-04,2016-08-05,0,Overnight,0.0,False,35.81,35.81,84.88,False,0.0,False
2016-08-05,2016-08-08,2,Weekend,48.0,False,-11.53,-11.53,-9.56,False,0.0,False
2016-08-08,2016-08-09,0,Overnight,0.0,False,-9.19,-9.19,37.1,False,0.0,False
2016-08-09,2016-08-10,0,Overnight,0.0,False,-5.33,-5.33,17.83,False,0.0,False
2016-08-10,2016-08-11,0,Overnight,0.0,False,24.46,24.46,-28.05,False,0.0,False
2016-08-11,2016-08-12,0,Overnight,0.0,False,-38.55,-38.55,24.32,False,0.0,False
2016-08-12,2016-08-15,2,Weekend,48.0,False,1.98,1.98,-15.5,False,0.0,False
2016-08-15,2016-08-16,0,Overnight,0.0,False,-30.57,-30.57,-28.79,False,0.0,False
2016-08-16,2016-08-17,0,Overnight,0.0,False,-14.86,-14.86,67.52,False,0.0,False
2016-08-17,2016-08-18,0,Overnight,0.0,False,-0.74,-0.74,-32.46,False,0.0,False
2016-08-18,2016-08-19,0,Overnight,0.0,False,-36.94,-36.94,-1.75,False,0.0,False
2016-08-19,2016-08-22,2,Weekend,48.0,False,-14.27,-14.27,-19.56,False,0.0,False
2016-08-22,2016-08-23,0,Overnight,0.0,False,44.2,44.2,-48.71,False,0.0,False
2016-08-23,2016-08-24,0,Overnight,0.0,False,3.39,3.39,-40.99,False,0.0,False
2016-08-24,2016-08-25,0,Overnight,0.0,False,-20.18,-20.18,-8.84,False,0.0,False
2016-08-25,2016-08-26,0,Overnight,0.0,False,15.03,15.03,9.21,False,0.0,False
2016-08-26,2016-08-29,2,Weekend,48.0,False,-2.14,-2.14,34.87,False,0.0,False
2016-08-29,2016-08-30,0,Overnight,0.0,False,-37.01,-37.01,-12.12,False,0.0,False
2016-08-30,2016-08-31,0,Overnight,0.0,False,-29.34,-29.34,3.17,False,0.0,False
2016-08-31,2016-09-01,0,Overnight,0.0,False,26.93,26.93,-7.33,False,0.0,False
2016-09-01,2016-09-02,0,Overnight,0.0,False,48.78,48.78,20.1,False,0.0,False
2016-09-02,2016-09-06,3,Long,72.0,False,19.06,19.06,119.9,False,0.0,False
2016-09-06,2016-09-07,0,Overnight,0.0,False,-1.11,-1.11,0.74,False,0.0,False
2016-09-07,2016-09-08,0,Overnight,0.0,False,-34.34,-34.34,-29.6,False,0.0,False
2016-09-08,2016-09-09,0,Overnight,0.0,False,-50.82,-50.82,-129.66,False,0.0,False
2016-09-09,2016-09-12,2,Weekend,48.0,False,-50.35,-50.35,180.64,False,0.0,False
2016-09-12,2016-09-13,0,Overnight,0.0,False,-60.4,-60.4,-66.85,False,0.0,False
2016-09-13,2016-09-14,0,Overnight,0.0,False,-15.1,-15.1,37.14,False,0.0,False
2016-09-14,2016-09-15,0,Overnight,0.0,False,-5.69,-5.69,141.02,False,0.0,False
2016-09-15,2016-09-16,0,Overnight,0.0,False,-27.62,-27.62,-13.15,False,0.0,False
2016-09-16,2016-09-19,2,Weekend,48.0,False,39.27,39.27,-71.66,False,0.0,False
2016-09-19,2016-09-20,0,Overnight,0.0,False,57.79,57.79,-2.75,False,0.0,False
2016-09-20,2016-09-21,0,Overnight,0.0,False,18.49,18.49,46.94,False,0.0,False
2016-09-21,2016-09-22,0,Overnight,0.0,False,61.55,61.55,73.19,False,0.0,False
2016-09-22,2016-09-23,0,Overnight,0.0,False,-9.93,-9.93,-2.21,False,0.0,False
2016-09-23,2016-09-26,2,Weekend,48.0,False,-63.27,-63.27,-88.93,False,0.0,False
2016-09-26,2016-09-27,0,Overnight,0.0,False,-10.22,-10.22,110.38,False,0.0,False
2016-09-27,2016-09-28,0,Overnight,0.0,False,-82.36,-82.36,74.1,False,0.0,False
2016-09-28,2016-09-29,0,Overnight,0.0,False,-35.0,-35.0,-57.02,False,0.0,False
2016-09-29,2016-09-30,0,Overnight,0.0,False,11.95,11.95,5.72,False,0.0,False
2016-09-30,2016-10-03,2,Weekend,48.0,False,-18.8,-18.8,-27.07,False,0.0,False
2016-10-03,2016-10-04,0,Overnight,0.0,False,57.56,57.56,-27.49,False,0.0,False
2016-10-04,2016-10-05,0,Overnight,0.0,False,39.91,39.91,-59.36,False,0.0,False
2016-10-05,2016-10-06,0,Overnight,0.0,False,35.51,35.51,-12.44,False,0.0,False
2016-10-06,2016-10-07,0,Overnight,0.0,False,35.43,35.43,-64.98,False,0.0,False
2016-10-07,2016-10-10,2,Weekend,48.0,False,40.13,40.13,126.57,False,0.0,False
2016-10-10,2016-10-11,0,Overnight,0.0,False,0.0,0.0,-56.66,False,0.0,False
2016-10-11,2016-10-12,0,Overnight,0.0,False,29.48,29.48,-2.34,False,0.0,False
2016-10-12,2016-10-13,0,Overnight,0.0,False,-70.46,-70.46,-24.72,False,0.0,False
2016-10-13,2016-10-14,0,Overnight,0.0,False,41.82,41.82,-35.36,False,0.0,False
2016-10-14,2016-10-17,2,Weekend,48.0,False,17.26,17.26,10.54,False,0.0,False
2016-10-17,2016-10-18,0,Overnight,0.0,False,90.93,90.93,89.01,False,0.0,False
2016-10-18,2016-10-19,0,Overnight,0.0,False,16.91,16.91,48.01,False,0.0,False
2016-10-19,2016-10-20,0,Overnight,0.0,False,8.7,8.7,-71.91,False,0.0,False
2016-10-20,2016-10-21,0,Overnight,0.0,False,-19.86,-19.86,49.39,False,0.0,False
2016-10-21,2016-10-24,2,Weekend,48.0,False,72.91,72.91,67.83,False,0.0,False
2016-10-24,2016-10-25,0,Overnight,0.0,False,32.97,32.97,-119.37,False,0.0,False
2016-10-25,2016-10-26,0,Overnight,0.0,False,-17.27,-17.27,-60.88,False,0.0,False
2016-10-26,2016-10-27,0,Overnight,0.0,False,11.06,11.06,-69.01,False,0.0,False
2016-10-27,2016-10-28,0,Overnight,0.0,False,152.86,152.86,-125.86,False,0.0,False
2016-10-28,2016-10-31,2,Weekend,48.0,False,34.96,34.96,-153.53,False,0.0,False
2016-10-31,2016-11-01,0,Overnight,0.0,False,11.97,11.97,-66.69,False,0.0,False
2016-11-01,2016-11-02,0,Overnight,0.0,False,15.88,15.88,-229.95,False,0.0,False
2016-11-02,2016-11-03,0,Overnight,0.0,False,-49.84,-49.84,-29.49,False,0.0,False
2016-11-03,2016-11-04,0,Overnight,0.0,False,-140.2,-140.2,126.26,False,0.0,False
2016-11-04,2016-11-07,2,Weekend,49.0,False,175.76,175.76,88.67,False,0.0,False
2016-11-07,2016-11-08,0,Overnight,0.0,False,0.0,0.0,123.3,False,0.0,False
2016-11-08,2016-11-09,0,Overnight,0.0,False,-125.79,-125.79,46.78,False,0.0,False
2016-11-09,2016-11-10,0,Overnight,0.0,False,54.59,54.59,-373.69,False,0.0,False
2016-11-10,2016-11-11,0,Overnight,0.0,False,-44.7,-44.7,-65.35,False,0.0,False
2016-11-11,2016-11-14,2,Weekend,48.0,False,0.13,0.13,-243.16,False,0.0,False
2016-11-14,2016-11-15,0,Overnight,0.0,False,161.33,161.33,125.79,False,0.0,False
2016-11-15,2016-11-16,0,Overnight,0.0,False,-61.34,-61.34,123.32,False,0.0,False
2016-11-16,2016-11-17,0,Overnight,0.0,False,32.26,32.26,46.66,False,0.0,False
2016-11-17,2016-11-18,0,Overnight,0.0,False,12.84,12.84,-143.3,False,0.0,False
2016-11-18,2016-11-21,2,Weekend,48.0,False,27.41,27.41,85.74,False,0.0,False
2016-11-21,2016-11-22,0,Overnight,0.0,False,53.25,53.25,-50.7,False,0.0,False
2016-11-22,2016-11-23,0,Overnight,0.0,False,57.41,57.41,-134.14,False,0.0,False
2016-11-23,2016-11-25,1,Short,24.0,False,46.23,46.23,-30.46,False,0.0,False
2016-11-25,2016-11-28,2,Weekend,48.0,True,-24.12,-24.12,95.13,False,0.0,False
2016-11-28,2016-11-29,0,Overnight,0.0,False,32.91,32.91,13.44,False,0.0,False
2016-11-29,2016-11-30,0,Overnight,0.0,False,-4.31,-4.31,-168.95,False,0.0,False
2016-11-30,2016-12-01,0,Overnight,0.0,False,34.35,34.35,-184.34,False,0.0,False
2016-12-01,2016-12-02,0,Overnight,0.0,False,-31.84,-31.84,33.54,False,0.0,False
2016-12-02,2016-12-05,2,Weekend,48.0,False,72.21,72.21,106.19,False,0.0,False
2016-12-05,2016-12-06,0,Overnight,0.0,False,25.28,25.28,-51.53,False,0.0,False
2016-12-06,2016-12-07,0,Overnight,0.0,False,48.45,48.45,146.62,False,0.0,False
2016-12-07,2016-12-08,0,Overnight,0.0,False,18.68,18.68,27.96,False,0.0,False
2016-12-08,2016-12-09,0,Overnight,0.0,False,51.8,51.8,126.19,False,0.0,False
2016-12-09,2016-12-12,2,Weekend,48.0,False,-57.36,-57.36,38.2,False,0.0,False
2016-12-12,2016-12-13,0,Overnight,0.0,False,55.42,55.42,36.25,False,0.0,False
2016-12-13,2016-12-14,0,Overnight,0.0,False,7.11,7.11,24.12,False,0.0,False
2016-12-14,2016-12-15,0,Overnight,0.0,False,-6.48,-6.48,-20.94,False,0.0,False
2016-12-15,2016-12-16,0,Overnight,0.0,False,32.56,32.56,-104.05,False,0.0,False
2016-12-16,2016-12-19,2,Weekend,48.0,False,-6.92,-6.92,39.71,False,0.0,False
2016-12-19,2016-12-20,0,Overnight,0.0,False,10.7,10.7,22.47,False,0.0,False
2016-12-20,2016-12-21,0,Overnight,0.0,False,6.38,6.38,-43.24,False,0.0,False
2016-12-21,2016-12-22,0,Overnight,0.0,False,-38.24,-38.24,7.17,False,0.0,False
2016-12-22,2016-12-23,0,Overnight,0.0,False,-20.65,-20.65,-2.6,False,0.0,False
2016-12-23,2016-12-27,3,Long,72.0,False,10.89,10.89,15.45,False,0.0,False
2016-12-27,2016-12-28,0,Overnight,0.0,False,41.89,41.89,-108.29,False,0.0,False
2016-12-28,2016-12-29,0,Overnight,0.0,False,-27.88,-27.88,6.85,False,0.0,False
2016-12-29,2016-12-30,0,Overnight,0.0,False,4.11,4.11,-134.87,False,0.0,False
2016-12-30,2017-01-03,3,Long,72.0,False,102.57,102.57,91.88,False,0.0,False
2017-01-03,2017-01-04,0,Overnight,0.0,False,23.24,23.24,-26.21,False,0.0,False
2017-01-04,2017-01-05,0,Overnight,0.0,False,-3.34,-3.34,68.13,False,0.0,False
2017-01-05,2017-01-06,0,Overnight,0.0,False,24.2,24.2,124.62,False,0.0,False
2017-01-06,2017-01-09,2,Weekend,48.0,False,14.05,14.05,9.8,False,0.0,False
2017-01-09,2017-01-10,0,Overnight,0.0,False,-1.33,-1.33,-12.82,False,0.0,False
2017-01-10,2017-01-11,0,Overnight,0.0,False,7.38,7.38,39.12,False,0.0,False
2017-01-11,2017-01-12,0,Overnight,0.0,False,-17.85,-17.85,13.87,False,0.0,False
2017-01-12,2017-01-13,0,Overnight,0.0,False,17.7,17.7,-0.72,False,0.0,False
2017-01-13,2017-01-17,3,Long,72.0,False,-11.32,-11.32,-30.65,False,0.0,False
2017-01-17,2017-01-18,0,Overnight,0.0,False,28.24,28.24,-9.4,False,0.0,False
2017-01-18,2017-01-19,0,Overnight,0.0,False,-0.24,-0.24,-56.01,False,0.0,False
2017-01-19,2017-01-20,0,Overnight,0.0,False,57.09,57.09,-11.1,False,0.0,False
2017-01-20,2017-01-23,2,Weekend,48.0,False,41.45,41.45,152.98,False,0.0,False
2017-01-23,2017-01-24,0,Overnight,0.0,False,30.15,30.15,30.06,False,0.0,False
2017-01-24,2017-01-25,0,Overnight,0.0,False,47.21,47.21,57.24,False,0.0,False
2017-01-25,2017-01-26,0,Overnight,0.0,False,6.99,6.99,-24.13,False,0.0,False
2017-01-26,2017-01-27,0,Overnight,0.0,False,23.54,23.54,-163.97,False,0.0,False
2017-01-27,2017-01-30,2,Weekend,48.0,False,-94.76,-94.76,-159.32,False,0.0,False
2017-01-30,2017-01-31,0,Overnight,0.0,False,-52.7,-52.7,8.42,False,0.0,False
2017-01-31,2017-02-01,0,Overnight,0.0,False,46.35,46.35,-106.88,False,0.0,False
2017-02-01,2017-02-02,0,Overnight,0.0,False,-2.94,-2.94,39.92,False,0.0,False
2017-02-02,2017-02-03,0,Overnight,0.0,False,59.34,59.34,-36.51,False,0.0,False
2017-02-03,2017-02-06,2,Weekend,48.0,False,9.63,9.63,8.52,False,0.0,False
2017-02-06,2017-02-07,0,Overnight,0.0,False,47.11,47.11,45.08,False,0.0,False
2017-02-07,2017-02-08,0,Overnight,0.0,False,15.67,15.67,-7.83,False,0.0,False
2017-02-08,2017-02-09,0,Overnight,0.0,False,22.27,22.27,-20.1,False,0.0,False
2017-02-09,2017-02-10,0,Overnight,0.0,False,34.76,34.76,22.78,False,0.0,False
2017-02-10,2017-02-13,2,Weekend,48.0,False,34.08,34.08,15.03,False,0.0,False
2017-02-13,2017-02-14,0,Overnight,0.0,False,9.65,9.65,3.1,False,0.0,False
2017-02-14,2017-02-15,0,Overnight,0.0,False,-14.53,-14.53,-17.78,False,0.0,False
2017-02-15,2017-02-16,0,Overnight,0.0,False,14.08,14.08,43.67,False,0.0,False
2017-02-16,2017-02-17,0,Overnight,0.0,False,-10.22,-10.22,62.09,False,0.0,False
2017-02-17,2017-02-21,3,Long,72.0,False,17.0,17.0,15.08,False,0.0,False
2017-02-21,2017-02-22,0,Overnight,0.0,False,-14.96,-14.96,39.54,False,0.0,False
2017-02-22,2017-02-23,0,Overnight,0.0,False,-3.29,-3.29,-0.94,False,0.0,False
2017-02-23,2017-02-24,0,Overnight,0.0,False,-39.44,-39.44,1.89,False,0.0,False
2017-02-24,2017-02-27,2,Weekend,48.0,False,-33.79,-33.79,55.71,False,0.0,False
2017-02-27,2017-02-28,0,Overnight,0.0,False,-27.34,-27.34,-28.6,False,0.0,False
2017-02-28,2017-03-01,0,Overnight,0.0,False,76.05,76.05,62.88,False,0.0,False
2017-03-01,2017-03-02,0,Overnight,0.0,False,-5.14,-5.14,-75.73,False,0.0,False
2017-03-02,2017-03-03,0,Overnight,0.0,False,-10.71,-10.71,1.65,False,0.0,False
2017-03-03,2017-03-06,2,Weekend,48.0,False,-26.18,-26.18,4.84,False,0.0,False
2017-03-06,2017-03-07,0,Overnight,0.0,False,-0.12,-0.12,45.81,False,0.0,False
2017-03-07,2017-03-08,0,Overnight,0.0,False,23.12,23.12,6.09,False,0.0,False
2017-03-08,2017-03-09,0,Overnight,0.0,False,0.59,0.59,48.49,False,0.0,False
2017-03-09,2017-03-10,0,Overnight,0.0,False,56.49,56.49,-14.96,False,0.0,False
2017-03-10,2017-03-13,2,Weekend,47.0,False,-6.74,-6.74,43.47,False,0.0,False
2017-03-13,2017-03-14,0,Overnight,0.0,False,-9.6,-9.6,24.98,False,0.0,False
2017-03-14,2017-03-15,0,Overnight,0.0,False,23.42,23.42,5.18,False,0.0,False
2017-03-15,2017-03-16,0,Overnight,0.0,False,24.61,24.61,-6.09,False,0.0,False
2017-03-16,2017-03-17,0,Overnight,0.0,False,42.21,42.21,-15.0,False,0.0,False
2017-03-17,2017-03-20,2,Weekend,48.0,False,-33.18,-33.18,-18.07,False,0.0,False
2017-03-20,2017-03-21,0,Overnight,0.0,False,24.74,24.74,-231.61,False,0.0,False
2017-03-21,2017-03-22,0,Overnight,0.0,False,-7.77,-7.77,3.77,False,0.0,False
2017-03-22,2017-03-23,0,Overnight,0.0,False,-99.46,-99.46,-20.7,False,0.0,False
2017-03-23,2017-03-24,0,Overnight,0.0,False,27.95,27.95,-81.81,False,0.0,False
2017-03-24,2017-03-27,2,Weekend,48.0,False,-84.78,-84.78,125.05,False,0.0,False
2017-03-27,2017-03-28,0,Overnight,0.0,False,14.06,14.06,11.19,False,0.0,False
2017-03-28,2017-03-29,0,Overnight,0.0,False,25.19,25.19,84.13,False,0.0,False
2017-03-29,2017-03-30,0,Overnight,0.0,False,24.8,24.8,-29.39,False,0.0,False
2017-03-30,2017-03-31,0,Overnight,0.0,False,-31.24,-31.24,11.45,False,0.0,False
2017-03-31,2017-04-03,2,Weekend,48.0,False,11.2,11.2,93.82,False,0.0,False
2017-04-03,2017-04-04,0,Overnight,0.0,False,-102.66,-102.66,53.75,False,0.0,False
2017-04-04,2017-04-05,0,Overnight,0.0,False,25.07,25.07,-68.09,False,0.0,False
2017-04-05,2017-04-06,0,Overnight,0.0,False,6.95,6.95,-51.93,False,0.0,False
2017-04-06,2017-04-07,0,Overnight,0.0,False,-1.18,-1.18,-34.38,False,0.0,False
2017-04-07,2017-04-10,2,Weekend,48.0,False,-6.65,-6.65,1.9,False,0.0,False
2017-04-10,2017-04-11,0,Overnight,0.0,False,0.0,0.0,-21.65,False,0.0,False
2017-04-11,2017-04-12,0,Overnight,0.0,False,-16.92,-16.92,35.72,False,0.0,False
2017-04-12,2017-04-13,0,Overnight,0.0,False,-4.99,-4.99,-10.23,False,0.0,False
2017-04-13,2017-04-17,3,Long,72.0,False,14.27,14.27,162.1,False,0.0,False
2017-04-17,2017-04-18,0,Overnight,0.0,False,-30.33,-30.33,16.99,False,0.0,False
2017-04-18,2017-04-19,0,Overnight,0.0,False,39.73,39.73,-10.27,False,0.0,False
2017-04-19,2017-04-20,0,Overnight,0.0,False,37.64,37.64,3.95,False,0.0,False
2017-04-20,2017-04-21,0,Overnight,0.0,False,6.28,6.28,-19.42,False,0.0,False
2017-04-21,2017-04-24,2,Weekend,48.0,False,109.88,109.88,120.07,False,0.0,False
2017-04-24,2017-04-25,0,Overnight,0.0,False,37.82,37.82,74.3,False,0.0,False
2017-04-25,2017-04-26,0,Overnight,0.0,False,28.65,28.65,-25.27,False,0.0,False
2017-04-26,2017-04-27,0,Overnight,0.0,False,9.67,9.67,16.17,False,0.0,False
2017-04-27,2017-04-28,0,Overnight,0.0,False,412.71,412.71,-48.34,False,0.0,False
2017-04-28,2017-05-01,2,Weekend,48.0,False,-4.0,-4.0,93.38,False,0.0,False
2017-05-01,2017-05-02,0,Overnight,0.0,False,4.82,4.82,40.85,False,0.0,False
2017-05-02,2017-05-03,0,Overnight,0.0,False,-11.1,-11.1,131.6,False,0.0,False
2017-05-03,2017-05-04,0,Overnight,0.0,False,19.38,19.38,46.51,False,0.0,False
2017-05-04,2017-05-05,0,Overnight,0.0,False,20.93,20.93,-67.54,False,0.0,False
2017-05-05,2017-05-08,2,Weekend,48.0,False,-29.82,-29.82,117.94,False,0.0,False
2017-05-08,2017-05-09,0,Overnight,0.0,False,27.5,27.5,-48.17,False,0.0,False
2017-05-09,2017-05-10,0,Overnight,0.0,False,-5.12,-5.12,-14.44,False,0.0,False
2017-05-10,2017-05-11,0,Overnight,0.0,False,-37.25,-37.25,48.24,False,0.0,False
2017-05-11,2017-05-12,0,Overnight,0.0,False,20.48,20.48,-28.33,False,0.0,False
2017-05-12,2017-05-15,2,Weekend,48.0,False,1.57,1.57,41.05,False,0.0,False
2017-05-15,2017-05-16,0,Overnight,0.0,False,45.04,45.04,10.99,False,0.0,False
2017-05-16,2017-05-17,0,Overnight,0.0,False,-51.03,-51.03,-184.35,False,0.0,False
2017-05-17,2017-05-18,0,Overnight,0.0,False,10.93,10.93,77.1,False,0.0,False
2017-05-18,2017-05-19,0,Overnight,0.0,False,24.38,24.38,19.19,False,0.0,False
2017-05-19,2017-05-22,2,Weekend,48.0,False,24.59,24.59,73.61,False,0.0,False
2017-05-22,2017-05-23,0,Overnight,0.0,False,60.91,60.91,6.08,False,0.0,False
2017-05-23,2017-05-24,0,Overnight,0.0,False,48.41,48.41,24.07,False,0.0,False
2017-05-24,2017-05-25,0,Overnight,0.0,False,14.21,14.21,130.5,False,0.0,False
2017-05-25,2017-05-26,0,Overnight,0.0,False,1.41,1.41,12.8,False,0.0,False
2017-05-26,2017-05-30,3,Long,72.0,False,-7.76,-7.76,36.91,False,0.0,False
2017-05-30,2017-05-31,0,Overnight,0.0,False,0.4,0.4,-91.97,False,0.0,False
2017-05-31,2017-06-01,0,Overnight,0.0,False,39.13,39.13,-26.98,False,0.0,False
2017-06-01,2017-06-02,0,Overnight,0.0,False,3.04,3.04,75.88,False,0.0,False
2017-06-02,2017-06-05,2,Weekend,48.0,False,17.75,17.75,59.85,False,0.0,False
2017-06-05,2017-06-06,0,Overnight,0.0,False,-5.68,-5.68,-66.3,False,0.0,False
2017-06-06,2017-06-07,0,Overnight,0.0,False,24.15,24.15,24.09,False,0.0,False
2017-06-07,2017-06-08,0,Overnight,0.0,False,27.22,27.22,0.5,False,0.0,False
2017-06-08,2017-06-09,0,Overnight,0.0,False,12.04,12.04,-358.11,False,0.0,False
2017-06-09,2017-06-12,2,Weekend,48.0,False,-118.21,-118.21,32.18,False,0.0,False
2017-06-12,2017-06-13,0,Overnight,0.0,False,105.8,105.8,-15.86,False,0.0,False
2017-06-13,2017-06-14,0,Overnight,0.0,False,51.39,51.39,-77.9,False,0.0,False
2017-06-14,2017-06-15,0,Overnight,0.0,False,-207.84,-207.84,127.45,False,0.0,False
2017-06-15,2017-06-16,0,Overnight,0.0,False,-23.67,-23.67,7.41,False,0.0,False
2017-06-16,2017-06-19,2,Weekend,48.0,False,114.4,114.4,57.28,False,0.0,False
2017-06-19,2017-06-20,0,Overnight,0.0,False,0.92,0.92,-65.01,False,0.0,False
2017-06-20,2017-06-21,0,Overnight,0.0,False,18.56,18.56,80.03,False,0.0,False
2017-06-21,2017-06-22,0,Overnight,0.0,False,-17.59,-17.59,-2.56,False,0.0,False
2017-06-22,2017-06-23,0,Overnight,0.0,False,-11.47,-11.47,107.97,False,0.0,False
2017-06-23,2017-06-26,2,Weekend,48.0,False,39.57,39.57,-182.57,False,0.0,False
2017-06-26,2017-06-27,0,Overnight,0.0,False,-108.5,-108.5,-141.49,False,0.0,False
2017-06-27,2017-06-28,0,Overnight,0.0,False,27.07,27.07,108.28,False,0.0,False
2017-06-28,2017-06-29,0,Overnight,0.0,False,-101.03,-101.03,-143.24,False,0.0,False
2017-06-29,2017-06-30,0,Overnight,0.0,False,65.58,65.58,-152.75,False,0.0,False
2017-06-30,2017-07-03,2,Weekend,48.0,False,38.0,38.0,-148.54,False,0.0,False
2017-07-03,2017-07-05,1,Short,24.0,True,51.42,51.42,86.83,False,0.0,False
2017-07-05,2017-07-06,0,Overnight,0.0,False,-78.18,-78.18,29.04,False,0.0,False
2017-07-06,2017-07-07,0,Overnight,0.0,False,35.51,35.51,104.93,False,0.0,False
2017-07-07,2017-07-10,2,Weekend,48.0,False,12.11,12.11,95.62,False,0.0,False
2017-07-10,2017-07-11,0,Overnight,0.0,False,-5.05,-5.05,31.62,False,0.0,False
2017-07-11,2017-07-12,0,Overnight,0.0,False,76.58,76.58,70.52,False,0.0,False
2017-07-12,2017-07-13,0,Overnight,0.0,False,32.4,32.4,-20.11,False,0.0,False
2017-07-13,2017-07-14,0,Overnight,0.0,False,53.02,53.02,29.83,False,0.0,False
2017-07-14,2017-07-17,2,Weekend,48.0,False,-6.04,-6.04,-3.69,False,0.0,False
2017-07-17,2017-07-18,0,Overnight,0.0,False,-26.68,-26.68,138.65,False,0.0,False
2017-07-18,2017-07-19,0,Overnight,0.0,False,30.96,30.96,27.84,False,0.0,False
2017-07-19,2017-07-20,0,Overnight,0.0,False,42.52,42.52,-48.36,False,0.0,False
2017-07-20,2017-07-21,0,Overnight,0.0,False,-32.2,-32.2,48.82,False,0.0,False
2017-07-21,2017-07-24,2,Weekend,48.0,False,2.62,2.62,42.26,False,0.0,False
2017-07-24,2017-07-25,0,Overnight,0.0,False,-280.46,-280.46,-17.22,False,0.0,False
2017-07-25,2017-07-26,0,Overnight,0.0,False,38.62,38.62,-77.09,False,0.0,False
2017-07-26,2017-07-27,0,Overnight,0.0,False,40.01,40.01,-173.5,False,0.0,False
2017-07-27,2017-07-28,0,Overnight,0.0,False,-47.57,-47.57,108.48,False,0.0,False
2017-07-28,2017-07-31,2,Weekend,48.0,False,17.41,17.41,-152.19,False,0.0,False
2017-07-31,2017-08-01,0,Overnight,0.0,False,24.4,24.4,-13.2,False,0.0,False
2017-08-01,2017-08-02,0,Overnight,0.0,False,19.1,19.1,-7.7,False,0.0,False
2017-08-02,2017-08-03,0,Overnight,0.0,False,15.4,15.4,-93.15,False,0.0,False
2017-08-03,2017-08-04,0,Overnight,0.0,False,38.74,38.74,19.47,False,0.0,False
2017-08-04,2017-08-07,2,Weekend,48.0,False,18.27,18.27,-18.7,False,0.0,False
2017-08-07,2017-08-08,0,Overnight,0.0,False,-15.45,-15.45,-1.06,False,0.0,False
2017-08-08,2017-08-09,0,Overnight,0.0,False,-60.98,-60.98,17.35,False,0.0,False
2017-08-09,2017-08-10,0,Overnight,0.0,False,-54.18,-54.18,-122.78,False,0.0,False
2017-08-10,2017-08-11,0,Overnight,0.0,False,1.3,1.3,68.83,False,0.0,False
2017-08-11,2017-08-14,2,Weekend,48.0,False,96.09,96.09,-1.49,False,0.0,False
2017-08-14,2017-08-15,0,Overnight,0.0,False,22.34,22.34,-31.4,False,0.0,False
2017-08-15,2017-08-16,0,Overnight,0.0,False,33.74,33.74,32.03,False,0.0,False
2017-08-16,2017-08-17,0,Overnight,0.0,False,-13.99,-13.99,-163.48,False,0.0,False
2017-08-17,2017-08-18,0,Overnight,0.0,False,-7.33,-7.33,-8.63,False,0.0,False
2017-08-18,2017-08-21,2,Weekend,48.0,False,-4.43,-4.43,-53.07,False,0.0,False
2017-08-21,2017-08-22,0,Overnight,0.0,False,65.92,65.92,143.95,False,0.0,False
2017-08-22,2017-08-23,0,Overnight,0.0,False,-36.22,-36.22,59.38,False,0.0,False
2017-08-23,2017-08-24,0,Overnight,0.0,False,11.98,11.98,-72.53,False,0.0,False
2017-08-24,2017-08-25,0,Overnight,0.0,False,24.73,24.73,-93.17,False,0.0,False
2017-08-25,2017-08-28,2,Weekend,48.0,False,14.82,14.82,-40.32,False,0.0,False
2017-08-28,2017-08-29,0,Overnight,0.0,False,-88.53,-88.53,170.29,False,0.0,False
2017-08-29,2017-08-30,0,Overnight,0.0,False,-0.85,-0.85,84.71,False,0.0,False
2017-08-30,2017-08-31,0,Overnight,0.0,False,28.26,28.26,94.03,False,0.0,False
2017-08-31,2017-09-01,0,Overnight,0.0,False,23.32,23.32,-57.4,False,0.0,False
2017-09-01,2017-09-05,3,Long,72.0,False,-54.03,-54.03,-56.98,False,0.0,False
2017-09-05,2017-09-06,0,Overnight,0.0,False,25.35,25.35,-19.62,False,0.0,False
2017-09-06,2017-09-07,0,Overnight,0.0,False,23.64,23.64,59.55,False,0.0,False
2017-09-07,2017-09-08,0,Overnight,0.0,False,-2.0,-2.0,-87.67,False,0.0,False
2017-09-08,2017-09-11,2,Weekend,48.0,False,61.32,61.32,-41.36,False,0.0,False
2017-09-11,2017-09-12,0,Overnight,0.0,False,38.41,38.41,-2.85,False,0.0,False
2017-09-12,2017-09-13,0,Overnight,0.0,False,-12.16,-12.16,52.11,False,0.0,False
2017-09-13,2017-09-14,0,Overnight,0.0,False,-46.82,-46.82,-62.24,False,0.0,False
2017-09-14,2017-09-15,0,Overnight,0.0,False,-0.43,-0.43,-51.19,False,0.0,False
2017-09-15,2017-09-18,2,Weekend,48.0,False,-2.99,-2.99,-56.42,False,0.0,False
2017-09-18,2017-09-19,0,Overnight,0.0,False,39.29,39.29,36.89,False,0.0,False
2017-09-19,2017-09-20,0,Overnight,0.0,False,9.28,9.28,104.07,False,0.0,False
2017-09-20,2017-09-21,0,Overnight,0.0,False,6.23,6.23,-6.12,False,0.0,False
2017-09-21,2017-09-22,0,Overnight,0.0,False,-50.57,-50.57,5.2,False,0.0,False
2017-09-22,2017-09-25,2,Weekend,48.0,False,-40.47,-40.47,-55.18,False,0.0,False
2017-09-25,2017-09-26,0,Overnight,0.0,False,25.76,25.76,7.9,False,0.0,False
2017-09-26,2017-09-27,0,Overnight,0.0,False,56.49,56.49,180.39,False,0.0,False
2017-09-27,2017-09-28,0,Overnight,0.0,False,-38.1,-38.1,89.12,False,0.0,False
2017-09-28,2017-09-29,0,Overnight,0.0,False,12.33,12.33,79.6,False,0.0,False
2017-09-29,2017-10-02,2,Weekend,48.0,False,19.8,19.8,-84.19,False,0.0,False
2017-10-02,2017-10-03,0,Overnight,0.0,False,0.93,0.93,46.61,False,0.0,False
2017-10-03,2017-10-04,0,Overnight,0.0,False,-3.29,-3.29,-51.38,False,0.0,False
2017-10-04,2017-10-05,0,Overnight,0.0,False,61.97,61.97,126.66,False,0.0,False
2017-10-05,2017-10-06,0,Overnight,0.0,False,-52.82,-52.82,138.22,False,0.0,False
2017-10-06,2017-10-09,2,Weekend,48.0,False,13.68,13.68,-27.07,False,0.0,False
2017-10-09,2017-10-10,0,Overnight,0.0,False,30.09,30.09,-75.64,False,0.0,False
2017-10-10,2017-10-11,0,Overnight,0.0,False,12.55,12.55,166.55,False,0.0,False
2017-10-11,2017-10-12,0,Overnight,0.0,False,-18.01,-18.01,18.01,False,0.0,False
2017-10-12,2017-10-13,0,Overnight,0.0,False,34.35,34.35,-12.3,False,0.0,False
2017-10-13,2017-10-16,2,Weekend,48.0,False,17.45,17.45,-2.77,False,0.0,False
2017-10-16,2017-10-17,0,Overnight,0.0,False,-18.94,-18.94,35.27,False,0.0,False
2017-10-17,2017-10-18,0,Overnight,0.0,False,0.5,0.5,16.7,False,0.0,False
2017-10-18,2017-10-19,0,Overnight,0.0,False,-79.21,-79.21,-29.0,False,0.0,False
2017-10-19,2017-10-20,0,Overnight,0.0,False,51.87,51.87,-19.68,False,0.0,False
2017-10-20,2017-10-23,2,Weekend,48.0,False,1.09,1.09,-197.32,False,0.0,False
2017-10-23,2017-10-24,0,Overnight,0.0,False,9.74,9.74,20.15,False,0.0,False
2017-10-24,2017-10-25,0,Overnight,0.0,False,-22.48,-22.48,52.49,False,0.0,False
2017-10-25,2017-10-26,0,Overnight,0.0,False,70.45,70.45,-70.86,False,0.0,False
2017-10-26,2017-10-27,0,Overnight,0.0,False,391.37,391.37,25.96,False,0.0,False
2017-10-27,2017-10-30,2,Weekend,48.0,False,-43.73,-43.73,38.5,False,0.0,False
2017-10-30,2017-10-31,0,Overnight,0.0,False,-1.26,-1.26,0.39,False,0.0,False
2017-10-31,2017-11-01,0,Overnight,0.0,False,31.7,31.7,60.42,False,0.0,False
2017-11-01,2017-11-02,0,Overnight,0.0,False,-25.07,-25.07,28.61,False,0.0,False
2017-11-02,2017-11-03,0,Overnight,0.0,False,-2.11,-2.11,69.19,False,0.0,False
2017-11-03,2017-11-06,2,Weekend,49.0,False,-8.48,-8.48,-61.38,False,0.0,False
2017-11-06,2017-11-07,0,Overnight,0.0,False,66.62,66.62,26.07,False,0.0,False
2017-11-07,2017-11-08,0,Overnight,0.0,False,-22.26,-22.26,78.17,False,0.0,False
2017-11-08,2017-11-09,0,Overnight,0.0,False,-97.71,-97.71,-2.67,False,0.0,False
2017-11-09,2017-11-10,0,Overnight,0.0,False,-36.81,-36.81,2.68,False,0.0,False
2017-11-10,2017-11-13,2,Weekend,48.0,False,-32.13,-32.13,3.84,False,0.0,False
2017-11-13,2017-11-14,0,Overnight,0.0,False,-33.48,-33.48,37.7,False,0.0,False
2017-11-14,2017-11-15,0,Overnight,0.0,False,-63.95,-63.95,13.61,False,0.0,False
2017-11-15,2017-11-16,0,Overnight,0.0,False,22.55,22.55,93.14,False,0.0,False
2017-11-16,2017-11-17,0,Overnight,0.0,False,12.68,12.68,-133.39,False,0.0,False
2017-11-17,2017-11-20,2,Weekend,48.0,False,1.06,1.06,-12.94,False,0.0,False
2017-11-20,2017-11-21,0,Overnight,0.0,False,51.86,51.86,98.17,False,0.0,False
2017-11-21,2017-11-22,0,Overnight,0.0,False,8.18,8.18,7.23,False,0.0,False
2017-11-22,2017-11-24,1,Short,24.0,False,23.45,23.45,20.18,False,0.0,False
2017-11-24,2017-11-27,2,Weekend,48.0,True,19.38,19.38,126.16,False,0.0,False
2017-11-27,2017-11-28,0,Overnight,0.0,False,18.45,18.45,-100.13,False,0.0,False
2017-11-28,2017-11-29,0,Overnight,0.0,False,-67.09,-67.09,-179.6,False,0.0,False
2017-11-29,2017-11-30,0,Overnight,0.0,False,24.65,24.65,-36.32,False,0.0,False
2017-11-30,2017-12-01,0,Overnight,0.0,False,-55.74,-55.74,-51.96,False,0.0,False
2017-12-01,2017-12-04,2,Weekend,48.0,False,26.6,26.6,-156.21,False,0.0,False
2017-12-04,2017-12-05,0,Overnight,0.0,False,-8.7,-8.7,84.8,False,0.0,False
2017-12-05,2017-12-06,0,Overnight,0.0,False,-30.25,-30.25,158.11,False,0.0,False
2017-12-06,2017-12-07,0,Overnight,0.0,False,32.39,32.39,81.71,False,0.0,False
2017-12-07,2017-12-08,0,Overnight,0.0,False,69.07,69.07,-23.13,False,0.0,False
2017-12-08,2017-12-11,2,Weekend,48.0,False,16.47,16.47,8.18,False,0.0,False
2017-12-11,2017-12-12,0,Overnight,0.0,False,-18.74,-18.74,-11.72,False,0.0,False
2017-12-12,2017-12-13,0,Overnight,0.0,False,31.51,31.51,-6.56,False,0.0,False
2017-12-13,2017-12-14,0,Overnight,0.0,False,38.92,38.92,18.74,False,0.0,False
2017-12-14,2017-12-15,0,Overnight,0.0,False,59.49,59.49,76.97,False,0.0,False
2017-12-15,2017-12-18,2,Weekend,48.0,False,41.43,41.43,79.94,False,0.0,False
2017-12-18,2017-12-19,0,Overnight,0.0,False,-19.09,-19.09,-29.96,False,0.0,False
2017-12-19,2017-12-20,0,Overnight,0.0,False,10.55,10.55,-68.32,False,0.0,False
2017-12-20,2017-12-21,0,Overnight,0.0,False,17.03,17.03,-42.31,False,0.0,False
2017-12-21,2017-12-22,0,Overnight,0.0,False,-7.94,-7.94,-10.66,False,0.0,False
2017-12-22,2017-12-26,3,Long,72.0,False,-2.06,-2.06,-26.14,False,0.0,False
2017-12-26,2017-12-27,0,Overnight,0.0,False,7.03,7.03,-60.19,False,0.0,False
2017-12-27,2017-12-28,0,Overnight,0.0,False,19.32,19.32,-59.48,False,0.0,False
2017-12-28,2017-12-29,0,Overnight,0.0,False,-4.36,-4.36,-19.82,False,0.0,False
2017-12-29,2018-01-02,3,Long,72.0,False,-3.61,-3.61,189.92,False,0.0,False
2018-01-02,2018-01-03,0,Overnight,0.0,False,6.71,6.71,162.46,False,0.0,False
2018-01-03,2018-01-04,0,Overnight,0.0,False,50.9,50.9,-12.13,False,0.0,False
2018-01-04,2018-01-05,0,Overnight,0.0,False,69.94,69.94,61.8,False,0.0,False
2018-01-05,2018-01-08,2,Weekend,48.0,False,6.39,6.39,28.85,False,0.0,False
2018-01-08,2018-01-09,0,Overnight,0.0,False,37.89,37.89,-50.64,False,0.0,False
2018-01-09,2018-01-10,0,Overnight,0.0,False,-52.17,-52.17,28.33,False,0.0,False
2018-01-10,2018-01-11,0,Overnight,0.0,False,19.53,19.53,-2.34,False,0.0,False
2018-01-11,2018-01-12,0,Overnight,0.0,False,-17.55,-17.55,183.43,False,0.0,False
2018-01-12,2018-01-16,3,Long,72.0,False,85.07,85.07,-84.63,False,0.0,False
2018-01-16,2018-01-17,0,Overnight,0.0,False,49.93,49.93,24.08,False,0.0,False
2018-01-17,2018-01-18,0,Overnight,0.0,False,2.19,2.19,-29.71,False,0.0,False
2018-01-18,2018-01-19,0,Overnight,0.0,False,18.12,18.12,47.95,False,0.0,False
2018-01-19,2018-01-22,2,Weekend,48.0,False,2.8,2.8,176.26,False,0.0,False
2018-01-22,2018-01-23,0,Overnight,0.0,False,55.34,55.34,47.3,False,0.0,False
2018-01-23,2018-01-24,0,Overnight,0.0,False,74.63,74.63,-116.2,False,0.0,False
2018-01-24,2018-01-25,0,Overnight,0.0,False,80.1,80.1,12.1,False,0.0,False
2018-01-25,2018-01-26,0,Overnight,0.0,False,45.49,45.49,0.25,False,0.0,False
2018-01-26,2018-01-29,2,Weekend,48.0,False,3.71,3.71,-12.8,False,0.0,False
2018-01-29,2018-01-30,0,Overnight,0.0,False,-74.11,-74.11,-2.97,False,0.0,False
2018-01-30,2018-01-31,0,Overnight,0.0,False,54.55,54.55,-13.44,False,0.0,False
2018-01-31,2018-02-01,0,Overnight,0.0,False,-52.84,-52.84,47.51,False,0.0,False
2018-02-01,2018-02-02,0,Overnight,0.0,False,-469.29,-469.29,-73.18,False,0.0,False
2018-02-02,2018-02-05,2,Weekend,48.0,False,-167.5,-167.5,-353.43,False,0.0,False
2018-02-05,2018-02-06,0,Overnight,0.0,False,-271.06,-271.06,476.39,False,0.0,False
2018-02-06,2018-02-07,0,Overnight,0.0,False,4.98,4.98,-276.23,False,0.0,False
2018-02-07,2018-02-08,0,Overnight,0.0,False,42.17,42.17,-504.66,False,0.0,False
2018-02-08,2018-02-09,0,Overnight,0.0,False,178.7,178.7,196.81,False,0.0,False
2018-02-09,2018-02-12,2,Weekend,48.0,False,98.91,98.91,-19.99,False,0.0,False
2018-02-12,2018-02-13,0,Overnight,0.0,False,-43.33,-43.33,39.35,False,0.0,False
2018-02-13,2018-02-14,0,Overnight,0.0,False,1.71,1.71,172.83,False,0.0,False
2018-02-14,2018-02-15,0,Overnight,0.0,False,99.72,99.72,72.74,False,0.0,False
2018-02-15,2018-02-16,0,Overnight,0.0,False,18.49,18.49,19.37,False,0.0,False
2018-02-16,2018-02-20,3,Long,72.0,False,-25.04,-25.04,98.62,False,0.0,False
2018-02-20,2018-02-21,0,Overnight,0.0,False,49.8,49.8,41.84,False,0.0,False
2018-02-21,2018-02-22,0,Overnight,0.0,False,48.55,48.55,-83.17,False,0.0,False
2018-02-22,2018-02-23,0,Overnight,0.0,False,78.62,78.62,83.94,False,0.0,False
2018-02-23,2018-02-26,2,Weekend,48.0,False,33.36,33.36,104.06,False,0.0,False
2018-02-26,2018-02-27,0,Overnight,0.0,False,0.0,0.0,-231.66,False,0.0,False
2018-02-27,2018-02-28,0,Overnight,0.0,False,40.1,40.1,-162.45,False,0.0,False
2018-02-28,2018-03-01,0,Overnight,0.0,False,50.78,50.78,-349.7,False,0.0,False
2018-03-01,2018-03-02,0,Overnight,0.0,False,-126.14,-126.14,244.26,False,0.0,False
2018-03-02,2018-03-05,2,Weekend,48.0,False,-55.59,-55.59,153.07,False,0.0,False
2018-03-05,2018-03-06,0,Overnight,0.0,False,66.82,66.82,-10.89,False,0.0,False
2018-03-06,2018-03-07,0,Overnight,0.0,False,-73.66,-73.66,201.29,False,0.0,False
2018-03-07,2018-03-08,0,Overnight,0.0,False,19.35,19.35,108.43,False,0.0,False
2018-03-08,2018-03-09,0,Overnight,0.0,False,89.21,89.21,185.54,False,0.0,False
2018-03-09,2018-03-12,2,Weekend,47.0,False,36.2,36.2,7.55,False,0.0,False
2018-03-12,2018-03-13,0,Overnight,0.0,False,50.48,50.48,-276.17,False,0.0,False
2018-03-13,2018-03-14,0,Overnight,0.0,False,51.54,51.54,26.93,False,0.0,False
2018-03-14,2018-03-15,0,Overnight,0.0,False,5.92,5.92,9.04,False,0.0,False
2018-03-15,2018-03-16,0,Overnight,0.0,False,41.11,41.11,-182.82,False,0.0,False
2018-03-16,2018-03-19,2,Weekend,48.0,False,-147.95,-147.95,-159.53,False,0.0,False
2018-03-19,2018-03-20,0,Overnight,0.0,False,-15.19,-15.19,-23.7,False,0.0,False
2018-03-20,2018-03-21,0,Overnight,0.0,False,-29.52,-29.52,13.08,False,0.0,False
2018-03-21,2018-03-22,0,Overnight,0.0,False,-128.7,-128.7,-251.85,False,0.0,False
2018-03-22,2018-03-23,0,Overnight,0.0,False,-16.92,-16.92,-238.9,False,0.0,False
2018-03-23,2018-03-26,2,Weekend,48.0,False,231.58,231.58,33.16,False,0.0,False
2018-03-26,2018-03-27,0,Overnight,0.0,False,92.64,92.64,-550.25,False,0.0,False
2018-03-27,2018-03-28,0,Overnight,0.0,False,-50.08,-50.08,32.58,False,0.0,False
2018-03-28,2018-03-29,0,Overnight,0.0,False,59.81,59.81,253.19,False,0.0,False
2018-03-29,2018-04-02,3,Long,72.0,False,-92.21,-92.21,-146.95,False,0.0,False
2018-04-02,2018-04-03,0,Overnight,0.0,False,34.7,34.7,24.87,False,0.0,False
2018-04-03,2018-04-04,0,Overnight,0.0,False,-202.79,-202.79,310.49,False,0.0,False
2018-04-04,2018-04-05,0,Overnight,0.0,False,160.69,160.69,-132.28,False,0.0,False
2018-04-05,2018-04-06,0,Overnight,0.0,False,-92.81,-92.81,-129.36,False,0.0,False
2018-04-06,2018-04-09,2,Weekend,48.0,False,99.41,99.41,0.49,False,0.0,False
2018-04-09,2018-04-10,0,Overnight,0.0,False,99.2,99.2,60.38,False,0.0,False
2018-04-10,2018-04-11,0,Overnight,0.0,False,-43.51,-43.51,-67.48,False,0.0,False
2018-04-11,2018-04-12,0,Overnight,0.0,False,62.34,62.34,56.26,False,0.0,False
2018-04-12,2018-04-13,0,Overnight,0.0,False,92.12,92.12,-104.18,False,0.0,False
2018-04-13,2018-04-16,2,Weekend,48.0,False,91.37,91.37,5.26,False,0.0,False
2018-04-16,2018-04-17,0,Overnight,0.0,False,143.31,143.31,169.68,False,0.0,False
2018-04-17,2018-04-18,0,Overnight,0.0,False,-3.24,-3.24,-33.61,False,0.0,False
2018-04-18,2018-04-19,0,Overnight,0.0,False,-59.41,-59.41,189.31,False,0.0,False
2018-04-19,2018-04-20,0,Overnight,0.0,False,-47.66,-47.66,-64.3,False,0.0,False
2018-04-20,2018-04-23,2,Weekend,48.0,False,52.4,52.4,-85.03,False,0.0,False
2018-04-23,2018-04-24,0,Overnight,0.0,False,-136.99,-136.99,-351.26,False,0.0,False
2018-04-24,2018-04-25,0,Overnight,0.0,False,69.29,69.29,-65.86,False,0.0,False
2018-04-25,2018-04-26,0,Overnight,0.0,False,99.5,99.5,97.18,False,0.0,False
2018-04-26,2018-04-27,0,Overnight,0.0,False,21.35,21.35,-135.68,False,0.0,False
2018-04-27,2018-04-30,2,Weekend,48.0,False,28.75,28.75,-154.31,False,0.0,False
2018-04-30,2018-05-01,0,Overnight,0.0,False,-22.41,-22.41,237.73,False,0.0,False
2018-05-01,2018-05-02,0,Overnight,0.0,False,-65.07,-65.07,-77.18,False,0.0,False
2018-05-02,2018-05-03,0,Overnight,0.0,False,-6.63,-6.63,9.07,False,0.0,False
2018-05-03,2018-05-04,0,Overnight,0.0,False,-65.4,-65.4,303.22,False,0.0,False
2018-05-04,2018-05-07,2,Weekend,48.0,False,27.46,27.46,52.71,False,0.0,False
2018-05-07,2018-05-08,0,Overnight,0.0,False,48.59,48.59,-56.8,False,0.0,False
2018-05-08,2018-05-09,0,Overnight,0.0,False,51.92,51.92,230.84,False,0.0,False
2018-05-09,2018-05-10,0,Overnight,0.0,False,55.4,55.4,95.16,False,0.0,False
2018-05-10,2018-05-11,0,Overnight,0.0,False,-45.88,-45.88,26.95,False,0.0,False
2018-05-11,2018-05-14,2,Weekend,48.0,False,19.83,19.83,9.31,False,0.0,False
2018-05-14,2018-05-15,0,Overnight,0.0,False,-88.04,-88.04,-110.28,False,0.0,False
2018-05-15,2018-05-16,0,Overnight,0.0,False,2.03,2.03,-9.22,False,0.0,False
2018-05-16,2018-05-17,0,Overnight,0.0,False,-24.29,-24.29,-1.85,False,0.0,False
2018-05-17,2018-05-18,0,Overnight,0.0,False,-142.14,-142.14,34.09,False,0.0,False
2018-05-18,2018-05-21,2,Weekend,48.0,False,87.13,87.13,46.32,False,0.0,False
2018-05-21,2018-05-22,0,Overnight,0.0,False,53.27,53.27,-133.85,False,0.0,False
2018-05-22,2018-05-23,0,Overnight,0.0,False,-49.5,-49.5,148.06,False,0.0,False
2018-05-23,2018-05-24,0,Overnight,0.0,False,8.65,8.65,-13.35,False,0.0,False
2018-05-24,2018-05-25,0,Overnight,0.0,False,10.13,10.13,-22.76,False,0.0,False
2018-05-25,2018-05-29,3,Long,72.0,False,-74.81,-74.81,-73.97,False,0.0,False
2018-05-29,2018-05-30,0,Overnight,0.0,False,50.52,50.52,37.1,False,0.0,False
2018-05-30,2018-05-31,0,Overnight,0.0,False,41.95,41.95,164.99,False,0.0,False
2018-05-31,2018-06-01,0,Overnight,0.0,False,116.32,116.32,196.9,False,0.0,False
2018-06-01,2018-06-04,2,Weekend,48.0,False,30.79,30.79,126.9,False,0.0,False
2018-06-04,2018-06-05,0,Overnight,0.0,False,14.04,14.04,-31.57,False,0.0,False
2018-06-05,2018-06-06,0,Overnight,0.0,False,15.19,15.19,-50.61,False,0.0,False
2018-06-06,2018-06-07,0,Overnight,0.0,False,-20.68,-20.68,-89.16,False,0.0,False
2018-06-07,2018-06-08,0,Overnight,0.0,False,-28.34,-28.34,13.25,False,0.0,False
2018-06-08,2018-06-11,2,Weekend,48.0,False,2.03,2.03,70.01,False,0.0,False
2018-06-11,2018-06-12,0,Overnight,0.0,False,1.05,1.05,62.64,False,0.0,False
2018-06-12,2018-06-13,0,Overnight,0.0,False,35.56,35.56,-70.11,False,0.0,False
2018-06-13,2018-06-14,0,Overnight,0.0,False,69.5,69.5,68.33,False,0.0,False
2018-06-14,2018-06-15,0,Overnight,0.0,False,-1.64,-1.64,-5.6,False,0.0,False
2018-06-15,2018-06-18,2,Weekend,48.0,False,-56.92,-56.92,264.45,False,0.0,False
2018-06-18,2018-06-19,0,Overnight,0.0,False,-114.46,-114.46,73.06,False,0.0,False
2018-06-19,2018-06-20,0,Overnight,0.0,False,39.03,39.03,6.5,False,0.0,False
2018-06-20,2018-06-21,0,Overnight,0.0,False,12.15,12.15,-136.48,False,0.0,False
2018-06-21,2018-06-22,0,Overnight,0.0,False,17.51,17.51,-18.8,False,0.0,False
2018-06-22,2018-06-25,2,Weekend,48.0,False,-122.96,-122.96,-137.04,False,0.0,False
2018-06-25,2018-06-26,0,Overnight,0.0,False,42.57,42.57,-101.2,False,0.0,False
2018-06-26,2018-06-27,0,Overnight,0.0,False,29.8,29.8,-169.2,False,0.0,False
2018-06-27,2018-06-28,0,Overnight,0.0,False,-40.82,-40.82,128.53,False,0.0,False
2018-06-28,2018-06-29,0,Overnight,0.0,False,48.96,48.96,-27.59,False,0.0,False
2018-06-29,2018-07-02,2,Weekend,48.0,False,-123.32,-123.32,237.09,False,0.0,False
2018-07-02,2018-07-03,0,Overnight,0.0,False,63.8,63.8,-292.56,False,0.0,False
2018-07-03,2018-07-05,1,Short,24.0,True,74.26,74.26,147.32,False,0.0,False
2018-07-05,2018-07-06,0,Overnight,0.0,False,4.21,4.21,115.9,False,0.0,False
2018-07-06,2018-07-09,2,Weekend,48.0,False,42.5,42.5,62.56,False,0.0,False
2018-07-09,2018-07-10,0,Overnight,0.0,False,23.19,23.19,-24.39,False,0.0,False
2018-07-10,2018-07-11,0,Overnight,0.0,False,-99.19,-99.19,136.14,False,0.0,False
2018-07-11,2018-07-12,0,Overnight,0.0,False,28.98,28.98,222.22,False,0.0,False
2018-07-12,2018-07-13,0,Overnight,0.0,False,12.81,12.81,13.46,False,0.0,False
2018-07-13,2018-07-16,2,Weekend,48.0,False,-5.07,-5.07,-60.83,False,0.0,False
2018-07-16,2018-07-17,0,Overnight,0.0,False,-115.75,-115.75,253.29,False,0.0,False
2018-07-17,2018-07-18,0,Overnight,0.0,False,-37.58,-37.58,36.18,False,0.0,False
2018-07-18,2018-07-19,0,Overnight,0.0,False,-51.75,-51.75,-62.77,False,0.0,False
2018-07-19,2018-07-20,0,Overnight,0.0,False,1.17,1.17,-11.35,False,0.0,False
2018-07-20,2018-07-23,2,Weekend,48.0,False,-18.55,-18.55,127.48,False,0.0,False
2018-07-23,2018-07-24,0,Overnight,0.0,False,483.58,483.58,-101.62,False,0.0,False
2018-07-24,2018-07-25,0,Overnight,0.0,False,-44.05,-44.05,184.46,False,0.0,False
2018-07-25,2018-07-26,0,Overnight,0.0,False,-68.89,-68.89,143.54,False,0.0,False
2018-07-26,2018-07-27,0,Overnight,0.0,False,28.12,28.12,-285.07,False,0.0,False
2018-07-27,2018-07-30,2,Weekend,48.0,False,-62.77,-62.77,-121.29,False,0.0,False
2018-07-30,2018-07-31,0,Overnight,0.0,False,13.57,13.57,-36.52,False,0.0,False
2018-07-31,2018-08-01,0,Overnight,0.0,False,96.42,96.42,-49.51,False,0.0,False
2018-08-01,2018-08-02,0,Overnight,0.0,False,-118.22,-118.22,184.02,False,0.0,False
2018-08-02,2018-08-03,0,Overnight,0.0,False,32.58,32.58,-56.54,False,0.0,False
2018-08-03,2018-08-06,2,Weekend,48.0,False,27.83,27.83,-31.78,False,0.0,False
2018-08-06,2018-08-07,0,Overnight,0.0,False,115.2,115.2,30.54,False,0.0,False
2018-08-07,2018-08-08,0,Overnight,0.0,False,7.0,7.0,36.62,False,0.0,False
2018-08-08,2018-08-09,0,Overnight,0.0,False,11.09,11.09,13.69,False,0.0,False
2018-08-09,2018-08-10,0,Overnight,0.0,False,-41.84,-41.84,-53.11,False,0.0,False
2018-08-10,2018-08-13,2,Weekend,48.0,False,-10.46,-10.46,-20.48,False,0.0,False
2018-08-13,2018-08-14,0,Overnight,0.0,False,30.87,30.87,44.93,False,0.0,False
2018-08-14,2018-08-15,0,Overnight,0.0,False,-110.77,-110.77,-97.4,False,0.0,False
2018-08-15,2018-08-16,0,Overnight,0.0,False,78.97,78.97,-145.42,False,0.0,False
2018-08-16,2018-08-17,0,Overnight,0.0,False,-16.52,-16.52,-50.78,False,0.0,False
2018-08-17,2018-08-20,2,Weekend,48.0,False,39.48,39.48,10.56,False,0.0,False
2018-08-20,2018-08-21,0,Overnight,0.0,False,8.75,8.75,-45.98,False,0.0,False
2018-08-21,2018-08-22,0,Overnight,0.0,False,-26.24,-26.24,61.82,False,0.0,False
2018-08-22,2018-08-23,0,Overnight,0.0,False,-15.32,-15.32,10.49,False,0.0,False
2018-08-23,2018-08-24,0,Overnight,0.0,False,39.56,39.56,87.3,False,0.0,False
2018-08-24,2018-08-27,2,Weekend,48.0,False,59.58,59.58,97.02,False,0.0,False
2018-08-27,2018-08-28,0,Overnight,0.0,False,-2.95,-2.95,-80.26,False,0.0,False
2018-08-28,2018-08-29,0,Overnight,0.0,False,73.1,73.1,76.6,False,0.0,False
2018-08-29,2018-08-30,0,Overnight,0.0,False,-9.89,-9.89,-71.17,False,0.0,False
2018-08-30,2018-08-31,0,Overnight,0.0,False,-17.79,-17.79,-164.33,False,0.0,False
2018-08-31,2018-09-04,3,Long,72.0,False,-75.62,-75.62,-92.12,False,0.0,False
2018-09-04,2018-09-05,0,Overnight,0.0,False,-17.27,-17.27,-84.04,False,0.0,False
2018-09-05,2018-09-06,0,Overnight,0.0,False,-4.42,-4.42,-122.39,False,0.0,False
2018-09-06,2018-09-07,0,Overnight,0.0,False,-101.78,-101.78,47.58,False,0.0,False
2018-09-07,2018-09-10,2,Weekend,48.0,False,55.97,55.97,-77.48,False,0.0,False
2018-09-10,2018-09-11,0,Overnight,0.0,False,-33.76,-33.76,160.01,False,0.0,False
2018-09-11,2018-09-12,0,Overnight,0.0,False,-67.37,-67.37,-88.38,False,0.0,False
2018-09-12,2018-09-13,0,Overnight,0.0,False,68.9,68.9,20.66,False,0.0,False
2018-09-13,2018-09-14,0,Overnight,0.0,False,49.45,49.45,-84.7,False,0.0,False
2018-09-14,2018-09-17,2,Weekend,48.0,False,-1.78,-1.78,-153.49,False,0.0,False
2018-09-17,2018-09-18,0,Overnight,0.0,False,24.37,24.37,38.2,False,0.0,False
2018-09-18,2018-09-19,0,Overnight,0.0,False,15.84,15.84,45.32,False,0.0,False
2018-09-19,2018-09-20,0,Overnight,0.0,False,54.35,54.35,91.9,False,0.0,False
2018-09-20,2018-09-21,0,Overnight,0.0,False,28.07,28.07,-192.65,False,0.0,False
2018-09-21,2018-09-24,2,Weekend,48.0,False,-109.03,-109.03,172.3,False,0.0,False
2018-09-24,2018-09-25,0,Overnight,0.0,False,39.68,39.68,81.07,False,0.0,False
2018-09-25,2018-09-26,0,Overnight,0.0,False,-1.68,-1.68,3.1,False,0.0,False
2018-09-26,2018-09-27,0,Overnight,0.0,False,49.62,49.62,61.15,False,0.0,False
2018-09-27,2018-09-28,0,Overnight,0.0,False,-27.12,-27.12,24.8,False,0.0,False
2018-09-28,2018-10-01,2,Weekend,48.0,False,48.92,48.92,-36.92,False,0.0,False
2018-10-01,2018-10-02,0,Overnight,0.0,False,-15.4,-15.4,8.04,False,0.0,False
2018-10-02,2018-10-03,0,Overnight,0.0,False,36.04,36.04,-3.88,False,0.0,False
2018-10-03,2018-10-04,0,Overnight,0.0,False,-53.8,-53.8,-234.76,False,0.0,False
2018-10-04,2018-10-05,0,Overnight,0.0,False,-9.09,-9.09,-69.72,False,0.0,False
2018-10-05,2018-10-08,2,Weekend,48.0,False,-67.27,-67.27,-35.23,False,0.0,False
2018-10-08,2018-10-09,0,Overnight,0.0,False,-39.96,-39.96,-53.47,False,0.0,False
2018-10-09,2018-10-10,0,Overnight,0.0,False,-76.88,-76.88,-397.08,False,0.0,False
2018-10-10,2018-10-11,0,Overnight,0.0,False,-120.86,-120.86,107.85,False,0.0,False
2018-10-11,2018-10-12,0,Overnight,0.0,False,261.51,261.51,8.04,False,0.0,False
2018-10-12,2018-10-15,2,Weekend,48.0,False,-22.69,-22.69,-140.15,False,0.0,False
2018-10-15,2018-10-16,0,Overnight,0.0,False,99.64,99.64,174.49,False,0.0,False
2018-10-16,2018-10-17,0,Overnight,0.0,False,60.89,60.89,-109.46,False,0.0,False
2018-10-17,2018-10-18,0,Overnight,0.0,False,21.35,21.35,-288.09,False,0.0,False
2018-10-18,2018-10-19,0,Overnight,0.0,False,52.69,52.69,13.31,False,0.0,False
2018-10-19,2018-10-22,2,Weekend,48.0,False,66.11,66.11,-10.25,False,0.0,False
2018-10-22,2018-10-23,0,Overnight,0.0,False,-182.33,-182.33,214.13,False,0.0,False
2018-10-23,2018-10-24,0,Overnight,0.0,False,0.81,0.81,-533.06,False,0.0,False
2018-10-24,2018-10-25,0,Overnight,0.0,False,216.91,216.91,213.3,False,0.0,False
2018-10-25,2018-10-26,0,Overnight,0.0,False,-513.7,-513.7,332.29,False,0.0,False
2018-10-26,2018-10-29,2,Weekend,48.0,False,117.33,117.33,-580.19,False,0.0,False
2018-10-29,2018-10-30,0,Overnight,0.0,False,-143.28,-143.28,285.11,False,0.0,False
2018-10-30,2018-10-31,0,Overnight,0.0,False,176.52,176.52,207.35,False,0.0,False
2018-10-31,2018-11-01,0,Overnight,0.0,False,7.52,7.52,-49.78,False,0.0,False
2018-11-01,2018-11-02,0,Overnight,0.0,False,27.77,27.77,-162.1,False,0.0,False
2018-11-02,2018-11-05,2,Weekend,49.0,False,9.7,9.7,-157.88,False,0.0,False
2018-11-05,2018-11-06,0,Overnight,0.0,False,-6.73,-6.73,136.97,False,0.0,False
2018-11-06,2018-11-07,0,Overnight,0.0,False,129.31,129.31,225.86,False,0.0,False
2018-11-07,2018-11-08,0,Overnight,0.0,False,-8.48,-8.48,-115.08,False,0.0,False
2018-11-08,2018-11-09,0,Overnight,0.0,False,-97.4,-97.4,-64.78,False,0.0,False
2018-11-09,2018-11-12,2,Weekend,48.0,False,-36.18,-36.18,-223.99,False,0.0,False
2018-11-12,2018-11-13,0,Overnight,0.0,False,51.8,51.8,-65.06,False,0.0,False
2018-11-13,2018-11-14,0,Overnight,0.0,False,114.14,114.14,-51.26,False,0.0,False
2018-11-14,2018-11-15,0,Overnight,0.0,False,-29.63,-29.63,184.6,False,0.0,False
2018-11-15,2018-11-16,0,Overnight,0.0,False,-54.49,-54.49,28.5,False,0.0,False
2018-11-16,2018-11-19,2,Weekend,48.0,False,-45.79,-45.79,-344.11,False,0.0,False
2018-11-19,2018-11-20,0,Overnight,0.0,False,-197.87,-197.87,227.32,False,0.0,False
2018-11-20,2018-11-21,0,Overnight,0.0,False,143.18,143.18,-18.0,False,0.0,False
2018-11-21,2018-11-23,1,Short,24.0,False,-95.62,-95.62,-32.95,False,0.0,False
2018-11-23,2018-11-26,2,Weekend,48.0,True,134.04,134.04,113.72,False,0.0,False
2018-11-26,2018-11-27,0,Overnight,0.0,False,-43.66,-43.66,8.94,False,0.0,False
2018-11-27,2018-11-28,0,Overnight,0.0,False,49.11,49.11,319.49,False,0.0,False
2018-11-28,2018-11-29,0,Overnight,0.0,False,-75.94,-75.94,101.47,False,0.0,False
2018-11-29,2018-11-30,0,Overnight,0.0,False,9.59,9.59,127.15,False,0.0,False
2018-11-30,2018-12-03,2,Weekend,48.0,False,200.83,200.83,-140.54,False,0.0,False
2018-12-03,2018-12-04,0,Overnight,0.0,False,-30.23,-30.23,-464.54,False,0.0,False
2018-12-04,2018-12-06,1,Short,24.0,False,-165.8,-165.8,311.65,False,0.0,False
2018-12-06,2018-12-07,0,Overnight,0.0,False,-54.41,-54.41,-242.13,False,0.0,False
2018-12-07,2018-12-10,2,Weekend,48.0,False,-34.84,-34.84,97.71,False,0.0,False
2018-12-10,2018-12-11,0,Overnight,0.0,False,129.81,129.81,-49.7,False,0.0,False
2018-12-11,2018-12-12,0,Overnight,0.0,False,144.29,144.29,-31.15,False,0.0,False
2018-12-12,2018-12-13,0,Overnight,0.0,False,18.05,18.05,-19.82,False,0.0,False
2018-12-13,2018-12-14,0,Overnight,0.0,False,-126.74,-126.74,-78.7,False,0.0,False
2018-12-14,2018-12-17,2,Weekend,48.0,False,-44.79,-44.79,-206.12,False,0.0,False
2018-12-17,2018-12-18,0,Overnight,0.0,False,81.08,81.08,90.59,False,0.0,False
2018-12-18,2018-12-19,0,Overnight,0.0,False,37.12,37.12,-113.6,False,0.0,False
2018-12-19,2018-12-20,0,Overnight,0.0,False,-91.78,-91.78,-23.61,False,0.0,False
2018-12-20,2018-12-21,0,Overnight,0.0,False,82.31,82.31,-403.26,False,0.0,False
2018-12-21,2018-12-24,2,Weekend,48.0,False,-70.16,-70.16,3.56,False,0.0,False
2018-12-24,2018-12-26,1,Short,24.0,True,134.37,134.37,487.52,False,0.0,False
2018-12-26,2018-12-27,0,Overnight,0.0,False,-208.78,-208.78,256.86,False,0.0,False
2018-12-27,2018-12-28,0,Overnight,0.0,False,62.49,62.49,-121.74,False,0.0,False
2018-12-28,2018-12-31,2,Weekend,48.0,False,105.96,105.96,-122.41,False,0.0,False
2018-12-31,2019-01-02,1,Short,24.0,False,-171.42,-171.42,264.01,False,0.0,False
2019-01-02,2019-01-03,0,Overnight,0.0,False,-38.09,-38.09,-242.77,False,0.0,False
2019-01-03,2019-01-04,0,Overnight,0.0,False,165.28,165.28,334.93,False,0.0,False
2019-01-04,2019-01-07,2,Weekend,48.0,False,26.86,26.86,-46.83,False,0.0,False
2019-01-07,2019-01-08,0,Overnight,0.0,False,93.25,93.25,-5.8,False,0.0,False
2019-01-08,2019-01-09,0,Overnight,0.0,False,24.11,24.11,-58.44,False,0.0,False
2019-01-09,2019-01-10,0,Overnight,0.0,False,-62.23,-62.23,36.12,False,0.0,False
2019-01-10,2019-01-11,0,Overnight,0.0,False,-83.12,-83.12,-50.88,False,0.0,False
2019-01-11,2019-01-14,2,Weekend,48.0,False,-105.11,-105.11,-17.39,False,0.0,False
2019-01-14,2019-01-15,0,Overnight,0.0,False,61.63,61.63,265.81,False,0.0,False
2019-01-15,2019-01-16,0,Overnight,0.0,False,32.07,32.07,-4.5,False,0.0,False
2019-01-16,2019-01-17,0,Overnight,0.0,False,-13.96,-13.96,101.78,False,0.0,False
2019-01-17,2019-01-18,0,Overnight,0.0,False,85.79,85.79,-11.64,False,0.0,False
2019-01-18,2019-01-22,3,Long,72.0,False,-102.57,-102.57,-159.75,False,0.0,False
2019-01-22,2019-01-23,0,Overnight,0.0,False,76.01,76.01,-22.57,False,0.0,False
2019-01-23,2019-01-24,0,Overnight,0.0,False,-17.54,-17.54,13.76,False,0.0,False
2019-01-24,2019-01-25,0,Overnight,0.0,False,93.93,93.93,66.31,False,0.0,False
2019-01-25,2019-01-28,2,Weekend,48.0,False,-104.4,-104.4,-94.11,False,0.0,False
2019-01-28,2019-01-29,0,Overnight,0.0,False,10.92,10.92,-102.09,False,0.0,False
2019-01-29,2019-01-30,0,Overnight,0.0,False,67.99,67.99,189.68,False,0.0,False
2019-01-30,2019-01-31,0,Overnight,0.0,False,128.95,128.95,121.98,False,0.0,False
2019-01-31,2019-02-01,0,Overnight,0.0,False,-32.03,-32.03,-32.75,False,0.0,False
2019-02-01,2019-02-04,2,Weekend,48.0,False,3.49,3.49,198.29,False,0.0,False
2019-02-04,2019-02-05,0,Overnight,0.0,False,-103.83,-103.83,194.97,False,0.0,False
2019-02-05,2019-02-06,0,Overnight,0.0,False,-22.6,-22.6,-232.21,False,0.0,False
2019-02-06,2019-02-07,0,Overnight,0.0,False,-99.07,-99.07,-53.3,False,0.0,False
2019-02-07,2019-02-08,0,Overnight,0.0,False,-100.24,-100.24,68.27,False,0.0,False
2019-02-08,2019-02-11,2,Weekend,48.0,False,12.42,12.42,-14.78,False,0.0,False
2019-02-11,2019-02-12,0,Overnight,0.0,False,80.34,80.34,148.04,False,0.0,False
2019-02-12,2019-02-13,0,Overnight,0.0,False,48.31,48.31,-39.0,False,0.0,False
2019-02-13,2019-02-14,0,Overnight,0.0,False,-32.21,-32.21,37.26,False,0.0,False
2019-02-14,2019-02-15,0,Overnight,0.0,False,89.05,89.05,-174.16,False,0.0,False
2019-02-15,2019-02-19,3,Long,72.0,False,-26.74,-26.74,88.0,False,0.0,False
2019-02-19,2019-02-20,0,Overnight,0.0,False,21.02,21.02,-73.71,False,0.0,False
2019-02-20,2019-02-21,0,Overnight,0.0,False,-16.17,-16.17,-131.09,False,0.0,False
2019-02-21,2019-02-22,0,Overnight,0.0,False,49.6,49.6,61.63,False,0.0,False
2019-02-22,2019-02-25,2,Weekend,48.0,False,47.98,47.98,-41.08,False,0.0,False
2019-02-25,2019-02-26,0,Overnight,0.0,False,-26.53,-26.53,68.32,False,0.0,False
2019-02-26,2019-02-27,0,Overnight,0.0,False,-71.56,-71.56,79.4,False,0.0,False
2019-02-27,2019-02-28,0,Overnight,0.0,False,-34.7,-34.7,67.24,False,0.0,False
2019-02-28,2019-03-01,0,Overnight,0.0,False,39.42,39.42,153.72,False,0.0,False
2019-03-01,2019-03-04,2,Weekend,48.0,False,52.45,52.45,-9.88,False,0.0,False
2019-03-04,2019-03-05,0,Overnight,0.0,False,22.34,22.34,113.45,False,0.0,False
2019-03-05,2019-03-06,0,Overnight,0.0,False,21.96,21.96,-58.37,False,0.0,False
2019-03-06,2019-03-07,0,Overnight,0.0,False,-38.19,-38.19,-83.5,False,0.0,False
2019-03-07,2019-03-08,0,Overnight,0.0,False,-148.38,-148.38,140.73,False,0.0,False
2019-03-08,2019-03-11,2,Weekend,47.0,False,17.64,17.64,233.88,False,0.0,False
2019-03-11,2019-03-12,0,Overnight,0.0,False,25.75,25.75,125.66,False,0.0,False
2019-03-12,2019-03-13,0,Overnight,0.0,False,72.24,72.24,-57.13,False,0.0,False
2019-03-13,2019-03-14,0,Overnight,0.0,False,-0.33,-0.33,-54.27,False,0.0,False
2019-03-14,2019-03-15,0,Overnight,0.0,False,45.76,45.76,-64.48,False,0.0,False
2019-03-15,2019-03-18,2,Weekend,48.0,False,-5.13,-5.13,-9.59,False,0.0,False
2019-03-18,2019-03-19,0,Overnight,0.0,False,26.64,26.64,89.72,False,0.0,False
2019-03-19,2019-03-20,0,Overnight,0.0,False,-8.82,-8.82,206.2,False,0.0,False
2019-03-20,2019-03-21,0,Overnight,0.0,False,-52.57,-52.57,131.35,False,0.0,False
2019-03-21,2019-03-22,0,Overnight,0.0,False,-59.07,-59.07,-174.02,False,0.0,False
2019-03-22,2019-03-25,2,Weekend,48.0,False,-67.21,-67.21,-18.19,False,0.0,False
2019-03-25,2019-03-26,0,Overnight,0.0,False,65.01,65.01,-128.18,False,0.0,False
2019-03-26,2019-03-27,0,Overnight,0.0,False,17.47,17.47,-117.39,False,0.0,False
2019-03-27,2019-03-28,0,Overnight,0.0,False,-21.33,-21.33,-27.52,False,0.0,False
2019-03-28,2019-03-29,0,Overnight,0.0,False,67.25,67.25,-27.92,False,0.0,False
2019-03-29,2019-04-01,2,Weekend,48.0,False,90.09,90.09,95.87,False,0.0,False
2019-04-01,2019-04-02,0,Overnight,0.0,False,8.92,8.92,45.64,False,0.0,False
2019-04-02,2019-04-03,0,Overnight,0.0,False,59.22,59.22,-15.6,False,0.0,False
2019-04-03,2019-04-04,0,Overnight,0.0,False,3.96,3.96,67.14,False,0.0,False
2019-04-04,2019-04-05,0,Overnight,0.0,False,-1.23,-1.23,-64.59,False,0.0,False
2019-04-05,2019-04-08,2,Weekend,48.0,False,-2.81,-2.81,-23.39,False,0.0,False
2019-04-08,2019-04-09,0,Overnight,0.0,False,-53.03,-53.03,6.65,False,0.0,False
2019-04-09,2019-04-10,0,Overnight,0.0,False,19.94,19.94,11.28,False,0.0,False
2019-04-10,2019-04-11,0,Overnight,0.0,False,20.29,20.29,5.71,False,0.0,False
2019-04-11,2019-04-12,0,Overnight,0.0,False,49.73,49.73,58.32,False,0.0,False
2019-04-12,2019-04-15,2,Weekend,48.0,False,11.12,11.12,19.91,False,0.0,False
2019-04-15,2019-04-16,0,Overnight,0.0,False,28.25,28.25,15.52,False,0.0,False
2019-04-16,2019-04-17,0,Overnight,0.0,False,41.23,41.23,25.35,False,0.0,False
2019-04-17,2019-04-18,0,Overnight,0.0,False,39.11,39.11,-28.39,False,0.0,False
2019-04-18,2019-04-22,3,Long,72.0,False,-38.74,-38.74,137.25,False,0.0,False
2019-04-22,2019-04-23,0,Overnight,0.0,False,22.94,22.94,110.4,False,0.0,False
2019-04-23,2019-04-24,0,Overnight,0.0,False,0.0,0.0,-83.3,False,0.0,False
2019-04-24,2019-04-25,0,Overnight,0.0,False,81.02,81.02,-23.33,False,0.0,False
2019-04-25,2019-04-26,0,Overnight,0.0,False,47.55,47.55,31.68,False,0.0,False
2019-04-26,2019-04-29,2,Weekend,48.0,False,24.16,24.16,121.78,False,0.0,False
2019-04-29,2019-04-30,0,Overnight,0.0,False,-849.54,-849.54,69.72,False,0.0,False
2019-04-30,2019-05-01,0,Overnight,0.0,False,-12.18,-12.18,-203.99,False,0.0,False
2019-05-01,2019-05-02,0,Overnight,0.0,False,-6.14,-6.14,-52.07,False,0.0,False
2019-05-02,2019-05-03,0,Overnight,0.0,False,93.01,93.01,102.58,False,0.0,False
2019-05-03,2019-05-06,2,Weekend,48.0,False,-148.63,-148.63,181.45,False,0.0,False
2019-05-06,2019-05-07,0,Overnight,0.0,False,-64.31,-64.31,-58.78,False,0.0,False
2019-05-07,2019-05-08,0,Overnight,0.0,False,-13.33,-13.33,-55.45,False,0.0,False
2019-05-08,2019-05-09,0,Overnight,0.0,False,-70.11,-70.11,46.08,False,0.0,False
2019-05-09,2019-05-10,0,Overnight,0.0,False,7.45,7.45,-10.27,False,0.0,False
2019-05-10,2019-05-13,2,Weekend,48.0,False,-193.7,-193.7,-75.82,False,0.0,False
2019-05-13,2019-05-14,0,Overnight,0.0,False,50.29,50.29,-154.03,False,0.0,False
2019-05-14,2019-05-15,0,Overnight,0.0,False,-20.56,-20.56,420.84,False,0.0,False
2019-05-15,2019-05-16,0,Overnight,0.0,False,8.88,8.88,107.46,False,0.0,False
2019-05-16,2019-05-17,0,Overnight,0.0,False,-73.46,-73.46,-60.14,False,0.0,False
2019-05-17,2019-05-20,2,Weekend,48.0,False,-135.93,-135.93,-72.6,False,0.0,False
2019-05-20,2019-05-21,0,Overnight,0.0,False,85.42,85.42,-0.35,False,0.0,False
2019-05-21,2019-05-22,0,Overnight,0.0,False,-27.67,-27.67,39.88,False,0.0,False
2019-05-22,2019-05-23,0,Overnight,0.0,False,-84.97,-84.97,-6.37,False,0.0,False
2019-05-23,2019-05-24,0,Overnight,0.0,False,57.98,57.98,-116.91,False,0.0,False
2019-05-24,2019-05-28,3,Long,72.0,False,25.17,25.17,-16.83,False,0.0,False
2019-05-28,2019-05-29,0,Overnight,0.0,False,-60.38,-60.38,-113.29,False,0.0,False
2019-05-29,2019-05-30,0,Overnight,0.0,False,1.87,1.87,11.24,False,0.0,False
2019-05-30,2019-05-31,0,Overnight,0.0,False,-141.62,-141.62,7.78,False,0.0,False
2019-05-31,2019-06-03,2,Weekend,48.0,False,-364.17,-364.17,-267.77,False,0.0,False
2019-06-03,2019-06-04,0,Overnight,0.0,False,55.2,55.2,95.29,False,0.0,False
2019-06-04,2019-06-05,0,Overnight,0.0,False,4.84,4.84,-98.68,False,0.0,False
2019-06-05,2019-06-06,0,Overnight,0.0,False,15.02,15.02,14.8,False,0.0,False
2019-06-06,2019-06-07,0,Overnight,0.0,False,62.04,62.04,132.76,False,0.0,False
2019-06-07,2019-06-10,2,Weekend,48.0,False,80.45,80.45,53.34,False,0.0,False
2019-06-10,2019-06-11,0,Overnight,0.0,False,130.57,130.57,-146.47,False,0.0,False
2019-06-11,2019-06-12,0,Overnight,0.0,False,-10.09,-10.09,-7.87,False,0.0,False
2019-06-12,2019-06-13,0,Overnight,0.0,False,51.85,51.85,57.91,False,0.0,False
2019-06-13,2019-06-14,0,Overnight,0.0,False,-11.65,-11.65,-31.62,False,0.0,False
2019-06-14,2019-06-17,2,Weekend,48.0,False,25.74,25.74,43.88,False,0.0,False
2019-06-17,2019-06-18,0,Overnight,0.0,False,159.7,159.7,-56.48,False,0.0,False
2019-06-18,2019-06-19,0,Overnight,0.0,False,18.08,18.08,-24.69,False,0.0,False
2019-06-19,2019-06-20,0,Overnight,0.0,False,154.44,154.44,-76.07,False,0.0,False
2019-06-20,2019-06-21,0,Overnight,0.0,False,-30.05,-30.05,138.78,False,0.0,False
2019-06-21,2019-06-24,2,Weekend,48.0,False,-47.83,-47.83,-29.51,False,0.0,False
2019-06-24,2019-06-25,0,Overnight,0.0,False,-14.52,-14.52,-249.71,False,0.0,False
2019-06-25,2019-06-26,0,Overnight,0.0,False,31.4,31.4,-98.37,False,0.0,False
2019-06-26,2019-06-27,0,Overnight,0.0,False,59.34,59.34,-93.56,False,0.0,False
2019-06-27,2019-06-28,0,Overnight,0.0,False,5.57,5.57,51.57,False,0.0,False
2019-06-28,2019-07-01,2,Weekend,48.0,False,167.05,167.05,-9.45,False,0.0,False
2019-07-01,2019-07-02,0,Overnight,0.0,False,43.81,43.81,70.08,False,0.0,False
2019-07-02,2019-07-03,0,Overnight,0.0,False,52.89,52.89,40.06,False,0.0,False
2019-07-03,2019-07-05,1,Short,24.0,True,-32.29,-32.29,118.12,False,0.0,False
2019-07-05,2019-07-08,2,Weekend,48.0,False,-60.22,-60.22,-80.98,False,0.0,False
2019-07-08,2019-07-09,0,Overnight,0.0,False,-58.1,-58.1,125.03,False,0.0,False
2019-07-09,2019-07-10,0,Overnight,0.0,False,71.17,71.17,75.58,False,0.0,False
2019-07-10,2019-07-11,0,Overnight,0.0,False,45.91,45.91,-18.16,False,0.0,False
2019-07-11,2019-07-12,0,Overnight,0.0,False,-10.06,-10.06,21.06,False,0.0,False
2019-07-12,2019-07-15,2,Weekend,48.0,False,0.0,0.0,45.04,False,0.0,False
2019-07-15,2019-07-16,0,Overnight,0.0,False,-32.91,-32.91,58.52,False,0.0,False
2019-07-16,2019-07-17,0,Overnight,0.0,False,-22.04,-22.04,-36.38,False,0.0,False
2019-07-17,2019-07-18,0,Overnight,0.0,False,-41.42,-41.42,45.78,False,0.0,False
2019-07-18,2019-07-19,0,Overnight,0.0,False,18.11,18.11,-155.82,False,0.0,False
2019-07-19,2019-07-22,2,Weekend,48.0,False,34.58,34.58,32.88,False,0.0,False
2019-07-22,2019-07-23,0,Overnight,0.0,False,37.15,37.15,40.15,False,0.0,False
2019-07-23,2019-07-24,0,Overnight,0.0,False,-135.31,-135.31,62.58,False,0.0,False
2019-07-24,2019-07-25,0,Overnight,0.0,False,-6.85,-6.85,-26.46,False,0.0,False
2019-07-25,2019-07-26,0,Overnight,0.0,False,779.26,779.26,139.25,False,0.0,False
2019-07-26,2019-07-29,2,Weekend,48.0,False,-21.87,-21.87,-5.31,False,0.0,False
2019-07-29,2019-07-30,0,Overnight,0.0,False,-120.22,-120.22,8.15,False,0.0,False
2019-07-30,2019-07-31,0,Overnight,0.0,False,-25.52,-25.52,-54.6,False,0.0,False
2019-07-31,2019-08-01,0,Overnight,0.0,False,-4.68,-4.68,-48.16,False,0.0,False
2019-08-01,2019-08-02,0,Overnight,0.0,False,-72.72,-72.72,-55.68,False,0.0,False
2019-08-02,2019-08-05,2,Weekend,48.0,False,-197.11,-197.11,-156.55,False,0.0,False
2019-08-05,2019-08-06,0,Overnight,0.0,False,92.84,92.84,47.59,False,0.0,False
2019-08-06,2019-08-07,0,Overnight,0.0,False,-114.05,-114.05,155.21,False,0.0,False
2019-08-07,2019-08-08,0,Overnight,0.0,False,89.06,89.06,165.18,False,0.0,False
2019-08-08,2019-08-09,0,Overnight,0.0,False,-51.53,-51.53,-92.85,False,0.0,False
2019-08-09,2019-08-12,2,Weekend,48.0,False,-75.14,-75.14,-46.72,False,0.0,False
2019-08-12,2019-08-13,0,Overnight,0.0,False,-1.28,-1.28,188.78,False,0.0,False
2019-08-13,2019-08-14,0,Overnight,0.0,False,-174.14,-174.14,-101.01,False,0.0,False
2019-08-14,2019-08-15,0,Overnight,0.0,False,35.84,35.84,7.61,False,0.0,False
2019-08-15,2019-08-16,0,Overnight,0.0,False,97.61,97.61,-13.39,False,0.0,False
2019-08-16,2019-08-19,2,Weekend,48.0,False,106.45,106.45,71.98,False,0.0,False
2019-08-19,2019-08-20,0,Overnight,0.0,False,-42.49,-42.49,-99.38,False,0.0,False
2019-08-20,2019-08-21,0,Overnight,0.0,False,103.31,103.31,-35.52,False,0.0,False
2019-08-21,2019-08-22,0,Overnight,0.0,False,18.61,18.61,-19.12,False,0.0,False
2019-08-22,2019-08-23,0,Overnight,0.0,False,-53.44,-53.44,-270.16,False,0.0,False
2019-08-23,2019-08-26,2,Weekend,48.0,False,50.76,50.76,100.66,False,0.0,False
2019-08-26,2019-08-27,0,Overnight,0.0,False,100.42,100.42,-103.49,False,0.0,False
2019-08-27,2019-08-28,0,Overnight,0.0,False,-50.95,-50.95,75.94,False,0.0,False
2019-08-28,2019-08-29,0,Overnight,0.0,False,107.37,107.37,65.7,False,0.0,False
2019-08-29,2019-08-30,0,Overnight,0.0,False,51.03,51.03,-82.15,False,0.0,False
2019-08-30,2019-09-03,3,Long,72.0,False,-73.18,-73.18,-104.62,False,0.0,False
2019-09-03,2019-09-04,0,Overnight,0.0,False,84.29,84.29,23.88,False,0.0,False
2019-09-04,2019-09-05,0,Overnight,0.0,False,95.88,95.88,154.04,False,0.0,False
2019-09-05,2019-09-06,0,Overnight,0.0,False,-25.19,-25.19,-23.35,False,0.0,False
2019-09-06,2019-09-09,2,Weekend,48.0,False,6.3,6.3,-15.01,False,0.0,False
2019-09-09,2019-09-10,0,Overnight,0.0,False,-76.46,-76.46,80.02,False,0.0,False
2019-09-10,2019-09-11,0,Overnight,0.0,False,-15.02,-15.02,132.93,False,0.0,False
2019-09-11,2019-09-12,0,Overnight,0.0,False,28.4,28.4,93.56,False,0.0,False
2019-09-12,2019-09-13,0,Overnight,0.0,False,-23.19,-23.19,64.07,False,0.0,False
2019-09-13,2019-09-16,2,Weekend,48.0,False,-77.64,-77.64,9.67,False,0.0,False
2019-09-16,2019-09-17,0,Overnight,0.0,False,0.0,0.0,-14.22,False,0.0,False
2019-09-17,2019-09-18,0,Overnight,0.0,False,2.93,2.93,19.57,False,0.0,False
2019-09-18,2019-09-19,0,Overnight,0.0,False,-2.68,-2.68,52.04,False,0.0,False
2019-09-19,2019-09-20,0,Overnight,0.0,False,-41.34,-41.34,-30.85,False,0.0,False
2019-09-20,2019-09-23,2,Weekend,48.0,False,-26.62,-26.62,65.98,False,0.0,False
2019-09-23,2019-09-24,0,Overnight,0.0,False,42.91,42.91,-176.3,False,0.0,False
2019-09-24,2019-09-25,0,Overnight,0.0,False,-19.06,-19.06,243.15,False,0.0,False
2019-09-25,2019-09-26,0,Overnight,0.0,False,-30.55,-30.55,1.21,False,0.0,False
2019-09-26,2019-09-27,0,Overnight,0.0,False,4.35,4.35,-136.75,False,0.0,False
2019-09-27,2019-09-30,2,Weekend,48.0,False,-43.74,-43.74,4.42,False,0.0,False
2019-09-30,2019-10-01,0,Overnight,0.0,False,11.05,11.05,-135.81,False,0.0,False
2019-10-01,2019-10-02,0,Overnight,0.0,False,-79.08,-79.08,-156.5,False,0.0,False
2019-10-02,2019-10-03,0,Overnight,0.0,False,45.91,45.91,51.33,False,0.0,False
2019-10-03,2019-10-04,0,Overnight,0.0,False,40.78,40.78,138.62,False,0.0,False
2019-10-04,2019-10-07,2,Weekend,48.0,False,-32.76,-32.76,10.35,False,0.0,False
2019-10-07,2019-10-08,0,Overnight,0.0,False,-78.77,-78.77,-72.33,False,0.0,False
2019-10-08,2019-10-09,0,Overnight,0.0,False,93.67,93.67,8.9,False,0.0,False
2019-10-09,2019-10-10,0,Overnight,0.0,False,-31.65,-31.65,90.28,False,0.0,False
2019-10-10,2019-10-11,0,Overnight,0.0,False,119.66,119.66,-68.2,False,0.0,False
2019-10-11,2019-10-14,2,Weekend,48.0,False,-14.98,-14.98,31.91,False,0.0,False
2019-10-14,2019-10-15,0,Overnight,0.0,False,30.58,30.58,168.37,False,0.0,False
2019-10-15,2019-10-16,0,Overnight,0.0,False,-3.46,-3.46,9.58,False,0.0,False
2019-10-16,2019-10-17,0,Overnight,0.0,False,67.35,67.35,11.18,False,0.0,False
2019-10-17,2019-10-18,0,Overnight,0.0,False,15.08,15.08,-82.27,False,0.0,False
2019-10-18,2019-10-21,2,Weekend,48.0,False,34.41,34.41,-35.46,False,0.0,False
2019-10-21,2019-10-22,0,Overnight,0.0,False,1.61,1.61,-26.39,False,0.0,False
2019-10-22,2019-10-23,0,Overnight,0.0,False,-7.98,-7.98,139.48,False,0.0,False
2019-10-23,2019-10-24,0,Overnight,0.0,False,11.76,11.76,0.0,False,0.0,False
2019-10-24,2019-10-25,0,Overnight,0.0,False,-56.63,-56.63,97.76,False,0.0,False
2019-10-25,2019-10-28,2,Weekend,48.0,False,84.28,84.28,109.05,False,0.0,False
2019-10-28,2019-10-29,0,Overnight,0.0,False,-101.21,-101.21,-120.95,False,0.0,False
2019-10-29,2019-10-30,0,Overnight,0.0,False,-43.8,-43.8,44.12,False,0.0,False
2019-10-30,2019-10-31,0,Overnight,0.0,False,-5.55,-5.55,-9.53,False,0.0,False
2019-10-31,2019-11-01,0,Overnight,0.0,False,55.45,55.45,50.83,False,0.0,False
2019-11-01,2019-11-04,2,Weekend,49.0,False,30.29,30.29,105.23,False,0.0,False
2019-11-04,2019-11-05,0,Overnight,0.0,False,12.32,12.32,1.86,False,0.0,False
2019-11-05,2019-11-06,0,Overnight,0.0,False,-10.46,-10.46,7.13,False,0.0,False
2019-11-06,2019-11-07,0,Overnight,0.0,False,25.3,25.3,97.34,False,0.0,False
2019-11-07,2019-11-08,0,Overnight,0.0,False,-41.56,-41.56,57.31,False,0.0,False
2019-11-08,2019-11-11,2,Weekend,48.0,False,-38.27,-38.27,-43.96,False,0.0,False
2019-11-11,2019-11-12,0,Overnight,0.0,False,2.23,2.23,-10.48,False,0.0,False
2019-11-12,2019-11-13,0,Overnight,0.0,False,-31.12,-31.12,23.17,False,0.0,False
2019-11-13,2019-11-14,0,Overnight,0.0,False,-9.11,-9.11,108.67,False,0.0,False
2019-11-14,2019-11-15,0,Overnight,0.0,False,44.97,44.97,139.62,False,0.0,False
2019-11-15,2019-11-18,2,Weekend,48.0,False,-9.0,-9.0,-94.26,False,0.0,False
2019-11-18,2019-11-19,0,Overnight,0.0,False,51.31,51.31,-106.4,False,0.0,False
2019-11-19,2019-11-20,0,Overnight,0.0,False,-9.38,-9.38,-72.71,False,0.0,False
2019-11-20,2019-11-21,0,Overnight,0.0,False,-20.07,-20.07,6.85,False,0.0,False
2019-11-21,2019-11-22,0,Overnight,0.0,False,21.97,21.97,-71.86,False,0.0,False
2019-11-22,2019-11-25,2,Weekend,48.0,False,20.0,20.0,72.1,False,0.0,False
2019-11-25,2019-11-26,0,Overnight,0.0,False,32.65,32.65,23.56,False,0.0,False
2019-11-26,2019-11-27,0,Overnight,0.0,False,18.41,18.41,-25.04,False,0.0,False
2019-11-27,2019-11-29,1,Short,24.0,False,-42.23,-42.23,-19.23,False,0.0,False
2019-11-29,2019-12-02,2,Weekend,48.0,True,-11.74,-11.74,-105.73,False,0.0,False
2019-12-02,2019-12-03,0,Overnight,0.0,False,-79.45,-79.45,124.97,False,0.0,False
2019-12-03,2019-12-04,0,Overnight,0.0,False,87.36,87.36,97.83,False,0.0,False
2019-12-04,2019-12-05,0,Overnight,0.0,False,60.92,60.92,-0.3,False,0.0,False
2019-12-05,2019-12-06,0,Overnight,0.0,False,43.54,43.54,49.7,False,0.0,False
2019-12-06,2019-12-09,2,Weekend,48.0,False,-3.96,-3.96,30.8,False,0.0,False
2019-12-09,2019-12-10,0,Overnight,0.0,False,-22.74,-22.74,21.99,False,0.0,False
2019-12-10,2019-12-11,0,Overnight,0.0,False,40.21,40.21,-30.08,False,0.0,False
2019-12-11,2019-12-12,0,Overnight,0.0,False,-7.74,-7.74,39.23,False,0.0,False
2019-12-12,2019-12-13,0,Overnight,0.0,False,-4.38,-4.38,-7.64,False,0.0,False
2019-12-13,2019-12-16,2,Weekend,48.0,False,60.18,60.18,41.98,False,0.0,False
2019-12-16,2019-12-17,0,Overnight,0.0,False,12.56,12.56,-55.35,False,0.0,False
2019-12-17,2019-12-18,0,Overnight,0.0,False,15.56,15.56,-37.58,False,0.0,False
2019-12-18,2019-12-19,0,Overnight,0.0,False,0.0,0.0,33.45,False,0.0,False
2019-12-19,2019-12-20,0,Overnight,0.0,False,48.98,48.98,-87.54,False,0.0,False
2019-12-20,2019-12-23,2,Weekend,48.0,False,55.43,55.43,-59.79,False,0.0,False
2019-12-23,2019-12-24,0,Overnight,0.0,False,-3.11,-3.11,-42.9,False,0.0,False
2019-12-24,2019-12-26,1,Short,24.0,True,15.76,15.76,117.53,False,0.0,False
2019-12-26,2019-12-27,0,Overnight,0.0,False,11.22,11.22,-68.86,False,0.0,False
2019-12-27,2019-12-30,2,Weekend,48.0,False,16.01,16.01,-126.83,False,0.0,False
2019-12-30,2019-12-31,0,Overnight,0.0,False,-29.3,-29.3,26.91,False,0.0,False
2019-12-31,2020-01-02,1,Short,24.0,False,67.12,67.12,149.21,False,0.0,False
2020-01-02,2020-01-03,0,Overnight,0.0,False,-152.25,-152.25,99.8,False,0.0,False
2020-01-03,2020-01-06,2,Weekend,48.0,False,-72.9,-72.9,335.96,False,0.0,False
2020-01-06,2020-01-07,0,Overnight,0.0,False,18.94,18.94,-38.28,False,0.0,False
2020-01-07,2020-01-08,0,Overnight,0.0,False,-2.08,-2.08,73.0,False,0.0,False
2020-01-08,2020-01-09,0,Overnight,0.0,False,119.49,119.49,-15.06,False,0.0,False
2020-01-09,2020-01-10,0,Overnight,0.0,False,67.95,67.95,-3.57,False,0.0,False
2020-01-10,2020-01-13,2,Weekend,48.0,False,43.92,43.92,33.25,False,0.0,False
2020-01-13,2020-01-14,0,Overnight,0.0,False,-0.21,-0.21,-65.56,False,0.0,False
2020-01-14,2020-01-15,0,Overnight,0.0,False,16.97,16.97,43.03,False,0.0,False
2020-01-15,2020-01-16,0,Overnight,0.0,False,43.33,43.33,32.53,False,0.0,False
2020-01-16,2020-01-17,0,Overnight,0.0,False,85.01,85.01,115.43,False,0.0,False
2020-01-17,2020-01-21,3,Long,72.0,False,-3.52,-3.52,21.95,False,0.0,False
2020-01-21,2020-01-22,0,Overnight,0.0,False,50.34,50.34,-39.41,False,0.0,False
2020-01-22,2020-01-23,0,Overnight,0.0,False,24.77,24.77,-19.25,False,0.0,False
2020-01-23,2020-01-24,0,Overnight,0.0,False,54.61,54.61,-180.13,False,0.0,False
2020-01-24,2020-01-27,2,Weekend,48.0,False,-239.03,-239.03,1.33,False,0.0,False
2020-01-27,2020-01-28,0,Overnight,0.0,False,69.67,69.67,60.58,False,0.0,False
2020-01-28,2020-01-29,0,Overnight,0.0,False,54.73,54.73,-12.07,False,0.0,False
2020-01-29,2020-01-30,0,Overnight,0.0,False,-128.51,-128.51,111.68,False,0.0,False
2020-01-30,2020-01-31,0,Overnight,0.0,False,93.15,93.15,-241.89,False,0.0,False
2020-01-31,2020-02-03,2,Weekend,48.0,False,199.49,199.49,142.31,False,0.0,False
2020-02-03,2020-02-04,0,Overnight,0.0,False,-191.42,-191.42,-62.62,False,0.0,False
2020-02-04,2020-02-05,0,Overnight,0.0,False,125.13,125.13,-120.7,False,0.0,False
2020-02-05,2020-02-06,0,Overnight,0.0,False,40.92,40.92,163.87,False,0.0,False
2020-02-06,2020-02-07,0,Overnight,0.0,False,-58.3,-58.3,79.55,False,0.0,False
2020-02-07,2020-02-10,2,Weekend,48.0,False,-12.72,-12.72,210.53,False,0.0,False
2020-02-10,2020-02-11,0,Overnight,0.0,False,30.51,30.51,-21.23,False,0.0,False
2020-02-11,2020-02-12,0,Overnight,0.0,False,38.34,38.34,18.26,False,0.0,False
2020-02-12,2020-02-13,0,Overnight,0.0,False,-56.99,-56.99,22.43,False,0.0,False
2020-02-13,2020-02-14,0,Overnight,0.0,False,7.53,7.53,27.69,False,0.0,False
2020-02-14,2020-02-18,3,Long,72.0,False,-28.95,-28.95,33.62,False,0.0,False
2020-02-18,2020-02-19,0,Overnight,0.0,False,50.94,50.94,-15.27,False,0.0,False
2020-02-19,2020-02-20,0,Overnight,0.0,False,-38.5,-38.5,-13.31,False,0.0,False
2020-02-20,2020-02-21,0,Overnight,0.0,False,-82.14,-82.14,-141.37,False,0.0,False
2020-02-21,2020-02-24,2,Weekend,48.0,False,-415.75,-415.75,-22.44,False,0.0,False
2020-02-24,2020-02-25,0,Overnight,0.0,False,78.15,78.15,-317.21,False,0.0,False
2020-02-25,2020-02-26,0,Overnight,0.0,False,62.27,62.27,-32.38,False,0.0,False
2020-02-26,2020-02-27,0,Overnight,0.0,False,-227.9,-227.9,-330.54,False,0.0,False
2020-02-27,2020-02-28,0,Overnight,0.0,False,-313.94,-313.94,497.05,False,0.0,False
2020-02-28,2020-03-02,2,Weekend,48.0,False,90.24,90.24,255.19,False,0.0,False
2020-03-02,2020-03-03,0,Overnight,0.0,False,81.61,81.61,-438.47,False,0.0,False
2020-03-03,2020-03-04,0,Overnight,0.0,False,157.53,157.53,165.23,False,0.0,False
2020-03-04,2020-03-05,0,Overnight,0.0,False,-264.39,-264.39,-231.49,False,0.0,False
2020-03-05,2020-03-06,0,Overnight,0.0,False,-346.77,-346.77,201.04,False,0.0,False
2020-03-06,2020-03-09,2,Weekend,47.0,False,-726.36,-726.36,89.48,False,0.0,False
2020-03-09,2020-03-10,0,Overnight,0.0,False,312.55,312.55,164.3,False,0.0,False
2020-03-10,2020-03-11,0,Overnight,0.0,False,-213.21,-213.21,-303.95,False,0.0,False
2020-03-11,2020-03-12,0,Overnight,0.0,False,-756.99,-756.99,-99.1,False,0.0,False
2020-03-12,2020-03-13,0,Overnight,0.0,False,555.04,555.04,328.83,False,0.0,False
2020-03-13,2020-03-16,2,Weekend,48.0,False,-1083.23,-1083.23,-153.61,False,0.0,False
2020-03-16,2020-03-17,0,Overnight,0.0,False,163.06,163.06,248.3,False,0.0,False
2020-03-17,2020-03-18,0,Overnight,0.0,False,-533.83,-533.83,290.57,False,0.0,False
2020-03-18,2020-03-19,0,Overnight,0.0,False,-27.26,-27.26,213.2,False,0.0,False
2020-03-19,2020-03-20,0,Overnight,0.0,False,171.5,171.5,-570.29,False,0.0,False
2020-03-20,2020-03-23,2,Weekend,48.0,False,-111.46,-111.46,-21.23,False,0.0,False
2020-03-23,2020-03-24,0,Overnight,0.0,False,462.06,462.06,233.05,False,0.0,False
2020-03-24,2020-03-25,0,Overnight,0.0,False,-48.17,-48.17,-206.28,False,0.0,False
2020-03-25,2020-03-26,0,Overnight,0.0,False,118.21,118.21,423.31,False,0.0,False
2020-03-26,2020-03-27,0,Overnight,0.0,False,-309.58,-309.58,-153.82,False,0.0,False
2020-03-27,2020-03-30,2,Weekend,48.0,False,199.57,199.57,119.97,False,0.0,False
2020-03-30,2020-03-31,0,Overnight,0.0,False,21.09,21.09,114.43,False,0.0,False
2020-03-31,2020-04-01,0,Overnight,0.0,False,-332.06,-332.06,-196.76,False,0.0,False
2020-04-01,2020-04-02,0,Overnight,0.0,False,-19.07,-19.07,153.63,False,0.0,False
2020-04-02,2020-04-03,0,Overnight,0.0,False,-20.79,-20.79,-199.43,False,0.0,False
2020-04-03,2020-04-06,2,Weekend,48.0,False,362.17,362.17,433.45,False,0.0,False
2020-04-06,2020-04-07,0,Overnight,0.0,False,281.83,281.83,-287.15,False,0.0,False
2020-04-07,2020-04-08,0,Overnight,0.0,False,172.2,172.2,32.36,False,0.0,False
2020-04-08,2020-04-09,0,Overnight,0.0,False,92.2,92.2,-95.76,False,0.0,False
2020-04-09,2020-04-13,3,Long,72.0,False,-42.11,-42.11,73.88,False,0.0,False
2020-04-13,2020-04-14,0,Overnight,0.0,False,241.28,241.28,201.67,False,0.0,False
2020-04-14,2020-04-15,0,Overnight,0.0,False,-149.06,-149.06,86.19,False,0.0,False
2020-04-15,2020-04-16,0,Overnight,0.0,False,77.96,77.96,-76.92,False,0.0,False
2020-04-16,2020-04-17,0,Overnight,0.0,False,191.17,191.17,-21.09,False,0.0,False
2020-04-17,2020-04-20,2,Weekend,48.0,False,-71.48,-71.48,-69.06,False,0.0,False
2020-04-20,2020-04-21,0,Overnight,0.0,False,-147.29,-147.29,-248.91,False,0.0,False
2020-04-21,2020-04-22,0,Overnight,0.0,False,236.02,236.02,138.43,False,0.0,False
2020-04-22,2020-04-23,0,Overnight,0.0,False,58.08,58.08,42.81,False,0.0,False
2020-04-23,2020-04-24,0,Overnight,0.0,False,-128.02,-128.02,170.65,False,0.0,False
2020-04-24,2020-04-27,2,Weekend,48.0,False,119.91,119.91,-164.98,False,0.0,False
2020-04-27,2020-04-28,0,Overnight,0.0,False,96.63,96.63,-402.39,False,0.0,False
2020-04-28,2020-04-29,0,Overnight,0.0,False,872.76,872.76,-20.99,False,0.0,False
2020-04-29,2020-04-30,0,Overnight,0.0,False,-80.94,-80.94,114.56,False,0.0,False
2020-04-30,2020-05-01,0,Overnight,0.0,False,-169.32,-169.32,-51.26,False,0.0,False
2020-05-01,2020-05-04,2,Weekend,48.0,False,-70.01,-70.01,112.28,False,0.0,False
2020-05-04,2020-05-05,0,Overnight,0.0,False,109.76,109.76,85.76,False,0.0,False
2020-05-05,2020-05-06,0,Overnight,0.0,False,66.35,66.35,-92.99,False,0.0,False
2020-05-06,2020-05-07,0,Overnight,0.0,False,117.34,117.34,58.38,False,0.0,False
2020-05-07,2020-05-08,0,Overnight,0.0,False,91.17,91.17,18.22,False,0.0,False
2020-05-08,2020-05-11,2,Weekend,48.0,False,-54.69,-54.69,192.78,False,0.0,False
2020-05-11,2020-05-12,0,Overnight,0.0,False,32.93,32.93,-237.42,False,0.0,False
2020-05-12,2020-05-13,0,Overnight,0.0,False,7.12,7.12,-204.3,False,0.0,False
2020-05-13,2020-05-14,0,Overnight,0.0,False,-110.45,-110.45,173.51,False,0.0,False
2020-05-14,2020-05-15,0,Overnight,0.0,False,-63.58,-63.58,182.27,False,0.0,False
2020-05-15,2020-05-18,2,Weekend,48.0,False,-83.96,-83.96,171.84,False,0.0,False
2020-05-18,2020-05-19,0,Overnight,0.0,False,2.17,2.17,-80.29,False,0.0,False
2020-05-19,2020-05-20,0,Overnight,0.0,False,106.82,106.82,142.95,False,0.0,False
2020-05-20,2020-05-21,0,Overnight,0.0,False,12.98,12.98,-30.09,False,0.0,False
2020-05-21,2020-05-22,0,Overnight,0.0,False,-20.28,-20.28,66.31,False,0.0,False
2020-05-22,2020-05-26,3,Long,72.0,False,201.18,201.18,-143.82,False,0.0,False
2020-05-26,2020-05-27,0,Overnight,0.0,False,-9.64,-9.64,1.97,False,0.0,False
2020-05-27,2020-05-28,0,Overnight,0.0,False,-143.82,-143.82,129.44,False,0.0,False
2020-05-28,2020-05-29,0,Overnight,0.0,False,15.43,15.43,91.73,False,0.0,False
2020-05-29,2020-06-01,2,Weekend,48.0,False,-54.7,-54.7,64.11,False,0.0,False
2020-06-01,2020-06-02,0,Overnight,0.0,False,0.91,0.91,50.81,False,0.0,False
2020-06-02,2020-06-03,0,Overnight,0.0,False,2.7,2.7,-23.94,False,0.0,False
2020-06-03,2020-06-04,0,Overnight,0.0,False,-17.18,-17.18,-157.7,False,0.0,False
2020-06-04,2020-06-05,0,Overnight,0.0,False,9.47,9.47,170.75,False,0.0,False
2020-06-05,2020-06-08,2,Weekend,48.0,False,-95.87,-95.87,151.41,False,0.0,False
2020-06-08,2020-06-09,0,Overnight,0.0,False,-19.36,-19.36,47.22,False,0.0,False
2020-06-09,2020-06-10,0,Overnight,0.0,False,64.73,64.73,21.8,False,0.0,False
2020-06-10,2020-06-11,0,Overnight,0.0,False,-162.92,-162.92,-275.3,False,0.0,False
2020-06-11,2020-06-12,0,Overnight,0.0,False,169.47,169.47,-91.17,False,0.0,False
2020-06-12,2020-06-15,2,Weekend,48.0,False,-167.22,-167.22,222.41,False,0.0,False
2020-06-15,2020-06-16,0,Overnight,0.0,False,196.96,196.96,-17.47,False,0.0,False
2020-06-16,2020-06-17,0,Overnight,0.0,False,44.63,44.63,-2.75,False,0.0,False
2020-06-17,2020-06-18,0,Overnight,0.0,False,-18.54,-18.54,-109.09,False,0.0,False
2020-06-18,2020-06-19,0,Overnight,0.0,False,40.92,40.92,-107.24,False,0.0,False
2020-06-19,2020-06-22,2,Weekend,48.0,False,2.6,2.6,178.4,False,0.0,False
2020-06-22,2020-06-23,0,Overnight,0.0,False,9.23,9.23,82.17,False,0.0,False
2020-06-23,2020-06-24,0,Overnight,0.0,False,-4.78,-4.78,-211.2,False,0.0,False
2020-06-24,2020-06-25,0,Overnight,0.0,False,-10.34,-10.34,68.8,False,0.0,False
2020-06-25,2020-06-26,0,Overnight,0.0,False,-58.95,-58.95,-501.61,False,0.0,False
2020-06-26,2020-06-29,2,Weekend,48.0,False,-16.16,-16.16,267.14,False,0.0,False
2020-06-29,2020-06-30,0,Overnight,0.0,False,-2.08,-2.08,150.41,False,0.0,False
2020-06-30,2020-07-01,0,Overnight,0.0,False,7.9,7.9,159.59,False,0.0,False
2020-07-01,2020-07-02,0,Overnight,0.0,False,68.01,68.01,123.83,False,0.0,False
2020-07-02,2020-07-06,3,Long,72.0,False,123.19,123.19,76.98,False,0.0,False
2020-07-06,2020-07-07,0,Overnight,0.0,False,-23.5,-23.5,-41.59,False,0.0,False
2020-07-07,2020-07-08,0,Overnight,0.0,False,72.76,72.76,18.64,False,0.0,False
2020-07-08,2020-07-09,0,Overnight,0.0,False,42.01,42.01,57.65,False,0.0,False
2020-07-09,2020-07-10,0,Overnight,0.0,False,-35.69,-35.69,168.8,False,0.0,False
2020-07-10,2020-07-13,2,Weekend,48.0,False,70.77,70.77,-246.31,False,0.0,False
2020-07-13,2020-07-14,0,Overnight,0.0,False,-129.39,-129.39,186.29,False,0.0,False
2020-07-14,2020-07-15,0,Overnight,0.0,False,15.57,15.57,-41.77,False,0.0,False
2020-07-15,2020-07-16,0,Overnight,0.0,False,-101.91,-101.91,88.98,False,0.0,False
2020-07-16,2020-07-17,0,Overnight,0.0,False,13.13,13.13,-0.4,False,0.0,False
2020-07-17,2020-07-20,2,Weekend,48.0,False,-12.2,-12.2,317.29,False,0.0,False
2020-07-20,2020-07-21,0,Overnight,0.0,False,134.59,134.59,-185.36,False,0.0,False
2020-07-21,2020-07-22,0,Overnight,0.0,False,-1.35,-1.35,58.58,False,0.0,False
2020-07-22,2020-07-23,0,Overnight,0.0,False,6.9,6.9,-319.1,False,0.0,False
2020-07-23,2020-07-24,0,Overnight,0.0,False,-116.45,-116.45,59.99,False,0.0,False
2020-07-24,2020-07-27,2,Weekend,48.0,False,33.43,33.43,106.29,False,0.0,False
2020-07-27,2020-07-28,0,Overnight,0.0,False,-29.01,-29.01,-140.99,False,0.0,False
2020-07-28,2020-07-29,0,Overnight,0.0,False,8.97,8.97,122.24,False,0.0,False
2020-07-29,2020-07-30,0,Overnight,0.0,False,-169.06,-169.06,266.13,False,0.0,False
2020-07-30,2020-07-31,0,Overnight,0.0,False,-272.27,-272.27,-60.97,False,0.0,False
2020-07-31,2020-08-03,2,Weekend,48.0,False,20.48,20.48,-55.42,False,0.0,False
2020-08-03,2020-08-04,0,Overnight,0.0,False,26.6,26.6,-90.61,False,0.0,False
2020-08-04,2020-08-05,0,Overnight,0.0,False,23.86,23.86,15.36,False,0.0,False
2020-08-05,2020-08-06,0,Overnight,0.0,False,-19.9,-19.9,193.22,False,0.0,False
2020-08-06,2020-08-07,0,Overnight,0.0,False,27.14,27.14,-70.96,False,0.0,False
2020-08-07,2020-08-10,2,Weekend,48.0,False,-50.65,-50.65,40.3,False,0.0,False
2020-08-10,2020-08-11,0,Overnight,0.0,False,-18.86,-18.86,-90.5,False,0.0,False
2020-08-11,2020-08-12,0,Overnight,0.0,False,44.35,44.35,134.39,False,0.0,False
2020-08-12,2020-08-13,0,Overnight,0.0,False,6.43,6.43,55.8,False,0.0,False
2020-08-13,2020-08-14,0,Overnight,0.0,False,-20.06,-20.06,-59.5,False,0.0,False
2020-08-14,2020-08-17,2,Weekend,48.0,False,75.08,75.08,1.78,False,0.0,False
2020-08-17,2020-08-18,0,Overnight,0.0,False,64.95,64.95,192.48,False,0.0,False
2020-08-18,2020-08-19,0,Overnight,0.0,False,-21.17,-21.17,-50.89,False,0.0,False
2020-08-19,2020-08-20,0,Overnight,0.0,False,-30.09,-30.09,232.86,False,0.0,False
2020-08-20,2020-08-21,0,Overnight,0.0,False,-28.27,-28.27,23.96,False,0.0,False
2020-08-21,2020-08-24,2,Weekend,48.0,False,106.69,106.69,-46.07,False,0.0,False
2020-08-24,2020-08-25,0,Overnight,0.0,False,-31.91,-31.91,161.65,False,0.0,False
2020-08-25,2020-08-26,0,Overnight,0.0,False,2.8,2.8,232.78,False,0.0,False
2020-08-26,2020-08-27,0,Overnight,0.0,False,15.07,15.07,-110.47,False,0.0,False
2020-08-27,2020-08-28,0,Overnight,0.0,False,5.83,5.83,60.94,False,0.0,False
2020-08-28,2020-08-31,2,Weekend,48.0,False,25.22,25.22,-85.79,False,0.0,False
2020-08-31,2020-09-01,0,Overnight,0.0,False,16.13,16.13,139.45,False,0.0,False
2020-09-01,2020-09-02,0,Overnight,0.0,False,77.82,77.82,291.74,False,0.0,False
2020-09-02,2020-09-03,0,Overnight,0.0,False,-104.6,-104.6,-420.66,False,0.0,False
2020-09-03,2020-09-04,0,Overnight,0.0,False,-126.67,-126.67,-174.22,False,0.0,False
2020-09-04,2020-09-08,3,Long,72.0,False,-361.96,-361.96,-9.18,False,0.0,False
2020-09-08,2020-09-09,0,Overnight,0.0,False,164.69,164.69,-10.79,False,0.0,False
2020-09-09,2020-09-10,0,Overnight,0.0,False,19.05,19.05,-156.88,False,0.0,False
2020-09-10,2020-09-11,0,Overnight,0.0,False,13.75,13.75,-81.41,False,0.0,False
2020-09-11,2020-09-14,2,Weekend,48.0,False,104.29,104.29,-150.11,False,0.0,False
2020-09-14,2020-09-15,0,Overnight,0.0,False,125.53,125.53,47.21,False,0.0,False
2020-09-15,2020-09-16,0,Overnight,0.0,False,47.83,47.83,-198.99,False,0.0,False
2020-09-16,2020-09-17,0,Overnight,0.0,False,-175.33,-175.33,8.27,False,0.0,False
2020-09-17,2020-09-18,0,Overnight,0.0,False,8.47,8.47,-253.2,False,0.0,False
2020-09-18,2020-09-21,2,Weekend,48.0,False,-135.08,-135.08,-10.34,False,0.0,False
2020-09-21,2020-09-22,0,Overnight,0.0,False,140.12,140.12,65.29,False,0.0,False
2020-09-22,2020-09-23,0,Overnight,0.0,False,-53.09,-53.09,-298.47,False,0.0,False
2020-09-23,2020-09-24,0,Overnight,0.0,False,-47.72,-47.72,142.84,False,0.0,False
2020-09-24,2020-09-25,0,Overnight,0.0,False,15.38,15.38,97.83,False,0.0,False
2020-09-25,2020-09-28,2,Weekend,48.0,False,226.25,226.25,-90.97,False,0.0,False
2020-09-28,2020-09-29,0,Overnight,0.0,False,35.93,35.93,14.4,False,0.0,False
2020-09-29,2020-09-30,0,Overnight,0.0,False,-34.71,-34.71,31.85,False,0.0,False
2020-09-30,2020-10-01,0,Overnight,0.0,False,122.47,122.47,28.54,False,0.0,False
2020-10-01,2020-10-02,0,Overnight,0.0,False,-191.83,-191.83,-27.65,False,0.0,False
2020-10-02,2020-10-05,2,Weekend,48.0,False,48.32,48.32,137.03,False,0.0,False
2020-10-05,2020-10-06,0,Overnight,0.0,False,-49.56,-49.56,-167.3,False,0.0,False
2020-10-06,2020-10-07,0,Overnight,0.0,False,56.97,56.97,-1.16,False,0.0,False
2020-10-07,2020-10-08,0,Overnight,0.0,False,43.15,43.15,121.95,False,0.0,False
2020-10-08,2020-10-09,0,Overnight,0.0,False,63.37,63.37,117.14,False,0.0,False
2020-10-09,2020-10-12,2,Weekend,48.0,False,180.75,180.75,171.41,False,0.0,False
2020-10-12,2020-10-13,0,Overnight,0.0,False,79.07,79.07,-63.23,False,0.0,False
2020-10-13,2020-10-14,0,Overnight,0.0,False,47.94,47.94,-71.13,False,0.0,False
2020-10-14,2020-10-15,0,Overnight,0.0,False,-121.88,-121.88,70.78,False,0.0,False
2020-10-15,2020-10-16,0,Overnight,0.0,False,40.8,40.8,37.51,False,0.0,False
2020-10-16,2020-10-19,2,Weekend,48.0,False,52.36,52.36,-296.11,False,0.0,False
2020-10-19,2020-10-20,0,Overnight,0.0,False,-44.81,-44.81,181.97,False,0.0,False
2020-10-20,2020-10-21,0,Overnight,0.0,False,120.29,120.29,102.29,False,0.0,False
2020-10-21,2020-10-22,0,Overnight,0.0,False,-6.24,-6.24,135.73,False,0.0,False
2020-10-22,2020-10-23,0,Overnight,0.0,False,52.08,52.08,110.41,False,0.0,False
2020-10-23,2020-10-26,2,Weekend,48.0,False,-110.72,-110.72,-191.99,False,0.0,False
2020-10-26,2020-10-27,0,Overnight,0.0,False,29.25,29.25,62.43,False,0.0,False
2020-10-27,2020-10-28,0,Overnight,0.0,False,-310.42,-310.42,-256.22,False,0.0,False
2020-10-28,2020-10-29,0,Overnight,0.0,False,41.09,41.09,259.36,False,0.0,False
2020-10-29,2020-10-30,0,Overnight,0.0,False,686.06,686.06,-312.68,False,0.0,False
2020-10-30,2020-11-02,2,Weekend,49.0,False,45.87,45.87,4.8,False,0.0,False
2020-11-02,2020-11-03,0,Overnight,0.0,False,39.57,39.57,90.95,False,0.0,False
2020-11-03,2020-11-04,0,Overnight,0.0,False,357.64,357.64,233.36,False,0.0,False
2020-11-04,2020-11-05,0,Overnight,0.0,False,139.92,139.92,-45.0,False,0.0,False
2020-11-05,2020-11-06,0,Overnight,0.0,False,-63.52,-63.52,47.79,False,0.0,False
2020-11-06,2020-11-09,2,Weekend,48.0,False,203.9,203.9,-194.31,False,0.0,False
2020-11-09,2020-11-10,0,Overnight,0.0,False,-181.32,-181.32,45.85,False,0.0,False
2020-11-10,2020-11-11,0,Overnight,0.0,False,61.27,61.27,-6.69,False,0.0,False
2020-11-11,2020-11-12,0,Overnight,0.0,False,-29.98,-29.98,4.71,False,0.0,False
2020-11-12,2020-11-13,0,Overnight,0.0,False,29.68,29.68,137.83,False,0.0,False
2020-11-13,2020-11-16,2,Weekend,48.0,False,-45.92,-45.92,55.9,False,0.0,False
2020-11-16,2020-11-17,0,Overnight,0.0,False,-34.84,-34.84,-35.13,False,0.0,False
2020-11-17,2020-11-18,0,Overnight,0.0,False,-28.54,-28.54,-91.5,False,0.0,False
2020-11-18,2020-11-19,0,Overnight,0.0,False,-42.66,-42.66,145.14,False,0.0,False
2020-11-19,2020-11-20,0,Overnight,0.0,False,19.49,19.49,-146.47,False,0.0,False
2020-11-20,2020-11-23,2,Weekend,48.0,False,22.09,22.09,-73.02,False,0.0,False
2020-11-23,2020-11-24,0,Overnight,0.0,False,-0.35,-0.35,208.52,False,0.0,False
2020-11-24,2020-11-25,0,Overnight,0.0,False,22.14,22.14,-20.84,False,0.0,False
2020-11-25,2020-11-27,1,Short,24.0,False,2.32,2.32,126.59,False,0.0,False
2020-11-27,2020-11-30,2,Weekend,48.0,True,-63.83,-63.83,-120.4,False,0.0,False
2020-11-30,2020-12-01,0,Overnight,0.0,False,69.64,69.64,161.15,False,0.0,False
2020-12-01,2020-12-02,0,Overnight,0.0,False,0.0,0.0,163.58,False,0.0,False
2020-12-02,2020-12-03,0,Overnight,0.0,False,-24.3,-24.3,7.14,False,0.0,False
2020-12-03,2020-12-04,0,Overnight,0.0,False,-8.9,-8.9,19.43,False,0.0,False
2020-12-04,2020-12-07,2,Weekend,48.0,False,-45.12,-45.12,8.15,False,0.0,False
2020-12-07,2020-12-08,0,Overnight,0.0,False,-46.94,-46.94,15.52,False,0.0,False
2020-12-08,2020-12-09,0,Overnight,0.0,False,-5.36,-5.36,-181.15,False,0.0,False
2020-12-09,2020-12-10,0,Overnight,0.0,False,-86.2,-86.2,28.61,False,0.0,False
2020-12-10,2020-12-11,0,Overnight,0.0,False,-43.37,-43.37,83.74,False,0.0,False
2020-12-11,2020-12-14,2,Weekend,48.0,False,-23.01,-23.01,-104.8,False,0.0,False
2020-12-14,2020-12-15,0,Overnight,0.0,False,43.28,43.28,6.93,False,0.0,False
2020-12-15,2020-12-16,0,Overnight,0.0,False,45.49,45.49,-67.61,False,0.0,False
2020-12-16,2020-12-17,0,Overnight,0.0,False,38.28,38.28,-133.66,False,0.0,False
2020-12-17,2020-12-18,0,Overnight,0.0,False,32.47,32.47,-114.91,False,0.0,False
2020-12-18,2020-12-21,2,Weekend,48.0,False,-99.5,-99.5,147.69,False,0.0,False
2020-12-21,2020-12-22,0,Overnight,0.0,False,-30.2,-30.2,-52.82,False,0.0,False
2020-12-22,2020-12-23,0,Overnight,0.0,False,21.54,21.54,24.91,False,0.0,False
2020-12-23,2020-12-24,0,Overnight,0.0,False,4.45,4.45,29.8,False,0.0,False
2020-12-24,2020-12-28,3,Long,72.0,True,61.8,61.8,165.11,False,0.0,False
2020-12-28,2020-12-29,0,Overnight,0.0,False,74.53,74.53,-166.27,False,0.0,False
2020-12-29,2020-12-30,0,Overnight,0.0,False,41.1,41.1,-164.23,False,0.0,False
2020-12-30,2020-12-31,0,Overnight,0.0,False,5.87,5.87,88.08,False,0.0,False
2020-12-31,2021-01-04,3,Long,72.0,False,41.91,41.91,-194.32,False,0.0,False
2021-01-04,2021-01-05,0,Overnight,0.0,False,-6.03,-6.03,86.35,False,0.0,False
2021-01-05,2021-01-06,0,Overnight,0.0,False,-231.33,-231.33,132.16,False,0.0,False
2021-01-06,2021-01-07,0,Overnight,0.0,False,22.5,22.5,271.82,False,0.0,False
2021-01-07,2021-01-08,0,Overnight,0.0,False,15.88,15.88,115.64,False,0.0,False
2021-01-08,2021-01-11,2,Weekend,48.0,False,-116.43,-116.43,-117.34,False,0.0,False
2021-01-11,2021-01-12,0,Overnight,0.0,False,-62.43,-62.43,-45.54,False,0.0,False
2021-01-12,2021-01-13,0,Overnight,0.0,False,-58.36,-58.36,114.72,False,0.0,False
2021-01-13,2021-01-14,0,Overnight,0.0,False,9.27,9.27,-103.17,False,0.0,False
2021-01-14,2021-01-15,0,Overnight,0.0,False,-10.98,-10.98,-8.1,False,0.0,False
2021-01-15,2021-01-19,3,Long,72.0,False,88.63,88.63,235.14,False,0.0,False
2021-01-19,2021-01-20,0,Overnight,0.0,False,232.09,232.09,289.79,False,0.0,False
2021-01-20,2021-01-21,0,Overnight,0.0,False,71.97,71.97,-50.29,False,0.0,False
2021-01-21,2021-01-22,0,Overnight,0.0,False,38.72,38.72,5.81,False,0.0,False
2021-01-22,2021-01-25,2,Weekend,48.0,False,106.06,106.06,-96.98,False,0.0,False
2021-01-25,2021-01-26,0,Overnight,0.0,False,-43.86,-43.86,115.76,False,0.0,False
2021-01-26,2021-01-27,0,Overnight,0.0,False,-174.69,-174.69,-303.07,False,0.0,False
2021-01-27,2021-01-28,0,Overnight,0.0,False,66.08,66.08,120.52,False,0.0,False
2021-01-28,2021-01-29,0,Overnight,0.0,False,-104.04,-104.04,-36.38,False,0.0,False
2021-01-29,2021-02-01,2,Weekend,48.0,False,93.85,93.85,259.43,False,0.0,False
2021-02-01,2021-02-02,0,Overnight,0.0,False,105.41,105.41,31.26,False,0.0,False
2021-02-02,2021-02-03,0,Overnight,0.0,False,735.59,735.59,-32.63,False,0.0,False
2021-02-03,2021-02-04,0,Overnight,0.0,False,8.45,8.45,-33.98,False,0.0,False
2021-02-04,2021-02-05,0,Overnight,0.0,False,28.83,28.83,141.12,False,0.0,False
2021-02-05,2021-02-08,2,Weekend,48.0,False,53.33,53.33,-73.99,False,0.0,False
2021-02-08,2021-02-09,0,Overnight,0.0,False,-46.74,-46.74,2.84,False,0.0,False
2021-02-09,2021-02-10,0,Overnight,0.0,False,37.27,37.27,16.02,False,0.0,False
2021-02-10,2021-02-11,0,Overnight,0.0,False,21.64,21.64,-10.77,False,0.0,False
2021-02-11,2021-02-12,0,Overnight,0.0,False,-43.08,-43.08,73.11,False,0.0,False
2021-02-12,2021-02-16,3,Long,72.0,False,-15.67,-15.67,90.19,False,0.0,False
2021-02-16,2021-02-17,0,Overnight,0.0,False,-79.53,-79.53,116.98,False,0.0,False
2021-02-17,2021-02-18,0,Overnight,0.0,False,-64.49,-64.49,3.85,False,0.0,False
2021-02-18,2021-02-19,0,Overnight,0.0,False,9.4,9.4,-90.46,False,0.0,False
2021-02-19,2021-02-22,2,Weekend,48.0,False,-170.0,-170.0,3.21,False,0.0,False
2021-02-22,2021-02-23,0,Overnight,0.0,False,-197.98,-197.98,226.46,False,0.0,False
2021-02-23,2021-02-24,0,Overnight,0.0,False,-147.09,-147.09,261.42,False,0.0,False
2021-02-24,2021-02-25,0,Overnight,0.0,False,-134.7,-134.7,-196.38,False,0.0,False
2021-02-25,2021-02-26,0,Overnight,0.0,False,69.21,69.21,-39.69,False,0.0,False
2021-02-26,2021-03-01,2,Weekend,48.0,False,128.21,128.21,105.21,False,0.0,False
2021-03-01,2021-03-02,0,Overnight,0.0,False,-23.32,-23.32,-1.74,False,0.0,False
2021-03-02,2021-03-03,0,Overnight,0.0,False,-60.88,-60.88,-199.55,False,0.0,False
2021-03-03,2021-03-04,0,Overnight,0.0,False,17.19,17.19,94.15,False,0.0,False
2021-03-04,2021-03-05,0,Overnight,0.0,False,132.94,132.94,172.77,False,0.0,False
2021-03-05,2021-03-08,2,Weekend,48.0,False,-62.23,-62.23,-374.28,False,0.0,False
2021-03-08,2021-03-09,0,Overnight,0.0,False,208.28,208.28,-45.92,False,0.0,False
2021-03-09,2021-03-10,0,Overnight,0.0,False,102.59,102.59,-123.05,False,0.0,False
2021-03-10,2021-03-11,0,Overnight,0.0,False,107.61,107.61,203.53,False,0.0,False
2021-03-11,2021-03-12,0,Overnight,0.0,False,-115.54,-115.54,-128.01,False,0.0,False
2021-03-12,2021-03-15,2,Weekend,47.0,False,-24.52,-24.52,46.15,False,0.0,False
2021-03-15,2021-03-16,0,Overnight,0.0,False,56.06,56.06,86.27,False,0.0,False
2021-03-16,2021-03-17,0,Overnight,0.0,False,-74.27,-74.27,66.25,False,0.0,False
2021-03-17,2021-03-18,0,Overnight,0.0,False,-164.83,-164.83,-131.91,False,0.0,False
2021-03-18,2021-03-19,0,Overnight,0.0,False,41.42,41.42,-13.66,False,0.0,False
2021-03-19,2021-03-22,2,Weekend,48.0,False,3.3,3.3,15.08,False,0.0,False
2021-03-22,2021-03-23,0,Overnight,0.0,False,45.5,45.5,6.76,False,0.0,False
2021-03-23,2021-03-24,0,Overnight,0.0,False,50.96,50.96,-94.17,False,0.0,False
2021-03-24,2021-03-25,0,Overnight,0.0,False,-17.14,-17.14,16.79,False,0.0,False
2021-03-25,2021-03-26,0,Overnight,0.0,False,-3.3,-3.3,-34.81,False,0.0,False
2021-03-26,2021-03-29,2,Weekend,48.0,False,-12.7,-12.7,116.18,False,0.0,False
2021-03-29,2021-03-30,0,Overnight,0.0,False,35.08,35.08,-31.76,False,0.0,False
2021-03-30,2021-03-31,0,Overnight,0.0,False,38.67,38.67,39.45,False,0.0,False
2021-03-31,2021-04-01,0,Overnight,0.0,False,143.12,143.12,177.79,False,0.0,False
2021-04-01,2021-04-05,3,Long,72.0,False,81.23,81.23,328.97,False,0.0,False
2021-04-05,2021-04-06,0,Overnight,0.0,False,-36.3,-36.3,-7.51,False,0.0,False
2021-04-06,2021-04-07,0,Overnight,0.0,False,17.37,17.37,116.48,False,0.0,False
2021-04-07,2021-04-08,0,Overnight,0.0,False,110.9,110.9,-60.12,False,0.0,False
2021-04-08,2021-04-09,0,Overnight,0.0,False,-22.2,-22.2,111.73,False,0.0,False
2021-04-09,2021-04-12,2,Weekend,48.0,False,-73.15,-73.15,-42.23,False,0.0,False
2021-04-12,2021-04-13,0,Overnight,0.0,False,28.34,28.34,15.27,False,0.0,False
2021-04-13,2021-04-14,0,Overnight,0.0,False,57.5,57.5,-113.19,False,0.0,False
2021-04-14,2021-04-15,0,Overnight,0.0,False,88.99,88.99,102.48,False,0.0,False
2021-04-15,2021-04-16,0,Overnight,0.0,False,17.44,17.44,-28.39,False,0.0,False
2021-04-16,2021-04-19,2,Weekend,48.0,False,-55.22,-55.22,85.88,False,0.0,False
2021-04-19,2021-04-20,0,Overnight,0.0,False,33.7,33.7,-80.76,False,0.0,False
2021-04-20,2021-04-21,0,Overnight,0.0,False,-30.59,-30.59,27.69,False,0.0,False
2021-04-21,2021-04-22,0,Overnight,0.0,False,-12.96,-12.96,-101.06,False,0.0,False
2021-04-22,2021-04-23,0,Overnight,0.0,False,64.08,64.08,144.21,False,0.0,False
2021-04-23,2021-04-26,2,Weekend,48.0,False,19.94,19.94,23.45,False,0.0,False
2021-04-26,2021-04-27,0,Overnight,0.0,False,33.28,33.28,-115.65,False,0.0,False
2021-04-27,2021-04-28,0,Overnight,0.0,False,433.59,433.59,-140.84,False,0.0,False
2021-04-28,2021-04-29,0,Overnight,0.0,False,127.16,127.16,14.76,False,0.0,False
2021-04-29,2021-04-30,0,Overnight,0.0,False,-103.93,-103.93,-61.51,False,0.0,False
2021-04-30,2021-05-03,2,Weekend,48.0,False,48.36,48.36,-92.74,False,0.0,False
2021-05-03,2021-05-04,0,Overnight,0.0,False,-126.83,-126.83,-29.09,False,0.0,False
2021-05-04,2021-05-05,0,Overnight,0.0,False,94.06,94.06,-59.7,False,0.0,False
2021-05-05,2021-05-06,0,Overnight,0.0,False,-36.53,-36.53,133.6,False,0.0,False
2021-05-06,2021-05-07,0,Overnight,0.0,False,112.91,112.91,-50.72,False,0.0,False
2021-05-07,2021-05-10,2,Weekend,48.0,False,-101.67,-101.67,-157.54,False,0.0,False
2021-05-10,2021-05-11,0,Overnight,0.0,False,-214.7,-214.7,119.61,False,0.0,False
2021-05-11,2021-05-12,0,Overnight,0.0,False,-195.15,-195.15,-117.21,False,0.0,False
2021-05-12,2021-05-13,0,Overnight,0.0,False,116.89,116.89,13.11,False,0.0,False
2021-05-13,2021-05-14,0,Overnight,0.0,False,131.48,131.48,87.46,False,0.0,False
2021-05-14,2021-05-17,2,Weekend,48.0,False,-65.21,-65.21,111.37,False,0.0,False
2021-05-17,2021-05-18,0,Overnight,0.0,False,58.5,58.5,-174.73,False,0.0,False
2021-05-18,2021-05-19,0,Overnight,0.0,False,-151.6,-151.6,191.43,False,0.0,False
2021-05-19,2021-05-20,0,Overnight,0.0,False,85.48,85.48,69.38,False,0.0,False
2021-05-20,2021-05-21,0,Overnight,0.0,False,45.24,45.24,-100.97,False,0.0,False
2021-05-21,2021-05-24,2,Weekend,48.0,False,90.09,90.09,197.4,False,0.0,False
2021-05-24,2021-05-25,0,Overnight,0.0,False,46.31,46.31,-38.56,False,0.0,False
2021-05-25,2021-05-26,0,Overnight,0.0,False,15.43,15.43,58.1,False,0.0,False
2021-05-26,2021-05-27,0,Overnight,0.0,False,36.65,36.65,-110.99,False,0.0,False
2021-05-27,2021-05-28,0,Overnight,0.0,False,49.57,49.57,-74.27,False,0.0,False
2021-05-28,2021-06-01,3,Long,72.0,False,74.36,74.36,28.35,False,0.0,False
2021-06-01,2021-06-02,0,Overnight,0.0,False,33.41,33.41,-77.99,False,0.0,False
2021-06-02,2021-06-03,0,Overnight,0.0,False,-105.42,-105.42,7.88,False,0.0,False
2021-06-03,2021-06-04,0,Overnight,0.0,False,91.97,91.97,102.04,False,0.0,False
2021-06-04,2021-06-07,2,Weekend,48.0,False,-17.27,-17.27,53.68,False,0.0,False
2021-06-07,2021-06-08,0,Overnight,0.0,False,40.34,40.34,-56.42,False,0.0,False
2021-06-08,2021-06-09,0,Overnight,0.0,False,54.01,54.01,-14.48,False,0.0,False
2021-06-09,2021-06-10,0,Overnight,0.0,False,-4.24,-4.24,116.52,False,0.0,False
2021-06-10,2021-06-11,0,Overnight,0.0,False,19.98,19.98,-40.24,False,0.0,False
2021-06-11,2021-06-14,2,Weekend,48.0,False,8.47,8.47,68.22,False,0.0,False
2021-06-14,2021-06-15,0,Overnight,0.0,False,0.37,0.37,-84.51,False,0.0,False
2021-06-15,2021-06-16,0,Overnight,0.0,False,12.55,12.55,-65.98,False,0.0,False
2021-06-16,2021-06-17,0,Overnight,0.0,False,-6.21,-6.21,86.29,False,0.0,False
2021-06-17,2021-06-18,0,Overnight,0.0,False,-30.97,-30.97,-104.03,False,0.0,False
2021-06-18,2021-06-21,2,Weekend,48.0,False,32.38,32.38,108.29,False,0.0,False
2021-06-21,2021-06-22,0,Overnight,0.0,False,-5.13,-5.13,47.57,False,0.0,False
2021-06-22,2021-06-23,0,Overnight,0.0,False,-19.39,-19.39,2.74,False,0.0,False
2021-06-23,2021-06-24,0,Overnight,0.0,False,46.81,46.81,-16.31,False,0.0,False
2021-06-24,2021-06-25,0,Overnight,0.0,False,-40.9,-40.9,41.59,False,0.0,False
2021-06-25,2021-06-28,2,Weekend,48.0,False,13.87,13.87,-11.62,False,0.0,False
2021-06-28,2021-06-29,0,Overnight,0.0,False,10.97,10.97,-32.5,False,0.0,False
2021-06-29,2021-06-30,0,Overnight,0.0,False,-22.76,-22.76,7.78,False,0.0,False
2021-06-30,2021-07-01,0,Overnight,0.0,False,-29.9,-29.9,58.94,False,0.0,False
2021-07-01,2021-07-02,0,Overnight,0.0,False,57.45,57.45,169.68,False,0.0,False
2021-07-02,2021-07-06,3,Long,72.0,False,31.17,31.17,43.0,False,0.0,False
2021-07-06,2021-07-07,0,Overnight,0.0,False,76.73,76.73,-54.25,False,0.0,False
2021-07-07,2021-07-08,0,Overnight,0.0,False,-195.46,-195.46,81.74,False,0.0,False
2021-07-08,2021-07-09,0,Overnight,0.0,False,-1.52,-1.52,39.39,False,0.0,False
2021-07-09,2021-07-12,2,Weekend,48.0,False,52.4,52.4,63.01,False,0.0,False
2021-07-12,2021-07-13,0,Overnight,0.0,False,4.96,4.96,23.82,False,0.0,False
2021-07-13,2021-07-14,0,Overnight,0.0,False,48.3,48.3,21.78,False,0.0,False
2021-07-14,2021-07-15,0,Overnight,0.0,False,32.08,32.08,-128.61,False,0.0,False
2021-07-15,2021-07-16,0,Overnight,0.0,False,51.68,51.68,-54.43,False,0.0,False
2021-07-16,2021-07-19,2,Weekend,48.0,False,-69.59,-69.59,-120.6,False,0.0,False
2021-07-19,2021-07-20,0,Overnight,0.0,False,75.93,75.93,54.18,False,0.0,False
2021-07-20,2021-07-21,0,Overnight,0.0,False,-6.02,-6.02,111.6,False,0.0,False
2021-07-21,2021-07-22,0,Overnight,0.0,False,23.1,23.1,45.07,False,0.0,False
2021-07-22,2021-07-23,0,Overnight,0.0,False,155.23,155.23,196.21,False,0.0,False
2021-07-23,2021-07-26,2,Weekend,48.0,False,23.54,23.54,52.85,False,0.0,False
2021-07-26,2021-07-27,0,Overnight,0.0,False,16.06,16.06,-176.63,False,0.0,False
2021-07-27,2021-07-28,0,Overnight,0.0,False,329.02,329.02,-16.01,False,0.0,False
2021-07-28,2021-07-29,0,Overnight,0.0,False,4.11,4.11,-27.4,False,0.0,False
2021-07-29,2021-07-30,0,Overnight,0.0,False,-54.83,-54.83,-22.87,False,0.0,False
2021-07-30,2021-08-02,2,Weekend,48.0,False,28.94,28.94,-19.45,False,0.0,False
2021-08-02,2021-08-03,0,Overnight,0.0,False,20.78,20.78,36.56,False,0.0,False
2021-08-03,2021-08-04,0,Overnight,0.0,False,-20.7,-20.7,-16.56,False,0.0,False
2021-08-04,2021-08-05,0,Overnight,0.0,False,40.99,40.99,42.0,False,0.0,False
2021-08-05,2021-08-06,0,Overnight,0.0,False,-15.39,-15.39,-22.34,False,0.0,False
2021-08-06,2021-08-09,2,Weekend,48.0,False,15.02,15.02,71.14,False,0.0,False
2021-08-09,2021-08-10,0,Overnight,0.0,False,31.28,31.28,-39.03,False,0.0,False
2021-08-10,2021-08-11,0,Overnight,0.0,False,27.34,27.34,-66.01,False,0.0,False
2021-08-11,2021-08-12,0,Overnight,0.0,False,-22.3,-22.3,89.21,False,0.0,False
2021-08-12,2021-08-13,0,Overnight,0.0,False,4.08,4.08,34.73,False,0.0,False
2021-08-13,2021-08-16,2,Weekend,48.0,False,-14.71,-14.71,56.88,False,0.0,False
2021-08-16,2021-08-17,0,Overnight,0.0,False,-40.53,-40.53,-79.33,False,0.0,False
2021-08-17,2021-08-18,0,Overnight,0.0,False,-11.82,-11.82,-77.29,False,0.0,False
2021-08-18,2021-08-19,0,Overnight,0.0,False,-75.11,-75.11,92.15,False,0.0,False
2021-08-19,2021-08-20,0,Overnight,0.0,False,23.56,23.56,104.56,False,0.0,False
2021-08-20,2021-08-23,2,Weekend,48.0,False,39.22,39.22,149.06,False,0.0,False
2021-08-23,2021-08-24,0,Overnight,0.0,False,40.62,40.62,46.12,False,0.0,False
2021-08-24,2021-08-25,0,Overnight,0.0,False,25.7,25.7,32.0,False,0.0,False
2021-08-25,2021-08-26,0,Overnight,0.0,False,-23.18,-23.18,-21.86,False,0.0,False
2021-08-26,2021-08-27,0,Overnight,0.0,False,14.98,14.98,164.64,False,0.0,False
2021-08-27,2021-08-30,2,Weekend,48.0,False,27.46,27.46,13.18,False,0.0,False
2021-08-30,2021-08-31,0,Overnight,0.0,False,38.41,38.41,-31.02,False,0.0,False
2021-08-31,2021-09-01,0,Overnight,0.0,False,20.88,20.88,14.85,False,0.0,False
2021-09-01,2021-09-02,0,Overnight,0.0,False,0.03,0.03,-133.73,False,0.0,False
2021-09-02,2021-09-03,0,Overnight,0.0,False,-14.42,-14.42,45.95,False,0.0,False
2021-09-03,2021-09-07,3,Long,72.0,False,6.61,6.61,30.96,False,0.0,False
2021-09-07,2021-09-08,0,Overnight,0.0,False,-12.52,-12.52,-28.42,False,0.0,False
2021-09-08,2021-09-09,0,Overnight,0.0,False,10.4,10.4,-20.84,False,0.0,False
2021-09-09,2021-09-10,0,Overnight,0.0,False,46.67,46.67,-234.08,False,0.0,False
2021-09-10,2021-09-13,2,Weekend,48.0,False,75.91,75.91,26.95,False,0.0,False
2021-09-13,2021-09-14,0,Overnight,0.0,False,46.47,46.47,-31.59,False,0.0,False
2021-09-14,2021-09-15,0,Overnight,0.0,False,15.91,15.91,115.46,False,0.0,False
2021-09-15,2021-09-16,0,Overnight,0.0,False,-33.22,-33.22,-23.68,False,0.0,False
2021-09-16,2021-09-17,0,Overnight,0.0,False,-40.43,-40.43,-157.17,False,0.0,False
2021-09-17,2021-09-20,2,Weekend,48.0,False,-189.17,-189.17,40.31,False,0.0,False
2021-09-20,2021-09-21,0,Overnight,0.0,False,73.98,73.98,-51.4,False,0.0,False
2021-09-21,2021-09-22,0,Overnight,0.0,False,19.47,19.47,70.07,False,0.0,False
2021-09-22,2021-09-23,0,Overnight,0.0,False,50.06,50.06,16.19,False,0.0,False
2021-09-23,2021-09-24,0,Overnight,0.0,False,-48.09,-48.09,118.59,False,0.0,False
2021-09-24,2021-09-27,2,Weekend,48.0,False,-99.68,-99.68,18.98,False,0.0,False
2021-09-27,2021-09-28,0,Overnight,0.0,False,-172.82,-172.82,-205.85,False,0.0,False
2021-09-28,2021-09-29,0,Overnight,0.0,False,84.31,84.31,-193.61,False,0.0,False
2021-09-29,2021-09-30,0,Overnight,0.0,False,-6.85,-6.85,-43.71,False,0.0,False
2021-09-30,2021-10-01,0,Overnight,0.0,False,57.55,57.55,154.66,False,0.0,False
2021-10-01,2021-10-04,2,Weekend,48.0,False,-42.75,-42.75,-170.69,False,0.0,False
2021-10-04,2021-10-05,0,Overnight,0.0,False,28.5,28.5,146.78,False,0.0,False
2021-10-05,2021-10-06,0,Overnight,0.0,False,-94.03,-94.03,206.75,False,0.0,False
2021-10-06,2021-10-07,0,Overnight,0.0,False,96.0,96.0,23.95,False,0.0,False
2021-10-07,2021-10-08,0,Overnight,0.0,False,25.25,25.25,14.93,False,0.0,False
2021-10-08,2021-10-11,2,Weekend,48.0,False,-35.37,-35.37,-27.17,False,0.0,False
2021-10-11,2021-10-12,0,Overnight,0.0,False,40.66,40.66,-219.7,False,0.0,False
2021-10-12,2021-10-13,0,Overnight,0.0,False,69.64,69.64,13.06,False,0.0,False
2021-10-13,2021-10-14,0,Overnight,0.0,False,136.58,136.58,119.52,False,0.0,False
2021-10-14,2021-10-15,0,Overnight,0.0,False,32.78,32.78,-17.42,False,0.0,False
2021-10-15,2021-10-18,2,Weekend,48.0,False,-20.64,-20.64,119.89,False,0.0,False
2021-10-18,2021-10-19,0,Overnight,0.0,False,42.6,42.6,-10.5,False,0.0,False
2021-10-19,2021-10-20,0,Overnight,0.0,False,7.05,7.05,-110.07,False,0.0,False
2021-10-20,2021-10-21,0,Overnight,0.0,False,0.0,0.0,8.25,False,0.0,False
2021-10-21,2021-10-22,0,Overnight,0.0,False,-194.71,-194.71,-114.45,False,0.0,False
2021-10-22,2021-10-25,2,Weekend,48.0,False,-1.2,-1.2,-7.49,False,0.0,False
2021-10-25,2021-10-26,0,Overnight,0.0,False,131.29,131.29,3.23,False,0.0,False
2021-10-26,2021-10-27,0,Overnight,0.0,False,6.92,6.92,477.12,False,0.0,False
2021-10-27,2021-10-28,0,Overnight,0.0,False,62.52,62.52,-87.75,False,0.0,False
2021-10-28,2021-10-29,0,Overnight,0.0,False,-53.0,-53.0,202.52,False,0.0,False
2021-10-29,2021-11-01,2,Weekend,48.0,False,0.0,0.0,-312.09,False,0.0,False
2021-11-01,2021-11-02,0,Overnight,0.0,False,75.15,75.15,58.83,False,0.0,False
2021-11-02,2021-11-03,0,Overnight,0.0,False,32.13,32.13,47.69,False,0.0,False
2021-11-03,2021-11-04,0,Overnight,0.0,False,35.85,35.85,77.39,False,0.0,False
2021-11-04,2021-11-05,0,Overnight,0.0,False,60.65,60.65,-21.31,False,0.0,False
2021-11-05,2021-11-08,2,Weekend,49.0,False,65.15,65.15,-53.14,False,0.0,False
2021-11-08,2021-11-09,0,Overnight,0.0,False,13.54,13.54,-21.1,False,0.0,False
2021-11-09,2021-11-10,0,Overnight,0.0,False,-95.71,-95.71,-109.51,False,0.0,False
2021-11-10,2021-11-11,0,Overnight,0.0,False,40.77,40.77,-49.48,False,0.0,False
2021-11-11,2021-11-12,0,Overnight,0.0,False,58.07,58.07,139.69,False,0.0,False
2021-11-12,2021-11-15,2,Weekend,48.0,False,14.95,14.95,-30.17,False,0.0,False
2021-11-15,2021-11-16,0,Overnight,0.0,False,-20.4,-20.4,-18.48,False,0.0,False
2021-11-16,2021-11-17,0,Overnight,0.0,False,10.24,10.24,1.32,False,0.0,False
2021-11-17,2021-11-18,0,Overnight,0.0,False,13.13,13.13,107.15,False,0.0,False
2021-11-18,2021-11-19,0,Overnight,0.0,False,9.14,9.14,-70.19,False,0.0,False
2021-11-19,2021-11-22,2,Weekend,48.0,False,27.23,27.23,-205.02,False,0.0,False
2021-11-22,2021-11-23,0,Overnight,0.0,False,-10.19,-10.19,-25.42,False,0.0,False
2021-11-23,2021-11-24,0,Overnight,0.0,False,-21.18,-21.18,44.34,False,0.0,False
2021-11-24,2021-11-26,1,Short,24.0,False,-121.98,-121.98,-151.16,False,0.0,False
2021-11-26,2021-11-29,2,Weekend,48.0,True,126.98,126.98,105.72,False,0.0,False
2021-11-29,2021-11-30,0,Overnight,0.0,False,-35.93,-35.93,-216.87,False,0.0,False
2021-11-30,2021-12-01,0,Overnight,0.0,False,147.08,147.08,-206.88,False,0.0,False
2021-12-01,2021-12-02,0,Overnight,0.0,False,14.06,14.06,120.75,False,0.0,False
2021-12-02,2021-12-03,0,Overnight,0.0,False,49.89,49.89,-117.58,False,0.0,False
2021-12-03,2021-12-06,2,Weekend,48.0,False,72.9,72.9,8.0,False,0.0,False
2021-12-06,2021-12-07,0,Overnight,0.0,False,169.11,169.11,114.25,False,0.0,False
2021-12-07,2021-12-08,0,Overnight,0.0,False,22.18,22.18,39.89,False,0.0,False
2021-12-08,2021-12-09,0,Overnight,0.0,False,-40.27,-40.27,3.22,False,0.0,False
2021-12-09,2021-12-10,0,Overnight,0.0,False,71.64,71.64,-47.08,False,0.0,False
2021-12-10,2021-12-13,2,Weekend,48.0,False,-14.88,-14.88,-133.17,False,0.0,False
2021-12-13,2021-12-14,0,Overnight,0.0,False,-128.27,-128.27,-4.24,False,0.0,False
2021-12-14,2021-12-15,0,Overnight,0.0,False,-34.67,-34.67,209.22,False,0.0,False
2021-12-15,2021-12-16,0,Overnight,0.0,False,49.69,49.69,-186.93,False,0.0,False
2021-12-16,2021-12-17,0,Overnight,0.0,False,-135.57,-135.57,-54.53,False,0.0,False
2021-12-17,2021-12-20,2,Weekend,48.0,False,-122.46,-122.46,114.13,False,0.0,False
2021-12-20,2021-12-21,0,Overnight,0.0,False,31.48,31.48,99.4,False,0.0,False
2021-12-21,2021-12-22,0,Overnight,0.0,False,-28.27,-28.27,231.28,False,0.0,False
2021-12-22,2021-12-23,0,Overnight,0.0,False,5.8,5.8,28.39,False,0.0,False
2021-12-23,2021-12-27,3,Long,72.0,False,23.08,23.08,44.08,False,0.0,False
2021-12-27,2021-12-28,0,Overnight,0.0,False,22.25,22.25,-105.05,False,0.0,False
2021-12-28,2021-12-29,0,Overnight,0.0,False,-2.9,-2.9,0.72,False,0.0,False
2021-12-29,2021-12-30,0,Overnight,0.0,False,2.66,2.66,-33.7,False,0.0,False
2021-12-30,2021-12-31,0,Overnight,0.0,False,-10.3,-10.3,-82.36,False,0.0,False
2021-12-31,2022-01-03,2,Weekend,48.0,False,14.0,14.0,-4.38,False,0.0,False
2022-01-03,2022-01-04,0,Overnight,0.0,False,27.86,27.86,-68.77,False,0.0,False
2022-01-04,2022-01-05,0,Overnight,0.0,False,1.42,1.42,-471.04,False,0.0,False
2022-01-05,2022-01-06,0,Overnight,0.0,False,-56.52,-56.52,54.52,False,0.0,False
2022-01-06,2022-01-07,0,Overnight,0.0,False,28.85,28.85,-82.02,False,0.0,False
2022-01-07,2022-01-10,2,Weekend,48.0,False,-142.53,-142.53,262.41,False,0.0,False
2022-01-10,2022-01-11,0,Overnight,0.0,False,-47.89,-47.89,124.5,False,0.0,False
2022-01-11,2022-01-12,0,Overnight,0.0,False,100.68,100.68,19.85,False,0.0,False
2022-01-12,2022-01-13,0,Overnight,0.0,False,7.74,7.74,-210.84,False,0.0,False
2022-01-13,2022-01-14,0,Overnight,0.0,False,-109.41,-109.41,173.67,False,0.0,False
2022-01-14,2022-01-18,3,Long,72.0,False,-239.84,-239.84,-13.01,False,0.0,False
2022-01-18,2022-01-19,0,Overnight,0.0,False,38.57,38.57,-103.59,False,0.0,False
2022-01-19,2022-01-20,0,Overnight,0.0,False,83.54,83.54,-218.33,False,0.0,False
2022-01-20,2022-01-21,0,Overnight,0.0,False,-53.7,-53.7,-170.53,False,0.0,False
2022-01-21,2022-01-24,2,Weekend,48.0,False,-341.27,-341.27,375.93,False,0.0,False
2022-01-24,2022-01-25,0,Overnight,0.0,False,-159.05,-159.05,-141.2,False,0.0,False
2022-01-25,2022-01-26,0,Overnight,0.0,False,324.3,324.3,-144.88,False,0.0,False
2022-01-26,2022-01-27,0,Overnight,0.0,False,158.98,158.98,-176.64,False,0.0,False
2022-01-27,2022-01-28,0,Overnight,0.0,False,50.57,50.57,280.77,False,0.0,False
2022-01-28,2022-01-31,2,Weekend,48.0,False,60.63,60.63,84.72,False,0.0,False
2022-01-31,2022-02-01,0,Overnight,0.0,False,167.91,167.91,3.6,False,0.0,False
2022-02-01,2022-02-02,0,Overnight,0.0,False,942.63,942.63,-217.22,False,0.0,False
2022-02-02,2022-02-03,0,Overnight,0.0,False,-156.25,-156.25,-181.14,False,0.0,False
2022-02-03,2022-02-04,0,Overnight,0.0,False,24.74,24.74,-10.57,False,0.0,False
2022-02-04,2022-02-07,2,Weekend,48.0,False,66.56,66.56,-356.29,False,0.0,False
2022-02-07,2022-02-08,0,Overnight,0.0,False,-12.54,-12.54,26.76,False,0.0,False
2022-02-08,2022-02-09,0,Overnight,0.0,False,111.61,111.61,44.49,False,0.0,False
2022-02-09,2022-02-10,0,Overnight,0.0,False,-134.27,-134.27,-77.86,False,0.0,False
2022-02-10,2022-02-11,0,Overnight,0.0,False,-1.44,-1.44,-316.46,False,0.0,False
2022-02-11,2022-02-14,2,Weekend,48.0,False,-76.7,-76.7,168.88,False,0.0,False
2022-02-14,2022-02-15,0,Overnight,0.0,False,149.73,149.73,-70.17,False,0.0,False
2022-02-15,2022-02-16,0,Overnight,0.0,False,2.78,2.78,79.56,False,0.0,False
2022-02-16,2022-02-17,0,Overnight,0.0,False,-109.13,-109.13,-275.63,False,0.0,False
2022-02-17,2022-02-18,0,Overnight,0.0,False,69.77,69.77,-232.25,False,0.0,False
2022-02-18,2022-02-22,3,Long,72.0,False,-43.42,-43.42,-1.89,False,0.0,False
2022-02-22,2022-02-23,0,Overnight,0.0,False,140.37,140.37,-313.29,False,0.0,False
2022-02-23,2022-02-24,0,Overnight,0.0,False,-208.65,-208.65,600.81,False,0.0,False
2022-02-24,2022-02-25,0,Overnight,0.0,False,64.68,64.68,67.72,False,0.0,False
2022-02-25,2022-02-28,2,Weekend,48.0,False,-105.38,-105.38,149.72,False,0.0,False
2022-02-28,2022-03-01,0,Overnight,0.0,False,-13.23,-13.23,-60.76,False,0.0,False
2022-03-01,2022-03-02,0,Overnight,0.0,False,42.17,42.17,-4.2,False,0.0,False
2022-03-02,2022-03-03,0,Overnight,0.0,False,106.33,106.33,-156.39,False,0.0,False
2022-03-03,2022-03-04,0,Overnight,0.0,False,-72.86,-72.86,-77.11,False,0.0,False
2022-03-04,2022-03-07,2,Weekend,48.0,False,-31.78,-31.78,-396.34,False,0.0,False
2022-03-07,2022-03-08,0,Overnight,0.0,False,-10.17,-10.17,67.46,False,0.0,False
2022-03-08,2022-03-09,0,Overnight,0.0,False,320.94,320.94,163.98,False,0.0,False
2022-03-09,2022-03-10,0,Overnight,0.0,False,-162.76,-162.76,88.25,False,0.0,False
2022-03-10,2022-03-11,0,Overnight,0.0,False,79.65,79.65,-274.78,False,0.0,False
2022-03-11,2022-03-14,2,Weekend,47.0,False,29.18,29.18,-335.63,False,0.0,False
2022-03-14,2022-03-15,0,Overnight,0.0,False,81.05,81.05,173.48,False,0.0,False
2022-03-15,2022-03-16,0,Overnight,0.0,False,118.11,118.11,192.99,False,0.0,False
2022-03-16,2022-03-17,0,Overnight,0.0,False,-9.87,-9.87,51.69,False,0.0,False
2022-03-17,2022-03-18,0,Overnight,0.0,False,-31.02,-31.02,200.42,False,0.0,False
2022-03-18,2022-03-21,2,Weekend,48.0,False,2.79,2.79,-4.55,False,0.0,False
2022-03-21,2022-03-22,0,Overnight,0.0,False,0.0,0.0,272.98,False,0.0,False
2022-03-22,2022-03-23,0,Overnight,0.0,False,-83.68,-83.68,-30.83,False,0.0,False
2022-03-23,2022-03-24,0,Overnight,0.0,False,66.64,66.64,168.97,False,0.0,False
2022-03-24,2022-03-25,0,Overnight,0.0,False,24.27,24.27,-17.14,False,0.0,False
2022-03-25,2022-03-28,2,Weekend,48.0,False,-54.68,-54.68,39.31,False,0.0,False
2022-03-28,2022-03-29,0,Overnight,0.0,False,83.91,83.91,-9.96,False,0.0,False
2022-03-29,2022-03-30,0,Overnight,0.0,False,-3.19,-3.19,-36.67,False,0.0,False
2022-03-30,2022-03-31,0,Overnight,0.0,False,8.06,8.06,-212.41,False,0.0,False
2022-03-31,2022-04-01,0,Overnight,0.0,False,31.05,31.05,46.52,False,0.0,False
2022-04-01,2022-04-04,2,Weekend,48.0,False,14.83,14.83,184.45,False,0.0,False
2022-04-04,2022-04-05,0,Overnight,0.0,False,-7.17,-7.17,-160.73,False,0.0,False
2022-04-05,2022-04-06,0,Overnight,0.0,False,-131.81,-131.81,-159.98,False,0.0,False
2022-04-06,2022-04-07,0,Overnight,0.0,False,-39.48,-39.48,-8.94,False,0.0,False
2022-04-07,2022-04-08,0,Overnight,0.0,False,-22.47,-22.47,-170.79,False,0.0,False
2022-04-08,2022-04-11,2,Weekend,48.0,False,-110.45,-110.45,-230.21,False,0.0,False
2022-04-11,2022-04-12,0,Overnight,0.0,False,213.24,213.24,-299.7,False,0.0,False
2022-04-12,2022-04-13,0,Overnight,0.0,False,22.33,22.33,146.88,False,0.0,False
2022-04-13,2022-04-14,0,Overnight,0.0,False,44.97,44.97,-291.57,False,0.0,False
2022-04-14,2022-04-18,3,Long,72.0,False,21.28,21.28,53.13,False,0.0,False
2022-04-18,2022-04-19,0,Overnight,0.0,False,1.17,1.17,179.87,False,0.0,False
2022-04-19,2022-04-20,0,Overnight,0.0,False,67.69,67.69,-220.3,False,0.0,False
2022-04-20,2022-04-21,0,Overnight,0.0,False,94.06,94.06,-349.2,False,0.0,False
2022-04-21,2022-04-22,0,Overnight,0.0,False,14.85,14.85,-438.64,False,0.0,False
2022-04-22,2022-04-25,2,Weekend,48.0,False,-44.78,-44.78,328.14,False,0.0,False
2022-04-25,2022-04-26,0,Overnight,0.0,False,-63.54,-63.54,-302.54,False,0.0,False
2022-04-26,2022-04-27,0,Overnight,0.0,False,-358.7,-358.7,-15.3,False,0.0,False
2022-04-27,2022-04-28,0,Overnight,0.0,False,183.83,183.83,179.41,False,0.0,False
2022-04-28,2022-04-29,0,Overnight,0.0,False,-152.01,-152.01,-227.44,False,0.0,False
2022-04-29,2022-05-02,2,Weekend,48.0,False,-61.93,-61.93,276.38,False,0.0,False
2022-05-02,2022-05-03,0,Overnight,0.0,False,-13.09,-13.09,77.3,False,0.0,False
2022-05-03,2022-05-04,0,Overnight,0.0,False,-25.81,-25.81,437.15,False,0.0,False
2022-05-04,2022-05-05,0,Overnight,0.0,False,-169.68,-169.68,-312.52,False,0.0,False
2022-05-05,2022-05-06,0,Overnight,0.0,False,-114.03,-114.03,48.67,False,0.0,False
2022-05-06,2022-05-09,2,Weekend,48.0,False,-218.05,-218.05,-65.47,False,0.0,False
2022-05-09,2022-05-10,0,Overnight,0.0,False,262.84,262.84,-96.78,False,0.0,False
2022-05-10,2022-05-11,0,Overnight,0.0,False,-101.79,-101.79,32.27,False,0.0,False
2022-05-11,2022-05-12,0,Overnight,0.0,False,-197.8,-197.8,130.81,False,0.0,False
2022-05-12,2022-05-13,0,Overnight,0.0,False,148.57,148.57,131.62,False,0.0,False
2022-05-13,2022-05-16,2,Weekend,48.0,False,-94.8,-94.8,-44.51,False,0.0,False
2022-05-16,2022-05-17,0,Overnight,0.0,False,207.15,207.15,-31.5,False,0.0,False
2022-05-17,2022-05-18,0,Overnight,0.0,False,-127.27,-127.27,-273.31,False,0.0,False
2022-05-18,2022-05-19,0,Overnight,0.0,False,-41.91,-41.91,-94.45,False,0.0,False
2022-05-19,2022-05-20,0,Overnight,0.0,False,140.96,140.96,-275.58,False,0.0,False
2022-05-20,2022-05-23,2,Weekend,48.0,False,62.2,62.2,171.94,False,0.0,False
2022-05-23,2022-05-24,0,Overnight,0.0,False,-526.31,-526.31,18.7,False,0.0,False
2022-05-24,2022-05-25,0,Overnight,0.0,False,-93.34,-93.34,77.76,False,0.0,False
2022-05-25,2022-05-26,0,Overnight,0.0,False,-12.1,-12.1,198.21,False,0.0,False
2022-05-26,2022-05-27,0,Overnight,0.0,False,155.61,155.61,255.51,False,0.0,False
2022-05-27,2022-05-31,3,Long,72.0,False,38.21,38.21,89.67,False,0.0,False
2022-05-31,2022-06-01,0,Overnight,0.0,False,95.62,95.62,-84.2,False,0.0,False
2022-06-01,2022-06-02,0,Overnight,0.0,False,9.48,9.48,312.82,False,0.0,False
2022-06-02,2022-06-03,0,Overnight,0.0,False,-133.51,-133.51,-131.96,False,0.0,False
2022-06-03,2022-06-06,2,Weekend,48.0,False,187.12,187.12,9.94,False,0.0,False
2022-06-06,2022-06-07,0,Overnight,0.0,False,-115.37,-115.37,143.49,False,0.0,False
2022-06-07,2022-06-08,0,Overnight,0.0,False,-33.18,-33.18,36.97,False,0.0,False
2022-06-08,2022-06-09,0,Overnight,0.0,False,-74.21,-74.21,-129.09,False,0.0,False
2022-06-09,2022-06-10,0,Overnight,0.0,False,-210.36,-210.36,-114.8,False,0.0,False
2022-06-10,2022-06-13,2,Weekend,48.0,False,-401.53,-401.53,-36.96,False,0.0,False
2022-06-13,2022-06-14,0,Overnight,0.0,False,13.39,13.39,16.93,False,0.0,False
2022-06-14,2022-06-15,0,Overnight,0.0,False,169.98,169.98,111.72,False,0.0,False
2022-06-15,2022-06-16,0,Overnight,0.0,False,-234.45,-234.45,-111.37,False,0.0,False
2022-06-16,2022-06-17,0,Overnight,0.0,False,0.0,0.0,104.14,False,0.0,False
2022-06-17,2022-06-21,3,Long,72.0,False,165.32,165.32,237.18,False,0.0,False
2022-06-21,2022-06-22,0,Overnight,0.0,False,-88.92,-88.92,83.86,False,0.0,False
2022-06-22,2022-06-23,0,Overnight,0.0,False,66.51,66.51,0.94,False,0.0,False
2022-06-23,2022-06-24,0,Overnight,0.0,False,66.86,66.86,431.29,False,0.0,False
2022-06-24,2022-06-27,2,Weekend,48.0,False,25.23,25.23,-208.42,False,0.0,False
2022-06-27,2022-06-28,0,Overnight,0.0,False,-2.68,-2.68,-333.2,False,0.0,False
2022-06-28,2022-06-29,0,Overnight,0.0,False,-40.75,-40.75,13.39,False,0.0,False
2022-06-29,2022-06-30,0,Overnight,0.0,False,-153.5,-153.5,-94.72,False,0.0,False
2022-06-30,2022-07-01,0,Overnight,0.0,False,-94.98,-94.98,74.26,False,0.0,False
2022-07-01,2022-07-05,3,Long,72.0,False,-151.69,-151.69,559.45,False,0.0,False
2022-07-05,2022-07-06,0,Overnight,0.0,False,3.44,3.44,111.47,False,0.0,False
2022-07-06,2022-07-07,0,Overnight,0.0,False,44.24,44.24,316.71,False,0.0,False
2022-07-07,2022-07-08,0,Overnight,0.0,False,-129.9,-129.9,177.81,False,0.0,False
2022-07-08,2022-07-11,2,Weekend,48.0,False,-114.22,-114.22,-198.7,False,0.0,False
2022-07-11,2022-07-12,0,Overnight,0.0,False,46.44,46.44,-190.64,False,0.0,False
2022-07-12,2022-07-13,0,Overnight,0.0,False,-205.53,-205.53,-31.16,False,0.0,False
2022-07-13,2022-07-14,0,Overnight,0.0,False,-103.18,-103.18,14.24,False,0.0,False
2022-07-14,2022-07-15,0,Overnight,0.0,False,146.88,146.88,-19.93,False,0.0,False
2022-07-15,2022-07-18,2,Weekend,48.0,False,76.87,76.87,-325.74,False,0.0,True
2022-07-18,2022-07-19,0,Overnight,0.0,False,165.55,165.55,263.52,False,0.0,False
2022-07-19,2022-07-20,0,Overnight,0.0,False,-56.39,-56.39,64.3,False,0.0,False
2022-07-20,2022-07-21,0,Overnight,0.0,False,33.31,33.31,5.25,False,0.0,False
2022-07-21,2022-07-22,0,Overnight,0.0,False,-296.46,-296.46,-283.25,False,0.0,False
2022-07-22,2022-07-25,2,Weekend,48.0,False,47.15,47.15,-83.36,False,0.0,False
2022-07-25,2022-07-26,0,Overnight,0.0,False,-85.0,-85.0,-149.33,False,0.0,False
2022-07-26,2022-07-27,0,Overnight,0.0,False,395.8,395.8,341.88,False,0.0,False
2022-07-27,2022-07-28,0,Overnight,0.0,False,-61.22,-61.22,163.29,False,0.0,False
2022-07-28,2022-07-29,0,Overnight,0.0,False,-100.31,-100.31,282.49,False,0.0,False
2022-07-29,2022-08-01,2,Weekend,48.0,False,-88.08,-88.08,-38.23,False,0.0,False
2022-08-01,2022-08-02,0,Overnight,0.0,False,-75.16,-75.16,98.63,False,0.0,False
2022-08-02,2022-08-03,0,Overnight,0.0,False,50.25,50.25,202.75,False,0.0,False
2022-08-03,2022-08-04,0,Overnight,0.0,False,-50.94,-50.94,60.25,False,0.0,False
2022-08-04,2022-08-05,0,Overnight,0.0,False,-167.23,-167.23,106.12,False,0.0,False
2022-08-05,2022-08-08,2,Weekend,48.0,False,78.01,78.01,-92.49,False,0.0,False
2022-08-08,2022-08-09,0,Overnight,0.0,False,-13.65,-13.65,-43.63,False,0.0,False
2022-08-09,2022-08-10,0,Overnight,0.0,False,182.67,182.67,77.16,False,0.0,False
2022-08-10,2022-08-11,0,Overnight,0.0,False,131.13,131.13,-203.24,False,0.0,False
2022-08-11,2022-08-12,0,Overnight,0.0,False,118.78,118.78,117.39,False,0.0,False
2022-08-12,2022-08-15,2,Weekend,48.0,False,-45.3,-45.3,78.12,False,0.0,False
2022-08-15,2022-08-16,0,Overnight,0.0,False,-45.98,-45.98,14.8,False,0.0,False
2022-08-16,2022-08-17,0,Overnight,0.0,False,-130.68,-130.68,-47.57,False,0.0,False
2022-08-17,2022-08-18,0,Overnight,0.0,False,-10.04,-10.04,61.77,False,0.0,False
2022-08-18,2022-08-19,0,Overnight,0.0,False,-92.8,-92.8,-156.6,False,0.0,False
2022-08-19,2022-08-22,2,Weekend,48.0,False,-172.97,-172.97,-83.68,False,0.0,False
2022-08-22,2022-08-23,0,Overnight,0.0,False,-66.75,-66.75,33.43,False,0.0,False
2022-08-23,2022-08-24,0,Overnight,0.0,False,-31.67,-31.67,16.73,False,0.0,False
2022-08-24,2022-08-25,0,Overnight,0.0,False,48.26,48.26,208.77,False,0.0,False
2022-08-25,2022-08-26,0,Overnight,0.0,False,-166.84,-166.84,-389.28,False,0.0,False
2022-08-26,2022-08-29,2,Weekend,48.0,False,-31.77,-31.77,-51.96,False,0.0,False
2022-08-29,2022-08-30,0,Overnight,0.0,False,68.31,68.31,-112.27,False,0.0,False
2022-08-30,2022-08-31,0,Overnight,0.0,False,155.75,155.75,-222.06,False,0.0,False
2022-08-31,2022-09-01,0,Overnight,0.0,False,5.54,5.54,133.93,False,0.0,False
2022-09-01,2022-09-02,0,Overnight,0.0,False,77.16,77.16,-250.88,False,0.0,False
2022-09-02,2022-09-06,3,Long,72.0,False,-51.13,-51.13,-45.77,False,0.0,False
2022-09-06,2022-09-07,0,Overnight,0.0,False,23.38,23.38,220.78,False,0.0,False
2022-09-07,2022-09-08,0,Overnight,0.0,False,-129.66,-129.66,31.42,False,0.0,False
2022-09-08,2022-09-09,0,Overnight,0.0,False,63.46,63.46,143.82,False,0.0,False
2022-09-09,2022-09-12,2,Weekend,48.0,False,30.68,30.68,-11.72,False,0.0,False
2022-09-12,2022-09-13,0,Overnight,0.0,False,-279.9,-279.9,-328.15,False,0.0,False
2022-09-13,2022-09-14,0,Overnight,0.0,False,23.94,23.94,41.04,False,0.0,False
2022-09-14,2022-09-15,0,Overnight,0.0,False,-92.81,-92.81,-108.24,False,0.0,False
2022-09-15,2022-09-16,0,Overnight,0.0,False,-81.96,-81.96,71.27,False,0.0,False
2022-09-16,2022-09-19,2,Weekend,48.0,False,-102.67,-102.67,128.9,False,0.0,False
2022-09-19,2022-09-20,0,Overnight,0.0,False,-96.52,-96.52,-92.51,False,0.0,False
2022-09-20,2022-09-21,0,Overnight,0.0,False,52.27,52.27,-237.88,False,0.0,False
2022-09-21,2022-09-22,0,Overnight,0.0,False,-46.44,-46.44,132.69,False,0.0,False
2022-09-22,2022-09-23,0,Overnight,0.0,False,-51.06,-51.06,-89.73,False,0.0,False
2022-09-23,2022-09-26,2,Weekend,48.0,False,-65.03,-65.03,7.13,False,0.0,False
2022-09-26,2022-09-27,0,Overnight,0.0,False,127.53,127.53,-196.02,False,0.0,False
2022-09-27,2022-09-28,0,Overnight,0.0,False,15.37,15.37,242.8,False,0.0,False
2022-09-28,2022-09-29,0,Overnight,0.0,False,-141.93,-141.93,-124.45,False,0.0,False
2022-09-29,2022-09-30,0,Overnight,0.0,False,-38.05,-38.05,-145.31,False,0.0,False
2022-09-30,2022-10-03,2,Weekend,48.0,False,115.38,115.38,192.43,False,0.0,False
2022-10-03,2022-10-04,0,Overnight,0.0,False,180.84,180.84,118.77,False,0.0,False
2022-10-04,2022-10-05,0,Overnight,0.0,False,-179.68,-179.68,159.0,False,0.0,False
2022-10-05,2022-10-06,0,Overnight,0.0,False,-74.22,-74.22,73.23,False,0.0,False
2022-10-06,2022-10-07,0,Overnight,0.0,False,-156.01,-156.01,-117.87,False,0.0,False
2022-10-07,2022-10-10,2,Weekend,48.0,False,32.38,32.38,-115.82,False,0.0,False
2022-10-10,2022-10-11,0,Overnight,0.0,False,-44.04,-44.04,-25.69,False,0.0,False
2022-10-11,2022-10-12,0,Overnight,0.0,False,12.34,12.34,26.69,False,0.0,False
2022-10-12,2022-10-13,0,Overnight,0.0,False,-250.13,-250.13,402.71,False,0.0,False
2022-10-13,2022-10-14,0,Overnight,0.0,False,93.44,93.44,-349.06,False,0.0,False
2022-10-14,2022-10-17,2,Weekend,48.0,False,235.4,235.4,111.65,False,0.0,False
2022-10-17,2022-10-18,0,Overnight,0.0,False,311.2,311.2,-231.5,False,0.0,False
2022-10-18,2022-10-19,0,Overnight,0.0,False,-75.7,-75.7,-38.07,False,0.0,False
2022-10-19,2022-10-20,0,Overnight,0.0,False,37.07,37.07,-3.0,False,0.0,False
2022-10-20,2022-10-21,0,Overnight,0.0,False,-214.34,-214.34,329.71,False,0.0,False
2022-10-21,2022-10-24,2,Weekend,48.0,False,66.03,66.03,70.48,False,0.0,False
2022-10-24,2022-10-25,0,Overnight,0.0,False,37.0,37.0,152.38,False,0.0,False
2022-10-25,2022-10-26,0,Overnight,0.0,False,-801.78,-801.78,-156.78,False,0.0,False
2022-10-26,2022-10-27,0,Overnight,0.0,False,-43.28,-43.28,-246.34,False,0.0,False
2022-10-27,2022-10-28,0,Overnight,0.0,False,5.42,5.42,426.45,False,0.0,False
2022-10-28,2022-10-31,2,Weekend,48.0,False,-90.76,-90.76,-95.83,False,0.0,False
2022-10-31,2022-11-01,0,Overnight,0.0,False,98.97,98.97,-535.84,False,0.0,False
2022-11-01,2022-11-02,0,Overnight,0.0,False,51.82,51.82,-446.37,False,0.0,False
2022-11-02,2022-11-03,0,Overnight,0.0,False,-75.02,-75.02,-340.53,False,0.0,False
2022-11-03,2022-11-04,0,Overnight,0.0,False,233.38,233.38,137.23,False,0.0,False
2022-11-04,2022-11-07,2,Weekend,49.0,False,80.52,80.52,137.68,False,0.0,False
2022-11-07,2022-11-08,0,Overnight,0.0,False,46.23,46.23,0.0,False,0.0,False
2022-11-08,2022-11-09,0,Overnight,0.0,False,-50.75,-50.75,-128.58,False,0.0,False
2022-11-09,2022-11-10,0,Overnight,0.0,False,549.23,549.23,181.54,False,0.0,False
2022-11-10,2022-11-11,0,Overnight,0.0,False,79.52,79.52,180.02,False,0.0,False
2022-11-11,2022-11-14,2,Weekend,48.0,False,-137.86,-137.86,63.94,False,0.0,False
2022-11-14,2022-11-15,0,Overnight,0.0,False,263.99,263.99,18.3,False,0.0,False
2022-11-15,2022-11-16,0,Overnight,0.0,False,-55.01,-55.01,96.57,False,0.0,False
2022-11-16,2022-11-17,0,Overnight,0.0,False,-192.02,-192.02,142.33,False,0.0,False
2022-11-17,2022-11-18,0,Overnight,0.0,False,41.6,41.6,-136.6,False,0.0,False
2022-11-18,2022-11-21,2,Weekend,48.0,False,-14.38,-14.38,-175.23,False,0.0,False
2022-11-21,2022-11-22,0,Overnight,0.0,False,36.54,36.54,113.99,False,0.0,False
2022-11-22,2022-11-23,0,Overnight,0.0,False,4.12,4.12,140.12,False,0.0,False
2022-11-23,2022-11-25,1,Short,24.0,False,-22.37,-22.37,-79.71,False,0.0,False
2022-11-25,2022-11-28,2,Weekend,48.0,True,-43.19,-43.19,-102.54,False,0.0,False
2022-11-28,2022-11-29,0,Overnight,0.0,False,-33.37,-33.37,-56.57,False,0.0,False
2022-11-29,2022-11-30,0,Overnight,0.0,False,-38.95,-38.95,630.41,False,0.0,False
2022-11-30,2022-12-01,0,Overnight,0.0,False,2.97,2.97,-2.97,False,0.0,False
2022-12-01,2022-12-02,0,Overnight,0.0,False,-193.97,-193.97,139.36,False,0.0,False
2022-12-02,2022-12-05,2,Weekend,48.0,False,-104.08,-104.08,8.05,False,0.0,False
2022-12-05,2022-12-06,0,Overnight,0.0,False,-18.11,-18.11,-236.41,False,0.0,False
2022-12-06,2022-12-07,0,Overnight,0.0,False,-58.95,-58.95,-153.65,False,0.0,False
2022-12-07,2022-12-08,0,Overnight,0.0,False,46.24,46.24,-176.64,False,0.0,False
2022-12-08,2022-12-09,0,Overnight,0.0,False,6.4,6.4,-100.75,False,0.0,False
2022-12-09,2022-12-12,2,Weekend,48.0,False,-12.94,-12.94,64.51,False,0.0,False
2022-12-12,2022-12-13,0,Overnight,0.0,False,465.88,465.88,-220.29,False,0.0,False
2022-12-13,2022-12-14,0,Overnight,0.0,False,-45.07,-45.07,-13.66,False,0.0,False
2022-12-14,2022-12-15,0,Overnight,0.0,False,-206.17,-206.17,-246.76,False,0.0,False
2022-12-15,2022-12-16,0,Overnight,0.0,False,-11.01,-11.01,-55.24,False,0.0,False
2022-12-16,2022-12-19,2,Weekend,48.0,False,0.0,0.0,-203.7,False,0.0,False
2022-12-19,2022-12-20,0,Overnight,0.0,False,-37.38,-37.38,102.75,False,0.0,False
2022-12-20,2022-12-21,0,Overnight,0.0,False,6.74,6.74,55.97,False,0.0,False
2022-12-21,2022-12-22,0,Overnight,0.0,False,-159.79,-159.79,-45.48,False,0.0,False
2022-12-22,2022-12-23,0,Overnight,0.0,False,-74.34,-74.34,240.46,False,0.0,False
2022-12-23,2022-12-27,3,Long,72.0,False,-48.31,-48.31,-160.06,False,0.0,False
2022-12-27,2022-12-28,0,Overnight,0.0,False,-47.03,-47.03,-110.98,False,0.0,False
2022-12-28,2022-12-29,0,Overnight,0.0,False,69.51,69.51,209.07,False,0.0,False
2022-12-29,2022-12-30,0,Overnight,0.0,False,-167.59,-167.59,142.69,False,0.0,False
2022-12-30,2023-01-03,3,Long,72.0,False,152.97,152.97,-52.6,False,0.0,False
2023-01-03,2023-01-04,0,Overnight,0.0,False,137.07,137.07,-254.45,False,0.0,False
2023-01-04,2023-01-05,0,Overnight,0.0,False,-69.5,-69.5,-146.26,False,0.0,False
2023-01-05,2023-01-06,0,Overnight,0.0,False,68.21,68.21,63.17,False,0.0,False
2023-01-06,2023-01-09,2,Weekend,48.0,False,116.11,116.11,-38.55,False,0.0,False
2023-01-09,2023-01-10,0,Overnight,0.0,False,-234.49,-234.49,279.83,False,0.0,False
2023-01-10,2023-01-11,0,Overnight,0.0,False,85.59,85.59,259.01,False,0.0,False
2023-01-11,2023-01-12,0,Overnight,0.0,False,-4.37,-4.37,-38.33,False,0.0,False
2023-01-12,2023-01-13,0,Overnight,0.0,False,-30.77,-30.77,138.82,False,0.0,False
2023-01-13,2023-01-17,3,Long,72.0,False,-6.52,-6.52,-83.99,False,0.0,False
2023-01-17,2023-01-18,0,Overnight,0.0,False,92.68,92.68,-111.32,False,0.0,False
2023-01-18,2023-01-19,0,Overnight,0.0,False,-44.0,-44.0,253.59,False,0.0,False
2023-01-19,2023-01-20,0,Overnight,0.0,False,217.92,217.92,302.43,False,0.0,False
2023-01-20,2023-01-23,2,Weekend,48.0,False,-7.14,-7.14,186.11,False,0.0,False
2023-01-23,2023-01-24,0,Overnight,0.0,False,-170.81,-170.81,-40.86,False,0.0,False
2023-01-24,2023-01-25,0,Overnight,0.0,False,-220.43,-220.43,-36.69,False,0.0,False
2023-01-25,2023-01-26,0,Overnight,0.0,False,133.53,133.53,105.14,False,0.0,False
2023-01-26,2023-01-27,0,Overnight,0.0,False,-21.56,-21.56,209.49,False,0.0,False
2023-01-27,2023-01-30,2,Weekend,48.0,False,-192.03,-192.03,-55.55,False,0.0,False
2023-01-30,2023-01-31,0,Overnight,0.0,False,-7.22,-7.22,201.32,False,0.0,False
2023-01-31,2023-02-01,0,Overnight,0.0,False,-13.16,-13.16,172.75,False,0.0,False
2023-02-01,2023-02-02,0,Overnight,0.0,False,520.9,520.9,181.7,False,0.0,False
2023-02-02,2023-02-03,0,Overnight,0.0,False,-456.72,-456.72,178.14,False,0.0,False
2023-02-03,2023-02-06,2,Weekend,48.0,False,-229.76,-229.76,48.71,False,0.0,False
2023-02-06,2023-02-07,0,Overnight,0.0,False,31.05,31.05,419.3,False,0.0,False
2023-02-07,2023-02-08,0,Overnight,0.0,False,-533.29,-533.29,-266.13,False,0.0,False
2023-02-08,2023-02-09,0,Overnight,0.0,False,63.2,63.2,-511.88,False,0.0,False
2023-02-09,2023-02-10,0,Overnight,0.0,False,46.2,46.2,-92.62,False,0.0,False
2023-02-10,2023-02-13,2,Weekend,48.0,False,17.96,17.96,-13.73,False,0.0,False
2023-02-13,2023-02-14,0,Overnight,0.0,False,-19.04,-19.04,26.44,False,0.0,False
2023-02-14,2023-02-15,0,Overnight,0.0,False,-20.09,-20.09,255.98,False,0.0,False
2023-02-15,2023-02-16,0,Overnight,0.0,False,-163.28,-163.28,14.67,False,0.0,False
2023-02-16,2023-02-17,0,Overnight,0.0,False,-69.34,-69.34,-52.85,False,0.0,False
2023-02-17,2023-02-21,3,Long,72.0,False,-144.12,-144.12,-130.96,False,0.0,False
2023-02-21,2023-02-22,0,Overnight,0.0,False,-9.81,-9.81,-5.45,False,0.0,False
2023-02-22,2023-02-23,0,Overnight,0.0,False,29.42,29.42,-112.69,False,0.0,False
2023-02-23,2023-02-24,0,Overnight,0.0,False,-160.82,-160.82,-34.72,False,0.0,False
2023-02-24,2023-02-27,2,Weekend,48.0,False,82.68,82.68,0.0,False,0.0,False
2023-02-27,2023-02-28,0,Overnight,0.0,False,-60.27,-60.27,81.39,False,0.0,False
2023-02-28,2023-03-01,0,Overnight,0.0,False,-8.89,-8.89,42.14,False,0.0,False
2023-03-01,2023-03-02,0,Overnight,0.0,False,-77.77,-77.77,257.64,False,0.0,False
2023-03-02,2023-03-03,0,Overnight,0.0,False,52.04,52.04,125.72,False,0.0,False
2023-03-03,2023-03-06,2,Weekend,48.0,False,39.43,39.43,117.37,False,0.0,False
2023-03-06,2023-03-07,0,Overnight,0.0,False,-15.78,-15.78,-118.62,False,0.0,False
2023-03-07,2023-03-08,0,Overnight,0.0,False,27.66,27.66,13.8,False,0.0,False
2023-03-08,2023-03-09,0,Overnight,0.0,False,-21.24,-21.24,-185.66,False,0.0,False
2023-03-09,2023-03-10,0,Overnight,0.0,False,-16.26,-16.26,-168.49,False,0.0,False
2023-03-10,2023-03-13,2,Weekend,47.0,False,-59.76,-59.76,112.58,False,0.0,False
2023-03-13,2023-03-14,0,Overnight,0.0,False,157.89,157.89,151.19,False,0.0,False
2023-03-14,2023-03-15,0,Overnight,0.0,False,-80.13,-80.13,305.31,False,0.0,False
2023-03-15,2023-03-16,0,Overnight,0.0,False,9.36,9.36,419.36,False,0.0,False
2023-03-16,2023-03-17,0,Overnight,0.0,False,-5.98,-5.98,134.74,False,0.0,False
2023-03-17,2023-03-20,2,Weekend,48.0,False,-148.71,-148.71,109.27,False,0.0,False
2023-03-20,2023-03-21,0,Overnight,0.0,False,2.96,2.96,356.05,False,0.0,False
2023-03-21,2023-03-22,0,Overnight,0.0,False,-62.14,-62.14,-86.69,False,0.0,False
2023-03-22,2023-03-23,0,Overnight,0.0,False,162.17,162.17,51.27,False,0.0,False
2023-03-23,2023-03-24,0,Overnight,0.0,False,-57.93,-57.93,42.77,False,0.0,False
2023-03-24,2023-03-27,2,Weekend,48.0,False,-78.07,-78.07,-208.62,False,0.0,False
2023-03-27,2023-03-28,0,Overnight,0.0,False,-1.95,-1.95,-138.6,False,0.0,False
2023-03-28,2023-03-29,0,Overnight,0.0,False,122.97,122.97,-87.4,False,0.0,False
2023-03-29,2023-03-30,0,Overnight,0.0,False,-47.45,-47.45,-1.98,False,0.0,False
2023-03-30,2023-03-31,0,Overnight,0.0,False,40.56,40.56,237.05,False,0.0,False
2023-03-31,2023-04-03,2,Weekend,48.0,False,-130.02,-130.02,190.57,False,0.0,False
2023-04-03,2023-04-04,0,Overnight,0.0,False,-2.87,-2.87,37.31,False,0.0,False
2023-04-04,2023-04-05,0,Overnight,0.0,False,100.71,100.71,-124.61,False,0.0,False
2023-04-05,2023-04-06,0,Overnight,0.0,False,75.34,75.34,295.79,False,0.0,False
2023-04-06,2023-04-10,3,Long,72.0,False,-133.71,-133.71,-50.6,False,0.0,False
2023-04-10,2023-04-11,0,Overnight,0.0,False,10.33,10.33,-113.26,False,0.0,False
2023-04-11,2023-04-12,0,Overnight,0.0,False,116.08,116.08,-183.7,False,0.0,False
2023-04-12,2023-04-13,0,Overnight,0.0,False,114.03,114.03,149.11,False,0.0,False
2023-04-13,2023-04-14,0,Overnight,0.0,False,-50.39,-50.39,183.54,False,0.0,False
2023-04-14,2023-04-17,2,Weekend,48.0,False,-394.37,-394.37,124.39,False,0.0,False
2023-04-17,2023-04-18,0,Overnight,0.0,False,48.95,48.95,-188.64,False,0.0,False
2023-04-18,2023-04-19,0,Overnight,0.0,False,-88.43,-88.43,57.76,False,0.0,False
2023-04-19,2023-04-20,0,Overnight,0.0,False,-25.95,-25.95,131.93,False,0.0,False
2023-04-20,2023-04-21,0,Overnight,0.0,False,17.08,17.08,-5.69,False,0.0,False
2023-04-21,2023-04-24,2,Weekend,48.0,False,7.59,7.59,45.4,False,0.0,False
2023-04-24,2023-04-25,0,Overnight,0.0,False,-13.22,-13.22,-188.87,False,0.0,False
2023-04-25,2023-04-26,0,Overnight,0.0,False,102.51,102.51,-116.0,False,0.0,False
2023-04-26,2023-04-27,0,Overnight,0.0,False,71.1,71.1,296.19,False,0.0,False
2023-04-27,2023-04-28,0,Overnight,0.0,False,-51.25,-51.25,27.99,False,0.0,False
2023-04-28,2023-05-01,2,Weekend,48.0,False,-46.69,-46.69,33.64,False,0.0,False
2023-05-01,2023-05-02,0,Overnight,0.0,False,-5.6,-5.6,-171.33,False,0.0,False
2023-05-02,2023-05-03,0,Overnight,0.0,False,19.92,19.92,-11.38,False,0.0,False
2023-05-03,2023-05-04,0,Overnight,0.0,False,7.59,7.59,-76.13,False,0.0,False
2023-05-04,2023-05-05,0,Overnight,0.0,False,12.41,12.41,71.3,False,0.0,False
2023-05-05,2023-05-08,2,Weekend,48.0,False,-37.01,-37.01,243.26,False,0.0,False
2023-05-08,2023-05-09,0,Overnight,0.0,False,57.37,57.37,-96.41,False,0.0,False
2023-05-09,2023-05-10,0,Overnight,0.0,False,57.59,57.59,344.11,False,0.0,False
2023-05-10,2023-05-11,0,Overnight,0.0,False,321.4,321.4,100.88,False,0.0,False
2023-05-11,2023-05-12,0,Overnight,0.0,False,9.43,9.43,70.88,False,0.0,False
2023-05-12,2023-05-15,2,Weekend,48.0,False,-119.85,-119.85,34.39,False,0.0,False
2023-05-15,2023-05-16,0,Overnight,0.0,False,-1.72,-1.72,255.95,False,0.0,False
2023-05-16,2023-05-17,0,Overnight,0.0,False,8.36,8.36,102.31,False,0.0,False
2023-05-17,2023-05-18,0,Overnight,0.0,False,9.1,9.1,154.24,False,0.0,False
2023-05-18,2023-05-19,0,Overnight,0.0,False,58.45,58.45,-64.15,False,0.0,False
2023-05-19,2023-05-22,2,Weekend,48.0,False,14.65,14.65,170.17,False,0.0,False
2023-05-22,2023-05-23,0,Overnight,0.0,False,-71.43,-71.43,-129.7,False,0.0,False
2023-05-23,2023-05-24,0,Overnight,0.0,False,-118.19,-118.19,-18.18,False,0.0,False
2023-05-24,2023-05-25,0,Overnight,0.0,False,295.03,295.03,-83.87,False,0.0,False
2023-05-25,2023-05-26,0,Overnight,0.0,False,-25.14,-25.14,116.23,False,0.0,False
2023-05-26,2023-05-30,3,Long,72.0,False,82.32,82.32,-158.04,False,0.0,False
2023-05-30,2023-05-31,0,Overnight,0.0,False,-74.67,-74.67,9.77,False,0.0,False
2023-05-31,2023-06-01,0,Overnight,0.0,False,-4.07,-4.07,73.01,False,0.0,False
2023-06-01,2023-06-02,0,Overnight,0.0,False,21.8,21.8,54.69,False,0.0,False
2023-06-02,2023-06-05,2,Weekend,48.0,False,-53.08,-53.08,159.99,False,0.0,False
2023-06-05,2023-06-06,0,Overnight,0.0,False,0.0,0.0,102.64,False,0.0,False
2023-06-06,2023-06-07,0,Overnight,0.0,False,-26.74,-26.74,-358.4,False,0.0,False
2023-06-07,2023-06-08,0,Overnight,0.0,False,-22.06,-22.06,-7.37,False,0.0,False
2023-06-08,2023-06-09,0,Overnight,0.0,False,9.0,9.0,-1.64,False,0.0,False
2023-06-09,2023-06-12,2,Weekend,48.0,False,45.71,45.71,68.99,False,0.0,False
2023-06-12,2023-06-13,0,Overnight,0.0,False,107.8,107.8,-92.44,False,0.0,False
2023-06-13,2023-06-14,0,Overnight,0.0,False,-59.13,-59.13,46.2,False,0.0,False
2023-06-14,2023-06-15,0,Overnight,0.0,False,-42.95,-42.95,157.12,False,0.0,False
2023-06-15,2023-06-16,0,Overnight,0.0,False,66.93,66.93,-192.42,False,0.0,False
2023-06-16,2023-06-20,3,Long,72.0,False,-48.69,-48.69,13.82,False,0.0,False
2023-06-20,2023-06-21,0,Overnight,0.0,False,-57.03,-57.03,-152.3,False,0.0,False
2023-06-21,2023-06-22,0,Overnight,0.0,False,-45.73,-45.73,259.11,False,0.0,False
2023-06-22,2023-06-23,0,Overnight,0.0,False,-144.77,-144.77,78.78,False,0.0,False
2023-06-23,2023-06-26,2,Weekend,48.0,False,-129.99,-129.99,-202.43,False,0.0,False
2023-06-26,2023-06-27,0,Overnight,0.0,False,-107.04,-107.04,106.2,False,0.0,False
2023-06-27,2023-06-28,0,Overnight,0.0,False,-105.35,-105.35,260.48,False,0.0,False
2023-06-28,2023-06-29,0,Overnight,0.0,False,-78.52,-78.52,-11.75,False,0.0,False
2023-06-29,2023-06-30,0,Overnight,0.0,False,89.44,89.44,-39.19,False,0.0,False
2023-06-30,2023-07-03,2,Weekend,48.0,False,-38.5,-38.5,55.2,False,0.0,False
2023-07-03,2023-07-05,1,Short,24.0,True,-55.2,-55.2,208.32,False,0.0,False
2023-07-05,2023-07-06,0,Overnight,0.0,False,-161.46,-161.46,25.84,False,0.0,False
2023-07-06,2023-07-07,0,Overnight,0.0,False,-0.83,-0.83,-51.76,False,0.0,False
2023-07-07,2023-07-10,2,Weekend,48.0,False,-99.25,-99.25,-157.62,False,0.0,False
2023-07-10,2023-07-11,0,Overnight,0.0,False,-13.75,-13.75,72.83,False,0.0,False
2023-07-11,2023-07-12,0,Overnight,0.0,False,140.72,140.72,10.94,False,0.0,False
2023-07-12,2023-07-13,0,Overnight,0.0,False,166.77,166.77,294.15,False,0.0,False
2023-07-13,2023-07-14,0,Overnight,0.0,False,20.86,20.86,49.56,False,0.0,False
2023-07-14,2023-07-17,2,Weekend,48.0,False,41.38,41.38,-102.96,False,0.0,False
2023-07-17,2023-07-18,0,Overnight,0.0,False,-4.01,-4.01,-67.64,False,0.0,False
2023-07-18,2023-07-19,0,Overnight,0.0,False,67.64,67.64,-208.42,False,0.0,False
2023-07-19,2023-07-20,0,Overnight,0.0,False,-50.11,-50.11,-184.53,False,0.0,False
2023-07-20,2023-07-21,0,Overnight,0.0,False,118.42,118.42,-49.87,False,0.0,False
2023-07-21,2023-07-24,2,Weekend,48.0,False,135.72,135.72,-10.69,False,0.0,False
2023-07-24,2023-07-25,0,Overnight,0.0,False,-14.0,-14.0,69.8,False,0.0,False
2023-07-25,2023-07-26,0,Overnight,0.0,False,623.32,623.32,-61.7,False,0.0,False
2023-07-26,2023-07-27,0,Overnight,0.0,False,183.96,183.96,-173.9,False,0.0,False
2023-07-27,2023-07-28,0,Overnight,0.0,False,106.08,106.08,136.7,False,0.0,False
2023-07-28,2023-07-31,2,Weekend,48.0,False,11.31,11.31,-0.75,False,0.0,False
2023-07-31,2023-08-01,0,Overnight,0.0,False,-147.25,-147.25,58.71,False,0.0,False
2023-08-01,2023-08-02,0,Overnight,0.0,False,-160.92,-160.92,-83.0,False,0.0,False
2023-08-02,2023-08-03,0,Overnight,0.0,False,-31.99,-31.99,37.44,False,0.0,False
2023-08-03,2023-08-04,0,Overnight,0.0,False,64.41,64.41,-90.91,False,0.0,False
2023-08-04,2023-08-07,2,Weekend,48.0,False,81.63,81.63,181.83,False,0.0,False
2023-08-07,2023-08-08,0,Overnight,0.0,False,-69.43,-69.43,59.54,False,0.0,False
2023-08-08,2023-08-09,0,Overnight,0.0,False,19.77,19.77,-153.07,False,0.0,False
2023-08-09,2023-08-10,0,Overnight,0.0,False,127.21,127.21,-124.9,False,0.0,False
2023-08-10,2023-08-11,0,Overnight,0.0,False,-79.74,-79.74,69.71,False,0.0,False
2023-08-11,2023-08-14,2,Weekend,48.0,False,-13.13,-13.13,148.82,False,0.0,False
2023-08-14,2023-08-15,0,Overnight,0.0,False,-17.53,-17.53,-101.2,False,0.0,False
2023-08-15,2023-08-16,0,Overnight,0.0,False,-83.57,-83.57,0.0,False,0.0,False
2023-08-16,2023-08-17,0,Overnight,0.0,False,85.11,85.11,9.24,False,0.0,False
2023-08-17,2023-08-18,0,Overnight,0.0,False,-109.12,-109.12,-82.04,False,0.0,False
2023-08-18,2023-08-21,2,Weekend,48.0,False,-21.99,-21.99,93.13,False,0.0,False
2023-08-21,2023-08-22,0,Overnight,0.0,False,10.9,10.9,44.26,False,0.0,False
2023-08-22,2023-08-23,0,Overnight,0.0,False,84.86,84.86,166.83,False,0.0,False
2023-08-23,2023-08-24,0,Overnight,0.0,False,118.66,118.66,-316.26,False,0.0,False
2023-08-24,2023-08-25,0,Overnight,0.0,False,-18.51,-18.51,26.21,False,0.0,False
2023-08-25,2023-08-28,2,Weekend,48.0,False,109.5,109.5,-22.87,False,0.0,False
2023-08-28,2023-08-29,0,Overnight,0.0,False,93.45,93.45,174.66,False,0.0,False
2023-08-29,2023-08-30,0,Overnight,0.0,False,15.59,15.59,81.28,False,0.0,False
2023-08-30,2023-08-31,0,Overnight,0.0,False,9.56,9.56,11.76,False,0.0,False
2023-08-31,2023-09-01,0,Overnight,0.0,False,94.29,94.29,-131.81,False,0.0,False
2023-09-01,2023-09-05,3,Long,72.0,False,-16.23,-16.23,24.34,False,0.0,False
2023-09-05,2023-09-06,0,Overnight,0.0,False,18.4,18.4,-115.35,False,0.0,False
2023-09-06,2023-09-07,0,Overnight,0.0,False,-64.91,-64.91,124.23,False,0.0,False
2023-09-07,2023-09-08,0,Overnight,0.0,False,-25.91,-25.91,108.37,False,0.0,False
2023-09-08,2023-09-11,2,Weekend,48.0,False,11.72,11.72,27.79,False,0.0,False
2023-09-11,2023-09-12,0,Overnight,0.0,False,-48.32,-48.32,-67.75,False,0.0,False
2023-09-12,2023-09-13,0,Overnight,0.0,False,-18.49,-18.49,119.21,False,0.0,False
2023-09-13,2023-09-14,0,Overnight,0.0,False,64.89,64.89,36.27,False,0.0,False
2023-09-14,2023-09-15,0,Overnight,0.0,False,-8.69,-8.69,-42.12,False,0.0,False
2023-09-15,2023-09-18,2,Weekend,48.0,False,-57.66,-57.66,116.44,False,0.0,False
2023-09-18,2023-09-19,0,Overnight,0.0,False,-57.32,-57.32,45.02,False,0.0,False
2023-09-19,2023-09-20,0,Overnight,0.0,False,2.9,2.9,-319.36,False,0.0,False
2023-09-20,2023-09-21,0,Overnight,0.0,False,-173.47,-173.47,-76.37,False,0.0,False
2023-09-21,2023-09-22,0,Overnight,0.0,False,24.5,24.5,-39.08,False,0.0,False
2023-09-22,2023-09-25,2,Weekend,48.0,False,-32.3,-32.3,98.11,False,0.0,False
2023-09-25,2023-09-26,0,Overnight,0.0,False,-102.73,-102.73,-92.9,False,0.0,False
2023-09-26,2023-09-27,0,Overnight,0.0,False,0.0,0.0,152.06,False,0.0,False
2023-09-27,2023-09-28,0,Overnight,0.0,False,-53.77,-53.77,188.45,False,0.0,False
2023-09-28,2023-09-29,0,Overnight,0.0,False,73.05,73.05,-183.24,False,0.0,False
2023-09-29,2023-10-02,2,Weekend,48.0,False,26.71,26.71,223.08,False,0.0,False
2023-10-02,2023-10-03,0,Overnight,0.0,False,-17.16,-17.16,-113.38,False,0.0,False
2023-10-03,2023-10-04,0,Overnight,0.0,False,27.15,27.15,182.82,False,0.0,False
2023-10-04,2023-10-05,0,Overnight,0.0,False,-12.58,-12.58,0.0,False,0.0,False
2023-10-05,2023-10-06,0,Overnight,0.0,False,-78.79,-78.79,262.91,False,0.0,False
2023-10-06,2023-10-09,2,Weekend,48.0,False,-46.63,-46.63,107.5,False,0.0,False
2023-10-09,2023-10-10,0,Overnight,0.0,False,5.78,5.78,-31.82,False,0.0,False
2023-10-10,2023-10-11,0,Overnight,0.0,False,37.59,37.59,141.16,False,0.0,False
2023-10-11,2023-10-12,0,Overnight,0.0,False,35.51,35.51,-148.56,False,0.0,False
2023-10-12,2023-10-13,0,Overnight,0.0,False,29.46,29.46,-145.99,False,0.0,False
2023-10-13,2023-10-16,2,Weekend,48.0,False,58.8,58.8,67.08,False,0.0,False
2023-10-16,2023-10-17,0,Overnight,0.0,False,-33.85,-33.85,78.32,False,0.0,False
2023-10-17,2023-10-18,0,Overnight,0.0,False,-19.34,-19.34,-107.42,False,0.0,False
2023-10-18,2023-10-19,0,Overnight,0.0,False,39.06,39.06,-54.3,False,0.0,False
2023-10-19,2023-10-20,0,Overnight,0.0,False,-30.54,-30.54,-126.77,False,0.0,False
2023-10-20,2023-10-23,2,Weekend,48.0,False,-41.38,-41.38,107.54,False,0.0,False
2023-10-23,2023-10-24,0,Overnight,0.0,False,96.96,96.96,70.85,False,0.0,False
2023-10-24,2023-10-25,0,Overnight,0.0,False,-798.27,-798.27,-200.98,False,0.0,False
2023-10-25,2023-10-26,0,Overnight,0.0,False,-188.05,-188.05,-80.64,False,0.0,False
2023-10-26,2023-10-27,0,Overnight,0.0,False,48.95,48.95,-57.95,False,0.0,False
2023-10-27,2023-10-30,2,Weekend,48.0,False,84.77,84.77,100.94,False,0.0,False
2023-10-30,2023-10-31,0,Overnight,0.0,False,48.09,48.09,-78.67,False,0.0,False
2023-10-31,2023-11-01,0,Overnight,0.0,False,-0.81,-0.81,190.01,False,0.0,False
2023-11-01,2023-11-02,0,Overnight,0.0,False,154.59,154.59,-72.68,False,0.0,False
2023-11-02,2023-11-03,0,Overnight,0.0,False,41.49,41.49,84.01,False,0.0,False
2023-11-03,2023-11-06,2,Weekend,49.0,False,-3.87,-3.87,92.56,False,0.0,False
2023-11-06,2023-11-07,0,Overnight,0.0,False,35.26,35.26,19.87,False,0.0,False
2023-11-07,2023-11-08,0,Overnight,0.0,False,0.0,0.0,66.21,False,0.0,False
2023-11-08,2023-11-09,0,Overnight,0.0,False,9.1,9.1,-131.2,False,0.0,False
2023-11-09,2023-11-10,0,Overnight,0.0,False,-10.76,-10.76,189.58,False,0.0,False
2023-11-10,2023-11-13,2,Weekend,48.0,False,-61.28,-61.28,23.5,False,0.0,False
2023-11-13,2023-11-14,0,Overnight,0.0,False,157.73,157.73,-42.57,False,0.0,False
2023-11-14,2023-11-15,0,Overnight,0.0,False,93.11,93.11,-18.55,False,0.0,False
2023-11-15,2023-11-16,0,Overnight,0.0,False,42.25,42.25,127.89,False,0.0,False
2023-11-16,2023-11-17,0,Overnight,0.0,False,-68.15,-68.15,-50.86,False,0.0,False
2023-11-17,2023-11-20,2,Weekend,48.0,False,-120.45,-120.45,189.68,False,0.0,False
2023-11-20,2023-11-21,0,Overnight,0.0,False,2.93,2.93,49.77,False,0.0,False
2023-11-21,2023-11-22,0,Overnight,0.0,False,36.44,36.44,73.92,False,0.0,False
2023-11-22,2023-11-24,1,Short,24.0,False,-33.27,-33.27,-97.55,False,0.0,False
2023-11-24,2023-11-27,2,Weekend,48.0,True,-48.4,-48.4,27.9,False,0.0,False
2023-11-27,2023-11-28,0,Overnight,0.0,False,-24.22,-24.22,81.97,False,0.0,False
2023-11-28,2023-11-29,0,Overnight,0.0,False,26.93,26.93,-189.32,False,0.0,False
2023-11-29,2023-11-30,0,Overnight,0.0,False,4.44,4.44,-188.36,False,0.0,False
2023-11-30,2023-12-01,0,Overnight,0.0,False,-50.68,-50.68,0.0,False,0.0,False
2023-12-01,2023-12-04,2,Weekend,48.0,False,-151.3,-151.3,-47.08,False,0.0,False
2023-12-04,2023-12-05,0,Overnight,0.0,False,-24.79,-24.79,156.96,False,0.0,False
2023-12-05,2023-12-06,0,Overnight,0.0,False,34.29,34.29,-108.62,False,0.0,False
2023-12-06,2023-12-07,0,Overnight,0.0,False,378.83,378.83,138.99,False,0.0,False
2023-12-07,2023-12-08,0,Overnight,0.0,False,-201.39,-201.39,58.7,False,0.0,False
2023-12-08,2023-12-11,2,Weekend,48.0,False,-195.24,-195.24,68.51,False,0.0,False
2023-12-11,2023-12-12,0,Overnight,0.0,False,-111.66,-111.66,53.72,False,0.0,False
2023-12-12,2023-12-13,0,Overnight,0.0,False,64.69,64.69,-60.91,False,0.0,False
2023-12-13,2023-12-14,0,Overnight,0.0,False,60.91,60.91,-108.55,False,0.0,False
2023-12-14,2023-12-15,0,Overnight,0.0,False,-24.28,-24.28,74.18,False,0.0,False
2023-12-15,2023-12-18,2,Weekend,48.0,False,2.26,2.26,236.2,False,0.0,False
2023-12-18,2023-12-19,0,Overnight,0.0,False,76.29,76.29,-13.89,False,0.0,False
2023-12-19,2023-12-20,0,Overnight,0.0,False,168.35,168.35,-45.44,False,0.0,False
2023-12-20,2023-12-21,0,Overnight,0.0,False,82.79,82.79,66.45,False,0.0,False
2023-12-21,2023-12-22,0,Overnight,0.0,False,24.89,24.89,51.02,False,0.0,False
2023-12-22,2023-12-26,3,Long,72.0,False,7.06,7.06,-4.94,False,0.0,False
2023-12-26,2023-12-27,0,Overnight,0.0,False,4.94,4.94,-86.54,False,0.0,False
2023-12-27,2023-12-28,0,Overnight,0.0,False,29.17,29.17,-39.14,False,0.0,False
2023-12-28,2023-12-29,0,Overnight,0.0,False,-42.88,-42.88,4.3,False,0.0,False
2023-12-29,2024-01-02,3,Long,72.0,False,-81.94,-81.94,-27.46,False,0.0,False
2024-01-02,2024-01-03,0,Overnight,0.0,False,-66.81,-66.81,120.94,False,0.0,False
2024-01-03,2024-01-04,0,Overnight,0.0,False,-36.06,-36.06,-147.74,False,0.0,False
2024-01-04,2024-01-05,0,Overnight,0.0,False,26.36,26.36,-74.87,False,0.0,False
2024-01-05,2024-01-08,2,Weekend,48.0,False,41.17,41.17,185.37,False,0.0,False
2024-01-08,2024-01-09,0,Overnight,0.0,False,-24.52,-24.52,175.35,False,0.0,False
2024-01-09,2024-01-10,0,Overnight,0.0,False,3.55,3.55,90.37,False,0.0,False
2024-01-10,2024-01-11,0,Overnight,0.0,False,84.68,84.68,-98.75,False,0.0,False
2024-01-11,2024-01-12,0,Overnight,0.0,False,41.44,41.44,-1.4,False,0.0,False
2024-01-12,2024-01-16,3,Long,72.0,False,-45.67,-45.67,34.45,False,0.0,False
2024-01-16,2024-01-17,0,Overnight,0.0,False,-80.33,-80.33,8.49,False,0.0,False
2024-01-17,2024-01-18,0,Overnight,0.0,False,40.91,40.91,100.16,False,0.0,False
2024-01-18,2024-01-19,0,Overnight,0.0,False,87.43,87.43,112.67,False,0.0,False
2024-01-19,2024-01-22,2,Weekend,48.0,False,49.07,49.07,-75.75,False,0.0,False
2024-01-22,2024-01-23,0,Overnight,0.0,False,-6.85,-6.85,78.52,False,0.0,False
2024-01-23,2024-01-24,0,Overnight,0.0,False,101.5,101.5,10.77,False,0.0,False
2024-01-24,2024-01-25,0,Overnight,0.0,False,91.71,91.71,119.23,False,0.0,False
2024-01-25,2024-01-26,0,Overnight,0.0,False,-50.83,-50.83,71.88,False,0.0,False
2024-01-26,2024-01-29,2,Weekend,48.0,False,-8.55,-8.55,94.91,False,0.0,False
2024-01-29,2024-01-30,0,Overnight,0.0,False,-46.36,-46.36,-88.08,False,0.0,False
2024-01-30,2024-01-31,0,Overnight,0.0,False,-531.51,-531.51,-248.14,False,0.0,False
2024-01-31,2024-02-01,0,Overnight,0.0,False,143.15,143.15,-67.78,False,0.0,False
2024-02-01,2024-02-02,0,Overnight,0.0,False,-135.51,-135.51,221.57,False,0.0,False
2024-02-02,2024-02-05,2,Weekend,48.0,False,30.86,30.86,60.03,False,0.0,False
2024-02-05,2024-02-06,0,Overnight,0.0,False,67.28,67.28,-38.09,False,0.0,False
2024-02-06,2024-02-07,0,Overnight,0.0,False,45.7,45.7,53.74,False,0.0,False
2024-02-07,2024-02-08,0,Overnight,0.0,False,19.91,19.91,5.48,False,0.0,False
2024-02-08,2024-02-09,0,Overnight,0.0,False,52.63,52.63,156.93,False,0.0,False
2024-02-09,2024-02-12,2,Weekend,48.0,False,-39.0,-39.0,-60.15,False,0.0,False
2024-02-12,2024-02-13,0,Overnight,0.0,False,-178.5,-178.5,15.17,False,0.0,False
2024-02-13,2024-02-14,0,Overnight,0.0,False,64.56,64.56,-9.59,False,0.0,False
2024-02-14,2024-02-15,0,Overnight,0.0,False,-193.72,-193.72,-25.88,False,0.0,False
2024-02-15,2024-02-16,0,Overnight,0.0,False,15.4,15.4,-174.25,False,0.0,False
2024-02-16,2024-02-20,3,Long,72.0,False,-61.39,-61.39,104.0,False,0.0,False
2024-02-20,2024-02-21,0,Overnight,0.0,False,23.36,23.36,77.47,False,0.0,False
2024-02-21,2024-02-22,0,Overnight,0.0,False,165.58,165.58,-58.13,False,0.0,False
2024-02-22,2024-02-23,0,Overnight,0.0,False,-29.19,-29.19,20.17,False,0.0,False
2024-02-23,2024-02-26,2,Weekend,48.0,False,-127.23,-127.23,-326.8,False,0.0,False
2024-02-26,2024-02-27,0,Overnight,0.0,False,32.66,32.66,62.12,False,0.0,False
2024-02-27,2024-02-28,0,Overnight,0.0,False,-70.82,-70.82,-110.84,False,0.0,False
2024-02-28,2024-02-29,0,Overnight,0.0,False,65.77,65.77,85.59,False,0.0,False
2024-02-29,2024-03-01,0,Overnight,0.0,False,-2.17,-2.17,-93.62,False,0.0,False
2024-03-01,2024-03-04,2,Weekend,48.0,False,-108.51,-108.51,-171.74,False,0.0,False
2024-03-04,2024-03-05,0,Overnight,0.0,False,-110.85,-110.85,59.72,False,0.0,False
2024-03-05,2024-03-06,0,Overnight,0.0,False,33.86,33.86,-130.05,False,0.0,False
2024-03-06,2024-03-07,0,Overnight,0.0,False,105.23,105.23,119.03,False,0.0,False
2024-03-07,2024-03-08,0,Overnight,0.0,False,-12.66,-12.66,89.01,False,0.0,False
2024-03-08,2024-03-11,2,Weekend,47.0,False,53.03,53.03,112.49,False,0.0,False
2024-03-11,2024-03-12,0,Overnight,0.0,False,-46.6,-46.6,106.7,False,0.0,False
2024-03-12,2024-03-13,0,Overnight,0.0,False,36.04,36.04,56.67,False,0.0,False
2024-03-13,2024-03-14,0,Overnight,0.0,False,99.65,99.65,134.37,False,0.0,False
2024-03-14,2024-03-15,0,Overnight,0.0,False,-42.02,-42.02,-93.06,False,0.0,False
2024-03-15,2024-03-18,2,Weekend,48.0,False,512.9,512.9,-62.78,False,0.0,False
2024-03-18,2024-03-19,0,Overnight,0.0,False,32.45,32.45,-76.56,False,0.0,False
2024-03-19,2024-03-20,0,Overnight,0.0,False,65.76,65.76,49.88,False,0.0,False
2024-03-20,2024-03-21,0,Overnight,0.0,False,48.96,48.96,-125.9,False,0.0,False
2024-03-21,2024-03-22,0,Overnight,0.0,False,102.45,102.45,110.04,False,0.0,False
2024-03-22,2024-03-25,2,Weekend,48.0,False,-55.2,-55.2,8.67,False,0.0,False
2024-03-25,2024-03-26,0,Overnight,0.0,False,9.99,9.99,29.91,False,0.0,False
2024-03-26,2024-03-27,0,Overnight,0.0,False,33.79,33.79,-20.53,False,0.0,False
2024-03-27,2024-03-28,0,Overnight,0.0,False,-1.33,-1.33,5.3,False,0.0,False
2024-03-28,2024-04-01,3,Long,72.0,False,-15.91,-15.91,313.57,False,0.0,False
2024-04-01,2024-04-02,0,Overnight,0.0,False,-128.81,-128.81,68.82,False,0.0,False
2024-04-02,2024-04-03,0,Overnight,0.0,False,-62.3,-62.3,85.57,False,0.0,False
2024-04-03,2024-04-04,0,Overnight,0.0,False,-92.08,-92.08,-195.38,False,0.0,False
2024-04-04,2024-04-05,0,Overnight,0.0,False,-33.27,-33.27,163.29,False,0.0,False
2024-04-05,2024-04-08,2,Weekend,48.0,False,18.34,18.34,134.58,False,0.0,False
2024-04-08,2024-04-09,0,Overnight,0.0,False,79.76,79.76,32.62,False,0.0,False
2024-04-09,2024-04-10,0,Overnight,0.0,False,-24.94,-24.94,-4.48,False,0.0,False
2024-04-10,2024-04-11,0,Overnight,0.0,False,49.19,49.19,158.07,False,0.0,False
2024-04-11,2024-04-12,0,Overnight,0.0,False,-91.38,-91.38,-14.57,False,0.0,False
2024-04-12,2024-04-15,2,Weekend,48.0,False,71.39,71.39,-255.02,False,0.0,False
2024-04-15,2024-04-16,0,Overnight,0.0,False,-43.36,-43.36,13.61,False,0.0,False
2024-04-16,2024-04-17,0,Overnight,0.0,False,78.71,78.71,-9.64,False,0.0,False
2024-04-17,2024-04-18,0,Overnight,0.0,False,-8.37,-8.37,43.04,False,0.0,False
2024-04-18,2024-04-19,0,Overnight,0.0,False,12.17,12.17,-136.0,False,0.0,False
2024-04-19,2024-04-22,2,Weekend,48.0,False,14.27,14.27,126.86,False,0.0,False
2024-04-22,2024-04-23,0,Overnight,0.0,False,43.42,43.42,82.48,False,0.0,False
2024-04-23,2024-04-24,0,Overnight,0.0,False,-48.77,-48.77,103.6,False,0.0,False
2024-04-24,2024-04-25,0,Overnight,0.0,False,-502.59,-502.59,303.93,False,0.0,False
2024-04-25,2024-04-26,0,Overnight,0.0,False,1113.23,1113.23,-139.76,False,0.0,False
2024-04-26,2024-04-29,2,Weekend,48.0,False,-169.5,-169.5,-173.63,False,0.0,False
2024-04-29,2024-04-30,0,Overnight,0.0,False,-32.55,-32.55,-172.36,False,0.0,False
2024-04-30,2024-05-01,0,Overnight,0.0,False,92.94,92.94,-26.82,False,0.0,False
2024-05-01,2024-05-02,0,Overnight,0.0,False,56.59,56.59,110.44,False,0.0,False
2024-05-02,2024-05-03,0,Overnight,0.0,False,56.26,56.26,-19.12,False,0.0,False
2024-05-03,2024-05-06,2,Weekend,48.0,False,13.15,13.15,38.15,False,0.0,False
2024-05-06,2024-05-07,0,Overnight,0.0,False,23.77,23.77,161.89,False,0.0,False
2024-05-07,2024-05-08,0,Overnight,0.0,False,-132.26,-132.26,22.46,False,0.0,False
2024-05-08,2024-05-09,0,Overnight,0.0,False,0.59,0.59,33.59,False,0.0,False
2024-05-09,2024-05-10,0,Overnight,0.0,False,-114.21,-114.21,36.83,False,0.0,False
2024-05-10,2024-05-13,2,Weekend,48.0,False,-263.75,-263.75,292.76,False,0.0,False
2024-05-13,2024-05-14,0,Overnight,0.0,False,37.18,37.18,33.52,False,0.0,False
2024-05-14,2024-05-15,0,Overnight,0.0,False,17.01,17.01,109.58,False,0.0,False
2024-05-15,2024-05-16,0,Overnight,0.0,False,45.11,45.11,51.23,False,0.0,False
2024-05-16,2024-05-17,0,Overnight,0.0,False,0.0,0.0,107.36,False,0.0,False
2024-05-17,2024-05-20,2,Weekend,48.0,False,7.38,7.38,41.35,False,0.0,False
2024-05-20,2024-05-21,0,Overnight,0.0,False,-1.13,-1.13,53.56,False,0.0,False
2024-05-21,2024-05-22,0,Overnight,0.0,False,-68.27,-68.27,-14.73,False,0.0,False
2024-05-22,2024-05-23,0,Overnight,0.0,False,39.04,39.04,-200.79,False,0.0,False
2024-05-23,2024-05-24,0,Overnight,0.0,False,82.06,82.06,0.57,False,0.0,False
2024-05-24,2024-05-28,3,Long,72.0,False,-30.91,-30.91,111.16,False,0.0,False
2024-05-28,2024-05-29,0,Overnight,0.0,False,-55.14,-55.14,26.76,False,0.0,False
2024-05-29,2024-05-30,0,Overnight,0.0,False,-39.87,-39.87,-177.94,False,0.0,False
2024-05-30,2024-05-31,0,Overnight,0.0,False,-14.54,-14.54,37.17,False,0.0,False
2024-05-31,2024-06-03,2,Weekend,48.0,False,2.32,2.32,36.45,False,0.0,False
2024-06-03,2024-06-04,0,Overnight,0.0,False,6.35,6.35,29.39,False,0.0,False
2024-06-04,2024-06-05,0,Overnight,0.0,False,80.81,80.81,11.98,False,0.0,False
2024-06-05,2024-06-06,0,Overnight,0.0,False,27.9,27.9,47.08,False,0.0,False
2024-06-06,2024-06-07,0,Overnight,0.0,False,18.09,18.09,-147.37,False,0.0,False
2024-06-07,2024-06-10,2,Weekend,48.0,False,29.19,40.61,2.29,True,11.46,False
2024-06-10,2024-06-11,0,Overnight,0.0,False,68.9,68.9,22.67,False,0.0,False
2024-06-11,2024-06-12,0,Overnight,0.0,False,91.87,91.87,-25.84,False,0.0,False
2024-06-12,2024-06-13,0,Overnight,0.0,False,-94.94,-94.94,-54.09,False,0.0,False
2024-06-13,2024-06-14,0,Overnight,0.0,False,-53.81,-53.81,146.44,False,0.0,False
2024-06-14,2024-06-17,2,Weekend,48.0,False,-75.51,-75.51,100.94,False,0.0,False
2024-06-17,2024-06-18,0,Overnight,0.0,False,-5.64,-5.64,-116.4,False,0.0,False
2024-06-18,2024-06-20,1,Short,24.0,False,15.98,15.98,52.89,False,0.0,False
2024-06-20,2024-06-21,0,Overnight,0.0,False,39.63,39.63,147.49,False,0.0,False
2024-06-21,2024-06-24,2,Weekend,48.0,False,29.46,29.46,-52.31,False,0.0,False
2024-06-24,2024-06-25,0,Overnight,0.0,False,22.29,22.29,242.55,False,0.0,False
2024-06-25,2024-06-26,0,Overnight,0.0,False,-76.37,-76.37,68.21,False,0.0,False
2024-06-26,2024-06-27,0,Overnight,0.0,False,16.3,16.3,66.56,False,0.0,False
2024-06-27,2024-06-28,0,Overnight,0.0,False,-58.96,-58.96,-118.43,False,0.0,False
2024-06-28,2024-07-01,2,Weekend,48.0,False,48.2,48.2,-2.19,False,0.0,False
2024-07-01,2024-07-02,0,Overnight,0.0,False,-51.5,-51.5,173.71,False,0.0,False
2024-07-02,2024-07-03,0,Overnight,0.0,False,-21.08,-21.08,52.34,False,0.0,False
2024-07-03,2024-07-05,1,Short,24.0,True,2.15,2.15,251.83,False,0.0,False
2024-07-05,2024-07-08,2,Weekend,48.0,False,-36.79,-36.79,-45.92,False,0.0,False
2024-07-08,2024-07-09,0,Overnight,0.0,False,67.49,67.49,-70.13,False,0.0,False
2024-07-09,2024-07-10,0,Overnight,0.0,False,8.99,8.99,106.75,False,0.0,False
2024-07-10,2024-07-11,0,Overnight,0.0,False,-69.81,-69.81,-228.02,False,0.0,False
2024-07-11,2024-07-12,0,Overnight,0.0,False,-26.44,-26.44,-0.54,False,0.0,False
2024-07-12,2024-07-15,2,Weekend,48.0,False,-8.11,-8.11,86.69,False,0.0,False
2024-07-15,2024-07-16,0,Overnight,0.0,False,44.4,44.4,-185.31,False,0.0,False
2024-07-16,2024-07-17,0,Overnight,0.0,False,-51.79,-51.79,-107.15,False,0.0,False
2024-07-17,2024-07-18,0,Overnight,0.0,False,50.14,50.14,-235.81,False,0.0,False
2024-07-18,2024-07-19,0,Overnight,0.0,False,66.75,66.75,-68.44,False,0.0,False
2024-07-19,2024-07-22,2,Weekend,48.0,False,163.58,163.58,59.63,False,0.0,False
2024-07-22,2024-07-23,0,Overnight,0.0,False,20.9,20.9,-14.29,False,0.0,False
2024-07-23,2024-07-24,0,Overnight,0.0,False,-460.98,-460.98,-56.03,False,0.0,False
2024-07-24,2024-07-25,0,Overnight,0.0,False,-6.37,-6.37,-308.44,False,0.0,False
2024-07-25,2024-07-26,0,Overnight,0.0,False,-7.77,-7.77,-8.98,False,0.0,False
2024-07-26,2024-07-29,2,Weekend,48.0,False,108.98,108.98,41.38,False,0.0,False
2024-07-29,2024-07-30,0,Overnight,0.0,False,41.79,41.79,2.94,False,0.0,False
2024-07-30,2024-07-31,0,Overnight,0.0,False,171.75,171.75,-98.62,False,0.0,False
2024-07-31,2024-08-01,0,Overnight,0.0,False,-75.48,-75.48,29.91,False,0.0,False
2024-08-01,2024-08-02,0,Overnight,0.0,False,-256.24,-256.24,13.21,False,0.0,False
2024-08-02,2024-08-05,2,Weekend,48.0,False,-693.1,-693.1,238.3,False,0.0,False
2024-08-05,2024-08-06,0,Overnight,0.0,False,5.02,5.02,-65.49,False,0.0,False
2024-08-06,2024-08-07,0,Overnight,0.0,False,185.27,185.27,-144.29,False,0.0,False
2024-08-07,2024-08-08,0,Overnight,0.0,False,98.29,98.29,94.25,False,0.0,False
2024-08-08,2024-08-09,0,Overnight,0.0,False,-125.45,-125.45,226.16,False,0.0,False
2024-08-09,2024-08-12,2,Weekend,48.0,False,41.46,41.46,-126.14,False,0.0,False
2024-08-12,2024-08-13,0,Overnight,0.0,False,68.78,68.78,45.79,False,0.0,False
2024-08-13,2024-08-14,0,Overnight,0.0,False,-107.79,-107.79,-125.79,False,0.0,False
2024-08-14,2024-08-15,0,Overnight,0.0,False,8.1,8.1,49.72,False,0.0,False
2024-08-15,2024-08-16,0,Overnight,0.0,False,10.53,10.53,91.85,False,0.0,False
2024-08-16,2024-08-19,2,Weekend,48.0,False,141.36,141.36,83.75,False,0.0,False
2024-08-19,2024-08-20,0,Overnight,0.0,False,13.79,13.79,16.76,False,0.0,False
2024-08-20,2024-08-21,0,Overnight,0.0,False,-122.17,-122.17,42.3,False,0.0,False
2024-08-21,2024-08-22,0,Overnight,0.0,False,84.66,84.66,-209.03,False,0.0,False
2024-08-22,2024-08-23,0,Overnight,0.0,False,56.01,56.01,54.49,False,0.0,False
2024-08-23,2024-08-26,2,Weekend,48.0,False,45.78,45.78,-13.23,False,0.0,False
2024-08-26,2024-08-27,0,Overnight,0.0,False,-19.28,-19.28,-70.19,False,0.0,False
2024-08-27,2024-08-28,0,Overnight,0.0,False,21.84,21.84,-133.58,False,0.0,False
2024-08-28,2024-08-29,0,Overnight,0.0,False,89.25,89.25,-155.17,False,0.0,False
2024-08-29,2024-08-30,0,Overnight,0.0,False,51.79,51.79,46.63,False,0.0,False
2024-08-30,2024-09-03,3,Long,72.0,False,-102.12,-102.12,-273.3,False,0.0,False
2024-09-03,2024-09-04,0,Overnight,0.0,False,-44.58,-44.58,-13.41,False,0.0,False
2024-09-04,2024-09-05,0,Overnight,0.0,False,-9.59,-9.59,59.96,False,0.0,False
2024-09-05,2024-09-06,0,Overnight,0.0,False,3.81,3.81,-414.05,False,0.0,False
2024-09-06,2024-09-09,2,Weekend,48.0,False,104.8,117.91,-252.32,True,13.25,False
2024-09-09,2024-09-10,0,Overnight,0.0,False,116.33,116.33,-119.69,False,0.0,False
2024-09-10,2024-09-11,0,Overnight,0.0,False,84.4,84.4,82.37,False,0.0,False
2024-09-11,2024-09-12,0,Overnight,0.0,False,173.14,173.14,57.7,False,0.0,False
2024-09-12,2024-09-13,0,Overnight,0.0,False,47.72,47.72,129.76,False,0.0,False
2024-09-13,2024-09-16,2,Weekend,48.0,False,-9.53,-9.53,47.56,False,0.0,False
2024-09-16,2024-09-17,0,Overnight,0.0,False,60.55,60.55,18.85,False,0.0,False
2024-09-17,2024-09-18,0,Overnight,0.0,False,33.84,33.84,-3.13,False,0.0,False
2024-09-18,2024-09-19,0,Overnight,0.0,False,241.11,241.11,-96.36,False,0.0,False
2024-09-19,2024-09-20,0,Overnight,0.0,False,83.53,83.53,5.5,False,0.0,False
2024-09-20,2024-09-23,2,Weekend,48.0,False,46.35,46.35,-153.28,False,0.0,False
2024-09-23,2024-09-24,0,Overnight,0.0,False,72.64,72.64,-45.49,False,0.0,False
2024-09-24,2024-09-25,0,Overnight,0.0,False,-50.65,-50.65,1.24,False,0.0,False
2024-09-25,2024-09-26,0,Overnight,0.0,False,132.26,132.26,-55.77,False,0.0,False
2024-09-26,2024-09-27,0,Overnight,0.0,False,4.92,4.92,69.78,False,0.0,False
2024-09-27,2024-09-30,2,Weekend,48.0,False,-38.5,-38.5,153.72,False,0.0,False
2024-09-30,2024-10-01,0,Overnight,0.0,False,110.33,110.33,-41.83,False,0.0,False
2024-10-01,2024-10-02,0,Overnight,0.0,False,-34.19,-34.19,-33.71,False,0.0,False
2024-10-02,2024-10-03,0,Overnight,0.0,False,-87.81,-87.81,87.81,False,0.0,False
2024-10-03,2024-10-04,0,Overnight,0.0,False,131.77,131.77,-59.68,False,0.0,False
2024-10-04,2024-10-07,2,Weekend,48.0,False,39.43,39.43,-286.68,False,0.0,False
2024-10-07,2024-10-08,0,Overnight,0.0,False,58.73,58.73,26.8,False,0.0,False
2024-10-08,2024-10-09,0,Overnight,0.0,False,-56.74,-56.74,-97.75,False,0.0,False
2024-10-09,2024-10-10,0,Overnight,0.0,False,-61.35,-61.35,74.93,False,0.0,False
2024-10-10,2024-10-11,0,Overnight,0.0,False,3.08,3.08,68.23,False,0.0,False
2024-10-11,2024-10-14,2,Weekend,48.0,False,24.47,24.47,80.34,False,0.0,False
2024-10-14,2024-10-15,0,Overnight,0.0,False,50.19,50.19,-19.92,False,0.0,False
2024-10-15,2024-10-16,0,Overnight,0.0,False,-56.37,-56.37,38.22,False,0.0,False
2024-10-16,2024-10-17,0,Overnight,0.0,False,34.45,34.45,-170.39,False,0.0,False
2024-10-17,2024-10-18,0,Overnight,0.0,False,15.95,15.95,14.08,False,0.0,False
2024-10-18,2024-10-21,2,Weekend,48.0,False,-28.8,-28.8,68.5,False,0.0,False
2024-10-21,2024-10-22,0,Overnight,0.0,False,-66.66,-66.66,131.66,False,0.0,False
2024-10-22,2024-10-23,0,Overnight,0.0,False,-23.04,-23.04,-120.9,False,0.0,False
2024-10-23,2024-10-24,0,Overnight,0.0,False,3.07,3.07,-6.76,False,0.0,False
2024-10-24,2024-10-25,0,Overnight,0.0,False,58.21,58.21,97.28,False,0.0,False
2024-10-25,2024-10-28,2,Weekend,48.0,False,208.38,208.38,-121.03,False,0.0,False
2024-10-28,2024-10-29,0,Overnight,0.0,False,60.4,60.4,115.59,False,0.0,False
2024-10-29,2024-10-30,0,Overnight,0.0,False,628.13,628.13,-350.32,False,0.0,False
2024-10-30,2024-10-31,0,Overnight,0.0,False,-76.53,-76.53,-117.36,False,0.0,False
2024-10-31,2024-11-01,0,Overnight,0.0,False,-60.96,-60.96,71.48,False,0.0,False
2024-11-01,2024-11-04,2,Weekend,49.0,False,-79.71,-79.71,-40.69,False,0.0,False
2024-11-04,2024-11-05,0,Overnight,0.0,False,11.22,11.22,18.28,False,0.0,False
2024-11-05,2024-11-06,0,Overnight,0.0,False,236.37,236.37,154.72,False,0.0,False
2024-11-06,2024-11-07,0,Overnight,0.0,False,50.86,50.86,186.51,False,0.0,False
2024-11-07,2024-11-08,0,Overnight,0.0,False,-5.53,-5.53,-128.13,False,0.0,False
2024-11-08,2024-11-11,2,Weekend,48.0,False,12.89,12.89,98.63,False,0.0,False
2024-11-11,2024-11-12,0,Overnight,0.0,False,-29.43,-29.43,99.6,False,0.0,False
2024-11-12,2024-11-13,0,Overnight,0.0,False,-64.07,-64.07,-87.94,False,0.0,False
2024-11-13,2024-11-14,0,Overnight,0.0,False,-33.6,-33.6,-152.61,False,0.0,False
2024-11-14,2024-11-15,0,Overnight,0.0,False,-105.92,-105.92,-71.63,False,0.0,False
2024-11-15,2024-11-18,2,Weekend,48.0,False,53.77,53.77,107.82,False,0.0,False
2024-11-18,2024-11-19,0,Overnight,0.0,False,-90.54,-90.54,250.13,False,0.0,False
2024-11-19,2024-11-20,0,Overnight,0.0,False,-43.89,-43.89,-76.98,False,0.0,False
2024-11-20,2024-11-21,0,Overnight,0.0,False,-118.9,-118.9,-367.21,False,0.0,False
2024-11-21,2024-11-22,0,Overnight,0.0,False,-106.75,-106.75,-65.94,False,0.0,False
2024-11-22,2024-11-25,2,Weekend,48.0,False,80.4,80.4,93.49,False,0.0,False
2024-11-25,2024-11-26,0,Overnight,0.0,False,-1.19,-1.19,88.49,False,0.0,False
2024-11-26,2024-11-27,0,Overnight,0.0,False,-7.1,-7.1,13.6,False,0.0,False
2024-11-27,2024-11-29,1,Short,24.0,False,-43.23,-43.23,26.67,False,0.0,False
2024-11-29,2024-12-02,2,Weekend,48.0,True,-10.66,-10.66,159.88,False,0.0,False
2024-12-02,2024-12-03,0,Overnight,0.0,False,0.0,0.0,-8.75,False,0.0,False
2024-12-03,2024-12-04,0,Overnight,0.0,False,-11.1,-11.1,186.39,False,0.0,False
2024-12-04,2024-12-05,0,Overnight,0.0,False,56.62,56.62,-156.33,False,0.0,False
2024-12-05,2024-12-06,0,Overnight,0.0,False,-35.4,-35.4,154.59,False,0.0,False
2024-12-06,2024-12-09,2,Weekend,48.0,False,-43.02,-31.53,80.73,True,11.45,False
2024-12-09,2024-12-10,0,Overnight,0.0,False,417.68,417.68,126.08,False,0.0,False
2024-12-10,2024-12-11,0,Overnight,0.0,False,7.56,7.56,530.19,False,0.0,False
2024-12-11,2024-12-12,0,Overnight,0.0,False,-20.49,-20.49,-157.13,False,0.0,False
2024-12-12,2024-12-13,0,Overnight,0.0,False,-49.61,-49.61,-62.49,False,0.0,False
2024-12-13,2024-12-16,2,Weekend,48.0,False,159.4,159.4,194.6,False,0.0,False
2024-12-16,2024-12-17,0,Overnight,0.0,False,29.96,29.96,-93.21,False,0.0,False
2024-12-17,2024-12-18,0,Overnight,0.0,False,-10.24,-10.24,-355.6,False,0.0,False
2024-12-18,2024-12-19,0,Overnight,0.0,False,169.99,169.99,-164.15,False,0.0,False
2024-12-19,2024-12-20,0,Overnight,0.0,False,-145.88,-145.88,298.55,False,0.0,False
2024-12-20,2024-12-23,2,Weekend,48.0,False,63.02,63.02,103.81,False,0.0,False
2024-12-23,2024-12-24,0,Overnight,0.0,False,10.78,10.78,64.97,False,0.0,False
2024-12-24,2024-12-26,1,Short,24.0,True,-49.07,-49.07,23.03,False,0.0,False
2024-12-26,2024-12-27,0,Overnight,0.0,False,-33.29,-33.29,-112.97,False,0.0,False
2024-12-27,2024-12-30,2,Weekend,48.0,False,-154.75,-154.75,75.58,False,0.0,False
2024-12-30,2024-12-31,0,Overnight,0.0,False,-8.37,-8.37,-93.59,False,0.0,False
2024-12-31,2025-01-02,1,Short,24.0,False,71.06,71.06,-64.2,False,0.0,False
2025-01-02,2025-01-03,0,Overnight,0.0,False,101.89,101.89,21.92,False,0.0,False
2025-01-03,2025-01-06,2,Weekend,48.0,False,113.54,113.54,147.89,False,0.0,False
2025-01-06,2025-01-07,0,Overnight,0.0,False,12.18,12.18,-82.53,False,0.0,False
2025-01-07,2025-01-08,0,Overnight,0.0,False,-150.49,-150.49,71.41,False,0.0,False
2025-01-08,2025-01-10,1,Short,24.0,False,18.03,18.03,-117.0,False,0.0,False
2025-01-10,2025-01-13,2,Weekend,48.0,False,-103.11,-103.11,49.33,False,0.0,False
2025-01-13,2025-01-14,0,Overnight,0.0,False,12.03,12.03,-82.96,False,0.0,False
2025-01-14,2025-01-15,0,Overnight,0.0,False,179.23,179.23,126.6,False,0.0,False
2025-01-15,2025-01-16,0,Overnight,0.0,False,-72.37,-72.37,-63.56,False,0.0,False
2025-01-16,2025-01-17,0,Overnight,0.0,False,185.91,185.91,-27.0,False,0.0,False
2025-01-17,2025-01-21,3,Long,72.0,False,155.42,155.42,-51.37,False,0.0,False
2025-01-21,2025-01-22,0,Overnight,0.0,False,50.87,50.87,-34.72,False,0.0,False
2025-01-22,2025-01-23,0,Overnight,0.0,False,-11.6,-11.6,-8.08,False,0.0,False
2025-01-23,2025-01-24,0,Overnight,0.0,False,6.06,6.06,105.95,False,0.0,False
2025-01-24,2025-01-27,2,Weekend,48.0,False,-397.38,-397.38,-31.23,False,0.0,False
2025-01-27,2025-01-28,0,Overnight,0.0,False,48.89,48.89,131.43,False,0.0,False
2025-01-28,2025-01-29,0,Overnight,0.0,False,13.3,13.3,-7.67,False,0.0,False
2025-01-29,2025-01-30,0,Overnight,0.0,False,131.67,131.67,143.91,False,0.0,False
2025-01-30,2025-01-31,0,Overnight,0.0,False,56.1,56.1,99.5,False,0.0,False
2025-01-31,2025-02-03,2,Weekend,48.0,False,-164.57,-164.57,26.87,False,0.0,False
2025-02-03,2025-02-04,0,Overnight,0.0,False,106.77,106.77,145.94,False,0.0,False
2025-02-04,2025-02-05,0,Overnight,0.0,False,-770.79,-770.79,13.6,False,0.0,False
2025-02-05,2025-02-06,0,Overnight,0.0,False,-96.11,-96.11,110.21,False,0.0,False
2025-02-06,2025-02-07,0,Overnight,0.0,False,-28.75,-28.75,-303.43,False,0.0,False
2025-02-07,2025-02-10,2,Weekend,48.0,False,107.87,107.87,-47.08,False,0.0,False
2025-02-10,2025-02-11,0,Overnight,0.0,False,-77.52,-77.52,15.66,False,0.0,False
2025-02-11,2025-02-12,0,Overnight,0.0,False,-113.96,-113.96,21.26,False,0.0,False
2025-02-12,2025-02-13,0,Overnight,0.0,False,38.59,38.59,98.26,False,0.0,False
2025-02-13,2025-02-14,0,Overnight,0.0,False,-58.19,-58.19,9.18,False,0.0,False
2025-02-14,2025-02-18,3,Long,72.0,False,19.96,19.96,-99.09,False,0.0,False
2025-02-18,2025-02-19,0,Overnight,0.0,False,16.31,16.31,64.98,False,0.0,False
2025-02-19,2025-02-20,0,Overnight,0.0,False,-25.4,-25.4,-13.0,False,0.0,False
2025-02-20,2025-02-21,0,Overnight,0.0,False,31.92,31.92,-301.0,False,0.0,False
2025-02-21,2025-02-24,2,Weekend,48.0,False,128.86,128.86,-151.7,False,0.0,False
2025-02-24,2025-02-25,0,Overnight,0.0,False,-67.73,-67.73,-148.25,False,0.0,False
2025-02-25,2025-02-26,0,Overnight,0.0,False,-19.97,-19.97,-134.56,False,0.0,False
2025-02-26,2025-02-27,0,Overnight,0.0,False,72.68,72.68,-320.62,False,0.0,False
2025-02-27,2025-02-28,0,Overnight,0.0,False,10.68,10.68,94.41,False,0.0,False
2025-02-28,2025-03-03,2,Weekend,48.0,False,96.43,96.43,-290.34,False,0.0,False
2025-03-03,2025-03-04,0,Overnight,0.0,False,-46.21,-46.21,277.63,False,0.0,False
2025-03-04,2025-03-05,0,Overnight,0.0,False,-23.43,-23.43,145.55,False,0.0,False
2025-03-05,2025-03-06,0,Overnight,0.0,False,-144.96,-144.96,106.16,False,0.0,False
2025-03-06,2025-03-07,0,Overnight,0.0,False,-63.44,-63.44,150.68,False,0.0,False
2025-03-07,2025-03-10,2,Weekend,47.0,False,-327.4,-315.52,-143.06,True,11.5,False
2025-03-10,2025-03-11,0,Overnight,0.0,False,-58.04,-58.04,-52.9,False,0.0,False
2025-03-11,2025-03-12,0,Overnight,0.0,False,153.65,153.65,31.77,False,0.0,False
2025-03-12,2025-03-13,0,Overnight,0.0,False,-64.24,-64.24,-199.52,False,0.0,False
2025-03-13,2025-03-14,0,Overnight,0.0,False,31.29,31.29,135.06,False,0.0,False
2025-03-14,2025-03-17,2,Weekend,48.0,False,-27.84,-27.84,-44.94,False,0.0,False
2025-03-17,2025-03-18,0,Overnight,0.0,False,-37.2,-37.2,-185.61,False,0.0,False
2025-03-18,2025-03-19,0,Overnight,0.0,False,67.61,67.61,130.82,False,0.0,False
2025-03-19,2025-03-20,0,Overnight,0.0,False,-142.57,-142.57,75.84,False,0.0,False
2025-03-20,2025-03-21,0,Overnight,0.0,False,-98.15,-98.15,170.98,False,0.0,False
2025-03-21,2025-03-24,2,Weekend,48.0,False,186.07,186.07,36.44,False,0.0,False
2025-03-24,2025-03-25,0,Overnight,0.0,False,77.23,77.23,93.07,False,0.0,False
2025-03-25,2025-03-26,0,Overnight,0.0,False,-91.88,-91.88,-235.9,False,0.0,False
2025-03-26,2025-03-27,0,Overnight,0.0,False,-26.08,-26.08,-146.24,False,0.0,False
2025-03-27,2025-03-28,0,Overnight,0.0,False,-108.45,-108.45,-391.38,False,0.0,False
2025-03-28,2025-03-31,2,Weekend,48.0,False,-79.37,-79.37,99.43,False,0.0,False
2025-03-31,2025-04-01,0,Overnight,0.0,False,-66.18,-66.18,222.1,False,0.0,False
2025-04-01,2025-04-02,0,Overnight,0.0,False,-122.99,-122.99,121.08,False,0.0,False
2025-04-02,2025-04-03,0,Overnight,0.0,False,-384.92,-384.92,-25.84,False,0.0,False
2025-04-03,2025-04-04,0,Overnight,0.0,False,-181.44,-181.44,-164.17,False,0.0,False
2025-04-04,2025-04-07,2,Weekend,48.0,False,-282.1,-282.1,360.77,False,0.0,False
2025-04-07,2025-04-08,0,Overnight,0.0,False,300.05,300.05,-440.73,False,0.0,False
2025-04-08,2025-04-09,0,Overnight,0.0,False,-19.37,-19.37,943.53,False,0.0,False
2025-04-09,2025-04-10,0,Overnight,0.0,False,-137.67,-137.67,-240.51,False,0.0,False
2025-04-10,2025-04-11,0,Overnight,0.0,False,5.23,5.23,273.53,False,0.0,False
2025-04-11,2025-04-14,2,Weekend,48.0,False,180.37,180.37,-58.29,False,0.0,False
2025-04-14,2025-04-15,0,Overnight,0.0,False,3.77,3.77,-178.8,False,0.0,False
2025-04-15,2025-04-16,0,Overnight,0.0,False,-207.5,-207.5,15.01,False,0.0,False
2025-04-16,2025-04-17,0,Overnight,0.0,False,62.41,62.41,-204.95,False,0.0,False
2025-04-17,2025-04-21,3,Long,72.0,False,-151.98,-151.98,-81.61,False,0.0,False
2025-04-21,2025-04-22,0,Overnight,0.0,False,82.28,82.28,171.8,False,0.0,False
2025-04-22,2025-04-23,0,Overnight,0.0,False,269.65,269.65,-16.72,False,0.0,False
2025-04-23,2025-04-24,0,Overnight,0.0,False,51.36,51.36,198.47,False,0.0,False
2025-04-24,2025-04-25,0,Overnight,0.0,False,357.06,357.06,-190.2,False,0.0,False
2025-04-25,2025-04-28,2,Weekend,48.0,False,28.98,28.98,-112.68,False,0.0,False
2025-04-28,2025-04-29,0,Overnight,0.0,False,-18.07,-18.07,-9.99,False,0.0,False
2025-04-29,2025-04-30,0,Overnight,0.0,False,-137.05,-137.05,51.77,False,0.0,False
2025-04-30,2025-05-01,0,Overnight,0.0,False,103.37,103.37,52.84,False,0.0,False
2025-05-01,2025-05-02,0,Overnight,0.0,False,129.96,129.96,37.87,False,0.0,False
2025-05-02,2025-05-05,2,Weekend,48.0,False,-62.99,-62.99,73.96,False,0.0,False
2025-05-05,2025-05-06,0,Overnight,0.0,False,-125.01,-125.01,65.15,False,0.0,False
2025-05-06,2025-05-07,0,Overnight,0.0,False,51.94,51.94,-805.61,False,0.0,False
2025-05-07,2025-05-08,0,Overnight,0.0,False,236.32,236.32,-46.56,False,0.0,False
2025-05-08,2025-05-09,0,Overnight,0.0,False,-7.13,-7.13,-92.53,False,0.0,False
2025-05-09,2025-05-12,2,Weekend,48.0,False,305.59,305.59,61.4,False,0.0,False
2025-05-12,2025-05-13,0,Overnight,0.0,False,20.8,20.8,46.49,False,0.0,False
2025-05-13,2025-05-14,0,Overnight,0.0,False,26.92,26.92,332.62,False,0.0,False
2025-05-14,2025-05-15,0,Overnight,0.0,False,28.38,28.38,-114.01,False,0.0,False
2025-05-15,2025-05-16,0,Overnight,0.0,False,227.33,227.33,-92.24,False,0.0,False
2025-05-16,2025-05-19,2,Weekend,48.0,False,-101.6,-101.6,122.64,False,0.0,False
2025-05-19,2025-05-20,0,Overnight,0.0,False,-6.61,-6.61,-148.3,False,0.0,False
2025-05-20,2025-05-21,0,Overnight,0.0,False,-17.7,-17.7,293.17,False,0.0,False
2025-05-21,2025-05-22,0,Overnight,0.0,False,193.3,193.3,-57.19,False,0.0,False
2025-05-22,2025-05-23,0,Overnight,0.0,False,-106.49,-106.49,-34.96,False,0.0,False
2025-05-23,2025-05-27,3,Long,72.0,False,99.81,99.81,159.74,False,0.0,False
2025-05-27,2025-05-28,0,Overnight,0.0,False,15.03,15.03,-46.31,False,0.0,False
2025-05-28,2025-05-29,0,Overnight,0.0,False,94.7,94.7,-123.75,False,0.0,False
2025-05-29,2025-05-30,0,Overnight,0.0,False,-29.72,-29.72,22.73,False,0.0,False
2025-05-30,2025-06-02,2,Weekend,48.0,False,-229.71,-229.71,70.65,False,0.0,False
2025-06-02,2025-06-03,0,Overnight,0.0,False,-91.53,-91.53,-78.52,False,0.0,False
2025-06-03,2025-06-04,0,Overnight,0.0,False,33.64,33.64,78.26,False,0.0,False
2025-06-04,2025-06-05,0,Overnight,0.0,False,135.35,135.35,-125.83,False,0.0,False
2025-06-05,2025-06-06,0,Overnight,0.0,False,154.56,154.56,165.46,False,0.0,False
2025-06-06,2025-06-09,2,Weekend,48.0,False,49.39,61.42,88.41,True,12.09,False
2025-06-09,2025-06-10,0,Overnight,0.0,False,6.24,6.24,135.29,False,0.0,False
2025-06-10,2025-06-11,0,Overnight,0.0,False,65.3,65.3,-135.53,False,0.0,False
2025-06-11,2025-06-12,0,Overnight,0.0,False,-66.19,-66.19,-27.28,False,0.0,False
2025-06-12,2025-06-13,0,Overnight,0.0,False,-187.29,-187.29,128.49,False,0.0,False
2025-06-13,2025-06-16,2,Weekend,48.0,False,3.43,3.43,116.08,False,0.0,False
2025-06-16,2025-06-17,0,Overnight,0.0,False,-60.71,-60.71,14.22,False,0.0,False
2025-06-17,2025-06-18,0,Overnight,0.0,False,3.41,3.41,-154.01,False,0.0,False
2025-06-18,2025-06-20,1,Short,24.0,False,36.28,36.28,-429.32,False,0.0,False
2025-06-20,2025-06-23,2,Weekend,48.0,False,-22.23,-22.23,-65.17,False,0.0,False
2025-06-23,2025-06-24,0,Overnight,0.0,False,104.18,104.18,-8.99,False,0.0,False
2025-06-24,2025-06-25,0,Overnight,0.0,False,51.44,51.44,180.31,False,0.0,False
2025-06-25,2025-06-26,0,Overnight,0.0,False,102.01,102.01,64.17,False,0.0,False
2025-06-26,2025-06-27,0,Overnight,0.0,False,0.0,0.0,283.49,False,0.0,False
2025-06-27,2025-06-30,2,Weekend,48.0,False,125.24,125.24,-254.91,False,0.0,False
2025-06-30,2025-07-01,0,Overnight,0.0,False,-27.84,-27.84,5.69,False,0.0,False
2025-07-01,2025-07-02,0,Overnight,0.0,False,-17.08,-17.08,175.06,False,0.0,False
2025-07-02,2025-07-03,0,Overnight,0.0,False,-7.84,-7.84,57.54,False,0.0,False
2025-07-03,2025-07-07,3,Long,72.0,True,-26.21,-26.21,-127.58,False,0.0,False
2025-07-07,2025-07-08,0,Overnight,0.0,False,59.78,59.78,-198.18,False,0.0,False
2025-07-08,2025-07-09,0,Overnight,0.0,False,50.91,50.91,77.87,False,0.0,False
2025-07-09,2025-07-10,0,Overnight,0.0,False,-56.21,-56.21,112.67,False,0.0,False
2025-07-10,2025-07-11,0,Overnight,0.0,False,-46.84,-46.84,190.49,False,0.0,False
2025-07-11,2025-07-14,2,Weekend,48.0,False,45.4,45.4,30.34,False,0.0,False
2025-07-14,2025-07-15,0,Overnight,0.0,False,68.61,68.61,-44.41,False,0.0,False
2025-07-15,2025-07-16,0,Overnight,0.0,False,67.9,67.9,-14.75,False,0.0,False
2025-07-16,2025-07-17,0,Overnight,0.0,False,-45.47,-45.47,78.75,False,0.0,False
2025-07-17,2025-07-18,0,Overnight,0.0,False,98.65,98.65,-18.36,False,0.0,False
2025-07-18,2025-07-21,2,Weekend,48.0,False,64.1,64.1,204.6,False,0.0,False
2025-07-21,2025-07-22,0,Overnight,0.0,False,73.38,73.38,-8.36,False,0.0,False
2025-07-22,2025-07-23,0,Overnight,0.0,False,8.36,8.36,-66.54,False,0.0,False
2025-07-23,2025-07-24,0,Overnight,0.0,False,351.22,351.22,-249.76,False,0.0,False
2025-07-24,2025-07-25,0,Overnight,0.0,False,-9.89,-9.89,62.31,False,0.0,False
2025-07-25,2025-07-28,2,Weekend,48.0,False,24.3,24.3,-55.41,False,0.0,False
2025-07-28,2025-07-29,0,Overnight,0.0,False,-7.79,-7.79,171.06,False,0.0,False
2025-07-29,2025-07-30,0,Overnight,0.0,False,-7.67,-7.67,47.43,False,0.0,False
2025-07-30,2025-07-31,0,Overnight,0.0,False,-41.81,-41.81,-196.6,False,0.0,False
2025-07-31,2025-08-01,0,Overnight,0.0,False,-150.69,-150.69,5.29,False,0.0,False
2025-08-01,2025-08-04,2,Weekend,48.0,False,61.15,61.15,246.55,False,0.0,False
2025-08-04,2025-08-05,0,Overnight,0.0,False,-16.93,-16.93,-2.06,False,0.0,False
2025-08-05,2025-08-06,0,Overnight,0.0,False,-8.74,-8.74,81.42,False,0.0,False
2025-08-06,2025-08-07,0,Overnight,0.0,False,49.35,49.35,-27.44,False,0.0,False
2025-08-07,2025-08-08,0,Overnight,0.0,False,35.56,35.56,210.72,False,0.0,False
2025-08-08,2025-08-11,2,Weekend,48.0,False,-23.86,-23.86,2.99,False,0.0,False
2025-08-11,2025-08-12,0,Overnight,0.0,False,18.39,18.39,97.35,False,0.0,False
2025-08-12,2025-08-13,0,Overnight,0.0,False,38.78,38.78,-106.87,False,0.0,False
2025-08-13,2025-08-14,0,Overnight,0.0,False,-22.8,-22.8,71.21,False,0.0,False
2025-08-14,2025-08-15,0,Overnight,0.0,False,44.74,44.74,2.45,False,0.0,False
2025-08-15,2025-08-18,2,Weekend,48.0,False,14.7,14.7,-34.34,False,0.0,False
2025-08-18,2025-08-19,0,Overnight,0.0,False,-23.12,-23.12,-72.17,False,0.0,False
2025-08-19,2025-08-20,0,Overnight,0.0,False,-41.76,-41.76,-70.49,False,0.0,False
2025-08-20,2025-08-21,0,Overnight,0.0,False,21.55,21.55,0.0,False,0.0,False
2025-08-21,2025-08-22,0,Overnight,0.0,False,148.08,148.08,164.38,False,0.0,False
2025-08-22,2025-08-25,2,Weekend,48.0,False,16.48,16.48,99.3,False,0.0,False
2025-08-25,2025-08-26,0,Overnight,0.0,False,-47.12,-47.12,-17.85,False,0.0,False
2025-08-26,2025-08-27,0,Overnight,0.0,False,-69.76,-69.76,86.16,False,0.0,False
2025-08-27,2025-08-28,0,Overnight,0.0,False,-11.09,-11.09,209.61,False,0.0,False
2025-08-28,2025-08-29,0,Overnight,0.0,False,-53.54,-53.54,113.36,False,0.0,False
2025-08-29,2025-09-02,3,Long,72.0,False,-212.18,-212.18,138.64,False,0.0,False
2025-09-02,2025-09-03,0,Overnight,0.0,False,679.48,679.48,194.81,False,0.0,False
2025-09-03,2025-09-04,0,Overnight,0.0,False,-43.88,-43.88,114.73,False,0.0,False
2025-09-04,2025-09-05,0,Overnight,0.0,False,-4.31,-4.31,119.86,False,0.0,False
2025-09-05,2025-09-08,2,Weekend,48.0,False,19.98,28.89,-60.92,True,8.94,False
2025-09-08,2025-09-09,0,Overnight,0.0,False,5.55,5.55,230.49,False,0.0,False
2025-09-09,2025-09-10,0,Overnight,0.0,False,-30.51,-30.51,11.3,False,0.0,False
2025-09-10,2025-09-11,0,Overnight,0.0,False,29.64,29.64,20.41,False,0.0,False
2025-09-11,2025-09-12,0,Overnight,0.0,False,0.0,0.0,17.87,False,0.0,False
2025-09-12,2025-09-15,2,Weekend,48.0,False,159.03,159.03,280.11,False,0.0,False
2025-09-15,2025-09-16,0,Overnight,0.0,False,18.66,18.66,-36.56,False,0.0,False
2025-09-16,2025-09-17,0,Overnight,0.0,False,2.39,2.39,-67.5,False,0.0,False
2025-09-17,2025-09-18,0,Overnight,0.0,False,85.79,85.79,13.9,False,0.0,False
2025-09-18,2025-09-19,0,Overnight,0.0,False,48.29,48.29,57.88,False,0.0,False
2025-09-19,2025-09-22,2,Weekend,48.0,False,-11.39,-11.39,-74.96,False,0.0,False
2025-09-22,2025-09-23,0,Overnight,0.0,False,20.18,20.18,-54.69,False,0.0,False
2025-09-23,2025-09-24,0,Overnight,0.0,False,0.0,0.0,-181.24,False,0.0,False
2025-09-24,2025-09-25,0,Overnight,0.0,False,-111.49,-111.49,56.71,False,0.0,False
2025-09-25,2025-09-26,0,Overnight,0.0,False,51.94,51.94,-21.48,False,0.0,False
2025-09-26,2025-09-29,2,Weekend,48.0,False,53.0,53.0,-154.51,False,0.0,False
2025-09-29,2025-09-30,0,Overnight,0.0,False,-50.94,-50.94,11.94,False,0.0,False
2025-09-30,2025-10-01,0,Overnight,0.0,False,-97.14,-97.14,170.91,False,0.0,False
2025-10-01,2025-10-02,0,Overnight,0.0,False,10.2,10.2,22.0,False,0.0,False
2025-10-02,2025-10-03,0,Overnight,0.0,False,-48.96,-48.96,35.11,False,0.0,False
2025-10-03,2025-10-06,2,Weekend,48.0,False,-23.26,-23.26,228.2,False,0.0,False
2025-10-06,2025-10-07,0,Overnight,0.0,False,-86.63,-86.63,-101.61,False,0.0,False
2025-10-07,2025-10-08,0,Overnight,0.0,False,-32.6,-32.6,-13.89,False,0.0,False
2025-10-08,2025-10-09,0,Overnight,0.0,False,-6.13,-6.13,-120.99,False,0.0,False
2025-10-09,2025-10-10,0,Overnight,0.0,False,-4.14,-4.14,-203.35,False,0.0,False
2025-10-10,2025-10-13,2,Weekend,48.0,False,152.69,152.69,162.69,False,0.0,False
2025-10-13,2025-10-14,0,Overnight,0.0,False,-120.32,-120.32,173.42,False,0.0,False
2025-10-14,2025-10-15,0,Overnight,0.0,False,73.07,73.07,151.72,False,0.0,False
2025-10-15,2025-10-16,0,Overnight,0.0,False,29.44,29.44,-12.32,False,0.0,False
2025-10-16,2025-10-17,0,Overnight,0.0,False,-27.88,-27.88,100.78,False,0.0,False
2025-10-17,2025-10-20,2,Weekend,48.0,False,54.73,54.73,72.76,False,0.0,False
2025-10-20,2025-10-21,0,Overnight,0.0,False,-70.8,-70.8,-169.44,False,0.0,False
2025-10-21,2025-10-22,0,Overnight,0.0,False,154.91,154.91,-105.92,False,0.0,False
2025-10-22,2025-10-23,0,Overnight,0.0,False,51.12,51.12,3.95,False,0.0,False
2025-10-23,2025-10-24,0,Overnight,0.0,False,137.35,137.35,129.33,False,0.0,False
2025-10-24,2025-10-27,2,Weekend,48.0,False,186.76,186.76,166.64,False,0.0,False
2025-10-27,2025-10-28,0,Overnight,0.0,False,15.59,15.59,-82.66,False,0.0,False
2025-10-28,2025-10-29,0,Overnight,0.0,False,10.46,10.46,251.53,False,0.0,False
2025-10-29,2025-10-30,0,Overnight,0.0,False,601.42,601.42,-352.87,False,0.0,False
2025-10-30,2025-10-31,0,Overnight,0.0,False,61.27,61.27,-71.58,False,0.0,False
2025-10-31,2025-11-03,2,Weekend,49.0,False,35.15,35.15,54.43,False,0.0,False
2025-11-03,2025-11-04,0,Overnight,0.0,False,-248.73,-248.73,28.51,False,0.0,False
2025-11-04,2025-11-05,0,Overnight,0.0,False,47.81,47.81,193.19,False,0.0,False
2025-11-05,2025-11-06,0,Overnight,0.0,False,35.81,35.81,-20.35,False,0.0,False
2025-11-06,2025-11-07,0,Overnight,0.0,False,-54.23,-54.23,-155.86,False,0.0,False
2025-11-07,2025-11-10,2,Weekend,48.0,False,198.5,198.5,197.74,False,0.0,False
2025-11-10,2025-11-11,0,Overnight,0.0,False,-81.34,-81.34,122.96,False,0.0,False
2025-11-11,2025-11-12,0,Overnight,0.0,False,12.69,12.69,-171.86,False,0.0,False
2025-11-12,2025-11-13,0,Overnight,0.0,False,-153.59,-153.59,-134.43,False,0.0,False
2025-11-13,2025-11-14,0,Overnight,0.0,False,-260.39,-260.39,182.55,False,0.0,False
2025-11-14,2025-11-17,2,Weekend,48.0,False,333.37,333.37,-26.63,False,0.0,False
2025-11-17,2025-11-18,0,Overnight,0.0,False,101.23,101.23,-127.23,False,0.0,False
2025-11-18,2025-11-19,0,Overnight,0.0,False,100.8,100.8,194.84,False,0.0,False
2025-11-19,2025-11-20,0,Overnight,0.0,False,392.79,392.79,-508.2,False,0.0,False
2025-11-20,2025-11-21,0,Overnight,0.0,False,237.95,237.95,108.71,False,0.0,False
2025-11-21,2025-11-24,2,Weekend,48.0,False,375.62,375.62,236.63,False,0.0,False
2025-11-24,2025-11-25,0,Overnight,0.0,False,236.68,236.68,-85.28,False,0.0,False
2025-11-25,2025-11-26,0,Overnight,0.0,False,-85.7,-85.7,-22.79,False,0.0,False
2025-11-26,2025-11-28,1,Short,24.0,False,106.32,106.32,-99.14,False,0.0,False
2025-11-28,2025-12-01,2,Weekend,48.0,True,-77.76,-77.76,-88.84,False,0.0,False
2025-12-01,2025-12-02,0,Overnight,0.0,False,58.58,58.58,-29.4,False,0.0,False
2025-12-02,2025-12-03,0,Overnight,0.0,False,2.53,2.53,117.7,False,0.0,False
2025-12-03,2025-12-04,0,Overnight,0.0,False,81.02,81.02,-144.1,False,0.0,False
2025-12-04,2025-12-05,0,Overnight,0.0,False,58.7,58.7,55.56,False,0.0,False
2025-12-05,2025-12-08,2,Weekend,48.0,False,-38.05,-31.49,-199.76,True,6.54,False
2025-12-08,2025-12-09,0,Overnight,0.0,False,-43.13,-43.13,149.66,False,0.0,False
2025-12-09,2025-12-10,0,Overnight,0.0,False,-39.5,-39.5,137.73,False,0.0,False
2025-12-10,2025-12-11,0,Overnight,0.0,False,-4.06,-4.06,-241.91,False,0.0,False
2025-12-11,2025-12-12,0,Overnight,0.0,False,40.57,40.57,-141.58,False,0.0,False
2025-12-12,2025-12-15,2,Weekend,48.0,False,65.42,65.42,-100.08,False,0.0,False
2025-12-15,2025-12-16,0,Overnight,0.0,False,-106.66,-106.66,52.98,False,0.0,False
2025-12-16,2025-12-17,0,Overnight,0.0,False,46.86,46.86,-373.43,False,0.0,False
2025-12-17,2025-12-18,0,Overnight,0.0,False,167.11,167.11,24.5,False,0.0,False
2025-12-18,2025-12-19,0,Overnight,0.0,False,-24.16,-24.16,178.36,False,0.0,False
2025-12-19,2025-12-22,2,Weekend,48.0,False,88.16,88.16,-3.23,False,0.0,False
2025-12-22,2025-12-23,0,Overnight,0.0,False,-4.84,-4.84,151.29,False,0.0,False
2025-12-23,2025-12-24,0,Overnight,0.0,False,13.35,13.35,-21.63,False,0.0,False
2025-12-24,2025-12-26,1,Short,24.0,True,12.41,12.41,-30.89,False,0.0,False
2025-12-26,2025-12-29,2,Weekend,48.0,False,-68.49,-68.49,70.09,False,0.0,False
2025-12-29,2025-12-30,0,Overnight,0.0,False,-33.86,-33.86,43.11,False,0.0,False
2025-12-30,2025-12-31,0,Overnight,0.0,False,-31.91,-31.91,4.79,False,0.0,False
2025-12-31,2026-01-02,1,Short,24.0,False,123.83,123.83,-55.38,False,0.0,False
2026-01-02,2026-01-05,2,Weekend,48.0,False,79.33,79.33,-35.32,False,0.0,False
2026-01-05,2026-01-06,0,Overnight,0.0,False,-4.42,-4.42,-65.32,False,0.0,False
2026-01-06,2026-01-07,0,Overnight,0.0,False,0.64,0.64,239.51,False,0.0,False
2026-01-07,2026-01-08,0,Overnight,0.0,False,214.77,214.77,-107.88,False,0.0,False
2026-01-08,2026-01-09,0,Overnight,0.0,False,50.57,50.57,45.15,False,0.0,False
2026-01-09,2026-01-12,2,Weekend,48.0,False,-84.66,-84.66,184.29,False,0.0,False
2026-01-12,2026-01-13,0,Overnight,0.0,False,92.68,92.68,30.41,False,0.0,False
2026-01-13,2026-01-14,0,Overnight,0.0,False,-27.12,-27.12,23.25,False,0.0,False
2026-01-14,2026-01-15,0,Overnight,0.0,False,53.75,53.75,-145.28,False,0.0,False
2026-01-15,2026-01-16,0,Overnight,0.0,False,48.86,48.86,-132.75,False,0.0,False
2026-01-16,2026-01-20,3,Long,72.0,False,-280.57,-280.57,35.16,False,0.0,False
2026-01-20,2026-01-21,0,Overnight,0.0,False,-33.6,-33.6,229.8,False,0.0,False
2026-01-21,2026-01-22,0,Overnight,0.0,False,183.16,183.16,-117.6,False,0.0,False
2026-01-22,2026-01-23,0,Overnight,0.0,False,58.82,58.82,-138.1,False,0.0,False
2026-01-23,2026-01-26,2,Weekend,48.0,False,-3.66,-3.66,164.89,False,0.0,False
2026-01-26,2026-01-27,0,Overnight,0.0,False,63.11,63.11,-24.48,False,0.0,False
2026-01-27,2026-01-28,0,Overnight,0.0,False,45.03,45.03,-1.49,False,0.0,False
2026-01-28,2026-01-29,0,Overnight,0.0,False,126.87,126.87,-60.42,False,0.0,False
2026-01-29,2026-01-30,0,Overnight,0.0,False,51.6,51.6,-59.0,False,0.0,False
2026-01-30,2026-02-02,2,Weekend,48.0,False,-52.8,-52.8,219.74,False,0.0,False
2026-02-02,2026-02-03,0,Overnight,0.0,False,105.64,105.64,-222.12,False,0.0,False
2026-02-03,2026-02-04,0,Overnight,0.0,False,95.22,95.22,-293.51,False,0.0,False
2026-02-04,2026-02-05,0,Overnight,0.0,False,-645.55,-645.55,591.65,False,0.0,False
2026-02-05,2026-02-06,0,Overnight,0.0,False,-123.63,-123.63,-132.92,False,0.0,False
2026-02-06,2026-02-09,2,Weekend,48.0,False,-59.96,-59.96,105.08,False,0.0,False
2026-02-09,2026-02-10,0,Overnight,0.0,False,-103.83,-103.83,-74.74,False,0.0,False
2026-02-10,2026-02-11,0,Overnight,0.0,False,12.23,12.23,-254.33,False,0.0,False
2026-02-11,2026-02-12,0,Overnight,0.0,False,36.27,36.27,-99.5,False,0.0,False
2026-02-12,2026-02-13,0,Overnight,0.0,False,-41.18,-41.18,-65.53,False,0.0,False
2026-02-13,2026-02-17,3,Long,72.0,False,-187.54,-187.54,65.77,False,0.0,False
2026-02-17,2026-02-18,0,Overnight,0.0,False,2.32,2.32,40.96,False,0.0,False
2026-02-18,2026-02-19,0,Overnight,0.0,False,-49.9,-49.9,34.07,False,0.0,False
2026-02-19,2026-02-20,0,Overnight,0.0,False,48.42,48.42,344.29,False,0.0,False
2026-02-20,2026-02-23,2,Weekend,48.0,False,128.39,128.39,-239.81,False,0.0,False
2026-02-23,2026-02-24,0,Overnight,0.0,False,-31.19,-31.19,12.23,False,0.0,False
2026-02-24,2026-02-25,0,Overnight,0.0,False,37.24,37.24,26.88,False,0.0,False
2026-02-25,2026-02-26,0,Overnight,0.0,False,-8.31,-8.31,-169.68,False,0.0,False
2026-02-26,2026-02-27,0,Overnight,0.0,False,-105.97,-105.97,247.46,False,0.0,False
2026-02-27,2026-03-02,2,Weekend,48.0,False,-277.42,-277.42,107.91,False,0.0,False
2026-03-02,2026-03-03,0,Overnight,0.0,False,-262.12,-262.12,165.74,False,0.0,False
2026-03-03,2026-03-04,0,Overnight,0.0,False,-22.75,-22.75,7.92,False,0.0,False
2026-03-04,2026-03-05,0,Overnight,0.0,False,-2.97,-2.97,-71.53,False,0.0,False
2026-03-05,2026-03-06,0,Overnight,0.0,False,-160.48,-160.48,81.73,False,0.0,False
2026-03-06,2026-03-09,2,Weekend,47.0,False,-140.33,-133.2,399.57,True,7.03,False
2026-03-09,2026-03-10,0,Overnight,0.0,False,-6.2,-6.2,28.38,False,0.0,False
2026-03-10,2026-03-11,0,Overnight,0.0,False,-9.45,-9.45,63.37,False,0.0,False
2026-03-11,2026-03-12,0,Overnight,0.0,False,-61.09,-61.09,-107.15,False,0.0,False
2026-03-12,2026-03-13,0,Overnight,0.0,False,113.34,113.34,-155.27,False,0.0,False
2026-03-13,2026-03-16,2,Weekend,48.0,False,68.25,68.25,39.68,False,0.0,False
2026-03-16,2026-03-17,0,Overnight,0.0,False,9.81,9.81,164.08,False,0.0,False
2026-03-17,2026-03-18,0,Overnight,0.0,False,-53.21,-53.21,-51.22,False,0.0,False
2026-03-18,2026-03-19,0,Overnight,0.0,False,-120.32,-120.32,102.1,False,0.0,False
2026-03-19,2026-03-20,0,Overnight,0.0,False,-54.52,-54.52,-147.09,False,0.0,False
2026-03-20,2026-03-23,2,Weekend,48.0,False,36.81,36.81,-1.65,False,0.0,False
2026-03-23,2026-03-24,0,Overnight,0.0,False,-95.13,-95.13,-297.15,False,0.0,False
2026-03-24,2026-03-25,0,Overnight,0.0,False,102.76,102.76,-85.91,False,0.0,False
2026-03-25,2026-03-26,0,Overnight,0.0,False,-104.35,-104.35,-245.78,False,0.0,False
2026-03-26,2026-03-27,0,Overnight,0.0,False,-130.42,-130.42,-106.6,False,0.0,False
2026-03-27,2026-03-30,2,Weekend,48.0,False,75.53,75.53,-106.2,False,0.0,False
2026-03-30,2026-03-31,0,Overnight,0.0,False,164.63,164.63,336.67,False,0.0,False
2026-03-31,2026-04-01,0,Overnight,0.0,False,113.42,113.42,222.71,False,0.0,False
2026-04-01,2026-04-02,0,Overnight,0.0,False,-227.87,-227.87,173.25,False,0.0,False
2026-04-02,2026-04-06,3,Long,72.0,False,3.38,3.38,138.29,False,0.0,False
2026-04-06,2026-04-07,0,Overnight,0.0,False,90.92,90.92,89.77,False,0.0,False
2026-04-07,2026-04-08,0,Overnight,0.0,False,479.07,479.07,-98.16,False,0.0,False
2026-04-08,2026-04-09,0,Overnight,0.0,False,-44.53,-44.53,81.34,False,0.0,False
2026-04-09,2026-04-10,0,Overnight,0.0,False,47.92,47.92,-87.25,False,0.0,False
2026-04-10,2026-04-13,2,Weekend,48.0,False,-3.15,-3.15,130.63,False,0.0,False
2026-04-13,2026-04-14,0,Overnight,0.0,False,107.72,107.72,246.93,False,0.0,False
2026-04-14,2026-04-15,0,Overnight,0.0,False,-0.6,-0.6,126.27,False,0.0,False
2026-04-15,2026-04-16,0,Overnight,0.0,False,48.23,48.23,-80.92,False,0.0,False
2026-04-16,2026-04-17,0,Overnight,0.0,False,48.39,48.39,118.65,False,0.0,False
2026-04-17,2026-04-20,2,Weekend,48.0,False,-26.96,-26.96,-98.5,False,0.0,False
2026-04-20,2026-04-21,0,Overnight,0.0,False,8.0,8.0,-161.2,False,0.0,False
2026-04-21,2026-04-22,0,Overnight,0.0,False,141.34,141.34,68.01,False,0.0,False
2026-04-22,2026-04-23,0,Overnight,0.0,False,54.67,54.67,-67.35,False,0.0,False
2026-04-23,2026-04-24,0,Overnight,0.0,False,-4.72,-4.72,166.0,False,0.0,False
2026-04-24,2026-04-27,2,Weekend,48.0,False,45.77,45.77,125.23,False,0.0,False
2026-04-27,2026-04-28,0,Overnight,0.0,False,-51.22,-51.22,35.23,False,0.0,False
2026-04-28,2026-04-29,0,Overnight,0.0,False,-63.38,-63.38,67.96,False,0.0,False
2026-04-29,2026-04-30,0,Overnight,0.0,False,666.81,666.81,282.81,False,0.0,False
2026-04-30,2026-05-01,0,Overnight,0.0,False,-82.72,-82.72,105.82,False,0.0,False
2026-05-01,2026-05-04,2,Weekend,48.0,False,-1.56,-1.56,-61.91,False,0.0,False
2026-05-04,2026-05-05,0,Overnight,0.0,False,77.46,77.46,56.8,False,0.0,False
2026-05-05,2026-05-06,0,Overnight,0.0,False,148.72,148.72,95.67,False,0.0,False
2026-05-06,2026-05-07,0,Overnight,0.0,False,47.12,47.12,-48.38,False,0.0,False
2026-05-07,2026-05-08,0,Overnight,0.0,False,-24.91,-24.91,95.26,False,0.0,False
2026-05-08,2026-05-11,2,Weekend,48.0,False,-180.0,-180.0,-128.09,False,0.0,False
2026-05-11,2026-05-12,0,Overnight,0.0,False,-33.51,-33.51,0.26,False,0.0,False
2026-05-12,2026-05-13,0,Overnight,0.0,False,-45.28,-45.28,431.93,False,0.0,False
2026-05-13,2026-05-14,0,Overnight,0.0,False,-133.52,-133.52,94.95,False,0.0,False
2026-05-14,2026-05-15,0,Overnight,0.0,False,-119.14,-119.14,11.6,False,0.0,False
2026-05-15,2026-05-18,2,Weekend,48.0,False,-27.51,-27.51,31.54,False,0.0,False
2026-05-18,2026-05-19,0,Overnight,0.0,False,0.5,0.5,-237.07,False,0.0,False
2026-05-19,2026-05-20,0,Overnight,0.0,False,1.03,1.03,31.16,False,0.0,False
2026-05-20,2026-05-21,0,Overnight,0.0,False,-82.88,-82.88,50.69,False,0.0,False
2026-05-21,2026-05-22,0,Overnight,0.0,False,-8.0,-8.0,-113.72,False,0.0,False
2026-05-22,2026-05-26,3,Long,72.0,False,40.13,40.13,113.01,False,0.0,False
2026-05-26,2026-05-27,0,Overnight,0.0,False,-56.99,-56.99,55.71,False,0.0,False
2026-05-27,2026-05-28,0,Overnight,0.0,False,-21.37,-21.37,54.75,False,0.0,False
2026-05-28,2026-05-29,0,Overnight,0.0,False,-126.14,-126.14,-128.01,False,0.0,False
2026-05-29,2026-06-01,2,Weekend,48.0,False,-100.94,-100.94,-3.98,False,0.0,False
2026-06-01,2026-06-02,0,Overnight,0.0,False,-263.29,-263.29,-130.14,False,0.0,False
2026-06-02,2026-06-03,0,Overnight,0.0,False,4.97,4.97,-84.33,False,0.0,False
2026-06-03,2026-06-04,0,Overnight,0.0,False,-2.51,-2.51,363.61,False,0.0,False
2026-06-04,2026-06-05,0,Overnight,0.0,False,-158.43,-158.43,59.6,False,0.0,False
2026-06-05,2026-06-08,2,Weekend,48.0,False,-91.32,-85.29,-51.34,True,5.97,False
2026-06-08,2026-06-09,0,Overnight,0.0,False,103.51,103.51,-77.39,False,0.0,False
2026-06-09,2026-06-10,0,Overnight,0.0,False,-29.42,-29.42,-189.29,False,0.0,False
2026-06-10,2026-06-11,0,Overnight,0.0,False,-12.64,-12.64,51.56,False,0.0,False
2026-06-11,2026-06-12,0,Overnight,0.0,False,134.65,134.65,-81.41,False,0.0,False
2026-06-12,2026-06-15,2,Weekend,48.0,False,226.78,226.78,38.52,False,0.0,False
2026-06-15,2026-06-16,0,Overnight,0.0,False,6.77,6.77,98.27,False,0.0,False
2026-06-16,2026-06-17,0,Overnight,0.0,False,-111.0,-111.0,-145.72,False,0.0,False
2026-06-17,2026-06-18,0,Overnight,0.0,False,53.73,53.73,62.14,False,0.0,False
2026-06-18,2026-06-22,3,Long,72.0,False,-277.71,-277.71,-233.75,False,0.0,False
2026-06-22,2026-06-23,0,Overnight,0.0,False,-260.45,-260.45,158.41,False,0.0,False
2026-06-23,2026-06-24,0,Overnight,0.0,False,83.72,83.72,-108.02,False,0.0,False
2026-06-24,2026-06-25,0,Overnight,0.0,False,-251.03,-251.03,205.17,False,0.0,False
2026-06-25,2026-06-26,0,Overnight,0.0,False,-33.81,-33.81,-151.78,False,0.0,False
2026-06-26,2026-06-29,2,Weekend,48.0,False,130.74,130.74,339.94,False,0.0,False
2026-06-29,2026-06-30,0,Overnight,0.0,False,6.22,6.22,98.42,False,0.0,False
2026-06-30,2026-07-01,0,Overnight,0.0,False,27.94,27.94,78.94,False,0.0,False
2026-07-01,2026-07-02,0,Overnight,0.0,False,-48.01,-48.01,11.95,False,0.0,False
2026-07-02,2026-07-06,3,Long,72.0,False,45.46,45.46,134.89,False,0.0,False
2026-07-06,2026-07-07,0,Overnight,0.0,False,70.97,70.97,-55.43,False,0.0,False
2026-07-07,2026-07-08,0,Overnight,0.0,False,-62.04,-62.04,-78.16,False,0.0,False
2026-07-08,2026-07-09,0,Overnight,0.0,False,-212.51,-212.51,128.44,False,0.0,False
2026-07-09,2026-07-10,0,Overnight,0.0,False,-37.97,-37.97,-9.79,False,0.0,False
2026-07-10,2026-07-13,2,Weekend,48.0,False,-27.76,-27.76,-103.85,False,0.0,False
2026-07-13,2026-07-14,0,Overnight,0.0,False,-37.23,-37.23,233.86,False,0.0,False
2026-07-14,2026-07-15,0,Overnight,0.0,False,-42.93,-42.93,355.37,False,0.0,False
2026-07-15,2026-07-16,0,Overnight,0.0,False,57.53,57.53,-511.44,False,0.0,False
2026-07-16,2026-07-17,0,Overnight,0.0,False,-241.57,-241.57,22.23,False,0.0,False
2026-07-17,2026-07-20,2,Weekend,48.0,False,117.83,117.83,31.58,False,0.0,False
2026-07-20,2026-07-21,0,Overnight,0.0,False,-19.05,-19.05,-119.41,False,0.0,False
2026-07-21,2026-07-22,0,Overnight,0.0,False,29.05,29.05,-175.88,False,0.0,False
2026-07-22,2026-07-23,0,Overnight,0.0,False,-632.28,-632.28,-107.7,False,0.0,False
2026-07-23,2026-07-24,0,Overnight,0.0,False,22.95,22.95,41.37,False,0.0,False
2026-07-24,2026-07-27,2,Weekend,48.0,False,164.4,164.4,46.65,False,0.0,False
2026-07-27,2026-07-28,0,Overnight,0.0,False,40.95,40.95,175.64,False,0.0,False
2026-07-28,2026-07-29,0,Overnight,0.0,False,28.73,28.73,60.77,False,0.0,False
2026-07-29,2026-07-30,0,Overnight,0.0,False,-74.82,-74.82,-16.17,False,0.0,False
2026-07-30,2026-07-31,0,Overnight,0.0,False,212.61,212.61,439.12,False,0.0,False
2026-07-31,2026-08-03,2,Weekend,48.0,False,258.34,258.34,218.15,False,0.0,False
2026-08-03,2026-08-04,0,Overnight,0.0,False,-142.64,-142.64,252.87,False,0.0,False
2026-08-04,2026-08-05,0,Overnight,0.0,False,149.54,149.54,-560.91,False,0.0,False
2026-08-05,2026-08-06,0,Overnight,0.0,False,-45.91,-45.91,-84.06,False,0.0,False
2026-08-06,2026-08-07,0,Overnight,0.0,False,-28.83,-28.83,-68.07,False,0.0,False
2026-08-07,2026-08-10,2,Weekend,48.0,False,24.81,24.81,65.67,False,0.0,False
2026-08-10,2026-08-11,0,Overnight,0.0,False,-45.7,-45.7,-345.62,False,0.0,False
2026-08-11,2026-08-12,0,Overnight,0.0,False,72.74,72.74,-80.31,False,0.0,False
2026-08-12,2026-08-13,0,Overnight,0.0,False,64.7,64.7,17.05,False,0.0,False
2026-08-13,2026-08-14,0,Overnight,0.0,False,12.7,12.7,-25.99,False,0.0,False
2026-08-14,2026-08-17,2,Weekend,48.0,False,10.69,10.69,-65.77,False,0.0,False
2026-08-17,2026-08-18,0,Overnight,0.0,False,-46.33,-46.33,52.14,False,0.0,False
2026-08-18,2026-08-19,0,Overnight,0.0,False,-50.68,-50.68,65.78,False,0.0,False
2026-08-19,2026-08-20,0,Overnight,0.0,False,-48.27,-48.27,-69.91,False,0.0,False
2026-08-20,2026-08-21,0,Overnight,0.0,False,55.91,55.91,65.17,False,0.0,False
2026-08-21,2026-08-24,2,Weekend,48.0,False,-34.86,-34.86,128.38,False,0.0,False
2026-08-24,2026-08-25,0,Overnight,0.0,False,45.29,45.29,-76.95,False,0.0,False
2026-08-25,2026-08-26,0,Overnight,0.0,False,-9.8,-9.8,-134.18,False,0.0,False
2026-08-26,2026-08-27,0,Overnight,0.0,False,-68.36,-68.36,28.81,False,0.0,False
2026-08-27,2026-08-28,0,Overnight,0.0,False,1.76,1.76,171.11,False,0.0,False
2026-08-28,2026-08-31,2,Weekend,48.0,False,-79.95,-79.95,-131.15,False,0.0,False
2026-08-31,2026-09-01,0,Overnight,0.0,False,-99.21,-99.21,-29.21,False,0.0,False
2026-09-01,2026-09-02,0,Overnight,0.0,False,-28.7,-28.7,91.18,False,0.0,False
2026-09-02,2026-09-03,0,Overnight,0.0,False,101.52,101.52,56.22,False,0.0,False
2026-09-03,2026-09-04,0,Overnight,0.0,False,-0.29,6.13,-117.78,True,6.42,False
2026-09-04,2026-09-08,3,Long,72.0,False,-90.22,-90.22,87.27,False,0.0,False
2026-09-08,2026-09-09,0,Overnight,0.0,False,-200.3,-200.3,-30.2,False,0.0,False
2026-09-09,2026-09-10,0,Overnight,0.0,False,-73.46,-73.46,132.26,False,0.0,False
2026-09-10,2026-09-11,0,Overnight,0.0,False,72.79,72.79,103.04,False,0.0,False
2026-09-11,2026-09-14,2,Weekend,48.0,False,135.56,135.56,181.09,False,0.0,False
2026-09-14,2026-09-15,0,Overnight,0.0,False,-74.41,-74.41,-52.62,False,0.0,False
2026-09-15,2026-09-16,0,Overnight,0.0,False,60.69,60.69,-122.04,False,0.0,False
2026-09-16,2026-09-17,0,Overnight,0.0,False,168.03,168.03,-38.79,False,0.0,False
2026-09-17,2026-09-18,0,Overnight,0.0,False,283.28,283.28,-219.86,False,0.0,False
2026-09-18,2026-09-21,2,Weekend,48.0,False,31.42,31.42,122.73,False,0.0,False
2026-09-21,2026-09-22,0,Overnight,0.0,False,75.22,75.22,-183.13,False,0.0,False
2026-09-22,2026-09-23,0,Overnight,0.0,False,-37.09,-37.09,-349.9,False,0.0,False
2026-09-23,2026-09-24,0,Overnight,0.0,False,-47.77,-47.77,180.97,False,0.0,False
2026-09-24,2026-09-25,0,Overnight,0.0,False,-0.29,-0.29,45.75,False,0.0,False
2026-09-25,2026-09-28,2,Weekend,48.0,False,-94.07,-94.07,59.99,False,0.0,False
2026-09-28,2026-09-29,0,Overnight,0.0,False,-23.37,-23.37,-30.17,False,0.0,False
2026-09-29,2026-09-30,0,Overnight,0.0,False,94.3,94.3,-2.03,False,0.0,False
2026-09-30,2026-10-01,0,Overnight,0.0,False,193.14,193.14,-364.32,False,0.0,False
