d1,d2,n_closed,cls,hours,d1_early_close,gap_bps,gap_divneutral_bps,oc_bps,exdiv,div_bps,split
2010-01-04,2010-01-05,0,Overnight,0.0,False,-14.01,-14.01,205.86,False,0.0,False
2010-01-05,2010-01-06,0,Overnight,0.0,False,-52.79,-52.79,107.59,False,0.0,False
2010-01-06,2010-01-07,0,Overnight,0.0,False,-29.64,-29.64,225.79,False,0.0,False
2010-01-07,2010-01-08,0,Overnight,0.0,False,-94.21,-94.21,69.62,False,0.0,False
2010-01-08,2010-01-11,2,Weekend,48.0,False,98.0,98.0,-131.62,False,0.0,False
2010-01-11,2010-01-12,0,Overnight,0.0,False,-122.01,-122.01,-114.31,False,0.0,False
2010-01-12,2010-01-13,0,Overnight,0.0,False,13.79,13.79,159.46,False,0.0,False
2010-01-13,2010-01-14,0,Overnight,0.0,False,-11.31,-11.31,110.25,False,0.0,False
2010-01-14,2010-01-15,0,Overnight,0.0,False,-87.65,-87.65,-140.94,False,0.0,False
2010-01-15,2010-01-19,3,Long,72.0,False,-64.31,-64.31,-27.69,False,0.0,False
2010-01-19,2010-01-20,0,Overnight,0.0,False,-62.58,-62.58,90.27,False,0.0,False
2010-01-20,2010-01-21,0,Overnight,0.0,False,-83.3,-83.3,-598.41,False,0.0,False
2010-01-21,2010-01-22,0,Overnight,0.0,False,27.1,27.1,-373.43,False,0.0,False
2010-01-22,2010-01-25,2,Weekend,48.0,False,152.06,152.06,-139.3,False,0.0,False
2010-01-25,2010-01-26,0,Overnight,0.0,False,-53.7,-53.7,-144.63,False,0.0,False
2010-01-26,2010-01-27,0,Overnight,0.0,False,-23.44,-23.44,252.33,False,0.0,False
2010-01-27,2010-01-28,0,Overnight,0.0,False,88.6,88.6,-50.53,False,0.0,False
2010-01-28,2010-01-29,0,Overnight,0.0,False,42.97,42.97,-180.69,False,0.0,False
2010-01-29,2010-02-01,2,Weekend,48.0,False,41.0,41.0,134.64,False,0.0,False
2010-02-01,2010-02-02,0,Overnight,0.0,False,42.8,42.8,186.69,False,0.0,False
2010-02-02,2010-02-03,0,Overnight,0.0,False,7.4,7.4,-71.72,False,0.0,False
2010-02-03,2010-02-04,0,Overnight,0.0,False,-124.88,-124.88,-368.61,False,0.0,False
2010-02-04,2010-02-05,0,Overnight,0.0,False,75.34,75.34,-88.38,False,0.0,False
2010-02-05,2010-02-08,2,Weekend,48.0,False,-2.61,-2.61,-155.29,False,0.0,False
2010-02-08,2010-02-09,0,Overnight,0.0,False,129.14,129.14,52.23,False,0.0,False
2010-02-09,2010-02-10,0,Overnight,0.0,False,64.91,64.91,59.35,False,0.0,False
2010-02-10,2010-02-11,0,Overnight,0.0,False,-7.72,-7.72,46.24,False,0.0,False
2010-02-11,2010-02-12,0,Overnight,0.0,False,-90.1,-90.1,72.15,False,0.0,False
2010-02-12,2010-02-16,3,Long,72.0,False,97.09,97.09,186.4,False,0.0,False
2010-02-16,2010-02-17,0,Overnight,0.0,False,47.3,47.3,-54.79,False,0.0,False
2010-02-17,2010-02-18,0,Overnight,0.0,False,-25.01,-25.01,116.99,False,0.0,False
2010-02-18,2010-02-19,0,Overnight,0.0,False,-74.52,-74.52,-19.97,False,0.0,False
2010-02-19,2010-02-22,2,Weekend,48.0,False,92.01,92.01,110.77,False,0.0,False
2010-02-22,2010-02-23,0,Overnight,0.0,False,12.23,12.23,-252.55,False,0.0,False
2010-02-23,2010-02-24,0,Overnight,0.0,False,42.54,42.54,197.78,False,0.0,False
2010-02-24,2010-02-25,0,Overnight,0.0,False,-170.35,-170.35,118.81,False,0.0,False
2010-02-25,2010-02-26,0,Overnight,0.0,False,12.3,12.3,309.73,False,0.0,False
2010-02-26,2010-03-01,2,Weekend,48.0,False,14.29,14.29,-47.7,False,0.0,False
2010-03-01,2010-03-02,0,Overnight,0.0,False,35.79,35.79,-86.13,False,0.0,False
2010-03-02,2010-03-03,0,Overnight,0.0,False,7.21,7.21,-28.85,False,0.0,False
2010-03-03,2010-03-04,0,Overnight,0.0,False,91.08,91.08,2.39,False,0.0,False
2010-03-04,2010-03-05,0,Overnight,0.0,False,94.97,94.97,115.12,False,0.0,False
2010-03-05,2010-03-08,2,Weekend,48.0,False,9.34,9.34,-60.86,False,0.0,False
2010-03-08,2010-03-09,0,Overnight,0.0,False,-47.07,-47.07,7.07,False,0.0,False
2010-03-09,2010-03-10,0,Overnight,0.0,False,105.52,105.52,13.99,False,0.0,False
2010-03-10,2010-03-11,0,Overnight,0.0,False,-4.66,-4.66,62.73,False,0.0,False
2010-03-11,2010-03-12,0,Overnight,0.0,False,36.99,36.99,-43.94,False,0.0,False
2010-03-12,2010-03-15,2,Weekend,47.0,False,-53.45,-53.45,34.89,False,0.0,False
2010-03-15,2010-03-16,0,Overnight,0.0,False,64.8,64.8,-25.41,False,0.0,False
2010-03-16,2010-03-17,0,Overnight,0.0,False,16.18,16.18,110.22,False,0.0,False
2010-03-17,2010-03-18,0,Overnight,0.0,False,-9.14,-9.14,-25.17,False,0.0,False
2010-03-18,2010-03-19,0,Overnight,0.0,False,-43.63,-43.63,0.0,False,0.0,False
2010-03-19,2010-03-22,2,Weekend,48.0,False,-87.84,-87.84,154.36,False,0.0,False
2010-03-22,2010-03-23,0,Overnight,0.0,False,25.12,25.12,165.11,False,0.0,False
2010-03-23,2010-03-24,0,Overnight,0.0,False,-31.45,-31.45,111.88,False,0.0,False
2010-03-24,2010-03-25,0,Overnight,0.0,False,8.9,8.9,-8.9,False,0.0,False
2010-03-25,2010-03-26,0,Overnight,0.0,False,22.23,22.23,-4.44,False,0.0,False
2010-03-26,2010-03-29,2,Weekend,48.0,False,50.96,50.96,-86.56,False,0.0,False
2010-03-29,2010-03-30,0,Overnight,0.0,False,8.91,8.91,-71.52,False,0.0,False
2010-03-30,2010-03-31,0,Overnight,0.0,False,-60.75,-60.75,98.81,False,0.0,False
2010-03-31,2010-04-01,0,Overnight,0.0,False,62.37,73.47,33.26,True,11.17,False
2010-04-01,2010-04-05,3,Long,72.0,False,22.11,22.11,13.24,False,0.0,False
2010-04-05,2010-04-06,0,Overnight,0.0,False,-24.29,-24.29,133.96,False,0.0,False
2010-04-06,2010-04-07,0,Overnight,0.0,False,-2.18,-2.18,-111.91,False,0.0,False
2010-04-07,2010-04-08,0,Overnight,0.0,False,-35.37,-35.37,131.99,False,0.0,False
2010-04-08,2010-04-09,0,Overnight,0.0,False,26.19,26.19,21.77,False,0.0,False
2010-04-09,2010-04-12,2,Weekend,48.0,False,10.87,10.87,23.87,False,0.0,False
2010-04-12,2010-04-13,0,Overnight,0.0,False,-21.7,-21.7,-36.99,False,0.0,False
2010-04-13,2010-04-14,0,Overnight,0.0,False,328.11,328.11,69.38,False,0.0,False
2010-04-14,2010-04-15,0,Overnight,0.0,False,-16.77,-16.77,33.52,False,0.0,False
2010-04-15,2010-04-16,0,Overnight,0.0,False,-29.33,-29.33,-454.92,False,0.0,False
2010-04-16,2010-04-19,2,Weekend,48.0,False,-70.5,-70.5,35.31,False,0.0,False
2010-04-19,2010-04-20,0,Overnight,0.0,False,83.37,83.37,24.0,False,0.0,False
2010-04-20,2010-04-21,0,Overnight,0.0,False,34.81,34.81,-151.0,False,0.0,False
2010-04-21,2010-04-22,0,Overnight,0.0,False,-97.5,-97.5,-37.92,False,0.0,False
2010-04-22,2010-04-23,0,Overnight,0.0,False,-2.24,-2.24,46.84,False,0.0,False
2010-04-23,2010-04-26,2,Weekend,48.0,False,-35.67,-35.67,-200.75,False,0.0,False
2010-04-26,2010-04-27,0,Overnight,0.0,False,-93.85,-93.85,-249.17,False,0.0,False
2010-04-27,2010-04-28,0,Overnight,0.0,False,100.88,100.88,143.69,False,0.0,False
2010-04-28,2010-04-29,0,Overnight,0.0,False,98.46,98.46,25.03,False,0.0,False
2010-04-29,2010-04-30,0,Overnight,0.0,False,4.54,4.54,-332.59,False,0.0,False
2010-04-30,2010-05-03,2,Weekend,48.0,False,91.18,91.18,129.48,False,0.0,False
2010-05-03,2010-05-04,0,Overnight,0.0,False,-129.48,-129.48,-117.04,False,0.0,False
2010-05-04,2010-05-05,0,Overnight,0.0,False,-85.13,-85.13,122.73,False,0.0,False
2010-05-05,2010-05-06,0,Overnight,0.0,False,0.0,0.0,-436.31,False,0.0,False
2010-05-06,2010-05-07,0,Overnight,0.0,False,53.76,53.76,-66.02,False,0.0,False
2010-05-07,2010-05-10,2,Weekend,48.0,False,375.59,375.59,-87.81,False,0.0,False
2010-05-10,2010-05-11,0,Overnight,0.0,False,-117.49,-117.49,21.68,False,0.0,False
2010-05-11,2010-05-12,0,Overnight,0.0,False,45.62,45.62,-11.99,False,0.0,False
2010-05-12,2010-05-13,0,Overnight,0.0,False,-60.15,-60.15,-153.19,False,0.0,False
2010-05-13,2010-05-14,0,Overnight,0.0,False,-175.51,-175.51,-52.51,False,0.0,False
2010-05-14,2010-05-17,2,Weekend,48.0,False,10.02,10.02,-22.56,False,0.0,False
2010-05-17,2010-05-18,0,Overnight,0.0,False,193.89,193.89,-401.86,False,0.0,False
2010-05-18,2010-05-19,0,Overnight,0.0,False,-123.78,-123.78,215.61,False,0.0,False
2010-05-19,2010-05-20,0,Overnight,0.0,False,-213.02,-213.02,-188.54,False,0.0,False
2010-05-20,2010-05-21,0,Overnight,0.0,False,-216.44,-216.44,786.7,False,0.0,False
2010-05-21,2010-05-24,2,Weekend,48.0,False,27.43,27.43,-391.01,False,0.0,False
2010-05-24,2010-05-25,0,Overnight,0.0,False,-249.06,-249.06,331.58,False,0.0,False
2010-05-25,2010-05-26,0,Overnight,0.0,False,64.0,64.0,-105.17,False,0.0,False
2010-05-26,2010-05-27,0,Overnight,0.0,False,204.19,204.19,210.01,False,0.0,False
2010-05-27,2010-05-28,0,Overnight,0.0,False,-22.29,-22.29,-187.72,False,0.0,False
2010-05-28,2010-06-01,3,Long,72.0,False,-65.91,-65.91,-200.37,False,0.0,False
2010-06-01,2010-06-02,0,Overnight,0.0,False,162.14,162.14,96.55,False,0.0,False
2010-06-02,2010-06-03,0,Overnight,0.0,False,78.08,78.08,-192.51,False,0.0,False
2010-06-03,2010-06-04,0,Overnight,0.0,False,-157.24,-157.24,-228.63,False,0.0,False
2010-06-04,2010-06-07,2,Weekend,48.0,False,45.09,45.09,-287.23,False,0.0,False
2010-06-07,2010-06-08,0,Overnight,0.0,False,38.05,38.05,246.53,False,0.0,False
2010-06-08,2010-06-09,0,Overnight,0.0,False,97.46,97.46,-273.7,False,0.0,False
2010-06-09,2010-06-10,0,Overnight,0.0,False,149.74,149.74,160.59,False,0.0,False
2010-06-10,2010-06-11,0,Overnight,0.0,False,-131.44,-131.44,79.07,False,0.0,False
2010-06-11,2010-06-14,2,Weekend,48.0,False,-31.55,-31.55,-169.99,False,0.0,False
2010-06-14,2010-06-15,0,Overnight,0.0,False,58.76,58.76,184.7,False,0.0,False
2010-06-15,2010-06-16,0,Overnight,0.0,False,-60.31,-60.31,130.65,False,0.0,False
2010-06-16,2010-06-17,0,Overnight,0.0,False,20.75,20.75,-41.54,False,0.0,False
2010-06-17,2010-06-18,0,Overnight,0.0,False,41.54,41.54,149.14,False,0.0,False
2010-06-18,2010-06-21,2,Weekend,48.0,False,93.99,93.99,-173.43,False,0.0,False
2010-06-21,2010-06-22,0,Overnight,0.0,False,15.42,15.42,-155.32,False,0.0,False
2010-06-22,2010-06-23,0,Overnight,0.0,False,-10.44,-10.44,155.48,False,0.0,False
2010-06-23,2010-06-24,0,Overnight,0.0,False,-87.81,-87.81,-135.81,False,0.0,False
2010-06-24,2010-06-25,0,Overnight,0.0,False,195.29,195.29,168.76,False,0.0,False
2010-06-25,2010-06-28,2,Weekend,48.0,False,27.85,27.85,-258.69,False,0.0,False
2010-06-28,2010-06-29,0,Overnight,0.0,False,-164.82,-164.82,-226.77,False,0.0,False
2010-06-29,2010-06-30,0,Overnight,0.0,False,-10.8,-10.8,-111.37,False,0.0,False
2010-06-30,2010-07-01,0,Overnight,0.0,False,-19.14,-5.46,-126.69,True,13.66,False
2010-07-01,2010-07-02,0,Overnight,0.0,False,63.54,63.54,-133.08,False,0.0,False
2010-07-02,2010-07-06,3,Long,72.0,False,237.19,237.19,-98.6,False,0.0,False
2010-07-06,2010-07-07,0,Overnight,0.0,False,84.97,84.97,403.85,False,0.0,False
2010-07-07,2010-07-08,0,Overnight,0.0,False,163.79,163.79,-161.17,False,0.0,False
2010-07-08,2010-07-09,0,Overnight,0.0,False,-108.02,-108.02,287.23,False,0.0,False
2010-07-09,2010-07-12,2,Weekend,48.0,False,2.57,2.57,84.56,False,0.0,False
2010-07-12,2010-07-13,0,Overnight,0.0,False,156.97,156.97,166.9,False,0.0,False
2010-07-13,2010-07-14,0,Overnight,0.0,False,-81.86,-81.86,49.69,False,0.0,False
2010-07-14,2010-07-15,0,Overnight,0.0,False,91.28,91.28,-64.06,False,0.0,False
2010-07-15,2010-07-16,0,Overnight,0.0,False,-44.59,-44.59,-322.93,False,0.0,False
2010-07-16,2010-07-19,2,Weekend,48.0,False,7.69,7.69,2.56,False,0.0,False
2010-07-19,2010-07-20,0,Overnight,0.0,False,-186.15,-186.15,336.14,False,0.0,False
2010-07-20,2010-07-21,0,Overnight,0.0,False,155.24,155.24,-465.32,False,0.0,False
2010-07-21,2010-07-22,0,Overnight,0.0,False,139.57,139.57,99.6,False,0.0,False
2010-07-22,2010-07-23,0,Overnight,0.0,False,-45.85,-45.85,167.09,False,0.0,False
2010-07-23,2010-07-26,2,Weekend,48.0,False,-7.54,-7.54,132.29,False,0.0,False
2010-07-26,2010-07-27,0,Overnight,0.0,False,101.15,101.15,-12.28,False,0.0,False
2010-07-27,2010-07-28,0,Overnight,0.0,False,-61.63,-61.63,-29.72,False,0.0,False
2010-07-28,2010-07-29,0,Overnight,0.0,False,96.26,96.26,-123.58,False,0.0,False
2010-07-29,2010-07-30,0,Overnight,0.0,False,-122.61,-122.61,140.0,False,0.0,False
2010-07-30,2010-08-02,2,Weekend,48.0,False,172.29,172.29,159.77,False,0.0,False
2010-08-02,2010-08-03,0,Overnight,0.0,False,-33.68,-33.68,-101.72,False,0.0,False
2010-08-03,2010-08-04,0,Overnight,0.0,False,34.02,34.02,16.97,False,0.0,False
2010-08-04,2010-08-05,0,Overnight,0.0,False,-77.8,-77.8,72.96,False,0.0,False
2010-08-05,2010-08-06,0,Overnight,0.0,False,-129.25,-129.25,-73.91,False,0.0,False
2010-08-06,2010-08-09,2,Weekend,48.0,False,27.16,27.16,-181.66,False,0.0,False
2010-08-09,2010-08-10,0,Overnight,0.0,False,-37.74,-37.74,-126.84,False,0.0,False
2010-08-10,2010-08-11,0,Overnight,0.0,False,-133.64,-133.64,-230.32,False,0.0,False
2010-08-11,2010-08-12,0,Overnight,0.0,False,-109.14,-109.14,119.73,False,0.0,False
2010-08-12,2010-08-13,0,Overnight,0.0,False,-2.65,-2.65,-79.68,False,0.0,False
2010-08-13,2010-08-16,2,Weekend,48.0,False,-48.12,-48.12,98.65,False,0.0,False
2010-08-16,2010-08-17,0,Overnight,0.0,False,74.02,74.02,-129.89,False,0.0,False
2010-08-17,2010-08-18,0,Overnight,0.0,False,-24.04,-24.04,132.84,False,0.0,False
2010-08-18,2010-08-19,0,Overnight,0.0,False,-60.89,-60.89,-157.91,False,0.0,False
2010-08-19,2010-08-20,0,Overnight,0.0,False,10.78,10.78,8.08,False,0.0,False
2010-08-20,2010-08-23,2,Weekend,48.0,False,18.83,18.83,-89.08,False,0.0,False
2010-08-23,2010-08-24,0,Overnight,0.0,False,-78.94,-78.94,-104.4,False,0.0,False
2010-08-24,2010-08-25,0,Overnight,0.0,False,-72.06,-72.06,77.58,False,0.0,False
2010-08-25,2010-08-26,0,Overnight,0.0,False,35.82,35.82,-202.81,False,0.0,False
2010-08-26,2010-08-27,0,Overnight,0.0,False,67.13,67.13,201.47,False,0.0,False
2010-08-27,2010-08-30,2,Weekend,48.0,False,-54.79,-54.79,-152.25,False,0.0,False
2010-08-30,2010-08-31,0,Overnight,0.0,False,25.07,25.07,116.18,False,0.0,False
2010-08-31,2010-09-01,0,Overnight,0.0,False,103.97,103.97,268.54,False,0.0,False
2010-09-01,2010-09-02,0,Overnight,0.0,False,26.46,26.46,84.21,False,0.0,False
2010-09-02,2010-09-03,0,Overnight,0.0,False,80.91,80.91,180.32,False,0.0,False
2010-09-03,2010-09-07,3,Long,72.0,False,-112.97,-112.97,-116.87,False,0.0,False
2010-09-07,2010-09-08,0,Overnight,0.0,False,15.66,15.66,201.4,False,0.0,False
2010-09-08,2010-09-09,0,Overnight,0.0,False,204.94,204.94,42.48,False,0.0,False
2010-09-09,2010-09-10,0,Overnight,0.0,False,-44.99,-44.99,-40.16,False,0.0,False
2010-09-10,2010-09-13,2,Weekend,48.0,False,218.91,218.91,117.42,False,0.0,False
2010-09-13,2010-09-14,0,Overnight,0.0,False,-36.54,-36.54,-61.21,False,0.0,False
2010-09-14,2010-09-15,0,Overnight,0.0,False,-51.71,-51.71,115.35,False,0.0,False
2010-09-15,2010-09-16,0,Overnight,0.0,False,-63.65,-63.65,66.09,False,0.0,False
2010-09-16,2010-09-17,0,Overnight,0.0,False,9.75,9.75,-239.25,False,0.0,False
2010-09-17,2010-09-20,2,Weekend,48.0,False,44.83,44.83,233.34,False,0.0,False
2010-09-20,2010-09-21,0,Overnight,0.0,False,29.09,29.09,-175.83,False,0.0,False
2010-09-21,2010-09-22,0,Overnight,0.0,False,-39.5,-39.5,-121.94,False,0.0,False
2010-09-22,2010-09-23,0,Overnight,0.0,False,-77.92,-77.92,-134.64,False,0.0,False
2010-09-23,2010-09-24,0,Overnight,0.0,False,104.31,104.31,60.56,False,0.0,False
2010-09-24,2010-09-27,2,Weekend,48.0,False,-52.97,-52.97,-117.02,False,0.0,False
2010-09-27,2010-09-28,0,Overnight,0.0,False,71.39,71.39,-104.71,False,0.0,False
2010-09-28,2010-09-29,0,Overnight,0.0,False,-41.16,-41.16,-98.45,False,0.0,False
2010-09-29,2010-09-30,0,Overnight,0.0,False,20.81,20.81,-112.35,False,0.0,False
2010-09-30,2010-10-01,0,Overnight,0.0,False,73.3,73.3,121.84,False,0.0,False
2010-10-01,2010-10-04,2,Weekend,48.0,False,43.71,56.53,-7.7,True,12.88,False
2010-10-04,2010-10-05,0,Overnight,0.0,False,104.71,104.71,70.89,False,0.0,False
2010-10-05,2010-10-06,0,Overnight,0.0,False,-20.2,-20.2,85.58,False,0.0,False
2010-10-06,2010-10-07,0,Overnight,0.0,False,52.49,52.49,-148.19,False,0.0,False
2010-10-07,2010-10-08,0,Overnight,0.0,False,37.88,37.88,-91.16,False,0.0,False
2010-10-08,2010-10-11,2,Weekend,48.0,False,53.28,53.28,53.0,False,0.0,False
2010-10-11,2010-10-12,0,Overnight,0.0,False,-65.66,-65.66,232.89,False,0.0,False
2010-10-12,2010-10-13,0,Overnight,0.0,False,64.15,64.15,-203.73,False,0.0,False
2010-10-13,2010-10-14,0,Overnight,0.0,False,-149.2,-149.2,-135.95,False,0.0,False
2010-10-14,2010-10-15,0,Overnight,0.0,False,38.66,38.66,-452.59,False,0.0,False
2010-10-15,2010-10-18,2,Weekend,48.0,False,0.0,0.0,278.72,False,0.0,False
2010-10-18,2010-10-19,0,Overnight,0.0,False,-78.84,-78.84,-55.56,False,0.0,False
2010-10-19,2010-10-20,0,Overnight,0.0,False,81.91,81.91,26.28,False,0.0,False
2010-10-20,2010-10-21,0,Overnight,0.0,False,23.59,23.59,-129.14,False,0.0,False
2010-10-21,2010-10-22,0,Overnight,0.0,False,-53.19,-53.19,53.19,False,0.0,False
2010-10-22,2010-10-25,2,Weekend,48.0,False,71.36,71.36,-239.88,False,0.0,False
2010-10-25,2010-10-26,0,Overnight,0.0,False,-24.31,-24.31,59.32,False,0.0,False
2010-10-26,2010-10-27,0,Overnight,0.0,False,-37.71,-37.71,128.69,False,0.0,False
2010-10-27,2010-10-28,0,Overnight,0.0,False,42.53,42.53,-50.53,False,0.0,False
2010-10-28,2010-10-29,0,Overnight,0.0,False,-16.01,-16.01,47.95,False,0.0,False
2010-10-29,2010-11-01,2,Weekend,48.0,False,-5.32,-5.32,-50.65,False,0.0,False
2010-11-01,2010-11-02,0,Overnight,0.0,False,29.35,29.35,-153.04,False,0.0,False
2010-11-02,2010-11-03,0,Overnight,0.0,False,5.41,5.41,198.13,False,0.0,False
2010-11-03,2010-11-04,0,Overnight,0.0,False,110.73,110.73,426.03,False,0.0,False
2010-11-04,2010-11-05,0,Overnight,0.0,False,22.59,22.59,259.82,False,0.0,False
2010-11-05,2010-11-08,2,Weekend,49.0,False,-19.56,-19.56,-86.03,False,0.0,False
2010-11-08,2010-11-09,0,Overnight,0.0,False,-19.77,-19.77,-131.96,False,0.0,False
2010-11-09,2010-11-10,0,Overnight,0.0,False,-7.52,-7.52,186.36,False,0.0,False
2010-11-10,2010-11-11,0,Overnight,0.0,False,-86.54,-86.54,-62.27,False,0.0,False
2010-11-11,2010-11-12,0,Overnight,0.0,False,-40.06,-40.06,-62.92,False,0.0,False
2010-11-12,2010-11-15,2,Weekend,48.0,False,52.88,52.88,65.08,False,0.0,False
2010-11-15,2010-11-16,0,Overnight,0.0,False,-85.19,-85.19,-32.77,False,0.0,False
2010-11-16,2010-11-17,0,Overnight,0.0,False,-7.58,-7.58,-101.58,False,0.0,False
2010-11-17,2010-11-18,0,Overnight,0.0,False,99.05,99.05,22.72,False,0.0,False
2010-11-18,2010-11-19,0,Overnight,0.0,False,-63.24,-63.24,0.0,False,0.0,False
2010-11-19,2010-11-22,2,Weekend,48.0,False,-89.21,-89.21,-141.81,False,0.0,False
2010-11-22,2010-11-23,0,Overnight,0.0,False,-130.69,-130.69,-100.48,False,0.0,False
2010-11-23,2010-11-24,0,Overnight,0.0,False,53.01,53.01,86.85,False,0.0,False
2010-11-24,2010-11-26,1,Short,24.0,False,-118.63,-118.63,-55.84,False,0.0,False
2010-11-26,2010-11-29,2,Weekend,48.0,True,-8.0,-8.0,116.74,False,0.0,False
2010-11-29,2010-11-30,0,Overnight,0.0,False,-111.41,-111.41,-24.04,False,0.0,False
2010-11-30,2010-12-01,0,Overnight,0.0,False,145.99,145.99,52.56,False,0.0,False
2010-12-01,2010-12-02,0,Overnight,0.0,False,73.13,73.13,226.41,False,0.0,False
2010-12-02,2010-12-03,0,Overnight,0.0,False,-61.24,-61.24,137.27,False,0.0,False
2010-12-03,2010-12-06,2,Weekend,48.0,False,-32.87,-32.87,105.82,False,0.0,False
2010-12-06,2010-12-07,0,Overnight,0.0,False,112.15,112.15,-276.4,False,0.0,False
2010-12-07,2010-12-08,0,Overnight,0.0,False,27.99,27.99,226.08,False,0.0,False
2010-12-08,2010-12-09,0,Overnight,0.0,False,101.32,101.32,34.37,False,0.0,False
2010-12-09,2010-12-10,0,Overnight,0.0,False,19.58,19.58,131.2,False,0.0,False
2010-12-10,2010-12-13,2,Weekend,48.0,False,33.73,33.73,-14.44,False,0.0,False
2010-12-13,2010-12-14,0,Overnight,0.0,False,-16.88,-16.88,-158.1,False,0.0,False
2010-12-14,2010-12-15,0,Overnight,0.0,False,-14.72,-14.72,-128.49,False,0.0,False
2010-12-15,2010-12-16,0,Overnight,0.0,False,52.09,52.09,-101.95,False,0.0,False
2010-12-16,2010-12-17,0,Overnight,0.0,False,12.49,12.49,-97.83,False,0.0,False
2010-12-17,2010-12-20,2,Weekend,48.0,False,40.25,40.25,30.08,False,0.0,False
2010-12-20,2010-12-21,0,Overnight,0.0,False,52.43,52.43,207.01,False,0.0,False
2010-12-21,2010-12-22,0,Overnight,0.0,False,41.38,41.38,237.62,False,0.0,False
2010-12-22,2010-12-23,0,Overnight,0.0,False,-2.37,-2.37,-16.62,False,0.0,False
2010-12-23,2010-12-27,3,Long,72.0,False,-61.98,-61.98,201.21,False,0.0,False
2010-12-27,2010-12-28,0,Overnight,0.0,False,7.03,7.03,-21.1,False,0.0,False
2010-12-28,2010-12-29,0,Overnight,0.0,False,-7.04,-7.04,-51.8,False,0.0,False
2010-12-29,2010-12-30,0,Overnight,0.0,False,-11.81,-11.81,-18.93,False,0.0,False
2010-12-30,2010-12-31,0,Overnight,0.0,False,-28.46,-28.46,73.35,False,0.0,False
2010-12-31,2011-01-03,2,Weekend,48.0,False,135.8,135.8,133.98,False,0.0,False
2011-01-03,2011-01-04,0,Overnight,0.0,False,45.79,57.2,86.42,True,11.47,False
2011-01-04,2011-01-05,0,Overnight,0.0,False,-54.5,-54.5,176.04,False,0.0,False
2011-01-05,2011-01-06,0,Overnight,0.0,False,-67.34,-67.34,18.0,False,0.0,False
2011-01-06,2011-01-07,0,Overnight,0.0,False,13.48,13.48,-204.14,False,0.0,False
2011-01-07,2011-01-10,2,Weekend,48.0,False,-85.15,-85.15,30.0,False,0.0,False
2011-01-10,2011-01-11,0,Overnight,0.0,False,68.89,68.89,-22.91,False,0.0,False
2011-01-11,2011-01-12,0,Overnight,0.0,False,190.83,190.83,60.57,False,0.0,False
2011-01-12,2011-01-13,0,Overnight,0.0,False,51.31,51.31,-109.63,False,0.0,False
2011-01-13,2011-01-14,0,Overnight,0.0,False,13.49,13.49,89.47,False,0.0,False
2011-01-14,2011-01-18,3,Long,72.0,False,24.46,24.46,-60.15,False,0.0,False
2011-01-18,2011-01-19,0,Overnight,0.0,False,-44.79,-44.79,-190.35,False,0.0,False
2011-01-19,2011-01-20,0,Overnight,0.0,False,27.42,27.42,207.73,False,0.0,False
2011-01-20,2011-01-21,0,Overnight,0.0,False,66.82,66.82,53.13,False,0.0,False
2011-01-21,2011-01-24,2,Weekend,48.0,False,-17.68,-17.68,-42.11,False,0.0,False
2011-01-24,2011-01-25,0,Overnight,0.0,False,-44.52,-44.52,11.15,False,0.0,False
2011-01-25,2011-01-26,0,Overnight,0.0,False,73.28,73.28,-48.79,False,0.0,False
2011-01-26,2011-01-27,0,Overnight,0.0,False,0.0,0.0,26.64,False,0.0,False
2011-01-27,2011-01-28,0,Overnight,0.0,False,-11.09,-11.09,-113.85,False,0.0,False
2011-01-28,2011-01-31,2,Weekend,48.0,False,-29.23,-29.23,118.64,False,0.0,False
2011-01-31,2011-02-01,0,Overnight,0.0,False,57.69,57.69,160.21,False,0.0,False
2011-02-01,2011-02-02,0,Overnight,0.0,False,-30.53,-30.53,-74.53,False,0.0,False
2011-02-02,2011-02-03,0,Overnight,0.0,False,6.6,6.6,-4.4,False,0.0,False
2011-02-03,2011-02-04,0,Overnight,0.0,False,-101.7,-101.7,-91.53,False,0.0,False
2011-02-04,2011-02-07,2,Weekend,48.0,False,35.82,35.82,166.21,False,0.0,False
2011-02-07,2011-02-08,0,Overnight,0.0,False,-2.2,-2.2,54.81,False,0.0,False
2011-02-08,2011-02-09,0,Overnight,0.0,False,-83.43,-83.43,-55.27,False,0.0,False
2011-02-09,2011-02-10,0,Overnight,0.0,False,-2.22,-2.22,94.89,False,0.0,False
2011-02-10,2011-02-11,0,Overnight,0.0,False,-28.59,-28.59,254.44,False,0.0,False
2011-02-11,2011-02-14,2,Weekend,48.0,False,6.44,6.44,-12.88,False,0.0,False
2011-02-14,2011-02-15,0,Overnight,0.0,False,4.3,4.3,55.69,False,0.0,False
2011-02-15,2011-02-16,0,Overnight,0.0,False,70.24,70.24,166.16,False,0.0,False
2011-02-16,2011-02-17,0,Overnight,0.0,False,-35.52,-35.52,10.46,False,0.0,False
2011-02-17,2011-02-18,0,Overnight,0.0,False,0.0,0.0,37.57,False,0.0,False
2011-02-18,2011-02-22,3,Long,72.0,False,-168.07,-168.07,-255.35,False,0.0,False
2011-02-22,2011-02-23,0,Overnight,0.0,False,6.52,6.52,-17.39,False,0.0,False
2011-02-23,2011-02-24,0,Overnight,0.0,False,-72.06,-72.06,61.18,False,0.0,False
2011-02-24,2011-02-25,0,Overnight,0.0,False,73.79,73.79,92.54,False,0.0,False
2011-02-25,2011-02-28,2,Weekend,48.0,False,27.81,27.81,-25.67,False,0.0,False
2011-02-28,2011-03-01,0,Overnight,0.0,False,-47.23,-47.23,-188.99,False,0.0,False
2011-03-01,2011-03-02,0,Overnight,0.0,False,-46.16,-46.16,-39.74,False,0.0,False
2011-03-02,2011-03-03,0,Overnight,0.0,False,112.18,112.18,78.43,False,0.0,False
2011-03-03,2011-03-04,0,Overnight,0.0,False,-21.73,-21.73,-100.55,False,0.0,False
2011-03-04,2011-03-07,2,Weekend,48.0,False,21.94,21.94,-94.7,False,0.0,False
2011-03-07,2011-03-08,0,Overnight,0.0,False,41.96,41.96,222.28,False,0.0,False
2011-03-08,2011-03-09,0,Overnight,0.0,False,-15.1,-15.1,49.52,False,0.0,False
2011-03-09,2011-03-10,0,Overnight,0.0,False,-103.63,-103.63,-120.08,False,0.0,False
2011-03-10,2011-03-11,0,Overnight,0.0,False,-55.06,-55.06,101.08,False,0.0,False
2011-03-11,2011-03-14,2,Weekend,47.0,False,-70.21,-70.21,-26.45,False,0.0,False
2011-03-14,2011-03-15,0,Overnight,0.0,False,-166.95,-166.95,13.46,False,0.0,False
2011-03-15,2011-03-16,0,Overnight,0.0,False,6.72,6.72,-187.68,False,0.0,False
2011-03-16,2011-03-17,0,Overnight,0.0,False,147.28,147.28,22.47,False,0.0,False
2011-03-17,2011-03-18,0,Overnight,0.0,False,151.45,151.45,109.92,False,0.0,False
2011-03-18,2011-03-21,2,Weekend,48.0,False,117.37,117.37,-141.44,False,0.0,False
2011-03-21,2011-03-22,0,Overnight,0.0,False,6.57,6.57,-41.7,False,0.0,False
2011-03-22,2011-03-23,0,Overnight,0.0,False,-39.67,-39.67,68.21,False,0.0,False
2011-03-23,2011-03-24,0,Overnight,0.0,False,21.91,21.91,6.56,False,0.0,False
2011-03-24,2011-03-25,0,Overnight,0.0,False,-6.56,-6.56,34.95,False,0.0,False
2011-03-25,2011-03-28,2,Weekend,48.0,False,52.2,52.2,-30.41,False,0.0,False
2011-03-28,2011-03-29,0,Overnight,0.0,False,-28.32,-28.32,41.37,False,0.0,False
2011-03-29,2011-03-30,0,Overnight,0.0,False,110.21,110.21,-17.21,False,0.0,False
2011-03-30,2011-03-31,0,Overnight,0.0,False,-86.49,-86.49,10.85,False,0.0,False
2011-03-31,2011-04-01,0,Overnight,0.0,False,97.14,97.14,-43.06,False,0.0,False
2011-04-01,2011-04-04,2,Weekend,48.0,False,-49.75,4.31,47.59,True,53.94,False
2011-04-04,2011-04-05,0,Overnight,0.0,False,-36.75,-36.75,88.41,False,0.0,False
2011-04-05,2011-04-06,0,Overnight,0.0,False,49.26,49.26,175.76,False,0.0,False
2011-04-06,2011-04-07,0,Overnight,0.0,False,0.0,0.0,-50.5,False,0.0,False
2011-04-07,2011-04-08,0,Overnight,0.0,False,25.28,25.28,-144.13,False,0.0,False
2011-04-08,2011-04-11,2,Weekend,48.0,False,34.1,34.1,-29.83,False,0.0,False
2011-04-11,2011-04-12,0,Overnight,0.0,False,-66.37,-66.37,19.32,False,0.0,False
2011-04-12,2011-04-13,0,Overnight,0.0,False,127.83,127.83,-211.8,False,0.0,False
2011-04-13,2011-04-14,0,Overnight,0.0,False,-124.01,-124.01,-156.65,False,0.0,False
2011-04-14,2011-04-15,0,Overnight,0.0,False,59.86,59.86,-77.67,False,0.0,False
2011-04-15,2011-04-18,2,Weekend,48.0,False,-139.08,-139.08,-70.27,False,0.0,False
2011-04-18,2011-04-19,0,Overnight,0.0,False,68.01,68.01,87.73,False,0.0,False
2011-04-19,2011-04-20,0,Overnight,0.0,False,55.83,55.83,-76.01,False,0.0,False
2011-04-20,2011-04-21,0,Overnight,0.0,False,26.89,26.89,0.0,False,0.0,False
2011-04-21,2011-04-25,3,Long,72.0,False,-6.72,-6.72,-8.96,False,0.0,False
2011-04-25,2011-04-26,0,Overnight,0.0,False,53.65,53.65,60.02,False,0.0,False
2011-04-26,2011-04-27,0,Overnight,0.0,False,39.81,39.81,44.05,False,0.0,False
2011-04-27,2011-04-28,0,Overnight,0.0,False,24.15,24.15,52.48,False,0.0,False
2011-04-28,2011-04-29,0,Overnight,0.0,False,-8.73,-8.73,-39.37,False,0.0,False
2011-04-29,2011-05-02,2,Weekend,48.0,False,67.71,67.71,-166.82,False,0.0,False
2011-05-02,2011-05-03,0,Overnight,0.0,False,-51.04,-51.04,213.5,False,0.0,False
2011-05-03,2011-05-04,0,Overnight,0.0,False,13.06,13.06,-104.94,False,0.0,False
2011-05-04,2011-05-05,0,Overnight,0.0,False,-57.31,-57.31,-15.49,False,0.0,False
2011-05-05,2011-05-06,0,Overnight,0.0,False,66.2,66.2,-95.02,False,0.0,False
2011-05-06,2011-05-09,2,Weekend,48.0,False,-64.6,-64.6,46.82,False,0.0,False
2011-05-09,2011-05-10,0,Overnight,0.0,False,22.22,22.22,22.17,False,0.0,False
2011-05-10,2011-05-11,0,Overnight,0.0,False,-31.05,-31.05,-177.04,False,0.0,False
2011-05-11,2011-05-12,0,Overnight,0.0,False,-29.44,-29.44,-2.27,False,0.0,False
2011-05-12,2011-05-13,0,Overnight,0.0,False,-6.81,-6.81,-208.7,False,0.0,False
2011-05-13,2011-05-16,2,Weekend,48.0,False,-41.8,-41.8,-20.97,False,0.0,False
2011-05-16,2011-05-17,0,Overnight,0.0,False,-46.75,-46.75,261.32,False,0.0,False
2011-05-17,2011-05-18,0,Overnight,0.0,False,-20.56,-20.56,82.01,False,0.0,False
2011-05-18,2011-05-19,0,Overnight,0.0,False,54.3,54.3,-72.46,False,0.0,False
2011-05-19,2011-05-20,0,Overnight,0.0,False,-38.71,-38.71,-161.0,False,0.0,False
2011-05-20,2011-05-23,2,Weekend,48.0,False,-170.7,-170.7,35.31,False,0.0,False
2011-05-23,2011-05-24,0,Overnight,0.0,False,51.57,51.57,-101.05,False,0.0,False
2011-05-24,2011-05-25,0,Overnight,0.0,False,-54.47,-54.47,37.92,False,0.0,False
2011-05-25,2011-05-26,0,Overnight,0.0,False,-35.55,-35.55,78.04,False,0.0,False
2011-05-26,2011-05-27,0,Overnight,0.0,False,58.72,58.72,21.06,False,0.0,False
2011-05-27,2011-05-31,3,Long,72.0,False,104.62,104.62,0.0,False,0.0,False
2011-05-31,2011-06-01,0,Overnight,0.0,False,-85.94,-85.94,-262.33,False,0.0,False
2011-06-01,2011-06-02,0,Overnight,0.0,False,40.63,40.63,-76.61,False,0.0,False
2011-06-02,2011-06-03,0,Overnight,0.0,False,-125.76,-125.76,116.14,False,0.0,False
2011-06-03,2011-06-06,2,Weekend,48.0,False,-113.71,-113.71,-139.66,False,0.0,False
2011-06-06,2011-06-07,0,Overnight,0.0,False,95.76,95.76,-48.99,False,0.0,False
2011-06-07,2011-06-08,0,Overnight,0.0,False,-34.44,-34.44,-46.93,False,0.0,False
2011-06-08,2011-06-09,0,Overnight,0.0,False,49.4,49.4,95.62,False,0.0,False
2011-06-09,2011-06-10,0,Overnight,0.0,False,-95.62,-95.62,112.69,False,0.0,False
2011-06-10,2011-06-13,2,Weekend,48.0,False,58.3,58.3,91.61,False,0.0,False
2011-06-13,2011-06-14,0,Overnight,0.0,False,109.79,109.79,-124.2,False,0.0,False
2011-06-14,2011-06-15,0,Overnight,0.0,False,-142.81,-142.81,-83.23,False,0.0,False
2011-06-15,2011-06-16,0,Overnight,0.0,False,-12.3,-12.3,-66.68,False,0.0,False
2011-06-16,2011-06-17,0,Overnight,0.0,False,120.68,120.68,-12.25,False,0.0,False
2011-06-17,2011-06-20,2,Weekend,48.0,False,-73.8,-73.8,-4.94,False,0.0,False
2011-06-20,2011-06-21,0,Overnight,0.0,False,49.29,49.29,56.38,False,0.0,False
2011-06-21,2011-06-22,0,Overnight,0.0,False,-58.84,-58.84,4.92,False,0.0,False
2011-06-22,2011-06-23,0,Overnight,0.0,False,-141.07,-141.07,-12.47,False,0.0,False
2011-06-23,2011-06-24,0,Overnight,0.0,False,-4.99,-4.99,-140.81,False,0.0,False
2011-06-24,2011-06-27,2,Weekend,48.0,False,-22.82,-22.82,121.09,False,0.0,False
2011-06-27,2011-06-28,0,Overnight,0.0,False,47.53,47.53,-133.15,False,0.0,False
2011-06-28,2011-06-29,0,Overnight,0.0,False,125.66,125.66,101.88,False,0.0,False
2011-06-29,2011-06-30,0,Overnight,0.0,False,66.53,66.53,53.88,False,0.0,False
2011-06-30,2011-07-01,0,Overnight,0.0,False,-31.8,29.27,186.92,True,61.06,False
2011-07-01,2011-07-05,3,Long,72.0,False,-16.85,-16.85,-116.31,False,0.0,False
2011-07-05,2011-07-06,0,Overnight,0.0,False,-107.82,-107.82,-7.39,False,0.0,False
2011-07-06,2011-07-07,0,Overnight,0.0,False,154.13,154.13,31.51,False,0.0,False
2011-07-07,2011-07-08,0,Overnight,0.0,False,-151.19,-151.19,9.82,False,0.0,False
2011-07-08,2011-07-11,2,Weekend,48.0,False,-135.92,-135.92,-190.91,False,0.0,False
2011-07-11,2011-07-12,0,Overnight,0.0,False,-48.3,-48.3,38.15,False,0.0,False
2011-07-12,2011-07-13,0,Overnight,0.0,False,70.83,70.83,-12.61,False,0.0,False
2011-07-13,2011-07-14,0,Overnight,0.0,False,386.19,386.19,-203.61,False,0.0,False
2011-07-14,2011-07-15,0,Overnight,0.0,False,64.23,64.23,-156.35,False,0.0,False
2011-07-15,2011-07-18,2,Weekend,48.0,False,-47.64,-47.64,10.05,False,0.0,False
2011-07-18,2011-07-19,0,Overnight,0.0,False,22.57,22.57,117.05,False,0.0,False
2011-07-19,2011-07-20,0,Overnight,0.0,False,74.0,74.0,66.14,False,0.0,False
2011-07-20,2011-07-21,0,Overnight,0.0,False,147.83,147.83,171.72,False,0.0,False
2011-07-21,2011-07-22,0,Overnight,0.0,False,-4.73,-4.73,-18.94,False,0.0,False
2011-07-22,2011-07-25,2,Weekend,48.0,False,-160.08,-160.08,40.86,False,0.0,False
2011-07-25,2011-07-26,0,Overnight,0.0,False,-45.68,-45.68,-14.47,False,0.0,False
2011-07-26,2011-07-27,0,Overnight,0.0,False,-58.08,-58.08,-129.48,False,0.0,False
2011-07-27,2011-07-28,0,Overnight,0.0,False,4.92,4.92,-2.46,False,0.0,False
2011-07-28,2011-07-29,0,Overnight,0.0,False,-108.75,-108.75,52.05,False,0.0,False
2011-07-29,2011-08-01,2,Weekend,48.0,False,174.0,174.0,-176.48,False,0.0,False
2011-08-01,2011-08-02,0,Overnight,0.0,False,-84.43,-84.43,-65.05,False,0.0,False
2011-08-02,2011-08-03,0,Overnight,0.0,False,-20.1,-20.1,35.15,False,0.0,False
2011-08-03,2011-08-04,0,Overnight,0.0,False,-148.97,-148.97,-360.0,False,0.0,False
2011-08-04,2011-08-05,0,Overnight,0.0,False,99.71,99.71,-184.46,False,0.0,False
2011-08-05,2011-08-08,2,Weekend,48.0,False,-371.16,-371.16,-617.64,False,0.0,False
2011-08-08,2011-08-09,0,Overnight,0.0,False,380.23,380.23,284.22,False,0.0,False
2011-08-09,2011-08-10,0,Overnight,0.0,False,-244.73,-244.73,-329.12,False,0.0,False
2011-08-10,2011-08-11,0,Overnight,0.0,False,75.36,75.36,577.84,False,0.0,False
2011-08-11,2011-08-12,0,Overnight,0.0,False,119.21,119.21,-334.09,False,0.0,False
2011-08-12,2011-08-15,2,Weekend,48.0,False,171.18,171.18,95.36,False,0.0,False
2011-08-15,2011-08-16,0,Overnight,0.0,False,-166.78,-166.78,-66.39,False,0.0,False
2011-08-16,2011-08-17,0,Overnight,0.0,False,118.64,118.64,30.12,False,0.0,False
2011-08-17,2011-08-18,0,Overnight,0.0,False,-361.95,-361.95,-22.71,False,0.0,False
2011-08-18,2011-08-19,0,Overnight,0.0,False,-122.95,-122.95,-118.65,False,0.0,False
2011-08-19,2011-08-22,2,Weekend,48.0,False,221.69,221.69,-499.15,False,0.0,False
2011-08-22,2011-08-23,0,Overnight,0.0,False,-35.98,-35.98,437.85,False,0.0,False
2011-08-23,2011-08-24,0,Overnight,0.0,False,11.49,11.49,285.94,False,0.0,False
2011-08-24,2011-08-25,0,Overnight,0.0,False,532.59,532.59,-563.34,False,0.0,False
2011-08-25,2011-08-26,0,Overnight,0.0,False,-123.95,-123.95,260.19,False,0.0,False
2011-08-26,2011-08-29,2,Weekend,48.0,False,167.06,167.06,220.26,False,0.0,False
2011-08-29,2011-08-30,0,Overnight,0.0,False,-63.97,-63.97,-91.33,False,0.0,False
2011-08-30,2011-08-31,0,Overnight,0.0,False,96.67,96.67,37.34,False,0.0,False
2011-08-31,2011-09-01,0,Overnight,0.0,False,15.96,15.96,-357.18,False,0.0,False
2011-09-01,2011-09-02,0,Overnight,0.0,False,-347.57,-347.57,-123.41,False,0.0,False
2011-09-02,2011-09-06,3,Long,72.0,False,-448.85,-448.85,99.17,False,0.0,False
2011-09-06,2011-09-07,0,Overnight,0.0,False,195.45,195.45,208.95,False,0.0,False
2011-09-07,2011-09-08,0,Overnight,0.0,False,-109.73,-109.73,-273.75,False,0.0,False
2011-09-08,2011-09-09,0,Overnight,0.0,False,-129.15,-129.15,-306.96,False,0.0,False
2011-09-09,2011-09-12,2,Weekend,48.0,False,-230.19,-230.19,335.61,False,0.0,False
2011-09-12,2011-09-13,0,Overnight,0.0,False,119.58,119.58,-98.01,False,0.0,False
2011-09-13,2011-09-14,0,Overnight,0.0,False,73.6,73.6,21.36,False,0.0,False
2011-09-14,2011-09-15,0,Overnight,0.0,False,172.29,172.29,130.99,False,0.0,False
2011-09-15,2011-09-16,0,Overnight,0.0,False,70.73,70.73,-183.76,False,0.0,False
2011-09-16,2011-09-19,2,Weekend,48.0,False,-223.85,-223.85,-61.37,False,0.0,False
2011-09-19,2011-09-20,0,Overnight,0.0,False,85.81,85.81,-159.95,False,0.0,False
2011-09-20,2011-09-21,0,Overnight,0.0,False,-6.2,-6.2,-604.31,False,0.0,False
2011-09-21,2011-09-22,0,Overnight,0.0,False,-331.74,-331.74,-27.29,False,0.0,False
2011-09-22,2011-09-23,0,Overnight,0.0,False,-106.48,-106.48,215.21,False,0.0,False
2011-09-23,2011-09-26,2,Weekend,48.0,False,157.59,157.59,515.43,False,0.0,False
2011-09-26,2011-09-27,0,Overnight,0.0,False,301.87,301.87,-327.18,False,0.0,False
2011-09-27,2011-09-28,0,Overnight,0.0,False,15.83,15.83,-370.47,False,0.0,False
2011-09-28,2011-09-29,0,Overnight,0.0,False,357.81,357.81,-60.35,False,0.0,False
2011-09-29,2011-09-30,0,Overnight,0.0,False,-209.25,-209.25,-203.75,False,0.0,False
2011-09-30,2011-10-03,2,Weekend,48.0,False,-29.93,-29.93,-470.43,False,0.0,False
2011-10-03,2011-10-04,0,Overnight,0.0,False,-140.6,-52.49,687.33,True,87.26,False
2011-10-04,2011-10-05,0,Overnight,0.0,False,-9.92,-9.92,199.78,False,0.0,False
2011-10-05,2011-10-06,0,Overnight,0.0,False,-42.24,-42.24,529.53,False,0.0,False
2011-10-06,2011-10-07,0,Overnight,0.0,False,61.58,61.58,-594.36,False,0.0,False
2011-10-07,2011-10-10,2,Weekend,48.0,False,288.94,288.94,219.1,False,0.0,False
2011-10-10,2011-10-11,0,Overnight,0.0,False,-99.56,-99.56,99.56,False,0.0,False
2011-10-11,2011-10-12,0,Overnight,0.0,False,141.41,141.41,133.42,False,0.0,False
2011-10-12,2011-10-13,0,Overnight,0.0,False,-228.49,-228.49,-265.43,False,0.0,False
2011-10-13,2011-10-14,0,Overnight,0.0,False,85.08,85.08,6.27,False,0.0,False
2011-10-14,2011-10-17,2,Weekend,48.0,False,-78.7,-78.7,-191.45,False,0.0,False
2011-10-17,2011-10-18,0,Overnight,0.0,False,102.56,102.56,470.27,False,0.0,False
2011-10-18,2011-10-19,0,Overnight,0.0,False,-30.47,-30.47,-159.95,False,0.0,False
2011-10-19,2011-10-20,0,Overnight,0.0,False,21.68,21.68,247.53,False,0.0,False
2011-10-20,2011-10-21,0,Overnight,0.0,False,105.09,105.09,-17.94,False,0.0,False
2011-10-21,2011-10-24,2,Weekend,48.0,False,56.69,56.69,281.63,False,0.0,False
2011-10-24,2011-10-25,0,Overnight,0.0,False,-113.46,-113.46,-203.94,False,0.0,False
2011-10-25,2011-10-26,0,Overnight,0.0,False,183.44,183.44,20.5,False,0.0,False
2011-10-26,2011-10-27,0,Overnight,0.0,False,673.14,673.14,125.04,False,0.0,False
2011-10-27,2011-10-28,0,Overnight,0.0,False,-111.37,-111.37,21.83,False,0.0,False
2011-10-28,2011-10-31,2,Weekend,48.0,False,-209.32,-209.32,-331.05,False,0.0,False
2011-10-31,2011-11-01,0,Overnight,0.0,False,-681.51,-681.51,73.64,False,0.0,False
2011-11-01,2011-11-02,0,Overnight,0.0,False,301.14,301.14,-20.79,False,0.0,False
2011-11-02,2011-11-03,0,Overnight,0.0,False,141.68,141.68,75.91,False,0.0,False
2011-11-03,2011-11-04,0,Overnight,0.0,False,-114.09,-114.09,-5.89,False,0.0,False
2011-11-04,2011-11-07,2,Weekend,49.0,False,17.65,17.65,61.52,False,0.0,False
2011-11-07,2011-11-08,0,Overnight,0.0,False,84.34,84.34,140.91,False,0.0,False
2011-11-08,2011-11-09,0,Overnight,0.0,False,-342.76,-342.76,-391.73,False,0.0,False
2011-11-09,2011-11-10,0,Overnight,0.0,False,116.1,116.1,-54.83,False,0.0,False
2011-11-10,2011-11-11,0,Overnight,0.0,False,163.59,163.59,0.0,False,0.0,False
2011-11-11,2011-11-14,2,Weekend,48.0,False,-99.65,-99.65,-122.14,False,0.0,False
2011-11-14,2011-11-15,0,Overnight,0.0,False,-142.33,-142.33,188.31,False,0.0,False
2011-11-15,2011-11-16,0,Overnight,0.0,False,-110.7,-110.7,-272.7,False,0.0,False
2011-11-16,2011-11-17,0,Overnight,0.0,False,-22.27,-22.27,-294.09,False,0.0,False
2011-11-17,2011-11-18,0,Overnight,0.0,False,58.86,58.86,-16.32,False,0.0,False
2011-11-18,2011-11-21,2,Weekend,48.0,False,-197.9,-197.9,-36.71,False,0.0,False
2011-11-21,2011-11-22,0,Overnight,0.0,False,-3.34,-3.34,-165.24,False,0.0,False
2011-11-22,2011-11-23,0,Overnight,0.0,False,-102.53,-102.53,-253.97,False,0.0,False
2011-11-23,2011-11-25,1,Short,24.0,False,-35.3,-35.3,70.47,False,0.0,False
2011-11-25,2011-11-28,2,Weekend,48.0,True,422.82,422.82,-186.86,False,0.0,False
2011-11-28,2011-11-29,0,Overnight,0.0,False,-61.92,-61.92,-145.99,False,0.0,False
2011-11-29,2011-11-30,0,Overnight,0.0,False,541.78,541.78,268.34,False,0.0,False
2011-11-30,2011-12-01,0,Overnight,0.0,False,-35.58,-35.58,-130.47,False,0.0,False
2011-12-01,2011-12-02,0,Overnight,0.0,False,136.94,136.94,458.87,False,0.0,False
2011-12-02,2011-12-05,2,Weekend,48.0,False,397.2,397.2,-38.72,False,0.0,False
2011-12-05,2011-12-06,0,Overnight,0.0,False,-74.88,-74.88,-9.02,False,0.0,False
2011-12-06,2011-12-07,0,Overnight,0.0,False,-124.15,-124.15,353.22,False,0.0,False
2011-12-07,2011-12-08,0,Overnight,0.0,False,-133.24,-133.24,-404.49,False,0.0,False
2011-12-08,2011-12-09,0,Overnight,0.0,False,43.36,43.36,250.24,False,0.0,False
2011-12-09,2011-12-12,2,Weekend,48.0,False,-191.7,-191.7,-157.92,False,0.0,False
2011-12-12,2011-12-13,0,Overnight,0.0,False,102.47,102.47,-339.33,False,0.0,False
2011-12-13,2011-12-14,0,Overnight,0.0,False,-131.9,-131.9,201.96,False,0.0,False
2011-12-14,2011-12-15,0,Overnight,0.0,False,185.51,185.51,-106.48,False,0.0,False
2011-12-15,2011-12-16,0,Overnight,0.0,False,125.16,125.16,-84.31,False,0.0,False
2011-12-16,2011-12-19,2,Weekend,48.0,False,-6.27,-6.27,-374.02,False,0.0,False
2011-12-19,2011-12-20,0,Overnight,0.0,False,225.45,225.45,254.69,False,0.0,False
2011-12-20,2011-12-21,0,Overnight,0.0,False,-65.41,-65.41,99.5,False,0.0,False
2011-12-21,2011-12-22,0,Overnight,0.0,False,113.83,113.83,229.83,False,0.0,False
2011-12-22,2011-12-23,0,Overnight,0.0,False,50.69,50.69,-14.88,False,0.0,False
2011-12-23,2011-12-27,3,Long,72.0,False,-104.81,-104.81,-57.36,False,0.0,False
2011-12-27,2011-12-28,0,Overnight,0.0,False,-12.12,-12.12,-103.6,False,0.0,False
2011-12-28,2011-12-29,0,Overnight,0.0,False,18.36,18.36,214.74,False,0.0,False
2011-12-29,2011-12-30,0,Overnight,0.0,False,-93.19,-93.19,42.19,False,0.0,False
2011-12-30,2012-01-03,3,Long,72.0,False,240.69,240.69,266.53,False,0.0,False
2012-01-03,2012-01-04,0,Overnight,0.0,False,-155.58,-83.25,147.0,True,71.47,False
2012-01-04,2012-01-05,0,Overnight,0.0,False,-68.91,-68.91,275.63,False,0.0,False
2012-01-05,2012-01-06,0,Overnight,0.0,False,2.8,2.8,-92.89,False,0.0,False
2012-01-06,2012-01-09,2,Weekend,48.0,False,22.6,22.6,-39.58,False,0.0,False
2012-01-09,2012-01-10,0,Overnight,0.0,False,215.79,215.79,-5.55,False,0.0,False
2012-01-10,2012-01-11,0,Overnight,0.0,False,-69.59,-69.59,237.38,False,0.0,False
2012-01-11,2012-01-12,0,Overnight,0.0,False,43.55,43.55,8.14,False,0.0,False
2012-01-12,2012-01-13,0,Overnight,0.0,False,-441.06,-441.06,185.45,False,0.0,False
2012-01-13,2012-01-17,3,Long,72.0,False,-302.41,-302.41,17.2,False,0.0,False
2012-01-17,2012-01-18,0,Overnight,0.0,False,-106.55,-106.55,562.89,False,0.0,False
2012-01-18,2012-01-19,0,Overnight,0.0,False,81.77,81.77,24.4,False,0.0,False
2012-01-19,2012-01-20,0,Overnight,0.0,False,-40.7,-40.7,156.46,False,0.0,False
2012-01-20,2012-01-23,2,Weekend,48.0,False,-13.39,-13.39,93.37,False,0.0,False
2012-01-23,2012-01-24,0,Overnight,0.0,False,-128.28,-128.28,128.28,False,0.0,False
2012-01-24,2012-01-25,0,Overnight,0.0,False,-79.98,-79.98,64.03,False,0.0,False
2012-01-25,2012-01-26,0,Overnight,0.0,False,74.19,74.19,-103.49,False,0.0,False
2012-01-26,2012-01-27,0,Overnight,0.0,False,-69.59,-69.59,-5.37,False,0.0,False
2012-01-27,2012-01-30,2,Weekend,48.0,False,-148.91,-148.91,95.02,False,0.0,False
2012-01-30,2012-01-31,0,Overnight,0.0,False,139.52,139.52,-61.47,False,0.0,False
2012-01-31,2012-02-01,0,Overnight,0.0,False,156.94,156.94,-76.83,False,0.0,False
2012-02-01,2012-02-02,0,Overnight,0.0,False,23.91,23.91,-37.21,False,0.0,False
2012-02-02,2012-02-03,0,Overnight,0.0,False,189.93,189.93,2.61,False,0.0,False
2012-02-03,2012-02-06,2,Weekend,48.0,False,-57.64,-57.64,21.0,False,0.0,False
2012-02-06,2012-02-07,0,Overnight,0.0,False,-73.68,-73.68,2.64,False,0.0,False
2012-02-07,2012-02-08,0,Overnight,0.0,False,47.42,47.42,65.49,False,0.0,False
2012-02-08,2012-02-09,0,Overnight,0.0,False,78.02,78.02,-193.57,False,0.0,False
2012-02-09,2012-02-10,0,Overnight,0.0,False,-170.49,-170.49,104.24,False,0.0,False
2012-02-10,2012-02-13,2,Weekend,48.0,False,124.19,124.19,57.61,False,0.0,False
2012-02-13,2012-02-14,0,Overnight,0.0,False,-18.29,-18.29,-81.42,False,0.0,False
2012-02-14,2012-02-15,0,Overnight,0.0,False,42.11,42.11,-180.19,False,0.0,False
2012-02-15,2012-02-16,0,Overnight,0.0,False,-67.07,-67.07,226.22,False,0.0,False
2012-02-16,2012-02-17,0,Overnight,0.0,False,156.66,156.66,-33.73,False,0.0,False
2012-02-17,2012-02-21,3,Long,72.0,False,46.68,46.68,-49.28,False,0.0,False
2012-02-21,2012-02-22,0,Overnight,0.0,False,-41.69,-41.69,-60.23,False,0.0,False
2012-02-22,2012-02-23,0,Overnight,0.0,False,-2.63,-2.63,112.35,False,0.0,False
2012-02-23,2012-02-24,0,Overnight,0.0,False,44.07,44.07,-98.78,False,0.0,False
2012-02-24,2012-02-27,2,Weekend,48.0,False,-55.01,-55.01,256.72,False,0.0,False
2012-02-27,2012-02-28,0,Overnight,0.0,False,17.91,17.91,20.42,False,0.0,False
2012-02-28,2012-02-29,0,Overnight,0.0,False,30.56,30.56,-22.91,False,0.0,False
2012-02-29,2012-03-01,0,Overnight,0.0,False,68.57,68.57,215.33,False,0.0,False
2012-03-01,2012-03-02,0,Overnight,0.0,False,14.85,14.85,49.35,False,0.0,False
2012-03-02,2012-03-05,2,Weekend,48.0,False,17.21,17.21,-73.98,False,0.0,False
2012-03-05,2012-03-06,0,Overnight,0.0,False,-237.96,-237.96,-33.01,False,0.0,False
2012-03-06,2012-03-07,0,Overnight,0.0,False,35.54,35.54,123.41,False,0.0,False
2012-03-07,2012-03-08,0,Overnight,0.0,False,129.32,129.32,-7.42,False,0.0,False
2012-03-08,2012-03-09,0,Overnight,0.0,False,76.36,76.36,68.48,False,0.0,False
2012-03-09,2012-03-12,2,Weekend,47.0,False,-41.52,-41.52,-78.62,False,0.0,False
2012-03-12,2012-03-13,0,Overnight,0.0,False,117.71,117.71,561.69,False,0.0,False
2012-03-13,2012-03-14,0,Overnight,0.0,False,52.87,52.87,-9.17,False,0.0,False
2012-03-14,2012-03-15,0,Overnight,0.0,False,13.76,13.76,239.99,False,0.0,False
2012-03-15,2012-03-16,0,Overnight,0.0,False,37.96,37.96,-67.08,False,0.0,False
2012-03-16,2012-03-19,2,Weekend,48.0,False,-29.21,-29.21,125.23,False,0.0,False
2012-03-19,2012-03-20,0,Overnight,0.0,False,-104.99,-104.99,189.08,False,0.0,False
2012-03-20,2012-03-21,0,Overnight,0.0,False,33.0,33.0,-90.46,False,0.0,False
2012-03-21,2012-03-22,0,Overnight,0.0,False,-89.05,-89.05,-15.66,False,0.0,False
2012-03-22,2012-03-23,0,Overnight,0.0,False,-44.89,-44.89,158.47,False,0.0,False
2012-03-23,2012-03-26,2,Weekend,48.0,False,70.61,70.61,150.58,False,0.0,False
2012-03-26,2012-03-27,0,Overnight,0.0,False,-54.29,-54.29,-6.54,False,0.0,False
2012-03-27,2012-03-28,0,Overnight,0.0,False,-28.37,-28.37,110.83,False,0.0,False
2012-03-28,2012-03-29,0,Overnight,0.0,False,-75.93,-75.93,-54.59,False,0.0,False
2012-03-29,2012-03-30,0,Overnight,0.0,False,89.37,89.37,-21.73,False,0.0,False
2012-03-30,2012-04-02,2,Weekend,48.0,False,-50.15,-50.15,82.72,False,0.0,False
2012-04-02,2012-04-03,0,Overnight,0.0,False,-84.9,-19.53,-70.21,True,65.03,False
2012-04-03,2012-04-04,0,Overnight,0.0,False,-164.27,-164.27,-60.61,False,0.0,False
2012-04-04,2012-04-05,0,Overnight,0.0,False,-63.25,-63.25,47.47,False,0.0,False
2012-04-05,2012-04-09,3,Long,72.0,False,-262.78,-262.78,160.78,False,0.0,False
2012-04-09,2012-04-10,0,Overnight,0.0,False,-2.28,-2.28,-211.89,False,0.0,False
2012-04-10,2012-04-11,0,Overnight,0.0,False,145.58,145.58,95.89,False,0.0,False
2012-04-11,2012-04-12,0,Overnight,0.0,False,24.96,24.96,161.87,False,0.0,False
2012-04-12,2012-04-13,0,Overnight,0.0,False,24.5,24.5,-394.79,False,0.0,False
2012-04-13,2012-04-16,2,Weekend,48.0,False,39.27,39.27,-11.53,False,0.0,False
2012-04-16,2012-04-17,0,Overnight,0.0,False,82.74,82.74,47.95,False,0.0,False
2012-04-17,2012-04-18,0,Overnight,0.0,False,-63.99,-63.99,-75.94,False,0.0,False
2012-04-18,2012-04-19,0,Overnight,0.0,False,34.59,34.59,-50.77,False,0.0,False
2012-04-19,2012-04-20,0,Overnight,0.0,False,66.87,66.87,-183.24,False,0.0,False
2012-04-20,2012-04-23,2,Weekend,48.0,False,-189.04,-189.04,219.43,False,0.0,False
2012-04-23,2012-04-24,0,Overnight,0.0,False,30.29,30.29,69.56,False,0.0,False
2012-04-24,2012-04-25,0,Overnight,0.0,False,85.13,85.13,-112.89,False,0.0,False
2012-04-25,2012-04-26,0,Overnight,0.0,False,13.89,13.89,133.3,False,0.0,False
2012-04-26,2012-04-27,0,Overnight,0.0,False,31.91,31.91,-137.49,False,0.0,False
2012-04-27,2012-04-30,2,Weekend,48.0,False,-2.31,-2.31,-81.1,False,0.0,False
2012-04-30,2012-05-01,0,Overnight,0.0,False,4.65,4.65,182.05,False,0.0,False
2012-05-01,2012-05-02,0,Overnight,0.0,False,-75.65,-75.65,-60.0,False,0.0,False
2012-05-02,2012-05-03,0,Overnight,0.0,False,41.58,41.58,-85.66,False,0.0,False
2012-05-03,2012-05-04,0,Overnight,0.0,False,-159.36,-159.36,-137.97,False,0.0,False
2012-05-04,2012-05-07,2,Weekend,48.0,False,-76.94,-76.94,84.12,False,0.0,False
2012-05-07,2012-05-08,0,Overnight,0.0,False,-67.24,-67.24,-28.96,False,0.0,False
2012-05-08,2012-05-09,0,Overnight,0.0,False,-160.78,-160.78,-19.67,False,0.0,False
2012-05-09,2012-05-10,0,Overnight,0.0,False,144.13,144.13,-119.56,False,0.0,False
2012-05-10,2012-05-11,0,Overnight,0.0,False,-925.16,-925.16,-48.58,False,0.0,False
2012-05-11,2012-05-14,2,Weekend,48.0,False,-235.43,-235.43,-86.24,False,0.0,False
2012-05-14,2012-05-15,0,Overnight,0.0,False,111.14,111.14,13.81,False,0.0,False
2012-05-15,2012-05-16,0,Overnight,0.0,False,150.63,150.63,-368.21,False,0.0,False
2012-05-16,2012-05-17,0,Overnight,0.0,False,-119.15,-119.15,-321.91,False,0.0,False
2012-05-17,2012-05-18,0,Overnight,0.0,False,17.67,17.67,-148.19,False,0.0,False
2012-05-18,2012-05-21,2,Weekend,48.0,False,8.95,8.95,-305.95,False,0.0,False
2012-05-21,2012-05-22,0,Overnight,0.0,False,246.1,246.1,204.97,False,0.0,False
2012-05-22,2012-05-23,0,Overnight,0.0,False,-115.33,-115.33,188.57,False,0.0,False
2012-05-23,2012-05-24,0,Overnight,0.0,False,52.4,52.4,-137.41,False,0.0,False
2012-05-24,2012-05-25,0,Overnight,0.0,False,8.83,8.83,-148.15,False,0.0,False
2012-05-25,2012-05-29,3,Long,72.0,False,142.27,142.27,-103.54,False,0.0,False
2012-05-29,2012-05-30,0,Overnight,0.0,False,-98.61,-98.61,-102.63,False,0.0,False
2012-05-30,2012-05-31,0,Overnight,0.0,False,0.0,0.0,57.48,False,0.0,False
2012-05-31,2012-06-01,0,Overnight,0.0,False,-225.76,-225.76,-149.21,False,0.0,False
2012-06-01,2012-06-04,2,Weekend,48.0,False,71.77,71.77,-367.36,False,0.0,False
2012-06-04,2012-06-05,0,Overnight,0.0,False,-35.55,-35.55,349.91,False,0.0,False
2012-06-05,2012-06-06,0,Overnight,0.0,False,222.57,222.57,109.46,False,0.0,False
2012-06-06,2012-06-07,0,Overnight,0.0,False,209.46,209.46,-288.39,False,0.0,False
2012-06-07,2012-06-08,0,Overnight,0.0,False,-12.2,-12.2,273.91,False,0.0,False
2012-06-08,2012-06-11,2,Weekend,48.0,False,202.8,202.8,-461.46,False,0.0,False
2012-06-11,2012-06-12,0,Overnight,0.0,False,18.27,18.27,267.08,False,0.0,False
2012-06-12,2012-06-13,0,Overnight,0.0,False,-23.72,-23.72,179.44,False,0.0,False
2012-06-13,2012-06-14,0,Overnight,0.0,False,32.02,32.02,69.51,False,0.0,False
2012-06-14,2012-06-15,0,Overnight,0.0,False,69.02,69.02,40.05,False,0.0,False
2012-06-15,2012-06-18,2,Weekend,48.0,False,-91.77,-91.77,-25.96,False,0.0,False
2012-06-18,2012-06-19,0,Overnight,0.0,False,106.31,106.31,110.84,False,0.0,False
2012-06-19,2012-06-20,0,Overnight,0.0,False,182.05,182.05,115.9,False,0.0,False
2012-06-20,2012-06-21,0,Overnight,0.0,False,10.97,10.97,-272.24,False,0.0,False
2012-06-21,2012-06-22,0,Overnight,0.0,False,142.6,142.6,-8.33,False,0.0,False
2012-06-22,2012-06-25,2,Weekend,48.0,False,-204.92,-204.92,17.0,False,0.0,False
2012-06-25,2012-06-26,0,Overnight,0.0,False,207.35,207.35,-97.54,False,0.0,False
2012-06-26,2012-06-27,0,Overnight,0.0,False,-19.62,-19.62,314.86,False,0.0,False
2012-06-27,2012-06-28,0,Overnight,0.0,False,-405.05,-405.05,157.31,False,0.0,False
2012-06-28,2012-06-29,0,Overnight,0.0,False,225.97,225.97,-267.86,False,0.0,False
2012-06-29,2012-07-02,2,Weekend,48.0,False,150.0,150.0,2.76,False,0.0,False
2012-07-02,2012-07-03,0,Overnight,0.0,False,-88.59,-5.51,-22.27,True,82.69,False
2012-07-03,2012-07-05,1,Short,24.0,True,-75.54,-75.54,-351.51,False,0.0,False
2012-07-05,2012-07-06,0,Overnight,0.0,False,-134.7,-134.7,-5.9,False,0.0,False
2012-07-06,2012-07-09,2,Weekend,48.0,False,-26.58,-26.58,44.27,False,0.0,False
2012-07-09,2012-07-10,0,Overnight,0.0,False,76.27,76.27,8.76,False,0.0,False
2012-07-10,2012-07-11,0,Overnight,0.0,False,-11.69,-11.69,110.47,False,0.0,False
2012-07-11,2012-07-12,0,Overnight,0.0,False,-75.45,-75.45,-84.83,False,0.0,False
2012-07-12,2012-07-13,0,Overnight,0.0,False,295.25,295.25,284.01,False,0.0,False
2012-07-13,2012-07-16,2,Weekend,48.0,False,-86.32,-86.32,-189.14,False,0.0,False
2012-07-16,2012-07-17,0,Overnight,0.0,False,99.25,99.25,-127.79,False,0.0,False
2012-07-17,2012-07-18,0,Overnight,0.0,False,-68.83,-68.83,60.25,False,0.0,False
2012-07-18,2012-07-19,0,Overnight,0.0,False,17.15,17.15,-161.2,False,0.0,False
2012-07-19,2012-07-20,0,Overnight,0.0,False,-119.69,-119.69,-44.15,False,0.0,False
2012-07-20,2012-07-23,2,Weekend,48.0,False,-196.61,-196.61,354.65,False,0.0,False
2012-07-23,2012-07-24,0,Overnight,0.0,False,40.57,40.57,43.28,False,0.0,False
2012-07-24,2012-07-25,0,Overnight,0.0,False,71.73,71.73,54.17,False,0.0,False
2012-07-25,2012-07-26,0,Overnight,0.0,False,171.96,171.96,8.38,False,0.0,False
2012-07-26,2012-07-27,0,Overnight,0.0,False,55.69,55.69,241.44,False,0.0,False
2012-07-27,2012-07-30,2,Weekend,48.0,False,-106.28,-106.28,-99.12,False,0.0,False
2012-07-30,2012-07-31,0,Overnight,0.0,False,-8.3,-8.3,-30.51,False,0.0,False
2012-07-31,2012-08-01,0,Overnight,0.0,False,52.64,52.64,-52.64,False,0.0,False
2012-08-01,2012-08-02,0,Overnight,0.0,False,-106.12,-106.12,-127.14,False,0.0,False
2012-08-02,2012-08-03,0,Overnight,0.0,False,183.13,183.13,75.09,False,0.0,False
2012-08-03,2012-08-06,2,Weekend,48.0,False,41.48,41.48,16.54,False,0.0,False
2012-08-06,2012-08-07,0,Overnight,0.0,False,74.11,74.11,119.6,False,0.0,False
2012-08-07,2012-08-08,0,Overnight,0.0,False,-43.33,-43.33,83.77,False,0.0,False
2012-08-08,2012-08-09,0,Overnight,0.0,False,-119.11,-119.11,54.32,False,0.0,False
2012-08-09,2012-08-10,0,Overnight,0.0,False,-43.43,-43.43,56.97,False,0.0,False
2012-08-10,2012-08-13,2,Weekend,48.0,False,-27.09,-27.09,32.49,False,0.0,False
2012-08-13,2012-08-14,0,Overnight,0.0,False,115.58,115.58,-85.88,False,0.0,False
2012-08-14,2012-08-15,0,Overnight,0.0,False,-8.09,-8.09,0.0,False,0.0,False
2012-08-15,2012-08-16,0,Overnight,0.0,False,29.63,29.63,-21.54,False,0.0,False
2012-08-16,2012-08-17,0,Overnight,0.0,False,26.92,26.92,-59.32,False,0.0,False
2012-08-17,2012-08-20,2,Weekend,48.0,False,-16.24,-16.24,121.15,False,0.0,False
2012-08-20,2012-08-21,0,Overnight,0.0,False,69.33,69.33,108.37,False,0.0,False
2012-08-21,2012-08-22,0,Overnight,0.0,False,-42.15,-42.15,-13.21,False,0.0,False
2012-08-22,2012-08-23,0,Overnight,0.0,False,-5.29,-5.29,-154.59,False,0.0,False
2012-08-23,2012-08-24,0,Overnight,0.0,False,-78.2,-78.2,62.07,False,0.0,False
2012-08-24,2012-08-27,2,Weekend,48.0,False,37.59,37.59,-21.47,False,0.0,False
2012-08-27,2012-08-28,0,Overnight,0.0,False,-34.98,-34.98,8.08,False,0.0,False
2012-08-28,2012-08-29,0,Overnight,0.0,False,51.04,51.04,-5.36,False,0.0,False
2012-08-29,2012-08-30,0,Overnight,0.0,False,-64.55,-64.55,-43.27,False,0.0,False
2012-08-30,2012-08-31,0,Overnight,0.0,False,64.83,64.83,0.0,False,0.0,False
2012-08-31,2012-09-04,3,Long,72.0,False,-43.17,-43.17,8.11,False,0.0,False
2012-09-04,2012-09-05,0,Overnight,0.0,False,18.9,18.9,8.09,False,0.0,False
2012-09-05,2012-09-06,0,Overnight,0.0,False,125.86,125.86,291.09,False,0.0,False
2012-09-06,2012-09-07,0,Overnight,0.0,False,90.06,90.06,66.38,False,0.0,False
2012-09-07,2012-09-10,2,Weekend,48.0,False,-17.83,-17.83,-120.53,False,0.0,False
2012-09-10,2012-09-11,0,Overnight,0.0,False,10.31,10.31,204.09,False,0.0,False
2012-09-11,2012-09-12,0,Overnight,0.0,False,70.46,70.46,10.02,False,0.0,False
2012-09-12,2012-09-13,0,Overnight,0.0,False,-20.06,-20.06,384.09,False,0.0,False
2012-09-13,2012-09-14,0,Overnight,0.0,False,134.36,134.36,-93.38,False,0.0,False
2012-09-14,2012-09-17,2,Weekend,48.0,False,-138.07,-138.07,46.23,False,0.0,False
2012-09-17,2012-09-18,0,Overnight,0.0,False,-34.05,-34.05,51.03,False,0.0,False
2012-09-18,2012-09-19,0,Overnight,0.0,False,16.95,16.95,2.42,False,0.0,False
2012-09-19,2012-09-20,0,Overnight,0.0,False,-92.35,-92.35,70.55,False,0.0,False
2012-09-20,2012-09-21,0,Overnight,0.0,False,67.65,67.65,-157.75,False,0.0,False
2012-09-21,2012-09-24,2,Weekend,48.0,False,-66.27,-66.27,151.52,False,0.0,False
2012-09-24,2012-09-25,0,Overnight,0.0,False,77.31,77.31,-243.62,False,0.0,False
2012-09-25,2012-09-26,0,Overnight,0.0,False,-99.13,-99.13,22.39,False,0.0,False
2012-09-26,2012-09-27,0,Overnight,0.0,False,39.68,39.68,69.07,False,0.0,False
2012-09-27,2012-09-28,0,Overnight,0.0,False,-64.12,-64.12,14.83,False,0.0,False
2012-09-28,2012-10-01,2,Weekend,48.0,False,98.33,98.33,21.99,False,0.0,False
2012-10-01,2012-10-02,0,Overnight,0.0,False,41.41,41.41,-53.62,False,0.0,False
2012-10-02,2012-10-03,0,Overnight,0.0,False,-22.02,51.19,7.34,True,73.31,False
2012-10-03,2012-10-04,0,Overnight,0.0,False,73.15,73.15,159.08,False,0.0,False
2012-10-04,2012-10-05,0,Overnight,0.0,False,52.47,52.47,-78.81,False,0.0,False
2012-10-05,2012-10-08,2,Weekend,48.0,False,-91.52,-91.52,79.53,False,0.0,False
2012-10-08,2012-10-09,0,Overnight,0.0,False,26.37,26.37,-93.81,False,0.0,False
2012-10-09,2012-10-10,0,Overnight,0.0,False,41.0,41.0,52.81,False,0.0,False
2012-10-10,2012-10-11,0,Overnight,0.0,False,142.62,142.62,-63.93,False,0.0,False
2012-10-11,2012-10-12,0,Overnight,0.0,False,-119.48,-119.48,4.81,False,0.0,False
2012-10-12,2012-10-15,2,Weekend,48.0,False,69.44,69.44,111.52,False,0.0,False
2012-10-15,2012-10-16,0,Overnight,0.0,False,96.28,96.28,9.34,False,0.0,False
2012-10-16,2012-10-17,0,Overnight,0.0,False,23.32,23.32,90.44,False,0.0,False
2012-10-17,2012-10-18,0,Overnight,0.0,False,-53.23,-53.23,-18.58,False,0.0,False
2012-10-18,2012-10-19,0,Overnight,0.0,False,-48.95,-48.95,-112.78,False,0.0,False
2012-10-19,2012-10-22,2,Weekend,48.0,False,-16.55,-16.55,-37.94,False,0.0,False
2012-10-22,2012-10-23,0,Overnight,0.0,False,-148.4,-148.4,-33.82,False,0.0,False
2012-10-23,2012-10-24,0,Overnight,0.0,False,84.33,84.33,7.19,False,0.0,False
2012-10-24,2012-10-25,0,Overnight,0.0,False,126.27,126.27,-135.86,False,0.0,False
2012-10-25,2012-10-26,0,Overnight,0.0,False,-60.18,-60.18,-62.97,False,0.0,False
2012-10-26,2012-10-31,4,Long,96.0,False,70.21,70.21,55.33,False,0.0,False
2012-10-31,2012-11-01,0,Overnight,0.0,False,4.8,4.8,269.71,False,0.0,False
2012-11-01,2012-11-02,0,Overnight,0.0,False,46.58,46.58,-145.1,False,0.0,False
2012-11-02,2012-11-05,2,Weekend,49.0,False,-21.24,-21.24,-14.18,False,0.0,False
2012-11-05,2012-11-06,0,Overnight,0.0,False,70.72,70.72,72.56,False,0.0,False
2012-11-06,2012-11-07,0,Overnight,0.0,False,-204.98,-204.98,-371.0,False,0.0,False
2012-11-07,2012-11-08,0,Overnight,0.0,False,195.7,195.7,-215.48,False,0.0,False
2012-11-08,2012-11-09,0,Overnight,0.0,False,-22.3,-22.3,76.61,False,0.0,False
2012-11-09,2012-11-12,2,Weekend,48.0,False,56.46,56.46,-66.31,False,0.0,False
2012-11-12,2012-11-13,0,Overnight,0.0,False,-99.06,-99.06,-34.9,False,0.0,False
2012-11-13,2012-11-14,0,Overnight,0.0,False,42.37,42.37,-231.46,False,0.0,False
2012-11-14,2012-11-15,0,Overnight,0.0,False,-58.71,-58.71,84.13,False,0.0,False
2012-11-15,2012-11-16,0,Overnight,0.0,False,10.15,10.15,25.33,False,0.0,False
2012-11-16,2012-11-19,2,Weekend,48.0,False,140.67,140.67,123.95,False,0.0,False
2012-11-19,2012-11-20,0,Overnight,0.0,False,-64.26,-64.26,91.32,False,0.0,False
2012-11-20,2012-11-21,0,Overnight,0.0,False,58.79,58.79,-51.43,False,0.0,False
2012-11-21,2012-11-23,1,Short,24.0,False,90.43,90.43,-2.43,False,0.0,False
2012-11-23,2012-11-26,2,Weekend,48.0,True,-73.28,-73.28,22.04,False,0.0,False
2012-11-26,2012-11-27,0,Overnight,0.0,False,-2.45,-2.45,-29.4,False,0.0,False
2012-11-27,2012-11-28,0,Overnight,0.0,False,-64.01,-64.01,83.62,False,0.0,False
2012-11-28,2012-11-29,0,Overnight,0.0,False,78.07,78.07,17.0,False,0.0,False
2012-11-29,2012-11-30,0,Overnight,0.0,False,-55.95,-55.95,21.93,False,0.0,False
2012-11-30,2012-12-03,2,Weekend,48.0,False,46.14,46.14,-112.09,False,0.0,False
2012-12-03,2012-12-04,0,Overnight,0.0,False,-7.35,-7.35,-51.63,False,0.0,False
2012-12-04,2012-12-05,0,Overnight,0.0,False,29.53,29.53,124.56,False,0.0,False
2012-12-05,2012-12-06,0,Overnight,0.0,False,12.13,12.13,53.19,False,0.0,False
2012-12-06,2012-12-07,0,Overnight,0.0,False,88.83,88.83,170.62,False,0.0,False
2012-12-07,2012-12-10,2,Weekend,48.0,False,-4.7,-4.7,-54.21,False,0.0,False
2012-12-10,2012-12-11,0,Overnight,0.0,False,68.31,68.31,9.39,False,0.0,False
2012-12-11,2012-12-12,0,Overnight,0.0,False,84.07,84.07,-53.63,False,0.0,False
2012-12-12,2012-12-13,0,Overnight,0.0,False,-28.1,-28.1,30.43,False,0.0,False
2012-12-13,2012-12-14,0,Overnight,0.0,False,-2.34,-2.34,9.35,False,0.0,False
2012-12-14,2012-12-17,2,Weekend,48.0,False,44.28,44.28,111.01,False,0.0,False
2012-12-17,2012-12-18,0,Overnight,0.0,False,80.17,80.17,9.12,False,0.0,False
2012-12-18,2012-12-19,0,Overnight,0.0,False,27.32,27.32,-105.12,False,0.0,False
2012-12-19,2012-12-20,0,Overnight,0.0,False,36.69,36.69,190.44,False,0.0,False
2012-12-20,2012-12-21,0,Overnight,0.0,False,-160.73,-160.73,40.99,False,0.0,False
2012-12-21,2012-12-24,2,Weekend,48.0,False,-63.84,-63.84,45.64,False,0.0,False
2012-12-24,2012-12-26,1,Short,24.0,True,6.83,6.83,2.27,False,0.0,False
2012-12-26,2012-12-27,0,Overnight,0.0,False,0.0,0.0,-75.35,False,0.0,False
2012-12-27,2012-12-28,0,Overnight,0.0,False,-122.22,-122.22,32.43,False,0.0,False
2012-12-28,2012-12-31,2,Weekend,48.0,False,-32.43,-32.43,199.85,False,0.0,False
2012-12-31,2013-01-02,1,Short,24.0,False,227.1,293.58,-71.4,True,68.23,False
2013-01-02,2013-01-03,0,Overnight,0.0,False,17.9,17.9,-38.07,False,0.0,False
2013-01-03,2013-01-04,0,Overnight,0.0,False,-26.96,-26.96,202.66,False,0.0,False
2013-01-04,2013-01-07,2,Weekend,48.0,False,-59.7,-59.7,70.72,False,0.0,False
2013-01-07,2013-01-08,0,Overnight,0.0,False,-2.2,-2.2,22.0,False,0.0,False
2013-01-08,2013-01-09,0,Overnight,0.0,False,13.18,13.18,-19.77,False,0.0,False
2013-01-09,2013-01-10,0,Overnight,0.0,False,91.94,91.94,56.5,False,0.0,False
2013-01-10,2013-01-11,0,Overnight,0.0,False,-39.08,-39.08,36.91,False,0.0,False
2013-01-11,2013-01-14,2,Weekend,48.0,False,-54.33,-54.33,-2.18,False,0.0,False
2013-01-14,2013-01-15,0,Overnight,0.0,False,-85.37,-85.37,187.29,False,0.0,False
2013-01-15,2013-01-16,0,Overnight,0.0,False,-95.38,-95.38,196.28,False,0.0,False
2013-01-16,2013-01-17,0,Overnight,0.0,False,-90.11,-90.11,8.62,False,0.0,False
2013-01-17,2013-01-18,0,Overnight,0.0,False,-12.93,-12.93,17.23,False,0.0,False
2013-01-18,2013-01-22,3,Long,72.0,False,-45.3,-45.3,62.51,False,0.0,False
2013-01-22,2013-01-23,0,Overnight,0.0,False,-66.83,-66.83,0.0,False,0.0,False
2013-01-23,2013-01-24,0,Overnight,0.0,False,2.16,2.16,28.07,False,0.0,False
2013-01-24,2013-01-25,0,Overnight,0.0,False,79.48,79.48,89.46,False,0.0,False
2013-01-25,2013-01-28,2,Weekend,48.0,False,-68.09,-68.09,-42.79,False,0.0,False
2013-01-28,2013-01-29,0,Overnight,0.0,False,-77.49,-77.49,179.88,False,0.0,False
2013-01-29,2013-01-30,0,Overnight,0.0,False,-16.99,-16.99,19.11,False,0.0,False
2013-01-30,2013-01-31,0,Overnight,0.0,False,-25.49,-25.49,8.51,False,0.0,False
2013-01-31,2013-02-01,0,Overnight,0.0,False,74.11,74.11,94.49,False,0.0,False
2013-02-01,2013-02-04,2,Weekend,48.0,False,-65.0,-65.0,29.41,False,0.0,False
2013-02-04,2013-02-05,0,Overnight,0.0,False,54.38,54.38,175.75,False,0.0,False
2013-02-05,2013-02-06,0,Overnight,0.0,False,-76.12,-76.12,39.16,False,0.0,False
2013-02-06,2013-02-07,0,Overnight,0.0,False,8.23,8.23,-86.71,False,0.0,False
2013-02-07,2013-02-08,0,Overnight,0.0,False,20.71,20.71,61.88,False,0.0,False
2013-02-08,2013-02-11,2,Weekend,48.0,False,-24.71,-24.71,30.87,False,0.0,False
2013-02-11,2013-02-12,0,Overnight,0.0,False,28.73,28.73,69.43,False,0.0,False
2013-02-12,2013-02-13,0,Overnight,0.0,False,42.64,42.64,-136.69,False,0.0,False
2013-02-13,2013-02-14,0,Overnight,0.0,False,-57.68,-57.68,168.0,False,0.0,False
2013-02-14,2013-02-15,0,Overnight,0.0,False,26.38,26.38,-95.69,False,0.0,False
2013-02-15,2013-02-19,3,Long,72.0,False,48.98,48.98,66.96,False,0.0,False
2013-02-19,2013-02-20,0,Overnight,0.0,False,-20.24,-20.24,-151.08,False,0.0,False
2013-02-20,2013-02-21,0,Overnight,0.0,False,-41.23,-41.23,-33.11,False,0.0,False
2013-02-21,2013-02-22,0,Overnight,0.0,False,78.45,78.45,57.41,False,0.0,False
2013-02-22,2013-02-25,2,Weekend,48.0,False,38.77,38.77,-289.28,False,0.0,False
2013-02-25,2013-02-26,0,Overnight,0.0,False,108.42,108.42,-129.41,False,0.0,False
2013-02-26,2013-02-27,0,Overnight,0.0,False,52.38,52.38,294.47,False,0.0,False
2013-02-27,2013-02-28,0,Overnight,0.0,False,-24.38,-24.38,-48.94,False,0.0,False
2013-02-28,2013-03-01,0,Overnight,0.0,False,-65.63,-65.63,63.58,False,0.0,False
2013-03-01,2013-03-04,2,Weekend,48.0,False,-36.87,-36.87,75.64,False,0.0,False
2013-03-04,2013-03-05,0,Overnight,0.0,False,79.12,79.12,0.0,False,0.0,False
2013-03-05,2013-03-06,0,Overnight,0.0,False,78.49,78.49,30.03,False,0.0,False
2013-03-06,2013-03-07,0,Overnight,0.0,False,4.0,4.0,115.22,False,0.0,False
2013-03-07,2013-03-08,0,Overnight,0.0,False,-7.9,-7.9,-77.39,False,0.0,False
2013-03-08,2013-03-11,2,Weekend,47.0,False,5.97,5.97,49.65,False,0.0,False
2013-03-11,2013-03-12,0,Overnight,0.0,False,-25.79,-25.79,-13.91,False,0.0,False
2013-03-12,2013-03-13,0,Overnight,0.0,False,1.99,1.99,-25.88,False,0.0,False
2013-03-13,2013-03-14,0,Overnight,0.0,False,17.93,17.93,148.15,False,0.0,False
2013-03-14,2013-03-15,0,Overnight,0.0,False,-204.03,-204.03,10.0,False,0.0,False
2013-03-15,2013-03-18,2,Weekend,48.0,False,-167.33,-167.33,64.84,False,0.0,False
2013-03-18,2013-03-19,0,Overnight,0.0,False,28.24,28.24,-91.05,False,0.0,False
2013-03-19,2013-03-20,0,Overnight,0.0,False,74.92,74.92,-91.2,False,0.0,False
2013-03-20,2013-03-21,0,Overnight,0.0,False,-67.41,-67.41,-90.59,False,0.0,False
2013-03-21,2013-03-22,0,Overnight,0.0,False,57.74,57.74,30.8,False,0.0,False
2013-03-22,2013-03-25,2,Weekend,48.0,False,53.16,53.16,-106.6,False,0.0,False
2013-03-25,2013-03-26,0,Overnight,0.0,False,45.24,45.24,-20.54,False,0.0,False
2013-03-26,2013-03-27,0,Overnight,0.0,False,-90.87,-90.87,-89.61,False,0.0,False
2013-03-27,2013-03-28,0,Overnight,0.0,False,14.64,14.64,-79.75,False,0.0,False
2013-03-28,2013-04-01,3,Long,72.0,False,18.95,18.95,58.71,False,0.0,False
2013-04-01,2013-04-02,0,Overnight,0.0,False,37.56,37.56,56.08,False,0.0,False
2013-04-02,2013-04-03,0,Overnight,0.0,False,-51.92,10.35,-248.75,True,62.14,False
2013-04-03,2013-04-04,0,Overnight,0.0,False,23.45,23.45,112.23,False,0.0,False
2013-04-04,2013-04-05,0,Overnight,0.0,False,-148.5,-148.5,236.55,False,0.0,False
2013-04-05,2013-04-08,2,Weekend,48.0,False,-6.26,-6.26,145.14,False,0.0,False
2013-04-08,2013-04-09,0,Overnight,0.0,False,32.88,32.88,-12.32,False,0.0,False
2013-04-09,2013-04-10,0,Overnight,0.0,False,53.27,53.27,63.14,False,0.0,False
2013-04-10,2013-04-11,0,Overnight,0.0,False,-8.13,-8.13,20.3,False,0.0,False
2013-04-11,2013-04-12,0,Overnight,0.0,False,-83.49,-83.49,22.47,False,0.0,False
2013-04-12,2013-04-15,2,Weekend,48.0,False,-127.31,-127.31,-95.52,False,0.0,False
2013-04-15,2013-04-16,0,Overnight,0.0,False,103.78,103.78,12.38,False,0.0,False
2013-04-16,2013-04-17,0,Overnight,0.0,False,-78.68,-78.68,-278.21,False,0.0,False
2013-04-17,2013-04-18,0,Overnight,0.0,False,2.14,2.14,-34.25,False,0.0,False
2013-04-18,2013-04-19,0,Overnight,0.0,False,108.76,108.76,16.95,False,0.0,False
2013-04-19,2013-04-22,2,Weekend,48.0,False,35.93,35.93,-10.55,False,0.0,False
2013-04-22,2013-04-23,0,Overnight,0.0,False,69.45,69.45,102.24,False,0.0,False
2013-04-23,2013-04-24,0,Overnight,0.0,False,31.09,31.09,82.44,False,0.0,False
2013-04-24,2013-04-25,0,Overnight,0.0,False,61.39,61.39,-4.08,False,0.0,False
2013-04-25,2013-04-26,0,Overnight,0.0,False,-28.61,-28.61,4.09,False,0.0,False
2013-04-26,2013-04-29,2,Weekend,48.0,False,40.83,40.83,-32.65,False,0.0,False
2013-04-29,2013-04-30,0,Overnight,0.0,False,8.17,8.17,10.21,False,0.0,False
2013-04-30,2013-05-01,0,Overnight,0.0,False,-51.14,-51.14,-155.01,False,0.0,False
2013-05-01,2013-05-02,0,Overnight,0.0,False,49.87,49.87,-35.29,False,0.0,False
2013-05-02,2013-05-03,0,Overnight,0.0,False,113.74,113.74,-220.38,False,0.0,False
2013-05-03,2013-05-06,2,Weekend,48.0,False,29.39,29.39,98.03,False,0.0,False
2013-05-06,2013-05-07,0,Overnight,0.0,False,80.62,80.62,116.67,False,0.0,False
2013-05-07,2013-05-08,0,Overnight,0.0,False,16.27,16.27,109.11,False,0.0,False
2013-05-08,2013-05-09,0,Overnight,0.0,False,-12.06,-12.06,-133.69,False,0.0,False
2013-05-09,2013-05-10,0,Overnight,0.0,False,2.04,2.04,-18.37,False,0.0,False
2013-05-10,2013-05-13,2,Weekend,48.0,False,-24.54,-24.54,168.51,False,0.0,False
2013-05-13,2013-05-14,0,Overnight,0.0,False,20.11,20.11,92.0,False,0.0,False
2013-05-14,2013-05-15,0,Overnight,0.0,False,-5.97,-5.97,175.74,False,0.0,False
2013-05-15,2013-05-16,0,Overnight,0.0,False,-43.15,-43.15,19.64,False,0.0,False
2013-05-16,2013-05-17,0,Overnight,0.0,False,56.73,56.73,200.86,False,0.0,False
2013-05-17,2013-05-20,2,Weekend,48.0,False,-3.82,-3.82,1.91,False,0.0,False
2013-05-20,2013-05-21,0,Overnight,0.0,False,45.79,45.79,92.85,False,0.0,False
2013-05-21,2013-05-22,0,Overnight,0.0,False,77.03,77.03,37.36,False,0.0,False
2013-05-22,2013-05-23,0,Overnight,0.0,False,-152.19,-152.19,99.84,False,0.0,False
2013-05-23,2013-05-24,0,Overnight,0.0,False,-84.71,-84.71,142.64,False,0.0,False
2013-05-24,2013-05-28,3,Long,72.0,False,166.33,166.33,7.33,False,0.0,False
2013-05-28,2013-05-29,0,Overnight,0.0,False,-93.85,-93.85,106.66,False,0.0,False
2013-05-29,2013-05-30,0,Overnight,0.0,False,-12.81,-12.81,185.09,False,0.0,False
2013-05-30,2013-05-31,0,Overnight,0.0,False,16.17,16.17,-203.09,False,0.0,False
2013-05-31,2013-06-03,2,Weekend,48.0,False,1.83,1.83,-20.17,False,0.0,False
2013-06-03,2013-06-04,0,Overnight,0.0,False,9.17,9.17,-92.1,False,0.0,False
2013-06-04,2013-06-05,0,Overnight,0.0,False,-48.23,-48.23,-140.44,False,0.0,False
2013-06-05,2013-06-06,0,Overnight,0.0,False,-35.89,-35.89,124.13,False,0.0,False
2013-06-06,2013-06-07,0,Overnight,0.0,False,50.34,50.34,92.56,False,0.0,False
2013-06-07,2013-06-10,2,Weekend,48.0,False,67.95,67.95,-51.38,False,0.0,False
2013-06-10,2013-06-11,0,Overnight,0.0,False,-166.95,-166.95,5.61,False,0.0,False
2013-06-11,2013-06-12,0,Overnight,0.0,False,76.36,76.36,-134.48,False,0.0,False
2013-06-12,2013-06-13,0,Overnight,0.0,False,-33.9,-33.9,218.35,False,0.0,False
2013-06-13,2013-06-14,0,Overnight,0.0,False,-24.03,-24.03,-169.83,False,0.0,False
2013-06-14,2013-06-17,2,Weekend,48.0,False,106.71,106.71,27.89,False,0.0,False
2013-06-17,2013-06-18,0,Overnight,0.0,False,33.37,33.37,14.8,False,0.0,False
2013-06-18,2013-06-19,0,Overnight,0.0,False,-22.2,-22.2,-81.83,False,0.0,False
2013-06-19,2013-06-20,0,Overnight,0.0,False,-88.16,-88.16,-113.68,False,0.0,False
2013-06-20,2013-06-21,0,Overnight,0.0,False,91.05,91.05,-190.63,False,0.0,False
2013-06-21,2013-06-24,2,Weekend,48.0,False,-210.04,-210.04,7.86,False,0.0,False
2013-06-24,2013-06-25,0,Overnight,0.0,False,115.2,115.2,110.05,False,0.0,False
2013-06-25,2013-06-26,0,Overnight,0.0,False,108.85,108.85,-28.53,False,0.0,False
2013-06-26,2013-06-27,0,Overnight,0.0,False,100.45,100.45,22.6,False,0.0,False
2013-06-27,2013-06-28,0,Overnight,0.0,False,-5.65,-5.65,-62.32,False,0.0,False
2013-06-28,2013-07-01,2,Weekend,48.0,False,81.12,81.12,-138.12,False,0.0,False
2013-07-01,2013-07-02,0,Overnight,0.0,False,15.23,87.25,43.66,True,72.39,False
2013-07-02,2013-07-03,0,Overnight,0.0,False,-93.24,-93.24,87.55,False,0.0,False
2013-07-03,2013-07-05,1,Short,24.0,True,111.19,111.19,117.37,False,0.0,False
2013-07-05,2013-07-08,2,Weekend,48.0,False,101.36,101.36,29.29,False,0.0,False
2013-07-08,2013-07-09,0,Overnight,0.0,False,67.41,67.41,-32.74,False,0.0,False
2013-07-09,2013-07-10,0,Overnight,0.0,False,-21.89,-21.89,10.95,False,0.0,False
2013-07-10,2013-07-11,0,Overnight,0.0,False,182.53,182.53,-126.15,False,0.0,False
2013-07-11,2013-07-12,0,Overnight,0.0,False,66.88,66.88,-97.76,False,0.0,False
2013-07-12,2013-07-15,2,Weekend,48.0,False,94.15,94.15,-108.72,False,0.0,False
2013-07-15,2013-07-16,0,Overnight,0.0,False,1.82,1.82,20.02,False,0.0,False
2013-07-16,2013-07-17,0,Overnight,0.0,False,7.27,7.27,39.88,False,0.0,False
2013-07-17,2013-07-18,0,Overnight,0.0,False,43.33,43.33,153.74,False,0.0,False
2013-07-18,2013-07-19,0,Overnight,0.0,False,24.8,24.8,-62.13,False,0.0,False
2013-07-19,2013-07-22,2,Weekend,48.0,False,1.78,1.78,69.19,False,0.0,False
2013-07-22,2013-07-23,0,Overnight,0.0,False,28.25,28.25,-8.82,False,0.0,False
2013-07-23,2013-07-24,0,Overnight,0.0,False,44.02,44.02,-51.08,False,0.0,False
2013-07-24,2013-07-25,0,Overnight,0.0,False,-31.84,-31.84,8.85,False,0.0,False
2013-07-25,2013-07-26,0,Overnight,0.0,False,-78.18,-78.18,-1.78,False,0.0,False
2013-07-26,2013-07-29,2,Weekend,48.0,False,-12.5,-12.5,-51.94,False,0.0,False
2013-07-29,2013-07-30,0,Overnight,0.0,False,32.27,32.27,-97.12,False,0.0,False
2013-07-30,2013-07-31,0,Overnight,0.0,False,45.08,45.08,26.95,False,0.0,False
2013-07-31,2013-08-01,0,Overnight,0.0,False,112.41,112.41,31.89,False,0.0,False
2013-08-01,2013-08-02,0,Overnight,0.0,False,-47.87,-47.87,39.02,False,0.0,False
2013-08-02,2013-08-05,2,Weekend,48.0,False,-28.36,-28.36,-40.92,False,0.0,False
2013-08-05,2013-08-06,0,Overnight,0.0,False,-19.63,-19.63,-89.7,False,0.0,False
2013-08-06,2013-08-07,0,Overnight,0.0,False,-77.79,-77.79,43.49,False,0.0,False
2013-08-07,2013-08-08,0,Overnight,0.0,False,21.68,21.68,-107.03,False,0.0,False
2013-08-08,2013-08-09,0,Overnight,0.0,False,-25.57,-25.57,-31.13,False,0.0,False
2013-08-09,2013-08-12,2,Weekend,48.0,False,-88.43,-88.43,9.25,False,0.0,False
2013-08-12,2013-08-13,0,Overnight,0.0,False,24.01,24.01,12.9,False,0.0,False
2013-08-13,2013-08-14,0,Overnight,0.0,False,7.37,7.37,-33.19,False,0.0,False
2013-08-14,2013-08-15,0,Overnight,0.0,False,-117.03,-117.03,-43.07,False,0.0,False
2013-08-15,2013-08-16,0,Overnight,0.0,False,-41.37,-41.37,41.37,False,0.0,False
2013-08-16,2013-08-19,2,Weekend,48.0,False,-75.34,-75.34,-202.45,False,0.0,False
2013-08-19,2013-08-20,0,Overnight,0.0,False,-9.65,-9.65,65.45,False,0.0,False
2013-08-20,2013-08-21,0,Overnight,0.0,False,-38.45,-38.45,-56.01,False,0.0,False
2013-08-21,2013-08-22,0,Overnight,0.0,False,71.41,71.41,40.3,False,0.0,False
2013-08-22,2013-08-23,0,Overnight,0.0,False,11.49,11.49,9.56,False,0.0,False
2013-08-23,2013-08-26,2,Weekend,48.0,False,-30.63,-30.63,-69.26,False,0.0,False
2013-08-26,2013-08-27,0,Overnight,0.0,False,-151.72,-151.72,-82.66,False,0.0,False
2013-08-27,2013-08-28,0,Overnight,0.0,False,-53.5,-53.5,49.55,False,0.0,False
2013-08-28,2013-08-29,0,Overnight,0.0,False,1.98,1.98,21.72,False,0.0,False
2013-08-29,2013-08-30,0,Overnight,0.0,False,23.64,23.64,-57.23,False,0.0,False
2013-08-30,2013-09-03,3,Long,72.0,False,141.48,141.48,-23.44,False,0.0,False
2013-09-03,2013-09-04,0,Overnight,0.0,False,5.87,5.87,137.83,False,0.0,False
2013-09-04,2013-09-05,0,Overnight,0.0,False,30.8,30.8,15.36,False,0.0,False
2013-09-05,2013-09-06,0,Overnight,0.0,False,57.41,57.41,28.58,False,0.0,False
2013-09-06,2013-09-09,2,Weekend,48.0,False,41.77,41.77,15.15,False,0.0,False
2013-09-09,2013-09-10,0,Overnight,0.0,False,181.84,181.84,-29.77,False,0.0,False
2013-09-10,2013-09-11,0,Overnight,0.0,False,-56.05,-56.05,-20.63,False,0.0,False
2013-09-11,2013-09-12,0,Overnight,0.0,False,31.87,31.87,-225.24,False,0.0,False
2013-09-12,2013-09-13,0,Overnight,0.0,False,9.57,9.57,57.21,False,0.0,False
2013-09-13,2013-09-16,2,Weekend,48.0,False,162.21,162.21,-58.17,False,0.0,False
2013-09-16,2013-09-17,0,Overnight,0.0,False,9.4,9.4,-18.82,False,0.0,False
2013-09-17,2013-09-18,0,Overnight,0.0,False,-75.63,-75.63,135.72,False,0.0,False
2013-09-18,2013-09-19,0,Overnight,0.0,False,41.11,41.11,-165.45,False,0.0,False
2013-09-19,2013-09-20,0,Overnight,0.0,False,37.84,37.84,-28.37,False,0.0,False
2013-09-20,2013-09-23,2,Weekend,48.0,False,-137.3,-137.3,-119.76,False,0.0,False
2013-09-23,2013-09-24,0,Overnight,0.0,False,-87.83,-87.83,-136.19,False,0.0,False
2013-09-24,2013-09-25,0,Overnight,0.0,False,-19.89,-19.89,290.44,False,0.0,False
2013-09-25,2013-09-26,0,Overnight,0.0,False,44.39,44.39,-7.71,False,0.0,False
2013-09-26,2013-09-27,0,Overnight,0.0,False,-75.44,-75.44,142.67,False,0.0,False
2013-09-27,2013-09-30,2,Weekend,48.0,False,-98.11,-98.11,-7.74,False,0.0,False
2013-09-30,2013-10-01,0,Overnight,0.0,False,-9.68,-9.68,61.78,False,0.0,False
2013-10-01,2013-10-02,0,Overnight,0.0,False,-123.94,-50.16,148.92,True,73.13,False
2013-10-02,2013-10-03,0,Overnight,0.0,False,-17.29,-17.29,-11.55,False,0.0,False
2013-10-03,2013-10-04,0,Overnight,0.0,False,25.0,25.0,114.57,False,0.0,False
2013-10-04,2013-10-07,2,Weekend,48.0,False,-72.41,-72.41,-88.36,False,0.0,False
2013-10-07,2013-10-08,0,Overnight,0.0,False,0.0,0.0,-186.96,False,0.0,False
2013-10-08,2013-10-09,0,Overnight,0.0,False,58.8,58.8,-82.42,False,0.0,False
2013-10-09,2013-10-10,0,Overnight,0.0,False,212.5,212.5,130.32,False,0.0,False
2013-10-10,2013-10-11,0,Overnight,0.0,False,83.43,83.43,-85.33,False,0.0,False
2013-10-11,2013-10-14,2,Weekend,48.0,False,-109.14,-109.14,147.16,False,0.0,False
2013-10-14,2013-10-15,0,Overnight,0.0,False,37.87,37.87,-114.05,False,0.0,False
2013-10-15,2013-10-16,0,Overnight,0.0,False,57.19,57.19,260.78,False,0.0,False
2013-10-16,2013-10-17,0,Overnight,0.0,False,-38.96,-38.96,77.78,False,0.0,False
2013-10-17,2013-10-18,0,Overnight,0.0,False,9.22,9.22,7.37,False,0.0,False
2013-10-18,2013-10-21,2,Weekend,48.0,False,-5.53,-5.53,0.0,False,0.0,False
2013-10-21,2013-10-22,0,Overnight,0.0,False,69.78,69.78,-190.27,False,0.0,False
2013-10-22,2013-10-23,0,Overnight,0.0,False,-57.98,-57.98,-105.6,False,0.0,False
2013-10-23,2013-10-24,0,Overnight,0.0,False,17.05,17.05,-68.36,False,0.0,False
2013-10-24,2013-10-25,0,Overnight,0.0,False,-61.16,-61.16,116.27,False,0.0,False
2013-10-25,2013-10-28,2,Weekend,48.0,False,22.71,22.71,-39.78,False,0.0,False
2013-10-28,2013-10-29,0,Overnight,0.0,False,28.43,28.43,-18.95,False,0.0,False
2013-10-29,2013-10-30,0,Overnight,0.0,False,51.07,51.07,-75.76,False,0.0,False
2013-10-30,2013-10-31,0,Overnight,0.0,False,9.5,9.5,-213.08,False,0.0,False
2013-10-31,2013-11-01,0,Overnight,0.0,False,-17.48,-17.48,203.93,False,0.0,False
2013-11-01,2013-11-04,2,Weekend,49.0,False,43.71,43.71,-133.62,False,0.0,False
2013-11-04,2013-11-05,0,Overnight,0.0,False,-36.58,-36.58,19.27,False,0.0,False
2013-11-05,2013-11-06,0,Overnight,0.0,False,59.49,59.49,-30.66,False,0.0,False
2013-11-06,2013-11-07,0,Overnight,0.0,False,5.76,5.76,-92.5,False,0.0,False
2013-11-07,2013-11-08,0,Overnight,0.0,False,34.79,34.79,402.74,False,0.0,False
2013-11-08,2013-11-11,2,Weekend,48.0,False,-9.27,-9.27,35.18,False,0.0,False
2013-11-11,2013-11-12,0,Overnight,0.0,False,-31.47,-31.47,7.41,False,0.0,False
2013-11-12,2013-11-13,0,Overnight,0.0,False,-83.73,-83.73,115.18,False,0.0,False
2013-11-13,2013-11-14,0,Overnight,0.0,False,22.14,22.14,25.77,False,0.0,False
2013-11-14,2013-11-15,0,Overnight,0.0,False,-23.93,-23.93,109.95,False,0.0,False
2013-11-15,2013-11-18,2,Weekend,48.0,False,112.36,112.36,44.95,False,0.0,False
2013-11-18,2013-11-19,0,Overnight,0.0,False,41.18,41.18,32.11,False,0.0,False
2013-11-19,2013-11-20,0,Overnight,0.0,False,49.74,49.74,-58.65,False,0.0,False
2013-11-20,2013-11-21,0,Overnight,0.0,False,32.03,32.03,165.64,False,0.0,False
2013-11-21,2013-11-22,0,Overnight,0.0,False,5.24,5.24,36.61,False,0.0,False
2013-11-22,2013-11-25,2,Weekend,48.0,False,6.96,6.96,26.05,False,0.0,False
2013-11-25,2013-11-26,0,Overnight,0.0,False,-3.47,-3.47,-80.14,False,0.0,False
2013-11-26,2013-11-27,0,Overnight,0.0,False,71.46,71.46,-17.38,False,0.0,False
2013-11-27,2013-11-29,1,Short,24.0,False,17.38,17.38,-62.72,False,0.0,False
2013-11-29,2013-12-02,2,Weekend,48.0,True,-20.99,-20.99,-21.04,False,0.0,False
2013-12-02,2013-12-03,0,Overnight,0.0,False,-15.81,-15.81,-5.27,False,0.0,False
2013-12-03,2013-12-04,0,Overnight,0.0,False,-74.14,-74.14,132.01,False,0.0,False
2013-12-04,2013-12-05,0,Overnight,0.0,False,-84.28,-84.28,-158.18,False,0.0,False
2013-12-05,2013-12-06,0,Overnight,0.0,False,133.47,133.47,-90.56,False,0.0,False
2013-12-06,2013-12-09,2,Weekend,48.0,False,39.17,39.17,40.78,False,0.0,False
2013-12-09,2013-12-10,0,Overnight,0.0,False,-3.54,-3.54,37.11,False,0.0,False
2013-12-10,2013-12-11,0,Overnight,0.0,False,-28.26,-28.26,-83.47,False,0.0,False
2013-12-11,2013-12-12,0,Overnight,0.0,False,-3.57,-3.57,46.28,False,0.0,False
2013-12-12,2013-12-13,0,Overnight,0.0,False,10.65,10.65,-35.54,False,0.0,False
2013-12-13,2013-12-16,2,Weekend,48.0,False,30.22,30.22,14.19,False,0.0,False
2013-12-16,2013-12-17,0,Overnight,0.0,False,42.45,42.45,-167.29,False,0.0,False
2013-12-17,2013-12-18,0,Overnight,0.0,False,21.51,21.51,247.63,False,0.0,False
2013-12-18,2013-12-19,0,Overnight,0.0,False,-24.49,-24.49,22.74,False,0.0,False
2013-12-19,2013-12-20,0,Overnight,0.0,False,-3.5,-3.5,85.29,False,0.0,False
2013-12-20,2013-12-23,2,Weekend,48.0,False,46.68,46.68,46.47,False,0.0,False
2013-12-23,2013-12-24,0,Overnight,0.0,False,-29.23,-29.23,30.95,False,0.0,False
2013-12-24,2013-12-26,1,Short,24.0,True,17.15,17.15,-25.74,False,0.0,False
2013-12-26,2013-12-27,0,Overnight,0.0,False,-5.16,-5.16,-5.16,False,0.0,False
2013-12-27,2013-12-30,2,Weekend,48.0,False,0.0,0.0,-32.73,False,0.0,False
2013-12-30,2013-12-31,0,Overnight,0.0,False,43.05,43.05,47.99,False,0.0,False
2013-12-31,2014-01-02,1,Short,24.0,False,-29.11,35.85,-17.16,True,64.98,False
2014-01-02,2014-01-03,0,Overnight,0.0,False,13.73,13.73,63.27,False,0.0,False
2014-01-03,2014-01-06,2,Weekend,48.0,False,84.88,84.88,-27.08,False,0.0,False
2014-01-06,2014-01-07,0,Overnight,0.0,False,49.03,49.03,-164.96,False,0.0,False
2014-01-07,2014-01-08,0,Overnight,0.0,False,37.65,37.65,56.21,False,0.0,False
2014-01-08,2014-01-09,0,Overnight,0.0,False,18.67,18.67,-37.37,False,0.0,False
2014-01-09,2014-01-10,0,Overnight,0.0,False,-15.33,-15.33,-30.73,False,0.0,False
2014-01-10,2014-01-13,2,Weekend,48.0,False,3.42,3.42,-139.4,False,0.0,False
2014-01-13,2014-01-14,0,Overnight,0.0,False,103.45,103.45,-96.52,False,0.0,False
2014-01-14,2014-01-15,0,Overnight,0.0,False,-1.73,-1.73,300.31,False,0.0,False
2014-01-15,2014-01-16,0,Overnight,0.0,False,-118.36,-118.36,33.96,False,0.0,False
2014-01-16,2014-01-17,0,Overnight,0.0,False,37.22,37.22,-187.53,False,0.0,False
2014-01-17,2014-01-21,3,Long,72.0,False,-3.44,-3.44,13.76,False,0.0,False
2014-01-21,2014-01-22,0,Overnight,0.0,False,27.47,27.47,-127.68,False,0.0,False
2014-01-22,2014-01-23,0,Overnight,0.0,False,-87.2,-87.2,-109.19,False,0.0,False
2014-01-23,2014-01-24,0,Overnight,0.0,False,-83.58,-83.58,-163.83,False,0.0,False
2014-01-24,2014-01-27,2,Weekend,48.0,False,-1.82,-1.82,1.82,False,0.0,False
2014-01-27,2014-01-28,0,Overnight,0.0,False,54.31,54.31,62.99,False,0.0,False
2014-01-28,2014-01-29,0,Overnight,0.0,False,-140.92,-140.92,103.18,False,0.0,False
2014-01-29,2014-01-30,0,Overnight,0.0,False,96.78,96.78,-12.49,False,0.0,False
2014-01-30,2014-01-31,0,Overnight,0.0,False,-89.69,-89.69,-25.26,False,0.0,False
2014-01-31,2014-02-03,2,Weekend,48.0,False,25.26,25.26,-216.75,False,0.0,False
2014-02-03,2014-02-04,0,Overnight,0.0,False,75.21,75.21,41.94,False,0.0,False
2014-02-04,2014-02-05,0,Overnight,0.0,False,27.26,27.26,19.94,False,0.0,False
2014-02-05,2014-02-06,0,Overnight,0.0,False,25.33,25.33,202.1,False,0.0,False
2014-02-06,2014-02-07,0,Overnight,0.0,False,30.05,30.05,-5.3,False,0.0,False
2014-02-07,2014-02-10,2,Weekend,48.0,False,26.46,26.46,-5.29,False,0.0,False
2014-02-10,2014-02-11,0,Overnight,0.0,False,-22.94,-22.94,143.81,False,0.0,False
2014-02-11,2014-02-12,0,Overnight,0.0,False,-15.68,-15.68,31.34,False,0.0,False
2014-02-12,2014-02-13,0,Overnight,0.0,False,-78.54,-78.54,166.82,False,0.0,False
2014-02-13,2014-02-14,0,Overnight,0.0,False,-24.15,-24.15,44.81,False,0.0,False
2014-02-14,2014-02-18,3,Long,72.0,False,-22.38,-22.38,80.68,False,0.0,False
2014-02-18,2014-02-19,0,Overnight,0.0,False,-22.25,-22.25,-190.28,False,0.0,False
2014-02-19,2014-02-20,0,Overnight,0.0,False,47.04,47.04,8.69,False,0.0,False
2014-02-20,2014-02-21,0,Overnight,0.0,False,1.74,1.74,3.47,False,0.0,False
2014-02-21,2014-02-24,2,Weekend,48.0,False,1.74,1.74,70.9,False,0.0,False
2014-02-24,2014-02-25,0,Overnight,0.0,False,-22.43,-22.43,-151.4,False,0.0,False
2014-02-25,2014-02-26,0,Overnight,0.0,False,59.44,59.44,-108.66,False,0.0,False
2014-02-26,2014-02-27,0,Overnight,0.0,False,5.28,5.28,-15.86,False,0.0,False
2014-02-27,2014-02-28,0,Overnight,0.0,False,-21.19,-21.19,44.1,False,0.0,False
2014-02-28,2014-03-03,2,Weekend,48.0,False,-91.94,-91.94,-16.0,False,0.0,False
2014-03-03,2014-03-04,0,Overnight,0.0,False,130.79,130.79,54.29,False,0.0,False
2014-03-04,2014-03-05,0,Overnight,0.0,False,38.35,38.35,117.61,False,0.0,False
2014-03-05,2014-03-06,0,Overnight,0.0,False,60.0,60.0,66.43,False,0.0,False
2014-03-06,2014-03-07,0,Overnight,0.0,False,76.11,76.11,8.42,False,0.0,False
2014-03-07,2014-03-10,2,Weekend,47.0,False,-43.87,-43.87,10.14,False,0.0,False
2014-03-10,2014-03-11,0,Overnight,0.0,False,37.09,37.09,-209.17,False,0.0,False
2014-03-11,2014-03-12,0,Overnight,0.0,False,-84.56,-84.56,38.06,False,0.0,False
2014-03-12,2014-03-13,0,Overnight,0.0,False,13.8,13.8,-100.5,False,0.0,False
2014-03-13,2014-03-14,0,Overnight,0.0,False,-54.13,-54.13,-54.43,False,0.0,False
2014-03-14,2014-03-17,2,Weekend,48.0,False,71.92,71.92,64.47,False,0.0,False
2014-03-17,2014-03-18,0,Overnight,0.0,False,41.59,41.59,41.42,False,0.0,False
2014-03-18,2014-03-19,0,Overnight,0.0,False,-12.06,-12.06,53.31,False,0.0,False
2014-03-19,2014-03-20,0,Overnight,0.0,False,10.29,10.29,295.45,False,0.0,False
2014-03-20,2014-03-21,0,Overnight,0.0,False,140.42,140.42,-130.44,False,0.0,False
2014-03-21,2014-03-24,2,Weekend,48.0,False,33.18,33.18,115.28,False,0.0,False
2014-03-24,2014-03-25,0,Overnight,0.0,False,6.55,6.55,-29.5,False,0.0,False
2014-03-25,2014-03-26,0,Overnight,0.0,False,50.75,50.75,-221.24,False,0.0,False
2014-03-26,2014-03-27,0,Overnight,0.0,False,6.68,6.68,-3.34,False,0.0,False
2014-03-27,2014-03-28,0,Overnight,0.0,False,48.28,48.28,-28.27,False,0.0,False
2014-03-28,2014-03-31,2,Weekend,48.0,False,130.72,130.72,-19.75,False,0.0,False
2014-03-31,2014-04-01,0,Overnight,0.0,False,39.45,39.45,-46.05,False,0.0,False
2014-04-01,2014-04-02,0,Overnight,0.0,False,-49.57,13.18,18.2,True,62.63,False
2014-04-02,2014-04-03,0,Overnight,0.0,False,28.07,28.07,1.65,False,0.0,False
2014-04-03,2014-04-04,0,Overnight,0.0,False,59.17,59.17,-200.29,False,0.0,False
2014-04-04,2014-04-07,2,Weekend,48.0,False,-20.08,-20.08,-116.27,False,0.0,False
2014-04-07,2014-04-08,0,Overnight,0.0,False,-33.96,-33.96,8.5,False,0.0,False
2014-04-08,2014-04-09,0,Overnight,0.0,False,42.39,42.39,28.72,False,0.0,False
2014-04-09,2014-04-10,0,Overnight,0.0,False,13.49,13.49,-334.08,False,0.0,False
2014-04-10,2014-04-11,0,Overnight,0.0,False,-394.44,-394.44,21.72,False,0.0,False
2014-04-11,2014-04-14,2,Weekend,48.0,False,98.97,98.97,-160.64,False,0.0,False
2014-04-14,2014-04-15,0,Overnight,0.0,False,23.63,23.63,-52.78,False,0.0,False
2014-04-15,2014-04-16,0,Overnight,0.0,False,36.43,36.43,47.16,False,0.0,False
2014-04-16,2014-04-17,0,Overnight,0.0,False,14.47,14.47,-21.71,False,0.0,False
2014-04-17,2014-04-21,3,Long,72.0,False,7.24,7.24,-41.71,False,0.0,False
2014-04-21,2014-04-22,0,Overnight,0.0,False,1.82,1.82,138.93,False,0.0,False
2014-04-22,2014-04-23,0,Overnight,0.0,False,-1.79,-1.79,44.7,False,0.0,False
2014-04-23,2014-04-24,0,Overnight,0.0,False,3.57,3.57,21.38,False,0.0,False
2014-04-24,2014-04-25,0,Overnight,0.0,False,21.33,21.33,-108.92,False,0.0,False
2014-04-25,2014-04-28,2,Weekend,48.0,False,-12.58,-12.58,-25.2,False,0.0,False
2014-04-28,2014-04-29,0,Overnight,0.0,False,43.16,43.16,66.17,False,0.0,False
2014-04-29,2014-04-30,0,Overnight,0.0,False,24.93,24.93,-46.34,False,0.0,False
2014-04-30,2014-05-01,0,Overnight,0.0,False,-10.72,-10.72,-35.83,False,0.0,False
2014-05-01,2014-05-02,0,Overnight,0.0,False,19.72,19.72,-44.88,False,0.0,False
2014-05-02,2014-05-05,2,Weekend,48.0,False,-310.64,-310.64,62.9,False,0.0,False
2014-05-05,2014-05-06,0,Overnight,0.0,False,-33.25,-33.25,-130.38,False,0.0,False
2014-05-06,2014-05-07,0,Overnight,0.0,False,39.29,39.29,92.94,False,0.0,False
2014-05-07,2014-05-08,0,Overnight,0.0,False,27.71,27.71,29.48,False,0.0,False
2014-05-08,2014-05-09,0,Overnight,0.0,False,-25.79,-25.79,-38.81,False,0.0,False
2014-05-09,2014-05-12,2,Weekend,48.0,False,48.02,48.02,69.78,False,0.0,False
2014-05-12,2014-05-13,0,Overnight,0.0,False,16.45,16.45,-21.95,False,0.0,False
2014-05-13,2014-05-14,0,Overnight,0.0,False,3.66,3.66,-51.38,False,0.0,False
2014-05-14,2014-05-15,0,Overnight,0.0,False,-29.48,-29.48,-128.12,False,0.0,False
2014-05-15,2014-05-16,0,Overnight,0.0,False,-16.83,-16.83,-20.61,False,0.0,False
2014-05-16,2014-05-19,2,Weekend,48.0,False,-43.24,-43.24,140.31,False,0.0,False
2014-05-19,2014-05-20,0,Overnight,0.0,False,-20.46,-20.46,0.0,False,0.0,False
2014-05-20,2014-05-21,0,Overnight,0.0,False,61.24,61.24,12.94,False,0.0,False
2014-05-21,2014-05-22,0,Overnight,0.0,False,9.23,9.23,69.9,False,0.0,False
2014-05-22,2014-05-23,0,Overnight,0.0,False,0.0,0.0,-3.67,False,0.0,False
2014-05-23,2014-05-27,3,Long,72.0,False,40.26,40.26,70.98,False,0.0,False
2014-05-27,2014-05-28,0,Overnight,0.0,False,-9.07,-9.07,65.14,False,0.0,False
2014-05-28,2014-05-29,0,Overnight,0.0,False,53.96,53.96,-5.38,False,0.0,False
2014-05-29,2014-05-30,0,Overnight,0.0,False,-25.16,-25.16,-1.8,False,0.0,False
2014-05-30,2014-06-02,2,Weekend,48.0,False,14.39,14.39,-54.05,False,0.0,False
2014-06-02,2014-06-03,0,Overnight,0.0,False,-47.08,-47.08,92.15,False,0.0,False
2014-06-03,2014-06-04,0,Overnight,0.0,False,-14.4,-14.4,28.78,False,0.0,False
2014-06-04,2014-06-05,0,Overnight,0.0,False,41.22,41.22,127.96,False,0.0,False
2014-06-05,2014-06-06,0,Overnight,0.0,False,22.93,22.93,36.93,False,0.0,False
2014-06-06,2014-06-09,2,Weekend,48.0,False,-10.54,-10.54,89.22,False,0.0,False
2014-06-09,2014-06-10,0,Overnight,0.0,False,8.7,8.7,74.54,False,0.0,False
2014-06-10,2014-06-11,0,Overnight,0.0,False,-72.8,-72.8,-36.6,False,0.0,False
2014-06-11,2014-06-12,0,Overnight,0.0,False,-34.98,-34.98,-5.26,False,0.0,False
2014-06-12,2014-06-13,0,Overnight,0.0,False,-1.75,-1.75,1.75,False,0.0,False
2014-06-13,2014-06-16,2,Weekend,48.0,False,-33.37,-33.37,3.52,False,0.0,False
2014-06-16,2014-06-17,0,Overnight,0.0,False,-14.08,-14.08,110.32,False,0.0,False
2014-06-17,2014-06-18,0,Overnight,0.0,False,-22.67,-22.67,85.17,False,0.0,False
2014-06-18,2014-06-19,0,Overnight,0.0,False,-15.59,-15.59,-67.83,False,0.0,False
2014-06-19,2014-06-20,0,Overnight,0.0,False,67.83,67.83,-24.3,False,0.0,False
2014-06-20,2014-06-23,2,Weekend,48.0,False,-1.74,-1.74,112.33,False,0.0,False
2014-06-23,2014-06-24,0,Overnight,0.0,False,-53.42,-53.42,-79.79,False,0.0,False
2014-06-24,2014-06-25,0,Overnight,0.0,False,-34.89,-34.89,54.03,False,0.0,False
2014-06-25,2014-06-26,0,Overnight,0.0,False,-33.08,-33.08,8.72,False,0.0,False
2014-06-26,2014-06-27,0,Overnight,0.0,False,-10.46,-10.46,34.82,False,0.0,False
2014-06-27,2014-06-30,2,Weekend,48.0,False,-15.66,-15.66,31.29,False,0.0,False
2014-06-30,2014-07-01,0,Overnight,0.0,False,-81.9,-12.16,73.22,True,69.42,False
2014-07-01,2014-07-02,0,Overnight,0.0,False,-52.25,-52.25,-52.52,False,0.0,False
2014-07-02,2014-07-03,0,Overnight,0.0,False,45.53,45.53,-31.5,False,0.0,False
2014-07-03,2014-07-07,3,Long,72.0,True,-28.08,-28.08,-38.75,False,0.0,False
2014-07-07,2014-07-08,0,Overnight,0.0,False,-56.63,-56.63,-105.25,False,0.0,False
2014-07-08,2014-07-09,0,Overnight,0.0,False,21.5,21.5,25.02,False,0.0,False
2014-07-09,2014-07-10,0,Overnight,0.0,False,-172.85,-172.85,90.4,False,0.0,False
2014-07-10,2014-07-11,0,Overnight,0.0,False,-48.71,-48.71,91.82,False,0.0,False
2014-07-11,2014-07-14,2,Weekend,48.0,False,129.98,129.98,-42.55,False,0.0,False
2014-07-14,2014-07-15,0,Overnight,0.0,False,290.64,290.64,55.07,False,0.0,False
2014-07-15,2014-07-16,0,Overnight,0.0,False,41.1,41.1,34.12,False,0.0,False
2014-07-16,2014-07-17,0,Overnight,0.0,False,-25.58,-25.58,-120.26,False,0.0,False
2014-07-17,2014-07-18,0,Overnight,0.0,False,80.9,80.9,-17.16,False,0.0,False
2014-07-18,2014-07-21,2,Weekend,48.0,False,-18.91,-18.91,20.63,False,0.0,False
2014-07-21,2014-07-22,0,Overnight,0.0,False,30.86,30.86,42.7,False,0.0,False
2014-07-22,2014-07-23,0,Overnight,0.0,False,15.33,15.33,40.76,False,0.0,False
2014-07-23,2014-07-24,0,Overnight,0.0,False,11.86,11.86,16.91,False,0.0,False
2014-07-24,2014-07-25,0,Overnight,0.0,False,-42.34,-42.34,15.26,False,0.0,False
2014-07-25,2014-07-28,2,Weekend,48.0,False,-11.87,-11.87,42.33,False,0.0,False
2014-07-28,2014-07-29,0,Overnight,0.0,False,-10.14,-10.14,-83.21,False,0.0,False
2014-07-29,2014-07-30,0,Overnight,0.0,False,64.59,64.59,-18.66,False,0.0,False
2014-07-30,2014-07-31,0,Overnight,0.0,False,-44.23,-44.23,-168.51,False,0.0,False
2014-07-31,2014-08-01,0,Overnight,0.0,False,-48.67,-48.67,-159.83,False,0.0,False
2014-08-01,2014-08-04,2,Weekend,48.0,False,75.84,75.84,-45.79,False,0.0,False
2014-08-04,2014-08-05,0,Overnight,0.0,False,-38.91,-38.91,-65.78,False,0.0,False
2014-08-05,2014-08-06,0,Overnight,0.0,False,-30.37,-30.37,60.65,False,0.0,False
2014-08-06,2014-08-07,0,Overnight,0.0,False,70.88,70.88,-127.96,False,0.0,False
2014-08-07,2014-08-08,0,Overnight,0.0,False,-3.58,-3.58,80.19,False,0.0,False
2014-08-08,2014-08-11,2,Weekend,48.0,False,35.44,35.44,-38.99,False,0.0,False
2014-08-11,2014-08-12,0,Overnight,0.0,False,-15.99,-15.99,21.32,False,0.0,False
2014-08-12,2014-08-13,0,Overnight,0.0,False,60.16,60.16,5.29,False,0.0,False
2014-08-13,2014-08-14,0,Overnight,0.0,False,8.81,8.81,36.92,False,0.0,False
2014-08-14,2014-08-15,0,Overnight,0.0,False,45.53,45.53,-85.97,False,0.0,False
2014-08-15,2014-08-18,2,Weekend,48.0,False,19.36,19.36,64.86,False,0.0,False
2014-08-18,2014-08-19,0,Overnight,0.0,False,64.44,64.44,-6.95,False,0.0,False
2014-08-19,2014-08-20,0,Overnight,0.0,False,-24.35,-24.35,38.24,False,0.0,False
2014-08-20,2014-08-21,0,Overnight,0.0,False,3.47,3.47,144.63,False,0.0,False
2014-08-21,2014-08-22,0,Overnight,0.0,False,-10.26,-10.26,8.55,False,0.0,False
2014-08-22,2014-08-25,2,Weekend,48.0,False,83.43,83.43,60.85,False,0.0,False
2014-08-25,2014-08-26,0,Overnight,0.0,False,38.68,38.68,28.5,False,0.0,False
2014-08-26,2014-08-27,0,Overnight,0.0,False,18.4,18.4,-43.54,False,0.0,False
2014-08-27,2014-08-28,0,Overnight,0.0,False,-57.22,-57.22,-15.2,False,0.0,False
2014-08-28,2014-08-29,0,Overnight,0.0,False,30.38,30.38,18.52,False,0.0,False
2014-08-29,2014-09-02,3,Long,72.0,False,1.68,1.68,35.26,False,0.0,False
2014-09-02,2014-09-03,0,Overnight,0.0,False,58.48,58.48,-53.46,False,0.0,False
2014-09-03,2014-09-04,0,Overnight,0.0,False,-11.73,-11.73,13.41,False,0.0,False
2014-09-04,2014-09-05,0,Overnight,0.0,False,-15.08,-15.08,48.52,False,0.0,False
2014-09-05,2014-09-08,2,Weekend,48.0,False,-11.69,-11.69,8.35,False,0.0,False
2014-09-08,2014-09-09,0,Overnight,0.0,False,-43.51,-43.51,-96.05,False,0.0,False
2014-09-09,2014-09-10,0,Overnight,0.0,False,15.23,15.23,11.83,False,0.0,False
2014-09-10,2014-09-11,0,Overnight,0.0,False,-6.76,-6.76,97.53,False,0.0,False
2014-09-11,2014-09-12,0,Overnight,0.0,False,6.69,6.69,38.39,False,0.0,False
2014-09-12,2014-09-15,2,Weekend,48.0,False,-41.73,-41.73,26.73,False,0.0,False
2014-09-15,2014-09-16,0,Overnight,0.0,False,-38.45,-38.45,46.78,False,0.0,False
2014-09-16,2014-09-17,0,Overnight,0.0,False,-6.67,-6.67,59.87,False,0.0,False
2014-09-17,2014-09-18,0,Overnight,0.0,False,38.06,38.06,128.02,False,0.0,False
2014-09-18,2014-09-19,0,Overnight,0.0,False,68.26,68.26,-102.57,False,0.0,False
2014-09-19,2014-09-22,2,Weekend,48.0,False,-27.86,-27.86,-4.92,False,0.0,False
2014-09-22,2014-09-23,0,Overnight,0.0,False,-14.79,-14.79,19.71,False,0.0,False
2014-09-23,2014-09-24,0,Overnight,0.0,False,39.31,39.31,73.28,False,0.0,False
2014-09-24,2014-09-25,0,Overnight,0.0,False,-22.74,-22.74,-220.33,False,0.0,False
2014-09-25,2014-09-26,0,Overnight,0.0,False,29.88,29.88,38.05,False,0.0,False
2014-09-26,2014-09-29,2,Weekend,48.0,False,-87.9,-87.9,49.85,False,0.0,False
2014-09-29,2014-09-30,0,Overnight,0.0,False,11.6,11.6,-26.53,False,0.0,False
2014-09-30,2014-10-01,0,Overnight,0.0,False,0.0,0.0,-78.33,False,0.0,False
2014-10-01,2014-10-02,0,Overnight,0.0,False,-104.27,-36.88,-52.55,True,66.92,False
2014-10-02,2014-10-03,0,Overnight,0.0,False,69.44,69.44,175.66,False,0.0,False
2014-10-03,2014-10-06,2,Weekend,48.0,False,79.29,79.29,-99.21,False,0.0,False
2014-10-06,2014-10-07,0,Overnight,0.0,False,-43.3,-43.3,-109.07,False,0.0,False
2014-10-07,2014-10-08,0,Overnight,0.0,False,15.17,15.17,173.69,False,0.0,False
2014-10-08,2014-10-09,0,Overnight,0.0,False,-11.6,-11.6,-209.37,False,0.0,False
2014-10-09,2014-10-10,0,Overnight,0.0,False,-8.47,-8.47,-86.77,False,0.0,False
2014-10-10,2014-10-13,2,Weekend,48.0,False,-3.42,-3.42,-58.29,False,0.0,False
2014-10-13,2014-10-14,0,Overnight,0.0,False,-256.0,-256.0,226.73,False,0.0,False
2014-10-14,2014-10-15,0,Overnight,0.0,False,-168.69,-168.69,-264.79,False,0.0,False
2014-10-15,2014-10-16,0,Overnight,0.0,False,-141.46,-141.46,60.09,False,0.0,False
2014-10-16,2014-10-17,0,Overnight,0.0,False,117.32,117.32,83.98,False,0.0,False
2014-10-17,2014-10-20,2,Weekend,48.0,False,-17.81,-17.81,94.03,False,0.0,False
2014-10-20,2014-10-21,0,Overnight,0.0,False,105.39,105.39,121.57,False,0.0,False
2014-10-21,2014-10-22,0,Overnight,0.0,False,18.97,18.97,-102.17,False,0.0,False
2014-10-22,2014-10-23,0,Overnight,0.0,False,115.95,115.95,-10.33,False,0.0,False
2014-10-23,2014-10-24,0,Overnight,0.0,False,-10.34,-10.34,126.78,False,0.0,False
2014-10-24,2014-10-27,2,Weekend,48.0,False,-49.49,-49.49,32.45,False,0.0,False
2014-10-27,2014-10-28,0,Overnight,0.0,False,39.15,39.15,128.27,False,0.0,False
2014-10-28,2014-10-29,0,Overnight,0.0,False,-1.68,-1.68,-55.5,False,0.0,False
2014-10-29,2014-10-30,0,Overnight,0.0,False,-59.21,-59.21,76.06,False,0.0,False
2014-10-30,2014-10-31,0,Overnight,0.0,False,122.17,122.17,59.7,False,0.0,False
2014-10-31,2014-11-03,2,Weekend,49.0,False,51.13,51.13,14.79,False,0.0,False
2014-11-03,2014-11-04,0,Overnight,0.0,False,-105.68,-105.68,1.66,False,0.0,False
2014-11-04,2014-11-05,0,Overnight,0.0,False,90.87,90.87,57.4,False,0.0,False
2014-11-05,2014-11-06,0,Overnight,0.0,False,-11.45,-11.45,24.53,False,0.0,False
2014-11-06,2014-11-07,0,Overnight,0.0,False,-26.17,-26.17,65.29,False,0.0,False
2014-11-07,2014-11-10,2,Weekend,48.0,False,-35.85,-35.85,110.41,False,0.0,False
2014-11-10,2014-11-11,0,Overnight,0.0,False,-35.59,-35.59,-55.25,False,0.0,False
2014-11-11,2014-11-12,0,Overnight,0.0,False,-156.01,-156.01,23.14,False,0.0,False
2014-11-12,2014-11-13,0,Overnight,0.0,False,-9.91,-9.91,-44.73,False,0.0,False
2014-11-13,2014-11-14,0,Overnight,0.0,False,3.32,3.32,4.98,False,0.0,False
2014-11-14,2014-11-17,2,Weekend,48.0,False,-46.56,-46.56,63.13,False,0.0,False
2014-11-17,2014-11-18,0,Overnight,0.0,False,-4.97,-4.97,29.78,False,0.0,False
2014-11-18,2014-11-19,0,Overnight,0.0,False,-13.22,-13.22,24.78,False,0.0,False
2014-11-19,2014-11-20,0,Overnight,0.0,False,-66.22,-66.22,-13.3,False,0.0,False
2014-11-20,2014-11-21,0,Overnight,0.0,False,156.78,156.78,-102.04,False,0.0,False
2014-11-21,2014-11-24,2,Weekend,48.0,False,41.27,41.27,42.74,False,0.0,False
2014-11-24,2014-11-25,0,Overnight,0.0,False,32.75,32.75,-141.61,False,0.0,False
2014-11-25,2014-11-26,0,Overnight,0.0,False,44.68,44.68,-38.04,False,0.0,False
2014-11-26,2014-11-28,1,Short,24.0,False,9.94,9.94,-39.81,False,0.0,False
2014-11-28,2014-12-01,2,Weekend,48.0,True,-29.97,-29.97,3.33,False,0.0,False
2014-12-01,2014-12-02,0,Overnight,0.0,False,1.67,1.67,176.73,False,0.0,False
2014-12-02,2014-12-03,0,Overnight,0.0,False,-19.67,-19.67,94.69,False,0.0,False
2014-12-03,2014-12-04,0,Overnight,0.0,False,-71.76,-71.76,45.72,False,0.0,False
2014-12-04,2014-12-05,0,Overnight,0.0,False,102.12,102.12,110.66,False,0.0,False
2014-12-05,2014-12-08,2,Weekend,48.0,False,-15.96,-15.96,11.18,False,0.0,False
2014-12-08,2014-12-09,0,Overnight,0.0,False,-131.71,-131.71,96.54,False,0.0,False
2014-12-09,2014-12-10,0,Overnight,0.0,False,-46.55,-46.55,-240.98,False,0.0,False
2014-12-10,2014-12-11,0,Overnight,0.0,False,80.43,80.43,-4.91,False,0.0,False
2014-12-11,2014-12-12,0,Overnight,0.0,False,-100.27,-100.27,-81.28,False,0.0,False
2014-12-12,2014-12-15,2,Weekend,48.0,False,115.91,115.91,-263.57,False,0.0,False
2014-12-15,2014-12-16,0,Overnight,0.0,False,-125.87,-125.87,1.71,False,0.0,False
2014-12-16,2014-12-17,0,Overnight,0.0,False,23.93,23.93,202.81,False,0.0,False
2014-12-17,2014-12-18,0,Overnight,0.0,False,144.51,144.51,137.57,False,0.0,False
2014-12-18,2014-12-19,0,Overnight,0.0,False,-13.02,-13.02,85.95,False,0.0,False
2014-12-19,2014-12-22,2,Weekend,48.0,False,37.07,37.07,-35.46,False,0.0,False
2014-12-22,2014-12-23,0,Overnight,0.0,False,17.74,17.74,69.06,False,0.0,False
2014-12-23,2014-12-24,0,Overnight,0.0,False,41.53,41.53,-41.53,False,0.0,False
2014-12-24,2014-12-26,1,Short,24.0,True,30.36,30.36,-19.17,False,0.0,False
2014-12-26,2014-12-29,2,Weekend,48.0,False,-20.81,-20.81,86.14,False,0.0,False
2014-12-29,2014-12-30,0,Overnight,0.0,False,-38.19,-38.19,68.32,False,0.0,False
2014-12-30,2014-12-31,0,Overnight,0.0,False,23.72,23.72,-114.4,False,0.0,False
2014-12-31,2015-01-02,1,Short,24.0,False,-64.12,-0.0,49.73,True,63.92,False
2015-01-02,2015-01-05,2,Weekend,48.0,False,-69.05,-69.05,-246.32,False,0.0,False
2015-01-05,2015-01-06,0,Overnight,0.0,False,14.85,14.85,-277.56,False,0.0,False
2015-01-06,2015-01-07,0,Overnight,0.0,False,153.11,153.11,-137.86,False,0.0,False
2015-01-07,2015-01-08,0,Overnight,0.0,False,151.21,151.21,69.79,False,0.0,False
2015-01-08,2015-01-09,0,Overnight,0.0,False,54.5,54.5,-229.9,False,0.0,False
2015-01-09,2015-01-12,2,Weekend,48.0,False,-10.12,-10.12,-76.2,False,0.0,False
2015-01-12,2015-01-13,0,Overnight,0.0,False,72.83,72.83,-71.13,False,0.0,False
2015-01-13,2015-01-14,0,Overnight,0.0,False,0.0,0.0,-351.1,False,0.0,False
2015-01-14,2015-01-15,0,Overnight,0.0,False,-191.94,-191.94,-133.67,False,0.0,False
2015-01-15,2015-01-16,0,Overnight,0.0,False,-60.19,-60.19,229.69,False,0.0,False
2015-01-16,2015-01-20,3,Long,72.0,False,19.65,19.65,-59.06,False,0.0,False
2015-01-20,2015-01-21,0,Overnight,0.0,False,-46.78,-46.78,79.04,False,0.0,False
2015-01-21,2015-01-22,0,Overnight,0.0,False,87.29,87.29,212.34,False,0.0,False
2015-01-22,2015-01-23,0,Overnight,0.0,False,22.55,22.55,-181.82,False,0.0,False
2015-01-23,2015-01-26,2,Weekend,48.0,False,-47.75,-47.75,63.62,False,0.0,False
2015-01-26,2015-01-27,0,Overnight,0.0,False,-127.64,-127.64,26.73,False,0.0,False
2015-01-27,2015-01-28,0,Overnight,0.0,False,74.45,74.45,-335.85,False,0.0,False
2015-01-28,2015-01-29,0,Overnight,0.0,False,94.53,94.53,72.11,False,0.0,False
2015-01-29,2015-01-30,0,Overnight,0.0,False,-122.9,-122.9,-111.55,False,0.0,False
2015-01-30,2015-02-02,2,Weekend,48.0,False,27.55,27.55,170.91,False,0.0,False
2015-02-02,2015-02-03,0,Overnight,0.0,False,79.01,79.01,143.84,False,0.0,False
2015-02-03,2015-02-04,0,Overnight,0.0,False,-70.77,-70.77,10.65,False,0.0,False
2015-02-04,2015-02-05,0,Overnight,0.0,False,84.78,84.78,-15.84,False,0.0,False
2015-02-05,2015-02-06,0,Overnight,0.0,False,171.15,171.15,24.21,False,0.0,False
2015-02-06,2015-02-09,2,Weekend,48.0,False,-81.52,-81.52,69.42,False,0.0,False
2015-02-09,2015-02-10,0,Overnight,0.0,False,103.24,103.24,6.84,False,0.0,False
2015-02-10,2015-02-11,0,Overnight,0.0,False,-68.66,-68.66,53.25,False,0.0,False
2015-02-11,2015-02-12,0,Overnight,0.0,False,95.48,95.48,108.02,False,0.0,False
2015-02-12,2015-02-13,0,Overnight,0.0,False,-18.48,-18.48,35.26,False,0.0,False
2015-02-13,2015-02-17,3,Long,72.0,False,-52.09,-52.09,123.89,False,0.0,False
2015-02-17,2015-02-18,0,Overnight,0.0,False,0.0,0.0,-122.21,False,0.0,False
2015-02-18,2015-02-19,0,Overnight,0.0,False,-37.12,-37.12,13.52,False,0.0,False
2015-02-19,2015-02-20,0,Overnight,0.0,False,-45.69,-45.69,141.46,False,0.0,False
2015-02-20,2015-02-23,2,Weekend,48.0,False,-50.29,-50.29,-25.24,False,0.0,False
2015-02-23,2015-02-24,0,Overnight,0.0,False,150.5,150.5,94.16,False,0.0,False
2015-02-24,2015-02-25,0,Overnight,0.0,False,-9.87,-9.87,62.35,False,0.0,False
2015-02-25,2015-02-26,0,Overnight,0.0,False,-18.01,-18.01,89.72,False,0.0,False
2015-02-26,2015-02-27,0,Overnight,0.0,False,-73.34,-73.34,24.51,False,0.0,False
2015-02-27,2015-03-02,2,Weekend,48.0,False,0.0,0.0,79.64,False,0.0,False
2015-03-02,2015-03-03,0,Overnight,0.0,False,-19.45,-19.45,51.77,False,0.0,False
2015-03-03,2015-03-04,0,Overnight,0.0,False,-53.39,-53.39,79.18,False,0.0,False
2015-03-04,2015-03-05,0,Overnight,0.0,False,11.26,11.26,-32.21,False,0.0,False
2015-03-05,2015-03-06,0,Overnight,0.0,False,25.77,25.77,-206.43,False,0.0,False
2015-03-06,2015-03-09,2,Weekend,47.0,False,-8.21,-8.21,107.9,False,0.0,False
2015-03-09,2015-03-10,0,Overnight,0.0,False,-121.06,-121.06,-132.54,False,0.0,False
2015-03-10,2015-03-11,0,Overnight,0.0,False,28.31,28.31,18.28,False,0.0,False
2015-03-11,2015-03-12,0,Overnight,0.0,False,67.83,67.83,118.01,False,0.0,False
2015-03-12,2015-03-13,0,Overnight,0.0,False,4.89,4.89,-65.36,False,0.0,False
2015-03-13,2015-03-16,2,Weekend,48.0,False,81.63,81.63,56.75,False,0.0,False
2015-03-16,2015-03-17,0,Overnight,0.0,False,-82.8,-82.8,43.92,False,0.0,False
2015-03-17,2015-03-18,0,Overnight,0.0,False,-35.77,-35.77,58.47,False,0.0,False
2015-03-18,2015-03-19,0,Overnight,0.0,False,-29.19,-29.19,-60.28,False,0.0,False
2015-03-19,2015-03-20,0,Overnight,0.0,False,19.59,19.59,69.88,False,0.0,False
2015-03-20,2015-03-23,2,Weekend,48.0,False,0.0,0.0,-99.28,False,0.0,False
2015-03-23,2015-03-24,0,Overnight,0.0,False,-27.84,-27.84,-84.0,False,0.0,False
2015-03-24,2015-03-25,0,Overnight,0.0,False,11.57,11.57,-153.16,False,0.0,False
2015-03-25,2015-03-26,0,Overnight,0.0,False,-25.2,-25.2,13.45,False,0.0,False
2015-03-26,2015-03-27,0,Overnight,0.0,False,-8.4,-8.4,10.08,False,0.0,False
2015-03-27,2015-03-30,2,Weekend,48.0,False,220.88,220.88,13.13,False,0.0,False
2015-03-30,2015-03-31,0,Overnight,0.0,False,-39.45,-39.45,-23.08,False,0.0,False
2015-03-31,2015-04-01,0,Overnight,0.0,False,-28.1,37.89,-76.44,True,66.03,False
2015-04-01,2015-04-02,0,Overnight,0.0,False,20.0,20.0,74.63,False,0.0,False
2015-04-02,2015-04-06,3,Long,72.0,False,-99.64,-99.64,91.37,False,0.0,False
2015-04-06,2015-04-07,0,Overnight,0.0,False,111.83,111.83,-49.18,False,0.0,False
2015-04-07,2015-04-08,0,Overnight,0.0,False,34.45,34.45,-1.64,False,0.0,False
2015-04-08,2015-04-09,0,Overnight,0.0,False,35.97,35.97,32.59,False,0.0,False
2015-04-09,2015-04-10,0,Overnight,0.0,False,-19.54,-19.54,56.89,False,0.0,False
2015-04-10,2015-04-13,2,Weekend,48.0,False,-9.73,-9.73,69.52,False,0.0,False
2015-04-13,2015-04-14,0,Overnight,0.0,False,142.37,142.37,12.7,False,0.0,False
2015-04-14,2015-04-15,0,Overnight,0.0,False,6.34,6.34,177.55,False,0.0,False
2015-04-15,2015-04-16,0,Overnight,0.0,False,-20.27,-20.27,-42.22,False,0.0,False
2015-04-16,2015-04-17,0,Overnight,0.0,False,-88.15,-88.15,-65.03,False,0.0,False
2015-04-17,2015-04-20,2,Weekend,48.0,False,60.29,60.29,3.16,False,0.0,False
2015-04-20,2015-04-21,0,Overnight,0.0,False,14.22,14.22,-162.37,False,0.0,False
2015-04-21,2015-04-22,0,Overnight,0.0,False,54.42,54.42,46.18,False,0.0,False
2015-04-22,2015-04-23,0,Overnight,0.0,False,-23.86,-23.86,1.59,False,0.0,False
2015-04-23,2015-04-24,0,Overnight,0.0,False,-27.11,-27.11,-4.79,False,0.0,False
2015-04-24,2015-04-27,2,Weekend,48.0,False,15.96,15.96,-57.58,False,0.0,False
2015-04-27,2015-04-28,0,Overnight,0.0,False,24.03,24.03,43.11,False,0.0,False
2015-04-28,2015-04-29,0,Overnight,0.0,False,-31.92,-31.92,164.87,False,0.0,False
2015-04-29,2015-04-30,0,Overnight,0.0,False,-3.14,-3.14,-50.46,False,0.0,False
2015-04-30,2015-05-01,0,Overnight,0.0,False,69.31,69.31,-14.14,False,0.0,False
2015-05-01,2015-05-04,2,Weekend,48.0,False,11.0,11.0,162.0,False,0.0,False
2015-05-04,2015-05-05,0,Overnight,0.0,False,-32.5,-32.5,-17.07,False,0.0,False
2015-05-05,2015-05-06,0,Overnight,0.0,False,20.17,20.17,-94.98,False,0.0,False
2015-05-06,2015-05-07,0,Overnight,0.0,False,-39.19,-39.19,129.52,False,0.0,False
2015-05-07,2015-05-08,0,Overnight,0.0,False,72.6,72.6,79.72,False,0.0,False
2015-05-08,2015-05-11,2,Weekend,48.0,False,-35.18,-35.18,29.07,False,0.0,False
2015-05-11,2015-05-12,0,Overnight,0.0,False,-21.41,-21.41,7.65,False,0.0,False
2015-05-12,2015-05-13,0,Overnight,0.0,False,9.18,9.18,15.27,False,0.0,False
2015-05-13,2015-05-14,0,Overnight,0.0,False,47.2,47.2,33.36,False,0.0,False
2015-05-14,2015-05-15,0,Overnight,0.0,False,12.1,12.1,-37.88,False,0.0,False
2015-05-15,2015-05-18,2,Weekend,48.0,False,-12.15,-12.15,93.78,False,0.0,False
2015-05-18,2015-05-19,0,Overnight,0.0,False,52.56,52.56,35.88,False,0.0,False
2015-05-19,2015-05-20,0,Overnight,0.0,False,-8.96,-8.96,-70.45,False,0.0,False
2015-05-20,2015-05-21,0,Overnight,0.0,False,-51.28,-51.28,76.81,False,0.0,False
2015-05-21,2015-05-22,0,Overnight,0.0,False,-3.0,-3.0,-24.04,False,0.0,False
2015-05-22,2015-05-26,3,Long,72.0,False,-40.7,-40.7,-71.25,False,0.0,False
2015-05-26,2015-05-27,0,Overnight,0.0,False,33.41,33.41,78.54,False,0.0,False
2015-05-27,2015-05-28,0,Overnight,0.0,False,-16.56,-16.56,-24.14,False,0.0,False
2015-05-28,2015-05-29,0,Overnight,0.0,False,-3.02,-3.02,-60.62,False,0.0,False
2015-05-29,2015-06-01,2,Weekend,48.0,False,31.87,31.87,13.63,False,0.0,False
2015-06-01,2015-06-02,0,Overnight,0.0,False,-37.9,-37.9,28.82,False,0.0,False
2015-06-02,2015-06-03,0,Overnight,0.0,False,61.91,61.91,40.56,False,0.0,False
2015-06-03,2015-06-04,0,Overnight,0.0,False,-58.64,-58.64,3.02,False,0.0,False
2015-06-04,2015-06-05,0,Overnight,0.0,False,155.58,155.58,7.42,False,0.0,False
2015-06-05,2015-06-08,2,Weekend,48.0,False,5.93,5.93,-84.85,False,0.0,False
2015-06-08,2015-06-09,0,Overnight,0.0,False,8.97,8.97,34.3,False,0.0,False
2015-06-09,2015-06-10,0,Overnight,0.0,False,60.84,60.84,98.64,False,0.0,False
2015-06-10,2015-06-11,0,Overnight,0.0,False,14.64,14.64,23.38,False,0.0,False
2015-06-11,2015-06-12,0,Overnight,0.0,False,-30.69,-30.69,-8.79,False,0.0,False
2015-06-12,2015-06-15,2,Weekend,48.0,False,-98.65,-98.65,60.48,False,0.0,False
2015-06-15,2015-06-16,0,Overnight,0.0,False,-32.41,-32.41,88.15,False,0.0,False
2015-06-16,2015-06-17,0,Overnight,0.0,False,5.85,5.85,-39.55,False,0.0,False
2015-06-17,2015-06-18,0,Overnight,0.0,False,30.77,30.77,62.71,False,0.0,False
2015-06-18,2015-06-19,0,Overnight,0.0,False,-46.63,-46.63,-55.66,False,0.0,False
2015-06-19,2015-06-22,2,Weekend,48.0,False,115.37,115.37,13.06,False,0.0,False
2015-06-22,2015-06-23,0,Overnight,0.0,False,56.4,56.4,57.51,False,0.0,False
2015-06-23,2015-06-24,0,Overnight,0.0,False,-34.47,-34.47,-70.74,False,0.0,False
2015-06-24,2015-06-25,0,Overnight,0.0,False,43.37,43.37,-97.12,False,0.0,False
2015-06-25,2015-06-26,0,Overnight,0.0,False,42.15,42.15,1.45,False,0.0,False
2015-06-26,2015-06-29,2,Weekend,48.0,False,-185.91,-185.91,-71.18,False,0.0,False
2015-06-29,2015-06-30,0,Overnight,0.0,False,102.16,102.16,-19.17,False,0.0,False
2015-06-30,2015-07-01,0,Overnight,0.0,False,52.99,117.37,-7.34,True,64.94,False
2015-07-01,2015-07-02,0,Overnight,0.0,False,-17.64,-17.64,-63.48,False,0.0,False
2015-07-02,2015-07-06,3,Long,72.0,False,-95.24,-95.24,67.06,False,0.0,False
2015-07-06,2015-07-07,0,Overnight,0.0,False,-35.71,-35.71,-43.32,False,0.0,False
2015-07-07,2015-07-08,0,Overnight,0.0,False,-120.48,-120.48,-86.74,False,0.0,False
2015-07-08,2015-07-09,0,Overnight,0.0,False,160.71,160.71,-57.31,False,0.0,False
2015-07-09,2015-07-10,0,Overnight,0.0,False,166.51,166.51,-25.32,False,0.0,False
2015-07-10,2015-07-13,2,Weekend,48.0,False,124.5,124.5,29.42,False,0.0,False
2015-07-13,2015-07-14,0,Overnight,0.0,False,-16.17,-16.17,154.72,False,0.0,False
2015-07-14,2015-07-15,0,Overnight,0.0,False,27.48,27.48,-5.78,False,0.0,False
2015-07-15,2015-07-16,0,Overnight,0.0,False,63.39,63.39,-10.06,False,0.0,False
2015-07-16,2015-07-17,0,Overnight,0.0,False,-30.24,-30.24,-20.21,False,0.0,False
2015-07-17,2015-07-20,2,Weekend,48.0,False,41.81,41.81,-34.59,False,0.0,False
2015-07-20,2015-07-21,0,Overnight,0.0,False,-14.45,-14.45,-8.68,False,0.0,False
2015-07-21,2015-07-22,0,Overnight,0.0,False,26.02,26.02,114.81,False,0.0,False
2015-07-22,2015-07-23,0,Overnight,0.0,False,15.68,15.68,-78.67,False,0.0,False
2015-07-23,2015-07-24,0,Overnight,0.0,False,-28.76,-28.76,-76.62,False,0.0,False
2015-07-24,2015-07-27,2,Weekend,48.0,False,-110.9,-110.9,-20.56,False,0.0,False
2015-07-27,2015-07-28,0,Overnight,0.0,False,79.09,79.09,-73.21,False,0.0,False
2015-07-28,2015-07-29,0,Overnight,0.0,False,39.6,39.6,90.34,False,0.0,False
2015-07-29,2015-07-30,0,Overnight,0.0,False,-1.45,-1.45,15.95,False,0.0,False
2015-07-30,2015-07-31,0,Overnight,0.0,False,-4.35,-4.35,-69.8,False,0.0,False
2015-07-31,2015-08-03,2,Weekend,48.0,False,8.75,8.75,-8.75,False,0.0,False
2015-08-03,2015-08-04,0,Overnight,0.0,False,-8.76,-8.76,-1.46,False,0.0,False
2015-08-04,2015-08-05,0,Overnight,0.0,False,85.81,85.81,-46.45,False,0.0,False
2015-08-05,2015-08-06,0,Overnight,0.0,False,2.91,2.91,-72.99,False,0.0,False
2015-08-06,2015-08-07,0,Overnight,0.0,False,11.72,11.72,-41.06,False,0.0,False
2015-08-07,2015-08-10,2,Weekend,48.0,False,24.95,24.95,97.73,False,0.0,False
2015-08-10,2015-08-11,0,Overnight,0.0,False,-96.27,-96.27,0.0,False,0.0,False
2015-08-11,2015-08-12,0,Overnight,0.0,False,-120.91,-120.91,-25.25,False,0.0,False
2015-08-12,2015-08-13,0,Overnight,0.0,False,1.49,1.49,44.51,False,0.0,False
2015-08-13,2015-08-14,0,Overnight,0.0,False,-19.26,-19.26,69.47,False,0.0,False
2015-08-14,2015-08-17,2,Weekend,48.0,False,-39.85,-39.85,66.33,False,0.0,False
2015-08-17,2015-08-18,0,Overnight,0.0,False,-13.23,-13.23,33.78,False,0.0,False
2015-08-18,2015-08-19,0,Overnight,0.0,False,-41.13,-41.13,-48.7,False,0.0,False
2015-08-19,2015-08-20,0,Overnight,0.0,False,-117.55,-117.55,-131.07,False,0.0,False
2015-08-20,2015-08-21,0,Overnight,0.0,False,-129.74,-129.74,-231.57,False,0.0,False
2015-08-21,2015-08-24,2,Weekend,48.0,False,-701.73,-701.73,160.62,False,0.0,False
2015-08-24,2015-08-25,0,Overnight,0.0,False,462.18,462.18,-518.77,False,0.0,False
2015-08-25,2015-08-26,0,Overnight,0.0,False,310.6,310.6,178.02,False,0.0,False
2015-08-26,2015-08-27,0,Overnight,0.0,False,168.65,168.65,77.85,False,0.0,False
2015-08-27,2015-08-28,0,Overnight,0.0,False,-29.51,-29.51,-24.92,False,0.0,False
2015-08-28,2015-08-31,2,Weekend,48.0,False,-81.42,-81.42,76.74,False,0.0,False
2015-08-31,2015-09-01,0,Overnight,0.0,False,-196.93,-196.93,-225.27,False,0.0,False
2015-09-01,2015-09-02,0,Overnight,0.0,False,188.61,188.61,-7.99,False,0.0,False
2015-09-02,2015-09-03,0,Overnight,0.0,False,49.42,49.42,-31.86,False,0.0,False
2015-09-03,2015-09-04,0,Overnight,0.0,False,-141.39,-141.39,-48.66,False,0.0,False
2015-09-04,2015-09-08,3,Long,72.0,False,204.4,204.4,61.94,False,0.0,False
2015-09-08,2015-09-09,0,Overnight,0.0,False,122.74,122.74,-279.12,False,0.0,False
2015-09-09,2015-09-10,0,Overnight,0.0,False,-51.6,-51.6,128.5,False,0.0,False
2015-09-10,2015-09-11,0,Overnight,0.0,False,-44.79,-44.79,28.81,False,0.0,False
2015-09-11,2015-09-14,2,Weekend,48.0,False,12.78,12.78,-41.59,False,0.0,False
2015-09-14,2015-09-15,0,Overnight,0.0,False,60.73,60.73,129.81,False,0.0,False
2015-09-15,2015-09-16,0,Overnight,0.0,False,48.64,48.64,39.05,False,0.0,False
2015-09-16,2015-09-17,0,Overnight,0.0,False,0.0,0.0,-235.04,False,0.0,False
2015-09-17,2015-09-18,0,Overnight,0.0,False,-131.75,-131.75,-144.99,False,0.0,False
2015-09-18,2015-09-21,2,Weekend,48.0,False,94.73,94.73,-11.38,False,0.0,False
2015-09-21,2015-09-22,0,Overnight,0.0,False,-139.29,-139.29,51.03,False,0.0,False
2015-09-22,2015-09-23,0,Overnight,0.0,False,-18.08,-18.08,-26.35,False,0.0,False
2015-09-23,2015-09-24,0,Overnight,0.0,False,-104.44,-104.44,34.93,False,0.0,False
2015-09-24,2015-09-25,0,Overnight,0.0,False,172.86,172.86,32.59,False,0.0,False
2015-09-25,2015-09-28,2,Weekend,48.0,False,-89.88,-89.88,-155.5,False,0.0,False
2015-09-28,2015-09-29,0,Overnight,0.0,False,0.0,0.0,-23.37,False,0.0,False
2015-09-29,2015-09-30,0,Overnight,0.0,False,142.69,142.69,44.38,False,0.0,False
2015-09-30,2015-10-01,0,Overnight,0.0,False,24.57,24.57,48.96,False,0.0,False
2015-10-01,2015-10-02,0,Overnight,0.0,False,-302.48,-228.91,202.66,True,71.64,False
2015-10-02,2015-10-05,2,Weekend,48.0,False,70.46,70.46,126.56,False,0.0,False
2015-10-05,2015-10-06,0,Overnight,0.0,False,14.5,14.5,-9.67,False,0.0,False
2015-10-06,2015-10-07,0,Overnight,0.0,False,80.26,80.26,-67.37,False,0.0,False
2015-10-07,2015-10-08,0,Overnight,0.0,False,-45.17,-45.17,45.17,False,0.0,False
2015-10-08,2015-10-09,0,Overnight,0.0,False,41.76,41.76,-74.0,False,0.0,False
2015-10-09,2015-10-12,2,Weekend,48.0,False,-14.54,-14.54,-19.42,False,0.0,False
2015-10-12,2015-10-13,0,Overnight,0.0,False,-53.61,-53.61,26.03,False,0.0,False
2015-10-13,2015-10-14,0,Overnight,0.0,False,-129.18,-129.18,-127.54,False,0.0,False
2015-10-14,2015-10-15,0,Overnight,0.0,False,79.69,79.69,232.11,False,0.0,False
2015-10-15,2015-10-16,0,Overnight,0.0,False,86.87,86.87,0.0,False,0.0,False
2015-10-16,2015-10-19,2,Weekend,48.0,False,-69.12,-69.12,35.42,False,0.0,False
2015-10-19,2015-10-20,0,Overnight,0.0,False,22.48,22.48,25.62,False,0.0,False
2015-10-20,2015-10-21,0,Overnight,0.0,False,57.42,57.42,-131.26,False,0.0,False
2015-10-21,2015-10-22,0,Overnight,0.0,False,57.84,57.84,122.6,False,0.0,False
2015-10-22,2015-10-23,0,Overnight,0.0,False,69.39,69.39,37.65,False,0.0,False
2015-10-23,2015-10-26,2,Weekend,48.0,False,-4.7,-4.7,9.39,False,0.0,False
2015-10-26,2015-10-27,0,Overnight,0.0,False,-58.07,-58.07,17.3,False,0.0,False
2015-10-27,2015-10-28,0,Overnight,0.0,False,9.42,9.42,278.66,False,0.0,False
2015-10-28,2015-10-29,0,Overnight,0.0,False,-36.71,-36.71,-7.67,False,0.0,False
2015-10-29,2015-10-30,0,Overnight,0.0,False,13.79,13.79,-162.1,False,0.0,False
2015-10-30,2015-11-02,2,Weekend,49.0,False,31.08,31.08,167.71,False,0.0,False
2015-11-02,2015-11-03,0,Overnight,0.0,False,-38.22,-38.22,74.77,False,0.0,False
2015-11-03,2015-11-04,0,Overnight,0.0,False,34.9,34.9,-24.27,False,0.0,False
2015-11-04,2015-11-05,0,Overnight,0.0,False,-9.12,-9.12,98.31,False,0.0,False
2015-11-05,2015-11-06,0,Overnight,0.0,False,286.35,286.35,13.15,False,0.0,False
2015-11-06,2015-11-09,2,Weekend,48.0,False,35.0,35.0,-192.53,False,0.0,False
2015-11-09,2015-11-10,0,Overnight,0.0,False,-29.72,-29.72,72.66,False,0.0,False
2015-11-10,2015-11-11,0,Overnight,0.0,False,61.86,61.86,-110.74,False,0.0,False
2015-11-11,2015-11-12,0,Overnight,0.0,False,-73.02,-73.02,-129.46,False,0.0,False
2015-11-12,2015-11-13,0,Overnight,0.0,False,-24.27,-24.27,-42.62,False,0.0,False
2015-11-13,2015-11-16,2,Weekend,48.0,False,-15.26,-15.26,159.13,False,0.0,False
2015-11-16,2015-11-17,0,Overnight,0.0,False,24.03,24.03,-81.33,False,0.0,False
2015-11-17,2015-11-18,0,Overnight,0.0,False,52.79,52.79,144.85,False,0.0,False
2015-11-18,2015-11-19,0,Overnight,0.0,False,19.26,19.26,11.83,False,0.0,False
2015-11-19,2015-11-20,0,Overnight,0.0,False,48.65,48.65,-66.41,False,0.0,False
2015-11-20,2015-11-23,2,Weekend,48.0,False,-34.11,-34.11,-64.09,False,0.0,False
2015-11-23,2015-11-24,0,Overnight,0.0,False,-106.73,-106.73,91.76,False,0.0,False
2015-11-24,2015-11-25,0,Overnight,0.0,False,22.44,22.44,-10.46,False,0.0,False
2015-11-25,2015-11-27,1,Short,24.0,False,20.92,20.92,25.34,False,0.0,False
2015-11-27,2015-11-30,2,Weekend,48.0,True,16.36,16.36,-89.58,False,0.0,False
2015-11-30,2015-12-01,0,Overnight,0.0,False,98.49,98.49,40.02,False,0.0,False
2015-12-01,2015-12-02,0,Overnight,0.0,False,32.49,32.49,-173.99,False,0.0,False
2015-12-02,2015-12-03,0,Overnight,0.0,False,25.47,25.47,-155.32,False,0.0,False
2015-12-03,2015-12-04,0,Overnight,0.0,False,45.49,45.49,267.2,False,0.0,False
2015-12-04,2015-12-07,2,Weekend,48.0,False,-33.94,-33.94,-98.03,False,0.0,False
2015-12-07,2015-12-08,0,Overnight,0.0,False,-112.57,-112.57,-43.87,False,0.0,False
2015-12-08,2015-12-09,0,Overnight,0.0,False,-53.2,-53.2,-22.89,False,0.0,False
2015-12-09,2015-12-10,0,Overnight,0.0,False,12.21,12.21,10.67,False,0.0,False
2015-12-10,2015-12-11,0,Overnight,0.0,False,-124.22,-124.22,-113.29,False,0.0,False
2015-12-11,2015-12-14,2,Weekend,48.0,False,24.94,24.94,6.22,False,0.0,False
2015-12-14,2015-12-15,0,Overnight,0.0,False,123.71,123.71,157.05,False,0.0,False
2015-12-15,2015-12-16,0,Overnight,0.0,False,121.8,121.8,92.23,False,0.0,False
2015-12-16,2015-12-17,0,Overnight,0.0,False,54.64,54.64,-241.48,False,0.0,False
2015-12-17,2015-12-18,0,Overnight,0.0,False,-46.88,-46.88,-240.86,False,0.0,False
2015-12-18,2015-12-21,2,Weekend,48.0,False,95.81,95.81,79.66,False,0.0,False
2015-12-21,2015-12-22,0,Overnight,0.0,False,57.81,57.81,-36.47,False,0.0,False
2015-12-22,2015-12-23,0,Overnight,0.0,False,66.77,66.77,91.83,False,0.0,False
2015-12-23,2015-12-24,0,Overnight,0.0,False,-16.5,-16.5,-3.0,False,0.0,False
2015-12-24,2015-12-28,3,Long,72.0,True,-46.65,-46.65,13.57,False,0.0,False
2015-12-28,2015-12-29,0,Overnight,0.0,False,69.06,69.06,34.35,False,0.0,False
2015-12-29,2015-12-30,0,Overnight,0.0,False,-4.47,-4.47,-67.35,False,0.0,False
2015-12-30,2015-12-31,0,Overnight,0.0,False,-60.25,-60.25,-24.2,False,0.0,False
2015-12-31,2016-01-04,3,Long,72.0,False,-320.08,-251.51,-51.74,True,66.64,False
2016-01-04,2016-01-05,0,Overnight,0.0,False,12.57,12.57,4.71,False,0.0,False
2016-01-05,2016-01-06,0,Overnight,0.0,False,-159.75,-159.75,14.34,False,0.0,False
2016-01-06,2016-01-07,0,Overnight,0.0,False,-217.28,-217.28,-195.52,False,0.0,False
2016-01-07,2016-01-08,0,Overnight,0.0,False,141.68,141.68,-368.22,False,0.0,False
2016-01-08,2016-01-11,2,Weekend,48.0,False,-15.29,-15.29,0.0,False,0.0,False
2016-01-11,2016-01-12,0,Overnight,0.0,False,104.84,104.84,-82.76,False,0.0,False
2016-01-12,2016-01-13,0,Overnight,0.0,False,84.45,84.45,-363.05,False,0.0,False
2016-01-13,2016-01-14,0,Overnight,0.0,False,141.99,141.99,6.88,False,0.0,False
2016-01-14,2016-01-15,0,Overnight,0.0,False,-305.3,-305.3,103.97,False,0.0,False
2016-01-15,2016-01-19,3,Long,72.0,False,120.24,120.24,-125.5,False,0.0,False
2016-01-19,2016-01-20,0,Overnight,0.0,False,-245.04,-245.04,-21.59,False,0.0,False
2016-01-20,2016-01-21,0,Overnight,0.0,False,41.35,41.35,-88.3,False,0.0,False
2016-01-21,2016-01-22,0,Overnight,0.0,False,213.1,213.1,89.96,False,0.0,False
2016-01-22,2016-01-25,2,Weekend,48.0,False,-82.87,-82.87,-146.25,False,0.0,False
2016-01-25,2016-01-26,0,Overnight,0.0,False,34.08,34.08,217.84,False,0.0,False
2016-01-26,2016-01-27,0,Overnight,0.0,False,0.0,0.0,-7.01,False,0.0,False
2016-01-27,2016-01-28,0,Overnight,0.0,False,83.8,83.8,-41.81,False,0.0,False
2016-01-28,2016-01-29,0,Overnight,0.0,False,95.56,95.56,284.69,False,0.0,False
2016-01-29,2016-02-01,2,Weekend,48.0,False,-57.31,-57.31,-50.84,False,0.0,False
2016-02-01,2016-02-02,0,Overnight,0.0,False,-167.9,-167.9,-147.94,False,0.0,False
2016-02-02,2016-02-03,0,Overnight,0.0,False,59.44,59.44,6.97,False,0.0,False
2016-02-03,2016-02-04,0,Overnight,0.0,False,-61.15,-61.15,232.13,False,0.0,False
2016-02-04,2016-02-05,0,Overnight,0.0,False,30.77,30.77,-142.7,False,0.0,False
2016-02-05,2016-02-08,2,Weekend,48.0,False,-185.26,-185.26,-26.49,False,0.0,False
2016-02-08,2016-02-09,0,Overnight,0.0,False,-223.56,-223.56,163.25,False,0.0,False
2016-02-09,2016-02-10,0,Overnight,0.0,False,65.62,65.62,-187.35,False,0.0,False
2016-02-10,2016-02-11,0,Overnight,0.0,False,-296.13,-296.13,-155.19,False,0.0,False
2016-02-11,2016-02-12,0,Overnight,0.0,False,474.7,474.7,325.29,False,0.0,False
2016-02-12,2016-02-16,3,Long,72.0,False,127.9,127.9,20.59,False,0.0,False
2016-02-16,2016-02-17,0,Overnight,0.0,False,85.32,85.32,-13.6,False,0.0,False
2016-02-17,2016-02-18,0,Overnight,0.0,False,11.9,11.9,-176.6,False,0.0,False
2016-02-18,2016-02-19,0,Overnight,0.0,False,-53.77,-53.77,55.5,False,0.0,False
2016-02-19,2016-02-22,2,Weekend,48.0,False,118.63,118.63,10.25,False,0.0,False
2016-02-22,2016-02-23,0,Overnight,0.0,False,-115.05,-115.05,-312.25,False,0.0,False
2016-02-23,2016-02-24,0,Overnight,0.0,False,-165.29,-165.29,168.86,False,0.0,False
2016-02-24,2016-02-25,0,Overnight,0.0,False,-1.78,-1.78,155.56,False,0.0,False
2016-02-25,2016-02-26,0,Overnight,0.0,False,109.9,109.9,-17.36,False,0.0,False
2016-02-26,2016-02-29,2,Weekend,48.0,False,-22.62,-22.62,-195.24,False,0.0,False
2016-02-29,2016-03-01,0,Overnight,0.0,False,81.37,81.37,420.9,False,0.0,False
2016-03-01,2016-03-02,0,Overnight,0.0,False,0.0,0.0,94.15,False,0.0,False
2016-03-02,2016-03-03,0,Overnight,0.0,False,-30.17,-30.17,63.58,False,0.0,False
2016-03-03,2016-03-04,0,Overnight,0.0,False,23.32,23.32,-8.32,False,0.0,False
2016-03-04,2016-03-07,2,Weekend,48.0,False,-85.29,-85.29,66.96,False,0.0,False
2016-03-07,2016-03-08,0,Overnight,0.0,False,-122.54,-122.54,-72.89,False,0.0,False
2016-03-08,2016-03-09,0,Overnight,0.0,False,62.75,62.75,-5.07,False,0.0,False
2016-03-09,2016-03-10,0,Overnight,0.0,False,79.19,79.19,-165.82,False,0.0,False
2016-03-10,2016-03-11,0,Overnight,0.0,False,132.2,132.2,-8.42,False,0.0,False
2016-03-11,2016-03-14,2,Weekend,47.0,False,-32.07,-32.07,-5.07,False,0.0,False
2016-03-14,2016-03-15,0,Overnight,0.0,False,-98.59,-98.59,112.11,False,0.0,False
2016-03-15,2016-03-16,0,Overnight,0.0,False,-37.23,-37.23,-10.18,False,0.0,False
2016-03-16,2016-03-17,0,Overnight,0.0,False,-25.49,-25.49,-3.4,False,0.0,False
2016-03-17,2016-03-18,0,Overnight,0.0,False,218.86,218.86,71.35,False,0.0,False
2016-03-18,2016-03-21,2,Weekend,48.0,False,-43.08,-43.08,39.77,False,0.0,False
2016-03-21,2016-03-22,0,Overnight,0.0,False,-78.04,-78.04,41.59,False,0.0,False
2016-03-22,2016-03-23,0,Overnight,0.0,False,16.59,16.59,-66.51,False,0.0,False
2016-03-23,2016-03-24,0,Overnight,0.0,False,-107.35,-107.35,30.31,False,0.0,False
2016-03-24,2016-03-28,3,Long,72.0,False,8.4,8.4,-21.86,False,0.0,False
2016-03-28,2016-03-29,0,Overnight,0.0,False,-11.79,-11.79,-50.69,False,0.0,False
2016-03-29,2016-03-30,0,Overnight,0.0,False,72.58,72.58,41.96,False,0.0,False
2016-03-30,2016-03-31,0,Overnight,0.0,False,-43.64,-43.64,-38.76,False,0.0,False
2016-03-31,2016-04-01,0,Overnight,0.0,False,-33.83,-33.83,142.99,False,0.0,False
2016-04-01,2016-04-04,2,Weekend,48.0,False,-72.08,1.67,-40.46,True,73.49,False
2016-04-04,2016-04-05,0,Overnight,0.0,False,-103.58,-103.58,-39.33,False,0.0,False
2016-04-05,2016-04-06,0,Overnight,0.0,False,-30.89,-30.89,107.7,False,0.0,False
2016-04-06,2016-04-07,0,Overnight,0.0,False,-93.96,-93.96,-162.66,False,0.0,False
2016-04-07,2016-04-08,0,Overnight,0.0,False,67.81,67.81,5.2,False,0.0,False
2016-04-08,2016-04-11,2,Weekend,48.0,False,29.4,29.4,49.95,False,0.0,False
2016-04-11,2016-04-12,0,Overnight,0.0,False,24.03,24.03,159.84,False,0.0,False
2016-04-12,2016-04-13,0,Overnight,0.0,False,200.41,200.41,214.29,False,0.0,False
2016-04-13,2016-04-14,0,Overnight,0.0,False,-16.2,-16.2,144.84,False,0.0,False
2016-04-14,2016-04-15,0,Overnight,0.0,False,46.23,46.23,-161.93,False,0.0,False
2016-04-15,2016-04-18,2,Weekend,48.0,False,-37.24,-37.24,101.69,False,0.0,False
2016-04-18,2016-04-19,0,Overnight,0.0,False,44.86,44.86,122.35,False,0.0,False
2016-04-19,2016-04-20,0,Overnight,0.0,False,25.24,25.24,119.01,False,0.0,False
2016-04-20,2016-04-21,0,Overnight,0.0,False,3.11,3.11,-103.24,False,0.0,False
2016-04-21,2016-04-22,0,Overnight,0.0,False,6.29,6.29,51.72,False,0.0,False
2016-04-22,2016-04-25,2,Weekend,48.0,False,-58.01,-58.01,0.0,False,0.0,False
2016-04-25,2016-04-26,0,Overnight,0.0,False,32.96,32.96,18.79,False,0.0,False
2016-04-26,2016-04-27,0,Overnight,0.0,False,-10.96,-10.96,39.07,False,0.0,False
2016-04-27,2016-04-28,0,Overnight,0.0,False,-73.58,-73.58,-6.29,False,0.0,False
2016-04-28,2016-04-29,0,Overnight,0.0,False,-80.51,-80.51,17.42,False,0.0,False
2016-04-29,2016-05-02,2,Weekend,48.0,False,77.23,77.23,15.69,False,0.0,False
2016-05-02,2016-05-03,0,Overnight,0.0,False,-140.5,-140.5,-54.2,False,0.0,False
2016-05-03,2016-05-04,0,Overnight,0.0,False,-130.32,-130.32,-29.19,False,0.0,False
2016-05-04,2016-05-05,0,Overnight,0.0,False,4.87,4.87,-58.61,False,0.0,False
2016-05-05,2016-05-06,0,Overnight,0.0,False,-88.57,-88.57,147.18,False,0.0,False
2016-05-06,2016-05-09,2,Weekend,48.0,False,-37.41,-37.41,-26.11,False,0.0,False
2016-05-09,2016-05-10,0,Overnight,0.0,False,55.39,55.39,79.3,False,0.0,False
2016-05-10,2016-05-11,0,Overnight,0.0,False,-11.29,-11.29,-25.85,False,0.0,False
2016-05-11,2016-05-12,0,Overnight,0.0,False,74.15,74.15,-80.62,False,0.0,False
2016-05-12,2016-05-13,0,Overnight,0.0,False,-11.34,-11.34,-81.37,False,0.0,False
2016-05-13,2016-05-16,2,Weekend,48.0,False,1.63,1.63,73.25,False,0.0,False
2016-05-16,2016-05-17,0,Overnight,0.0,False,-37.37,-37.37,37.37,False,0.0,False
2016-05-17,2016-05-18,0,Overnight,0.0,False,6.49,6.49,372.24,False,0.0,False
2016-05-18,2016-05-19,0,Overnight,0.0,False,-79.96,-79.96,-22.06,False,0.0,False
2016-05-19,2016-05-20,0,Overnight,0.0,False,73.87,73.87,-54.96,False,0.0,False
2016-05-20,2016-05-23,2,Weekend,48.0,False,-9.45,-9.45,1.58,False,0.0,False
2016-05-23,2016-05-24,0,Overnight,0.0,False,75.35,75.35,93.4,False,0.0,False
2016-05-24,2016-05-25,0,Overnight,0.0,False,61.79,61.79,88.92,False,0.0,False
2016-05-25,2016-05-26,0,Overnight,0.0,False,7.63,7.63,-82.7,False,0.0,False
2016-05-26,2016-05-27,0,Overnight,0.0,False,27.64,27.64,33.68,False,0.0,False
2016-05-27,2016-05-31,3,Long,72.0,False,45.75,45.75,-70.23,False,0.0,False
2016-05-31,2016-06-01,0,Overnight,0.0,False,-78.44,-78.44,142.59,False,0.0,False
2016-06-01,2016-06-02,0,Overnight,0.0,False,-25.91,-25.91,44.16,False,0.0,False
2016-06-02,2016-06-03,0,Overnight,0.0,False,-239.9,-239.9,60.52,False,0.0,False
2016-06-03,2016-06-06,2,Weekend,48.0,False,0.0,0.0,98.52,False,0.0,False
2016-06-06,2016-06-07,0,Overnight,0.0,False,26.01,26.01,-59.77,False,0.0,False
2016-06-07,2016-06-08,0,Overnight,0.0,False,-20.0,-20.0,49.16,False,0.0,False
2016-06-08,2016-06-09,0,Overnight,0.0,False,-70.75,-70.75,-6.18,False,0.0,False
2016-06-09,2016-06-10,0,Overnight,0.0,False,-127.45,-127.45,-14.09,False,0.0,False
2016-06-10,2016-06-13,2,Weekend,48.0,False,-56.55,-56.55,-33.14,False,0.0,False
2016-06-13,2016-06-14,0,Overnight,0.0,False,-93.69,-93.69,-96.19,False,0.0,False
2016-06-14,2016-06-15,0,Overnight,0.0,False,53.02,53.02,-70.75,False,0.0,False
2016-06-15,2016-06-16,0,Overnight,0.0,False,-84.27,-84.27,124.53,False,0.0,False
2016-06-16,2016-06-17,0,Overnight,0.0,False,12.85,12.85,-3.21,False,0.0,False
2016-06-17,2016-06-20,2,Weekend,48.0,False,186.12,186.12,-171.68,False,0.0,False
2016-06-20,2016-06-21,0,Overnight,0.0,False,57.55,57.55,35.01,False,0.0,False
2016-06-21,2016-06-22,0,Overnight,0.0,False,0.0,0.0,-38.2,False,0.0,False
2016-06-22,2016-06-23,0,Overnight,0.0,False,156.64,156.64,54.79,False,0.0,False
2016-06-23,2016-06-24,0,Overnight,0.0,False,-573.51,-573.51,-146.57,False,0.0,False
2016-06-24,2016-06-27,2,Weekend,48.0,False,-150.45,-150.45,-189.14,False,0.0,False
2016-06-27,2016-06-28,0,Overnight,0.0,False,270.56,270.56,55.6,False,0.0,False
2016-06-28,2016-06-29,0,Overnight,0.0,False,140.14,140.14,138.21,False,0.0,False
2016-06-29,2016-06-30,0,Overnight,0.0,False,70.02,70.02,82.41,False,0.0,False
2016-06-30,2016-07-01,0,Overnight,0.0,False,-77.54,0.0,-65.08,True,77.24,False
2016-07-01,2016-07-05,3,Long,72.0,False,-133.1,-133.1,-150.0,False,0.0,False
2016-07-05,2016-07-06,0,Overnight,0.0,False,-91.09,-91.09,197.99,False,0.0,False
2016-07-06,2016-07-07,0,Overnight,0.0,False,54.68,54.68,9.91,False,0.0,False
2016-07-07,2016-07-08,0,Overnight,0.0,False,123.04,123.04,81.2,False,0.0,False
2016-07-08,2016-07-11,2,Weekend,48.0,False,94.97,94.97,-24.06,False,0.0,False
2016-07-11,2016-07-12,0,Overnight,0.0,False,121.31,121.31,26.94,False,0.0,False
2016-07-12,2016-07-13,0,Overnight,0.0,False,-19.01,-19.01,12.67,False,0.0,False
2016-07-13,2016-07-14,0,Overnight,0.0,False,247.08,247.08,-96.23,False,0.0,False
2016-07-14,2016-07-15,0,Overnight,0.0,False,97.77,97.77,-88.42,False,0.0,False
2016-07-15,2016-07-18,2,Weekend,48.0,False,-7.79,-7.79,-26.54,False,0.0,False
2016-07-18,2016-07-19,0,Overnight,0.0,False,-54.87,-54.87,39.22,False,0.0,False
2016-07-19,2016-07-20,0,Overnight,0.0,False,39.07,39.07,-28.12,False,0.0,False
2016-07-20,2016-07-21,0,Overnight,0.0,False,10.94,10.94,-48.56,False,0.0,False
2016-07-21,2016-07-22,0,Overnight,0.0,False,32.92,32.92,21.89,False,0.0,False
2016-07-22,2016-07-25,2,Weekend,48.0,False,-9.37,-9.37,-17.21,False,0.0,False
2016-07-25,2016-07-26,0,Overnight,0.0,False,17.21,17.21,23.42,False,0.0,False
2016-07-26,2016-07-27,0,Overnight,0.0,False,-7.8,-7.8,38.94,False,0.0,False
2016-07-27,2016-07-28,0,Overnight,0.0,False,-51.43,-51.43,15.61,False,0.0,False
2016-07-28,2016-07-29,0,Overnight,0.0,False,-46.91,-46.91,26.61,False,0.0,False
2016-07-29,2016-08-01,2,Weekend,48.0,False,28.1,28.1,-54.71,False,0.0,False
2016-08-01,2016-08-02,0,Overnight,0.0,False,-32.97,-32.97,9.43,False,0.0,False
2016-08-02,2016-08-03,0,Overnight,0.0,False,6.28,6.28,151.15,False,0.0,False
2016-08-03,2016-08-04,0,Overnight,0.0,False,-26.33,-26.33,10.85,False,0.0,False
2016-08-04,2016-08-05,0,Overnight,0.0,False,89.44,89.44,176.51,False,0.0,False
2016-08-05,2016-08-08,2,Weekend,48.0,False,-34.75,-34.75,4.54,False,0.0,False
2016-08-08,2016-08-09,0,Overnight,0.0,False,12.1,12.1,-46.95,False,0.0,False
2016-08-09,2016-08-10,0,Overnight,0.0,False,7.59,7.59,-97.56,False,0.0,False
2016-08-10,2016-08-11,0,Overnight,0.0,False,-1.53,-1.53,29.07,False,0.0,False
2016-08-11,2016-08-12,0,Overnight,0.0,False,-75.14,-75.14,53.73,False,0.0,False
2016-08-12,2016-08-15,2,Weekend,48.0,False,36.67,36.67,24.38,False,0.0,False
2016-08-15,2016-08-16,0,Overnight,0.0,False,-54.93,-54.93,53.41,False,0.0,False
2016-08-16,2016-08-17,0,Overnight,0.0,False,13.69,13.69,13.67,False,0.0,False
2016-08-17,2016-08-18,0,Overnight,0.0,False,-41.06,-41.06,50.16,False,0.0,False
2016-08-18,2016-08-19,0,Overnight,0.0,False,-34.94,-34.94,21.28,False,0.0,False
2016-08-19,2016-08-22,2,Weekend,48.0,False,-16.72,-16.72,7.6,False,0.0,False
2016-08-22,2016-08-23,0,Overnight,0.0,False,40.95,40.95,-45.51,False,0.0,False
2016-08-23,2016-08-24,0,Overnight,0.0,False,33.39,33.39,-6.06,False,0.0,False
2016-08-24,2016-08-25,0,Overnight,0.0,False,-6.07,-6.07,24.25,False,0.0,False
2016-08-25,2016-08-26,0,Overnight,0.0,False,39.28,39.28,-16.6,False,0.0,False
2016-08-26,2016-08-29,2,Weekend,48.0,False,40.69,40.69,68.94,False,0.0,False
2016-08-29,2016-08-30,0,Overnight,0.0,False,0.0,0.0,81.82,False,0.0,False
2016-08-30,2016-08-31,0,Overnight,0.0,False,-5.93,-5.93,5.93,False,0.0,False
2016-08-31,2016-09-01,0,Overnight,0.0,False,20.72,20.72,-63.77,False,0.0,False
2016-09-01,2016-09-02,0,Overnight,0.0,False,28.23,28.23,13.34,False,0.0,False
2016-09-02,2016-09-06,3,Long,72.0,False,1.48,1.48,-8.89,False,0.0,False
2016-09-06,2016-09-07,0,Overnight,0.0,False,-41.6,-41.6,0.0,False,0.0,False
2016-09-07,2016-09-08,0,Overnight,0.0,False,8.93,8.93,4.46,False,0.0,False
2016-09-08,2016-09-09,0,Overnight,0.0,False,-32.77,-32.77,-56.85,False,0.0,False
2016-09-09,2016-09-12,2,Weekend,48.0,False,-76.81,-76.81,138.14,False,0.0,False
2016-09-12,2016-09-13,0,Overnight,0.0,False,-142.68,-142.68,63.33,False,0.0,False
2016-09-13,2016-09-14,0,Overnight,0.0,False,-39.16,-39.16,19.6,False,0.0,False
2016-09-14,2016-09-15,0,Overnight,0.0,False,-16.58,-16.58,52.66,False,0.0,False
2016-09-15,2016-09-16,0,Overnight,0.0,False,-82.88,-82.88,-40.94,False,0.0,False
2016-09-16,2016-09-19,2,Weekend,48.0,False,50.01,50.01,6.05,False,0.0,False
2016-09-19,2016-09-20,0,Overnight,0.0,False,84.25,84.25,-43.54,False,0.0,False
2016-09-20,2016-09-21,0,Overnight,0.0,False,57.01,57.01,0.0,False,0.0,False
2016-09-21,2016-09-22,0,Overnight,0.0,False,22.42,22.42,59.53,False,0.0,False
2016-09-22,2016-09-23,0,Overnight,0.0,False,0.0,0.0,-20.8,False,0.0,False
2016-09-23,2016-09-26,2,Weekend,48.0,False,-97.12,-97.12,-123.89,False,0.0,False
2016-09-26,2016-09-27,0,Overnight,0.0,False,-56.41,-56.41,144.19,False,0.0,False
2016-09-27,2016-09-28,0,Overnight,0.0,False,33.1,33.1,19.51,False,0.0,False
2016-09-28,2016-09-29,0,Overnight,0.0,False,-1.5,-1.5,-158.67,False,0.0,False
2016-09-29,2016-09-30,0,Overnight,0.0,False,65.29,65.29,76.88,False,0.0,False
2016-09-30,2016-10-03,2,Weekend,48.0,False,-36.11,-36.11,24.09,False,0.0,False
2016-10-03,2016-10-04,0,Overnight,0.0,False,-45.21,27.03,58.73,True,72.17,False
2016-10-04,2016-10-05,0,Overnight,0.0,False,43.45,43.45,118.89,False,0.0,False
2016-10-05,2016-10-06,0,Overnight,0.0,False,5.91,5.91,20.65,False,0.0,False
2016-10-06,2016-10-07,0,Overnight,0.0,False,-11.79,-11.79,47.09,False,0.0,False
2016-10-07,2016-10-10,2,Weekend,48.0,False,33.71,33.71,43.8,False,0.0,False
2016-10-10,2016-10-11,0,Overnight,0.0,False,-20.42,-20.42,-27.78,False,0.0,False
2016-10-11,2016-10-12,0,Overnight,0.0,False,-7.32,-7.32,-19.06,False,0.0,False
2016-10-12,2016-10-13,0,Overnight,0.0,False,-98.83,-98.83,41.42,False,0.0,False
2016-10-13,2016-10-14,0,Overnight,0.0,False,155.27,155.27,-187.8,False,0.0,False
2016-10-14,2016-10-17,2,Weekend,48.0,False,-14.82,-14.82,-37.15,False,0.0,False
2016-10-17,2016-10-18,0,Overnight,0.0,False,100.73,100.73,-22.13,False,0.0,False
2016-10-18,2016-10-19,0,Overnight,0.0,False,16.24,16.24,79.32,False,0.0,False
2016-10-19,2016-10-20,0,Overnight,0.0,False,-39.58,-39.58,26.4,False,0.0,False
2016-10-20,2016-10-21,0,Overnight,0.0,False,-66.14,-66.14,99.78,False,0.0,False
2016-10-21,2016-10-24,2,Weekend,48.0,False,69.84,69.84,-14.51,False,0.0,False
2016-10-24,2016-10-25,0,Overnight,0.0,False,1.45,1.45,-11.62,False,0.0,False
2016-10-25,2016-10-26,0,Overnight,0.0,False,-62.7,-62.7,110.55,False,0.0,False
2016-10-26,2016-10-27,0,Overnight,0.0,False,51.94,51.94,-37.48,False,0.0,False
2016-10-27,2016-10-28,0,Overnight,0.0,False,43.24,43.24,-60.59,False,0.0,False
2016-10-28,2016-10-31,2,Weekend,48.0,False,46.2,46.2,-24.51,False,0.0,False
2016-10-31,2016-11-01,0,Overnight,0.0,False,31.71,31.71,-73.67,False,0.0,False
2016-11-01,2016-11-02,0,Overnight,0.0,False,-46.5,-46.5,4.37,False,0.0,False
2016-11-02,2016-11-03,0,Overnight,0.0,False,26.17,26.17,-69.95,False,0.0,False
2016-11-03,2016-11-04,0,Overnight,0.0,False,16.07,16.07,-107.16,False,0.0,False
2016-11-04,2016-11-07,2,Weekend,49.0,False,192.93,192.93,115.14,False,0.0,False
2016-11-07,2016-11-08,0,Overnight,0.0,False,-25.79,-25.79,47.23,False,0.0,False
2016-11-08,2016-11-09,0,Overnight,0.0,False,202.14,202.14,247.4,False,0.0,False
2016-11-09,2016-11-10,0,Overnight,0.0,False,131.55,131.55,322.16,False,0.0,False
2016-11-10,2016-11-11,0,Overnight,0.0,False,-45.77,-45.77,50.98,False,0.0,False
2016-11-11,2016-11-14,2,Weekend,48.0,False,72.76,72.76,288.36,False,0.0,False
2016-11-14,2016-11-15,0,Overnight,0.0,False,-144.42,-144.42,125.53,False,0.0,False
2016-11-15,2016-11-16,0,Overnight,0.0,False,-144.69,-144.69,-105.39,False,0.0,False
2016-11-16,2016-11-17,0,Overnight,0.0,False,68.24,68.24,11.54,False,0.0,False
2016-11-17,2016-11-18,0,Overnight,0.0,False,-7.69,-7.69,-32.12,False,0.0,False
2016-11-18,2016-11-21,2,Weekend,48.0,False,37.25,37.25,6.41,False,0.0,False
2016-11-21,2016-11-22,0,Overnight,0.0,False,38.36,38.36,22.95,False,0.0,False
2016-11-22,2016-11-23,0,Overnight,0.0,False,43.2,43.2,-1.27,False,0.0,False
2016-11-23,2016-11-25,1,Short,24.0,False,30.39,30.39,-34.19,False,0.0,False
2016-11-25,2016-11-28,2,Weekend,48.0,True,-82.8,-82.8,17.89,False,0.0,False
2016-11-28,2016-11-29,0,Overnight,0.0,False,8.93,8.93,67.38,False,0.0,False
2016-11-29,2016-11-30,0,Overnight,0.0,False,125.91,125.91,31.23,False,0.0,False
2016-11-30,2016-12-01,0,Overnight,0.0,False,59.69,59.69,140.36,False,0.0,False
2016-12-01,2016-12-02,0,Overnight,0.0,False,1.22,1.22,-24.48,False,0.0,False
2016-12-02,2016-12-05,2,Weekend,48.0,False,85.42,85.42,115.97,False,0.0,False
2016-12-05,2016-12-06,0,Overnight,0.0,False,40.75,40.75,10.76,False,0.0,False
2016-12-06,2016-12-07,0,Overnight,0.0,False,-16.74,-16.74,62.04,False,0.0,False
2016-12-07,2016-12-08,0,Overnight,0.0,False,19.01,19.01,105.11,False,0.0,False
2016-12-08,2016-12-09,0,Overnight,0.0,False,-11.76,-11.76,55.13,False,0.0,False
2016-12-09,2016-12-12,2,Weekend,48.0,False,-15.22,-15.22,-74.08,False,0.0,False
2016-12-12,2016-12-13,0,Overnight,0.0,False,29.46,29.46,-25.92,False,0.0,False
2016-12-13,2016-12-14,0,Overnight,0.0,False,-104.37,-104.37,100.83,False,0.0,False
2016-12-14,2016-12-15,0,Overnight,0.0,False,78.76,78.76,70.01,False,0.0,False
2016-12-15,2016-12-16,0,Overnight,0.0,False,33.66,33.66,-157.69,False,0.0,False
2016-12-16,2016-12-19,2,Weekend,48.0,False,-16.5,-16.5,74.02,False,0.0,False
2016-12-19,2016-12-20,0,Overnight,0.0,False,42.05,42.05,85.89,False,0.0,False
2016-12-20,2016-12-21,0,Overnight,0.0,False,-11.56,-11.56,36.96,False,0.0,False
2016-12-21,2016-12-22,0,Overnight,0.0,False,-35.8,-35.8,51.92,False,0.0,False
2016-12-22,2016-12-23,0,Overnight,0.0,False,12.65,12.65,5.75,False,0.0,False
2016-12-23,2016-12-27,3,Long,72.0,False,0.0,0.0,9.19,False,0.0,False
2016-12-27,2016-12-28,0,Overnight,0.0,False,3.44,3.44,-76.01,False,0.0,False
2016-12-28,2016-12-29,0,Overnight,0.0,False,9.24,9.24,-80.01,False,0.0,False
2016-12-29,2016-12-30,0,Overnight,0.0,False,24.42,24.42,22.04,False,0.0,False
2016-12-30,2017-01-03,3,Long,72.0,False,120.95,120.95,-12.6,False,0.0,False
2017-01-03,2017-01-04,0,Overnight,0.0,False,-31.0,24.04,-5.75,True,55.03,False
2017-01-04,2017-01-05,0,Overnight,0.0,False,-11.51,-11.51,-80.96,False,0.0,False
2017-01-05,2017-01-06,0,Overnight,0.0,False,32.46,32.46,-31.3,False,0.0,False
2017-01-06,2017-01-09,2,Weekend,48.0,False,-45.39,-45.39,52.35,False,0.0,False
2017-01-09,2017-01-10,0,Overnight,0.0,False,-12.77,-12.77,41.74,False,0.0,False
2017-01-10,2017-01-11,0,Overnight,0.0,False,0.0,0.0,74.92,False,0.0,False
2017-01-11,2017-01-12,0,Overnight,0.0,False,-36.82,-36.82,-60.12,False,0.0,False
2017-01-12,2017-01-13,0,Overnight,0.0,False,100.38,100.38,-47.18,False,0.0,False
2017-01-13,2017-01-17,3,Long,72.0,False,-206.26,-206.26,-163.82,False,0.0,False
2017-01-17,2017-01-18,0,Overnight,0.0,False,9.57,9.57,37.0,False,0.0,False
2017-01-18,2017-01-19,0,Overnight,0.0,False,14.29,14.29,-90.82,False,0.0,False
2017-01-19,2017-01-20,0,Overnight,0.0,False,15.59,15.59,28.73,False,0.0,False
2017-01-20,2017-01-23,2,Weekend,48.0,False,-44.32,-44.32,49.1,False,0.0,False
2017-01-23,2017-01-24,0,Overnight,0.0,False,25.06,25.06,94.88,False,0.0,False
2017-01-24,2017-01-25,0,Overnight,0.0,False,131.33,131.33,22.11,False,0.0,False
2017-01-25,2017-01-26,0,Overnight,0.0,False,-9.3,-9.3,92.65,False,0.0,False
2017-01-26,2017-01-27,0,Overnight,0.0,False,-10.38,-10.38,31.11,False,0.0,False
2017-01-27,2017-01-30,2,Weekend,48.0,False,-85.49,-85.49,-18.58,False,0.0,False
2017-01-30,2017-01-31,0,Overnight,0.0,False,-50.11,-50.11,-113.96,False,0.0,False
2017-01-31,2017-02-01,0,Overnight,0.0,False,106.95,106.95,-69.21,False,0.0,False
2017-02-01,2017-02-02,0,Overnight,0.0,False,-72.07,-72.07,29.6,False,0.0,False
2017-02-02,2017-02-03,0,Overnight,0.0,False,187.38,187.38,114.21,False,0.0,False
2017-02-03,2017-02-06,2,Weekend,48.0,False,-44.84,-44.84,-2.31,False,0.0,False
2017-02-06,2017-02-07,0,Overnight,0.0,False,42.55,42.55,-48.31,False,0.0,False
2017-02-07,2017-02-08,0,Overnight,0.0,False,-62.46,-62.46,-25.56,False,0.0,False
2017-02-08,2017-02-09,0,Overnight,0.0,False,0.0,0.0,143.22,False,0.0,False
2017-02-09,2017-02-10,0,Overnight,0.0,False,32.06,32.06,-55.02,False,0.0,False
2017-02-10,2017-02-13,2,Weekend,48.0,False,50.45,50.45,80.87,False,0.0,False
2017-02-13,2017-02-14,0,Overnight,0.0,False,17.0,17.0,141.69,False,0.0,False
2017-02-14,2017-02-15,0,Overnight,0.0,False,57.89,57.89,56.46,False,0.0,False
2017-02-15,2017-02-16,0,Overnight,0.0,False,-20.99,-20.99,14.37,False,0.0,False
2017-02-16,2017-02-17,0,Overnight,0.0,False,-78.74,-78.74,45.54,False,0.0,False
2017-02-17,2017-02-21,3,Long,72.0,False,30.98,30.98,55.09,False,0.0,False
2017-02-21,2017-02-22,0,Overnight,0.0,False,-53.99,-53.99,59.48,False,0.0,False
2017-02-22,2017-02-23,0,Overnight,0.0,False,13.17,13.17,-5.49,False,0.0,False
2017-02-23,2017-02-24,0,Overnight,0.0,False,-104.79,-104.79,16.62,False,0.0,False
2017-02-24,2017-02-27,2,Weekend,48.0,False,-1.11,-1.11,12.17,False,0.0,False
2017-02-27,2017-02-28,0,Overnight,0.0,False,-64.34,-64.34,85.33,False,0.0,False
2017-02-28,2017-03-01,0,Overnight,0.0,False,236.64,236.64,86.91,False,0.0,False
2017-03-01,2017-03-02,0,Overnight,0.0,False,28.81,28.81,-186.02,False,0.0,False
2017-03-02,2017-03-03,0,Overnight,0.0,False,0.0,0.0,71.38,False,0.0,False
2017-03-03,2017-03-06,2,Weekend,48.0,False,-59.44,-59.44,-35.84,False,0.0,False
2017-03-06,2017-03-07,0,Overnight,0.0,False,-30.51,-30.51,-25.13,False,0.0,False
2017-03-07,2017-03-08,0,Overnight,0.0,False,137.98,137.98,-159.88,False,0.0,False
2017-03-08,2017-03-09,0,Overnight,0.0,False,42.67,42.67,-3.28,False,0.0,False
2017-03-09,2017-03-10,0,Overnight,0.0,False,41.41,41.41,-73.13,False,0.0,False
2017-03-10,2017-03-13,2,Weekend,47.0,False,3.29,3.29,5.47,False,0.0,False
2017-03-13,2017-03-14,0,Overnight,0.0,False,-37.29,-37.29,53.69,False,0.0,False
2017-03-14,2017-03-15,0,Overnight,0.0,False,31.64,31.64,-7.63,False,0.0,False
2017-03-15,2017-03-16,0,Overnight,0.0,False,32.65,32.65,-42.47,False,0.0,False
2017-03-16,2017-03-17,0,Overnight,0.0,False,20.71,20.71,-126.02,False,0.0,False
2017-03-17,2017-03-20,2,Weekend,48.0,False,-45.32,-45.32,-26.62,False,0.0,False
2017-03-20,2017-03-21,0,Overnight,0.0,False,36.59,36.59,-334.21,False,0.0,False
2017-03-21,2017-03-22,0,Overnight,0.0,False,-57.38,-57.38,73.39,False,0.0,False
2017-03-22,2017-03-23,0,Overnight,0.0,False,-36.63,-36.63,20.62,False,0.0,False
2017-03-23,2017-03-24,0,Overnight,0.0,False,45.67,45.67,-57.12,False,0.0,False
2017-03-24,2017-03-27,2,Weekend,48.0,False,-203.69,-203.69,197.96,False,0.0,False
2017-03-27,2017-03-28,0,Overnight,0.0,False,-25.25,-25.25,179.94,False,0.0,False
2017-03-28,2017-03-29,0,Overnight,0.0,False,0.0,0.0,-37.32,False,0.0,False
2017-03-29,2017-03-30,0,Overnight,0.0,False,-7.93,-7.93,93.66,False,0.0,False
2017-03-30,2017-03-31,0,Overnight,0.0,False,-36.01,-36.01,-98.56,False,0.0,False
2017-03-31,2017-04-03,2,Weekend,48.0,False,17.06,17.06,-53.56,False,0.0,False
2017-04-03,2017-04-04,0,Overnight,0.0,False,-72.24,-14.86,48.22,True,57.13,False
2017-04-04,2017-04-05,0,Overnight,0.0,False,126.33,126.33,-255.44,False,0.0,False
2017-04-05,2017-04-06,0,Overnight,0.0,False,-24.39,-24.39,57.98,False,0.0,False
2017-04-06,2017-04-07,0,Overnight,0.0,False,-63.8,-63.8,29.05,False,0.0,False
2017-04-07,2017-04-10,2,Weekend,48.0,False,-11.61,-11.61,-23.26,False,0.0,False
2017-04-10,2017-04-11,0,Overnight,0.0,False,-39.67,-39.67,22.19,False,0.0,False
2017-04-11,2017-04-12,0,Overnight,0.0,False,23.3,23.3,-61.87,False,0.0,False
2017-04-12,2017-04-13,0,Overnight,0.0,False,11.7,11.7,-129.49,False,0.0,False
2017-04-13,2017-04-17,3,Long,72.0,False,4.74,4.74,166.77,False,0.0,False
2017-04-17,2017-04-18,0,Overnight,0.0,False,-58.4,-58.4,-23.46,False,0.0,False
2017-04-18,2017-04-19,0,Overnight,0.0,False,39.84,39.84,-122.38,False,0.0,False
2017-04-19,2017-04-20,0,Overnight,0.0,False,61.38,61.38,66.85,False,0.0,False
2017-04-20,2017-04-21,0,Overnight,0.0,False,-5.85,-5.85,-115.28,False,0.0,False
2017-04-21,2017-04-24,2,Weekend,48.0,False,237.34,237.34,109.16,False,0.0,False
2017-04-24,2017-04-25,0,Overnight,0.0,False,119.29,119.29,-32.8,False,0.0,False
2017-04-25,2017-04-26,0,Overnight,0.0,False,10.19,10.19,9.05,False,0.0,False
2017-04-26,2017-04-27,0,Overnight,0.0,False,-6.79,-6.79,-86.37,False,0.0,False
2017-04-27,2017-04-28,0,Overnight,0.0,False,-1.14,-1.14,-68.73,False,0.0,False
2017-04-28,2017-05-01,2,Weekend,48.0,False,41.29,41.29,-34.4,False,0.0,False
2017-05-01,2017-05-02,0,Overnight,0.0,False,-40.28,-40.28,-24.25,False,0.0,False
2017-05-02,2017-05-03,0,Overnight,0.0,False,-51.0,-51.0,108.63,False,0.0,False
2017-05-03,2017-05-04,0,Overnight,0.0,False,79.0,79.0,-67.51,False,0.0,False
2017-05-04,2017-05-05,0,Overnight,0.0,False,17.21,17.21,-28.69,False,0.0,False
2017-05-05,2017-05-08,2,Weekend,48.0,False,4.6,4.6,6.89,False,0.0,False
2017-05-08,2017-05-09,0,Overnight,0.0,False,18.35,18.35,-58.62,False,0.0,False
2017-05-09,2017-05-10,0,Overnight,0.0,False,-25.39,-25.39,103.47,False,0.0,False
2017-05-10,2017-05-11,0,Overnight,0.0,False,-38.96,-38.96,8.04,False,0.0,False
2017-05-11,2017-05-12,0,Overnight,0.0,False,-55.22,-55.22,27.65,False,0.0,False
2017-05-12,2017-05-15,2,Weekend,48.0,False,20.69,20.69,27.52,False,0.0,False
2017-05-15,2017-05-16,0,Overnight,0.0,False,2.29,2.29,28.58,False,0.0,False
2017-05-16,2017-05-17,0,Overnight,0.0,False,0.0,0.0,-388.69,False,0.0,False
2017-05-17,2017-05-18,0,Overnight,0.0,False,-23.76,-23.76,-13.09,False,0.0,False
2017-05-18,2017-05-19,0,Overnight,0.0,False,29.73,29.73,67.46,False,0.0,False
2017-05-19,2017-05-22,2,Weekend,48.0,False,47.07,47.07,-56.51,False,0.0,False
2017-05-22,2017-05-23,0,Overnight,0.0,False,5.9,5.9,118.47,False,0.0,False
2017-05-23,2017-05-24,0,Overnight,0.0,False,13.98,13.98,-19.81,False,0.0,False
2017-05-24,2017-05-25,0,Overnight,0.0,False,32.61,32.61,-74.71,False,0.0,False
2017-05-25,2017-05-26,0,Overnight,0.0,False,-28.16,-28.16,29.33,False,0.0,False
2017-05-26,2017-05-30,3,Long,72.0,False,-26.98,-26.98,-145.54,False,0.0,False
2017-05-30,2017-05-31,0,Overnight,0.0,False,-20.28,-20.28,-190.51,False,0.0,False
2017-05-31,2017-06-01,0,Overnight,0.0,False,37.66,37.66,72.5,False,0.0,False
2017-06-01,2017-06-02,0,Overnight,0.0,False,-93.14,-93.14,42.44,False,0.0,False
2017-06-02,2017-06-05,2,Weekend,48.0,False,0.0,0.0,18.13,False,0.0,False
2017-06-05,2017-06-06,0,Overnight,0.0,False,-60.58,-60.58,81.09,False,0.0,False
2017-06-06,2017-06-07,0,Overnight,0.0,False,42.1,42.1,71.76,False,0.0,False
2017-06-07,2017-06-08,0,Overnight,0.0,False,0.0,0.0,123.18,False,0.0,False
2017-06-08,2017-06-09,0,Overnight,0.0,False,65.71,65.71,168.15,False,0.0,False
2017-06-09,2017-06-12,2,Weekend,48.0,False,0.0,0.0,2.3,False,0.0,False
2017-06-12,2017-06-13,0,Overnight,0.0,False,65.32,65.32,-32.03,False,0.0,False
2017-06-13,2017-06-14,0,Overnight,0.0,False,-57.46,-57.46,36.81,False,0.0,False
2017-06-14,2017-06-15,0,Overnight,0.0,False,-96.92,-96.92,37.03,False,0.0,False
2017-06-15,2017-06-16,0,Overnight,0.0,False,32.29,32.29,-77.44,False,0.0,False
2017-06-16,2017-06-19,2,Weekend,48.0,False,91.25,91.25,125.69,False,0.0,False
2017-06-19,2017-06-20,0,Overnight,0.0,False,-36.4,-36.4,-26.25,False,0.0,False
2017-06-20,2017-06-21,0,Overnight,0.0,False,-4.57,-4.57,-41.24,False,0.0,False
2017-06-21,2017-06-22,0,Overnight,0.0,False,-21.83,-21.83,10.35,False,0.0,False
2017-06-22,2017-06-23,0,Overnight,0.0,False,73.28,73.28,-91.68,False,0.0,False
2017-06-23,2017-06-26,2,Weekend,48.0,False,17.25,17.25,26.4,False,0.0,False
2017-06-26,2017-06-27,0,Overnight,0.0,False,53.73,53.73,38.69,False,0.0,False
2017-06-27,2017-06-28,0,Overnight,0.0,False,62.27,62.27,136.76,False,0.0,False
2017-06-28,2017-06-29,0,Overnight,0.0,False,276.7,276.7,-129.71,False,0.0,False
2017-06-29,2017-06-30,0,Overnight,0.0,False,88.47,88.47,-61.08,False,0.0,False
2017-06-30,2017-07-03,2,Weekend,48.0,False,17.49,71.95,129.13,True,54.7,False
2017-07-03,2017-07-05,1,Short,24.0,True,39.81,39.81,59.96,False,0.0,False
2017-07-05,2017-07-06,0,Overnight,0.0,False,-14.96,-14.96,-17.12,False,0.0,False
2017-07-06,2017-07-07,0,Overnight,0.0,False,61.92,61.92,-11.71,False,0.0,False
2017-07-07,2017-07-10,2,Weekend,48.0,False,-37.36,-37.36,-33.21,False,0.0,False
2017-07-10,2017-07-11,0,Overnight,0.0,False,15.01,15.01,-53.72,False,0.0,False
2017-07-11,2017-07-12,0,Overnight,0.0,False,-23.73,-23.73,-10.8,False,0.0,False
2017-07-12,2017-07-13,0,Overnight,0.0,False,19.44,19.44,44.14,False,0.0,False
2017-07-13,2017-07-14,0,Overnight,0.0,False,-249.05,-249.05,157.33,False,0.0,False
2017-07-14,2017-07-17,2,Weekend,48.0,False,-46.72,-46.72,-46.94,False,0.0,False
2017-07-17,2017-07-18,0,Overnight,0.0,False,-103.39,-103.39,68.31,False,0.0,False
2017-07-18,2017-07-19,0,Overnight,0.0,False,29.6,29.6,-15.34,False,0.0,False
2017-07-19,2017-07-20,0,Overnight,0.0,False,-5.48,-5.48,5.48,False,0.0,False
2017-07-20,2017-07-21,0,Overnight,0.0,False,-15.36,-15.36,-18.69,False,0.0,False
2017-07-21,2017-07-24,2,Weekend,48.0,False,7.7,7.7,35.12,False,0.0,False
2017-07-24,2017-07-25,0,Overnight,0.0,False,118.71,118.71,46.44,False,0.0,False
2017-07-25,2017-07-26,0,Overnight,0.0,False,32.27,32.27,-126.47,False,0.0,False
2017-07-26,2017-07-27,0,Overnight,0.0,False,-10.88,-10.88,-30.54,False,0.0,False
2017-07-27,2017-07-28,0,Overnight,0.0,False,-10.93,-10.93,-18.61,False,0.0,False
2017-07-28,2017-07-31,2,Weekend,48.0,False,25.17,25.17,31.64,False,0.0,False
2017-07-31,2017-08-01,0,Overnight,0.0,False,74.88,74.88,58.22,False,0.0,False
2017-08-01,2017-08-02,0,Overnight,0.0,False,-17.21,-17.21,25.81,False,0.0,False
2017-08-02,2017-08-03,0,Overnight,0.0,False,-44.13,-44.13,-21.6,False,0.0,False
2017-08-03,2017-08-04,0,Overnight,0.0,False,107.53,107.53,17.1,False,0.0,False
2017-08-04,2017-08-07,2,Weekend,48.0,False,24.53,24.53,13.84,False,0.0,False
2017-08-07,2017-08-08,0,Overnight,0.0,False,-7.45,-7.45,-28.78,False,0.0,False
2017-08-08,2017-08-09,0,Overnight,0.0,False,-75.0,-75.0,58.98,False,0.0,False
2017-08-09,2017-08-10,0,Overnight,0.0,False,-67.59,-67.59,-76.72,False,0.0,False
2017-08-10,2017-08-11,0,Overnight,0.0,False,-6.51,-6.51,-77.36,False,0.0,False
2017-08-11,2017-08-14,2,Weekend,48.0,False,103.38,103.38,12.98,False,0.0,False
2017-08-14,2017-08-15,0,Overnight,0.0,False,88.27,88.27,-62.35,False,0.0,False
2017-08-15,2017-08-16,0,Overnight,0.0,False,33.37,33.37,-102.63,False,0.0,False
2017-08-16,2017-08-17,0,Overnight,0.0,False,-35.9,-35.9,-121.71,False,0.0,False
2017-08-17,2017-08-18,0,Overnight,0.0,False,-37.58,-37.58,47.5,False,0.0,False
2017-08-18,2017-08-21,2,Weekend,48.0,False,12.12,12.12,-24.25,False,0.0,False
2017-08-21,2017-08-22,0,Overnight,0.0,False,48.43,48.43,53.66,False,0.0,False
2017-08-22,2017-08-23,0,Overnight,0.0,False,-75.65,-75.65,87.65,False,0.0,False
2017-08-23,2017-08-24,0,Overnight,0.0,False,28.32,28.32,-44.7,False,0.0,False
2017-08-24,2017-08-25,0,Overnight,0.0,False,39.26,39.26,1.09,False,0.0,False
2017-08-25,2017-08-28,2,Weekend,48.0,False,29.34,29.34,-60.95,False,0.0,False
2017-08-28,2017-08-29,0,Overnight,0.0,False,-126.34,-126.34,71.61,False,0.0,False
2017-08-29,2017-08-30,0,Overnight,0.0,False,16.45,16.45,6.57,False,0.0,False
2017-08-30,2017-08-31,0,Overnight,0.0,False,54.61,54.61,-100.71,False,0.0,False
2017-08-31,2017-09-01,0,Overnight,0.0,False,39.53,39.53,49.19,False,0.0,False
2017-09-01,2017-09-05,3,Long,72.0,False,-74.43,-74.43,-167.29,False,0.0,False
2017-09-05,2017-09-06,0,Overnight,0.0,False,54.59,54.59,12.21,False,0.0,False
2017-09-06,2017-09-07,0,Overnight,0.0,False,0.0,0.0,-176.9,False,0.0,False
2017-09-07,2017-09-08,0,Overnight,0.0,False,-24.88,-24.88,12.45,False,0.0,False
2017-09-08,2017-09-11,2,Weekend,48.0,False,109.11,109.11,44.65,False,0.0,False
2017-09-11,2017-09-12,0,Overnight,0.0,False,42.23,42.23,79.53,False,0.0,False
2017-09-12,2017-09-13,0,Overnight,0.0,False,-30.85,-30.85,59.42,False,0.0,False
2017-09-13,2017-09-14,0,Overnight,0.0,False,5.48,5.48,-25.25,False,0.0,False
2017-09-14,2017-09-15,0,Overnight,0.0,False,12.08,12.08,59.11,False,0.0,False
2017-09-15,2017-09-18,2,Weekend,48.0,False,33.78,33.78,107.11,False,0.0,False
2017-09-18,2017-09-19,0,Overnight,0.0,False,-22.63,-22.63,131.8,False,0.0,False
2017-09-19,2017-09-20,0,Overnight,0.0,False,17.02,17.02,52.99,False,0.0,False
2017-09-20,2017-09-21,0,Overnight,0.0,False,-14.81,-14.81,60.16,False,0.0,False
2017-09-21,2017-09-22,0,Overnight,0.0,False,-34.79,-34.79,13.72,False,0.0,False
2017-09-22,2017-09-25,2,Weekend,48.0,False,-33.8,-33.8,-41.35,False,0.0,False
2017-09-25,2017-09-26,0,Overnight,0.0,False,-36.19,-36.19,-8.53,False,0.0,False
2017-09-26,2017-09-27,0,Overnight,0.0,False,134.63,134.63,22.09,False,0.0,False
2017-09-27,2017-09-28,0,Overnight,0.0,False,42.98,42.98,-21.99,False,0.0,False
2017-09-28,2017-09-29,0,Overnight,0.0,False,-8.39,-8.39,22.01,False,0.0,False
2017-09-29,2017-10-02,2,Weekend,48.0,False,27.18,27.18,111.11,False,0.0,False
2017-10-02,2017-10-03,0,Overnight,0.0,False,-1.03,-1.03,53.56,False,0.0,False
2017-10-03,2017-10-04,0,Overnight,0.0,False,-5.14,-5.14,-97.08,False,0.0,False
2017-10-04,2017-10-05,0,Overnight,0.0,False,-37.43,20.73,112.9,True,58.12,False
2017-10-05,2017-10-06,0,Overnight,0.0,False,47.27,47.27,-64.79,False,0.0,False
2017-10-06,2017-10-09,2,Weekend,48.0,False,4.13,4.13,-56.89,False,0.0,False
2017-10-09,2017-10-10,0,Overnight,0.0,False,5.18,5.18,69.22,False,0.0,False
2017-10-10,2017-10-11,0,Overnight,0.0,False,-30.93,-30.93,1.03,False,0.0,False
2017-10-11,2017-10-12,0,Overnight,0.0,False,47.39,47.39,-135.55,False,0.0,False
2017-10-12,2017-10-13,0,Overnight,0.0,False,-53.27,-53.27,39.72,False,0.0,False
2017-10-13,2017-10-16,2,Weekend,48.0,False,49.95,49.95,154.5,False,0.0,False
2017-10-16,2017-10-17,0,Overnight,0.0,False,23.48,23.48,-45.99,False,0.0,False
2017-10-17,2017-10-18,0,Overnight,0.0,False,54.15,54.15,-16.32,False,0.0,False
2017-10-18,2017-10-19,0,Overnight,0.0,False,-81.98,-81.98,94.21,False,0.0,False
2017-10-19,2017-10-20,0,Overnight,0.0,False,118.55,118.55,23.14,False,0.0,False
2017-10-20,2017-10-23,2,Weekend,48.0,False,0.0,0.0,-17.1,False,0.0,False
2017-10-23,2017-10-24,0,Overnight,0.0,False,54.21,54.21,103.59,False,0.0,False
2017-10-24,2017-10-25,0,Overnight,0.0,False,32.65,32.65,-22.74,False,0.0,False
2017-10-25,2017-10-26,0,Overnight,0.0,False,32.61,32.61,38.41,False,0.0,False
2017-10-26,2017-10-27,0,Overnight,0.0,False,-30.52,-30.52,33.46,False,0.0,False
2017-10-27,2017-10-30,2,Weekend,48.0,False,-63.09,-63.09,27.65,False,0.0,False
2017-10-30,2017-10-31,0,Overnight,0.0,False,-3.95,-3.95,-75.26,False,0.0,False
2017-10-31,2017-11-01,0,Overnight,0.0,False,48.58,48.58,-17.82,False,0.0,False
2017-11-01,2017-11-02,0,Overnight,0.0,False,-4.96,-4.96,71.12,False,0.0,False
2017-11-02,2017-11-03,0,Overnight,0.0,False,-48.35,-48.35,30.62,False,0.0,False
2017-11-03,2017-11-06,2,Weekend,49.0,False,-6.91,-6.91,-55.41,False,0.0,False
2017-11-06,2017-11-07,0,Overnight,0.0,False,-21.85,-21.85,-181.63,False,0.0,False
2017-11-07,2017-11-08,0,Overnight,0.0,False,-48.73,-48.73,-64.32,False,0.0,False
2017-11-08,2017-11-09,0,Overnight,0.0,False,-53.4,-53.4,52.37,False,0.0,False
2017-11-09,2017-11-10,0,Overnight,0.0,False,18.42,18.42,-30.72,False,0.0,False
2017-11-10,2017-11-13,2,Weekend,48.0,False,-84.45,-84.45,120.28,False,0.0,False
2017-11-13,2017-11-14,0,Overnight,0.0,False,-53.28,-53.28,-7.19,False,0.0,False
2017-11-14,2017-11-15,0,Overnight,0.0,False,-90.88,-90.88,185.02,False,0.0,False
2017-11-15,2017-11-16,0,Overnight,0.0,False,34.57,34.57,-6.09,False,0.0,False
2017-11-16,2017-11-17,0,Overnight,0.0,False,-66.23,-66.23,32.66,False,0.0,False
2017-11-17,2017-11-20,2,Weekend,48.0,False,31.54,31.54,56.72,False,0.0,False
2017-11-20,2017-11-21,0,Overnight,0.0,False,49.37,49.37,-57.45,False,0.0,False
2017-11-21,2017-11-22,0,Overnight,0.0,False,10.1,10.1,-39.46,False,0.0,False
2017-11-22,2017-11-24,1,Short,24.0,False,19.24,19.24,-51.74,False,0.0,False
2017-11-24,2017-11-27,2,Weekend,48.0,True,-1.02,-1.02,-38.73,False,0.0,False
2017-11-27,2017-11-28,0,Overnight,0.0,False,28.55,28.55,315.71,False,0.0,False
2017-11-28,2017-11-29,0,Overnight,0.0,False,103.06,103.06,128.07,False,0.0,False
2017-11-29,2017-11-30,0,Overnight,0.0,False,96.9,96.9,-21.03,False,0.0,False
2017-11-30,2017-12-01,0,Overnight,0.0,False,36.29,36.29,-10.49,False,0.0,False
2017-12-01,2017-12-04,2,Weekend,48.0,False,276.7,276.7,-72.67,False,0.0,False
2017-12-04,2017-12-05,0,Overnight,0.0,False,-128.92,-128.92,13.25,False,0.0,False
2017-12-05,2017-12-06,0,Overnight,0.0,False,-16.09,-16.09,-58.91,False,0.0,False
2017-12-06,2017-12-07,0,Overnight,0.0,False,-93.83,-93.83,64.25,False,0.0,False
2017-12-07,2017-12-08,0,Overnight,0.0,False,12.42,12.42,112.02,False,0.0,False
2017-12-08,2017-12-11,2,Weekend,48.0,False,-19.84,-19.84,-9.46,False,0.0,False
2017-12-11,2017-12-12,0,Overnight,0.0,False,121.4,121.4,-5.61,False,0.0,False
2017-12-12,2017-12-13,0,Overnight,0.0,False,-14.05,-14.05,-112.15,False,0.0,False
2017-12-13,2017-12-14,0,Overnight,0.0,False,57.65,57.65,-138.54,False,0.0,False
2017-12-14,2017-12-15,0,Overnight,0.0,False,107.39,107.39,33.03,False,0.0,False
2017-12-15,2017-12-18,2,Weekend,48.0,False,98.44,98.44,-21.48,False,0.0,False
2017-12-18,2017-12-19,0,Overnight,0.0,False,36.4,36.4,-78.56,False,0.0,False
2017-12-19,2017-12-20,0,Overnight,0.0,False,101.82,101.82,-136.62,False,0.0,False
2017-12-20,2017-12-21,0,Overnight,0.0,False,42.31,42.31,115.66,False,0.0,False
2017-12-21,2017-12-22,0,Overnight,0.0,False,34.25,34.25,-69.56,False,0.0,False
2017-12-22,2017-12-26,3,Long,72.0,False,-23.29,-23.29,-16.81,False,0.0,False
2017-12-26,2017-12-27,0,Overnight,0.0,False,-32.76,-32.76,51.43,False,0.0,False
2017-12-27,2017-12-28,0,Overnight,0.0,False,16.77,16.77,36.25,False,0.0,False
2017-12-28,2017-12-29,0,Overnight,0.0,False,27.79,27.79,-106.96,False,0.0,False
2017-12-29,2018-01-02,3,Long,72.0,False,64.31,64.31,29.69,False,0.0,False
2018-01-02,2018-01-03,0,Overnight,0.0,False,-8.34,-8.34,18.53,False,0.0,False
2018-01-03,2018-01-04,0,Overnight,0.0,False,27.72,79.27,62.56,True,51.82,False
2018-01-04,2018-01-05,0,Overnight,0.0,False,20.16,20.16,-84.56,False,0.0,False
2018-01-05,2018-01-08,2,Weekend,48.0,False,-17.55,-17.55,32.31,False,0.0,False
2018-01-08,2018-01-09,0,Overnight,0.0,False,20.26,20.26,30.31,False,0.0,False
2018-01-09,2018-01-10,0,Overnight,0.0,False,38.44,38.44,71.0,False,0.0,False
2018-01-10,2018-01-11,0,Overnight,0.0,False,38.02,38.02,15.35,False,0.0,False
2018-01-11,2018-01-12,0,Overnight,0.0,False,72.81,72.81,90.94,False,0.0,False
2018-01-12,2018-01-16,3,Long,72.0,False,-103.49,-103.49,67.92,False,0.0,False
2018-01-16,2018-01-17,0,Overnight,0.0,False,-33.9,-33.9,97.83,False,0.0,False
2018-01-17,2018-01-18,0,Overnight,0.0,False,-20.38,-20.38,44.24,False,0.0,False
2018-01-18,2018-01-19,0,Overnight,0.0,False,59.86,59.86,-81.96,False,0.0,False
2018-01-19,2018-01-22,2,Weekend,48.0,False,-31.02,-31.02,147.15,False,0.0,False
2018-01-22,2018-01-23,0,Overnight,0.0,False,-57.9,-57.9,47.39,False,0.0,False
2018-01-23,2018-01-24,0,Overnight,0.0,False,56.75,56.75,70.27,False,0.0,False
2018-01-24,2018-01-25,0,Overnight,0.0,False,31.94,31.94,-29.34,False,0.0,False
2018-01-25,2018-01-26,0,Overnight,0.0,False,0.0,0.0,53.44,False,0.0,False
2018-01-26,2018-01-29,2,Weekend,48.0,False,-25.82,-25.82,15.5,False,0.0,False
2018-01-29,2018-01-30,0,Overnight,0.0,False,-57.83,-57.83,-36.42,False,0.0,False
2018-01-30,2018-01-31,0,Overnight,0.0,False,46.8,46.8,1.73,False,0.0,False
2018-01-31,2018-02-01,0,Overnight,0.0,False,8.64,8.64,94.57,False,0.0,False
2018-02-01,2018-02-02,0,Overnight,0.0,False,-32.57,-32.57,-191.54,False,0.0,False
2018-02-02,2018-02-05,2,Weekend,48.0,False,-112.64,-112.64,-378.76,False,0.0,False
2018-02-05,2018-02-06,0,Overnight,0.0,False,-180.85,-180.85,480.55,False,0.0,False
2018-02-06,2018-02-07,0,Overnight,0.0,False,-50.08,-50.08,117.64,False,0.0,False
2018-02-07,2018-02-08,0,Overnight,0.0,False,21.24,21.24,-473.41,False,0.0,False
2018-02-08,2018-02-09,0,Overnight,0.0,False,112.45,112.45,85.79,False,0.0,False
2018-02-09,2018-02-12,2,Weekend,48.0,False,102.17,102.17,51.14,False,0.0,False
2018-02-12,2018-02-13,0,Overnight,0.0,False,-37.66,-37.66,99.22,False,0.0,False
2018-02-13,2018-02-14,0,Overnight,0.0,False,17.77,17.77,210.85,False,0.0,False
2018-02-14,2018-02-15,0,Overnight,0.0,False,61.53,61.53,-19.89,False,0.0,False
2018-02-15,2018-02-16,0,Overnight,0.0,False,-83.46,-83.46,11.34,False,0.0,False
2018-02-16,2018-02-20,3,Long,72.0,False,-2.62,-2.62,5.23,False,0.0,False
2018-02-20,2018-02-21,0,Overnight,0.0,False,25.25,25.25,16.51,False,0.0,False
2018-02-21,2018-02-22,0,Overnight,0.0,False,26.88,26.88,-45.12,False,0.0,False
2018-02-22,2018-02-23,0,Overnight,0.0,False,28.66,28.66,171.96,False,0.0,False
2018-02-23,2018-02-26,2,Weekend,48.0,False,70.5,70.5,53.18,False,0.0,False
2018-02-26,2018-02-27,0,Overnight,0.0,False,11.78,11.78,-131.21,False,0.0,False
2018-02-27,2018-02-28,0,Overnight,0.0,False,39.12,39.12,-198.88,False,0.0,False
2018-02-28,2018-03-01,0,Overnight,0.0,False,-1.73,-1.73,-179.11,False,0.0,False
2018-03-01,2018-03-02,0,Overnight,0.0,False,-92.11,-92.11,82.41,False,0.0,False
2018-03-02,2018-03-05,2,Weekend,48.0,False,-112.7,-112.7,265.08,False,0.0,False
2018-03-05,2018-03-06,0,Overnight,0.0,False,50.28,50.28,-41.59,False,0.0,False
2018-03-06,2018-03-07,0,Overnight,0.0,False,-123.19,-123.19,85.79,False,0.0,False
2018-03-07,2018-03-08,0,Overnight,0.0,False,33.07,33.07,-32.2,False,0.0,False
2018-03-08,2018-03-09,0,Overnight,0.0,False,156.52,156.52,127.03,False,0.0,False
2018-03-09,2018-03-12,2,Weekend,47.0,False,-3.39,-3.39,-28.85,False,0.0,False
2018-03-12,2018-03-13,0,Overnight,0.0,False,45.79,45.79,-166.35,False,0.0,False
2018-03-13,2018-03-14,0,Overnight,0.0,False,26.63,26.63,-139.09,False,0.0,False
2018-03-14,2018-03-15,0,Overnight,0.0,False,79.72,79.72,-54.52,False,0.0,False
2018-03-15,2018-03-16,0,Overnight,0.0,False,8.67,8.67,8.67,False,0.0,False
2018-03-16,2018-03-19,2,Weekend,48.0,False,-29.5,-29.5,-49.65,False,0.0,False
2018-03-19,2018-03-20,0,Overnight,0.0,False,29.64,29.64,-20.04,False,0.0,False
2018-03-20,2018-03-21,0,Overnight,0.0,False,14.82,14.82,-6.1,False,0.0,False
2018-03-21,2018-03-22,0,Overnight,0.0,False,-135.13,-135.13,-291.3,False,0.0,False
2018-03-22,2018-03-23,0,Overnight,0.0,False,29.06,29.06,-300.1,False,0.0,False
2018-03-23,2018-03-26,2,Weekend,48.0,False,201.67,201.67,102.05,False,0.0,False
2018-03-26,2018-03-27,0,Overnight,0.0,False,68.66,68.66,-264.57,False,0.0,False
2018-03-27,2018-03-28,0,Overnight,0.0,False,10.16,10.16,-25.89,False,0.0,False
2018-03-28,2018-03-29,0,Overnight,0.0,False,46.19,46.19,134.57,False,0.0,False
2018-03-29,2018-04-02,3,Long,72.0,False,-0.91,-0.91,-193.75,False,0.0,False
2018-04-02,2018-04-03,0,Overnight,0.0,False,47.18,47.18,89.12,False,0.0,False
2018-04-03,2018-04-04,0,Overnight,0.0,False,-206.08,-206.08,356.77,False,0.0,False
2018-04-04,2018-04-05,0,Overnight,0.0,False,57.5,107.54,22.37,True,50.45,False
2018-04-05,2018-04-06,0,Overnight,0.0,False,-119.59,-119.59,-132.95,False,0.0,False
2018-04-06,2018-04-09,2,Weekend,48.0,False,83.98,83.98,35.39,False,0.0,False
2018-04-09,2018-04-10,0,Overnight,0.0,False,155.49,155.49,33.83,False,0.0,False
2018-04-10,2018-04-11,0,Overnight,0.0,False,-75.84,-75.84,-93.58,False,0.0,False
2018-04-11,2018-04-12,0,Overnight,0.0,False,84.62,84.62,160.94,False,0.0,False
2018-04-12,2018-04-13,0,Overnight,0.0,False,144.49,144.49,-419.02,False,0.0,False
2018-04-13,2018-04-16,2,Weekend,48.0,False,57.86,57.86,-66.02,False,0.0,False
2018-04-16,2018-04-17,0,Overnight,0.0,False,104.7,104.7,-104.7,False,0.0,False
2018-04-17,2018-04-18,0,Overnight,0.0,False,28.99,28.99,-110.08,False,0.0,False
2018-04-18,2018-04-19,0,Overnight,0.0,False,19.19,19.19,197.97,False,0.0,False
2018-04-19,2018-04-20,0,Overnight,0.0,False,51.78,51.78,-74.18,False,0.0,False
2018-04-20,2018-04-23,2,Weekend,48.0,False,8.97,8.97,-57.53,False,0.0,False
2018-04-23,2018-04-24,0,Overnight,0.0,False,73.65,73.65,-120.63,False,0.0,False
2018-04-24,2018-04-25,0,Overnight,0.0,False,-12.69,-12.69,-25.42,False,0.0,False
2018-04-25,2018-04-26,0,Overnight,0.0,False,-1.82,-1.82,11.81,False,0.0,False
2018-04-26,2018-04-27,0,Overnight,0.0,False,-50.08,-50.08,-13.7,False,0.0,False
2018-04-27,2018-04-30,2,Weekend,48.0,False,31.94,31.94,-88.78,False,0.0,False
2018-04-30,2018-05-01,0,Overnight,0.0,False,-30.38,-30.38,30.38,False,0.0,False
2018-05-01,2018-05-02,0,Overnight,0.0,False,-61.78,-61.78,-17.59,False,0.0,False
2018-05-02,2018-05-03,0,Overnight,0.0,False,-30.63,-30.63,-32.58,False,0.0,False
2018-05-03,2018-05-04,0,Overnight,0.0,False,-75.82,-75.82,186.17,False,0.0,False
2018-05-04,2018-05-07,2,Weekend,48.0,False,30.39,30.39,55.93,False,0.0,False
2018-05-07,2018-05-08,0,Overnight,0.0,False,14.62,14.62,132.42,False,0.0,False
2018-05-08,2018-05-09,0,Overnight,0.0,False,40.46,40.46,175.23,False,0.0,False
2018-05-09,2018-05-10,0,Overnight,0.0,False,-19.42,-19.42,96.71,False,0.0,False
2018-05-10,2018-05-11,0,Overnight,0.0,False,17.48,17.48,-55.18,False,0.0,False
2018-05-11,2018-05-14,2,Weekend,48.0,False,21.93,21.93,-18.42,False,0.0,False
2018-05-14,2018-05-15,0,Overnight,0.0,False,0.88,0.88,-77.55,False,0.0,False
2018-05-15,2018-05-16,0,Overnight,0.0,False,-12.39,-12.39,39.78,False,0.0,False
2018-05-16,2018-05-17,0,Overnight,0.0,False,-12.36,-12.36,-21.22,False,0.0,False
2018-05-17,2018-05-18,0,Overnight,0.0,False,-18.61,-18.61,-144.72,False,0.0,False
2018-05-18,2018-05-21,2,Weekend,48.0,False,82.45,82.45,8.92,False,0.0,False
2018-05-21,2018-05-22,0,Overnight,0.0,False,17.82,17.82,58.57,False,0.0,False
2018-05-22,2018-05-23,0,Overnight,0.0,False,-44.34,-44.34,-1.78,False,0.0,False
2018-05-23,2018-05-24,0,Overnight,0.0,False,-31.16,-31.16,-81.48,False,0.0,False
2018-05-24,2018-05-25,0,Overnight,0.0,False,-69.47,-69.47,18.09,False,0.0,False
2018-05-25,2018-05-29,3,Long,72.0,False,-134.65,-134.65,-302.19,False,0.0,False
2018-05-29,2018-05-30,0,Overnight,0.0,False,160.14,160.14,65.74,False,0.0,False
2018-05-30,2018-05-31,0,Overnight,0.0,False,-36.99,-36.99,-87.46,False,0.0,False
2018-05-31,2018-06-01,0,Overnight,0.0,False,123.52,123.52,5.54,False,0.0,False
2018-06-01,2018-06-04,2,Weekend,48.0,False,54.28,54.28,-49.67,False,0.0,False
2018-06-04,2018-06-05,0,Overnight,0.0,False,-19.38,-19.38,-37.02,False,0.0,False
2018-06-05,2018-06-06,0,Overnight,0.0,False,75.75,75.75,155.24,False,0.0,False
2018-06-06,2018-06-07,0,Overnight,0.0,False,74.03,74.03,-34.24,False,0.0,False
2018-06-07,2018-06-08,0,Overnight,0.0,False,-16.26,-16.26,44.2,False,0.0,False
2018-06-08,2018-06-11,2,Weekend,48.0,False,0.9,0.9,-26.13,False,0.0,False
2018-06-11,2018-06-12,0,Overnight,0.0,False,27.93,27.93,-85.84,False,0.0,False
2018-06-12,2018-06-13,0,Overnight,0.0,False,24.47,24.47,-44.46,False,0.0,False
2018-06-13,2018-06-14,0,Overnight,0.0,False,28.15,28.15,-206.14,False,0.0,False
2018-06-14,2018-06-15,0,Overnight,0.0,False,-21.31,-21.31,9.27,False,0.0,False
2018-06-15,2018-06-18,2,Weekend,48.0,False,-59.49,-59.49,85.41,False,0.0,False
2018-06-18,2018-06-19,0,Overnight,0.0,False,-119.03,-119.03,60.62,False,0.0,False
2018-06-19,2018-06-20,0,Overnight,0.0,False,58.41,58.41,-59.34,False,0.0,False
2018-06-20,2018-06-21,0,Overnight,0.0,False,-41.0,-41.0,38.21,False,0.0,False
2018-06-21,2018-06-22,0,Overnight,0.0,False,60.28,60.28,-225.34,False,0.0,False
2018-06-22,2018-06-25,2,Weekend,48.0,False,-8.51,-8.51,-82.68,False,0.0,False
2018-06-25,2018-06-26,0,Overnight,0.0,False,-7.64,-7.64,14.32,False,0.0,False
2018-06-26,2018-06-27,0,Overnight,0.0,False,-17.18,-17.18,-138.52,False,0.0,False
2018-06-27,2018-06-28,0,Overnight,0.0,False,42.53,42.53,119.84,False,0.0,False
2018-06-28,2018-06-29,0,Overnight,0.0,False,165.4,165.4,-235.22,False,0.0,False
2018-06-29,2018-07-02,2,Weekend,48.0,False,-46.17,-46.17,130.27,False,0.0,False
2018-07-02,2018-07-03,0,Overnight,0.0,False,31.36,31.36,-172.24,False,0.0,False
2018-07-03,2018-07-05,1,Short,24.0,True,50.06,103.7,-39.45,True,54.05,False
2018-07-05,2018-07-06,0,Overnight,0.0,False,-58.02,-58.02,90.74,False,0.0,False
2018-07-06,2018-07-09,2,Weekend,48.0,False,62.27,62.27,242.48,False,0.0,False
2018-07-09,2018-07-10,0,Overnight,0.0,False,68.74,68.74,-130.45,False,0.0,False
2018-07-10,2018-07-11,0,Overnight,0.0,False,-29.12,-29.12,7.52,False,0.0,False
2018-07-11,2018-07-12,0,Overnight,0.0,False,96.35,96.35,-53.2,False,0.0,False
2018-07-12,2018-07-13,0,Overnight,0.0,False,42.03,42.03,-87.99,False,0.0,False
2018-07-13,2018-07-16,2,Weekend,48.0,False,64.66,64.66,324.43,False,0.0,False
2018-07-16,2018-07-17,0,Overnight,0.0,False,9.94,9.94,-17.18,False,0.0,False
2018-07-17,2018-07-18,0,Overnight,0.0,False,-7.24,-7.24,100.02,False,0.0,False
2018-07-18,2018-07-19,0,Overnight,0.0,False,-42.23,-42.23,-105.91,False,0.0,False
2018-07-19,2018-07-20,0,Overnight,0.0,False,10.01,10.01,115.69,False,0.0,False
2018-07-20,2018-07-23,2,Weekend,48.0,False,-19.79,-19.79,204.1,False,0.0,False
2018-07-23,2018-07-24,0,Overnight,0.0,False,17.63,17.63,52.7,False,0.0,False
2018-07-24,2018-07-25,0,Overnight,0.0,False,-23.68,-23.68,113.51,False,0.0,False
2018-07-25,2018-07-26,0,Overnight,0.0,False,20.82,20.82,-49.51,False,0.0,False
2018-07-26,2018-07-27,0,Overnight,0.0,False,28.69,28.69,73.53,False,0.0,False
2018-07-27,2018-07-30,2,Weekend,48.0,False,21.52,21.52,38.63,False,0.0,False
2018-07-30,2018-07-31,0,Overnight,0.0,False,29.94,29.94,-183.6,False,0.0,False
2018-07-31,2018-08-01,0,Overnight,0.0,False,69.35,69.35,-7.78,False,0.0,False
2018-08-01,2018-08-02,0,Overnight,0.0,False,-94.69,-94.69,136.96,False,0.0,False
2018-08-02,2018-08-03,0,Overnight,0.0,False,-12.92,-12.92,93.53,False,0.0,False
2018-08-03,2018-08-06,2,Weekend,48.0,False,-25.65,-25.65,28.22,False,0.0,False
2018-08-06,2018-08-07,0,Overnight,0.0,False,52.8,52.8,-16.15,False,0.0,False
2018-08-07,2018-08-08,0,Overnight,0.0,False,-18.73,-18.73,39.13,False,0.0,False
2018-08-08,2018-08-09,0,Overnight,0.0,False,-23.8,-23.8,-53.76,False,0.0,False
2018-08-09,2018-08-10,0,Overnight,0.0,False,-118.77,-118.77,19.89,False,0.0,False
2018-08-10,2018-08-13,2,Weekend,48.0,False,-14.7,-14.7,-145.57,False,0.0,False
2018-08-13,2018-08-14,0,Overnight,0.0,False,33.31,33.31,33.2,False,0.0,False
2018-08-14,2018-08-15,0,Overnight,0.0,False,-72.66,-72.66,-10.55,False,0.0,False
2018-08-15,2018-08-16,0,Overnight,0.0,False,57.01,57.01,36.66,False,0.0,False
2018-08-16,2018-08-17,0,Overnight,0.0,False,-11.33,-11.33,11.33,False,0.0,False
2018-08-17,2018-08-20,2,Weekend,48.0,False,-15.7,-15.7,2.62,False,0.0,False
2018-08-20,2018-08-21,0,Overnight,0.0,False,65.22,65.22,-4.34,False,0.0,False
2018-08-21,2018-08-22,0,Overnight,0.0,False,-0.87,-0.87,-29.53,False,0.0,False
2018-08-22,2018-08-23,0,Overnight,0.0,False,-0.87,-0.87,-20.03,False,0.0,False
2018-08-23,2018-08-24,0,Overnight,0.0,False,21.77,21.77,-26.13,False,0.0,False
2018-08-24,2018-08-27,2,Weekend,48.0,False,46.98,46.98,128.49,False,0.0,False
2018-08-27,2018-08-28,0,Overnight,0.0,False,24.82,24.82,-73.78,False,0.0,False
2018-08-28,2018-08-29,0,Overnight,0.0,False,18.07,18.07,-50.84,False,0.0,False
2018-08-29,2018-08-30,0,Overnight,0.0,False,-14.7,-14.7,-34.66,False,0.0,False
2018-08-30,2018-08-31,0,Overnight,0.0,False,-31.3,-31.3,-21.8,False,0.0,False
2018-08-31,2018-09-04,3,Long,72.0,False,-20.97,-20.97,70.59,False,0.0,False
2018-09-04,2018-09-05,0,Overnight,0.0,False,-13.04,-13.04,-35.72,False,0.0,False
2018-09-05,2018-09-06,0,Overnight,0.0,False,-7.86,-7.86,-35.0,False,0.0,False
2018-09-06,2018-09-07,0,Overnight,0.0,False,35.0,35.0,-15.73,False,0.0,False
2018-09-07,2018-09-10,2,Weekend,48.0,False,46.25,46.25,-99.76,False,0.0,False
2018-09-10,2018-09-11,0,Overnight,0.0,False,-14.96,-14.96,78.08,False,0.0,False
2018-09-11,2018-09-12,0,Overnight,0.0,False,-15.74,-15.74,-102.93,False,0.0,False
2018-09-12,2018-09-13,0,Overnight,0.0,False,25.61,25.61,13.22,False,0.0,False
2018-09-13,2018-09-14,0,Overnight,0.0,False,25.51,25.51,-27.28,False,0.0,False
2018-09-14,2018-09-17,2,Weekend,48.0,False,25.52,25.52,4.39,False,0.0,False
2018-09-17,2018-09-18,0,Overnight,0.0,False,42.95,42.95,-2.62,False,0.0,False
2018-09-18,2018-09-19,0,Overnight,0.0,False,12.24,12.24,274.08,False,0.0,False
2018-09-19,2018-09-20,0,Overnight,0.0,False,74.54,74.54,10.96,False,0.0,False
2018-09-20,2018-09-21,0,Overnight,0.0,False,42.06,42.06,-108.03,False,0.0,False
2018-09-21,2018-09-24,2,Weekend,48.0,False,-7.64,-7.64,-88.71,False,0.0,False
2018-09-24,2018-09-25,0,Overnight,0.0,False,27.38,27.38,-55.69,False,0.0,False
2018-09-25,2018-09-26,0,Overnight,0.0,False,30.88,30.88,-149.29,False,0.0,False
2018-09-26,2018-09-27,0,Overnight,0.0,False,34.72,34.72,-78.28,False,0.0,False
2018-09-27,2018-09-28,0,Overnight,0.0,False,-76.26,-76.26,-71.53,False,0.0,False
2018-09-28,2018-10-01,2,Weekend,48.0,False,46.86,46.86,11.46,False,0.0,False
2018-10-01,2018-10-02,0,Overnight,0.0,False,-12.34,-12.34,53.67,False,0.0,False
2018-10-02,2018-10-03,0,Overnight,0.0,False,84.75,84.75,8.7,False,0.0,False
2018-10-03,2018-10-04,0,Overnight,0.0,False,-42.68,26.91,62.66,True,69.54,False
2018-10-04,2018-10-05,0,Overnight,0.0,False,48.46,48.46,-105.01,False,0.0,False
2018-10-05,2018-10-08,2,Weekend,48.0,False,-32.33,-32.33,93.22,False,0.0,False
2018-10-08,2018-10-09,0,Overnight,0.0,False,-56.52,-56.52,-13.09,False,0.0,False
2018-10-09,2018-10-10,0,Overnight,0.0,False,15.71,15.71,-285.64,False,0.0,False
2018-10-10,2018-10-11,0,Overnight,0.0,False,-44.96,-44.96,-259.26,False,0.0,False
2018-10-11,2018-10-12,0,Overnight,0.0,False,205.04,205.04,-314.77,False,0.0,False
2018-10-12,2018-10-15,2,Weekend,48.0,False,23.35,23.35,-80.55,False,0.0,False
2018-10-15,2018-10-16,0,Overnight,0.0,False,76.82,76.82,135.32,False,0.0,False
2018-10-16,2018-10-17,0,Overnight,0.0,False,-22.12,-22.12,132.9,False,0.0,False
2018-10-17,2018-10-18,0,Overnight,0.0,False,-74.02,-74.02,-85.67,False,0.0,False
2018-10-18,2018-10-19,0,Overnight,0.0,False,-40.79,-40.79,24.12,False,0.0,False
2018-10-19,2018-10-22,2,Weekend,48.0,False,22.22,22.22,-166.9,False,0.0,False
2018-10-22,2018-10-23,0,Overnight,0.0,False,-205.17,-205.17,100.26,False,0.0,False
2018-10-23,2018-10-24,0,Overnight,0.0,False,-46.66,-46.66,-141.31,False,0.0,False
2018-10-24,2018-10-25,0,Overnight,0.0,False,85.8,85.8,65.06,False,0.0,False
2018-10-25,2018-10-26,0,Overnight,0.0,False,-82.35,-82.35,-55.93,False,0.0,False
2018-10-26,2018-10-29,2,Weekend,48.0,False,100.06,100.06,37.27,False,0.0,False
2018-10-29,2018-10-30,0,Overnight,0.0,False,81.69,81.69,93.22,False,0.0,False
2018-10-30,2018-10-31,0,Overnight,0.0,False,128.51,128.51,86.6,False,0.0,False
2018-10-31,2018-11-01,0,Overnight,0.0,False,54.89,54.89,-58.55,False,0.0,False
2018-11-01,2018-11-02,0,Overnight,0.0,False,84.06,84.06,-139.27,False,0.0,False
2018-11-02,2018-11-05,2,Weekend,49.0,False,21.2,21.2,44.1,False,0.0,False
2018-11-05,2018-11-06,0,Overnight,0.0,False,-38.57,-38.57,85.22,False,0.0,False
2018-11-06,2018-11-07,0,Overnight,0.0,False,70.01,70.01,100.07,False,0.0,False
2018-11-07,2018-11-08,0,Overnight,0.0,False,-42.25,-42.25,122.66,False,0.0,False
2018-11-08,2018-11-09,0,Overnight,0.0,False,-13.36,-13.36,-84.11,False,0.0,False
2018-11-09,2018-11-12,2,Weekend,48.0,False,11.67,11.67,-224.18,False,0.0,False
2018-11-12,2018-11-13,0,Overnight,0.0,False,13.76,13.76,44.81,False,0.0,False
2018-11-13,2018-11-14,0,Overnight,0.0,False,58.23,58.23,-266.61,False,0.0,False
2018-11-14,2018-11-15,0,Overnight,0.0,False,84.43,84.43,167.66,False,0.0,False
2018-11-15,2018-11-16,0,Overnight,0.0,False,-56.49,-56.49,49.22,False,0.0,False
2018-11-16,2018-11-19,2,Weekend,48.0,False,-2.73,-2.73,78.81,False,0.0,False
2018-11-19,2018-11-20,0,Overnight,0.0,False,-95.19,-95.19,-121.89,False,0.0,False
2018-11-20,2018-11-21,0,Overnight,0.0,False,53.34,53.34,-128.31,False,0.0,False
2018-11-21,2018-11-23,1,Short,24.0,False,-83.96,-83.96,-8.43,False,0.0,False
2018-11-23,2018-11-26,2,Weekend,48.0,True,99.83,99.83,141.95,False,0.0,False
2018-11-26,2018-11-27,0,Overnight,0.0,False,-45.87,-45.87,87.88,False,0.0,False
2018-11-27,2018-11-28,0,Overnight,0.0,False,7.29,7.29,103.29,False,0.0,False
2018-11-28,2018-11-29,0,Overnight,0.0,False,-60.58,-60.58,-19.06,False,0.0,False
2018-11-29,2018-11-30,0,Overnight,0.0,False,-19.1,-19.1,121.25,False,0.0,False
2018-11-30,2018-12-03,2,Weekend,48.0,False,106.45,106.45,-12.47,False,0.0,False
2018-12-03,2018-12-04,0,Overnight,0.0,False,-57.18,-57.18,-399.45,False,0.0,False
2018-12-04,2018-12-06,1,Short,24.0,False,-209.2,-209.2,17.13,False,0.0,False
2018-12-06,2018-12-07,0,Overnight,0.0,False,-2.85,-2.85,-179.42,False,0.0,False
2018-12-07,2018-12-10,2,Weekend,48.0,False,-40.74,-40.74,-147.88,False,0.0,False
2018-12-10,2018-12-11,0,Overnight,0.0,False,173.12,173.12,-271.27,False,0.0,False
2018-12-11,2018-12-12,0,Overnight,0.0,False,127.71,127.71,-63.15,False,0.0,False
2018-12-12,2018-12-13,0,Overnight,0.0,False,52.33,52.33,-42.43,False,0.0,False
2018-12-13,2018-12-14,0,Overnight,0.0,False,-112.38,-112.38,29.96,False,0.0,False
2018-12-14,2018-12-17,2,Weekend,48.0,False,-51.98,-51.98,-76.47,False,0.0,False
2018-12-17,2018-12-18,0,Overnight,0.0,False,41.32,41.32,-88.91,False,0.0,False
2018-12-18,2018-12-19,0,Overnight,0.0,False,-13.2,-13.2,-114.46,False,0.0,False
2018-12-19,2018-12-20,0,Overnight,0.0,False,-70.14,-70.14,-16.58,False,0.0,False
2018-12-20,2018-12-21,0,Overnight,0.0,False,23.82,23.82,-263.05,False,0.0,False
2018-12-21,2018-12-24,2,Weekend,48.0,False,-136.86,-136.86,-81.07,False,0.0,False
2018-12-24,2018-12-26,1,Short,24.0,True,59.51,59.51,346.71,False,0.0,False
2018-12-26,2018-12-27,0,Overnight,0.0,False,-119.51,-119.51,231.43,False,0.0,False
2018-12-27,2018-12-28,0,Overnight,0.0,False,93.34,93.34,-115.0,False,0.0,False
2018-12-28,2018-12-31,2,Weekend,48.0,False,78.18,78.18,3.07,False,0.0,False
2018-12-31,2019-01-02,1,Short,24.0,False,-172.55,-172.55,344.19,False,0.0,False
2019-01-02,2019-01-03,0,Overnight,0.0,False,-67.69,13.08,-156.32,True,80.56,False
2019-01-03,2019-01-04,0,Overnight,0.0,False,203.86,203.86,158.16,False,0.0,False
2019-01-04,2019-01-07,2,Weekend,48.0,False,-25.86,-25.86,32.81,False,0.0,False
2019-01-07,2019-01-08,0,Overnight,0.0,False,85.97,85.97,-104.85,False,0.0,False
2019-01-08,2019-01-09,0,Overnight,0.0,False,23.84,23.84,-40.75,False,0.0,False
2019-01-09,2019-01-10,0,Overnight,0.0,False,-37.92,-37.92,36.92,False,0.0,False
2019-01-10,2019-01-11,0,Overnight,0.0,False,-49.93,-49.93,2.0,False,0.0,False
2019-01-11,2019-01-14,2,Weekend,48.0,False,-104.64,-104.64,207.2,False,0.0,False
2019-01-14,2019-01-15,0,Overnight,0.0,False,-205.18,-205.18,278.23,False,0.0,False
2019-01-15,2019-01-16,0,Overnight,0.0,False,55.9,55.9,24.42,False,0.0,False
2019-01-16,2019-01-17,0,Overnight,0.0,False,-38.12,-38.12,79.01,False,0.0,False
2019-01-17,2019-01-18,0,Overnight,0.0,False,82.25,82.25,78.71,False,0.0,False
2019-01-18,2019-01-22,3,Long,72.0,False,-145.43,-145.43,-13.59,False,0.0,False
2019-01-22,2019-01-23,0,Overnight,0.0,False,48.45,48.45,-73.74,False,0.0,False
2019-01-23,2019-01-24,0,Overnight,0.0,False,-53.71,-53.71,59.55,False,0.0,False
2019-01-24,2019-01-25,0,Overnight,0.0,False,74.67,74.67,-11.6,False,0.0,False
2019-01-25,2019-01-28,2,Weekend,48.0,False,-48.48,-48.48,95.76,False,0.0,False
2019-01-28,2019-01-29,0,Overnight,0.0,False,0.0,0.0,27.88,False,0.0,False
2019-01-29,2019-01-30,0,Overnight,0.0,False,-2.88,-2.88,25.89,False,0.0,False
2019-01-30,2019-01-31,0,Overnight,0.0,False,-96.24,-96.24,8.7,False,0.0,False
2019-01-31,2019-02-01,0,Overnight,0.0,False,48.19,48.19,-11.55,False,0.0,False
2019-02-01,2019-02-04,2,Weekend,48.0,False,-8.67,-8.67,44.22,False,0.0,False
2019-02-04,2019-02-05,0,Overnight,0.0,False,25.87,25.87,-70.09,False,0.0,False
2019-02-05,2019-02-06,0,Overnight,0.0,False,-7.71,-7.71,2.89,False,0.0,False
2019-02-06,2019-02-07,0,Overnight,0.0,False,-47.35,-47.35,-84.62,False,0.0,False
2019-02-07,2019-02-08,0,Overnight,0.0,False,-29.35,-29.35,-70.78,False,0.0,False
2019-02-08,2019-02-11,2,Weekend,48.0,False,39.39,39.39,-86.85,False,0.0,False
2019-02-11,2019-02-12,0,Overnight,0.0,False,105.51,105.51,63.55,False,0.0,False
2019-02-12,2019-02-13,0,Overnight,0.0,False,29.2,29.2,18.45,False,0.0,False
2019-02-13,2019-02-14,0,Overnight,0.0,False,-60.32,-60.32,-4.88,False,0.0,False
2019-02-14,2019-02-15,0,Overnight,0.0,False,143.47,143.47,157.56,False,0.0,False
2019-02-15,2019-02-19,3,Long,72.0,False,-60.82,-60.82,25.7,False,0.0,False
2019-02-19,2019-02-20,0,Overnight,0.0,False,2.85,2.85,45.52,False,0.0,False
2019-02-20,2019-02-21,0,Overnight,0.0,False,-22.73,-22.73,1.9,False,0.0,False
2019-02-21,2019-02-22,0,Overnight,0.0,False,21.78,21.78,-66.45,False,0.0,False
2019-02-22,2019-02-25,2,Weekend,48.0,False,71.17,71.17,33.04,False,0.0,False
2019-02-25,2019-02-26,0,Overnight,0.0,False,-151.95,-151.95,75.31,False,0.0,False
2019-02-26,2019-02-27,0,Overnight,0.0,False,-10.45,-10.45,-1.9,False,0.0,False
2019-02-27,2019-02-28,0,Overnight,0.0,False,-14.27,-14.27,-62.09,False,0.0,False
2019-02-28,2019-03-01,0,Overnight,0.0,False,70.66,70.66,-63.95,False,0.0,False
2019-03-01,2019-03-04,2,Weekend,48.0,False,46.81,46.81,-69.82,False,0.0,False
2019-03-04,2019-03-05,0,Overnight,0.0,False,-5.76,-5.76,-1.92,False,0.0,False
2019-03-05,2019-03-06,0,Overnight,0.0,False,-24.04,-24.04,-13.49,False,0.0,False
2019-03-06,2019-03-07,0,Overnight,0.0,False,-45.42,-45.42,-27.16,False,0.0,False
2019-03-07,2019-03-08,0,Overnight,0.0,False,-95.63,-95.63,99.51,False,0.0,False
2019-03-08,2019-03-11,2,Weekend,47.0,False,93.73,93.73,35.52,False,0.0,False
2019-03-11,2019-03-12,0,Overnight,0.0,False,22.97,22.97,-52.72,False,0.0,False
2019-03-12,2019-03-13,0,Overnight,0.0,False,14.41,14.41,19.18,False,0.0,False
2019-03-13,2019-03-14,0,Overnight,0.0,False,10.53,10.53,80.06,False,0.0,False
2019-03-14,2019-03-15,0,Overnight,0.0,False,6.64,6.64,107.57,False,0.0,False
2019-03-15,2019-03-18,2,Weekend,48.0,False,0.0,0.0,59.89,False,0.0,False
2019-03-18,2019-03-19,0,Overnight,0.0,False,93.78,93.78,-130.23,False,0.0,False
2019-03-19,2019-03-20,0,Overnight,0.0,False,-34.7,-34.7,-181.09,False,0.0,False
2019-03-20,2019-03-21,0,Overnight,0.0,False,-99.03,-99.03,-60.09,False,0.0,False
2019-03-21,2019-03-22,0,Overnight,0.0,False,-102.6,-102.6,-204.39,False,0.0,False
2019-03-22,2019-03-25,2,Weekend,48.0,False,-17.06,-17.06,-66.49,False,0.0,False
2019-03-25,2019-03-26,0,Overnight,0.0,False,89.56,89.56,10.01,False,0.0,False
2019-03-26,2019-03-27,0,Overnight,0.0,False,-4.0,-4.0,-30.08,False,0.0,False
2019-03-27,2019-03-28,0,Overnight,0.0,False,42.09,42.09,70.75,False,0.0,False
2019-03-28,2019-03-29,0,Overnight,0.0,False,82.08,82.08,-30.58,False,0.0,False
2019-03-29,2019-04-01,2,Weekend,48.0,False,90.47,90.47,240.84,False,0.0,False
2019-04-01,2019-04-02,0,Overnight,0.0,False,-3.82,-3.82,51.49,False,0.0,False
2019-04-02,2019-04-03,0,Overnight,0.0,False,63.52,63.52,-43.57,False,0.0,False
2019-04-03,2019-04-04,0,Overnight,0.0,False,-76.23,0.0,96.14,True,75.94,False
2019-04-04,2019-04-05,0,Overnight,0.0,False,22.71,22.71,-46.42,False,0.0,False
2019-04-05,2019-04-08,2,Weekend,48.0,False,-19.01,-19.01,51.24,False,0.0,False
2019-04-08,2019-04-09,0,Overnight,0.0,False,-54.1,-54.1,-20.0,False,0.0,False
2019-04-09,2019-04-10,0,Overnight,0.0,False,24.76,24.76,19.96,False,0.0,False
2019-04-10,2019-04-11,0,Overnight,0.0,False,35.06,35.06,49.07,False,0.0,False
2019-04-11,2019-04-12,0,Overnight,0.0,False,297.7,297.7,160.44,False,0.0,False
2019-04-12,2019-04-15,2,Weekend,48.0,False,-26.11,-26.11,-88.74,False,0.0,False
2019-04-15,2019-04-16,0,Overnight,0.0,False,-3.64,-3.64,108.6,False,0.0,False
2019-04-16,2019-04-17,0,Overnight,0.0,False,53.86,53.86,230.1,False,0.0,False
2019-04-17,2019-04-18,0,Overnight,0.0,False,20.1,20.1,-93.86,False,0.0,False
2019-04-18,2019-04-22,3,Long,72.0,False,-55.68,-55.68,68.01,False,0.0,False
2019-04-22,2019-04-23,0,Overnight,0.0,False,-52.96,-52.96,65.27,False,0.0,False
2019-04-23,2019-04-24,0,Overnight,0.0,False,-42.29,-42.29,25.57,False,0.0,False
2019-04-24,2019-04-25,0,Overnight,0.0,False,-47.67,-47.67,52.95,False,0.0,False
2019-04-25,2019-04-26,0,Overnight,0.0,False,29.88,29.88,45.53,False,0.0,False
2019-04-26,2019-04-29,2,Weekend,48.0,False,11.35,11.35,131.76,False,0.0,False
2019-04-29,2019-04-30,0,Overnight,0.0,False,26.66,26.66,-32.69,False,0.0,False
2019-04-30,2019-05-01,0,Overnight,0.0,False,-28.48,-28.48,-48.51,False,0.0,False
2019-05-01,2019-05-02,0,Overnight,0.0,False,0.87,0.87,20.82,False,0.0,False
2019-05-02,2019-05-03,0,Overnight,0.0,False,50.99,50.99,10.34,False,0.0,False
2019-05-03,2019-05-06,2,Weekend,48.0,False,-168.48,-168.48,79.38,False,0.0,False
2019-05-06,2019-05-07,0,Overnight,0.0,False,-92.53,-92.53,-72.17,False,0.0,False
2019-05-07,2019-05-08,0,Overnight,0.0,False,-48.7,-48.7,-4.44,False,0.0,False
2019-05-08,2019-05-09,0,Overnight,0.0,False,-131.4,-131.4,123.4,False,0.0,False
2019-05-09,2019-05-10,0,Overnight,0.0,False,-68.67,-68.67,67.78,False,0.0,False
2019-05-10,2019-05-13,2,Weekend,48.0,False,-218.35,-218.35,-57.4,False,0.0,False
2019-05-13,2019-05-14,0,Overnight,0.0,False,9.13,9.13,70.04,False,0.0,False
2019-05-14,2019-05-15,0,Overnight,0.0,False,-101.13,-101.13,62.98,False,0.0,False
2019-05-15,2019-05-16,0,Overnight,0.0,False,65.3,65.3,62.18,False,0.0,False
2019-05-16,2019-05-17,0,Overnight,0.0,False,-118.39,-118.39,69.76,False,0.0,False
2019-05-17,2019-05-20,2,Weekend,48.0,False,-17.17,-17.17,69.39,False,0.0,False
2019-05-20,2019-05-21,0,Overnight,0.0,False,8.08,8.08,25.99,False,0.0,False
2019-05-21,2019-05-22,0,Overnight,0.0,False,-29.58,-29.58,-52.2,False,0.0,False
2019-05-22,2019-05-23,0,Overnight,0.0,False,-107.05,-107.05,-91.63,False,0.0,False
2019-05-23,2019-05-24,0,Overnight,0.0,False,80.67,80.67,17.33,False,0.0,False
2019-05-24,2019-05-28,3,Long,72.0,False,-46.59,-46.59,-62.47,False,0.0,False
2019-05-28,2019-05-29,0,Overnight,0.0,False,-99.09,-99.09,71.41,False,0.0,False
2019-05-29,2019-05-30,0,Overnight,0.0,False,39.66,39.66,-147.42,False,0.0,False
2019-05-30,2019-05-31,0,Overnight,0.0,False,-141.1,-141.1,37.82,False,0.0,False
2019-05-31,2019-06-03,2,Weekend,48.0,False,-15.11,-15.11,62.19,False,0.0,False
2019-06-03,2019-06-04,0,Overnight,0.0,False,129.72,129.72,173.73,False,0.0,False
2019-06-04,2019-06-05,0,Overnight,0.0,False,10.93,10.93,24.55,False,0.0,False
2019-06-05,2019-06-06,0,Overnight,0.0,False,1.82,1.82,19.95,False,0.0,False
2019-06-06,2019-06-07,0,Overnight,0.0,False,-60.89,-60.89,-49.35,False,0.0,False
2019-06-07,2019-06-10,2,Weekend,48.0,False,144.61,144.61,-37.09,False,0.0,False
2019-06-10,2019-06-11,0,Overnight,0.0,False,43.41,43.41,-12.64,False,0.0,False
2019-06-11,2019-06-12,0,Overnight,0.0,False,1.81,1.81,-130.02,False,0.0,False
2019-06-12,2019-06-13,0,Overnight,0.0,False,17.37,17.37,7.31,False,0.0,False
2019-06-13,2019-06-14,0,Overnight,0.0,False,2.74,2.74,22.79,False,0.0,False
2019-06-14,2019-06-17,2,Weekend,48.0,False,-10.93,-10.93,-43.85,False,0.0,False
2019-06-17,2019-06-18,0,Overnight,0.0,False,-19.25,-19.25,154.75,False,0.0,False
2019-06-18,2019-06-19,0,Overnight,0.0,False,9.93,9.93,-82.45,False,0.0,False
2019-06-19,2019-06-20,0,Overnight,0.0,False,87.87,87.87,-62.42,False,0.0,False
2019-06-20,2019-06-21,0,Overnight,0.0,False,0.0,0.0,-68.3,False,0.0,False
2019-06-21,2019-06-24,2,Weekend,48.0,False,-14.63,-14.63,-56.9,False,0.0,False
2019-06-24,2019-06-25,0,Overnight,0.0,False,1.84,1.84,-85.01,False,0.0,False
2019-06-25,2019-06-26,0,Overnight,0.0,False,49.99,49.99,16.61,False,0.0,False
2019-06-26,2019-06-27,0,Overnight,0.0,False,33.13,33.13,0.0,False,0.0,False
2019-06-27,2019-06-28,0,Overnight,0.0,False,200.12,200.12,68.21,False,0.0,False
2019-06-28,2019-07-01,2,Weekend,48.0,False,127.1,127.1,39.66,False,0.0,False
2019-07-01,2019-07-02,0,Overnight,0.0,False,-14.97,-14.97,25.52,False,0.0,False
2019-07-02,2019-07-03,0,Overnight,0.0,False,-40.5,29.83,-45.98,True,70.3,False
2019-07-03,2019-07-05,1,Short,24.0,True,60.97,60.97,-1.76,False,0.0,False
2019-07-05,2019-07-08,2,Weekend,48.0,False,-46.81,-46.81,-7.97,False,0.0,False
2019-07-08,2019-07-09,0,Overnight,0.0,False,-52.41,-52.41,94.85,False,0.0,False
2019-07-09,2019-07-10,0,Overnight,0.0,False,1.76,1.76,-30.92,False,0.0,False
2019-07-10,2019-07-11,0,Overnight,0.0,False,30.92,30.92,64.18,False,0.0,False
2019-07-11,2019-07-12,0,Overnight,0.0,False,2.63,2.63,101.99,False,0.0,False
2019-07-12,2019-07-15,2,Weekend,48.0,False,20.79,20.79,-142.96,False,0.0,False
2019-07-15,2019-07-16,0,Overnight,0.0,False,-36.94,-36.94,143.48,False,0.0,False
2019-07-16,2019-07-17,0,Overnight,0.0,False,-60.12,-60.12,-38.53,False,0.0,False
2019-07-17,2019-07-18,0,Overnight,0.0,False,-5.26,-5.26,64.74,False,0.0,False
2019-07-18,2019-07-19,0,Overnight,0.0,False,19.17,19.17,-118.2,False,0.0,False
2019-07-19,2019-07-22,2,Weekend,48.0,False,-55.64,-55.64,119.73,False,0.0,False
2019-07-22,2019-07-23,0,Overnight,0.0,False,53.24,53.24,128.01,False,0.0,False
2019-07-23,2019-07-24,0,Overnight,0.0,False,-67.26,-67.26,107.57,False,0.0,False
2019-07-24,2019-07-25,0,Overnight,0.0,False,5.13,5.13,-101.46,False,0.0,False
2019-07-25,2019-07-26,0,Overnight,0.0,False,5.18,5.18,38.8,False,0.0,False
2019-07-26,2019-07-29,2,Weekend,48.0,False,20.63,20.63,-52.52,False,0.0,False
2019-07-29,2019-07-30,0,Overnight,0.0,False,-57.13,-57.13,34.66,False,0.0,False
2019-07-30,2019-07-31,0,Overnight,0.0,False,44.02,44.02,-8.62,False,0.0,False
2019-07-31,2019-08-01,0,Overnight,0.0,False,-57.93,-57.93,-209.41,False,0.0,False
2019-08-01,2019-08-02,0,Overnight,0.0,False,-47.93,-47.93,47.04,False,0.0,False
2019-08-02,2019-08-05,2,Weekend,48.0,False,-191.32,-191.32,-110.73,False,0.0,False
2019-08-05,2019-08-06,0,Overnight,0.0,False,43.71,43.71,34.47,False,0.0,False
2019-08-06,2019-08-07,0,Overnight,0.0,False,-222.51,-222.51,2.78,False,0.0,False
2019-08-07,2019-08-08,0,Overnight,0.0,False,93.98,93.98,74.0,False,0.0,False
2019-08-08,2019-08-09,0,Overnight,0.0,False,-46.53,-46.53,35.6,False,0.0,False
2019-08-09,2019-08-12,2,Weekend,48.0,False,-119.17,-119.17,-70.33,False,0.0,False
2019-08-12,2019-08-13,0,Overnight,0.0,False,25.04,25.04,127.94,False,0.0,False
2019-08-13,2019-08-14,0,Overnight,0.0,False,-281.97,-281.97,-142.12,False,0.0,False
2019-08-14,2019-08-15,0,Overnight,0.0,False,1.91,1.91,36.19,False,0.0,False
2019-08-15,2019-08-16,0,Overnight,0.0,False,110.6,110.6,126.12,False,0.0,False
2019-08-16,2019-08-19,2,Weekend,48.0,False,175.76,175.76,-86.11,False,0.0,False
2019-08-19,2019-08-20,0,Overnight,0.0,False,-77.58,-77.58,-50.2,False,0.0,False
2019-08-20,2019-08-21,0,Overnight,0.0,False,83.52,83.52,-55.6,False,0.0,False
2019-08-21,2019-08-22,0,Overnight,0.0,False,70.38,70.38,32.24,False,0.0,False
2019-08-22,2019-08-23,0,Overnight,0.0,False,-66.45,-66.45,-185.03,False,0.0,False
2019-08-23,2019-08-26,2,Weekend,48.0,False,56.43,56.43,23.42,False,0.0,False
2019-08-26,2019-08-27,0,Overnight,0.0,False,44.81,44.81,-151.11,False,0.0,False
2019-08-27,2019-08-28,0,Overnight,0.0,False,-62.61,-62.61,162.36,False,0.0,False
2019-08-28,2019-08-29,0,Overnight,0.0,False,124.69,124.69,99.38,False,0.0,False
2019-08-29,2019-08-30,0,Overnight,0.0,False,56.61,56.61,1.82,False,0.0,False
2019-08-30,2019-09-03,3,Long,72.0,False,-80.42,-80.42,-38.61,False,0.0,False
2019-09-03,2019-09-04,0,Overnight,0.0,False,81.65,81.65,38.3,False,0.0,False
2019-09-04,2019-09-05,0,Overnight,0.0,False,124.82,124.82,100.17,False,0.0,False
2019-09-05,2019-09-06,0,Overnight,0.0,False,25.77,25.77,-4.44,False,0.0,False
2019-09-06,2019-09-09,2,Weekend,48.0,False,97.21,97.21,147.53,False,0.0,False
2019-09-09,2019-09-10,0,Overnight,0.0,False,77.69,77.69,48.89,False,0.0,False
2019-09-10,2019-09-11,0,Overnight,0.0,False,1.71,1.71,25.63,False,0.0,False
2019-09-11,2019-09-12,0,Overnight,0.0,False,-54.76,-54.76,116.01,False,0.0,False
2019-09-12,2019-09-13,0,Overnight,0.0,False,92.02,92.02,102.83,False,0.0,False
2019-09-13,2019-09-16,2,Weekend,48.0,False,-111.24,-111.24,21.84,False,0.0,False
2019-09-16,2019-09-17,0,Overnight,0.0,False,-62.3,-62.3,12.66,False,0.0,False
2019-09-17,2019-09-18,0,Overnight,0.0,False,-21.11,-21.11,120.97,False,0.0,False
2019-09-18,2019-09-19,0,Overnight,0.0,False,-5.01,-5.01,-26.77,False,0.0,False
2019-09-19,2019-09-20,0,Overnight,0.0,False,30.11,30.11,-70.4,False,0.0,False
2019-09-20,2019-09-23,2,Weekend,48.0,False,-94.64,-94.64,92.96,False,0.0,False
2019-09-23,2019-09-24,0,Overnight,0.0,False,-10.94,-10.94,-120.3,False,0.0,False
2019-09-24,2019-09-25,0,Overnight,0.0,False,-5.12,-5.12,62.06,False,0.0,False
2019-09-25,2019-09-26,0,Overnight,0.0,False,-10.17,-10.17,-72.37,False,0.0,False
2019-09-26,2019-09-27,0,Overnight,0.0,False,79.15,79.15,-20.37,False,0.0,False
2019-09-27,2019-09-30,2,Weekend,48.0,False,54.22,54.22,-56.77,False,0.0,False
2019-09-30,2019-10-01,0,Overnight,0.0,False,60.15,60.15,-243.65,False,0.0,False
2019-10-01,2019-10-02,0,Overnight,0.0,False,-64.25,-64.25,-136.81,False,0.0,False
2019-10-02,2019-10-03,0,Overnight,0.0,False,-86.91,-7.07,-7.13,True,79.47,False
2019-10-03,2019-10-04,0,Overnight,0.0,False,13.36,13.36,200.92,False,0.0,False
2019-10-04,2019-10-07,2,Weekend,48.0,False,-37.59,-37.59,15.75,False,0.0,False
2019-10-07,2019-10-08,0,Overnight,0.0,False,-115.2,-115.2,-110.28,False,0.0,False
2019-10-08,2019-10-09,0,Overnight,0.0,False,75.73,75.73,-3.55,False,0.0,False
2019-10-09,2019-10-10,0,Overnight,0.0,False,45.18,45.18,94.13,False,0.0,False
2019-10-10,2019-10-11,0,Overnight,0.0,False,158.1,158.1,9.48,False,0.0,False
2019-10-11,2019-10-14,2,Weekend,48.0,False,-25.0,-25.0,51.66,False,0.0,False
2019-10-14,2019-10-15,0,Overnight,0.0,False,204.0,204.0,92.96,False,0.0,False
2019-10-15,2019-10-16,0,Overnight,0.0,False,0.0,0.0,-23.37,False,0.0,False
2019-10-16,2019-10-17,0,Overnight,0.0,False,89.01,89.01,-33.18,False,0.0,False
2019-10-17,2019-10-18,0,Overnight,0.0,False,-29.12,-29.12,46.56,False,0.0,False
2019-10-18,2019-10-21,2,Weekend,48.0,False,122.83,122.83,122.15,False,0.0,False
2019-10-21,2019-10-22,0,Overnight,0.0,False,-8.1,-8.1,107.96,False,0.0,False
2019-10-22,2019-10-23,0,Overnight,0.0,False,-47.39,-47.39,73.8,False,0.0,False
2019-10-23,2019-10-24,0,Overnight,0.0,False,13.58,13.58,-20.77,False,0.0,False
2019-10-24,2019-10-25,0,Overnight,0.0,False,-2.4,-2.4,82.06,False,0.0,False
2019-10-25,2019-10-28,2,Weekend,48.0,False,42.76,42.76,-4.74,False,0.0,False
2019-10-28,2019-10-29,0,Overnight,0.0,False,-35.63,-35.63,29.31,False,0.0,False
2019-10-29,2019-10-30,0,Overnight,0.0,False,-30.1,-30.1,-25.42,False,0.0,False
2019-10-30,2019-10-31,0,Overnight,0.0,False,-19.11,-19.11,-45.53,False,0.0,False
2019-10-31,2019-11-01,0,Overnight,0.0,False,101.94,101.94,125.99,False,0.0,False
2019-11-01,2019-11-04,2,Weekend,49.0,False,99.66,99.66,-20.16,False,0.0,False
2019-11-04,2019-11-05,0,Overnight,0.0,False,44.15,44.15,-22.44,False,0.0,False
2019-11-05,2019-11-06,0,Overnight,0.0,False,-31.81,-31.81,47.29,False,0.0,False
2019-11-06,2019-11-07,0,Overnight,0.0,False,87.01,87.01,-33.02,False,0.0,False
2019-11-07,2019-11-08,0,Overnight,0.0,False,-9.23,-9.23,38.42,False,0.0,False
2019-11-08,2019-11-11,2,Weekend,48.0,False,-60.0,-60.0,24.66,False,0.0,False
2019-11-11,2019-11-12,0,Overnight,0.0,False,-22.35,-22.35,-36.32,False,0.0,False
2019-11-12,2019-11-13,0,Overnight,0.0,False,-80.07,-80.07,27.28,False,0.0,False
2019-11-13,2019-11-14,0,Overnight,0.0,False,-59.33,-59.33,68.66,False,0.0,False
2019-11-14,2019-11-15,0,Overnight,0.0,False,48.87,48.87,23.19,False,0.0,False
2019-11-15,2019-11-18,2,Weekend,48.0,False,2.32,2.32,81.48,False,0.0,False
2019-11-18,2019-11-19,0,Overnight,0.0,False,28.29,28.29,-31.35,False,0.0,False
2019-11-19,2019-11-20,0,Overnight,0.0,False,-21.47,-21.47,-51.55,False,0.0,False
2019-11-20,2019-11-21,0,Overnight,0.0,False,28.5,28.5,-5.39,False,0.0,False
2019-11-21,2019-11-22,0,Overnight,0.0,False,16.92,16.92,49.05,False,0.0,False
2019-11-22,2019-11-25,2,Weekend,48.0,False,35.11,35.11,18.27,False,0.0,False
2019-11-25,2019-11-26,0,Overnight,0.0,False,25.07,25.07,-11.39,False,0.0,False
2019-11-26,2019-11-27,0,Overnight,0.0,False,46.98,46.98,-17.4,False,0.0,False
2019-11-27,2019-11-29,1,Short,24.0,False,-14.4,-14.4,-8.35,False,0.0,False
2019-11-29,2019-12-02,2,Weekend,48.0,True,41.66,41.66,-63.69,False,0.0,False
2019-12-02,2019-12-03,0,Overnight,0.0,False,-130.15,-130.15,0.77,False,0.0,False
2019-12-03,2019-12-04,0,Overnight,0.0,False,46.13,46.13,149.21,False,0.0,False
2019-12-04,2019-12-05,0,Overnight,0.0,False,25.66,25.66,28.6,False,0.0,False
2019-12-05,2019-12-06,0,Overnight,0.0,False,121.76,121.76,25.95,False,0.0,False
2019-12-06,2019-12-09,2,Weekend,48.0,False,-30.41,-30.41,-16.35,False,0.0,False
2019-12-09,2019-12-10,0,Overnight,0.0,False,-86.68,-86.68,93.37,False,0.0,False
2019-12-10,2019-12-11,0,Overnight,0.0,False,-15.63,-15.63,-8.19,False,0.0,False
2019-12-11,2019-12-12,0,Overnight,0.0,False,23.08,23.08,259.09,False,0.0,False
2019-12-12,2019-12-13,0,Overnight,0.0,False,-5.07,-5.07,-82.98,False,0.0,False
2019-12-13,2019-12-16,2,Weekend,48.0,False,114.1,114.1,-75.44,False,0.0,False
2019-12-16,2019-12-17,0,Overnight,0.0,False,28.36,28.36,32.62,False,0.0,False
2019-12-17,2019-12-18,0,Overnight,0.0,False,-2.17,-2.17,-7.97,False,0.0,False
2019-12-18,2019-12-19,0,Overnight,0.0,False,-20.3,-20.3,-29.81,False,0.0,False
2019-12-19,2019-12-20,0,Overnight,0.0,False,48.66,48.66,-56.67,False,0.0,False
2019-12-20,2019-12-23,2,Weekend,48.0,False,26.2,26.2,-29.11,False,0.0,False
2019-12-23,2019-12-24,0,Overnight,0.0,False,9.47,9.47,18.19,False,0.0,False
2019-12-24,2019-12-26,1,Short,24.0,True,22.51,22.51,83.05,False,0.0,False
2019-12-26,2019-12-27,0,Overnight,0.0,False,18.68,18.68,-11.49,False,0.0,False
2019-12-27,2019-12-30,2,Weekend,48.0,False,54.47,54.47,-91.19,False,0.0,False
2019-12-30,2019-12-31,0,Overnight,0.0,False,-8.66,-8.66,64.05,False,0.0,False
2019-12-31,2020-01-02,1,Short,24.0,False,27.94,27.94,92.57,False,0.0,False
2020-01-02,2020-01-03,0,Overnight,0.0,False,-257.74,-192.5,60.9,True,63.79,False
2020-01-03,2020-01-06,2,Weekend,48.0,False,-129.5,-129.5,121.55,False,0.0,False
2020-01-06,2020-01-07,0,Overnight,0.0,False,-68.96,-68.96,-102.5,False,0.0,False
2020-01-07,2020-01-08,0,Overnight,0.0,False,-13.26,-13.26,90.96,False,0.0,False
2020-01-08,2020-01-09,0,Overnight,0.0,False,80.73,80.73,-44.28,False,0.0,False
2020-01-09,2020-01-10,0,Overnight,0.0,False,-16.75,-16.75,-83.43,False,0.0,False
2020-01-10,2020-01-13,2,Weekend,48.0,False,8.81,8.81,73.89,False,0.0,False
2020-01-13,2020-01-14,0,Overnight,0.0,False,53.79,53.79,62.15,False,0.0,False
2020-01-14,2020-01-15,0,Overnight,0.0,False,-68.68,-68.68,-82.31,False,0.0,False
2020-01-15,2020-01-16,0,Overnight,0.0,False,53.25,53.25,-14.56,False,0.0,False
2020-01-16,2020-01-17,0,Overnight,0.0,False,21.11,21.11,47.87,False,0.0,False
2020-01-17,2020-01-21,3,Long,72.0,False,-73.35,-73.35,-25.55,False,0.0,False
2020-01-21,2020-01-22,0,Overnight,0.0,False,29.19,29.19,-40.89,False,0.0,False
2020-01-22,2020-01-23,0,Overnight,0.0,False,-71.22,-71.22,60.97,False,0.0,False
2020-01-23,2020-01-24,0,Overnight,0.0,False,-12.46,-12.46,-238.95,False,0.0,False
2020-01-24,2020-01-27,2,Weekend,48.0,False,-218.67,-218.67,134.2,False,0.0,False
2020-01-27,2020-01-28,0,Overnight,0.0,False,61.16,61.16,118.98,False,0.0,False
2020-01-28,2020-01-29,0,Overnight,0.0,False,28.23,28.23,-43.12,False,0.0,False
2020-01-29,2020-01-30,0,Overnight,0.0,False,-115.39,-115.39,238.3,False,0.0,False
2020-01-30,2020-01-31,0,Overnight,0.0,False,-103.56,-103.56,-159.64,False,0.0,False
2020-01-31,2020-02-03,2,Weekend,48.0,False,22.64,22.64,53.38,False,0.0,False
2020-02-03,2020-02-04,0,Overnight,0.0,False,162.13,162.13,-19.2,False,0.0,False
2020-02-04,2020-02-05,0,Overnight,0.0,False,94.17,94.17,74.41,False,0.0,False
2020-02-05,2020-02-06,0,Overnight,0.0,False,47.13,47.13,-45.68,False,0.0,False
2020-02-06,2020-02-07,0,Overnight,0.0,False,-64.15,-64.15,32.13,False,0.0,False
2020-02-07,2020-02-10,2,Weekend,48.0,False,-16.05,-16.05,57.52,False,0.0,False
2020-02-10,2020-02-11,0,Overnight,0.0,False,37.68,37.68,-18.82,False,0.0,False
2020-02-11,2020-02-12,0,Overnight,0.0,False,43.38,43.38,-43.38,False,0.0,False
2020-02-12,2020-02-13,0,Overnight,0.0,False,-18.13,-18.13,9.43,False,0.0,False
2020-02-13,2020-02-14,0,Overnight,0.0,False,-2.9,-2.9,-27.61,False,0.0,False
2020-02-14,2020-02-18,3,Long,72.0,False,-8.73,-8.73,-124.55,False,0.0,False
2020-02-18,2020-02-19,0,Overnight,0.0,False,93.19,93.19,42.27,False,0.0,False
2020-02-19,2020-02-20,0,Overnight,0.0,False,-23.3,-23.3,23.3,False,0.0,False
2020-02-20,2020-02-21,0,Overnight,0.0,False,-68.6,-68.6,-54.34,False,0.0,False
2020-02-21,2020-02-24,2,Weekend,48.0,False,-327.06,-327.06,54.63,False,0.0,False
2020-02-24,2020-02-25,0,Overnight,0.0,False,-88.16,-88.16,-368.54,False,0.0,False
2020-02-25,2020-02-26,0,Overnight,0.0,False,52.92,52.92,-22.87,False,0.0,False
2020-02-26,2020-02-27,0,Overnight,0.0,False,-298.96,-298.96,-126.09,False,0.0,False
2020-02-27,2020-02-28,0,Overnight,0.0,False,-322.35,-322.35,-120.7,False,0.0,False
2020-02-28,2020-03-02,2,Weekend,48.0,False,44.68,44.68,410.72,False,0.0,False
2020-03-02,2020-03-03,0,Overnight,0.0,False,-45.36,-45.36,-337.11,False,0.0,False
2020-03-03,2020-03-04,0,Overnight,0.0,False,116.45,116.45,127.64,False,0.0,False
2020-03-04,2020-03-05,0,Overnight,0.0,False,-355.0,-355.0,-148.06,False,0.0,False
2020-03-05,2020-03-06,0,Overnight,0.0,False,-700.46,-700.46,169.83,False,0.0,False
2020-03-06,2020-03-09,2,Weekend,47.0,False,-1126.04,-1126.04,-329.49,False,0.0,False
2020-03-09,2020-03-10,0,Overnight,0.0,False,578.0,578.0,170.26,False,0.0,False
2020-03-10,2020-03-11,0,Overnight,0.0,False,-302.44,-302.44,-179.7,False,0.0,False
2020-03-11,2020-03-12,0,Overnight,0.0,False,-686.88,-686.88,-173.39,False,0.0,False
2020-03-12,2020-03-13,0,Overnight,0.0,False,863.39,863.39,792.81,False,0.0,False
2020-03-13,2020-03-16,2,Weekend,48.0,False,-1985.24,-1985.24,364.18,False,0.0,False
2020-03-16,2020-03-17,0,Overnight,0.0,False,282.31,282.31,310.88,False,0.0,False
2020-03-17,2020-03-18,0,Overnight,0.0,False,-671.59,-671.59,-440.73,False,0.0,False
2020-03-18,2020-03-19,0,Overnight,0.0,False,-281.67,-281.67,448.36,False,0.0,False
2020-03-19,2020-03-20,0,Overnight,0.0,False,116.55,116.55,-329.83,False,0.0,False
2020-03-20,2020-03-23,2,Weekend,48.0,False,-98.69,-98.69,-451.5,False,0.0,False
2020-03-23,2020-03-24,0,Overnight,0.0,False,716.47,716.47,407.37,False,0.0,False
2020-03-24,2020-03-25,0,Overnight,0.0,False,91.18,91.18,275.2,False,0.0,False
2020-03-25,2020-03-26,0,Overnight,0.0,False,252.96,252.96,420.46,False,0.0,False
2020-03-26,2020-03-27,0,Overnight,0.0,False,-515.51,-515.51,-223.53,False,0.0,False
2020-03-27,2020-03-30,2,Weekend,48.0,False,-52.81,-52.81,309.55,False,0.0,False
2020-03-30,2020-03-31,0,Overnight,0.0,False,-156.29,-156.29,-221.89,False,0.0,False
2020-03-31,2020-04-01,0,Overnight,0.0,False,-563.16,-563.16,-87.34,False,0.0,False
2020-04-01,2020-04-02,0,Overnight,0.0,False,-101.27,-101.27,467.87,False,0.0,False
2020-04-02,2020-04-03,0,Overnight,0.0,False,-174.06,-69.95,-229.35,True,102.85,False
2020-04-03,2020-04-06,2,Weekend,48.0,False,571.12,571.12,52.68,False,0.0,False
2020-04-06,2020-04-07,0,Overnight,0.0,False,542.79,542.79,-411.75,False,0.0,False
2020-04-07,2020-04-08,0,Overnight,0.0,False,159.79,159.79,236.06,False,0.0,False
2020-04-08,2020-04-09,0,Overnight,0.0,False,274.05,274.05,585.1,False,0.0,False
2020-04-09,2020-04-13,3,Long,72.0,False,34.0,34.0,-488.92,False,0.0,False
2020-04-13,2020-04-14,0,Overnight,0.0,False,284.14,284.14,-561.92,False,0.0,False
2020-04-14,2020-04-15,0,Overnight,0.0,False,-466.2,-466.2,-39.57,False,0.0,False
2020-04-15,2020-04-16,0,Overnight,0.0,False,-61.87,-61.87,-326.68,False,0.0,False
2020-04-16,2020-04-17,0,Overnight,0.0,False,520.95,520.95,339.81,False,0.0,False
2020-04-17,2020-04-20,2,Weekend,48.0,False,-288.86,-288.86,-82.53,False,0.0,False
2020-04-20,2020-04-21,0,Overnight,0.0,False,-342.74,-342.74,48.4,False,0.0,False
2020-04-21,2020-04-22,0,Overnight,0.0,False,182.49,182.49,-149.98,False,0.0,False
2020-04-22,2020-04-23,0,Overnight,0.0,False,44.67,44.67,-39.08,False,0.0,False
2020-04-23,2020-04-24,0,Overnight,0.0,False,138.87,138.87,7.72,False,0.0,False
2020-04-24,2020-04-27,2,Weekend,48.0,False,134.69,134.69,287.33,False,0.0,False
2020-04-27,2020-04-28,0,Overnight,0.0,False,331.58,331.58,-261.02,False,0.0,False
2020-04-28,2020-04-29,0,Overnight,0.0,False,390.03,390.03,-123.9,False,0.0,False
2020-04-29,2020-04-30,0,Overnight,0.0,False,-233.65,-233.65,16.72,False,0.0,False
2020-04-30,2020-05-01,0,Overnight,0.0,False,-238.84,-238.84,-26.77,False,0.0,False
2020-05-01,2020-05-04,2,Weekend,48.0,False,-132.78,-132.78,13.03,False,0.0,False
2020-05-04,2020-05-05,0,Overnight,0.0,False,162.55,162.55,-177.76,False,0.0,False
2020-05-05,2020-05-06,0,Overnight,0.0,False,17.38,17.38,-207.21,False,0.0,False
2020-05-06,2020-05-07,0,Overnight,0.0,False,117.84,117.84,-14.24,False,0.0,False
2020-05-07,2020-05-08,0,Overnight,0.0,False,172.82,172.82,-10.78,False,0.0,False
2020-05-08,2020-05-11,2,Weekend,48.0,False,-173.01,-173.01,-125.91,False,0.0,False
2020-05-11,2020-05-12,0,Overnight,0.0,False,19.99,19.99,-352.22,False,0.0,False
2020-05-12,2020-05-13,0,Overnight,0.0,False,-74.97,-74.97,-275.82,False,0.0,False
2020-05-13,2020-05-14,0,Overnight,0.0,False,-157.12,-157.12,564.06,False,0.0,False
2020-05-14,2020-05-15,0,Overnight,0.0,False,-76.85,-76.85,-109.99,False,0.0,False
2020-05-15,2020-05-18,2,Weekend,48.0,False,319.63,319.63,196.5,False,0.0,False
2020-05-18,2020-05-19,0,Overnight,0.0,False,-44.32,-44.32,-154.44,False,0.0,False
2020-05-19,2020-05-20,0,Overnight,0.0,False,227.46,227.46,68.12,False,0.0,False
2020-05-20,2020-05-21,0,Overnight,0.0,False,-116.74,-116.74,-11.08,False,0.0,False
2020-05-21,2020-05-22,0,Overnight,0.0,False,-17.76,-17.76,-60.17,False,0.0,False
2020-05-22,2020-05-26,3,Long,72.0,False,375.13,375.13,310.55,False,0.0,False
2020-05-26,2020-05-27,0,Overnight,0.0,False,631.87,631.87,-68.82,False,0.0,False
2020-05-27,2020-05-28,0,Overnight,0.0,False,153.69,153.69,-303.77,False,0.0,False
2020-05-28,2020-05-29,0,Overnight,0.0,False,-120.9,-120.9,-137.78,False,0.0,False
2020-05-29,2020-06-01,2,Weekend,48.0,False,45.11,45.11,86.58,False,0.0,False
2020-06-01,2020-06-02,0,Overnight,0.0,False,168.95,168.95,-135.54,False,0.0,False
2020-06-02,2020-06-03,0,Overnight,0.0,False,264.34,264.34,261.37,False,0.0,False
2020-06-03,2020-06-04,0,Overnight,0.0,False,-43.25,-43.25,249.23,False,0.0,False
2020-06-04,2020-06-05,0,Overnight,0.0,False,767.42,767.42,-327.23,False,0.0,False
2020-06-05,2020-06-08,2,Weekend,48.0,False,194.09,194.09,3.53,False,0.0,False
2020-06-08,2020-06-09,0,Overnight,0.0,False,-249.9,-249.9,-9.95,False,0.0,False
2020-06-09,2020-06-10,0,Overnight,0.0,False,-7.24,-7.24,-406.49,False,0.0,False
2020-06-10,2020-06-11,0,Overnight,0.0,False,-585.35,-585.35,-285.97,False,0.0,False
2020-06-11,2020-06-12,0,Overnight,0.0,False,353.72,353.72,-83.76,False,0.0,False
2020-06-12,2020-06-15,2,Weekend,48.0,False,-351.56,-351.56,488.79,False,0.0,False
2020-06-15,2020-06-16,0,Overnight,0.0,False,398.85,398.85,-319.17,False,0.0,False
2020-06-16,2020-06-17,0,Overnight,0.0,False,45.95,45.95,-301.99,False,0.0,False
2020-06-17,2020-06-18,0,Overnight,0.0,False,-81.76,-81.76,27.33,False,0.0,False
2020-06-18,2020-06-19,0,Overnight,0.0,False,159.43,159.43,-274.29,False,0.0,False
2020-06-19,2020-06-22,2,Weekend,48.0,False,-57.42,-57.42,-51.55,False,0.0,False
2020-06-22,2020-06-23,0,Overnight,0.0,False,226.86,226.86,-105.64,False,0.0,False
2020-06-23,2020-06-24,0,Overnight,0.0,False,-121.23,-121.23,-218.39,False,0.0,False
2020-06-24,2020-06-25,0,Overnight,0.0,False,-32.8,-32.8,375.48,False,0.0,False
2020-06-25,2020-06-26,0,Overnight,0.0,False,-295.25,-295.25,-268.53,False,0.0,False
2020-06-26,2020-06-29,2,Weekend,48.0,False,87.1,87.1,-42.92,False,0.0,False
2020-06-29,2020-06-30,0,Overnight,0.0,False,-18.3,-18.3,131.63,False,0.0,False
2020-06-30,2020-07-01,0,Overnight,0.0,False,87.85,87.85,-173.27,False,0.0,False
2020-07-01,2020-07-02,0,Overnight,0.0,False,157.45,252.0,-221.99,True,96.5,False
2020-07-02,2020-07-06,3,Long,72.0,False,189.22,189.22,60.18,False,0.0,False
2020-07-06,2020-07-07,0,Overnight,0.0,False,-124.99,-124.99,-161.17,False,0.0,False
2020-07-07,2020-07-08,0,Overnight,0.0,False,-3.25,-3.25,108.84,False,0.0,False
2020-07-08,2020-07-09,0,Overnight,0.0,False,23.55,23.55,-242.44,False,0.0,False
2020-07-09,2020-07-10,0,Overnight,0.0,False,78.57,78.57,453.68,False,0.0,False
2020-07-10,2020-07-13,2,Weekend,48.0,False,252.32,252.32,-109.99,False,0.0,False
2020-07-13,2020-07-14,0,Overnight,0.0,False,73.46,73.46,-16.28,False,0.0,False
2020-07-14,2020-07-15,0,Overnight,0.0,False,269.23,269.23,-115.64,False,0.0,False
2020-07-15,2020-07-16,0,Overnight,0.0,False,-95.71,-95.71,123.75,False,0.0,False
2020-07-16,2020-07-17,0,Overnight,0.0,False,-1.0,-1.0,-185.71,False,0.0,False
2020-07-17,2020-07-20,2,Weekend,48.0,False,-74.65,-74.65,-13.35,False,0.0,False
2020-07-20,2020-07-21,0,Overnight,0.0,False,42.05,42.05,172.49,False,0.0,False
2020-07-21,2020-07-22,0,Overnight,0.0,False,24.11,24.11,-96.8,False,0.0,False
2020-07-22,2020-07-23,0,Overnight,0.0,False,-19.27,-19.27,48.61,False,0.0,False
2020-07-23,2020-07-24,0,Overnight,0.0,False,62.44,62.44,-133.42,False,0.0,False
2020-07-24,2020-07-27,2,Weekend,48.0,False,-78.66,-78.66,-62.75,False,0.0,False
2020-07-27,2020-07-28,0,Overnight,0.0,False,-41.37,-41.37,84.62,False,0.0,False
2020-07-28,2020-07-29,0,Overnight,0.0,False,-25.72,-25.72,265.33,False,0.0,False
2020-07-29,2020-07-30,0,Overnight,0.0,False,-217.02,-217.02,-53.45,False,0.0,False
2020-07-30,2020-07-31,0,Overnight,0.0,False,-55.81,-55.81,16.57,False,0.0,False
2020-07-31,2020-08-03,2,Weekend,48.0,False,39.24,39.24,-95.28,False,0.0,False
2020-08-03,2020-08-04,0,Overnight,0.0,False,-19.79,-19.79,-37.61,False,0.0,False
2020-08-04,2020-08-05,0,Overnight,0.0,False,33.43,33.43,138.8,False,0.0,False
2020-08-05,2020-08-06,0,Overnight,0.0,False,37.99,37.99,-34.9,False,0.0,False
2020-08-06,2020-08-07,0,Overnight,0.0,False,-31.93,-31.93,249.62,False,0.0,False
2020-08-07,2020-08-10,2,Weekend,48.0,False,73.19,73.19,52.8,False,0.0,False
2020-08-10,2020-08-11,0,Overnight,0.0,False,314.94,314.94,-3.85,False,0.0,False
2020-08-11,2020-08-12,0,Overnight,0.0,False,222.89,222.89,-308.01,False,0.0,False
2020-08-12,2020-08-13,0,Overnight,0.0,False,-91.74,-91.74,36.21,False,0.0,False
2020-08-13,2020-08-14,0,Overnight,0.0,False,-85.35,-85.35,89.26,False,0.0,False
2020-08-14,2020-08-17,2,Weekend,48.0,False,-89.26,-89.26,-177.93,False,0.0,False
2020-08-17,2020-08-18,0,Overnight,0.0,False,20.04,20.04,-160.42,False,0.0,False
2020-08-18,2020-08-19,0,Overnight,0.0,False,60.84,60.84,-37.47,False,0.0,False
2020-08-19,2020-08-20,0,Overnight,0.0,False,-131.76,-131.76,11.3,False,0.0,False
2020-08-20,2020-08-21,0,Overnight,0.0,False,-10.28,-10.28,5.14,False,0.0,False
2020-08-21,2020-08-24,2,Weekend,48.0,False,115.44,115.44,162.21,False,0.0,False
2020-08-24,2020-08-25,0,Overnight,0.0,False,120.2,120.2,-76.32,False,0.0,False
2020-08-25,2020-08-26,0,Overnight,0.0,False,-55.88,-55.88,-85.42,False,0.0,False
2020-08-26,2020-08-27,0,Overnight,0.0,False,-9.09,-9.09,332.78,False,0.0,False
2020-08-27,2020-08-28,0,Overnight,0.0,False,76.89,76.89,-35.94,False,0.0,False
2020-08-28,2020-08-31,2,Weekend,48.0,False,-63.45,-63.45,-190.8,False,0.0,False
2020-08-31,2020-09-01,0,Overnight,0.0,False,-64.08,-64.08,59.09,False,0.0,False
2020-09-01,2020-09-02,0,Overnight,0.0,False,-18.99,-18.99,168.66,False,0.0,False
2020-09-02,2020-09-03,0,Overnight,0.0,False,162.95,162.95,-194.48,False,0.0,False
2020-09-03,2020-09-04,0,Overnight,0.0,False,264.89,264.89,-51.07,False,0.0,False
2020-09-04,2020-09-08,3,Long,72.0,False,-52.3,-52.3,-301.65,False,0.0,False
2020-09-08,2020-09-09,0,Overnight,0.0,False,87.69,87.69,6.94,False,0.0,False
2020-09-09,2020-09-10,0,Overnight,0.0,False,52.41,52.41,-156.04,False,0.0,False
2020-09-10,2020-09-11,0,Overnight,0.0,False,14.01,14.01,109.43,False,0.0,False
2020-09-11,2020-09-14,2,Weekend,48.0,False,43.44,43.44,94.13,False,0.0,False
2020-09-14,2020-09-15,0,Overnight,0.0,False,25.34,25.34,-341.6,False,0.0,False
2020-09-15,2020-09-16,0,Overnight,0.0,False,15.1,15.1,27.12,False,0.0,False
2020-09-16,2020-09-17,0,Overnight,0.0,False,-100.81,-100.81,-14.19,False,0.0,False
2020-09-17,2020-09-18,0,Overnight,0.0,False,-68.21,-68.21,46.88,False,0.0,False
2020-09-18,2020-09-21,2,Weekend,48.0,False,-325.53,-325.53,11.55,False,0.0,False
2020-09-21,2020-09-22,0,Overnight,0.0,False,-36.79,-36.79,-72.93,False,0.0,False
2020-09-22,2020-09-23,0,Overnight,0.0,False,53.95,53.95,-217.59,False,0.0,False
2020-09-23,2020-09-24,0,Overnight,0.0,False,-45.39,-45.39,36.76,False,0.0,False
2020-09-24,2020-09-25,0,Overnight,0.0,False,-66.05,-66.05,153.09,False,0.0,False
2020-09-25,2020-09-28,2,Weekend,48.0,False,168.68,168.68,115.05,False,0.0,False
2020-09-28,2020-09-29,0,Overnight,0.0,False,-13.53,-13.53,-71.06,False,0.0,False
2020-09-29,2020-09-30,0,Overnight,0.0,False,0.0,0.0,96.02,False,0.0,False
2020-09-30,2020-10-01,0,Overnight,0.0,False,87.91,87.91,-15.46,False,0.0,False
2020-10-01,2020-10-02,0,Overnight,0.0,False,-178.97,-178.97,273.39,False,0.0,False
2020-10-02,2020-10-05,2,Weekend,48.0,False,43.83,134.95,72.96,True,91.94,False
2020-10-05,2020-10-06,0,Overnight,0.0,False,103.46,103.46,-206.98,False,0.0,False
2020-10-06,2020-10-07,0,Overnight,0.0,False,95.44,95.44,77.51,False,0.0,False
2020-10-07,2020-10-08,0,Overnight,0.0,False,77.91,77.91,125.56,False,0.0,False
2020-10-08,2020-10-09,0,Overnight,0.0,False,21.59,21.59,-78.74,False,0.0,False
2020-10-09,2020-10-12,2,Weekend,48.0,False,-9.89,-9.89,131.67,False,0.0,False
2020-10-12,2020-10-13,0,Overnight,0.0,False,54.52,54.52,-217.89,False,0.0,False
2020-10-13,2020-10-14,0,Overnight,0.0,False,24.78,24.78,-80.5,False,0.0,False
2020-10-14,2020-10-15,0,Overnight,0.0,False,-112.38,-112.38,260.95,False,0.0,False
2020-10-15,2020-10-16,0,Overnight,0.0,False,-30.52,-30.52,9.86,False,0.0,False
2020-10-16,2020-10-19,2,Weekend,48.0,False,8.86,8.86,-178.75,False,0.0,False
2020-10-19,2020-10-20,0,Overnight,0.0,False,50.97,50.97,5.98,False,0.0,False
2020-10-20,2020-10-21,0,Overnight,0.0,False,-1.0,-1.0,-99.13,False,0.0,False
2020-10-21,2020-10-22,0,Overnight,0.0,False,-5.03,-5.03,352.16,False,0.0,False
2020-10-22,2020-10-23,0,Overnight,0.0,False,60.08,60.08,29.91,False,0.0,False
2020-10-23,2020-10-26,2,Weekend,48.0,False,-112.37,-112.37,-138.31,False,0.0,False
2020-10-26,2020-10-27,0,Overnight,0.0,False,-72.37,-72.37,-118.1,False,0.0,False
2020-10-27,2020-10-28,0,Overnight,0.0,False,-185.95,-185.95,-98.95,False,0.0,False
2020-10-28,2020-10-29,0,Overnight,0.0,False,-43.6,-43.6,108.65,False,0.0,False
2020-10-29,2020-10-30,0,Overnight,0.0,False,75.87,75.87,13.27,False,0.0,False
2020-10-30,2020-11-02,2,Weekend,49.0,False,136.76,136.76,86.16,False,0.0,False
2020-11-02,2020-11-03,0,Overnight,0.0,False,272.56,272.56,37.79,False,0.0,False
2020-11-03,2020-11-04,0,Overnight,0.0,False,-235.81,-235.81,-74.53,False,0.0,False
2020-11-04,2020-11-05,0,Overnight,0.0,False,80.47,80.47,320.36,False,0.0,False
2020-11-05,2020-11-06,0,Overnight,0.0,False,64.95,64.95,-199.05,False,0.0,False
2020-11-06,2020-11-09,2,Weekend,48.0,False,944.62,944.62,325.16,False,0.0,False
2020-11-09,2020-11-10,0,Overnight,0.0,False,38.42,38.42,-70.98,False,0.0,False
2020-11-10,2020-11-11,0,Overnight,0.0,False,31.7,31.7,-182.16,False,0.0,False
2020-11-11,2020-11-12,0,Overnight,0.0,False,-197.97,-197.97,74.37,False,0.0,False
2020-11-12,2020-11-13,0,Overnight,0.0,False,116.63,116.63,-54.2,False,0.0,False
2020-11-13,2020-11-16,2,Weekend,48.0,False,320.03,320.03,-41.69,False,0.0,False
2020-11-16,2020-11-17,0,Overnight,0.0,False,-164.17,-164.17,62.2,False,0.0,False
2020-11-17,2020-11-18,0,Overnight,0.0,False,105.38,105.38,-179.72,False,0.0,False
2020-11-18,2020-11-19,0,Overnight,0.0,False,-93.28,-93.28,120.14,False,0.0,False
2020-11-19,2020-11-20,0,Overnight,0.0,False,-98.27,-98.27,12.23,False,0.0,False
2020-11-20,2020-11-23,2,Weekend,48.0,False,128.35,128.35,155.61,False,0.0,False
2020-11-23,2020-11-24,0,Overnight,0.0,False,184.93,184.93,267.08,False,0.0,False
2020-11-24,2020-11-25,0,Overnight,0.0,False,-159.39,-159.39,54.23,False,0.0,False
2020-11-25,2020-11-27,1,Short,24.0,False,-2.46,-2.46,-64.14,False,0.0,False
2020-11-27,2020-11-30,2,Weekend,48.0,True,-101.15,-101.15,-178.25,False,0.0,False
2020-11-30,2020-12-01,0,Overnight,0.0,False,206.54,206.54,-49.98,False,0.0,False
2020-12-01,2020-12-02,0,Overnight,0.0,False,-3.34,-3.34,193.6,False,0.0,False
2020-12-02,2020-12-03,0,Overnight,0.0,False,-15.58,-15.58,-50.19,False,0.0,False
2020-12-03,2020-12-04,0,Overnight,0.0,False,101.76,101.76,-11.44,False,0.0,False
2020-12-04,2020-12-07,2,Weekend,48.0,False,-97.75,-97.75,60.07,False,0.0,False
2020-12-07,2020-12-08,0,Overnight,0.0,False,-69.16,-69.16,79.0,False,0.0,False
2020-12-08,2020-12-09,0,Overnight,0.0,False,95.44,95.44,-173.62,False,0.0,False
2020-12-09,2020-12-10,0,Overnight,0.0,False,-87.95,-87.95,23.31,False,0.0,False
2020-12-10,2020-12-11,0,Overnight,0.0,False,-111.2,-111.2,51.99,False,0.0,False
2020-12-11,2020-12-14,2,Weekend,48.0,False,147.78,147.78,-253.73,False,0.0,False
2020-12-14,2020-12-15,0,Overnight,0.0,False,83.34,83.34,85.97,False,0.0,False
2020-12-15,2020-12-16,0,Overnight,0.0,False,-1.66,-1.66,30.71,False,0.0,False
2020-12-16,2020-12-17,0,Overnight,0.0,False,48.77,48.77,-131.99,False,0.0,False
2020-12-17,2020-12-18,0,Overnight,0.0,False,-44.39,-44.39,-5.04,False,0.0,False
2020-12-18,2020-12-21,2,Weekend,48.0,False,337.7,337.7,30.8,False,0.0,False
2020-12-21,2020-12-22,0,Overnight,0.0,False,-12.96,-12.96,-140.38,False,0.0,False
2020-12-22,2020-12-23,0,Overnight,0.0,False,90.82,90.82,184.79,False,0.0,False
2020-12-23,2020-12-24,0,Overnight,0.0,False,1.6,1.6,-45.67,False,0.0,False
2020-12-24,2020-12-28,3,Long,72.0,True,103.86,103.86,-38.22,False,0.0,False
2020-12-28,2020-12-29,0,Overnight,0.0,False,68.38,68.38,-94.74,False,0.0,False
2020-12-29,2020-12-30,0,Overnight,0.0,False,38.32,38.32,-10.36,False,0.0,False
2020-12-30,2020-12-31,0,Overnight,0.0,False,-21.56,-21.56,157.05,False,0.0,False
2020-12-31,2021-01-04,3,Long,72.0,False,33.78,33.78,-128.67,False,0.0,False
2021-01-04,2021-01-05,0,Overnight,0.0,False,-70.16,1.59,52.67,True,71.5,False
2021-01-05,2021-01-06,0,Overnight,0.0,False,331.11,331.11,127.76,False,0.0,False
2021-01-06,2021-01-07,0,Overnight,0.0,False,309.86,309.86,13.26,False,0.0,False
2021-01-07,2021-01-08,0,Overnight,0.0,False,7.36,7.36,3.68,False,0.0,False
2021-01-08,2021-01-11,2,Weekend,48.0,False,-106.43,-106.43,254.57,False,0.0,False
2021-01-11,2021-01-12,0,Overnight,0.0,False,100.18,100.18,55.78,False,0.0,False
2021-01-12,2021-01-13,0,Overnight,0.0,False,-116.93,-116.93,126.19,False,0.0,False
2021-01-13,2021-01-14,0,Overnight,0.0,False,9.97,9.97,48.28,False,0.0,False
2021-01-14,2021-01-15,0,Overnight,0.0,False,-268.5,-268.5,87.66,False,0.0,False
2021-01-15,2021-01-19,3,Long,72.0,False,87.61,87.61,-130.98,False,0.0,False
2021-01-19,2021-01-20,0,Overnight,0.0,False,-15.95,-15.95,-135.14,False,0.0,False
2021-01-20,2021-01-21,0,Overnight,0.0,False,-20.61,-20.61,-63.58,False,0.0,False
2021-01-21,2021-01-22,0,Overnight,0.0,False,-159.99,-159.99,82.56,False,0.0,False
2021-01-22,2021-01-25,2,Weekend,48.0,False,-124.09,-124.09,-1.51,False,0.0,False
2021-01-25,2021-01-26,0,Overnight,0.0,False,47.57,47.57,-88.53,False,0.0,False
2021-01-26,2021-01-27,0,Overnight,0.0,False,-152.39,-152.39,-134.4,False,0.0,False
2021-01-27,2021-01-28,0,Overnight,0.0,False,158.29,158.29,16.15,False,0.0,False
2021-01-28,2021-01-29,0,Overnight,0.0,False,82.66,82.66,-193.96,False,0.0,False
2021-01-29,2021-02-01,2,Weekend,48.0,False,56.57,56.57,16.99,False,0.0,False
2021-02-01,2021-02-02,0,Overnight,0.0,False,177.4,177.4,125.78,False,0.0,False
2021-02-02,2021-02-03,0,Overnight,0.0,False,2.99,2.99,110.87,False,0.0,False
2021-02-03,2021-02-04,0,Overnight,0.0,False,24.39,24.39,203.13,False,0.0,False
2021-02-04,2021-02-05,0,Overnight,0.0,False,82.12,82.12,-101.67,False,0.0,False
2021-02-05,2021-02-08,2,Weekend,48.0,False,15.93,15.93,139.4,False,0.0,False
2021-02-08,2021-02-09,0,Overnight,0.0,False,-50.79,-50.79,10.75,False,0.0,False
2021-02-09,2021-02-10,0,Overnight,0.0,False,30.04,30.04,-24.31,False,0.0,False
2021-02-10,2021-02-11,0,Overnight,0.0,False,0.0,0.0,-27.96,False,0.0,False
2021-02-11,2021-02-12,0,Overnight,0.0,False,-15.81,-15.81,156.98,False,0.0,False
2021-02-12,2021-02-16,3,Long,72.0,False,161.52,161.52,76.34,False,0.0,False
2021-02-16,2021-02-17,0,Overnight,0.0,False,-48.51,-48.51,79.57,False,0.0,False
2021-02-17,2021-02-18,0,Overnight,0.0,False,-76.1,-76.1,109.81,False,0.0,False
2021-02-18,2021-02-19,0,Overnight,0.0,False,18.53,18.53,147.0,False,0.0,False
2021-02-19,2021-02-22,2,Weekend,48.0,False,-78.0,-78.0,171.46,False,0.0,False
2021-02-22,2021-02-23,0,Overnight,0.0,False,139.57,139.57,-59.58,False,0.0,False
2021-02-23,2021-02-24,0,Overnight,0.0,False,-33.25,-33.25,207.67,False,0.0,False
2021-02-24,2021-02-25,0,Overnight,0.0,False,65.69,65.69,-202.33,False,0.0,False
2021-02-25,2021-02-26,0,Overnight,0.0,False,-58.38,-58.38,-210.45,False,0.0,False
2021-02-26,2021-03-01,2,Weekend,48.0,False,158.42,158.42,65.33,False,0.0,False
2021-03-01,2021-03-02,0,Overnight,0.0,False,-27.95,-27.95,-4.67,False,0.0,False
2021-03-02,2021-03-03,0,Overnight,0.0,False,81.0,81.0,110.48,False,0.0,False
2021-03-03,2021-03-04,0,Overnight,0.0,False,-19.64,-19.64,-135.24,False,0.0,False
2021-03-04,2021-03-05,0,Overnight,0.0,False,175.13,175.13,-151.91,False,0.0,False
2021-03-05,2021-03-08,2,Weekend,48.0,False,102.84,102.84,28.82,False,0.0,False
2021-03-08,2021-03-09,0,Overnight,0.0,False,-92.64,-92.64,21.76,False,0.0,False
2021-03-09,2021-03-10,0,Overnight,0.0,False,5.27,5.27,209.75,False,0.0,False
2021-03-10,2021-03-11,0,Overnight,0.0,False,-65.97,-65.97,13.62,False,0.0,False
2021-03-11,2021-03-12,0,Overnight,0.0,False,163.25,163.25,-45.37,False,0.0,False
2021-03-12,2021-03-15,2,Weekend,47.0,False,12.8,12.8,-62.88,False,0.0,False
2021-03-15,2021-03-16,0,Overnight,0.0,False,-82.73,-82.73,-37.71,False,0.0,False
2021-03-16,2021-03-17,0,Overnight,0.0,False,118.51,118.51,-16.11,False,0.0,False
2021-03-17,2021-03-18,0,Overnight,0.0,False,160.55,160.55,3.17,False,0.0,False
2021-03-18,2021-03-19,0,Overnight,0.0,False,-136.67,-136.67,-23.82,False,0.0,False
2021-03-19,2021-03-22,2,Weekend,48.0,False,-151.98,-151.98,-120.49,False,0.0,False
2021-03-22,2021-03-23,0,Overnight,0.0,False,-42.48,-42.48,-58.04,False,0.0,False
2021-03-23,2021-03-24,0,Overnight,0.0,False,36.06,36.06,41.25,False,0.0,False
2021-03-24,2021-03-25,0,Overnight,0.0,False,-41.25,-41.25,168.57,False,0.0,False
2021-03-25,2021-03-26,0,Overnight,0.0,False,114.06,114.06,51.07,False,0.0,False
2021-03-26,2021-03-29,2,Weekend,48.0,False,-193.36,-193.36,36.75,False,0.0,False
2021-03-29,2021-03-30,0,Overnight,0.0,False,115.91,115.91,1.29,False,0.0,False
2021-03-30,2021-03-31,0,Overnight,0.0,False,-77.98,-77.98,-68.74,False,0.0,False
2021-03-31,2021-04-01,0,Overnight,0.0,False,-21.7,-21.7,118.45,False,0.0,False
2021-04-01,2021-04-05,3,Long,72.0,False,44.79,102.91,-50.65,True,58.55,False
2021-04-05,2021-04-06,0,Overnight,0.0,False,-54.18,-54.18,-16.38,False,0.0,False
2021-04-06,2021-04-07,0,Overnight,0.0,False,36.65,36.65,118.82,False,0.0,False
2021-04-07,2021-04-08,0,Overnight,0.0,False,-60.21,-60.21,72.46,False,0.0,False
2021-04-08,2021-04-09,0,Overnight,0.0,False,44.38,44.38,30.12,False,0.0,False
2021-04-09,2021-04-12,2,Weekend,48.0,False,-44.89,-44.89,23.75,False,0.0,False
2021-04-12,2021-04-13,0,Overnight,0.0,False,-77.25,-77.25,-42.74,False,0.0,False
2021-04-13,2021-04-14,0,Overnight,0.0,False,-171.49,-171.49,-17.18,False,0.0,False
2021-04-14,2021-04-15,0,Overnight,0.0,False,2.64,2.64,60.64,False,0.0,False
2021-04-15,2021-04-16,0,Overnight,0.0,False,111.1,111.1,-37.11,False,0.0,False
2021-04-16,2021-04-19,2,Weekend,48.0,False,7.82,7.82,-50.32,False,0.0,False
2021-04-19,2021-04-20,0,Overnight,0.0,False,-59.79,-59.79,-164.12,False,0.0,False
2021-04-20,2021-04-21,0,Overnight,0.0,False,-99.64,-99.64,184.36,False,0.0,False
2021-04-21,2021-04-22,0,Overnight,0.0,False,-20.61,-20.61,-192.21,False,0.0,False
2021-04-22,2021-04-23,0,Overnight,0.0,False,-12.9,-12.9,202.45,False,0.0,False
2021-04-23,2021-04-26,2,Weekend,48.0,False,39.21,39.21,-14.6,False,0.0,False
2021-04-26,2021-04-27,0,Overnight,0.0,False,-3.99,-3.99,49.71,False,0.0,False
2021-04-27,2021-04-28,0,Overnight,0.0,False,77.71,77.71,-13.13,False,0.0,False
2021-04-28,2021-04-29,0,Overnight,0.0,False,85.69,85.69,106.89,False,0.0,False
2021-04-29,2021-04-30,0,Overnight,0.0,False,-70.48,-70.48,-18.84,False,0.0,False
2021-04-30,2021-05-03,2,Weekend,48.0,False,67.39,67.39,-96.69,False,0.0,False
2021-05-03,2021-05-04,0,Overnight,0.0,False,-32.0,-32.0,169.29,False,0.0,False
2021-05-04,2021-05-05,0,Overnight,0.0,False,33.39,33.39,96.96,False,0.0,False
2021-05-05,2021-05-06,0,Overnight,0.0,False,34.86,34.86,164.39,False,0.0,False
2021-05-06,2021-05-07,0,Overnight,0.0,False,-218.31,-218.31,252.48,False,0.0,False
2021-05-07,2021-05-10,2,Weekend,48.0,False,16.11,16.11,-17.35,False,0.0,False
2021-05-10,2021-05-11,0,Overnight,0.0,False,-8.69,-8.69,-158.94,False,0.0,False
2021-05-11,2021-05-12,0,Overnight,0.0,False,67.26,67.26,-136.25,False,0.0,False
2021-05-12,2021-05-13,0,Overnight,0.0,False,46.26,46.26,207.72,False,0.0,False
2021-05-13,2021-05-14,0,Overnight,0.0,False,54.96,54.96,99.27,False,0.0,False
2021-05-14,2021-05-17,2,Weekend,48.0,False,-39.1,-39.1,79.26,False,0.0,False
2021-05-17,2021-05-18,0,Overnight,0.0,False,0.61,0.61,-142.5,False,0.0,False
2021-05-18,2021-05-19,0,Overnight,0.0,False,-83.5,-83.5,6.83,False,0.0,False
2021-05-19,2021-05-20,0,Overnight,0.0,False,-17.39,-17.39,0.0,False,0.0,False
2021-05-20,2021-05-21,0,Overnight,0.0,False,31.66,31.66,81.48,False,0.0,False
2021-05-21,2021-05-24,2,Weekend,48.0,False,42.94,42.94,11.01,False,0.0,False
2021-05-24,2021-05-25,0,Overnight,0.0,False,18.94,18.94,-122.81,False,0.0,False
2021-05-25,2021-05-26,0,Overnight,0.0,False,105.71,105.71,-106.95,False,0.0,False
2021-05-26,2021-05-27,0,Overnight,0.0,False,130.15,130.15,24.37,False,0.0,False
2021-05-27,2021-05-28,0,Overnight,0.0,False,20.06,20.06,-26.75,False,0.0,False
2021-05-28,2021-06-01,3,Long,72.0,False,98.76,98.76,10.85,False,0.0,False
2021-06-01,2021-06-02,0,Overnight,0.0,False,72.6,72.6,-72.0,False,0.0,False
2021-06-02,2021-06-03,0,Overnight,0.0,False,-39.22,-39.22,45.84,False,0.0,False
2021-06-03,2021-06-04,0,Overnight,0.0,False,2.41,2.41,13.83,False,0.0,False
2021-06-04,2021-06-07,2,Weekend,48.0,False,33.59,33.59,-80.56,False,0.0,False
2021-06-07,2021-06-08,0,Overnight,0.0,False,-70.88,-70.88,30.96,False,0.0,False
2021-06-08,2021-06-09,0,Overnight,0.0,False,-52.26,-52.26,-73.38,False,0.0,False
2021-06-09,2021-06-10,0,Overnight,0.0,False,86.77,86.77,-243.88,False,0.0,False
2021-06-10,2021-06-11,0,Overnight,0.0,False,1.87,1.87,-8.73,False,0.0,False
2021-06-11,2021-06-14,2,Weekend,48.0,False,-8.74,-8.74,-162.41,False,0.0,False
2021-06-14,2021-06-15,0,Overnight,0.0,False,-55.37,-55.37,-97.47,False,0.0,False
2021-06-15,2021-06-16,0,Overnight,0.0,False,-29.04,-29.04,99.04,False,0.0,False
2021-06-16,2021-06-17,0,Overnight,0.0,False,52.97,52.97,-345.82,False,0.0,False
2021-06-17,2021-06-18,0,Overnight,0.0,False,-163.43,-163.43,-92.86,False,0.0,False
2021-06-18,2021-06-21,2,Weekend,48.0,False,78.12,78.12,90.15,False,0.0,False
2021-06-21,2021-06-22,0,Overnight,0.0,False,11.3,11.3,-25.93,False,0.0,False
2021-06-22,2021-06-23,0,Overnight,0.0,False,-0.67,-0.67,61.06,False,0.0,False
2021-06-23,2021-06-24,0,Overnight,0.0,False,52.8,52.8,38.76,False,0.0,False
2021-06-24,2021-06-25,0,Overnight,0.0,False,5.24,5.24,95.23,False,0.0,False
2021-06-25,2021-06-28,2,Weekend,48.0,False,-22.75,-22.75,40.91,False,0.0,False
2021-06-28,2021-06-29,0,Overnight,0.0,False,43.32,43.32,-55.64,False,0.0,False
2021-06-29,2021-06-30,0,Overnight,0.0,False,-25.33,-25.33,115.75,False,0.0,False
2021-06-30,2021-07-01,0,Overnight,0.0,False,46.18,46.18,52.34,False,0.0,False
2021-07-01,2021-07-02,0,Overnight,0.0,False,-72.2,-14.65,5.13,True,57.3,False
2021-07-02,2021-07-06,3,Long,72.0,False,-16.04,-16.04,-153.31,False,0.0,False
2021-07-06,2021-07-07,0,Overnight,0.0,False,-91.68,-91.68,103.4,False,0.0,False
2021-07-07,2021-07-08,0,Overnight,0.0,False,-129.75,-129.75,-44.29,False,0.0,False
2021-07-08,2021-07-09,0,Overnight,0.0,False,138.82,138.82,176.16,False,0.0,False
2021-07-09,2021-07-12,2,Weekend,48.0,False,-91.58,-91.58,233.72,False,0.0,False
2021-07-12,2021-07-13,0,Overnight,0.0,False,-124.19,-124.19,-25.67,False,0.0,False
2021-07-13,2021-07-14,0,Overnight,0.0,False,19.26,19.26,-53.36,False,0.0,False
2021-07-14,2021-07-15,0,Overnight,0.0,False,-78.96,-78.96,100.86,False,0.0,False
2021-07-15,2021-07-16,0,Overnight,0.0,False,32.11,32.11,-263.11,False,0.0,False
2021-07-16,2021-07-19,2,Weekend,48.0,False,-223.67,-223.67,-106.93,False,0.0,False
2021-07-19,2021-07-20,0,Overnight,0.0,False,-30.67,-30.67,215.38,False,0.0,False
2021-07-20,2021-07-21,0,Overnight,0.0,False,155.09,155.09,53.13,False,0.0,False
2021-07-21,2021-07-22,0,Overnight,0.0,False,1.31,1.31,-128.37,False,0.0,False
2021-07-22,2021-07-23,0,Overnight,0.0,False,36.37,36.37,-55.61,False,0.0,False
2021-07-23,2021-07-26,2,Weekend,48.0,False,-29.92,-29.92,96.74,False,0.0,False
2021-07-26,2021-07-27,0,Overnight,0.0,False,-82.77,-82.77,69.57,False,0.0,False
2021-07-27,2021-07-28,0,Overnight,0.0,False,55.31,55.31,-38.82,False,0.0,False
2021-07-28,2021-07-29,0,Overnight,0.0,False,94.48,94.48,-9.15,False,0.0,False
2021-07-29,2021-07-30,0,Overnight,0.0,False,-27.49,-27.49,-52.57,False,0.0,False
2021-07-30,2021-08-02,2,Weekend,48.0,False,16.46,16.46,-56.73,False,0.0,False
2021-08-02,2021-08-03,0,Overnight,0.0,False,51.46,51.46,61.67,False,0.0,False
2021-08-03,2021-08-04,0,Overnight,0.0,False,-107.85,-107.85,-0.66,False,0.0,False
2021-08-04,2021-08-05,0,Overnight,0.0,False,68.53,68.53,56.97,False,0.0,False
2021-08-05,2021-08-06,0,Overnight,0.0,False,132.32,132.32,147.75,False,0.0,False
2021-08-06,2021-08-09,2,Weekend,48.0,False,1.27,1.27,-12.07,False,0.0,False
2021-08-09,2021-08-10,0,Overnight,0.0,False,-37.57,-37.57,159.5,False,0.0,False
2021-08-10,2021-08-11,0,Overnight,0.0,False,46.36,46.36,72.24,False,0.0,False
2021-08-11,2021-08-12,0,Overnight,0.0,False,44.58,44.58,-5.56,False,0.0,False
2021-08-12,2021-08-13,0,Overnight,0.0,False,0.0,0.0,-112.5,False,0.0,False
2021-08-13,2021-08-16,2,Weekend,48.0,False,-65.22,-65.22,-0.63,False,0.0,False
2021-08-16,2021-08-17,0,Overnight,0.0,False,-85.94,-85.94,-35.6,False,0.0,False
2021-08-17,2021-08-18,0,Overnight,0.0,False,-44.68,-44.68,-46.81,False,0.0,False
2021-08-18,2021-08-19,0,Overnight,0.0,False,-156.77,-156.77,72.86,False,0.0,False
2021-08-19,2021-08-20,0,Overnight,0.0,False,4.54,4.54,23.94,False,0.0,False
2021-08-20,2021-08-23,2,Weekend,48.0,False,39.35,39.35,87.81,False,0.0,False
2021-08-23,2021-08-24,0,Overnight,0.0,False,19.13,19.13,42.58,False,0.0,False
2021-08-24,2021-08-25,0,Overnight,0.0,False,53.13,53.13,150.9,False,0.0,False
2021-08-25,2021-08-26,0,Overnight,0.0,False,82.93,82.93,-31.48,False,0.0,False
2021-08-26,2021-08-27,0,Overnight,0.0,False,0.0,0.0,80.05,False,0.0,False
2021-08-27,2021-08-30,2,Weekend,48.0,False,9.81,9.81,-171.18,False,0.0,False
2021-08-30,2021-08-31,0,Overnight,0.0,False,0.0,0.0,-30.59,False,0.0,False
2021-08-31,2021-09-01,0,Overnight,0.0,False,16.87,16.87,-31.26,False,0.0,False
2021-09-01,2021-09-02,0,Overnight,0.0,False,18.77,18.77,27.46,False,0.0,False
2021-09-02,2021-09-03,0,Overnight,0.0,False,-4.36,-4.36,-56.27,False,0.0,False
2021-09-03,2021-09-07,3,Long,72.0,False,31.3,31.3,-48.87,False,0.0,False
2021-09-07,2021-09-08,0,Overnight,0.0,False,-20.12,-20.12,-24.58,False,0.0,False
2021-09-08,2021-09-09,0,Overnight,0.0,False,-14.52,-14.52,57.96,False,0.0,False
2021-09-09,2021-09-10,0,Overnight,0.0,False,85.69,85.69,-201.32,False,0.0,False
2021-09-10,2021-09-13,2,Weekend,48.0,False,74.08,74.08,83.55,False,0.0,False
2021-09-13,2021-09-14,0,Overnight,0.0,False,36.84,36.84,-212.91,False,0.0,False
2021-09-14,2021-09-15,0,Overnight,0.0,False,-22.31,-22.31,91.46,False,0.0,False
2021-09-15,2021-09-16,0,Overnight,0.0,False,78.72,78.72,-83.15,False,0.0,False
2021-09-16,2021-09-17,0,Overnight,0.0,False,-45.01,-45.01,19.04,False,0.0,False
2021-09-17,2021-09-20,2,Weekend,48.0,False,-243.3,-243.3,-60.62,False,0.0,False
2021-09-20,2021-09-21,0,Overnight,0.0,False,37.19,37.19,-35.89,False,0.0,False
2021-09-21,2021-09-22,0,Overnight,0.0,False,144.07,144.07,45.64,False,0.0,False
2021-09-22,2021-09-23,0,Overnight,0.0,False,133.16,133.16,199.27,False,0.0,False
2021-09-23,2021-09-24,0,Overnight,0.0,False,16.12,16.12,98.62,False,0.0,False
2021-09-24,2021-09-27,2,Weekend,48.0,False,119.5,119.5,119.29,False,0.0,False
2021-09-27,2021-09-28,0,Overnight,0.0,False,43.03,43.03,-97.07,False,0.0,False
2021-09-28,2021-09-29,0,Overnight,0.0,False,7.82,7.82,-15.66,False,0.0,False
2021-09-29,2021-09-30,0,Overnight,0.0,False,58.28,58.28,-195.4,False,0.0,False
2021-09-30,2021-10-01,0,Overnight,0.0,False,18.92,18.92,189.06,False,0.0,False
2021-10-01,2021-10-04,2,Weekend,48.0,False,-9.58,-9.58,-1.2,False,0.0,False
2021-10-04,2021-10-05,0,Overnight,0.0,False,15.56,75.19,86.34,True,59.9,False
2021-10-05,2021-10-06,0,Overnight,0.0,False,-39.8,-39.8,61.13,False,0.0,False
2021-10-06,2021-10-07,0,Overnight,0.0,False,128.15,128.15,-65.05,False,0.0,False
2021-10-07,2021-10-08,0,Overnight,0.0,False,-4.12,-4.12,11.76,False,0.0,False
2021-10-08,2021-10-11,2,Weekend,48.0,False,34.02,34.02,-246.58,False,0.0,False
2021-10-11,2021-10-12,0,Overnight,0.0,False,-53.55,-53.55,-23.56,False,0.0,False
2021-10-12,2021-10-13,0,Overnight,0.0,False,-78.32,-78.32,-188.89,False,0.0,False
2021-10-13,2021-10-14,0,Overnight,0.0,False,46.48,46.48,105.78,False,0.0,False
2021-10-14,2021-10-15,0,Overnight,0.0,False,114.35,114.35,75.91,False,0.0,False
2021-10-15,2021-10-18,2,Weekend,48.0,False,-7.81,-7.81,4.2,False,0.0,False
2021-10-18,2021-10-19,0,Overnight,0.0,False,50.91,50.91,69.65,False,0.0,False
2021-10-19,2021-10-20,0,Overnight,0.0,False,-16.03,-16.03,149.79,False,0.0,False
2021-10-20,2021-10-21,0,Overnight,0.0,False,-4.68,-4.68,-74.06,False,0.0,False
2021-10-21,2021-10-22,0,Overnight,0.0,False,31.22,31.22,102.4,False,0.0,False
2021-10-22,2021-10-25,2,Weekend,48.0,False,53.99,53.99,-103.01,False,0.0,False
2021-10-25,2021-10-26,0,Overnight,0.0,False,3.51,3.51,23.36,False,0.0,False
2021-10-26,2021-10-27,0,Overnight,0.0,False,-63.21,-63.21,-147.27,False,0.0,False
2021-10-27,2021-10-28,0,Overnight,0.0,False,27.97,27.97,121.66,False,0.0,False
2021-10-28,2021-10-29,0,Overnight,0.0,False,48.02,48.02,-75.64,False,0.0,False
2021-10-29,2021-11-01,2,Weekend,48.0,False,125.76,125.76,-131.06,False,0.0,False
2021-11-01,2021-11-02,0,Overnight,0.0,False,0.0,0.0,39.38,False,0.0,False
2021-11-02,2021-11-03,0,Overnight,0.0,False,-19.96,-19.96,23.48,False,0.0,False
2021-11-03,2021-11-04,0,Overnight,0.0,False,-31.13,-31.13,-101.1,False,0.0,False
2021-11-04,2021-11-05,0,Overnight,0.0,False,36.18,36.18,-50.45,False,0.0,False
2021-11-05,2021-11-08,2,Weekend,49.0,False,59.33,59.33,0.59,False,0.0,False
2021-11-08,2021-11-09,0,Overnight,0.0,False,-101.66,-101.66,25.66,False,0.0,False
2021-11-09,2021-11-10,0,Overnight,0.0,False,-19.69,-19.69,10.15,False,0.0,False
2021-11-10,2021-11-11,0,Overnight,0.0,False,-5.97,-5.97,5.37,False,0.0,False
2021-11-11,2021-11-12,0,Overnight,0.0,False,2.39,2.39,-47.23,False,0.0,False
2021-11-12,2021-11-15,2,Weekend,48.0,False,20.95,20.95,-38.95,False,0.0,False
2021-11-15,2021-11-16,0,Overnight,0.0,False,29.97,29.97,-102.28,False,0.0,False
2021-11-16,2021-11-17,0,Overnight,0.0,False,-9.07,-9.07,-44.89,False,0.0,False
2021-11-17,2021-11-18,0,Overnight,0.0,False,-4.87,-4.87,-81.85,False,0.0,False
2021-11-18,2021-11-19,0,Overnight,0.0,False,-107.91,-107.91,-23.59,False,0.0,False
2021-11-19,2021-11-22,2,Weekend,48.0,False,199.34,199.34,11.57,False,0.0,False
2021-11-22,2021-11-23,0,Overnight,0.0,False,69.73,69.73,166.58,False,0.0,False
2021-11-23,2021-11-24,0,Overnight,0.0,False,10.69,10.69,-89.44,False,0.0,False
2021-11-24,2021-11-26,1,Short,24.0,False,-292.94,-292.94,-12.96,False,0.0,False
2021-11-26,2021-11-29,2,Weekend,48.0,True,84.86,84.86,-128.18,False,0.0,False
2021-11-29,2021-11-30,0,Overnight,0.0,False,-129.22,-129.22,-20.76,False,0.0,False
2021-11-30,2021-12-01,0,Overnight,0.0,False,135.7,135.7,-195.06,False,0.0,False
2021-12-01,2021-12-02,0,Overnight,0.0,False,122.12,122.12,85.97,False,0.0,False
2021-12-02,2021-12-03,0,Overnight,0.0,False,17.97,17.97,-200.76,False,0.0,False
2021-12-03,2021-12-06,2,Weekend,48.0,False,170.38,170.38,-52.93,False,0.0,False
2021-12-06,2021-12-07,0,Overnight,0.0,False,106.82,106.82,42.53,False,0.0,False
2021-12-07,2021-12-08,0,Overnight,0.0,False,5.53,5.53,-120.61,False,0.0,False
2021-12-08,2021-12-09,0,Overnight,0.0,False,-66.18,-66.18,50.61,False,0.0,False
2021-12-09,2021-12-10,0,Overnight,0.0,False,53.45,53.45,-93.42,False,0.0,False
2021-12-10,2021-12-13,2,Weekend,48.0,False,-20.04,-20.04,-99.55,False,0.0,False
2021-12-13,2021-12-14,0,Overnight,0.0,False,-29.81,-29.81,106.14,False,0.0,False
2021-12-14,2021-12-15,0,Overnight,0.0,False,45.14,45.14,-120.21,False,0.0,False
2021-12-15,2021-12-16,0,Overnight,0.0,False,153.93,153.93,1.25,False,0.0,False
2021-12-16,2021-12-17,0,Overnight,0.0,False,-68.18,-68.18,-161.99,False,0.0,False
2021-12-17,2021-12-20,2,Weekend,48.0,False,-144.57,-144.57,-36.96,False,0.0,False
2021-12-20,2021-12-21,0,Overnight,0.0,False,95.04,95.04,43.66,False,0.0,False
2021-12-21,2021-12-22,0,Overnight,0.0,False,-21.81,-21.81,60.81,False,0.0,False
2021-12-22,2021-12-23,0,Overnight,0.0,False,57.91,57.91,-22.23,False,0.0,False
2021-12-23,2021-12-27,3,Long,72.0,False,21.6,21.6,35.47,False,0.0,False
2021-12-27,2021-12-28,0,Overnight,0.0,False,2.53,2.53,27.77,False,0.0,False
2021-12-28,2021-12-29,0,Overnight,0.0,False,13.23,13.23,-18.27,False,0.0,False
2021-12-29,2021-12-30,0,Overnight,0.0,False,34.63,34.63,-39.67,False,0.0,False
2021-12-30,2021-12-31,0,Overnight,0.0,False,-1.89,-1.89,-6.31,False,0.0,False
2021-12-31,2022-01-03,2,Weekend,48.0,False,94.91,94.91,114.44,False,0.0,False
2022-01-03,2022-01-04,0,Overnight,0.0,False,160.12,160.12,211.97,False,0.0,False
2022-01-04,2022-01-05,0,Overnight,0.0,False,-0.6,58.82,-243.68,True,59.58,False
2022-01-05,2022-01-06,0,Overnight,0.0,False,189.31,189.31,-83.63,False,0.0,False
2022-01-06,2022-01-07,0,Overnight,0.0,False,9.06,9.06,89.54,False,0.0,False
2022-01-07,2022-01-10,2,Weekend,48.0,False,113.61,113.61,-104.05,False,0.0,False
2022-01-10,2022-01-11,0,Overnight,0.0,False,56.02,56.02,-45.87,False,0.0,False
2022-01-11,2022-01-12,0,Overnight,0.0,False,57.75,57.75,-1.19,False,0.0,False
2022-01-12,2022-01-13,0,Overnight,0.0,False,-5.94,-5.94,-6.54,False,0.0,False
2022-01-13,2022-01-14,0,Overnight,0.0,False,-454.2,-454.2,-180.14,False,0.0,False
2022-01-14,2022-01-18,3,Long,72.0,False,-134.54,-134.54,-293.78,False,0.0,False
2022-01-18,2022-01-19,0,Overnight,0.0,False,19.81,19.81,-175.71,False,0.0,False
2022-01-19,2022-01-20,0,Overnight,0.0,False,4.03,4.03,-89.67,False,0.0,False
2022-01-20,2022-01-21,0,Overnight,0.0,False,-10.84,-10.84,-165.43,False,0.0,False
2022-01-21,2022-01-24,2,Weekend,48.0,False,-194.88,-194.88,185.92,False,0.0,False
2022-01-24,2022-01-25,0,Overnight,0.0,False,-90.09,-90.09,198.5,False,0.0,False
2022-01-25,2022-01-26,0,Overnight,0.0,False,148.35,148.35,-53.94,False,0.0,False
2022-01-26,2022-01-27,0,Overnight,0.0,False,100.9,100.9,-278.92,False,0.0,False
2022-01-27,2022-01-28,0,Overnight,0.0,False,-77.37,-77.37,166.44,False,0.0,False
2022-01-28,2022-01-31,2,Weekend,48.0,False,-66.38,-66.38,201.2,False,0.0,False
2022-01-31,2022-02-01,0,Overnight,0.0,False,6.05,6.05,164.09,False,0.0,False
2022-02-01,2022-02-02,0,Overnight,0.0,False,-43.1,-43.1,-37.28,False,0.0,False
2022-02-02,2022-02-03,0,Overnight,0.0,False,4.0,4.0,-87.04,False,0.0,False
2022-02-03,2022-02-04,0,Overnight,0.0,False,26.86,26.86,229.41,False,0.0,False
2022-02-04,2022-02-07,2,Weekend,48.0,False,46.43,46.43,-13.06,False,0.0,False
2022-02-07,2022-02-08,0,Overnight,0.0,False,125.3,125.3,61.1,False,0.0,False
2022-02-08,2022-02-09,0,Overnight,0.0,False,40.95,40.95,0.64,False,0.0,False
2022-02-09,2022-02-10,0,Overnight,0.0,False,3.83,3.83,-45.42,False,0.0,False
2022-02-10,2022-02-11,0,Overnight,0.0,False,-21.83,-21.83,-109.2,False,0.0,False
2022-02-11,2022-02-14,2,Weekend,48.0,False,-77.61,-77.61,-15.73,False,0.0,False
2022-02-14,2022-02-15,0,Overnight,0.0,False,131.6,131.6,13.58,False,0.0,False
2022-02-15,2022-02-16,0,Overnight,0.0,False,-63.54,-63.54,81.62,False,0.0,False
2022-02-16,2022-02-17,0,Overnight,0.0,False,-129.87,-129.87,-103.14,False,0.0,False
2022-02-17,2022-02-18,0,Overnight,0.0,False,46.12,46.12,0.66,False,0.0,False
2022-02-18,2022-02-22,3,Long,72.0,False,-101.74,-101.74,83.98,False,0.0,False
2022-02-22,2022-02-23,0,Overnight,0.0,False,81.97,81.97,-293.58,False,0.0,False
2022-02-23,2022-02-24,0,Overnight,0.0,False,-394.39,-394.39,112.01,False,0.0,False
2022-02-24,2022-02-25,0,Overnight,0.0,False,48.31,48.31,185.53,False,0.0,False
2022-02-25,2022-02-28,2,Weekend,48.0,False,-303.26,-303.26,-122.66,False,0.0,False
2022-02-28,2022-03-01,0,Overnight,0.0,False,-124.9,-124.9,-259.7,False,0.0,False
2022-03-01,2022-03-02,0,Overnight,0.0,False,61.37,61.37,143.91,False,0.0,False
2022-03-02,2022-03-03,0,Overnight,0.0,False,40.13,40.13,-111.46,False,0.0,False
2022-03-03,2022-03-04,0,Overnight,0.0,False,-245.23,-245.23,-40.1,False,0.0,False
2022-03-04,2022-03-07,2,Weekend,48.0,False,-167.31,-167.31,-226.5,False,0.0,False
2022-03-07,2022-03-08,0,Overnight,0.0,False,33.22,33.22,-103.9,False,0.0,False
2022-03-08,2022-03-09,0,Overnight,0.0,False,352.26,352.26,40.55,False,0.0,False
2022-03-09,2022-03-10,0,Overnight,0.0,False,-119.11,-119.11,0.0,False,0.0,False
2022-03-10,2022-03-11,0,Overnight,0.0,False,47.66,47.66,-275.48,False,0.0,False
2022-03-11,2022-03-14,2,Weekend,47.0,False,44.13,44.13,54.69,False,0.0,False
2022-03-14,2022-03-15,0,Overnight,0.0,False,124.44,124.44,51.46,False,0.0,False
2022-03-15,2022-03-16,0,Overnight,0.0,False,178.8,178.8,258.37,False,0.0,False
2022-03-16,2022-03-17,0,Overnight,0.0,False,-111.89,-111.89,237.55,False,0.0,False
2022-03-17,2022-03-18,0,Overnight,0.0,False,2.85,2.85,-6.42,False,0.0,False
2022-03-18,2022-03-21,2,Weekend,48.0,False,17.83,17.83,-50.0,False,0.0,False
2022-03-21,2022-03-22,0,Overnight,0.0,False,185.87,185.87,24.57,False,0.0,False
2022-03-22,2022-03-23,0,Overnight,0.0,False,-115.66,-115.66,-85.48,False,0.0,False
2022-03-23,2022-03-24,0,Overnight,0.0,False,37.13,37.13,27.76,False,0.0,False
2022-03-24,2022-03-25,0,Overnight,0.0,False,28.39,28.39,58.66,False,0.0,False
2022-03-25,2022-03-28,2,Weekend,48.0,False,-136.21,-136.21,61.95,False,0.0,False
2022-03-28,2022-03-29,0,Overnight,0.0,False,174.52,174.52,-152.54,False,0.0,False
2022-03-29,2022-03-30,0,Overnight,0.0,False,50.87,50.87,-96.3,False,0.0,False
2022-03-30,2022-03-31,0,Overnight,0.0,False,-50.65,-50.65,-254.22,False,0.0,False
2022-03-31,2022-04-01,0,Overnight,0.0,False,78.91,78.91,-153.28,False,0.0,False
2022-04-01,2022-04-04,2,Weekend,48.0,False,-88.34,-88.34,132.58,False,0.0,False
2022-04-04,2022-04-05,0,Overnight,0.0,False,-136.31,-62.0,-54.6,True,73.58,False
2022-04-05,2022-04-06,0,Overnight,0.0,False,-132.87,-132.87,-6.84,False,0.0,False
2022-04-06,2022-04-07,0,Overnight,0.0,False,-41.15,-41.15,10.69,False,0.0,False
2022-04-07,2022-04-08,0,Overnight,0.0,False,44.15,44.15,137.28,False,0.0,False
2022-04-08,2022-04-11,2,Weekend,48.0,False,-36.77,-36.77,0.0,False,0.0,False
2022-04-11,2022-04-12,0,Overnight,0.0,False,-64.87,-64.87,-45.51,False,0.0,False
2022-04-12,2022-04-13,0,Overnight,0.0,False,-355.96,-355.96,28.32,False,0.0,False
2022-04-13,2022-04-14,0,Overnight,0.0,False,-63.04,-63.04,-30.08,False,0.0,False
2022-04-14,2022-04-18,3,Long,72.0,False,-35.74,-35.74,219.58,False,0.0,False
2022-04-18,2022-04-19,0,Overnight,0.0,False,-0.78,-0.78,205.73,False,0.0,False
2022-04-19,2022-04-20,0,Overnight,0.0,False,106.21,106.21,-71.19,False,0.0,False
2022-04-20,2022-04-21,0,Overnight,0.0,False,48.52,48.52,-126.34,False,0.0,False
2022-04-21,2022-04-22,0,Overnight,0.0,False,-21.47,-21.47,-269.96,False,0.0,False
2022-04-22,2022-04-25,2,Weekend,48.0,False,-63.29,-63.29,60.13,False,0.0,False
2022-04-25,2022-04-26,0,Overnight,0.0,False,-169.45,-169.45,-130.83,False,0.0,False
2022-04-26,2022-04-27,0,Overnight,0.0,False,-56.25,-56.25,-74.67,False,0.0,False
2022-04-27,2022-04-28,0,Overnight,0.0,False,113.83,113.83,43.06,False,0.0,False
2022-04-28,2022-04-29,0,Overnight,0.0,False,-23.54,-23.54,-304.47,False,0.0,False
2022-04-29,2022-05-02,2,Weekend,48.0,False,43.47,43.47,47.43,False,0.0,False
2022-05-02,2022-05-03,0,Overnight,0.0,False,89.26,89.26,122.67,False,0.0,False
2022-05-03,2022-05-04,0,Overnight,0.0,False,-18.71,-18.71,344.17,False,0.0,False
2022-05-04,2022-05-05,0,Overnight,0.0,False,-146.62,-146.62,-106.76,False,0.0,False
2022-05-05,2022-05-06,0,Overnight,0.0,False,-9.69,-9.69,-6.46,False,0.0,False
2022-05-06,2022-05-09,2,Weekend,48.0,False,-130.99,-130.99,-20.49,False,0.0,False
2022-05-09,2022-05-10,0,Overnight,0.0,False,102.05,102.05,-348.8,False,0.0,False
2022-05-10,2022-05-11,0,Overnight,0.0,False,34.43,34.43,-97.71,False,0.0,False
2022-05-11,2022-05-12,0,Overnight,0.0,False,-96.96,-96.96,88.5,False,0.0,False
2022-05-12,2022-05-13,0,Overnight,0.0,False,115.39,115.39,-26.84,False,0.0,False
2022-05-13,2022-05-16,2,Weekend,48.0,False,-46.29,-46.29,-23.65,False,0.0,False
2022-05-16,2022-05-17,0,Overnight,0.0,False,232.35,232.35,93.74,False,0.0,False
2022-05-17,2022-05-18,0,Overnight,0.0,False,-72.29,-72.29,-100.25,False,0.0,False
2022-05-18,2022-05-19,0,Overnight,0.0,False,-159.48,-159.48,10.15,False,0.0,False
2022-05-19,2022-05-20,0,Overnight,0.0,False,96.73,96.73,-179.06,False,0.0,False
2022-05-20,2022-05-23,2,Weekend,48.0,False,262.42,262.42,337.91,False,0.0,False
2022-05-23,2022-05-24,0,Overnight,0.0,False,-19.28,-19.28,159.54,False,0.0,False
2022-05-24,2022-05-25,0,Overnight,0.0,False,-6.33,-6.33,75.73,False,0.0,False
2022-05-25,2022-05-26,0,Overnight,0.0,False,88.42,88.42,83.01,False,0.0,False
2022-05-26,2022-05-27,0,Overnight,0.0,False,55.47,55.47,84.92,False,0.0,False
2022-05-27,2022-05-31,3,Long,72.0,False,-83.38,-83.38,156.25,False,0.0,False
2022-05-31,2022-06-01,0,Overnight,0.0,False,48.28,48.28,-225.29,False,0.0,False
2022-06-01,2022-06-02,0,Overnight,0.0,False,-0.77,-0.77,160.37,False,0.0,False
2022-06-02,2022-06-03,0,Overnight,0.0,False,-60.03,-60.03,-80.35,False,0.0,False
2022-06-03,2022-06-06,2,Weekend,48.0,False,71.2,71.2,-104.29,False,0.0,False
2022-06-06,2022-06-07,0,Overnight,0.0,False,-69.62,-69.62,95.79,False,0.0,False
2022-06-07,2022-06-08,0,Overnight,0.0,False,-82.6,-82.6,-77.82,False,0.0,False
2022-06-08,2022-06-09,0,Overnight,0.0,False,-49.34,-49.34,-163.06,False,0.0,False
2022-06-09,2022-06-10,0,Overnight,0.0,False,-219.45,-219.45,-251.11,False,0.0,False
2022-06-10,2022-06-13,2,Weekend,48.0,False,-227.58,-227.58,-74.73,False,0.0,False
2022-06-13,2022-06-14,0,Overnight,0.0,False,-38.01,-38.01,-129.79,False,0.0,False
2022-06-14,2022-06-15,0,Overnight,0.0,False,135.84,135.84,-18.18,False,0.0,False
2022-06-15,2022-06-16,0,Overnight,0.0,False,-135.21,-135.21,-37.84,False,0.0,False
2022-06-16,2022-06-17,0,Overnight,0.0,False,9.69,9.69,-45.02,False,0.0,False
2022-06-17,2022-06-21,3,Long,72.0,False,248.16,248.16,-3.45,False,0.0,False
2022-06-21,2022-06-22,0,Overnight,0.0,False,-82.36,-82.36,26.08,False,0.0,False
2022-06-22,2022-06-23,0,Overnight,0.0,False,-14.77,-14.77,-95.23,False,0.0,False
2022-06-23,2022-06-24,0,Overnight,0.0,False,-60.75,-60.75,354.84,False,0.0,False
2022-06-24,2022-06-27,2,Weekend,48.0,False,62.88,62.88,-143.32,False,0.0,False
2022-06-27,2022-06-28,0,Overnight,0.0,False,110.23,110.23,-158.47,False,0.0,False
2022-06-28,2022-06-29,0,Overnight,0.0,False,15.53,15.53,-60.53,False,0.0,False
2022-06-29,2022-06-30,0,Overnight,0.0,False,-186.46,-186.46,-49.61,False,0.0,False
2022-06-30,2022-07-01,0,Overnight,0.0,False,3.55,3.55,123.51,False,0.0,False
2022-07-01,2022-07-05,3,Long,72.0,False,-291.81,-201.94,165.63,True,87.68,False
2022-07-05,2022-07-06,0,Overnight,0.0,False,-79.34,-79.34,14.31,False,0.0,False
2022-07-06,2022-07-07,0,Overnight,0.0,False,142.87,142.87,106.92,False,0.0,False
2022-07-07,2022-07-08,0,Overnight,0.0,False,38.28,38.28,-69.71,False,0.0,False
2022-07-08,2022-07-11,2,Weekend,48.0,False,-71.08,-71.08,-60.95,False,0.0,False
2022-07-11,2022-07-12,0,Overnight,0.0,False,-24.84,-24.84,34.58,False,0.0,False
2022-07-12,2022-07-13,0,Overnight,0.0,False,-108.58,-108.58,14.31,False,0.0,False
2022-07-13,2022-07-14,0,Overnight,0.0,False,-356.56,-356.56,0.93,False,0.0,False
2022-07-14,2022-07-15,0,Overnight,0.0,False,106.84,106.84,341.3,False,0.0,False
2022-07-15,2022-07-18,2,Weekend,48.0,False,159.85,159.85,-263.08,False,0.0,False
2022-07-18,2022-07-19,0,Overnight,0.0,False,119.15,119.15,125.61,False,0.0,False
2022-07-19,2022-07-20,0,Overnight,0.0,False,-40.23,-40.23,38.49,False,0.0,False
2022-07-20,2022-07-21,0,Overnight,0.0,False,-8.73,-8.73,76.6,False,0.0,False
2022-07-21,2022-07-22,0,Overnight,0.0,False,-6.94,-6.94,-41.74,False,0.0,False
2022-07-22,2022-07-25,2,Weekend,48.0,False,93.67,93.67,-53.67,False,0.0,False
2022-07-25,2022-07-26,0,Overnight,0.0,False,-55.7,-55.7,-101.76,False,0.0,False
2022-07-26,2022-07-27,0,Overnight,0.0,False,51.88,51.88,107.31,False,0.0,False
2022-07-27,2022-07-28,0,Overnight,0.0,False,0.87,0.87,-38.25,False,0.0,False
2022-07-28,2022-07-29,0,Overnight,0.0,False,67.71,67.71,-19.92,False,0.0,False
2022-07-29,2022-08-01,2,Weekend,48.0,False,-74.83,-74.83,-25.36,False,0.0,False
2022-08-01,2022-08-02,0,Overnight,0.0,False,-25.42,-25.42,-131.66,False,0.0,False
2022-08-02,2022-08-03,0,Overnight,0.0,False,90.31,90.31,14.09,False,0.0,False
2022-08-03,2022-08-04,0,Overnight,0.0,False,-67.12,-67.12,-43.51,False,0.0,False
2022-08-04,2022-08-05,0,Overnight,0.0,False,15.12,15.12,282.99,False,0.0,False
2022-08-05,2022-08-08,2,Weekend,48.0,False,42.24,42.24,-164.79,False,0.0,False
2022-08-08,2022-08-09,0,Overnight,0.0,False,34.92,34.92,54.75,False,0.0,False
2022-08-09,2022-08-10,0,Overnight,0.0,False,221.15,221.15,36.39,False,0.0,False
2022-08-10,2022-08-11,0,Overnight,0.0,False,126.74,126.74,20.0,False,0.0,False
2022-08-11,2022-08-12,0,Overnight,0.0,False,44.02,44.02,120.26,False,0.0,False
2022-08-12,2022-08-15,2,Weekend,48.0,False,-81.39,-81.39,108.38,False,0.0,False
2022-08-15,2022-08-16,0,Overnight,0.0,False,-13.89,-13.89,108.98,False,0.0,False
2022-08-16,2022-08-17,0,Overnight,0.0,False,-108.16,-108.16,23.68,False,0.0,False
2022-08-17,2022-08-18,0,Overnight,0.0,False,-28.59,-28.59,-49.2,False,0.0,False
2022-08-18,2022-08-19,0,Overnight,0.0,False,-84.21,-84.21,-166.36,False,0.0,False
2022-08-19,2022-08-22,2,Weekend,48.0,False,-159.74,-159.74,-6.85,False,0.0,False
2022-08-22,2022-08-23,0,Overnight,0.0,False,1.71,1.71,-100.77,False,0.0,False
2022-08-23,2022-08-24,0,Overnight,0.0,False,-19.93,-19.93,44.14,False,0.0,False
2022-08-24,2022-08-25,0,Overnight,0.0,False,31.04,31.04,203.66,False,0.0,False
2022-08-25,2022-08-26,0,Overnight,0.0,False,76.47,76.47,-409.23,False,0.0,False
2022-08-26,2022-08-29,2,Weekend,48.0,False,-58.6,-58.6,34.15,False,0.0,False
2022-08-29,2022-08-30,0,Overnight,0.0,False,53.18,53.18,-51.44,False,0.0,False
2022-08-30,2022-08-31,0,Overnight,0.0,False,6.12,6.12,-65.73,False,0.0,False
2022-08-31,2022-09-01,0,Overnight,0.0,False,-38.76,-38.76,107.11,False,0.0,False
2022-09-01,2022-09-02,0,Overnight,0.0,False,118.07,118.07,-188.18,False,0.0,False
2022-09-02,2022-09-06,3,Long,72.0,False,54.38,54.38,-51.74,False,0.0,False
2022-09-06,2022-09-07,0,Overnight,0.0,False,-53.78,-53.78,241.9,False,0.0,False
2022-09-07,2022-09-08,0,Overnight,0.0,False,-53.64,-53.64,283.93,False,0.0,False
2022-09-08,2022-09-09,0,Overnight,0.0,False,45.43,45.43,2.52,False,0.0,False
2022-09-09,2022-09-12,2,Weekend,48.0,False,120.94,120.94,-3.32,False,0.0,False
2022-09-12,2022-09-13,0,Overnight,0.0,False,-210.36,-210.36,-143.31,False,0.0,False
2022-09-13,2022-09-14,0,Overnight,0.0,False,26.6,26.6,-49.82,False,0.0,False
2022-09-14,2022-09-15,0,Overnight,0.0,False,0.0,0.0,149.58,False,0.0,False
2022-09-15,2022-09-16,0,Overnight,0.0,False,-40.81,-40.81,-26.44,False,0.0,False
2022-09-16,2022-09-19,2,Weekend,48.0,False,-92.67,-92.67,184.49,False,0.0,False
2022-09-19,2022-09-20,0,Overnight,0.0,False,-63.68,-63.68,-135.49,False,0.0,False
2022-09-20,2022-09-21,0,Overnight,0.0,False,61.11,61.11,-353.7,False,0.0,False
2022-09-21,2022-09-22,0,Overnight,0.0,False,78.81,78.81,-193.25,False,0.0,False
2022-09-22,2022-09-23,0,Overnight,0.0,False,-104.85,-104.85,-83.03,False,0.0,False
2022-09-23,2022-09-26,2,Weekend,48.0,False,-105.0,-105.0,-112.67,False,0.0,False
2022-09-26,2022-09-27,0,Overnight,0.0,False,89.49,89.49,-177.91,False,0.0,False
2022-09-27,2022-09-28,0,Overnight,0.0,False,9.44,9.44,190.71,False,0.0,False
2022-09-28,2022-09-29,0,Overnight,0.0,False,-96.77,-96.77,-74.14,False,0.0,False
2022-09-29,2022-09-30,0,Overnight,0.0,False,-9.42,-9.42,-148.18,False,0.0,False
2022-09-30,2022-10-03,2,Weekend,48.0,False,106.61,106.61,197.8,False,0.0,False
2022-10-03,2022-10-04,0,Overnight,0.0,False,263.82,263.82,193.4,False,0.0,False
2022-10-04,2022-10-05,0,Overnight,0.0,False,-271.45,-180.75,58.14,True,88.68,False
2022-10-05,2022-10-06,0,Overnight,0.0,False,-84.6,-84.6,-121.33,False,0.0,False
2022-10-06,2022-10-07,0,Overnight,0.0,False,-57.5,-57.5,-144.26,False,0.0,False
2022-10-07,2022-10-10,2,Weekend,48.0,False,70.52,70.52,-164.37,False,0.0,False
2022-10-10,2022-10-11,0,Overnight,0.0,False,-59.23,-59.23,-233.62,False,0.0,False
2022-10-11,2022-10-12,0,Overnight,0.0,False,-15.7,-15.7,176.24,False,0.0,False
2022-10-12,2022-10-13,0,Overnight,0.0,False,-158.57,-158.57,699.6,False,0.0,False
2022-10-13,2022-10-14,0,Overnight,0.0,False,234.05,234.05,-69.01,False,0.0,False
2022-10-14,2022-10-17,2,Weekend,48.0,False,372.51,372.51,38.92,False,0.0,False
2022-10-17,2022-10-18,0,Overnight,0.0,False,322.72,322.72,-68.76,False,0.0,False
2022-10-18,2022-10-19,0,Overnight,0.0,False,-71.78,-71.78,-126.23,False,0.0,False
2022-10-19,2022-10-20,0,Overnight,0.0,False,55.63,55.63,-88.3,False,0.0,False
2022-10-20,2022-10-21,0,Overnight,0.0,False,28.38,28.38,483.57,False,0.0,False
2022-10-21,2022-10-24,2,Weekend,48.0,False,-13.1,-13.1,25.36,False,0.0,False
2022-10-24,2022-10-25,0,Overnight,0.0,False,-43.4,-43.4,69.52,False,0.0,False
2022-10-25,2022-10-26,0,Overnight,0.0,False,24.42,24.42,89.84,False,0.0,False
2022-10-26,2022-10-27,0,Overnight,0.0,False,87.44,87.44,-48.04,False,0.0,False
2022-10-27,2022-10-28,0,Overnight,0.0,False,55.22,55.22,62.86,False,0.0,False
2022-10-28,2022-10-31,2,Weekend,48.0,False,-30.19,-30.19,14.31,False,0.0,False
2022-10-31,2022-11-01,0,Overnight,0.0,False,78.34,78.34,100.38,False,0.0,False
2022-11-01,2022-11-02,0,Overnight,0.0,False,-39.09,-39.09,-53.41,False,0.0,False
2022-11-02,2022-11-03,0,Overnight,0.0,False,-52.12,-52.12,70.21,False,0.0,False
2022-11-03,2022-11-04,0,Overnight,0.0,False,178.43,178.43,91.48,False,0.0,False
2022-11-04,2022-11-07,2,Weekend,49.0,False,24.46,24.46,28.2,False,0.0,False
2022-11-07,2022-11-08,0,Overnight,0.0,False,-9.9,-9.9,15.99,False,0.0,False
2022-11-08,2022-11-09,0,Overnight,0.0,False,-9.89,-9.89,-121.05,False,0.0,False
2022-11-09,2022-11-10,0,Overnight,0.0,False,220.31,220.31,183.04,False,0.0,False
2022-11-10,2022-11-11,0,Overnight,0.0,False,8.14,8.14,8.13,False,0.0,False
2022-11-11,2022-11-14,2,Weekend,48.0,False,-37.02,-37.02,-66.24,False,0.0,False
2022-11-14,2022-11-15,0,Overnight,0.0,False,57.34,57.34,-130.04,False,0.0,False
2022-11-15,2022-11-16,0,Overnight,0.0,False,4.51,4.51,9.02,False,0.0,False
2022-11-16,2022-11-17,0,Overnight,0.0,False,-84.49,-84.49,40.83,False,0.0,False
2022-11-17,2022-11-18,0,Overnight,0.0,False,152.0,152.0,-54.4,False,0.0,False
2022-11-18,2022-11-21,2,Weekend,48.0,False,-7.47,-7.47,-51.73,False,0.0,False
2022-11-21,2022-11-22,0,Overnight,0.0,False,71.15,71.15,77.31,False,0.0,False
2022-11-22,2022-11-23,0,Overnight,0.0,False,-7.41,-7.41,113.48,False,0.0,False
2022-11-23,2022-11-25,1,Short,24.0,False,0.0,0.0,19.03,False,0.0,False
2022-11-25,2022-11-28,2,Weekend,48.0,True,-49.12,-49.12,-127.21,False,0.0,False
2022-11-28,2022-11-29,0,Overnight,0.0,False,23.05,23.05,140.11,False,0.0,False
2022-11-29,2022-11-30,0,Overnight,0.0,False,-34.48,-34.48,152.41,False,0.0,False
2022-11-30,2022-12-01,0,Overnight,0.0,False,0.0,0.0,-141.39,False,0.0,False
2022-12-01,2022-12-02,0,Overnight,0.0,False,-129.28,-129.28,49.69,False,0.0,False
2022-12-02,2022-12-05,2,Weekend,48.0,False,-68.3,-68.3,-216.12,False,0.0,False
2022-12-05,2022-12-06,0,Overnight,0.0,False,152.59,152.59,-135.86,False,0.0,False
2022-12-06,2022-12-07,0,Overnight,0.0,False,-21.3,-21.3,14.46,False,0.0,False
2022-12-07,2022-12-08,0,Overnight,0.0,False,62.92,62.92,41.48,False,0.0,False
2022-12-08,2022-12-09,0,Overnight,0.0,False,-51.31,-51.31,-3.03,False,0.0,False
2022-12-09,2022-12-12,2,Weekend,48.0,False,18.14,18.14,135.78,False,0.0,False
2022-12-12,2022-12-13,0,Overnight,0.0,False,197.72,197.72,-207.41,False,0.0,False
2022-12-13,2022-12-14,0,Overnight,0.0,False,-22.4,-22.4,-27.7,False,0.0,False
2022-12-14,2022-12-15,0,Overnight,0.0,False,-170.85,-170.85,-80.38,False,0.0,False
2022-12-15,2022-12-16,0,Overnight,0.0,False,-73.29,-73.29,10.83,False,0.0,False
2022-12-16,2022-12-19,2,Weekend,48.0,False,27.81,27.81,31.57,False,0.0,False
2022-12-19,2022-12-20,0,Overnight,0.0,False,69.72,69.72,-21.4,False,0.0,False
2022-12-20,2022-12-21,0,Overnight,0.0,False,113.36,113.36,-1.51,False,0.0,False
2022-12-21,2022-12-22,0,Overnight,0.0,False,-80.53,-80.53,-33.62,False,0.0,False
2022-12-22,2022-12-23,0,Overnight,0.0,False,-6.12,-6.12,53.46,False,0.0,False
2022-12-23,2022-12-27,3,Long,72.0,False,22.07,22.07,12.91,False,0.0,False
2022-12-27,2022-12-28,0,Overnight,0.0,False,8.35,8.35,46.16,False,0.0,False
2022-12-28,2022-12-29,0,Overnight,0.0,False,35.42,35.42,21.79,False,0.0,False
2022-12-29,2022-12-30,0,Overnight,0.0,False,-30.82,-30.82,96.66,False,0.0,False
2022-12-30,2023-01-03,3,Long,72.0,False,84.65,84.65,-8.88,False,0.0,False
2023-01-03,2023-01-04,0,Overnight,0.0,False,64.18,64.18,28.64,False,0.0,False
2023-01-04,2023-01-05,0,Overnight,0.0,False,-52.93,20.51,-22.88,True,73.32,False
2023-01-05,2023-01-06,0,Overnight,0.0,False,57.46,57.46,132.08,False,0.0,False
2023-01-06,2023-01-09,2,Weekend,48.0,False,47.73,47.73,-89.14,False,0.0,False
2023-01-09,2023-01-10,0,Overnight,0.0,False,30.53,30.53,58.61,False,0.0,False
2023-01-10,2023-01-11,0,Overnight,0.0,False,21.62,21.62,52.42,False,0.0,False
2023-01-11,2023-01-12,0,Overnight,0.0,False,26.46,26.46,-36.49,False,0.0,False
2023-01-12,2023-01-13,0,Overnight,0.0,False,-282.84,-282.84,532.05,False,0.0,False
2023-01-13,2023-01-17,3,Long,72.0,False,-129.5,-129.5,-26.24,False,0.0,False
2023-01-17,2023-01-18,0,Overnight,0.0,False,-134.42,-134.42,-170.61,False,0.0,False
2023-01-18,2023-01-19,0,Overnight,0.0,False,-91.95,-91.95,-42.21,False,0.0,False
2023-01-19,2023-01-20,0,Overnight,0.0,False,30.38,30.38,-5.92,False,0.0,False
2023-01-20,2023-01-23,2,Weekend,48.0,False,2.96,2.96,157.87,False,0.0,False
2023-01-23,2023-01-24,0,Overnight,0.0,False,-62.11,-62.11,147.71,False,0.0,False
2023-01-24,2023-01-25,0,Overnight,0.0,False,-28.93,-28.93,77.21,False,0.0,False
2023-01-25,2023-01-26,0,Overnight,0.0,False,21.54,21.54,40.09,False,0.0,False
2023-01-26,2023-01-27,0,Overnight,0.0,False,44.91,44.91,-20.65,False,0.0,False
2023-01-27,2023-01-30,2,Weekend,48.0,False,-77.98,-77.98,-7.18,False,0.0,False
2023-01-30,2023-01-31,0,Overnight,0.0,False,53.76,53.76,5.72,False,0.0,False
2023-01-31,2023-02-01,0,Overnight,0.0,False,-125.82,-125.82,99.35,False,0.0,False
2023-02-01,2023-02-02,0,Overnight,0.0,False,29.33,29.33,-76.0,False,0.0,False
2023-02-02,2023-02-03,0,Overnight,0.0,False,-54.85,-54.85,208.41,False,0.0,False
2023-02-03,2023-02-06,2,Weekend,48.0,False,-61.14,-61.14,119.8,False,0.0,False
2023-02-06,2023-02-07,0,Overnight,0.0,False,-38.12,-38.12,159.28,False,0.0,False
2023-02-07,2023-02-08,0,Overnight,0.0,False,-69.86,-69.86,-0.7,False,0.0,False
2023-02-08,2023-02-09,0,Overnight,0.0,False,33.59,33.59,-190.45,False,0.0,False
2023-02-09,2023-02-10,0,Overnight,0.0,False,-45.68,-45.68,89.74,False,0.0,False
2023-02-10,2023-02-13,2,Weekend,48.0,False,18.42,18.42,89.48,False,0.0,False
2023-02-13,2023-02-14,0,Overnight,0.0,False,-4.91,-4.91,49.0,False,0.0,False
2023-02-14,2023-02-15,0,Overnight,0.0,False,-111.65,-111.65,153.47,False,0.0,False
2023-02-15,2023-02-16,0,Overnight,0.0,False,-62.08,-62.08,-76.56,False,0.0,False
2023-02-16,2023-02-17,0,Overnight,0.0,False,-59.41,-59.41,88.98,False,0.0,False
2023-02-17,2023-02-21,3,Long,72.0,False,-109.57,-109.57,-75.63,False,0.0,False
2023-02-21,2023-02-22,0,Overnight,0.0,False,-50.98,-50.98,-25.95,False,0.0,False
2023-02-22,2023-02-23,0,Overnight,0.0,False,12.26,12.26,67.53,False,0.0,False
2023-02-23,2023-02-24,0,Overnight,0.0,False,-40.17,-40.17,129.98,False,0.0,False
2023-02-24,2023-02-27,2,Weekend,48.0,False,83.38,83.38,3.52,False,0.0,False
2023-02-27,2023-02-28,0,Overnight,0.0,False,54.72,54.72,28.64,False,0.0,False
2023-02-28,2023-03-01,0,Overnight,0.0,False,-87.58,-87.58,31.62,False,0.0,False
2023-03-01,2023-03-02,0,Overnight,0.0,False,-21.77,-21.77,-82.6,False,0.0,False
2023-03-02,2023-03-03,0,Overnight,0.0,False,31.14,31.14,150.79,False,0.0,False
2023-03-03,2023-03-06,2,Weekend,48.0,False,-15.33,-15.33,-43.32,False,0.0,False
2023-03-06,2023-03-07,0,Overnight,0.0,False,-56.88,-56.88,-241.61,False,0.0,False
2023-03-07,2023-03-08,0,Overnight,0.0,False,-44.83,-44.83,-14.5,False,0.0,False
2023-03-08,2023-03-09,0,Overnight,0.0,False,-75.76,-75.76,-480.81,False,0.0,False
2023-03-09,2023-03-10,0,Overnight,0.0,False,-106.44,-106.44,357.22,False,0.0,False
2023-03-10,2023-03-13,2,Weekend,47.0,False,-184.25,-184.25,3.05,False,0.0,False
2023-03-13,2023-03-14,0,Overnight,0.0,False,302.43,302.43,-48.91,False,0.0,False
2023-03-14,2023-03-15,0,Overnight,0.0,False,-274.11,-274.11,-209.85,False,0.0,False
2023-03-15,2023-03-16,0,Overnight,0.0,False,-19.51,-19.51,211.79,False,0.0,False
2023-03-16,2023-03-17,0,Overnight,0.0,False,-182.92,-182.92,-202.22,False,0.0,False
2023-03-17,2023-03-20,2,Weekend,48.0,False,93.36,93.36,11.81,False,0.0,False
2023-03-20,2023-03-21,0,Overnight,0.0,False,267.74,267.74,-3.06,False,0.0,False
2023-03-21,2023-03-22,0,Overnight,0.0,False,0.77,0.77,-262.29,False,0.0,False
2023-03-22,2023-03-23,0,Overnight,0.0,False,56.45,56.45,-83.22,False,0.0,False
2023-03-23,2023-03-24,0,Overnight,0.0,False,-95.85,-95.85,-57.48,False,0.0,False
2023-03-24,2023-03-27,2,Weekend,48.0,False,149.39,149.39,133.19,False,0.0,False
2023-03-27,2023-03-28,0,Overnight,0.0,False,17.11,17.11,13.2,False,0.0,False
2023-03-28,2023-03-29,0,Overnight,0.0,False,94.22,94.22,-74.06,False,0.0,False
2023-03-29,2023-03-30,0,Overnight,0.0,False,62.53,62.53,-92.77,False,0.0,False
2023-03-30,2023-03-31,0,Overnight,0.0,False,70.43,70.43,50.01,False,0.0,False
2023-03-31,2023-04-03,2,Weekend,48.0,False,-30.74,-30.74,19.23,False,0.0,False
2023-04-03,2023-04-04,0,Overnight,0.0,False,26.09,26.09,-160.67,False,0.0,False
2023-04-04,2023-04-05,0,Overnight,0.0,False,-126.95,-48.4,63.68,True,77.87,False
2023-04-05,2023-04-06,0,Overnight,0.0,False,-47.92,-47.92,36.94,False,0.0,False
2023-04-06,2023-04-10,3,Long,72.0,False,-73.23,-73.23,106.12,False,0.0,False
2023-04-10,2023-04-11,0,Overnight,0.0,False,32.01,32.01,17.13,False,0.0,False
2023-04-11,2023-04-12,0,Overnight,0.0,False,51.22,51.22,-52.78,False,0.0,False
2023-04-12,2023-04-13,0,Overnight,0.0,False,-3.11,-3.11,41.17,False,0.0,False
2023-04-13,2023-04-14,0,Overnight,0.0,False,466.5,466.5,261.44,False,0.0,False
2023-04-14,2023-04-17,2,Weekend,48.0,False,87.56,87.56,-8.58,False,0.0,False
2023-04-17,2023-04-18,0,Overnight,0.0,False,31.42,31.42,80.24,False,0.0,False
2023-04-18,2023-04-19,0,Overnight,0.0,False,-12.03,-12.03,-0.71,False,0.0,False
2023-04-19,2023-04-20,0,Overnight,0.0,False,-93.2,-93.2,64.12,False,0.0,False
2023-04-20,2023-04-21,0,Overnight,0.0,False,-76.28,-76.28,57.09,False,0.0,False
2023-04-21,2023-04-24,2,Weekend,48.0,False,-5.69,-5.69,19.2,False,0.0,False
2023-04-24,2023-04-25,0,Overnight,0.0,False,-80.62,-80.62,-139.22,False,0.0,False
2023-04-25,2023-04-26,0,Overnight,0.0,False,-3.63,-3.63,-175.19,False,0.0,False
2023-04-26,2023-04-27,0,Overnight,0.0,False,56.78,56.78,76.91,False,0.0,False
2023-04-27,2023-04-28,0,Overnight,0.0,False,-35.82,-35.82,122.27,False,0.0,False
2023-04-28,2023-05-01,2,Weekend,48.0,False,286.65,286.65,-74.79,False,0.0,False
2023-05-01,2023-05-02,0,Overnight,0.0,False,14.15,14.15,-176.94,False,0.0,False
2023-05-02,2023-05-03,0,Overnight,0.0,False,-34.61,-34.61,-179.29,False,0.0,False
2023-05-03,2023-05-04,0,Overnight,0.0,False,-75.29,-75.29,-62.44,False,0.0,False
2023-05-04,2023-05-05,0,Overnight,0.0,False,171.5,171.5,21.96,False,0.0,False
2023-05-05,2023-05-08,2,Weekend,48.0,False,54.7,54.7,-30.59,False,0.0,False
2023-05-08,2023-05-09,0,Overnight,0.0,False,-83.52,-83.52,35.25,False,0.0,False
2023-05-09,2023-05-10,0,Overnight,0.0,False,112.26,112.26,-107.13,False,0.0,False
2023-05-10,2023-05-11,0,Overnight,0.0,False,-109.03,-109.03,77.48,False,0.0,False
2023-05-11,2023-05-12,0,Overnight,0.0,False,56.44,56.44,-200.8,False,0.0,False
2023-05-12,2023-05-15,2,Weekend,48.0,False,12.67,12.67,71.24,False,0.0,False
2023-05-15,2023-05-16,0,Overnight,0.0,False,16.99,16.99,-84.51,False,0.0,False
2023-05-16,2023-05-17,0,Overnight,0.0,False,116.94,116.94,185.9,False,0.0,False
2023-05-17,2023-05-18,0,Overnight,0.0,False,-13.01,-13.01,88.56,False,0.0,False
2023-05-18,2023-05-19,0,Overnight,0.0,False,20.77,20.77,-43.73,False,0.0,False
2023-05-19,2023-05-22,2,Weekend,48.0,False,129.92,129.92,-212.89,False,0.0,False
2023-05-22,2023-05-23,0,Overnight,0.0,False,-35.56,-35.56,-69.31,False,0.0,False
2023-05-23,2023-05-24,0,Overnight,0.0,False,-87.5,-87.5,-4.43,False,0.0,False
2023-05-24,2023-05-25,0,Overnight,0.0,False,-38.49,-38.49,62.85,False,0.0,False
2023-05-25,2023-05-26,0,Overnight,0.0,False,32.38,32.38,60.79,False,0.0,False
2023-05-26,2023-05-30,3,Long,72.0,False,-10.23,-10.23,48.13,False,0.0,False
2023-05-30,2023-05-31,0,Overnight,0.0,False,-53.25,-53.25,-74.88,False,0.0,False
2023-05-31,2023-06-01,0,Overnight,0.0,False,59.51,59.51,77.34,False,0.0,False
2023-06-01,2023-06-02,0,Overnight,0.0,False,142.89,142.89,64.99,False,0.0,False
2023-06-02,2023-06-05,2,Weekend,48.0,False,-25.66,-25.66,-73.07,False,0.0,False
2023-06-05,2023-06-06,0,Overnight,0.0,False,-29.52,-29.52,47.48,False,0.0,False
2023-06-06,2023-06-07,0,Overnight,0.0,False,15.06,15.06,81.36,False,0.0,False
2023-06-07,2023-06-08,0,Overnight,0.0,False,-1.42,-1.42,4.26,False,0.0,False
2023-06-08,2023-06-09,0,Overnight,0.0,False,-27.04,-27.04,46.91,False,0.0,False
2023-06-09,2023-06-12,2,Weekend,48.0,False,4.25,4.25,-4.96,False,0.0,False
2023-06-12,2023-06-13,0,Overnight,0.0,False,-36.95,-36.95,109.03,False,0.0,False
2023-06-13,2023-06-14,0,Overnight,0.0,False,68.77,68.77,-106.16,False,0.0,False
2023-06-14,2023-06-15,0,Overnight,0.0,False,-63.81,-63.81,176.26,False,0.0,False
2023-06-15,2023-06-16,0,Overnight,0.0,False,-2.8,-2.8,14.67,False,0.0,False
2023-06-16,2023-06-20,3,Long,72.0,False,-45.47,-45.47,-5.61,False,0.0,False
2023-06-20,2023-06-21,0,Overnight,0.0,False,25.93,25.93,-40.67,False,0.0,False
2023-06-21,2023-06-22,0,Overnight,0.0,False,-0.7,-0.7,-193.7,False,0.0,False
2023-06-22,2023-06-23,0,Overnight,0.0,False,-74.79,-74.79,22.35,False,0.0,False
2023-06-23,2023-06-26,2,Weekend,48.0,False,1.44,1.44,23.02,False,0.0,False
2023-06-26,2023-06-27,0,Overnight,0.0,False,-13.66,-13.66,14.38,False,0.0,False
2023-06-27,2023-06-28,0,Overnight,0.0,False,-2.87,-2.87,-41.04,False,0.0,False
2023-06-28,2023-06-29,0,Overnight,0.0,False,106.22,106.22,237.05,False,0.0,False
2023-06-29,2023-06-30,0,Overnight,0.0,False,81.24,81.24,57.92,False,0.0,False
2023-06-30,2023-07-03,2,Weekend,48.0,False,51.44,51.44,28.69,False,0.0,False
2023-07-03,2023-07-05,1,Short,24.0,True,-114.56,-45.8,-20.72,True,68.21,False
2023-07-05,2023-07-06,0,Overnight,0.0,False,-112.63,-112.63,13.28,False,0.0,False
2023-07-06,2023-07-07,0,Overnight,0.0,False,48.76,48.76,29.83,False,0.0,False
2023-07-07,2023-07-10,2,Weekend,48.0,False,11.08,11.08,44.88,False,0.0,False
2023-07-10,2023-07-11,0,Overnight,0.0,False,81.65,81.65,73.53,False,0.0,False
2023-07-11,2023-07-12,0,Overnight,0.0,False,2.03,2.03,47.36,False,0.0,False
2023-07-12,2023-07-13,0,Overnight,0.0,False,37.06,37.06,11.43,False,0.0,False
2023-07-13,2023-07-14,0,Overnight,0.0,False,178.42,178.42,-118.15,False,0.0,False
2023-07-14,2023-07-17,2,Weekend,48.0,False,38.65,38.65,199.53,False,0.0,False
2023-07-17,2023-07-18,0,Overnight,0.0,False,0.0,0.0,18.24,False,0.0,False
2023-07-18,2023-07-19,0,Overnight,0.0,False,-59.4,-59.4,97.72,False,0.0,False
2023-07-19,2023-07-20,0,Overnight,0.0,False,18.14,18.14,104.29,False,0.0,False
2023-07-20,2023-07-21,0,Overnight,0.0,False,-22.44,-22.44,-54.71,False,0.0,False
2023-07-21,2023-07-24,2,Weekend,48.0,False,1.29,1.29,193.63,False,0.0,False
2023-07-24,2023-07-25,0,Overnight,0.0,False,-44.4,-44.4,-30.56,False,0.0,False
2023-07-25,2023-07-26,0,Overnight,0.0,False,-7.02,-7.02,66.78,False,0.0,False
2023-07-26,2023-07-27,0,Overnight,0.0,False,0.63,0.63,-111.54,False,0.0,False
2023-07-27,2023-07-28,0,Overnight,0.0,False,80.43,80.43,-23.55,False,0.0,False
2023-07-28,2023-07-31,2,Weekend,48.0,False,17.19,17.19,49.5,False,0.0,False
2023-07-31,2023-08-01,0,Overnight,0.0,False,-33.61,-33.61,-15.89,False,0.0,False
2023-08-01,2023-08-02,0,Overnight,0.0,False,-103.6,-103.6,-10.29,False,0.0,False
2023-08-02,2023-08-03,0,Overnight,0.0,False,-25.77,-25.77,86.72,False,0.0,False
2023-08-03,2023-08-04,0,Overnight,0.0,False,3.2,3.2,-24.33,False,0.0,False
2023-08-04,2023-08-07,2,Weekend,48.0,False,37.11,37.11,10.21,False,0.0,False
2023-08-07,2023-08-08,0,Overnight,0.0,False,-156.88,-156.88,100.58,False,0.0,False
2023-08-08,2023-08-09,0,Overnight,0.0,False,-35.99,-35.99,-99.0,False,0.0,False
2023-08-09,2023-08-10,0,Overnight,0.0,False,38.29,38.29,-53.26,False,0.0,False
2023-08-10,2023-08-11,0,Overnight,0.0,False,-34.57,-34.57,92.36,False,0.0,False
2023-08-11,2023-08-14,2,Weekend,48.0,False,-54.53,-54.53,75.23,False,0.0,False
2023-08-14,2023-08-15,0,Overnight,0.0,False,-124.83,-124.83,-133.04,False,0.0,False
2023-08-15,2023-08-16,0,Overnight,0.0,False,-15.26,-15.26,-27.26,False,0.0,False
2023-08-16,2023-08-17,0,Overnight,0.0,False,45.84,45.84,-150.25,False,0.0,False
2023-08-17,2023-08-18,0,Overnight,0.0,False,-66.15,-66.15,89.0,False,0.0,False
2023-08-18,2023-08-21,2,Weekend,48.0,False,45.54,45.54,-11.37,False,0.0,False
2023-08-21,2023-08-22,0,Overnight,0.0,False,-14.73,-14.73,-194.84,False,0.0,False
2023-08-22,2023-08-23,0,Overnight,0.0,False,-2.05,-2.05,69.45,False,0.0,False
2023-08-23,2023-08-24,0,Overnight,0.0,False,8.82,8.82,-18.32,False,0.0,False
2023-08-24,2023-08-25,0,Overnight,0.0,False,3.4,3.4,-15.63,False,0.0,False
2023-08-25,2023-08-28,2,Weekend,48.0,False,35.3,35.3,-0.68,False,0.0,False
2023-08-28,2023-08-29,0,Overnight,0.0,False,10.16,10.16,70.83,False,0.0,False
2023-08-29,2023-08-30,0,Overnight,0.0,False,-9.42,-9.42,-31.0,False,0.0,False
2023-08-30,2023-08-31,0,Overnight,0.0,False,6.75,6.75,-131.03,False,0.0,False
2023-08-31,2023-09-01,0,Overnight,0.0,False,-16.42,-16.42,49.85,False,0.0,False
2023-09-01,2023-09-05,3,Long,72.0,False,23.13,23.13,-134.08,False,0.0,False
2023-09-05,2023-09-06,0,Overnight,0.0,False,-34.49,-34.49,17.95,False,0.0,False
2023-09-06,2023-09-07,0,Overnight,0.0,False,-57.42,-57.42,-28.49,False,0.0,False
2023-09-07,2023-09-08,0,Overnight,0.0,False,-24.38,-24.38,32.03,False,0.0,False
2023-09-08,2023-09-11,2,Weekend,48.0,False,63.76,63.76,-20.05,False,0.0,False
2023-09-11,2023-09-12,0,Overnight,0.0,False,2.77,2.77,126.53,False,0.0,False
2023-09-12,2023-09-13,0,Overnight,0.0,False,68.1,68.1,-63.32,False,0.0,False
2023-09-13,2023-09-14,0,Overnight,0.0,False,97.2,97.2,94.92,False,0.0,False
2023-09-14,2023-09-15,0,Overnight,0.0,False,-22.14,-22.14,-7.39,False,0.0,False
2023-09-15,2023-09-18,2,Weekend,48.0,False,-43.78,-43.78,64.59,False,0.0,False
2023-09-18,2023-09-19,0,Overnight,0.0,False,25.45,25.45,-38.2,False,0.0,False
2023-09-19,2023-09-20,0,Overnight,0.0,False,48.23,48.23,-90.62,False,0.0,False
2023-09-20,2023-09-21,0,Overnight,0.0,False,-48.67,-48.67,-29.86,False,0.0,False
2023-09-21,2023-09-22,0,Overnight,0.0,False,10.19,10.19,-106.48,False,0.0,False
2023-09-22,2023-09-25,2,Weekend,48.0,False,-26.11,-26.11,75.39,False,0.0,False
2023-09-25,2023-09-26,0,Overnight,0.0,False,-127.13,-127.13,22.79,False,0.0,False
2023-09-26,2023-09-27,0,Overnight,0.0,False,17.92,17.92,40.55,False,0.0,False
2023-09-27,2023-09-28,0,Overnight,0.0,False,34.24,34.24,89.16,False,0.0,False
2023-09-28,2023-09-29,0,Overnight,0.0,False,68.2,68.2,-243.86,False,0.0,False
2023-09-29,2023-10-02,2,Weekend,48.0,False,-13.11,-13.11,-73.46,False,0.0,False
2023-10-02,2023-10-03,0,Overnight,0.0,False,-39.73,-39.73,-34.28,False,0.0,False
2023-10-03,2023-10-04,0,Overnight,0.0,False,33.58,33.58,11.17,False,0.0,False
2023-10-04,2023-10-05,0,Overnight,0.0,False,-91.81,-18.15,60.36,True,73.25,False
2023-10-05,2023-10-06,0,Overnight,0.0,False,0.7,0.7,152.08,False,0.0,False
2023-10-06,2023-10-09,2,Weekend,48.0,False,-99.74,-99.74,76.97,False,0.0,False
2023-10-09,2023-10-10,0,Overnight,0.0,False,44.8,44.8,15.8,False,0.0,False
2023-10-10,2023-10-11,0,Overnight,0.0,False,58.87,58.87,-24.6,False,0.0,False
2023-10-11,2023-10-12,0,Overnight,0.0,False,10.26,10.26,-33.55,False,0.0,False
2023-10-12,2023-10-13,0,Overnight,0.0,False,182.81,182.81,-33.73,False,0.0,False
2023-10-13,2023-10-16,2,Weekend,48.0,False,97.5,97.5,-107.64,False,0.0,False
2023-10-16,2023-10-17,0,Overnight,0.0,False,-18.96,-18.96,-2.71,False,0.0,False
2023-10-17,2023-10-18,0,Overnight,0.0,False,-63.92,-63.92,-46.5,False,0.0,False
2023-10-18,2023-10-19,0,Overnight,0.0,False,-29.51,-29.51,-13.07,False,0.0,False
2023-10-19,2023-10-20,0,Overnight,0.0,False,-49.68,-49.68,-112.69,False,0.0,False
2023-10-20,2023-10-23,2,Weekend,48.0,False,-0.7,-0.7,-136.65,False,0.0,False
2023-10-23,2023-10-24,0,Overnight,0.0,False,13.47,13.47,-1.42,False,0.0,False
2023-10-24,2023-10-25,0,Overnight,0.0,False,-42.59,-42.59,-12.1,False,0.0,False
2023-10-25,2023-10-26,0,Overnight,0.0,False,-45.69,-45.69,71.3,False,0.0,False
2023-10-26,2023-10-27,0,Overnight,0.0,False,-129.42,-129.42,-237.41,False,0.0,False
2023-10-27,2023-10-30,2,Weekend,48.0,False,55.12,55.12,71.57,False,0.0,False
2023-10-30,2023-10-31,0,Overnight,0.0,False,21.08,21.08,97.55,False,0.0,False
2023-10-31,2023-11-01,0,Overnight,0.0,False,13.65,13.65,-22.29,False,0.0,False
2023-11-01,2023-11-02,0,Overnight,0.0,False,82.43,82.43,94.49,False,0.0,False
2023-11-02,2023-11-03,0,Overnight,0.0,False,54.3,54.3,56.8,False,0.0,False
2023-11-03,2023-11-06,2,Weekend,49.0,False,11.88,11.88,63.36,False,0.0,False
2023-11-06,2023-11-07,0,Overnight,0.0,False,-39.64,-39.64,34.78,False,0.0,False
2023-11-07,2023-11-08,0,Overnight,0.0,False,6.94,6.94,42.24,False,0.0,False
2023-11-08,2023-11-09,0,Overnight,0.0,False,49.63,49.63,-79.39,False,0.0,False
2023-11-09,2023-11-10,0,Overnight,0.0,False,44.95,44.95,102.28,False,0.0,False
2023-11-10,2023-11-13,2,Weekend,48.0,False,-49.98,-49.98,5.49,False,0.0,False
2023-11-13,2023-11-14,0,Overnight,0.0,False,61.55,61.55,119.28,False,0.0,False
2023-11-14,2023-11-15,0,Overnight,0.0,False,1.35,1.35,85.85,False,0.0,False
2023-11-15,2023-11-16,0,Overnight,0.0,False,23.35,23.35,90.2,False,0.0,False
2023-11-16,2023-11-17,0,Overnight,0.0,False,49.4,49.4,40.65,False,0.0,False
2023-11-17,2023-11-20,2,Weekend,48.0,False,-48.54,-48.54,79.25,False,0.0,False
2023-11-20,2023-11-21,0,Overnight,0.0,False,-5.87,-5.87,-15.02,False,0.0,False
2023-11-21,2023-11-22,0,Overnight,0.0,False,28.72,28.72,-5.22,False,0.0,False
2023-11-22,2023-11-24,1,Short,24.0,False,16.94,16.94,-3.26,False,0.0,False
2023-11-24,2023-11-27,2,Weekend,48.0,True,-7.17,-7.17,-15.65,False,0.0,False
2023-11-27,2023-11-28,0,Overnight,0.0,False,1.96,1.96,20.86,False,0.0,False
2023-11-28,2023-11-29,0,Overnight,0.0,False,40.95,40.95,9.73,False,0.0,False
2023-11-29,2023-11-30,0,Overnight,0.0,False,38.16,38.16,75.24,False,0.0,False
2023-11-30,2023-12-01,0,Overnight,0.0,False,-16.67,-16.67,65.25,False,0.0,False
2023-12-01,2023-12-04,2,Weekend,48.0,False,-52.42,-52.42,125.48,False,0.0,False
2023-12-04,2023-12-05,0,Overnight,0.0,False,-46.31,-46.31,45.05,False,0.0,False
2023-12-05,2023-12-06,0,Overnight,0.0,False,54.92,54.92,-160.56,False,0.0,False
2023-12-06,2023-12-07,0,Overnight,0.0,False,24.28,24.28,6.38,False,0.0,False
2023-12-07,2023-12-08,0,Overnight,0.0,False,29.93,29.93,79.8,False,0.0,False
2023-12-08,2023-12-11,2,Weekend,48.0,False,0.0,0.0,36.52,False,0.0,False
2023-12-11,2023-12-12,0,Overnight,0.0,False,8.17,8.17,80.69,False,0.0,False
2023-12-12,2023-12-13,0,Overnight,0.0,False,0.0,0.0,33.58,False,0.0,False
2023-12-13,2023-12-14,0,Overnight,0.0,False,47.69,47.69,132.59,False,0.0,False
2023-12-14,2023-12-15,0,Overnight,0.0,False,-55.65,-55.65,130.98,False,0.0,False
2023-12-15,2023-12-18,2,Weekend,48.0,False,41.67,41.67,18.67,False,0.0,False
2023-12-18,2023-12-19,0,Overnight,0.0,False,-13.85,-13.85,146.51,False,0.0,False
2023-12-19,2023-12-20,0,Overnight,0.0,False,-27.34,-27.34,-86.09,False,0.0,False
2023-12-20,2023-12-21,0,Overnight,0.0,False,17.4,17.4,39.48,False,0.0,False
2023-12-21,2023-12-22,0,Overnight,0.0,False,0.0,0.0,-5.97,False,0.0,False
2023-12-22,2023-12-26,3,Long,72.0,False,3.58,3.58,55.38,False,0.0,False
2023-12-26,2023-12-27,0,Overnight,0.0,False,-32.72,-32.72,92.52,False,0.0,False
2023-12-27,2023-12-28,0,Overnight,0.0,False,-2.95,-2.95,55.94,False,0.0,False
2023-12-28,2023-12-29,0,Overnight,0.0,False,-17.63,-17.63,5.88,False,0.0,False
2023-12-29,2024-01-02,3,Long,72.0,False,-59.55,-59.55,175.28,False,0.0,False
2024-01-02,2024-01-03,0,Overnight,0.0,False,-12.79,-12.79,-30.89,False,0.0,False
2024-01-03,2024-01-04,0,Overnight,0.0,False,-40.35,20.99,45.02,True,61.29,False
2024-01-04,2024-01-05,0,Overnight,0.0,False,3.5,3.5,46.55,False,0.0,False
2024-01-05,2024-01-08,2,Weekend,48.0,False,-14.52,-14.52,0.0,False,0.0,False
2024-01-08,2024-01-09,0,Overnight,0.0,False,-23.28,-23.28,-56.09,False,0.0,False
2024-01-09,2024-01-10,0,Overnight,0.0,False,-38.75,-38.75,59.82,False,0.0,False
2024-01-10,2024-01-11,0,Overnight,0.0,False,-40.43,-40.43,-1.76,False,0.0,False
2024-01-11,2024-01-12,0,Overnight,0.0,False,203.44,203.44,-277.11,False,0.0,False
2024-01-12,2024-01-16,3,Long,72.0,False,-250.37,-250.37,187.47,False,0.0,False
2024-01-16,2024-01-17,0,Overnight,0.0,False,-38.77,-38.77,-14.95,False,0.0,False
2024-01-17,2024-01-18,0,Overnight,0.0,False,1.8,1.8,17.94,False,0.0,False
2024-01-18,2024-01-19,0,Overnight,0.0,False,7.76,7.76,163.38,False,0.0,False
2024-01-19,2024-01-22,2,Weekend,48.0,False,8.8,8.8,-20.55,False,0.0,False
2024-01-22,2024-01-23,0,Overnight,0.0,False,-25.9,-25.9,-40.16,False,0.0,False
2024-01-23,2024-01-24,0,Overnight,0.0,False,21.87,21.87,67.09,False,0.0,False
2024-01-24,2024-01-25,0,Overnight,0.0,False,105.6,105.6,36.5,False,0.0,False
2024-01-25,2024-01-26,0,Overnight,0.0,False,-19.1,-19.1,-19.14,False,0.0,False
2024-01-26,2024-01-29,2,Weekend,48.0,False,-2.32,-2.32,28.41,False,0.0,False
2024-01-29,2024-01-30,0,Overnight,0.0,False,5.79,5.79,197.08,False,0.0,False
2024-01-30,2024-01-31,0,Overnight,0.0,False,-3.97,-3.97,-104.98,False,0.0,False
2024-01-31,2024-02-01,0,Overnight,0.0,False,-41.38,-41.38,5.18,False,0.0,False
2024-02-01,2024-02-02,0,Overnight,0.0,False,-24.78,-24.78,82.18,False,0.0,False
2024-02-02,2024-02-05,2,Weekend,48.0,False,-49.92,-49.92,36.74,False,0.0,False
2024-02-05,2024-02-06,0,Overnight,0.0,False,6.3,6.3,28.02,False,0.0,False
2024-02-06,2024-02-07,0,Overnight,0.0,False,33.64,33.64,-14.81,False,0.0,False
2024-02-07,2024-02-08,0,Overnight,0.0,False,-24.54,-24.54,-11.43,False,0.0,False
2024-02-08,2024-02-09,0,Overnight,0.0,False,11.43,11.43,0.57,False,0.0,False
2024-02-09,2024-02-12,2,Weekend,48.0,False,-13.15,-13.15,57.62,False,0.0,False
2024-02-12,2024-02-13,0,Overnight,0.0,False,-26.77,-26.77,-60.65,False,0.0,False
2024-02-13,2024-02-14,0,Overnight,0.0,False,46.38,46.38,54.68,False,0.0,False
2024-02-14,2024-02-15,0,Overnight,0.0,False,6.81,6.81,208.98,False,0.0,False
2024-02-15,2024-02-16,0,Overnight,0.0,False,-14.47,-14.47,-32.34,False,0.0,False
2024-02-16,2024-02-20,3,Long,72.0,False,8.93,8.93,30.09,False,0.0,False
2024-02-20,2024-02-21,0,Overnight,0.0,False,12.23,12.23,52.65,False,0.0,False
2024-02-21,2024-02-22,0,Overnight,0.0,False,50.73,50.73,68.51,False,0.0,False
2024-02-22,2024-02-23,0,Overnight,0.0,False,40.34,40.34,9.79,False,0.0,False
2024-02-23,2024-02-26,2,Weekend,48.0,False,-13.05,-13.05,-21.25,False,0.0,False
2024-02-26,2024-02-27,0,Overnight,0.0,False,-2.73,-2.73,7.63,False,0.0,False
2024-02-27,2024-02-28,0,Overnight,0.0,False,-1.09,-1.09,51.66,False,0.0,False
2024-02-28,2024-02-29,0,Overnight,0.0,False,69.18,69.18,21.52,False,0.0,False
2024-02-29,2024-03-01,0,Overnight,0.0,False,-19.37,-19.37,-22.1,False,0.0,False
2024-03-01,2024-03-04,2,Weekend,48.0,False,-31.35,-31.35,106.09,False,0.0,False
2024-03-04,2024-03-05,0,Overnight,0.0,False,-17.16,-17.16,116.83,False,0.0,False
2024-03-05,2024-03-06,0,Overnight,0.0,False,37.06,37.06,14.78,False,0.0,False
2024-03-06,2024-03-07,0,Overnight,0.0,False,20.03,20.03,-108.0,False,0.0,False
2024-03-07,2024-03-08,0,Overnight,0.0,False,30.29,30.29,-11.68,False,0.0,False
2024-03-08,2024-03-11,2,Weekend,47.0,False,-50.07,-50.07,53.78,False,0.0,False
2024-03-11,2024-03-12,0,Overnight,0.0,False,34.99,34.99,46.99,False,0.0,False
2024-03-12,2024-03-13,0,Overnight,0.0,False,27.35,27.35,53.44,False,0.0,False
2024-03-13,2024-03-14,0,Overnight,0.0,False,-18.31,-18.31,-161.48,False,0.0,False
2024-03-14,2024-03-15,0,Overnight,0.0,False,-79.58,-79.58,202.78,False,0.0,False
2024-03-15,2024-03-18,2,Weekend,48.0,False,17.33,17.33,105.93,False,0.0,False
2024-03-18,2024-03-19,0,Overnight,0.0,False,2.6,2.6,55.89,False,0.0,False
2024-03-19,2024-03-20,0,Overnight,0.0,False,20.62,20.62,109.6,False,0.0,False
2024-03-20,2024-03-21,0,Overnight,0.0,False,9.67,9.67,128.42,False,0.0,False
2024-03-21,2024-03-22,0,Overnight,0.0,False,-2.51,-2.51,-120.82,False,0.0,False
2024-03-22,2024-03-25,2,Weekend,48.0,False,-1.02,-1.02,-90.95,False,0.0,False
2024-03-25,2024-03-26,0,Overnight,0.0,False,-11.81,-11.81,58.41,False,0.0,False
2024-03-26,2024-03-27,0,Overnight,0.0,False,39.26,39.26,152.52,False,0.0,False
2024-03-27,2024-03-28,0,Overnight,0.0,False,-1.5,-1.5,40.52,False,0.0,False
2024-03-28,2024-04-01,3,Long,72.0,False,-15.49,-15.49,-52.64,False,0.0,False
2024-04-01,2024-04-02,0,Overnight,0.0,False,-27.68,-27.68,23.66,False,0.0,False
2024-04-02,2024-04-03,0,Overnight,0.0,False,9.05,9.05,-37.25,False,0.0,False
2024-04-03,2024-04-04,0,Overnight,0.0,False,42.77,100.35,-177.31,True,57.99,False
2024-04-04,2024-04-05,0,Overnight,0.0,False,26.03,26.03,65.55,False,0.0,False
2024-04-05,2024-04-08,2,Weekend,48.0,False,8.61,8.61,43.42,False,0.0,False
2024-04-08,2024-04-09,0,Overnight,0.0,False,-20.68,-20.68,-46.56,False,0.0,False
2024-04-09,2024-04-10,0,Overnight,0.0,False,-81.49,-81.49,-4.09,False,0.0,False
2024-04-10,2024-04-11,0,Overnight,0.0,False,27.08,27.08,-29.12,False,0.0,False
2024-04-11,2024-04-12,0,Overnight,0.0,False,-370.6,-370.6,-298.05,False,0.0,False
2024-04-12,2024-04-15,2,Weekend,48.0,False,93.12,93.12,-87.65,False,0.0,False
2024-04-15,2024-04-16,0,Overnight,0.0,False,0.55,0.55,-115.48,False,0.0,False
2024-04-16,2024-04-17,0,Overnight,0.0,False,31.48,31.48,-71.38,False,0.0,False
2024-04-17,2024-04-18,0,Overnight,0.0,False,56.48,56.48,8.28,False,0.0,False
2024-04-18,2024-04-19,0,Overnight,0.0,False,63.25,63.25,184.69,False,0.0,False
2024-04-19,2024-04-22,2,Weekend,48.0,False,10.22,10.22,182.21,False,0.0,False
2024-04-22,2024-04-23,0,Overnight,0.0,False,90.4,90.4,52.7,False,0.0,False
2024-04-23,2024-04-24,0,Overnight,0.0,False,-84.15,-84.15,132.95,False,0.0,False
2024-04-24,2024-04-25,0,Overnight,0.0,False,-43.08,-43.08,58.09,False,0.0,False
2024-04-25,2024-04-26,0,Overnight,0.0,False,10.34,10.34,-4.13,False,0.0,False
2024-04-26,2024-04-29,2,Weekend,48.0,False,-0.52,-0.52,-10.34,False,0.0,False
2024-04-29,2024-04-30,0,Overnight,0.0,False,-24.35,-24.35,-55.65,False,0.0,False
2024-04-30,2024-05-01,0,Overnight,0.0,False,27.6,27.6,-21.35,False,0.0,False
2024-05-01,2024-05-02,0,Overnight,0.0,False,62.87,62.87,-73.3,False,0.0,False
2024-05-02,2024-05-03,0,Overnight,0.0,False,17.72,17.72,-77.91,False,0.0,False
2024-05-03,2024-05-06,2,Weekend,48.0,False,63.83,63.83,14.07,False,0.0,False
2024-05-06,2024-05-07,0,Overnight,0.0,False,-15.64,-15.64,2.61,False,0.0,False
2024-05-07,2024-05-08,0,Overnight,0.0,False,-39.19,-39.19,240.54,False,0.0,False
2024-05-08,2024-05-09,0,Overnight,0.0,False,-24.56,-24.56,118.68,False,0.0,False
2024-05-09,2024-05-10,0,Overnight,0.0,False,52.52,52.52,11.58,False,0.0,False
2024-05-10,2024-05-13,2,Weekend,48.0,False,1.51,1.51,-3.52,False,0.0,False
2024-05-13,2024-05-14,0,Overnight,0.0,False,13.58,13.58,125.34,False,0.0,False
2024-05-14,2024-05-15,0,Overnight,0.0,False,24.78,24.78,4.95,False,0.0,False
2024-05-15,2024-05-16,0,Overnight,0.0,False,5.44,5.44,12.36,False,0.0,False
2024-05-16,2024-05-17,0,Overnight,0.0,False,65.96,65.96,47.97,False,0.0,False
2024-05-17,2024-05-20,2,Weekend,48.0,False,-19.55,-19.55,-440.6,False,0.0,False
2024-05-20,2024-05-21,0,Overnight,0.0,False,72.34,72.34,127.11,False,0.0,False
2024-05-21,2024-05-22,0,Overnight,0.0,False,-26.1,-26.1,-34.73,False,0.0,False
2024-05-22,2024-05-23,0,Overnight,0.0,False,-25.24,-25.24,-45.09,False,0.0,False
2024-05-23,2024-05-24,0,Overnight,0.0,False,42.06,42.06,148.58,False,0.0,False
2024-05-24,2024-05-28,3,Long,72.0,False,-42.44,-42.44,-18.03,False,0.0,False
2024-05-28,2024-05-29,0,Overnight,0.0,False,-75.47,-75.47,5.55,False,0.0,False
2024-05-29,2024-05-30,0,Overnight,0.0,False,22.69,22.69,38.7,False,0.0,False
2024-05-30,2024-05-31,0,Overnight,0.0,False,-1.51,-1.51,165.7,False,0.0,False
2024-05-31,2024-06-03,2,Weekend,48.0,False,-15.81,-15.81,-24.25,False,0.0,False
2024-06-03,2024-06-04,0,Overnight,0.0,False,-82.59,-82.59,-50.09,False,0.0,False
2024-06-04,2024-06-05,0,Overnight,0.0,False,30.08,30.08,-125.94,False,0.0,False
2024-06-05,2024-06-06,0,Overnight,0.0,False,0.0,0.0,-17.76,False,0.0,False
2024-06-06,2024-06-07,0,Overnight,0.0,False,26.37,26.37,126.83,False,0.0,False
2024-06-07,2024-06-10,2,Weekend,48.0,False,-35.57,-35.57,18.55,False,0.0,False
2024-06-10,2024-06-11,0,Overnight,0.0,False,-85.53,-85.53,-181.0,False,0.0,False
2024-06-11,2024-06-12,0,Overnight,0.0,False,84.03,84.03,-230.7,False,0.0,False
2024-06-12,2024-06-13,0,Overnight,0.0,False,41.16,41.16,69.43,False,0.0,False
2024-06-13,2024-06-14,0,Overnight,0.0,False,-114.77,-114.77,120.97,False,0.0,False
2024-06-14,2024-06-17,2,Weekend,48.0,False,-15.49,-15.49,77.23,False,0.0,False
2024-06-17,2024-06-18,0,Overnight,0.0,False,-19.51,-19.51,122.58,False,0.0,False
2024-06-18,2024-06-20,1,Short,24.0,False,-31.01,-31.01,115.43,False,0.0,False
2024-06-20,2024-06-21,0,Overnight,0.0,False,-99.15,-99.15,-20.86,False,0.0,False
2024-06-21,2024-06-24,2,Weekend,48.0,False,76.63,76.63,53.95,False,0.0,False
2024-06-24,2024-06-25,0,Overnight,0.0,False,-39.8,-39.8,-1.01,False,0.0,False
2024-06-25,2024-06-26,0,Overnight,0.0,False,-31.35,-31.35,-1.01,False,0.0,False
2024-06-26,2024-06-27,0,Overnight,0.0,False,0.51,0.51,87.24,False,0.0,False
2024-06-27,2024-06-28,0,Overnight,0.0,False,42.09,42.09,111.87,False,0.0,False
2024-06-28,2024-07-01,2,Weekend,48.0,False,28.63,28.63,127.85,False,0.0,False
2024-07-01,2024-07-02,0,Overnight,0.0,False,-7.79,-7.79,170.97,False,0.0,False
2024-07-02,2024-07-03,0,Overnight,0.0,False,34.42,34.42,-41.12,False,0.0,False
2024-07-03,2024-07-05,1,Short,24.0,True,-81.79,-26.39,-106.85,True,55.11,False
2024-07-05,2024-07-08,2,Weekend,48.0,False,12.2,12.2,6.34,False,0.0,False
2024-07-08,2024-07-09,0,Overnight,0.0,False,22.4,22.4,96.79,False,0.0,False
2024-07-09,2024-07-10,0,Overnight,0.0,False,-72.02,-72.02,80.21,False,0.0,False
2024-07-10,2024-07-11,0,Overnight,0.0,False,-76.81,-76.81,59.95,False,0.0,False
2024-07-11,2024-07-12,0,Overnight,0.0,False,-167.7,-167.7,45.97,False,0.0,False
2024-07-12,2024-07-15,2,Weekend,48.0,False,109.19,109.19,137.09,False,0.0,False
2024-07-15,2024-07-16,0,Overnight,0.0,False,-2.38,-2.38,170.91,False,0.0,False
2024-07-16,2024-07-17,0,Overnight,0.0,False,8.42,8.42,142.57,False,0.0,False
2024-07-17,2024-07-18,0,Overnight,0.0,False,-57.34,-57.34,-265.52,False,0.0,False
2024-07-18,2024-07-19,0,Overnight,0.0,False,57.93,57.93,-67.46,False,0.0,False
2024-07-19,2024-07-22,2,Weekend,48.0,False,32.36,32.36,-8.56,False,0.0,False
2024-07-22,2024-07-23,0,Overnight,0.0,False,35.13,35.13,-32.75,False,0.0,False
2024-07-23,2024-07-24,0,Overnight,0.0,False,-37.15,-37.15,-45.92,False,0.0,False
2024-07-24,2024-07-25,0,Overnight,0.0,False,2.88,2.88,0.96,False,0.0,False
2024-07-25,2024-07-26,0,Overnight,0.0,False,27.28,27.28,142.36,False,0.0,False
2024-07-26,2024-07-29,2,Weekend,48.0,False,19.3,19.3,-85.01,False,0.0,False
2024-07-29,2024-07-30,0,Overnight,0.0,False,112.24,112.24,91.5,False,0.0,False
2024-07-30,2024-07-31,0,Overnight,0.0,False,-19.07,-19.07,-92.61,False,0.0,False
2024-07-31,2024-08-01,0,Overnight,0.0,False,18.78,18.78,-248.85,False,0.0,False
2024-08-01,2024-08-02,0,Overnight,0.0,False,-198.14,-198.14,-235.24,False,0.0,False
2024-08-02,2024-08-05,2,Weekend,48.0,False,-258.92,-258.92,43.71,False,0.0,False
2024-08-05,2024-08-06,0,Overnight,0.0,False,25.62,25.62,249.67,False,0.0,False
2024-08-06,2024-08-07,0,Overnight,0.0,False,156.99,156.99,-154.0,False,0.0,False
2024-08-07,2024-08-08,0,Overnight,0.0,False,102.76,102.76,78.22,False,0.0,False
2024-08-08,2024-08-09,0,Overnight,0.0,False,-28.95,-28.95,113.86,False,0.0,False
2024-08-09,2024-08-12,2,Weekend,48.0,False,29.6,29.6,-10.66,False,0.0,False
2024-08-12,2024-08-13,0,Overnight,0.0,False,74.41,74.41,10.1,False,0.0,False
2024-08-13,2024-08-14,0,Overnight,0.0,False,-9.62,-9.62,119.62,False,0.0,False
2024-08-14,2024-08-15,0,Overnight,0.0,False,130.42,130.42,-68.31,False,0.0,False
2024-08-15,2024-08-16,0,Overnight,0.0,False,6.62,6.62,107.13,False,0.0,False
2024-08-16,2024-08-19,2,Weekend,48.0,False,1.4,1.4,67.53,False,0.0,False
2024-08-19,2024-08-20,0,Overnight,0.0,False,-20.91,-20.91,-22.35,False,0.0,False
2024-08-20,2024-08-21,0,Overnight,0.0,False,-4.2,-4.2,7.93,False,0.0,False
2024-08-21,2024-08-22,0,Overnight,0.0,False,-0.93,-0.93,95.08,False,0.0,False
2024-08-22,2024-08-23,0,Overnight,0.0,False,44.68,44.68,32.58,False,0.0,False
2024-08-23,2024-08-26,2,Weekend,48.0,False,32.01,32.01,7.3,False,0.0,False
2024-08-26,2024-08-27,0,Overnight,0.0,False,15.5,15.5,30.48,False,0.0,False
2024-08-27,2024-08-28,0,Overnight,0.0,False,-42.33,-42.33,92.61,False,0.0,False
2024-08-28,2024-08-29,0,Overnight,0.0,False,38.79,38.79,2.7,False,0.0,False
2024-08-29,2024-08-30,0,Overnight,0.0,False,13.04,13.04,102.84,False,0.0,False
2024-08-30,2024-09-03,3,Long,72.0,False,-111.83,-111.83,-90.38,False,0.0,False
2024-09-03,2024-09-04,0,Overnight,0.0,False,33.53,33.53,-77.66,False,0.0,False
2024-09-04,2024-09-05,0,Overnight,0.0,False,37.32,37.32,-115.13,False,0.0,False
2024-09-05,2024-09-06,0,Overnight,0.0,False,-1.38,-1.38,-239.05,False,0.0,False
2024-09-06,2024-09-09,2,Weekend,48.0,False,127.68,127.68,75.0,False,0.0,False
2024-09-09,2024-09-10,0,Overnight,0.0,False,82.22,82.22,-615.06,False,0.0,False
2024-09-10,2024-09-11,0,Overnight,0.0,False,-15.09,-15.09,96.01,False,0.0,False
2024-09-11,2024-09-12,0,Overnight,0.0,False,20.25,20.25,-50.69,False,0.0,False
2024-09-12,2024-09-13,0,Overnight,0.0,False,12.58,12.58,-123.55,False,0.0,False
2024-09-13,2024-09-16,2,Weekend,48.0,False,73.63,73.63,98.14,False,0.0,False
2024-09-16,2024-09-17,0,Overnight,0.0,False,-6.26,-6.26,72.91,False,0.0,False
2024-09-17,2024-09-18,0,Overnight,0.0,False,-11.48,-11.48,-71.06,False,0.0,False
2024-09-18,2024-09-19,0,Overnight,0.0,False,107.83,107.83,33.31,False,0.0,False
2024-09-19,2024-09-20,0,Overnight,0.0,False,-26.17,-26.17,55.1,False,0.0,False
2024-09-20,2024-09-23,2,Weekend,48.0,False,-4.26,-4.26,20.83,False,0.0,False
2024-09-23,2024-09-24,0,Overnight,0.0,False,-13.73,-13.73,20.82,False,0.0,False
2024-09-24,2024-09-25,0,Overnight,0.0,False,4.25,4.25,-70.64,False,0.0,False
2024-09-25,2024-09-26,0,Overnight,0.0,False,44.62,44.62,-64.15,False,0.0,False
2024-09-26,2024-09-27,0,Overnight,0.0,False,41.39,41.39,-7.12,False,0.0,False
2024-09-27,2024-09-30,2,Weekend,48.0,False,-201.06,-201.06,218.15,False,0.0,False
2024-09-30,2024-10-01,0,Overnight,0.0,False,-93.39,-93.39,-89.44,False,0.0,False
2024-10-01,2024-10-02,0,Overnight,0.0,False,1.93,1.93,10.14,False,0.0,False
2024-10-02,2024-10-03,0,Overnight,0.0,False,-54.18,-54.18,-45.7,False,0.0,False
2024-10-03,2024-10-04,0,Overnight,0.0,False,196.37,255.92,91.32,True,60.91,False
2024-10-04,2024-10-07,2,Weekend,48.0,False,-9.0,-9.0,-4.74,False,0.0,False
2024-10-07,2024-10-08,0,Overnight,0.0,False,-16.61,-16.61,8.07,False,0.0,False
2024-10-08,2024-10-09,0,Overnight,0.0,False,-49.95,-49.95,175.84,False,0.0,False
2024-10-09,2024-10-10,0,Overnight,0.0,False,64.92,64.92,-92.13,False,0.0,False
2024-10-10,2024-10-11,0,Overnight,0.0,False,132.09,132.09,302.33,False,0.0,False
2024-10-11,2024-10-14,2,Weekend,48.0,False,40.85,40.85,-77.36,False,0.0,False
2024-10-14,2024-10-15,0,Overnight,0.0,False,97.95,97.95,-56.94,False,0.0,False
2024-10-15,2024-10-16,0,Overnight,0.0,False,-2.7,-2.7,58.75,False,0.0,False
2024-10-16,2024-10-17,0,Overnight,0.0,False,28.13,28.13,6.69,False,0.0,False
2024-10-17,2024-10-18,0,Overnight,0.0,False,25.81,25.81,16.43,False,0.0,False
2024-10-18,2024-10-21,2,Weekend,48.0,False,-6.66,-6.66,-99.06,False,0.0,False
2024-10-21,2024-10-22,0,Overnight,0.0,False,0.9,0.9,49.2,False,0.0,False
2024-10-22,2024-10-23,0,Overnight,0.0,False,-20.55,-20.55,-11.18,False,0.0,False
2024-10-23,2024-10-24,0,Overnight,0.0,False,-70.97,-70.97,141.0,False,0.0,False
2024-10-24,2024-10-25,0,Overnight,0.0,False,0.89,0.89,-120.28,False,0.0,False
2024-10-25,2024-10-28,2,Weekend,48.0,False,46.67,46.67,95.8,False,0.0,False
2024-10-28,2024-10-29,0,Overnight,0.0,False,-12.87,-12.87,-103.1,False,0.0,False
2024-10-29,2024-10-30,0,Overnight,0.0,False,-16.16,-16.16,83.68,False,0.0,False
2024-10-30,2024-10-31,0,Overnight,0.0,False,12.91,12.91,-124.49,False,0.0,False
2024-10-31,2024-11-01,0,Overnight,0.0,False,73.63,73.63,-27.77,False,0.0,False
2024-11-01,2024-11-04,2,Weekend,49.0,False,-13.02,-13.02,-129.74,False,0.0,False
2024-11-04,2024-11-05,0,Overnight,0.0,False,11.37,11.37,66.14,False,0.0,False
2024-11-05,2024-11-06,0,Overnight,0.0,False,592.08,592.08,500.46,False,0.0,False
2024-11-06,2024-11-07,0,Overnight,0.0,False,-104.16,-104.16,-337.75,False,0.0,False
2024-11-07,2024-11-08,0,Overnight,0.0,False,124.44,124.44,-99.09,False,0.0,False
2024-11-08,2024-11-11,2,Weekend,48.0,False,126.63,126.63,-29.63,False,0.0,False
2024-11-11,2024-11-12,0,Overnight,0.0,False,52.52,52.52,-41.24,False,0.0,False
2024-11-12,2024-11-13,0,Overnight,0.0,False,42.49,42.49,24.08,False,0.0,False
2024-11-13,2024-11-14,0,Overnight,0.0,False,52.11,52.11,-22.71,False,0.0,False
2024-11-14,2024-11-15,0,Overnight,0.0,False,-16.97,-16.97,158.19,False,0.0,False
2024-11-15,2024-11-18,2,Weekend,48.0,False,99.38,99.38,-110.8,False,0.0,False
2024-11-18,2024-11-19,0,Overnight,0.0,False,-114.1,-114.1,34.61,False,0.0,False
2024-11-19,2024-11-20,0,Overnight,0.0,False,53.74,53.74,-149.23,False,0.0,False
2024-11-20,2024-11-21,0,Overnight,0.0,False,101.24,101.24,62.71,False,0.0,False
2024-11-21,2024-11-22,0,Overnight,0.0,False,-47.1,-47.1,200.75,False,0.0,False
2024-11-22,2024-11-25,2,Weekend,48.0,False,41.76,41.76,28.01,False,0.0,False
2024-11-25,2024-11-26,0,Overnight,0.0,False,7.99,7.99,-20.78,False,0.0,False
2024-11-26,2024-11-27,0,Overnight,0.0,False,-24.83,-24.83,17.63,False,0.0,False
2024-11-27,2024-11-29,1,Short,24.0,False,2.8,2.8,-5.6,False,0.0,False
2024-11-29,2024-12-02,2,Weekend,48.0,True,-6.81,-6.81,-133.12,False,0.0,False
2024-12-02,2024-12-03,0,Overnight,0.0,False,80.08,80.08,-138.32,False,0.0,False
2024-12-03,2024-12-04,0,Overnight,0.0,False,-4.9,-4.9,-53.27,False,0.0,False
2024-12-04,2024-12-05,0,Overnight,0.0,False,81.43,81.43,3.67,False,0.0,False
2024-12-05,2024-12-06,0,Overnight,0.0,False,8.96,8.96,67.34,False,0.0,False
2024-12-06,2024-12-09,2,Weekend,48.0,False,-9.3,-9.3,-135.25,False,0.0,False
2024-12-09,2024-12-10,0,Overnight,0.0,False,3.28,3.28,-42.32,False,0.0,False
2024-12-10,2024-12-11,0,Overnight,0.0,False,46.83,46.83,-19.28,False,0.0,False
2024-12-11,2024-12-12,0,Overnight,0.0,False,-21.79,-21.79,-60.68,False,0.0,False
2024-12-12,2024-12-13,0,Overnight,0.0,False,22.33,22.33,-88.38,False,0.0,False
2024-12-13,2024-12-16,2,Weekend,48.0,False,27.88,27.88,-42.9,False,0.0,False
2024-12-16,2024-12-17,0,Overnight,0.0,False,-38.89,-38.89,-12.16,False,0.0,False
2024-12-17,2024-12-18,0,Overnight,0.0,False,26.81,26.81,-367.77,False,0.0,False
2024-12-18,2024-12-19,0,Overnight,0.0,False,82.14,82.14,29.66,False,0.0,False
2024-12-19,2024-12-20,0,Overnight,0.0,False,-44.74,-44.74,241.96,False,0.0,False
2024-12-20,2024-12-23,2,Weekend,48.0,False,-64.6,-64.6,97.8,False,0.0,False
2024-12-23,2024-12-24,0,Overnight,0.0,False,43.53,43.53,119.57,False,0.0,False
2024-12-24,2024-12-26,1,Short,24.0,True,-36.38,-36.38,70.58,False,0.0,False
2024-12-26,2024-12-27,0,Overnight,0.0,False,-17.29,-17.29,-64.06,False,0.0,False
2024-12-27,2024-12-30,2,Weekend,48.0,False,-100.01,-100.01,23.01,False,0.0,False
2024-12-30,2024-12-31,0,Overnight,0.0,False,30.46,30.46,-14.17,False,0.0,False
2024-12-31,2025-01-02,1,Short,24.0,False,50.35,50.35,-38.26,False,0.0,False
2025-01-02,2025-01-03,0,Overnight,0.0,False,160.78,160.78,-25.04,False,0.0,False
2025-01-03,2025-01-06,2,Weekend,48.0,False,17.25,68.41,-117.64,True,51.38,False
2025-01-06,2025-01-07,0,Overnight,0.0,False,53.42,53.42,42.45,False,0.0,False
2025-01-07,2025-01-08,0,Overnight,0.0,False,-17.29,-17.29,15.64,False,0.0,False
2025-01-08,2025-01-10,1,Short,24.0,False,-1.65,-1.65,-133.35,False,0.0,False
2025-01-10,2025-01-13,2,Weekend,48.0,False,-8.34,-8.34,187.66,False,0.0,False
2025-01-13,2025-01-14,0,Overnight,0.0,False,-63.67,-63.67,196.28,False,0.0,False
2025-01-14,2025-01-15,0,Overnight,0.0,False,117.7,117.7,77.57,False,0.0,False
2025-01-15,2025-01-16,0,Overnight,0.0,False,65.17,65.17,10.62,False,0.0,False
2025-01-16,2025-01-17,0,Overnight,0.0,False,-5.11,-5.11,195.6,False,0.0,False
2025-01-17,2025-01-21,3,Long,72.0,False,35.05,35.05,113.17,False,0.0,False
2025-01-21,2025-01-22,0,Overnight,0.0,False,-4.94,-4.94,-2.28,False,0.0,False
2025-01-22,2025-01-23,0,Overnight,0.0,False,70.14,70.14,47.49,False,0.0,False
2025-01-23,2025-01-24,0,Overnight,0.0,False,-85.34,-85.34,43.52,False,0.0,False
2025-01-24,2025-01-27,2,Weekend,48.0,False,-25.33,-25.33,63.39,False,0.0,False
2025-01-27,2025-01-28,0,Overnight,0.0,False,0.0,0.0,48.41,False,0.0,False
2025-01-28,2025-01-29,0,Overnight,0.0,False,2.62,2.62,-23.6,False,0.0,False
2025-01-29,2025-01-30,0,Overnight,0.0,False,76.61,76.61,-14.9,False,0.0,False
2025-01-30,2025-01-31,0,Overnight,0.0,False,37.21,37.21,-71.94,False,0.0,False
2025-01-31,2025-02-03,2,Weekend,48.0,False,-206.76,-206.76,188.41,False,0.0,False
2025-02-03,2025-02-04,0,Overnight,0.0,False,112.92,112.92,-70.66,False,0.0,False
2025-02-04,2025-02-05,0,Overnight,0.0,False,36.14,36.14,56.36,False,0.0,False
2025-02-05,2025-02-06,0,Overnight,0.0,False,74.42,74.42,162.01,False,0.0,False
2025-02-06,2025-02-07,0,Overnight,0.0,False,13.35,13.35,-53.16,False,0.0,False
2025-02-07,2025-02-10,2,Weekend,48.0,False,12.68,12.68,-186.78,False,0.0,False
2025-02-10,2025-02-11,0,Overnight,0.0,False,-28.82,-28.82,173.5,False,0.0,False
2025-02-11,2025-02-12,0,Overnight,0.0,False,-33.15,-33.15,49.86,False,0.0,False
2025-02-12,2025-02-13,0,Overnight,0.0,False,1.81,1.81,29.72,False,0.0,False
2025-02-13,2025-02-14,0,Overnight,0.0,False,37.93,37.93,-28.16,False,0.0,False
2025-02-14,2025-02-18,3,Long,72.0,False,6.14,6.14,114.6,False,0.0,False
2025-02-18,2025-02-19,0,Overnight,0.0,False,-56.24,-56.24,31.2,False,0.0,False
2025-02-19,2025-02-20,0,Overnight,0.0,False,-20.43,-20.43,-435.65,False,0.0,False
2025-02-20,2025-02-21,0,Overnight,0.0,False,56.81,56.81,-153.23,False,0.0,False
2025-02-21,2025-02-24,2,Weekend,48.0,False,47.19,47.19,-157.55,False,0.0,False
2025-02-24,2025-02-25,0,Overnight,0.0,False,34.0,34.0,-185.91,False,0.0,False
2025-02-25,2025-02-26,0,Overnight,0.0,False,-9.33,-9.33,63.18,False,0.0,False
2025-02-26,2025-02-27,0,Overnight,0.0,False,53.57,53.57,-43.53,False,0.0,False
2025-02-27,2025-02-28,0,Overnight,0.0,False,64.64,64.64,149.23,False,0.0,False
2025-02-28,2025-03-03,2,Weekend,48.0,False,-24.59,-24.59,-128.86,False,0.0,False
2025-03-03,2025-03-04,0,Overnight,0.0,False,-207.02,-207.02,-199.01,False,0.0,False
2025-03-04,2025-03-05,0,Overnight,0.0,False,39.88,39.88,11.14,False,0.0,False
2025-03-05,2025-03-06,0,Overnight,0.0,False,-136.9,-136.9,-63.48,False,0.0,False
2025-03-06,2025-03-07,0,Overnight,0.0,False,-53.28,-53.28,-121.02,False,0.0,False
2025-03-07,2025-03-10,2,Weekend,47.0,False,-253.73,-253.73,-170.36,False,0.0,False
2025-03-10,2025-03-11,0,Overnight,0.0,False,-20.26,-20.26,-113.26,False,0.0,False
2025-03-11,2025-03-12,0,Overnight,0.0,False,209.88,209.88,-264.14,False,0.0,False
2025-03-12,2025-03-13,0,Overnight,0.0,False,61.24,61.24,-180.87,False,0.0,False
2025-03-13,2025-03-14,0,Overnight,0.0,False,129.27,129.27,187.6,False,0.0,False
2025-03-14,2025-03-17,2,Weekend,48.0,False,-54.36,-54.36,118.25,False,0.0,False
2025-03-17,2025-03-18,0,Overnight,0.0,False,16.66,16.66,27.7,False,0.0,False
2025-03-18,2025-03-19,0,Overnight,0.0,False,32.72,32.72,141.94,False,0.0,False
2025-03-19,2025-03-20,0,Overnight,0.0,False,-107.22,-107.22,103.04,False,0.0,False
2025-03-20,2025-03-21,0,Overnight,0.0,False,-50.33,-50.33,159.36,False,0.0,False
2025-03-21,2025-03-24,2,Weekend,48.0,False,158.08,158.08,104.55,False,0.0,False
2025-03-24,2025-03-25,0,Overnight,0.0,False,50.26,50.26,72.74,False,0.0,False
2025-03-25,2025-03-26,0,Overnight,0.0,False,58.36,58.36,-62.35,False,0.0,False
2025-03-26,2025-03-27,0,Overnight,0.0,False,-59.93,-59.93,-56.67,False,0.0,False
2025-03-27,2025-03-28,0,Overnight,0.0,False,-47.67,-47.67,-167.01,False,0.0,False
2025-03-28,2025-03-31,2,Weekend,48.0,False,-142.66,-142.66,243.04,False,0.0,False
2025-03-31,2025-04-01,0,Overnight,0.0,False,-109.86,-109.86,42.77,False,0.0,False
2025-04-01,2025-04-02,0,Overnight,0.0,False,-84.9,-84.9,173.16,False,0.0,False
2025-04-02,2025-04-03,0,Overnight,0.0,False,-481.25,-481.25,-241.07,False,0.0,False
2025-04-03,2025-04-04,0,Overnight,0.0,False,-602.89,-538.07,-236.39,True,61.22,False
2025-04-04,2025-04-07,2,Weekend,48.0,False,-216.81,-216.81,412.71,False,0.0,False
2025-04-07,2025-04-08,0,Overnight,0.0,False,414.71,414.71,-302.03,False,0.0,False
2025-04-08,2025-04-09,0,Overnight,0.0,False,-203.56,-203.56,978.31,False,0.0,False
2025-04-09,2025-04-10,0,Overnight,0.0,False,-186.94,-186.94,-126.45,False,0.0,False
2025-04-10,2025-04-11,0,Overnight,0.0,False,-35.29,-35.29,427.73,False,0.0,False
2025-04-11,2025-04-14,2,Weekend,48.0,False,38.03,38.03,-100.89,False,0.0,False
2025-04-14,2025-04-15,0,Overnight,0.0,False,58.62,58.62,-126.59,False,0.0,False
2025-04-15,2025-04-16,0,Overnight,0.0,False,-48.59,-48.59,-103.55,False,0.0,False
2025-04-16,2025-04-17,0,Overnight,0.0,False,51.69,51.69,50.13,False,0.0,False
2025-04-17,2025-04-21,3,Long,72.0,False,-57.5,-57.5,-71.36,False,0.0,False
2025-04-21,2025-04-22,0,Overnight,0.0,False,129.73,129.73,154.42,False,0.0,False
2025-04-22,2025-04-23,0,Overnight,0.0,False,194.62,194.62,27.44,False,0.0,False
2025-04-23,2025-04-24,0,Overnight,0.0,False,-47.44,-47.44,202.33,False,0.0,False
2025-04-24,2025-04-25,0,Overnight,0.0,False,0.41,0.41,-45.06,False,0.0,False
2025-04-25,2025-04-28,2,Weekend,48.0,False,41.38,41.38,-54.94,False,0.0,False
2025-04-28,2025-04-29,0,Overnight,0.0,False,-42.44,-42.44,99.83,False,0.0,False
2025-04-29,2025-04-30,0,Overnight,0.0,False,-140.38,-140.38,140.38,False,0.0,False
2025-04-30,2025-05-01,0,Overnight,0.0,False,-73.03,-73.03,165.4,False,0.0,False
2025-05-01,2025-05-02,0,Overnight,0.0,False,175.45,175.45,49.63,False,0.0,False
2025-05-02,2025-05-05,2,Weekend,48.0,False,-52.81,-52.81,54.79,False,0.0,False
2025-05-05,2025-05-06,0,Overnight,0.0,False,-101.88,-101.88,-30.05,False,0.0,False
2025-05-06,2025-05-07,0,Overnight,0.0,False,24.04,24.04,-18.43,False,0.0,False
2025-05-07,2025-05-08,0,Overnight,0.0,False,87.03,87.03,75.24,False,0.0,False
2025-05-08,2025-05-09,0,Overnight,0.0,False,40.55,40.55,-55.95,False,0.0,False
2025-05-09,2025-05-12,2,Weekend,48.0,False,380.68,380.68,-109.0,False,0.0,False
2025-05-12,2025-05-13,0,Overnight,0.0,False,37.61,37.61,75.57,False,0.0,False
2025-05-13,2025-05-14,0,Overnight,0.0,False,-0.38,-0.38,99.88,False,0.0,False
2025-05-14,2025-05-15,0,Overnight,0.0,False,49.94,49.94,19.46,False,0.0,False
2025-05-15,2025-05-16,0,Overnight,0.0,False,0.37,0.37,2.24,False,0.0,False
2025-05-16,2025-05-19,2,Weekend,48.0,False,-75.41,-75.41,-25.26,False,0.0,False
2025-05-19,2025-05-20,0,Overnight,0.0,False,-89.5,-89.5,119.65,False,0.0,False
2025-05-20,2025-05-21,0,Overnight,0.0,False,-50.19,-50.19,-126.0,False,0.0,False
2025-05-21,2025-05-22,0,Overnight,0.0,False,-61.48,-61.48,47.3,False,0.0,False
2025-05-22,2025-05-23,0,Overnight,0.0,False,-149.19,-149.19,150.72,False,0.0,False
2025-05-23,2025-05-27,3,Long,72.0,False,50.89,50.89,123.26,False,0.0,False
2025-05-27,2025-05-28,0,Overnight,0.0,False,35.75,35.75,-103.83,False,0.0,False
2025-05-28,2025-05-29,0,Overnight,0.0,False,49.59,49.59,-16.25,False,0.0,False
2025-05-29,2025-05-30,0,Overnight,0.0,False,-34.86,-34.86,20.85,False,0.0,False
2025-05-30,2025-06-02,2,Weekend,48.0,False,-37.19,-37.19,62.16,False,0.0,False
2025-06-02,2025-06-03,0,Overnight,0.0,False,-35.2,-35.2,95.85,False,0.0,False
2025-06-03,2025-06-04,0,Overnight,0.0,False,-13.15,-13.15,-64.13,False,0.0,False
2025-06-04,2025-06-05,0,Overnight,0.0,False,19.66,19.66,-105.94,False,0.0,False
2025-06-05,2025-06-06,0,Overnight,0.0,False,90.45,90.45,52.83,False,0.0,False
2025-06-06,2025-06-09,2,Weekend,48.0,False,10.16,10.16,27.78,False,0.0,False
2025-06-09,2025-06-10,0,Overnight,0.0,False,-32.29,-32.29,101.78,False,0.0,False
2025-06-10,2025-06-11,0,Overnight,0.0,False,2.98,2.98,-19.75,False,0.0,False
2025-06-11,2025-06-12,0,Overnight,0.0,False,-48.22,-48.22,51.58,False,0.0,False
2025-06-12,2025-06-13,0,Overnight,0.0,False,-118.5,-118.5,-4.9,False,0.0,False
2025-06-13,2025-06-16,2,Weekend,48.0,False,77.07,77.07,125.06,False,0.0,False
2025-06-16,2025-06-17,0,Overnight,0.0,False,-81.33,-81.33,50.21,False,0.0,False
2025-06-17,2025-06-18,0,Overnight,0.0,False,17.79,17.79,145.6,False,0.0,False
2025-06-18,2025-06-20,1,Short,24.0,False,58.6,58.6,-20.71,False,0.0,False
2025-06-20,2025-06-23,2,Weekend,48.0,False,2.18,2.18,116.03,False,0.0,False
2025-06-23,2025-06-24,0,Overnight,0.0,False,69.47,69.47,37.4,False,0.0,False
2025-06-24,2025-06-25,0,Overnight,0.0,False,8.53,8.53,90.53,False,0.0,False
2025-06-25,2025-06-26,0,Overnight,0.0,False,22.51,22.51,141.25,False,0.0,False
2025-06-26,2025-06-27,0,Overnight,0.0,False,-102.34,-102.34,45.38,False,0.0,False
2025-06-27,2025-06-30,2,Weekend,48.0,False,113.94,113.94,-16.89,False,0.0,False
2025-06-30,2025-07-01,0,Overnight,0.0,False,33.75,33.75,-16.52,False,0.0,False
2025-07-01,2025-07-02,0,Overnight,0.0,False,55.97,55.97,-1.37,False,0.0,False
2025-07-02,2025-07-03,0,Overnight,0.0,False,5.14,52.94,130.92,True,47.95,False
2025-07-03,2025-07-07,3,Long,72.0,True,-25.37,-25.37,-111.71,False,0.0,False
2025-07-07,2025-07-08,0,Overnight,0.0,False,-92.91,-92.91,-226.91,False,0.0,False
2025-07-08,2025-07-09,0,Overnight,0.0,False,154.4,154.4,-140.97,False,0.0,False
2025-07-09,2025-07-10,0,Overnight,0.0,False,-5.65,-5.65,181.73,False,0.0,False
2025-07-10,2025-07-11,0,Overnight,0.0,False,-93.08,-93.08,46.82,False,0.0,False
2025-07-11,2025-07-14,2,Weekend,48.0,False,7.32,7.32,56.62,False,0.0,False
2025-07-14,2025-07-15,0,Overnight,0.0,False,-24.28,-24.28,-50.47,False,0.0,False
2025-07-15,2025-07-16,0,Overnight,0.0,False,64.35,64.35,-89.86,False,0.0,False
2025-07-16,2025-07-17,0,Overnight,0.0,False,-83.62,-83.62,225.36,False,0.0,False
2025-07-17,2025-07-18,0,Overnight,0.0,False,-13.12,-13.12,60.26,False,0.0,False
2025-07-18,2025-07-21,2,Weekend,48.0,False,-9.27,-9.27,-1.03,False,0.0,False
2025-07-21,2025-07-22,0,Overnight,0.0,False,18.2,18.2,-2.4,False,0.0,False
2025-07-22,2025-07-23,0,Overnight,0.0,False,48.27,48.27,132.97,False,0.0,False
2025-07-23,2025-07-24,0,Overnight,0.0,False,22.22,22.22,-29.3,False,0.0,False
2025-07-24,2025-07-25,0,Overnight,0.0,False,5.06,5.06,64.5,False,0.0,False
2025-07-25,2025-07-28,2,Weekend,48.0,False,-32.2,-32.2,20.81,False,0.0,False
2025-07-28,2025-07-29,0,Overnight,0.0,False,57.5,57.5,-99.16,False,0.0,False
2025-07-29,2025-07-30,0,Overnight,0.0,False,12.78,12.78,74.03,False,0.0,False
2025-07-30,2025-07-31,0,Overnight,0.0,False,-16.37,-16.37,-97.42,False,0.0,False
2025-07-31,2025-08-01,0,Overnight,0.0,False,-199.11,-199.11,-35.53,False,0.0,False
2025-08-01,2025-08-04,2,Weekend,48.0,False,30.71,30.71,136.87,False,0.0,False
2025-08-04,2025-08-05,0,Overnight,0.0,False,14.6,14.6,-113.3,False,0.0,False
2025-08-05,2025-08-06,0,Overnight,0.0,False,31.87,31.87,-32.55,False,0.0,False
2025-08-06,2025-08-07,0,Overnight,0.0,False,54.43,54.43,-206.95,False,0.0,False
2025-08-07,2025-08-08,0,Overnight,0.0,False,70.84,70.84,-7.62,False,0.0,False
2025-08-08,2025-08-11,2,Weekend,48.0,False,22.14,22.14,5.53,False,0.0,False
2025-08-11,2025-08-12,0,Overnight,0.0,False,66.77,66.77,46.21,False,0.0,False
2025-08-12,2025-08-13,0,Overnight,0.0,False,37.49,37.49,-117.03,False,0.0,False
2025-08-13,2025-08-14,0,Overnight,0.0,False,1.72,1.72,122.45,False,0.0,False
2025-08-14,2025-08-15,0,Overnight,0.0,False,23.09,23.09,-148.64,False,0.0,False
2025-08-15,2025-08-18,2,Weekend,48.0,False,-16.88,-16.88,52.62,False,0.0,False
2025-08-18,2025-08-19,0,Overnight,0.0,False,-24.04,-24.04,-5.85,False,0.0,False
2025-08-19,2025-08-20,0,Overnight,0.0,False,5.16,5.16,49.05,False,0.0,False
2025-08-20,2025-08-21,0,Overnight,0.0,False,-10.27,-10.27,-16.11,False,0.0,False
2025-08-21,2025-08-22,0,Overnight,0.0,False,59.18,59.18,103.15,False,0.0,False
2025-08-22,2025-08-25,2,Weekend,48.0,False,0.0,0.0,-45.34,False,0.0,False
2025-08-25,2025-08-26,0,Overnight,0.0,False,-25.12,-25.12,148.81,False,0.0,False
2025-08-26,2025-08-27,0,Overnight,0.0,False,-44.31,-44.31,68.06,False,0.0,False
2025-08-27,2025-08-28,0,Overnight,0.0,False,24.7,24.7,34.94,False,0.0,False
2025-08-28,2025-08-29,0,Overnight,0.0,False,32.17,32.17,-20.55,False,0.0,False
2025-08-29,2025-09-02,3,Long,72.0,False,-38.56,-38.56,-18.67,False,0.0,False
2025-09-02,2025-09-03,0,Overnight,0.0,False,28.99,28.99,-35.33,False,0.0,False
2025-09-03,2025-09-04,0,Overnight,0.0,False,16.35,16.35,126.53,False,0.0,False
2025-09-04,2025-09-05,0,Overnight,0.0,False,-5.6,-5.6,-310.04,False,0.0,False
2025-09-05,2025-09-08,2,Weekend,48.0,False,17.31,17.31,-67.37,False,0.0,False
2025-09-08,2025-09-09,0,Overnight,0.0,False,-10.59,-10.59,177.84,False,0.0,False
2025-09-09,2025-09-10,0,Overnight,0.0,False,-38.68,-38.68,128.59,False,0.0,False
2025-09-10,2025-09-11,0,Overnight,0.0,False,23.26,23.26,142.39,False,0.0,False
2025-09-11,2025-09-12,0,Overnight,0.0,False,-18.34,-18.34,62.43,False,0.0,False
2025-09-12,2025-09-15,2,Weekend,48.0,False,8.47,8.47,56.16,False,0.0,False
2025-09-15,2025-09-16,0,Overnight,0.0,False,35.55,35.55,-26.16,False,0.0,False
2025-09-16,2025-09-17,0,Overnight,0.0,False,38.74,38.74,43.72,False,0.0,False
2025-09-17,2025-09-18,0,Overnight,0.0,False,1.28,1.28,46.08,False,0.0,False
2025-09-18,2025-09-19,0,Overnight,0.0,False,11.81,11.81,37.56,False,0.0,False
2025-09-19,2025-09-22,2,Weekend,48.0,False,-159.47,-159.47,84.86,False,0.0,False
2025-09-22,2025-09-23,0,Overnight,0.0,False,-19.86,-19.86,29.46,False,0.0,False
2025-09-23,2025-09-24,0,Overnight,0.0,False,41.8,41.8,-20.08,False,0.0,False
2025-09-24,2025-09-25,0,Overnight,0.0,False,22.31,22.31,-21.35,False,0.0,False
2025-09-25,2025-09-26,0,Overnight,0.0,False,46.15,46.15,36.77,False,0.0,False
2025-09-26,2025-09-29,2,Weekend,48.0,False,31.59,31.59,-43.3,False,0.0,False
2025-09-29,2025-09-30,0,Overnight,0.0,False,17.72,17.72,-25.96,False,0.0,False
2025-09-30,2025-10-01,0,Overnight,0.0,False,-46.39,-46.39,-104.37,False,0.0,False
2025-10-01,2025-10-02,0,Overnight,0.0,False,-22.88,-22.88,-79.35,False,0.0,False
2025-10-02,2025-10-03,0,Overnight,0.0,False,31.17,31.17,49.15,False,0.0,False
2025-10-03,2025-10-06,2,Weekend,48.0,False,4.84,53.08,-32.29,True,48.38,False
2025-10-06,2025-10-07,0,Overnight,0.0,False,5.5,5.5,-53.81,False,0.0,False
2025-10-07,2025-10-08,0,Overnight,0.0,False,16.89,16.89,-136.55,False,0.0,False
2025-10-08,2025-10-09,0,Overnight,0.0,False,33.49,33.49,15.72,False,0.0,False
2025-10-09,2025-10-10,0,Overnight,0.0,False,4.25,4.25,-157.29,False,0.0,False
2025-10-10,2025-10-13,2,Weekend,48.0,False,155.32,155.32,77.25,False,0.0,False
2025-10-13,2025-10-14,0,Overnight,0.0,False,-69.4,-69.4,-123.7,False,0.0,False
2025-10-14,2025-10-15,0,Overnight,0.0,False,141.67,141.67,-22.87,False,0.0,False
2025-10-15,2025-10-16,0,Overnight,0.0,False,-11.13,-11.13,-225.55,False,0.0,False
2025-10-16,2025-10-17,0,Overnight,0.0,False,20.75,20.75,-53.63,False,0.0,False
2025-10-17,2025-10-20,2,Weekend,48.0,False,31.54,31.54,128.48,False,0.0,False
2025-10-20,2025-10-21,0,Overnight,0.0,False,-23.18,-23.18,-152.65,False,0.0,False
2025-10-21,2025-10-22,0,Overnight,0.0,False,22.86,22.86,-123.68,False,0.0,False
2025-10-22,2025-10-23,0,Overnight,0.0,False,9.18,9.18,5.43,False,0.0,False
2025-10-23,2025-10-24,0,Overnight,0.0,False,52.15,52.15,146.18,False,0.0,False
2025-10-24,2025-10-27,2,Weekend,48.0,False,57.09,57.09,65.64,False,0.0,False
2025-10-27,2025-10-28,0,Overnight,0.0,False,23.32,23.32,16.39,False,0.0,False
2025-10-28,2025-10-29,0,Overnight,0.0,False,-60.77,-60.77,65.68,False,0.0,False
2025-10-29,2025-10-30,0,Overnight,0.0,False,9.16,9.16,118.66,False,0.0,False
2025-10-30,2025-10-31,0,Overnight,0.0,False,-29.13,-29.13,83.27,False,0.0,False
2025-10-31,2025-11-03,2,Weekend,49.0,False,-3.86,-3.86,-53.2,False,0.0,False
2025-11-03,2025-11-04,0,Overnight,0.0,False,-85.71,-85.71,82.47,False,0.0,False
2025-11-04,2025-11-05,0,Overnight,0.0,False,11.63,11.63,66.64,False,0.0,False
2025-11-05,2025-11-06,0,Overnight,0.0,False,-22.16,-22.16,77.83,False,0.0,False
2025-11-06,2025-11-07,0,Overnight,0.0,False,-48.94,-48.94,74.11,False,0.0,False
2025-11-07,2025-11-10,2,Weekend,48.0,False,25.11,25.11,59.82,False,0.0,False
2025-11-10,2025-11-11,0,Overnight,0.0,False,19.23,19.23,-59.39,False,0.0,False
2025-11-11,2025-11-12,0,Overnight,0.0,False,20.26,20.26,130.37,False,0.0,False
2025-11-12,2025-11-13,0,Overnight,0.0,False,-36.9,-36.9,-310.18,False,0.0,False
2025-11-13,2025-11-14,0,Overnight,0.0,False,-63.86,-63.86,-127.64,False,0.0,False
2025-11-14,2025-11-17,2,Weekend,48.0,False,12.84,12.84,-120.13,False,0.0,False
2025-11-17,2025-11-18,0,Overnight,0.0,False,-29.01,-29.01,-3.01,False,0.0,False
2025-11-18,2025-11-19,0,Overnight,0.0,False,11.02,11.02,117.08,False,0.0,False
2025-11-19,2025-11-20,0,Overnight,0.0,False,100.72,100.72,-263.28,False,0.0,False
2025-11-20,2025-11-21,0,Overnight,0.0,False,97.05,97.05,-109.13,False,0.0,False
2025-11-21,2025-11-24,2,Weekend,48.0,False,7.38,7.38,-8.05,False,0.0,False
2025-11-24,2025-11-25,0,Overnight,0.0,False,68.56,68.56,97.84,False,0.0,False
2025-11-25,2025-11-26,0,Overnight,0.0,False,65.79,65.79,86.19,False,0.0,False
2025-11-26,2025-11-28,1,Short,24.0,False,47.35,47.35,127.94,False,0.0,False
2025-11-28,2025-12-01,2,Weekend,48.0,True,-4.15,-4.15,-129.61,False,0.0,False
2025-12-01,2025-12-02,0,Overnight,0.0,False,-5.83,-5.83,-27.89,False,0.0,False
2025-12-02,2025-12-03,0,Overnight,0.0,False,-22.11,-22.11,159.21,False,0.0,False
2025-12-03,2025-12-04,0,Overnight,0.0,False,36.14,36.14,90.25,False,0.0,False
2025-12-04,2025-12-05,0,Overnight,0.0,False,-14.56,-14.56,-19.03,False,0.0,False
2025-12-05,2025-12-08,2,Weekend,48.0,False,0.63,0.63,4.76,False,0.0,False
2025-12-08,2025-12-09,0,Overnight,0.0,False,-8.25,-8.25,-469.33,False,0.0,False
2025-12-09,2025-12-10,0,Overnight,0.0,False,-0.33,-0.33,314.79,False,0.0,False
2025-12-10,2025-12-11,0,Overnight,0.0,False,-28.09,-28.09,259.82,False,0.0,False
2025-12-11,2025-12-12,0,Overnight,0.0,False,72.21,72.21,-36.35,False,0.0,False
2025-12-12,2025-12-15,2,Weekend,48.0,False,33.54,33.54,13.45,False,0.0,False
2025-12-15,2025-12-16,0,Overnight,0.0,False,-29.1,-29.1,-111.56,False,0.0,False
2025-12-16,2025-12-17,0,Overnight,0.0,False,90.86,90.86,-108.93,False,0.0,False
2025-12-17,2025-12-18,0,Overnight,0.0,False,32.33,32.33,-95.39,False,0.0,False
2025-12-18,2025-12-19,0,Overnight,0.0,False,25.21,25.21,108.4,False,0.0,False
2025-12-19,2025-12-22,2,Weekend,48.0,False,9.45,9.45,174.22,False,0.0,False
2025-12-22,2025-12-23,0,Overnight,0.0,False,16.08,16.08,71.44,False,0.0,False
2025-12-23,2025-12-24,0,Overnight,0.0,False,9.51,9.51,89.41,False,0.0,False
2025-12-24,2025-12-26,1,Short,24.0,True,-1.82,-1.82,-36.53,False,0.0,False
2025-12-26,2025-12-29,2,Weekend,48.0,False,-27.79,-27.79,-99.89,False,0.0,False
2025-12-29,2025-12-30,0,Overnight,0.0,False,32.69,32.69,-42.89,False,0.0,False
2025-12-30,2025-12-31,0,Overnight,0.0,False,28.41,28.41,-65.58,False,0.0,False
2025-12-31,2026-01-02,1,Short,24.0,False,8.69,8.69,91.98,False,0.0,False
2026-01-02,2026-01-05,2,Weekend,48.0,False,0.61,0.61,258.98,False,0.0,False
2026-01-05,2026-01-06,0,Overnight,0.0,False,-42.6,2.39,59.65,True,44.9,False
2026-01-06,2026-01-07,0,Overnight,0.0,False,-104.24,-104.24,-126.12,False,0.0,False
2026-01-07,2026-01-08,0,Overnight,0.0,False,-18.37,-18.37,103.63,False,0.0,False
2026-01-08,2026-01-09,0,Overnight,0.0,False,-13.65,-13.65,-4.56,False,0.0,False
2026-01-09,2026-01-12,2,Weekend,48.0,False,-224.56,-224.56,80.76,False,0.0,False
2026-01-12,2026-01-13,0,Overnight,0.0,False,-5.86,-5.86,-421.98,False,0.0,False
2026-01-13,2026-01-14,0,Overnight,0.0,False,-87.22,-87.22,-10.71,False,0.0,False
2026-01-14,2026-01-15,0,Overnight,0.0,False,19.47,19.47,25.58,False,0.0,False
2026-01-15,2026-01-16,0,Overnight,0.0,False,35.18,35.18,68.08,False,0.0,False
2026-01-16,2026-01-20,3,Long,72.0,False,-202.37,-202.37,-113.97,False,0.0,False
2026-01-20,2026-01-21,0,Overnight,0.0,False,22.77,22.77,-45.91,False,0.0,False
2026-01-21,2026-01-22,0,Overnight,0.0,False,92.93,92.93,-40.43,False,0.0,False
2026-01-22,2026-01-23,0,Overnight,0.0,False,-53.83,-53.83,-142.74,False,0.0,False
2026-01-23,2026-01-26,2,Weekend,48.0,False,3.02,3.02,107.87,False,0.0,False
2026-01-26,2026-01-27,0,Overnight,0.0,False,9.63,9.63,-33.91,False,0.0,False
2026-01-27,2026-01-28,0,Overnight,0.0,False,-1.33,-1.33,16.64,False,0.0,False
2026-01-28,2026-01-29,0,Overnight,0.0,False,54.05,54.05,132.06,False,0.0,False
2026-01-29,2026-01-30,0,Overnight,0.0,False,-38.26,-38.26,20.94,False,0.0,False
2026-01-30,2026-02-02,2,Weekend,48.0,False,-46.86,-46.86,120.15,False,0.0,False
2026-02-02,2026-02-03,0,Overnight,0.0,False,51.47,51.47,163.95,False,0.0,False
2026-02-03,2026-02-04,0,Overnight,0.0,False,-13.98,-13.98,90.55,False,0.0,False
2026-02-04,2026-02-05,0,Overnight,0.0,False,-71.8,-71.8,-154.84,False,0.0,False
2026-02-05,2026-02-06,0,Overnight,0.0,False,145.63,145.63,241.41,False,0.0,False
2026-02-06,2026-02-09,2,Weekend,48.0,False,-32.93,-32.93,23.62,False,0.0,False
2026-02-09,2026-02-10,0,Overnight,0.0,False,13.96,13.96,-133.27,False,0.0,False
2026-02-10,2026-02-11,0,Overnight,0.0,False,154.64,154.64,-391.81,False,0.0,False
2026-02-11,2026-02-12,0,Overnight,0.0,False,46.86,46.86,-313.56,False,0.0,False
2026-02-12,2026-02-13,0,Overnight,0.0,False,-137.07,-137.07,134.1,False,0.0,False
2026-02-13,2026-02-17,3,Long,72.0,False,6.94,6.94,143.31,False,0.0,False
2026-02-17,2026-02-18,0,Overnight,0.0,False,43.21,43.21,10.37,False,0.0,False
2026-02-18,2026-02-19,0,Overnight,0.0,False,-52.28,-52.28,28.61,False,0.0,False
2026-02-19,2026-02-20,0,Overnight,0.0,False,11.36,11.36,77.2,False,0.0,False
2026-02-20,2026-02-23,2,Weekend,48.0,False,-64.24,-64.24,-367.08,False,0.0,False
2026-02-23,2026-02-24,0,Overnight,0.0,False,-28.6,-28.6,16.16,False,0.0,False
2026-02-24,2026-02-25,0,Overnight,0.0,False,44.97,44.97,154.83,False,0.0,False
2026-02-25,2026-02-26,0,Overnight,0.0,False,42.11,42.11,50.76,False,0.0,False
2026-02-26,2026-02-27,0,Overnight,0.0,False,-202.27,-202.27,9.99,False,0.0,False
2026-02-27,2026-03-02,2,Weekend,48.0,False,-184.51,-184.51,92.85,False,0.0,False
2026-03-02,2026-03-03,0,Overnight,0.0,False,-178.69,-178.69,269.02,False,0.0,False
2026-03-03,2026-03-04,0,Overnight,0.0,False,-9.0,-9.0,-20.02,False,0.0,False
2026-03-04,2026-03-05,0,Overnight,0.0,False,-47.21,-47.21,-149.78,False,0.0,False
2026-03-05,2026-03-06,0,Overnight,0.0,False,-248.68,-248.68,109.06,False,0.0,False
2026-03-06,2026-03-09,2,Weekend,47.0,False,-138.44,-138.44,153.63,False,0.0,False
2026-03-09,2026-03-10,0,Overnight,0.0,False,-21.75,-21.75,-19.38,False,0.0,False
2026-03-10,2026-03-11,0,Overnight,0.0,False,2.77,2.77,-44.77,False,0.0,False
2026-03-11,2026-03-12,0,Overnight,0.0,False,-164.46,-164.46,2.12,False,0.0,False
2026-03-12,2026-03-13,0,Overnight,0.0,False,62.72,62.72,-43.3,False,0.0,False
2026-03-13,2026-03-16,2,Weekend,48.0,False,101.79,101.79,-6.29,False,0.0,False
2026-03-16,2026-03-17,0,Overnight,0.0,False,98.76,98.76,-73.28,False,0.0,False
2026-03-17,2026-03-18,0,Overnight,0.0,False,-2.09,-2.09,31.68,False,0.0,False
2026-03-18,2026-03-19,0,Overnight,0.0,False,-29.93,-29.93,37.92,False,0.0,False
2026-03-19,2026-03-20,0,Overnight,0.0,False,3.82,3.82,-52.9,False,0.0,False
2026-03-20,2026-03-23,2,Weekend,48.0,False,266.86,266.86,-150.63,False,0.0,False
2026-03-23,2026-03-24,0,Overnight,0.0,False,-129.84,-129.84,215.37,False,0.0,False
2026-03-24,2026-03-25,0,Overnight,0.0,False,59.67,59.67,43.08,False,0.0,False
2026-03-25,2026-03-26,0,Overnight,0.0,False,-96.6,-96.6,-31.49,False,0.0,False
2026-03-26,2026-03-27,0,Overnight,0.0,False,-86.78,-86.78,-220.3,False,0.0,False
2026-03-27,2026-03-30,2,Weekend,48.0,False,66.95,66.95,-34.12,False,0.0,False
2026-03-30,2026-03-31,0,Overnight,0.0,False,164.27,164.27,195.33,False,0.0,False
2026-03-31,2026-04-01,0,Overnight,0.0,False,41.73,41.73,-0.34,False,0.0,False
2026-04-01,2026-04-02,0,Overnight,0.0,False,-118.17,-118.17,91.73,False,0.0,False
2026-04-02,2026-04-06,3,Long,72.0,False,-18.35,32.53,47.16,True,50.92,False
2026-04-06,2026-04-07,0,Overnight,0.0,False,-78.49,-78.49,144.28,False,0.0,False
2026-04-07,2026-04-08,0,Overnight,0.0,False,349.24,349.24,0.0,False,0.0,False
2026-04-08,2026-04-09,0,Overnight,0.0,False,-33.17,-33.17,109.51,False,0.0,False
2026-04-09,2026-04-10,0,Overnight,0.0,False,-10.64,-10.64,-4.19,False,0.0,False
2026-04-10,2026-04-13,2,Weekend,48.0,False,-77.75,-77.75,199.96,False,0.0,False
2026-04-13,2026-04-14,0,Overnight,0.0,False,-123.82,-123.82,41.87,False,0.0,False
2026-04-14,2026-04-15,0,Overnight,0.0,False,90.55,90.55,-258.77,False,0.0,False
2026-04-15,2026-04-16,0,Overnight,0.0,False,-18.98,-18.98,149.52,False,0.0,False
2026-04-16,2026-04-17,0,Overnight,0.0,False,80.97,80.97,-70.01,False,0.0,False
2026-04-17,2026-04-20,2,Weekend,48.0,False,18.03,18.03,195.6,False,0.0,False
2026-04-20,2026-04-21,0,Overnight,0.0,False,15.76,15.76,-142.43,False,0.0,False
2026-04-21,2026-04-22,0,Overnight,0.0,False,58.93,58.93,-58.29,False,0.0,False
2026-04-22,2026-04-23,0,Overnight,0.0,False,15.96,15.96,-58.54,False,0.0,False
2026-04-23,2026-04-24,0,Overnight,0.0,False,-17.34,-17.34,-92.67,False,0.0,False
2026-04-24,2026-04-27,2,Weekend,48.0,False,-45.52,-45.52,153.6,False,0.0,False
2026-04-27,2026-04-28,0,Overnight,0.0,False,113.91,113.91,-119.69,False,0.0,False
2026-04-28,2026-04-29,0,Overnight,0.0,False,-28.3,-28.3,-42.59,False,0.0,False
2026-04-29,2026-04-30,0,Overnight,0.0,False,-70.74,-70.74,198.62,False,0.0,False
2026-04-30,2026-05-01,0,Overnight,0.0,False,22.96,22.96,-47.25,False,0.0,False
2026-05-01,2026-05-04,2,Weekend,48.0,False,-59.38,-59.38,-96.08,False,0.0,False
2026-05-04,2026-05-05,0,Overnight,0.0,False,1.95,1.95,54.77,False,0.0,False
2026-05-05,2026-05-06,0,Overnight,0.0,False,66.04,66.04,110.16,False,0.0,False
2026-05-06,2026-05-07,0,Overnight,0.0,False,-7.94,-7.94,-269.94,False,0.0,False
2026-05-07,2026-05-08,0,Overnight,0.0,False,64.44,64.44,-201.53,False,0.0,False
2026-05-08,2026-05-11,2,Weekend,48.0,False,0.0,0.0,-69.76,False,0.0,False
2026-05-11,2026-05-12,0,Overnight,0.0,False,0.67,0.67,160.69,False,0.0,False
2026-05-12,2026-05-13,0,Overnight,0.0,False,-85.98,-85.98,-67.05,False,0.0,False
2026-05-13,2026-05-14,0,Overnight,0.0,False,66.39,66.39,-77.72,False,0.0,False
2026-05-14,2026-05-15,0,Overnight,0.0,False,10.0,10.0,-80.27,False,0.0,False
2026-05-15,2026-05-18,2,Weekend,48.0,False,6.38,6.38,91.19,False,0.0,False
2026-05-18,2026-05-19,0,Overnight,0.0,False,11.96,11.96,-180.64,False,0.0,False
2026-05-19,2026-05-20,0,Overnight,0.0,False,33.76,33.76,176.39,False,0.0,False
2026-05-20,2026-05-21,0,Overnight,0.0,False,-24.87,-24.87,58.59,False,0.0,False
2026-05-21,2026-05-22,0,Overnight,0.0,False,55.29,55.29,55.64,False,0.0,False
2026-05-22,2026-05-26,3,Long,72.0,False,68.63,68.63,-56.89,False,0.0,False
2026-05-26,2026-05-27,0,Overnight,0.0,False,-56.89,-56.89,-189.32,False,0.0,False
2026-05-27,2026-05-28,0,Overnight,0.0,False,-57.3,-57.3,-28.27,False,0.0,False
2026-05-28,2026-05-29,0,Overnight,0.0,False,-11.13,-11.13,97.7,False,0.0,False
2026-05-29,2026-06-01,2,Weekend,48.0,False,-54.27,-54.27,-37.36,False,0.0,False
2026-06-01,2026-06-02,0,Overnight,0.0,False,-2.7,-2.7,149.3,False,0.0,False
2026-06-02,2026-06-03,0,Overnight,0.0,False,-34.62,-34.62,30.96,False,0.0,False
2026-06-03,2026-06-04,0,Overnight,0.0,False,161.23,161.23,167.04,False,0.0,False
2026-06-04,2026-06-05,0,Overnight,0.0,False,108.77,108.77,-61.28,False,0.0,False
2026-06-05,2026-06-08,2,Weekend,48.0,False,28.13,28.13,-68.55,False,0.0,False
2026-06-08,2026-06-09,0,Overnight,0.0,False,76.85,76.85,-25.87,False,0.0,False
2026-06-09,2026-06-10,0,Overnight,0.0,False,-4.48,-4.48,-110.02,False,0.0,False
2026-06-10,2026-06-11,0,Overnight,0.0,False,13.58,13.58,126.16,False,0.0,False
2026-06-11,2026-06-12,0,Overnight,0.0,False,78.8,78.8,149.21,False,0.0,False
2026-06-12,2026-06-15,2,Weekend,48.0,False,99.28,99.28,-140.52,False,0.0,False
2026-06-15,2026-06-16,0,Overnight,0.0,False,152.25,152.25,208.72,False,0.0,False
2026-06-16,2026-06-17,0,Overnight,0.0,False,31.36,31.36,38.46,False,0.0,False
2026-06-17,2026-06-18,0,Overnight,0.0,False,104.12,104.12,-354.33,False,0.0,False
2026-06-18,2026-06-22,3,Long,72.0,False,136.81,136.81,53.84,False,0.0,False
2026-06-22,2026-06-23,0,Overnight,0.0,False,-60.82,-60.82,140.75,False,0.0,False
2026-06-23,2026-06-24,0,Overnight,0.0,False,-32.07,-32.07,11.4,False,0.0,False
2026-06-24,2026-06-25,0,Overnight,0.0,False,45.18,45.18,4.78,False,0.0,False
2026-06-25,2026-06-26,0,Overnight,0.0,False,26.22,26.22,-209.01,False,0.0,False
2026-06-26,2026-06-29,2,Weekend,48.0,False,-23.43,-23.43,33.76,False,0.0,False
2026-06-29,2026-06-30,0,Overnight,0.0,False,-15.19,-15.19,-47.55,False,0.0,False
2026-06-30,2026-07-01,0,Overnight,0.0,False,31.72,31.72,172.1,False,0.0,False
2026-07-01,2026-07-02,0,Overnight,0.0,False,117.54,117.54,-105.58,False,0.0,False
2026-07-02,2026-07-06,3,Long,72.0,False,15.83,60.51,80.87,True,44.85,False
2026-07-06,2026-07-07,0,Overnight,0.0,False,96.07,96.07,-51.75,False,0.0,False
2026-07-07,2026-07-08,0,Overnight,0.0,False,-79.62,-79.62,-177.18,False,0.0,False
2026-07-08,2026-07-09,0,Overnight,0.0,False,25.37,25.37,120.25,False,0.0,False
2026-07-09,2026-07-10,0,Overnight,0.0,False,59.44,59.44,-29.68,False,0.0,False
2026-07-10,2026-07-13,2,Weekend,48.0,False,55.42,55.42,-113.25,False,0.0,False
2026-07-13,2026-07-14,0,Overnight,0.0,False,-227.66,-227.66,474.5,False,0.0,False
2026-07-14,2026-07-15,0,Overnight,0.0,False,85.95,85.95,30.6,False,0.0,False
2026-07-15,2026-07-16,0,Overnight,0.0,False,68.08,68.08,-177.06,False,0.0,False
2026-07-16,2026-07-17,0,Overnight,0.0,False,-120.79,-120.79,60.87,False,0.0,False
2026-07-17,2026-07-20,2,Weekend,48.0,False,20.5,20.5,-86.09,False,0.0,False
2026-07-20,2026-07-21,0,Overnight,0.0,False,36.82,36.82,149.12,False,0.0,False
2026-07-21,2026-07-22,0,Overnight,0.0,False,-4.64,-4.64,90.58,False,0.0,False
2026-07-22,2026-07-23,0,Overnight,0.0,False,-46.92,-46.92,95.34,False,0.0,False
2026-07-23,2026-07-24,0,Overnight,0.0,False,21.13,21.13,73.03,False,0.0,False
2026-07-24,2026-07-27,2,Weekend,48.0,False,131.63,131.63,-47.33,False,0.0,False
2026-07-27,2026-07-28,0,Overnight,0.0,False,30.83,30.83,0.28,False,0.0,False
2026-07-28,2026-07-29,0,Overnight,0.0,False,-22.7,-22.7,-336.31,False,0.0,False
2026-07-29,2026-07-30,0,Overnight,0.0,False,81.76,81.76,94.79,False,0.0,False
2026-07-30,2026-07-31,0,Overnight,0.0,False,69.59,69.59,-42.83,False,0.0,False
2026-07-31,2026-08-03,2,Weekend,48.0,False,55.56,55.56,-31.43,False,0.0,False
2026-08-03,2026-08-04,0,Overnight,0.0,False,66.7,66.7,70.73,False,0.0,False
2026-08-04,2026-08-05,0,Overnight,0.0,False,40.48,40.48,7.52,False,0.0,False
2026-08-05,2026-08-06,0,Overnight,0.0,False,98.89,98.89,-181.06,False,0.0,False
2026-08-06,2026-08-07,0,Overnight,0.0,False,-15.17,-15.17,49.35,False,0.0,False
2026-08-07,2026-08-10,2,Weekend,48.0,False,12.3,12.3,50.99,False,0.0,False
2026-08-10,2026-08-11,0,Overnight,0.0,False,7.22,7.22,55.12,False,0.0,False
2026-08-11,2026-08-12,0,Overnight,0.0,False,25.65,25.65,60.7,False,0.0,False
2026-08-12,2026-08-13,0,Overnight,0.0,False,36.08,36.08,-92.93,False,0.0,False
2026-08-13,2026-08-14,0,Overnight,0.0,False,-3.03,-3.03,-4.41,False,0.0,False
2026-08-14,2026-08-17,2,Weekend,48.0,False,-24.83,-24.83,-27.11,False,0.0,False
2026-08-17,2026-08-18,0,Overnight,0.0,False,38.16,38.16,25.08,False,0.0,False
2026-08-18,2026-08-19,0,Overnight,0.0,False,-6.61,-6.61,-159.67,False,0.0,False
2026-08-19,2026-08-20,0,Overnight,0.0,False,9.51,9.51,-170.63,False,0.0,False
2026-08-20,2026-08-21,0,Overnight,0.0,False,71.43,71.43,-70.57,False,0.0,False
2026-08-21,2026-08-24,2,Weekend,48.0,False,48.8,48.8,87.08,False,0.0,False
2026-08-24,2026-08-25,0,Overnight,0.0,False,17.1,17.1,-8.69,False,0.0,False
2026-08-25,2026-08-26,0,Overnight,0.0,False,-5.33,-5.33,0.0,False,0.0,False
2026-08-26,2026-08-27,0,Overnight,0.0,False,-51.18,-51.18,-12.98,False,0.0,False
2026-08-27,2026-08-28,0,Overnight,0.0,False,40.85,40.85,54.68,False,0.0,False
2026-08-28,2026-08-31,2,Weekend,48.0,False,-48.21,-48.21,3.37,False,0.0,False
2026-08-31,2026-09-01,0,Overnight,0.0,False,-8.15,-8.15,-21.95,False,0.0,False
2026-09-01,2026-09-02,0,Overnight,0.0,False,72.98,72.98,-37.27,False,0.0,False
2026-09-02,2026-09-03,0,Overnight,0.0,False,68.82,68.82,93.79,False,0.0,False
2026-09-03,2026-09-04,0,Overnight,0.0,False,-29.32,-29.32,-65.59,False,0.0,False
2026-09-04,2026-09-08,3,Long,72.0,False,-43.03,-43.03,-101.04,False,0.0,False
2026-09-08,2026-09-09,0,Overnight,0.0,False,-42.81,-42.81,76.69,False,0.0,False
2026-09-09,2026-09-10,0,Overnight,0.0,False,-33.89,-33.89,1.41,False,0.0,False
2026-09-10,2026-09-11,0,Overnight,0.0,False,133.73,133.73,-58.5,False,0.0,False
2026-09-11,2026-09-14,2,Weekend,48.0,False,-56.3,-56.3,-116.42,False,0.0,False
2026-09-14,2026-09-15,0,Overnight,0.0,False,24.82,24.82,42.36,False,0.0,False
2026-09-15,2026-09-16,0,Overnight,0.0,False,25.22,25.22,-127.01,False,0.0,False
2026-09-16,2026-09-17,0,Overnight,0.0,False,94.98,94.98,-83.81,False,0.0,False
2026-09-17,2026-09-18,0,Overnight,0.0,False,-40.73,-40.73,51.04,False,0.0,False
2026-09-18,2026-09-21,2,Weekend,48.0,False,113.74,113.74,-46.19,False,0.0,False
2026-09-21,2026-09-22,0,Overnight,0.0,False,-1.14,-1.14,-346.86,False,0.0,False
2026-09-22,2026-09-23,0,Overnight,0.0,False,-70.54,-70.54,-2.37,False,0.0,False
2026-09-23,2026-09-24,0,Overnight,0.0,False,17.46,17.46,13.0,False,0.0,False
2026-09-24,2026-09-25,0,Overnight,0.0,False,65.06,65.06,66.98,False,0.0,False
2026-09-25,2026-09-28,2,Weekend,48.0,False,-35.92,-35.92,-154.48,False,0.0,False
2026-09-28,2026-09-29,0,Overnight,0.0,False,12.17,12.17,-60.12,False,0.0,False
2026-09-29,2026-09-30,0,Overnight,0.0,False,-2.69,-2.69,-121.98,False,0.0,False
2026-09-30,2026-10-01,0,Overnight,0.0,False,-63.07,-63.07,133.85,False,0.0,False
