d1,d2,n_closed,cls,hours,d1_early_close,gap_bps,gap_divneutral_bps,oc_bps,exdiv,div_bps,split
2012-05-18,2012-05-21,2,Weekend,48.0,False,-454.87,-454.87,-708.91,False,0.0,False
2012-05-21,2012-05-22,0,Overnight,0.0,False,-426.23,-426.23,-506.32,False,0.0,False
2012-05-22,2012-05-23,0,Overnight,0.0,False,118.65,118.65,198.84,False,0.0,False
2012-05-23,2012-05-24,0,Overnight,0.0,False,292.55,292.55,24.25,False,0.0,False
2012-05-24,2012-05-25,0,Overnight,0.0,False,-39.43,-39.43,-305.53,False,0.0,False
2012-05-25,2012-05-29,3,Long,72.0,False,-135.67,-135.67,-875.89,False,0.0,False
2012-05-29,2012-05-30,0,Overnight,0.0,False,-48.66,-48.66,-179.3,False,0.0,False
2012-05-30,2012-05-31,0,Overnight,0.0,False,126.9,126.9,361.17,False,0.0,False
2012-05-31,2012-06-01,0,Overnight,0.0,False,-242.79,-242.79,-413.41,False,0.0,False
2012-06-01,2012-06-04,2,Weekend,48.0,False,-189.37,-189.37,-110.91,False,0.0,False
2012-06-04,2012-06-05,0,Overnight,0.0,False,-74.63,-74.63,-315.8,False,0.0,False
2012-06-05,2012-06-06,0,Overnight,0.0,False,77.01,77.01,279.9,False,0.0,False
2012-06-06,2012-06-07,0,Overnight,0.0,False,70.62,70.62,-258.88,False,0.0,False
2012-06-07,2012-06-08,0,Overnight,0.0,False,90.81,90.81,205.04,False,0.0,False
2012-06-08,2012-06-11,2,Weekend,48.0,False,29.48,29.48,-62.74,False,0.0,False
2012-06-11,2012-06-12,0,Overnight,0.0,False,172.51,172.51,-29.15,False,0.0,False
2012-06-12,2012-06-13,0,Overnight,0.0,False,94.44,94.44,-142.0,False,0.0,False
2012-06-13,2012-06-14,0,Overnight,0.0,False,138.39,138.39,228.83,False,0.0,False
2012-06-14,2012-06-15,0,Overnight,0.0,False,77.46,77.46,512.76,False,0.0,False
2012-06-15,2012-06-18,2,Weekend,48.0,False,-16.68,-16.68,472.63,False,0.0,False
2012-06-18,2012-06-19,0,Overnight,0.0,False,41.3,41.3,116.63,False,0.0,False
2012-06-19,2012-06-20,0,Overnight,0.0,False,3.13,3.13,-100.76,False,0.0,False
2012-06-20,2012-06-21,0,Overnight,0.0,False,22.13,22.13,53.54,False,0.0,False
2012-06-21,2012-06-22,0,Overnight,0.0,False,177.44,177.44,195.55,False,0.0,False
2012-06-22,2012-06-25,2,Weekend,48.0,False,-57.65,-57.65,-246.47,False,0.0,False
2012-06-25,2012-06-26,0,Overnight,0.0,False,194.6,194.6,124.64,False,0.0,False
2012-06-26,2012-06-27,0,Overnight,0.0,False,-195.25,-195.25,-71.11,False,0.0,False
2012-06-27,2012-06-28,0,Overnight,0.0,False,-84.13,-84.13,-189.52,False,0.0,False
2012-06-28,2012-06-29,0,Overnight,0.0,False,177.0,177.0,-260.25,False,0.0,False
2012-06-29,2012-07-02,2,Weekend,48.0,False,48.12,48.12,-154.79,False,0.0,False
2012-07-02,2012-07-03,0,Overnight,0.0,False,45.4,45.4,93.38,False,0.0,False
2012-07-03,2012-07-05,1,Short,24.0,True,38.39,38.39,47.78,False,0.0,False
2012-07-05,2012-07-06,0,Overnight,0.0,False,-9.54,-9.54,91.82,False,0.0,False
2012-07-06,2012-07-09,2,Weekend,48.0,False,115.93,115.93,21.78,False,0.0,False
2012-07-09,2012-07-10,0,Overnight,0.0,False,80.5,80.5,-300.49,False,0.0,False
2012-07-10,2012-07-11,0,Overnight,0.0,False,3.18,3.18,-163.33,False,0.0,False
2012-07-11,2012-07-12,0,Overnight,0.0,False,-87.56,-87.56,35.77,False,0.0,False
2012-07-12,2012-07-13,0,Overnight,0.0,False,74.37,74.37,-103.63,False,0.0,False
2012-07-13,2012-07-16,2,Weekend,48.0,False,-71.87,-71.87,-766.33,False,0.0,False
2012-07-16,2012-07-17,0,Overnight,0.0,False,81.09,81.09,-137.88,False,0.0,False
2012-07-17,2012-07-18,0,Overnight,0.0,False,78.01,78.01,278.67,False,0.0,False
2012-07-18,2012-07-19,0,Overnight,0.0,False,102.53,102.53,-140.39,False,0.0,False
2012-07-19,2012-07-20,0,Overnight,0.0,False,0.0,0.0,-83.1,False,0.0,False
2012-07-20,2012-07-23,2,Weekend,48.0,False,-225.04,-225.04,221.57,False,0.0,False
2012-07-23,2012-07-24,0,Overnight,0.0,False,24.32,24.32,-129.21,False,0.0,False
2012-07-24,2012-07-25,0,Overnight,0.0,False,-21.11,-21.11,329.15,False,0.0,False
2012-07-25,2012-07-26,0,Overnight,0.0,False,-557.16,-557.16,-329.7,False,0.0,False
2012-07-26,2012-07-27,0,Overnight,0.0,False,-1465.45,-1465.45,221.76,False,0.0,False
2012-07-27,2012-07-30,2,Weekend,48.0,False,121.57,121.57,-360.59,False,0.0,False
2012-07-30,2012-07-31,0,Overnight,0.0,False,94.58,94.58,-736.8,False,0.0,False
2012-07-31,2012-08-01,0,Overnight,0.0,False,-97.2,-97.2,-292.61,False,0.0,False
2012-08-01,2012-08-02,0,Overnight,0.0,False,-52.82,-52.82,-357.79,False,0.0,False
2012-08-02,2012-08-03,0,Overnight,0.0,False,158.42,158.42,352.27,False,0.0,False
2012-08-03,2012-08-06,2,Weekend,48.0,False,141.24,141.24,244.76,False,0.0,False
2012-08-06,2012-08-07,0,Overnight,0.0,False,126.93,126.93,-689.93,False,0.0,False
2012-08-07,2012-08-08,0,Overnight,0.0,False,-4.83,-4.83,4.83,False,0.0,False
2012-08-08,2012-08-09,0,Overnight,0.0,False,14.47,14.47,124.52,False,0.0,False
2012-08-09,2012-08-10,0,Overnight,0.0,False,188.6,188.6,185.1,False,0.0,False
2012-08-10,2012-08-13,2,Weekend,48.0,False,154.69,154.69,-251.44,False,0.0,False
2012-08-13,2012-08-14,0,Overnight,0.0,False,-88.35,-88.35,-493.04,False,0.0,False
2012-08-14,2012-08-15,0,Overnight,0.0,False,126.77,126.77,267.7,False,0.0,False
2012-08-15,2012-08-16,0,Overnight,0.0,False,-365.07,-365.07,-282.83,False,0.0,False
2012-08-16,2012-08-17,0,Overnight,0.0,False,70.21,70.21,-491.65,False,0.0,False
2012-08-17,2012-08-20,2,Weekend,48.0,False,0.0,0.0,491.65,False,0.0,False
2012-08-20,2012-08-21,0,Overnight,0.0,False,-217.24,-217.24,-216.84,False,0.0,False
2012-08-21,2012-08-22,0,Overnight,0.0,False,103.84,103.84,41.24,False,0.0,False
2012-08-22,2012-08-23,0,Overnight,0.0,False,30.82,30.82,-30.82,False,0.0,False
2012-08-23,2012-08-24,0,Overnight,0.0,False,41.07,41.07,-56.51,False,0.0,False
2012-08-24,2012-08-27,2,Weekend,48.0,False,41.13,41.13,-175.99,False,0.0,False
2012-08-27,2012-08-28,0,Overnight,0.0,False,-26.14,-26.14,124.87,False,0.0,False
2012-08-28,2012-08-29,0,Overnight,0.0,False,-10.35,-10.35,-114.52,False,0.0,False
2012-08-29,2012-08-30,0,Overnight,0.0,False,88.61,88.61,-93.85,False,0.0,False
2012-08-30,2012-08-31,0,Overnight,0.0,False,-217.11,-217.11,-337.54,False,0.0,False
2012-08-31,2012-09-04,3,Long,72.0,False,11.07,11.07,-195.48,False,0.0,False
2012-09-04,2012-09-05,0,Overnight,0.0,False,300.02,300.02,168.25,False,0.0,False
2012-09-05,2012-09-06,0,Overnight,0.0,False,85.75,85.75,116.71,False,0.0,False
2012-09-06,2012-09-07,0,Overnight,0.0,False,73.57,73.57,-63.03,False,0.0,False
2012-09-07,2012-09-10,2,Weekend,48.0,False,42.06,42.06,-132.03,False,0.0,False
2012-09-10,2012-09-11,0,Overnight,0.0,False,58.31,58.31,265.99,False,0.0,False
2012-09-11,2012-09-12,0,Overnight,0.0,False,662.1,662.1,81.55,False,0.0,False
2012-09-12,2012-09-13,0,Overnight,0.0,False,14.32,14.32,-119.99,False,0.0,False
2012-09-13,2012-09-14,0,Overnight,0.0,False,200.77,200.77,403.49,False,0.0,False
2012-09-14,2012-09-17,2,Weekend,48.0,False,300.0,300.0,-520.6,False,0.0,False
2012-09-17,2012-09-18,0,Overnight,0.0,False,37.11,37.11,124.23,False,0.0,False
2012-09-18,2012-09-19,0,Overnight,0.0,False,54.72,54.72,574.36,False,0.0,False
2012-09-19,2012-09-20,0,Overnight,0.0,False,-116.61,-116.61,-188.56,False,0.0,False
2012-09-20,2012-09-21,0,Overnight,0.0,False,166.82,166.82,-48.0,False,0.0,False
2012-09-21,2012-09-24,2,Weekend,48.0,False,-483.97,-483.97,-465.2,False,0.0,False
2012-09-24,2012-09-25,0,Overnight,0.0,False,195.29,195.29,-443.66,False,0.0,False
2012-09-25,2012-09-26,0,Overnight,0.0,False,-64.31,-64.31,230.57,False,0.0,False
2012-09-26,2012-09-27,0,Overnight,0.0,False,177.85,177.85,-324.41,False,0.0,False
2012-09-27,2012-09-28,0,Overnight,0.0,False,122.28,122.28,516.34,False,0.0,False
2012-09-28,2012-10-01,2,Weekend,48.0,False,192.05,192.05,-40.84,False,0.0,False
2012-10-01,2012-10-02,0,Overnight,0.0,False,40.84,40.84,85.68,False,0.0,False
2012-10-02,2012-10-03,0,Overnight,0.0,False,13.46,13.46,-213.01,False,0.0,False
2012-10-03,2012-10-04,0,Overnight,0.0,False,221.98,221.98,-167.16,False,0.0,False
2012-10-04,2012-10-05,0,Overnight,0.0,False,-211.79,-211.79,-273.6,False,0.0,False
2012-10-05,2012-10-08,2,Weekend,48.0,False,-246.93,-246.93,0.0,False,0.0,False
2012-10-08,2012-10-09,0,Overnight,0.0,False,-4.9,-4.9,-78.78,False,0.0,False
2012-10-09,2012-10-10,0,Overnight,0.0,False,-149.41,-149.41,-146.58,False,0.0,False
2012-10-10,2012-10-11,0,Overnight,0.0,False,121.46,121.46,-65.61,False,0.0,False
2012-10-11,2012-10-12,0,Overnight,0.0,False,0.0,0.0,-117.14,False,0.0,False
2012-10-12,2012-10-15,2,Weekend,48.0,False,81.63,81.63,-81.63,False,0.0,False
2012-10-15,2012-10-16,0,Overnight,0.0,False,81.63,81.63,-102.15,False,0.0,False
2012-10-16,2012-10-17,0,Overnight,0.0,False,10.26,10.26,193.0,False,0.0,False
2012-10-17,2012-10-18,0,Overnight,0.0,False,-90.95,-90.95,-372.33,False,0.0,False
2012-10-18,2012-10-19,0,Overnight,0.0,False,10.53,10.53,0.0,False,0.0,False
2012-10-19,2012-10-22,2,Weekend,48.0,False,104.71,104.71,62.3,False,0.0,False
2012-10-22,2012-10-23,0,Overnight,0.0,False,-36.3,-36.3,129.03,False,0.0,False
2012-10-23,2012-10-24,0,Overnight,0.0,False,2130.41,2130.41,-380.11,False,0.0,False
2012-10-24,2012-10-25,0,Overnight,0.0,False,25.8,25.8,-318.46,False,0.0,False
2012-10-25,2012-10-26,0,Overnight,0.0,False,-71.17,-71.17,-207.49,False,0.0,False
2012-10-26,2012-10-31,4,Long,96.0,False,-523.97,-523.97,138.33,False,0.0,False
2012-10-31,2012-11-01,0,Overnight,0.0,False,-14.22,-14.22,61.48,False,0.0,False
2012-11-01,2012-11-02,0,Overnight,0.0,False,23.55,23.55,-37.7,False,0.0,False
2012-11-02,2012-11-05,2,Weekend,49.0,False,-37.84,-37.84,70.84,False,0.0,False
2012-11-05,2012-11-06,0,Overnight,0.0,False,-4.71,-4.71,-33.01,False,0.0,False
2012-11-06,2012-11-07,0,Overnight,0.0,False,-152.31,-152.31,-183.94,False,0.0,False
2012-11-07,2012-11-08,0,Overnight,0.0,False,24.4,24.4,-261.68,False,0.0,False
2012-11-08,2012-11-09,0,Overnight,0.0,False,-15.02,-15.02,-382.99,False,0.0,False
2012-11-09,2012-11-12,2,Weekend,48.0,False,-31.28,-31.28,469.23,False,0.0,False
2012-11-12,2012-11-13,0,Overnight,0.0,False,-231.86,-231.86,126.68,False,0.0,False
2012-11-13,2012-11-14,0,Overnight,0.0,False,120.12,120.12,1065.54,False,0.0,False
2012-11-14,2012-11-15,0,Overnight,0.0,False,-8.95,-8.95,-76.39,False,0.0,False
2012-11-15,2012-11-16,0,Overnight,0.0,False,36.02,36.02,572.08,False,0.0,False
2012-11-16,2012-11-19,2,Weekend,48.0,False,168.35,168.35,-443.76,False,0.0,False
2012-11-19,2012-11-20,0,Overnight,0.0,False,-83.24,-83.24,161.47,False,0.0,False
2012-11-20,2012-11-21,0,Overnight,0.0,False,51.81,51.81,462.85,False,0.0,False
2012-11-21,2012-11-23,1,Short,24.0,False,106.34,106.34,-238.79,False,0.0,False
2012-11-23,2012-11-26,2,Weekend,48.0,True,384.19,384.19,393.13,False,0.0,False
2012-11-26,2012-11-27,0,Overnight,0.0,False,38.48,38.48,42.15,False,0.0,False
2012-11-27,2012-11-28,0,Overnight,0.0,False,-80.63,-80.63,160.62,False,0.0,False
2012-11-28,2012-11-29,0,Overnight,0.0,False,52.97,52.97,304.74,False,0.0,False
2012-11-29,2012-11-30,0,Overnight,0.0,False,-21.99,-21.99,267.84,False,0.0,False
2012-11-30,2012-12-03,2,Weekend,48.0,False,0.0,0.0,-348.87,False,0.0,False
2012-12-03,2012-12-04,0,Overnight,0.0,False,7.39,7.39,146.74,False,0.0,False
2012-12-04,2012-12-05,0,Overnight,0.0,False,105.05,105.05,-14.43,False,0.0,False
2012-12-05,2012-12-06,0,Overnight,0.0,False,-10.83,-10.83,-259.85,False,0.0,False
2012-12-06,2012-12-07,0,Overnight,0.0,False,37.01,37.01,153.96,False,0.0,False
2012-12-07,2012-12-10,2,Weekend,48.0,False,-117.09,-117.09,243.6,False,0.0,False
2012-12-10,2012-12-11,0,Overnight,0.0,False,82.28,82.28,-32.11,False,0.0,False
2012-12-11,2012-12-12,0,Overnight,0.0,False,7.15,7.15,-151.14,False,0.0,False
2012-12-12,2012-12-13,0,Overnight,0.0,False,3.63,3.63,232.86,False,0.0,False
2012-12-13,2012-12-14,0,Overnight,0.0,False,-21.27,-21.27,-498.38,False,0.0,False
2012-12-14,2012-12-17,2,Weekend,48.0,False,-14.93,-14.93,-7.47,False,0.0,False
2012-12-17,2012-12-18,0,Overnight,0.0,False,78.2,78.2,274.39,False,0.0,False
2012-12-18,2012-12-19,0,Overnight,0.0,False,43.21,43.21,-152.07,False,0.0,False
2012-12-19,2012-12-20,0,Overnight,0.0,False,29.14,29.14,-47.4,False,0.0,False
2012-12-20,2012-12-21,0,Overnight,0.0,False,-259.18,-259.18,-151.17,False,0.0,False
2012-12-21,2012-12-24,2,Weekend,48.0,False,90.98,90.98,160.96,False,0.0,False
2012-12-24,2012-12-26,1,Short,24.0,True,37.06,37.06,-194.25,False,0.0,False
2012-12-26,2012-12-27,0,Overnight,0.0,False,15.08,15.08,-190.12,False,0.0,False
2012-12-27,2012-12-28,0,Overnight,0.0,False,-221.24,-221.24,167.35,False,0.0,False
2012-12-28,2012-12-31,2,Weekend,48.0,False,111.3,111.3,159.03,False,0.0,False
2012-12-31,2013-01-02,1,Short,24.0,False,303.39,303.39,202.03,False,0.0,False
2013-01-02,2013-01-03,0,Overnight,0.0,False,-42.95,-42.95,-39.53,False,0.0,False
2013-01-03,2013-01-04,0,Overnight,0.0,False,86.05,86.05,264.24,False,0.0,False
2013-01-04,2013-01-07,2,Weekend,48.0,False,-24.37,-24.37,251.26,False,0.0,False
2013-01-07,2013-01-08,0,Overnight,0.0,False,30.54,30.54,-153.67,False,0.0,False
2013-01-08,2013-01-09,0,Overnight,0.0,False,207.74,207.74,305.37,False,0.0,False
2013-01-09,2013-01-10,0,Overnight,0.0,False,3.27,3.27,226.18,False,0.0,False
2013-01-10,2013-01-11,0,Overnight,0.0,False,-6.39,-6.39,139.68,False,0.0,False
2013-01-11,2013-01-14,2,Weekend,48.0,False,112.85,112.85,-358.6,False,0.0,False
2013-01-14,2013-01-15,0,Overnight,0.0,False,-100.67,-100.67,-177.81,False,0.0,False
2013-01-15,2013-01-16,0,Overnight,0.0,False,36.48,36.48,-119.88,False,0.0,False
2013-01-16,2013-01-17,0,Overnight,0.0,False,76.76,76.76,19.93,False,0.0,False
2013-01-17,2013-01-18,0,Overnight,0.0,False,56.24,56.24,-216.78,False,0.0,False
2013-01-18,2013-01-22,3,Long,72.0,False,30.3,30.3,324.1,False,0.0,False
2013-01-22,2013-01-23,0,Overnight,0.0,False,119.68,119.68,-90.44,False,0.0,False
2013-01-23,2013-01-24,0,Overnight,0.0,False,144.95,144.95,-60.95,False,0.0,False
2013-01-24,2013-01-25,0,Overnight,0.0,False,105.62,105.62,41.3,False,0.0,False
2013-01-25,2013-01-28,2,Weekend,48.0,False,107.22,107.22,183.38,False,0.0,False
2013-01-28,2013-01-29,0,Overnight,0.0,False,-145.81,-145.81,-385.46,False,0.0,False
2013-01-29,2013-01-30,0,Overnight,0.0,False,61.52,61.52,83.57,False,0.0,False
2013-01-30,2013-01-31,0,Overnight,0.0,False,-692.44,-692.44,608.87,False,0.0,False
2013-01-31,2013-02-01,0,Overnight,0.0,False,9.68,9.68,-421.53,False,0.0,False
2013-02-01,2013-02-04,2,Weekend,48.0,False,-227.94,-227.94,-332.37,False,0.0,False
2013-02-04,2013-02-05,0,Overnight,0.0,False,53.22,53.22,133.57,False,0.0,False
2013-02-05,2013-02-06,0,Overnight,0.0,False,34.86,34.86,107.29,False,0.0,False
2013-02-06,2013-02-07,0,Overnight,0.0,False,20.63,20.63,-159.28,False,0.0,False
2013-02-07,2013-02-08,0,Overnight,0.0,False,83.42,83.42,-118.39,False,0.0,False
2013-02-08,2013-02-11,2,Weekend,48.0,False,20.99,20.99,-123.09,False,0.0,False
2013-02-11,2013-02-12,0,Overnight,0.0,False,-210.99,-210.99,-109.01,False,0.0,False
2013-02-12,2013-02-13,0,Overnight,0.0,False,-3.65,-3.65,199.03,False,0.0,False
2013-02-13,2013-02-14,0,Overnight,0.0,False,39.33,39.33,169.86,False,0.0,False
2013-02-14,2013-02-15,0,Overnight,0.0,False,7.02,7.02,-70.37,False,0.0,False
2013-02-15,2013-02-19,3,Long,72.0,False,-31.83,-31.83,244.94,False,0.0,False
2013-02-19,2013-02-20,0,Overnight,0.0,False,-3.46,-3.46,-160.34,False,0.0,False
2013-02-20,2013-02-21,0,Overnight,0.0,False,-63.45,-63.45,-360.01,False,0.0,False
2013-02-21,2013-02-22,0,Overnight,0.0,False,123.86,123.86,-179.0,False,0.0,False
2013-02-22,2013-02-25,2,Weekend,48.0,False,11.05,11.05,40.42,False,0.0,False
2013-02-25,2013-02-26,0,Overnight,0.0,False,32.95,32.95,10.96,False,0.0,False
2013-02-26,2013-02-27,0,Overnight,0.0,False,-18.27,-18.27,-173.4,False,0.0,False
2013-02-27,2013-02-28,0,Overnight,0.0,False,-11.17,-11.17,151.6,False,0.0,False
2013-02-28,2013-03-01,0,Overnight,0.0,False,-73.67,-73.67,266.29,False,0.0,False
2013-03-01,2013-03-04,2,Weekend,48.0,False,-7.2,-7.2,-14.42,False,0.0,False
2013-03-04,2013-03-05,0,Overnight,0.0,False,57.55,57.55,-129.97,False,0.0,False
2013-03-05,2013-03-06,0,Overnight,0.0,False,208.57,208.57,-234.03,False,0.0,False
2013-03-06,2013-03-07,0,Overnight,0.0,False,43.62,43.62,359.79,False,0.0,False
2013-03-07,2013-03-08,0,Overnight,0.0,False,-52.62,-52.62,-166.7,False,0.0,False
2013-03-08,2013-03-11,2,Weekend,47.0,False,17.87,17.87,46.3,False,0.0,False
2013-03-11,2013-03-12,0,Overnight,0.0,False,-14.22,-14.22,-96.55,False,0.0,False
2013-03-12,2013-03-13,0,Overnight,0.0,False,-75.74,-75.74,-197.45,False,0.0,False
2013-03-13,2013-03-14,0,Overnight,0.0,False,7.38,7.38,-22.16,False,0.0,False
2013-03-14,2013-03-15,0,Overnight,0.0,False,-3.7,-3.7,-141.58,False,0.0,False
2013-03-15,2013-03-18,2,Weekend,48.0,False,-105.62,-105.62,45.4,False,0.0,False
2013-03-18,2013-03-19,0,Overnight,0.0,False,15.09,15.09,7.54,False,0.0,False
2013-03-19,2013-03-20,0,Overnight,0.0,False,48.85,48.85,-312.17,False,0.0,False
2013-03-20,2013-03-21,0,Overnight,0.0,False,-77.64,-77.64,31.13,False,0.0,False
2013-03-21,2013-03-22,0,Overnight,0.0,False,23.28,23.28,-27.17,False,0.0,False
2013-03-22,2013-03-25,2,Weekend,48.0,False,7.77,7.77,-243.72,False,0.0,False
2013-03-25,2013-03-26,0,Overnight,0.0,False,-19.92,-19.92,51.7,False,0.0,False
2013-03-26,2013-03-27,0,Overnight,0.0,False,-83.65,-83.65,426.76,False,0.0,False
2013-03-27,2013-03-28,0,Overnight,0.0,False,0.0,0.0,-197.41,False,0.0,False
2013-03-28,2013-04-01,3,Long,72.0,False,19.53,19.53,-39.09,False,0.0,False
2013-04-01,2013-04-02,0,Overnight,0.0,False,93.57,93.57,-136.75,False,0.0,False
2013-04-02,2013-04-03,0,Overnight,0.0,False,160.0,160.0,161.29,False,0.0,False
2013-04-03,2013-04-04,0,Overnight,0.0,False,139.97,139.97,167.63,False,0.0,False
2013-04-04,2013-04-05,0,Overnight,0.0,False,-77.88,-77.88,195.4,False,0.0,False
2013-04-05,2013-04-08,2,Weekend,48.0,False,-73.29,-73.29,-125.83,False,0.0,False
2013-04-08,2013-04-09,0,Overnight,0.0,False,-101.07,-101.07,3.76,False,0.0,False
2013-04-09,2013-04-10,0,Overnight,0.0,False,156.72,156.72,205.21,False,0.0,False
2013-04-10,2013-04-11,0,Overnight,0.0,False,-32.7,-32.7,194.6,False,0.0,False
2013-04-11,2013-04-12,0,Overnight,0.0,False,-7.14,-7.14,-216.61,False,0.0,False
2013-04-12,2013-04-15,2,Weekend,48.0,False,-87.98,-87.98,-238.46,False,0.0,False
2013-04-15,2013-04-16,0,Overnight,0.0,False,108.76,108.76,40.95,False,0.0,False
2013-04-16,2013-04-17,0,Overnight,0.0,False,-100.8,-100.8,-7.51,False,0.0,False
2013-04-17,2013-04-18,0,Overnight,0.0,False,71.1,71.1,-430.46,False,0.0,False
2013-04-18,2013-04-19,0,Overnight,0.0,False,-27.29,-27.29,42.84,False,0.0,False
2013-04-19,2013-04-22,2,Weekend,48.0,False,31.04,31.04,61.8,False,0.0,False
2013-04-22,2013-04-23,0,Overnight,0.0,False,95.8,95.8,-91.95,False,0.0,False
2013-04-23,2013-04-24,0,Overnight,0.0,False,-19.26,-19.26,69.18,False,0.0,False
2013-04-24,2013-04-25,0,Overnight,0.0,False,-15.33,-15.33,26.81,False,0.0,False
2013-04-25,2013-04-26,0,Overnight,0.0,False,174.45,174.45,93.55,False,0.0,False
2013-04-26,2013-04-29,2,Weekend,48.0,False,114.79,114.79,-66.49,False,0.0,False
2013-04-29,2013-04-30,0,Overnight,0.0,False,55.44,55.44,233.16,False,0.0,False
2013-04-30,2013-05-01,0,Overnight,0.0,False,28.77,28.77,-151.96,False,0.0,False
2013-05-01,2013-05-02,0,Overnight,0.0,False,209.24,209.24,336.99,False,0.0,False
2013-05-02,2013-05-03,0,Overnight,0.0,False,24.13,24.13,-254.59,False,0.0,False
2013-05-03,2013-05-06,2,Weekend,48.0,False,7.06,7.06,-271.93,False,0.0,False
2013-05-06,2013-05-07,0,Overnight,0.0,False,-7.26,-7.26,-242.48,False,0.0,False
2013-05-07,2013-05-08,0,Overnight,0.0,False,-3.72,-3.72,88.89,False,0.0,False
2013-05-08,2013-05-09,0,Overnight,0.0,False,-14.76,-14.76,-14.78,False,0.0,False
2013-05-09,2013-05-10,0,Overnight,0.0,False,36.91,36.91,-170.94,False,0.0,False
2013-05-10,2013-05-13,2,Weekend,48.0,False,-30.03,-30.03,82.37,False,0.0,False
2013-05-13,2013-05-14,0,Overnight,0.0,False,26.07,26.07,66.72,False,0.0,False
2013-05-14,2013-05-15,0,Overnight,0.0,False,-55.57,-55.57,-119.58,False,0.0,False
2013-05-15,2013-05-16,0,Overnight,0.0,False,-45.21,-45.21,-133.06,False,0.0,False
2013-05-16,2013-05-17,0,Overnight,0.0,False,102.8,102.8,-56.98,False,0.0,False
2013-05-17,2013-05-20,2,Weekend,48.0,False,-26.7,-26.7,-161.73,False,0.0,False
2013-05-20,2013-05-21,0,Overnight,0.0,False,42.61,42.61,-81.51,False,0.0,False
2013-05-21,2013-05-22,0,Overnight,0.0,False,-3.9,-3.9,-192.88,False,0.0,False
2013-05-22,2013-05-23,0,Overnight,0.0,False,-144.12,-144.12,104.29,False,0.0,False
2013-05-23,2013-05-24,0,Overnight,0.0,False,-35.98,-35.98,-267.87,False,0.0,False
2013-05-24,2013-05-28,3,Long,72.0,False,94.17,94.17,-180.93,False,0.0,False
2013-05-28,2013-05-29,0,Overnight,0.0,False,-129.46,-129.46,-199.54,False,0.0,False
2013-05-29,2013-05-30,0,Overnight,0.0,False,341.44,341.44,172.56,False,0.0,False
2013-05-30,2013-05-31,0,Overnight,0.0,False,32.53,32.53,-114.33,False,0.0,False
2013-05-31,2013-06-03,2,Weekend,48.0,False,-32.91,-32.91,-174.57,False,0.0,False
2013-06-03,2013-06-04,0,Overnight,0.0,False,16.76,16.76,-156.09,False,0.0,False
2013-06-04,2013-06-05,0,Overnight,0.0,False,-72.54,-72.54,-194.6,False,0.0,False
2013-06-05,2013-06-06,0,Overnight,0.0,False,39.22,39.22,-8.7,False,0.0,False
2013-06-06,2013-06-07,0,Overnight,0.0,False,26.09,26.09,112.26,False,0.0,False
2013-06-07,2013-06-10,2,Weekend,48.0,False,325.27,325.27,111.59,False,0.0,False
2013-06-10,2013-06-11,0,Overnight,0.0,False,-124.07,-124.07,0.0,False,0.0,False
2013-06-11,2013-06-12,0,Overnight,0.0,False,53.95,53.95,-162.74,False,0.0,False
2013-06-12,2013-06-13,0,Overnight,0.0,False,-21.06,-21.06,4.22,False,0.0,False
2013-06-13,2013-06-14,0,Overnight,0.0,False,-71.9,-71.9,29.67,False,0.0,False
2013-06-14,2013-06-17,2,Weekend,48.0,False,117.8,117.8,45.9,False,0.0,False
2013-06-17,2013-06-18,0,Overnight,0.0,False,29.1,29.1,49.69,False,0.0,False
2013-06-18,2013-06-19,0,Overnight,0.0,False,-4.13,-4.13,45.35,False,0.0,False
2013-06-19,2013-06-20,0,Overnight,0.0,False,-12.35,-12.35,-157.75,False,0.0,False
2013-06-20,2013-06-21,0,Overnight,0.0,False,284.61,284.61,-24.43,False,0.0,False
2013-06-21,2013-06-24,2,Weekend,48.0,False,-239.29,-239.29,-4.18,False,0.0,False
2013-06-24,2013-06-25,0,Overnight,0.0,False,83.19,83.19,45.46,False,0.0,False
2013-06-25,2013-06-26,0,Overnight,0.0,False,106.65,106.65,-143.83,False,0.0,False
2013-06-26,2013-06-27,0,Overnight,0.0,False,33.06,33.06,171.78,False,0.0,False
2013-06-27,2013-06-28,0,Overnight,0.0,False,8.11,8.11,80.71,False,0.0,False
2013-06-28,2013-07-01,2,Weekend,48.0,False,36.11,36.11,-64.28,False,0.0,False
2013-07-01,2013-07-02,0,Overnight,0.0,False,-44.43,-44.43,-118.1,False,0.0,False
2013-07-02,2013-07-03,0,Overnight,0.0,False,-78.14,-78.14,123.1,False,0.0,False
2013-07-03,2013-07-05,1,Short,24.0,True,52.88,52.88,-114.24,False,0.0,False
2013-07-05,2013-07-08,2,Weekend,48.0,False,40.95,40.95,97.6,False,0.0,False
2013-07-08,2013-07-09,0,Overnight,0.0,False,144.64,144.64,162.22,False,0.0,False
2013-07-09,2013-07-10,0,Overnight,0.0,False,39.17,39.17,85.64,False,0.0,False
2013-07-10,2013-07-11,0,Overnight,0.0,False,61.82,61.82,-57.95,False,0.0,False
2013-07-11,2013-07-12,0,Overnight,0.0,False,-27.16,-27.16,65.83,False,0.0,False
2013-07-12,2013-07-15,2,Weekend,48.0,False,7.72,7.72,134.08,False,0.0,False
2013-07-15,2013-07-16,0,Overnight,0.0,False,41.77,41.77,-26.56,False,0.0,False
2013-07-16,2013-07-17,0,Overnight,0.0,False,18.98,18.98,105.62,False,0.0,False
2013-07-17,2013-07-18,0,Overnight,0.0,False,37.45,37.45,-215.39,False,0.0,False
2013-07-18,2013-07-19,0,Overnight,0.0,False,-138.46,-138.46,23.21,False,0.0,False
2013-07-19,2013-07-22,2,Weekend,48.0,False,42.41,42.41,23.06,False,0.0,False
2013-07-22,2013-07-23,0,Overnight,0.0,False,19.18,19.18,11.49,False,0.0,False
2013-07-23,2013-07-24,0,Overnight,0.0,False,72.45,72.45,71.93,False,0.0,False
2013-07-24,2013-07-25,0,Overnight,0.0,False,2352.17,2352.17,241.54,False,0.0,False
2013-07-25,2013-07-26,0,Overnight,0.0,False,-173.2,-173.2,70.82,False,0.0,False
2013-07-26,2013-07-29,2,Weekend,48.0,False,17.63,17.63,391.42,False,0.0,False
2013-07-29,2013-07-30,0,Overnight,0.0,False,61.9,61.9,540.52,False,0.0,False
2013-07-30,2013-07-31,0,Overnight,0.0,False,87.31,87.31,-310.35,False,0.0,False
2013-07-31,2013-08-01,0,Overnight,0.0,False,134.95,134.95,50.81,False,0.0,False
2013-08-01,2013-08-02,0,Overnight,0.0,False,45.24,45.24,103.03,False,0.0,False
2013-08-02,2013-08-05,2,Weekend,48.0,False,99.37,99.37,195.83,False,0.0,False
2013-08-05,2013-08-06,0,Overnight,0.0,False,-20.43,-20.43,-144.22,False,0.0,False
2013-08-06,2013-08-07,0,Overnight,0.0,False,15.55,15.55,67.11,False,0.0,False
2013-08-07,2013-08-08,0,Overnight,0.0,False,66.67,66.67,-151.93,False,0.0,False
2013-08-08,2013-08-09,0,Overnight,0.0,False,12.96,12.96,-23.35,False,0.0,False
2013-08-09,2013-08-12,2,Weekend,48.0,False,-78.23,-78.23,5.23,False,0.0,False
2013-08-12,2013-08-13,0,Overnight,0.0,False,5.23,5.23,-324.24,False,0.0,False
2013-08-13,2013-08-14,0,Overnight,0.0,False,-51.46,-51.46,-48.99,False,0.0,False
2013-08-14,2013-08-15,0,Overnight,0.0,False,-79.44,-79.44,54.85,False,0.0,False
2013-08-15,2013-08-16,0,Overnight,0.0,False,111.52,111.52,29.71,False,0.0,False
2013-08-16,2013-08-19,2,Weekend,48.0,False,93.95,93.95,101.01,False,0.0,False
2013-08-19,2013-08-20,0,Overnight,0.0,False,141.81,141.81,15.63,False,0.0,False
2013-08-20,2013-08-21,0,Overnight,0.0,False,-7.81,-7.81,-15.65,False,0.0,False
2013-08-21,2013-08-22,0,Overnight,0.0,False,13.04,13.04,46.8,False,0.0,False
2013-08-22,2013-08-23,0,Overnight,0.0,False,116.06,116.06,389.74,False,0.0,False
2013-08-23,2013-08-26,2,Weekend,48.0,False,85.94,85.94,107.0,False,0.0,False
2013-08-26,2013-08-27,0,Overnight,0.0,False,-160.94,-160.94,-258.98,False,0.0,False
2013-08-27,2013-08-28,0,Overnight,0.0,False,80.4,80.4,146.57,False,0.0,False
2013-08-28,2013-08-29,0,Overnight,0.0,False,83.5,83.5,94.93,False,0.0,False
2013-08-29,2013-08-30,0,Overnight,0.0,False,177.68,177.68,-175.25,False,0.0,False
2013-08-30,2013-09-03,3,Long,72.0,False,132.32,132.32,7.17,False,0.0,False
2013-09-03,2013-09-04,0,Overnight,0.0,False,33.38,33.38,-54.9,False,0.0,False
2013-09-04,2013-09-05,0,Overnight,0.0,False,2.39,2.39,206.05,False,0.0,False
2013-09-05,2013-09-06,0,Overnight,0.0,False,100.29,100.29,197.62,False,0.0,False
2013-09-06,2013-09-09,2,Weekend,48.0,False,92.86,92.86,-72.4,False,0.0,False
2013-09-09,2013-09-10,0,Overnight,0.0,False,45.31,45.31,-145.72,False,0.0,False
2013-09-10,2013-09-11,0,Overnight,0.0,False,-48.28,-48.28,373.22,False,0.0,False
2013-09-11,2013-09-12,0,Overnight,0.0,False,108.2,108.2,-172.8,False,0.0,False
2013-09-12,2013-09-13,0,Overnight,0.0,False,64.6,64.6,-163.41,False,0.0,False
2013-09-13,2013-09-16,2,Weekend,48.0,False,121.13,121.13,-535.84,False,0.0,False
2013-09-16,2013-09-17,0,Overnight,0.0,False,-2.35,-2.35,587.13,False,0.0,False
2013-09-17,2013-09-18,0,Overnight,0.0,False,-51.16,-51.16,86.6,False,0.0,False
2013-09-18,2013-09-19,0,Overnight,0.0,False,61.71,61.71,102.74,False,0.0,False
2013-09-19,2013-09-20,0,Overnight,0.0,False,73.67,73.67,249.45,False,0.0,False
2013-09-20,2013-09-23,2,Weekend,48.0,False,-44.32,-44.32,-19.05,False,0.0,False
2013-09-23,2013-09-24,0,Overnight,0.0,False,275.88,275.88,-12.38,False,0.0,False
2013-09-24,2013-09-25,0,Overnight,0.0,False,159.71,159.71,46.61,False,0.0,False
2013-09-25,2013-09-26,0,Overnight,0.0,False,110.59,110.59,75.7,False,0.0,False
2013-09-26,2013-09-27,0,Overnight,0.0,False,-19.86,-19.86,187.14,False,0.0,False
2013-09-27,2013-09-30,2,Weekend,48.0,False,-217.01,-217.01,17.93,False,0.0,False
2013-09-30,2013-10-01,0,Overnight,0.0,False,-51.9,-51.9,89.65,False,0.0,False
2013-10-01,2013-10-02,0,Overnight,0.0,False,-57.68,-57.68,29.88,False,0.0,False
2013-10-02,2013-10-03,0,Overnight,0.0,False,37.72,37.72,-258.92,False,0.0,False
2013-10-03,2013-10-04,0,Overnight,0.0,False,119.25,119.25,251.97,False,0.0,False
2013-10-04,2013-10-07,2,Weekend,48.0,False,-60.92,-60.92,-41.48,False,0.0,False
2013-10-07,2013-10-08,0,Overnight,0.0,False,15.82,15.82,-708.3,False,0.0,False
2013-10-08,2013-10-09,0,Overnight,0.0,False,50.78,50.78,-129.58,False,0.0,False
2013-10-09,2013-10-10,0,Overnight,0.0,False,232.47,232.47,243.51,False,0.0,False
2013-10-10,2013-10-11,0,Overnight,0.0,False,26.47,26.47,-14.24,False,0.0,False
2013-10-11,2013-10-14,2,Weekend,48.0,False,-164.24,-164.24,245.36,False,0.0,False
2013-10-14,2013-10-15,0,Overnight,0.0,False,96.48,96.48,-98.5,False,0.0,False
2013-10-15,2013-10-16,0,Overnight,0.0,False,108.5,108.5,217.44,False,0.0,False
2013-10-16,2013-10-17,0,Overnight,0.0,False,-3.91,-3.91,210.98,False,0.0,False
2013-10-17,2013-10-18,0,Overnight,0.0,False,370.38,370.38,7.38,False,0.0,False
2013-10-18,2013-10-21,2,Weekend,48.0,False,84.48,84.48,-152.96,False,0.0,False
2013-10-21,2013-10-22,0,Overnight,0.0,False,88.74,88.74,-308.41,False,0.0,False
2013-10-22,2013-10-23,0,Overnight,0.0,False,-178.11,-178.11,28.94,False,0.0,False
2013-10-23,2013-10-24,0,Overnight,0.0,False,92.06,92.06,13.35,False,0.0,False
2013-10-24,2013-10-25,0,Overnight,0.0,False,138.22,138.22,-234.01,False,0.0,False
2013-10-25,2013-10-28,2,Weekend,48.0,False,-79.24,-79.24,-257.46,False,0.0,False
2013-10-28,2013-10-29,0,Overnight,0.0,False,99.05,99.05,-265.67,False,0.0,False
2013-10-29,2013-10-30,0,Overnight,0.0,False,120.73,120.73,-199.99,False,0.0,False
2013-10-30,2013-10-31,0,Overnight,0.0,False,-384.78,-384.78,626.68,False,0.0,False
2013-10-31,2013-11-01,0,Overnight,0.0,False,126.66,126.66,-218.7,False,0.0,False
2013-11-01,2013-11-04,2,Weekend,49.0,False,-76.68,-76.68,-235.69,False,0.0,False
2013-11-04,2013-11-05,0,Overnight,0.0,False,-89.57,-89.57,474.04,False,0.0,False
2013-11-05,2013-11-06,0,Overnight,0.0,False,29.89,29.89,-229.43,False,0.0,False
2013-11-06,2013-11-07,0,Overnight,0.0,False,24.4,24.4,-347.14,False,0.0,False
2013-11-07,2013-11-08,0,Overnight,0.0,False,52.43,52.43,-58.74,False,0.0,False
2013-11-08,2013-11-11,2,Weekend,48.0,False,-103.63,-103.63,-180.19,False,0.0,False
2013-11-11,2013-11-12,0,Overnight,0.0,False,-43.38,-43.38,131.74,False,0.0,False
2013-11-12,2013-11-13,0,Overnight,0.0,False,-81.86,-81.86,522.55,False,0.0,False
2013-11-13,2013-11-14,0,Overnight,0.0,False,-2.05,-2.05,59.37,False,0.0,False
2013-11-14,2013-11-15,0,Overnight,0.0,False,24.46,24.46,-20.38,False,0.0,False
2013-11-15,2013-11-18,2,Weekend,48.0,False,-110.79,-110.79,-560.06,False,0.0,False
2013-11-18,2013-11-19,0,Overnight,0.0,False,93.39,93.39,21.59,False,0.0,False
2013-11-19,2013-11-20,0,Overnight,0.0,False,53.78,53.78,-38.69,False,0.0,False
2013-11-20,2013-11-21,0,Overnight,0.0,False,119.89,119.89,-61.91,False,0.0,False
2013-11-21,2013-11-22,0,Overnight,0.0,False,72.54,72.54,-173.69,False,0.0,False
2013-11-22,2013-11-25,2,Weekend,48.0,False,28.08,28.08,-337.83,False,0.0,False
2013-11-25,2013-11-26,0,Overnight,0.0,False,-35.76,-35.76,271.69,False,0.0,False
2013-11-26,2013-11-27,0,Overnight,0.0,False,17.42,17.42,112.48,False,0.0,False
2013-11-27,2013-11-29,1,Short,24.0,False,55.77,55.77,55.46,False,0.0,False
2013-11-29,2013-12-02,2,Weekend,48.0,True,-23.43,-23.43,34.06,False,0.0,False
2013-12-02,2013-12-03,0,Overnight,0.0,False,-66.09,-66.09,-4.28,False,0.0,False
2013-12-03,2013-12-04,0,Overnight,0.0,False,-57.95,-57.95,454.43,False,0.0,False
2013-12-04,2013-12-05,0,Overnight,0.0,False,-97.14,-97.14,39.38,False,0.0,False
2013-12-05,2013-12-06,0,Overnight,0.0,False,131.53,131.53,-214.62,False,0.0,False
2013-12-06,2013-12-09,2,Weekend,48.0,False,31.24,31.24,154.75,False,0.0,False
2013-12-09,2013-12-10,0,Overnight,0.0,False,-41.03,-41.03,325.64,False,0.0,False
2013-12-10,2013-12-11,0,Overnight,0.0,False,59.52,59.52,-234.17,False,0.0,False
2013-12-11,2013-12-12,0,Overnight,0.0,False,332.6,332.6,151.64,False,0.0,False
2013-12-12,2013-12-13,0,Overnight,0.0,False,-32.85,-32.85,316.28,False,0.0,False
2013-12-13,2013-12-16,2,Weekend,48.0,False,-13.14,-13.14,104.62,False,0.0,False
2013-12-16,2013-12-17,0,Overnight,0.0,False,175.01,175.01,18.25,False,0.0,False
2013-12-17,2013-12-18,0,Overnight,0.0,False,0.0,0.0,128.59,False,0.0,False
2013-12-18,2013-12-19,0,Overnight,0.0,False,-225.67,-225.67,131.65,False,0.0,False
2013-12-19,2013-12-20,0,Overnight,0.0,False,-21.82,-21.82,34.53,False,0.0,False
2013-12-20,2013-12-23,2,Weekend,48.0,False,68.7,68.7,400.87,False,0.0,False
2013-12-23,2013-12-24,0,Overnight,0.0,False,86.18,86.18,-53.34,False,0.0,False
2013-12-24,2013-12-26,1,Short,24.0,True,61.92,61.92,-101.68,False,0.0,False
2013-12-26,2013-12-27,0,Overnight,0.0,False,-43.4,-43.4,-361.36,False,0.0,False
2013-12-27,2013-12-30,2,Weekend,48.0,False,-92.42,-92.42,-224.6,False,0.0,False
2013-12-30,2013-12-31,0,Overnight,0.0,False,76.05,76.05,97.45,False,0.0,False
2013-12-31,2014-01-02,1,Short,24.0,False,32.88,32.88,-21.91,False,0.0,False
2014-01-02,2014-01-03,0,Overnight,0.0,False,56.5,56.5,-83.96,False,0.0,False
2014-01-03,2014-01-06,2,Weekend,48.0,False,-25.69,-25.69,498.22,False,0.0,False
2014-01-06,2014-01-07,0,Overnight,0.0,False,87.03,87.03,38.06,False,0.0,False
2014-01-07,2014-01-08,0,Overnight,0.0,False,-55.4,-55.4,108.78,False,0.0,False
2014-01-08,2014-01-09,0,Overnight,0.0,False,71.87,71.87,-246.84,False,0.0,False
2014-01-09,2014-01-10,0,Overnight,0.0,False,-15.74,-15.74,140.79,False,0.0,False
2014-01-10,2014-01-13,2,Weekend,48.0,False,-5.18,-5.18,-351.47,False,0.0,False
2014-01-13,2014-01-14,0,Overnight,0.0,False,97.89,97.89,224.18,False,0.0,False
2014-01-14,2014-01-15,0,Overnight,0.0,False,41.48,41.48,-65.76,False,0.0,False
2014-01-15,2014-01-16,0,Overnight,0.0,False,-59.2,-59.2,-12.23,False,0.0,False
2014-01-16,2014-01-17,0,Overnight,0.0,False,19.22,19.22,-176.06,False,0.0,False
2014-01-17,2014-01-21,3,Long,72.0,False,53.14,53.14,331.89,False,0.0,False
2014-01-21,2014-01-22,0,Overnight,0.0,False,57.94,57.94,-230.33,False,0.0,False
2014-01-22,2014-01-23,0,Overnight,0.0,False,-200.22,-200.22,46.02,False,0.0,False
2014-01-23,2014-01-24,0,Overnight,0.0,False,-85.12,-85.12,-307.44,False,0.0,False
2014-01-24,2014-01-27,2,Weekend,48.0,False,51.29,51.29,-217.96,False,0.0,False
2014-01-27,2014-01-28,0,Overnight,0.0,False,87.39,87.39,205.21,False,0.0,False
2014-01-28,2014-01-29,0,Overnight,0.0,False,-96.58,-96.58,-199.75,False,0.0,False
2014-01-29,2014-01-30,0,Overnight,0.0,False,1488.26,1488.26,-168.83,False,0.0,False
2014-01-30,2014-01-31,0,Overnight,0.0,False,-100.37,-100.37,341.39,False,0.0,False
2014-01-31,2014-02-03,2,Weekend,48.0,False,73.25,73.25,-248.99,False,0.0,False
2014-02-03,2014-02-04,0,Overnight,0.0,False,92.29,92.29,112.18,False,0.0,False
2014-02-04,2014-02-05,0,Overnight,0.0,False,-1.59,-1.59,-88.05,False,0.0,False
2014-02-05,2014-02-06,0,Overnight,0.0,False,-118.08,-118.08,113.25,False,0.0,False
2014-02-06,2014-02-07,0,Overnight,0.0,False,17.68,17.68,323.91,False,0.0,False
2014-02-07,2014-02-10,2,Weekend,48.0,False,-3.11,-3.11,-117.33,False,0.0,False
2014-02-10,2014-02-11,0,Overnight,0.0,False,31.42,31.42,171.08,False,0.0,False
2014-02-11,2014-02-12,0,Overnight,0.0,False,10.79,10.79,-72.66,False,0.0,False
2014-02-12,2014-02-13,0,Overnight,0.0,False,-41.98,-41.98,479.14,False,0.0,False
2014-02-13,2014-02-14,0,Overnight,0.0,False,25.22,25.22,-60.93,False,0.0,False
2014-02-14,2014-02-18,3,Long,72.0,False,-22.38,-22.38,53.64,False,0.0,False
2014-02-18,2014-02-19,0,Overnight,0.0,False,-37.22,-37.22,149.51,False,0.0,False
2014-02-19,2014-02-20,0,Overnight,0.0,False,-48.6,-48.6,276.66,False,0.0,False
2014-02-20,2014-02-21,0,Overnight,0.0,False,8.61,8.61,-159.1,False,0.0,False
2014-02-21,2014-02-24,2,Weekend,48.0,False,21.85,21.85,292.45,False,0.0,False
2014-02-24,2014-02-25,0,Overnight,0.0,False,23.99,23.99,-156.25,False,0.0,False
2014-02-25,2014-02-26,0,Overnight,0.0,False,48.56,48.56,-133.38,False,0.0,False
2014-02-26,2014-02-27,0,Overnight,0.0,False,11.54,11.54,-57.85,False,0.0,False
2014-02-27,2014-02-28,0,Overnight,0.0,False,76.58,76.58,-146.45,False,0.0,False
2014-02-28,2014-03-03,2,Weekend,48.0,False,-221.54,-221.54,66.98,False,0.0,False
2014-03-03,2014-03-04,0,Overnight,0.0,False,183.73,183.73,20.37,False,0.0,False
2014-03-04,2014-03-05,0,Overnight,0.0,False,128.53,128.53,266.19,False,0.0,False
2014-03-05,2014-03-06,0,Overnight,0.0,False,43.22,43.22,-145.74,False,0.0,False
2014-03-06,2014-03-07,0,Overnight,0.0,False,33.82,33.82,-181.72,False,0.0,False
2014-03-07,2014-03-10,2,Weekend,47.0,False,138.01,138.01,176.48,False,0.0,False
2014-03-10,2014-03-11,0,Overnight,0.0,False,65.04,65.04,-336.64,False,0.0,False
2014-03-11,2014-03-12,0,Overnight,0.0,False,-34.3,-34.3,144.95,False,0.0,False
2014-03-12,2014-03-13,0,Overnight,0.0,False,57.68,57.68,-351.16,False,0.0,False
2014-03-13,2014-03-14,0,Overnight,0.0,False,-49.52,-49.52,-113.06,False,0.0,False
2014-03-14,2014-03-17,2,Weekend,48.0,False,67.7,67.7,81.8,False,0.0,False
2014-03-17,2014-03-18,0,Overnight,0.0,False,2.91,2.91,62.34,False,0.0,False
2014-03-18,2014-03-19,0,Overnight,0.0,False,-2.89,-2.89,-135.36,False,0.0,False
2014-03-19,2014-03-20,0,Overnight,0.0,False,-33.76,-33.76,-154.1,False,0.0,False
2014-03-20,2014-03-21,0,Overnight,0.0,False,83.27,83.27,-43.04,False,0.0,False
2014-03-21,2014-03-24,2,Weekend,48.0,False,-7.44,-7.44,-470.8,False,0.0,False
2014-03-24,2014-03-25,0,Overnight,0.0,False,122.49,122.49,0.0,False,0.0,False
2014-03-25,2014-03-26,0,Overnight,0.0,False,-23.14,-23.14,-695.56,False,0.0,False
2014-03-26,2014-03-27,0,Overnight,0.0,False,19.85,19.85,75.73,False,0.0,False
2014-03-27,2014-03-28,0,Overnight,0.0,False,60.5,60.5,-219.21,False,0.0,False
2014-03-28,2014-03-31,2,Weekend,48.0,False,127.5,127.5,-89.24,False,0.0,False
2014-03-31,2014-04-01,0,Overnight,0.0,False,36.45,36.45,351.03,False,0.0,False
2014-04-01,2014-04-02,0,Overnight,0.0,False,93.78,93.78,-77.82,False,0.0,False
2014-04-02,2014-04-03,0,Overnight,0.0,False,-27.14,-27.14,-501.58,False,0.0,False
2014-04-03,2014-04-04,0,Overnight,0.0,False,75.36,75.36,-546.88,False,0.0,False
2014-04-04,2014-04-07,2,Weekend,48.0,False,-150.91,-150.91,186.09,False,0.0,False
2014-04-07,2014-04-08,0,Overnight,0.0,False,127.37,127.37,88.03,False,0.0,False
2014-04-08,2014-04-09,0,Overnight,0.0,False,244.45,244.45,455.67,False,0.0,False
2014-04-09,2014-04-10,0,Overnight,0.0,False,106.78,106.78,-641.58,False,0.0,False
2014-04-10,2014-04-11,0,Overnight,0.0,False,-267.23,-267.23,160.17,False,0.0,False
2014-04-11,2014-04-14,2,Weekend,48.0,False,263.04,263.04,-201.72,False,0.0,False
2014-04-14,2014-04-15,0,Overnight,0.0,False,67.69,67.69,-33.79,False,0.0,False
2014-04-15,2014-04-16,0,Overnight,0.0,False,117.77,117.77,-11.71,False,0.0,False
2014-04-16,2014-04-17,0,Overnight,0.0,False,-70.58,-70.58,-60.89,False,0.0,False
2014-04-17,2014-04-21,3,Long,72.0,False,87.84,87.84,294.97,False,0.0,False
2014-04-21,2014-04-22,0,Overnight,0.0,False,227.63,227.63,60.47,False,0.0,False
2014-04-22,2014-04-23,0,Overnight,0.0,False,66.41,66.41,-334.94,False,0.0,False
2014-04-23,2014-04-24,0,Overnight,0.0,False,358.55,358.55,-438.73,False,0.0,False
2014-04-24,2014-04-25,0,Overnight,0.0,False,-148.96,-148.96,-384.14,False,0.0,False
2014-04-25,2014-04-28,2,Weekend,48.0,False,58.74,58.74,-334.56,False,0.0,False
2014-04-28,2014-04-29,0,Overnight,0.0,False,-8.91,-8.91,360.68,False,0.0,False
2014-04-29,2014-04-30,0,Overnight,0.0,False,-98.51,-98.51,374.96,False,0.0,False
2014-04-30,2014-05-01,0,Overnight,0.0,False,108.15,108.15,118.44,False,0.0,False
2014-05-01,2014-05-02,0,Overnight,0.0,False,24.5,24.5,-137.98,False,0.0,False
2014-05-02,2014-05-05,2,Weekend,48.0,False,-131.53,-131.53,256.45,False,0.0,False
2014-05-05,2014-05-06,0,Overnight,0.0,False,-39.28,-39.28,-410.07,False,0.0,False
2014-05-06,2014-05-07,0,Overnight,0.0,False,40.92,40.92,-237.61,False,0.0,False
2014-05-07,2014-05-08,0,Overnight,0.0,False,-27.92,-27.92,-82.46,False,0.0,False
2014-05-08,2014-05-09,0,Overnight,0.0,False,15.84,15.84,68.37,False,0.0,False
2014-05-09,2014-05-12,2,Weekend,48.0,False,128.45,128.45,314.09,False,0.0,False
2014-05-12,2014-05-13,0,Overnight,0.0,False,-28.45,-28.45,28.45,False,0.0,False
2014-05-13,2014-05-14,0,Overnight,0.0,False,-50.27,-50.27,-50.52,False,0.0,False
2014-05-14,2014-05-15,0,Overnight,0.0,False,5.06,5.06,-228.72,False,0.0,False
2014-05-15,2014-05-16,0,Overnight,0.0,False,67.11,67.11,-49.86,False,0.0,False
2014-05-16,2014-05-19,2,Weekend,48.0,False,-22.43,-22.43,225.46,False,0.0,False
2014-05-19,2014-05-20,0,Overnight,0.0,False,48.86,48.86,-159.24,False,0.0,False
2014-05-20,2014-05-21,0,Overnight,0.0,False,0.0,0.0,324.26,False,0.0,False
2014-05-21,2014-05-22,0,Overnight,0.0,False,74.12,74.12,-69.16,False,0.0,False
2014-05-22,2014-05-23,0,Overnight,0.0,False,-18.19,-18.19,154.4,False,0.0,False
2014-05-23,2014-05-27,3,Long,72.0,False,43.91,43.91,297.38,False,0.0,False
2014-05-27,2014-05-28,0,Overnight,0.0,False,-14.19,-14.19,18.91,False,0.0,False
2014-05-28,2014-05-29,0,Overnight,0.0,False,51.83,51.83,-1.57,False,0.0,False
2014-05-29,2014-05-30,0,Overnight,0.0,False,18.78,18.78,-102.16,False,0.0,False
2014-05-30,2014-06-02,2,Weekend,48.0,False,-11.06,-11.06,-23.75,False,0.0,False
2014-06-02,2014-06-03,0,Overnight,0.0,False,-73.19,-73.19,39.84,False,0.0,False
2014-06-03,2014-06-04,0,Overnight,0.0,False,-67.03,-67.03,141.51,False,0.0,False
2014-06-04,2014-06-05,0,Overnight,0.0,False,50.39,50.39,-74.1,False,0.0,False
2014-06-05,2014-06-06,0,Overnight,0.0,False,28.45,28.45,-138.24,False,0.0,False
2014-06-06,2014-06-09,2,Weekend,48.0,False,-16.01,-16.01,76.63,False,0.0,False
2014-06-09,2014-06-10,0,Overnight,0.0,False,102.84,102.84,346.52,False,0.0,False
2014-06-10,2014-06-11,0,Overnight,0.0,False,-68.65,-68.65,70.18,False,0.0,False
2014-06-11,2014-06-12,0,Overnight,0.0,False,10.64,10.64,-239.75,False,0.0,False
2014-06-12,2014-06-13,0,Overnight,0.0,False,63.57,63.57,-30.96,False,0.0,False
2014-06-13,2014-06-16,2,Weekend,48.0,False,-52.85,-52.85,4.67,False,0.0,False
2014-06-16,2014-06-17,0,Overnight,0.0,False,-14.03,-14.03,46.69,False,0.0,False
2014-06-17,2014-06-18,0,Overnight,0.0,False,13.96,13.96,170.66,False,0.0,False
2014-06-18,2014-06-19,0,Overnight,0.0,False,-21.36,-21.36,-172.58,False,0.0,False
2014-06-19,2014-06-20,0,Overnight,0.0,False,18.63,18.63,6.2,False,0.0,False
2014-06-20,2014-06-23,2,Weekend,48.0,False,-27.95,-27.95,161.93,False,0.0,False
2014-06-23,2014-06-24,0,Overnight,0.0,False,-1.53,-1.53,54.93,False,0.0,False
2014-06-24,2014-06-25,0,Overnight,0.0,False,-21.33,-21.33,279.68,False,0.0,False
2014-06-25,2014-06-26,0,Overnight,0.0,False,82.69,82.69,-128.77,False,0.0,False
2014-06-26,2014-06-27,0,Overnight,0.0,False,26.78,26.78,42.99,False,0.0,False
2014-06-27,2014-06-30,2,Weekend,48.0,False,-20.73,-20.73,-25.23,False,0.0,False
2014-06-30,2014-07-01,0,Overnight,0.0,False,43.0,43.0,70.78,False,0.0,False
2014-07-01,2014-07-02,0,Overnight,0.0,False,-2.94,-2.94,-236.46,False,0.0,False
2014-07-02,2014-07-03,0,Overnight,0.0,False,61.51,61.51,-85.62,False,0.0,False
2014-07-03,2014-07-07,3,Long,72.0,True,1.51,1.51,-153.51,False,0.0,False
2014-07-07,2014-07-08,0,Overnight,0.0,False,-35.29,-35.29,-359.92,False,0.0,False
2014-07-08,2014-07-09,0,Overnight,0.0,False,103.04,103.04,243.04,False,0.0,False
2014-07-09,2014-07-10,0,Overnight,0.0,False,-258.82,-258.82,243.42,False,0.0,False
2014-07-10,2014-07-11,0,Overnight,0.0,False,63.0,63.0,161.07,False,0.0,False
2014-07-11,2014-07-14,2,Weekend,48.0,False,118.38,118.38,114.05,False,0.0,False
2014-07-14,2014-07-15,0,Overnight,0.0,False,8.83,8.83,-116.93,False,0.0,False
2014-07-15,2014-07-16,0,Overnight,0.0,False,54.93,54.93,17.75,False,0.0,False
2014-07-16,2014-07-17,0,Overnight,0.0,False,-93.55,-93.55,-92.93,False,0.0,False
2014-07-17,2014-07-18,0,Overnight,0.0,False,58.55,58.55,239.62,False,0.0,False
2014-07-18,2014-07-21,2,Weekend,48.0,False,56.84,56.84,85.38,False,0.0,False
2014-07-21,2014-07-22,0,Overnight,0.0,False,51.74,51.74,-70.49,False,0.0,False
2014-07-22,2014-07-23,0,Overnight,0.0,False,67.62,67.62,219.82,False,0.0,False
2014-07-23,2014-07-24,0,Overnight,0.0,False,634.51,634.51,-129.85,False,0.0,False
2014-07-24,2014-07-25,0,Overnight,0.0,False,1.33,1.33,26.64,False,0.0,False
2014-07-25,2014-07-28,2,Weekend,48.0,False,-2.66,-2.66,-33.31,False,0.0,False
2014-07-28,2014-07-29,0,Overnight,0.0,False,-26.73,-26.73,-136.09,False,0.0,False
2014-07-29,2014-07-30,0,Overnight,0.0,False,67.6,67.6,63.13,False,0.0,False
2014-07-30,2014-07-31,0,Overnight,0.0,False,-91.47,-91.47,-184.12,False,0.0,False
2014-07-31,2014-08-01,0,Overnight,0.0,False,-59.36,-59.36,19.37,False,0.0,False
2014-08-01,2014-08-04,2,Weekend,48.0,False,0.0,0.0,157.68,False,0.0,False
2014-08-04,2014-08-05,0,Overnight,0.0,False,-42.26,-42.26,-69.92,False,0.0,False
2014-08-05,2014-08-06,0,Overnight,0.0,False,-92.6,-92.6,62.29,False,0.0,False
2014-08-06,2014-08-07,0,Overnight,0.0,False,72.87,72.87,23.26,False,0.0,False
2014-08-07,2014-08-08,0,Overnight,0.0,False,31.38,31.38,-46.43,False,0.0,False
2014-08-08,2014-08-11,2,Weekend,48.0,False,54.6,54.6,-2.72,False,0.0,False
2014-08-11,2014-08-12,0,Overnight,0.0,False,-47.77,-47.77,-35.64,False,0.0,False
2014-08-12,2014-08-13,0,Overnight,0.0,False,39.74,39.74,88.5,False,0.0,False
2014-08-13,2014-08-14,0,Overnight,0.0,False,27.08,27.08,44.51,False,0.0,False
2014-08-14,2014-08-15,0,Overnight,0.0,False,2.69,2.69,-93.28,False,0.0,False
2014-08-15,2014-08-18,2,Weekend,48.0,False,50.13,50.13,79.41,False,0.0,False
2014-08-18,2014-08-19,0,Overnight,0.0,False,29.45,29.45,63.96,False,0.0,False
2014-08-19,2014-08-20,0,Overnight,0.0,False,-42.59,-42.59,-21.37,False,0.0,False
2014-08-20,2014-08-21,0,Overnight,0.0,False,14.69,14.69,-46.83,False,0.0,False
2014-08-21,2014-08-22,0,Overnight,0.0,False,-30.89,-30.89,30.89,False,0.0,False
2014-08-22,2014-08-25,2,Weekend,48.0,False,49.5,49.5,10.67,False,0.0,False
2014-08-25,2014-08-26,0,Overnight,0.0,False,-2.67,-2.67,127.19,False,0.0,False
2014-08-26,2014-08-27,0,Overnight,0.0,False,-91.25,-91.25,-85.39,False,0.0,False
2014-08-27,2014-08-28,0,Overnight,0.0,False,-84.77,-84.77,-18.94,False,0.0,False
2014-08-28,2014-08-29,0,Overnight,0.0,False,59.4,59.4,69.74,False,0.0,False
2014-08-29,2014-09-02,3,Long,72.0,False,25.36,25.36,220.19,False,0.0,False
2014-09-02,2014-09-03,0,Overnight,0.0,False,59.81,59.81,-171.28,False,0.0,False
2014-09-03,2014-09-04,0,Overnight,0.0,False,7.91,7.91,7.9,False,0.0,False
2014-09-04,2014-09-05,0,Overnight,0.0,False,19.73,19.73,151.28,False,0.0,False
2014-09-05,2014-09-08,2,Weekend,48.0,False,0.0,0.0,81.21,False,0.0,False
2014-09-08,2014-09-09,0,Overnight,0.0,False,-38.59,-38.59,-119.28,False,0.0,False
2014-09-09,2014-09-10,0,Overnight,0.0,False,-19.58,-19.58,118.22,False,0.0,False
2014-09-10,2014-09-11,0,Overnight,0.0,False,-38.82,-38.82,101.9,False,0.0,False
2014-09-11,2014-09-12,0,Overnight,0.0,False,12.83,12.83,-69.45,False,0.0,False
2014-09-12,2014-09-15,2,Weekend,48.0,False,-42.68,-42.68,-338.79,False,0.0,False
2014-09-15,2014-09-16,0,Overnight,0.0,False,-143.15,-143.15,342.28,False,0.0,False
2014-09-16,2014-09-17,0,Overnight,0.0,False,-15.79,-15.79,61.68,False,0.0,False
2014-09-17,2014-09-18,0,Overnight,0.0,False,44.39,44.39,29.92,False,0.0,False
2014-09-18,2014-09-19,0,Overnight,0.0,False,51.81,51.81,65.68,False,0.0,False
2014-09-19,2014-09-22,2,Weekend,48.0,False,-117.49,-117.49,-26.01,False,0.0,False
2014-09-22,2014-09-23,0,Overnight,0.0,False,-61.39,-61.39,253.54,False,0.0,False
2014-09-23,2014-09-24,0,Overnight,0.0,False,-24.3,-24.3,56.18,False,0.0,False
2014-09-24,2014-09-25,0,Overnight,0.0,False,7.64,7.64,-177.13,False,0.0,False
2014-09-25,2014-09-26,0,Overnight,0.0,False,47.8,47.8,153.48,False,0.0,False
2014-09-26,2014-09-29,2,Weekend,48.0,False,-85.4,-85.4,112.02,False,0.0,False
2014-09-29,2014-09-30,0,Overnight,0.0,False,44.21,44.21,-39.14,False,0.0,False
2014-09-30,2014-10-01,0,Overnight,0.0,False,-32.95,-32.95,-287.15,False,0.0,False
2014-10-01,2014-10-02,0,Overnight,0.0,False,2.61,2.61,66.39,False,0.0,False
2014-10-02,2014-10-03,0,Overnight,0.0,False,87.83,87.83,-41.24,False,0.0,False
2014-10-03,2014-10-06,2,Weekend,48.0,False,-32.34,-32.34,47.82,False,0.0,False
2014-10-06,2014-10-07,0,Overnight,0.0,False,-65.97,-65.97,-99.13,False,0.0,False
2014-10-07,2014-10-08,0,Overnight,0.0,False,-14.43,-14.43,174.37,False,0.0,False
2014-10-08,2014-10-09,0,Overnight,0.0,False,-31.01,-31.01,-178.87,False,0.0,False
2014-10-09,2014-10-10,0,Overnight,0.0,False,-42.25,-42.25,-360.98,False,0.0,False
2014-10-10,2014-10-13,2,Weekend,48.0,False,43.79,43.79,-32.83,False,0.0,False
2014-10-13,2014-10-14,0,Overnight,0.0,False,137.43,137.43,-55.56,False,0.0,False
2014-10-14,2014-10-15,0,Overnight,0.0,False,-261.58,-261.58,209.81,False,0.0,False
2014-10-15,2014-10-16,0,Overnight,0.0,False,-336.14,-336.14,256.6,False,0.0,False
2014-10-16,2014-10-17,0,Overnight,0.0,False,217.9,217.9,229.07,False,0.0,False
2014-10-17,2014-10-20,2,Weekend,48.0,False,-46.19,-46.19,177.0,False,0.0,False
2014-10-20,2014-10-21,0,Overnight,0.0,False,78.96,78.96,144.64,False,0.0,False
2014-10-21,2014-10-22,0,Overnight,0.0,False,16.51,16.51,-57.26,False,0.0,False
2014-10-22,2014-10-23,0,Overnight,0.0,False,128.05,128.05,82.8,False,0.0,False
2014-10-23,2014-10-24,0,Overnight,0.0,False,19.97,19.97,58.43,False,0.0,False
2014-10-24,2014-10-27,2,Weekend,48.0,False,8.67,8.67,-57.14,False,0.0,False
2014-10-27,2014-10-28,0,Overnight,0.0,False,-12.46,-12.46,73.31,False,0.0,False
2014-10-28,2014-10-29,0,Overnight,0.0,False,-681.35,-681.35,54.19,False,0.0,False
2014-10-29,2014-10-30,0,Overnight,0.0,False,-107.35,-107.35,-126.04,False,0.0,False
2014-10-30,2014-10-31,0,Overnight,0.0,False,110.04,110.04,8.0,False,0.0,False
2014-10-31,2014-11-03,2,Weekend,49.0,False,63.8,63.8,-212.93,False,0.0,False
2014-11-03,2014-11-04,0,Overnight,0.0,False,47.26,47.26,204.02,False,0.0,False
2014-11-04,2014-11-05,0,Overnight,0.0,False,98.51,98.51,-222.03,False,0.0,False
2014-11-05,2014-11-06,0,Overnight,0.0,False,8.01,8.01,49.28,False,0.0,False
2014-11-06,2014-11-07,0,Overnight,0.0,False,17.26,17.26,27.82,False,0.0,False
2014-11-07,2014-11-10,2,Weekend,48.0,False,-31.8,-31.8,-47.89,False,0.0,False
2014-11-10,2014-11-11,0,Overnight,0.0,False,-6.67,-6.67,-45.47,False,0.0,False
2014-11-11,2014-11-12,0,Overnight,0.0,False,-44.33,-44.33,59.06,False,0.0,False
2014-11-12,2014-11-13,0,Overnight,0.0,False,2.68,2.68,-65.78,False,0.0,False
2014-11-13,2014-11-14,0,Overnight,0.0,False,2.69,2.69,81.8,False,0.0,False
2014-11-14,2014-11-17,2,Weekend,48.0,False,0.0,0.0,-85.84,False,0.0,False
2014-11-17,2014-11-18,0,Overnight,0.0,False,28.25,28.25,-14.79,False,0.0,False
2014-11-18,2014-11-19,0,Overnight,0.0,False,-44.49,-44.49,-92.3,False,0.0,False
2014-11-19,2014-11-20,0,Overnight,0.0,False,-72.54,-72.54,109.29,False,0.0,False
2014-11-20,2014-11-21,0,Overnight,0.0,False,121.54,121.54,-101.18,False,0.0,False
2014-11-21,2014-11-24,2,Weekend,48.0,False,-28.52,-28.52,63.71,False,0.0,False
2014-11-24,2014-11-25,0,Overnight,0.0,False,26.99,26.99,189.54,False,0.0,False
2014-11-25,2014-11-26,0,Overnight,0.0,False,-13.23,-13.23,272.95,False,0.0,False
2014-11-26,2014-11-28,1,Short,24.0,False,6.44,6.44,3.86,False,0.0,False
2014-11-28,2014-12-01,2,Weekend,48.0,True,-56.79,-56.79,-283.56,False,0.0,False
2014-12-01,2014-12-02,0,Overnight,0.0,False,30.58,30.58,17.24,False,0.0,False
2014-12-02,2014-12-03,0,Overnight,0.0,False,-10.61,-10.61,-66.55,False,0.0,False
2014-12-03,2014-12-04,0,Overnight,0.0,False,-6.68,-6.68,54.64,False,0.0,False
2014-12-04,2014-12-05,0,Overnight,0.0,False,74.15,74.15,73.61,False,0.0,False
2014-12-05,2014-12-08,2,Weekend,48.0,False,-23.6,-23.6,44.53,False,0.0,False
2014-12-08,2014-12-09,0,Overnight,0.0,False,-174.01,-174.01,215.74,False,0.0,False
2014-12-09,2014-12-10,0,Overnight,0.0,False,-24.76,-24.76,-61.51,False,0.0,False
2014-12-10,2014-12-11,0,Overnight,0.0,False,44.53,44.53,156.89,False,0.0,False
2014-12-11,2014-12-12,0,Overnight,0.0,False,-73.6,-73.6,86.46,False,0.0,False
2014-12-12,2014-12-15,2,Weekend,48.0,False,80.62,80.62,-189.13,False,0.0,False
2014-12-15,2014-12-16,0,Overnight,0.0,False,-104.45,-104.45,-198.84,False,0.0,False
2014-12-16,2014-12-17,0,Overnight,0.0,False,42.75,42.75,145.58,False,0.0,False
2014-12-17,2014-12-18,0,Overnight,0.0,False,101.96,101.96,194.48,False,0.0,False
2014-12-18,2014-12-19,0,Overnight,0.0,False,44.54,44.54,142.47,False,0.0,False
2014-12-19,2014-12-22,2,Weekend,48.0,False,25.01,25.01,169.63,False,0.0,False
2014-12-22,2014-12-23,0,Overnight,0.0,False,69.74,69.74,-173.4,False,0.0,False
2014-12-23,2014-12-24,0,Overnight,0.0,False,51.97,51.97,-32.14,False,0.0,False
2014-12-24,2014-12-26,1,Short,24.0,True,30.9,30.9,-29.67,False,0.0,False
2014-12-26,2014-12-29,2,Weekend,48.0,False,-35.96,-35.96,-58.56,False,0.0,False
2014-12-29,2014-12-30,0,Overnight,0.0,False,-21.27,-21.27,-79.21,False,0.0,False
2014-12-30,2014-12-31,0,Overnight,0.0,False,40.31,40.31,-192.95,False,0.0,False
2014-12-31,2015-01-02,1,Short,24.0,False,71.52,71.52,-16.56,False,0.0,False
2015-01-02,2015-01-05,2,Weekend,48.0,False,-60.09,-60.09,-101.82,False,0.0,False
2015-01-05,2015-01-06,0,Overnight,0.0,False,5.18,5.18,-140.83,False,0.0,False
2015-01-06,2015-01-07,0,Overnight,0.0,False,79.79,79.79,-79.79,False,0.0,False
2015-01-07,2015-01-08,0,Overnight,0.0,False,77.18,77.18,185.91,False,0.0,False
2015-01-08,2015-01-09,0,Overnight,0.0,False,2.56,2.56,-59.0,False,0.0,False
2015-01-09,2015-01-12,2,Weekend,48.0,False,12.85,12.85,-144.93,False,0.0,False
2015-01-12,2015-01-13,0,Overnight,0.0,False,66.26,66.26,-101.51,False,0.0,False
2015-01-13,2015-01-14,0,Overnight,0.0,False,-3.92,-3.92,-18.34,False,0.0,False
2015-01-14,2015-01-15,0,Overnight,0.0,False,15.72,15.72,-312.42,False,0.0,False
2015-01-15,2015-01-16,0,Overnight,0.0,False,-1.35,-1.35,152.8,False,0.0,False
2015-01-16,2015-01-20,3,Long,72.0,False,71.57,71.57,68.44,False,0.0,False
2015-01-20,2015-01-21,0,Overnight,0.0,False,-10.5,-10.5,75.87,False,0.0,False
2015-01-21,2015-01-22,0,Overnight,0.0,False,55.88,55.88,62.01,False,0.0,False
2015-01-22,2015-01-23,0,Overnight,0.0,False,0.0,0.0,23.15,False,0.0,False
2015-01-23,2015-01-26,2,Weekend,48.0,False,19.25,19.25,-61.74,False,0.0,False
2015-01-26,2015-01-27,0,Overnight,0.0,False,-102.46,-102.46,-121.98,False,0.0,False
2015-01-27,2015-01-28,0,Overnight,0.0,False,146.72,146.72,-86.2,False,0.0,False
2015-01-28,2015-01-29,0,Overnight,0.0,False,79.69,79.69,148.53,False,0.0,False
2015-01-29,2015-01-30,0,Overnight,0.0,False,0.0,0.0,-271.6,False,0.0,False
2015-01-30,2015-02-02,2,Weekend,48.0,False,26.31,26.31,-148.25,False,0.0,False
2015-02-02,2015-02-03,0,Overnight,0.0,False,26.64,26.64,27.89,False,0.0,False
2015-02-03,2015-02-04,0,Overnight,0.0,False,-41.2,-41.2,71.66,False,0.0,False
2015-02-04,2015-02-05,0,Overnight,0.0,False,10.57,10.57,-13.22,False,0.0,False
2015-02-05,2015-02-06,0,Overnight,0.0,False,9.25,9.25,-161.18,False,0.0,False
2015-02-06,2015-02-09,2,Weekend,48.0,False,-56.56,-56.56,52.53,False,0.0,False
2015-02-09,2015-02-10,0,Overnight,0.0,False,54.93,54.93,45.32,False,0.0,False
2015-02-10,2015-02-11,0,Overnight,0.0,False,-13.31,-13.31,187.34,False,0.0,False
2015-02-11,2015-02-12,0,Overnight,0.0,False,45.64,45.64,-82.3,False,0.0,False
2015-02-12,2015-02-13,0,Overnight,0.0,False,30.13,30.13,-94.61,False,0.0,False
2015-02-13,2015-02-17,3,Long,72.0,False,-58.26,-58.26,39.76,False,0.0,False
2015-02-17,2015-02-18,0,Overnight,0.0,False,44.87,44.87,100.88,False,0.0,False
2015-02-18,2015-02-19,0,Overnight,0.0,False,36.43,36.43,310.75,False,0.0,False
2015-02-19,2015-02-20,0,Overnight,0.0,False,16.36,16.36,43.9,False,0.0,False
2015-02-20,2015-02-23,2,Weekend,48.0,False,7.51,7.51,-141.06,False,0.0,False
2015-02-23,2015-02-24,0,Overnight,0.0,False,-43.22,-43.22,-6.37,False,0.0,False
2015-02-24,2015-02-25,0,Overnight,0.0,False,6.37,6.37,134.13,False,0.0,False
2015-02-25,2015-02-26,0,Overnight,0.0,False,40.14,40.14,66.13,False,0.0,False
2015-02-26,2015-02-27,0,Overnight,0.0,False,33.52,33.52,-214.23,False,0.0,False
2015-02-27,2015-03-02,2,Weekend,48.0,False,3.8,3.8,94.49,False,0.0,False
2015-03-02,2015-03-03,0,Overnight,0.0,False,-17.57,-17.57,-1.26,False,0.0,False
2015-03-03,2015-03-04,0,Overnight,0.0,False,-37.76,-37.76,199.76,False,0.0,False
2015-03-04,2015-03-05,0,Overnight,0.0,False,40.71,40.71,-2.46,False,0.0,False
2015-03-05,2015-03-06,0,Overnight,0.0,False,-38.25,-38.25,-110.62,False,0.0,False
2015-03-06,2015-03-09,2,Weekend,47.0,False,-41.33,-41.33,-30.17,False,0.0,False
2015-03-09,2015-03-10,0,Overnight,0.0,False,-119.03,-119.03,-121.76,False,0.0,False
2015-03-10,2015-03-11,0,Overnight,0.0,False,32.19,32.19,-29.61,False,0.0,False
2015-03-11,2015-03-12,0,Overnight,0.0,False,68.09,68.09,105.71,False,0.0,False
2015-03-12,2015-03-13,0,Overnight,0.0,False,-41.9,-41.9,-70.22,False,0.0,False
2015-03-13,2015-03-16,2,Weekend,48.0,False,-11.54,-11.54,14.1,False,0.0,False
2015-03-16,2015-03-17,0,Overnight,0.0,False,37.08,37.08,126.81,False,0.0,False
2015-03-17,2015-03-18,0,Overnight,0.0,False,-13.87,-13.87,207.3,False,0.0,False
2015-03-18,2015-03-19,0,Overnight,0.0,False,25.92,25.92,198.94,False,0.0,False
2015-03-19,2015-03-20,0,Overnight,0.0,False,77.04,77.04,49.05,False,0.0,False
2015-03-20,2015-03-23,2,Weekend,48.0,False,14.31,14.31,60.59,False,0.0,False
2015-03-23,2015-03-24,0,Overnight,0.0,False,33.11,33.11,70.58,False,0.0,False
2015-03-24,2015-03-25,0,Overnight,0.0,False,22.25,22.25,-306.4,False,0.0,False
2015-03-25,2015-03-26,0,Overnight,0.0,False,-24.15,-24.15,35.0,False,0.0,False
2015-03-26,2015-03-27,0,Overnight,0.0,False,44.47,44.47,-9.6,False,0.0,False
2015-03-27,2015-03-30,2,Weekend,48.0,False,61.04,61.04,-73.05,False,0.0,False
2015-03-30,2015-03-31,0,Overnight,0.0,False,-36.12,-36.12,-82.36,False,0.0,False
2015-03-31,2015-04-01,0,Overnight,0.0,False,34.0,34.0,-101.12,False,0.0,False
2015-04-01,2015-04-02,0,Overnight,0.0,False,70.77,70.77,-84.24,False,0.0,False
2015-04-02,2015-04-06,3,Long,72.0,False,-93.62,-93.62,200.94,False,0.0,False
2015-04-06,2015-04-07,0,Overnight,0.0,False,25.44,25.44,-40.01,False,0.0,False
2015-04-07,2015-04-08,0,Overnight,0.0,False,37.59,37.59,-42.45,False,0.0,False
2015-04-08,2015-04-09,0,Overnight,0.0,False,26.7,26.7,-40.08,False,0.0,False
2015-04-09,2015-04-10,0,Overnight,0.0,False,4.87,4.87,-20.7,False,0.0,False
2015-04-10,2015-04-13,2,Weekend,48.0,False,-13.42,-13.42,130.96,False,0.0,False
2015-04-13,2015-04-14,0,Overnight,0.0,False,19.26,19.26,41.99,False,0.0,False
2015-04-14,2015-04-15,0,Overnight,0.0,False,3.59,3.59,-101.05,False,0.0,False
2015-04-15,2015-04-16,0,Overnight,0.0,False,-29.06,-29.06,-19.42,False,0.0,False
2015-04-16,2015-04-17,0,Overnight,0.0,False,-101.35,-101.35,-86.28,False,0.0,False
2015-04-17,2015-04-20,2,Weekend,48.0,False,93.64,93.64,188.31,False,0.0,False
2015-04-20,2015-04-21,0,Overnight,0.0,False,108.92,108.92,-45.34,False,0.0,False
2015-04-21,2015-04-22,0,Overnight,0.0,False,83.36,83.36,36.7,False,0.0,False
2015-04-22,2015-04-23,0,Overnight,0.0,False,-62.82,-62.82,-203.0,False,0.0,False
2015-04-23,2015-04-24,0,Overnight,0.0,False,43.59,43.59,-150.95,False,0.0,False
2015-04-24,2015-04-27,2,Weekend,48.0,False,41.62,41.62,4.88,False,0.0,False
2015-04-27,2015-04-28,0,Overnight,0.0,False,-9.77,-9.77,-141.53,False,0.0,False
2015-04-28,2015-04-29,0,Overnight,0.0,False,-83.39,-83.39,57.33,False,0.0,False
2015-04-29,2015-04-30,0,Overnight,0.0,False,-57.33,-57.33,-156.19,False,0.0,False
2015-04-30,2015-05-01,0,Overnight,0.0,False,59.49,59.49,-31.6,False,0.0,False
2015-05-01,2015-05-04,2,Weekend,48.0,False,42.95,42.95,-65.77,False,0.0,False
2015-05-04,2015-05-05,0,Overnight,0.0,False,-33.04,-33.04,-126.84,False,0.0,False
2015-05-05,2015-05-06,0,Overnight,0.0,False,52.72,52.72,16.66,False,0.0,False
2015-05-06,2015-05-07,0,Overnight,0.0,False,-12.81,-12.81,54.98,False,0.0,False
2015-05-07,2015-05-08,0,Overnight,0.0,False,85.06,85.06,-74.87,False,0.0,False
2015-05-08,2015-05-11,2,Weekend,48.0,False,-3.82,-3.82,-60.07,False,0.0,False
2015-05-11,2015-05-12,0,Overnight,0.0,False,-17.96,-17.96,-52.79,False,0.0,False
2015-05-12,2015-05-13,0,Overnight,0.0,False,33.51,33.51,92.21,False,0.0,False
2015-05-13,2015-05-14,0,Overnight,0.0,False,63.54,63.54,303.19,False,0.0,False
2015-05-14,2015-05-15,0,Overnight,0.0,False,4.91,4.91,-122.35,False,0.0,False
2015-05-15,2015-05-18,2,Weekend,48.0,False,-11.2,-11.2,68.23,False,0.0,False
2015-05-18,2015-05-19,0,Overnight,0.0,False,45.64,45.64,-76.6,False,0.0,False
2015-05-19,2015-05-20,0,Overnight,0.0,False,-19.86,-19.86,9.94,False,0.0,False
2015-05-20,2015-05-21,0,Overnight,0.0,False,-44.79,-44.79,36.1,False,0.0,False
2015-05-21,2015-05-22,0,Overnight,0.0,False,-16.17,-16.17,23.62,False,0.0,False
2015-05-22,2015-05-26,3,Long,72.0,False,-13.67,-13.67,-137.71,False,0.0,False
2015-05-26,2015-05-27,0,Overnight,0.0,False,33.98,33.98,118.64,False,0.0,False
2015-05-27,2015-05-28,0,Overnight,0.0,False,-37.31,-37.31,-12.47,False,0.0,False
2015-05-28,2015-05-29,0,Overnight,0.0,False,-24.99,-24.99,-95.51,False,0.0,False
2015-05-29,2015-06-01,2,Weekend,48.0,False,13.88,13.88,124.07,False,0.0,False
2015-06-01,2015-06-02,0,Overnight,0.0,False,-66.23,-66.23,84.89,False,0.0,False
2015-06-02,2015-06-03,0,Overnight,0.0,False,112.49,112.49,133.1,False,0.0,False
2015-06-03,2015-06-04,0,Overnight,0.0,False,-36.46,-36.46,-10.96,False,0.0,False
2015-06-04,2015-06-05,0,Overnight,0.0,False,-21.96,-21.96,32.92,False,0.0,False
2015-06-05,2015-06-08,2,Weekend,48.0,False,-39.03,-39.03,-141.55,False,0.0,False
2015-06-08,2015-06-09,0,Overnight,0.0,False,-8.68,-8.68,8.68,False,0.0,False
2015-06-09,2015-06-10,0,Overnight,0.0,False,19.81,19.81,163.2,False,0.0,False
2015-06-10,2015-06-11,0,Overnight,0.0,False,18.24,18.24,-58.49,False,0.0,False
2015-06-11,2015-06-12,0,Overnight,0.0,False,-56.37,-56.37,19.64,False,0.0,False
2015-06-12,2015-06-15,2,Weekend,48.0,False,-120.93,-120.93,19.84,False,0.0,False
2015-06-15,2015-06-16,0,Overnight,0.0,False,13.62,13.62,29.65,False,0.0,False
2015-06-16,2015-06-17,0,Overnight,0.0,False,85.99,85.99,3.67,False,0.0,False
2015-06-17,2015-06-18,0,Overnight,0.0,False,-18.36,-18.36,154.36,False,0.0,False
2015-06-18,2015-06-19,0,Overnight,0.0,False,-9.65,-9.65,-38.71,False,0.0,False
2015-06-19,2015-06-22,2,Weekend,48.0,False,108.49,108.49,158.19,False,0.0,False
2015-06-22,2015-06-23,0,Overnight,0.0,False,25.93,25.93,337.92,False,0.0,False
2015-06-23,2015-06-24,0,Overnight,0.0,False,-25.06,-25.06,135.96,False,0.0,False
2015-06-24,2015-06-25,0,Overnight,0.0,False,44.91,44.91,-144.44,False,0.0,False
2015-06-25,2015-06-26,0,Overnight,0.0,False,15.9,15.9,-12.49,False,0.0,False
2015-06-26,2015-06-29,2,Weekend,48.0,False,-160.35,-160.35,-93.96,False,0.0,False
2015-06-29,2015-06-30,0,Overnight,0.0,False,92.81,92.81,-96.31,False,0.0,False
2015-06-30,2015-07-01,0,Overnight,0.0,False,115.92,115.92,16.12,False,0.0,False
2015-07-01,2015-07-02,0,Overnight,0.0,False,56.22,56.22,-12.59,False,0.0,False
2015-07-02,2015-07-06,3,Long,72.0,False,-92.07,-92.07,121.81,False,0.0,False
2015-07-06,2015-07-07,0,Overnight,0.0,False,28.51,28.51,-66.28,False,0.0,False
2015-07-07,2015-07-08,0,Overnight,0.0,False,-107.2,-107.2,-74.44,False,0.0,False
2015-07-08,2015-07-09,0,Overnight,0.0,False,125.31,125.31,-98.49,False,0.0,False
2015-07-09,2015-07-10,0,Overnight,0.0,False,169.72,169.72,68.45,False,0.0,False
2015-07-10,2015-07-13,2,Weekend,48.0,False,80.4,80.4,161.11,False,0.0,False
2015-07-13,2015-07-14,0,Overnight,0.0,False,39.88,39.88,-86.6,False,0.0,False
2015-07-14,2015-07-15,0,Overnight,0.0,False,35.62,35.62,-26.7,False,0.0,False
2015-07-15,2015-07-16,0,Overnight,0.0,False,57.76,57.76,62.94,False,0.0,False
2015-07-16,2015-07-17,0,Overnight,0.0,False,185.39,185.39,258.12,False,0.0,False
2015-07-17,2015-07-20,2,Weekend,48.0,False,92.23,92.23,212.64,False,0.0,False
2015-07-20,2015-07-21,0,Overnight,0.0,False,105.66,105.66,-56.75,False,0.0,False
2015-07-21,2015-07-22,0,Overnight,0.0,False,-169.12,-169.12,30.96,False,0.0,False
2015-07-22,2015-07-23,0,Overnight,0.0,False,-8.25,-8.25,-158.01,False,0.0,False
2015-07-23,2015-07-24,0,Overnight,0.0,False,198.15,198.15,-41.17,False,0.0,False
2015-07-24,2015-07-27,2,Weekend,48.0,False,-38.24,-38.24,-252.7,False,0.0,False
2015-07-27,2015-07-28,0,Overnight,0.0,False,70.9,70.9,47.34,False,0.0,False
2015-07-28,2015-07-29,0,Overnight,0.0,False,107.51,107.51,69.32,False,0.0,False
2015-07-29,2015-07-30,0,Overnight,0.0,False,-216.79,-216.79,31.56,False,0.0,False
2015-07-30,2015-07-31,0,Overnight,0.0,False,-27.35,-27.35,-99.49,False,0.0,False
2015-07-31,2015-08-03,2,Weekend,48.0,False,-51.19,-51.19,65.01,False,0.0,False
2015-08-03,2015-08-04,0,Overnight,0.0,False,-37.25,-37.25,28.75,False,0.0,False
2015-08-04,2015-08-05,0,Overnight,0.0,False,125.72,125.72,124.16,False,0.0,False
2015-08-05,2015-08-06,0,Overnight,0.0,False,76.44,76.44,-214.26,False,0.0,False
2015-08-06,2015-08-07,0,Overnight,0.0,False,27.3,27.3,-113.88,False,0.0,False
2015-08-07,2015-08-10,2,Weekend,48.0,False,145.28,145.28,-161.2,False,0.0,False
2015-08-10,2015-08-11,0,Overnight,0.0,False,-44.71,-44.71,-11.74,False,0.0,False
2015-08-11,2015-08-12,0,Overnight,0.0,False,-98.76,-98.76,159.46,False,0.0,False
2015-08-12,2015-08-13,0,Overnight,0.0,False,-14.87,-14.87,-66.14,False,0.0,False
2015-08-13,2015-08-14,0,Overnight,0.0,False,11.77,11.77,93.64,False,0.0,False
2015-08-14,2015-08-17,2,Weekend,48.0,False,0.0,0.0,-52.03,False,0.0,False
2015-08-17,2015-08-18,0,Overnight,0.0,False,15.96,15.96,115.19,False,0.0,False
2015-08-18,2015-08-19,0,Overnight,0.0,False,-56.9,-56.9,71.6,False,0.0,False
2015-08-19,2015-08-20,0,Overnight,0.0,False,-187.46,-187.46,-323.77,False,0.0,False
2015-08-20,2015-08-21,0,Overnight,0.0,False,-341.45,-341.45,-168.23,False,0.0,False
2015-08-21,2015-08-24,2,Weekend,48.0,False,-1108.5,-1108.5,636.21,False,0.0,False
2015-08-24,2015-08-25,0,Overnight,0.0,False,575.17,575.17,-464.93,False,0.0,False
2015-08-25,2015-08-26,0,Overnight,0.0,False,349.25,349.25,143.24,False,0.0,False
2015-08-26,2015-08-27,0,Overnight,0.0,False,216.7,216.7,70.46,False,0.0,False
2015-08-27,2015-08-28,0,Overnight,0.0,False,16.7,16.7,124.94,False,0.0,False
2015-08-28,2015-08-31,2,Weekend,48.0,False,-45.15,-45.15,-129.98,False,0.0,False
2015-08-31,2015-09-01,0,Overnight,0.0,False,-292.74,-292.74,43.66,False,0.0,False
2015-09-01,2015-09-02,0,Overnight,0.0,False,179.51,179.51,120.87,False,0.0,False
2015-09-02,2015-09-03,0,Overnight,0.0,False,-14.47,-14.47,-181.0,False,0.0,False
2015-09-03,2015-09-04,0,Overnight,0.0,False,-108.36,-108.36,120.83,False,0.0,False
2015-09-04,2015-09-08,3,Long,72.0,False,160.72,160.72,-17.86,False,0.0,False
2015-09-08,2015-09-09,0,Overnight,0.0,False,138.65,138.65,-37.52,False,0.0,False
2015-09-09,2015-09-10,0,Overnight,0.0,False,-41.0,-41.0,209.84,False,0.0,False
2015-09-10,2015-09-11,0,Overnight,0.0,False,-32.67,-32.67,40.28,False,0.0,False
2015-09-11,2015-09-14,2,Weekend,48.0,False,28.21,28.21,0.0,False,0.0,False
2015-09-14,2015-09-15,0,Overnight,0.0,False,6.5,6.5,57.21,False,0.0,False
2015-09-15,2015-09-16,0,Overnight,0.0,False,0.0,0.0,59.03,False,0.0,False
2015-09-16,2015-09-17,0,Overnight,0.0,False,-8.56,-8.56,103.35,False,0.0,False
2015-09-17,2015-09-18,0,Overnight,0.0,False,-121.58,-121.58,127.93,False,0.0,False
2015-09-18,2015-09-21,2,Weekend,48.0,False,23.28,23.28,97.81,False,0.0,False
2015-09-21,2015-09-22,0,Overnight,0.0,False,-188.05,-188.05,-86.76,False,0.0,False
2015-09-22,2015-09-23,0,Overnight,0.0,False,47.22,47.22,60.84,False,0.0,False
2015-09-23,2015-09-24,0,Overnight,0.0,False,-97.31,-97.31,144.03,False,0.0,False
2015-09-24,2015-09-25,0,Overnight,0.0,False,145.11,145.11,-320.35,False,0.0,False
2015-09-25,2015-09-28,2,Weekend,48.0,False,-74.65,-74.65,-316.65,False,0.0,False
2015-09-28,2015-09-29,0,Overnight,0.0,False,-12.34,-12.34,-276.52,False,0.0,False
2015-09-29,2015-09-30,0,Overnight,0.0,False,202.17,202.17,163.74,False,0.0,False
2015-09-30,2015-10-01,0,Overnight,0.0,False,16.67,16.67,99.45,False,0.0,False
2015-10-01,2015-10-02,0,Overnight,0.0,False,-227.98,-227.98,350.37,False,0.0,False
2015-10-02,2015-10-05,2,Weekend,48.0,False,94.05,94.05,114.47,False,0.0,False
2015-10-05,2015-10-06,0,Overnight,0.0,False,7.44,7.44,-136.99,False,0.0,False
2015-10-06,2015-10-07,0,Overnight,0.0,False,33.35,33.35,-76.55,False,0.0,False
2015-10-07,2015-10-08,0,Overnight,0.0,False,-55.35,-55.35,62.92,False,0.0,False
2015-10-08,2015-10-09,0,Overnight,0.0,False,46.39,46.39,36.53,False,0.0,False
2015-10-09,2015-10-12,2,Weekend,48.0,False,8.58,8.58,100.22,False,0.0,False
2015-10-12,2015-10-13,0,Overnight,0.0,False,-63.86,-63.86,48.99,False,0.0,False
2015-10-13,2015-10-14,0,Overnight,0.0,False,-4.25,-4.25,-1.06,False,0.0,False
2015-10-14,2015-10-15,0,Overnight,0.0,False,97.32,97.32,101.6,False,0.0,False
2015-10-15,2015-10-16,0,Overnight,0.0,False,22.9,22.9,140.41,False,0.0,False
2015-10-16,2015-10-19,2,Weekend,48.0,False,-36.98,-36.98,131.87,False,0.0,False
2015-10-19,2015-10-20,0,Overnight,0.0,False,26.37,26.37,-176.78,False,0.0,False
2015-10-20,2015-10-21,0,Overnight,0.0,False,38.07,38.07,-26.74,False,0.0,False
2015-10-21,2015-10-22,0,Overnight,0.0,False,69.78,69.78,190.42,False,0.0,False
2015-10-22,2015-10-23,0,Overnight,0.0,False,222.25,222.25,27.44,False,0.0,False
2015-10-23,2015-10-26,2,Weekend,48.0,False,0.98,0.98,152.45,False,0.0,False
2015-10-26,2015-10-27,0,Overnight,0.0,False,-80.31,-80.31,73.56,False,0.0,False
2015-10-27,2015-10-28,0,Overnight,0.0,False,19.27,19.27,28.83,False,0.0,False
2015-10-28,2015-10-29,0,Overnight,0.0,False,-23.06,-23.06,88.11,False,0.0,False
2015-10-29,2015-10-30,0,Overnight,0.0,False,-35.34,-35.34,-246.04,False,0.0,False
2015-10-30,2015-11-02,2,Weekend,49.0,False,-24.55,-24.55,155.1,False,0.0,False
2015-11-02,2015-11-03,0,Overnight,0.0,False,-8.72,-8.72,-62.2,False,0.0,False
2015-11-03,2015-11-04,0,Overnight,0.0,False,59.29,59.29,72.42,False,0.0,False
2015-11-04,2015-11-05,0,Overnight,0.0,False,456.98,456.98,-3.68,False,0.0,False
2015-11-05,2015-11-06,0,Overnight,0.0,False,-66.42,-66.42,-87.39,False,0.0,False
2015-11-06,2015-11-09,2,Weekend,48.0,False,-9.34,-9.34,-47.78,False,0.0,False
2015-11-09,2015-11-10,0,Overnight,0.0,False,-49.89,-49.89,182.36,False,0.0,False
2015-11-10,2015-11-11,0,Overnight,0.0,False,33.3,33.3,68.12,False,0.0,False
2015-11-11,2015-11-12,0,Overnight,0.0,False,-48.74,-48.74,-42.49,False,0.0,False
2015-11-12,2015-11-13,0,Overnight,0.0,False,-28.74,-28.74,-355.32,False,0.0,False
2015-11-13,2015-11-16,2,Weekend,48.0,False,-60.79,-60.79,69.44,False,0.0,False
2015-11-16,2015-11-17,0,Overnight,0.0,False,55.59,55.59,48.63,False,0.0,False
2015-11-17,2015-11-18,0,Overnight,0.0,False,63.53,63.53,184.49,False,0.0,False
2015-11-18,2015-11-19,0,Overnight,0.0,False,-38.12,-38.12,-102.99,False,0.0,False
2015-11-19,2015-11-20,0,Overnight,0.0,False,54.43,54.43,44.83,False,0.0,False
2015-11-20,2015-11-23,2,Weekend,48.0,False,-12.12,-12.12,-22.42,False,0.0,False
2015-11-23,2015-11-24,0,Overnight,0.0,False,-89.22,-89.22,-24.56,False,0.0,False
2015-11-24,2015-11-25,0,Overnight,0.0,False,55.64,55.64,-86.9,False,0.0,False
2015-11-25,2015-11-27,1,Short,24.0,False,35.04,35.04,-31.25,False,0.0,False
2015-11-27,2015-11-30,2,Weekend,48.0,True,36.92,36.92,-152.33,False,0.0,False
2015-11-30,2015-12-01,0,Overnight,0.0,False,56.44,56.44,216.1,False,0.0,False
2015-12-01,2015-12-02,0,Overnight,0.0,False,-11.21,-11.21,-87.3,False,0.0,False
2015-12-02,2015-12-03,0,Overnight,0.0,False,18.84,18.84,-179.45,False,0.0,False
2015-12-03,2015-12-04,0,Overnight,0.0,False,41.11,41.11,129.87,False,0.0,False
2015-12-04,2015-12-07,2,Weekend,48.0,False,28.21,28.21,-82.04,False,0.0,False
2015-12-07,2015-12-08,0,Overnight,0.0,False,-153.62,-153.62,236.6,False,0.0,False
2015-12-08,2015-12-09,0,Overnight,0.0,False,-29.15,-29.15,-149.92,False,0.0,False
2015-12-09,2015-12-10,0,Overnight,0.0,False,42.93,42.93,35.16,False,0.0,False
2015-12-10,2015-12-11,0,Overnight,0.0,False,-121.2,-121.2,-196.84,False,0.0,False
2015-12-11,2015-12-14,2,Weekend,48.0,False,16.63,16.63,229.05,False,0.0,False
2015-12-14,2015-12-15,0,Overnight,0.0,False,60.96,60.96,-71.48,False,0.0,False
2015-12-15,2015-12-16,0,Overnight,0.0,False,78.13,78.13,133.86,False,0.0,False
2015-12-16,2015-12-17,0,Overnight,0.0,False,65.34,65.34,-118.85,False,0.0,False
2015-12-17,2015-12-18,0,Overnight,0.0,False,-13.19,-13.19,-194.18,False,0.0,False
2015-12-18,2015-12-21,2,Weekend,48.0,False,83.27,83.27,-13.35,False,0.0,False
2015-12-21,2015-12-22,0,Overnight,0.0,False,42.86,42.86,27.52,False,0.0,False
2015-12-22,2015-12-23,0,Overnight,0.0,False,35.95,35.95,-119.71,False,0.0,False
2015-12-23,2015-12-24,0,Overnight,0.0,False,10.51,10.51,26.7,False,0.0,False
2015-12-24,2015-12-28,3,Long,72.0,True,0.0,0.0,86.28,False,0.0,False
2015-12-28,2015-12-29,0,Overnight,0.0,False,46.15,46.15,78.62,False,0.0,False
2015-12-29,2015-12-30,0,Overnight,0.0,False,-24.27,-24.27,-73.16,False,0.0,False
2015-12-30,2015-12-31,0,Overnight,0.0,False,-20.73,-20.73,-127.22,False,0.0,False
2015-12-31,2016-01-04,3,Long,72.0,False,-262.35,-262.35,26.45,False,0.0,False
2016-01-04,2016-01-05,0,Overnight,0.0,False,65.33,65.33,-15.56,False,0.0,False
2016-01-05,2016-01-06,0,Overnight,0.0,False,-156.97,-156.97,180.31,False,0.0,False
2016-01-06,2016-01-07,0,Overnight,0.0,False,-242.8,-242.8,-260.07,False,0.0,False
2016-01-07,2016-01-08,0,Overnight,0.0,False,198.19,198.19,-258.62,False,0.0,False
2016-01-08,2016-01-11,2,Weekend,48.0,False,59.41,59.41,-40.94,False,0.0,False
2016-01-11,2016-01-12,0,Overnight,0.0,False,151.65,151.65,37.3,False,0.0,False
2016-01-12,2016-01-13,0,Overnight,0.0,False,121.03,121.03,-524.56,False,0.0,False
2016-01-13,2016-01-14,0,Overnight,0.0,False,42.87,42.87,259.51,False,0.0,False
2016-01-14,2016-01-15,0,Overnight,0.0,False,-456.54,-456.54,104.79,False,0.0,False
2016-01-15,2016-01-19,3,Long,72.0,False,162.93,162.93,-132.44,False,0.0,False
2016-01-19,2016-01-20,0,Overnight,0.0,False,-258.4,-258.4,162.41,False,0.0,False
2016-01-20,2016-01-21,0,Overnight,0.0,False,59.18,59.18,-79.34,False,0.0,False
2016-01-21,2016-01-22,0,Overnight,0.0,False,236.14,236.14,157.45,False,0.0,False
2016-01-22,2016-01-25,2,Weekend,48.0,False,79.33,79.33,-174.73,False,0.0,False
2016-01-25,2016-01-26,0,Overnight,0.0,False,77.01,77.01,-43.06,False,0.0,False
2016-01-26,2016-01-27,0,Overnight,0.0,False,46.12,46.12,-347.52,False,0.0,False
2016-01-27,2016-01-28,0,Overnight,0.0,False,1266.26,1266.26,176.6,False,0.0,False
2016-01-28,2016-01-29,0,Overnight,0.0,False,-11.0,-11.0,291.16,False,0.0,False
2016-01-29,2016-02-01,2,Weekend,48.0,False,5.35,5.35,248.08,False,0.0,False
2016-02-01,2016-02-02,0,Overnight,0.0,False,-25.23,-25.23,-16.56,False,0.0,False
2016-02-02,2016-02-03,0,Overnight,0.0,False,57.42,57.42,-226.36,False,0.0,False
2016-02-03,2016-02-04,0,Overnight,0.0,False,-79.29,-79.29,-117.87,False,0.0,False
2016-02-04,2016-02-05,0,Overnight,0.0,False,-89.09,-89.09,-509.52,False,0.0,False
2016-02-05,2016-02-08,2,Weekend,48.0,False,-358.02,-358.02,-65.95,False,0.0,False
2016-02-08,2016-02-09,0,Overnight,0.0,False,-265.14,-265.14,244.06,False,0.0,False
2016-02-09,2016-02-10,0,Overnight,0.0,False,199.92,199.92,-54.31,False,0.0,False
2016-02-10,2016-02-11,0,Overnight,0.0,False,-139.58,-139.58,229.28,False,0.0,False
2016-02-11,2016-02-12,0,Overnight,0.0,False,177.98,177.98,-168.17,False,0.0,False
2016-02-12,2016-02-16,3,Long,72.0,False,173.95,173.95,-213.24,False,0.0,False
2016-02-16,2016-02-17,0,Overnight,0.0,False,40.27,40.27,306.94,False,0.0,False
2016-02-17,2016-02-18,0,Overnight,0.0,False,56.87,56.87,-222.69,False,0.0,False
2016-02-18,2016-02-19,0,Overnight,0.0,False,-89.31,-89.31,195.06,False,0.0,False
2016-02-19,2016-02-22,2,Weekend,48.0,False,87.59,87.59,157.07,False,0.0,False
2016-02-22,2016-02-23,0,Overnight,0.0,False,-28.97,-28.97,-130.94,False,0.0,False
2016-02-23,2016-02-24,0,Overnight,0.0,False,-119.24,-119.24,252.99,False,0.0,False
2016-02-24,2016-02-25,0,Overnight,0.0,False,21.5,21.5,89.23,False,0.0,False
2016-02-25,2016-02-26,0,Overnight,0.0,False,58.13,58.13,-72.02,False,0.0,False
2016-02-26,2016-02-29,2,Weekend,48.0,False,-29.7,-29.7,-63.4,False,0.0,False
2016-02-29,2016-03-01,0,Overnight,0.0,False,84.75,84.75,182.87,False,0.0,False
2016-03-01,2016-03-02,0,Overnight,0.0,False,-12.76,-12.76,24.59,False,0.0,False
2016-03-02,2016-03-03,0,Overnight,0.0,False,27.25,27.25,-60.96,False,0.0,False
2016-03-03,2016-03-04,0,Overnight,0.0,False,42.8,42.8,-151.99,False,0.0,False
2016-03-04,2016-03-07,2,Weekend,48.0,False,-29.57,-29.57,-218.9,False,0.0,False
2016-03-07,2016-03-08,0,Overnight,0.0,False,-90.26,-90.26,109.16,False,0.0,False
2016-03-08,2016-03-09,0,Overnight,0.0,False,72.43,72.43,75.63,False,0.0,False
2016-03-09,2016-03-10,0,Overnight,0.0,False,37.14,37.14,-54.83,False,0.0,False
2016-03-10,2016-03-11,0,Overnight,0.0,False,107.51,107.51,85.36,False,0.0,False
2016-03-11,2016-03-14,2,Weekend,47.0,False,-11.89,-11.89,55.66,False,0.0,False
2016-03-14,2016-03-15,0,Overnight,0.0,False,-71.23,-71.23,141.96,False,0.0,False
2016-03-15,2016-03-16,0,Overnight,0.0,False,-16.28,-16.28,151.8,False,0.0,False
2016-03-16,2016-03-17,0,Overnight,0.0,False,-2.67,-2.67,-101.27,False,0.0,False
2016-03-17,2016-03-18,0,Overnight,0.0,False,48.52,48.52,-9.87,False,0.0,False
2016-03-18,2016-03-21,2,Weekend,48.0,False,18.83,18.83,17.0,False,0.0,False
2016-03-21,2016-03-22,0,Overnight,0.0,False,-43.9,-43.9,79.6,False,0.0,False
2016-03-22,2016-03-23,0,Overnight,0.0,False,-21.4,-21.4,47.21,False,0.0,False
2016-03-23,2016-03-24,0,Overnight,0.0,False,-36.5,-36.5,81.71,False,0.0,False
2016-03-24,2016-03-28,3,Long,72.0,False,23.85,23.85,32.6,False,0.0,False
2016-03-28,2016-03-29,0,Overnight,0.0,False,12.31,12.31,200.9,False,0.0,False
2016-03-29,2016-03-30,0,Overnight,0.0,False,50.67,50.67,-175.44,False,0.0,False
2016-03-30,2016-03-31,0,Overnight,0.0,False,0.0,0.0,-52.45,False,0.0,False
2016-03-31,2016-04-01,0,Overnight,0.0,False,-30.72,-30.72,201.04,False,0.0,False
2016-04-01,2016-04-04,2,Weekend,48.0,False,-172.95,-172.95,-134.15,False,0.0,False
2016-04-04,2016-04-05,0,Overnight,0.0,False,-39.17,-39.17,9.81,False,0.0,False
2016-04-05,2016-04-06,0,Overnight,0.0,False,22.25,22.25,109.65,False,0.0,False
2016-04-06,2016-04-07,0,Overnight,0.0,False,7.03,7.03,-13.19,False,0.0,False
2016-04-07,2016-04-08,0,Overnight,0.0,False,53.53,53.53,-321.98,False,0.0,False
2016-04-08,2016-04-11,2,Weekend,48.0,False,6.33,6.33,-155.68,False,0.0,False
2016-04-11,2016-04-12,0,Overnight,0.0,False,32.06,32.06,115.48,False,0.0,False
2016-04-12,2016-04-13,0,Overnight,0.0,False,145.4,145.4,-154.44,False,0.0,False
2016-04-13,2016-04-14,0,Overnight,0.0,False,9.95,9.95,19.87,False,0.0,False
2016-04-14,2016-04-15,0,Overnight,0.0,False,-4.51,-4.51,-104.34,False,0.0,False
2016-04-15,2016-04-18,2,Weekend,48.0,False,9.12,9.12,64.49,False,0.0,False
2016-04-18,2016-04-19,0,Overnight,0.0,False,58.68,58.68,106.54,False,0.0,False
2016-04-19,2016-04-20,0,Overnight,0.0,False,12.46,12.46,-0.89,False,0.0,False
2016-04-20,2016-04-21,0,Overnight,0.0,False,11.56,11.56,78.76,False,0.0,False
2016-04-21,2016-04-22,0,Overnight,0.0,False,-198.54,-198.54,-58.62,False,0.0,False
2016-04-22,2016-04-25,2,Weekend,48.0,False,-62.6,-62.6,20.91,False,0.0,False
2016-04-25,2016-04-26,0,Overnight,0.0,False,35.36,35.36,-157.81,False,0.0,False
2016-04-26,2016-04-27,0,Overnight,0.0,False,-75.68,-75.68,87.63,False,0.0,False
2016-04-27,2016-04-28,0,Overnight,0.0,False,936.47,936.47,-241.22,False,0.0,False
2016-04-28,2016-04-29,0,Overnight,0.0,False,7.71,7.71,64.85,False,0.0,False
2016-04-29,2016-05-02,2,Weekend,48.0,False,21.24,21.24,62.61,False,0.0,False
2016-05-02,2016-05-03,0,Overnight,0.0,False,-88.95,-88.95,-7.66,False,0.0,False
2016-05-03,2016-05-04,0,Overnight,0.0,False,-70.07,-70.07,123.58,False,0.0,False
2016-05-04,2016-05-05,0,Overnight,0.0,False,-1.69,-1.69,-19.5,False,0.0,False
2016-05-05,2016-05-06,0,Overnight,0.0,False,-55.33,-55.33,196.92,False,0.0,False
2016-05-06,2016-05-09,2,Weekend,48.0,False,4.18,4.18,-25.13,False,0.0,False
2016-05-09,2016-05-10,0,Overnight,0.0,False,31.82,31.82,73.3,False,0.0,False
2016-05-10,2016-05-11,0,Overnight,0.0,False,-7.47,-7.47,-74.19,False,0.0,False
2016-05-11,2016-05-12,0,Overnight,0.0,False,38.41,38.41,24.97,False,0.0,False
2016-05-12,2016-05-13,0,Overnight,0.0,False,8.31,8.31,-47.46,False,0.0,False
2016-05-13,2016-05-16,2,Weekend,48.0,False,-35.95,-35.95,-59.65,False,0.0,False
2016-05-16,2016-05-17,0,Overnight,0.0,False,12.63,12.63,-124.49,False,0.0,False
2016-05-17,2016-05-18,0,Overnight,0.0,False,-46.98,-46.98,72.51,False,0.0,False
2016-05-18,2016-05-19,0,Overnight,0.0,False,-51.13,-51.13,-20.53,False,0.0,False
2016-05-19,2016-05-20,0,Overnight,0.0,False,12.83,12.83,33.29,False,0.0,False
2016-05-20,2016-05-23,2,Weekend,48.0,False,5.96,5.96,-124.26,False,0.0,False
2016-05-23,2016-05-24,0,Overnight,0.0,False,23.25,23.25,124.82,False,0.0,False
2016-05-24,2016-05-25,0,Overnight,0.0,False,36.47,36.47,-20.34,False,0.0,False
2016-05-25,2016-05-26,0,Overnight,0.0,False,29.64,29.64,103.49,False,0.0,False
2016-05-26,2016-05-27,0,Overnight,0.0,False,7.53,7.53,-15.07,False,0.0,False
2016-05-27,2016-05-31,3,Long,72.0,False,6.7,6.7,-54.56,False,0.0,False
2016-05-31,2016-06-01,0,Overnight,0.0,False,-26.13,-26.13,23.6,False,0.0,False
2016-06-01,2016-06-02,0,Overnight,0.0,False,-7.58,-7.58,20.2,False,0.0,False
2016-06-02,2016-06-03,0,Overnight,0.0,False,4.2,4.2,-42.96,False,0.0,False
2016-06-03,2016-06-06,2,Weekend,48.0,False,12.65,12.65,14.32,False,0.0,False
2016-06-06,2016-06-07,0,Overnight,0.0,False,37.81,37.81,-124.9,False,0.0,False
2016-06-07,2016-06-08,0,Overnight,0.0,False,0.0,0.0,53.36,False,0.0,False
2016-06-08,2016-06-09,0,Overnight,0.0,False,-21.99,-21.99,36.33,False,0.0,False
2016-06-09,2016-06-10,0,Overnight,0.0,False,-86.4,-86.4,-78.58,False,0.0,False
2016-06-10,2016-06-13,2,Weekend,48.0,False,-139.89,-139.89,-91.72,False,0.0,False
2016-06-13,2016-06-14,0,Overnight,0.0,False,10.53,10.53,75.98,False,0.0,False
2016-06-14,2016-06-15,0,Overnight,0.0,False,31.27,31.27,-60.9,False,0.0,False
2016-06-15,2016-06-16,0,Overnight,0.0,False,-63.9,-63.9,45.56,False,0.0,False
2016-06-16,2016-06-17,0,Overnight,0.0,False,2.62,2.62,-123.11,False,0.0,False
2016-06-17,2016-06-20,2,Weekend,48.0,False,66.14,66.14,-35.22,False,0.0,False
2016-06-20,2016-06-21,0,Overnight,0.0,False,65.94,65.94,22.76,False,0.0,False
2016-06-21,2016-06-22,0,Overnight,0.0,False,23.58,23.58,-64.75,False,0.0,False
2016-06-22,2016-06-23,0,Overnight,0.0,False,40.3,40.3,61.89,False,0.0,False
2016-06-23,2016-06-24,0,Overnight,0.0,False,-360.07,-360.07,95.93,False,0.0,False
2016-06-24,2016-06-27,2,Weekend,48.0,False,-45.61,-45.61,-235.8,False,0.0,False
2016-06-27,2016-06-28,0,Overnight,0.0,False,151.19,151.19,185.38,False,0.0,False
2016-06-28,2016-06-29,0,Overnight,0.0,False,59.27,59.27,69.44,False,0.0,False
2016-06-29,2016-06-30,0,Overnight,0.0,False,44.57,44.57,-34.07,False,0.0,False
2016-06-30,2016-07-01,0,Overnight,0.0,False,-7.0,-7.0,-0.88,False,0.0,False
2016-07-01,2016-07-05,3,Long,72.0,False,-21.92,-21.92,22.79,False,0.0,False
2016-07-05,2016-07-06,0,Overnight,0.0,False,-73.83,-73.83,290.38,False,0.0,False
2016-07-06,2016-07-07,0,Overnight,0.0,False,-6.0,-6.0,-67.1,False,0.0,False
2016-07-07,2016-07-08,0,Overnight,0.0,False,49.94,49.94,69.33,False,0.0,False
2016-07-08,2016-07-11,2,Weekend,48.0,False,40.01,40.01,13.58,False,0.0,False
2016-07-11,2016-07-12,0,Overnight,0.0,False,64.27,64.27,-59.18,False,0.0,False
2016-07-12,2016-07-13,0,Overnight,0.0,False,38.93,38.93,-136.92,False,0.0,False
2016-07-13,2016-07-14,0,Overnight,0.0,False,61.47,61.47,-17.89,False,0.0,False
2016-07-14,2016-07-15,0,Overnight,0.0,False,38.29,38.29,-75.02,False,0.0,False
2016-07-15,2016-07-18,2,Weekend,48.0,False,39.29,39.29,173.23,False,0.0,False
2016-07-18,2016-07-19,0,Overnight,0.0,False,-31.88,-31.88,135.23,False,0.0,False
2016-07-19,2016-07-20,0,Overnight,0.0,False,52.92,52.92,55.11,False,0.0,False
2016-07-20,2016-07-21,0,Overnight,0.0,False,0.0,0.0,-108.03,False,0.0,False
2016-07-21,2016-07-22,0,Overnight,0.0,False,-59.04,-59.04,91.32,False,0.0,False
2016-07-22,2016-07-25,2,Weekend,48.0,False,32.18,32.18,19.75,False,0.0,False
2016-07-25,2016-07-26,0,Overnight,0.0,False,30.37,30.37,-64.14,False,0.0,False
2016-07-26,2016-07-27,0,Overnight,0.0,False,98.51,98.51,74.87,False,0.0,False
2016-07-27,2016-07-28,0,Overnight,0.0,False,333.28,333.28,-199.59,False,0.0,False
2016-07-28,2016-07-29,0,Overnight,0.0,False,-28.04,-28.04,-57.12,False,0.0,False
2016-07-29,2016-08-01,2,Weekend,48.0,False,-7.26,-7.26,37.07,False,0.0,False
2016-08-01,2016-08-02,0,Overnight,0.0,False,-20.13,-20.13,-78.5,False,0.0,False
2016-08-02,2016-08-03,0,Overnight,0.0,False,0.0,0.0,-47.23,False,0.0,False
2016-08-03,2016-08-04,0,Overnight,0.0,False,35.04,35.04,114.84,False,0.0,False
2016-08-04,2016-08-05,0,Overnight,0.0,False,49.73,49.73,13.59,False,0.0,False
2016-08-05,2016-08-08,2,Weekend,48.0,False,7.99,7.99,0.8,False,0.0,False
2016-08-08,2016-08-09,0,Overnight,0.0,False,6.38,6.38,-22.36,False,0.0,False
2016-08-09,2016-08-10,0,Overnight,0.0,False,0.8,0.8,-15.2,False,0.0,False
2016-08-10,2016-08-11,0,Overnight,0.0,False,25.59,25.59,-23.99,False,0.0,False
2016-08-11,2016-08-12,0,Overnight,0.0,False,-16.03,-16.03,14.42,False,0.0,False
2016-08-12,2016-08-15,2,Weekend,48.0,False,2.4,2.4,-81.19,False,0.0,False
2016-08-15,2016-08-16,0,Overnight,0.0,False,-32.34,-32.34,-16.21,False,0.0,False
2016-08-16,2016-08-17,0,Overnight,0.0,False,29.15,29.15,57.25,False,0.0,False
2016-08-17,2016-08-18,0,Overnight,0.0,False,-28.99,-28.99,-8.07,False,0.0,False
2016-08-18,2016-08-19,0,Overnight,0.0,False,-25.05,-25.05,-3.24,False,0.0,False
2016-08-19,2016-08-22,2,Weekend,48.0,False,-18.63,-18.63,66.27,False,0.0,False
2016-08-22,2016-08-23,0,Overnight,0.0,False,28.96,28.96,-11.25,False,0.0,False
2016-08-23,2016-08-24,0,Overnight,0.0,False,8.04,8.04,-79.86,False,0.0,False
2016-08-24,2016-08-25,0,Overnight,0.0,False,-29.2,-29.2,62.35,False,0.0,False
2016-08-25,2016-08-26,0,Overnight,0.0,False,12.91,12.91,73.09,False,0.0,False
2016-08-26,2016-08-29,2,Weekend,48.0,False,-48.94,-48.94,174.58,False,0.0,False
2016-08-29,2016-08-30,0,Overnight,0.0,False,4.74,4.74,-60.21,False,0.0,False
2016-08-30,2016-08-31,0,Overnight,0.0,False,-19.09,-19.09,41.32,False,0.0,False
2016-08-31,2016-09-01,0,Overnight,0.0,False,20.59,20.59,-16.63,False,0.0,False
2016-09-01,2016-09-02,0,Overnight,0.0,False,53.75,53.75,-26.84,False,0.0,False
2016-09-02,2016-09-06,3,Long,72.0,False,12.64,12.64,238.7,False,0.0,False
2016-09-06,2016-09-07,0,Overnight,0.0,False,23.87,23.87,77.37,False,0.0,False
2016-09-07,2016-09-08,0,Overnight,0.0,False,-9.93,-9.93,-49.77,False,0.0,False
2016-09-08,2016-09-09,0,Overnight,0.0,False,-43.08,-43.08,-203.27,False,0.0,False
2016-09-09,2016-09-12,2,Weekend,48.0,False,-90.1,-90.1,214.42,False,0.0,False
2016-09-12,2016-09-13,0,Overnight,0.0,False,-51.42,-51.42,-64.25,False,0.0,False
2016-09-13,2016-09-14,0,Overnight,0.0,False,-25.19,-25.19,69.11,False,0.0,False
2016-09-14,2016-09-15,0,Overnight,0.0,False,16.42,16.42,28.87,False,0.0,False
2016-09-15,2016-09-16,0,Overnight,0.0,False,-11.69,-11.69,67.63,False,0.0,False
2016-09-16,2016-09-19,2,Weekend,48.0,False,64.87,64.87,-97.46,False,0.0,False
2016-09-19,2016-09-20,0,Overnight,0.0,False,0.0,0.0,-0.78,False,0.0,False
2016-09-20,2016-09-21,0,Overnight,0.0,False,38.02,38.02,62.53,False,0.0,False
2016-09-21,2016-09-22,0,Overnight,0.0,False,43.0,43.0,-32.24,False,0.0,False
2016-09-22,2016-09-23,0,Overnight,0.0,False,-195.63,-195.63,31.31,False,0.0,False
2016-09-23,2016-09-26,2,Weekend,48.0,False,-46.21,-46.21,-4.71,False,0.0,False
2016-09-26,2016-09-27,0,Overnight,0.0,False,23.54,23.54,84.28,False,0.0,False
2016-09-27,2016-09-28,0,Overnight,0.0,False,40.33,40.33,1.55,False,0.0,False
2016-09-28,2016-09-29,0,Overnight,0.0,False,-3.87,-3.87,-84.74,False,0.0,False
2016-09-29,2016-09-30,0,Overnight,0.0,False,-4.69,-4.69,18.73,False,0.0,False
2016-09-30,2016-10-03,2,Weekend,48.0,False,8.57,8.57,30.33,False,0.0,False
2016-10-03,2016-10-04,0,Overnight,0.0,False,31.01,31.01,-76.16,False,0.0,False
2016-10-04,2016-10-05,0,Overnight,0.0,False,4.68,4.68,17.14,False,0.0,False
2016-10-05,2016-10-06,0,Overnight,0.0,False,-3.11,-3.11,24.11,False,0.0,False
2016-10-06,2016-10-07,0,Overnight,0.0,False,23.27,23.27,-3.87,False,0.0,False
2016-10-07,2016-10-10,2,Weekend,48.0,False,53.35,53.35,43.09,False,0.0,False
2016-10-10,2016-10-11,0,Overnight,0.0,False,-0.77,-0.77,-104.2,False,0.0,False
2016-10-11,2016-10-12,0,Overnight,0.0,False,10.08,10.08,3.1,False,0.0,False
2016-10-12,2016-10-13,0,Overnight,0.0,False,-65.3,-65.3,-30.47,False,0.0,False
2016-10-13,2016-10-14,0,Overnight,0.0,False,52.28,52.28,-47.59,False,0.0,False
2016-10-14,2016-10-17,2,Weekend,48.0,False,24.99,24.99,-51.61,False,0.0,False
2016-10-17,2016-10-18,0,Overnight,0.0,False,88.99,88.99,-8.55,False,0.0,False
2016-10-18,2016-10-19,0,Overnight,0.0,False,13.21,13.21,105.85,False,0.0,False
2016-10-19,2016-10-20,0,Overnight,0.0,False,-3.07,-3.07,-5.38,False,0.0,False
2016-10-20,2016-10-21,0,Overnight,0.0,False,-16.94,-16.94,174.91,False,0.0,False
2016-10-21,2016-10-24,2,Weekend,48.0,False,49.1,49.1,42.11,False,0.0,False
2016-10-24,2016-10-25,0,Overnight,0.0,False,16.49,16.49,-91.05,False,0.0,False
2016-10-25,2016-10-26,0,Overnight,0.0,False,-49.26,-49.26,-45.68,False,0.0,False
2016-10-26,2016-10-27,0,Overnight,0.0,False,53.28,53.28,-156.83,False,0.0,False
2016-10-27,2016-10-28,0,Overnight,0.0,False,62.26,62.26,60.35,False,0.0,False
2016-10-28,2016-10-31,2,Weekend,48.0,False,54.69,54.69,-77.57,False,0.0,False
2016-10-31,2016-11-01,0,Overnight,0.0,False,32.01,32.01,-146.41,False,0.0,False
2016-11-01,2016-11-02,0,Overnight,0.0,False,56.21,56.21,-237.77,False,0.0,False
2016-11-02,2016-11-03,0,Overnight,0.0,False,-415.04,-415.04,-165.29,False,0.0,False
2016-11-03,2016-11-04,0,Overnight,0.0,False,-34.23,-34.23,96.53,False,0.0,False
2016-11-04,2016-11-07,2,Weekend,49.0,False,170.79,170.79,-55.51,False,0.0,False
2016-11-07,2016-11-08,0,Overnight,0.0,False,-9.83,-9.83,177.87,False,0.0,False
2016-11-08,2016-11-09,0,Overnight,0.0,False,-221.4,-221.4,137.32,False,0.0,False
2016-11-09,2016-11-10,0,Overnight,0.0,False,60.7,60.7,-255.81,False,0.0,False
2016-11-10,2016-11-11,0,Overnight,0.0,False,-105.69,-105.69,-42.76,False,0.0,False
2016-11-11,2016-11-14,2,Weekend,48.0,False,9.24,9.24,-345.88,False,0.0,False
2016-11-14,2016-11-15,0,Overnight,0.0,False,142.36,142.36,40.18,False,0.0,False
2016-11-15,2016-11-16,0,Overnight,0.0,False,-234.82,-234.82,161.17,False,0.0,False
2016-11-16,2016-11-17,0,Overnight,0.0,False,40.32,40.32,83.55,False,0.0,False
2016-11-17,2016-11-18,0,Overnight,0.0,False,50.81,50.81,-116.39,False,0.0,False
2016-11-18,2016-11-21,2,Weekend,48.0,False,100.33,100.33,297.56,False,0.0,False
2016-11-21,2016-11-22,0,Overnight,0.0,False,51.6,51.6,-76.27,False,0.0,False
2016-11-22,2016-11-23,0,Overnight,0.0,False,-19.78,-19.78,-32.22,False,0.0,False
2016-11-23,2016-11-25,1,Short,24.0,False,14.06,14.06,-52.2,False,0.0,False
2016-11-25,2016-11-28,2,Weekend,48.0,True,-21.62,-21.62,24.11,False,0.0,False
2016-11-28,2016-11-29,0,Overnight,0.0,False,13.28,13.28,24.85,False,0.0,False
2016-11-29,2016-11-30,0,Overnight,0.0,False,-45.61,-45.61,-159.17,False,0.0,False
2016-11-30,2016-12-01,0,Overnight,0.0,False,-3.38,-3.38,-280.98,False,0.0,False
2016-12-01,2016-12-02,0,Overnight,0.0,False,0.87,0.87,25.16,False,0.0,False
2016-12-02,2016-12-05,2,Weekend,48.0,False,47.55,47.55,126.83,False,0.0,False
2016-12-05,2016-12-06,0,Overnight,0.0,False,22.12,22.12,-32.34,False,0.0,False
2016-12-06,2016-12-07,0,Overnight,0.0,False,-26.46,-26.46,80.87,False,0.0,False
2016-12-07,2016-12-08,0,Overnight,0.0,False,2.54,2.54,78.52,False,0.0,False
2016-12-08,2016-12-09,0,Overnight,0.0,False,26.04,26.04,38.51,False,0.0,False
2016-12-09,2016-12-12,2,Weekend,48.0,False,-38.51,-38.51,-122.37,False,0.0,False
2016-12-12,2016-12-13,0,Overnight,0.0,False,7.64,7.64,205.74,False,0.0,False
2016-12-13,2016-12-14,0,Overnight,0.0,False,-25.8,-25.8,17.48,False,0.0,False
2016-12-14,2016-12-15,0,Overnight,0.0,False,-10.82,-10.82,40.72,False,0.0,False
2016-12-15,2016-12-16,0,Overnight,0.0,False,27.33,27.33,-85.56,False,0.0,False
2016-12-16,2016-12-19,2,Weekend,48.0,False,-1.67,-1.67,-51.03,False,0.0,False
2016-12-19,2016-12-20,0,Overnight,0.0,False,21.78,21.78,-34.37,False,0.0,False
2016-12-20,2016-12-21,0,Overnight,0.0,False,-14.28,-14.28,10.09,False,0.0,False
2016-12-21,2016-12-22,0,Overnight,0.0,False,-15.13,-15.13,-123.59,False,0.0,False
2016-12-22,2016-12-23,0,Overnight,0.0,False,-34.13,-34.13,23.05,False,0.0,False
2016-12-23,2016-12-27,3,Long,72.0,False,-26.47,-26.47,89.37,False,0.0,False
2016-12-27,2016-12-28,0,Overnight,0.0,False,15.24,15.24,-108.04,False,0.0,False
2016-12-28,2016-12-29,0,Overnight,0.0,False,6.84,6.84,-55.71,False,0.0,False
2016-12-29,2016-12-30,0,Overnight,0.0,False,21.46,21.46,-133.82,False,0.0,False
2016-12-30,2017-01-03,3,Long,72.0,False,84.82,84.82,71.28,False,0.0,False
2017-01-03,2017-01-04,0,Overnight,0.0,False,58.87,58.87,96.51,False,0.0,False
2017-01-04,2017-01-05,0,Overnight,0.0,False,14.31,14.31,151.13,False,0.0,False
2017-01-05,2017-01-06,0,Overnight,0.0,False,25.66,25.66,198.87,False,0.0,False
2017-01-06,2017-01-09,2,Weekend,48.0,False,11.34,11.34,108.67,False,0.0,False
2017-01-09,2017-01-10,0,Overnight,0.0,False,-6.41,-6.41,-37.73,False,0.0,False
2017-01-10,2017-01-11,0,Overnight,0.0,False,0.0,0.0,138.96,False,0.0,False
2017-01-11,2017-01-12,0,Overnight,0.0,False,-38.14,-38.14,80.09,False,0.0,False
2017-01-12,2017-01-13,0,Overnight,0.0,False,68.47,68.47,66.45,False,0.0,False
2017-01-13,2017-01-17,3,Long,72.0,False,-23.4,-23.4,-13.29,False,0.0,False
2017-01-17,2017-01-18,0,Overnight,0.0,False,42.14,42.14,-38.23,False,0.0,False
2017-01-18,2017-01-19,0,Overnight,0.0,False,24.2,24.2,-53.17,False,0.0,False
2017-01-19,2017-01-20,0,Overnight,0.0,False,43.03,43.03,-83.09,False,0.0,False
2017-01-20,2017-01-23,2,Weekend,48.0,False,21.23,21.23,126.45,False,0.0,False
2017-01-23,2017-01-24,0,Overnight,0.0,False,34.84,34.84,-0.77,False,0.0,False
2017-01-24,2017-01-25,0,Overnight,0.0,False,48.58,48.58,113.2,False,0.0,False
2017-01-25,2017-01-26,0,Overnight,0.0,False,11.4,11.4,86.99,False,0.0,False
2017-01-26,2017-01-27,0,Overnight,0.0,False,-7.53,-7.53,-37.76,False,0.0,False
2017-01-27,2017-01-30,2,Weekend,48.0,False,-45.5,-45.5,-45.7,False,0.0,False
2017-01-30,2017-01-31,0,Overnight,0.0,False,-62.03,-62.03,11.52,False,0.0,False
2017-01-31,2017-02-01,0,Overnight,0.0,False,147.01,147.01,73.83,False,0.0,False
2017-02-01,2017-02-02,0,Overnight,0.0,False,-0.75,-0.75,-180.27,False,0.0,False
2017-02-02,2017-02-03,0,Overnight,0.0,False,30.53,30.53,-19.83,False,0.0,False
2017-02-03,2017-02-06,2,Weekend,48.0,False,0.0,0.0,82.12,False,0.0,False
2017-02-06,2017-02-07,0,Overnight,0.0,False,13.62,13.62,-30.29,False,0.0,False
2017-02-07,2017-02-08,0,Overnight,0.0,False,57.48,57.48,119.94,False,0.0,False
2017-02-08,2017-02-09,0,Overnight,0.0,False,21.59,21.59,-26.06,False,0.0,False
2017-02-09,2017-02-10,0,Overnight,0.0,False,-2.98,-2.98,6.71,False,0.0,False
2017-02-10,2017-02-13,2,Weekend,48.0,False,37.93,37.93,-48.37,False,0.0,False
2017-02-13,2017-02-14,0,Overnight,0.0,False,3.73,3.73,-18.66,False,0.0,False
2017-02-14,2017-02-15,0,Overnight,0.0,False,-29.93,-29.93,-0.75,False,0.0,False
2017-02-15,2017-02-16,0,Overnight,0.0,False,-27.77,-27.77,57.7,False,0.0,False
2017-02-16,2017-02-17,0,Overnight,0.0,False,-25.44,-25.44,2.25,False,0.0,False
2017-02-17,2017-02-21,3,Long,72.0,False,-2.25,-2.25,16.47,False,0.0,False
2017-02-21,2017-02-22,0,Overnight,0.0,False,-8.98,-8.98,186.87,False,0.0,False
2017-02-22,2017-02-23,0,Overnight,0.0,False,-16.91,-16.91,-39.08,False,0.0,False
2017-02-23,2017-02-24,0,Overnight,0.0,False,-89.05,-89.05,94.96,False,0.0,False
2017-02-24,2017-02-27,2,Weekend,48.0,False,-13.3,-13.3,84.66,False,0.0,False
2017-02-27,2017-02-28,0,Overnight,0.0,False,27.82,27.82,-91.8,False,0.0,False
2017-02-28,2017-03-01,0,Overnight,0.0,False,68.38,68.38,69.37,False,0.0,False
2017-03-01,2017-03-02,0,Overnight,0.0,False,-24.04,-24.04,-24.1,False,0.0,False
2017-03-02,2017-03-03,0,Overnight,0.0,False,-9.51,-9.51,39.44,False,0.0,False
2017-03-03,2017-03-06,2,Weekend,48.0,False,-21.16,-21.16,39.37,False,0.0,False
2017-03-06,2017-03-07,0,Overnight,0.0,False,-28.42,-28.42,19.68,False,0.0,False
2017-03-07,2017-03-08,0,Overnight,0.0,False,-10.93,-10.93,41.47,False,0.0,False
2017-03-08,2017-03-09,0,Overnight,0.0,False,0.0,0.0,37.69,False,0.0,False
2017-03-09,2017-03-10,0,Overnight,0.0,False,48.35,48.35,-8.64,False,0.0,False
2017-03-10,2017-03-13,2,Weekend,47.0,False,-5.76,-5.76,63.96,False,0.0,False
2017-03-13,2017-03-14,0,Overnight,0.0,False,-10.03,-10.03,-10.04,False,0.0,False
2017-03-14,2017-03-15,0,Overnight,0.0,False,-2.15,-2.15,30.82,False,0.0,False
2017-03-15,2017-03-16,0,Overnight,0.0,False,34.3,34.3,-14.99,False,0.0,False
2017-03-16,2017-03-17,0,Overnight,0.0,False,24.97,24.97,-35.69,False,0.0,False
2017-03-17,2017-03-20,2,Weekend,48.0,False,-9.3,-9.3,16.45,False,0.0,False
2017-03-20,2017-03-21,0,Overnight,0.0,False,86.09,86.09,-188.81,False,0.0,False
2017-03-21,2017-03-22,0,Overnight,0.0,False,-41.96,-41.96,119.63,False,0.0,False
2017-03-22,2017-03-23,0,Overnight,0.0,False,-7.88,-7.88,3.58,False,0.0,False
2017-03-23,2017-03-24,0,Overnight,0.0,False,39.34,39.34,18.54,False,0.0,False
2017-03-24,2017-03-27,2,Weekend,48.0,False,-92.34,-92.34,90.92,False,0.0,False
2017-03-27,2017-03-28,0,Overnight,0.0,False,2.85,2.85,99.25,False,0.0,False
2017-03-28,2017-03-29,0,Overnight,0.0,False,16.21,16.21,46.37,False,0.0,False
2017-03-29,2017-03-30,0,Overnight,0.0,False,-17.54,-17.54,0.7,False,0.0,False
2017-03-30,2017-03-31,0,Overnight,0.0,False,-7.02,-7.02,-18.29,False,0.0,False
2017-03-31,2017-04-03,2,Weekend,48.0,False,-8.45,-8.45,24.63,False,0.0,False
2017-04-03,2017-04-04,0,Overnight,0.0,False,-29.56,-29.56,-9.17,False,0.0,False
2017-04-04,2017-04-05,0,Overnight,0.0,False,37.33,37.33,-28.86,False,0.0,False
2017-04-05,2017-04-06,0,Overnight,0.0,False,18.31,18.31,-66.37,False,0.0,False
2017-04-06,2017-04-07,0,Overnight,0.0,False,2.12,2.12,-29.79,False,0.0,False
2017-04-07,2017-04-10,2,Weekend,48.0,False,15.62,15.62,2.84,False,0.0,False
2017-04-10,2017-04-11,0,Overnight,0.0,False,-17.03,-17.03,-62.7,False,0.0,False
2017-04-11,2017-04-12,0,Overnight,0.0,False,-14.3,-14.3,-10.02,False,0.0,False
2017-04-12,2017-04-13,0,Overnight,0.0,False,2.86,2.86,-16.49,False,0.0,False
2017-04-13,2017-04-17,3,Long,72.0,False,26.51,26.51,118.08,False,0.0,False
2017-04-17,2017-04-18,0,Overnight,0.0,False,-10.61,-10.61,-21.97,False,0.0,False
2017-04-18,2017-04-19,0,Overnight,0.0,False,27.63,27.63,64.88,False,0.0,False
2017-04-19,2017-04-20,0,Overnight,0.0,False,47.68,47.68,59.29,False,0.0,False
2017-04-20,2017-04-21,0,Overnight,0.0,False,6.95,6.95,-15.3,False,0.0,False
2017-04-21,2017-04-24,2,Weekend,48.0,False,88.69,88.69,35.12,False,0.0,False
2017-04-24,2017-04-25,0,Overnight,0.0,False,21.97,21.97,47.9,False,0.0,False
2017-04-25,2017-04-26,0,Overnight,0.0,False,40.87,40.87,-36.1,False,0.0,False
2017-04-26,2017-04-27,0,Overnight,0.0,False,7.5,7.5,69.98,False,0.0,False
2017-04-27,2017-04-28,0,Overnight,0.0,False,121.13,121.13,50.04,False,0.0,False
2017-04-28,2017-05-01,2,Weekend,48.0,False,98.68,98.68,47.34,False,0.0,False
2017-05-01,2017-05-02,0,Overnight,0.0,False,57.55,57.55,-36.59,False,0.0,False
2017-05-02,2017-05-03,0,Overnight,0.0,False,53.53,53.53,-117.88,False,0.0,False
2017-05-03,2017-05-04,0,Overnight,0.0,False,-107.96,-107.96,45.18,False,0.0,False
2017-05-04,2017-05-05,0,Overnight,0.0,False,39.7,39.7,-80.21,False,0.0,False
2017-05-05,2017-05-08,2,Weekend,48.0,False,31.23,31.23,23.2,False,0.0,False
2017-05-08,2017-05-09,0,Overnight,0.0,False,28.43,28.43,-66.89,False,0.0,False
2017-05-09,2017-05-10,0,Overnight,0.0,False,-16.63,-16.63,3.99,False,0.0,False
2017-05-10,2017-05-11,0,Overnight,0.0,False,1.33,1.33,-17.98,False,0.0,False
2017-05-11,2017-05-12,0,Overnight,0.0,False,23.96,23.96,-4.65,False,0.0,False
2017-05-12,2017-05-15,2,Weekend,48.0,False,-10.65,-10.65,1.33,False,0.0,False
2017-05-15,2017-05-16,0,Overnight,0.0,False,-5.33,-5.33,-22.01,False,0.0,False
2017-05-16,2017-05-17,0,Overnight,0.0,False,-119.55,-119.55,-215.14,False,0.0,False
2017-05-17,2017-05-18,0,Overnight,0.0,False,-8.98,-8.98,201.12,False,0.0,False
2017-05-18,2017-05-19,0,Overnight,0.0,False,53.36,53.36,-26.31,False,0.0,False
2017-05-19,2017-05-22,2,Weekend,48.0,False,1.35,1.35,10.8,False,0.0,False
2017-05-22,2017-05-23,0,Overnight,0.0,False,18.87,18.87,-30.34,False,0.0,False
2017-05-23,2017-05-24,0,Overnight,0.0,False,29.67,29.67,102.5,False,0.0,False
2017-05-24,2017-05-25,0,Overnight,0.0,False,17.31,17.31,109.84,False,0.0,False
2017-05-25,2017-05-26,0,Overnight,0.0,False,17.75,17.75,-6.57,False,0.0,False
2017-05-26,2017-05-30,3,Long,72.0,False,-10.52,-10.52,26.94,False,0.0,False
2017-05-30,2017-05-31,0,Overnight,0.0,False,20.98,20.98,-81.54,False,0.0,False
2017-05-31,2017-06-01,0,Overnight,0.0,False,19.13,19.13,-14.51,False,0.0,False
2017-06-01,2017-06-02,0,Overnight,0.0,False,21.1,21.1,115.24,False,0.0,False
2017-06-02,2017-06-05,2,Weekend,48.0,False,1.95,1.95,-0.65,False,0.0,False
2017-06-05,2017-06-06,0,Overnight,0.0,False,-14.33,-14.33,-39.19,False,0.0,False
2017-06-06,2017-06-07,0,Overnight,0.0,False,30.06,30.06,-9.79,False,0.0,False
2017-06-07,2017-06-08,0,Overnight,0.0,False,62.5,62.5,40.8,False,0.0,False
2017-06-08,2017-06-09,0,Overnight,0.0,False,3.88,3.88,-339.75,False,0.0,False
2017-06-09,2017-06-12,2,Weekend,48.0,False,-96.05,-96.05,18.21,False,0.0,False
2017-06-12,2017-06-13,0,Overnight,0.0,False,114.54,114.54,35.24,False,0.0,False
2017-06-13,2017-06-14,0,Overnight,0.0,False,38.42,38.42,-67.0,False,0.0,False
2017-06-14,2017-06-15,0,Overnight,0.0,False,-173.21,-173.21,143.21,False,0.0,False
2017-06-15,2017-06-16,0,Overnight,0.0,False,-14.03,-14.03,69.95,False,0.0,False
2017-06-16,2017-06-19,2,Weekend,48.0,False,70.78,70.78,76.17,False,0.0,False
2017-06-19,2017-06-20,0,Overnight,0.0,False,0.65,0.65,-41.29,False,0.0,False
2017-06-20,2017-06-21,0,Overnight,0.0,False,7.22,7.22,101.22,False,0.0,False
2017-06-21,2017-06-22,0,Overnight,0.0,False,-58.65,-58.65,25.46,False,0.0,False
2017-06-22,2017-06-23,0,Overnight,0.0,False,-44.43,-44.43,152.7,False,0.0,False
2017-06-23,2017-06-26,2,Weekend,48.0,False,75.81,75.81,-171.71,False,0.0,False
2017-06-26,2017-06-27,0,Overnight,0.0,False,-48.95,-48.95,-148.97,False,0.0,False
2017-06-27,2017-06-28,0,Overnight,0.0,False,22.55,22.55,152.55,False,0.0,False
2017-06-28,2017-06-29,0,Overnight,0.0,False,-62.84,-62.84,-81.76,False,0.0,False
2017-06-29,2017-06-30,0,Overnight,0.0,False,56.78,56.78,-60.75,False,0.0,False
2017-06-30,2017-07-03,2,Weekend,48.0,False,48.89,48.89,-219.23,False,0.0,False
2017-07-03,2017-07-05,1,Short,24.0,True,38.33,38.33,89.53,False,0.0,False
2017-07-05,2017-07-06,0,Overnight,0.0,False,-87.52,-87.52,-14.1,False,0.0,False
2017-07-06,2017-07-07,0,Overnight,0.0,False,28.85,28.85,145.67,False,0.0,False
2017-07-07,2017-07-10,2,Weekend,48.0,False,16.49,16.49,118.62,False,0.0,False
2017-07-10,2017-07-11,0,Overnight,0.0,False,-8.47,-8.47,123.12,False,0.0,False
2017-07-11,2017-07-12,0,Overnight,0.0,False,78.27,78.27,152.83,False,0.0,False
2017-07-12,2017-07-13,0,Overnight,0.0,False,-10.07,-10.07,32.7,False,0.0,False
2017-07-13,2017-07-14,0,Overnight,0.0,False,54.48,54.48,-10.0,False,0.0,False
2017-07-14,2017-07-17,2,Weekend,48.0,False,17.49,17.49,-32.5,False,0.0,False
2017-07-17,2017-07-18,0,Overnight,0.0,False,-4.38,-4.38,198.44,False,0.0,False
2017-07-18,2017-07-19,0,Overnight,0.0,False,44.72,44.72,33.56,False,0.0,False
2017-07-19,2017-07-20,0,Overnight,0.0,False,40.13,40.13,-16.4,False,0.0,False
2017-07-20,2017-07-21,0,Overnight,0.0,False,-22.51,-22.51,16.43,False,0.0,False
2017-07-21,2017-07-24,2,Weekend,48.0,False,12.76,12.76,82.27,False,0.0,False
2017-07-24,2017-07-25,0,Overnight,0.0,False,-59.82,-59.82,16.35,False,0.0,False
2017-07-25,2017-07-26,0,Overnight,0.0,False,44.07,44.07,-24.12,False,0.0,False
2017-07-26,2017-07-27,0,Overnight,0.0,False,534.35,534.35,-246.87,False,0.0,False
2017-07-27,2017-07-28,0,Overnight,0.0,False,-80.7,-80.7,197.94,False,0.0,False
2017-07-28,2017-07-31,2,Weekend,48.0,False,-26.13,-26.13,-161.18,False,0.0,False
2017-07-31,2017-08-01,0,Overnight,0.0,False,33.62,33.62,2.35,False,0.0,False
2017-08-01,2017-08-02,0,Overnight,0.0,False,25.87,25.87,-58.89,False,0.0,False
2017-08-02,2017-08-03,0,Overnight,0.0,False,0.0,0.0,-42.03,False,0.0,False
2017-08-03,2017-08-04,0,Overnight,0.0,False,22.51,22.51,38.39,False,0.0,False
2017-08-04,2017-08-07,2,Weekend,48.0,False,19.44,19.44,118.74,False,0.0,False
2017-08-07,2017-08-08,0,Overnight,0.0,False,-5.82,-5.82,-37.89,False,0.0,False
2017-08-08,2017-08-09,0,Overnight,0.0,False,-73.27,-73.27,70.35,False,0.0,False
2017-08-09,2017-08-10,0,Overnight,0.0,False,-65.64,-65.64,-157.65,False,0.0,False
2017-08-10,2017-08-11,0,Overnight,0.0,False,32.8,32.8,7.74,False,0.0,False
2017-08-11,2017-08-14,2,Weekend,48.0,False,118.88,118.88,38.73,False,0.0,False
2017-08-14,2017-08-15,0,Overnight,0.0,False,43.24,43.24,-28.61,False,0.0,False
2017-08-15,2017-08-16,0,Overnight,0.0,False,14.61,14.61,-73.26,False,0.0,False
2017-08-16,2017-08-17,0,Overnight,0.0,False,-38.9,-38.9,-144.54,False,0.0,False
2017-08-17,2017-08-18,0,Overnight,0.0,False,-4.2,-4.2,34.11,False,0.0,False
2017-08-18,2017-08-21,2,Weekend,48.0,False,-14.94,-14.94,37.02,False,0.0,False
2017-08-21,2017-08-22,0,Overnight,0.0,False,29.76,29.76,80.49,False,0.0,False
2017-08-22,2017-08-23,0,Overnight,0.0,False,-47.27,-47.27,-7.7,False,0.0,False
2017-08-23,2017-08-24,0,Overnight,0.0,False,10.07,10.07,-67.73,False,0.0,False
2017-08-24,2017-08-25,0,Overnight,0.0,False,7.15,7.15,-92.17,False,0.0,False
2017-08-25,2017-08-28,2,Weekend,48.0,False,35.41,35.41,19.75,False,0.0,False
2017-08-28,2017-08-29,0,Overnight,0.0,False,-119.7,-119.7,168.02,False,0.0,False
2017-08-29,2017-08-30,0,Overnight,0.0,False,7.14,7.14,103.52,False,0.0,False
2017-08-30,2017-08-31,0,Overnight,0.0,False,28.21,28.21,91.71,False,0.0,False
2017-08-31,2017-09-01,0,Overnight,0.0,False,24.97,24.97,-22.07,False,0.0,False
2017-09-01,2017-09-05,3,Long,72.0,False,-43.69,-43.69,-32.16,False,0.0,False
2017-09-05,2017-09-06,0,Overnight,0.0,False,11.12,11.12,68.8,False,0.0,False
2017-09-06,2017-09-07,0,Overnight,0.0,False,-8.72,-8.72,73.59,False,0.0,False
2017-09-07,2017-09-08,0,Overnight,0.0,False,-6.93,-6.93,-124.41,False,0.0,False
2017-09-08,2017-09-11,2,Weekend,48.0,False,84.46,84.46,64.18,False,0.0,False
2017-09-11,2017-09-12,0,Overnight,0.0,False,14.4,14.4,-46.15,False,0.0,False
2017-09-12,2017-09-13,0,Overnight,0.0,False,2.89,2.89,2.31,False,0.0,False
2017-09-13,2017-09-14,0,Overnight,0.0,False,-45.76,-45.76,-75.75,False,0.0,False
2017-09-14,2017-09-15,0,Overnight,0.0,False,-4.68,-4.68,44.38,False,0.0,False
2017-09-15,2017-09-18,2,Weekend,48.0,False,20.37,20.37,-115.79,False,0.0,False
2017-09-18,2017-09-19,0,Overnight,0.0,False,35.82,35.82,110.74,False,0.0,False
2017-09-19,2017-09-20,0,Overnight,0.0,False,-1.16,-1.16,-19.15,False,0.0,False
2017-09-20,2017-09-21,0,Overnight,0.0,False,-27.92,-27.92,-33.84,False,0.0,False
2017-09-21,2017-09-22,0,Overnight,0.0,False,-52.74,-52.74,19.37,False,0.0,False
2017-09-22,2017-09-25,2,Weekend,48.0,False,-76.52,-76.52,-383.66,False,0.0,False
2017-09-25,2017-09-26,0,Overnight,0.0,False,99.58,99.58,-17.64,False,0.0,False
2017-09-26,2017-09-27,0,Overnight,0.0,False,102.39,102.39,106.72,False,0.0,False
2017-09-27,2017-09-28,0,Overnight,0.0,False,15.49,15.49,46.93,False,0.0,False
2017-09-28,2017-09-29,0,Overnight,0.0,False,5.93,5.93,120.11,False,0.0,False
2017-09-29,2017-10-02,2,Weekend,48.0,False,30.39,30.39,-112.66,False,0.0,False
2017-10-02,2017-10-03,0,Overnight,0.0,False,-10.04,-10.04,38.91,False,0.0,False
2017-10-03,2017-10-04,0,Overnight,0.0,False,-7.65,-7.65,-83.37,False,0.0,False
2017-10-04,2017-10-05,0,Overnight,0.0,False,45.02,45.02,121.03,False,0.0,False
2017-10-05,2017-10-06,0,Overnight,0.0,False,-57.98,-57.98,115.63,False,0.0,False
2017-10-06,2017-10-09,2,Weekend,48.0,False,27.25,27.25,-11.59,False,0.0,False
2017-10-09,2017-10-10,0,Overnight,0.0,False,28.94,28.94,-81.84,False,0.0,False
2017-10-10,2017-10-11,0,Overnight,0.0,False,20.96,20.96,45.84,False,0.0,False
2017-10-11,2017-10-12,0,Overnight,0.0,False,-7.53,-7.53,-3.48,False,0.0,False
2017-10-12,2017-10-13,0,Overnight,0.0,False,52.02,52.02,16.71,False,0.0,False
2017-10-13,2017-10-16,2,Weekend,48.0,False,43.08,43.08,1.72,False,0.0,False
2017-10-16,2017-10-17,0,Overnight,0.0,False,10.88,10.88,79.81,False,0.0,False
2017-10-17,2017-10-18,0,Overnight,0.0,False,30.62,30.62,-35.16,False,0.0,False
2017-10-18,2017-10-19,0,Overnight,0.0,False,-62.69,-62.69,-21.17,False,0.0,False
2017-10-19,2017-10-20,0,Overnight,0.0,False,53.71,53.71,-29.67,False,0.0,False
2017-10-20,2017-10-23,2,Weekend,48.0,False,12.57,12.57,-226.87,False,0.0,False
2017-10-23,2017-10-24,0,Overnight,0.0,False,59.96,59.96,-29.06,False,0.0,False
2017-10-24,2017-10-25,0,Overnight,0.0,False,5.82,5.82,-75.91,False,0.0,False
2017-10-25,2017-10-26,0,Overnight,0.0,False,45.62,45.62,-43.86,False,0.0,False
2017-10-26,2017-10-27,0,Overnight,0.0,False,204.19,204.19,211.92,False,0.0,False
2017-10-27,2017-10-30,2,Weekend,48.0,False,77.28,77.28,33.97,False,0.0,False
2017-10-30,2017-10-31,0,Overnight,0.0,False,38.84,38.84,-28.28,False,0.0,False
2017-10-31,2017-11-01,0,Overnight,0.0,False,126.93,126.93,16.44,False,0.0,False
2017-11-01,2017-11-02,0,Overnight,0.0,False,-111.76,-111.76,-95.12,False,0.0,False
2017-11-02,2017-11-03,0,Overnight,0.0,False,20.66,20.66,-20.66,False,0.0,False
2017-11-03,2017-11-06,2,Weekend,49.0,False,-20.14,-20.14,89.76,False,0.0,False
2017-11-06,2017-11-07,0,Overnight,0.0,False,18.3,18.3,-13.86,False,0.0,False
2017-11-07,2017-11-08,0,Overnight,0.0,False,-25.55,-25.55,-12.8,False,0.0,False
2017-11-08,2017-11-09,0,Overnight,0.0,False,-69.86,-69.86,55.37,False,0.0,False
2017-11-09,2017-11-10,0,Overnight,0.0,False,-53.12,-53.12,6.17,False,0.0,False
2017-11-10,2017-11-13,2,Weekend,48.0,False,-53.94,-53.94,71.29,False,0.0,False
2017-11-13,2017-11-14,0,Overnight,0.0,False,-35.86,-35.86,-3.37,False,0.0,False
2017-11-14,2017-11-15,0,Overnight,0.0,False,-79.5,-79.5,72.76,False,0.0,False
2017-11-15,2017-11-16,0,Overnight,0.0,False,45.42,45.42,46.32,False,0.0,False
2017-11-16,2017-11-17,0,Overnight,0.0,False,-16.16,-16.16,-16.75,False,0.0,False
2017-11-17,2017-11-20,2,Weekend,48.0,False,-7.27,-7.27,-7.27,False,0.0,False
2017-11-20,2017-11-21,0,Overnight,0.0,False,22.91,22.91,150.14,False,0.0,False
2017-11-21,2017-11-22,0,Overnight,0.0,False,-30.84,-30.84,-23.75,False,0.0,False
2017-11-22,2017-11-24,1,Short,24.0,False,-26.02,-26.02,131.07,False,0.0,False
2017-11-24,2017-11-27,2,Weekend,48.0,True,-12.04,-12.04,25.71,False,0.0,False
2017-11-27,2017-11-28,0,Overnight,0.0,False,26.19,26.19,-59.57,False,0.0,False
2017-11-28,2017-11-29,0,Overnight,0.0,False,-29.1,-29.1,-378.74,False,0.0,False
2017-11-29,2017-11-30,0,Overnight,0.0,False,97.73,97.73,18.64,False,0.0,False
2017-11-30,2017-12-01,0,Overnight,0.0,False,-65.12,-65.12,-52.97,False,0.0,False
2017-12-01,2017-12-04,2,Weekend,48.0,False,67.73,67.73,-277.22,False,0.0,False
2017-12-04,2017-12-05,0,Overnight,0.0,False,-59.66,-59.66,138.66,False,0.0,False
2017-12-05,2017-12-06,0,Overnight,0.0,False,-19.11,-19.11,204.28,False,0.0,False
2017-12-06,2017-12-07,0,Overnight,0.0,False,-14.78,-14.78,243.87,False,0.0,False
2017-12-07,2017-12-08,0,Overnight,0.0,False,76.87,76.87,-140.35,False,0.0,False
2017-12-08,2017-12-11,2,Weekend,48.0,False,16.75,16.75,-14.51,False,0.0,False
2017-12-11,2017-12-12,0,Overnight,0.0,False,-24.61,-24.61,-92.25,False,0.0,False
2017-12-12,2017-12-13,0,Overnight,0.0,False,19.19,19.19,56.24,False,0.0,False
2017-12-13,2017-12-14,0,Overnight,0.0,False,-0.56,-0.56,5.61,False,0.0,False
2017-12-14,2017-12-15,0,Overnight,0.0,False,35.25,35.25,64.59,False,0.0,False
2017-12-15,2017-12-18,2,Weekend,48.0,False,45.96,45.96,-10.5,False,0.0,False
2017-12-18,2017-12-19,0,Overnight,0.0,False,-48.23,-48.23,-24.48,False,0.0,False
2017-12-19,2017-12-20,0,Overnight,0.0,False,16.7,16.7,-107.35,False,0.0,False
2017-12-20,2017-12-21,0,Overnight,0.0,False,2.81,2.81,-27.58,False,0.0,False
2017-12-21,2017-12-22,0,Overnight,0.0,False,-17.48,-17.48,3.39,False,0.0,False
2017-12-22,2017-12-26,3,Long,72.0,False,-32.22,-32.22,-36.3,False,0.0,False
2017-12-26,2017-12-27,0,Overnight,0.0,False,31.77,31.77,60.42,False,0.0,False
2017-12-27,2017-12-28,0,Overnight,0.0,False,18.56,18.56,-1.69,False,0.0,False
2017-12-28,2017-12-29,0,Overnight,0.0,False,4.5,4.5,-86.89,False,0.0,False
2017-12-29,2018-01-02,3,Long,72.0,False,68.9,68.9,208.31,False,0.0,False
2018-01-02,2018-01-03,0,Overnight,0.0,False,25.32,25.32,152.23,False,0.0,False
2018-01-03,2018-01-04,0,Overnight,0.0,False,12.45,12.45,-30.87,False,0.0,False
2018-01-04,2018-01-05,0,Overnight,0.0,False,68.12,68.12,67.66,False,0.0,False
2018-01-05,2018-01-08,2,Weekend,48.0,False,18.71,18.71,57.53,False,0.0,False
2018-01-08,2018-01-09,0,Overnight,0.0,False,22.28,22.28,-44.08,False,0.0,False
2018-01-09,2018-01-10,0,Overnight,0.0,False,-49.62,-49.62,48.03,False,0.0,False
2018-01-10,2018-01-11,0,Overnight,0.0,False,29.77,29.77,-33.49,False,0.0,False
2018-01-11,2018-01-12,0,Overnight,0.0,False,-530.97,-530.97,73.3,False,0.0,False
2018-01-12,2018-01-16,3,Long,72.0,False,118.05,118.05,-172.83,False,0.0,False
2018-01-16,2018-01-17,0,Overnight,0.0,False,48.65,48.65,-93.03,False,0.0,False
2018-01-17,2018-01-18,0,Overnight,0.0,False,29.8,29.8,93.31,False,0.0,False
2018-01-18,2018-01-19,0,Overnight,0.0,False,58.23,58.23,24.3,False,0.0,False
2018-01-19,2018-01-22,2,Weekend,48.0,False,-27.06,-27.06,249.62,False,0.0,False
2018-01-22,2018-01-23,0,Overnight,0.0,False,36.62,36.62,175.82,False,0.0,False
2018-01-23,2018-01-24,0,Overnight,0.0,False,28.48,28.48,-177.46,False,0.0,False
2018-01-24,2018-01-25,0,Overnight,0.0,False,74.77,74.77,-25.04,False,0.0,False
2018-01-25,2018-01-26,0,Overnight,0.0,False,14.39,14.39,119.13,False,0.0,False
2018-01-26,2018-01-29,2,Weekend,48.0,False,-66.01,-66.01,-147.84,False,0.0,False
2018-01-29,2018-01-30,0,Overnight,0.0,False,87.79,87.79,-26.69,False,0.0,False
2018-01-30,2018-01-31,0,Overnight,0.0,False,66.58,66.58,-78.88,False,0.0,False
2018-01-31,2018-02-01,0,Overnight,0.0,False,70.91,70.91,255.45,False,0.0,False
2018-02-01,2018-02-02,0,Overnight,0.0,False,-54.53,-54.53,-92.07,False,0.0,False
2018-02-02,2018-02-05,2,Weekend,48.0,False,-177.62,-177.62,-308.02,False,0.0,False
2018-02-05,2018-02-06,0,Overnight,0.0,False,-149.52,-149.52,370.49,False,0.0,False
2018-02-06,2018-02-07,0,Overnight,0.0,False,-62.79,-62.79,-217.94,False,0.0,False
2018-02-07,2018-02-08,0,Overnight,0.0,False,45.96,45.96,-535.03,False,0.0,False
2018-02-08,2018-02-09,0,Overnight,0.0,False,183.64,183.64,76.95,False,0.0,False
2018-02-09,2018-02-12,2,Weekend,48.0,False,53.8,53.8,-36.78,False,0.0,False
2018-02-12,2018-02-13,0,Overnight,0.0,False,-44.88,-44.88,-141.64,False,0.0,False
2018-02-13,2018-02-14,0,Overnight,0.0,False,17.31,17.31,343.97,False,0.0,False
2018-02-14,2018-02-15,0,Overnight,0.0,False,54.44,54.44,-29.96,False,0.0,False
2018-02-15,2018-02-16,0,Overnight,0.0,False,-54.05,-54.05,-91.48,False,0.0,False
2018-02-16,2018-02-20,3,Long,72.0,False,-90.05,-90.05,13.64,False,0.0,False
2018-02-20,2018-02-21,0,Overnight,0.0,False,39.69,39.69,67.68,False,0.0,False
2018-02-21,2018-02-22,0,Overnight,0.0,False,44.31,44.31,16.22,False,0.0,False
2018-02-22,2018-02-23,0,Overnight,0.0,False,50.71,50.71,186.68,False,0.0,False
2018-02-23,2018-02-26,2,Weekend,48.0,False,70.13,70.13,18.94,False,0.0,False
2018-02-26,2018-02-27,0,Overnight,0.0,False,-25.99,-25.99,-163.43,False,0.0,False
2018-02-27,2018-02-28,0,Overnight,0.0,False,46.18,46.18,-220.74,False,0.0,False
2018-02-28,2018-03-01,0,Overnight,0.0,False,38.62,38.62,-172.99,False,0.0,False
2018-03-01,2018-03-02,0,Overnight,0.0,False,-151.77,-151.77,190.34,False,0.0,False
2018-03-02,2018-03-05,2,Weekend,48.0,False,-23.81,-23.81,235.57,False,0.0,False
2018-03-05,2018-03-06,0,Overnight,0.0,False,76.21,76.21,-110.63,False,0.0,False
2018-03-06,2018-03-07,0,Overnight,0.0,False,-58.02,-58.02,274.26,False,0.0,False
2018-03-07,2018-03-08,0,Overnight,0.0,False,-8.17,-8.17,-66.69,False,0.0,False
2018-03-08,2018-03-09,0,Overnight,0.0,False,85.73,85.73,71.52,False,0.0,False
2018-03-09,2018-03-12,2,Weekend,47.0,False,0.0,0.0,-25.41,False,0.0,False
2018-03-12,2018-03-13,0,Overnight,0.0,False,45.9,45.9,-203.01,False,0.0,False
2018-03-13,2018-03-14,0,Overnight,0.0,False,39.51,39.51,86.7,False,0.0,False
2018-03-14,2018-03-15,0,Overnight,0.0,False,-51.71,-51.71,33.78,False,0.0,False
2018-03-15,2018-03-16,0,Overnight,0.0,False,34.21,34.21,32.47,False,0.0,False
2018-03-16,2018-03-19,2,Weekend,48.0,False,-446.36,-446.36,-254.61,False,0.0,False
2018-03-19,2018-03-20,0,Overnight,0.0,False,-299.41,-299.41,40.52,False,0.0,False
2018-03-20,2018-03-21,0,Overnight,0.0,False,-201.24,-201.24,274.71,False,0.0,False
2018-03-21,2018-03-22,0,Overnight,0.0,False,-194.33,-194.33,-74.92,False,0.0,False
2018-03-22,2018-03-23,0,Overnight,0.0,False,33.3,33.3,-372.55,False,0.0,False
2018-03-23,2018-03-26,2,Weekend,48.0,False,89.32,89.32,-47.37,False,0.0,False
2018-03-26,2018-03-27,0,Overnight,0.0,False,-237.08,-237.08,-265.14,False,0.0,False
2018-03-27,2018-03-28,0,Overnight,0.0,False,-37.52,-37.52,90.59,False,0.0,False
2018-03-28,2018-03-29,0,Overnight,0.0,False,137.58,137.58,294.68,False,0.0,False
2018-03-29,2018-04-02,3,Long,72.0,False,-124.69,-124.69,-154.54,False,0.0,False
2018-04-02,2018-04-03,0,Overnight,0.0,False,74.37,74.37,-28.15,False,0.0,False
2018-04-03,2018-04-04,0,Overnight,0.0,False,-264.83,-264.83,199.92,False,0.0,False
2018-04-04,2018-04-05,0,Overnight,0.0,False,408.06,408.06,-138.36,False,0.0,False
2018-04-05,2018-04-06,0,Overnight,0.0,False,-101.56,-101.56,-33.66,False,0.0,False
2018-04-06,2018-04-09,2,Weekend,48.0,False,39.36,39.36,6.97,False,0.0,False
2018-04-09,2018-04-10,0,Overnight,0.0,False,0.0,0.0,440.36,False,0.0,False
2018-04-10,2018-04-11,0,Overnight,0.0,False,19.37,19.37,57.89,False,0.0,False
2018-04-11,2018-04-12,0,Overnight,0.0,False,39.6,39.6,-188.01,False,0.0,False
2018-04-12,2018-04-13,0,Overnight,0.0,False,43.23,43.23,-3.65,False,0.0,False
2018-04-13,2018-04-16,2,Weekend,48.0,False,72.67,72.67,-53.85,False,0.0,False
2018-04-16,2018-04-17,0,Overnight,0.0,False,60.49,60.49,169.22,False,0.0,False
2018-04-17,2018-04-18,0,Overnight,0.0,False,-106.1,-106.1,-31.21,False,0.0,False
2018-04-18,2018-04-19,0,Overnight,0.0,False,-9.62,-9.62,113.67,False,0.0,False
2018-04-19,2018-04-20,0,Overnight,0.0,False,-18.46,-18.46,-90.4,False,0.0,False
2018-04-20,2018-04-23,2,Weekend,48.0,False,59.36,59.36,-85.86,False,0.0,False
2018-04-23,2018-04-24,0,Overnight,0.0,False,-24.75,-24.75,-353.14,False,0.0,False
2018-04-24,2018-04-25,0,Overnight,0.0,False,28.14,28.14,-28.14,False,0.0,False
2018-04-25,2018-04-26,0,Overnight,0.0,False,813.28,813.28,54.12,False,0.0,False
2018-04-26,2018-04-27,0,Overnight,0.0,False,151.01,151.01,-183.8,False,0.0,False
2018-04-27,2018-04-30,2,Weekend,48.0,False,11.51,11.51,-103.53,False,0.0,False
2018-04-30,2018-05-01,0,Overnight,0.0,False,0.0,0.0,107.56,False,0.0,False
2018-05-01,2018-05-02,0,Overnight,0.0,False,22.41,22.41,103.91,False,0.0,False
2018-05-02,2018-05-03,0,Overnight,0.0,False,-53.53,-53.53,-63.58,False,0.0,False
2018-05-03,2018-05-04,0,Overnight,0.0,False,-54.16,-54.16,201.9,False,0.0,False
2018-05-04,2018-05-07,2,Weekend,48.0,False,41.81,41.81,34.9,False,0.0,False
2018-05-07,2018-05-08,0,Overnight,0.0,False,15.72,15.72,37.52,False,0.0,False
2018-05-08,2018-05-09,0,Overnight,0.0,False,41.83,41.83,165.05,False,0.0,False
2018-05-09,2018-05-10,0,Overnight,0.0,False,26.79,26.79,129.11,False,0.0,False
2018-05-10,2018-05-11,0,Overnight,0.0,False,-36.72,-36.72,115.1,False,0.0,False
2018-05-11,2018-05-14,2,Weekend,48.0,False,38.43,38.43,-57.17,False,0.0,False
2018-05-14,2018-05-15,0,Overnight,0.0,False,-94.75,-94.75,-30.34,False,0.0,False
2018-05-15,2018-05-16,0,Overnight,0.0,False,-33.69,-33.69,-27.26,False,0.0,False
2018-05-16,2018-05-17,0,Overnight,0.0,False,-28.42,-28.42,58.95,False,0.0,False
2018-05-17,2018-05-18,0,Overnight,0.0,False,-14.7,-14.7,-44.24,False,0.0,False
2018-05-18,2018-05-21,2,Weekend,48.0,False,59.49,59.49,39.1,False,0.0,False
2018-05-21,2018-05-22,0,Overnight,0.0,False,23.82,23.82,-61.29,False,0.0,False
2018-05-22,2018-05-23,0,Overnight,0.0,False,-70.98,-70.98,238.24,False,0.0,False
2018-05-23,2018-05-24,0,Overnight,0.0,False,-54.72,-54.72,2.69,False,0.0,False
2018-05-24,2018-05-25,0,Overnight,0.0,False,4.84,4.84,-59.31,False,0.0,False
2018-05-25,2018-05-29,3,Long,72.0,False,-31.41,-31.41,75.66,False,0.0,False
2018-05-29,2018-05-30,0,Overnight,0.0,False,42.98,42.98,60.39,False,0.0,False
2018-05-30,2018-05-31,0,Overnight,0.0,False,10.65,10.65,205.99,False,0.0,False
2018-05-31,2018-06-01,0,Overnight,0.0,False,67.04,67.04,47.54,False,0.0,False
2018-06-01,2018-06-04,2,Weekend,48.0,False,-111.45,-111.45,74.78,False,0.0,False
2018-06-04,2018-06-05,0,Overnight,0.0,False,52.63,52.63,-70.24,False,0.0,False
2018-06-05,2018-06-06,0,Overnight,0.0,False,-99.49,-99.49,16.21,False,0.0,False
2018-06-06,2018-06-07,0,Overnight,0.0,False,-30.88,-30.88,-135.65,False,0.0,False
2018-06-07,2018-06-08,0,Overnight,0.0,False,-34.6,-34.6,83.37,False,0.0,False
2018-06-08,2018-06-11,2,Weekend,48.0,False,-15.35,-15.35,143.55,False,0.0,False
2018-06-11,2018-06-12,0,Overnight,0.0,False,32.84,32.84,11.96,False,0.0,False
2018-06-12,2018-06-13,0,Overnight,0.0,False,17.66,17.66,-17.14,False,0.0,False
2018-06-13,2018-06-14,0,Overnight,0.0,False,35.8,35.8,190.31,False,0.0,False
2018-06-14,2018-06-15,0,Overnight,0.0,False,-51.96,-51.96,3.06,False,0.0,False
2018-06-15,2018-06-18,2,Weekend,48.0,False,-53.76,-53.76,178.58,False,0.0,False
2018-06-18,2018-06-19,0,Overnight,0.0,False,-104.93,-104.93,63.5,False,0.0,False
2018-06-19,2018-06-20,0,Overnight,0.0,False,81.19,81.19,144.6,False,0.0,False
2018-06-20,2018-06-21,0,Overnight,0.0,False,37.55,37.55,-62.34,False,0.0,False
2018-06-21,2018-06-22,0,Overnight,0.0,False,-16.89,-16.89,28.79,False,0.0,False
2018-06-22,2018-06-25,2,Weekend,48.0,False,-86.62,-86.62,-184.19,False,0.0,False
2018-06-25,2018-06-26,0,Overnight,0.0,False,63.46,63.46,70.6,False,0.0,False
2018-06-26,2018-06-27,0,Overnight,0.0,False,9.04,9.04,-169.11,False,0.0,False
2018-06-27,2018-06-28,0,Overnight,0.0,False,-33.76,-33.76,53.65,False,0.0,False
2018-06-28,2018-06-29,0,Overnight,0.0,False,55.39,55.39,-153.2,False,0.0,False
2018-06-29,2018-07-02,2,Weekend,48.0,False,-49.01,-49.01,204.24,False,0.0,False
2018-07-02,2018-07-03,0,Overnight,0.0,False,-143.4,-143.4,-93.99,False,0.0,False
2018-07-03,2018-07-05,1,Short,24.0,True,103.75,103.75,188.72,False,0.0,False
2018-07-05,2018-07-06,0,Overnight,0.0,False,0.0,0.0,238.01,False,0.0,False
2018-07-06,2018-07-09,2,Weekend,48.0,False,83.3,83.3,-9.28,False,0.0,False
2018-07-09,2018-07-10,0,Overnight,0.0,False,-11.73,-11.73,-47.05,False,0.0,False
2018-07-10,2018-07-11,0,Overnight,0.0,False,-65.06,-65.06,15.81,False,0.0,False
2018-07-11,2018-07-12,0,Overnight,0.0,False,43.85,43.85,170.1,False,0.0,False
2018-07-12,2018-07-13,0,Overnight,0.0,False,42.92,42.92,-23.61,False,0.0,False
2018-07-13,2018-07-16,2,Weekend,48.0,False,8.68,8.68,-13.02,False,0.0,False
2018-07-16,2018-07-17,0,Overnight,0.0,False,-113.07,-113.07,245.38,False,0.0,False
2018-07-17,2018-07-18,0,Overnight,0.0,False,-8.1,-8.1,-21.95,False,0.0,False
2018-07-18,2018-07-19,0,Overnight,0.0,False,-28.22,-28.22,-32.63,False,0.0,False
2018-07-19,2018-07-20,0,Overnight,0.0,False,36.46,36.46,52.05,False,0.0,False
2018-07-20,2018-07-23,2,Weekend,48.0,False,30.44,30.44,15.66,False,0.0,False
2018-07-23,2018-07-24,0,Overnight,0.0,False,197.18,197.18,-20.48,False,0.0,False
2018-07-24,2018-07-25,0,Overnight,0.0,False,48.79,48.79,82.18,False,0.0,False
2018-07-25,2018-07-26,0,Overnight,0.0,False,-2180.42,-2180.42,78.03,False,0.0,False
2018-07-26,2018-07-27,0,Overnight,0.0,False,202.74,202.74,-280.77,False,0.0,False
2018-07-27,2018-07-30,2,Weekend,48.0,False,23.42,23.42,-244.84,False,0.0,False
2018-07-30,2018-07-31,0,Overnight,0.0,False,-22.83,-22.83,111.29,False,0.0,False
2018-07-31,2018-08-01,0,Overnight,0.0,False,77.92,77.92,-131.95,False,0.0,False
2018-08-01,2018-08-02,0,Overnight,0.0,False,-56.67,-56.67,327.94,False,0.0,False
2018-08-02,2018-08-03,0,Overnight,0.0,False,74.56,74.56,5.06,False,0.0,False
2018-08-03,2018-08-06,2,Weekend,48.0,False,66.71,66.71,368.6,False,0.0,False
2018-08-06,2018-08-07,0,Overnight,0.0,False,43.53,43.53,-145.29,False,0.0,False
2018-08-07,2018-08-08,0,Overnight,0.0,False,51.01,51.01,23.25,False,0.0,False
2018-08-08,2018-08-09,0,Overnight,0.0,False,36.12,36.12,-149.62,False,0.0,False
2018-08-09,2018-08-10,0,Overnight,0.0,False,-57.51,-57.51,-98.26,False,0.0,False
2018-08-10,2018-08-13,2,Weekend,48.0,False,-8.88,-8.88,-2.78,False,0.0,False
2018-08-13,2018-08-14,0,Overnight,0.0,False,36.59,36.59,22.11,False,0.0,False
2018-08-14,2018-08-15,0,Overnight,0.0,False,-98.21,-98.21,10.59,False,0.0,False
2018-08-15,2018-08-16,0,Overnight,0.0,False,49.45,49.45,-322.17,False,0.0,False
2018-08-16,2018-08-17,0,Overnight,0.0,False,-11.45,-11.45,-40.2,False,0.0,False
2018-08-17,2018-08-20,2,Weekend,48.0,False,13.8,13.8,-88.88,False,0.0,False
2018-08-20,2018-08-21,0,Overnight,0.0,False,17.95,17.95,-11.0,False,0.0,False
2018-08-21,2018-08-22,0,Overnight,0.0,False,-23.78,-23.78,82.69,False,0.0,False
2018-08-22,2018-08-23,0,Overnight,0.0,False,-31.73,-31.73,-10.98,False,0.0,False
2018-08-23,2018-08-24,0,Overnight,0.0,False,46.16,46.16,54.54,False,0.0,False
2018-08-24,2018-08-27,2,Weekend,48.0,False,76.43,76.43,83.18,False,0.0,False
2018-08-27,2018-08-28,0,Overnight,0.0,False,36.0,36.0,-103.85,False,0.0,False
2018-08-28,2018-08-29,0,Overnight,0.0,False,2.27,2.27,-22.71,False,0.0,False
2018-08-29,2018-08-30,0,Overnight,0.0,False,0.0,0.0,98.43,False,0.0,False
2018-08-30,2018-08-31,0,Overnight,0.0,False,-27.62,-27.62,-80.48,False,0.0,False
2018-08-31,2018-09-04,3,Long,72.0,False,-127.71,-127.71,-135.79,False,0.0,False
2018-09-04,2018-09-05,0,Overnight,0.0,False,-98.05,-98.05,-137.23,False,0.0,False
2018-09-05,2018-09-06,0,Overnight,0.0,False,-11.97,-11.97,-270.11,False,0.0,False
2018-09-06,2018-09-07,0,Overnight,0.0,False,-137.53,-137.53,168.86,False,0.0,False
2018-09-07,2018-09-10,2,Weekend,48.0,False,28.79,28.79,40.89,False,0.0,False
2018-09-10,2018-09-11,0,Overnight,0.0,False,-14.63,-14.63,121.26,False,0.0,False
2018-09-11,2018-09-12,0,Overnight,0.0,False,-163.44,-163.44,-76.86,False,0.0,False
2018-09-12,2018-09-13,0,Overnight,0.0,False,0.0,0.0,-39.58,False,0.0,False
2018-09-13,2018-09-14,0,Overnight,0.0,False,22.29,22.29,37.03,False,0.0,False
2018-09-14,2018-09-17,2,Weekend,48.0,False,-24.67,-24.67,-83.1,False,0.0,False
2018-09-17,2018-09-18,0,Overnight,0.0,False,-74.38,-74.38,56.93,False,0.0,False
2018-09-18,2018-09-19,0,Overnight,0.0,False,-13.73,-13.73,184.45,False,0.0,False
2018-09-19,2018-09-20,0,Overnight,0.0,False,87.92,87.92,91.98,False,0.0,False
2018-09-20,2018-09-21,0,Overnight,0.0,False,37.28,37.28,-225.15,False,0.0,False
2018-09-21,2018-09-24,2,Weekend,48.0,False,-117.3,-117.3,268.37,False,0.0,False
2018-09-24,2018-09-25,0,Overnight,0.0,False,-208.93,-208.93,178.65,False,0.0,False
2018-09-25,2018-09-26,0,Overnight,0.0,False,-37.06,-37.06,160.0,False,0.0,False
2018-09-26,2018-09-27,0,Overnight,0.0,False,35.87,35.87,76.7,False,0.0,False
2018-09-27,2018-09-28,0,Overnight,0.0,False,-30.25,-30.25,-232.59,False,0.0,False
2018-09-28,2018-10-01,2,Weekend,48.0,False,-87.33,-87.33,-36.26,False,0.0,False
2018-10-01,2018-10-02,0,Overnight,0.0,False,-53.08,-53.08,-140.23,False,0.0,False
2018-10-02,2018-10-03,0,Overnight,0.0,False,41.96,41.96,150.73,False,0.0,False
2018-10-03,2018-10-04,0,Overnight,0.0,False,-59.9,-59.9,-162.97,False,0.0,False
2018-10-04,2018-10-05,0,Overnight,0.0,False,22.64,22.64,-118.79,False,0.0,False
2018-10-05,2018-10-08,2,Weekend,48.0,False,-114.43,-114.43,109.34,False,0.0,False
2018-10-08,2018-10-09,0,Overnight,0.0,False,27.94,27.94,13.31,False,0.0,False
2018-10-09,2018-10-10,0,Overnight,0.0,False,-68.63,-68.63,-353.05,False,0.0,False
2018-10-10,2018-10-11,0,Overnight,0.0,False,-82.92,-82.92,212.21,False,0.0,False
2018-10-11,2018-10-12,0,Overnight,0.0,False,218.02,218.02,-192.62,False,0.0,False
2018-10-12,2018-10-15,2,Weekend,48.0,False,-27.36,-27.36,13.04,False,0.0,False
2018-10-15,2018-10-16,0,Overnight,0.0,False,121.72,121.72,215.17,False,0.0,False
2018-10-16,2018-10-17,0,Overnight,0.0,False,49.0,49.0,-8.78,False,0.0,False
2018-10-17,2018-10-18,0,Overnight,0.0,False,-57.25,-57.25,-229.09,False,0.0,False
2018-10-18,2018-10-19,0,Overnight,0.0,False,60.49,60.49,-116.81,False,0.0,False
2018-10-19,2018-10-22,2,Weekend,48.0,False,45.98,45.98,1.29,False,0.0,False
2018-10-22,2018-10-23,0,Overnight,0.0,False,-232.69,-232.69,207.46,False,0.0,False
2018-10-23,2018-10-24,0,Overnight,0.0,False,-7.13,-7.13,-548.89,False,0.0,False
2018-10-24,2018-10-25,0,Overnight,0.0,False,115.06,115.06,215.62,False,0.0,False
2018-10-25,2018-10-26,0,Overnight,0.0,False,-345.76,-345.76,-30.91,False,0.0,False
2018-10-26,2018-10-29,2,Weekend,48.0,False,213.03,213.03,-441.24,False,0.0,False
2018-10-29,2018-10-30,0,Overnight,0.0,False,-152.47,-152.47,438.99,False,0.0,False
2018-10-30,2018-10-31,0,Overnight,0.0,False,583.13,583.13,-209.27,False,0.0,False
2018-10-31,2018-11-01,0,Overnight,0.0,False,-17.8,-17.8,15.17,False,0.0,False
2018-11-01,2018-11-02,0,Overnight,0.0,False,3.29,3.29,-95.98,False,0.0,False
2018-11-02,2018-11-05,2,Weekend,49.0,False,-16.64,-16.64,-95.05,False,0.0,False
2018-11-05,2018-11-06,0,Overnight,0.0,False,42.28,42.28,42.11,False,0.0,False
2018-11-06,2018-11-07,0,Overnight,0.0,False,108.12,108.12,-2.64,False,0.0,False
2018-11-07,2018-11-08,0,Overnight,0.0,False,-68.87,-68.87,-175.63,False,0.0,False
2018-11-08,2018-11-09,0,Overnight,0.0,False,-76.03,-76.03,-122.73,False,0.0,False
2018-11-09,2018-11-12,2,Weekend,48.0,False,-33.17,-33.17,-204.88,False,0.0,False
2018-11-12,2018-11-13,0,Overnight,0.0,False,31.74,31.74,11.26,False,0.0,False
2018-11-13,2018-11-14,0,Overnight,0.0,False,107.75,107.75,36.12,False,0.0,False
2018-11-14,2018-11-15,0,Overnight,0.0,False,-131.92,-131.92,106.23,False,0.0,False
2018-11-15,2018-11-16,0,Overnight,0.0,False,-195.15,-195.15,-109.77,False,0.0,False
2018-11-16,2018-11-19,2,Weekend,48.0,False,-138.56,-138.56,-450.37,False,0.0,False
2018-11-19,2018-11-20,0,Overnight,0.0,False,-349.64,-349.64,416.31,False,0.0,False
2018-11-20,2018-11-21,0,Overnight,0.0,False,147.66,147.66,31.2,False,0.0,False
2018-11-21,2018-11-23,1,Short,24.0,False,-87.16,-87.16,-144.7,False,0.0,False
2018-11-23,2018-11-26,2,Weekend,48.0,True,95.95,95.95,250.96,False,0.0,False
2018-11-26,2018-11-27,0,Overnight,0.0,False,-46.3,-46.3,-55.4,False,0.0,False
2018-11-27,2018-11-28,0,Overnight,0.0,False,94.37,94.37,35.16,False,0.0,False
2018-11-28,2018-11-29,0,Overnight,0.0,False,-61.61,-61.61,201.03,False,0.0,False
2018-11-29,2018-11-30,0,Overnight,0.0,False,-30.33,-30.33,168.54,False,0.0,False
2018-11-30,2018-12-03,2,Weekend,48.0,False,168.55,168.55,-134.47,False,0.0,False
2018-12-03,2018-12-04,0,Overnight,0.0,False,-25.55,-25.55,-200.97,False,0.0,False
2018-12-04,2018-12-06,1,Short,24.0,False,-302.51,-302.51,425.0,False,0.0,False
2018-12-06,2018-12-07,0,Overnight,0.0,False,-27.25,-27.25,-132.29,False,0.0,False
2018-12-07,2018-12-10,2,Weekend,48.0,False,157.39,157.39,159.89,False,0.0,False
2018-12-10,2018-12-11,0,Overnight,0.0,False,142.09,142.09,-125.89,False,0.0,False
2018-12-11,2018-12-12,0,Overnight,0.0,False,70.14,70.14,98.76,False,0.0,False
2018-12-12,2018-12-13,0,Overnight,0.0,False,73.78,73.78,-38.54,False,0.0,False
2018-12-13,2018-12-14,0,Overnight,0.0,False,-115.83,-115.83,50.1,False,0.0,False
2018-12-14,2018-12-17,2,Weekend,48.0,False,-68.26,-68.26,-204.05,False,0.0,False
2018-12-17,2018-12-18,0,Overnight,0.0,False,63.28,63.28,181.22,False,0.0,False
2018-12-18,2018-12-19,0,Overnight,0.0,False,-172.01,-172.01,-580.96,False,0.0,False
2018-12-19,2018-12-20,0,Overnight,0.0,False,-192.47,-192.47,204.47,False,0.0,False
2018-12-20,2018-12-21,0,Overnight,0.0,False,-0.75,-0.75,-653.64,False,0.0,False
2018-12-21,2018-12-24,2,Weekend,48.0,False,-149.17,-149.17,77.68,False,0.0,False
2018-12-24,2018-12-26,1,Short,24.0,True,155.17,155.17,629.0,False,0.0,False
2018-12-26,2018-12-27,0,Overnight,0.0,False,-130.52,-130.52,155.83,False,0.0,False
2018-12-27,2018-12-28,0,Overnight,0.0,False,60.77,60.77,-159.38,False,0.0,False
2018-12-28,2018-12-31,2,Weekend,48.0,False,93.41,93.41,-253.08,False,0.0,False
2018-12-31,2019-01-02,1,Short,24.0,False,-161.49,-161.49,505.64,False,0.0,False
2019-01-02,2019-01-03,0,Overnight,0.0,False,-73.23,-73.23,-221.46,False,0.0,False
2019-01-03,2019-01-04,0,Overnight,0.0,False,170.84,170.84,289.77,False,0.0,False
2019-01-04,2019-01-07,2,Weekend,48.0,False,-28.31,-28.31,35.56,False,0.0,False
2019-01-07,2019-01-08,0,Overnight,0.0,False,132.4,132.4,186.96,False,0.0,False
2019-01-08,2019-01-09,0,Overnight,0.0,False,29.42,29.42,89.14,False,0.0,False
2019-01-09,2019-01-10,0,Overnight,0.0,False,-80.05,-80.05,77.97,False,0.0,False
2019-01-10,2019-01-11,0,Overnight,0.0,False,-73.08,-73.08,45.3,False,0.0,False
2019-01-11,2019-01-14,2,Weekend,48.0,False,-125.96,-125.96,235.93,False,0.0,False
2019-01-14,2019-01-15,0,Overnight,0.0,False,42.55,42.55,199.36,False,0.0,False
2019-01-15,2019-01-16,0,Overnight,0.0,False,3.36,3.36,-98.47,False,0.0,False
2019-01-16,2019-01-17,0,Overnight,0.0,False,-40.07,-40.07,91.45,False,0.0,False
2019-01-17,2019-01-18,0,Overnight,0.0,False,97.3,97.3,19.35,False,0.0,False
2019-01-18,2019-01-22,3,Long,72.0,False,-56.14,-56.14,-109.85,False,0.0,False
2019-01-22,2019-01-23,0,Overnight,0.0,False,48.0,48.0,-272.08,False,0.0,False
2019-01-23,2019-01-24,0,Overnight,0.0,False,23.53,23.53,81.94,False,0.0,False
2019-01-24,2019-01-25,0,Overnight,0.0,False,112.51,112.51,103.21,False,0.0,False
2019-01-25,2019-01-28,2,Weekend,48.0,False,-64.63,-64.63,-39.25,False,0.0,False
2019-01-28,2019-01-29,0,Overnight,0.0,False,41.95,41.95,-266.88,False,0.0,False
2019-01-29,2019-01-30,0,Overnight,0.0,False,139.8,139.8,283.19,False,0.0,False
2019-01-30,2019-01-31,0,Overnight,0.0,False,961.44,961.44,65.61,False,0.0,False
2019-01-31,2019-02-01,0,Overnight,0.0,False,-51.12,-51.12,-7.84,False,0.0,False
2019-02-01,2019-02-04,2,Weekend,48.0,False,-0.6,-0.6,211.98,False,0.0,False
2019-02-04,2019-02-05,0,Overnight,0.0,False,-5.91,-5.91,118.13,False,0.0,False
2019-02-05,2019-02-06,0,Overnight,0.0,False,2.34,2.34,-41.56,False,0.0,False
2019-02-06,2019-02-07,0,Overnight,0.0,False,-135.23,-135.23,-108.79,False,0.0,False
2019-02-07,2019-02-08,0,Overnight,0.0,False,-115.46,-115.46,172.4,False,0.0,False
2019-02-08,2019-02-11,2,Weekend,48.0,False,34.01,34.01,-126.47,False,0.0,False
2019-02-11,2019-02-12,0,Overnight,0.0,False,64.33,64.33,-109.67,False,0.0,False
2019-02-12,2019-02-13,0,Overnight,0.0,False,20.58,20.58,-79.53,False,0.0,False
2019-02-13,2019-02-14,0,Overnight,0.0,False,-53.78,-53.78,46.46,False,0.0,False
2019-02-14,2019-02-15,0,Overnight,0.0,False,34.1,34.1,-122.93,False,0.0,False
2019-02-15,2019-02-19,3,Long,72.0,False,-123.84,-123.84,110.91,False,0.0,False
2019-02-19,2019-02-20,0,Overnight,0.0,False,-2.46,-2.46,19.09,False,0.0,False
2019-02-20,2019-02-21,0,Overnight,0.0,False,-38.83,-38.83,-117.4,False,0.0,False
2019-02-21,2019-02-22,0,Overnight,0.0,False,33.69,33.69,81.25,False,0.0,False
2019-02-22,2019-02-25,2,Weekend,48.0,False,72.63,72.63,94.6,False,0.0,False
2019-02-25,2019-02-26,0,Overnight,0.0,False,-17.02,-17.02,-12.79,False,0.0,False
2019-02-26,2019-02-27,0,Overnight,0.0,False,-75.22,-75.22,-5.53,False,0.0,False
2019-02-27,2019-02-28,0,Overnight,0.0,False,-27.06,-27.06,-56.82,False,0.0,False
2019-02-28,2019-03-01,0,Overnight,0.0,False,70.98,70.98,-19.7,False,0.0,False
2019-03-01,2019-03-04,2,Weekend,48.0,False,99.33,99.33,209.5,False,0.0,False
2019-03-04,2019-03-05,0,Overnight,0.0,False,0.0,0.0,229.76,False,0.0,False
2019-03-05,2019-03-06,0,Overnight,0.0,False,95.31,95.31,-22.58,False,0.0,False
2019-03-06,2019-03-07,0,Overnight,0.0,False,-58.72,-58.72,-139.16,False,0.0,False
2019-03-07,2019-03-08,0,Overnight,0.0,False,-174.76,-174.76,202.51,False,0.0,False
2019-03-08,2019-03-11,2,Weekend,47.0,False,117.23,117.23,27.35,False,0.0,False
2019-03-11,2019-03-12,0,Overnight,0.0,False,1.16,1.16,-9.88,False,0.0,False
2019-03-12,2019-03-13,0,Overnight,0.0,False,23.24,23.24,60.75,False,0.0,False
2019-03-13,2019-03-14,0,Overnight,0.0,False,-210.42,-210.42,24.12,False,0.0,False
2019-03-14,2019-03-15,0,Overnight,0.0,False,-178.46,-178.46,-70.84,False,0.0,False
2019-03-15,2019-03-18,2,Weekend,48.0,False,-146.26,-146.26,-191.34,False,0.0,False
2019-03-18,2019-03-19,0,Overnight,0.0,False,62.74,62.74,5.57,False,0.0,False
2019-03-19,2019-03-20,0,Overnight,0.0,False,-4.33,-4.33,241.03,False,0.0,False
2019-03-20,2019-03-21,0,Overnight,0.0,False,-33.3,-33.3,71.91,False,0.0,False
2019-03-21,2019-03-22,0,Overnight,0.0,False,-25.93,-25.93,-79.4,False,0.0,False
2019-03-22,2019-03-25,2,Weekend,48.0,False,-81.87,-81.87,199.83,False,0.0,False
2019-03-25,2019-03-26,0,Overnight,0.0,False,63.54,63.54,19.7,False,0.0,False
2019-03-26,2019-03-27,0,Overnight,0.0,False,10.13,10.13,-118.66,False,0.0,False
2019-03-27,2019-03-28,0,Overnight,0.0,False,-78.68,-78.68,59.37,False,0.0,False
2019-03-28,2019-03-29,0,Overnight,0.0,False,50.61,50.61,18.01,False,0.0,False
2019-03-29,2019-04-01,2,Weekend,48.0,False,68.16,68.16,51.7,False,0.0,False
2019-04-01,2019-04-02,0,Overnight,0.0,False,85.0,85.0,235.82,False,0.0,False
2019-04-02,2019-04-03,0,Overnight,0.0,False,17.21,17.21,-55.17,False,0.0,False
2019-04-03,2019-04-04,0,Overnight,0.0,False,141.9,141.9,0.0,False,0.0,False
2019-04-04,2019-04-05,0,Overnight,0.0,False,48.74,48.74,-65.8,False,0.0,False
2019-04-05,2019-04-08,2,Weekend,48.0,False,-29.07,-29.07,-15.99,False,0.0,False
2019-04-08,2019-04-09,0,Overnight,0.0,False,39.37,39.37,110.99,False,0.0,False
2019-04-09,2019-04-10,0,Overnight,0.0,False,33.73,33.73,-20.22,False,0.0,False
2019-04-10,2019-04-11,0,Overnight,0.0,False,23.59,23.59,-41.04,False,0.0,False
2019-04-11,2019-04-12,0,Overnight,0.0,False,27.57,27.57,61.61,False,0.0,False
2019-04-12,2019-04-15,2,Weekend,48.0,False,-33.56,-33.56,64.22,False,0.0,False
2019-04-15,2019-04-16,0,Overnight,0.0,False,-36.25,-36.25,-7.27,False,0.0,False
2019-04-16,2019-04-17,0,Overnight,0.0,False,40.73,40.73,-45.76,False,0.0,False
2019-04-17,2019-04-18,0,Overnight,0.0,False,1.12,1.12,-29.13,False,0.0,False
2019-04-18,2019-04-22,3,Long,72.0,False,-1.68,-1.68,177.38,False,0.0,False
2019-04-22,2019-04-23,0,Overnight,0.0,False,71.39,71.39,56.75,False,0.0,False
2019-04-23,2019-04-24,0,Overnight,0.0,False,38.56,38.56,-104.07,False,0.0,False
2019-04-24,2019-04-25,0,Overnight,0.0,False,759.14,759.14,-190.66,False,0.0,False
2019-04-25,2019-04-26,0,Overnight,0.0,False,-39.4,-39.4,-52.61,False,0.0,False
2019-04-26,2019-04-29,2,Weekend,48.0,False,-28.24,-28.24,198.59,False,0.0,False
2019-04-29,2019-04-30,0,Overnight,0.0,False,-30.34,-30.34,-40.77,False,0.0,False
2019-04-30,2019-05-01,0,Overnight,0.0,False,71.1,71.1,-90.25,False,0.0,False
2019-05-01,2019-05-02,0,Overnight,0.0,False,-1.55,-1.55,-24.38,False,0.0,False
2019-05-02,2019-05-03,0,Overnight,0.0,False,95.63,95.63,55.92,False,0.0,False
2019-05-03,2019-05-06,2,Weekend,48.0,False,-218.78,-218.78,137.1,False,0.0,False
2019-05-06,2019-05-07,0,Overnight,0.0,False,-69.36,-69.36,-144.91,False,0.0,False
2019-05-07,2019-05-08,0,Overnight,0.0,False,-20.04,-20.04,7.92,False,0.0,False
2019-05-08,2019-05-09,0,Overnight,0.0,False,-124.22,-124.22,77.16,False,0.0,False
2019-05-09,2019-05-10,0,Overnight,0.0,False,-21.23,-21.23,4.78,False,0.0,False
2019-05-10,2019-05-13,2,Weekend,48.0,False,-260.34,-260.34,-107.39,False,0.0,False
2019-05-13,2019-05-14,0,Overnight,0.0,False,53.84,53.84,-98.56,False,0.0,False
2019-05-14,2019-05-15,0,Overnight,0.0,False,-17.17,-17.17,319.1,False,0.0,False
2019-05-15,2019-05-16,0,Overnight,0.0,False,-65.71,-65.71,104.29,False,0.0,False
2019-05-16,2019-05-17,0,Overnight,0.0,False,-115.65,-115.65,24.86,False,0.0,False
2019-05-17,2019-05-20,2,Weekend,48.0,False,-186.29,-186.29,46.08,False,0.0,False
2019-05-20,2019-05-21,0,Overnight,0.0,False,100.74,100.74,13.54,False,0.0,False
2019-05-21,2019-05-22,0,Overnight,0.0,False,-4.87,-4.87,31.89,False,0.0,False
2019-05-22,2019-05-23,0,Overnight,0.0,False,-157.72,-157.72,-85.33,False,0.0,False
2019-05-23,2019-05-24,0,Overnight,0.0,False,80.4,80.4,-69.9,False,0.0,False
2019-05-24,2019-05-28,3,Long,72.0,False,26.48,26.48,151.43,False,0.0,False
2019-05-28,2019-05-29,0,Overnight,0.0,False,-44.04,-44.04,-71.65,False,0.0,False
2019-05-29,2019-05-30,0,Overnight,0.0,False,48.73,48.73,-3.82,False,0.0,False
2019-05-30,2019-05-31,0,Overnight,0.0,False,-150.3,-150.3,-157.1,False,0.0,False
2019-05-31,2019-06-03,2,Weekend,48.0,False,-140.16,-140.16,-640.05,False,0.0,False
2019-06-03,2019-06-04,0,Overnight,0.0,False,-26.84,-26.84,228.87,False,0.0,False
2019-06-04,2019-06-05,0,Overnight,0.0,False,-1.19,-1.19,41.11,False,0.0,False
2019-06-05,2019-06-06,0,Overnight,0.0,False,7.73,7.73,1.78,False,0.0,False
2019-06-06,2019-06-07,0,Overnight,0.0,False,108.72,108.72,185.15,False,0.0,False
2019-06-07,2019-06-10,2,Weekend,48.0,False,80.44,80.44,4.01,False,0.0,False
2019-06-10,2019-06-11,0,Overnight,0.0,False,207.2,207.2,-21.31,False,0.0,False
2019-06-11,2019-06-12,0,Overnight,0.0,False,15.71,15.71,-189.02,False,0.0,False
2019-06-12,2019-06-13,0,Overnight,0.0,False,27.95,27.95,109.92,False,0.0,False
2019-06-13,2019-06-14,0,Overnight,0.0,False,169.85,169.85,45.32,False,0.0,False
2019-06-14,2019-06-17,2,Weekend,48.0,False,200.91,200.91,213.9,False,0.0,False
2019-06-17,2019-06-18,0,Overnight,0.0,False,260.58,260.58,-289.19,False,0.0,False
2019-06-18,2019-06-19,0,Overnight,0.0,False,-78.3,-78.3,25.64,False,0.0,False
2019-06-19,2019-06-20,0,Overnight,0.0,False,183.39,183.39,-74.64,False,0.0,False
2019-06-20,2019-06-21,0,Overnight,0.0,False,-41.24,-41.24,125.83,False,0.0,False
2019-06-21,2019-06-24,2,Weekend,48.0,False,66.74,66.74,9.35,False,0.0,False
2019-06-24,2019-06-25,0,Overnight,0.0,False,14.53,14.53,-211.68,False,0.0,False
2019-06-25,2019-06-26,0,Overnight,0.0,False,37.0,37.0,-99.68,False,0.0,False
2019-06-26,2019-06-27,0,Overnight,0.0,False,117.6,117.6,-20.03,False,0.0,False
2019-06-27,2019-06-28,0,Overnight,0.0,False,55.26,55.26,127.76,False,0.0,False
2019-06-28,2019-07-01,2,Weekend,48.0,False,113.86,113.86,-113.86,False,0.0,False
2019-07-01,2019-07-02,0,Overnight,0.0,False,0.0,0.0,103.09,False,0.0,False
2019-07-02,2019-07-03,0,Overnight,0.0,False,-43.17,-43.17,155.36,False,0.0,False
2019-07-03,2019-07-05,1,Short,24.0,True,-51.86,-51.86,11.21,False,0.0,False
2019-07-05,2019-07-08,2,Weekend,48.0,False,-61.8,-61.8,29.16,False,0.0,False
2019-07-08,2019-07-09,0,Overnight,0.0,False,-40.44,-40.44,215.14,False,0.0,False
2019-07-09,2019-07-10,0,Overnight,0.0,False,39.58,39.58,135.58,False,0.0,False
2019-07-10,2019-07-11,0,Overnight,0.0,False,26.11,26.11,-100.37,False,0.0,False
2019-07-11,2019-07-12,0,Overnight,0.0,False,-77.32,-77.32,256.6,False,0.0,False
2019-07-12,2019-07-15,2,Weekend,48.0,False,-30.31,-30.31,-16.66,False,0.0,False
2019-07-15,2019-07-16,0,Overnight,0.0,False,-0.98,-0.98,-2.45,False,0.0,False
2019-07-16,2019-07-17,0,Overnight,0.0,False,16.67,16.67,-117.25,False,0.0,False
2019-07-17,2019-07-18,0,Overnight,0.0,False,-82.1,-82.1,31.43,False,0.0,False
2019-07-18,2019-07-19,0,Overnight,0.0,False,69.49,69.49,-190.75,False,0.0,False
2019-07-19,2019-07-22,2,Weekend,48.0,False,77.84,77.84,119.83,False,0.0,False
2019-07-22,2019-07-23,0,Overnight,0.0,False,25.67,25.67,-23.69,False,0.0,False
2019-07-23,2019-07-24,0,Overnight,0.0,False,-236.52,-236.52,349.53,False,0.0,False
2019-07-24,2019-07-25,0,Overnight,0.0,False,99.18,99.18,-294.07,False,0.0,False
2019-07-25,2019-07-26,0,Overnight,0.0,False,-25.94,-25.94,-22.0,False,0.0,False
2019-07-26,2019-07-29,2,Weekend,48.0,False,-37.62,-37.62,-154.96,False,0.0,False
2019-07-29,2019-07-30,0,Overnight,0.0,False,-28.11,-28.11,84.09,False,0.0,False
2019-07-30,2019-07-31,0,Overnight,0.0,False,-4.57,-4.57,-139.07,False,0.0,False
2019-07-31,2019-08-01,0,Overnight,0.0,False,-3.09,-3.09,-74.44,False,0.0,False
2019-08-01,2019-08-02,0,Overnight,0.0,False,-84.93,-84.93,-109.44,False,0.0,False
2019-08-02,2019-08-05,2,Weekend,48.0,False,-231.74,-231.74,-161.57,False,0.0,False
2019-08-05,2019-08-06,0,Overnight,0.0,False,107.28,107.28,44.54,False,0.0,False
2019-08-06,2019-08-07,0,Overnight,0.0,False,-49.44,-49.44,84.07,False,0.0,False
2019-08-07,2019-08-08,0,Overnight,0.0,False,79.08,79.08,187.91,False,0.0,False
2019-08-08,2019-08-09,0,Overnight,0.0,False,-8.42,-8.42,-113.8,False,0.0,False
2019-08-09,2019-08-12,2,Weekend,48.0,False,-53.38,-53.38,-79.52,False,0.0,False
2019-08-12,2019-08-13,0,Overnight,0.0,False,8.09,8.09,156.7,False,0.0,False
2019-08-13,2019-08-14,0,Overnight,0.0,False,-141.62,-141.62,-333.26,False,0.0,False
2019-08-14,2019-08-15,0,Overnight,0.0,False,68.76,68.76,90.22,False,0.0,False
2019-08-15,2019-08-16,0,Overnight,0.0,False,63.33,63.33,-2.72,False,0.0,False
2019-08-16,2019-08-19,2,Weekend,48.0,False,124.96,124.96,8.6,False,0.0,False
2019-08-19,2019-08-20,0,Overnight,0.0,False,-38.75,-38.75,-88.83,False,0.0,False
2019-08-20,2019-08-21,0,Overnight,0.0,False,64.53,64.53,-78.69,False,0.0,False
2019-08-21,2019-08-22,0,Overnight,0.0,False,-6.54,-6.54,-76.07,False,0.0,False
2019-08-22,2019-08-23,0,Overnight,0.0,False,-66.14,-66.14,-172.35,False,0.0,False
2019-08-23,2019-08-26,2,Weekend,48.0,False,92.4,92.4,53.37,False,0.0,False
2019-08-26,2019-08-27,0,Overnight,0.0,False,86.67,86.67,-34.69,False,0.0,False
2019-08-27,2019-08-28,0,Overnight,0.0,False,-42.56,-42.56,67.9,False,0.0,False
2019-08-28,2019-08-29,0,Overnight,0.0,False,109.98,109.98,97.47,False,0.0,False
2019-08-29,2019-08-30,0,Overnight,0.0,False,64.99,64.99,-59.61,False,0.0,False
2019-08-30,2019-09-03,3,Long,72.0,False,-90.35,-90.35,-87.89,False,0.0,False
2019-09-03,2019-09-04,0,Overnight,0.0,False,123.15,123.15,133.95,False,0.0,False
2019-09-04,2019-09-05,0,Overnight,0.0,False,74.0,74.0,124.93,False,0.0,False
2019-09-05,2019-09-06,0,Overnight,0.0,False,-36.21,-36.21,-144.03,False,0.0,False
2019-09-06,2019-09-09,2,Weekend,48.0,False,12.79,12.79,54.72,False,0.0,False
2019-09-09,2019-09-10,0,Overnight,0.0,False,-70.18,-70.18,-67.99,False,0.0,False
2019-09-10,2019-09-11,0,Overnight,0.0,False,15.57,15.57,108.28,False,0.0,False
2019-09-11,2019-09-12,0,Overnight,0.0,False,72.42,72.42,-126.68,False,0.0,False
2019-09-12,2019-09-13,0,Overnight,0.0,False,-7.47,-7.47,-7.48,False,0.0,False
2019-09-13,2019-09-16,2,Weekend,48.0,False,-13.9,-13.9,-38.05,False,0.0,False
2019-09-16,2019-09-17,0,Overnight,0.0,False,23.6,23.6,75.79,False,0.0,False
2019-09-17,2019-09-18,0,Overnight,0.0,False,0.53,0.53,2.66,False,0.0,False
2019-09-18,2019-09-19,0,Overnight,0.0,False,27.6,27.6,78.14,False,0.0,False
2019-09-19,2019-09-20,0,Overnight,0.0,False,27.31,27.31,-38.36,False,0.0,False
2019-09-20,2019-09-23,2,Weekend,48.0,False,-31.11,-31.11,-133.99,False,0.0,False
2019-09-23,2019-09-24,0,Overnight,0.0,False,61.9,61.9,-362.93,False,0.0,False
2019-09-24,2019-09-25,0,Overnight,0.0,False,9.37,9.37,74.13,False,0.0,False
2019-09-25,2019-09-26,0,Overnight,0.0,False,-80.74,-80.74,-67.51,False,0.0,False
2019-09-26,2019-09-27,0,Overnight,0.0,False,21.08,21.08,-189.61,False,0.0,False
2019-09-27,2019-09-30,2,Weekend,48.0,False,43.38,43.38,11.8,False,0.0,False
2019-09-30,2019-10-01,0,Overnight,0.0,False,59.91,59.91,-188.2,False,0.0,False
2019-10-01,2019-10-02,0,Overnight,0.0,False,-55.33,-55.33,-13.74,False,0.0,False
2019-10-02,2019-10-03,0,Overnight,0.0,False,55.4,55.4,214.69,False,0.0,False
2019-10-03,2019-10-04,0,Overnight,0.0,False,9.47,9.47,50.0,False,0.0,False
2019-10-04,2019-10-07,2,Weekend,48.0,False,-24.97,-24.97,-17.79,False,0.0,False
2019-10-07,2019-10-08,0,Overnight,0.0,False,-79.34,-79.34,-28.65,False,0.0,False
2019-10-08,2019-10-09,0,Overnight,0.0,False,79.01,79.01,38.44,False,0.0,False
2019-10-09,2019-10-10,0,Overnight,0.0,False,26.1,26.1,-16.1,False,0.0,False
2019-10-10,2019-10-11,0,Overnight,0.0,False,117.07,117.07,111.37,False,0.0,False
2019-10-11,2019-10-14,2,Weekend,48.0,False,0.54,0.54,-50.07,False,0.0,False
2019-10-14,2019-10-15,0,Overnight,0.0,False,28.33,28.33,273.17,False,0.0,False
2019-10-15,2019-10-16,0,Overnight,0.0,False,-30.22,-30.22,65.1,False,0.0,False
2019-10-16,2019-10-17,0,Overnight,0.0,False,39.49,39.49,4.73,False,0.0,False
2019-10-17,2019-10-18,0,Overnight,0.0,False,-8.41,-8.41,-232.94,False,0.0,False
2019-10-18,2019-10-21,2,Weekend,48.0,False,63.83,63.83,144.38,False,0.0,False
2019-10-21,2019-10-22,0,Overnight,0.0,False,12.64,12.64,-411.51,False,0.0,False
2019-10-22,2019-10-23,0,Overnight,0.0,False,-18.11,-18.11,224.91,False,0.0,False
2019-10-23,2019-10-24,0,Overnight,0.0,False,-82.53,-82.53,94.88,False,0.0,False
2019-10-24,2019-10-25,0,Overnight,0.0,False,-29.55,-29.55,110.24,False,0.0,False
2019-10-25,2019-10-28,2,Weekend,48.0,False,-36.79,-36.79,116.84,False,0.0,False
2019-10-28,2019-10-29,0,Overnight,0.0,False,120.18,120.18,-124.94,False,0.0,False
2019-10-29,2019-10-30,0,Overnight,0.0,False,13.2,13.2,-69.35,False,0.0,False
2019-10-30,2019-10-31,0,Overnight,0.0,False,439.09,439.09,-260.09,False,0.0,False
2019-10-31,2019-11-01,0,Overnight,0.0,False,62.42,62.42,39.85,False,0.0,False
2019-11-01,2019-11-04,2,Weekend,49.0,False,47.92,47.92,8.73,False,0.0,False
2019-11-04,2019-11-05,0,Overnight,0.0,False,33.33,33.33,-53.89,False,0.0,False
2019-11-05,2019-11-06,0,Overnight,0.0,False,-14.94,-14.94,-128.64,False,0.0,False
2019-11-06,2019-11-07,0,Overnight,0.0,False,18.78,18.78,-77.94,False,0.0,False
2019-11-07,2019-11-08,0,Overnight,0.0,False,-22.08,-22.08,44.11,False,0.0,False
2019-11-08,2019-11-11,2,Weekend,48.0,False,-47.8,-47.8,-16.86,False,0.0,False
2019-11-11,2019-11-12,0,Overnight,0.0,False,20.55,20.55,232.54,False,0.0,False
2019-11-12,2019-11-13,0,Overnight,0.0,False,11.82,11.82,-77.86,False,0.0,False
2019-11-13,2019-11-14,0,Overnight,0.0,False,-13.47,-13.47,11.4,False,0.0,False
2019-11-14,2019-11-15,0,Overnight,0.0,False,57.3,57.3,43.15,False,0.0,False
2019-11-15,2019-11-18,2,Weekend,48.0,False,-27.72,-27.72,144.92,False,0.0,False
2019-11-18,2019-11-19,0,Overnight,0.0,False,0.0,0.0,96.8,False,0.0,False
2019-11-19,2019-11-20,0,Overnight,0.0,False,-37.2,-37.2,-54.03,False,0.0,False
2019-11-20,2019-11-21,0,Overnight,0.0,False,-4.56,-4.56,25.8,False,0.0,False
2019-11-21,2019-11-22,0,Overnight,0.0,False,22.71,22.71,22.16,False,0.0,False
2019-11-22,2019-11-25,2,Weekend,48.0,False,35.15,35.15,13.52,False,0.0,False
2019-11-25,2019-11-26,0,Overnight,0.0,False,10.51,10.51,-51.63,False,0.0,False
2019-11-26,2019-11-27,0,Overnight,0.0,False,46.63,46.63,104.5,False,0.0,False
2019-11-27,2019-11-29,1,Short,24.0,False,-19.82,-19.82,1.98,False,0.0,False
2019-11-29,2019-12-02,2,Weekend,48.0,True,24.27,24.27,-120.95,False,0.0,False
2019-12-02,2019-12-03,0,Overnight,0.0,False,-105.71,-105.71,61.55,False,0.0,False
2019-12-03,2019-12-04,0,Overnight,0.0,False,59.17,59.17,-64.71,False,0.0,False
2019-12-04,2019-12-05,0,Overnight,0.0,False,57.71,57.71,-25.05,False,0.0,False
2019-12-05,2019-12-06,0,Overnight,0.0,False,57.02,57.02,27.39,False,0.0,False
2019-12-06,2019-12-09,2,Weekend,48.0,False,-19.92,-19.92,34.33,False,0.0,False
2019-12-09,2019-12-10,0,Overnight,0.0,False,15.88,15.88,-39.25,False,0.0,False
2019-12-10,2019-12-11,0,Overnight,0.0,False,-29.42,-29.42,98.38,False,0.0,False
2019-12-11,2019-12-12,0,Overnight,0.0,False,4.45,4.45,-280.65,False,0.0,False
2019-12-12,2019-12-13,0,Overnight,0.0,False,-17.81,-17.81,-117.28,False,0.0,False
2019-12-13,2019-12-16,2,Weekend,48.0,False,59.58,59.58,134.8,False,0.0,False
2019-12-16,2019-12-17,0,Overnight,0.0,False,46.38,46.38,-22.66,False,0.0,False
2019-12-17,2019-12-18,0,Overnight,0.0,False,85.32,85.32,119.73,False,0.0,False
2019-12-18,2019-12-19,0,Overnight,0.0,False,13.82,13.82,160.46,False,0.0,False
2019-12-19,2019-12-20,0,Overnight,0.0,False,68.68,68.68,-57.03,False,0.0,False
2019-12-20,2019-12-23,2,Weekend,48.0,False,19.37,19.37,-25.19,False,0.0,False
2019-12-23,2019-12-24,0,Overnight,0.0,False,5.82,5.82,-57.36,False,0.0,False
2019-12-24,2019-12-26,1,Short,24.0,True,21.91,21.91,107.41,False,0.0,False
2019-12-26,2019-12-27,0,Overnight,0.0,False,42.26,42.26,-27.35,False,0.0,False
2019-12-27,2019-12-30,2,Weekend,48.0,False,-11.54,-11.54,-167.37,False,0.0,False
2019-12-30,2019-12-31,0,Overnight,0.0,False,-20.08,-20.08,61.09,False,0.0,False
2019-12-31,2020-01-02,1,Short,24.0,False,72.82,72.82,145.49,False,0.0,False
2020-01-02,2020-01-03,0,Overnight,0.0,False,-123.27,-123.27,70.21,False,0.0,False
2020-01-03,2020-01-06,2,Weekend,48.0,False,-94.86,-94.86,281.44,False,0.0,False
2020-01-06,2020-01-07,0,Overnight,0.0,False,10.34,10.34,11.27,False,0.0,False
2020-01-07,2020-01-08,0,Overnight,0.0,False,-2.82,-2.82,103.69,False,0.0,False
2020-01-08,2020-01-09,0,Overnight,0.0,False,107.22,107.22,34.88,False,0.0,False
2020-01-09,2020-01-10,0,Overnight,0.0,False,41.14,41.14,-52.14,False,0.0,False
2020-01-10,2020-01-13,2,Weekend,48.0,False,70.37,70.37,104.64,False,0.0,False
2020-01-13,2020-01-14,0,Overnight,0.0,False,-13.53,-13.53,-115.73,False,0.0,False
2020-01-14,2020-01-15,0,Overnight,0.0,False,70.51,70.51,24.45,False,0.0,False
2020-01-15,2020-01-16,0,Overnight,0.0,False,64.01,64.01,-36.01,False,0.0,False
2020-01-16,2020-01-17,0,Overnight,0.0,False,11.72,11.72,4.95,False,0.0,False
2020-01-17,2020-01-21,3,Long,72.0,False,0.9,0.9,-32.46,False,0.0,False
2020-01-21,2020-01-22,0,Overnight,0.0,False,39.21,39.21,-44.63,False,0.0,False
2020-01-22,2020-01-23,0,Overnight,0.0,False,-25.79,-25.79,-44.95,False,0.0,False
2020-01-23,2020-01-24,0,Overnight,0.0,False,47.21,47.21,-130.38,False,0.0,False
2020-01-24,2020-01-27,2,Weekend,48.0,False,-224.58,-224.58,82.72,False,0.0,False
2020-01-27,2020-01-28,0,Overnight,0.0,False,58.93,58.93,76.05,False,0.0,False
2020-01-28,2020-01-29,0,Overnight,0.0,False,166.2,166.2,80.51,False,0.0,False
2020-01-29,2020-01-30,0,Overnight,0.0,False,-777.57,-777.57,144.21,False,0.0,False
2020-01-30,2020-01-31,0,Overnight,0.0,False,-52.64,-52.64,-317.81,False,0.0,False
2020-01-31,2020-02-03,2,Weekend,48.0,False,75.49,75.49,36.8,False,0.0,False
2020-02-03,2020-02-04,0,Overnight,0.0,False,118.3,118.3,154.16,False,0.0,False
2020-02-04,2020-02-05,0,Overnight,0.0,False,126.91,126.91,-113.58,False,0.0,False
2020-02-05,2020-02-06,0,Overnight,0.0,False,17.12,17.12,18.04,False,0.0,False
2020-02-06,2020-02-07,0,Overnight,0.0,False,-26.12,-26.12,96.07,False,0.0,False
2020-02-07,2020-02-10,2,Weekend,48.0,False,-38.22,-38.22,72.54,False,0.0,False
2020-02-10,2020-02-11,0,Overnight,0.0,False,-135.62,-135.62,-143.76,False,0.0,False
2020-02-11,2020-02-12,0,Overnight,0.0,False,31.8,31.8,139.03,False,0.0,False
2020-02-12,2020-02-13,0,Overnight,0.0,False,-59.01,-59.01,171.3,False,0.0,False
2020-02-13,2020-02-14,0,Overnight,0.0,False,40.27,40.27,8.41,False,0.0,False
2020-02-14,2020-02-18,3,Long,72.0,False,-29.46,-29.46,197.06,False,0.0,False
2020-02-18,2020-02-19,0,Overnight,0.0,False,8.72,8.72,-22.96,False,0.0,False
2020-02-19,2020-02-20,0,Overnight,0.0,False,-44.7,-44.7,-90.0,False,0.0,False
2020-02-20,2020-02-21,0,Overnight,0.0,False,-51.4,-51.4,-155.79,False,0.0,False
2020-02-21,2020-02-24,2,Weekend,48.0,False,-406.87,-406.87,-53.66,False,0.0,False
2020-02-24,2020-02-25,0,Overnight,0.0,False,75.94,75.94,-274.69,False,0.0,False
2020-02-25,2020-02-26,0,Overnight,0.0,False,21.32,21.32,0.51,False,0.0,False
2020-02-26,2020-02-27,0,Overnight,0.0,False,-276.61,-276.61,-108.5,False,0.0,False
2020-02-27,2020-02-28,0,Overnight,0.0,False,-378.62,-378.62,520.95,False,0.0,False
2020-02-28,2020-03-02,2,Weekend,48.0,False,80.72,80.72,123.44,False,0.0,False
2020-03-02,2020-03-03,0,Overnight,0.0,False,-11.21,-11.21,-540.81,False,0.0,False
2020-03-03,2020-03-04,0,Overnight,0.0,False,174.91,174.91,135.98,False,0.0,False
2020-03-04,2020-03-05,0,Overnight,0.0,False,-263.13,-263.13,-86.57,False,0.0,False
2020-03-05,2020-03-06,0,Overnight,0.0,False,-376.39,-376.39,153.58,False,0.0,False
2020-03-06,2020-03-09,2,Weekend,47.0,False,-655.51,-655.51,-5.9,False,0.0,False
2020-03-09,2020-03-10,0,Overnight,0.0,False,300.46,300.46,199.52,False,0.0,False
2020-03-10,2020-03-11,0,Overnight,0.0,False,-237.38,-237.38,-219.04,False,0.0,False
2020-03-11,2020-03-12,0,Overnight,0.0,False,-649.15,-649.15,-322.95,False,0.0,False
2020-03-12,2020-03-13,0,Overnight,0.0,False,569.97,569.97,404.48,False,0.0,False
2020-03-13,2020-03-16,2,Weekend,48.0,False,-1114.61,-1114.61,-423.09,False,0.0,False
2020-03-16,2020-03-17,0,Overnight,0.0,False,318.81,318.81,-87.95,False,0.0,False
2020-03-17,2020-03-18,0,Overnight,0.0,False,-669.06,-669.06,503.05,False,0.0,False
2020-03-18,2020-03-19,0,Overnight,0.0,False,-23.16,-23.16,434.43,False,0.0,False
2020-03-19,2020-03-20,0,Overnight,0.0,False,186.97,186.97,-411.51,False,0.0,False
2020-03-20,2020-03-23,2,Weekend,48.0,False,-4.68,-4.68,-104.78,False,0.0,False
2020-03-23,2020-03-24,0,Overnight,0.0,False,468.91,468.91,365.01,False,0.0,False
2020-03-24,2020-03-25,0,Overnight,0.0,False,-128.79,-128.79,-172.0,False,0.0,False
2020-03-25,2020-03-26,0,Overnight,0.0,False,129.75,129.75,316.58,False,0.0,False
2020-03-26,2020-03-27,0,Overnight,0.0,False,-319.74,-319.74,-89.53,False,0.0,False
2020-03-27,2020-03-30,2,Weekend,48.0,False,151.28,151.28,416.51,False,0.0,False
2020-03-30,2020-03-31,0,Overnight,0.0,False,-28.36,-28.36,79.45,False,0.0,False
2020-03-31,2020-04-01,0,Overnight,0.0,False,-315.48,-315.48,-125.77,False,0.0,False
2020-04-01,2020-04-02,0,Overnight,0.0,False,-31.38,-31.38,-57.36,False,0.0,False
2020-04-02,2020-04-03,0,Overnight,0.0,False,-65.96,-65.96,-190.8,False,0.0,False
2020-04-03,2020-04-06,2,Weekend,48.0,False,379.9,379.9,331.62,False,0.0,False
2020-04-06,2020-04-07,0,Overnight,0.0,False,369.99,369.99,-173.8,False,0.0,False
2020-04-07,2020-04-08,0,Overnight,0.0,False,142.32,142.32,175.39,False,0.0,False
2020-04-08,2020-04-09,0,Overnight,0.0,False,92.52,92.52,-40.45,False,0.0,False
2020-04-09,2020-04-13,3,Long,72.0,False,-87.14,-87.14,64.28,False,0.0,False
2020-04-13,2020-04-14,0,Overnight,0.0,False,236.89,236.89,-45.36,False,0.0,False
2020-04-14,2020-04-15,0,Overnight,0.0,False,-168.67,-168.67,101.09,False,0.0,False
2020-04-15,2020-04-16,0,Overnight,0.0,False,55.22,55.22,-95.99,False,0.0,False
2020-04-16,2020-04-17,0,Overnight,0.0,False,165.99,165.99,2.23,False,0.0,False
2020-04-17,2020-04-20,2,Weekend,48.0,False,-102.62,-102.62,46.68,False,0.0,False
2020-04-20,2020-04-21,0,Overnight,0.0,False,-169.17,-169.17,-257.2,False,0.0,False
2020-04-21,2020-04-22,0,Overnight,0.0,False,438.15,438.15,212.36,False,0.0,False
2020-04-22,2020-04-23,0,Overnight,0.0,False,98.26,98.26,56.88,False,0.0,False
2020-04-23,2020-04-24,0,Overnight,0.0,False,-103.16,-103.16,366.5,False,0.0,False
2020-04-24,2020-04-27,2,Weekend,48.0,False,135.35,135.35,-271.48,False,0.0,False
2020-04-27,2020-04-28,0,Overnight,0.0,False,61.68,61.68,-309.52,False,0.0,False
2020-04-28,2020-04-29,0,Overnight,0.0,False,429.13,429.13,169.3,False,0.0,False
2020-04-29,2020-04-30,0,Overnight,0.0,False,634.95,634.95,-107.38,False,0.0,False
2020-04-30,2020-05-01,0,Overnight,0.0,False,-153.09,-153.09,33.18,False,0.0,False
2020-05-01,2020-05-04,2,Weekend,48.0,False,-102.87,-102.87,249.61,False,0.0,False
2020-05-04,2020-05-05,0,Overnight,0.0,False,85.38,85.38,2.42,False,0.0,False
2020-05-05,2020-05-06,0,Overnight,0.0,False,50.58,50.58,16.8,False,0.0,False
2020-05-06,2020-05-07,0,Overnight,0.0,False,128.21,128.21,4.73,False,0.0,False
2020-05-07,2020-05-08,0,Overnight,0.0,False,46.28,46.28,5.18,False,0.0,False
2020-05-08,2020-05-11,2,Weekend,48.0,False,-68.99,-68.99,108.0,False,0.0,False
2020-05-11,2020-05-12,0,Overnight,0.0,False,5.16,5.16,-150.69,False,0.0,False
2020-05-12,2020-05-13,0,Overnight,0.0,False,-31.94,-31.94,-208.92,False,0.0,False
2020-05-13,2020-05-14,0,Overnight,0.0,False,-124.62,-124.62,207.64,False,0.0,False
2020-05-14,2020-05-15,0,Overnight,0.0,False,-74.74,-74.74,269.63,False,0.0,False
2020-05-15,2020-05-18,2,Weekend,48.0,False,60.04,60.04,48.9,False,0.0,False
2020-05-18,2020-05-19,0,Overnight,0.0,False,3.75,3.75,167.85,False,0.0,False
2020-05-19,2020-05-20,0,Overnight,0.0,False,300.67,300.67,285.37,False,0.0,False
2020-05-20,2020-05-21,0,Overnight,0.0,False,204.44,204.44,-142.89,False,0.0,False
2020-05-21,2020-05-22,0,Overnight,0.0,False,5.18,5.18,145.79,False,0.0,False
2020-05-22,2020-05-26,3,Long,72.0,False,204.78,204.78,-320.81,False,0.0,False
2020-05-26,2020-05-27,0,Overnight,0.0,False,-135.71,-135.71,3.06,False,0.0,False
2020-05-27,2020-05-28,0,Overnight,0.0,False,-213.49,-213.49,51.58,False,0.0,False
2020-05-28,2020-05-29,0,Overnight,0.0,False,-11.54,-11.54,-4.89,False,0.0,False
2020-05-29,2020-06-01,2,Weekend,48.0,False,-22.24,-22.24,320.73,False,0.0,False
2020-06-01,2020-06-02,0,Overnight,0.0,False,-41.91,-41.91,76.78,False,0.0,False
2020-06-02,2020-06-03,0,Overnight,0.0,False,-26.25,-26.25,-84.37,False,0.0,False
2020-06-03,2020-06-04,0,Overnight,0.0,False,-26.1,-26.1,-143.47,False,0.0,False
2020-06-04,2020-06-05,0,Overnight,0.0,False,18.54,18.54,177.5,False,0.0,False
2020-06-05,2020-06-08,2,Weekend,48.0,False,-75.69,-75.69,102.95,False,0.0,False
2020-06-08,2020-06-09,0,Overnight,0.0,False,5.18,5.18,304.16,False,0.0,False
2020-06-09,2020-06-10,0,Overnight,0.0,False,95.49,95.49,-177.11,False,0.0,False
2020-06-10,2020-06-11,0,Overnight,0.0,False,-291.02,-291.02,-242.55,False,0.0,False
2020-06-11,2020-06-12,0,Overnight,0.0,False,240.81,240.81,-57.58,False,0.0,False
2020-06-12,2020-06-15,2,Weekend,48.0,False,-153.86,-153.86,323.9,False,0.0,False
2020-06-15,2020-06-16,0,Overnight,0.0,False,197.6,197.6,-63.03,False,0.0,False
2020-06-16,2020-06-17,0,Overnight,0.0,False,-27.62,-27.62,22.53,False,0.0,False
2020-06-17,2020-06-18,0,Overnight,0.0,False,-22.95,-22.95,40.35,False,0.0,False
2020-06-18,2020-06-19,0,Overnight,0.0,False,78.1,78.1,41.97,False,0.0,False
2020-06-19,2020-06-22,2,Weekend,48.0,False,-9.64,-9.64,27.63,False,0.0,False
2020-06-22,2020-06-23,0,Overnight,0.0,False,85.74,85.74,39.71,False,0.0,False
2020-06-23,2020-06-24,0,Overnight,0.0,False,-43.03,-43.03,-302.2,False,0.0,False
2020-06-24,2020-06-25,0,Overnight,0.0,False,25.61,25.61,45.08,False,0.0,False
2020-06-25,2020-06-26,0,Overnight,0.0,False,-129.83,-129.83,-738.43,False,0.0,False
2020-06-26,2020-06-29,2,Weekend,48.0,False,-297.32,-297.32,506.16,False,0.0,False
2020-06-29,2020-06-30,0,Overnight,0.0,False,-2.27,-2.27,289.53,False,0.0,False
2020-06-30,2020-07-01,0,Overnight,0.0,False,62.78,62.78,388.42,False,0.0,False
2020-07-01,2020-07-02,0,Overnight,0.0,False,60.85,60.85,-236.24,False,0.0,False
2020-07-02,2020-07-06,3,Long,72.0,False,14.56,14.56,275.1,False,0.0,False
2020-07-06,2020-07-07,0,Overnight,0.0,False,-36.27,-36.27,60.38,False,0.0,False
2020-07-07,2020-07-08,0,Overnight,0.0,False,-114.83,-114.83,227.13,False,0.0,False
2020-07-08,2020-07-09,0,Overnight,0.0,False,58.13,58.13,-20.43,False,0.0,False
2020-07-09,2020-07-10,0,Overnight,0.0,False,-33.18,-33.18,56.47,False,0.0,False
2020-07-10,2020-07-13,2,Weekend,48.0,False,78.85,78.85,-329.65,False,0.0,False
2020-07-13,2020-07-14,0,Overnight,0.0,False,-94.17,-94.17,124.66,False,0.0,False
2020-07-14,2020-07-15,0,Overnight,0.0,False,75.63,75.63,-52.72,False,0.0,False
2020-07-15,2020-07-16,0,Overnight,0.0,False,-95.34,-95.34,122.36,False,0.0,False
2020-07-16,2020-07-17,0,Overnight,0.0,False,2.91,2.91,42.65,False,0.0,False
2020-07-17,2020-07-20,2,Weekend,48.0,False,-81.73,-81.73,220.82,False,0.0,False
2020-07-20,2020-07-21,0,Overnight,0.0,False,32.54,32.54,-183.21,False,0.0,False
2020-07-21,2020-07-22,0,Overnight,0.0,False,-61.82,-61.82,-16.25,False,0.0,False
2020-07-22,2020-07-23,0,Overnight,0.0,False,-10.01,-10.01,-297.76,False,0.0,False
2020-07-23,2020-07-24,0,Overnight,0.0,False,-104.15,-104.15,22.56,False,0.0,False
2020-07-24,2020-07-27,2,Weekend,48.0,False,32.46,32.46,87.75,False,0.0,False
2020-07-27,2020-07-28,0,Overnight,0.0,False,48.28,48.28,-194.09,False,0.0,False
2020-07-28,2020-07-29,0,Overnight,0.0,False,44.23,44.23,92.59,False,0.0,False
2020-07-29,2020-07-30,0,Overnight,0.0,False,-132.47,-132.47,184.2,False,0.0,False
2020-07-30,2020-07-31,0,Overnight,0.0,False,870.19,870.19,-84.4,False,0.0,False
2020-07-31,2020-08-03,2,Weekend,48.0,False,-40.29,-40.29,-27.35,False,0.0,False
2020-08-03,2020-08-04,0,Overnight,0.0,False,-15.89,-15.89,-69.01,False,0.0,False
2020-08-04,2020-08-05,0,Overnight,0.0,False,14.4,14.4,-42.86,False,0.0,False
2020-08-05,2020-08-06,0,Overnight,0.0,False,-3.21,-3.21,631.72,False,0.0,False
2020-08-06,2020-08-07,0,Overnight,0.0,False,-45.34,-45.34,163.75,False,0.0,False
2020-08-07,2020-08-10,2,Weekend,48.0,False,-14.91,-14.91,-189.82,False,0.0,False
2020-08-10,2020-08-11,0,Overnight,0.0,False,-107.42,-107.42,-157.27,False,0.0,False
2020-08-11,2020-08-12,0,Overnight,0.0,False,110.27,110.27,35.46,False,0.0,False
2020-08-12,2020-08-13,0,Overnight,0.0,False,63.67,63.67,-9.56,False,0.0,False
2020-08-13,2020-08-14,0,Overnight,0.0,False,38.58,38.58,-40.88,False,0.0,False
2020-08-14,2020-08-17,2,Weekend,48.0,False,48.12,48.12,-51.18,False,0.0,False
2020-08-17,2020-08-18,0,Overnight,0.0,False,-8.04,-8.04,53.12,False,0.0,False
2020-08-18,2020-08-19,0,Overnight,0.0,False,-36.28,-36.28,45.8,False,0.0,False
2020-08-19,2020-08-20,0,Overnight,0.0,False,-41.6,-41.6,283.14,False,0.0,False
2020-08-20,2020-08-21,0,Overnight,0.0,False,-11.9,-11.9,-62.72,False,0.0,False
2020-08-21,2020-08-24,2,Weekend,48.0,False,150.91,150.91,11.8,False,0.0,False
2020-08-24,2020-08-25,0,Overnight,0.0,False,37.51,37.51,304.06,False,0.0,False
2020-08-25,2020-08-26,0,Overnight,0.0,False,112.6,112.6,677.57,False,0.0,False
2020-08-26,2020-08-27,0,Overnight,0.0,False,-124.16,-124.16,-233.92,False,0.0,False
2020-08-27,2020-08-28,0,Overnight,0.0,False,60.52,60.52,-45.53,False,0.0,False
2020-08-28,2020-08-31,2,Weekend,48.0,False,9.87,9.87,-25.55,False,0.0,False
2020-08-31,2020-09-01,0,Overnight,0.0,False,51.37,51.37,24.74,False,0.0,False
2020-09-01,2020-09-02,0,Overnight,0.0,False,115.76,115.76,120.39,False,0.0,False
2020-09-02,2020-09-03,0,Overnight,0.0,False,-217.56,-217.56,-165.9,False,0.0,False
2020-09-03,2020-09-04,0,Overnight,0.0,False,-133.83,-133.83,-158.6,False,0.0,False
2020-09-04,2020-09-08,3,Long,72.0,False,-413.41,-413.41,-4.42,False,0.0,False
2020-09-08,2020-09-09,0,Overnight,0.0,False,168.58,168.58,-74.61,False,0.0,False
2020-09-09,2020-09-10,0,Overnight,0.0,False,65.18,65.18,-273.01,False,0.0,False
2020-09-10,2020-09-11,0,Overnight,0.0,False,73.21,73.21,-128.57,False,0.0,False
2020-09-11,2020-09-14,2,Weekend,48.0,False,161.47,161.47,-178.74,False,0.0,False
2020-09-14,2020-09-15,0,Overnight,0.0,False,168.4,168.4,64.45,False,0.0,False
2020-09-15,2020-09-16,0,Overnight,0.0,False,-190.11,-190.11,-142.05,False,0.0,False
2020-09-16,2020-09-17,0,Overnight,0.0,False,-200.85,-200.85,-134.87,False,0.0,False
2020-09-17,2020-09-18,0,Overnight,0.0,False,139.51,139.51,-229.79,False,0.0,False
2020-09-18,2020-09-21,2,Weekend,48.0,False,-199.58,-199.58,24.61,False,0.0,False
2020-09-21,2020-09-22,0,Overnight,0.0,False,205.81,205.81,56.69,False,0.0,False
2020-09-22,2020-09-23,0,Overnight,0.0,False,20.0,20.0,-247.49,False,0.0,False
2020-09-23,2020-09-24,0,Overnight,0.0,False,-101.71,-101.71,122.17,False,0.0,False
2020-09-24,2020-09-25,0,Overnight,0.0,False,-5.21,-5.21,214.99,False,0.0,False
2020-09-25,2020-09-28,2,Weekend,48.0,False,178.14,178.14,-99.96,False,0.0,False
2020-09-28,2020-09-29,0,Overnight,0.0,False,38.47,38.47,153.2,False,0.0,False
2020-09-29,2020-09-30,0,Overnight,0.0,False,7.26,7.26,-3.05,False,0.0,False
2020-09-30,2020-10-01,0,Overnight,0.0,False,130.87,130.87,48.12,False,0.0,False
2020-10-01,2020-10-02,0,Overnight,0.0,False,-205.37,-205.37,-48.74,False,0.0,False
2020-10-02,2020-10-05,2,Weekend,48.0,False,86.57,86.57,93.01,False,0.0,False
2020-10-05,2020-10-06,0,Overnight,0.0,False,-109.04,-109.04,-119.9,False,0.0,False
2020-10-06,2020-10-07,0,Overnight,0.0,False,21.24,21.24,-42.14,False,0.0,False
2020-10-07,2020-10-08,0,Overnight,0.0,False,62.95,62.95,153.2,False,0.0,False
2020-10-08,2020-10-09,0,Overnight,0.0,False,28.77,28.77,-2.65,False,0.0,False
2020-10-09,2020-10-12,2,Weekend,48.0,False,215.1,215.1,203.32,False,0.0,False
2020-10-12,2020-10-13,0,Overnight,0.0,False,66.14,66.14,-52.01,False,0.0,False
2020-10-13,2020-10-14,0,Overnight,0.0,False,53.45,53.45,-211.13,False,0.0,False
2020-10-14,2020-10-15,0,Overnight,0.0,False,-156.47,-156.47,-32.94,False,0.0,False
2020-10-15,2020-10-16,0,Overnight,0.0,False,24.71,24.71,-54.38,False,0.0,False
2020-10-16,2020-10-19,2,Weekend,48.0,False,-15.05,-15.05,-156.76,False,0.0,False
2020-10-19,2020-10-20,0,Overnight,0.0,False,63.3,63.3,169.62,False,0.0,False
2020-10-20,2020-10-21,0,Overnight,0.0,False,438.73,438.73,-29.73,False,0.0,False
2020-10-21,2020-10-22,0,Overnight,0.0,False,40.82,40.82,-62.73,False,0.0,False
2020-10-22,2020-10-23,0,Overnight,0.0,False,24.42,24.42,212.57,False,0.0,False
2020-10-23,2020-10-26,2,Weekend,48.0,False,-57.4,-57.4,-215.98,False,0.0,False
2020-10-26,2020-10-27,0,Overnight,0.0,False,59.37,59.37,161.2,False,0.0,False
2020-10-27,2020-10-28,0,Overnight,0.0,False,-160.12,-160.12,-407.04,False,0.0,False
2020-10-28,2020-10-29,0,Overnight,0.0,False,326.37,326.37,153.58,False,0.0,False
2020-10-29,2020-10-30,0,Overnight,0.0,False,-227.98,-227.98,-423.79,False,0.0,False
2020-10-30,2020-11-02,2,Weekend,49.0,False,56.47,56.47,-123.21,False,0.0,False
2020-11-02,2020-11-03,0,Overnight,0.0,False,68.64,68.64,80.99,False,0.0,False
2020-11-03,2020-11-04,0,Overnight,0.0,False,574.93,574.93,224.51,False,0.0,False
2020-11-04,2020-11-05,0,Overnight,0.0,False,156.06,156.06,94.79,False,0.0,False
2020-11-05,2020-11-06,0,Overnight,0.0,False,-24.8,-24.8,-18.39,False,0.0,False
2020-11-06,2020-11-09,2,Weekend,48.0,False,-121.38,-121.38,-390.45,False,0.0,False
2020-11-09,2020-11-10,0,Overnight,0.0,False,-205.49,-205.49,-24.56,False,0.0,False
2020-11-10,2020-11-11,0,Overnight,0.0,False,38.1,38.1,109.47,False,0.0,False
2020-11-11,2020-11-12,0,Overnight,0.0,False,25.29,25.29,-76.05,False,0.0,False
2020-11-12,2020-11-13,0,Overnight,0.0,False,95.51,95.51,-27.76,False,0.0,False
2020-11-13,2020-11-16,2,Weekend,48.0,False,-68.84,-68.84,141.16,False,0.0,False
2020-11-16,2020-11-17,0,Overnight,0.0,False,-45.99,-45.99,-96.98,False,0.0,False
2020-11-17,2020-11-18,0,Overnight,0.0,False,-17.47,-17.47,-93.32,False,0.0,False
2020-11-18,2020-11-19,0,Overnight,0.0,False,-34.99,-34.99,70.59,False,0.0,False
2020-11-19,2020-11-20,0,Overnight,0.0,False,-13.93,-13.93,-105.48,False,0.0,False
2020-11-20,2020-11-23,2,Weekend,48.0,False,44.03,44.03,-91.23,False,0.0,False
2020-11-23,2020-11-24,0,Overnight,0.0,False,2.23,2.23,309.15,False,0.0,False
2020-11-24,2020-11-25,0,Overnight,0.0,False,43.96,43.96,-92.1,False,0.0,False
2020-11-25,2020-11-27,1,Short,24.0,False,65.1,65.1,15.13,False,0.0,False
2020-11-27,2020-11-30,2,Weekend,48.0,True,-64.28,-64.28,34.0,False,0.0,False
2020-11-30,2020-12-01,0,Overnight,0.0,False,78.76,78.76,261.28,False,0.0,False
2020-12-01,2020-12-02,0,Overnight,0.0,False,-41.62,-41.62,75.41,False,0.0,False
2020-12-02,2020-12-03,0,Overnight,0.0,False,-44.27,-44.27,-154.91,False,0.0,False
2020-12-03,2020-12-04,0,Overnight,0.0,False,-55.15,-55.15,-21.43,False,0.0,False
2020-12-04,2020-12-07,2,Weekend,48.0,False,-18.25,-18.25,226.3,False,0.0,False
2020-12-07,2020-12-08,0,Overnight,0.0,False,15.05,15.05,-91.68,False,0.0,False
2020-12-08,2020-12-09,0,Overnight,0.0,False,9.17,9.17,-204.43,False,0.0,False
2020-12-09,2020-12-10,0,Overnight,0.0,False,-86.01,-86.01,57.18,False,0.0,False
2020-12-10,2020-12-11,0,Overnight,0.0,False,-93.9,-93.9,-35.76,False,0.0,False
2020-12-11,2020-12-14,2,Weekend,48.0,False,-6.58,-6.58,29.95,False,0.0,False
2020-12-14,2020-12-15,0,Overnight,0.0,False,23.31,23.31,26.16,False,0.0,False
2020-12-15,2020-12-16,0,Overnight,0.0,False,-28.71,-28.71,33.07,False,0.0,False
2020-12-16,2020-12-17,0,Overnight,0.0,False,50.66,50.66,-93.92,False,0.0,False
2020-12-17,2020-12-18,0,Overnight,0.0,False,46.89,46.89,22.82,False,0.0,False
2020-12-18,2020-12-21,2,Weekend,48.0,False,-124.5,-124.5,-6.96,False,0.0,False
2020-12-21,2020-12-22,0,Overnight,0.0,False,-47.4,-47.4,-163.76,False,0.0,False
2020-12-22,2020-12-23,0,Overnight,0.0,False,-7.49,-7.49,45.61,False,0.0,False
2020-12-23,2020-12-24,0,Overnight,0.0,False,28.68,28.68,-55.2,False,0.0,False
2020-12-24,2020-12-28,3,Long,72.0,True,49.99,49.99,302.73,False,0.0,False
2020-12-28,2020-12-29,0,Overnight,0.0,False,-1.8,-1.8,-6.14,False,0.0,False
2020-12-29,2020-12-30,0,Overnight,0.0,False,42.18,42.18,-221.17,False,0.0,False
2020-12-30,2020-12-31,0,Overnight,0.0,False,4.78,4.78,42.56,False,0.0,False
2020-12-31,2021-01-04,3,Long,72.0,False,59.13,59.13,-214.82,False,0.0,False
2021-01-04,2021-01-05,0,Overnight,0.0,False,-24.2,-24.2,99.4,False,0.0,False
2021-01-05,2021-01-06,0,Overnight,0.0,False,-336.64,-336.64,49.88,False,0.0,False
2021-01-06,2021-01-07,0,Overnight,0.0,False,97.88,97.88,106.24,False,0.0,False
2021-01-07,2021-01-08,0,Overnight,0.0,False,-16.01,-16.01,-27.62,False,0.0,False
2021-01-08,2021-01-11,2,Weekend,48.0,False,-268.55,-268.55,-140.73,False,0.0,False
2021-01-11,2021-01-12,0,Overnight,0.0,False,-8.18,-8.18,-218.24,False,0.0,False
2021-01-12,2021-01-13,0,Overnight,0.0,False,18.3,18.3,3.58,False,0.0,False
2021-01-13,2021-01-14,0,Overnight,0.0,False,69.7,69.7,-311.02,False,0.0,False
2021-01-14,2021-01-15,0,Overnight,0.0,False,91.58,91.58,138.61,False,0.0,False
2021-01-15,2021-01-19,3,Long,72.0,False,218.01,218.01,162.17,False,0.0,False
2021-01-19,2021-01-20,0,Overnight,0.0,False,295.48,295.48,-54.06,False,0.0,False
2021-01-20,2021-01-21,0,Overnight,0.0,False,66.33,66.33,133.18,False,0.0,False
2021-01-21,2021-01-22,0,Overnight,0.0,False,-31.57,-31.57,91.12,False,0.0,False
2021-01-22,2021-01-25,2,Weekend,48.0,False,131.73,131.73,-4.68,False,0.0,False
2021-01-25,2021-01-26,0,Overnight,0.0,False,4.68,4.68,139.6,False,0.0,False
2021-01-26,2021-01-27,0,Overnight,0.0,False,17.0,17.0,-374.68,False,0.0,False
2021-01-27,2021-01-28,0,Overnight,0.0,False,183.5,183.5,-449.37,False,0.0,False
2021-01-28,2021-01-29,0,Overnight,0.0,False,11.31,11.31,-266.23,False,0.0,False
2021-01-29,2021-02-01,2,Weekend,48.0,False,45.96,45.96,95.49,False,0.0,False
2021-02-01,2021-02-02,0,Overnight,0.0,False,75.66,75.66,115.99,False,0.0,False
2021-02-02,2021-02-03,0,Overnight,0.0,False,-54.81,-54.81,38.7,False,0.0,False
2021-02-03,2021-02-04,0,Overnight,0.0,False,13.49,13.49,-19.49,False,0.0,False
2021-02-04,2021-02-05,0,Overnight,0.0,False,11.63,11.63,48.61,False,0.0,False
2021-02-05,2021-02-08,2,Weekend,48.0,False,24.22,24.22,-81.07,False,0.0,False
2021-02-08,2021-02-09,0,Overnight,0.0,False,-5.25,-5.25,112.34,False,0.0,False
2021-02-09,2021-02-10,0,Overnight,0.0,False,110.72,110.72,-21.31,False,0.0,False
2021-02-10,2021-02-11,0,Overnight,0.0,False,0.74,0.74,-55.32,False,0.0,False
2021-02-11,2021-02-12,0,Overnight,0.0,False,4.81,4.81,-0.74,False,0.0,False
2021-02-12,2021-02-16,3,Long,72.0,False,11.08,11.08,116.38,False,0.0,False
2021-02-16,2021-02-17,0,Overnight,0.0,False,-100.15,-100.15,85.54,False,0.0,False
2021-02-17,2021-02-18,0,Overnight,0.0,False,-147.29,-147.29,-6.68,False,0.0,False
2021-02-18,2021-02-19,0,Overnight,0.0,False,17.43,17.43,-312.4,False,0.0,False
2021-02-19,2021-02-22,2,Weekend,48.0,False,-138.98,-138.98,91.84,False,0.0,False
2021-02-22,2021-02-23,0,Overnight,0.0,False,-31.93,-31.93,242.13,False,0.0,False
2021-02-23,2021-02-24,0,Overnight,0.0,False,-133.67,-133.67,75.19,False,0.0,False
2021-02-24,2021-02-25,0,Overnight,0.0,False,-76.34,-76.34,-294.42,False,0.0,False
2021-02-25,2021-02-26,0,Overnight,0.0,False,69.65,69.65,44.74,False,0.0,False
2021-02-26,2021-03-01,2,Weekend,48.0,False,123.45,123.45,155.6,False,0.0,False
2021-03-01,2021-03-02,0,Overnight,0.0,False,32.79,32.79,-258.41,False,0.0,False
2021-03-02,2021-03-03,0,Overnight,0.0,False,49.68,49.68,-189.26,False,0.0,False
2021-03-03,2021-03-04,0,Overnight,0.0,False,41.42,41.42,45.52,False,0.0,False
2021-03-04,2021-03-05,0,Overnight,0.0,False,116.92,116.92,137.54,False,0.0,False
2021-03-05,2021-03-08,2,Weekend,48.0,False,47.94,47.94,-393.25,False,0.0,False
2021-03-08,2021-03-09,0,Overnight,0.0,False,227.31,227.31,173.09,False,0.0,False
2021-03-09,2021-03-10,0,Overnight,0.0,False,108.54,108.54,-140.2,False,0.0,False
2021-03-10,2021-03-11,0,Overnight,0.0,False,120.45,120.45,212.93,False,0.0,False
2021-03-11,2021-03-12,0,Overnight,0.0,False,-174.58,-174.58,-27.53,False,0.0,False
2021-03-12,2021-03-15,2,Weekend,47.0,False,25.3,25.3,172.07,False,0.0,False
2021-03-15,2021-03-16,0,Overnight,0.0,False,84.75,84.75,115.24,False,0.0,False
2021-03-16,2021-03-17,0,Overnight,0.0,False,-128.65,-128.65,296.6,False,0.0,False
2021-03-17,2021-03-18,0,Overnight,0.0,False,-146.84,-146.84,-44.76,False,0.0,False
2021-03-18,2021-03-19,0,Overnight,0.0,False,92.88,92.88,311.23,False,0.0,False
2021-03-19,2021-03-22,2,Weekend,48.0,False,11.71,11.71,105.82,False,0.0,False
2021-03-22,2021-03-23,0,Overnight,0.0,False,-13.3,-13.3,-86.33,False,0.0,False
2021-03-23,2021-03-24,0,Overnight,0.0,False,12.72,12.72,-309.2,False,0.0,False
2021-03-24,2021-03-25,0,Overnight,0.0,False,-41.2,-41.2,-80.04,False,0.0,False
2021-03-25,2021-03-26,0,Overnight,0.0,False,-15.8,-15.8,168.18,False,0.0,False
2021-03-26,2021-03-29,2,Weekend,48.0,False,96.7,96.7,175.17,False,0.0,False
2021-03-29,2021-03-30,0,Overnight,0.0,False,-34.1,-34.1,-63.34,False,0.0,False
2021-03-30,2021-03-31,0,Overnight,0.0,False,68.86,68.86,155.34,False,0.0,False
2021-03-31,2021-04-01,0,Overnight,0.0,False,130.54,130.54,8.71,False,0.0,False
2021-04-01,2021-04-05,3,Long,72.0,False,74.39,74.39,263.05,False,0.0,False
2021-04-05,2021-04-06,0,Overnight,0.0,False,-2.27,-2.27,-83.89,False,0.0,False
2021-04-06,2021-04-07,0,Overnight,0.0,False,2.61,2.61,217.95,False,0.0,False
2021-04-07,2021-04-08,0,Overnight,0.0,False,56.06,56.06,-58.29,False,0.0,False
2021-04-08,2021-04-09,0,Overnight,0.0,False,-51.89,-51.89,33.98,False,0.0,False
2021-04-09,2021-04-12,2,Weekend,48.0,False,-45.23,-45.23,15.74,False,0.0,False
2021-04-12,2021-04-13,0,Overnight,0.0,False,21.48,21.48,-78.78,False,0.0,False
2021-04-13,2021-04-14,0,Overnight,0.0,False,-79.73,-79.73,-146.86,False,0.0,False
2021-04-14,2021-04-15,0,Overnight,0.0,False,115.57,115.57,48.2,False,0.0,False
2021-04-15,2021-04-16,0,Overnight,0.0,False,11.36,11.36,-64.78,False,0.0,False
2021-04-16,2021-04-19,2,Weekend,48.0,False,-38.29,-38.29,-91.23,False,0.0,False
2021-04-19,2021-04-20,0,Overnight,0.0,False,-8.27,-8.27,21.83,False,0.0,False
2021-04-20,2021-04-21,0,Overnight,0.0,False,-23.16,-23.16,-15.91,False,0.0,False
2021-04-21,2021-04-22,0,Overnight,0.0,False,-4.65,-4.65,-160.91,False,0.0,False
2021-04-22,2021-04-23,0,Overnight,0.0,False,75.26,75.26,79.01,False,0.0,False
2021-04-23,2021-04-26,2,Weekend,48.0,False,73.12,73.12,-9.89,False,0.0,False
2021-04-26,2021-04-27,0,Overnight,0.0,False,40.83,40.83,-23.36,False,0.0,False
2021-04-27,2021-04-28,0,Overnight,0.0,False,124.07,124.07,-8.46,False,0.0,False
2021-04-28,2021-04-29,0,Overnight,0.0,False,722.83,722.83,-18.49,False,0.0,False
2021-04-29,2021-04-30,0,Overnight,0.0,False,-102.8,-102.8,-32.56,False,0.0,False
2021-04-30,2021-05-03,2,Weekend,48.0,False,33.47,33.47,-110.68,False,0.0,False
2021-05-03,2021-05-04,0,Overnight,0.0,False,-79.68,-79.68,-52.01,False,0.0,False
2021-05-04,2021-05-05,0,Overnight,0.0,False,-5.34,-5.34,-100.13,False,0.0,False
2021-05-05,2021-05-06,0,Overnight,0.0,False,-15.88,-15.88,173.36,False,0.0,False
2021-05-06,2021-05-07,0,Overnight,0.0,False,73.48,73.48,-102.89,False,0.0,False
2021-05-07,2021-05-10,2,Weekend,48.0,False,-149.35,-149.35,-270.2,False,0.0,False
2021-05-10,2021-05-11,0,Overnight,0.0,False,-172.08,-172.08,190.36,False,0.0,False
2021-05-11,2021-05-12,0,Overnight,0.0,False,-177.74,-177.74,47.04,False,0.0,False
2021-05-12,2021-05-13,0,Overnight,0.0,False,116.0,116.0,-26.83,False,0.0,False
2021-05-13,2021-05-14,0,Overnight,0.0,False,139.23,139.23,204.65,False,0.0,False
2021-05-14,2021-05-17,2,Weekend,48.0,False,-75.94,-75.94,60.73,False,0.0,False
2021-05-17,2021-05-18,0,Overnight,0.0,False,4.12,4.12,-180.01,False,0.0,False
2021-05-18,2021-05-19,0,Overnight,0.0,False,-187.91,-187.91,304.34,False,0.0,False
2021-05-19,2021-05-20,0,Overnight,0.0,False,-0.32,-0.32,159.13,False,0.0,False
2021-05-20,2021-05-21,0,Overnight,0.0,False,21.32,21.32,-96.3,False,0.0,False
2021-05-21,2021-05-24,2,Weekend,48.0,False,62.42,62.42,199.75,False,0.0,False
2021-05-24,2021-05-25,0,Overnight,0.0,False,75.19,75.19,21.68,False,0.0,False
2021-05-25,2021-05-26,0,Overnight,0.0,False,17.07,17.07,-21.04,False,0.0,False
2021-05-26,2021-05-27,0,Overnight,0.0,False,10.37,10.37,143.78,False,0.0,False
2021-05-27,2021-05-28,0,Overnight,0.0,False,-52.73,-52.73,-68.82,False,0.0,False
2021-05-28,2021-06-01,3,Long,72.0,False,43.1,43.1,-30.94,False,0.0,False
2021-06-01,2021-06-02,0,Overnight,0.0,False,37.91,37.91,-37.3,False,0.0,False
2021-06-02,2021-06-03,0,Overnight,0.0,False,-102.91,-102.91,7.98,False,0.0,False
2021-06-03,2021-06-04,0,Overnight,0.0,False,-4.3,-4.3,135.62,False,0.0,False
2021-06-04,2021-06-07,2,Weekend,48.0,False,-26.37,-26.37,213.2,False,0.0,False
2021-06-07,2021-06-08,0,Overnight,0.0,False,3.57,3.57,-90.1,False,0.0,False
2021-06-08,2021-06-09,0,Overnight,0.0,False,61.55,61.55,-164.87,False,0.0,False
2021-06-09,2021-06-10,0,Overnight,0.0,False,16.34,16.34,50.36,False,0.0,False
2021-06-10,2021-06-11,0,Overnight,0.0,False,3.61,3.61,-39.77,False,0.0,False
2021-06-11,2021-06-14,2,Weekend,48.0,False,19.3,19.3,145.66,False,0.0,False
2021-06-14,2021-06-15,0,Overnight,0.0,False,6.53,6.53,-7.12,False,0.0,False
2021-06-15,2021-06-16,0,Overnight,0.0,False,-1.48,-1.48,-168.32,False,0.0,False
2021-06-16,2021-06-17,0,Overnight,0.0,False,-17.84,-17.84,180.52,False,0.0,False
2021-06-17,2021-06-18,0,Overnight,0.0,False,-59.01,-59.01,-146.65,False,0.0,False
2021-06-18,2021-06-21,2,Weekend,48.0,False,43.28,43.28,36.18,False,0.0,False
2021-06-21,2021-06-22,0,Overnight,0.0,False,12.03,12.03,188.77,False,0.0,False
2021-06-22,2021-06-23,0,Overnight,0.0,False,9.43,9.43,36.47,False,0.0,False
2021-06-23,2021-06-24,0,Overnight,0.0,False,36.93,36.93,38.83,False,0.0,False
2021-06-24,2021-06-25,0,Overnight,0.0,False,-17.21,-17.21,-35.67,False,0.0,False
2021-06-25,2021-06-28,2,Weekend,48.0,False,31.88,31.88,377.64,False,0.0,False
2021-06-28,2021-06-29,0,Overnight,0.0,False,17.7,17.7,-123.7,False,0.0,False
2021-06-29,2021-06-30,0,Overnight,0.0,False,7.95,7.95,-127.45,False,0.0,False
2021-06-30,2021-07-01,0,Overnight,0.0,False,-25.63,-25.63,215.92,False,0.0,False
2021-07-01,2021-07-02,0,Overnight,0.0,False,20.01,20.01,-11.27,False,0.0,False
2021-07-02,2021-07-06,3,Long,72.0,False,50.62,50.62,-104.9,False,0.0,False
2021-07-06,2021-07-07,0,Overnight,0.0,False,70.05,70.05,-135.18,False,0.0,False
2021-07-07,2021-07-08,0,Overnight,0.0,False,-136.74,-136.74,-2.31,False,0.0,False
2021-07-08,2021-07-09,0,Overnight,0.0,False,-9.55,-9.55,146.61,False,0.0,False
2021-07-09,2021-07-12,2,Weekend,48.0,False,23.09,23.09,54.8,False,0.0,False
2021-07-12,2021-07-13,0,Overnight,0.0,False,-47.12,-47.12,16.77,False,0.0,False
2021-07-13,2021-07-14,0,Overnight,0.0,False,69.91,69.91,-197.39,False,0.0,False
2021-07-14,2021-07-15,0,Overnight,0.0,False,45.92,45.92,-137.53,False,0.0,False
2021-07-15,2021-07-16,0,Overnight,0.0,False,13.06,13.06,-109.32,False,0.0,False
2021-07-16,2021-07-19,2,Weekend,48.0,False,-105.79,-105.79,-18.38,False,0.0,False
2021-07-19,2021-07-20,0,Overnight,0.0,False,54.75,54.75,84.06,False,0.0,False
2021-07-20,2021-07-21,0,Overnight,0.0,False,-4.68,-4.68,137.56,False,0.0,False
2021-07-21,2021-07-22,0,Overnight,0.0,False,12.99,12.99,129.25,False,0.0,False
2021-07-22,2021-07-23,0,Overnight,0.0,False,273.01,273.01,243.07,False,0.0,False
2021-07-23,2021-07-26,2,Weekend,48.0,False,-5.68,-5.68,77.62,False,0.0,False
2021-07-26,2021-07-27,0,Overnight,0.0,False,-14.78,-14.78,-110.85,False,0.0,False
2021-07-27,2021-07-28,0,Overnight,0.0,False,181.86,181.86,-34.23,False,0.0,False
2021-07-28,2021-07-29,0,Overnight,0.0,False,-334.51,-334.51,-74.51,False,0.0,False
2021-07-29,2021-07-30,0,Overnight,0.0,False,-121.3,-121.3,64.76,False,0.0,False
2021-07-30,2021-08-02,2,Weekend,48.0,False,50.39,50.39,-173.23,False,0.0,False
2021-08-02,2021-08-03,0,Overnight,0.0,False,22.14,22.14,-42.33,False,0.0,False
2021-08-03,2021-08-04,0,Overnight,0.0,False,33.54,33.54,182.76,False,0.0,False
2021-08-04,2021-08-05,0,Overnight,0.0,False,20.04,20.04,92.17,False,0.0,False
2021-08-05,2021-08-06,0,Overnight,0.0,False,-43.35,-43.35,58.21,False,0.0,False
2021-08-06,2021-08-09,2,Weekend,48.0,False,6.88,6.88,-59.28,False,0.0,False
2021-08-09,2021-08-10,0,Overnight,0.0,False,6.08,6.08,-19.36,False,0.0,False
2021-08-10,2021-08-11,0,Overnight,0.0,False,26.82,26.82,-59.28,False,0.0,False
2021-08-11,2021-08-12,0,Overnight,0.0,False,-42.04,-42.04,116.49,False,0.0,False
2021-08-12,2021-08-13,0,Overnight,0.0,False,8.82,8.82,5.78,False,0.0,False
2021-08-13,2021-08-16,2,Weekend,48.0,False,-18.19,-18.19,110.83,False,0.0,False
2021-08-16,2021-08-17,0,Overnight,0.0,False,-98.14,-98.14,-125.59,False,0.0,False
2021-08-17,2021-08-18,0,Overnight,0.0,False,-61.56,-61.56,-22.48,False,0.0,False
2021-08-18,2021-08-19,0,Overnight,0.0,False,-116.02,-116.02,106.73,False,0.0,False
2021-08-19,2021-08-20,0,Overnight,0.0,False,-14.65,-14.65,133.62,False,0.0,False
2021-08-20,2021-08-23,2,Weekend,48.0,False,1.95,1.95,108.19,False,0.0,False
2021-08-23,2021-08-24,0,Overnight,0.0,False,8.53,8.53,50.74,False,0.0,False
2021-08-24,2021-08-25,0,Overnight,0.0,False,2.46,2.46,76.02,False,0.0,False
2021-08-25,2021-08-26,0,Overnight,0.0,False,-0.27,-0.27,-109.18,False,0.0,False
2021-08-26,2021-08-27,0,Overnight,0.0,False,19.74,19.74,204.15,False,0.0,False
2021-08-27,2021-08-30,2,Weekend,48.0,False,-1.88,-1.88,215.09,False,0.0,False
2021-08-30,2021-08-31,0,Overnight,0.0,False,-18.67,-18.67,-15.01,False,0.0,False
2021-08-31,2021-09-01,0,Overnight,0.0,False,5.53,5.53,64.6,False,0.0,False
2021-09-01,2021-09-02,0,Overnight,0.0,False,-14.41,-14.41,-164.38,False,0.0,False
2021-09-02,2021-09-03,0,Overnight,0.0,False,-14.13,-14.13,40.21,False,0.0,False
2021-09-03,2021-09-07,3,Long,72.0,False,-10.1,-10.1,166.22,False,0.0,False
2021-09-07,2021-09-08,0,Overnight,0.0,False,-52.99,-52.99,-68.36,False,0.0,False
2021-09-08,2021-09-09,0,Overnight,0.0,False,1.85,1.85,9.53,False,0.0,False
2021-09-09,2021-09-10,0,Overnight,0.0,False,88.5,88.5,-70.26,False,0.0,False
2021-09-10,2021-09-13,2,Weekend,48.0,False,78.65,78.65,-136.38,False,0.0,False
2021-09-13,2021-09-14,0,Overnight,0.0,False,23.61,23.61,-23.08,False,0.0,False
2021-09-14,2021-09-15,0,Overnight,0.0,False,12.47,12.47,-82.03,False,0.0,False
2021-09-15,2021-09-16,0,Overnight,0.0,False,-30.27,-30.27,7.24,False,0.0,False
2021-09-16,2021-09-17,0,Overnight,0.0,False,-44.33,-44.33,-181.77,False,0.0,False
2021-09-17,2021-09-20,2,Weekend,48.0,False,-149.72,-149.72,-100.7,False,0.0,False
2021-09-20,2021-09-21,0,Overnight,0.0,False,78.41,78.41,-28.49,False,0.0,False
2021-09-21,2021-09-22,0,Overnight,0.0,False,-290.92,-290.92,-116.45,False,0.0,False
2021-09-22,2021-09-23,0,Overnight,0.0,False,62.45,62.45,17.36,False,0.0,False
2021-09-23,2021-09-24,0,Overnight,0.0,False,-78.93,-78.93,279.25,False,0.0,False
2021-09-24,2021-09-27,2,Weekend,48.0,False,-89.65,-89.65,107.2,False,0.0,False
2021-09-27,2021-09-28,0,Overnight,0.0,False,-159.93,-159.93,-212.61,False,0.0,False
2021-09-28,2021-09-29,0,Overnight,0.0,False,73.12,73.12,-103.7,False,0.0,False
2021-09-29,2021-09-30,0,Overnight,0.0,False,24.7,24.7,-31.18,False,0.0,False
2021-09-30,2021-10-01,0,Overnight,0.0,False,65.2,65.2,40.9,False,0.0,False
2021-10-01,2021-10-04,2,Weekend,48.0,False,-220.48,-220.48,-281.09,False,0.0,False
2021-10-04,2021-10-05,0,Overnight,0.0,False,71.78,71.78,132.42,False,0.0,False
2021-10-05,2021-10-06,0,Overnight,0.0,False,-97.18,-97.18,117.58,False,0.0,False
2021-10-06,2021-10-07,0,Overnight,0.0,False,100.2,100.2,-233.57,False,0.0,False
2021-10-07,2021-10-08,0,Overnight,0.0,False,69.32,69.32,-44.14,False,0.0,False
2021-10-08,2021-10-11,2,Weekend,48.0,False,-73.59,-73.59,-66.76,False,0.0,False
2021-10-11,2021-10-12,0,Overnight,0.0,False,-74.64,-74.64,22.88,False,0.0,False
2021-10-12,2021-10-13,0,Overnight,0.0,False,98.35,98.35,-74.6,False,0.0,False
2021-10-13,2021-10-14,0,Overnight,0.0,False,117.02,117.02,5.18,False,0.0,False
2021-10-14,2021-10-15,0,Overnight,0.0,False,4.56,4.56,-119.98,False,0.0,False
2021-10-15,2021-10-18,2,Weekend,48.0,False,128.19,128.19,192.39,False,0.0,False
2021-10-18,2021-10-19,0,Overnight,0.0,False,127.71,127.71,10.01,False,0.0,False
2021-10-19,2021-10-20,0,Overnight,0.0,False,101.25,101.25,-78.04,False,0.0,False
2021-10-20,2021-10-21,0,Overnight,0.0,False,-14.68,-14.68,46.91,False,0.0,False
2021-10-21,2021-10-22,0,Overnight,0.0,False,-464.89,-464.89,-53.46,False,0.0,False
2021-10-22,2021-10-25,2,Weekend,48.0,False,-133.66,-133.66,258.57,False,0.0,False
2021-10-25,2021-10-26,0,Overnight,0.0,False,-13.09,-13.09,-386.65,False,0.0,False
2021-10-26,2021-10-27,0,Overnight,0.0,False,-51.43,-51.43,-62.9,False,0.0,False
2021-10-27,2021-10-28,0,Overnight,0.0,False,24.63,24.63,124.78,False,0.0,False
2021-10-28,2021-10-29,0,Overnight,0.0,False,102.65,102.65,105.01,False,0.0,False
2021-10-29,2021-11-01,2,Weekend,48.0,False,76.05,76.05,120.12,False,0.0,False
2021-11-01,2021-11-02,0,Overnight,0.0,False,42.34,42.34,-100.08,False,0.0,False
2021-11-02,2021-11-03,0,Overnight,0.0,False,-18.0,-18.0,125.32,False,0.0,False
2021-11-03,2021-11-04,0,Overnight,0.0,False,71.81,71.81,54.94,False,0.0,False
2021-11-04,2021-11-05,0,Overnight,0.0,False,131.92,131.92,24.07,False,0.0,False
2021-11-05,2021-11-08,2,Weekend,49.0,False,95.98,95.98,-169.83,False,0.0,False
2021-11-08,2021-11-09,0,Overnight,0.0,False,40.67,40.67,-137.11,False,0.0,False
2021-11-09,2021-11-10,0,Overnight,0.0,False,-86.25,-86.25,-146.94,False,0.0,False
2021-11-10,2021-11-11,0,Overnight,0.0,False,66.32,66.32,-63.26,False,0.0,False
2021-11-11,2021-11-12,0,Overnight,0.0,False,74.17,74.17,319.22,False,0.0,False
2021-11-12,2021-11-15,2,Weekend,48.0,False,100.7,100.7,93.08,False,0.0,False
2021-11-15,2021-11-16,0,Overnight,0.0,False,-107.9,-107.9,-25.34,False,0.0,False
2021-11-16,2021-11-17,0,Overnight,0.0,False,37.25,37.25,-101.31,False,0.0,False
2021-11-17,2021-11-18,0,Overnight,0.0,False,-30.86,-30.86,-30.37,False,0.0,False
2021-11-18,2021-11-19,0,Overnight,0.0,False,103.1,103.1,90.18,False,0.0,False
2021-11-19,2021-11-22,2,Weekend,48.0,False,108.02,108.02,-233.03,False,0.0,False
2021-11-22,2021-11-23,0,Overnight,0.0,False,-61.18,-61.18,-49.69,False,0.0,False
2021-11-23,2021-11-24,0,Overnight,0.0,False,-37.13,-37.13,149.47,False,0.0,False
2021-11-24,2021-11-26,1,Short,24.0,False,-155.43,-155.43,-80.13,False,0.0,False
2021-11-26,2021-11-29,2,Weekend,48.0,True,112.54,112.54,33.78,False,0.0,False
2021-11-29,2021-11-30,0,Overnight,0.0,False,-90.04,-90.04,-319.68,False,0.0,False
2021-11-30,2021-12-01,0,Overnight,0.0,False,178.09,178.09,-614.65,False,0.0,False
2021-12-01,2021-12-02,0,Overnight,0.0,False,25.72,25.72,-32.49,False,0.0,False
2021-12-02,2021-12-03,0,Overnight,0.0,False,107.03,107.03,-222.06,False,0.0,False
2021-12-03,2021-12-06,2,Weekend,48.0,False,41.95,41.95,311.21,False,0.0,False
2021-12-06,2021-12-07,0,Overnight,0.0,False,115.73,115.73,38.49,False,0.0,False
2021-12-07,2021-12-08,0,Overnight,0.0,False,67.61,67.61,169.63,False,0.0,False
2021-12-08,2021-12-09,0,Overnight,0.0,False,-30.9,-30.9,8.49,False,0.0,False
2021-12-09,2021-12-10,0,Overnight,0.0,False,82.73,82.73,-84.85,False,0.0,False
2021-12-10,2021-12-13,2,Weekend,48.0,False,36.33,36.33,106.4,False,0.0,False
2021-12-13,2021-12-14,0,Overnight,0.0,False,-194.41,-194.41,171.96,False,0.0,False
2021-12-14,2021-12-15,0,Overnight,0.0,False,-37.52,-37.52,272.06,False,0.0,False
2021-12-15,2021-12-16,0,Overnight,0.0,False,-78.75,-78.75,-121.09,False,0.0,False
2021-12-16,2021-12-17,0,Overnight,0.0,False,-62.9,-62.9,29.7,False,0.0,False
2021-12-17,2021-12-20,2,Weekend,48.0,False,-120.86,-120.86,-132.17,False,0.0,False
2021-12-20,2021-12-21,0,Overnight,0.0,False,29.45,29.45,235.85,False,0.0,False
2021-12-21,2021-12-22,0,Overnight,0.0,False,-11.98,-11.98,-100.87,False,0.0,False
2021-12-22,2021-12-23,0,Overnight,0.0,False,-10.6,-10.6,154.51,False,0.0,False
2021-12-23,2021-12-27,3,Long,72.0,False,107.11,107.11,214.01,False,0.0,False
2021-12-27,2021-12-28,0,Overnight,0.0,False,12.99,12.99,-11.84,False,0.0,False
2021-12-28,2021-12-29,0,Overnight,0.0,False,19.91,19.91,-115.1,False,0.0,False
2021-12-29,2021-12-30,0,Overnight,0.0,False,30.86,30.86,10.46,False,0.0,False
2021-12-30,2021-12-31,0,Overnight,0.0,False,-38.99,-38.99,-196.36,False,0.0,False
2021-12-31,2022-01-03,2,Weekend,48.0,False,57.81,57.81,7.09,False,0.0,False
2022-01-03,2022-01-04,0,Overnight,0.0,False,41.56,41.56,-101.11,False,0.0,False
2022-01-04,2022-01-05,0,Overnight,0.0,False,-104.85,-104.85,-269.34,False,0.0,False
2022-01-05,2022-01-06,0,Overnight,0.0,False,-41.73,-41.73,294.25,False,0.0,False
2022-01-06,2022-01-07,0,Overnight,0.0,False,8.42,8.42,-28.59,False,0.0,False
2022-01-07,2022-01-10,2,Weekend,48.0,False,-197.24,-197.24,84.48,False,0.0,False
2022-01-10,2022-01-11,0,Overnight,0.0,False,-39.4,-39.4,229.61,False,0.0,False
2022-01-11,2022-01-12,0,Overnight,0.0,False,24.2,24.2,-57.45,False,0.0,False
2022-01-12,2022-01-13,0,Overnight,0.0,False,51.48,51.48,-257.02,False,0.0,False
2022-01-13,2022-01-14,0,Overnight,0.0,False,-144.7,-144.7,309.35,False,0.0,False
2022-01-14,2022-01-18,3,Long,72.0,False,-262.84,-262.84,-160.27,False,0.0,False
2022-01-18,2022-01-19,0,Overnight,0.0,False,44.85,44.85,0.31,False,0.0,False
2022-01-19,2022-01-20,0,Overnight,0.0,False,133.96,133.96,-229.22,False,0.0,False
2022-01-20,2022-01-21,0,Overnight,0.0,False,-55.44,-55.44,-376.76,False,0.0,False
2022-01-21,2022-01-24,2,Weekend,48.0,False,-177.37,-177.37,358.46,False,0.0,False
2022-01-24,2022-01-25,0,Overnight,0.0,False,-287.86,-287.86,6.66,False,0.0,False
2022-01-25,2022-01-26,0,Overnight,0.0,False,225.98,225.98,-411.6,False,0.0,False
2022-01-26,2022-01-27,0,Overnight,0.0,False,105.34,105.34,-105.0,False,0.0,False
2022-01-27,2022-01-28,0,Overnight,0.0,False,33.21,33.21,203.91,False,0.0,False
2022-01-28,2022-01-31,2,Weekend,48.0,False,-34.2,-34.2,409.87,False,0.0,False
2022-01-31,2022-02-01,0,Overnight,0.0,False,41.41,41.41,140.16,False,0.0,False
2022-02-01,2022-02-02,0,Overnight,0.0,False,272.74,272.74,-148.12,False,0.0,False
2022-02-02,2022-02-03,0,Overnight,0.0,False,-2778.24,-2778.24,-285.67,False,0.0,False
2022-02-03,2022-02-04,0,Overnight,0.0,False,-118.04,-118.04,89.82,False,0.0,False
2022-02-04,2022-02-07,2,Weekend,48.0,False,25.7,25.7,-553.09,False,0.0,False
2022-02-07,2022-02-08,0,Overnight,0.0,False,-182.17,-182.17,-30.38,False,0.0,False
2022-02-08,2022-02-09,0,Overnight,0.0,False,180.93,180.93,341.99,False,0.0,False
2022-02-09,2022-02-10,0,Overnight,0.0,False,-162.08,-162.08,-8.77,False,0.0,False
2022-02-10,2022-02-11,0,Overnight,0.0,False,17.09,17.09,-397.81,False,0.0,False
2022-02-11,2022-02-14,2,Weekend,48.0,False,-10.94,-10.94,-73.68,False,0.0,False
2022-02-14,2022-02-15,0,Overnight,0.0,False,126.44,126.44,24.01,False,0.0,False
2022-02-15,2022-02-16,0,Overnight,0.0,False,-396.44,-396.44,192.57,False,0.0,False
2022-02-16,2022-02-17,0,Overnight,0.0,False,-117.06,-117.06,-299.27,False,0.0,False
2022-02-17,2022-02-18,0,Overnight,0.0,False,80.56,80.56,-155.46,False,0.0,False
2022-02-18,2022-02-22,3,Long,72.0,False,-187.03,-187.03,-12.86,False,0.0,False
2022-02-22,2022-02-23,0,Overnight,0.0,False,102.4,102.4,-283.67,False,0.0,False
2022-02-23,2022-02-24,0,Overnight,0.0,False,-379.5,-379.5,830.26,False,0.0,False
2022-02-24,2022-02-25,0,Overnight,0.0,False,-128.96,-128.96,266.73,False,0.0,False
2022-02-25,2022-02-28,2,Weekend,48.0,False,-133.92,-133.92,160.02,False,0.0,False
2022-02-28,2022-03-01,0,Overnight,0.0,False,-55.12,-55.12,-308.71,False,0.0,False
2022-03-01,2022-03-02,0,Overnight,0.0,False,63.19,63.19,161.31,False,0.0,False
2022-03-02,2022-03-03,0,Overnight,0.0,False,43.63,43.63,-293.72,False,0.0,False
2022-03-03,2022-03-04,0,Overnight,0.0,False,-29.61,-29.61,-114.8,False,0.0,False
2022-03-04,2022-03-07,2,Weekend,48.0,False,36.42,36.42,-686.41,False,0.0,False
2022-03-07,2022-03-08,0,Overnight,0.0,False,20.25,20.25,129.05,False,0.0,False
2022-03-08,2022-03-09,0,Overnight,0.0,False,282.38,282.38,140.02,False,0.0,False
2022-03-09,2022-03-10,0,Overnight,0.0,False,-186.1,-186.1,18.97,False,0.0,False
2022-03-10,2022-03-11,0,Overnight,0.0,False,-132.53,-132.53,-264.58,False,0.0,False
2022-03-11,2022-03-14,2,Weekend,47.0,False,-30.96,-30.96,-21.41,False,0.0,False
2022-03-14,2022-03-15,0,Overnight,0.0,False,220.98,220.98,64.26,False,0.0,False
2022-03-15,2022-03-16,0,Overnight,0.0,False,138.08,138.08,448.45,False,0.0,False
2022-03-16,2022-03-17,0,Overnight,0.0,False,-95.23,-95.23,299.87,False,0.0,False
2022-03-17,2022-03-18,0,Overnight,0.0,False,-55.0,-55.0,462.76,False,0.0,False
2022-03-18,2022-03-21,2,Weekend,48.0,False,-92.35,-92.35,-141.32,False,0.0,False
2022-03-21,2022-03-22,0,Overnight,0.0,False,-5.68,-5.68,246.73,False,0.0,False
2022-03-22,2022-03-23,0,Overnight,0.0,False,-154.43,-154.43,6.09,False,0.0,False
2022-03-23,2022-03-24,0,Overnight,0.0,False,71.89,71.89,210.33,False,0.0,False
2022-03-24,2022-03-25,0,Overnight,0.0,False,42.72,42.72,59.23,False,0.0,False
2022-03-25,2022-03-28,2,Weekend,48.0,False,13.97,13.97,65.51,False,0.0,False
2022-03-28,2022-03-29,0,Overnight,0.0,False,110.31,110.31,166.26,False,0.0,False
2022-03-29,2022-03-30,0,Overnight,0.0,False,-41.42,-41.42,-46.41,False,0.0,False
2022-03-30,2022-03-31,0,Overnight,0.0,False,26.3,26.3,-270.2,False,0.0,False
2022-03-31,2022-04-01,0,Overnight,0.0,False,98.01,98.01,13.35,False,0.0,False
2022-04-01,2022-04-04,2,Weekend,48.0,False,50.13,50.13,344.04,False,0.0,False
2022-04-04,2022-04-05,0,Overnight,0.0,False,8.12,8.12,-96.15,False,0.0,False
2022-04-05,2022-04-06,0,Overnight,0.0,False,-214.94,-214.94,-160.37,False,0.0,False
2022-04-06,2022-04-07,0,Overnight,0.0,False,28.17,28.17,-43.86,False,0.0,False
2022-04-07,2022-04-08,0,Overnight,0.0,False,-25.6,-25.6,-2.25,False,0.0,False
2022-04-08,2022-04-11,2,Weekend,48.0,False,-177.43,-177.43,-90.14,False,0.0,False
2022-04-11,2022-04-12,0,Overnight,0.0,False,173.12,173.12,-280.88,False,0.0,False
2022-04-12,2022-04-13,0,Overnight,0.0,False,-108.93,-108.93,148.55,False,0.0,False
2022-04-13,2022-04-14,0,Overnight,0.0,False,-4.65,-4.65,-221.62,False,0.0,False
2022-04-14,2022-04-18,3,Long,72.0,False,-8.57,-8.57,36.6,False,0.0,False
2022-04-18,2022-04-19,0,Overnight,0.0,False,-11.87,-11.87,317.44,False,0.0,False
2022-04-19,2022-04-20,0,Overnight,0.0,False,-171.73,-171.73,-637.37,False,0.0,False
2022-04-20,2022-04-21,0,Overnight,0.0,False,58.7,58.7,-694.71,False,0.0,False
2022-04-21,2022-04-22,0,Overnight,0.0,False,121.55,121.55,-334.36,False,0.0,False
2022-04-22,2022-04-25,2,Weekend,48.0,False,-75.24,-75.24,230.46,False,0.0,False
2022-04-25,2022-04-26,0,Overnight,0.0,False,-19.27,-19.27,-309.07,False,0.0,False
2022-04-26,2022-04-27,0,Overnight,0.0,False,-366.97,-366.97,29.77,False,0.0,False
2022-04-27,2022-04-28,0,Overnight,0.0,False,1483.12,1483.12,137.53,False,0.0,False
2022-04-28,2022-04-29,0,Overnight,0.0,False,-61.92,-61.92,-197.08,False,0.0,False
2022-04-29,2022-05-02,2,Weekend,48.0,False,34.86,34.86,483.24,False,0.0,False
2022-05-02,2022-05-03,0,Overnight,0.0,False,-32.26,-32.26,74.8,False,0.0,False
2022-05-03,2022-05-04,0,Overnight,0.0,False,-65.3,-65.3,588.11,False,0.0,False
2022-05-04,2022-05-05,0,Overnight,0.0,False,-211.25,-211.25,-490.01,False,0.0,False
2022-05-05,2022-05-06,0,Overnight,0.0,False,-45.23,-45.23,-173.68,False,0.0,False
2022-05-06,2022-05-09,2,Weekend,48.0,False,-194.75,-194.75,-183.31,False,0.0,False
2022-05-09,2022-05-10,0,Overnight,0.0,False,166.79,166.79,-93.67,False,0.0,False
2022-05-10,2022-05-11,0,Overnight,0.0,False,-67.01,-67.01,-394.26,False,0.0,False
2022-05-11,2022-05-12,0,Overnight,0.0,False,-89.41,-89.41,221.0,False,0.0,False
2022-05-12,2022-05-13,0,Overnight,0.0,False,69.82,69.82,308.82,False,0.0,False
2022-05-13,2022-05-16,2,Weekend,48.0,False,-79.36,-79.36,150.6,False,0.0,False
2022-05-16,2022-05-17,0,Overnight,0.0,False,103.44,103.44,24.71,False,0.0,False
2022-05-17,2022-05-18,0,Overnight,0.0,False,-130.15,-130.15,-395.73,False,0.0,False
2022-05-18,2022-05-19,0,Overnight,0.0,False,-54.25,-54.25,4.71,False,0.0,False
2022-05-19,2022-05-20,0,Overnight,0.0,False,190.55,190.55,-73.62,False,0.0,False
2022-05-20,2022-05-23,2,Weekend,48.0,False,84.89,84.89,53.14,False,0.0,False
2022-05-23,2022-05-24,0,Overnight,0.0,False,-832.8,-832.8,40.35,False,0.0,False
2022-05-24,2022-05-25,0,Overnight,0.0,False,-48.66,-48.66,188.35,False,0.0,False
2022-05-25,2022-05-26,0,Overnight,0.0,False,-51.81,-51.81,467.36,False,0.0,False
2022-05-26,2022-05-27,0,Overnight,0.0,False,-14.1,-14.1,195.1,False,0.0,False
2022-05-27,2022-05-31,3,Long,72.0,False,-12.31,-12.31,-64.35,False,0.0,False
2022-05-31,2022-06-01,0,Overnight,0.0,False,147.13,147.13,-408.73,False,0.0,False
2022-06-01,2022-06-02,0,Overnight,0.0,False,-10.08,-10.08,537.68,False,0.0,False
2022-06-02,2022-06-03,0,Overnight,0.0,False,-145.88,-145.88,-268.92,False,0.0,False
2022-06-03,2022-06-06,2,Weekend,48.0,False,166.86,166.86,13.39,False,0.0,False
2022-06-06,2022-06-07,0,Overnight,0.0,False,-120.15,-120.15,191.97,False,0.0,False
2022-06-07,2022-06-08,0,Overnight,0.0,False,-50.22,-50.22,100.69,False,0.0,False
2022-06-08,2022-06-09,0,Overnight,0.0,False,-120.74,-120.74,-543.65,False,0.0,False
2022-06-09,2022-06-10,0,Overnight,0.0,False,-52.31,-52.31,-416.67,False,0.0,False
2022-06-10,2022-06-13,2,Weekend,48.0,False,-287.75,-287.75,-378.12,False,0.0,False
2022-06-13,2022-06-14,0,Overnight,0.0,False,107.18,107.18,-139.5,False,0.0,False
2022-06-14,2022-06-15,0,Overnight,0.0,False,209.72,209.72,127.77,False,0.0,False
2022-06-15,2022-06-16,0,Overnight,0.0,False,-338.1,-338.1,-175.61,False,0.0,False
2022-06-16,2022-06-17,0,Overnight,0.0,False,50.22,50.22,126.61,False,0.0,False
2022-06-17,2022-06-21,3,Long,72.0,False,132.86,132.86,-550.02,False,0.0,False
2022-06-21,2022-06-22,0,Overnight,0.0,False,84.33,84.33,-161.03,False,0.0,False
2022-06-22,2022-06-23,0,Overnight,0.0,False,26.91,26.91,157.45,False,0.0,False
2022-06-23,2022-06-24,0,Overnight,0.0,False,185.98,185.98,508.11,False,0.0,False
2022-06-24,2022-06-27,2,Weekend,48.0,False,67.94,67.94,-107.39,False,0.0,False
2022-06-27,2022-06-28,0,Overnight,0.0,False,24.16,24.16,-557.95,False,0.0,False
2022-06-28,2022-06-29,0,Overnight,0.0,False,178.26,178.26,22.59,False,0.0,False
2022-06-29,2022-06-30,0,Overnight,0.0,False,-109.79,-109.79,-55.66,False,0.0,False
2022-06-30,2022-07-01,0,Overnight,0.0,False,-58.47,-58.47,-17.48,False,0.0,False
2022-07-01,2022-07-05,3,Long,72.0,False,-118.81,-118.81,616.14,False,0.0,False
2022-07-05,2022-07-06,0,Overnight,0.0,False,0.59,0.59,92.91,False,0.0,False
2022-07-06,2022-07-07,0,Overnight,0.0,False,-18.87,-18.87,160.41,False,0.0,False
2022-07-07,2022-07-08,0,Overnight,0.0,False,-129.18,-129.18,52.81,False,0.0,False
2022-07-08,2022-07-11,2,Weekend,48.0,False,-225.49,-225.49,-253.99,False,0.0,False
2022-07-11,2022-07-12,0,Overnight,0.0,False,117.19,117.19,-93.27,False,0.0,False
2022-07-12,2022-07-13,0,Overnight,0.0,False,-192.32,-192.32,205.79,False,0.0,False
2022-07-13,2022-07-14,0,Overnight,0.0,False,-139.82,-139.82,-198.58,False,0.0,False
2022-07-14,2022-07-15,0,Overnight,0.0,False,156.32,156.32,255.83,False,0.0,False
2022-07-15,2022-07-18,2,Weekend,48.0,False,123.7,123.7,28.74,False,0.0,False
2022-07-18,2022-07-19,0,Overnight,0.0,False,186.02,186.02,312.61,False,0.0,False
2022-07-19,2022-07-20,0,Overnight,0.0,False,96.81,96.81,310.64,False,0.0,False
2022-07-20,2022-07-21,0,Overnight,0.0,False,-135.27,-135.27,139.64,False,0.0,False
2022-07-21,2022-07-22,0,Overnight,0.0,False,-567.18,-567.18,-222.01,False,0.0,False
2022-07-22,2022-07-25,2,Weekend,48.0,False,-15.96,-15.96,-140.03,False,0.0,False
2022-07-25,2022-07-26,0,Overnight,0.0,False,-42.69,-42.69,-417.79,False,0.0,False
2022-07-26,2022-07-27,0,Overnight,0.0,False,213.85,213.85,420.93,False,0.0,False
2022-07-27,2022-07-28,0,Overnight,0.0,False,-515.48,-515.48,-21.13,False,0.0,False
2022-07-28,2022-07-29,0,Overnight,0.0,False,-190.33,-190.33,89.02,False,0.0,False
2022-07-29,2022-08-01,2,Weekend,48.0,False,-116.96,-116.96,168.99,False,0.0,False
2022-08-01,2022-08-02,0,Overnight,0.0,False,-101.81,-101.81,118.05,False,0.0,False
2022-08-02,2022-08-03,0,Overnight,0.0,False,154.86,154.86,368.68,False,0.0,False
2022-08-03,2022-08-04,0,Overnight,0.0,False,-29.66,-29.66,133.98,False,0.0,False
2022-08-04,2022-08-05,0,Overnight,0.0,False,-212.12,-212.12,7.18,False,0.0,False
2022-08-05,2022-08-08,2,Weekend,48.0,False,53.12,53.12,133.04,False,0.0,False
2022-08-08,2022-08-09,0,Overnight,0.0,False,-76.65,-76.65,-24.89,False,0.0,False
2022-08-09,2022-08-10,0,Overnight,0.0,False,433.13,433.13,132.65,False,0.0,False
2022-08-10,2022-08-11,0,Overnight,0.0,False,76.53,76.53,-124.3,False,0.0,False
2022-08-11,2022-08-12,0,Overnight,0.0,False,185.32,185.32,-17.16,False,0.0,False
2022-08-12,2022-08-15,2,Weekend,48.0,False,-85.68,-85.68,107.27,False,0.0,False
2022-08-15,2022-08-16,0,Overnight,0.0,False,-80.48,-80.48,1.67,False,0.0,False
2022-08-16,2022-08-17,0,Overnight,0.0,False,-152.15,-152.15,-108.64,False,0.0,False
2022-08-17,2022-08-18,0,Overnight,0.0,False,-29.21,-29.21,18.34,False,0.0,False
2022-08-18,2022-08-19,0,Overnight,0.0,False,-258.67,-258.67,-132.48,False,0.0,False
2022-08-19,2022-08-22,2,Weekend,48.0,False,-148.15,-148.15,-148.54,False,0.0,False
2022-08-22,2022-08-23,0,Overnight,0.0,False,-35.02,-35.02,-84.68,False,0.0,False
2022-08-23,2022-08-24,0,Overnight,0.0,False,-31.71,-31.71,164.27,False,0.0,False
2022-08-24,2022-08-25,0,Overnight,0.0,False,116.92,116.92,215.6,False,0.0,False
2022-08-25,2022-08-26,0,Overnight,0.0,False,-17.79,-17.79,-405.8,False,0.0,False
2022-08-26,2022-08-29,2,Weekend,48.0,False,-69.47,-69.47,-93.18,False,0.0,False
2022-08-29,2022-08-30,0,Overnight,0.0,False,73.86,73.86,-200.95,False,0.0,False
2022-08-30,2022-08-31,0,Overnight,0.0,False,611.49,611.49,-250.92,False,0.0,False
2022-08-31,2022-09-01,0,Overnight,0.0,False,39.82,39.82,108.23,False,0.0,False
2022-09-01,2022-09-02,0,Overnight,0.0,False,125.6,125.6,-435.13,False,0.0,False
2022-09-02,2022-09-06,3,Long,72.0,False,-13.73,-13.73,-97.92,False,0.0,False
2022-09-06,2022-09-07,0,Overnight,0.0,False,-49.32,-49.32,165.33,False,0.0,False
2022-09-07,2022-09-08,0,Overnight,0.0,False,-105.3,-105.3,208.88,False,0.0,False
2022-09-08,2022-09-09,0,Overnight,0.0,False,73.16,73.16,355.03,False,0.0,False
2022-09-09,2022-09-12,2,Weekend,48.0,False,-104.59,-104.59,93.36,False,0.0,False
2022-09-12,2022-09-13,0,Overnight,0.0,False,-449.09,-449.09,-534.65,False,0.0,False
2022-09-13,2022-09-14,0,Overnight,0.0,False,13.05,13.05,-122.05,False,0.0,False
2022-09-14,2022-09-15,0,Overnight,0.0,False,-110.87,-110.87,-16.7,False,0.0,False
2022-09-15,2022-09-16,0,Overnight,0.0,False,-100.81,-100.81,-119.59,False,0.0,False
2022-09-16,2022-09-19,2,Weekend,48.0,False,-72.03,-72.03,189.6,False,0.0,False
2022-09-19,2022-09-20,0,Overnight,0.0,False,-152.49,-152.49,21.24,False,0.0,False
2022-09-20,2022-09-21,0,Overnight,0.0,False,20.51,20.51,-296.03,False,0.0,False
2022-09-21,2022-09-22,0,Overnight,0.0,False,-40.19,-40.19,89.32,False,0.0,False
2022-09-22,2022-09-23,0,Overnight,0.0,False,-98.51,-98.51,-71.67,False,0.0,False
2022-09-23,2022-09-26,2,Weekend,48.0,False,-20.68,-20.68,-271.27,False,0.0,False
2022-09-26,2022-09-27,0,Overnight,0.0,False,113.02,113.02,-258.53,False,0.0,False
2022-09-27,2022-09-28,0,Overnight,0.0,False,16.36,16.36,506.21,False,0.0,False
2022-09-28,2022-09-29,0,Overnight,0.0,False,-160.16,-160.16,-213.95,False,0.0,False
2022-09-29,2022-09-30,0,Overnight,0.0,False,-26.43,-26.43,-27.23,False,0.0,False
2022-09-30,2022-10-03,2,Weekend,48.0,False,107.03,107.03,106.62,False,0.0,False
2022-10-03,2022-10-04,0,Overnight,0.0,False,134.72,134.72,-14.96,False,0.0,False
2022-10-04,2022-10-05,0,Overnight,0.0,False,-146.49,-146.49,53.39,False,0.0,False
2022-10-05,2022-10-06,0,Overnight,0.0,False,-91.07,-91.07,97.55,False,0.0,False
2022-10-06,2022-10-07,0,Overnight,0.0,False,-167.5,-167.5,-245.01,False,0.0,False
2022-10-07,2022-10-10,2,Weekend,48.0,False,7.49,7.49,17.95,False,0.0,False
2022-10-10,2022-10-11,0,Overnight,0.0,False,-163.52,-163.52,-236.79,False,0.0,False
2022-10-11,2022-10-12,0,Overnight,0.0,False,-17.13,-17.13,-64.11,False,0.0,False
2022-10-12,2022-10-13,0,Overnight,0.0,False,-316.32,-316.32,532.79,False,0.0,False
2022-10-13,2022-10-14,0,Overnight,0.0,False,54.35,54.35,-329.02,False,0.0,False
2022-10-14,2022-10-17,2,Weekend,48.0,False,275.44,275.44,282.99,False,0.0,False
2022-10-17,2022-10-18,0,Overnight,0.0,False,224.99,224.99,-317.93,False,0.0,False
2022-10-18,2022-10-19,0,Overnight,0.0,False,6.77,6.77,25.55,False,0.0,False
2022-10-19,2022-10-20,0,Overnight,0.0,False,-22.54,-22.54,-105.88,False,0.0,False
2022-10-20,2022-10-21,0,Overnight,0.0,False,-404.96,-404.96,288.72,False,0.0,False
2022-10-21,2022-10-24,2,Weekend,48.0,False,-214.58,-214.58,192.25,False,0.0,False
2022-10-24,2022-10-25,0,Overnight,0.0,False,89.03,89.03,494.16,False,0.0,False
2022-10-25,2022-10-26,0,Overnight,0.0,False,-433.22,-433.22,-142.26,False,0.0,False
2022-10-26,2022-10-27,0,Overnight,0.0,False,-2813.86,-2813.86,-4.08,False,0.0,False
2022-10-27,2022-10-28,0,Overnight,0.0,False,166.06,166.06,-38.23,False,0.0,False
2022-10-28,2022-10-31,2,Weekend,48.0,False,-99.28,-99.28,-528.91,False,0.0,False
2022-10-31,2022-11-01,0,Overnight,0.0,False,124.81,124.81,91.81,False,0.0,False
2022-11-01,2022-11-02,0,Overnight,0.0,False,-104.54,-104.54,-397.35,False,0.0,False
2022-11-02,2022-11-03,0,Overnight,0.0,False,-50.94,-50.94,-130.74,False,0.0,False
2022-11-03,2022-11-04,0,Overnight,0.0,False,160.66,160.66,48.58,False,0.0,False
2022-11-04,2022-11-07,2,Weekend,49.0,False,430.09,430.09,202.62,False,0.0,False
2022-11-07,2022-11-08,0,Overnight,0.0,False,-83.06,-83.06,57.18,False,0.0,False
2022-11-08,2022-11-09,0,Overnight,0.0,False,529.92,529.92,-24.61,False,0.0,False
2022-11-09,2022-11-10,0,Overnight,0.0,False,541.87,541.87,433.88,False,0.0,False
2022-11-10,2022-11-11,0,Overnight,0.0,False,-238.82,-238.82,341.09,False,0.0,False
2022-11-11,2022-11-14,2,Weekend,48.0,False,-181.25,-181.25,286.86,False,0.0,False
2022-11-14,2022-11-15,0,Overnight,0.0,False,160.67,160.67,86.64,False,0.0,False
2022-11-15,2022-11-16,0,Overnight,0.0,False,-222.83,-222.83,-111.54,False,0.0,False
2022-11-16,2022-11-17,0,Overnight,0.0,False,-252.2,-252.2,93.75,False,0.0,False
2022-11-17,2022-11-18,0,Overnight,0.0,False,208.67,208.67,-154.97,False,0.0,False
2022-11-18,2022-11-21,2,Weekend,48.0,False,-47.41,-47.41,-149.97,False,0.0,False
2022-11-21,2022-11-22,0,Overnight,0.0,False,0.0,0.0,142.8,False,0.0,False
2022-11-22,2022-11-23,0,Overnight,0.0,False,25.09,25.09,46.44,False,0.0,False
2022-11-23,2022-11-25,1,Short,24.0,False,-84.1,-84.1,9.88,False,0.0,False
2022-11-25,2022-11-28,2,Weekend,48.0,True,-56.71,-56.71,-182.19,False,0.0,False
2022-11-28,2022-11-29,0,Overnight,0.0,False,69.62,69.62,-7.31,False,0.0,False
2022-11-29,2022-11-30,0,Overnight,0.0,False,4.57,4.57,755.16,False,0.0,False
2022-11-30,2022-12-01,0,Overnight,0.0,False,92.71,92.71,103.49,False,0.0,False
2022-12-01,2022-12-02,0,Overnight,0.0,False,-219.09,-219.09,469.17,False,0.0,False
2022-12-02,2022-12-05,2,Weekend,48.0,False,-141.9,-141.9,55.7,False,0.0,False
2022-12-05,2022-12-06,0,Overnight,0.0,False,-207.98,-207.98,-494.91,False,0.0,False
2022-12-06,2022-12-07,0,Overnight,0.0,False,-31.6,-31.6,14.93,False,0.0,False
2022-12-07,2022-12-08,0,Overnight,0.0,False,213.62,213.62,-91.49,False,0.0,False
2022-12-08,2022-12-09,0,Overnight,0.0,False,-2.6,-2.6,51.9,False,0.0,False
2022-12-09,2022-12-12,2,Weekend,48.0,False,-62.32,-62.32,-40.89,False,0.0,False
2022-12-12,2022-12-13,0,Overnight,0.0,False,626.79,626.79,-163.45,False,0.0,False
2022-12-13,2022-12-14,0,Overnight,0.0,False,-63.46,-63.46,182.59,False,0.0,False
2022-12-14,2022-12-15,0,Overnight,0.0,False,-271.77,-271.77,-185.95,False,0.0,False
2022-12-15,2022-12-16,0,Overnight,0.0,False,345.24,345.24,-66.76,False,0.0,False
2022-12-16,2022-12-19,2,Weekend,48.0,False,-220.11,-220.11,-203.2,False,0.0,False
2022-12-19,2022-12-20,0,Overnight,0.0,False,-107.14,-107.14,332.57,False,0.0,False
2022-12-20,2022-12-21,0,Overnight,0.0,False,-33.36,-33.36,258.83,False,0.0,False
2022-12-21,2022-12-22,0,Overnight,0.0,False,-216.08,-216.08,-6.83,False,0.0,False
2022-12-22,2022-12-23,0,Overnight,0.0,False,-93.5,-93.5,171.75,False,0.0,False
2022-12-23,2022-12-27,3,Long,72.0,False,-9.32,-9.32,-89.43,False,0.0,False
2022-12-27,2022-12-28,0,Overnight,0.0,False,-54.05,-54.05,-54.34,False,0.0,False
2022-12-28,2022-12-29,0,Overnight,0.0,False,67.24,67.24,326.24,False,0.0,False
2022-12-29,2022-12-30,0,Overnight,0.0,False,-176.16,-176.16,182.81,False,0.0,False
2022-12-30,2023-01-03,3,Long,72.0,False,203.99,203.99,155.12,False,0.0,False
2023-01-03,2023-01-04,0,Overnight,0.0,False,209.43,209.43,-0.78,False,0.0,False
2023-01-04,2023-01-05,0,Overnight,0.0,False,-97.83,-97.83,64.01,False,0.0,False
2023-01-05,2023-01-06,0,Overnight,0.0,False,158.65,158.65,81.08,False,0.0,False
2023-01-06,2023-01-09,2,Weekend,48.0,False,87.3,87.3,-129.69,False,0.0,False
2023-01-09,2023-01-10,0,Overnight,0.0,False,-171.38,-171.38,439.63,False,0.0,False
2023-01-10,2023-01-11,0,Overnight,0.0,False,-153.82,-153.82,146.3,False,0.0,False
2023-01-11,2023-01-12,0,Overnight,0.0,False,41.3,41.3,242.1,False,0.0,False
2023-01-12,2023-01-13,0,Overnight,0.0,False,-128.09,-128.09,147.82,False,0.0,False
2023-01-13,2023-01-17,3,Long,72.0,False,-58.57,-58.57,-60.4,False,0.0,False
2023-01-17,2023-01-18,0,Overnight,0.0,False,33.19,33.19,-207.57,False,0.0,False
2023-01-18,2023-01-19,0,Overnight,0.0,False,-39.92,-39.92,272.5,False,0.0,False
2023-01-19,2023-01-20,0,Overnight,0.0,False,-19.11,-19.11,252.87,False,0.0,False
2023-01-20,2023-01-23,2,Weekend,48.0,False,-5.74,-5.74,281.73,False,0.0,False
2023-01-23,2023-01-24,0,Overnight,0.0,False,-110.89,-110.89,101.82,False,0.0,False
2023-01-24,2023-01-25,0,Overnight,0.0,False,-135.04,-135.04,19.81,False,0.0,False
2023-01-25,2023-01-26,0,Overnight,0.0,False,202.87,202.87,198.84,False,0.0,False
2023-01-26,2023-01-27,0,Overnight,0.0,False,63.61,63.61,233.36,False,0.0,False
2023-01-27,2023-01-30,2,Weekend,48.0,False,-154.74,-154.74,-158.54,False,0.0,False
2023-01-30,2023-01-31,0,Overnight,0.0,False,60.34,60.34,68.71,False,0.0,False
2023-01-31,2023-02-01,0,Overnight,0.0,False,-63.3,-63.3,338.07,False,0.0,False
2023-02-01,2023-02-02,0,Overnight,0.0,False,1803.39,1803.39,289.69,False,0.0,False
2023-02-02,2023-02-03,0,Overnight,0.0,False,-284.78,-284.78,165.41,False,0.0,False
2023-02-03,2023-02-06,2,Weekend,48.0,False,0.0,0.0,-25.23,False,0.0,False
2023-02-06,2023-02-07,0,Overnight,0.0,False,-25.83,-25.83,320.28,False,0.0,False
2023-02-07,2023-02-08,0,Overnight,0.0,False,-84.9,-84.9,-351.91,False,0.0,False
2023-02-08,2023-02-09,0,Overnight,0.0,False,146.12,146.12,-451.11,False,0.0,False
2023-02-09,2023-02-10,0,Overnight,0.0,False,-88.63,-88.63,-125.54,False,0.0,False
2023-02-10,2023-02-13,2,Weekend,48.0,False,231.02,231.02,67.66,False,0.0,False
2023-02-13,2023-02-14,0,Overnight,0.0,False,-127.32,-127.32,130.1,False,0.0,False
2023-02-14,2023-02-15,0,Overnight,0.0,False,-171.96,-171.96,41.86,False,0.0,False
2023-02-15,2023-02-16,0,Overnight,0.0,False,-252.08,-252.08,-17.96,False,0.0,False
2023-02-16,2023-02-17,0,Overnight,0.0,False,-129.58,-129.58,155.06,False,0.0,False
2023-02-17,2023-02-21,3,Long,72.0,False,82.38,82.38,-128.76,False,0.0,False
2023-02-21,2023-02-22,0,Overnight,0.0,False,-58.87,-58.87,2.92,False,0.0,False
2023-02-22,2023-02-23,0,Overnight,0.0,False,51.29,51.29,2.32,False,0.0,False
2023-02-23,2023-02-24,0,Overnight,0.0,False,-199.61,-199.61,103.24,False,0.0,False
2023-02-24,2023-02-27,2,Weekend,48.0,False,87.07,87.07,-137.08,False,0.0,False
2023-02-27,2023-02-28,0,Overnight,0.0,False,138.24,138.24,175.3,False,0.0,False
2023-02-28,2023-03-01,0,Overnight,0.0,False,-20.03,-20.03,-67.24,False,0.0,False
2023-03-01,2023-03-02,0,Overnight,0.0,False,-60.15,-60.15,123.95,False,0.0,False
2023-03-02,2023-03-03,0,Overnight,0.0,False,248.42,248.42,347.67,False,0.0,False
2023-03-03,2023-03-06,2,Weekend,48.0,False,147.36,147.36,-166.27,False,0.0,False
2023-03-06,2023-03-07,0,Overnight,0.0,False,219.32,219.32,-240.43,False,0.0,False
2023-03-07,2023-03-08,0,Overnight,0.0,False,-89.28,-89.28,114.18,False,0.0,False
2023-03-08,2023-03-09,0,Overnight,0.0,False,74.33,74.33,-253.25,False,0.0,False
2023-03-09,2023-03-10,0,Overnight,0.0,False,-37.5,-37.5,-83.21,False,0.0,False
2023-03-10,2023-03-13,2,Weekend,47.0,False,-86.72,-86.72,163.86,False,0.0,False
2023-03-13,2023-03-14,0,Overnight,0.0,False,362.61,362.61,337.56,False,0.0,False
2023-03-14,2023-03-15,0,Overnight,0.0,False,-55.3,-55.3,245.73,False,0.0,False
2023-03-15,2023-03-16,0,Overnight,0.0,False,25.76,25.76,330.89,False,0.0,False
2023-03-16,2023-03-17,0,Overnight,0.0,False,-215.55,-215.55,-249.91,False,0.0,False
2023-03-17,2023-03-20,2,Weekend,48.0,False,145.65,145.65,-33.81,False,0.0,False
2023-03-20,2023-03-21,0,Overnight,0.0,False,268.84,268.84,-51.31,False,0.0,False
2023-03-21,2023-03-22,0,Overnight,0.0,False,16.8,16.8,-133.73,False,0.0,False
2023-03-22,2023-03-23,0,Overnight,0.0,False,150.51,150.51,70.74,False,0.0,False
2023-03-23,2023-03-24,0,Overnight,0.0,False,43.96,43.96,40.37,False,0.0,False
2023-03-24,2023-03-27,2,Weekend,48.0,False,-58.42,-58.42,-96.65,False,0.0,False
2023-03-27,2023-03-28,0,Overnight,0.0,False,-133.5,-133.5,26.45,False,0.0,False
2023-03-28,2023-03-29,0,Overnight,0.0,False,142.49,142.49,87.55,False,0.0,False
2023-03-29,2023-03-30,0,Overnight,0.0,False,-96.4,-96.4,216.92,False,0.0,False
2023-03-30,2023-03-31,0,Overnight,0.0,False,-28.91,-28.91,224.26,False,0.0,False
2023-03-31,2023-04-03,2,Weekend,48.0,False,-147.35,-147.35,200.52,False,0.0,False
2023-04-03,2023-04-04,0,Overnight,0.0,False,15.01,15.01,62.13,False,0.0,False
2023-04-04,2023-04-05,0,Overnight,0.0,False,-26.58,-26.58,-125.46,False,0.0,False
2023-04-05,2023-04-06,0,Overnight,0.0,False,-106.01,-106.01,322.12,False,0.0,False
2023-04-06,2023-04-10,3,Long,72.0,False,-64.53,-64.53,1.86,False,0.0,False
2023-04-10,2023-04-11,0,Overnight,0.0,False,33.94,33.94,-75.93,False,0.0,False
2023-04-11,2023-04-12,0,Overnight,0.0,False,46.19,46.19,-39.18,False,0.0,False
2023-04-12,2023-04-13,0,Overnight,0.0,False,80.52,80.52,211.9,False,0.0,False
2023-04-13,2023-04-14,0,Overnight,0.0,False,-112.73,-112.73,164.33,False,0.0,False
2023-04-14,2023-04-17,2,Weekend,48.0,False,-77.05,-77.05,-42.4,False,0.0,False
2023-04-17,2023-04-18,0,Overnight,0.0,False,47.86,47.86,-92.28,False,0.0,False
2023-04-18,2023-04-19,0,Overnight,0.0,False,-204.94,-204.94,103.92,False,0.0,False
2023-04-19,2023-04-20,0,Overnight,0.0,False,-103.45,-103.45,-19.22,False,0.0,False
2023-04-20,2023-04-21,0,Overnight,0.0,False,-135.14,-135.14,126.69,False,0.0,False
2023-04-21,2023-04-24,2,Weekend,48.0,False,37.04,37.04,-41.74,False,0.0,False
2023-04-24,2023-04-25,0,Overnight,0.0,False,-93.01,-93.01,-156.32,False,0.0,False
2023-04-25,2023-04-26,0,Overnight,0.0,False,235.7,235.7,-146.96,False,0.0,False
2023-04-26,2023-04-27,0,Overnight,0.0,False,1359.34,1359.34,-55.6,False,0.0,False
2023-04-27,2023-04-28,0,Overnight,0.0,False,18.85,18.85,54.66,False,0.0,False
2023-04-28,2023-05-01,2,Weekend,48.0,False,-70.99,-70.99,189.3,False,0.0,False
2023-05-01,2023-05-02,0,Overnight,0.0,False,0.0,0.0,-163.35,False,0.0,False
2023-05-02,2023-05-03,0,Overnight,0.0,False,9.61,9.61,-102.41,False,0.0,False
2023-05-03,2023-05-04,0,Overnight,0.0,False,-41.01,-41.01,-108.18,False,0.0,False
2023-05-04,2023-05-05,0,Overnight,0.0,False,-54.96,-54.96,23.22,False,0.0,False
2023-05-05,2023-05-08,2,Weekend,48.0,False,-58.6,-58.6,79.62,False,0.0,False
2023-05-08,2023-05-09,0,Overnight,0.0,False,-77.89,-77.89,82.18,False,0.0,False
2023-05-09,2023-05-10,0,Overnight,0.0,False,119.27,119.27,-131.7,False,0.0,False
2023-05-10,2023-05-11,0,Overnight,0.0,False,-1.29,-1.29,116.89,False,0.0,False
2023-05-11,2023-05-12,0,Overnight,0.0,False,40.21,40.21,-124.54,False,0.0,False
2023-05-12,2023-05-15,2,Weekend,48.0,False,132.14,132.14,81.55,False,0.0,False
2023-05-15,2023-05-16,0,Overnight,0.0,False,-129.36,-129.36,127.69,False,0.0,False
2023-05-16,2023-05-17,0,Overnight,0.0,False,-15.51,-15.51,168.01,False,0.0,False
2023-05-17,2023-05-18,0,Overnight,0.0,False,-49.2,-49.2,227.4,False,0.0,False
2023-05-18,2023-05-19,0,Overnight,0.0,False,25.08,25.08,-74.22,False,0.0,False
2023-05-19,2023-05-22,2,Weekend,48.0,False,-9.37,-9.37,117.88,False,0.0,False
2023-05-22,2023-05-23,0,Overnight,0.0,False,-60.99,-60.99,-2.84,False,0.0,False
2023-05-23,2023-05-24,0,Overnight,0.0,False,-59.35,-59.35,158.96,False,0.0,False
2023-05-24,2023-05-25,0,Overnight,0.0,False,166.73,166.73,-28.06,False,0.0,False
2023-05-25,2023-05-26,0,Overnight,0.0,False,9.49,9.49,353.84,False,0.0,False
2023-05-26,2023-05-30,3,Long,72.0,False,121.76,121.76,-103.46,False,0.0,False
2023-05-30,2023-05-31,0,Overnight,0.0,False,-96.46,-96.46,179.91,False,0.0,False
2023-05-31,2023-06-01,0,Overnight,0.0,False,44.48,44.48,249.22,False,0.0,False
2023-06-01,2023-06-02,0,Overnight,0.0,False,1.83,1.83,-1.83,False,0.0,False
2023-06-02,2023-06-05,2,Weekend,48.0,False,-85.1,-85.1,40.25,False,0.0,False
2023-06-05,2023-06-06,0,Overnight,0.0,False,-46.17,-46.17,36.21,False,0.0,False
2023-06-06,2023-06-07,0,Overnight,0.0,False,20.27,20.27,-301.55,False,0.0,False
2023-06-07,2023-06-08,0,Overnight,0.0,False,-113.69,-113.69,150.8,False,0.0,False
2023-06-08,2023-06-09,0,Overnight,0.0,False,-79.69,-79.69,93.66,False,0.0,False
2023-06-09,2023-06-12,2,Weekend,48.0,False,83.44,83.44,144.18,False,0.0,False
2023-06-12,2023-06-13,0,Overnight,0.0,False,140.31,140.31,-130.36,False,0.0,False
2023-06-13,2023-06-14,0,Overnight,0.0,False,20.99,20.99,53.55,False,0.0,False
2023-06-14,2023-06-15,0,Overnight,0.0,False,-38.49,-38.49,344.0,False,0.0,False
2023-06-15,2023-06-16,0,Overnight,0.0,False,103.08,103.08,-132.57,False,0.0,False
2023-06-16,2023-06-20,3,Long,72.0,False,-81.11,-81.11,198.92,False,0.0,False
2023-06-20,2023-06-21,0,Overnight,0.0,False,-28.18,-28.18,-66.88,False,0.0,False
2023-06-21,2023-06-22,0,Overnight,0.0,False,-91.31,-91.31,205.7,False,0.0,False
2023-06-22,2023-06-23,0,Overnight,0.0,False,-119.0,-119.0,253.24,False,0.0,False
2023-06-23,2023-06-26,2,Weekend,48.0,False,-1.04,-1.04,-360.78,False,0.0,False
2023-06-26,2023-06-27,0,Overnight,0.0,False,126.32,126.32,177.14,False,0.0,False
2023-06-27,2023-06-28,0,Overnight,0.0,False,-77.99,-77.99,16.49,False,0.0,False
2023-06-28,2023-06-29,0,Overnight,0.0,False,-27.73,-27.73,-104.94,False,0.0,False
2023-06-29,2023-06-30,0,Overnight,0.0,False,114.08,114.08,77.66,False,0.0,False
2023-06-30,2023-07-03,2,Weekend,48.0,False,-9.76,-9.76,-23.75,False,0.0,False
2023-07-03,2023-07-05,1,Short,24.0,True,56.83,56.83,230.93,False,0.0,False
2023-07-05,2023-07-06,0,Overnight,0.0,False,51.5,51.5,-132.68,False,0.0,False
2023-07-06,2023-07-07,0,Overnight,0.0,False,6.51,6.51,-56.63,False,0.0,False
2023-07-07,2023-07-10,2,Weekend,48.0,False,171.31,171.31,-49.18,False,0.0,False
2023-07-10,2023-07-11,0,Overnight,0.0,False,-6.8,-6.8,148.27,False,0.0,False
2023-07-11,2023-07-12,0,Overnight,0.0,False,115.33,115.33,248.42,False,0.0,False
2023-07-12,2023-07-13,0,Overnight,0.0,False,137.41,137.41,-6.7,False,0.0,False
2023-07-13,2023-07-14,0,Overnight,0.0,False,-51.82,-51.82,-94.09,False,0.0,False
2023-07-14,2023-07-17,2,Weekend,48.0,False,-43.15,-43.15,99.65,False,0.0,False
2023-07-17,2023-07-18,0,Overnight,0.0,False,8.37,8.37,37.56,False,0.0,False
2023-07-18,2023-07-19,0,Overnight,0.0,False,31.36,31.36,94.75,False,0.0,False
2023-07-19,2023-07-20,0,Overnight,0.0,False,-79.75,-79.75,-356.52,False,0.0,False
2023-07-20,2023-07-21,0,Overnight,0.0,False,67.54,67.54,-344.37,False,0.0,False
2023-07-21,2023-07-24,2,Weekend,48.0,False,51.52,51.52,-141.99,False,0.0,False
2023-07-24,2023-07-25,0,Overnight,0.0,False,122.02,122.02,-24.42,False,0.0,False
2023-07-25,2023-07-26,0,Overnight,0.0,False,225.64,225.64,-87.37,False,0.0,False
2023-07-26,2023-07-27,0,Overnight,0.0,False,851.9,851.9,-421.21,False,0.0,False
2023-07-27,2023-07-28,0,Overnight,0.0,False,164.5,164.5,267.78,False,0.0,False
2023-07-28,2023-07-31,2,Weekend,48.0,False,-55.15,-55.15,-158.5,False,0.0,False
2023-07-31,2023-08-01,0,Overnight,0.0,False,-33.33,-33.33,161.5,False,0.0,False
2023-08-01,2023-08-02,0,Overnight,0.0,False,-147.03,-147.03,-116.72,False,0.0,False
2023-08-02,2023-08-03,0,Overnight,0.0,False,-140.33,-140.33,104.64,False,0.0,False
2023-08-03,2023-08-04,0,Overnight,0.0,False,56.36,56.36,-135.21,False,0.0,False
2023-08-04,2023-08-07,2,Weekend,48.0,False,80.13,80.13,105.75,False,0.0,False
2023-08-07,2023-08-08,0,Overnight,0.0,False,-68.47,-68.47,-56.14,False,0.0,False
2023-08-08,2023-08-09,0,Overnight,0.0,False,7.67,7.67,-248.2,False,0.0,False
2023-08-09,2023-08-10,0,Overnight,0.0,False,89.05,89.05,-71.7,False,0.0,False
2023-08-10,2023-08-11,0,Overnight,0.0,False,-104.22,-104.22,-30.78,False,0.0,False
2023-08-11,2023-08-14,2,Weekend,48.0,False,-21.9,-21.9,171.62,False,0.0,False
2023-08-14,2023-08-15,0,Overnight,0.0,False,-1.63,-1.63,-137.81,False,0.0,False
2023-08-15,2023-08-16,0,Overnight,0.0,False,-58.13,-58.13,-198.83,False,0.0,False
2023-08-16,2023-08-17,0,Overnight,0.0,False,-42.23,-42.23,-275.38,False,0.0,False
2023-08-17,2023-08-18,0,Overnight,0.0,False,-214.86,-214.86,150.11,False,0.0,False
2023-08-18,2023-08-21,2,Weekend,48.0,False,7.06,7.06,225.0,False,0.0,False
2023-08-21,2023-08-22,0,Overnight,0.0,False,91.0,91.0,-170.65,False,0.0,False
2023-08-22,2023-08-23,0,Overnight,0.0,False,31.24,31.24,197.01,False,0.0,False
2023-08-23,2023-08-24,0,Overnight,0.0,False,143.74,143.74,-401.59,False,0.0,False
2023-08-24,2023-08-25,0,Overnight,0.0,False,-21.64,-21.64,-22.04,False,0.0,False
2023-08-25,2023-08-28,2,Weekend,48.0,False,87.18,87.18,78.17,False,0.0,False
2023-08-28,2023-08-29,0,Overnight,0.0,False,-58.05,-58.05,320.88,False,0.0,False
2023-08-29,2023-08-30,0,Overnight,0.0,False,-27.55,-27.55,-69.9,False,0.0,False
2023-08-30,2023-08-31,0,Overnight,0.0,False,23.69,23.69,3.04,False,0.0,False
2023-08-31,2023-09-01,0,Overnight,0.0,False,116.92,116.92,-100.38,False,0.0,False
2023-09-01,2023-09-05,3,Long,72.0,False,21.57,21.57,104.83,False,0.0,False
2023-09-05,2023-09-06,0,Overnight,0.0,False,51.84,51.84,-84.54,False,0.0,False
2023-09-06,2023-09-07,0,Overnight,0.0,False,-39.19,-39.19,22.46,False,0.0,False
2023-09-07,2023-09-08,0,Overnight,0.0,False,18.4,18.4,-44.55,False,0.0,False
2023-09-08,2023-09-11,2,Weekend,48.0,False,117.47,117.47,201.99,False,0.0,False
2023-09-11,2023-09-12,0,Overnight,0.0,False,-40.07,-40.07,-153.62,False,0.0,False
2023-09-12,2023-09-13,0,Overnight,0.0,False,23.18,23.18,88.9,False,0.0,False
2023-09-13,2023-09-14,0,Overnight,0.0,False,54.92,54.92,161.05,False,0.0,False
2023-09-14,2023-09-15,0,Overnight,0.0,False,-3.53,-3.53,-369.37,False,0.0,False
2023-09-15,2023-09-18,2,Weekend,48.0,False,-70.84,-70.84,145.16,False,0.0,False
2023-09-18,2023-09-19,0,Overnight,0.0,False,-2.31,-2.31,85.26,False,0.0,False
2023-09-19,2023-09-20,0,Overnight,0.0,False,-0.66,-0.66,-177.94,False,0.0,False
2023-09-20,2023-09-21,0,Overnight,0.0,False,-133.36,-133.36,1.01,False,0.0,False
2023-09-21,2023-09-22,0,Overnight,0.0,False,119.99,119.99,-7.35,False,0.0,False
2023-09-22,2023-09-25,2,Weekend,48.0,False,-115.69,-115.69,174.03,False,0.0,False
2023-09-25,2023-09-26,0,Overnight,0.0,False,-105.93,-105.93,43.58,False,0.0,False
2023-09-26,2023-09-27,0,Overnight,0.0,False,49.72,49.72,-90.61,False,0.0,False
2023-09-27,2023-09-28,0,Overnight,0.0,False,40.22,40.22,166.53,False,0.0,False
2023-09-28,2023-09-29,0,Overnight,0.0,False,111.89,111.89,-236.03,False,0.0,False
2023-09-29,2023-10-02,2,Weekend,48.0,False,83.92,83.92,133.87,False,0.0,False
2023-10-02,2023-10-03,0,Overnight,0.0,False,-83.79,-83.79,-109.72,False,0.0,False
2023-10-03,2023-10-04,0,Overnight,0.0,False,-73.71,-73.71,226.71,False,0.0,False
2023-10-04,2023-10-05,0,Overnight,0.0,False,-31.14,-31.14,5.25,False,0.0,False
2023-10-05,2023-10-06,0,Overnight,0.0,False,-110.52,-110.52,453.66,False,0.0,False
2023-10-06,2023-10-09,2,Weekend,48.0,False,-93.32,-93.32,185.78,False,0.0,False
2023-10-09,2023-10-10,0,Overnight,0.0,False,23.84,23.84,84.87,False,0.0,False
2023-10-10,2023-10-11,0,Overnight,0.0,False,36.29,36.29,147.81,False,0.0,False
2023-10-11,2023-10-12,0,Overnight,0.0,False,5.49,5.49,-117.76,False,0.0,False
2023-10-12,2023-10-13,0,Overnight,0.0,False,-19.45,-19.45,-277.04,False,0.0,False
2023-10-13,2023-10-16,2,Weekend,48.0,False,124.74,124.74,78.46,False,0.0,False
2023-10-16,2023-10-17,0,Overnight,0.0,False,-92.91,-92.91,181.26,False,0.0,False
2023-10-17,2023-10-18,0,Overnight,0.0,False,-80.88,-80.88,-138.48,False,0.0,False
2023-10-18,2023-10-19,0,Overnight,0.0,False,91.39,91.39,-223.5,False,0.0,False
2023-10-19,2023-10-20,0,Overnight,0.0,False,42.43,42.43,-176.31,False,0.0,False
2023-10-20,2023-10-23,2,Weekend,48.0,False,27.5,27.5,144.67,False,0.0,False
2023-10-23,2023-10-24,0,Overnight,0.0,False,87.83,87.83,-134.43,False,0.0,False
2023-10-24,2023-10-25,0,Overnight,0.0,False,-81.92,-81.92,-343.58,False,0.0,False
2023-10-25,2023-10-26,0,Overnight,0.0,False,-152.39,-152.39,-228.0,False,0.0,False
2023-10-26,2023-10-27,0,Overnight,0.0,False,210.36,210.36,76.12,False,0.0,False
2023-10-27,2023-10-30,2,Weekend,48.0,False,79.22,79.22,118.66,False,0.0,False
2023-10-30,2023-10-31,0,Overnight,0.0,False,21.45,21.45,-67.49,False,0.0,False
2023-10-31,2023-11-01,0,Overnight,0.0,False,19.23,19.23,325.92,False,0.0,False
2023-11-01,2023-11-02,0,Overnight,0.0,False,173.25,173.25,-204.73,False,0.0,False
2023-11-02,2023-11-03,0,Overnight,0.0,False,53.9,53.9,65.38,False,0.0,False
2023-11-03,2023-11-06,2,Weekend,49.0,False,43.77,43.77,-5.7,False,0.0,False
2023-11-06,2023-11-07,0,Overnight,0.0,False,39.82,39.82,55.36,False,0.0,False
2023-11-07,2023-11-08,0,Overnight,0.0,False,-21.35,-21.35,51.42,False,0.0,False
2023-11-08,2023-11-09,0,Overnight,0.0,False,-11.26,-11.26,35.31,False,0.0,False
2023-11-09,2023-11-10,0,Overnight,0.0,False,-19.05,-19.05,272.25,False,0.0,False
2023-11-10,2023-11-13,2,Weekend,48.0,False,-78.48,-78.48,91.24,False,0.0,False
2023-11-13,2023-11-14,0,Overnight,0.0,False,161.21,161.21,52.77,False,0.0,False
2023-11-14,2023-11-15,0,Overnight,0.0,False,48.05,48.05,-155.68,False,0.0,False
2023-11-15,2023-11-16,0,Overnight,0.0,False,-100.89,-100.89,145.28,False,0.0,False
2023-11-16,2023-11-17,0,Overnight,0.0,False,-118.29,-118.29,143.7,False,0.0,False
2023-11-17,2023-11-20,2,Weekend,48.0,False,-4.48,-4.48,150.55,False,0.0,False
2023-11-20,2023-11-21,0,Overnight,0.0,False,-48.36,-48.36,-39.98,False,0.0,False
2023-11-21,2023-11-22,0,Overnight,0.0,False,65.96,65.96,66.99,False,0.0,False
2023-11-22,2023-11-24,1,Short,24.0,False,-39.9,-39.9,-56.02,False,0.0,False
2023-11-24,2023-11-27,2,Weekend,48.0,True,-60.79,-60.79,-44.12,False,0.0,False
2023-11-27,2023-11-28,0,Overnight,0.0,False,-38.92,-38.92,166.28,False,0.0,False
2023-11-28,2023-11-29,0,Overnight,0.0,False,20.63,20.63,-222.96,False,0.0,False
2023-11-29,2023-11-30,0,Overnight,0.0,False,-9.34,-9.34,-143.85,False,0.0,False
2023-11-30,2023-12-01,0,Overnight,0.0,False,-51.18,-51.18,-20.3,False,0.0,False
2023-12-01,2023-12-04,2,Weekend,48.0,False,-234.55,-234.55,85.67,False,0.0,False
2023-12-04,2023-12-05,0,Overnight,0.0,False,-32.55,-32.55,-21.65,False,0.0,False
2023-12-05,2023-12-06,0,Overnight,0.0,False,113.71,113.71,-140.14,False,0.0,False
2023-12-06,2023-12-07,0,Overnight,0.0,False,10.07,10.07,273.78,False,0.0,False
2023-12-07,2023-12-08,0,Overnight,0.0,False,-107.75,-107.75,294.61,False,0.0,False
2023-12-08,2023-12-11,2,Weekend,48.0,False,-101.19,-101.19,-125.86,False,0.0,False
2023-12-11,2023-12-12,0,Overnight,0.0,False,-20.93,-20.93,292.06,False,0.0,False
2023-12-12,2023-12-13,0,Overnight,0.0,False,-8.68,-8.68,24.23,False,0.0,False
2023-12-13,2023-12-14,0,Overnight,0.0,False,-26.62,-26.62,-20.39,False,0.0,False
2023-12-14,2023-12-15,0,Overnight,0.0,False,-35.48,-35.48,87.87,False,0.0,False
2023-12-15,2023-12-18,2,Weekend,48.0,False,76.15,76.15,209.36,False,0.0,False
2023-12-18,2023-12-19,0,Overnight,0.0,False,27.82,27.82,137.37,False,0.0,False
2023-12-19,2023-12-20,0,Overnight,0.0,False,-48.93,-48.93,18.05,False,0.0,False
2023-12-20,2023-12-21,0,Overnight,0.0,False,105.38,105.38,31.4,False,0.0,False
2023-12-21,2023-12-22,0,Overnight,0.0,False,41.99,41.99,-61.78,False,0.0,False
2023-12-22,2023-12-26,3,Long,72.0,False,45.17,45.17,-4.51,False,0.0,False
2023-12-26,2023-12-27,0,Overnight,0.0,False,34.89,34.89,49.31,False,0.0,False
2023-12-27,2023-12-28,0,Overnight,0.0,False,52.12,52.12,-38.44,False,0.0,False
2023-12-28,2023-12-29,0,Overnight,0.0,False,18.68,18.68,-141.11,False,0.0,False
2023-12-29,2024-01-02,3,Long,72.0,False,-74.86,-74.86,-144.21,False,0.0,False
2024-01-02,2024-01-03,0,Overnight,0.0,False,-37.9,-37.9,-14.79,False,0.0,False
2024-01-03,2024-01-04,0,Overnight,0.0,False,0.87,0.87,75.76,False,0.0,False
2024-01-04,2024-01-05,0,Overnight,0.0,False,-3.75,-3.75,141.93,False,0.0,False
2024-01-05,2024-01-08,2,Weekend,48.0,False,77.83,77.83,111.02,False,0.0,False
2024-01-08,2024-01-09,0,Overnight,0.0,False,-63.21,-63.21,28.86,False,0.0,False
2024-01-09,2024-01-10,0,Overnight,0.0,False,76.37,76.37,281.96,False,0.0,False
2024-01-10,2024-01-11,0,Overnight,0.0,False,44.71,44.71,-66.33,False,0.0,False
2024-01-11,2024-01-12,0,Overnight,0.0,False,13.25,13.25,116.3,False,0.0,False
2024-01-12,2024-01-16,3,Long,72.0,False,-22.46,-22.46,-167.05,False,0.0,False
2024-01-16,2024-01-17,0,Overnight,0.0,False,-31.62,-31.62,56.35,False,0.0,False
2024-01-17,2024-01-18,0,Overnight,0.0,False,84.34,84.34,124.13,False,0.0,False
2024-01-18,2024-01-19,0,Overnight,0.0,False,76.01,76.01,116.73,False,0.0,False
2024-01-19,2024-01-22,2,Weekend,48.0,False,116.67,116.67,-160.32,False,0.0,False
2024-01-22,2024-01-23,0,Overnight,0.0,False,74.11,74.11,15.07,False,0.0,False
2024-01-23,2024-01-24,0,Overnight,0.0,False,123.84,123.84,17.93,False,0.0,False
2024-01-24,2024-01-25,0,Overnight,0.0,False,-13.57,-13.57,76.85,False,0.0,False
2024-01-25,2024-01-26,0,Overnight,0.0,False,29.71,29.71,-5.33,False,0.0,False
2024-01-26,2024-01-29,2,Weekend,48.0,False,21.54,21.54,151.51,False,0.0,False
2024-01-29,2024-01-30,0,Overnight,0.0,False,63.88,63.88,-87.85,False,0.0,False
2024-01-30,2024-01-31,0,Overnight,0.0,False,-280.35,-280.35,29.26,False,0.0,False
2024-01-31,2024-02-01,0,Overnight,0.0,False,96.93,96.93,21.3,False,0.0,False
2024-02-01,2024-02-02,0,Overnight,0.0,False,1520.28,1520.28,329.37,False,0.0,False
2024-02-02,2024-02-05,2,Weekend,48.0,False,-108.16,-108.16,-225.34,False,0.0,False
2024-02-05,2024-02-06,0,Overnight,0.0,False,99.41,99.41,-202.03,False,0.0,False
2024-02-06,2024-02-07,0,Overnight,0.0,False,71.87,71.87,249.91,False,0.0,False
2024-02-07,2024-02-08,0,Overnight,0.0,False,-27.08,-27.08,35.81,False,0.0,False
2024-02-08,2024-02-09,0,Overnight,0.0,False,62.57,62.57,-102.86,False,0.0,False
2024-02-09,2024-02-12,2,Weekend,48.0,False,1.71,1.71,15.15,False,0.0,False
2024-02-12,2024-02-13,0,Overnight,0.0,False,-259.91,-259.91,70.88,False,0.0,False
2024-02-13,2024-02-14,0,Overnight,0.0,False,168.31,168.31,113.68,False,0.0,False
2024-02-14,2024-02-15,0,Overnight,0.0,False,42.17,42.17,182.43,False,0.0,False
2024-02-15,2024-02-16,0,Overnight,0.0,False,-123.06,-123.06,-100.69,False,0.0,False
2024-02-16,2024-02-20,3,Long,72.0,False,-76.35,-76.35,43.12,False,0.0,False
2024-02-20,2024-02-21,0,Overnight,0.0,False,-111.91,-101.2,32.74,True,10.6,False
2024-02-21,2024-02-22,0,Overnight,0.0,False,257.54,257.54,121.9,False,0.0,False
2024-02-22,2024-02-23,0,Overnight,0.0,False,39.42,39.42,-82.71,False,0.0,False
2024-02-23,2024-02-26,2,Weekend,48.0,False,-11.58,-11.58,-35.85,False,0.0,False
2024-02-26,2024-02-27,0,Overnight,0.0,False,-36.6,-36.6,146.22,False,0.0,False
2024-02-27,2024-02-28,0,Overnight,0.0,False,-42.18,-42.18,-20.23,False,0.0,False
2024-02-28,2024-02-29,0,Overnight,0.0,False,90.9,90.9,34.54,False,0.0,False
2024-02-29,2024-03-01,0,Overnight,0.0,False,40.32,40.32,204.95,False,0.0,False
2024-03-01,2024-03-04,2,Weekend,48.0,False,13.93,13.93,-96.09,False,0.0,False
2024-03-04,2024-03-05,0,Overnight,0.0,False,-64.24,-64.24,-97.03,False,0.0,False
2024-03-05,2024-03-06,0,Overnight,0.0,False,150.03,150.03,-30.99,False,0.0,False
2024-03-06,2024-03-07,0,Overnight,0.0,False,143.89,143.89,175.49,False,0.0,False
2024-03-07,2024-03-08,0,Overnight,0.0,False,38.97,38.97,-161.55,False,0.0,False
2024-03-08,2024-03-11,2,Weekend,47.0,False,-178.28,-178.28,-273.73,False,0.0,False
2024-03-11,2024-03-12,0,Overnight,0.0,False,197.99,197.99,130.72,False,0.0,False
2024-03-12,2024-03-13,0,Overnight,0.0,False,-87.63,-87.63,3.63,False,0.0,False
2024-03-13,2024-03-14,0,Overnight,0.0,False,94.19,94.19,-169.95,False,0.0,False
2024-03-14,2024-03-15,0,Overnight,0.0,False,-57.5,-57.5,-100.91,False,0.0,False
2024-03-15,2024-03-18,2,Weekend,48.0,False,160.04,160.04,102.54,False,0.0,False
2024-03-18,2024-03-19,0,Overnight,0.0,False,-178.86,-178.86,163.96,False,0.0,False
2024-03-19,2024-03-20,0,Overnight,0.0,False,65.48,65.48,119.8,False,0.0,False
2024-03-20,2024-03-21,0,Overnight,0.0,False,180.16,180.16,-135.95,False,0.0,False
2024-03-21,2024-03-22,0,Overnight,0.0,False,-14.98,-14.98,50.76,False,0.0,False
2024-03-22,2024-03-25,2,Weekend,48.0,False,-74.65,-74.65,-54.92,False,0.0,False
2024-03-25,2024-03-26,0,Overnight,0.0,False,41.86,41.86,-184.62,False,0.0,False
2024-03-26,2024-03-27,0,Overnight,0.0,False,68.53,68.53,-109.55,False,0.0,False
2024-03-27,2024-03-28,0,Overnight,0.0,False,-20.67,-20.67,-148.41,False,0.0,False
2024-03-28,2024-04-01,3,Long,72.0,False,33.31,33.31,84.82,False,0.0,False
2024-04-01,2024-04-02,0,Overnight,0.0,False,-128.02,-128.02,249.79,False,0.0,False
2024-04-02,2024-04-03,0,Overnight,0.0,False,31.32,31.32,155.32,False,0.0,False
2024-04-03,2024-04-04,0,Overnight,0.0,False,189.22,189.22,-107.07,False,0.0,False
2024-04-04,2024-04-05,0,Overnight,0.0,False,115.59,115.59,200.74,False,0.0,False
2024-04-05,2024-04-08,2,Weekend,48.0,False,36.72,36.72,-191.32,False,0.0,False
2024-04-08,2024-04-09,0,Overnight,0.0,False,57.23,57.23,-102.59,False,0.0,False
2024-04-09,2024-04-10,0,Overnight,0.0,False,-148.32,-148.32,204.84,False,0.0,False
2024-04-10,2024-04-11,0,Overnight,0.0,False,24.59,24.59,39.26,False,0.0,False
2024-04-11,2024-04-12,0,Overnight,0.0,False,-103.95,-103.95,-113.63,False,0.0,False
2024-04-12,2024-04-15,2,Weekend,48.0,False,93.72,93.72,-324.33,False,0.0,False
2024-04-15,2024-04-16,0,Overnight,0.0,False,-42.47,-42.47,33.07,False,0.0,False
2024-04-16,2024-04-17,0,Overnight,0.0,False,66.61,66.61,-179.09,False,0.0,False
2024-04-17,2024-04-18,0,Overnight,0.0,False,113.68,113.68,39.54,False,0.0,False
2024-04-18,2024-04-19,0,Overnight,0.0,False,19.91,19.91,-441.8,False,0.0,False
2024-04-19,2024-04-22,2,Weekend,48.0,False,178.21,178.21,-164.5,False,0.0,False
2024-04-22,2024-04-23,0,Overnight,0.0,False,195.69,195.69,98.24,False,0.0,False
2024-04-23,2024-04-24,0,Overnight,0.0,False,238.22,238.22,-290.77,False,0.0,False
2024-04-24,2024-04-25,0,Overnight,0.0,False,-1579.4,-1579.4,463.24,False,0.0,False
2024-04-25,2024-04-26,0,Overnight,0.0,False,1.81,1.81,41.37,False,0.0,False
2024-04-26,2024-04-29,2,Weekend,48.0,False,-84.5,-84.5,-159.14,False,0.0,False
2024-04-29,2024-04-30,0,Overnight,0.0,False,-36.36,-36.36,-20.44,False,0.0,False
2024-04-30,2024-05-01,0,Overnight,0.0,False,-36.56,-36.56,244.08,False,0.0,False
2024-05-01,2024-05-02,0,Overnight,0.0,False,-7.97,-7.97,64.51,False,0.0,False
2024-05-02,2024-05-03,0,Overnight,0.0,False,95.76,95.76,134.32,False,0.0,False
2024-05-03,2024-05-06,2,Weekend,48.0,False,79.78,79.78,219.27,False,0.0,False
2024-05-06,2024-05-07,0,Overnight,0.0,False,13.09,13.09,41.73,False,0.0,False
2024-05-07,2024-05-08,0,Overnight,0.0,False,-101.75,-101.75,194.43,False,0.0,False
2024-05-08,2024-05-09,0,Overnight,0.0,False,-55.17,-55.17,114.66,False,0.0,False
2024-05-09,2024-05-10,0,Overnight,0.0,False,35.06,35.06,-18.67,False,0.0,False
2024-05-10,2024-05-13,2,Weekend,48.0,False,-72.71,-72.71,-100.77,False,0.0,False
2024-05-13,2024-05-14,0,Overnight,0.0,False,-99.64,-99.64,181.35,False,0.0,False
2024-05-14,2024-05-15,0,Overnight,0.0,False,66.12,66.12,137.17,False,0.0,False
2024-05-15,2024-05-16,0,Overnight,0.0,False,-136.75,-136.75,-37.33,False,0.0,False
2024-05-16,2024-05-17,0,Overnight,0.0,False,-50.84,-50.84,22.91,False,0.0,False
2024-05-17,2024-05-20,2,Weekend,48.0,False,-41.62,-41.62,-23.65,False,0.0,False
2024-05-20,2024-05-21,0,Overnight,0.0,False,-36.75,-36.75,-53.45,False,0.0,False
2024-05-21,2024-05-22,0,Overnight,0.0,False,69.49,69.49,-1.92,False,0.0,False
2024-05-22,2024-05-23,0,Overnight,0.0,False,108.44,108.44,-151.28,False,0.0,False
2024-05-23,2024-05-24,0,Overnight,0.0,False,39.43,39.43,224.15,False,0.0,False
2024-05-24,2024-05-28,3,Long,72.0,False,-34.35,-34.35,69.84,False,0.0,False
2024-05-28,2024-05-29,0,Overnight,0.0,False,-110.21,-110.21,-6.32,False,0.0,False
2024-05-29,2024-05-30,0,Overnight,0.0,False,-56.87,-56.87,-98.43,False,0.0,False
2024-05-30,2024-05-31,0,Overnight,0.0,False,-26.8,-26.8,22.09,False,0.0,False
2024-05-31,2024-06-03,2,Weekend,48.0,False,85.96,85.96,139.82,False,0.0,False
2024-06-03,2024-06-04,0,Overnight,0.0,False,-10.27,-10.27,-0.21,False,0.0,False
2024-06-04,2024-06-05,0,Overnight,0.0,False,155.19,155.19,216.65,False,0.0,False
2024-06-05,2024-06-06,0,Overnight,0.0,False,-42.1,-42.1,15.81,False,0.0,False
2024-06-06,2024-06-07,0,Overnight,0.0,False,43.45,43.45,-59.66,False,0.0,False
2024-06-07,2024-06-10,2,Weekend,48.0,False,18.24,18.24,175.43,False,0.0,False
2024-06-10,2024-06-11,0,Overnight,0.0,False,-48.67,-48.67,145.1,False,0.0,False
2024-06-11,2024-06-12,0,Overnight,0.0,False,127.66,127.66,-100.7,False,0.0,False
2024-06-12,2024-06-13,0,Overnight,0.0,False,-61.7,-61.7,-31.89,False,0.0,False
2024-06-13,2024-06-14,0,Overnight,0.0,False,-28.81,-18.86,30.0,True,9.92,False
2024-06-14,2024-06-17,2,Weekend,48.0,False,-49.51,-49.51,98.38,False,0.0,False
2024-06-17,2024-06-18,0,Overnight,0.0,False,-40.94,-40.94,-100.99,False,0.0,False
2024-06-18,2024-06-20,1,Short,24.0,False,50.13,50.13,-5.98,False,0.0,False
2024-06-20,2024-06-21,0,Overnight,0.0,False,34.82,34.82,-173.71,False,0.0,False
2024-06-21,2024-06-24,2,Weekend,48.0,False,88.94,88.94,-5.81,False,0.0,False
2024-06-24,2024-06-25,0,Overnight,0.0,False,-37.35,-37.35,268.96,False,0.0,False
2024-06-25,2024-06-26,0,Overnight,0.0,False,-77.66,-77.66,126.89,False,0.0,False
2024-06-26,2024-06-27,0,Overnight,0.0,False,22.0,22.0,102.73,False,0.0,False
2024-06-27,2024-06-28,0,Overnight,0.0,False,-46.49,-46.49,-253.2,False,0.0,False
2024-06-28,2024-07-01,2,Weekend,48.0,False,14.47,14.47,-5.35,False,0.0,False
2024-07-01,2024-07-02,0,Overnight,0.0,False,-77.98,-77.98,173.03,False,0.0,False
2024-07-02,2024-07-03,0,Overnight,0.0,False,-61.62,-61.62,70.65,False,0.0,False
2024-07-03,2024-07-05,1,Short,24.0,True,32.11,32.11,538.59,False,0.0,False
2024-07-05,2024-07-08,2,Weekend,48.0,False,45.09,45.09,-243.18,False,0.0,False
2024-07-08,2024-07-09,0,Overnight,0.0,False,83.34,83.34,-70.51,False,0.0,False
2024-07-09,2024-07-10,0,Overnight,0.0,False,14.89,14.89,73.21,False,0.0,False
2024-07-10,2024-07-11,0,Overnight,0.0,False,-71.32,-71.32,-348.64,False,0.0,False
2024-07-11,2024-07-12,0,Overnight,0.0,False,-295.73,-295.73,22.27,False,0.0,False
2024-07-12,2024-07-15,2,Weekend,48.0,False,-4.81,-4.81,-49.66,False,0.0,False
2024-07-15,2024-07-16,0,Overnight,0.0,False,107.05,107.05,-236.27,False,0.0,False
2024-07-16,2024-07-17,0,Overnight,0.0,False,-219.21,-219.21,-365.12,False,0.0,False
2024-07-17,2024-07-18,0,Overnight,0.0,False,277.72,277.72,17.88,False,0.0,False
2024-07-18,2024-07-19,0,Overnight,0.0,False,4.41,4.41,15.32,False,0.0,False
2024-07-19,2024-07-22,2,Weekend,48.0,False,203.25,203.25,16.84,False,0.0,False
2024-07-22,2024-07-23,0,Overnight,0.0,False,49.94,49.94,-23.5,False,0.0,False
2024-07-23,2024-07-24,0,Overnight,0.0,False,-340.93,-340.93,-236.52,False,0.0,False
2024-07-24,2024-07-25,0,Overnight,0.0,False,43.05,43.05,-214.92,False,0.0,False
2024-07-25,2024-07-26,0,Overnight,0.0,False,235.19,235.19,32.26,False,0.0,False
2024-07-26,2024-07-29,2,Weekend,48.0,False,89.36,89.36,-89.14,False,0.0,False
2024-07-29,2024-07-30,0,Overnight,0.0,False,27.66,27.66,-81.92,False,0.0,False
2024-07-30,2024-07-31,0,Overnight,0.0,False,167.63,167.63,80.56,False,0.0,False
2024-07-31,2024-08-01,0,Overnight,0.0,False,927.93,927.93,-456.72,False,0.0,False
2024-08-01,2024-08-02,0,Overnight,0.0,False,-177.15,-177.15,-17.6,False,0.0,False
2024-08-02,2024-08-05,2,Weekend,48.0,False,-783.59,-783.59,526.07,False,0.0,False
2024-08-05,2024-08-06,0,Overnight,0.0,False,68.5,68.5,310.17,False,0.0,False
2024-08-06,2024-08-07,0,Overnight,0.0,False,181.31,181.31,-286.5,False,0.0,False
2024-08-07,2024-08-08,0,Overnight,0.0,False,173.97,173.97,240.89,False,0.0,False
2024-08-08,2024-08-09,0,Overnight,0.0,False,-37.75,-37.75,196.21,False,0.0,False
2024-08-09,2024-08-12,2,Weekend,48.0,False,-17.59,-17.59,-17.62,False,0.0,False
2024-08-12,2024-08-13,0,Overnight,0.0,False,78.38,78.38,162.7,False,0.0,False
2024-08-13,2024-08-14,0,Overnight,0.0,False,-9.09,-9.09,-24.65,False,0.0,False
2024-08-14,2024-08-15,0,Overnight,0.0,False,95.04,95.04,103.64,False,0.0,False
2024-08-15,2024-08-16,0,Overnight,0.0,False,-101.57,-101.57,-84.58,False,0.0,False
2024-08-16,2024-08-19,2,Weekend,48.0,False,-10.43,-10.43,45.64,False,0.0,False
2024-08-19,2024-08-20,0,Overnight,0.0,False,-17.59,-17.59,-30.71,False,0.0,False
2024-08-20,2024-08-21,0,Overnight,0.0,False,7.97,7.97,150.81,False,0.0,False
2024-08-21,2024-08-22,0,Overnight,0.0,False,34.32,34.32,-94.86,False,0.0,False
2024-08-22,2024-08-23,0,Overnight,0.0,False,93.37,93.37,-167.53,False,0.0,False
2024-08-23,2024-08-26,2,Weekend,48.0,False,-7.58,-7.58,-123.58,False,0.0,False
2024-08-26,2024-08-27,0,Overnight,0.0,False,-41.15,-41.15,2.31,False,0.0,False
2024-08-27,2024-08-28,0,Overnight,0.0,False,-27.59,-27.59,-17.21,False,0.0,False
2024-08-28,2024-08-29,0,Overnight,0.0,False,43.83,43.83,-16.0,False,0.0,False
2024-08-29,2024-08-30,0,Overnight,0.0,False,60.22,60.22,-0.77,False,0.0,False
2024-08-30,2024-09-03,3,Long,72.0,False,-32.09,-32.09,-152.81,False,0.0,False
2024-09-03,2024-09-04,0,Overnight,0.0,False,-111.81,-111.81,130.94,False,0.0,False
2024-09-04,2024-09-05,0,Overnight,0.0,False,-19.91,-19.91,99.94,False,0.0,False
2024-09-05,2024-09-06,0,Overnight,0.0,False,96.66,96.66,-422.9,False,0.0,False
2024-09-06,2024-09-09,2,Weekend,48.0,False,117.05,117.05,-27.1,False,0.0,False
2024-09-09,2024-09-10,0,Overnight,0.0,False,66.54,66.54,-66.54,False,0.0,False
2024-09-10,2024-09-11,0,Overnight,0.0,False,43.88,43.88,94.62,False,0.0,False
2024-09-11,2024-09-12,0,Overnight,0.0,False,101.47,101.47,164.01,False,0.0,False
2024-09-12,2024-09-13,0,Overnight,0.0,False,-100.58,-100.58,81.92,False,0.0,False
2024-09-13,2024-09-16,2,Weekend,48.0,False,-1.53,8.0,165.25,True,9.53,False
2024-09-16,2024-09-17,0,Overnight,0.0,False,80.68,80.68,-23.84,False,0.0,False
2024-09-17,2024-09-18,0,Overnight,0.0,False,13.97,13.97,16.37,False,0.0,False
2024-09-18,2024-09-19,0,Overnight,0.0,False,221.53,221.53,164.1,False,0.0,False
2024-09-19,2024-09-20,0,Overnight,0.0,False,16.08,16.08,24.08,False,0.0,False
2024-09-20,2024-09-23,2,Weekend,48.0,False,144.14,144.14,-89.78,False,0.0,False
2024-09-23,2024-09-24,0,Overnight,0.0,False,40.14,40.14,-59.29,False,0.0,False
2024-09-24,2024-09-25,0,Overnight,0.0,False,12.77,12.77,75.24,False,0.0,False
2024-09-25,2024-09-26,0,Overnight,0.0,False,129.72,129.72,-137.99,False,0.0,False
2024-09-26,2024-09-27,0,Overnight,0.0,False,39.72,39.72,-48.18,False,0.0,False
2024-09-27,2024-09-30,2,Weekend,48.0,False,5.99,5.99,83.15,False,0.0,False
2024-09-30,2024-10-01,0,Overnight,0.0,False,96.31,96.31,-26.16,False,0.0,False
2024-10-01,2024-10-02,0,Overnight,0.0,False,-27.97,-27.97,-35.72,False,0.0,False
2024-10-02,2024-10-03,0,Overnight,0.0,False,-46.55,-46.55,218.93,False,0.0,False
2024-10-03,2024-10-04,0,Overnight,0.0,False,16.46,16.46,207.01,False,0.0,False
2024-10-04,2024-10-07,2,Weekend,48.0,False,38.19,38.19,-227.23,False,0.0,False
2024-10-07,2024-10-08,0,Overnight,0.0,False,83.61,83.61,54.12,False,0.0,False
2024-10-08,2024-10-09,0,Overnight,0.0,False,18.54,18.54,-58.76,False,0.0,False
2024-10-09,2024-10-10,0,Overnight,0.0,False,-49.91,-49.91,-63.86,False,0.0,False
2024-10-10,2024-10-11,0,Overnight,0.0,False,17.11,17.11,87.17,False,0.0,False
2024-10-11,2024-10-14,2,Weekend,48.0,False,72.12,72.12,-64.15,False,0.0,False
2024-10-14,2024-10-15,0,Overnight,0.0,False,-4.4,-4.4,-66.13,False,0.0,False
2024-10-15,2024-10-16,0,Overnight,0.0,False,-83.41,-83.41,-79.61,False,0.0,False
2024-10-16,2024-10-17,0,Overnight,0.0,False,112.75,112.75,-110.32,False,0.0,False
2024-10-17,2024-10-18,0,Overnight,0.0,False,72.02,72.02,-80.0,False,0.0,False
2024-10-18,2024-10-21,2,Weekend,48.0,False,-7.63,-7.63,-15.12,False,0.0,False
2024-10-21,2024-10-22,0,Overnight,0.0,False,-15.14,-15.14,133.53,False,0.0,False
2024-10-22,2024-10-23,0,Overnight,0.0,False,-35.11,-35.11,-284.72,False,0.0,False
2024-10-23,2024-10-24,0,Overnight,0.0,False,60.84,60.84,11.46,False,0.0,False
2024-10-24,2024-10-25,0,Overnight,0.0,False,107.73,107.73,-11.86,False,0.0,False
2024-10-25,2024-10-28,2,Weekend,48.0,False,151.49,151.49,-66.2,False,0.0,False
2024-10-28,2024-10-29,0,Overnight,0.0,False,34.36,34.36,223.8,False,0.0,False
2024-10-29,2024-10-30,0,Overnight,0.0,False,128.95,128.95,-153.93,False,0.0,False
2024-10-30,2024-10-31,0,Overnight,0.0,False,-115.57,-115.57,-302.3,False,0.0,False
2024-10-31,2024-11-01,0,Overnight,0.0,False,0.53,0.53,-7.93,False,0.0,False
2024-11-01,2024-11-04,2,Weekend,49.0,False,-54.1,-54.1,-60.81,False,0.0,False
2024-11-04,2024-11-05,0,Overnight,0.0,False,117.38,117.38,90.02,False,0.0,False
2024-11-05,2024-11-06,0,Overnight,0.0,False,-170.55,-170.55,163.91,False,0.0,False
2024-11-06,2024-11-07,0,Overnight,0.0,False,84.25,84.25,253.48,False,0.0,False
2024-11-07,2024-11-08,0,Overnight,0.0,False,-2.71,-2.71,-37.26,False,0.0,False
2024-11-08,2024-11-11,2,Weekend,48.0,False,-50.69,-50.69,-54.55,False,0.0,False
2024-11-11,2024-11-12,0,Overnight,0.0,False,91.66,91.66,-63.41,False,0.0,False
2024-11-12,2024-11-13,0,Overnight,0.0,False,-37.86,-37.86,-44.9,False,0.0,False
2024-11-13,2024-11-14,0,Overnight,0.0,False,-51.86,-51.86,2.77,False,0.0,False
2024-11-14,2024-11-15,0,Overnight,0.0,False,-103.45,-103.45,-304.65,False,0.0,False
2024-11-15,2024-11-18,2,Weekend,48.0,False,53.28,53.28,-47.51,False,0.0,False
2024-11-18,2024-11-19,0,Overnight,0.0,False,-45.92,-45.92,165.87,False,0.0,False
2024-11-19,2024-11-20,0,Overnight,0.0,False,32.74,32.74,45.9,False,0.0,False
2024-11-20,2024-11-21,0,Overnight,0.0,False,70.48,70.48,-113.54,False,0.0,False
2024-11-21,2024-11-22,0,Overnight,0.0,False,8.17,8.17,-78.56,False,0.0,False
2024-11-22,2024-11-25,2,Weekend,48.0,False,52.8,52.8,53.41,False,0.0,False
2024-11-25,2024-11-26,0,Overnight,0.0,False,15.74,15.74,132.34,False,0.0,False
2024-11-26,2024-11-27,0,Overnight,0.0,False,23.51,23.51,-99.47,False,0.0,False
2024-11-27,2024-11-29,1,Short,24.0,False,-3.51,-3.51,93.06,False,0.0,False
2024-11-29,2024-12-02,2,Weekend,48.0,True,55.22,55.22,261.99,False,0.0,False
2024-12-02,2024-12-03,0,Overnight,0.0,False,36.54,36.54,308.63,False,0.0,False
2024-12-03,2024-12-04,0,Overnight,0.0,False,-11.25,-11.25,13.37,False,0.0,False
2024-12-04,2024-12-05,0,Overnight,0.0,False,53.62,53.62,-132.95,False,0.0,False
2024-12-05,2024-12-06,0,Overnight,0.0,False,19.2,19.2,221.59,False,0.0,False
2024-12-06,2024-12-09,2,Weekend,48.0,False,2.4,2.4,-167.28,False,0.0,False
2024-12-09,2024-12-10,0,Overnight,0.0,False,64.82,64.82,28.46,False,0.0,False
2024-12-10,2024-12-11,0,Overnight,0.0,False,65.18,65.18,148.25,False,0.0,False
2024-12-11,2024-12-12,0,Overnight,0.0,False,-18.67,-18.67,-11.25,False,0.0,False
2024-12-12,2024-12-13,0,Overnight,0.0,False,-56.76,-56.76,-110.14,False,0.0,False
2024-12-13,2024-12-16,2,Weekend,48.0,False,154.04,161.98,-91.53,True,8.06,False
2024-12-16,2024-12-17,0,Overnight,0.0,False,30.87,30.87,-108.06,False,0.0,False
2024-12-17,2024-12-18,0,Overnight,0.0,False,25.15,25.15,-390.96,False,0.0,False
2024-12-18,2024-12-19,0,Overnight,0.0,False,218.63,218.63,-245.79,False,0.0,False
2024-12-19,2024-12-20,0,Overnight,0.0,False,-84.14,-84.14,-90.66,False,0.0,False
2024-12-20,2024-12-23,2,Weekend,48.0,False,74.05,74.05,172.35,False,0.0,False
2024-12-23,2024-12-24,0,Overnight,0.0,False,47.73,47.73,83.11,False,0.0,False
2024-12-24,2024-12-26,1,Short,24.0,True,-37.42,-37.42,-35.24,False,0.0,False
2024-12-26,2024-12-27,0,Overnight,0.0,False,-65.52,-65.52,6.67,False,0.0,False
2024-12-27,2024-12-30,2,Weekend,48.0,False,-186.11,-186.11,42.2,False,0.0,False
2024-12-30,2024-12-31,0,Overnight,0.0,False,17.41,17.41,-114.79,False,0.0,False
2024-12-31,2025-01-02,1,Short,24.0,False,71.65,71.65,160.14,False,0.0,False
2025-01-02,2025-01-03,0,Overnight,0.0,False,91.7,91.7,-2.15,False,0.0,False
2025-01-03,2025-01-06,2,Weekend,48.0,False,118.38,118.38,295.83,False,0.0,False
2025-01-06,2025-01-07,0,Overnight,0.0,False,23.77,23.77,-221.04,False,0.0,False
2025-01-07,2025-01-08,0,Overnight,0.0,False,-72.93,-72.93,-43.79,False,0.0,False
2025-01-08,2025-01-10,1,Short,24.0,False,-11.3,-11.3,95.11,False,0.0,False
2025-01-10,2025-01-13,2,Weekend,48.0,False,-143.26,-143.26,20.24,False,0.0,False
2025-01-13,2025-01-14,0,Overnight,0.0,False,-53.73,-53.73,-180.44,False,0.0,False
2025-01-14,2025-01-15,0,Overnight,0.0,False,265.03,265.03,112.6,False,0.0,False
2025-01-15,2025-01-16,0,Overnight,0.0,False,-91.49,-91.49,-3.27,False,0.0,False
2025-01-16,2025-01-17,0,Overnight,0.0,False,206.43,206.43,-182.41,False,0.0,False
2025-01-17,2025-01-21,3,Long,72.0,False,82.24,82.24,-22.2,False,0.0,False
2025-01-21,2025-01-22,0,Overnight,0.0,False,110.34,110.34,3.21,False,0.0,False
2025-01-22,2025-01-23,0,Overnight,0.0,False,61.72,61.72,143.85,False,0.0,False
2025-01-23,2025-01-24,0,Overnight,0.0,False,-0.79,-0.79,172.76,False,0.0,False
2025-01-24,2025-01-27,2,Weekend,48.0,False,-327.79,-327.79,517.34,False,0.0,False
2025-01-27,2025-01-28,0,Overnight,0.0,False,92.32,92.32,124.3,False,0.0,False
2025-01-28,2025-01-29,0,Overnight,0.0,False,9.93,9.93,22.05,False,0.0,False
2025-01-29,2025-01-30,0,Overnight,0.0,False,296.09,296.09,-141.93,False,0.0,False
2025-01-30,2025-01-31,0,Overnight,0.0,False,58.06,58.06,-26.37,False,0.0,False
2025-01-31,2025-02-03,2,Weekend,48.0,False,-194.43,-194.43,313.85,False,0.0,False
2025-02-03,2025-02-04,0,Overnight,0.0,False,72.0,72.0,24.03,False,0.0,False
2025-02-04,2025-02-05,0,Overnight,0.0,False,-9.09,-9.09,18.74,False,0.0,False
2025-02-05,2025-02-06,0,Overnight,0.0,False,14.32,14.32,86.19,False,0.0,False
2025-02-06,2025-02-07,0,Overnight,0.0,False,67.33,67.33,-31.86,False,0.0,False
2025-02-07,2025-02-10,2,Weekend,48.0,False,56.38,56.38,-16.16,False,0.0,False
2025-02-10,2025-02-11,0,Overnight,0.0,False,-57.03,-57.03,90.43,False,0.0,False
2025-02-11,2025-02-12,0,Overnight,0.0,False,-62.71,-62.71,139.94,False,0.0,False
2025-02-12,2025-02-13,0,Overnight,0.0,False,-53.36,-53.36,97.1,False,0.0,False
2025-02-13,2025-02-14,0,Overnight,0.0,False,-33.27,-33.27,143.97,False,0.0,False
2025-02-14,2025-02-18,3,Long,72.0,False,-9.1,-9.1,-270.33,False,0.0,False
2025-02-18,2025-02-19,0,Overnight,0.0,False,-172.76,-172.76,-4.69,False,0.0,False
2025-02-19,2025-02-20,0,Overnight,0.0,False,-92.65,-92.65,-35.05,False,0.0,False
2025-02-20,2025-02-21,0,Overnight,0.0,False,25.01,25.01,-188.83,False,0.0,False
2025-02-21,2025-02-24,2,Weekend,48.0,False,39.86,39.86,-268.03,False,0.0,False
2025-02-24,2025-02-25,0,Overnight,0.0,False,-32.38,-32.38,-128.0,False,0.0,False
2025-02-25,2025-02-26,0,Overnight,0.0,False,32.65,32.65,210.75,False,0.0,False
2025-02-26,2025-02-27,0,Overnight,0.0,False,129.04,129.04,-361.2,False,0.0,False
2025-02-27,2025-02-28,0,Overnight,0.0,False,-3.04,-3.04,153.22,False,0.0,False
2025-02-28,2025-03-03,2,Weekend,48.0,False,81.68,81.68,-280.44,False,0.0,False
2025-03-03,2025-03-04,0,Overnight,0.0,False,-146.71,-146.71,-85.73,False,0.0,False
2025-03-04,2025-03-05,0,Overnight,0.0,False,15.61,15.61,238.47,False,0.0,False
2025-03-05,2025-03-06,0,Overnight,0.0,False,-129.86,-129.86,-314.62,False,0.0,False
2025-03-06,2025-03-07,0,Overnight,0.0,False,-40.85,-40.85,4.64,False,0.0,False
2025-03-07,2025-03-10,2,Weekend,47.0,False,-285.17,-285.17,-167.16,False,0.0,False
2025-03-10,2025-03-11,0,Overnight,0.0,False,-49.29,-49.29,177.56,False,0.0,False
2025-03-11,2025-03-12,0,Overnight,0.0,False,391.6,391.6,-165.52,False,0.0,False
2025-03-12,2025-03-13,0,Overnight,0.0,False,11.13,11.13,-489.16,False,0.0,False
2025-03-13,2025-03-14,0,Overnight,0.0,False,203.79,212.49,79.31,True,8.89,False
2025-03-14,2025-03-17,2,Weekend,48.0,False,-2.3,-2.3,-42.23,False,0.0,False
2025-03-17,2025-03-18,0,Overnight,0.0,False,-80.5,-80.5,-299.24,False,0.0,False
2025-03-18,2025-03-19,0,Overnight,0.0,False,32.92,32.92,-3.77,False,0.0,False
2025-03-19,2025-03-20,0,Overnight,0.0,False,-22.28,-22.28,55.44,False,0.0,False
2025-03-20,2025-03-21,0,Overnight,0.0,False,-44.12,-44.12,217.53,False,0.0,False
2025-03-21,2025-03-24,2,Weekend,48.0,False,309.13,309.13,62.89,False,0.0,False
2025-03-24,2025-03-25,0,Overnight,0.0,False,127.01,127.01,-7.18,False,0.0,False
2025-03-25,2025-03-26,0,Overnight,0.0,False,-22.7,-22.7,-225.11,False,0.0,False
2025-03-26,2025-03-27,0,Overnight,0.0,False,-148.07,-148.07,9.63,False,0.0,False
2025-03-27,2025-03-28,0,Overnight,0.0,False,-37.74,-37.74,-400.55,False,0.0,False
2025-03-28,2025-03-31,2,Weekend,48.0,False,-232.24,-232.24,225.65,False,0.0,False
2025-03-31,2025-04-01,0,Overnight,0.0,False,-96.23,-96.23,262.11,False,0.0,False
2025-04-01,2025-04-02,0,Overnight,0.0,False,-191.06,-191.06,155.68,False,0.0,False
2025-04-02,2025-04-03,0,Overnight,0.0,False,-667.59,-667.59,-270.93,False,0.0,False
2025-04-03,2025-04-04,0,Overnight,0.0,False,-481.68,-481.68,-37.38,False,0.0,False
2025-04-04,2025-04-07,2,Weekend,48.0,False,-396.69,-396.69,622.36,False,0.0,False
2025-04-07,2025-04-08,0,Overnight,0.0,False,509.78,509.78,-622.77,False,0.0,False
2025-04-08,2025-04-09,0,Overnight,0.0,False,-23.14,-23.14,1399.49,False,0.0,False
2025-04-09,2025-04-10,0,Overnight,0.0,False,-177.05,-177.05,-520.72,False,0.0,False
2025-04-10,2025-04-11,0,Overnight,0.0,False,-199.3,-199.3,149.39,False,0.0,False
2025-04-11,2025-04-14,2,Weekend,48.0,False,229.15,229.15,-454.08,False,0.0,False
2025-04-14,2025-04-15,0,Overnight,0.0,False,11.85,11.85,-201.03,False,0.0,False
2025-04-15,2025-04-16,0,Overnight,0.0,False,-252.63,-252.63,-122.67,False,0.0,False
2025-04-16,2025-04-17,0,Overnight,0.0,False,58.36,58.36,-74.9,False,0.0,False
2025-04-17,2025-04-21,3,Long,72.0,False,-204.48,-204.48,-136.68,False,0.0,False
2025-04-21,2025-04-22,0,Overnight,0.0,False,147.67,147.67,169.53,False,0.0,False
2025-04-22,2025-04-23,0,Overnight,0.0,False,549.32,549.32,-157.52,False,0.0,False
2025-04-23,2025-04-24,0,Overnight,0.0,False,-29.64,-29.64,274.19,False,0.0,False
2025-04-24,2025-04-25,0,Overnight,0.0,False,252.8,252.8,8.59,False,0.0,False
2025-04-25,2025-04-28,2,Weekend,48.0,False,151.78,151.78,-106.75,False,0.0,False
2025-04-28,2025-04-29,0,Overnight,0.0,False,-68.26,-68.26,153.4,False,0.0,False
2025-04-29,2025-04-30,0,Overnight,0.0,False,-293.57,-293.57,194.97,False,0.0,False
2025-04-30,2025-05-01,0,Overnight,0.0,False,755.43,755.43,-341.36,False,0.0,False
2025-05-01,2025-05-02,0,Overnight,0.0,False,194.7,194.7,229.75,False,0.0,False
2025-05-02,2025-05-05,2,Weekend,48.0,False,-97.62,-97.62,135.24,False,0.0,False
2025-05-05,2025-05-06,0,Overnight,0.0,False,-113.11,-113.11,-88.49,False,0.0,False
2025-05-06,2025-05-07,0,Overnight,0.0,False,51.8,51.8,108.66,False,0.0,False
2025-05-07,2025-05-08,0,Overnight,0.0,False,157.6,157.6,-137.51,False,0.0,False
2025-05-08,2025-05-09,0,Overnight,0.0,False,95.03,95.03,-187.76,False,0.0,False
2025-05-09,2025-05-12,2,Weekend,48.0,False,628.45,628.45,133.98,False,0.0,False
2025-05-12,2025-05-13,0,Overnight,0.0,False,95.1,95.1,161.19,False,0.0,False
2025-05-13,2025-05-14,0,Overnight,0.0,False,78.65,78.65,-28.02,False,0.0,False
2025-05-14,2025-05-15,0,Overnight,0.0,False,-77.34,-77.34,-160.23,False,0.0,False
2025-05-15,2025-05-16,0,Overnight,0.0,False,-92.37,-92.37,37.24,False,0.0,False
2025-05-16,2025-05-19,2,Weekend,48.0,False,-190.61,-190.61,192.02,False,0.0,False
2025-05-19,2025-05-20,0,Overnight,0.0,False,-69.26,-69.26,17.12,False,0.0,False
2025-05-20,2025-05-21,0,Overnight,0.0,False,-83.7,-83.7,58.55,False,0.0,False
2025-05-21,2025-05-22,0,Overnight,0.0,False,-22.84,-22.84,39.67,False,0.0,False
2025-05-22,2025-05-23,0,Overnight,0.0,False,-199.44,-199.44,48.92,False,0.0,False
2025-05-23,2025-05-27,3,Long,72.0,False,132.28,132.28,108.16,False,0.0,False
2025-05-27,2025-05-28,0,Overnight,0.0,False,4.36,4.36,15.24,False,0.0,False
2025-05-28,2025-05-29,0,Overnight,0.0,False,124.61,124.61,-101.8,False,0.0,False
2025-05-29,2025-05-30,0,Overnight,0.0,False,-39.61,-39.61,77.37,False,0.0,False
2025-05-30,2025-06-02,2,Weekend,48.0,False,-47.99,-47.99,403.16,False,0.0,False
2025-06-02,2025-06-03,0,Overnight,0.0,False,8.19,8.19,-68.74,False,0.0,False
2025-06-03,2025-06-04,0,Overnight,0.0,False,36.97,36.97,274.54,False,0.0,False
2025-06-04,2025-06-05,0,Overnight,0.0,False,53.78,53.78,-102.31,False,0.0,False
2025-06-05,2025-06-06,0,Overnight,0.0,False,167.3,167.3,22.1,False,0.0,False
2025-06-06,2025-06-09,2,Weekend,48.0,False,10.74,10.74,-63.2,False,0.0,False
2025-06-09,2025-06-10,0,Overnight,0.0,False,104.49,104.49,14.96,False,0.0,False
2025-06-10,2025-06-11,0,Overnight,0.0,False,18.63,18.63,-136.93,False,0.0,False
2025-06-11,2025-06-12,0,Overnight,0.0,False,-12.11,-12.11,0.87,False,0.0,False
2025-06-12,2025-06-13,0,Overnight,0.0,False,-78.33,-78.33,-74.12,False,0.0,False
2025-06-13,2025-06-16,2,Weekend,48.0,False,238.18,245.69,39.82,True,7.69,False
2025-06-16,2025-06-17,0,Overnight,0.0,False,-1.71,-1.71,-68.18,False,0.0,False
2025-06-17,2025-06-18,0,Overnight,0.0,False,13.62,13.62,-34.58,False,0.0,False
2025-06-18,2025-06-20,1,Short,24.0,False,71.32,71.32,-266.09,False,0.0,False
2025-06-20,2025-06-23,2,Weekend,48.0,False,19.62,19.62,214.74,False,0.0,False
2025-06-23,2025-06-24,0,Overnight,0.0,False,90.64,90.64,103.17,False,0.0,False
2025-06-24,2025-06-25,0,Overnight,0.0,False,15.71,15.71,-65.26,False,0.0,False
2025-06-25,2025-06-26,0,Overnight,0.0,False,79.83,79.83,162.87,False,0.0,False
2025-06-26,2025-06-27,0,Overnight,0.0,False,5.92,5.92,97.39,False,0.0,False
2025-06-27,2025-06-30,2,Weekend,48.0,False,147.75,147.75,-87.14,False,0.0,False
2025-06-30,2025-07-01,0,Overnight,0.0,False,-16.41,-16.41,-242.58,False,0.0,False
2025-07-01,2025-07-02,0,Overnight,0.0,False,-54.23,-54.23,-24.63,False,0.0,False
2025-07-02,2025-07-03,0,Overnight,0.0,False,181.09,181.09,-105.15,False,0.0,False
2025-07-03,2025-07-07,3,Long,72.0,True,-19.63,-19.63,10.45,False,0.0,False
2025-07-07,2025-07-08,0,Overnight,0.0,False,44.73,44.73,-12.48,False,0.0,False
2025-07-08,2025-07-09,0,Overnight,0.0,False,28.41,28.41,138.24,False,0.0,False
2025-07-09,2025-07-10,0,Overnight,0.0,False,-16.8,-16.8,-59.09,False,0.0,False
2025-07-10,2025-07-11,0,Overnight,0.0,False,-65.39,-65.39,-69.31,False,0.0,False
2025-07-11,2025-07-14,2,Weekend,48.0,False,1.25,1.25,46.16,False,0.0,False
2025-07-14,2025-07-15,0,Overnight,0.0,False,41.25,41.25,-188.39,False,0.0,False
2025-07-15,2025-07-16,0,Overnight,0.0,False,41.86,41.86,-147.71,False,0.0,False
2025-07-16,2025-07-17,0,Overnight,0.0,False,21.03,21.03,-42.4,False,0.0,False
2025-07-17,2025-07-18,0,Overnight,0.0,False,11.11,11.11,29.72,False,0.0,False
2025-07-18,2025-07-21,2,Weekend,48.0,False,35.72,35.72,86.92,False,0.0,False
2025-07-21,2025-07-22,0,Overnight,0.0,False,45.06,45.06,-160.17,False,0.0,False
2025-07-22,2025-07-23,0,Overnight,0.0,False,22.11,22.11,101.55,False,0.0,False
2025-07-23,2025-07-24,0,Overnight,0.0,False,48.51,48.51,-31.43,False,0.0,False
2025-07-24,2025-07-25,0,Overnight,0.0,False,29.61,29.61,-59.32,False,0.0,False
2025-07-25,2025-07-28,2,Weekend,48.0,False,35.3,35.3,33.92,False,0.0,False
2025-07-28,2025-07-29,0,Overnight,0.0,False,32.97,32.97,-281.71,False,0.0,False
2025-07-29,2025-07-30,0,Overnight,0.0,False,114.91,114.91,-183.57,False,0.0,False
2025-07-30,2025-07-31,0,Overnight,0.0,False,1089.07,1089.07,-22.73,False,0.0,False
2025-07-31,2025-08-01,0,Overnight,0.0,False,-165.7,-165.7,-141.92,False,0.0,False
2025-08-01,2025-08-04,2,Weekend,48.0,False,132.32,132.32,213.11,False,0.0,False
2025-08-04,2025-08-05,0,Overnight,0.0,False,1.03,1.03,-168.72,False,0.0,False
2025-08-05,2025-08-06,0,Overnight,0.0,False,85.3,85.3,25.81,False,0.0,False
2025-08-06,2025-08-07,0,Overnight,0.0,False,19.41,19.41,-151.89,False,0.0,False
2025-08-07,2025-08-08,0,Overnight,0.0,False,12.07,12.07,85.51,False,0.0,False
2025-08-08,2025-08-11,2,Weekend,48.0,False,10.13,10.13,-54.82,False,0.0,False
2025-08-11,2025-08-12,0,Overnight,0.0,False,92.67,92.67,217.54,False,0.0,False
2025-08-12,2025-08-13,0,Overnight,0.0,False,14.55,14.55,-140.91,False,0.0,False
2025-08-13,2025-08-14,0,Overnight,0.0,False,-28.24,-28.24,54.49,False,0.0,False
2025-08-14,2025-08-15,0,Overnight,0.0,False,25.79,25.79,13.76,False,0.0,False
2025-08-15,2025-08-18,2,Weekend,48.0,False,-129.97,-129.97,-100.1,False,0.0,False
2025-08-18,2025-08-19,0,Overnight,0.0,False,-3.26,-3.26,-205.99,False,0.0,False
2025-08-19,2025-08-20,0,Overnight,0.0,False,-52.17,-52.17,2.01,False,0.0,False
2025-08-20,2025-08-21,0,Overnight,0.0,False,-40.34,-40.34,-75.62,False,0.0,False
2025-08-21,2025-08-22,0,Overnight,0.0,False,1.76,1.76,208.3,False,0.0,False
2025-08-22,2025-08-25,2,Weekend,48.0,False,0.4,0.4,-20.16,False,0.0,False
2025-08-25,2025-08-26,0,Overnight,0.0,False,-33.24,-33.24,43.86,False,0.0,False
2025-08-26,2025-08-27,0,Overnight,0.0,False,-23.9,-23.9,-65.61,False,0.0,False
2025-08-27,2025-08-28,0,Overnight,0.0,False,-45.33,-45.33,95.11,False,0.0,False
2025-08-28,2025-08-29,0,Overnight,0.0,False,-77.92,-77.92,-88.68,False,0.0,False
2025-08-29,2025-09-02,3,Long,72.0,False,-172.87,-172.87,124.15,False,0.0,False
2025-09-02,2025-09-03,0,Overnight,0.0,False,12.1,12.1,14.26,False,0.0,False
2025-09-03,2025-09-04,0,Overnight,0.0,False,155.09,155.09,1.07,False,0.0,False
2025-09-04,2025-09-05,0,Overnight,0.0,False,52.89,52.89,-2.26,False,0.0,False
2025-09-05,2025-09-08,2,Weekend,48.0,False,47.07,47.07,-49.06,False,0.0,False
2025-09-08,2025-09-09,0,Overnight,0.0,False,68.75,68.75,107.8,False,0.0,False
2025-09-09,2025-09-10,0,Overnight,0.0,False,-7.45,-7.45,-173.36,False,0.0,False
2025-09-10,2025-09-11,0,Overnight,0.0,False,35.44,35.44,-49.82,False,0.0,False
2025-09-11,2025-09-12,0,Overnight,0.0,False,-28.94,-28.94,91.21,False,0.0,False
2025-09-12,2025-09-15,2,Weekend,48.0,False,24.85,24.85,95.0,False,0.0,False
2025-09-15,2025-09-16,0,Overnight,0.0,False,30.03,30.03,155.24,False,0.0,False
2025-09-16,2025-09-17,0,Overnight,0.0,False,12.7,12.7,-54.89,False,0.0,False
2025-09-17,2025-09-18,0,Overnight,0.0,False,64.63,64.63,-6.41,False,0.0,False
2025-09-18,2025-09-19,0,Overnight,0.0,False,78.77,78.77,-102.76,False,0.0,False
2025-09-19,2025-09-22,2,Weekend,48.0,False,44.48,51.19,-215.78,True,6.74,False
2025-09-22,2025-09-23,0,Overnight,0.0,False,53.31,53.31,-181.69,False,0.0,False
2025-09-23,2025-09-24,0,Overnight,0.0,False,27.76,27.76,41.63,False,0.0,False
2025-09-24,2025-09-25,0,Overnight,0.0,False,-95.24,-95.24,-60.44,False,0.0,False
2025-09-25,2025-09-26,0,Overnight,0.0,False,14.54,14.54,-83.68,False,0.0,False
2025-09-26,2025-09-29,2,Weekend,48.0,False,66.6,66.6,-71.31,False,0.0,False
2025-09-29,2025-09-30,0,Overnight,0.0,False,-15.48,-15.48,-106.6,False,0.0,False
2025-09-30,2025-10-01,0,Overnight,0.0,False,-177.08,-177.08,-57.69,False,0.0,False
2025-10-01,2025-10-02,0,Overnight,0.0,False,72.78,72.78,61.67,False,0.0,False
2025-10-02,2025-10-03,0,Overnight,0.0,False,35.42,35.42,-264.84,False,0.0,False
2025-10-03,2025-10-06,2,Weekend,48.0,False,-75.86,-75.86,147.38,False,0.0,False
2025-10-06,2025-10-07,0,Overnight,0.0,False,28.74,28.74,-64.86,False,0.0,False
2025-10-07,2025-10-08,0,Overnight,0.0,False,5.19,5.19,61.34,False,0.0,False
2025-10-08,2025-10-09,0,Overnight,0.0,False,6.13,6.13,209.82,False,0.0,False
2025-10-09,2025-10-10,0,Overnight,0.0,False,-35.37,-35.37,-356.81,False,0.0,False
2025-10-10,2025-10-13,2,Weekend,48.0,False,108.72,108.72,37.66,False,0.0,False
2025-10-13,2025-10-14,0,Overnight,0.0,False,-111.28,-111.28,12.28,False,0.0,False
2025-10-14,2025-10-15,0,Overnight,0.0,False,117.98,117.98,6.83,False,0.0,False
2025-10-15,2025-10-16,0,Overnight,0.0,False,0.0,0.0,-76.66,False,0.0,False
2025-10-16,2025-10-17,0,Overnight,0.0,False,-70.32,-70.32,138.2,False,0.0,False
2025-10-17,2025-10-20,2,Weekend,48.0,False,59.38,59.38,151.1,False,0.0,False
2025-10-20,2025-10-21,0,Overnight,0.0,False,52.45,52.45,-37.43,False,0.0,False
2025-10-21,2025-10-22,0,Overnight,0.0,False,7.63,7.63,-5.73,False,0.0,False
2025-10-22,2025-10-23,0,Overnight,0.0,False,17.57,17.57,-9.53,False,0.0,False
2025-10-23,2025-10-24,0,Overnight,0.0,False,37.94,37.94,21.29,False,0.0,False
2025-10-24,2025-10-27,2,Weekend,48.0,False,152.82,152.82,14.53,False,0.0,False
2025-10-27,2025-10-28,0,Overnight,0.0,False,24.08,24.08,-15.82,False,0.0,False
2025-10-28,2025-10-29,0,Overnight,0.0,False,43.95,43.95,-40.89,False,0.0,False
2025-10-29,2025-10-30,0,Overnight,0.0,False,-1162.89,-1162.89,-40.13,False,0.0,False
2025-10-30,2025-10-31,0,Overnight,0.0,False,119.91,119.91,-395.56,False,0.0,False
2025-10-31,2025-11-03,2,Weekend,49.0,False,117.3,117.3,-282.77,False,0.0,False
2025-11-03,2025-11-04,0,Overnight,0.0,False,-152.8,-152.8,-11.47,False,0.0,False
2025-11-04,2025-11-05,0,Overnight,0.0,False,79.23,79.23,57.4,False,0.0,False
2025-11-05,2025-11-06,0,Overnight,0.0,False,-1.57,-1.57,-269.54,False,0.0,False
2025-11-06,2025-11-07,0,Overnight,0.0,False,-39.66,-39.66,84.32,False,0.0,False
2025-11-07,2025-11-10,2,Weekend,48.0,False,149.75,149.75,10.61,False,0.0,False
2025-11-10,2025-11-11,0,Overnight,0.0,False,-59.69,-59.69,-14.66,False,0.0,False
2025-11-11,2025-11-12,0,Overnight,0.0,False,16.73,16.73,-309.12,False,0.0,False
2025-11-12,2025-11-13,0,Overnight,0.0,False,66.44,66.44,-52.0,False,0.0,False
2025-11-13,2025-11-14,0,Overnight,0.0,False,-133.7,-133.7,126.65,False,0.0,False
2025-11-14,2025-11-17,2,Weekend,48.0,False,-6.89,-6.89,-116.1,False,0.0,False
2025-11-17,2025-11-18,0,Overnight,0.0,False,-174.43,-174.43,102.42,False,0.0,False
2025-11-18,2025-11-19,0,Overnight,0.0,False,-66.64,-66.64,-57.43,False,0.0,False
2025-11-19,2025-11-20,0,Overnight,0.0,False,220.81,220.81,-240.65,False,0.0,False
2025-11-20,2025-11-21,0,Overnight,0.0,False,-11.04,-11.04,97.23,False,0.0,False
2025-11-21,2025-11-24,2,Weekend,48.0,False,74.94,74.94,236.52,False,0.0,False
2025-11-24,2025-11-25,0,Overnight,0.0,False,177.04,177.04,193.94,False,0.0,False
2025-11-25,2025-11-26,0,Overnight,0.0,False,23.08,23.08,-64.19,False,0.0,False
2025-11-26,2025-11-28,1,Short,24.0,False,38.91,38.91,184.89,False,0.0,False
2025-11-28,2025-12-01,2,Weekend,48.0,True,-130.49,-130.49,20.62,False,0.0,False
2025-12-01,2025-12-02,0,Overnight,0.0,False,22.91,22.91,73.83,False,0.0,False
2025-12-02,2025-12-03,0,Overnight,0.0,False,-41.66,-41.66,-74.92,False,0.0,False
2025-12-03,2025-12-04,0,Overnight,0.0,False,553.5,553.5,-216.38,False,0.0,False
2025-12-04,2025-12-05,0,Overnight,0.0,False,37.27,37.27,140.87,False,0.0,False
2025-12-05,2025-12-08,2,Weekend,48.0,False,-60.77,-60.77,-38.02,False,0.0,False
2025-12-08,2025-12-09,0,Overnight,0.0,False,-45.54,-45.54,-103.13,False,0.0,False
2025-12-09,2025-12-10,0,Overnight,0.0,False,-107.28,-107.28,2.77,False,0.0,False
2025-12-10,2025-12-11,0,Overnight,0.0,False,-105.77,-105.77,145.37,False,0.0,False
2025-12-11,2025-12-12,0,Overnight,0.0,False,-44.68,-44.68,-86.09,False,0.0,False
2025-12-12,2025-12-15,2,Weekend,48.0,False,22.79,30.92,27.99,True,8.15,False
2025-12-15,2025-12-16,0,Overnight,0.0,False,-62.12,-62.12,209.9,False,0.0,False
2025-12-16,2025-12-17,0,Overnight,0.0,False,-23.46,-23.46,-93.63,False,0.0,False
2025-12-17,2025-12-18,0,Overnight,0.0,False,115.27,115.27,112.3,False,0.0,False
2025-12-18,2025-12-19,0,Overnight,0.0,False,29.6,29.6,-115.46,False,0.0,False
2025-12-19,2025-12-22,2,Weekend,48.0,False,43.62,43.62,-2.27,False,0.0,False
2025-12-22,2025-12-23,0,Overnight,0.0,False,-21.94,-21.94,73.81,False,0.0,False
2025-12-23,2025-12-24,0,Overnight,0.0,False,-36.31,-36.31,75.48,False,0.0,False
2025-12-24,2025-12-26,1,Short,24.0,True,7.64,7.64,-71.66,False,0.0,False
2025-12-26,2025-12-29,2,Weekend,48.0,False,-79.92,-79.92,10.33,False,0.0,False
2025-12-29,2025-12-30,0,Overnight,0.0,False,0.0,0.0,109.62,False,0.0,False
2025-12-30,2025-12-31,0,Overnight,0.0,False,-18.04,-18.04,-70.35,False,0.0,False
2025-12-31,2026-01-02,1,Short,24.0,False,39.91,39.91,-187.65,False,0.0,False
2026-01-02,2026-01-05,2,Weekend,48.0,False,9.22,9.22,118.8,False,0.0,False
2026-01-05,2026-01-06,0,Overnight,0.0,False,11.83,11.83,15.91,False,0.0,False
2026-01-06,2026-01-07,0,Overnight,0.0,False,-75.67,-75.67,-106.57,False,0.0,False
2026-01-07,2026-01-08,0,Overnight,0.0,False,-43.41,-43.41,2.79,False,0.0,False
2026-01-08,2026-01-09,0,Overnight,0.0,False,-9.6,-9.6,117.37,False,0.0,False
2026-01-09,2026-01-12,2,Weekend,48.0,False,-8.12,-8.12,-163.16,False,0.0,False
2026-01-12,2026-01-13,0,Overnight,0.0,False,4.67,4.67,-175.6,False,0.0,False
2026-01-13,2026-01-14,0,Overnight,0.0,False,-73.0,-73.0,-176.81,False,0.0,False
2026-01-14,2026-01-15,0,Overnight,0.0,False,47.97,47.97,37.44,False,0.0,False
2026-01-15,2026-01-16,0,Overnight,0.0,False,54.3,54.3,-63.16,False,0.0,False
2026-01-16,2026-01-20,3,Long,72.0,False,-201.45,-201.45,-62.05,False,0.0,False
2026-01-20,2026-01-21,0,Overnight,0.0,False,43.28,43.28,101.99,False,0.0,False
2026-01-21,2026-01-22,0,Overnight,0.0,False,263.88,263.88,286.32,False,0.0,False
2026-01-22,2026-01-23,0,Overnight,0.0,False,-44.26,-44.26,214.66,False,0.0,False
2026-01-23,2026-01-26,2,Weekend,48.0,False,96.23,96.23,108.11,False,0.0,False
2026-01-26,2026-01-27,0,Overnight,0.0,False,33.11,33.11,-24.04,False,0.0,False
2026-01-27,2026-01-28,0,Overnight,0.0,False,22.71,22.71,-85.91,False,0.0,False
2026-01-28,2026-01-29,0,Overnight,0.0,False,977.91,977.91,11.93,False,0.0,False
2026-01-29,2026-01-30,0,Overnight,0.0,False,-147.5,-147.5,-152.36,False,0.0,False
2026-01-30,2026-02-02,2,Weekend,48.0,False,-26.55,-26.55,-115.27,False,0.0,False
2026-02-02,2026-02-03,0,Overnight,0.0,False,13.58,13.58,-224.02,False,0.0,False
2026-02-03,2026-02-04,0,Overnight,0.0,False,-57.56,-57.56,-276.27,False,0.0,False
2026-02-04,2026-02-05,0,Overnight,0.0,False,-81.2,-81.2,99.42,False,0.0,False
2026-02-05,2026-02-06,0,Overnight,0.0,False,-70.68,-70.68,-60.74,False,0.0,False
2026-02-06,2026-02-09,2,Weekend,48.0,False,25.97,25.97,209.5,False,0.0,False
2026-02-09,2026-02-10,0,Overnight,0.0,False,5.61,5.61,-102.05,False,0.0,False
2026-02-10,2026-02-11,0,Overnight,0.0,False,48.78,48.78,-79.1,False,0.0,False
2026-02-11,2026-02-12,0,Overnight,0.0,False,19.12,19.12,-305.53,False,0.0,False
2026-02-12,2026-02-13,0,Overnight,0.0,False,-72.75,-72.75,-82.97,False,0.0,False
2026-02-13,2026-02-17,3,Long,72.0,False,-4.22,-4.22,-3.28,False,0.0,False
2026-02-17,2026-02-18,0,Overnight,0.0,False,-86.25,-86.25,147.53,False,0.0,False
2026-02-18,2026-02-19,0,Overnight,0.0,False,-72.55,-72.55,96.78,False,0.0,False
2026-02-19,2026-02-20,0,Overnight,0.0,False,-79.26,-79.26,246.59,False,0.0,False
2026-02-20,2026-02-23,2,Weekend,48.0,False,-47.7,-47.7,-237.1,False,0.0,False
2026-02-23,2026-02-24,0,Overnight,0.0,False,-65.65,-65.65,97.77,False,0.0,False
2026-02-24,2026-02-25,0,Overnight,0.0,False,50.4,50.4,172.2,False,0.0,False
2026-02-25,2026-02-26,0,Overnight,0.0,False,-48.15,-48.15,98.81,False,0.0,False
2026-02-26,2026-02-27,0,Overnight,0.0,False,-208.55,-208.55,73.24,False,0.0,False
2026-02-27,2026-03-02,2,Weekend,48.0,False,-171.48,-171.48,254.14,False,0.0,False
2026-03-02,2026-03-03,0,Overnight,0.0,False,-80.96,-80.96,104.19,False,0.0,False
2026-03-03,2026-03-04,0,Overnight,0.0,False,43.87,43.87,147.4,False,0.0,False
2026-03-04,2026-03-05,0,Overnight,0.0,False,-87.24,-87.24,-20.57,False,0.0,False
2026-03-05,2026-03-06,0,Overnight,0.0,False,-193.67,-193.67,-47.03,False,0.0,False
2026-03-06,2026-03-09,2,Weekend,47.0,False,-157.55,-157.55,196.7,False,0.0,False
2026-03-09,2026-03-10,0,Overnight,0.0,False,94.85,94.85,7.8,False,0.0,False
2026-03-10,2026-03-11,0,Overnight,0.0,False,10.54,10.54,1.53,False,0.0,False
2026-03-11,2026-03-12,0,Overnight,0.0,False,-93.74,-93.74,-164.27,False,0.0,False
2026-03-12,2026-03-13,0,Overnight,0.0,False,-226.46,-226.46,-164.52,False,0.0,False
2026-03-13,2026-03-16,2,Weekend,48.0,False,293.67,301.97,-72.25,True,8.55,False
2026-03-16,2026-03-17,0,Overnight,0.0,False,8.6,8.6,-85.24,False,0.0,False
2026-03-17,2026-03-18,0,Overnight,0.0,False,-102.02,-102.02,-10.71,False,0.0,False
2026-03-18,2026-03-19,0,Overnight,0.0,False,-57.5,-57.5,-89.43,False,0.0,False
2026-03-19,2026-03-20,0,Overnight,0.0,False,-52.39,-52.39,-164.89,False,0.0,False
2026-03-20,2026-03-23,2,Weekend,48.0,False,202.27,202.27,-28.6,False,0.0,False
2026-03-23,2026-03-24,0,Overnight,0.0,False,-82.45,-82.45,-103.69,False,0.0,False
2026-03-24,2026-03-25,0,Overnight,0.0,False,97.68,97.68,-64.51,False,0.0,False
2026-03-25,2026-03-26,0,Overnight,0.0,False,-210.65,-210.65,-618.77,False,0.0,False
2026-03-26,2026-03-27,0,Overnight,0.0,False,-136.81,-136.81,-269.86,False,0.0,False
2026-03-27,2026-03-30,2,Weekend,48.0,False,200.74,200.74,0.0,False,0.0,False
2026-03-30,2026-03-31,0,Overnight,0.0,False,250.39,250.39,394.84,False,0.0,False
2026-03-31,2026-04-01,0,Overnight,0.0,False,138.86,138.86,-15.53,False,0.0,False
2026-04-01,2026-04-02,0,Overnight,0.0,False,-230.35,-230.35,147.66,False,0.0,False
2026-04-02,2026-04-06,3,Long,72.0,False,56.07,56.07,-81.17,False,0.0,False
2026-04-06,2026-04-07,0,Overnight,0.0,False,-9.43,-9.43,44.79,False,0.0,False
2026-04-07,2026-04-08,0,Overnight,0.0,False,524.23,524.23,105.38,False,0.0,False
2026-04-08,2026-04-09,0,Overnight,0.0,False,234.8,234.8,22.62,False,0.0,False
2026-04-09,2026-04-10,0,Overnight,0.0,False,96.29,96.29,-72.92,False,0.0,False
2026-04-10,2026-04-13,2,Weekend,48.0,False,-5.72,-5.72,79.59,False,0.0,False
2026-04-13,2026-04-14,0,Overnight,0.0,False,136.02,136.02,295.19,False,0.0,False
2026-04-14,2026-04-15,0,Overnight,0.0,False,67.85,67.85,68.43,False,0.0,False
2026-04-15,2026-04-16,0,Overnight,0.0,False,65.45,65.45,13.01,False,0.0,False
2026-04-16,2026-04-17,0,Overnight,0.0,False,25.53,25.53,145.56,False,0.0,False
2026-04-17,2026-04-20,2,Weekend,48.0,False,-104.97,-104.97,-154.56,False,0.0,False
2026-04-20,2026-04-21,0,Overnight,0.0,False,1.34,1.34,-32.24,False,0.0,False
2026-04-21,2026-04-22,0,Overnight,0.0,False,82.19,82.19,5.34,False,0.0,False
2026-04-22,2026-04-23,0,Overnight,0.0,False,-164.67,-164.67,-68.79,False,0.0,False
2026-04-23,2026-04-24,0,Overnight,0.0,False,17.73,17.73,220.33,False,0.0,False
2026-04-24,2026-04-27,2,Weekend,48.0,False,-59.88,-59.88,112.92,False,0.0,False
2026-04-27,2026-04-28,0,Overnight,0.0,False,-64.75,-64.75,-43.1,False,0.0,False
2026-04-28,2026-04-29,0,Overnight,0.0,False,-36.26,-36.26,3.14,False,0.0,False
2026-04-29,2026-04-30,0,Overnight,0.0,False,-773.41,-773.41,-120.37,False,0.0,False
2026-04-30,2026-05-01,0,Overnight,0.0,False,45.33,45.33,-97.1,False,0.0,False
2026-05-01,2026-05-04,2,Weekend,48.0,False,-13.31,-13.31,40.55,False,0.0,False
2026-05-04,2026-05-05,0,Overnight,0.0,False,47.4,47.4,-137.08,False,0.0,False
2026-05-05,2026-05-06,0,Overnight,0.0,False,-64.84,-64.84,194.91,False,0.0,False
2026-05-06,2026-05-07,0,Overnight,0.0,False,29.98,29.98,33.94,False,0.0,False
2026-05-07,2026-05-08,0,Overnight,0.0,False,-26.14,-26.14,-90.95,False,0.0,False
2026-05-08,2026-05-11,2,Weekend,48.0,False,-83.35,-83.35,-94.9,False,0.0,False
2026-05-11,2026-05-12,0,Overnight,0.0,False,-67.69,-67.69,136.58,False,0.0,False
2026-05-12,2026-05-13,0,Overnight,0.0,False,-69.39,-69.39,292.91,False,0.0,False
2026-05-13,2026-05-14,0,Overnight,0.0,False,-10.22,-10.22,39.37,False,0.0,False
2026-05-14,2026-05-15,0,Overnight,0.0,False,-72.05,-72.05,3.91,False,0.0,False
2026-05-15,2026-05-18,2,Weekend,48.0,False,-83.71,-83.71,34.42,False,0.0,False
2026-05-18,2026-05-19,0,Overnight,0.0,False,-37.54,-37.54,-104.17,False,0.0,False
2026-05-19,2026-05-20,0,Overnight,0.0,False,-30.75,-30.75,71.32,False,0.0,False
2026-05-20,2026-05-21,0,Overnight,0.0,False,-83.98,-83.98,122.25,False,0.0,False
2026-05-21,2026-05-22,0,Overnight,0.0,False,8.23,8.23,39.08,False,0.0,False
2026-05-22,2026-05-26,3,Long,72.0,False,-22.47,-22.47,56.5,False,0.0,False
2026-05-26,2026-05-27,0,Overnight,0.0,False,-48.13,-48.13,415.59,False,0.0,False
2026-05-27,2026-05-28,0,Overnight,0.0,False,66.52,66.52,-66.05,False,0.0,False
2026-05-28,2026-05-29,0,Overnight,0.0,False,-28.22,-28.22,-15.64,False,0.0,False
2026-05-29,2026-06-01,2,Weekend,48.0,False,-33.41,-33.41,-486.42,False,0.0,False
2026-06-01,2026-06-02,0,Overnight,0.0,False,46.02,46.02,-93.43,False,0.0,False
2026-06-02,2026-06-03,0,Overnight,0.0,False,89.45,89.45,325.97,False,0.0,False
2026-06-03,2026-06-04,0,Overnight,0.0,False,11.07,11.07,62.34,False,0.0,False
2026-06-04,2026-06-05,0,Overnight,0.0,False,-65.71,-65.71,-500.9,False,0.0,False
2026-06-05,2026-06-08,2,Weekend,48.0,False,-16.88,-16.88,-112.28,False,0.0,False
2026-06-08,2026-06-09,0,Overnight,0.0,False,95.38,95.38,-109.05,False,0.0,False
2026-06-09,2026-06-10,0,Overnight,0.0,False,-66.25,-66.25,-169.32,False,0.0,False
2026-06-10,2026-06-11,0,Overnight,0.0,False,-90.6,-90.6,45.84,False,0.0,False
2026-06-11,2026-06-12,0,Overnight,0.0,False,79.2,79.2,-104.74,False,0.0,False
2026-06-12,2026-06-15,2,Weekend,48.0,False,225.32,234.37,231.48,True,9.26,False
2026-06-15,2026-06-16,0,Overnight,0.0,False,2.86,2.86,109.9,False,0.0,False
2026-06-16,2026-06-17,0,Overnight,0.0,False,-137.73,-137.73,-421.25,False,0.0,False
2026-06-17,2026-06-18,0,Overnight,0.0,False,91.9,91.9,76.52,False,0.0,False
2026-06-18,2026-06-22,3,Long,72.0,False,-90.49,-90.49,-143.86,False,0.0,False
2026-06-22,2026-06-23,0,Overnight,0.0,False,-28.42,-28.42,-0.89,False,0.0,False
2026-06-23,2026-06-24,0,Overnight,0.0,False,-5.52,-5.52,-75.39,False,0.0,False
2026-06-24,2026-06-25,0,Overnight,0.0,False,-38.09,-38.09,-230.89,False,0.0,False
2026-06-25,2026-06-26,0,Overnight,0.0,False,8.65,8.65,126.37,False,0.0,False
2026-06-26,2026-06-29,2,Weekend,48.0,False,175.64,175.64,46.32,False,0.0,False
2026-06-29,2026-06-30,0,Overnight,0.0,False,-29.55,-29.55,41.81,False,0.0,False
2026-06-30,2026-07-01,0,Overnight,0.0,False,762.32,762.32,81.91,False,0.0,False
2026-07-01,2026-07-02,0,Overnight,0.0,False,-82.08,-82.08,-419.95,False,0.0,False
2026-07-02,2026-07-06,3,Long,72.0,False,202.77,202.77,91.2,False,0.0,False
2026-07-06,2026-07-07,0,Overnight,0.0,False,120.88,120.88,130.65,False,0.0,False
2026-07-07,2026-07-08,0,Overnight,0.0,False,-19.35,-19.35,-185.14,False,0.0,False
2026-07-08,2026-07-09,0,Overnight,0.0,False,-322.32,-322.32,781.82,False,0.0,False
2026-07-09,2026-07-10,0,Overnight,0.0,False,446.89,446.89,133.43,False,0.0,False
2026-07-10,2026-07-13,2,Weekend,48.0,False,-117.69,-117.69,-70.56,False,0.0,False
2026-07-13,2026-07-14,0,Overnight,0.0,False,-72.28,-72.28,137.7,False,0.0,False
2026-07-14,2026-07-15,0,Overnight,0.0,False,38.65,38.65,263.38,False,0.0,False
2026-07-15,2026-07-16,0,Overnight,0.0,False,-59.33,-59.33,-189.9,False,0.0,False
2026-07-16,2026-07-17,0,Overnight,0.0,False,-256.67,-256.67,-26.13,False,0.0,False
2026-07-17,2026-07-20,2,Weekend,48.0,False,10.68,10.68,-13.15,False,0.0,False
2026-07-20,2026-07-21,0,Overnight,0.0,False,128.15,128.15,-159.79,False,0.0,False
2026-07-21,2026-07-22,0,Overnight,0.0,False,60.24,60.24,-322.1,False,0.0,False
2026-07-22,2026-07-23,0,Overnight,0.0,False,-303.69,-303.69,-38.04,False,0.0,False
2026-07-23,2026-07-24,0,Overnight,0.0,False,-13.21,-13.21,-168.43,False,0.0,False
2026-07-24,2026-07-27,2,Weekend,48.0,False,200.1,200.1,-222.31,False,0.0,False
2026-07-27,2026-07-28,0,Overnight,0.0,False,49.55,49.55,-57.3,False,0.0,False
2026-07-28,2026-07-29,0,Overnight,0.0,False,-2.7,-2.7,-129.62,False,0.0,False
2026-07-29,2026-07-30,0,Overnight,0.0,False,-1073.53,-1073.53,244.7,False,0.0,False
2026-07-30,2026-07-31,0,Overnight,0.0,False,84.42,84.42,238.31,False,0.0,False
2026-07-31,2026-08-03,2,Weekend,48.0,False,98.84,98.84,486.0,False,0.0,False
2026-08-03,2026-08-04,0,Overnight,0.0,False,-149.18,-149.18,110.14,False,0.0,False
2026-08-04,2026-08-05,0,Overnight,0.0,False,210.71,210.71,-196.6,False,0.0,False
2026-08-05,2026-08-06,0,Overnight,0.0,False,-30.96,-30.96,50.13,False,0.0,False
2026-08-06,2026-08-07,0,Overnight,0.0,False,-72.48,-72.48,109.7,False,0.0,False
2026-08-07,2026-08-10,2,Weekend,48.0,False,118.03,118.03,-70.52,False,0.0,False
2026-08-10,2026-08-11,0,Overnight,0.0,False,51.64,51.64,18.71,False,0.0,False
2026-08-11,2026-08-12,0,Overnight,0.0,False,32.5,32.5,-376.68,False,0.0,False
2026-08-12,2026-08-13,0,Overnight,0.0,False,32.08,32.08,242.59,False,0.0,False
2026-08-13,2026-08-14,0,Overnight,0.0,False,33.73,33.73,-120.15,False,0.0,False
2026-08-14,2026-08-17,2,Weekend,48.0,False,-1.7,-1.7,-358.71,False,0.0,False
2026-08-17,2026-08-18,0,Overnight,0.0,False,-204.01,-204.01,-250.84,False,0.0,False
2026-08-18,2026-08-19,0,Overnight,0.0,False,-42.95,-42.95,86.26,False,0.0,False
2026-08-19,2026-08-20,0,Overnight,0.0,False,16.83,16.83,-20.5,False,0.0,False
2026-08-20,2026-08-21,0,Overnight,0.0,False,19.4,19.4,54.89,False,0.0,False
2026-08-21,2026-08-24,2,Weekend,48.0,False,5.45,5.45,159.03,False,0.0,False
2026-08-24,2026-08-25,0,Overnight,0.0,False,86.56,86.56,108.83,False,0.0,False
2026-08-25,2026-08-26,0,Overnight,0.0,False,349.24,349.24,-242.97,False,0.0,False
2026-08-26,2026-08-27,0,Overnight,0.0,False,5.9,5.9,-93.76,False,0.0,False
2026-08-27,2026-08-28,0,Overnight,0.0,False,7.88,7.88,112.57,False,0.0,False
2026-08-28,2026-08-31,2,Weekend,48.0,False,-6.75,-6.75,-92.0,False,0.0,False
2026-08-31,2026-09-01,0,Overnight,0.0,False,-247.47,-247.47,355.22,False,0.0,False
2026-09-01,2026-09-02,0,Overnight,0.0,False,4.32,4.32,240.02,False,0.0,False
2026-09-02,2026-09-03,0,Overnight,0.0,False,194.44,194.44,101.88,False,0.0,False
2026-09-03,2026-09-04,0,Overnight,0.0,False,27.31,27.31,71.92,False,0.0,False
2026-09-04,2026-09-08,3,Long,72.0,False,-9.08,-9.08,-44.4,False,0.0,False
2026-09-08,2026-09-09,0,Overnight,0.0,False,557.3,557.3,77.55,False,0.0,False
2026-09-09,2026-09-10,0,Overnight,0.0,False,0.31,0.31,-143.75,False,0.0,False
2026-09-10,2026-09-11,0,Overnight,0.0,False,140.69,140.69,-84.21,False,0.0,False
2026-09-11,2026-09-14,2,Weekend,48.0,False,150.1,150.1,117.42,False,0.0,False
2026-09-14,2026-09-15,0,Overnight,0.0,False,-95.1,-95.1,164.57,False,0.0,False
2026-09-15,2026-09-16,0,Overnight,0.0,False,143.25,143.25,-97.55,False,0.0,False
2026-09-16,2026-09-17,0,Overnight,0.0,False,134.69,134.69,-1.91,False,0.0,False
2026-09-17,2026-09-18,0,Overnight,0.0,False,92.05,92.05,-337.75,False,0.0,False
2026-09-18,2026-09-21,2,Weekend,48.0,False,216.2,223.91,858.04,True,7.89,False
2026-09-21,2026-09-22,0,Overnight,0.0,False,-133.77,-133.77,70.84,False,0.0,False
2026-09-22,2026-09-23,0,Overnight,0.0,False,148.23,148.23,-46.93,False,0.0,False
2026-09-23,2026-09-24,0,Overnight,0.0,False,3.49,3.49,436.75,False,0.0,False
2026-09-24,2026-09-25,0,Overnight,0.0,False,-113.04,-113.04,-226.12,False,0.0,False
2026-09-25,2026-09-28,2,Weekend,48.0,False,-21.58,-21.58,-469.77,False,0.0,False
2026-09-28,2026-09-29,0,Overnight,0.0,False,130.22,130.22,188.42,False,0.0,False
2026-09-29,2026-09-30,0,Overnight,0.0,False,-115.99,-115.99,-69.94,False,0.0,False
2026-09-30,2026-10-01,0,Overnight,0.0,False,46.09,46.09,-35.75,False,0.0,False
