d1,d2,n_closed,cls,hours,d1_early_close,gap_bps,gap_divneutral_bps,oc_bps,exdiv,div_bps,split
2010-01-04,2010-01-05,0,Overnight,0.0,False,-32.36,-32.36,35.59,False,0.0,False
2010-01-05,2010-01-06,0,Overnight,0.0,False,-25.87,-25.87,-35.69,False,0.0,False
2010-01-06,2010-01-07,0,Overnight,0.0,False,-45.6,-45.6,-58.94,False,0.0,False
2010-01-07,2010-01-08,0,Overnight,0.0,False,-55.99,-55.99,124.71,False,0.0,False
2010-01-08,2010-01-11,2,Weekend,48.0,False,16.29,16.29,-144.31,False,0.0,False
2010-01-11,2010-01-12,0,Overnight,0.0,False,-39.72,-39.72,-26.57,False,0.0,False
2010-01-12,2010-01-13,0,Overnight,0.0,False,62.99,62.99,29.7,False,0.0,False
2010-01-13,2010-01-14,0,Overnight,0.0,False,-13.19,-13.19,212.18,False,0.0,False
2010-01-14,2010-01-15,0,Overnight,0.0,False,38.69,38.69,-71.04,False,0.0,False
2010-01-15,2010-01-19,3,Long,72.0,False,-35.71,-35.71,113.18,False,0.0,False
2010-01-19,2010-01-20,0,Overnight,0.0,False,-93.69,-93.69,-71.66,False,0.0,False
2010-01-20,2010-01-21,0,Overnight,0.0,False,6.54,6.54,-197.96,False,0.0,False
2010-01-21,2010-01-22,0,Overnight,0.0,False,-3.33,-3.33,-352.82,False,0.0,False
2010-01-22,2010-01-25,2,Weekend,48.0,False,96.22,96.22,27.32,False,0.0,False
2010-01-25,2010-01-26,0,Overnight,0.0,False,-41.01,-41.01,102.22,False,0.0,False
2010-01-26,2010-01-27,0,Overnight,0.0,False,-50.98,-50.98,108.44,False,0.0,False
2010-01-27,2010-01-28,0,Overnight,0.0,False,57.13,57.13,-230.52,False,0.0,False
2010-01-28,2010-01-29,0,Overnight,0.0,False,250.61,250.61,-592.46,False,0.0,False
2010-01-29,2010-02-01,2,Weekend,48.0,False,74.24,74.24,7.04,False,0.0,False
2010-02-01,2010-02-02,0,Overnight,0.0,False,-14.09,-14.09,31.67,False,0.0,False
2010-02-02,2010-02-03,0,Overnight,0.0,False,-70.52,-70.52,130.08,False,0.0,False
2010-02-03,2010-02-04,0,Overnight,0.0,False,-87.7,-87.7,-192.11,False,0.0,False
2010-02-04,2010-02-05,0,Overnight,0.0,False,57.31,57.31,7.14,False,0.0,False
2010-02-05,2010-02-08,2,Weekend,48.0,False,-3.57,-3.57,-104.07,False,0.0,False
2010-02-08,2010-02-09,0,Overnight,0.0,False,89.78,89.78,14.29,False,0.0,False
2010-02-09,2010-02-10,0,Overnight,0.0,False,7.14,7.14,-14.28,False,0.0,False
2010-02-10,2010-02-11,0,Overnight,0.0,False,-21.46,-21.46,67.8,False,0.0,False
2010-02-11,2010-02-12,0,Overnight,0.0,False,-110.85,-110.85,43.06,False,0.0,False
2010-02-12,2010-02-16,3,Long,72.0,False,71.35,117.46,77.9,True,46.54,False
2010-02-16,2010-02-17,0,Overnight,0.0,False,63.29,63.29,21.01,False,0.0,False
2010-02-17,2010-02-18,0,Overnight,0.0,False,0.0,0.0,132.04,False,0.0,False
2010-02-18,2010-02-19,0,Overnight,0.0,False,-62.33,-62.33,-6.95,False,0.0,False
2010-02-19,2010-02-22,2,Weekend,48.0,False,24.3,24.3,-38.21,False,0.0,False
2010-02-22,2010-02-23,0,Overnight,0.0,False,-17.42,-17.42,-122.79,False,0.0,False
2010-02-23,2010-02-24,0,Overnight,0.0,False,66.84,66.84,38.49,False,0.0,False
2010-02-24,2010-02-25,0,Overnight,0.0,False,-126.54,-126.54,116.06,False,0.0,False
2010-02-25,2010-02-26,0,Overnight,0.0,False,17.47,17.47,6.98,False,0.0,False
2010-02-26,2010-03-01,2,Weekend,48.0,False,34.82,34.82,86.52,False,0.0,False
2010-03-01,2010-03-02,0,Overnight,0.0,False,20.65,20.65,-215.51,False,0.0,False
2010-03-02,2010-03-03,0,Overnight,0.0,False,17.55,17.55,-17.55,False,0.0,False
2010-03-03,2010-03-04,0,Overnight,0.0,False,0.0,0.0,59.56,False,0.0,False
2010-03-04,2010-03-05,0,Overnight,0.0,False,10.47,10.47,-24.45,False,0.0,False
2010-03-05,2010-03-08,2,Weekend,48.0,False,-24.51,-24.51,38.49,False,0.0,False
2010-03-08,2010-03-09,0,Overnight,0.0,False,-24.48,-24.48,83.68,False,0.0,False
2010-03-09,2010-03-10,0,Overnight,0.0,False,20.81,20.81,38.04,False,0.0,False
2010-03-10,2010-03-11,0,Overnight,0.0,False,-27.65,-27.65,99.88,False,0.0,False
2010-03-11,2010-03-12,0,Overnight,0.0,False,47.86,47.86,-17.07,False,0.0,False
2010-03-12,2010-03-15,2,Weekend,47.0,False,-30.8,-30.8,37.63,False,0.0,False
2010-03-15,2010-03-16,0,Overnight,0.0,False,44.29,44.29,-17.01,False,0.0,False
2010-03-16,2010-03-17,0,Overnight,0.0,False,44.16,44.16,43.97,False,0.0,False
2010-03-17,2010-03-18,0,Overnight,0.0,False,0.0,0.0,-6.75,False,0.0,False
2010-03-18,2010-03-19,0,Overnight,0.0,False,50.53,50.53,-57.29,False,0.0,False
2010-03-19,2010-03-22,2,Weekend,48.0,False,-30.46,-30.46,33.84,False,0.0,False
2010-03-22,2010-03-23,0,Overnight,0.0,False,-3.38,-3.38,97.53,False,0.0,False
2010-03-23,2010-03-24,0,Overnight,0.0,False,-53.69,-53.69,-23.58,False,0.0,False
2010-03-24,2010-03-25,0,Overnight,0.0,False,60.52,60.52,60.16,False,0.0,False
2010-03-25,2010-03-26,0,Overnight,0.0,False,26.62,26.62,-143.94,False,0.0,False
2010-03-26,2010-03-29,2,Weekend,48.0,False,16.84,16.84,-40.47,False,0.0,False
2010-03-29,2010-03-30,0,Overnight,0.0,False,13.51,13.51,47.14,False,0.0,False
2010-03-30,2010-03-31,0,Overnight,0.0,False,-43.76,-43.76,-118.79,False,0.0,False
2010-03-31,2010-04-01,0,Overnight,0.0,False,20.46,20.46,-64.95,False,0.0,False
2010-04-01,2010-04-05,3,Long,72.0,False,-10.29,-10.29,47.95,False,0.0,False
2010-04-05,2010-04-06,0,Overnight,0.0,False,-41.08,-41.08,58.15,False,0.0,False
2010-04-06,2010-04-07,0,Overnight,0.0,False,-54.72,-54.72,64.95,False,0.0,False
2010-04-07,2010-04-08,0,Overnight,0.0,False,-10.23,-10.23,202.57,False,0.0,False
2010-04-08,2010-04-09,0,Overnight,0.0,False,10.02,10.02,129.38,False,0.0,False
2010-04-09,2010-04-12,2,Weekend,48.0,False,-29.71,-29.71,23.11,False,0.0,False
2010-04-12,2010-04-13,0,Overnight,0.0,False,-56.23,-56.23,99.01,False,0.0,False
2010-04-13,2010-04-14,0,Overnight,0.0,False,111.04,111.04,9.74,False,0.0,False
2010-04-14,2010-04-15,0,Overnight,0.0,False,0.0,0.0,16.21,False,0.0,False
2010-04-15,2010-04-16,0,Overnight,0.0,False,-25.95,-25.95,-39.05,False,0.0,False
2010-04-16,2010-04-19,2,Weekend,48.0,False,32.55,32.55,87.37,False,0.0,False
2010-04-19,2010-04-20,0,Overnight,0.0,False,57.82,57.82,44.74,False,0.0,False
2010-04-20,2010-04-21,0,Overnight,0.0,False,-9.57,-9.57,0.0,False,0.0,False
2010-04-21,2010-04-22,0,Overnight,0.0,False,-92.99,-92.99,112.13,False,0.0,False
2010-04-22,2010-04-23,0,Overnight,0.0,False,-86.39,-86.39,-51.55,False,0.0,False
2010-04-23,2010-04-26,2,Weekend,48.0,False,12.91,12.91,35.42,False,0.0,False
2010-04-26,2010-04-27,0,Overnight,0.0,False,-51.56,-51.56,-32.36,False,0.0,False
2010-04-27,2010-04-28,0,Overnight,0.0,False,22.66,22.66,-3.23,False,0.0,False
2010-04-28,2010-04-29,0,Overnight,0.0,False,6.47,6.47,22.61,False,0.0,False
2010-04-29,2010-04-30,0,Overnight,0.0,False,22.56,22.56,-172.05,False,0.0,False
2010-04-30,2010-05-03,2,Weekend,48.0,False,42.48,42.48,61.76,False,0.0,False
2010-05-03,2010-05-04,0,Overnight,0.0,False,-110.79,-110.79,-128.61,False,0.0,False
2010-05-04,2010-05-05,0,Overnight,0.0,False,-120.2,-120.2,26.84,False,0.0,False
2010-05-05,2010-05-06,0,Overnight,0.0,False,-87.48,-87.48,-208.31,False,0.0,False
2010-05-06,2010-05-07,0,Overnight,0.0,False,-17.27,-17.27,-252.03,False,0.0,False
2010-05-07,2010-05-10,2,Weekend,48.0,False,279.64,279.64,-24.16,False,0.0,False
2010-05-10,2010-05-11,0,Overnight,0.0,False,-90.25,-90.25,69.49,False,0.0,False
2010-05-11,2010-05-12,0,Overnight,0.0,False,34.57,34.57,157.48,False,0.0,False
2010-05-12,2010-05-13,0,Overnight,0.0,False,-61.33,-61.33,-6.84,False,0.0,False
2010-05-13,2010-05-14,0,Overnight,0.0,False,-13.69,-13.69,-92.9,False,0.0,False
2010-05-14,2010-05-17,2,Weekend,48.0,False,65.46,65.46,-62.01,False,0.0,False
2010-05-17,2010-05-18,0,Overnight,0.0,False,-24.22,20.71,-93.96,True,44.92,False
2010-05-18,2010-05-19,0,Overnight,0.0,False,-28.01,-28.01,-98.66,False,0.0,False
2010-05-19,2010-05-20,0,Overnight,0.0,False,-211.14,-211.14,-197.23,False,0.0,False
2010-05-20,2010-05-21,0,Overnight,0.0,False,-178.64,-178.64,78.55,False,0.0,False
2010-05-21,2010-05-24,2,Weekend,48.0,False,3.73,3.73,-218.38,False,0.0,False
2010-05-24,2010-05-25,0,Overnight,0.0,False,-238.84,-238.84,162.42,False,0.0,False
2010-05-25,2010-05-26,0,Overnight,0.0,False,61.19,61.19,-476.28,False,0.0,False
2010-05-26,2010-05-27,0,Overnight,0.0,False,283.82,283.82,104.39,False,0.0,False
2010-05-27,2010-05-28,0,Overnight,0.0,False,-61.73,-61.73,-15.49,False,0.0,False
2010-05-28,2010-06-01,3,Long,72.0,False,-105.2,-105.2,140.02,False,0.0,False
2010-06-01,2010-06-02,0,Overnight,0.0,False,65.45,65.45,152.33,False,0.0,False
2010-06-02,2010-06-03,0,Overnight,0.0,False,33.96,33.96,116.09,False,0.0,False
2010-06-03,2010-06-04,0,Overnight,0.0,False,-287.03,-287.03,-119.48,False,0.0,False
2010-06-04,2010-06-07,2,Weekend,48.0,False,11.63,11.63,-207.4,False,0.0,False
2010-06-07,2010-06-08,0,Overnight,0.0,False,-15.83,-15.83,-55.6,False,0.0,False
2010-06-08,2010-06-09,0,Overnight,0.0,False,43.71,43.71,-171.97,False,0.0,False
2010-06-09,2010-06-10,0,Overnight,0.0,False,136.22,136.22,-51.86,False,0.0,False
2010-06-10,2010-06-11,0,Overnight,0.0,False,15.99,15.99,244.59,False,0.0,False
2010-06-11,2010-06-14,2,Weekend,48.0,False,77.64,77.64,-140.19,False,0.0,False
2010-06-14,2010-06-15,0,Overnight,0.0,False,97.56,97.56,317.24,False,0.0,False
2010-06-15,2010-06-16,0,Overnight,0.0,False,-41.47,-41.47,-56.83,False,0.0,False
2010-06-16,2010-06-17,0,Overnight,0.0,False,90.77,90.77,-71.79,False,0.0,False
2010-06-17,2010-06-18,0,Overnight,0.0,False,0.0,0.0,26.51,False,0.0,False
2010-06-18,2010-06-21,2,Weekend,48.0,False,127.77,127.77,-314.84,False,0.0,False
2010-06-21,2010-06-22,0,Overnight,0.0,False,80.6,80.6,-150.21,False,0.0,False
2010-06-22,2010-06-23,0,Overnight,0.0,False,3.88,3.88,-184.0,False,0.0,False
2010-06-23,2010-06-24,0,Overnight,0.0,False,59.09,59.09,-182.33,False,0.0,False
2010-06-24,2010-06-25,0,Overnight,0.0,False,19.98,19.98,-209.77,False,0.0,False
2010-06-25,2010-06-28,2,Weekend,48.0,False,-8.16,-8.16,-81.93,False,0.0,False
2010-06-28,2010-06-29,0,Overnight,0.0,False,-74.32,-74.32,-345.73,False,0.0,False
2010-06-29,2010-06-30,0,Overnight,0.0,False,-4.29,-4.29,-125.24,False,0.0,False
2010-06-30,2010-07-01,0,Overnight,0.0,False,34.71,34.71,30.27,False,0.0,False
2010-07-01,2010-07-02,0,Overnight,0.0,False,85.99,85.99,-38.6,False,0.0,False
2010-07-02,2010-07-06,3,Long,72.0,False,183.1,183.1,50.5,False,0.0,False
2010-07-06,2010-07-07,0,Overnight,0.0,False,0.0,0.0,199.51,False,0.0,False
2010-07-07,2010-07-08,0,Overnight,0.0,False,122.7,122.7,-77.54,False,0.0,False
2010-07-08,2010-07-09,0,Overnight,0.0,False,-32.83,-32.83,-24.69,False,0.0,False
2010-07-09,2010-07-12,2,Weekend,48.0,False,65.71,65.71,162.41,False,0.0,False
2010-07-12,2010-07-13,0,Overnight,0.0,False,124.08,124.08,-3.98,False,0.0,False
2010-07-13,2010-07-14,0,Overnight,0.0,False,146.16,146.16,-23.56,False,0.0,False
2010-07-14,2010-07-15,0,Overnight,0.0,False,23.56,23.56,3.92,False,0.0,False
2010-07-15,2010-07-16,0,Overnight,0.0,False,0.0,0.0,-246.04,False,0.0,False
2010-07-16,2010-07-19,2,Weekend,48.0,False,28.08,28.08,107.59,False,0.0,False
2010-07-19,2010-07-20,0,Overnight,0.0,False,-147.74,-147.74,246.34,False,0.0,False
2010-07-20,2010-07-21,0,Overnight,0.0,False,46.99,46.99,-189.28,False,0.0,False
2010-07-21,2010-07-22,0,Overnight,0.0,False,154.06,154.06,128.53,False,0.0,False
2010-07-22,2010-07-23,0,Overnight,0.0,False,0.0,0.0,-11.62,False,0.0,False
2010-07-23,2010-07-26,2,Weekend,48.0,False,19.35,19.35,92.38,False,0.0,False
2010-07-26,2010-07-27,0,Overnight,0.0,False,15.31,15.31,7.65,False,0.0,False
2010-07-27,2010-07-28,0,Overnight,0.0,False,-34.46,-34.46,-46.14,False,0.0,False
2010-07-28,2010-07-29,0,Overnight,0.0,False,69.12,69.12,-38.34,False,0.0,False
2010-07-29,2010-07-30,0,Overnight,0.0,False,-108.15,-108.15,23.27,False,0.0,False
2010-07-30,2010-08-02,2,Weekend,48.0,False,69.5,69.5,129.97,False,0.0,False
2010-08-02,2010-08-03,0,Overnight,0.0,False,-49.5,-49.5,-15.28,False,0.0,False
2010-08-03,2010-08-04,0,Overnight,0.0,False,-3.82,-3.82,-161.92,False,0.0,False
2010-08-04,2010-08-05,0,Overnight,0.0,False,-93.71,-93.71,-47.19,False,0.0,False
2010-08-05,2010-08-06,0,Overnight,0.0,False,-75.17,-75.17,145.87,False,0.0,False
2010-08-06,2010-08-09,2,Weekend,48.0,False,0.0,0.0,23.46,False,0.0,False
2010-08-09,2010-08-10,0,Overnight,0.0,False,-109.93,-109.93,-103.18,False,0.0,False
2010-08-10,2010-08-11,0,Overnight,0.0,False,-156.79,-156.79,72.67,False,0.0,False
2010-08-11,2010-08-12,0,Overnight,0.0,False,-178.58,-178.58,28.62,False,0.0,False
2010-08-12,2010-08-13,0,Overnight,0.0,False,-57.33,-57.33,20.51,False,0.0,False
2010-08-13,2010-08-16,2,Weekend,48.0,False,-16.41,-16.41,57.31,False,0.0,False
2010-08-16,2010-08-17,0,Overnight,0.0,False,85.35,137.82,0.0,True,53.06,False
2010-08-17,2010-08-18,0,Overnight,0.0,False,-12.15,-12.15,56.57,False,0.0,False
2010-08-18,2010-08-19,0,Overnight,0.0,False,-80.91,-80.91,-73.38,False,0.0,False
2010-08-19,2010-08-20,0,Overnight,0.0,False,-53.33,-53.33,-32.96,False,0.0,False
2010-08-20,2010-08-23,2,Weekend,48.0,False,86.3,86.3,-65.68,False,0.0,False
2010-08-23,2010-08-24,0,Overnight,0.0,False,-78.56,-78.56,-20.78,False,0.0,False
2010-08-24,2010-08-25,0,Overnight,0.0,False,-16.65,-16.65,41.58,False,0.0,False
2010-08-25,2010-08-26,0,Overnight,0.0,False,-4.15,-4.15,-112.71,False,0.0,False
2010-08-26,2010-08-27,0,Overnight,0.0,False,25.16,25.16,20.92,False,0.0,False
2010-08-27,2010-08-30,2,Weekend,48.0,False,-79.72,-79.72,-42.21,False,0.0,False
2010-08-30,2010-08-31,0,Overnight,0.0,False,-16.93,-16.93,-55.24,False,0.0,False
2010-08-31,2010-09-01,0,Overnight,0.0,False,84.85,84.85,96.7,False,0.0,False
2010-09-01,2010-09-02,0,Overnight,0.0,False,-8.37,-8.37,25.09,False,0.0,False
2010-09-02,2010-09-03,0,Overnight,0.0,False,124.53,124.53,20.61,False,0.0,False
2010-09-03,2010-09-07,3,Long,72.0,False,-78.53,-78.53,-58.26,False,0.0,False
2010-09-07,2010-09-08,0,Overnight,0.0,False,45.81,45.81,-58.33,False,0.0,False
2010-09-08,2010-09-09,0,Overnight,0.0,False,108.06,108.06,-74.69,False,0.0,False
2010-09-09,2010-09-10,0,Overnight,0.0,False,-12.5,-12.5,-54.36,False,0.0,False
2010-09-10,2010-09-13,2,Weekend,48.0,False,145.68,145.68,369.14,False,0.0,False
2010-09-13,2010-09-14,0,Overnight,0.0,False,-27.92,-27.92,-3.99,False,0.0,False
2010-09-14,2010-09-15,0,Overnight,0.0,False,27.93,27.93,7.97,False,0.0,False
2010-09-15,2010-09-16,0,Overnight,0.0,False,-23.91,-23.91,107.17,False,0.0,False
2010-09-16,2010-09-17,0,Overnight,0.0,False,27.6,27.6,-71.12,False,0.0,False
2010-09-17,2010-09-20,2,Weekend,48.0,False,23.76,23.76,59.16,False,0.0,False
2010-09-20,2010-09-21,0,Overnight,0.0,False,-3.93,-3.93,-106.78,False,0.0,False
2010-09-21,2010-09-22,0,Overnight,0.0,False,-103.92,-103.92,-113.13,False,0.0,False
2010-09-22,2010-09-23,0,Overnight,0.0,False,-40.72,-40.72,-32.69,False,0.0,False
2010-09-23,2010-09-24,0,Overnight,0.0,False,85.59,85.59,56.66,False,0.0,False
2010-09-24,2010-09-27,2,Weekend,48.0,False,28.21,28.21,-48.41,False,0.0,False
2010-09-27,2010-09-28,0,Overnight,0.0,False,28.27,28.27,-48.5,False,0.0,False
2010-09-28,2010-09-29,0,Overnight,0.0,False,-20.28,-20.28,-52.92,False,0.0,False
2010-09-29,2010-09-30,0,Overnight,0.0,False,44.8,44.8,-48.88,False,0.0,False
2010-09-30,2010-10-01,0,Overnight,0.0,False,113.68,113.68,-158.7,False,0.0,False
2010-10-01,2010-10-04,2,Weekend,48.0,False,-173.77,-173.77,-20.89,False,0.0,False
2010-10-04,2010-10-05,0,Overnight,0.0,False,62.54,62.54,119.81,False,0.0,False
2010-10-05,2010-10-06,0,Overnight,0.0,False,-12.33,-12.33,45.13,False,0.0,False
2010-10-06,2010-10-07,0,Overnight,0.0,False,77.47,77.47,-36.62,False,0.0,False
2010-10-07,2010-10-08,0,Overnight,0.0,False,36.62,36.62,-20.33,False,0.0,False
2010-10-08,2010-10-11,2,Weekend,48.0,False,68.95,68.95,-60.82,False,0.0,False
2010-10-11,2010-10-12,0,Overnight,0.0,False,24.37,24.37,72.76,False,0.0,False
2010-10-12,2010-10-13,0,Overnight,0.0,False,76.23,76.23,127.09,False,0.0,False
2010-10-13,2010-10-14,0,Overnight,0.0,False,-19.75,-19.75,-23.75,False,0.0,False
2010-10-14,2010-10-15,0,Overnight,0.0,False,51.39,51.39,70.73,False,0.0,False
2010-10-15,2010-10-18,2,Weekend,48.0,False,19.56,19.56,89.48,False,0.0,False
2010-10-18,2010-10-19,0,Overnight,0.0,False,-215.31,-215.31,-67.5,False,0.0,False
2010-10-19,2010-10-20,0,Overnight,0.0,False,63.54,63.54,19.77,False,0.0,False
2010-10-20,2010-10-21,0,Overnight,0.0,False,35.5,35.5,7.87,False,0.0,False
2010-10-21,2010-10-22,0,Overnight,0.0,False,39.26,39.26,-55.01,False,0.0,False
2010-10-22,2010-10-25,2,Weekend,48.0,False,-55.31,-55.31,-19.83,False,0.0,False
2010-10-25,2010-10-26,0,Overnight,0.0,False,-27.83,-27.83,305.79,False,0.0,False
2010-10-26,2010-10-27,0,Overnight,0.0,False,-42.56,-42.56,100.31,False,0.0,False
2010-10-27,2010-10-28,0,Overnight,0.0,False,61.23,61.23,26.67,False,0.0,False
2010-10-28,2010-10-29,0,Overnight,0.0,False,325.69,325.69,-178.38,False,0.0,False
2010-10-29,2010-11-01,2,Weekend,48.0,False,78.43,78.43,26.01,False,0.0,False
2010-11-01,2010-11-02,0,Overnight,0.0,False,40.73,40.73,121.21,False,0.0,False
2010-11-02,2010-11-03,0,Overnight,0.0,False,25.52,25.52,-157.83,False,0.0,False
2010-11-03,2010-11-04,0,Overnight,0.0,False,139.61,139.61,-98.99,False,0.0,False
2010-11-04,2010-11-05,0,Overnight,0.0,False,11.05,11.05,-118.48,False,0.0,False
2010-11-05,2010-11-08,2,Weekend,49.0,False,-63.52,-63.52,48.61,False,0.0,False
2010-11-08,2010-11-09,0,Overnight,0.0,False,0.0,0.0,52.08,False,0.0,False
2010-11-09,2010-11-10,0,Overnight,0.0,False,22.24,22.24,-25.95,False,0.0,False
2010-11-10,2010-11-11,0,Overnight,0.0,False,-96.98,-96.98,0.0,False,0.0,False
2010-11-11,2010-11-12,0,Overnight,0.0,False,-79.02,-79.02,-75.84,False,0.0,False
2010-11-12,2010-11-15,2,Weekend,48.0,False,22.81,22.81,-49.5,False,0.0,False
2010-11-15,2010-11-16,0,Overnight,0.0,False,-61.26,0.0,-88.72,True,61.07,False
2010-11-16,2010-11-17,0,Overnight,0.0,False,34.81,34.81,-128.23,False,0.0,False
2010-11-17,2010-11-18,0,Overnight,0.0,False,54.6,54.6,50.44,False,0.0,False
2010-11-18,2010-11-19,0,Overnight,0.0,False,-15.49,-15.49,-42.73,False,0.0,False
2010-11-19,2010-11-22,2,Weekend,48.0,False,-15.58,-15.58,31.14,False,0.0,False
2010-11-22,2010-11-23,0,Overnight,0.0,False,-62.38,-62.38,-177.55,False,0.0,False
2010-11-23,2010-11-24,0,Overnight,0.0,False,31.8,31.8,67.23,False,0.0,False
2010-11-24,2010-11-26,1,Short,24.0,False,-63.27,-63.27,15.85,False,0.0,False
2010-11-26,2010-11-29,2,Weekend,48.0,True,-23.79,-23.79,47.52,False,0.0,False
2010-11-29,2010-11-30,0,Overnight,0.0,False,-103.26,-103.26,83.48,False,0.0,False
2010-11-30,2010-12-01,0,Overnight,0.0,False,121.98,121.98,182.14,False,0.0,False
2010-12-01,2010-12-02,0,Overnight,0.0,False,76.51,76.51,244.69,False,0.0,False
2010-12-02,2010-12-03,0,Overnight,0.0,False,-29.8,-29.8,78.02,False,0.0,False
2010-12-03,2010-12-06,2,Weekend,48.0,False,-33.36,-33.36,-33.48,False,0.0,False
2010-12-06,2010-12-07,0,Overnight,0.0,False,89.02,89.02,-77.85,False,0.0,False
2010-12-07,2010-12-08,0,Overnight,0.0,False,-14.9,-14.9,147.99,False,0.0,False
2010-12-08,2010-12-09,0,Overnight,0.0,False,18.35,18.35,-73.58,False,0.0,False
2010-12-09,2010-12-10,0,Overnight,0.0,False,40.54,40.54,55.02,False,0.0,False
2010-12-10,2010-12-13,2,Weekend,48.0,False,-25.64,-25.64,-7.34,False,0.0,False
2010-12-13,2010-12-14,0,Overnight,0.0,False,21.99,21.99,112.87,False,0.0,False
2010-12-14,2010-12-15,0,Overnight,0.0,False,-32.64,-32.64,115.57,False,0.0,False
2010-12-15,2010-12-16,0,Overnight,0.0,False,-32.37,-32.37,82.51,False,0.0,False
2010-12-16,2010-12-17,0,Overnight,0.0,False,-25.04,-25.04,-7.17,False,0.0,False
2010-12-17,2010-12-20,2,Weekend,48.0,False,17.91,17.91,-50.22,False,0.0,False
2010-12-20,2010-12-21,0,Overnight,0.0,False,14.37,14.37,78.68,False,0.0,False
2010-12-21,2010-12-22,0,Overnight,0.0,False,-21.4,-21.4,64.06,False,0.0,False
2010-12-22,2010-12-23,0,Overnight,0.0,False,-78.35,-78.35,117.29,False,0.0,False
2010-12-23,2010-12-27,3,Long,72.0,False,-63.81,-63.81,-17.8,False,0.0,False
2010-12-27,2010-12-28,0,Overnight,0.0,False,-35.69,-35.69,14.29,False,0.0,False
2010-12-28,2010-12-29,0,Overnight,0.0,False,-25.02,-25.02,10.73,False,0.0,False
2010-12-29,2010-12-30,0,Overnight,0.0,False,-17.89,-17.89,-25.1,False,0.0,False
2010-12-30,2010-12-31,0,Overnight,0.0,False,-17.97,-17.97,39.49,False,0.0,False
2010-12-31,2011-01-03,2,Weekend,48.0,False,50.04,50.04,-24.99,False,0.0,False
2011-01-03,2011-01-04,0,Overnight,0.0,False,-14.31,-14.31,53.54,False,0.0,False
2011-01-04,2011-01-05,0,Overnight,0.0,False,-67.87,-67.87,35.78,False,0.0,False
2011-01-05,2011-01-06,0,Overnight,0.0,False,14.28,14.28,274.37,False,0.0,False
2011-01-06,2011-01-07,0,Overnight,0.0,False,-62.65,-62.65,-13.98,False,0.0,False
2011-01-07,2011-01-10,2,Weekend,48.0,False,-119.59,-119.59,-14.16,False,0.0,False
2011-01-10,2011-01-11,0,Overnight,0.0,False,-7.09,-7.09,-31.97,False,0.0,False
2011-01-11,2011-01-12,0,Overnight,0.0,False,3.56,3.56,151.76,False,0.0,False
2011-01-12,2011-01-13,0,Overnight,0.0,False,-77.36,-77.36,-49.54,False,0.0,False
2011-01-13,2011-01-14,0,Overnight,0.0,False,-39.1,-39.1,78.04,False,0.0,False
2011-01-14,2011-01-18,3,Long,72.0,False,-49.59,-49.59,176.0,False,0.0,False
2011-01-18,2011-01-19,0,Overnight,0.0,False,-70.03,-70.03,3.51,False,0.0,False
2011-01-19,2011-01-20,0,Overnight,0.0,False,10.53,10.53,-52.77,False,0.0,False
2011-01-20,2011-01-21,0,Overnight,0.0,False,17.62,17.62,-134.71,False,0.0,False
2011-01-21,2011-01-24,2,Weekend,48.0,False,0.0,0.0,127.66,False,0.0,False
2011-01-24,2011-01-25,0,Overnight,0.0,False,-84.93,-84.93,109.56,False,0.0,False
2011-01-25,2011-01-26,0,Overnight,0.0,False,21.07,21.07,94.26,False,0.0,False
2011-01-26,2011-01-27,0,Overnight,0.0,False,-10.43,-10.43,41.65,False,0.0,False
2011-01-27,2011-01-28,0,Overnight,0.0,False,10.39,10.39,-406.06,False,0.0,False
2011-01-28,2011-01-31,2,Weekend,48.0,False,7.2,7.2,-14.41,False,0.0,False
2011-01-31,2011-02-01,0,Overnight,0.0,False,25.21,25.21,68.11,False,0.0,False
2011-02-01,2011-02-02,0,Overnight,0.0,False,-21.46,-21.46,3.58,False,0.0,False
2011-02-02,2011-02-03,0,Overnight,0.0,False,10.73,10.73,-115.07,False,0.0,False
2011-02-03,2011-02-04,0,Overnight,0.0,False,18.07,18.07,25.24,False,0.0,False
2011-02-04,2011-02-07,2,Weekend,48.0,False,10.8,10.8,142.86,False,0.0,False
2011-02-07,2011-02-08,0,Overnight,0.0,False,-35.52,-35.52,63.85,False,0.0,False
2011-02-08,2011-02-09,0,Overnight,0.0,False,-31.88,-31.88,-78.35,False,0.0,False
2011-02-09,2011-02-10,0,Overnight,0.0,False,-14.31,-14.31,-155.15,False,0.0,False
2011-02-10,2011-02-11,0,Overnight,0.0,False,94.1,94.1,-185.43,False,0.0,False
2011-02-11,2011-02-14,2,Weekend,48.0,False,-14.69,-14.69,7.35,False,0.0,False
2011-02-14,2011-02-15,0,Overnight,0.0,False,-70.02,-11.02,-29.63,True,58.76,False
2011-02-15,2011-02-16,0,Overnight,0.0,False,33.33,33.33,-11.1,False,0.0,False
2011-02-16,2011-02-17,0,Overnight,0.0,False,-18.52,-18.52,88.59,False,0.0,False
2011-02-17,2011-02-18,0,Overnight,0.0,False,-29.44,-29.44,-25.84,False,0.0,False
2011-02-18,2011-02-22,3,Long,72.0,False,-104.01,-104.01,-71.2,False,0.0,False
2011-02-22,2011-02-23,0,Overnight,0.0,False,-22.59,-22.59,22.59,False,0.0,False
2011-02-23,2011-02-24,0,Overnight,0.0,False,18.79,18.79,48.68,False,0.0,False
2011-02-24,2011-02-25,0,Overnight,0.0,False,52.16,52.16,-134.68,False,0.0,False
2011-02-25,2011-02-28,2,Weekend,48.0,False,52.59,52.59,-41.3,False,0.0,False
2011-02-28,2011-03-01,0,Overnight,0.0,False,7.52,7.52,-166.8,False,0.0,False
2011-03-01,2011-03-02,0,Overnight,0.0,False,-19.13,-19.13,-11.5,False,0.0,False
2011-03-02,2011-03-03,0,Overnight,0.0,False,68.78,68.78,-22.87,False,0.0,False
2011-03-03,2011-03-04,0,Overnight,0.0,False,7.63,7.63,-103.51,False,0.0,False
2011-03-04,2011-03-07,2,Weekend,48.0,False,69.12,69.12,-158.15,False,0.0,False
2011-03-07,2011-03-08,0,Overnight,0.0,False,19.42,19.42,54.18,False,0.0,False
2011-03-08,2011-03-09,0,Overnight,0.0,False,-38.67,-38.67,30.95,False,0.0,False
2011-03-09,2011-03-10,0,Overnight,0.0,False,-104.83,-104.83,-82.31,False,0.0,False
2011-03-10,2011-03-11,0,Overnight,0.0,False,0.0,0.0,105.7,False,0.0,False
2011-03-11,2011-03-14,2,Weekend,47.0,False,-74.26,-74.26,78.16,False,0.0,False
2011-03-14,2011-03-15,0,Overnight,0.0,False,-240.31,-240.31,122.85,False,0.0,False
2011-03-15,2011-03-16,0,Overnight,0.0,False,-67.18,-67.18,-171.97,False,0.0,False
2011-03-16,2011-03-17,0,Overnight,0.0,False,108.33,108.33,-112.36,False,0.0,False
2011-03-17,2011-03-18,0,Overnight,0.0,False,112.36,112.36,-104.29,False,0.0,False
2011-03-18,2011-03-21,2,Weekend,48.0,False,152.06,152.06,59.39,False,0.0,False
2011-03-21,2011-03-22,0,Overnight,0.0,False,-11.85,-11.85,0.0,False,0.0,False
2011-03-22,2011-03-23,0,Overnight,0.0,False,-27.71,-27.71,122.12,False,0.0,False
2011-03-23,2011-03-24,0,Overnight,0.0,False,23.46,23.46,81.7,False,0.0,False
2011-03-24,2011-03-25,0,Overnight,0.0,False,46.39,46.39,-120.27,False,0.0,False
2011-03-25,2011-03-28,2,Weekend,48.0,False,15.6,15.6,-97.91,False,0.0,False
2011-03-28,2011-03-29,0,Overnight,0.0,False,-27.59,-27.59,59.02,False,0.0,False
2011-03-29,2011-03-30,0,Overnight,0.0,False,43.06,43.06,3.91,False,0.0,False
2011-03-30,2011-03-31,0,Overnight,0.0,False,-3.91,-3.91,-82.37,False,0.0,False
2011-03-31,2011-04-01,0,Overnight,0.0,False,54.99,54.99,-19.6,False,0.0,False
2011-04-01,2011-04-04,2,Weekend,48.0,False,-11.78,-11.78,39.21,False,0.0,False
2011-04-04,2011-04-05,0,Overnight,0.0,False,105.12,105.12,-15.5,False,0.0,False
2011-04-05,2011-04-06,0,Overnight,0.0,False,77.28,77.28,65.22,False,0.0,False
2011-04-06,2011-04-07,0,Overnight,0.0,False,15.29,15.29,3.82,False,0.0,False
2011-04-07,2011-04-08,0,Overnight,0.0,False,-11.46,-11.46,-38.28,False,0.0,False
2011-04-08,2011-04-11,2,Weekend,48.0,False,45.92,45.92,-80.51,False,0.0,False
2011-04-11,2011-04-12,0,Overnight,0.0,False,-57.9,-57.9,-73.83,False,0.0,False
2011-04-12,2011-04-13,0,Overnight,0.0,False,3.9,3.9,-7.8,False,0.0,False
2011-04-13,2011-04-14,0,Overnight,0.0,False,-82.27,-82.27,0.0,False,0.0,False
2011-04-14,2011-04-15,0,Overnight,0.0,False,15.72,15.72,-35.41,False,0.0,False
2011-04-15,2011-04-18,2,Weekend,48.0,False,-107.0,-107.0,-7.97,False,0.0,False
2011-04-18,2011-04-19,0,Overnight,0.0,False,-31.95,-31.95,59.82,False,0.0,False
2011-04-19,2011-04-20,0,Overnight,0.0,False,153.88,153.88,85.77,False,0.0,False
2011-04-20,2011-04-21,0,Overnight,0.0,False,11.64,11.64,-105.24,False,0.0,False
2011-04-21,2011-04-25,3,Long,72.0,False,15.66,15.66,19.54,False,0.0,False
2011-04-25,2011-04-26,0,Overnight,0.0,False,50.63,50.63,173.31,False,0.0,False
2011-04-26,2011-04-27,0,Overnight,0.0,False,41.91,41.91,30.37,False,0.0,False
2011-04-27,2011-04-28,0,Overnight,0.0,False,30.28,30.28,94.04,False,0.0,False
2011-04-28,2011-04-29,0,Overnight,0.0,False,-60.08,-60.08,-240.15,False,0.0,False
2011-04-29,2011-05-02,2,Weekend,48.0,False,7.71,7.71,-108.53,False,0.0,False
2011-05-02,2011-05-03,0,Overnight,0.0,False,-23.41,-23.41,81.7,False,0.0,False
2011-05-03,2011-05-04,0,Overnight,0.0,False,15.49,15.49,80.91,False,0.0,False
2011-05-04,2011-05-05,0,Overnight,0.0,False,-3.84,-3.84,-100.31,False,0.0,False
2011-05-05,2011-05-06,0,Overnight,0.0,False,107.98,107.98,-77.01,False,0.0,False
2011-05-06,2011-05-09,2,Weekend,48.0,False,-27.1,-27.1,11.62,False,0.0,False
2011-05-09,2011-05-10,0,Overnight,0.0,False,-175.75,-175.75,113.62,False,0.0,False
2011-05-10,2011-05-11,0,Overnight,0.0,False,-7.79,-7.79,-113.7,False,0.0,False
2011-05-11,2011-05-12,0,Overnight,0.0,False,-3.94,-3.94,-11.84,False,0.0,False
2011-05-12,2011-05-13,0,Overnight,0.0,False,-15.81,-15.81,-99.38,False,0.0,False
2011-05-13,2011-05-16,2,Weekend,48.0,False,-28.01,-28.01,-157.48,False,0.0,False
2011-05-16,2011-05-17,0,Overnight,0.0,False,-69.43,-4.07,49.06,True,65.12,False
2011-05-17,2011-05-18,0,Overnight,0.0,False,4.08,4.08,65.01,False,0.0,False
2011-05-18,2011-05-19,0,Overnight,0.0,False,64.59,64.59,-52.45,False,0.0,False
2011-05-19,2011-05-20,0,Overnight,0.0,False,0.0,0.0,-93.48,False,0.0,False
2011-05-20,2011-05-23,2,Weekend,48.0,False,-114.99,-114.99,-16.54,False,0.0,False
2011-05-23,2011-05-24,0,Overnight,0.0,False,12.4,12.4,-20.68,False,0.0,False
2011-05-24,2011-05-25,0,Overnight,0.0,False,8.28,8.28,8.27,False,0.0,False
2011-05-25,2011-05-26,0,Overnight,0.0,False,65.92,65.92,130.56,False,0.0,False
2011-05-26,2011-05-27,0,Overnight,0.0,False,4.05,4.05,32.36,False,0.0,False
2011-05-27,2011-05-31,3,Long,72.0,False,80.45,80.45,20.01,False,0.0,False
2011-05-31,2011-06-01,0,Overnight,0.0,False,-8.0,-8.0,-226.64,False,0.0,False
2011-06-01,2011-06-02,0,Overnight,0.0,False,24.53,24.53,-110.86,False,0.0,False
2011-06-02,2011-06-03,0,Overnight,0.0,False,-70.44,-70.44,-58.38,False,0.0,False
2011-06-03,2011-06-06,2,Weekend,48.0,False,-8.37,-8.37,50.1,False,0.0,False
2011-06-06,2011-06-07,0,Overnight,0.0,False,33.26,33.26,-12.46,False,0.0,False
2011-06-07,2011-06-08,0,Overnight,0.0,False,-66.72,-66.72,16.72,False,0.0,False
2011-06-08,2011-06-09,0,Overnight,0.0,False,29.2,29.2,-20.85,False,0.0,False
2011-06-09,2011-06-10,0,Overnight,0.0,False,25.01,25.01,-129.9,False,0.0,False
2011-06-10,2011-06-13,2,Weekend,48.0,False,33.69,33.69,104.54,False,0.0,False
2011-06-13,2011-06-14,0,Overnight,0.0,False,107.57,107.57,-32.98,False,0.0,False
2011-06-14,2011-06-15,0,Overnight,0.0,False,-91.25,-91.25,-108.92,False,0.0,False
2011-06-15,2011-06-16,0,Overnight,0.0,False,4.21,4.21,104.71,False,0.0,False
2011-06-16,2011-06-17,0,Overnight,0.0,False,91.25,91.25,16.5,False,0.0,False
2011-06-17,2011-06-20,2,Weekend,48.0,False,-37.17,-37.17,123.36,False,0.0,False
2011-06-20,2011-06-21,0,Overnight,0.0,False,20.41,20.41,97.4,False,0.0,False
2011-06-21,2011-06-22,0,Overnight,0.0,False,-64.83,-64.83,20.3,False,0.0,False
2011-06-22,2011-06-23,0,Overnight,0.0,False,-85.56,-85.56,77.44,False,0.0,False
2011-06-23,2011-06-24,0,Overnight,0.0,False,-48.84,-48.84,-86.05,False,0.0,False
2011-06-24,2011-06-27,2,Weekend,48.0,False,-28.85,-28.85,392.52,False,0.0,False
2011-06-27,2011-06-28,0,Overnight,0.0,False,39.6,39.6,195.7,False,0.0,False
2011-06-28,2011-06-29,0,Overnight,0.0,False,-34.94,-34.94,-35.07,False,0.0,False
2011-06-29,2011-06-30,0,Overnight,0.0,False,46.73,46.73,100.5,False,0.0,False
2011-06-30,2011-07-01,0,Overnight,0.0,False,-26.96,-26.96,34.65,False,0.0,False
2011-07-01,2011-07-05,3,Long,72.0,False,30.7,30.7,-26.86,False,0.0,False
2011-07-05,2011-07-06,0,Overnight,0.0,False,-23.08,-23.08,137.67,False,0.0,False
2011-07-06,2011-07-07,0,Overnight,0.0,False,60.58,60.58,105.15,False,0.0,False
2011-07-07,2011-07-08,0,Overnight,0.0,False,-86.29,-86.29,142.16,False,0.0,False
2011-07-08,2011-07-11,2,Weekend,48.0,False,-112.07,-112.07,3.76,False,0.0,False
2011-07-11,2011-07-12,0,Overnight,0.0,False,-30.09,-30.09,-3.77,False,0.0,False
2011-07-12,2011-07-13,0,Overnight,0.0,False,22.58,22.58,11.27,False,0.0,False
2011-07-13,2011-07-14,0,Overnight,0.0,False,-3.76,-3.76,-56.51,False,0.0,False
2011-07-14,2011-07-15,0,Overnight,0.0,False,0.0,0.0,116.43,False,0.0,False
2011-07-15,2011-07-18,2,Weekend,48.0,False,-56.17,-56.17,-15.03,False,0.0,False
2011-07-18,2011-07-19,0,Overnight,0.0,False,82.4,82.4,268.65,False,0.0,False
2011-07-19,2011-07-20,0,Overnight,0.0,False,-94.86,-94.86,-80.97,False,0.0,False
2011-07-20,2011-07-21,0,Overnight,0.0,False,-7.39,-7.39,22.16,False,0.0,False
2011-07-21,2011-07-22,0,Overnight,0.0,False,-88.95,-88.95,246.38,False,0.0,False
2011-07-22,2011-07-25,2,Weekend,48.0,False,-98.56,-98.56,235.65,False,0.0,False
2011-07-25,2011-07-26,0,Overnight,0.0,False,-32.3,-32.3,93.02,False,0.0,False
2011-07-26,2011-07-27,0,Overnight,0.0,False,-71.48,-71.48,-199.25,False,0.0,False
2011-07-27,2011-07-28,0,Overnight,0.0,False,-14.65,-14.65,156.34,False,0.0,False
2011-07-28,2011-07-29,0,Overnight,0.0,False,-72.41,-72.41,-43.7,False,0.0,False
2011-07-29,2011-08-01,2,Weekend,48.0,False,40.07,40.07,-87.62,False,0.0,False
2011-08-01,2011-08-02,0,Overnight,0.0,False,-106.91,-106.91,-66.94,False,0.0,False
2011-08-02,2011-08-03,0,Overnight,0.0,False,11.19,11.19,33.49,False,0.0,False
2011-08-03,2011-08-04,0,Overnight,0.0,False,-145.93,-145.93,-224.9,False,0.0,False
2011-08-04,2011-08-05,0,Overnight,0.0,False,11.56,11.56,-112.3,False,0.0,False
2011-08-05,2011-08-08,2,Weekend,48.0,False,-260.37,-260.37,-218.19,False,0.0,False
2011-08-08,2011-08-09,0,Overnight,0.0,False,93.52,93.52,346.03,False,0.0,False
2011-08-09,2011-08-10,0,Overnight,0.0,False,-249.37,-249.37,-305.21,False,0.0,False
2011-08-10,2011-08-11,0,Overnight,0.0,False,123.2,123.2,277.74,False,0.0,False
2011-08-11,2011-08-12,0,Overnight,0.0,False,-23.85,-23.85,-11.94,False,0.0,False
2011-08-12,2011-08-15,2,Weekend,48.0,False,55.62,55.62,106.4,False,0.0,False
2011-08-15,2011-08-16,0,Overnight,0.0,False,-114.33,-51.09,51.41,True,62.72,False
2011-08-16,2011-08-17,0,Overnight,0.0,False,-39.53,-39.53,0.0,False,0.0,False
2011-08-17,2011-08-18,0,Overnight,0.0,False,-273.0,-273.0,40.62,False,0.0,False
2011-08-18,2011-08-19,0,Overnight,0.0,False,-105.95,-105.95,-148.58,False,0.0,False
2011-08-19,2011-08-22,2,Weekend,48.0,False,152.68,152.68,-181.82,False,0.0,False
2011-08-22,2011-08-23,0,Overnight,0.0,False,20.83,20.83,283.1,False,0.0,False
2011-08-23,2011-08-24,0,Overnight,0.0,False,-28.36,-28.36,100.91,False,0.0,False
2011-08-24,2011-08-25,0,Overnight,0.0,False,72.03,72.03,-205.45,False,0.0,False
2011-08-25,2011-08-26,0,Overnight,0.0,False,-24.45,-24.45,297.45,False,0.0,False
2011-08-26,2011-08-29,2,Weekend,48.0,False,110.28,110.28,120.69,False,0.0,False
2011-08-29,2011-08-30,0,Overnight,0.0,False,-42.66,-42.66,192.46,False,0.0,False
2011-08-30,2011-08-31,0,Overnight,0.0,False,22.85,22.85,117.23,False,0.0,False
2011-08-31,2011-09-01,0,Overnight,0.0,False,-52.77,-52.77,-94.93,False,0.0,False
2011-09-01,2011-09-02,0,Overnight,0.0,False,-165.42,-165.42,7.75,False,0.0,False
2011-09-02,2011-09-06,3,Long,72.0,False,-235.3,-235.3,122.26,False,0.0,False
2011-09-06,2011-09-07,0,Overnight,0.0,False,70.31,70.31,119.95,False,0.0,False
2011-09-07,2011-09-08,0,Overnight,0.0,False,0.0,0.0,84.26,False,0.0,False
2011-09-08,2011-09-09,0,Overnight,0.0,False,-84.26,-84.26,-100.5,False,0.0,False
2011-09-09,2011-09-12,2,Weekend,48.0,False,-117.23,-117.23,175.34,False,0.0,False
2011-09-12,2011-09-13,0,Overnight,0.0,False,11.58,11.58,46.19,False,0.0,False
2011-09-13,2011-09-14,0,Overnight,0.0,False,49.8,49.8,125.31,False,0.0,False
2011-09-14,2011-09-15,0,Overnight,0.0,False,86.42,86.42,96.8,False,0.0,False
2011-09-15,2011-09-16,0,Overnight,0.0,False,22.21,22.21,25.85,False,0.0,False
2011-09-16,2011-09-19,2,Weekend,48.0,False,-118.7,-118.7,151.83,False,0.0,False
2011-09-19,2011-09-20,0,Overnight,0.0,False,36.68,36.68,-121.57,False,0.0,False
2011-09-20,2011-09-21,0,Overnight,0.0,False,25.91,25.91,-399.75,False,0.0,False
2011-09-21,2011-09-22,0,Overnight,0.0,False,-269.07,-269.07,-95.31,False,0.0,False
2011-09-22,2011-09-23,0,Overnight,0.0,False,-64.05,-64.05,64.05,False,0.0,False
2011-09-23,2011-09-26,2,Weekend,48.0,False,51.74,51.74,98.76,False,0.0,False
2011-09-26,2011-09-27,0,Overnight,0.0,False,86.11,86.11,3.9,False,0.0,False
2011-09-27,2011-09-28,0,Overnight,0.0,False,100.78,100.78,-135.9,False,0.0,False
2011-09-28,2011-09-29,0,Overnight,0.0,False,155.16,155.16,-206.11,False,0.0,False
2011-09-29,2011-09-30,0,Overnight,0.0,False,-98.72,-98.72,-123.78,False,0.0,False
2011-09-30,2011-10-03,2,Weekend,48.0,False,-68.53,-68.53,-77.16,False,0.0,False
2011-10-03,2011-10-04,0,Overnight,0.0,False,-94.21,-94.21,419.08,False,0.0,False
2011-10-04,2011-10-05,0,Overnight,0.0,False,31.52,31.52,183.2,False,0.0,False
2011-10-05,2011-10-06,0,Overnight,0.0,False,3.86,3.86,168.46,False,0.0,False
2011-10-06,2011-10-07,0,Overnight,0.0,False,0.0,0.0,-34.23,False,0.0,False
2011-10-07,2011-10-10,2,Weekend,48.0,False,124.93,124.93,134.53,False,0.0,False
2011-10-10,2011-10-11,0,Overnight,0.0,False,-29.74,-29.74,51.99,False,0.0,False
2011-10-11,2011-10-12,0,Overnight,0.0,False,66.45,66.45,-81.27,False,0.0,False
2011-10-12,2011-10-13,0,Overnight,0.0,False,-74.46,-74.46,155.73,False,0.0,False
2011-10-13,2011-10-14,0,Overnight,0.0,False,47.71,47.71,-14.66,False,0.0,False
2011-10-14,2011-10-17,2,Weekend,48.0,False,-58.84,-58.84,-48.07,False,0.0,False
2011-10-17,2011-10-18,0,Overnight,0.0,False,-14.84,-14.84,136.41,False,0.0,False
2011-10-18,2011-10-19,0,Overnight,0.0,False,21.95,21.95,-88.07,False,0.0,False
2011-10-19,2011-10-20,0,Overnight,0.0,False,47.8,47.8,-81.03,False,0.0,False
2011-10-20,2011-10-21,0,Overnight,0.0,False,40.6,40.6,3.68,False,0.0,False
2011-10-21,2011-10-24,2,Weekend,48.0,False,-36.89,-36.89,47.93,False,0.0,False
2011-10-24,2011-10-25,0,Overnight,0.0,False,-40.54,-40.54,-100.21,False,0.0,False
2011-10-25,2011-10-26,0,Overnight,0.0,False,81.72,81.72,-164.12,False,0.0,False
2011-10-26,2011-10-27,0,Overnight,0.0,False,201.05,201.05,44.13,False,0.0,False
2011-10-27,2011-10-28,0,Overnight,0.0,False,-40.45,-40.45,-59.13,False,0.0,False
2011-10-28,2011-10-31,2,Weekend,48.0,False,-81.88,-81.88,-48.7,False,0.0,False
2011-10-31,2011-11-01,0,Overnight,0.0,False,-166.61,-166.61,-76.66,False,0.0,False
2011-11-01,2011-11-02,0,Overnight,0.0,False,42.23,42.23,-34.54,False,0.0,False
2011-11-02,2011-11-03,0,Overnight,0.0,False,88.04,88.04,109.91,False,0.0,False
2011-11-03,2011-11-04,0,Overnight,0.0,False,-56.7,-56.7,-49.4,False,0.0,False
2011-11-04,2011-11-07,2,Weekend,49.0,False,-15.25,-15.25,222.61,False,0.0,False
2011-11-07,2011-11-08,0,Overnight,0.0,False,78.05,78.05,55.38,False,0.0,False
2011-11-08,2011-11-09,0,Overnight,0.0,False,-212.1,-212.1,-147.76,False,0.0,False
2011-11-09,2011-11-10,0,Overnight,0.0,False,102.53,102.53,-72.04,False,0.0,False
2011-11-10,2011-11-11,0,Overnight,0.0,False,113.51,113.51,123.39,False,0.0,False
2011-11-11,2011-11-14,2,Weekend,48.0,False,-11.15,-11.15,-44.74,False,0.0,False
2011-11-14,2011-11-15,0,Overnight,0.0,False,-75.02,-0.0,67.54,True,74.74,False
2011-11-15,2011-11-16,0,Overnight,0.0,False,-101.49,-101.49,-152.27,False,0.0,False
2011-11-16,2011-11-17,0,Overnight,0.0,False,-23.04,-23.04,-182.35,False,0.0,False
2011-11-17,2011-11-18,0,Overnight,0.0,False,-23.52,-23.52,-70.89,False,0.0,False
2011-11-18,2011-11-21,2,Weekend,48.0,False,-23.74,-23.74,-95.54,False,0.0,False
2011-11-21,2011-11-22,0,Overnight,0.0,False,-44.1,-44.1,-40.26,False,0.0,False
2011-11-22,2011-11-23,0,Overnight,0.0,False,-72.87,-72.87,-57.05,False,0.0,False
2011-11-23,2011-11-25,1,Short,24.0,False,-36.85,-36.85,-32.87,False,0.0,False
2011-11-25,2011-11-28,2,Weekend,48.0,True,259.97,259.97,-28.11,False,0.0,False
2011-11-28,2011-11-29,0,Overnight,0.0,False,-20.13,-20.13,8.05,False,0.0,False
2011-11-29,2011-11-30,0,Overnight,0.0,False,211.12,211.12,82.43,False,0.0,False
2011-11-30,2011-12-01,0,Overnight,0.0,False,-7.82,-7.82,-110.15,False,0.0,False
2011-12-01,2011-12-02,0,Overnight,0.0,False,121.88,121.88,-145.64,False,0.0,False
2011-12-02,2011-12-05,2,Weekend,48.0,False,219.62,219.62,-31.08,False,0.0,False
2011-12-05,2011-12-06,0,Overnight,0.0,False,42.71,42.71,-58.29,False,0.0,False
2011-12-06,2011-12-07,0,Overnight,0.0,False,3.9,3.9,-27.31,False,0.0,False
2011-12-07,2011-12-08,0,Overnight,0.0,False,-46.99,-46.99,-31.45,False,0.0,False
2011-12-08,2011-12-09,0,Overnight,0.0,False,47.13,47.13,70.29,False,0.0,False
2011-12-09,2011-12-12,2,Weekend,48.0,False,-113.48,-113.48,39.28,False,0.0,False
2011-12-12,2011-12-13,0,Overnight,0.0,False,93.64,93.64,3.88,False,0.0,False
2011-12-13,2011-12-14,0,Overnight,0.0,False,-15.54,-15.54,-50.67,False,0.0,False
2011-12-14,2011-12-15,0,Overnight,0.0,False,50.67,50.67,-62.4,False,0.0,False
2011-12-15,2011-12-16,0,Overnight,0.0,False,42.94,42.94,127.74,False,0.0,False
2011-12-16,2011-12-19,2,Weekend,48.0,False,7.69,7.69,-190.11,False,0.0,False
2011-12-19,2011-12-20,0,Overnight,0.0,False,128.43,128.43,65.52,False,0.0,False
2011-12-20,2011-12-21,0,Overnight,0.0,False,-7.69,-7.69,-96.58,False,0.0,False
2011-12-21,2011-12-22,0,Overnight,0.0,False,23.26,23.26,-3.87,False,0.0,False
2011-12-22,2011-12-23,0,Overnight,0.0,False,38.67,38.67,46.21,False,0.0,False
2011-12-23,2011-12-27,3,Long,72.0,False,-26.93,-26.93,30.77,False,0.0,False
2011-12-27,2011-12-28,0,Overnight,0.0,False,26.85,26.85,-111.69,False,0.0,False
2011-12-28,2011-12-29,0,Overnight,0.0,False,50.22,50.22,26.94,False,0.0,False
2011-12-29,2011-12-30,0,Overnight,0.0,False,-7.69,-7.69,-15.4,False,0.0,False
2011-12-30,2012-01-03,3,Long,72.0,False,224.73,224.73,82.52,False,0.0,False
2012-01-03,2012-01-04,0,Overnight,0.0,False,18.66,18.66,213.95,False,0.0,False
2012-01-04,2012-01-05,0,Overnight,0.0,False,-7.3,-7.3,108.97,False,0.0,False
2012-01-05,2012-01-06,0,Overnight,0.0,False,-54.34,-54.34,208.49,False,0.0,False
2012-01-06,2012-01-09,2,Weekend,48.0,False,-21.37,-21.37,-111.13,False,0.0,False
2012-01-09,2012-01-10,0,Overnight,0.0,False,68.26,68.26,-32.28,False,0.0,False
2012-01-10,2012-01-11,0,Overnight,0.0,False,-148.37,-148.37,105.17,False,0.0,False
2012-01-11,2012-01-12,0,Overnight,0.0,False,53.97,53.97,46.54,False,0.0,False
2012-01-12,2012-01-13,0,Overnight,0.0,False,-25.03,-25.03,113.92,False,0.0,False
2012-01-13,2012-01-17,3,Long,72.0,False,52.96,52.96,-49.42,False,0.0,False
2012-01-17,2012-01-18,0,Overnight,0.0,False,17.68,17.68,-28.3,False,0.0,False
2012-01-18,2012-01-19,0,Overnight,0.0,False,-24.83,-24.83,-14.21,False,0.0,False
2012-01-19,2012-01-20,0,Overnight,0.0,False,245.88,245.88,304.14,False,0.0,False
2012-01-20,2012-01-23,2,Weekend,48.0,False,-54.0,-54.0,60.73,False,0.0,False
2012-01-23,2012-01-24,0,Overnight,0.0,False,-87.84,-87.84,-44.21,False,0.0,False
2012-01-24,2012-01-25,0,Overnight,0.0,False,-92.45,-92.45,167.15,False,0.0,False
2012-01-25,2012-01-26,0,Overnight,0.0,False,16.9,16.9,-37.22,False,0.0,False
2012-01-26,2012-01-27,0,Overnight,0.0,False,-16.96,-16.96,-74.98,False,0.0,False
2012-01-27,2012-01-30,2,Weekend,48.0,False,-89.35,-89.35,218.51,False,0.0,False
2012-01-30,2012-01-31,0,Overnight,0.0,False,16.87,16.87,-43.93,False,0.0,False
2012-01-31,2012-02-01,0,Overnight,0.0,False,87.66,87.66,33.51,False,0.0,False
2012-02-01,2012-02-02,0,Overnight,0.0,False,3.35,3.35,16.71,False,0.0,False
2012-02-02,2012-02-03,0,Overnight,0.0,False,63.24,63.24,33.12,False,0.0,False
2012-02-03,2012-02-06,2,Weekend,48.0,False,-66.36,-66.36,53.12,False,0.0,False
2012-02-06,2012-02-07,0,Overnight,0.0,False,-16.57,-16.57,66.12,False,0.0,False
2012-02-07,2012-02-08,0,Overnight,0.0,False,-29.7,-29.7,131.32,False,0.0,False
2012-02-08,2012-02-09,0,Overnight,0.0,False,6.52,6.52,29.29,False,0.0,False
2012-02-09,2012-02-10,0,Overnight,0.0,False,-42.34,-42.34,-45.8,False,0.0,False
2012-02-10,2012-02-13,2,Weekend,48.0,False,42.53,42.53,-16.34,False,0.0,False
2012-02-13,2012-02-14,0,Overnight,0.0,False,-82.09,-16.36,-26.41,True,65.4,False
2012-02-14,2012-02-15,0,Overnight,0.0,False,26.41,26.41,-92.75,False,0.0,False
2012-02-15,2012-02-16,0,Overnight,0.0,False,86.15,86.15,318.21,False,0.0,False
2012-02-16,2012-02-17,0,Overnight,0.0,False,-28.8,-28.8,16.01,False,0.0,False
2012-02-17,2012-02-21,3,Long,72.0,False,-22.43,-22.43,83.04,False,0.0,False
2012-02-21,2012-02-22,0,Overnight,0.0,False,3.18,3.18,-57.4,False,0.0,False
2012-02-22,2012-02-23,0,Overnight,0.0,False,-22.41,-22.41,54.34,False,0.0,False
2012-02-23,2012-02-24,0,Overnight,0.0,False,35.0,35.0,0.0,False,0.0,False
2012-02-24,2012-02-27,2,Weekend,48.0,False,-76.53,-76.53,35.15,False,0.0,False
2012-02-27,2012-02-28,0,Overnight,0.0,False,19.12,19.12,145.39,False,0.0,False
2012-02-28,2012-02-29,0,Overnight,0.0,False,6.27,6.27,-47.15,False,0.0,False
2012-02-29,2012-03-01,0,Overnight,0.0,False,59.68,59.68,112.12,False,0.0,False
2012-03-01,2012-03-02,0,Overnight,0.0,False,6.19,6.19,-71.44,False,0.0,False
2012-03-02,2012-03-05,2,Weekend,48.0,False,-21.85,-21.85,-65.82,False,0.0,False
2012-03-05,2012-03-06,0,Overnight,0.0,False,-82.1,-82.1,6.34,False,0.0,False
2012-03-06,2012-03-07,0,Overnight,0.0,False,34.79,34.79,53.54,False,0.0,False
2012-03-07,2012-03-08,0,Overnight,0.0,False,62.62,62.62,-9.37,False,0.0,False
2012-03-08,2012-03-09,0,Overnight,0.0,False,28.08,28.08,-34.33,False,0.0,False
2012-03-09,2012-03-12,2,Weekend,47.0,False,-6.25,-6.25,21.87,False,0.0,False
2012-03-12,2012-03-13,0,Overnight,0.0,False,62.23,62.23,132.49,False,0.0,False
2012-03-13,2012-03-14,0,Overnight,0.0,False,-42.94,-42.94,73.51,False,0.0,False
2012-03-14,2012-03-15,0,Overnight,0.0,False,6.1,6.1,18.28,False,0.0,False
2012-03-15,2012-03-16,0,Overnight,0.0,False,18.25,18.25,-94.64,False,0.0,False
2012-03-16,2012-03-19,2,Weekend,48.0,False,-18.42,-18.42,-105.04,False,0.0,False
2012-03-19,2012-03-20,0,Overnight,0.0,False,-31.11,-31.11,-34.33,False,0.0,False
2012-03-20,2012-03-21,0,Overnight,0.0,False,-9.38,-9.38,-15.66,False,0.0,False
2012-03-21,2012-03-22,0,Overnight,0.0,False,-31.39,-31.39,59.55,False,0.0,False
2012-03-22,2012-03-23,0,Overnight,0.0,False,31.2,31.2,-28.08,False,0.0,False
2012-03-23,2012-03-26,2,Weekend,48.0,False,56.08,56.08,123.5,False,0.0,False
2012-03-26,2012-03-27,0,Overnight,0.0,False,18.39,18.39,-39.9,False,0.0,False
2012-03-27,2012-03-28,0,Overnight,0.0,False,0.0,0.0,-101.99,False,0.0,False
2012-03-28,2012-03-29,0,Overnight,0.0,False,-40.47,-40.47,18.7,False,0.0,False
2012-03-29,2012-03-30,0,Overnight,0.0,False,86.8,86.8,-43.3,False,0.0,False
2012-03-30,2012-04-02,2,Weekend,48.0,False,-12.41,-12.41,21.7,False,0.0,False
2012-04-02,2012-04-03,0,Overnight,0.0,False,-40.34,-40.34,-68.64,False,0.0,False
2012-04-03,2012-04-04,0,Overnight,0.0,False,-88.05,-88.05,-143.16,False,0.0,False
2012-04-04,2012-04-05,0,Overnight,0.0,False,-19.24,-19.24,118.08,False,0.0,False
2012-04-05,2012-04-09,3,Long,72.0,False,-95.63,-95.63,-38.51,False,0.0,False
2012-04-09,2012-04-10,0,Overnight,0.0,False,-12.87,-12.87,-191.78,False,0.0,False
2012-04-10,2012-04-11,0,Overnight,0.0,False,-13.14,-13.14,-26.32,False,0.0,False
2012-04-11,2012-04-12,0,Overnight,0.0,False,42.74,42.74,162.71,False,0.0,False
2012-04-12,2012-04-13,0,Overnight,0.0,False,-29.09,-29.09,-25.93,False,0.0,False
2012-04-13,2012-04-16,2,Weekend,48.0,False,58.25,58.25,29.0,False,0.0,False
2012-04-16,2012-04-17,0,Overnight,0.0,False,60.95,60.95,54.22,False,0.0,False
2012-04-17,2012-04-18,0,Overnight,0.0,False,-51.02,-51.02,-44.86,False,0.0,False
2012-04-18,2012-04-19,0,Overnight,0.0,False,-3.21,-3.21,-38.62,False,0.0,False
2012-04-19,2012-04-20,0,Overnight,0.0,False,361.03,361.03,83.63,False,0.0,False
2012-04-20,2012-04-23,2,Weekend,48.0,False,-33.99,-33.99,-58.98,False,0.0,False
2012-04-23,2012-04-24,0,Overnight,0.0,False,27.98,27.98,-90.44,False,0.0,False
2012-04-24,2012-04-25,0,Overnight,0.0,False,0.0,0.0,87.34,False,0.0,False
2012-04-25,2012-04-26,0,Overnight,0.0,False,-24.88,-24.88,-3.11,False,0.0,False
2012-04-26,2012-04-27,0,Overnight,0.0,False,3.11,3.11,-43.68,False,0.0,False
2012-04-27,2012-04-30,2,Weekend,48.0,False,0.0,0.0,12.5,False,0.0,False
2012-04-30,2012-05-01,0,Overnight,0.0,False,9.36,9.36,-12.49,False,0.0,False
2012-05-01,2012-05-02,0,Overnight,0.0,False,-50.11,-50.11,-15.71,False,0.0,False
2012-05-02,2012-05-03,0,Overnight,0.0,False,25.13,25.13,-37.71,False,0.0,False
2012-05-03,2012-05-04,0,Overnight,0.0,False,-98.09,-98.09,-150.57,False,0.0,False
2012-05-04,2012-05-07,2,Weekend,48.0,False,-90.79,-90.79,-16.3,False,0.0,False
2012-05-07,2012-05-08,0,Overnight,0.0,False,-55.62,-55.62,6.56,False,0.0,False
2012-05-08,2012-05-09,0,Overnight,0.0,False,-102.16,-102.16,187.04,False,0.0,False
2012-05-09,2012-05-10,0,Overnight,0.0,False,32.46,32.46,-38.96,False,0.0,False
2012-05-10,2012-05-11,0,Overnight,0.0,False,-16.28,-16.28,151.98,False,0.0,False
2012-05-11,2012-05-14,2,Weekend,48.0,False,-109.71,-109.71,-45.53,False,0.0,False
2012-05-14,2012-05-15,0,Overnight,0.0,False,-13.05,52.02,-141.33,True,65.19,False
2012-05-15,2012-05-16,0,Overnight,0.0,False,33.05,33.05,-136.19,False,0.0,False
2012-05-16,2012-05-17,0,Overnight,0.0,False,30.06,30.06,-90.44,False,0.0,False
2012-05-17,2012-05-18,0,Overnight,0.0,False,23.53,23.53,-176.1,False,0.0,False
2012-05-18,2012-05-21,2,Weekend,48.0,False,-58.25,-58.25,220.91,False,0.0,False
2012-05-21,2012-05-22,0,Overnight,0.0,False,-20.19,-20.19,23.55,False,0.0,False
2012-05-22,2012-05-23,0,Overnight,0.0,False,-138.73,-138.73,-82.11,False,0.0,False
2012-05-23,2012-05-24,0,Overnight,0.0,False,17.16,17.16,-30.91,False,0.0,False
2012-05-24,2012-05-25,0,Overnight,0.0,False,44.62,44.62,-48.06,False,0.0,False
2012-05-25,2012-05-29,3,Long,72.0,False,109.52,109.52,61.08,False,0.0,False
2012-05-29,2012-05-30,0,Overnight,0.0,False,-71.3,-71.3,-3.41,False,0.0,False
2012-05-30,2012-05-31,0,Overnight,0.0,False,-13.64,-13.64,-37.61,False,0.0,False
2012-05-31,2012-06-01,0,Overnight,0.0,False,-148.41,-148.41,-108.37,False,0.0,False
2012-06-01,2012-06-04,2,Weekend,48.0,False,59.58,59.58,-24.49,False,0.0,False
2012-06-04,2012-06-05,0,Overnight,0.0,False,-14.02,-14.02,0.0,False,0.0,False
2012-06-05,2012-06-06,0,Overnight,0.0,False,128.94,128.94,161.43,False,0.0,False
2012-06-06,2012-06-07,0,Overnight,0.0,False,98.32,98.32,-139.29,False,0.0,False
2012-06-07,2012-06-08,0,Overnight,0.0,False,-6.84,-6.84,149.51,False,0.0,False
2012-06-08,2012-06-11,2,Weekend,48.0,False,26.95,26.95,-283.15,False,0.0,False
2012-06-11,2012-06-12,0,Overnight,0.0,False,68.97,68.97,65.08,False,0.0,False
2012-06-12,2012-06-13,0,Overnight,0.0,False,-23.93,-23.93,-30.85,False,0.0,False
2012-06-13,2012-06-14,0,Overnight,0.0,False,68.42,68.42,3.41,False,0.0,False
2012-06-14,2012-06-15,0,Overnight,0.0,False,84.85,84.85,144.27,False,0.0,False
2012-06-15,2012-06-18,2,Weekend,48.0,False,-10.0,-10.0,-50.14,False,0.0,False
2012-06-18,2012-06-19,0,Overnight,0.0,False,116.61,116.61,167.52,False,0.0,False
2012-06-19,2012-06-20,0,Overnight,0.0,False,74.64,74.64,0.0,False,0.0,False
2012-06-20,2012-06-21,0,Overnight,0.0,False,9.69,9.69,-268.43,False,0.0,False
2012-06-21,2012-06-22,0,Overnight,0.0,False,52.95,52.95,131.15,False,0.0,False
2012-06-22,2012-06-25,2,Weekend,48.0,False,-131.15,-131.15,-142.93,False,0.0,False
2012-06-25,2012-06-26,0,Overnight,0.0,False,43.43,43.43,6.66,False,0.0,False
2012-06-26,2012-06-27,0,Overnight,0.0,False,56.47,56.47,-6.63,False,0.0,False
2012-06-27,2012-06-28,0,Overnight,0.0,False,-63.18,-63.18,-23.38,False,0.0,False
2012-06-28,2012-06-29,0,Overnight,0.0,False,178.93,178.93,45.87,False,0.0,False
2012-06-29,2012-07-02,2,Weekend,48.0,False,9.8,9.8,-19.61,False,0.0,False
2012-07-02,2012-07-03,0,Overnight,0.0,False,-108.57,-108.57,173.8,False,0.0,False
2012-07-03,2012-07-05,1,Short,24.0,True,-55.42,-55.42,35.9,False,0.0,False
2012-07-05,2012-07-06,0,Overnight,0.0,False,-29.36,-29.36,-138.16,False,0.0,False
2012-07-06,2012-07-09,2,Weekend,48.0,False,-23.21,-23.21,-39.92,False,0.0,False
2012-07-09,2012-07-10,0,Overnight,0.0,False,26.63,26.63,-113.68,False,0.0,False
2012-07-10,2012-07-11,0,Overnight,0.0,False,-10.09,-10.09,-138.96,False,0.0,False
2012-07-11,2012-07-12,0,Overnight,0.0,False,-51.33,-51.33,-180.0,False,0.0,False
2012-07-12,2012-07-13,0,Overnight,0.0,False,45.3,45.3,216.69,False,0.0,False
2012-07-13,2012-07-16,2,Weekend,48.0,False,30.58,30.58,-13.58,False,0.0,False
2012-07-16,2012-07-17,0,Overnight,0.0,False,67.7,67.7,6.75,False,0.0,False
2012-07-17,2012-07-18,0,Overnight,0.0,False,-20.25,-20.25,283.12,False,0.0,False
2012-07-18,2012-07-19,0,Overnight,0.0,False,19.68,19.68,52.3,False,0.0,False
2012-07-19,2012-07-20,0,Overnight,0.0,False,107.02,107.02,-287.98,False,0.0,False
2012-07-20,2012-07-23,2,Weekend,48.0,False,-184.29,-184.29,-98.56,False,0.0,False
2012-07-23,2012-07-24,0,Overnight,0.0,False,-13.67,-13.67,-30.83,False,0.0,False
2012-07-24,2012-07-25,0,Overnight,0.0,False,30.83,30.83,-141.21,False,0.0,False
2012-07-25,2012-07-26,0,Overnight,0.0,False,137.79,137.79,-23.98,False,0.0,False
2012-07-26,2012-07-27,0,Overnight,0.0,False,109.14,109.14,94.53,False,0.0,False
2012-07-27,2012-07-30,2,Weekend,48.0,False,-3.36,-3.36,-37.04,False,0.0,False
2012-07-30,2012-07-31,0,Overnight,0.0,False,-54.13,-54.13,-3.39,False,0.0,False
2012-07-31,2012-08-01,0,Overnight,0.0,False,40.64,40.64,-61.02,False,0.0,False
2012-08-01,2012-08-02,0,Overnight,0.0,False,-68.24,-68.24,-6.85,False,0.0,False
2012-08-02,2012-08-03,0,Overnight,0.0,False,115.81,115.81,74.22,False,0.0,False
2012-08-03,2012-08-06,2,Weekend,48.0,False,83.68,83.68,-16.68,False,0.0,False
2012-08-06,2012-08-07,0,Overnight,0.0,False,39.99,39.99,62.99,False,0.0,False
2012-08-07,2012-08-08,0,Overnight,0.0,False,-16.54,-16.54,39.64,False,0.0,False
2012-08-08,2012-08-09,0,Overnight,0.0,False,19.76,19.76,36.13,False,0.0,False
2012-08-09,2012-08-10,0,Overnight,0.0,False,0.0,0.0,-26.26,False,0.0,False
2012-08-10,2012-08-13,2,Weekend,48.0,False,-23.04,-23.04,13.17,False,0.0,False
2012-08-13,2012-08-14,0,Overnight,0.0,False,-29.66,36.13,-56.26,True,65.81,False
2012-08-14,2012-08-15,0,Overnight,0.0,False,-6.64,-6.64,29.85,False,0.0,False
2012-08-15,2012-08-16,0,Overnight,0.0,False,52.84,52.84,137.39,False,0.0,False
2012-08-16,2012-08-17,0,Overnight,0.0,False,45.38,45.38,-6.47,False,0.0,False
2012-08-17,2012-08-20,2,Weekend,48.0,False,-25.92,-25.92,-25.99,False,0.0,False
2012-08-20,2012-08-21,0,Overnight,0.0,False,6.5,6.5,13.0,False,0.0,False
2012-08-21,2012-08-22,0,Overnight,0.0,False,-68.41,-68.41,-16.36,False,0.0,False
2012-08-22,2012-08-23,0,Overnight,0.0,False,-49.24,-49.24,-42.87,False,0.0,False
2012-08-23,2012-08-24,0,Overnight,0.0,False,-3.31,-3.31,101.96,False,0.0,False
2012-08-24,2012-08-27,2,Weekend,48.0,False,120.35,120.35,-77.9,False,0.0,False
2012-08-27,2012-08-28,0,Overnight,0.0,False,3.26,3.26,-22.83,False,0.0,False
2012-08-28,2012-08-29,0,Overnight,0.0,False,6.53,6.53,0.0,False,0.0,False
2012-08-29,2012-08-30,0,Overnight,0.0,False,-39.23,-39.23,-69.02,False,0.0,False
2012-08-30,2012-08-31,0,Overnight,0.0,False,91.92,91.92,71.64,False,0.0,False
2012-08-31,2012-09-04,3,Long,72.0,False,-120.78,-120.78,-19.72,False,0.0,False
2012-09-04,2012-09-05,0,Overnight,0.0,False,-56.1,-56.1,56.1,False,0.0,False
2012-09-05,2012-09-06,0,Overnight,0.0,False,36.13,36.13,274.88,False,0.0,False
2012-09-06,2012-09-07,0,Overnight,0.0,False,-99.38,-99.38,-29.04,False,0.0,False
2012-09-07,2012-09-10,2,Weekend,48.0,False,-38.85,-38.85,-35.74,False,0.0,False
2012-09-10,2012-09-11,0,Overnight,0.0,False,-9.77,-9.77,32.53,False,0.0,False
2012-09-11,2012-09-12,0,Overnight,0.0,False,48.6,48.6,-51.85,False,0.0,False
2012-09-12,2012-09-13,0,Overnight,0.0,False,35.67,35.67,16.17,False,0.0,False
2012-09-13,2012-09-14,0,Overnight,0.0,False,22.6,22.6,64.29,False,0.0,False
2012-09-14,2012-09-17,2,Weekend,48.0,False,-6.41,-6.41,6.41,False,0.0,False
2012-09-17,2012-09-18,0,Overnight,0.0,False,-35.31,-35.31,25.69,False,0.0,False
2012-09-18,2012-09-19,0,Overnight,0.0,False,-28.91,-28.91,-12.87,False,0.0,False
2012-09-19,2012-09-20,0,Overnight,0.0,False,-32.26,-32.26,160.26,False,0.0,False
2012-09-20,2012-09-21,0,Overnight,0.0,False,-6.36,-6.36,-76.65,False,0.0,False
2012-09-21,2012-09-24,2,Weekend,48.0,False,-61.1,-61.1,-71.22,False,0.0,False
2012-09-24,2012-09-25,0,Overnight,0.0,False,55.08,55.08,-182.59,False,0.0,False
2012-09-25,2012-09-26,0,Overnight,0.0,False,-36.26,-36.26,-36.39,False,0.0,False
2012-09-26,2012-09-27,0,Overnight,0.0,False,0.0,0.0,-3.32,False,0.0,False
2012-09-27,2012-09-28,0,Overnight,0.0,False,6.63,6.63,-140.14,False,0.0,False
2012-09-28,2012-10-01,2,Weekend,48.0,False,16.79,16.79,-107.93,False,0.0,False
2012-10-01,2012-10-02,0,Overnight,0.0,False,64.22,64.22,-6.74,False,0.0,False
2012-10-02,2012-10-03,0,Overnight,0.0,False,30.3,30.3,36.91,False,0.0,False
2012-10-03,2012-10-04,0,Overnight,0.0,False,36.77,36.77,20.0,False,0.0,False
2012-10-04,2012-10-05,0,Overnight,0.0,False,66.38,66.38,-126.5,False,0.0,False
2012-10-05,2012-10-08,2,Weekend,48.0,False,-70.6,-70.6,47.12,False,0.0,False
2012-10-08,2012-10-09,0,Overnight,0.0,False,-33.64,-33.64,-135.69,False,0.0,False
2012-10-09,2012-10-10,0,Overnight,0.0,False,-44.5,-44.5,-58.49,False,0.0,False
2012-10-10,2012-10-11,0,Overnight,0.0,False,82.47,82.47,-92.83,False,0.0,False
2012-10-11,2012-10-12,0,Overnight,0.0,False,6.91,6.91,79.08,False,0.0,False
2012-10-12,2012-10-15,2,Weekend,48.0,False,58.05,58.05,47.55,False,0.0,False
2012-10-15,2012-10-16,0,Overnight,0.0,False,-20.35,-20.35,13.57,False,0.0,False
2012-10-16,2012-10-17,0,Overnight,0.0,False,-64.64,-64.64,98.49,False,0.0,False
2012-10-17,2012-10-18,0,Overnight,0.0,False,20.26,20.26,-50.72,False,0.0,False
2012-10-18,2012-10-19,0,Overnight,0.0,False,-153.72,-153.72,-142.14,False,0.0,False
2012-10-19,2012-10-22,2,Weekend,48.0,False,31.38,31.38,-257.37,False,0.0,False
2012-10-22,2012-10-23,0,Overnight,0.0,False,-82.48,-82.48,100.32,False,0.0,False
2012-10-23,2012-10-24,0,Overnight,0.0,False,39.14,39.14,-92.76,False,0.0,False
2012-10-24,2012-10-25,0,Overnight,0.0,False,103.41,103.41,-110.58,False,0.0,False
2012-10-25,2012-10-26,0,Overnight,0.0,False,-7.18,-7.18,124.84,False,0.0,False
2012-10-26,2012-10-31,4,Long,96.0,False,119.8,119.8,-3.5,False,0.0,False
2012-10-31,2012-11-01,0,Overnight,0.0,False,104.57,104.57,233.05,False,0.0,False
2012-11-01,2012-11-02,0,Overnight,0.0,False,23.68,23.68,-30.46,False,0.0,False
2012-11-02,2012-11-05,2,Weekend,49.0,False,40.6,40.6,3.37,False,0.0,False
2012-11-05,2012-11-06,0,Overnight,0.0,False,63.92,63.92,13.41,False,0.0,False
2012-11-06,2012-11-07,0,Overnight,0.0,False,-111.13,-111.13,-153.56,False,0.0,False
2012-11-07,2012-11-08,0,Overnight,0.0,False,13.75,13.75,-107.03,False,0.0,False
2012-11-08,2012-11-09,0,Overnight,0.0,False,24.27,24.27,-17.33,False,0.0,False
2012-11-09,2012-11-12,2,Weekend,48.0,False,38.08,38.08,-251.94,False,0.0,False
2012-11-12,2012-11-13,0,Overnight,0.0,False,-434.54,-349.77,25.87,True,81.5,False
2012-11-13,2012-11-14,0,Overnight,0.0,False,55.22,55.22,-147.93,False,0.0,False
2012-11-14,2012-11-15,0,Overnight,0.0,False,14.89,14.89,-82.18,False,0.0,False
2012-11-15,2012-11-16,0,Overnight,0.0,False,3.75,3.75,-56.4,False,0.0,False
2012-11-16,2012-11-19,2,Weekend,48.0,False,105.03,105.03,-26.15,False,0.0,False
2012-11-19,2012-11-20,0,Overnight,0.0,False,11.22,11.22,-18.7,False,0.0,False
2012-11-20,2012-11-21,0,Overnight,0.0,False,0.0,0.0,89.45,False,0.0,False
2012-11-21,2012-11-23,1,Short,24.0,False,103.36,103.36,171.13,False,0.0,False
2012-11-23,2012-11-26,2,Weekend,48.0,True,-57.93,-57.93,-54.62,False,0.0,False
2012-11-26,2012-11-27,0,Overnight,0.0,False,-10.96,-10.96,-102.87,False,0.0,False
2012-11-27,2012-11-28,0,Overnight,0.0,False,-25.88,-25.88,128.75,False,0.0,False
2012-11-28,2012-11-29,0,Overnight,0.0,False,-91.79,-91.79,-59.19,False,0.0,False
2012-11-29,2012-11-30,0,Overnight,0.0,False,37.04,37.04,-160.24,False,0.0,False
2012-11-30,2012-12-03,2,Weekend,48.0,False,59.93,59.93,-131.56,False,0.0,False
2012-12-03,2012-12-04,0,Overnight,0.0,False,26.45,26.45,-49.18,False,0.0,False
2012-12-04,2012-12-05,0,Overnight,0.0,False,3.79,3.79,109.33,False,0.0,False
2012-12-05,2012-12-06,0,Overnight,0.0,False,52.36,52.36,-29.88,False,0.0,False
2012-12-06,2012-12-07,0,Overnight,0.0,False,33.61,33.61,-135.14,False,0.0,False
2012-12-07,2012-12-10,2,Weekend,48.0,False,37.72,37.72,142.06,False,0.0,False
2012-12-10,2012-12-11,0,Overnight,0.0,False,40.75,40.75,99.32,False,0.0,False
2012-12-11,2012-12-12,0,Overnight,0.0,False,76.57,76.57,-105.9,False,0.0,False
2012-12-12,2012-12-13,0,Overnight,0.0,False,29.33,29.33,-77.16,False,0.0,False
2012-12-13,2012-12-14,0,Overnight,0.0,False,0.0,0.0,-111.28,False,0.0,False
2012-12-14,2012-12-17,2,Weekend,48.0,False,-7.46,-7.46,115.05,False,0.0,False
2012-12-17,2012-12-18,0,Overnight,0.0,False,55.2,55.2,113.12,False,0.0,False
2012-12-18,2012-12-19,0,Overnight,0.0,False,47.06,47.06,-138.18,False,0.0,False
2012-12-19,2012-12-20,0,Overnight,0.0,False,18.29,18.29,116.28,False,0.0,False
2012-12-20,2012-12-21,0,Overnight,0.0,False,-83.44,-83.44,0.0,False,0.0,False
2012-12-21,2012-12-24,2,Weekend,48.0,False,-91.49,-91.49,-51.6,False,0.0,False
2012-12-24,2012-12-26,1,Short,24.0,True,-11.09,-11.09,-63.09,False,0.0,False
2012-12-26,2012-12-27,0,Overnight,0.0,False,11.16,11.16,26.0,False,0.0,False
2012-12-27,2012-12-28,0,Overnight,0.0,False,-93.16,-93.16,-60.08,False,0.0,False
2012-12-28,2012-12-31,2,Weekend,48.0,False,15.05,15.05,45.03,False,0.0,False
2012-12-31,2013-01-02,1,Short,24.0,False,200.16,200.16,134.87,False,0.0,False
2013-01-02,2013-01-03,0,Overnight,0.0,False,3.62,3.62,-138.49,False,0.0,False
2013-01-03,2013-01-04,0,Overnight,0.0,False,7.34,7.34,-196.27,False,0.0,False
2013-01-04,2013-01-07,2,Weekend,48.0,False,11.21,11.21,-29.93,False,0.0,False
2013-01-07,2013-01-08,0,Overnight,0.0,False,22.45,22.45,-75.05,False,0.0,False
2013-01-08,2013-01-09,0,Overnight,0.0,False,63.83,63.83,-7.49,False,0.0,False
2013-01-09,2013-01-10,0,Overnight,0.0,False,-18.74,-18.74,-71.55,False,0.0,False
2013-01-10,2013-01-11,0,Overnight,0.0,False,11.33,11.33,127.53,False,0.0,False
2013-01-11,2013-01-14,2,Weekend,48.0,False,26.06,26.06,-3.72,False,0.0,False
2013-01-14,2013-01-15,0,Overnight,0.0,False,-22.34,-22.34,140.64,False,0.0,False
2013-01-15,2013-01-16,0,Overnight,0.0,False,-22.07,-22.07,-40.6,False,0.0,False
2013-01-16,2013-01-17,0,Overnight,0.0,False,55.32,55.32,22.04,False,0.0,False
2013-01-17,2013-01-18,0,Overnight,0.0,False,-55.2,-55.2,55.2,False,0.0,False
2013-01-18,2013-01-22,3,Long,72.0,False,18.33,18.33,-55.1,False,0.0,False
2013-01-22,2013-01-23,0,Overnight,0.0,False,18.4,18.4,149.61,False,0.0,False
2013-01-23,2013-01-24,0,Overnight,0.0,False,32.54,32.54,-25.3,False,0.0,False
2013-01-24,2013-01-25,0,Overnight,0.0,False,-18.11,-18.11,108.19,False,0.0,False
2013-01-25,2013-01-28,2,Weekend,48.0,False,46.52,46.52,-35.77,False,0.0,False
2013-01-28,2013-01-29,0,Overnight,0.0,False,-32.3,-32.3,68.06,False,0.0,False
2013-01-29,2013-01-30,0,Overnight,0.0,False,0.0,0.0,-57.29,False,0.0,False
2013-01-30,2013-01-31,0,Overnight,0.0,False,-21.57,-21.57,-123.1,False,0.0,False
2013-01-31,2013-02-01,0,Overnight,0.0,False,79.83,79.83,93.53,False,0.0,False
2013-02-01,2013-02-04,2,Weekend,48.0,False,-21.51,-21.51,-155.49,False,0.0,False
2013-02-04,2013-02-05,0,Overnight,0.0,False,65.38,65.38,-43.54,False,0.0,False
2013-02-05,2013-02-06,0,Overnight,0.0,False,-43.73,-43.73,-14.62,False,0.0,False
2013-02-06,2013-02-07,0,Overnight,0.0,False,3.66,3.66,-25.63,False,0.0,False
2013-02-07,2013-02-08,0,Overnight,0.0,False,25.63,25.63,72.86,False,0.0,False
2013-02-08,2013-02-11,2,Weekend,48.0,False,36.23,36.23,75.66,False,0.0,False
2013-02-11,2013-02-12,0,Overnight,0.0,False,7.18,7.18,0.0,False,0.0,False
2013-02-12,2013-02-13,0,Overnight,0.0,False,17.92,17.92,35.74,False,0.0,False
2013-02-13,2013-02-14,0,Overnight,0.0,False,-39.32,-39.32,42.89,False,0.0,False
2013-02-14,2013-02-15,0,Overnight,0.0,False,0.0,0.0,-10.71,False,0.0,False
2013-02-15,2013-02-19,3,Long,72.0,False,-46.52,35.64,60.79,True,82.11,False
2013-02-19,2013-02-20,0,Overnight,0.0,False,28.48,28.48,-92.86,False,0.0,False
2013-02-20,2013-02-21,0,Overnight,0.0,False,-46.75,-46.75,-90.53,False,0.0,False
2013-02-21,2013-02-22,0,Overnight,0.0,False,68.88,68.88,28.86,False,0.0,False
2013-02-22,2013-02-25,2,Weekend,48.0,False,75.36,75.36,-216.85,False,0.0,False
2013-02-25,2013-02-26,0,Overnight,0.0,False,3.65,3.65,-3.65,False,0.0,False
2013-02-26,2013-02-27,0,Overnight,0.0,False,18.25,18.25,141.23,False,0.0,False
2013-02-27,2013-02-28,0,Overnight,0.0,False,25.14,25.14,-28.74,False,0.0,False
2013-02-28,2013-03-01,0,Overnight,0.0,False,-28.82,-28.82,82.63,False,0.0,False
2013-03-01,2013-03-04,2,Weekend,48.0,False,-35.84,-35.84,107.14,False,0.0,False
2013-03-04,2013-03-05,0,Overnight,0.0,False,49.61,49.61,21.19,False,0.0,False
2013-03-05,2013-03-06,0,Overnight,0.0,False,-49.51,-49.51,-42.63,False,0.0,False
2013-03-06,2013-03-07,0,Overnight,0.0,False,7.12,7.12,10.67,False,0.0,False
2013-03-07,2013-03-08,0,Overnight,0.0,False,39.01,39.01,-88.89,False,0.0,False
2013-03-08,2013-03-11,2,Weekend,47.0,False,-21.45,-21.45,-25.09,False,0.0,False
2013-03-11,2013-03-12,0,Overnight,0.0,False,-10.77,-10.77,25.11,False,0.0,False
2013-03-12,2013-03-13,0,Overnight,0.0,False,-14.34,-14.34,17.92,False,0.0,False
2013-03-13,2013-03-14,0,Overnight,0.0,False,28.61,28.61,49.88,False,0.0,False
2013-03-14,2013-03-15,0,Overnight,0.0,False,-39.17,-39.17,3.57,False,0.0,False
2013-03-15,2013-03-18,2,Weekend,48.0,False,-57.23,-57.23,78.6,False,0.0,False
2013-03-18,2013-03-19,0,Overnight,0.0,False,7.12,7.12,21.31,False,0.0,False
2013-03-19,2013-03-20,0,Overnight,0.0,False,56.62,56.62,-7.06,False,0.0,False
2013-03-20,2013-03-21,0,Overnight,0.0,False,-74.43,-74.43,0.0,False,0.0,False
2013-03-21,2013-03-22,0,Overnight,0.0,False,28.42,28.42,21.26,False,0.0,False
2013-03-22,2013-03-25,2,Weekend,48.0,False,17.68,17.68,-49.59,False,0.0,False
2013-03-25,2013-03-26,0,Overnight,0.0,False,28.37,28.37,-28.37,False,0.0,False
2013-03-26,2013-03-27,0,Overnight,0.0,False,-7.11,-7.11,81.4,False,0.0,False
2013-03-27,2013-03-28,0,Overnight,0.0,False,-17.64,-17.64,101.88,False,0.0,False
2013-03-28,2013-04-01,3,Long,72.0,False,10.48,10.48,-10.48,False,0.0,False
2013-04-01,2013-04-02,0,Overnight,0.0,False,-6.99,-6.99,73.18,False,0.0,False
2013-04-02,2013-04-03,0,Overnight,0.0,False,-17.38,-17.38,-66.31,False,0.0,False
2013-04-03,2013-04-04,0,Overnight,0.0,False,-59.7,-59.7,73.7,False,0.0,False
2013-04-04,2013-04-05,0,Overnight,0.0,False,-133.76,-133.76,168.66,False,0.0,False
2013-04-05,2013-04-08,2,Weekend,48.0,False,10.45,10.45,-48.85,False,0.0,False
2013-04-08,2013-04-09,0,Overnight,0.0,False,48.85,48.85,301.7,False,0.0,False
2013-04-09,2013-04-10,0,Overnight,0.0,False,-13.52,-13.52,237.27,False,0.0,False
2013-04-10,2013-04-11,0,Overnight,0.0,False,-397.49,-397.49,-55.13,False,0.0,False
2013-04-11,2013-04-12,0,Overnight,0.0,False,-31.15,-31.15,-20.82,False,0.0,False
2013-04-12,2013-04-15,2,Weekend,48.0,False,-48.75,-48.75,13.95,False,0.0,False
2013-04-15,2013-04-16,0,Overnight,0.0,False,72.93,72.93,24.19,False,0.0,False
2013-04-16,2013-04-17,0,Overnight,0.0,False,-41.51,-41.51,-6.93,False,0.0,False
2013-04-17,2013-04-18,0,Overnight,0.0,False,41.54,41.54,-55.42,False,0.0,False
2013-04-18,2013-04-19,0,Overnight,0.0,False,284.22,284.22,50.51,False,0.0,False
2013-04-19,2013-04-22,2,Weekend,48.0,False,176.47,176.47,173.41,False,0.0,False
2013-04-22,2013-04-23,0,Overnight,0.0,False,-42.26,-42.26,-32.63,False,0.0,False
2013-04-23,2013-04-24,0,Overnight,0.0,False,6.53,6.53,365.54,False,0.0,False
2013-04-24,2013-04-25,0,Overnight,0.0,False,-15.76,-15.76,72.27,False,0.0,False
2013-04-25,2013-04-26,0,Overnight,0.0,False,-12.53,-12.53,-34.54,False,0.0,False
2013-04-26,2013-04-29,2,Weekend,48.0,False,3.14,3.14,251.53,False,0.0,False
2013-04-29,2013-04-30,0,Overnight,0.0,False,-15.34,-15.34,164.49,False,0.0,False
2013-04-30,2013-05-01,0,Overnight,0.0,False,-51.49,-51.49,-63.98,False,0.0,False
2013-05-01,2013-05-02,0,Overnight,0.0,False,-27.54,-27.54,161.12,False,0.0,False
2013-05-02,2013-05-03,0,Overnight,0.0,False,21.09,21.09,77.94,False,0.0,False
2013-05-03,2013-05-06,2,Weekend,48.0,False,-20.92,-20.92,98.26,False,0.0,False
2013-05-06,2013-05-07,0,Overnight,0.0,False,-29.67,-29.67,-101.55,False,0.0,False
2013-05-07,2013-05-08,0,Overnight,0.0,False,-72.31,-72.31,-24.22,False,0.0,False
2013-05-08,2013-05-09,0,Overnight,0.0,False,-42.53,-42.53,-58.01,False,0.0,False
2013-05-09,2013-05-10,0,Overnight,0.0,False,3.06,3.06,6.12,False,0.0,False
2013-05-10,2013-05-13,2,Weekend,48.0,False,-24.5,-24.5,127.97,False,0.0,False
2013-05-13,2013-05-14,0,Overnight,0.0,False,-51.6,18.15,201.84,True,69.63,False
2013-05-14,2013-05-15,0,Overnight,0.0,False,-23.89,-23.89,118.87,False,0.0,False
2013-05-15,2013-05-16,0,Overnight,0.0,False,-62.23,-62.23,129.95,False,0.0,False
2013-05-16,2013-05-17,0,Overnight,0.0,False,14.66,14.66,214.5,False,0.0,False
2013-05-17,2013-05-20,2,Weekend,48.0,False,-40.23,-40.23,100.27,False,0.0,False
2013-05-20,2013-05-21,0,Overnight,0.0,False,5.7,5.7,-71.48,False,0.0,False
2013-05-21,2013-05-22,0,Overnight,0.0,False,-17.23,-17.23,-51.87,False,0.0,False
2013-05-22,2013-05-23,0,Overnight,0.0,False,-110.4,-110.4,-23.4,False,0.0,False
2013-05-23,2013-05-24,0,Overnight,0.0,False,-67.58,-67.58,102.66,False,0.0,False
2013-05-24,2013-05-28,3,Long,72.0,False,43.67,43.67,172.82,False,0.0,False
2013-05-28,2013-05-29,0,Overnight,0.0,False,-80.28,-80.28,40.22,False,0.0,False
2013-05-29,2013-05-30,0,Overnight,0.0,False,-8.61,-8.61,51.52,False,0.0,False
2013-05-30,2013-05-31,0,Overnight,0.0,False,-60.13,-60.13,22.95,False,0.0,False
2013-05-31,2013-06-03,2,Weekend,48.0,False,5.73,5.73,190.05,False,0.0,False
2013-06-03,2013-06-04,0,Overnight,0.0,False,8.43,8.43,-178.45,False,0.0,False
2013-06-04,2013-06-05,0,Overnight,0.0,False,-112.09,-112.09,51.89,False,0.0,False
2013-06-05,2013-06-06,0,Overnight,0.0,False,17.24,17.24,34.38,False,0.0,False
2013-06-06,2013-06-07,0,Overnight,0.0,False,82.61,82.61,118.44,False,0.0,False
2013-06-07,2013-06-10,2,Weekend,48.0,False,-44.96,-44.96,-11.27,False,0.0,False
2013-06-10,2013-06-11,0,Overnight,0.0,False,-119.12,-119.12,-60.09,False,0.0,False
2013-06-11,2013-06-12,0,Overnight,0.0,False,85.74,85.74,-39.92,False,0.0,False
2013-06-12,2013-06-13,0,Overnight,0.0,False,-2.86,-2.86,-77.46,False,0.0,False
2013-06-13,2013-06-14,0,Overnight,0.0,False,-49.08,-49.08,-43.51,False,0.0,False
2013-06-14,2013-06-17,2,Weekend,48.0,False,83.95,83.95,88.97,False,0.0,False
2013-06-17,2013-06-18,0,Overnight,0.0,False,-8.57,-8.57,2.86,False,0.0,False
2013-06-18,2013-06-19,0,Overnight,0.0,False,-5.72,-5.72,-106.4,False,0.0,False
2013-06-19,2013-06-20,0,Overnight,0.0,False,-95.86,-95.86,-227.31,False,0.0,False
2013-06-20,2013-06-21,0,Overnight,0.0,False,50.63,50.63,-116.54,False,0.0,False
2013-06-21,2013-06-24,2,Weekend,48.0,False,-99.68,-99.68,234.03,False,0.0,False
2013-06-24,2013-06-25,0,Overnight,0.0,False,106.2,106.2,-121.04,False,0.0,False
2013-06-25,2013-06-26,0,Overnight,0.0,False,132.77,132.77,67.18,False,0.0,False
2013-06-26,2013-06-27,0,Overnight,0.0,False,49.37,49.37,28.93,False,0.0,False
2013-06-27,2013-06-28,0,Overnight,0.0,False,-69.56,-69.56,46.43,False,0.0,False
2013-06-28,2013-07-01,2,Weekend,48.0,False,60.61,60.61,-112.86,False,0.0,False
2013-07-01,2013-07-02,0,Overnight,0.0,False,14.54,14.54,-137.53,False,0.0,False
2013-07-02,2013-07-03,0,Overnight,0.0,False,-82.84,-82.84,103.44,False,0.0,False
2013-07-03,2013-07-05,1,Short,24.0,True,23.5,23.5,35.14,False,0.0,False
2013-07-05,2013-07-08,2,Weekend,48.0,False,40.84,40.84,-5.82,False,0.0,False
2013-07-08,2013-07-09,0,Overnight,0.0,False,72.56,72.56,-66.74,False,0.0,False
2013-07-09,2013-07-10,0,Overnight,0.0,False,-2.91,-2.91,104.29,False,0.0,False
2013-07-10,2013-07-11,0,Overnight,0.0,False,86.08,86.08,195.22,False,0.0,False
2013-07-11,2013-07-12,0,Overnight,0.0,False,-30.87,-30.87,25.26,False,0.0,False
2013-07-12,2013-07-15,2,Weekend,48.0,False,-2.8,-2.8,142.0,False,0.0,False
2013-07-15,2013-07-16,0,Overnight,0.0,False,-44.33,-44.33,71.94,False,0.0,False
2013-07-16,2013-07-17,0,Overnight,0.0,False,19.28,19.28,-166.48,False,0.0,False
2013-07-17,2013-07-18,0,Overnight,0.0,False,-5.6,-5.6,-78.7,False,0.0,False
2013-07-18,2013-07-19,0,Overnight,0.0,False,-896.83,-896.83,-313.51,False,0.0,False
2013-07-19,2013-07-22,2,Weekend,48.0,False,95.09,95.09,97.32,False,0.0,False
2013-07-22,2013-07-23,0,Overnight,0.0,False,-31.29,-31.29,-28.24,False,0.0,False
2013-07-23,2013-07-24,0,Overnight,0.0,False,68.9,68.9,-25.0,False,0.0,False
2013-07-24,2013-07-25,0,Overnight,0.0,False,-106.95,-106.95,-73.01,False,0.0,False
2013-07-25,2013-07-26,0,Overnight,0.0,False,-41.5,-41.5,114.51,False,0.0,False
2013-07-26,2013-07-29,2,Weekend,48.0,False,-47.55,-47.55,22.22,False,0.0,False
2013-07-29,2013-07-30,0,Overnight,0.0,False,75.81,75.81,22.0,False,0.0,False
2013-07-30,2013-07-31,0,Overnight,0.0,False,37.61,37.61,-40.75,False,0.0,False
2013-07-31,2013-08-01,0,Overnight,0.0,False,68.86,68.86,-122.39,False,0.0,False
2013-08-01,2013-08-02,0,Overnight,0.0,False,6.31,6.31,62.91,False,0.0,False
2013-08-02,2013-08-05,2,Weekend,48.0,False,3.14,3.14,-62.89,False,0.0,False
2013-08-05,2013-08-06,0,Overnight,0.0,False,-47.43,-47.43,9.5,False,0.0,False
2013-08-06,2013-08-07,0,Overnight,0.0,False,-12.67,-12.67,163.53,False,0.0,False
2013-08-07,2013-08-08,0,Overnight,0.0,False,55.99,55.99,199.61,False,0.0,False
2013-08-08,2013-08-09,0,Overnight,0.0,False,-36.55,-36.55,-21.38,False,0.0,False
2013-08-09,2013-08-12,2,Weekend,48.0,False,-73.67,-73.67,125.52,False,0.0,False
2013-08-12,2013-08-13,0,Overnight,0.0,False,-110.13,-39.63,-86.5,True,69.97,False
2013-08-13,2013-08-14,0,Overnight,0.0,False,-27.96,-27.96,65.13,False,0.0,False
2013-08-14,2013-08-15,0,Overnight,0.0,False,-108.78,-108.78,-65.84,False,0.0,False
2013-08-15,2013-08-16,0,Overnight,0.0,False,0.0,0.0,3.14,False,0.0,False
2013-08-16,2013-08-19,2,Weekend,48.0,False,-12.59,-12.59,-117.18,False,0.0,False
2013-08-19,2013-08-20,0,Overnight,0.0,False,15.92,15.92,57.09,False,0.0,False
2013-08-20,2013-08-21,0,Overnight,0.0,False,-3.16,-3.16,0.0,False,0.0,False
2013-08-21,2013-08-22,0,Overnight,0.0,False,181.82,181.82,61.94,False,0.0,False
2013-08-22,2013-08-23,0,Overnight,0.0,False,823.44,823.44,-120.14,False,0.0,False
2013-08-23,2013-08-26,2,Weekend,48.0,False,-101.23,-101.23,-72.94,False,0.0,False
2013-08-26,2013-08-27,0,Overnight,0.0,False,-186.2,-186.2,-77.87,False,0.0,False
2013-08-27,2013-08-28,0,Overnight,0.0,False,39.01,39.01,-111.43,False,0.0,False
2013-08-28,2013-08-29,0,Overnight,0.0,False,-27.29,-27.29,186.53,False,0.0,False
2013-08-29,2013-08-30,0,Overnight,0.0,False,-53.8,-53.8,8.99,False,0.0,False
2013-08-30,2013-09-03,3,Long,72.0,False,-506.63,-506.63,40.86,False,0.0,False
2013-09-03,2013-09-04,0,Overnight,0.0,False,-154.89,-154.89,-60.71,False,0.0,False
2013-09-04,2013-09-05,0,Overnight,0.0,False,-32.1,-32.1,41.71,False,0.0,False
2013-09-05,2013-09-06,0,Overnight,0.0,False,25.58,25.58,-51.23,False,0.0,False
2013-09-06,2013-09-09,2,Weekend,48.0,False,22.45,22.45,139.95,False,0.0,False
2013-09-09,2013-09-10,0,Overnight,0.0,False,75.52,75.52,152.44,False,0.0,False
2013-09-10,2013-09-11,0,Overnight,0.0,False,55.42,55.42,52.06,False,0.0,False
2013-09-11,2013-09-12,0,Overnight,0.0,False,-6.11,-6.11,-9.17,False,0.0,False
2013-09-12,2013-09-13,0,Overnight,0.0,False,24.44,24.44,79.03,False,0.0,False
2013-09-13,2013-09-16,2,Weekend,48.0,False,105.41,105.41,-175.28,False,0.0,False
2013-09-16,2013-09-17,0,Overnight,0.0,False,187.26,187.26,-147.7,False,0.0,False
2013-09-17,2013-09-18,0,Overnight,0.0,False,18.2,18.2,99.53,False,0.0,False
2013-09-18,2013-09-19,0,Overnight,0.0,False,47.9,47.9,47.68,False,0.0,False
2013-09-19,2013-09-20,0,Overnight,0.0,False,-68.61,-68.61,-187.32,False,0.0,False
2013-09-20,2013-09-23,2,Weekend,48.0,False,-76.53,-76.53,61.28,False,0.0,False
2013-09-23,2013-09-24,0,Overnight,0.0,False,39.63,39.63,-128.6,False,0.0,False
2013-09-24,2013-09-25,0,Overnight,0.0,False,12.32,12.32,6.15,False,0.0,False
2013-09-25,2013-09-26,0,Overnight,0.0,False,39.91,39.91,39.75,False,0.0,False
2013-09-26,2013-09-27,0,Overnight,0.0,False,33.51,33.51,117.91,False,0.0,False
2013-09-27,2013-09-30,2,Weekend,48.0,False,-81.49,-81.49,84.49,False,0.0,False
2013-09-30,2013-10-01,0,Overnight,0.0,False,21.01,21.01,68.73,False,0.0,False
2013-10-01,2013-10-02,0,Overnight,0.0,False,-65.73,-65.73,166.47,False,0.0,False
2013-10-02,2013-10-03,0,Overnight,0.0,False,-11.8,-11.8,-5.9,False,0.0,False
2013-10-03,2013-10-04,0,Overnight,0.0,False,-50.33,-50.33,56.24,False,0.0,False
2013-10-04,2013-10-07,2,Weekend,48.0,False,-82.99,-82.99,-89.69,False,0.0,False
2013-10-07,2013-10-08,0,Overnight,0.0,False,3.0,3.0,-90.47,False,0.0,False
2013-10-08,2013-10-09,0,Overnight,0.0,False,18.16,18.16,0.0,False,0.0,False
2013-10-09,2013-10-10,0,Overnight,0.0,False,72.31,72.31,134.19,False,0.0,False
2013-10-10,2013-10-11,0,Overnight,0.0,False,-23.72,-23.72,132.73,False,0.0,False
2013-10-11,2013-10-14,2,Weekend,48.0,False,-67.62,-67.62,160.94,False,0.0,False
2013-10-14,2013-10-15,0,Overnight,0.0,False,63.66,63.66,-52.05,False,0.0,False
2013-10-15,2013-10-16,0,Overnight,0.0,False,31.84,31.84,11.55,False,0.0,False
2013-10-16,2013-10-17,0,Overnight,0.0,False,-55.0,-55.0,135.51,False,0.0,False
2013-10-17,2013-10-18,0,Overnight,0.0,False,-28.68,-28.68,40.13,False,0.0,False
2013-10-18,2013-10-21,2,Weekend,48.0,False,5.72,5.72,2.86,False,0.0,False
2013-10-21,2013-10-22,0,Overnight,0.0,False,8.57,8.57,-126.44,False,0.0,False
2013-10-22,2013-10-23,0,Overnight,0.0,False,-66.74,-66.74,-173.25,False,0.0,False
2013-10-23,2013-10-24,0,Overnight,0.0,False,17.76,17.76,-29.61,False,0.0,False
2013-10-24,2013-10-25,0,Overnight,0.0,False,620.89,620.89,-41.89,False,0.0,False
2013-10-25,2013-10-28,2,Weekend,48.0,False,-33.64,-33.64,-11.24,False,0.0,False
2013-10-28,2013-10-29,0,Overnight,0.0,False,16.85,16.85,-30.92,False,0.0,False
2013-10-29,2013-10-30,0,Overnight,0.0,False,2.81,2.81,2.81,False,0.0,False
2013-10-30,2013-10-31,0,Overnight,0.0,False,33.71,33.71,-70.35,False,0.0,False
2013-10-31,2013-11-01,0,Overnight,0.0,False,73.16,73.16,-39.33,False,0.0,False
2013-11-01,2013-11-04,2,Weekend,49.0,False,16.87,16.87,97.86,False,0.0,False
2013-11-04,2013-11-05,0,Overnight,0.0,False,-41.82,-41.82,234.72,False,0.0,False
2013-11-05,2013-11-06,0,Overnight,0.0,False,162.43,162.43,249.28,False,0.0,False
2013-11-06,2013-11-07,0,Overnight,0.0,False,-57.79,-57.79,-121.92,False,0.0,False
2013-11-07,2013-11-08,0,Overnight,0.0,False,45.23,45.23,29.16,False,0.0,False
2013-11-08,2013-11-11,2,Weekend,48.0,False,-23.85,-23.85,-26.57,False,0.0,False
2013-11-11,2013-11-12,0,Overnight,0.0,False,-56.02,-56.02,-5.35,False,0.0,False
2013-11-12,2013-11-13,0,Overnight,0.0,False,-102.23,-102.23,314.11,False,0.0,False
2013-11-13,2013-11-14,0,Overnight,0.0,False,-76.29,-76.29,39.53,False,0.0,False
2013-11-14,2013-11-15,0,Overnight,0.0,False,-18.43,-18.43,-29.03,False,0.0,False
2013-11-15,2013-11-18,2,Weekend,48.0,False,-130.34,-130.34,-40.24,False,0.0,False
2013-11-18,2013-11-19,0,Overnight,0.0,False,-94.53,-18.84,-29.89,True,75.27,False
2013-11-19,2013-11-20,0,Overnight,0.0,False,48.87,48.87,43.24,False,0.0,False
2013-11-20,2013-11-21,0,Overnight,0.0,False,51.11,51.11,34.82,False,0.0,False
2013-11-21,2013-11-22,0,Overnight,0.0,False,34.7,34.7,10.65,False,0.0,False
2013-11-22,2013-11-25,2,Weekend,48.0,False,95.36,95.36,-76.75,False,0.0,False
2013-11-25,2013-11-26,0,Overnight,0.0,False,-18.61,-18.61,-58.73,False,0.0,False
2013-11-26,2013-11-27,0,Overnight,0.0,False,58.73,58.73,7.98,False,0.0,False
2013-11-27,2013-11-29,1,Short,24.0,False,58.34,58.34,81.63,False,0.0,False
2013-11-29,2013-12-02,2,Weekend,48.0,True,-10.5,-10.5,94.07,False,0.0,False
2013-12-02,2013-12-03,0,Overnight,0.0,False,-80.95,-80.95,44.47,False,0.0,False
2013-12-03,2013-12-04,0,Overnight,0.0,False,-26.14,-26.14,189.25,False,0.0,False
2013-12-04,2013-12-05,0,Overnight,0.0,False,-23.14,-23.14,-221.22,False,0.0,False
2013-12-05,2013-12-06,0,Overnight,0.0,False,109.92,109.92,-15.63,False,0.0,False
2013-12-06,2013-12-09,2,Weekend,48.0,False,52.0,52.0,38.82,False,0.0,False
2013-12-09,2013-12-10,0,Overnight,0.0,False,-25.87,-25.87,-130.35,False,0.0,False
2013-12-10,2013-12-11,0,Overnight,0.0,False,-13.13,-13.13,-118.94,False,0.0,False
2013-12-11,2013-12-12,0,Overnight,0.0,False,7.97,7.97,-112.21,False,0.0,False
2013-12-12,2013-12-13,0,Overnight,0.0,False,53.59,53.59,-197.01,False,0.0,False
2013-12-13,2013-12-16,2,Weekend,48.0,False,10.9,10.9,43.47,False,0.0,False
2013-12-16,2013-12-17,0,Overnight,0.0,False,13.54,13.54,-114.35,False,0.0,False
2013-12-17,2013-12-18,0,Overnight,0.0,False,-43.91,-43.91,60.32,False,0.0,False
2013-12-18,2013-12-19,0,Overnight,0.0,False,-19.16,-19.16,-71.47,False,0.0,False
2013-12-19,2013-12-20,0,Overnight,0.0,False,-13.8,-13.8,164.39,False,0.0,False
2013-12-20,2013-12-23,2,Weekend,48.0,False,2.72,2.72,-51.75,False,0.0,False
2013-12-23,2013-12-24,0,Overnight,0.0,False,27.27,27.27,97.56,False,0.0,False
2013-12-24,2013-12-26,1,Short,24.0,True,32.31,32.31,64.31,False,0.0,False
2013-12-26,2013-12-27,0,Overnight,0.0,False,37.32,37.32,-77.47,False,0.0,False
2013-12-27,2013-12-30,2,Weekend,48.0,False,-18.79,-18.79,18.79,False,0.0,False
2013-12-30,2013-12-31,0,Overnight,0.0,False,29.46,29.46,2.67,False,0.0,False
2013-12-31,2014-01-02,1,Short,24.0,False,-16.05,-16.05,-51.0,False,0.0,False
2014-01-02,2014-01-03,0,Overnight,0.0,False,10.76,10.76,-78.26,False,0.0,False
2014-01-03,2014-01-06,2,Weekend,48.0,False,-16.27,-16.27,-197.32,False,0.0,False
2014-01-06,2014-01-07,0,Overnight,0.0,False,55.2,55.2,22.0,False,0.0,False
2014-01-07,2014-01-08,0,Overnight,0.0,False,-113.25,-113.25,-66.89,False,0.0,False
2014-01-08,2014-01-09,0,Overnight,0.0,False,33.5,33.5,-98.03,False,0.0,False
2014-01-09,2014-01-10,0,Overnight,0.0,False,103.6,103.6,38.92,False,0.0,False
2014-01-10,2014-01-13,2,Weekend,48.0,False,-13.88,-13.88,-284.65,False,0.0,False
2014-01-13,2014-01-14,0,Overnight,0.0,False,-71.73,-71.73,297.85,False,0.0,False
2014-01-14,2014-01-15,0,Overnight,0.0,False,33.48,33.48,236.73,False,0.0,False
2014-01-15,2014-01-16,0,Overnight,0.0,False,-19.06,-19.06,54.36,False,0.0,False
2014-01-16,2014-01-17,0,Overnight,0.0,False,-16.28,-16.28,-122.94,False,0.0,False
2014-01-17,2014-01-21,3,Long,72.0,False,120.22,120.22,-178.11,False,0.0,False
2014-01-21,2014-01-22,0,Overnight,0.0,False,24.85,24.85,-91.43,False,0.0,False
2014-01-22,2014-01-23,0,Overnight,0.0,False,44.43,44.43,-8.32,False,0.0,False
2014-01-23,2014-01-24,0,Overnight,0.0,False,378.22,378.22,-172.37,False,0.0,False
2014-01-24,2014-01-27,2,Weekend,48.0,False,16.29,16.29,-230.46,False,0.0,False
2014-01-27,2014-01-28,0,Overnight,0.0,False,24.95,24.95,41.44,False,0.0,False
2014-01-28,2014-01-29,0,Overnight,0.0,False,-80.28,-80.28,187.23,False,0.0,False
2014-01-29,2014-01-30,0,Overnight,0.0,False,35.4,35.4,19.01,False,0.0,False
2014-01-30,2014-01-31,0,Overnight,0.0,False,24.39,24.39,238.01,False,0.0,False
2014-01-31,2014-02-03,2,Weekend,48.0,False,-26.46,-26.46,-339.56,False,0.0,False
2014-02-03,2014-02-04,0,Overnight,0.0,False,133.43,133.43,-169.13,False,0.0,False
2014-02-04,2014-02-05,0,Overnight,0.0,False,-16.52,-16.52,-130.36,False,0.0,False
2014-02-05,2014-02-06,0,Overnight,0.0,False,-5.59,-5.59,105.59,False,0.0,False
2014-02-06,2014-02-07,0,Overnight,0.0,False,38.62,38.62,65.86,False,0.0,False
2014-02-07,2014-02-10,2,Weekend,48.0,False,19.13,19.13,46.3,False,0.0,False
2014-02-10,2014-02-11,0,Overnight,0.0,False,21.72,21.72,78.33,False,0.0,False
2014-02-11,2014-02-12,0,Overnight,0.0,False,48.31,48.31,32.08,False,0.0,False
2014-02-12,2014-02-13,0,Overnight,0.0,False,-37.43,-37.43,74.73,False,0.0,False
2014-02-13,2014-02-14,0,Overnight,0.0,False,-58.67,-58.67,61.33,False,0.0,False
2014-02-14,2014-02-18,3,Long,72.0,False,2.66,76.79,-55.96,True,74.43,False
2014-02-18,2014-02-19,0,Overnight,0.0,False,-53.59,-53.59,77.61,False,0.0,False
2014-02-19,2014-02-20,0,Overnight,0.0,False,15.98,15.98,47.8,False,0.0,False
2014-02-20,2014-02-21,0,Overnight,0.0,False,50.2,50.2,10.54,False,0.0,False
2014-02-21,2014-02-24,2,Weekend,48.0,False,-76.65,-76.65,0.0,False,0.0,False
2014-02-24,2014-02-25,0,Overnight,0.0,False,-21.25,-21.25,-18.63,False,0.0,False
2014-02-25,2014-02-26,0,Overnight,0.0,False,10.65,10.65,-29.31,False,0.0,False
2014-02-26,2014-02-27,0,Overnight,0.0,False,-5.34,-5.34,108.88,False,0.0,False
2014-02-27,2014-02-28,0,Overnight,0.0,False,31.65,31.65,86.51,False,0.0,False
2014-02-28,2014-03-03,2,Weekend,48.0,False,-102.32,-102.32,-36.99,False,0.0,False
2014-03-03,2014-03-04,0,Overnight,0.0,False,110.56,110.56,54.82,False,0.0,False
2014-03-04,2014-03-05,0,Overnight,0.0,False,-41.74,-41.74,-36.67,False,0.0,False
2014-03-05,2014-03-06,0,Overnight,0.0,False,7.87,7.87,2.62,False,0.0,False
2014-03-06,2014-03-07,0,Overnight,0.0,False,34.02,34.02,-99.76,False,0.0,False
2014-03-07,2014-03-10,2,Weekend,47.0,False,23.72,23.72,-44.85,False,0.0,False
2014-03-10,2014-03-11,0,Overnight,0.0,False,13.21,13.21,39.53,False,0.0,False
2014-03-11,2014-03-12,0,Overnight,0.0,False,-58.03,-58.03,123.57,False,0.0,False
2014-03-12,2014-03-13,0,Overnight,0.0,False,39.12,39.12,-138.91,False,0.0,False
2014-03-13,2014-03-14,0,Overnight,0.0,False,-63.54,-63.54,13.27,False,0.0,False
2014-03-14,2014-03-17,2,Weekend,48.0,False,52.91,52.91,39.5,False,0.0,False
2014-03-17,2014-03-18,0,Overnight,0.0,False,55.04,55.04,331.61,False,0.0,False
2014-03-18,2014-03-19,0,Overnight,0.0,False,-20.25,-20.25,-50.8,False,0.0,False
2014-03-19,2014-03-20,0,Overnight,0.0,False,-5.09,-5.09,271.44,False,0.0,False
2014-03-20,2014-03-21,0,Overnight,0.0,False,96.24,96.24,-138.48,False,0.0,False
2014-03-21,2014-03-24,2,Weekend,48.0,False,44.72,44.72,39.58,False,0.0,False
2014-03-24,2014-03-25,0,Overnight,0.0,False,39.43,39.43,-79.01,False,0.0,False
2014-03-25,2014-03-26,0,Overnight,0.0,False,34.64,34.64,-171.92,False,0.0,False
2014-03-26,2014-03-27,0,Overnight,0.0,False,-12.57,-12.57,-96.08,False,0.0,False
2014-03-27,2014-03-28,0,Overnight,0.0,False,108.66,108.66,127.36,False,0.0,False
2014-03-28,2014-03-31,2,Weekend,48.0,False,32.21,32.21,137.56,False,0.0,False
2014-03-31,2014-04-01,0,Overnight,0.0,False,38.96,38.96,65.4,False,0.0,False
2014-04-01,2014-04-02,0,Overnight,0.0,False,4.83,4.83,-21.74,False,0.0,False
2014-04-02,2014-04-03,0,Overnight,0.0,False,-14.52,-14.52,-68.04,False,0.0,False
2014-04-03,2014-04-04,0,Overnight,0.0,False,58.35,58.35,-340.27,False,0.0,False
2014-04-04,2014-04-07,2,Weekend,48.0,False,22.55,22.55,-40.12,False,0.0,False
2014-04-07,2014-04-08,0,Overnight,0.0,False,-12.57,-12.57,17.59,False,0.0,False
2014-04-08,2014-04-09,0,Overnight,0.0,False,27.59,27.59,134.33,False,0.0,False
2014-04-09,2014-04-10,0,Overnight,0.0,False,-7.42,-7.42,-270.69,False,0.0,False
2014-04-10,2014-04-11,0,Overnight,0.0,False,-91.88,-91.88,53.7,False,0.0,False
2014-04-11,2014-04-14,2,Weekend,48.0,False,-25.54,-25.54,17.88,False,0.0,False
2014-04-14,2014-04-15,0,Overnight,0.0,False,40.75,40.75,103.68,False,0.0,False
2014-04-15,2014-04-16,0,Overnight,0.0,False,77.69,77.69,84.51,False,0.0,False
2014-04-16,2014-04-17,0,Overnight,0.0,False,-97.0,-97.0,0.0,False,0.0,False
2014-04-17,2014-04-21,3,Long,72.0,False,29.95,29.95,-47.46,False,0.0,False
2014-04-21,2014-04-22,0,Overnight,0.0,False,5.01,5.01,7.51,False,0.0,False
2014-04-22,2014-04-23,0,Overnight,0.0,False,0.0,0.0,-75.3,False,0.0,False
2014-04-23,2014-04-24,0,Overnight,0.0,False,12.59,12.59,30.15,False,0.0,False
2014-04-24,2014-04-25,0,Overnight,0.0,False,107.3,107.3,-94.76,False,0.0,False
2014-04-25,2014-04-28,2,Weekend,48.0,False,57.46,57.46,180.23,False,0.0,False
2014-04-28,2014-04-29,0,Overnight,0.0,False,56.12,56.12,-144.59,False,0.0,False
2014-04-29,2014-04-30,0,Overnight,0.0,False,-27.19,-27.19,0.0,False,0.0,False
2014-04-30,2014-05-01,0,Overnight,0.0,False,-39.68,-39.68,-59.82,False,0.0,False
2014-05-01,2014-05-02,0,Overnight,0.0,False,77.2,77.2,-155.0,False,0.0,False
2014-05-02,2014-05-05,2,Weekend,48.0,False,-42.92,-42.92,-22.8,False,0.0,False
2014-05-05,2014-05-06,0,Overnight,0.0,False,-35.57,-35.57,-58.71,False,0.0,False
2014-05-06,2014-05-07,0,Overnight,0.0,False,40.88,40.88,50.86,False,0.0,False
2014-05-07,2014-05-08,0,Overnight,0.0,False,-20.31,-20.31,75.97,False,0.0,False
2014-05-08,2014-05-09,0,Overnight,0.0,False,-25.26,-25.26,0.0,False,0.0,False
2014-05-09,2014-05-12,2,Weekend,48.0,False,50.45,50.45,57.71,False,0.0,False
2014-05-12,2014-05-13,0,Overnight,0.0,False,-12.52,57.38,124.47,True,70.05,False
2014-05-13,2014-05-14,0,Overnight,0.0,False,-29.73,-29.73,-14.9,False,0.0,False
2014-05-14,2014-05-15,0,Overnight,0.0,False,-37.35,-37.35,-122.98,False,0.0,False
2014-05-15,2014-05-16,0,Overnight,0.0,False,17.66,17.66,40.25,False,0.0,False
2014-05-16,2014-05-19,2,Weekend,48.0,False,-55.39,-55.39,35.28,False,0.0,False
2014-05-19,2014-05-20,0,Overnight,0.0,False,-17.63,-17.63,0.0,False,0.0,False
2014-05-20,2014-05-21,0,Overnight,0.0,False,30.2,30.2,137.24,False,0.0,False
2014-05-21,2014-05-22,0,Overnight,0.0,False,-14.88,-14.88,-47.27,False,0.0,False
2014-05-22,2014-05-23,0,Overnight,0.0,False,67.11,67.11,-62.12,False,0.0,False
2014-05-23,2014-05-27,3,Long,72.0,False,34.83,34.83,-17.4,False,0.0,False
2014-05-27,2014-05-28,0,Overnight,0.0,False,-12.45,-12.45,-32.44,False,0.0,False
2014-05-28,2014-05-29,0,Overnight,0.0,False,34.93,34.93,47.21,False,0.0,False
2014-05-29,2014-05-30,0,Overnight,0.0,False,27.23,27.23,120.41,False,0.0,False
2014-05-30,2014-06-02,2,Weekend,48.0,False,2.44,2.44,-39.15,False,0.0,False
2014-06-02,2014-06-03,0,Overnight,0.0,False,-46.69,-46.69,-76.65,False,0.0,False
2014-06-03,2014-06-04,0,Overnight,0.0,False,-19.88,-19.88,27.32,False,0.0,False
2014-06-04,2014-06-05,0,Overnight,0.0,False,66.74,66.74,151.59,False,0.0,False
2014-06-05,2014-06-06,0,Overnight,0.0,False,65.3,65.3,0.0,False,0.0,False
2014-06-06,2014-06-09,2,Weekend,48.0,False,-21.72,-21.72,-29.03,False,0.0,False
2014-06-09,2014-06-10,0,Overnight,0.0,False,-58.32,-58.32,19.48,False,0.0,False
2014-06-10,2014-06-11,0,Overnight,0.0,False,-43.88,-43.88,-17.12,False,0.0,False
2014-06-11,2014-06-12,0,Overnight,0.0,False,-12.24,-12.24,-56.52,False,0.0,False
2014-06-12,2014-06-13,0,Overnight,0.0,False,127.33,127.33,31.58,False,0.0,False
2014-06-13,2014-06-16,2,Weekend,48.0,False,-46.19,-46.19,111.46,False,0.0,False
2014-06-16,2014-06-17,0,Overnight,0.0,False,-50.73,-50.73,94.01,False,0.0,False
2014-06-17,2014-06-18,0,Overnight,0.0,False,-16.81,-16.81,9.61,False,0.0,False
2014-06-18,2014-06-19,0,Overnight,0.0,False,-19.23,-19.23,-14.44,False,0.0,False
2014-06-19,2014-06-20,0,Overnight,0.0,False,-14.46,-14.46,55.33,False,0.0,False
2014-06-20,2014-06-23,2,Weekend,48.0,False,11.99,11.99,62.11,False,0.0,False
2014-06-23,2014-06-24,0,Overnight,0.0,False,-38.18,-38.18,-19.14,False,0.0,False
2014-06-24,2014-06-25,0,Overnight,0.0,False,-11.98,-11.98,78.82,False,0.0,False
2014-06-25,2014-06-26,0,Overnight,0.0,False,-23.82,-23.82,-50.21,False,0.0,False
2014-06-26,2014-06-27,0,Overnight,0.0,False,-26.4,-26.4,152.64,False,0.0,False
2014-06-27,2014-06-30,2,Weekend,48.0,False,-18.95,-18.95,-112.08,False,0.0,False
2014-06-30,2014-07-01,0,Overnight,0.0,False,38.3,38.3,2.39,False,0.0,False
2014-07-01,2014-07-02,0,Overnight,0.0,False,-33.49,-33.49,40.66,False,0.0,False
2014-07-02,2014-07-03,0,Overnight,0.0,False,2.39,2.39,-26.28,False,0.0,False
2014-07-03,2014-07-07,3,Long,72.0,True,-11.97,-11.97,57.32,False,0.0,False
2014-07-07,2014-07-08,0,Overnight,0.0,False,-28.62,-28.62,-21.52,False,0.0,False
2014-07-08,2014-07-09,0,Overnight,0.0,False,47.76,47.76,-74.12,False,0.0,False
2014-07-09,2014-07-10,0,Overnight,0.0,False,-72.25,-72.25,77.05,False,0.0,False
2014-07-10,2014-07-11,0,Overnight,0.0,False,2.4,2.4,93.09,False,0.0,False
2014-07-11,2014-07-14,2,Weekend,48.0,False,30.84,30.84,-18.97,False,0.0,False
2014-07-14,2014-07-15,0,Overnight,0.0,False,44.99,44.99,28.31,False,0.0,False
2014-07-15,2014-07-16,0,Overnight,0.0,False,14.12,14.12,362.67,False,0.0,False
2014-07-16,2014-07-17,0,Overnight,0.0,False,306.07,306.07,-204.5,False,0.0,False
2014-07-17,2014-07-18,0,Overnight,0.0,False,26.91,26.91,8.95,False,0.0,False
2014-07-18,2014-07-21,2,Weekend,48.0,False,-29.13,-29.13,62.64,False,0.0,False
2014-07-21,2014-07-22,0,Overnight,0.0,False,35.62,35.62,-37.85,False,0.0,False
2014-07-22,2014-07-23,0,Overnight,0.0,False,137.35,137.35,-128.43,False,0.0,False
2014-07-23,2014-07-24,0,Overnight,0.0,False,13.36,13.36,-118.66,False,0.0,False
2014-07-24,2014-07-25,0,Overnight,0.0,False,-22.55,-22.55,45.05,False,0.0,False
2014-07-25,2014-07-28,2,Weekend,48.0,False,-31.51,-31.51,-88.31,False,0.0,False
2014-07-28,2014-07-29,0,Overnight,0.0,False,-13.66,-13.66,-4.56,False,0.0,False
2014-07-29,2014-07-30,0,Overnight,0.0,False,40.93,40.93,-111.81,False,0.0,False
2014-07-30,2014-07-31,0,Overnight,0.0,False,-46.0,-46.0,-50.84,False,0.0,False
2014-07-31,2014-08-01,0,Overnight,0.0,False,11.58,11.58,-81.33,False,0.0,False
2014-08-01,2014-08-04,2,Weekend,48.0,False,25.63,25.63,92.66,False,0.0,False
2014-08-04,2014-08-05,0,Overnight,0.0,False,-13.84,-13.84,-53.25,False,0.0,False
2014-08-05,2014-08-06,0,Overnight,0.0,False,-79.24,-79.24,0.0,False,0.0,False
2014-08-06,2014-08-07,0,Overnight,0.0,False,23.37,23.37,90.62,False,0.0,False
2014-08-07,2014-08-08,0,Overnight,0.0,False,0.0,0.0,-6.94,False,0.0,False
2014-08-08,2014-08-11,2,Weekend,48.0,False,13.88,13.88,-13.88,False,0.0,False
2014-08-11,2014-08-12,0,Overnight,0.0,False,-37.11,-37.11,110.91,False,0.0,False
2014-08-12,2014-08-13,0,Overnight,0.0,False,36.7,36.7,91.16,False,0.0,False
2014-08-13,2014-08-14,0,Overnight,0.0,False,0.0,0.0,43.01,False,0.0,False
2014-08-14,2014-08-15,0,Overnight,0.0,False,69.78,69.78,47.0,False,0.0,False
2014-08-15,2014-08-18,2,Weekend,48.0,False,33.43,33.43,37.76,False,0.0,False
2014-08-18,2014-08-19,0,Overnight,0.0,False,-31.08,30.99,79.73,True,62.07,False
2014-08-19,2014-08-20,0,Overnight,0.0,False,2.21,2.21,-86.39,False,0.0,False
2014-08-20,2014-08-21,0,Overnight,0.0,False,-24.5,-24.5,84.39,False,0.0,False
2014-08-21,2014-08-22,0,Overnight,0.0,False,28.71,28.71,-44.2,False,0.0,False
2014-08-22,2014-08-25,2,Weekend,48.0,False,55.22,55.22,-50.79,False,0.0,False
2014-08-25,2014-08-26,0,Overnight,0.0,False,30.95,30.95,-66.43,False,0.0,False
2014-08-26,2014-08-27,0,Overnight,0.0,False,-24.47,-24.47,-6.68,False,0.0,False
2014-08-27,2014-08-28,0,Overnight,0.0,False,-26.78,-26.78,29.01,False,0.0,False
2014-08-28,2014-08-29,0,Overnight,0.0,False,46.68,46.68,75.12,False,0.0,False
2014-08-29,2014-09-02,3,Long,72.0,False,0.0,0.0,-75.12,False,0.0,False
2014-09-02,2014-09-03,0,Overnight,0.0,False,-124.97,-124.97,96.1,False,0.0,False
2014-09-03,2014-09-04,0,Overnight,0.0,False,-49.05,-49.05,115.56,False,0.0,False
2014-09-04,2014-09-05,0,Overnight,0.0,False,-33.2,-33.2,175.79,False,0.0,False
2014-09-05,2014-09-08,2,Weekend,48.0,False,23.93,23.93,97.31,False,0.0,False
2014-09-08,2014-09-09,0,Overnight,0.0,False,0.0,0.0,62.21,False,0.0,False
2014-09-09,2014-09-10,0,Overnight,0.0,False,12.82,12.82,4.27,False,0.0,False
2014-09-10,2014-09-11,0,Overnight,0.0,False,-21.37,-21.37,55.47,False,0.0,False
2014-09-11,2014-09-12,0,Overnight,0.0,False,-19.17,-19.17,-44.87,False,0.0,False
2014-09-12,2014-09-15,2,Weekend,48.0,False,-34.32,-34.32,-64.67,False,0.0,False
2014-09-15,2014-09-16,0,Overnight,0.0,False,32.39,32.39,79.44,False,0.0,False
2014-09-16,2014-09-17,0,Overnight,0.0,False,-107.5,-107.5,56.05,False,0.0,False
2014-09-17,2014-09-18,0,Overnight,0.0,False,15.04,15.04,19.3,False,0.0,False
2014-09-18,2014-09-19,0,Overnight,0.0,False,27.81,27.81,150.54,False,0.0,False
2014-09-19,2014-09-22,2,Weekend,48.0,False,-46.4,-46.4,-50.87,False,0.0,False
2014-09-22,2014-09-23,0,Overnight,0.0,False,-44.72,-44.72,-62.09,False,0.0,False
2014-09-23,2014-09-24,0,Overnight,0.0,False,15.02,15.02,96.04,False,0.0,False
2014-09-24,2014-09-25,0,Overnight,0.0,False,-42.57,-42.57,-180.81,False,0.0,False
2014-09-25,2014-09-26,0,Overnight,0.0,False,-23.92,-23.92,103.96,False,0.0,False
2014-09-26,2014-09-29,2,Weekend,48.0,False,-93.08,-93.08,99.55,False,0.0,False
2014-09-29,2014-09-30,0,Overnight,0.0,False,-15.08,-15.08,-2.16,False,0.0,False
2014-09-30,2014-10-01,0,Overnight,0.0,False,-19.43,-19.43,-80.29,False,0.0,False
2014-10-01,2014-10-02,0,Overnight,0.0,False,-15.26,-15.26,-15.29,False,0.0,False
2014-10-02,2014-10-03,0,Overnight,0.0,False,47.96,47.96,23.89,False,0.0,False
2014-10-03,2014-10-06,2,Weekend,48.0,False,6.51,6.51,-6.51,False,0.0,False
2014-10-06,2014-10-07,0,Overnight,0.0,False,-50.03,-50.03,-72.22,False,0.0,False
2014-10-07,2014-10-08,0,Overnight,0.0,False,-10.99,-10.99,281.83,False,0.0,False
2014-10-08,2014-10-09,0,Overnight,0.0,False,-60.03,-60.03,-140.77,False,0.0,False
2014-10-09,2014-10-10,0,Overnight,0.0,False,-54.67,-54.67,-350.36,False,0.0,False
2014-10-10,2014-10-13,2,Weekend,48.0,False,-47.81,-47.81,-38.87,False,0.0,False
2014-10-13,2014-10-14,0,Overnight,0.0,False,50.27,50.27,-31.96,False,0.0,False
2014-10-14,2014-10-15,0,Overnight,0.0,False,-168.34,-168.34,51.03,False,0.0,False
2014-10-15,2014-10-16,0,Overnight,0.0,False,-160.94,-160.94,49.26,False,0.0,False
2014-10-16,2014-10-17,0,Overnight,0.0,False,107.05,107.05,99.04,False,0.0,False
2014-10-17,2014-10-20,2,Weekend,48.0,False,-131.5,-131.5,234.12,False,0.0,False
2014-10-20,2014-10-21,0,Overnight,0.0,False,63.32,63.32,116.54,False,0.0,False
2014-10-21,2014-10-22,0,Overnight,0.0,False,26.7,26.7,-138.74,False,0.0,False
2014-10-22,2014-10-23,0,Overnight,0.0,False,53.93,53.93,89.25,False,0.0,False
2014-10-23,2014-10-24,0,Overnight,0.0,False,394.17,394.17,-150.61,False,0.0,False
2014-10-24,2014-10-27,2,Weekend,48.0,False,-91.46,-91.46,43.66,False,0.0,False
2014-10-27,2014-10-28,0,Overnight,0.0,False,-10.9,-10.9,136.44,False,0.0,False
2014-10-28,2014-10-29,0,Overnight,0.0,False,-10.76,-10.76,38.68,False,0.0,False
2014-10-29,2014-10-30,0,Overnight,0.0,False,-64.56,-64.56,-58.46,False,0.0,False
2014-10-30,2014-10-31,0,Overnight,0.0,False,191.42,191.42,2.13,False,0.0,False
2014-10-31,2014-11-03,2,Weekend,49.0,False,-12.79,-12.79,116.61,False,0.0,False
2014-11-03,2014-11-04,0,Overnight,0.0,False,-29.55,-29.55,56.92,False,0.0,False
2014-11-04,2014-11-05,0,Overnight,0.0,False,48.23,48.23,12.54,False,0.0,False
2014-11-05,2014-11-06,0,Overnight,0.0,False,0.0,0.0,173.99,False,0.0,False
2014-11-06,2014-11-07,0,Overnight,0.0,False,45.07,45.07,-49.18,False,0.0,False
2014-11-07,2014-11-10,2,Weekend,48.0,False,-6.16,-6.16,49.21,False,0.0,False
2014-11-10,2014-11-11,0,Overnight,0.0,False,-8.19,-8.19,4.09,False,0.0,False
2014-11-11,2014-11-12,0,Overnight,0.0,False,-63.64,-63.64,45.2,False,0.0,False
2014-11-12,2014-11-13,0,Overnight,0.0,False,6.15,6.15,162.57,False,0.0,False
2014-11-13,2014-11-14,0,Overnight,0.0,False,26.17,26.17,-32.22,False,0.0,False
2014-11-14,2014-11-17,2,Weekend,48.0,False,-34.35,-34.35,10.11,False,0.0,False
2014-11-17,2014-11-18,0,Overnight,0.0,False,-66.94,-4.04,-79.7,True,62.68,False
2014-11-18,2014-11-19,0,Overnight,0.0,False,-16.43,-16.43,-90.83,False,0.0,False
2014-11-19,2014-11-20,0,Overnight,0.0,False,-45.73,-45.73,144.78,False,0.0,False
2014-11-20,2014-11-21,0,Overnight,0.0,False,65.49,65.49,-214.44,False,0.0,False
2014-11-21,2014-11-24,2,Weekend,48.0,False,2.08,2.08,-83.7,False,0.0,False
2014-11-24,2014-11-25,0,Overnight,0.0,False,14.7,14.7,-39.95,False,0.0,False
2014-11-25,2014-11-26,0,Overnight,0.0,False,4.21,4.21,54.6,False,0.0,False
2014-11-26,2014-11-28,1,Short,24.0,False,41.8,41.8,-29.24,False,0.0,False
2014-11-28,2014-12-01,2,Weekend,48.0,True,14.63,14.63,153.37,False,0.0,False
2014-12-01,2014-12-02,0,Overnight,0.0,False,45.15,45.15,-78.11,False,0.0,False
2014-12-02,2014-12-03,0,Overnight,0.0,False,-4.13,-4.13,-74.6,False,0.0,False
2014-12-03,2014-12-04,0,Overnight,0.0,False,64.27,64.27,92.56,False,0.0,False
2014-12-04,2014-12-05,0,Overnight,0.0,False,-4.1,-4.1,-82.27,False,0.0,False
2014-12-05,2014-12-08,2,Weekend,48.0,False,-33.1,-33.1,-116.72,False,0.0,False
2014-12-08,2014-12-09,0,Overnight,0.0,False,-124.46,-124.46,101.37,False,0.0,False
2014-12-09,2014-12-10,0,Overnight,0.0,False,-2.1,-2.1,-143.95,False,0.0,False
2014-12-10,2014-12-11,0,Overnight,0.0,False,38.31,38.31,19.1,False,0.0,False
2014-12-11,2014-12-12,0,Overnight,0.0,False,-83.02,-83.02,36.27,False,0.0,False
2014-12-12,2014-12-15,2,Weekend,48.0,False,53.11,53.11,-112.92,False,0.0,False
2014-12-15,2014-12-16,0,Overnight,0.0,False,-166.36,-166.36,-162.53,False,0.0,False
2014-12-16,2014-12-17,0,Overnight,0.0,False,-24.39,-24.39,152.0,False,0.0,False
2014-12-17,2014-12-18,0,Overnight,0.0,False,181.98,181.98,199.79,False,0.0,False
2014-12-18,2014-12-19,0,Overnight,0.0,False,23.12,23.12,6.3,False,0.0,False
2014-12-19,2014-12-22,2,Weekend,48.0,False,25.15,25.15,41.77,False,0.0,False
2014-12-22,2014-12-23,0,Overnight,0.0,False,80.96,80.96,16.53,False,0.0,False
2014-12-23,2014-12-24,0,Overnight,0.0,False,39.14,39.14,-103.33,False,0.0,False
2014-12-24,2014-12-26,1,Short,24.0,True,55.93,55.93,-110.09,False,0.0,False
2014-12-26,2014-12-29,2,Weekend,48.0,False,-37.66,-37.66,-52.55,False,0.0,False
2014-12-29,2014-12-30,0,Overnight,0.0,False,-2.11,-2.11,-88.93,False,0.0,False
2014-12-30,2014-12-31,0,Overnight,0.0,False,-61.87,-61.87,-60.1,False,0.0,False
2014-12-31,2015-01-02,1,Short,24.0,False,45.11,45.11,21.41,False,0.0,False
2015-01-02,2015-01-05,2,Weekend,48.0,False,-83.75,-83.75,-8.63,False,0.0,False
2015-01-05,2015-01-06,0,Overnight,0.0,False,10.79,10.79,-158.65,False,0.0,False
2015-01-06,2015-01-07,0,Overnight,0.0,False,72.03,72.03,54.22,False,0.0,False
2015-01-07,2015-01-08,0,Overnight,0.0,False,111.85,111.85,178.08,False,0.0,False
2015-01-08,2015-01-09,0,Overnight,0.0,False,4.2,4.2,-88.61,False,0.0,False
2015-01-09,2015-01-12,2,Weekend,48.0,False,48.62,48.62,-174.44,False,0.0,False
2015-01-12,2015-01-13,0,Overnight,0.0,False,79.09,79.09,-130.72,False,0.0,False
2015-01-13,2015-01-14,0,Overnight,0.0,False,-86.66,-86.66,0.0,False,0.0,False
2015-01-14,2015-01-15,0,Overnight,0.0,False,56.41,56.41,-161.4,False,0.0,False
2015-01-15,2015-01-16,0,Overnight,0.0,False,-37.45,-37.45,203.17,False,0.0,False
2015-01-16,2015-01-20,3,Long,72.0,False,12.97,12.97,19.42,False,0.0,False
2015-01-20,2015-01-21,0,Overnight,0.0,False,-97.48,-97.48,-4.35,False,0.0,False
2015-01-21,2015-01-22,0,Overnight,0.0,False,99.68,99.68,160.41,False,0.0,False
2015-01-22,2015-01-23,0,Overnight,0.0,False,48.68,48.68,-38.08,False,0.0,False
2015-01-23,2015-01-26,2,Weekend,48.0,False,-38.22,-38.22,2.13,False,0.0,False
2015-01-26,2015-01-27,0,Overnight,0.0,False,-903.24,-903.24,-67.75,False,0.0,False
2015-01-27,2015-01-28,0,Overnight,0.0,False,18.74,18.74,-369.4,False,0.0,False
2015-01-28,2015-01-29,0,Overnight,0.0,False,-63.32,-63.32,260.44,False,0.0,False
2015-01-29,2015-01-30,0,Overnight,0.0,False,-110.1,-110.1,-280.68,False,0.0,False
2015-01-30,2015-02-02,2,Weekend,48.0,False,46.92,46.92,168.56,False,0.0,False
2015-02-02,2015-02-03,0,Overnight,0.0,False,84.43,84.43,-7.21,False,0.0,False
2015-02-03,2015-02-04,0,Overnight,0.0,False,81.4,81.4,-23.87,False,0.0,False
2015-02-04,2015-02-05,0,Overnight,0.0,False,90.41,90.41,54.33,False,0.0,False
2015-02-05,2015-02-06,0,Overnight,0.0,False,54.03,54.03,-63.46,False,0.0,False
2015-02-06,2015-02-09,2,Weekend,48.0,False,-40.16,-40.16,28.37,False,0.0,False
2015-02-09,2015-02-10,0,Overnight,0.0,False,89.31,89.31,-32.81,False,0.0,False
2015-02-10,2015-02-11,0,Overnight,0.0,False,11.73,11.73,-63.51,False,0.0,False
2015-02-11,2015-02-12,0,Overnight,0.0,False,65.85,65.85,100.29,False,0.0,False
2015-02-12,2015-02-13,0,Overnight,0.0,False,67.08,67.08,112.32,False,0.0,False
2015-02-13,2015-02-17,3,Long,72.0,False,22.77,93.02,-89.09,True,70.66,False
2015-02-17,2015-02-18,0,Overnight,0.0,False,11.47,11.47,-22.95,False,0.0,False
2015-02-18,2015-02-19,0,Overnight,0.0,False,-80.73,-80.73,73.84,False,0.0,False
2015-02-19,2015-02-20,0,Overnight,0.0,False,2.3,2.3,80.12,False,0.0,False
2015-02-20,2015-02-23,2,Weekend,48.0,False,-36.55,-36.55,102.45,False,0.0,False
2015-02-23,2015-02-24,0,Overnight,0.0,False,0.0,0.0,-13.6,False,0.0,False
2015-02-24,2015-02-25,0,Overnight,0.0,False,-31.8,-31.8,9.1,False,0.0,False
2015-02-25,2015-02-26,0,Overnight,0.0,False,0.0,0.0,15.9,False,0.0,False
2015-02-26,2015-02-27,0,Overnight,0.0,False,15.87,15.87,-63.65,False,0.0,False
2015-02-27,2015-03-02,2,Weekend,48.0,False,-41.13,-41.13,47.97,False,0.0,False
2015-03-02,2015-03-03,0,Overnight,0.0,False,-73.19,-73.19,-64.49,False,0.0,False
2015-03-03,2015-03-04,0,Overnight,0.0,False,-62.58,-62.58,11.62,False,0.0,False
2015-03-04,2015-03-05,0,Overnight,0.0,False,2.32,2.32,9.28,False,0.0,False
2015-03-05,2015-03-06,0,Overnight,0.0,False,-25.55,-25.55,-149.96,False,0.0,False
2015-03-06,2015-03-09,2,Weekend,47.0,False,-40.21,-40.21,155.22,False,0.0,False
2015-03-09,2015-03-10,0,Overnight,0.0,False,-117.37,-117.37,-75.85,False,0.0,False
2015-03-10,2015-03-11,0,Overnight,0.0,False,66.4,66.4,-78.3,False,0.0,False
2015-03-11,2015-03-12,0,Overnight,0.0,False,-156.05,-156.05,-75.29,False,0.0,False
2015-03-12,2015-03-13,0,Overnight,0.0,False,-78.32,-78.32,165.7,False,0.0,False
2015-03-13,2015-03-16,2,Weekend,48.0,False,21.73,21.73,21.68,False,0.0,False
2015-03-16,2015-03-17,0,Overnight,0.0,False,-45.82,-45.82,79.45,False,0.0,False
2015-03-17,2015-03-18,0,Overnight,0.0,False,-64.96,-64.96,254.99,False,0.0,False
2015-03-18,2015-03-19,0,Overnight,0.0,False,-56.63,-56.63,7.1,False,0.0,False
2015-03-19,2015-03-20,0,Overnight,0.0,False,63.64,63.64,74.91,False,0.0,False
2015-03-20,2015-03-23,2,Weekend,48.0,False,0.0,0.0,-4.67,False,0.0,False
2015-03-23,2015-03-24,0,Overnight,0.0,False,-18.68,-18.68,28.01,False,0.0,False
2015-03-24,2015-03-25,0,Overnight,0.0,False,4.66,4.66,-346.09,False,0.0,False
2015-03-25,2015-03-26,0,Overnight,0.0,False,-58.05,-58.05,-2.43,False,0.0,False
2015-03-26,2015-03-27,0,Overnight,0.0,False,-21.86,-21.86,-36.54,False,0.0,False
2015-03-27,2015-03-30,2,Weekend,48.0,False,31.68,31.68,-34.12,False,0.0,False
2015-03-30,2015-03-31,0,Overnight,0.0,False,-44.04,-44.04,-29.47,False,0.0,False
2015-03-31,2015-04-01,0,Overnight,0.0,False,-14.77,-14.77,29.51,False,0.0,False
2015-04-01,2015-04-02,0,Overnight,0.0,False,-14.75,-14.75,-91.41,False,0.0,False
2015-04-02,2015-04-06,3,Long,72.0,False,12.4,12.4,295.54,False,0.0,False
2015-04-06,2015-04-07,0,Overnight,0.0,False,14.43,14.43,-19.25,False,0.0,False
2015-04-07,2015-04-08,0,Overnight,0.0,False,-16.87,-16.87,-9.65,False,0.0,False
2015-04-08,2015-04-09,0,Overnight,0.0,False,-41.13,-41.13,55.6,False,0.0,False
2015-04-09,2015-04-10,0,Overnight,0.0,False,36.1,36.1,21.6,False,0.0,False
2015-04-10,2015-04-13,2,Weekend,48.0,False,-77.0,-77.0,86.58,False,0.0,False
2015-04-13,2015-04-14,0,Overnight,0.0,False,9.57,9.57,-35.95,False,0.0,False
2015-04-14,2015-04-15,0,Overnight,0.0,False,26.37,26.37,119.02,False,0.0,False
2015-04-15,2015-04-16,0,Overnight,0.0,False,-73.63,-73.63,49.93,False,0.0,False
2015-04-16,2015-04-17,0,Overnight,0.0,False,-116.91,-116.91,-12.01,False,0.0,False
2015-04-17,2015-04-20,2,Weekend,48.0,False,26.39,26.39,278.85,False,0.0,False
2015-04-20,2015-04-21,0,Overnight,0.0,False,20.95,20.95,-84.07,False,0.0,False
2015-04-21,2015-04-22,0,Overnight,0.0,False,7.03,7.03,74.72,False,0.0,False
2015-04-22,2015-04-23,0,Overnight,0.0,False,-23.29,-23.29,104.37,False,0.0,False
2015-04-23,2015-04-24,0,Overnight,0.0,False,521.47,521.47,472.66,False,0.0,False
2015-04-24,2015-04-27,2,Weekend,48.0,False,-134.6,-134.6,167.97,False,0.0,False
2015-04-27,2015-04-28,0,Overnight,0.0,False,-52.19,-52.19,284.73,False,0.0,False
2015-04-28,2015-04-29,0,Overnight,0.0,False,-89.91,-89.91,69.54,False,0.0,False
2015-04-29,2015-04-30,0,Overnight,0.0,False,-73.65,-73.65,-12.33,False,0.0,False
2015-04-30,2015-05-01,0,Overnight,0.0,False,-12.34,-12.34,16.45,False,0.0,False
2015-05-01,2015-05-04,2,Weekend,48.0,False,-59.78,-59.78,-26.91,False,0.0,False
2015-05-04,2015-05-05,0,Overnight,0.0,False,-87.45,-87.45,-46.11,False,0.0,False
2015-05-05,2015-05-06,0,Overnight,0.0,False,-6.3,-6.3,-274.92,False,0.0,False
2015-05-06,2015-05-07,0,Overnight,0.0,False,-2.16,-2.16,92.5,False,0.0,False
2015-05-07,2015-05-08,0,Overnight,0.0,False,180.38,180.38,41.97,False,0.0,False
2015-05-08,2015-05-11,2,Weekend,48.0,False,-41.97,-41.97,-37.93,False,0.0,False
2015-05-11,2015-05-12,0,Overnight,0.0,False,-110.38,-110.38,106.16,False,0.0,False
2015-05-12,2015-05-13,0,Overnight,0.0,False,175.85,175.85,-116.89,False,0.0,False
2015-05-13,2015-05-14,0,Overnight,0.0,False,83.63,83.63,142.64,False,0.0,False
2015-05-14,2015-05-15,0,Overnight,0.0,False,30.74,30.74,-117.32,False,0.0,False
2015-05-15,2015-05-18,2,Weekend,48.0,False,-66.47,-66.47,6.25,False,0.0,False
2015-05-18,2015-05-19,0,Overnight,0.0,False,-94.17,-29.2,4.2,True,64.57,False
2015-05-19,2015-05-20,0,Overnight,0.0,False,-40.01,-40.01,40.01,False,0.0,False
2015-05-20,2015-05-21,0,Overnight,0.0,False,-63.25,-63.25,29.57,False,0.0,False
2015-05-21,2015-05-22,0,Overnight,0.0,False,-25.34,-25.34,-84.93,False,0.0,False
2015-05-22,2015-05-26,3,Long,72.0,False,-14.94,-14.94,-51.38,False,0.0,False
2015-05-26,2015-05-27,0,Overnight,0.0,False,49.25,49.25,167.32,False,0.0,False
2015-05-27,2015-05-28,0,Overnight,0.0,False,-23.13,-23.13,-10.53,False,0.0,False
2015-05-28,2015-05-29,0,Overnight,0.0,False,-4.22,-4.22,-120.9,False,0.0,False
2015-05-29,2015-06-01,2,Weekend,48.0,False,42.59,42.59,36.06,False,0.0,False
2015-06-01,2015-06-02,0,Overnight,0.0,False,-63.72,-63.72,-2.13,False,0.0,False
2015-06-02,2015-06-03,0,Overnight,0.0,False,95.45,95.45,-110.38,False,0.0,False
2015-06-03,2015-06-04,0,Overnight,0.0,False,-12.81,-12.81,-92.32,False,0.0,False
2015-06-04,2015-06-05,0,Overnight,0.0,False,-10.79,-10.79,-36.78,False,0.0,False
2015-06-05,2015-06-08,2,Weekend,48.0,False,34.62,34.62,-123.87,False,0.0,False
2015-06-08,2015-06-09,0,Overnight,0.0,False,6.56,6.56,-24.07,False,0.0,False
2015-06-09,2015-06-10,0,Overnight,0.0,False,30.62,30.62,177.49,False,0.0,False
2015-06-10,2015-06-11,0,Overnight,0.0,False,10.72,10.72,-47.26,False,0.0,False
2015-06-11,2015-06-12,0,Overnight,0.0,False,-47.49,-47.49,-54.24,False,0.0,False
2015-06-12,2015-06-15,2,Weekend,48.0,False,-113.76,-113.76,6.6,False,0.0,False
2015-06-15,2015-06-16,0,Overnight,0.0,False,-28.63,-28.63,105.29,False,0.0,False
2015-06-16,2015-06-17,0,Overnight,0.0,False,-21.84,-21.84,52.34,False,0.0,False
2015-06-17,2015-06-18,0,Overnight,0.0,False,54.24,54.24,107.6,False,0.0,False
2015-06-18,2015-06-19,0,Overnight,0.0,False,14.97,14.97,-148.57,False,0.0,False
2015-06-19,2015-06-22,2,Weekend,48.0,False,49.77,49.77,-21.61,False,0.0,False
2015-06-22,2015-06-23,0,Overnight,0.0,False,-21.65,-21.65,-47.81,False,0.0,False
2015-06-23,2015-06-24,0,Overnight,0.0,False,-52.41,-52.41,-6.57,False,0.0,False
2015-06-24,2015-06-25,0,Overnight,0.0,False,85.09,85.09,-82.9,False,0.0,False
2015-06-25,2015-06-26,0,Overnight,0.0,False,0.0,0.0,-85.8,False,0.0,False
2015-06-26,2015-06-29,2,Weekend,48.0,False,-48.73,-48.73,-149.87,False,0.0,False
2015-06-29,2015-06-30,0,Overnight,0.0,False,76.34,76.34,-126.04,False,0.0,False
2015-06-30,2015-07-01,0,Overnight,0.0,False,69.97,69.97,-2.25,False,0.0,False
2015-07-01,2015-07-02,0,Overnight,0.0,False,6.75,6.75,-18.0,False,0.0,False
2015-07-02,2015-07-06,3,Long,72.0,False,-99.59,-99.59,97.34,False,0.0,False
2015-07-06,2015-07-07,0,Overnight,0.0,False,-11.27,-11.27,-9.03,False,0.0,False
2015-07-07,2015-07-08,0,Overnight,0.0,False,31.55,31.55,-45.11,False,0.0,False
2015-07-08,2015-07-09,0,Overnight,0.0,False,114.62,114.62,-51.53,False,0.0,False
2015-07-09,2015-07-10,0,Overnight,0.0,False,109.46,109.46,-89.27,False,0.0,False
2015-07-10,2015-07-13,2,Weekend,48.0,False,82.6,82.6,123.73,False,0.0,False
2015-07-13,2015-07-14,0,Overnight,0.0,False,-19.78,-19.78,37.33,False,0.0,False
2015-07-14,2015-07-15,0,Overnight,0.0,False,13.14,13.14,17.5,False,0.0,False
2015-07-15,2015-07-16,0,Overnight,0.0,False,54.48,54.48,140.29,False,0.0,False
2015-07-16,2015-07-17,0,Overnight,0.0,False,-23.6,-23.6,15.03,False,0.0,False
2015-07-17,2015-07-20,2,Weekend,48.0,False,6.43,6.43,57.71,False,0.0,False
2015-07-20,2015-07-21,0,Overnight,0.0,False,-29.88,-29.88,106.32,False,0.0,False
2015-07-21,2015-07-22,0,Overnight,0.0,False,-396.95,-396.95,21.98,False,0.0,False
2015-07-22,2015-07-23,0,Overnight,0.0,False,-59.47,-59.47,183.85,False,0.0,False
2015-07-23,2015-07-24,0,Overnight,0.0,False,-43.47,-43.47,6.53,False,0.0,False
2015-07-24,2015-07-27,2,Weekend,48.0,False,0.0,0.0,-129.26,False,0.0,False
2015-07-27,2015-07-28,0,Overnight,0.0,False,50.59,50.59,-52.79,False,0.0,False
2015-07-28,2015-07-29,0,Overnight,0.0,False,13.23,13.23,194.14,False,0.0,False
2015-07-29,2015-07-30,0,Overnight,0.0,False,-6.48,-6.48,133.14,False,0.0,False
2015-07-30,2015-07-31,0,Overnight,0.0,False,87.08,87.08,-125.55,False,0.0,False
2015-07-31,2015-08-03,2,Weekend,48.0,False,59.78,59.78,-36.25,False,0.0,False
2015-08-03,2015-08-04,0,Overnight,0.0,False,-12.83,-12.83,167.57,False,0.0,False
2015-08-04,2015-08-05,0,Overnight,0.0,False,92.13,92.13,-83.72,False,0.0,False
2015-08-05,2015-08-06,0,Overnight,0.0,False,27.28,27.28,-231.11,False,0.0,False
2015-08-06,2015-08-07,0,Overnight,0.0,False,-49.46,-49.46,75.16,False,0.0,False
2015-08-07,2015-08-10,2,Weekend,48.0,False,44.83,44.83,80.61,False,0.0,False
2015-08-10,2015-08-11,0,Overnight,0.0,False,-108.34,-108.34,-87.96,False,0.0,False
2015-08-11,2015-08-12,0,Overnight,0.0,False,-47.52,-47.52,118.37,False,0.0,False
2015-08-12,2015-08-13,0,Overnight,0.0,False,68.23,68.23,-70.37,False,0.0,False
2015-08-13,2015-08-14,0,Overnight,0.0,False,-42.89,-42.89,100.5,False,0.0,False
2015-08-14,2015-08-17,2,Weekend,48.0,False,-40.51,-40.51,108.36,False,0.0,False
2015-08-17,2015-08-18,0,Overnight,0.0,False,-101.96,-35.99,91.38,True,65.51,False
2015-08-18,2015-08-19,0,Overnight,0.0,False,-104.2,-104.2,-36.41,False,0.0,False
2015-08-19,2015-08-20,0,Overnight,0.0,False,-116.53,-116.53,-89.39,False,0.0,False
2015-08-20,2015-08-21,0,Overnight,0.0,False,-79.16,-79.16,-504.8,False,0.0,False
2015-08-21,2015-08-24,2,Weekend,48.0,False,-627.6,-627.6,299.55,False,0.0,False
2015-08-24,2015-08-25,0,Overnight,0.0,False,211.28,211.28,-505.89,False,0.0,False
2015-08-25,2015-08-26,0,Overnight,0.0,False,373.47,373.47,165.25,False,0.0,False
2015-08-26,2015-08-27,0,Overnight,0.0,False,121.02,121.02,153.8,False,0.0,False
2015-08-27,2015-08-28,0,Overnight,0.0,False,-114.55,-114.55,121.38,False,0.0,False
2015-08-28,2015-08-31,2,Weekend,48.0,False,-84.58,-84.58,-9.19,False,0.0,False
2015-08-31,2015-09-01,0,Overnight,0.0,False,-315.12,-315.12,-83.34,False,0.0,False
2015-09-01,2015-09-02,0,Overnight,0.0,False,128.3,128.3,233.33,False,0.0,False
2015-09-02,2015-09-03,0,Overnight,0.0,False,11.52,11.52,20.71,False,0.0,False
2015-09-03,2015-09-04,0,Overnight,0.0,False,-159.89,-159.89,-46.83,False,0.0,False
2015-09-04,2015-09-08,3,Long,72.0,False,160.64,160.64,135.34,False,0.0,False
2015-09-08,2015-09-09,0,Overnight,0.0,False,72.65,72.65,-261.24,False,0.0,False
2015-09-09,2015-09-10,0,Overnight,0.0,False,11.6,11.6,39.35,False,0.0,False
2015-09-10,2015-09-11,0,Overnight,0.0,False,-34.71,-34.71,78.5,False,0.0,False
2015-09-11,2015-09-14,2,Weekend,48.0,False,-11.51,-11.51,-90.21,False,0.0,False
2015-09-14,2015-09-15,0,Overnight,0.0,False,34.79,34.79,181.26,False,0.0,False
2015-09-15,2015-09-16,0,Overnight,0.0,False,-2.27,-2.27,74.77,False,0.0,False
2015-09-16,2015-09-17,0,Overnight,0.0,False,-2.26,-2.26,-9.04,False,0.0,False
2015-09-17,2015-09-18,0,Overnight,0.0,False,-170.94,-170.94,-4.6,False,0.0,False
2015-09-18,2015-09-21,2,Weekend,48.0,False,32.15,32.15,111.71,False,0.0,False
2015-09-21,2015-09-22,0,Overnight,0.0,False,-166.88,-166.88,119.16,False,0.0,False
2015-09-22,2015-09-23,0,Overnight,0.0,False,6.83,6.83,-13.67,False,0.0,False
2015-09-23,2015-09-24,0,Overnight,0.0,False,-96.2,-96.2,105.31,False,0.0,False
2015-09-24,2015-09-25,0,Overnight,0.0,False,128.98,128.98,-122.15,False,0.0,False
2015-09-25,2015-09-28,2,Weekend,48.0,False,-25.06,-25.06,-123.97,False,0.0,False
2015-09-28,2015-09-29,0,Overnight,0.0,False,18.46,18.46,16.13,False,0.0,False
2015-09-29,2015-09-30,0,Overnight,0.0,False,100.78,100.78,86.23,False,0.0,False
2015-09-30,2015-10-01,0,Overnight,0.0,False,110.1,110.1,-31.33,False,0.0,False
2015-10-01,2015-10-02,0,Overnight,0.0,False,-76.51,-76.51,289.42,False,0.0,False
2015-10-02,2015-10-05,2,Weekend,48.0,False,39.42,39.42,190.52,False,0.0,False
2015-10-05,2015-10-06,0,Overnight,0.0,False,-64.54,-64.54,90.25,False,0.0,False
2015-10-06,2015-10-07,0,Overnight,0.0,False,74.59,74.59,-63.9,False,0.0,False
2015-10-07,2015-10-08,0,Overnight,0.0,False,-51.41,-51.41,189.35,False,0.0,False
2015-10-08,2015-10-09,0,Overnight,0.0,False,0.0,0.0,-71.91,False,0.0,False
2015-10-09,2015-10-12,2,Weekend,48.0,False,-27.63,-27.63,4.26,False,0.0,False
2015-10-12,2015-10-13,0,Overnight,0.0,False,-94.06,-94.06,70.63,False,0.0,False
2015-10-13,2015-10-14,0,Overnight,0.0,False,-51.31,-51.31,6.43,False,0.0,False
2015-10-14,2015-10-15,0,Overnight,0.0,False,70.44,70.44,0.0,False,0.0,False
2015-10-15,2015-10-16,0,Overnight,0.0,False,2.13,2.13,103.67,False,0.0,False
2015-10-16,2015-10-19,2,Weekend,48.0,False,-18.96,-18.96,42.09,False,0.0,False
2015-10-19,2015-10-20,0,Overnight,0.0,False,-37.87,-37.87,69.32,False,0.0,False
2015-10-20,2015-10-21,0,Overnight,0.0,False,31.35,31.35,-151.39,False,0.0,False
2015-10-21,2015-10-22,0,Overnight,0.0,False,69.67,69.67,104.65,False,0.0,False
2015-10-22,2015-10-23,0,Overnight,0.0,False,851.71,851.71,108.4,False,0.0,False
2015-10-23,2015-10-26,2,Weekend,48.0,False,-64.52,-64.52,322.19,False,0.0,False
2015-10-26,2015-10-27,0,Overnight,0.0,False,-48.04,-48.04,-55.72,False,0.0,False
2015-10-27,2015-10-28,0,Overnight,0.0,False,-27.98,-27.98,81.85,False,0.0,False
2015-10-28,2015-10-29,0,Overnight,0.0,False,-81.85,-81.85,-33.68,False,0.0,False
2015-10-29,2015-10-30,0,Overnight,0.0,False,-7.5,-7.5,-128.35,False,0.0,False
2015-10-30,2015-11-02,2,Weekend,49.0,False,39.81,39.81,73.52,False,0.0,False
2015-11-02,2015-11-03,0,Overnight,0.0,False,-58.4,-58.4,227.88,False,0.0,False
2015-11-03,2015-11-04,0,Overnight,0.0,False,5.54,5.54,40.52,False,0.0,False
2015-11-04,2015-11-05,0,Overnight,0.0,False,16.53,16.53,-20.21,False,0.0,False
2015-11-05,2015-11-06,0,Overnight,0.0,False,-53.47,-53.47,152.28,False,0.0,False
2015-11-06,2015-11-09,2,Weekend,48.0,False,-67.6,-67.6,-71.75,False,0.0,False
2015-11-09,2015-11-10,0,Overnight,0.0,False,-16.63,-16.63,-104.11,False,0.0,False
2015-11-10,2015-11-11,0,Overnight,0.0,False,35.45,35.45,-9.32,False,0.0,False
2015-11-11,2015-11-12,0,Overnight,0.0,False,-31.74,-31.74,-29.96,False,0.0,False
2015-11-12,2015-11-13,0,Overnight,0.0,False,-47.0,-47.0,-43.43,False,0.0,False
2015-11-13,2015-11-16,2,Weekend,48.0,False,45.32,45.32,129.15,False,0.0,False
2015-11-16,2015-11-17,0,Overnight,0.0,False,-112.21,-44.73,-37.69,True,66.95,False
2015-11-17,2015-11-18,0,Overnight,0.0,False,5.66,5.66,159.1,False,0.0,False
2015-11-18,2015-11-19,0,Overnight,0.0,False,25.97,25.97,-9.27,False,0.0,False
2015-11-19,2015-11-20,0,Overnight,0.0,False,57.31,57.31,-11.07,False,0.0,False
2015-11-20,2015-11-23,2,Weekend,48.0,False,11.07,11.07,-11.07,False,0.0,False
2015-11-23,2015-11-24,0,Overnight,0.0,False,-49.95,-49.95,61.02,False,0.0,False
2015-11-24,2015-11-25,0,Overnight,0.0,False,-29.54,-29.54,-74.23,False,0.0,False
2015-11-25,2015-11-27,1,Short,24.0,False,20.47,20.47,24.13,False,0.0,False
2015-11-27,2015-11-30,2,Weekend,48.0,True,112.47,112.47,-34.9,False,0.0,False
2015-11-30,2015-12-01,0,Overnight,0.0,False,11.03,11.03,147.77,False,0.0,False
2015-12-01,2015-12-02,0,Overnight,0.0,False,18.09,18.09,-19.9,False,0.0,False
2015-12-02,2015-12-03,0,Overnight,0.0,False,50.59,50.59,-235.22,False,0.0,False
2015-12-03,2015-12-04,0,Overnight,0.0,False,-14.77,-14.77,325.39,False,0.0,False
2015-12-04,2015-12-07,2,Weekend,48.0,False,-21.49,-21.49,3.58,False,0.0,False
2015-12-07,2015-12-08,0,Overnight,0.0,False,-61.11,-61.11,57.52,False,0.0,False
2015-12-08,2015-12-09,0,Overnight,0.0,False,-75.57,-75.57,-70.68,False,0.0,False
2015-12-09,2015-12-10,0,Overnight,0.0,False,74.3,74.3,-21.69,False,0.0,False
2015-12-10,2015-12-11,0,Overnight,0.0,False,-101.84,-101.84,-119.52,False,0.0,False
2015-12-11,2015-12-14,2,Weekend,48.0,False,49.82,49.82,147.99,False,0.0,False
2015-12-14,2015-12-15,0,Overnight,0.0,False,93.86,93.86,-82.99,False,0.0,False
2015-12-15,2015-12-16,0,Overnight,0.0,False,61.41,61.41,105.67,False,0.0,False
2015-12-16,2015-12-17,0,Overnight,0.0,False,40.89,40.89,-117.8,False,0.0,False
2015-12-17,2015-12-18,0,Overnight,0.0,False,12.56,12.56,-298.48,False,0.0,False
2015-12-18,2015-12-21,2,Weekend,48.0,False,137.6,137.6,-9.11,False,0.0,False
2015-12-21,2015-12-22,0,Overnight,0.0,False,29.14,29.14,65.25,False,0.0,False
2015-12-22,2015-12-23,0,Overnight,0.0,False,63.04,63.04,21.52,False,0.0,False
2015-12-23,2015-12-24,0,Overnight,0.0,False,7.16,7.16,-34.07,False,0.0,False
2015-12-24,2015-12-28,3,Long,72.0,True,-57.65,-57.65,107.82,False,0.0,False
2015-12-28,2015-12-29,0,Overnight,0.0,False,60.58,60.58,46.08,False,0.0,False
2015-12-29,2015-12-30,0,Overnight,0.0,False,-14.16,-14.16,-28.37,False,0.0,False
2015-12-30,2015-12-31,0,Overnight,0.0,False,-48.06,-48.06,-100.43,False,0.0,False
2015-12-31,2016-01-04,3,Long,72.0,False,-211.3,-211.3,87.98,False,0.0,False
2016-01-04,2016-01-05,0,Overnight,0.0,False,23.69,23.69,21.82,False,0.0,False
2016-01-05,2016-01-06,0,Overnight,0.0,False,-133.49,-133.49,-49.83,False,0.0,False
2016-01-06,2016-01-07,0,Overnight,0.0,False,-252.94,-252.94,-101.08,False,0.0,False
2016-01-07,2016-01-08,0,Overnight,0.0,False,38.26,38.26,-7.64,False,0.0,False
2016-01-08,2016-01-11,2,Weekend,48.0,False,34.34,34.34,-40.07,False,0.0,False
2016-01-11,2016-01-12,0,Overnight,0.0,False,87.57,87.57,3.79,False,0.0,False
2016-01-12,2016-01-13,0,Overnight,0.0,False,191.41,191.41,-409.77,False,0.0,False
2016-01-13,2016-01-14,0,Overnight,0.0,False,69.47,69.47,211.22,False,0.0,False
2016-01-14,2016-01-15,0,Overnight,0.0,False,-344.8,-344.8,-62.56,False,0.0,False
2016-01-15,2016-01-19,3,Long,72.0,False,95.64,95.64,-180.33,False,0.0,False
2016-01-19,2016-01-20,0,Overnight,0.0,False,-115.38,-115.38,160.77,False,0.0,False
2016-01-20,2016-01-21,0,Overnight,0.0,False,41.26,41.26,-102.48,False,0.0,False
2016-01-21,2016-01-22,0,Overnight,0.0,False,182.55,182.55,169.72,False,0.0,False
2016-01-22,2016-01-25,2,Weekend,48.0,False,-67.16,-67.16,-28.92,False,0.0,False
2016-01-25,2016-01-26,0,Overnight,0.0,False,0.0,0.0,73.1,False,0.0,False
2016-01-26,2016-01-27,0,Overnight,0.0,False,-30.72,-30.72,-153.06,False,0.0,False
2016-01-27,2016-01-28,0,Overnight,0.0,False,124.18,124.18,38.49,False,0.0,False
2016-01-28,2016-01-29,0,Overnight,0.0,False,500.15,500.15,65.56,False,0.0,False
2016-01-29,2016-02-01,2,Weekend,48.0,False,-38.19,-38.19,-31.03,False,0.0,False
2016-02-01,2016-02-02,0,Overnight,0.0,False,-99.19,-99.19,-218.35,False,0.0,False
2016-02-02,2016-02-03,0,Overnight,0.0,False,47.06,47.06,-206.82,False,0.0,False
2016-02-03,2016-02-04,0,Overnight,0.0,False,-11.51,-11.51,-19.21,False,0.0,False
2016-02-04,2016-02-05,0,Overnight,0.0,False,-11.55,-11.55,-348.71,False,0.0,False
2016-02-05,2016-02-08,2,Weekend,48.0,False,-122.36,-122.36,-28.29,False,0.0,False
2016-02-08,2016-02-09,0,Overnight,0.0,False,-79.24,-79.24,52.9,False,0.0,False
2016-02-09,2016-02-10,0,Overnight,0.0,False,123.02,123.02,-36.14,False,0.0,False
2016-02-10,2016-02-11,0,Overnight,0.0,False,-209.38,-209.38,205.35,False,0.0,False
2016-02-11,2016-02-12,0,Overnight,0.0,False,112.07,112.07,49.63,False,0.0,False
2016-02-12,2016-02-16,3,Long,72.0,False,78.9,149.37,37.26,True,71.29,False
2016-02-16,2016-02-17,0,Overnight,0.0,False,77.99,77.99,179.01,False,0.0,False
2016-02-17,2016-02-18,0,Overnight,0.0,False,-17.18,-17.18,-26.79,False,0.0,False
2016-02-18,2016-02-19,0,Overnight,0.0,False,-42.24,-42.24,-28.9,False,0.0,False
2016-02-19,2016-02-22,2,Weekend,48.0,False,88.38,88.38,70.52,False,0.0,False
2016-02-22,2016-02-23,0,Overnight,0.0,False,-59.05,-59.05,-224.12,False,0.0,False
2016-02-23,2016-02-24,0,Overnight,0.0,False,-96.2,-96.2,131.31,False,0.0,False
2016-02-24,2016-02-25,0,Overnight,0.0,False,71.78,71.78,71.27,False,0.0,False
2016-02-25,2016-02-26,0,Overnight,0.0,False,95.51,95.51,-250.25,False,0.0,False
2016-02-26,2016-02-29,2,Weekend,48.0,False,9.74,9.74,-91.95,False,0.0,False
2016-02-29,2016-03-01,0,Overnight,0.0,False,17.67,17.67,310.99,False,0.0,False
2016-03-01,2016-03-02,0,Overnight,0.0,False,-32.38,-32.38,102.51,False,0.0,False
2016-03-02,2016-03-03,0,Overnight,0.0,False,3.78,3.78,-117.74,False,0.0,False
2016-03-03,2016-03-04,0,Overnight,0.0,False,9.55,9.55,-70.86,False,0.0,False
2016-03-04,2016-03-07,2,Weekend,48.0,False,-90.74,-90.74,-103.33,False,0.0,False
2016-03-07,2016-03-08,0,Overnight,0.0,False,-45.17,-45.17,165.94,False,0.0,False
2016-03-08,2016-03-09,0,Overnight,0.0,False,46.36,46.36,181.42,False,0.0,False
2016-03-09,2016-03-10,0,Overnight,0.0,False,17.02,17.02,-167.66,False,0.0,False
2016-03-10,2016-03-11,0,Overnight,0.0,False,180.87,180.87,13.2,False,0.0,False
2016-03-11,2016-03-14,2,Weekend,47.0,False,-68.07,-68.07,86.89,False,0.0,False
2016-03-14,2016-03-15,0,Overnight,0.0,False,-79.31,-79.31,157.99,False,0.0,False
2016-03-15,2016-03-16,0,Overnight,0.0,False,-26.16,-26.16,166.98,False,0.0,False
2016-03-16,2016-03-17,0,Overnight,0.0,False,-25.79,-25.79,82.67,False,0.0,False
2016-03-17,2016-03-18,0,Overnight,0.0,False,47.45,47.45,-263.83,False,0.0,False
2016-03-18,2016-03-21,2,Weekend,48.0,False,-44.97,-44.97,113.9,False,0.0,False
2016-03-21,2016-03-22,0,Overnight,0.0,False,-46.52,-46.52,85.44,False,0.0,False
2016-03-22,2016-03-23,0,Overnight,0.0,False,7.4,7.4,-25.91,False,0.0,False
2016-03-23,2016-03-24,0,Overnight,0.0,False,-24.12,-24.12,68.49,False,0.0,False
2016-03-24,2016-03-28,3,Long,72.0,False,0.0,0.0,-124.36,False,0.0,False
2016-03-28,2016-03-29,0,Overnight,0.0,False,22.39,22.39,193.79,False,0.0,False
2016-03-29,2016-03-30,0,Overnight,0.0,False,40.13,40.13,21.82,False,0.0,False
2016-03-30,2016-03-31,0,Overnight,0.0,False,-18.18,-18.18,50.83,False,0.0,False
2016-03-31,2016-04-01,0,Overnight,0.0,False,-32.64,-32.64,94.02,False,0.0,False
2016-04-01,2016-04-04,2,Weekend,48.0,False,-25.23,-25.23,0.0,False,0.0,False
2016-04-04,2016-04-05,0,Overnight,0.0,False,-43.39,-43.39,-114.81,False,0.0,False
2016-04-05,2016-04-06,0,Overnight,0.0,False,-36.72,-36.72,138.84,False,0.0,False
2016-04-06,2016-04-07,0,Overnight,0.0,False,-45.46,-45.46,-75.0,False,0.0,False
2016-04-07,2016-04-08,0,Overnight,0.0,False,38.49,38.49,-45.83,False,0.0,False
2016-04-08,2016-04-11,2,Weekend,48.0,False,12.86,12.86,-33.09,False,0.0,False
2016-04-11,2016-04-12,0,Overnight,0.0,False,11.04,11.04,51.37,False,0.0,False
2016-04-12,2016-04-13,0,Overnight,0.0,False,85.63,85.63,41.64,False,0.0,False
2016-04-13,2016-04-14,0,Overnight,0.0,False,-23.51,-23.51,25.32,False,0.0,False
2016-04-14,2016-04-15,0,Overnight,0.0,False,-10.84,-10.84,63.09,False,0.0,False
2016-04-15,2016-04-18,2,Weekend,48.0,False,-28.79,-28.79,173.3,False,0.0,False
2016-04-18,2016-04-19,0,Overnight,0.0,False,30.06,30.06,-42.47,False,0.0,False
2016-04-19,2016-04-20,0,Overnight,0.0,False,-17.75,-17.75,-125.14,False,0.0,False
2016-04-20,2016-04-21,0,Overnight,0.0,False,37.71,37.71,-3.58,False,0.0,False
2016-04-21,2016-04-22,0,Overnight,0.0,False,-719.04,-719.04,-25.07,False,0.0,False
2016-04-22,2016-04-25,2,Weekend,48.0,False,0.0,0.0,63.53,False,0.0,False
2016-04-25,2016-04-26,0,Overnight,0.0,False,28.74,28.74,-158.15,False,0.0,False
2016-04-26,2016-04-27,0,Overnight,0.0,False,7.77,7.77,-105.45,False,0.0,False
2016-04-27,2016-04-28,0,Overnight,0.0,False,-63.02,-63.02,-143.26,False,0.0,False
2016-04-28,2016-04-29,0,Overnight,0.0,False,-110.83,-110.83,104.82,False,0.0,False
2016-04-29,2016-05-02,2,Weekend,48.0,False,26.03,26.03,121.26,False,0.0,False
2016-05-02,2016-05-03,0,Overnight,0.0,False,-53.49,-53.49,-111.87,False,0.0,False
2016-05-03,2016-05-04,0,Overnight,0.0,False,12.05,12.05,6.02,False,0.0,False
2016-05-04,2016-05-05,0,Overnight,0.0,False,0.0,0.0,14.03,False,0.0,False
2016-05-05,2016-05-06,0,Overnight,0.0,False,-4.01,-4.01,93.71,False,0.0,False
2016-05-06,2016-05-09,2,Weekend,48.0,False,19.83,19.83,-83.53,False,0.0,False
2016-05-09,2016-05-10,0,Overnight,0.0,False,51.79,51.79,136.16,False,0.0,False
2016-05-10,2016-05-11,0,Overnight,0.0,False,21.54,21.54,-15.66,False,0.0,False
2016-05-11,2016-05-12,0,Overnight,0.0,False,29.34,29.34,60.36,False,0.0,False
2016-05-12,2016-05-13,0,Overnight,0.0,False,-13.6,-13.6,-70.23,False,0.0,False
2016-05-13,2016-05-16,2,Weekend,48.0,False,-54.97,-54.97,200.73,False,0.0,False
2016-05-16,2016-05-17,0,Overnight,0.0,False,-21.25,48.12,-236.73,True,69.46,False
2016-05-17,2016-05-18,0,Overnight,0.0,False,-5.94,-5.94,65.16,False,0.0,False
2016-05-18,2016-05-19,0,Overnight,0.0,False,-67.14,-67.14,-29.77,False,0.0,False
2016-05-19,2016-05-20,0,Overnight,0.0,False,31.75,31.75,27.7,False,0.0,False
2016-05-20,2016-05-23,2,Weekend,48.0,False,-3.95,-3.95,-113.29,False,0.0,False
2016-05-23,2016-05-24,0,Overnight,0.0,False,133.03,133.03,174.02,False,0.0,False
2016-05-24,2016-05-25,0,Overnight,0.0,False,63.76,63.76,38.45,False,0.0,False
2016-05-25,2016-05-26,0,Overnight,0.0,False,-36.52,-36.52,-7.71,False,0.0,False
2016-05-26,2016-05-27,0,Overnight,0.0,False,5.78,5.78,76.75,False,0.0,False
2016-05-27,2016-05-31,3,Long,72.0,False,-11.47,-11.47,140.61,False,0.0,False
2016-05-31,2016-06-01,0,Overnight,0.0,False,-106.22,-106.22,77.88,False,0.0,False
2016-06-01,2016-06-02,0,Overnight,0.0,False,-39.81,-39.81,-30.44,False,0.0,False
2016-06-02,2016-06-03,0,Overnight,0.0,False,-19.07,-19.07,-113.28,False,0.0,False
2016-06-03,2016-06-06,2,Weekend,48.0,False,38.54,38.54,26.89,False,0.0,False
2016-06-06,2016-06-07,0,Overnight,0.0,False,21.08,21.08,-26.84,False,0.0,False
2016-06-07,2016-06-08,0,Overnight,0.0,False,-15.37,-15.37,3.84,False,0.0,False
2016-06-08,2016-06-09,0,Overnight,0.0,False,-7.69,-7.69,-73.35,False,0.0,False
2016-06-09,2016-06-10,0,Overnight,0.0,False,-111.04,-111.04,83.88,False,0.0,False
2016-06-10,2016-06-13,2,Weekend,48.0,False,-376.06,-376.06,112.32,False,0.0,False
2016-06-13,2016-06-14,0,Overnight,0.0,False,-47.98,-47.98,-14.04,False,0.0,False
2016-06-14,2016-06-15,0,Overnight,0.0,False,-10.04,-10.04,-18.1,False,0.0,False
2016-06-15,2016-06-16,0,Overnight,0.0,False,-34.27,-34.27,174.16,False,0.0,False
2016-06-16,2016-06-17,0,Overnight,0.0,False,3.97,3.97,-55.7,False,0.0,False
2016-06-17,2016-06-20,2,Weekend,48.0,False,101.22,101.22,-113.2,False,0.0,False
2016-06-20,2016-06-21,0,Overnight,0.0,False,25.93,25.93,195.29,False,0.0,False
2016-06-21,2016-06-22,0,Overnight,0.0,False,-21.51,-21.51,-17.63,False,0.0,False
2016-06-22,2016-06-23,0,Overnight,0.0,False,56.71,56.71,122.11,False,0.0,False
2016-06-23,2016-06-24,0,Overnight,0.0,False,-412.96,-412.96,4.01,False,0.0,False
2016-06-24,2016-06-27,2,Weekend,48.0,False,-147.58,-147.58,-137.4,False,0.0,False
2016-06-27,2016-06-28,0,Overnight,0.0,False,100.67,100.67,105.74,False,0.0,False
2016-06-28,2016-06-29,0,Overnight,0.0,False,94.62,94.62,125.44,False,0.0,False
2016-06-29,2016-06-30,0,Overnight,0.0,False,35.55,35.55,88.33,False,0.0,False
2016-06-30,2016-07-01,0,Overnight,0.0,False,-7.82,-7.82,5.87,False,0.0,False
2016-07-01,2016-07-05,3,Long,72.0,False,-64.71,-64.71,66.67,False,0.0,False
2016-07-05,2016-07-06,0,Overnight,0.0,False,-76.51,-76.51,117.46,False,0.0,False
2016-07-06,2016-07-07,0,Overnight,0.0,False,7.78,7.78,-7.78,False,0.0,False
2016-07-07,2016-07-08,0,Overnight,0.0,False,67.89,67.89,109.58,False,0.0,False
2016-07-08,2016-07-11,2,Weekend,48.0,False,38.17,38.17,17.13,False,0.0,False
2016-07-11,2016-07-12,0,Overnight,0.0,False,66.33,66.33,50.87,False,0.0,False
2016-07-12,2016-07-13,0,Overnight,0.0,False,65.56,65.56,-9.34,False,0.0,False
2016-07-13,2016-07-14,0,Overnight,0.0,False,61.48,61.48,-18.59,False,0.0,False
2016-07-14,2016-07-15,0,Overnight,0.0,False,39.0,39.0,-46.45,False,0.0,False
2016-07-15,2016-07-18,2,Weekend,48.0,False,0.0,0.0,48.3,False,0.0,False
2016-07-18,2016-07-19,0,Overnight,0.0,False,-46.44,-46.44,-116.11,False,0.0,False
2016-07-19,2016-07-20,0,Overnight,0.0,False,560.38,560.38,-42.83,False,0.0,False
2016-07-20,2016-07-21,0,Overnight,0.0,False,12.51,12.51,-32.21,False,0.0,False
2016-07-21,2016-07-22,0,Overnight,0.0,False,50.05,50.05,87.0,False,0.0,False
2016-07-22,2016-07-25,2,Weekend,48.0,False,-17.69,-17.69,45.94,False,0.0,False
2016-07-25,2016-07-26,0,Overnight,0.0,False,-37.09,-37.09,42.37,False,0.0,False
2016-07-26,2016-07-27,0,Overnight,0.0,False,-26.46,-26.46,-74.47,False,0.0,False
2016-07-27,2016-07-28,0,Overnight,0.0,False,-33.87,-33.87,37.43,False,0.0,False
2016-07-28,2016-07-29,0,Overnight,0.0,False,8.89,8.89,74.38,False,0.0,False
2016-07-29,2016-08-01,2,Weekend,48.0,False,-14.12,-14.12,-3.53,False,0.0,False
2016-08-01,2016-08-02,0,Overnight,0.0,False,47.61,47.61,-47.61,False,0.0,False
2016-08-02,2016-08-03,0,Overnight,0.0,False,17.66,17.66,51.03,False,0.0,False
2016-08-03,2016-08-04,0,Overnight,0.0,False,-29.89,-29.89,103.34,False,0.0,False
2016-08-04,2016-08-05,0,Overnight,0.0,False,45.2,45.2,53.63,False,0.0,False
2016-08-05,2016-08-08,2,Weekend,48.0,False,17.24,17.24,0.0,False,0.0,False
2016-08-08,2016-08-09,0,Overnight,0.0,False,18.93,18.93,5.16,False,0.0,False
2016-08-09,2016-08-10,0,Overnight,0.0,False,-6.88,-6.88,-24.1,False,0.0,False
2016-08-10,2016-08-11,0,Overnight,0.0,False,1.72,1.72,46.42,False,0.0,False
2016-08-11,2016-08-12,0,Overnight,0.0,False,-46.42,-46.42,-15.52,False,0.0,False
2016-08-12,2016-08-15,2,Weekend,48.0,False,12.07,12.07,18.94,False,0.0,False
2016-08-15,2016-08-16,0,Overnight,0.0,False,-88.14,-25.84,-29.55,True,61.94,False
2016-08-16,2016-08-17,0,Overnight,0.0,False,17.39,17.39,3.48,False,0.0,False
2016-08-17,2016-08-18,0,Overnight,0.0,False,-24.35,-24.35,31.3,False,0.0,False
2016-08-18,2016-08-19,0,Overnight,0.0,False,-29.56,-29.56,33.03,False,0.0,False
2016-08-19,2016-08-22,2,Weekend,48.0,False,-3.47,-3.47,12.15,False,0.0,False
2016-08-22,2016-08-23,0,Overnight,0.0,False,39.8,39.8,-1.73,False,0.0,False
2016-08-23,2016-08-24,0,Overnight,0.0,False,-15.56,-15.56,25.92,False,0.0,False
2016-08-24,2016-08-25,0,Overnight,0.0,False,-12.09,-12.09,49.98,False,0.0,False
2016-08-25,2016-08-26,0,Overnight,0.0,False,18.89,18.89,-42.99,False,0.0,False
2016-08-26,2016-08-29,2,Weekend,48.0,False,25.82,25.82,-13.76,False,0.0,False
2016-08-29,2016-08-30,0,Overnight,0.0,False,-20.68,-20.68,-15.53,False,0.0,False
2016-08-30,2016-08-31,0,Overnight,0.0,False,-41.54,-41.54,-33.01,False,0.0,False
2016-08-31,2016-09-01,0,Overnight,0.0,False,-78.62,-78.62,101.22,False,0.0,False
2016-09-01,2016-09-02,0,Overnight,0.0,False,13.88,13.88,0.0,False,0.0,False
2016-09-02,2016-09-06,3,Long,72.0,False,19.06,19.06,-29.46,False,0.0,False
2016-09-06,2016-09-07,0,Overnight,0.0,False,-24.33,-24.33,33.01,False,0.0,False
2016-09-07,2016-09-08,0,Overnight,0.0,False,-5.2,-5.2,-34.76,False,0.0,False
2016-09-08,2016-09-09,0,Overnight,0.0,False,-112.07,-112.07,-102.66,False,0.0,False
2016-09-09,2016-09-12,2,Weekend,48.0,False,-37.43,-37.43,185.76,False,0.0,False
2016-09-12,2016-09-13,0,Overnight,0.0,False,-96.87,-96.87,5.31,False,0.0,False
2016-09-13,2016-09-14,0,Overnight,0.0,False,-24.8,-24.8,-23.08,False,0.0,False
2016-09-14,2016-09-15,0,Overnight,0.0,False,-19.57,-19.57,183.52,False,0.0,False
2016-09-15,2016-09-16,0,Overnight,0.0,False,76.64,76.64,-66.16,False,0.0,False
2016-09-16,2016-09-19,2,Weekend,48.0,False,3.49,3.49,-59.54,False,0.0,False
2016-09-19,2016-09-20,0,Overnight,0.0,False,73.5,73.5,-94.6,False,0.0,False
2016-09-20,2016-09-21,0,Overnight,0.0,False,122.46,122.46,43.38,False,0.0,False
2016-09-21,2016-09-22,0,Overnight,0.0,False,27.66,27.66,-17.28,False,0.0,False
2016-09-22,2016-09-23,0,Overnight,0.0,False,8.64,8.64,-76.32,False,0.0,False
2016-09-23,2016-09-26,2,Weekend,48.0,False,-61.13,-61.13,-31.58,False,0.0,False
2016-09-26,2016-09-27,0,Overnight,0.0,False,5.27,5.27,177.58,False,0.0,False
2016-09-27,2016-09-28,0,Overnight,0.0,False,-12.09,-12.09,25.88,False,0.0,False
2016-09-28,2016-09-29,0,Overnight,0.0,False,-37.98,-37.98,-71.17,False,0.0,False
2016-09-29,2016-09-30,0,Overnight,0.0,False,29.57,29.57,5.21,False,0.0,False
2016-09-30,2016-10-03,2,Weekend,48.0,False,-33.04,-33.04,1.74,False,0.0,False
2016-10-03,2016-10-04,0,Overnight,0.0,False,-26.16,-26.16,-5.24,False,0.0,False
2016-10-04,2016-10-05,0,Overnight,0.0,False,8.73,8.73,60.91,False,0.0,False
2016-10-05,2016-10-06,0,Overnight,0.0,False,17.33,17.33,0.0,False,0.0,False
2016-10-06,2016-10-07,0,Overnight,0.0,False,19.03,19.03,-8.65,False,0.0,False
2016-10-07,2016-10-10,2,Weekend,48.0,False,19.01,19.01,22.42,False,0.0,False
2016-10-10,2016-10-11,0,Overnight,0.0,False,-25.88,-25.88,-121.66,False,0.0,False
2016-10-11,2016-10-12,0,Overnight,0.0,False,-14.0,-14.0,0.0,False,0.0,False
2016-10-12,2016-10-13,0,Overnight,0.0,False,-72.05,-72.05,38.73,False,0.0,False
2016-10-13,2016-10-14,0,Overnight,0.0,False,35.08,35.08,52.38,False,0.0,False
2016-10-14,2016-10-17,2,Weekend,48.0,False,-10.45,-10.45,-24.44,False,0.0,False
2016-10-17,2016-10-18,0,Overnight,0.0,False,54.03,54.03,22.57,False,0.0,False
2016-10-18,2016-10-19,0,Overnight,0.0,False,-33.01,-33.01,10.43,False,0.0,False
2016-10-19,2016-10-20,0,Overnight,0.0,False,-5.22,-5.22,-43.57,False,0.0,False
2016-10-20,2016-10-21,0,Overnight,0.0,False,515.73,515.73,-103.39,False,0.0,False
2016-10-21,2016-10-24,2,Weekend,48.0,False,46.82,46.82,175.3,False,0.0,False
2016-10-24,2016-10-25,0,Overnight,0.0,False,-24.62,-24.62,22.98,False,0.0,False
2016-10-25,2016-10-26,0,Overnight,0.0,False,-29.56,-29.56,-29.64,False,0.0,False
2016-10-26,2016-10-27,0,Overnight,0.0,False,-3.3,-3.3,-84.5,False,0.0,False
2016-10-27,2016-10-28,0,Overnight,0.0,False,-14.99,-14.99,-23.36,False,0.0,False
2016-10-28,2016-10-31,2,Weekend,48.0,False,48.32,48.32,-39.97,False,0.0,False
2016-10-31,2016-11-01,0,Overnight,0.0,False,8.34,8.34,-28.39,False,0.0,False
2016-11-01,2016-11-02,0,Overnight,0.0,False,3.34,3.34,-65.41,False,0.0,False
2016-11-02,2016-11-03,0,Overnight,0.0,False,16.81,16.81,-53.9,False,0.0,False
2016-11-03,2016-11-04,0,Overnight,0.0,False,-95.03,-95.03,10.22,False,0.0,False
2016-11-04,2016-11-07,2,Weekend,49.0,False,180.61,180.61,106.49,False,0.0,False
2016-11-07,2016-11-08,0,Overnight,0.0,False,21.49,21.49,-13.22,False,0.0,False
2016-11-08,2016-11-09,0,Overnight,0.0,False,-78.03,-78.03,28.29,False,0.0,False
2016-11-09,2016-11-10,0,Overnight,0.0,False,51.39,51.39,-298.73,False,0.0,False
2016-11-10,2016-11-11,0,Overnight,0.0,False,-80.39,-80.39,134.76,False,0.0,False
2016-11-11,2016-11-14,2,Weekend,48.0,False,0.0,0.0,-153.67,False,0.0,False
2016-11-14,2016-11-15,0,Overnight,0.0,False,36.07,102.71,92.15,True,67.1,False
2016-11-15,2016-11-16,0,Overnight,0.0,False,11.88,11.88,119.74,False,0.0,False
2016-11-16,2016-11-17,0,Overnight,0.0,False,126.6,126.6,38.0,False,0.0,False
2016-11-17,2016-11-18,0,Overnight,0.0,False,23.06,23.06,-71.0,False,0.0,False
2016-11-18,2016-11-21,2,Weekend,48.0,False,24.82,24.82,59.33,False,0.0,False
2016-11-21,2016-11-22,0,Overnight,0.0,False,19.7,19.7,22.93,False,0.0,False
2016-11-22,2016-11-23,0,Overnight,0.0,False,-18.01,-18.01,-100.49,False,0.0,False
2016-11-23,2016-11-25,1,Short,24.0,False,-16.57,-16.57,38.07,False,0.0,False
2016-11-25,2016-11-28,2,Weekend,48.0,True,-31.44,-31.44,44.65,False,0.0,False
2016-11-28,2016-11-29,0,Overnight,0.0,False,6.6,6.6,72.29,False,0.0,False
2016-11-29,2016-11-30,0,Overnight,0.0,False,-37.72,-37.72,-99.08,False,0.0,False
2016-11-30,2016-12-01,0,Overnight,0.0,False,-24.92,-24.92,-152.55,False,0.0,False
2016-12-01,2016-12-02,0,Overnight,0.0,False,-20.29,-20.29,28.73,False,0.0,False
2016-12-02,2016-12-05,2,Weekend,48.0,False,75.66,75.66,86.73,False,0.0,False
2016-12-05,2016-12-06,0,Overnight,0.0,False,34.81,34.81,-79.75,False,0.0,False
2016-12-06,2016-12-07,0,Overnight,0.0,False,10.0,10.0,224.1,False,0.0,False
2016-12-07,2016-12-08,0,Overnight,0.0,False,-11.41,-11.41,-47.42,False,0.0,False
2016-12-08,2016-12-09,0,Overnight,0.0,False,27.83,27.83,128.3,False,0.0,False
2016-12-09,2016-12-12,2,Weekend,48.0,False,-24.23,-24.23,56.46,False,0.0,False
2016-12-12,2016-12-13,0,Overnight,0.0,False,52.94,52.94,76.51,False,0.0,False
2016-12-13,2016-12-14,0,Overnight,0.0,False,3.18,3.18,-50.92,False,0.0,False
2016-12-14,2016-12-15,0,Overnight,0.0,False,3.19,3.19,-19.16,False,0.0,False
2016-12-15,2016-12-16,0,Overnight,0.0,False,58.95,58.95,-103.79,False,0.0,False
2016-12-16,2016-12-19,2,Weekend,48.0,False,41.65,41.65,168.02,False,0.0,False
2016-12-19,2016-12-20,0,Overnight,0.0,False,11.0,11.0,-23.58,False,0.0,False
2016-12-20,2016-12-21,0,Overnight,0.0,False,-17.33,-17.33,17.33,False,0.0,False
2016-12-21,2016-12-22,0,Overnight,0.0,False,47.1,47.1,-45.53,False,0.0,False
2016-12-22,2016-12-23,0,Overnight,0.0,False,-15.75,-15.75,-33.15,False,0.0,False
2016-12-23,2016-12-27,3,Long,72.0,False,-4.75,-4.75,11.07,False,0.0,False
2016-12-27,2016-12-28,0,Overnight,0.0,False,18.95,18.95,-64.88,False,0.0,False
2016-12-28,2016-12-29,0,Overnight,0.0,False,-20.66,-20.66,6.36,False,0.0,False
2016-12-29,2016-12-30,0,Overnight,0.0,False,9.53,9.53,-131.1,False,0.0,False
2016-12-30,2017-01-03,3,Long,72.0,False,104.06,104.06,-33.5,False,0.0,False
2017-01-03,2017-01-04,0,Overnight,0.0,False,-15.99,-15.99,-28.85,False,0.0,False
2017-01-04,2017-01-05,0,Overnight,0.0,False,-17.67,-17.67,17.67,False,0.0,False
2017-01-05,2017-01-06,0,Overnight,0.0,False,0.0,0.0,86.3,False,0.0,False
2017-01-06,2017-01-09,2,Weekend,48.0,False,-12.74,-12.74,-19.14,False,0.0,False
2017-01-09,2017-01-10,0,Overnight,0.0,False,14.36,14.36,-17.55,False,0.0,False
2017-01-10,2017-01-11,0,Overnight,0.0,False,-1.6,-1.6,92.21,False,0.0,False
2017-01-11,2017-01-12,0,Overnight,0.0,False,-20.59,-20.59,-71.62,False,0.0,False
2017-01-12,2017-01-13,0,Overnight,0.0,False,1.6,1.6,12.77,False,0.0,False
2017-01-13,2017-01-17,3,Long,72.0,False,-3.19,-3.19,-23.96,False,0.0,False
2017-01-17,2017-01-18,0,Overnight,0.0,False,22.36,22.36,-27.16,False,0.0,False
2017-01-18,2017-01-19,0,Overnight,0.0,False,-41.69,-41.69,9.63,False,0.0,False
2017-01-19,2017-01-20,0,Overnight,0.0,False,59.21,59.21,11.16,False,0.0,False
2017-01-20,2017-01-23,2,Weekend,48.0,False,-6.38,-6.38,41.38,False,0.0,False
2017-01-23,2017-01-24,0,Overnight,0.0,False,38.05,38.05,50.5,False,0.0,False
2017-01-24,2017-01-25,0,Overnight,0.0,False,67.47,67.47,-42.31,False,0.0,False
2017-01-25,2017-01-26,0,Overnight,0.0,False,68.86,68.86,23.37,False,0.0,False
2017-01-26,2017-01-27,0,Overnight,0.0,False,172.76,172.76,59.46,False,0.0,False
2017-01-27,2017-01-30,2,Weekend,48.0,False,-13.69,-13.69,-85.62,False,0.0,False
2017-01-30,2017-01-31,0,Overnight,0.0,False,-41.54,-41.54,-32.43,False,0.0,False
2017-01-31,2017-02-01,0,Overnight,0.0,False,-44.96,-44.96,-121.93,False,0.0,False
2017-02-01,2017-02-02,0,Overnight,0.0,False,-52.04,-52.04,-12.66,False,0.0,False
2017-02-02,2017-02-03,0,Overnight,0.0,False,52.1,52.1,28.31,False,0.0,False
2017-02-03,2017-02-06,2,Weekend,48.0,False,-28.31,-28.31,22.02,False,0.0,False
2017-02-06,2017-02-07,0,Overnight,0.0,False,15.7,15.7,-48.75,False,0.0,False
2017-02-07,2017-02-08,0,Overnight,0.0,False,22.05,22.05,-36.25,False,0.0,False
2017-02-08,2017-02-09,0,Overnight,0.0,False,28.38,28.38,84.65,False,0.0,False
2017-02-09,2017-02-10,0,Overnight,0.0,False,29.62,29.62,-38.99,False,0.0,False
2017-02-10,2017-02-13,2,Weekend,48.0,False,37.43,37.43,74.44,False,0.0,False
2017-02-13,2017-02-14,0,Overnight,0.0,False,-48.01,12.35,24.81,True,60.26,False
2017-02-14,2017-02-15,0,Overnight,0.0,False,-10.85,-10.85,4.65,False,0.0,False
2017-02-15,2017-02-16,0,Overnight,0.0,False,32.49,32.49,-34.04,False,0.0,False
2017-02-16,2017-02-17,0,Overnight,0.0,False,-7.75,-7.75,23.24,False,0.0,False
2017-02-17,2017-02-21,3,Long,72.0,False,-1.55,-1.55,-18.59,False,0.0,False
2017-02-21,2017-02-22,0,Overnight,0.0,False,-24.84,-24.84,4.66,False,0.0,False
2017-02-22,2017-02-23,0,Overnight,0.0,False,9.32,9.32,31.0,False,0.0,False
2017-02-23,2017-02-24,0,Overnight,0.0,False,-13.94,-13.94,13.94,False,0.0,False
2017-02-24,2017-02-27,2,Weekend,48.0,False,-12.39,-12.39,-48.15,False,0.0,False
2017-02-27,2017-02-28,0,Overnight,0.0,False,-23.38,-23.38,-15.62,False,0.0,False
2017-02-28,2017-03-01,0,Overnight,0.0,False,23.42,23.42,125.52,False,0.0,False
2017-03-01,2017-03-02,0,Overnight,0.0,False,-38.57,-38.57,-105.67,False,0.0,False
2017-03-02,2017-03-03,0,Overnight,0.0,False,-3.12,-3.12,40.55,False,0.0,False
2017-03-03,2017-03-06,2,Weekend,48.0,False,-43.67,-43.67,46.79,False,0.0,False
2017-03-06,2017-03-07,0,Overnight,0.0,False,-12.45,-12.45,32.66,False,0.0,False
2017-03-07,2017-03-08,0,Overnight,0.0,False,-21.76,-21.76,112.96,False,0.0,False
2017-03-08,2017-03-09,0,Overnight,0.0,False,30.73,30.73,-70.81,False,0.0,False
2017-03-09,2017-03-10,0,Overnight,0.0,False,58.53,58.53,-27.68,False,0.0,False
2017-03-10,2017-03-13,2,Weekend,47.0,False,12.31,12.31,-46.25,False,0.0,False
2017-03-13,2017-03-14,0,Overnight,0.0,False,-27.86,-27.86,-18.61,False,0.0,False
2017-03-14,2017-03-15,0,Overnight,0.0,False,21.71,21.71,30.94,False,0.0,False
2017-03-15,2017-03-16,0,Overnight,0.0,False,0.0,0.0,-17.0,False,0.0,False
2017-03-16,2017-03-17,0,Overnight,0.0,False,41.68,41.68,-6.16,False,0.0,False
2017-03-17,2017-03-20,2,Weekend,48.0,False,6.16,6.16,3.08,False,0.0,False
2017-03-20,2017-03-21,0,Overnight,0.0,False,39.96,39.96,-151.47,False,0.0,False
2017-03-21,2017-03-22,0,Overnight,0.0,False,-14.03,-14.03,140.92,False,0.0,False
2017-03-22,2017-03-23,0,Overnight,0.0,False,-13.85,-13.85,-10.78,False,0.0,False
2017-03-23,2017-03-24,0,Overnight,0.0,False,75.25,75.25,-58.31,False,0.0,False
2017-03-24,2017-03-27,2,Weekend,48.0,False,-54.01,-54.01,72.46,False,0.0,False
2017-03-27,2017-03-28,0,Overnight,0.0,False,-21.53,-21.53,50.67,False,0.0,False
2017-03-28,2017-03-29,0,Overnight,0.0,False,-26.07,-26.07,53.6,False,0.0,False
2017-03-29,2017-03-30,0,Overnight,0.0,False,-7.64,-7.64,44.23,False,0.0,False
2017-03-30,2017-03-31,0,Overnight,0.0,False,-9.13,-9.13,31.94,False,0.0,False
2017-03-31,2017-04-03,2,Weekend,48.0,False,-7.6,-7.6,-39.59,False,0.0,False
2017-04-03,2017-04-04,0,Overnight,0.0,False,-24.44,-24.44,51.86,False,0.0,False
2017-04-04,2017-04-05,0,Overnight,0.0,False,86.34,86.34,-112.24,False,0.0,False
2017-04-05,2017-04-06,0,Overnight,0.0,False,6.1,6.1,19.8,False,0.0,False
2017-04-06,2017-04-07,0,Overnight,0.0,False,18.24,18.24,-25.85,False,0.0,False
2017-04-07,2017-04-10,2,Weekend,48.0,False,-10.66,-10.66,-12.2,False,0.0,False
2017-04-10,2017-04-11,0,Overnight,0.0,False,10.68,10.68,-18.31,False,0.0,False
2017-04-11,2017-04-12,0,Overnight,0.0,False,-9.17,-9.17,-29.08,False,0.0,False
2017-04-12,2017-04-13,0,Overnight,0.0,False,9.19,9.19,-52.21,False,0.0,False
2017-04-13,2017-04-17,3,Long,72.0,False,13.85,13.85,67.42,False,0.0,False
2017-04-17,2017-04-18,0,Overnight,0.0,False,-22.93,-22.93,9.18,False,0.0,False
2017-04-18,2017-04-19,0,Overnight,0.0,False,39.68,39.68,-93.35,False,0.0,False
2017-04-19,2017-04-20,0,Overnight,0.0,False,64.37,64.37,6.11,False,0.0,False
2017-04-20,2017-04-21,0,Overnight,0.0,False,25.92,25.92,110.55,False,0.0,False
2017-04-21,2017-04-24,2,Weekend,48.0,False,161.34,161.34,7.41,False,0.0,False
2017-04-24,2017-04-25,0,Overnight,0.0,False,54.64,54.64,2.94,False,0.0,False
2017-04-25,2017-04-26,0,Overnight,0.0,False,23.53,23.53,-36.79,False,0.0,False
2017-04-26,2017-04-27,0,Overnight,0.0,False,47.07,47.07,17.59,False,0.0,False
2017-04-27,2017-04-28,0,Overnight,0.0,False,93.31,93.31,-65.52,False,0.0,False
2017-04-28,2017-05-01,2,Weekend,48.0,False,32.08,32.08,105.73,False,0.0,False
2017-05-01,2017-05-02,0,Overnight,0.0,False,43.13,43.13,-58.99,False,0.0,False
2017-05-02,2017-05-03,0,Overnight,0.0,False,11.54,11.54,-43.33,False,0.0,False
2017-05-03,2017-05-04,0,Overnight,0.0,False,-7.24,-7.24,-31.92,False,0.0,False
2017-05-04,2017-05-05,0,Overnight,0.0,False,13.07,13.07,14.5,False,0.0,False
2017-05-05,2017-05-08,2,Weekend,48.0,False,-4.35,-4.35,-4.35,False,0.0,False
2017-05-08,2017-05-09,0,Overnight,0.0,False,-11.61,-11.61,26.11,False,0.0,False
2017-05-09,2017-05-10,0,Overnight,0.0,False,-7.25,-7.25,46.28,False,0.0,False
2017-05-10,2017-05-11,0,Overnight,0.0,False,-138.01,-138.01,14.62,False,0.0,False
2017-05-11,2017-05-12,0,Overnight,0.0,False,21.89,21.89,-33.58,False,0.0,False
2017-05-12,2017-05-15,2,Weekend,48.0,False,-35.16,-35.16,42.47,False,0.0,False
2017-05-15,2017-05-16,0,Overnight,0.0,False,-29.27,27.73,171.47,True,56.99,False
2017-05-16,2017-05-17,0,Overnight,0.0,False,-75.2,-75.2,-206.8,False,0.0,False
2017-05-17,2017-05-18,0,Overnight,0.0,False,-11.86,-11.86,45.89,False,0.0,False
2017-05-18,2017-05-19,0,Overnight,0.0,False,-31.06,-31.06,28.11,False,0.0,False
2017-05-19,2017-05-22,2,Weekend,48.0,False,29.5,29.5,82.15,False,0.0,False
2017-05-22,2017-05-23,0,Overnight,0.0,False,39.37,39.37,-5.82,False,0.0,False
2017-05-23,2017-05-24,0,Overnight,0.0,False,27.63,27.63,-14.53,False,0.0,False
2017-05-24,2017-05-25,0,Overnight,0.0,False,29.04,29.04,93.8,False,0.0,False
2017-05-25,2017-05-26,0,Overnight,0.0,False,25.82,25.82,22.9,False,0.0,False
2017-05-26,2017-05-30,3,Long,72.0,False,-24.33,-24.33,88.45,False,0.0,False
2017-05-30,2017-05-31,0,Overnight,0.0,False,17.03,17.03,-98.31,False,0.0,False
2017-05-31,2017-06-01,0,Overnight,0.0,False,57.11,57.11,-19.95,False,0.0,False
2017-06-01,2017-06-02,0,Overnight,0.0,False,48.39,48.39,185.66,False,0.0,False
2017-06-02,2017-06-05,2,Weekend,48.0,False,29.22,29.22,42.98,False,0.0,False
2017-06-05,2017-06-06,0,Overnight,0.0,False,2.77,2.77,30.38,False,0.0,False
2017-06-06,2017-06-07,0,Overnight,0.0,False,16.53,16.53,-34.48,False,0.0,False
2017-06-07,2017-06-08,0,Overnight,0.0,False,16.56,16.56,-77.53,False,0.0,False
2017-06-08,2017-06-09,0,Overnight,0.0,False,12.5,12.5,-241.65,False,0.0,False
2017-06-09,2017-06-12,2,Weekend,48.0,False,-153.33,-153.33,76.24,False,0.0,False
2017-06-12,2017-06-13,0,Overnight,0.0,False,34.33,34.33,89.57,False,0.0,False
2017-06-13,2017-06-14,0,Overnight,0.0,False,36.73,36.73,-90.67,False,0.0,False
2017-06-14,2017-06-15,0,Overnight,0.0,False,-143.33,-143.33,90.54,False,0.0,False
2017-06-15,2017-06-16,0,Overnight,0.0,False,-24.35,-24.35,38.65,False,0.0,False
2017-06-16,2017-06-19,2,Weekend,48.0,False,71.17,71.17,52.35,False,0.0,False
2017-06-19,2017-06-20,0,Overnight,0.0,False,-7.06,-7.06,-129.33,False,0.0,False
2017-06-20,2017-06-21,0,Overnight,0.0,False,42.82,42.82,8.54,False,0.0,False
2017-06-21,2017-06-22,0,Overnight,0.0,False,38.35,38.35,-39.77,False,0.0,False
2017-06-22,2017-06-23,0,Overnight,0.0,False,-24.23,-24.23,158.53,False,0.0,False
2017-06-23,2017-06-26,2,Weekend,48.0,False,26.65,26.65,-122.6,False,0.0,False
2017-06-26,2017-06-27,0,Overnight,0.0,False,-59.73,-59.73,-129.2,False,0.0,False
2017-06-27,2017-06-28,0,Overnight,0.0,False,0.0,0.0,84.89,False,0.0,False
2017-06-28,2017-06-29,0,Overnight,0.0,False,-60.35,-60.35,-129.11,False,0.0,False
2017-06-29,2017-06-30,0,Overnight,0.0,False,42.25,42.25,21.79,False,0.0,False
2017-06-30,2017-07-03,2,Weekend,48.0,False,57.86,57.86,-168.73,False,0.0,False
2017-07-03,2017-07-05,1,Short,24.0,True,13.19,13.19,119.41,False,0.0,False
2017-07-05,2017-07-06,0,Overnight,0.0,False,-117.95,-117.95,43.85,False,0.0,False
2017-07-06,2017-07-07,0,Overnight,0.0,False,18.94,18.94,110.02,False,0.0,False
2017-07-07,2017-07-10,2,Weekend,48.0,False,0.0,0.0,74.58,False,0.0,False
2017-07-10,2017-07-11,0,Overnight,0.0,False,2.86,2.86,-1.43,False,0.0,False
2017-07-11,2017-07-12,0,Overnight,0.0,False,99.52,99.52,64.86,False,0.0,False
2017-07-12,2017-07-13,0,Overnight,0.0,False,49.07,49.07,37.69,False,0.0,False
2017-07-13,2017-07-14,0,Overnight,0.0,False,65.27,65.27,74.47,False,0.0,False
2017-07-14,2017-07-17,2,Weekend,48.0,False,2.75,2.75,75.26,False,0.0,False
2017-07-17,2017-07-18,0,Overnight,0.0,False,-35.51,-35.51,28.69,False,0.0,False
2017-07-18,2017-07-19,0,Overnight,0.0,False,27.25,27.25,48.86,False,0.0,False
2017-07-19,2017-07-20,0,Overnight,0.0,False,43.23,43.23,5.39,False,0.0,False
2017-07-20,2017-07-21,0,Overnight,0.0,False,-104.29,-104.29,46.18,False,0.0,False
2017-07-21,2017-07-24,2,Weekend,48.0,False,-35.3,-35.3,9.52,False,0.0,False
2017-07-24,2017-07-25,0,Overnight,0.0,False,27.14,27.14,52.71,False,0.0,False
2017-07-25,2017-07-26,0,Overnight,0.0,False,20.2,20.2,-39.09,False,0.0,False
2017-07-26,2017-07-27,0,Overnight,0.0,False,-39.24,-39.24,-81.68,False,0.0,False
2017-07-27,2017-07-28,0,Overnight,0.0,False,-67.2,-67.2,50.79,False,0.0,False
2017-07-28,2017-07-31,2,Weekend,48.0,False,35.53,35.53,-82.19,False,0.0,False
2017-07-31,2017-08-01,0,Overnight,0.0,False,54.87,54.87,-71.39,False,0.0,False
2017-08-01,2017-08-02,0,Overnight,0.0,False,-4.13,-4.13,-40.05,False,0.0,False
2017-08-02,2017-08-03,0,Overnight,0.0,False,-9.69,-9.69,-5.54,False,0.0,False
2017-08-03,2017-08-04,0,Overnight,0.0,False,34.59,34.59,38.6,False,0.0,False
2017-08-04,2017-08-07,2,Weekend,48.0,False,16.5,16.5,-55.1,False,0.0,False
2017-08-07,2017-08-08,0,Overnight,0.0,False,-42.91,-42.91,96.63,False,0.0,False
2017-08-08,2017-08-09,0,Overnight,0.0,False,-74.46,-74.46,30.4,False,0.0,False
2017-08-09,2017-08-10,0,Overnight,0.0,False,-78.96,-78.96,-68.38,False,0.0,False
2017-08-10,2017-08-11,0,Overnight,0.0,False,27.97,27.97,123.52,False,0.0,False
2017-08-11,2017-08-14,2,Weekend,48.0,False,76.94,76.94,72.28,False,0.0,False
2017-08-14,2017-08-15,0,Overnight,0.0,False,0.0,52.86,-50.4,True,53.0,False
2017-08-15,2017-08-16,0,Overnight,0.0,False,16.37,16.37,42.18,False,0.0,False
2017-08-16,2017-08-17,0,Overnight,0.0,False,-9.51,-9.51,-161.67,False,0.0,False
2017-08-17,2017-08-18,0,Overnight,0.0,False,-17.97,-17.97,30.4,False,0.0,False
2017-08-18,2017-08-21,2,Weekend,48.0,False,-2.76,-2.76,-44.25,False,0.0,False
2017-08-21,2017-08-22,0,Overnight,0.0,False,27.68,27.68,111.33,False,0.0,False
2017-08-22,2017-08-23,0,Overnight,0.0,False,-27.38,-27.38,-32.95,False,0.0,False
2017-08-23,2017-08-24,0,Overnight,0.0,False,2.75,2.75,-6.88,False,0.0,False
2017-08-24,2017-08-25,0,Overnight,0.0,False,23.36,23.36,-5.49,False,0.0,False
2017-08-25,2017-08-28,2,Weekend,48.0,False,32.9,32.9,-31.53,False,0.0,False
2017-08-28,2017-08-29,0,Overnight,0.0,False,-79.96,-79.96,110.12,False,0.0,False
2017-08-29,2017-08-30,0,Overnight,0.0,False,-5.48,-5.48,136.04,False,0.0,False
2017-08-30,2017-08-31,0,Overnight,0.0,False,2.7,2.7,99.46,False,0.0,False
2017-08-31,2017-09-01,0,Overnight,0.0,False,-8.03,-8.03,-103.6,False,0.0,False
2017-09-01,2017-09-05,3,Long,72.0,False,-81.48,-81.48,36.75,False,0.0,False
2017-09-05,2017-09-06,0,Overnight,0.0,False,17.64,17.64,-46.21,False,0.0,False
2017-09-06,2017-09-07,0,Overnight,0.0,False,38.07,38.07,89.18,False,0.0,False
2017-09-07,2017-09-08,0,Overnight,0.0,False,-1.34,-1.34,-47.2,False,0.0,False
2017-09-08,2017-09-11,2,Weekend,48.0,False,44.51,44.51,60.38,False,0.0,False
2017-09-11,2017-09-12,0,Overnight,0.0,False,0.0,0.0,-10.71,False,0.0,False
2017-09-12,2017-09-13,0,Overnight,0.0,False,33.42,33.42,37.3,False,0.0,False
2017-09-13,2017-09-14,0,Overnight,0.0,False,-27.96,-27.96,-30.71,False,0.0,False
2017-09-14,2017-09-15,0,Overnight,0.0,False,8.02,8.02,63.94,False,0.0,False
2017-09-15,2017-09-18,2,Weekend,48.0,False,-10.63,-10.63,-9.31,False,0.0,False
2017-09-18,2017-09-19,0,Overnight,0.0,False,6.65,6.65,30.53,False,0.0,False
2017-09-19,2017-09-20,0,Overnight,0.0,False,-11.94,-11.94,-54.56,False,0.0,False
2017-09-20,2017-09-21,0,Overnight,0.0,False,22.66,22.66,-120.55,False,0.0,False
2017-09-21,2017-09-22,0,Overnight,0.0,False,-29.69,-29.69,56.6,False,0.0,False
2017-09-22,2017-09-25,2,Weekend,48.0,False,-43.1,-43.1,-112.66,False,0.0,False
2017-09-25,2017-09-26,0,Overnight,0.0,False,55.81,55.81,-55.81,False,0.0,False
2017-09-26,2017-09-27,0,Overnight,0.0,False,39.51,39.51,40.7,False,0.0,False
2017-09-27,2017-09-28,0,Overnight,0.0,False,-42.06,-42.06,44.77,False,0.0,False
2017-09-28,2017-09-29,0,Overnight,0.0,False,9.47,9.47,74.11,False,0.0,False
2017-09-29,2017-10-02,2,Weekend,48.0,False,29.49,29.49,-13.39,False,0.0,False
2017-10-02,2017-10-03,0,Overnight,0.0,False,8.04,8.04,-55.06,False,0.0,False
2017-10-03,2017-10-04,0,Overnight,0.0,False,-22.92,-22.92,80.66,False,0.0,False
2017-10-04,2017-10-05,0,Overnight,0.0,False,70.71,70.71,99.21,False,0.0,False
2017-10-05,2017-10-06,0,Overnight,0.0,False,-39.57,-39.57,43.52,False,0.0,False
2017-10-06,2017-10-09,2,Weekend,48.0,False,-3.95,-3.95,42.03,False,0.0,False
2017-10-09,2017-10-10,0,Overnight,0.0,False,5.24,5.24,-5.24,False,0.0,False
2017-10-10,2017-10-11,0,Overnight,0.0,False,9.17,9.17,7.85,False,0.0,False
2017-10-11,2017-10-12,0,Overnight,0.0,False,9.16,9.16,82.03,False,0.0,False
2017-10-12,2017-10-13,0,Overnight,0.0,False,60.76,60.76,-12.9,False,0.0,False
2017-10-13,2017-10-16,2,Weekend,48.0,False,-9.04,-9.04,29.66,False,0.0,False
2017-10-16,2017-10-17,0,Overnight,0.0,False,-23.21,-23.21,15.48,False,0.0,False
2017-10-17,2017-10-18,0,Overnight,0.0,False,10.31,10.31,-7.73,False,0.0,False
2017-10-18,2017-10-19,0,Overnight,0.0,False,-5.16,-5.16,43.74,False,0.0,False
2017-10-19,2017-10-20,0,Overnight,0.0,False,52.49,52.49,62.37,False,0.0,False
2017-10-20,2017-10-23,2,Weekend,48.0,False,22.81,22.81,-20.28,False,0.0,False
2017-10-23,2017-10-24,0,Overnight,0.0,False,8.88,8.88,-5.07,False,0.0,False
2017-10-24,2017-10-25,0,Overnight,0.0,False,-35.57,-35.57,6.36,False,0.0,False
2017-10-25,2017-10-26,0,Overnight,0.0,False,72.23,72.23,-55.71,False,0.0,False
2017-10-26,2017-10-27,0,Overnight,0.0,False,688.07,688.07,-66.6,False,0.0,False
2017-10-27,2017-10-30,2,Weekend,48.0,False,-13.13,-13.13,22.67,False,0.0,False
2017-10-30,2017-10-31,0,Overnight,0.0,False,55.87,55.87,-140.86,False,0.0,False
2017-10-31,2017-11-01,0,Overnight,0.0,False,59.93,59.93,-59.93,False,0.0,False
2017-11-01,2017-11-02,0,Overnight,0.0,False,20.42,20.42,83.63,False,0.0,False
2017-11-02,2017-11-03,0,Overnight,0.0,False,3.57,3.57,7.13,False,0.0,False
2017-11-03,2017-11-06,2,Weekend,49.0,False,7.13,7.13,32.02,False,0.0,False
2017-11-06,2017-11-07,0,Overnight,0.0,False,35.45,35.45,-59.16,False,0.0,False
2017-11-07,2017-11-08,0,Overnight,0.0,False,-15.44,-15.44,49.79,False,0.0,False
2017-11-08,2017-11-09,0,Overnight,0.0,False,-53.36,-53.36,-2.38,False,0.0,False
2017-11-09,2017-11-10,0,Overnight,0.0,False,-35.74,-35.74,9.54,False,0.0,False
2017-11-10,2017-11-13,2,Weekend,48.0,False,-25.07,-25.07,32.22,False,0.0,False
2017-11-13,2017-11-14,0,Overnight,0.0,False,-51.36,-51.36,65.65,False,0.0,False
2017-11-14,2017-11-15,0,Overnight,0.0,False,-69.25,-19.05,-58.88,True,49.97,False
2017-11-15,2017-11-16,0,Overnight,0.0,False,14.45,14.45,12.03,False,0.0,False
2017-11-16,2017-11-17,0,Overnight,0.0,False,-9.62,-9.62,-87.0,False,0.0,False
2017-11-17,2017-11-20,2,Weekend,48.0,False,0.0,0.0,15.76,False,0.0,False
2017-11-20,2017-11-21,0,Overnight,0.0,False,25.41,25.41,117.75,False,0.0,False
2017-11-21,2017-11-22,0,Overnight,0.0,False,13.13,13.13,-86.26,False,0.0,False
2017-11-22,2017-11-24,1,Short,24.0,False,-12.04,-12.04,30.07,False,0.0,False
2017-11-24,2017-11-27,2,Weekend,48.0,True,6.0,6.0,66.99,False,0.0,False
2017-11-27,2017-11-28,0,Overnight,0.0,False,23.82,23.82,95.89,False,0.0,False
2017-11-28,2017-11-29,0,Overnight,0.0,False,-20.05,-20.05,-163.05,False,0.0,False
2017-11-29,2017-11-30,0,Overnight,0.0,False,20.38,20.38,78.72,False,0.0,False
2017-11-30,2017-12-01,0,Overnight,0.0,False,-67.95,-67.95,78.64,False,0.0,False
2017-12-01,2017-12-04,2,Weekend,48.0,False,18.97,18.97,-403.68,False,0.0,False
2017-12-04,2017-12-05,0,Overnight,0.0,False,32.02,32.02,30.69,False,0.0,False
2017-12-05,2017-12-06,0,Overnight,0.0,False,-4.9,-4.9,149.7,False,0.0,False
2017-12-06,2017-12-07,0,Overnight,0.0,False,-29.03,-29.03,-6.06,False,0.0,False
2017-12-07,2017-12-08,0,Overnight,0.0,False,137.25,137.25,63.18,False,0.0,False
2017-12-08,2017-12-11,2,Weekend,48.0,False,15.43,15.43,110.9,False,0.0,False
2017-12-11,2017-12-12,0,Overnight,0.0,False,9.38,9.38,31.6,False,0.0,False
2017-12-12,2017-12-13,0,Overnight,0.0,False,18.68,18.68,-45.59,False,0.0,False
2017-12-13,2017-12-14,0,Overnight,0.0,False,9.37,9.37,-87.0,False,0.0,False
2017-12-14,2017-12-15,0,Overnight,0.0,False,67.08,67.08,184.77,False,0.0,False
2017-12-15,2017-12-18,2,Weekend,48.0,False,31.04,31.04,-85.3,False,0.0,False
2017-12-18,2017-12-19,0,Overnight,0.0,False,-3.47,-3.47,-60.4,False,0.0,False
2017-12-19,2017-12-20,0,Overnight,0.0,False,43.02,43.02,-79.2,False,0.0,False
2017-12-20,2017-12-21,0,Overnight,0.0,False,61.78,61.78,-64.12,False,0.0,False
2017-12-21,2017-12-22,0,Overnight,0.0,False,-11.7,-11.7,12.87,False,0.0,False
2017-12-22,2017-12-26,3,Long,72.0,False,-23.42,-23.42,10.54,False,0.0,False
2017-12-26,2017-12-27,0,Overnight,0.0,False,29.23,29.23,7.0,False,0.0,False
2017-12-27,2017-12-28,0,Overnight,0.0,False,22.14,22.14,-20.98,False,0.0,False
2017-12-28,2017-12-29,0,Overnight,0.0,False,-10.51,-10.51,-10.52,False,0.0,False
2017-12-29,2018-01-02,3,Long,72.0,False,68.74,68.74,-20.92,False,0.0,False
2018-01-02,2018-01-03,0,Overnight,0.0,False,12.79,12.79,33.64,False,0.0,False
2018-01-03,2018-01-04,0,Overnight,0.0,False,27.76,27.76,59.87,False,0.0,False
2018-01-04,2018-01-05,0,Overnight,0.0,False,62.94,62.94,60.28,False,0.0,False
2018-01-05,2018-01-08,2,Weekend,48.0,False,1.13,1.13,9.07,False,0.0,False
2018-01-08,2018-01-09,0,Overnight,0.0,False,41.82,41.82,-48.62,False,0.0,False
2018-01-09,2018-01-10,0,Overnight,0.0,False,-40.89,-40.89,-4.55,False,0.0,False
2018-01-10,2018-01-11,0,Overnight,0.0,False,35.24,35.24,-5.67,False,0.0,False
2018-01-11,2018-01-12,0,Overnight,0.0,False,66.76,66.76,104.34,False,0.0,False
2018-01-12,2018-01-16,3,Long,72.0,False,55.65,55.65,-196.14,False,0.0,False
2018-01-16,2018-01-17,0,Overnight,0.0,False,82.29,82.29,118.29,False,0.0,False
2018-01-17,2018-01-18,0,Overnight,0.0,False,-37.79,-37.79,33.35,False,0.0,False
2018-01-18,2018-01-19,0,Overnight,0.0,False,4.44,4.44,-15.54,False,0.0,False
2018-01-19,2018-01-22,2,Weekend,48.0,False,0.0,0.0,177.31,False,0.0,False
2018-01-22,2018-01-23,0,Overnight,0.0,False,31.61,31.61,0.0,False,0.0,False
2018-01-23,2018-01-24,0,Overnight,0.0,False,70.48,70.48,-79.19,False,0.0,False
2018-01-24,2018-01-25,0,Overnight,0.0,False,70.54,70.54,-15.15,False,0.0,False
2018-01-25,2018-01-26,0,Overnight,0.0,False,85.2,85.2,100.44,False,0.0,False
2018-01-26,2018-01-29,2,Weekend,48.0,False,114.17,114.17,-129.06,False,0.0,False
2018-01-29,2018-01-30,0,Overnight,0.0,False,-66.23,-66.23,-60.2,False,0.0,False
2018-01-30,2018-01-31,0,Overnight,0.0,False,108.32,108.32,133.51,False,0.0,False
2018-01-31,2018-02-01,0,Overnight,0.0,False,-23.18,-23.18,-56.07,False,0.0,False
2018-02-01,2018-02-02,0,Overnight,0.0,False,-65.99,-65.99,-200.63,False,0.0,False
2018-02-02,2018-02-05,2,Weekend,48.0,False,-133.82,-133.82,-286.76,False,0.0,False
2018-02-05,2018-02-06,0,Overnight,0.0,False,-126.94,-126.94,498.36,False,0.0,False
2018-02-06,2018-02-07,0,Overnight,0.0,False,-92.4,-92.4,-97.72,False,0.0,False
2018-02-07,2018-02-08,0,Overnight,0.0,False,11.15,11.15,-538.13,False,0.0,False
2018-02-08,2018-02-09,0,Overnight,0.0,False,150.61,150.61,215.51,False,0.0,False
2018-02-09,2018-02-12,2,Weekend,48.0,False,63.31,63.31,43.85,False,0.0,False
2018-02-12,2018-02-13,0,Overnight,0.0,False,-22.46,-22.46,100.69,False,0.0,False
2018-02-13,2018-02-14,0,Overnight,0.0,False,-148.03,-100.69,256.54,True,46.75,False
2018-02-14,2018-02-15,0,Overnight,0.0,False,43.95,43.95,157.72,False,0.0,False
2018-02-15,2018-02-16,0,Overnight,0.0,False,-22.69,-22.69,-48.79,False,0.0,False
2018-02-16,2018-02-20,3,Long,72.0,False,-56.68,-56.68,134.64,False,0.0,False
2018-02-20,2018-02-21,0,Overnight,0.0,False,28.0,28.0,-161.55,False,0.0,False
2018-02-21,2018-02-22,0,Overnight,0.0,False,61.02,61.02,-34.82,False,0.0,False
2018-02-22,2018-02-23,0,Overnight,0.0,False,201.81,201.81,49.02,False,0.0,False
2018-02-23,2018-02-26,2,Weekend,48.0,False,36.08,36.08,107.47,False,0.0,False
2018-02-26,2018-02-27,0,Overnight,0.0,False,33.48,33.48,-162.16,False,0.0,False
2018-02-27,2018-02-28,0,Overnight,0.0,False,67.71,67.71,-113.46,False,0.0,False
2018-02-28,2018-03-01,0,Overnight,0.0,False,23.43,23.43,-122.03,False,0.0,False
2018-03-01,2018-03-02,0,Overnight,0.0,False,-137.72,-137.72,159.24,False,0.0,False
2018-03-02,2018-03-05,2,Weekend,48.0,False,-76.6,-76.6,139.8,False,0.0,False
2018-03-05,2018-03-06,0,Overnight,0.0,False,74.48,74.48,-108.71,False,0.0,False
2018-03-06,2018-03-07,0,Overnight,0.0,False,-17.16,-17.16,74.86,False,0.0,False
2018-03-07,2018-03-08,0,Overnight,0.0,False,43.59,43.59,16.96,False,0.0,False
2018-03-08,2018-03-09,0,Overnight,0.0,False,90.66,90.66,130.33,False,0.0,False
2018-03-09,2018-03-12,2,Weekend,47.0,False,-4.14,-4.14,27.94,False,0.0,False
2018-03-12,2018-03-13,0,Overnight,0.0,False,23.74,23.74,-270.64,False,0.0,False
2018-03-13,2018-03-14,0,Overnight,0.0,False,74.92,74.92,-134.42,False,0.0,False
2018-03-14,2018-03-15,0,Overnight,0.0,False,-34.16,-34.16,69.26,False,0.0,False
2018-03-15,2018-03-16,0,Overnight,0.0,False,52.95,52.95,-8.45,False,0.0,False
2018-03-16,2018-03-19,2,Weekend,48.0,False,-91.32,-91.32,-91.09,False,0.0,False
2018-03-19,2018-03-20,0,Overnight,0.0,False,17.21,17.21,8.59,False,0.0,False
2018-03-20,2018-03-21,0,Overnight,0.0,False,-21.5,-21.5,-48.54,False,0.0,False
2018-03-21,2018-03-22,0,Overnight,0.0,False,-131.7,-131.7,-163.48,False,0.0,False
2018-03-22,2018-03-23,0,Overnight,0.0,False,-32.35,-32.35,-262.64,False,0.0,False
2018-03-23,2018-03-26,2,Weekend,48.0,False,385.9,385.9,343.87,False,0.0,False
2018-03-26,2018-03-27,0,Overnight,0.0,False,122.94,122.94,-593.42,False,0.0,False
2018-03-27,2018-03-28,0,Overnight,0.0,False,39.04,39.04,-47.99,False,0.0,False
2018-03-28,2018-03-29,0,Overnight,0.0,False,87.99,87.99,120.14,False,0.0,False
2018-03-29,2018-04-02,3,Long,72.0,False,-88.04,-88.04,-217.9,False,0.0,False
2018-04-02,2018-04-03,0,Overnight,0.0,False,119.04,119.04,14.5,False,0.0,False
2018-04-03,2018-04-04,0,Overnight,0.0,False,-209.51,-209.51,497.38,False,0.0,False
2018-04-04,2018-04-05,0,Overnight,0.0,False,11.91,11.91,-6.49,False,0.0,False
2018-04-05,2018-04-06,0,Overnight,0.0,False,-96.81,-96.81,-138.68,False,0.0,False
2018-04-06,2018-04-09,2,Weekend,48.0,False,89.37,89.37,-29.7,False,0.0,False
2018-04-09,2018-04-10,0,Overnight,0.0,False,176.9,176.9,52.9,False,0.0,False
2018-04-10,2018-04-11,0,Overnight,0.0,False,-94.11,-94.11,-16.32,False,0.0,False
2018-04-11,2018-04-12,0,Overnight,0.0,False,61.86,61.86,123.65,False,0.0,False
2018-04-12,2018-04-13,0,Overnight,0.0,False,50.1,50.1,-103.67,False,0.0,False
2018-04-13,2018-04-16,2,Weekend,48.0,False,105.8,105.8,10.62,False,0.0,False
2018-04-16,2018-04-17,0,Overnight,0.0,False,87.75,87.75,112.0,False,0.0,False
2018-04-17,2018-04-18,0,Overnight,0.0,False,15.6,15.6,22.84,False,0.0,False
2018-04-18,2018-04-19,0,Overnight,0.0,False,0.0,0.0,-34.28,False,0.0,False
2018-04-19,2018-04-20,0,Overnight,0.0,False,-20.83,-20.83,-95.33,False,0.0,False
2018-04-20,2018-04-23,2,Weekend,48.0,False,77.59,77.59,-40.82,False,0.0,False
2018-04-23,2018-04-24,0,Overnight,0.0,False,92.91,92.91,-329.56,False,0.0,False
2018-04-24,2018-04-25,0,Overnight,0.0,False,19.31,19.31,-106.68,False,0.0,False
2018-04-25,2018-04-26,0,Overnight,0.0,False,133.44,133.44,75.61,False,0.0,False
2018-04-26,2018-04-27,0,Overnight,0.0,False,348.21,348.21,-184.06,False,0.0,False
2018-04-27,2018-04-30,2,Weekend,48.0,False,53.08,53.08,-296.05,False,0.0,False
2018-04-30,2018-05-01,0,Overnight,0.0,False,-33.2,-33.2,190.22,False,0.0,False
2018-05-01,2018-05-02,0,Overnight,0.0,False,-1.05,-1.05,-157.03,False,0.0,False
2018-05-02,2018-05-03,0,Overnight,0.0,False,-58.99,-58.99,118.7,False,0.0,False
2018-05-03,2018-05-04,0,Overnight,0.0,False,-80.05,-80.05,195.25,False,0.0,False
2018-05-04,2018-05-07,2,Weekend,48.0,False,1.05,1.05,109.73,False,0.0,False
2018-05-07,2018-05-08,0,Overnight,0.0,False,-38.53,-38.53,-4.17,False,0.0,False
2018-05-08,2018-05-09,0,Overnight,0.0,False,20.85,20.85,96.4,False,0.0,False
2018-05-09,2018-05-10,0,Overnight,0.0,False,53.5,53.5,46.07,False,0.0,False
2018-05-10,2018-05-11,0,Overnight,0.0,False,-11.24,-11.24,-10.23,False,0.0,False
2018-05-11,2018-05-14,2,Weekend,48.0,False,22.49,22.49,11.23,False,0.0,False
2018-05-14,2018-05-15,0,Overnight,0.0,False,-80.91,-80.91,8.22,False,0.0,False
2018-05-15,2018-05-16,0,Overnight,0.0,False,4.11,47.16,-21.59,True,43.16,False
2018-05-16,2018-05-17,0,Overnight,0.0,False,-40.22,-40.22,-60.12,False,0.0,False
2018-05-17,2018-05-18,0,Overnight,0.0,False,-17.69,-17.69,36.39,False,0.0,False
2018-05-18,2018-05-21,2,Weekend,48.0,False,66.2,66.2,61.66,False,0.0,False
2018-05-21,2018-05-22,0,Overnight,0.0,False,8.19,8.19,-18.44,False,0.0,False
2018-05-22,2018-05-23,0,Overnight,0.0,False,-81.36,-81.36,199.63,False,0.0,False
2018-05-23,2018-05-24,0,Overnight,0.0,False,7.09,7.09,-42.63,False,0.0,False
2018-05-24,2018-05-25,0,Overnight,0.0,False,-1.02,-1.02,6.1,False,0.0,False
2018-05-25,2018-05-29,3,Long,72.0,False,-53.01,-53.01,17.36,False,0.0,False
2018-05-29,2018-05-30,0,Overnight,0.0,False,30.56,30.56,64.89,False,0.0,False
2018-05-30,2018-05-31,0,Overnight,0.0,False,34.3,34.3,-45.43,False,0.0,False
2018-05-31,2018-06-01,0,Overnight,0.0,False,44.42,44.42,150.95,False,0.0,False
2018-06-01,2018-06-04,2,Weekend,48.0,False,46.52,46.52,40.41,False,0.0,False
2018-06-04,2018-06-05,0,Overnight,0.0,False,32.41,32.41,18.61,False,0.0,False
2018-06-05,2018-06-06,0,Overnight,0.0,False,28.34,28.34,0.98,False,0.0,False
2018-06-06,2018-06-07,0,Overnight,0.0,False,15.6,15.6,-173.94,False,0.0,False
2018-06-07,2018-06-08,0,Overnight,0.0,False,20.8,20.8,53.28,False,0.0,False
2018-06-08,2018-06-11,2,Weekend,48.0,False,-61.19,-61.19,3.96,False,0.0,False
2018-06-11,2018-06-12,0,Overnight,0.0,False,4.95,4.95,20.75,False,0.0,False
2018-06-12,2018-06-13,0,Overnight,0.0,False,40.39,40.39,-85.9,False,0.0,False
2018-06-13,2018-06-14,0,Overnight,0.0,False,79.01,79.01,-22.65,False,0.0,False
2018-06-14,2018-06-15,0,Overnight,0.0,False,8.87,8.87,-136.88,False,0.0,False
2018-06-15,2018-06-18,2,Weekend,48.0,False,-11.99,-11.99,84.63,False,0.0,False
2018-06-18,2018-06-19,0,Overnight,0.0,False,-120.69,-120.69,120.69,False,0.0,False
2018-06-19,2018-06-20,0,Overnight,0.0,False,50.44,50.44,49.2,False,0.0,False
2018-06-20,2018-06-21,0,Overnight,0.0,False,20.59,20.59,-92.51,False,0.0,False
2018-06-21,2018-06-22,0,Overnight,0.0,False,-72.44,-72.44,0.0,False,0.0,False
2018-06-22,2018-06-25,2,Weekend,48.0,False,-40.92,-40.92,-162.31,False,0.0,False
2018-06-25,2018-06-26,0,Overnight,0.0,False,43.61,43.61,26.28,False,0.0,False
2018-06-26,2018-06-27,0,Overnight,0.0,False,50.34,50.34,-206.99,False,0.0,False
2018-06-27,2018-06-28,0,Overnight,0.0,False,-16.42,-16.42,127.55,False,0.0,False
2018-06-28,2018-06-29,0,Overnight,0.0,False,30.37,30.37,-32.4,False,0.0,False
2018-06-29,2018-07-02,2,Weekend,48.0,False,-51.85,-51.85,192.83,False,0.0,False
2018-07-02,2018-07-03,0,Overnight,0.0,False,46.89,46.89,-143.34,False,0.0,False
2018-07-03,2018-07-05,1,Short,24.0,True,45.33,45.33,26.1,False,0.0,False
2018-07-05,2018-07-06,0,Overnight,0.0,False,13.02,13.02,126.34,False,0.0,False
2018-07-06,2018-07-09,2,Weekend,48.0,False,48.32,48.32,19.66,False,0.0,False
2018-07-09,2018-07-10,0,Overnight,0.0,False,14.72,14.72,11.76,False,0.0,False
2018-07-10,2018-07-11,0,Overnight,0.0,False,-95.44,-95.44,81.72,False,0.0,False
2018-07-11,2018-07-12,0,Overnight,0.0,False,77.17,77.17,137.23,False,0.0,False
2018-07-12,2018-07-13,0,Overnight,0.0,False,17.26,17.26,101.05,False,0.0,False
2018-07-13,2018-07-16,2,Weekend,48.0,False,-2.85,-2.85,-46.6,False,0.0,False
2018-07-16,2018-07-17,0,Overnight,0.0,False,-28.64,-28.64,127.28,False,0.0,False
2018-07-17,2018-07-18,0,Overnight,0.0,False,-0.94,-0.94,-77.7,False,0.0,False
2018-07-18,2018-07-19,0,Overnight,0.0,False,-18.09,-18.09,-50.64,False,0.0,False
2018-07-19,2018-07-20,0,Overnight,0.0,False,346.42,346.42,-168.89,False,0.0,False
2018-07-20,2018-07-23,2,Weekend,48.0,False,2.82,2.82,155.88,False,0.0,False
2018-07-23,2018-07-24,0,Overnight,0.0,False,55.42,55.42,-84.17,False,0.0,False
2018-07-24,2018-07-25,0,Overnight,0.0,False,27.83,27.83,262.37,False,0.0,False
2018-07-25,2018-07-26,0,Overnight,0.0,False,-8.12,-8.12,-101.65,False,0.0,False
2018-07-26,2018-07-27,0,Overnight,0.0,False,50.96,50.96,-229.52,False,0.0,False
2018-07-27,2018-07-30,2,Weekend,48.0,False,-45.61,-45.61,-171.25,False,0.0,False
2018-07-30,2018-07-31,0,Overnight,0.0,False,105.73,105.73,-38.58,False,0.0,False
2018-07-31,2018-08-01,0,Overnight,0.0,False,-4.71,-4.71,23.55,False,0.0,False
2018-08-01,2018-08-02,0,Overnight,0.0,False,-83.14,-83.14,203.79,False,0.0,False
2018-08-02,2018-08-03,0,Overnight,0.0,False,21.36,21.36,22.24,False,0.0,False
2018-08-03,2018-08-06,2,Weekend,48.0,False,7.4,7.4,0.92,False,0.0,False
2018-08-06,2018-08-07,0,Overnight,0.0,False,39.69,39.69,29.43,False,0.0,False
2018-08-07,2018-08-08,0,Overnight,0.0,False,41.25,41.25,14.62,False,0.0,False
2018-08-08,2018-08-09,0,Overnight,0.0,False,20.07,20.07,-3.65,False,0.0,False
2018-08-09,2018-08-10,0,Overnight,0.0,False,-22.82,-22.82,-38.46,False,0.0,False
2018-08-10,2018-08-13,2,Weekend,48.0,False,21.99,21.99,-94.74,False,0.0,False
2018-08-13,2018-08-14,0,Overnight,0.0,False,32.29,32.29,91.69,False,0.0,False
2018-08-14,2018-08-15,0,Overnight,0.0,False,-98.14,-59.5,-76.8,True,38.34,False
2018-08-15,2018-08-16,0,Overnight,0.0,False,59.27,59.27,-61.13,False,0.0,False
2018-08-16,2018-08-17,0,Overnight,0.0,False,-26.05,-26.05,20.47,False,0.0,False
2018-08-17,2018-08-20,2,Weekend,48.0,False,-6.51,-6.51,-59.71,False,0.0,False
2018-08-20,2018-08-21,0,Overnight,0.0,False,4.68,4.68,-88.3,False,0.0,False
2018-08-21,2018-08-22,0,Overnight,0.0,False,-12.27,-12.27,113.66,False,0.0,False
2018-08-22,2018-08-23,0,Overnight,0.0,False,8.4,8.4,38.19,False,0.0,False
2018-08-23,2018-08-24,0,Overnight,0.0,False,10.22,10.22,67.57,False,0.0,False
2018-08-24,2018-08-27,2,Weekend,48.0,False,79.94,79.94,30.16,False,0.0,False
2018-08-27,2018-08-28,0,Overnight,0.0,False,30.97,30.97,29.06,False,0.0,False
2018-08-28,2018-08-29,0,Overnight,0.0,False,17.22,17.22,141.14,False,0.0,False
2018-08-29,2018-08-30,0,Overnight,0.0,False,-31.29,-31.29,25.04,False,0.0,False
2018-08-30,2018-08-31,0,Overnight,0.0,False,-23.25,-23.25,57.14,False,0.0,False
2018-08-31,2018-09-04,3,Long,72.0,False,-132.63,-132.63,77.28,False,0.0,False
2018-09-04,2018-09-05,0,Overnight,0.0,False,-62.86,-62.86,-229.62,False,0.0,False
2018-09-05,2018-09-06,0,Overnight,0.0,False,-22.15,-22.15,45.16,False,0.0,False
2018-09-06,2018-09-07,0,Overnight,0.0,False,-47.01,-47.01,-1.85,False,0.0,False
2018-09-07,2018-09-10,2,Weekend,48.0,False,58.05,58.05,49.49,False,0.0,False
2018-09-10,2018-09-11,0,Overnight,0.0,False,-43.98,-43.98,212.6,False,0.0,False
2018-09-11,2018-09-12,0,Overnight,0.0,False,17.07,17.07,25.1,False,0.0,False
2018-09-12,2018-09-13,0,Overnight,0.0,False,36.64,36.64,70.21,False,0.0,False
2018-09-13,2018-09-14,0,Overnight,0.0,False,39.78,39.78,0.88,False,0.0,False
2018-09-14,2018-09-17,2,Weekend,48.0,False,28.19,28.19,-137.27,False,0.0,False
2018-09-17,2018-09-18,0,Overnight,0.0,False,4.46,4.46,90.51,False,0.0,False
2018-09-18,2018-09-19,0,Overnight,0.0,False,-14.14,-14.14,-120.14,False,0.0,False
2018-09-19,2018-09-20,0,Overnight,0.0,False,51.79,51.79,114.24,False,0.0,False
2018-09-20,2018-09-21,0,Overnight,0.0,False,37.79,37.79,22.78,False,0.0,False
2018-09-21,2018-09-24,2,Weekend,48.0,False,-108.23,-108.23,144.05,False,0.0,False
2018-09-24,2018-09-25,0,Overnight,0.0,False,11.33,11.33,-30.53,False,0.0,False
2018-09-25,2018-09-26,0,Overnight,0.0,False,1.75,1.75,-42.9,False,0.0,False
2018-09-26,2018-09-27,0,Overnight,0.0,False,69.94,69.94,-32.29,False,0.0,False
2018-09-27,2018-09-28,0,Overnight,0.0,False,-19.25,-19.25,15.75,False,0.0,False
2018-09-28,2018-10-01,2,Weekend,48.0,False,33.17,33.17,74.67,False,0.0,False
2018-10-01,2018-10-02,0,Overnight,0.0,False,-26.85,-26.85,-13.02,False,0.0,False
2018-10-02,2018-10-03,0,Overnight,0.0,False,23.42,23.42,-21.68,False,0.0,False
2018-10-03,2018-10-04,0,Overnight,0.0,False,-48.74,-48.74,-160.07,False,0.0,False
2018-10-04,2018-10-05,0,Overnight,0.0,False,-14.2,-14.2,-44.49,False,0.0,False
2018-10-05,2018-10-08,2,Weekend,48.0,False,-42.0,-42.0,-72.81,False,0.0,False
2018-10-08,2018-10-09,0,Overnight,0.0,False,26.13,26.13,100.27,False,0.0,False
2018-10-09,2018-10-10,0,Overnight,0.0,False,-91.28,-91.28,-467.43,False,0.0,False
2018-10-10,2018-10-11,0,Overnight,0.0,False,-76.59,-76.59,53.02,False,0.0,False
2018-10-11,2018-10-12,0,Overnight,0.0,False,288.5,288.5,51.24,False,0.0,False
2018-10-12,2018-10-15,2,Weekend,48.0,False,-60.42,-60.42,-121.01,False,0.0,False
2018-10-15,2018-10-16,0,Overnight,0.0,False,178.69,178.69,132.4,False,0.0,False
2018-10-16,2018-10-17,0,Overnight,0.0,False,61.07,61.07,-87.23,False,0.0,False
2018-10-17,2018-10-18,0,Overnight,0.0,False,-55.25,-55.25,-146.39,False,0.0,False
2018-10-18,2018-10-19,0,Overnight,0.0,False,39.55,39.55,-24.82,False,0.0,False
2018-10-19,2018-10-22,2,Weekend,48.0,False,60.56,60.56,28.32,False,0.0,False
2018-10-22,2018-10-23,0,Overnight,0.0,False,-171.12,-171.12,30.57,False,0.0,False
2018-10-23,2018-10-24,0,Overnight,0.0,False,28.64,28.64,-578.15,False,0.0,False
2018-10-24,2018-10-25,0,Overnight,0.0,False,405.09,405.09,162.91,False,0.0,False
2018-10-25,2018-10-26,0,Overnight,0.0,False,-243.95,-243.95,119.45,False,0.0,False
2018-10-26,2018-10-29,2,Weekend,48.0,False,106.94,106.94,-402.02,False,0.0,False
2018-10-29,2018-10-30,0,Overnight,0.0,False,-18.31,-18.31,6.75,False,0.0,False
2018-10-30,2018-10-31,0,Overnight,0.0,False,163.51,163.51,129.09,False,0.0,False
2018-10-31,2018-11-01,0,Overnight,0.0,False,22.45,22.45,-106.12,False,0.0,False
2018-11-01,2018-11-02,0,Overnight,0.0,False,52.73,52.73,-30.1,False,0.0,False
2018-11-02,2018-11-05,2,Weekend,49.0,False,19.76,19.76,106.6,False,0.0,False
2018-11-05,2018-11-06,0,Overnight,0.0,False,-12.1,-12.1,31.61,False,0.0,False
2018-11-06,2018-11-07,0,Overnight,0.0,False,158.41,158.41,227.65,False,0.0,False
2018-11-07,2018-11-08,0,Overnight,0.0,False,-14.3,-14.3,-4.47,False,0.0,False
2018-11-08,2018-11-09,0,Overnight,0.0,False,-80.86,-80.86,-116.14,False,0.0,False
2018-11-09,2018-11-12,2,Weekend,48.0,False,-13.7,-13.7,-235.8,False,0.0,False
2018-11-12,2018-11-13,0,Overnight,0.0,False,63.43,63.43,-56.88,False,0.0,False
2018-11-13,2018-11-14,0,Overnight,0.0,False,107.89,150.35,-293.82,True,43.01,False
2018-11-14,2018-11-15,0,Overnight,0.0,False,1.9,1.9,215.77,False,0.0,False
2018-11-15,2018-11-16,0,Overnight,0.0,False,-18.66,-18.66,112.37,False,0.0,False
2018-11-16,2018-11-19,2,Weekend,48.0,False,-1.85,-1.85,-342.93,False,0.0,False
2018-11-19,2018-11-20,0,Overnight,0.0,False,-273.25,-273.25,-8.85,False,0.0,False
2018-11-20,2018-11-21,0,Overnight,0.0,False,184.12,184.12,-47.41,False,0.0,False
2018-11-21,2018-11-23,1,Short,24.0,False,-91.58,-91.58,87.7,False,0.0,False
2018-11-23,2018-11-26,2,Weekend,48.0,True,165.5,165.5,159.05,False,0.0,False
2018-11-26,2018-11-27,0,Overnight,0.0,False,-18.8,-18.8,81.53,False,0.0,False
2018-11-27,2018-11-28,0,Overnight,0.0,False,69.76,69.76,294.99,False,0.0,False
2018-11-28,2018-11-29,0,Overnight,0.0,False,-71.35,-71.35,-12.7,False,0.0,False
2018-11-29,2018-11-30,0,Overnight,0.0,False,46.18,46.18,17.15,False,0.0,False
2018-11-30,2018-12-03,2,Weekend,48.0,False,188.49,188.49,-80.86,False,0.0,False
2018-12-03,2018-12-04,0,Overnight,0.0,False,-13.39,-13.39,-310.29,False,0.0,False
2018-12-04,2018-12-06,1,Short,24.0,False,-251.95,-251.95,313.5,False,0.0,False
2018-12-06,2018-12-07,0,Overnight,0.0,False,-74.46,-74.46,-333.99,False,0.0,False
2018-12-07,2018-12-10,2,Weekend,48.0,False,-1.91,-1.91,262.74,False,0.0,False
2018-12-10,2018-12-11,0,Overnight,0.0,False,203.33,203.33,-110.81,False,0.0,False
2018-12-11,2018-12-12,0,Overnight,0.0,False,209.59,209.59,-164.57,False,0.0,False
2018-12-12,2018-12-13,0,Overnight,0.0,False,45.73,45.73,-11.87,False,0.0,False
2018-12-13,2018-12-14,0,Overnight,0.0,False,-110.24,-110.24,-207.21,False,0.0,False
2018-12-14,2018-12-17,2,Weekend,48.0,False,-58.65,-58.65,-241.97,False,0.0,False
2018-12-17,2018-12-18,0,Overnight,0.0,False,83.24,83.24,21.18,False,0.0,False
2018-12-18,2018-12-19,0,Overnight,0.0,False,-30.83,-30.83,3.86,False,0.0,False
2018-12-19,2018-12-20,0,Overnight,0.0,False,-61.91,-61.91,-150.57,False,0.0,False
2018-12-20,2018-12-21,0,Overnight,0.0,False,11.81,11.81,-340.27,False,0.0,False
2018-12-21,2018-12-24,2,Weekend,48.0,False,-56.15,-56.15,-370.2,False,0.0,False
2018-12-24,2018-12-26,1,Short,24.0,True,106.73,106.73,554.05,False,0.0,False
2018-12-26,2018-12-27,0,Overnight,0.0,False,-126.09,-126.09,187.56,False,0.0,False
2018-12-27,2018-12-28,0,Overnight,0.0,False,89.54,89.54,-167.92,False,0.0,False
2018-12-28,2018-12-31,2,Weekend,48.0,False,89.25,89.25,27.61,False,0.0,False
2018-12-31,2019-01-02,1,Short,24.0,False,-200.88,-200.88,156.48,False,0.0,False
2019-01-02,2019-01-03,0,Overnight,0.0,False,-101.38,-101.38,-273.43,False,0.0,False
2019-01-03,2019-01-04,0,Overnight,0.0,False,235.4,235.4,219.2,False,0.0,False
2019-01-04,2019-01-07,2,Weekend,48.0,False,-28.49,-28.49,41.24,False,0.0,False
2019-01-07,2019-01-08,0,Overnight,0.0,False,95.56,95.56,-23.32,False,0.0,False
2019-01-08,2019-01-09,0,Overnight,0.0,False,102.58,102.58,39.4,False,0.0,False
2019-01-09,2019-01-10,0,Overnight,0.0,False,-101.21,-101.21,36.75,False,0.0,False
2019-01-10,2019-01-11,0,Overnight,0.0,False,-39.65,-39.65,-37.87,False,0.0,False
2019-01-11,2019-01-14,2,Weekend,48.0,False,-87.93,-87.93,14.71,False,0.0,False
2019-01-14,2019-01-15,0,Overnight,0.0,False,44.97,44.97,240.95,False,0.0,False
2019-01-15,2019-01-16,0,Overnight,0.0,False,23.78,23.78,11.39,False,0.0,False
2019-01-16,2019-01-17,0,Overnight,0.0,False,-36.12,-36.12,106.1,False,0.0,False
2019-01-17,2019-01-18,0,Overnight,0.0,False,125.48,125.48,23.24,False,0.0,False
2019-01-18,2019-01-22,3,Long,72.0,False,-89.53,-89.53,-100.74,False,0.0,False
2019-01-22,2019-01-23,0,Overnight,0.0,False,41.55,41.55,55.44,False,0.0,False
2019-01-23,2019-01-24,0,Overnight,0.0,False,14.05,14.05,-61.95,False,0.0,False
2019-01-24,2019-01-25,0,Overnight,0.0,False,97.45,97.45,-6.53,False,0.0,False
2019-01-25,2019-01-28,2,Weekend,48.0,False,-85.27,-85.27,-111.67,False,0.0,False
2019-01-28,2019-01-29,0,Overnight,0.0,False,-19.05,-19.05,-186.7,False,0.0,False
2019-01-29,2019-01-30,0,Overnight,0.0,False,161.88,161.88,166.83,False,0.0,False
2019-01-30,2019-01-31,0,Overnight,0.0,False,-245.52,-245.52,60.51,False,0.0,False
2019-01-31,2019-02-01,0,Overnight,0.0,False,-62.44,-62.44,-96.82,False,0.0,False
2019-02-01,2019-02-04,2,Weekend,48.0,False,8.75,8.75,275.17,False,0.0,False
2019-02-04,2019-02-05,0,Overnight,0.0,False,30.22,30.22,108.78,False,0.0,False
2019-02-05,2019-02-06,0,Overnight,0.0,False,-20.54,-20.54,-91.07,False,0.0,False
2019-02-06,2019-02-07,0,Overnight,0.0,False,-79.54,-79.54,7.6,False,0.0,False
2019-02-07,2019-02-08,0,Overnight,0.0,False,-83.95,-83.95,121.87,False,0.0,False
2019-02-08,2019-02-11,2,Weekend,48.0,False,50.03,50.03,-89.86,False,0.0,False
2019-02-11,2019-02-12,0,Overnight,0.0,False,84.2,84.2,70.41,False,0.0,False
2019-02-12,2019-02-13,0,Overnight,0.0,False,56.91,56.91,-64.39,False,0.0,False
2019-02-13,2019-02-14,0,Overnight,0.0,False,-46.92,-46.92,55.35,False,0.0,False
2019-02-14,2019-02-15,0,Overnight,0.0,False,94.04,94.04,28.69,False,0.0,False
2019-02-15,2019-02-19,3,Long,72.0,False,-39.81,-39.81,35.19,False,0.0,False
2019-02-19,2019-02-20,0,Overnight,0.0,False,-28.7,13.86,-66.04,True,42.53,False
2019-02-20,2019-02-21,0,Overnight,0.0,False,-23.36,-23.36,232.08,False,0.0,False
2019-02-21,2019-02-22,0,Overnight,0.0,False,58.33,58.33,83.25,False,0.0,False
2019-02-22,2019-02-25,2,Weekend,48.0,False,70.94,70.94,-15.22,False,0.0,False
2019-02-25,2019-02-26,0,Overnight,0.0,False,-29.62,-29.62,98.38,False,0.0,False
2019-02-26,2019-02-27,0,Overnight,0.0,False,-59.81,-59.81,42.88,False,0.0,False
2019-02-27,2019-02-28,0,Overnight,0.0,False,-11.6,-11.6,-0.89,False,0.0,False
2019-02-28,2019-03-01,0,Overnight,0.0,False,76.47,76.47,-31.94,False,0.0,False
2019-03-01,2019-03-04,2,Weekend,48.0,False,43.45,43.45,-67.47,False,0.0,False
2019-03-04,2019-03-05,0,Overnight,0.0,False,-0.89,-0.89,-49.12,False,0.0,False
2019-03-05,2019-03-06,0,Overnight,0.0,False,15.21,15.21,-10.73,False,0.0,False
2019-03-06,2019-03-07,0,Overnight,0.0,False,-31.37,-31.37,-91.08,False,0.0,False
2019-03-07,2019-03-08,0,Overnight,0.0,False,-112.05,-112.05,122.91,False,0.0,False
2019-03-08,2019-03-11,2,Weekend,47.0,False,43.34,43.34,164.42,False,0.0,False
2019-03-11,2019-03-12,0,Overnight,0.0,False,-0.89,-0.89,70.66,False,0.0,False
2019-03-12,2019-03-13,0,Overnight,0.0,False,44.79,44.79,32.37,False,0.0,False
2019-03-13,2019-03-14,0,Overnight,0.0,False,3.49,3.49,4.36,False,0.0,False
2019-03-14,2019-03-15,0,Overnight,0.0,False,65.24,65.24,49.3,False,0.0,False
2019-03-15,2019-03-18,2,Weekend,48.0,False,22.41,22.41,119.79,False,0.0,False
2019-03-18,2019-03-19,0,Overnight,0.0,False,44.13,44.13,-37.33,False,0.0,False
2019-03-19,2019-03-20,0,Overnight,0.0,False,-22.12,-22.12,11.07,False,0.0,False
2019-03-20,2019-03-21,0,Overnight,0.0,False,-32.39,-32.39,259.54,False,0.0,False
2019-03-21,2019-03-22,0,Overnight,0.0,False,-60.07,-60.07,-207.15,False,0.0,False
2019-03-22,2019-03-25,2,Weekend,48.0,False,-41.95,-41.95,93.93,False,0.0,False
2019-03-25,2019-03-26,0,Overnight,0.0,False,81.26,81.26,-60.03,False,0.0,False
2019-03-26,2019-03-27,0,Overnight,0.0,False,-2.55,-2.55,-94.61,False,0.0,False
2019-03-27,2019-03-28,0,Overnight,0.0,False,57.21,57.21,-43.52,False,0.0,False
2019-03-28,2019-03-29,0,Overnight,0.0,False,97.02,97.02,-11.02,False,0.0,False
2019-03-29,2019-04-01,2,Weekend,48.0,False,85.27,85.27,5.88,False,0.0,False
2019-04-01,2019-04-02,0,Overnight,0.0,False,3.36,3.36,10.91,False,0.0,False
2019-04-02,2019-04-03,0,Overnight,0.0,False,56.06,56.06,9.17,False,0.0,False
2019-04-03,2019-04-04,0,Overnight,0.0,False,10.83,10.83,-61.81,False,0.0,False
2019-04-04,2019-04-05,0,Overnight,0.0,False,2.51,2.51,41.79,False,0.0,False
2019-04-05,2019-04-08,2,Weekend,48.0,False,-6.68,-6.68,10.01,False,0.0,False
2019-04-08,2019-04-09,0,Overnight,0.0,False,-108.99,-108.99,54.64,False,0.0,False
2019-04-09,2019-04-10,0,Overnight,0.0,False,40.16,40.16,35.84,False,0.0,False
2019-04-10,2019-04-11,0,Overnight,0.0,False,29.08,29.08,-17.44,False,0.0,False
2019-04-11,2019-04-12,0,Overnight,0.0,False,25.73,25.73,25.66,False,0.0,False
2019-04-12,2019-04-15,2,Weekend,48.0,False,-0.83,-0.83,9.09,False,0.0,False
2019-04-15,2019-04-16,0,Overnight,0.0,False,48.62,48.62,-71.78,False,0.0,False
2019-04-16,2019-04-17,0,Overnight,0.0,False,38.84,38.84,43.62,False,0.0,False
2019-04-17,2019-04-18,0,Overnight,0.0,False,34.43,34.43,96.11,False,0.0,False
2019-04-18,2019-04-22,3,Long,72.0,False,-60.98,-60.98,92.54,False,0.0,False
2019-04-22,2019-04-23,0,Overnight,0.0,False,27.43,27.43,107.4,False,0.0,False
2019-04-23,2019-04-24,0,Overnight,0.0,False,27.86,27.86,-62.2,False,0.0,False
2019-04-24,2019-04-25,0,Overnight,0.0,False,396.02,396.02,-70.21,False,0.0,False
2019-04-25,2019-04-26,0,Overnight,0.0,False,42.5,42.5,14.64,False,0.0,False
2019-04-26,2019-04-29,2,Weekend,48.0,False,0.77,0.77,-10.01,False,0.0,False
2019-04-29,2019-04-30,0,Overnight,0.0,False,3.08,3.08,60.67,False,0.0,False
2019-04-30,2019-05-01,0,Overnight,0.0,False,-5.36,-5.36,-205.11,False,0.0,False
2019-05-01,2019-05-02,0,Overnight,0.0,False,7.82,7.82,-139.27,False,0.0,False
2019-05-02,2019-05-03,0,Overnight,0.0,False,90.71,90.71,120.19,False,0.0,False
2019-05-03,2019-05-06,2,Weekend,48.0,False,-196.65,-196.65,138.29,False,0.0,False
2019-05-06,2019-05-07,0,Overnight,0.0,False,-132.75,-132.75,-74.61,False,0.0,False
2019-05-07,2019-05-08,0,Overnight,0.0,False,-6.38,-6.38,5.58,False,0.0,False
2019-05-08,2019-05-09,0,Overnight,0.0,False,-97.68,-97.68,96.88,False,0.0,False
2019-05-09,2019-05-10,0,Overnight,0.0,False,-47.12,-47.12,176.17,False,0.0,False
2019-05-10,2019-05-13,2,Weekend,48.0,False,-240.42,-240.42,-61.42,False,0.0,False
2019-05-13,2019-05-14,0,Overnight,0.0,False,42.07,42.07,69.19,False,0.0,False
2019-05-14,2019-05-15,0,Overnight,0.0,False,-37.75,-0.8,140.64,True,36.88,False
2019-05-15,2019-05-16,0,Overnight,0.0,False,57.76,57.76,170.53,False,0.0,False
2019-05-16,2019-05-17,0,Overnight,0.0,False,-48.2,-48.2,-18.72,False,0.0,False
2019-05-17,2019-05-20,2,Weekend,48.0,False,-121.77,-121.77,-23.74,False,0.0,False
2019-05-20,2019-05-21,0,Overnight,0.0,False,95.41,95.41,-41.68,False,0.0,False
2019-05-21,2019-05-22,0,Overnight,0.0,False,-22.09,-22.09,82.58,False,0.0,False
2019-05-22,2019-05-23,0,Overnight,0.0,False,-115.81,-115.81,-1.58,False,0.0,False
2019-05-23,2019-05-24,0,Overnight,0.0,False,57.69,57.69,-52.93,False,0.0,False
2019-05-24,2019-05-28,3,Long,72.0,False,58.45,58.45,-64.79,False,0.0,False
2019-05-28,2019-05-29,0,Overnight,0.0,False,-62.02,-62.02,-35.15,False,0.0,False
2019-05-29,2019-05-30,0,Overnight,0.0,False,25.58,25.58,37.45,False,0.0,False
2019-05-30,2019-05-31,0,Overnight,0.0,False,-120.02,-120.02,-44.37,False,0.0,False
2019-05-31,2019-06-03,2,Weekend,48.0,False,13.74,13.74,-329.14,False,0.0,False
2019-06-03,2019-06-04,0,Overnight,0.0,False,119.44,119.44,153.82,False,0.0,False
2019-06-04,2019-06-05,0,Overnight,0.0,False,144.29,144.29,70.18,False,0.0,False
2019-06-05,2019-06-06,0,Overnight,0.0,False,48.36,48.36,108.55,False,0.0,False
2019-06-06,2019-06-07,0,Overnight,0.0,False,106.61,106.61,169.62,False,0.0,False
2019-06-07,2019-06-10,2,Weekend,48.0,False,75.82,75.82,15.1,False,0.0,False
2019-06-10,2019-06-11,0,Overnight,0.0,False,96.07,96.07,-133.85,False,0.0,False
2019-06-11,2019-06-12,0,Overnight,0.0,False,-53.13,-53.13,6.85,False,0.0,False
2019-06-12,2019-06-13,0,Overnight,0.0,False,37.2,37.2,25.73,False,0.0,False
2019-06-13,2019-06-14,0,Overnight,0.0,False,-4.54,-4.54,14.36,False,0.0,False
2019-06-14,2019-06-17,2,Weekend,48.0,False,13.58,13.58,16.57,False,0.0,False
2019-06-17,2019-06-18,0,Overnight,0.0,False,100.36,100.36,72.03,False,0.0,False
2019-06-18,2019-06-19,0,Overnight,0.0,False,-11.85,-11.85,50.98,False,0.0,False
2019-06-19,2019-06-20,0,Overnight,0.0,False,128.87,128.87,-36.44,False,0.0,False
2019-06-20,2019-06-21,0,Overnight,0.0,False,-27.05,-27.05,28.51,False,0.0,False
2019-06-21,2019-06-24,2,Weekend,48.0,False,2.19,2.19,56.77,False,0.0,False
2019-06-24,2019-06-25,0,Overnight,0.0,False,-38.54,-38.54,-282.27,False,0.0,False
2019-06-25,2019-06-26,0,Overnight,0.0,False,68.71,68.71,-31.31,False,0.0,False
2019-06-26,2019-06-27,0,Overnight,0.0,False,15.67,15.67,0.75,False,0.0,False
2019-06-27,2019-06-28,0,Overnight,0.0,False,31.26,31.26,-45.43,False,0.0,False
2019-06-28,2019-07-01,2,Weekend,48.0,False,197.35,197.35,-69.77,False,0.0,False
2019-07-01,2019-07-02,0,Overnight,0.0,False,32.38,32.38,33.74,False,0.0,False
2019-07-02,2019-07-03,0,Overnight,0.0,False,16.09,16.09,48.13,False,0.0,False
2019-07-03,2019-07-05,1,Short,24.0,True,-111.19,-111.19,82.05,False,0.0,False
2019-07-05,2019-07-08,2,Weekend,48.0,False,-48.27,-48.27,40.97,False,0.0,False
2019-07-08,2019-07-09,0,Overnight,0.0,False,-70.34,-70.34,33.77,False,0.0,False
2019-07-09,2019-07-10,0,Overnight,0.0,False,48.98,48.98,52.37,False,0.0,False
2019-07-10,2019-07-11,0,Overnight,0.0,False,25.36,25.36,14.46,False,0.0,False
2019-07-11,2019-07-12,0,Overnight,0.0,False,32.46,32.46,3.6,False,0.0,False
2019-07-12,2019-07-15,2,Weekend,48.0,False,38.8,38.8,-38.8,False,0.0,False
2019-07-15,2019-07-16,0,Overnight,0.0,False,4.32,4.32,-136.21,False,0.0,False
2019-07-16,2019-07-17,0,Overnight,0.0,False,45.13,45.13,-104.39,False,0.0,False
2019-07-17,2019-07-18,0,Overnight,0.0,False,-52.98,-52.98,63.98,False,0.0,False
2019-07-18,2019-07-19,0,Overnight,0.0,False,274.74,274.74,-260.09,False,0.0,False
2019-07-19,2019-07-22,2,Weekend,48.0,False,57.66,57.66,73.96,False,0.0,False
2019-07-22,2019-07-23,0,Overnight,0.0,False,95.62,95.62,-33.69,False,0.0,False
2019-07-23,2019-07-24,0,Overnight,0.0,False,-28.04,-28.04,130.18,False,0.0,False
2019-07-24,2019-07-25,0,Overnight,0.0,False,-20.63,-20.63,-17.1,False,0.0,False
2019-07-25,2019-07-26,0,Overnight,0.0,False,12.83,12.83,68.87,False,0.0,False
2019-07-26,2019-07-29,2,Weekend,48.0,False,11.31,11.31,-33.27,False,0.0,False
2019-07-29,2019-07-30,0,Overnight,0.0,False,-63.31,-63.31,14.97,False,0.0,False
2019-07-30,2019-07-31,0,Overnight,0.0,False,-1.43,-1.43,-293.59,False,0.0,False
2019-07-31,2019-08-01,0,Overnight,0.0,False,53.43,53.43,77.07,False,0.0,False
2019-08-01,2019-08-02,0,Overnight,0.0,False,2.17,2.17,-86.55,False,0.0,False
2019-08-02,2019-08-05,2,Weekend,48.0,False,-266.48,-266.48,-82.11,False,0.0,False
2019-08-05,2019-08-06,0,Overnight,0.0,False,119.55,119.55,66.3,False,0.0,False
2019-08-06,2019-08-07,0,Overnight,0.0,False,-67.05,-67.05,110.75,False,0.0,False
2019-08-07,2019-08-08,0,Overnight,0.0,False,97.1,97.1,166.25,False,0.0,False
2019-08-08,2019-08-09,0,Overnight,0.0,False,-20.18,-20.18,-65.14,False,0.0,False
2019-08-09,2019-08-12,2,Weekend,48.0,False,-46.58,-46.58,-93.82,False,0.0,False
2019-08-12,2019-08-13,0,Overnight,0.0,False,19.13,19.13,185.7,False,0.0,False
2019-08-13,2019-08-14,0,Overnight,0.0,False,-162.94,-129.26,-176.08,True,33.19,False
2019-08-14,2019-08-15,0,Overnight,0.0,False,30.56,30.56,-52.97,False,0.0,False
2019-08-15,2019-08-16,0,Overnight,0.0,False,89.37,89.37,92.25,False,0.0,False
2019-08-16,2019-08-19,2,Weekend,48.0,False,125.56,125.56,40.54,False,0.0,False
2019-08-19,2019-08-20,0,Overnight,0.0,False,-14.46,-14.46,-68.97,False,0.0,False
2019-08-20,2019-08-21,0,Overnight,0.0,False,93.54,93.54,17.31,False,0.0,False
2019-08-21,2019-08-22,0,Overnight,0.0,False,-9.37,-9.37,-63.67,False,0.0,False
2019-08-22,2019-08-23,0,Overnight,0.0,False,-42.91,-42.91,-280.9,False,0.0,False
2019-08-23,2019-08-26,2,Weekend,48.0,False,119.24,119.24,34.02,False,0.0,False
2019-08-26,2019-08-27,0,Overnight,0.0,False,69.16,69.16,-47.77,False,0.0,False
2019-08-27,2019-08-28,0,Overnight,0.0,False,-63.56,-63.56,50.29,False,0.0,False
2019-08-28,2019-08-29,0,Overnight,0.0,False,123.9,123.9,63.19,False,0.0,False
2019-08-29,2019-08-30,0,Overnight,0.0,False,74.3,74.3,-93.14,False,0.0,False
2019-08-30,2019-09-03,3,Long,72.0,False,-91.09,-91.09,-41.81,False,0.0,False
2019-09-03,2019-09-04,0,Overnight,0.0,False,92.19,92.19,24.01,False,0.0,False
2019-09-04,2019-09-05,0,Overnight,0.0,False,106.96,106.96,67.35,False,0.0,False
2019-09-05,2019-09-06,0,Overnight,0.0,False,-1.43,-1.43,-66.64,False,0.0,False
2019-09-06,2019-09-09,2,Weekend,48.0,False,35.16,35.16,-149.4,False,0.0,False
2019-09-09,2019-09-10,0,Overnight,0.0,False,-52.49,-52.49,-52.77,False,0.0,False
2019-09-10,2019-09-11,0,Overnight,0.0,False,-12.5,-12.5,15.44,False,0.0,False
2019-09-11,2019-09-12,0,Overnight,0.0,False,126.29,126.29,-23.97,False,0.0,False
2019-09-12,2019-09-13,0,Overnight,0.0,False,18.89,18.89,-33.44,False,0.0,False
2019-09-13,2019-09-16,2,Weekend,48.0,False,-109.1,-109.1,36.74,False,0.0,False
2019-09-16,2019-09-17,0,Overnight,0.0,False,46.11,46.11,31.35,False,0.0,False
2019-09-17,2019-09-18,0,Overnight,0.0,False,-2.18,-2.18,84.1,False,0.0,False
2019-09-18,2019-09-19,0,Overnight,0.0,False,127.68,127.68,54.73,False,0.0,False
2019-09-19,2019-09-20,0,Overnight,0.0,False,-4.25,-4.25,-111.96,False,0.0,False
2019-09-20,2019-09-23,2,Weekend,48.0,False,-15.07,-15.07,-6.47,False,0.0,False
2019-09-23,2019-09-24,0,Overnight,0.0,False,87.3,87.3,-214.6,False,0.0,False
2019-09-24,2019-09-25,0,Overnight,0.0,False,8.73,8.73,134.37,False,0.0,False
2019-09-25,2019-09-26,0,Overnight,0.0,False,5.74,5.74,7.17,False,0.0,False
2019-09-26,2019-09-27,0,Overnight,0.0,False,43.62,43.62,-174.18,False,0.0,False
2019-09-27,2019-09-30,2,Weekend,48.0,False,23.21,23.21,70.74,False,0.0,False
2019-09-30,2019-10-01,0,Overnight,0.0,False,45.21,45.21,-187.19,False,0.0,False
2019-10-01,2019-10-02,0,Overnight,0.0,False,-60.0,-60.0,-118.13,False,0.0,False
2019-10-02,2019-10-03,0,Overnight,0.0,False,22.26,22.26,98.07,False,0.0,False
2019-10-03,2019-10-04,0,Overnight,0.0,False,34.43,34.43,99.68,False,0.0,False
2019-10-04,2019-10-07,2,Weekend,48.0,False,-71.21,-71.21,-1.46,False,0.0,False
2019-10-07,2019-10-08,0,Overnight,0.0,False,-2.92,-2.92,-103.39,False,0.0,False
2019-10-08,2019-10-09,0,Overnight,0.0,False,131.08,131.08,56.58,False,0.0,False
2019-10-09,2019-10-10,0,Overnight,0.0,False,18.07,18.07,43.95,False,0.0,False
2019-10-10,2019-10-11,0,Overnight,0.0,False,73.06,73.06,-31.45,False,0.0,False
2019-10-11,2019-10-14,2,Weekend,48.0,False,0.72,0.72,-10.03,False,0.0,False
2019-10-14,2019-10-15,0,Overnight,0.0,False,36.48,36.48,107.23,False,0.0,False
2019-10-15,2019-10-16,0,Overnight,0.0,False,-55.25,-55.25,-27.03,False,0.0,False
2019-10-16,2019-10-17,0,Overnight,0.0,False,38.38,38.38,-89.8,False,0.0,False
2019-10-17,2019-10-18,0,Overnight,0.0,False,5.01,5.01,-169.57,False,0.0,False
2019-10-18,2019-10-21,2,Weekend,48.0,False,75.4,75.4,-1.44,False,0.0,False
2019-10-21,2019-10-22,0,Overnight,0.0,False,38.93,38.93,-188.86,False,0.0,False
2019-10-22,2019-10-23,0,Overnight,0.0,False,37.33,37.33,26.27,False,0.0,False
2019-10-23,2019-10-24,0,Overnight,0.0,False,155.44,155.44,39.38,False,0.0,False
2019-10-24,2019-10-25,0,Overnight,0.0,False,-42.97,-42.97,99.26,False,0.0,False
2019-10-25,2019-10-28,2,Weekend,48.0,False,257.44,257.44,-14.55,False,0.0,False
2019-10-28,2019-10-29,0,Overnight,0.0,False,-7.63,-7.63,-87.14,False,0.0,False
2019-10-29,2019-10-30,0,Overnight,0.0,False,48.19,48.19,75.66,False,0.0,False
2019-10-30,2019-10-31,0,Overnight,0.0,False,20.03,20.03,-106.15,False,0.0,False
2019-10-31,2019-11-01,0,Overnight,0.0,False,61.89,61.89,-37.5,False,0.0,False
2019-11-01,2019-11-04,2,Weekend,49.0,False,76.94,76.94,-19.35,False,0.0,False
2019-11-04,2019-11-05,0,Overnight,0.0,False,29.01,29.01,-35.24,False,0.0,False
2019-11-05,2019-11-06,0,Overnight,0.0,False,-6.23,-6.23,-21.5,False,0.0,False
2019-11-06,2019-11-07,0,Overnight,0.0,False,-15.28,-15.28,29.16,False,0.0,False
2019-11-07,2019-11-08,0,Overnight,0.0,False,-19.43,-19.43,136.58,False,0.0,False
2019-11-08,2019-11-11,2,Weekend,48.0,False,-42.57,-42.57,52.84,False,0.0,False
2019-11-11,2019-11-12,0,Overnight,0.0,False,11.63,11.63,53.86,False,0.0,False
2019-11-12,2019-11-13,0,Overnight,0.0,False,-22.46,-22.46,38.77,False,0.0,False
2019-11-13,2019-11-14,0,Overnight,0.0,False,-19.71,-19.71,70.49,False,0.0,False
2019-11-14,2019-11-15,0,Overnight,0.0,False,58.59,58.59,69.59,False,0.0,False
2019-11-15,2019-11-18,2,Weekend,48.0,False,6.67,6.67,17.97,False,0.0,False
2019-11-18,2019-11-19,0,Overnight,0.0,False,35.85,35.85,-32.53,False,0.0,False
2019-11-19,2019-11-20,0,Overnight,0.0,False,-5.32,28.55,-46.01,True,33.91,False
2019-11-20,2019-11-21,0,Overnight,0.0,False,-14.71,-14.71,5.35,False,0.0,False
2019-11-21,2019-11-22,0,Overnight,0.0,False,39.39,39.39,-32.04,False,0.0,False
2019-11-22,2019-11-25,2,Weekend,48.0,False,27.37,27.37,81.67,False,0.0,False
2019-11-25,2019-11-26,0,Overnight,0.0,False,8.59,8.59,44.17,False,0.0,False
2019-11-26,2019-11-27,0,Overnight,0.0,False,19.71,19.71,-0.66,False,0.0,False
2019-11-27,2019-11-29,1,Short,24.0,False,-14.45,-14.45,-47.45,False,0.0,False
2019-11-29,2019-12-02,2,Weekend,48.0,True,28.36,28.36,-149.99,False,0.0,False
2019-12-02,2019-12-03,0,Overnight,0.0,False,-138.7,-138.7,122.64,False,0.0,False
2019-12-03,2019-12-04,0,Overnight,0.0,False,55.44,55.44,-19.33,False,0.0,False
2019-12-04,2019-12-05,0,Overnight,0.0,False,13.34,13.34,-8.0,False,0.0,False
2019-12-05,2019-12-06,0,Overnight,0.0,False,70.45,70.45,50.21,False,0.0,False
2019-12-06,2019-12-09,2,Weekend,48.0,False,-44.91,-44.91,19.18,False,0.0,False
2019-12-09,2019-12-10,0,Overnight,0.0,False,-4.63,-4.63,-10.58,False,0.0,False
2019-12-10,2019-12-11,0,Overnight,0.0,False,27.09,27.09,10.55,False,0.0,False
2019-12-11,2019-12-12,0,Overnight,0.0,False,-3.3,-3.3,104.3,False,0.0,False
2019-12-12,2019-12-13,0,Overnight,0.0,False,-15.67,-15.67,99.5,False,0.0,False
2019-12-13,2019-12-16,2,Weekend,48.0,False,37.46,37.46,27.04,False,0.0,False
2019-12-16,2019-12-17,0,Overnight,0.0,False,-5.15,-5.15,-49.01,False,0.0,False
2019-12-17,2019-12-18,0,Overnight,0.0,False,-25.24,-25.24,4.54,False,0.0,False
2019-12-18,2019-12-19,0,Overnight,0.0,False,-24.0,-24.0,110.43,False,0.0,False
2019-12-19,2019-12-20,0,Overnight,0.0,False,104.77,104.77,3.81,False,0.0,False
2019-12-20,2019-12-23,2,Weekend,48.0,False,45.0,45.0,-45.0,False,0.0,False
2019-12-23,2019-12-24,0,Overnight,0.0,False,4.45,4.45,-6.35,False,0.0,False
2019-12-24,2019-12-26,1,Short,24.0,True,11.43,11.43,70.2,False,0.0,False
2019-12-26,2019-12-27,0,Overnight,0.0,False,49.04,49.04,-30.78,False,0.0,False
2019-12-27,2019-12-30,2,Weekend,48.0,False,1.89,1.89,-88.45,False,0.0,False
2019-12-30,2019-12-31,0,Overnight,0.0,False,-52.17,-52.17,59.15,False,0.0,False
2019-12-31,2020-01-02,1,Short,24.0,False,68.25,68.25,115.22,False,0.0,False
2020-01-02,2020-01-03,0,Overnight,0.0,False,-144.23,-144.23,18.93,False,0.0,False
2020-01-03,2020-01-06,2,Weekend,48.0,False,-97.56,-97.56,123.38,False,0.0,False
2020-01-06,2020-01-07,0,Overnight,0.0,False,18.22,18.22,-109.82,False,0.0,False
2020-01-07,2020-01-08,0,Overnight,0.0,False,85.31,85.31,72.72,False,0.0,False
2020-01-08,2020-01-09,0,Overnight,0.0,False,108.72,108.72,15.44,False,0.0,False
2020-01-09,2020-01-10,0,Overnight,0.0,False,44.94,44.94,-91.31,False,0.0,False
2020-01-10,2020-01-13,2,Weekend,48.0,False,26.0,26.0,93.53,False,0.0,False
2020-01-13,2020-01-14,0,Overnight,0.0,False,6.73,6.73,-77.41,False,0.0,False
2020-01-14,2020-01-15,0,Overnight,0.0,False,30.18,30.18,34.38,False,0.0,False
2020-01-15,2020-01-16,0,Overnight,0.0,False,71.44,71.44,110.13,False,0.0,False
2020-01-16,2020-01-17,0,Overnight,0.0,False,74.94,74.94,-19.13,False,0.0,False
2020-01-17,2020-01-21,3,Long,72.0,False,-25.17,-25.17,-10.8,False,0.0,False
2020-01-21,2020-01-22,0,Overnight,0.0,False,53.91,53.91,-102.07,False,0.0,False
2020-01-22,2020-01-23,0,Overnight,0.0,False,29.53,29.53,31.84,False,0.0,False
2020-01-23,2020-01-24,0,Overnight,0.0,False,47.27,47.27,-148.55,False,0.0,False
2020-01-24,2020-01-27,2,Weekend,48.0,False,-238.52,-238.52,69.88,False,0.0,False
2020-01-27,2020-01-28,0,Overnight,0.0,False,92.01,92.01,102.05,False,0.0,False
2020-01-28,2020-01-29,0,Overnight,0.0,False,142.82,142.82,11.91,False,0.0,False
2020-01-29,2020-01-30,0,Overnight,0.0,False,351.41,351.41,-73.24,False,0.0,False
2020-01-30,2020-01-31,0,Overnight,0.0,False,-33.04,-33.04,-115.64,False,0.0,False
2020-01-31,2020-02-03,2,Weekend,48.0,False,11.74,11.74,229.12,False,0.0,False
2020-02-03,2020-02-04,0,Overnight,0.0,False,157.04,157.04,166.83,False,0.0,False
2020-02-04,2020-02-05,0,Overnight,0.0,False,214.76,214.76,-226.98,False,0.0,False
2020-02-05,2020-02-06,0,Overnight,0.0,False,59.3,59.3,145.92,False,0.0,False
2020-02-06,2020-02-07,0,Overnight,0.0,False,-42.57,-42.57,56.72,False,0.0,False
2020-02-07,2020-02-10,2,Weekend,48.0,False,-16.87,-16.87,275.08,False,0.0,False
2020-02-10,2020-02-11,0,Overnight,0.0,False,102.81,102.81,-331.15,False,0.0,False
2020-02-11,2020-02-12,0,Overnight,0.0,False,61.62,61.62,-46.99,False,0.0,False
2020-02-12,2020-02-13,0,Overnight,0.0,False,-88.64,-88.64,34.35,False,0.0,False
2020-02-13,2020-02-14,0,Overnight,0.0,False,-25.07,-25.07,113.95,False,0.0,False
2020-02-14,2020-02-18,3,Long,72.0,False,14.02,14.02,86.9,False,0.0,False
2020-02-18,2020-02-19,0,Overnight,0.0,False,44.23,71.31,-41.56,True,27.24,False
2020-02-19,2020-02-20,0,Overnight,0.0,False,-17.64,-17.64,-136.25,False,0.0,False
2020-02-20,2020-02-21,0,Overnight,0.0,False,-68.01,-68.01,-253.22,False,0.0,False
2020-02-21,2020-02-24,2,Weekend,48.0,False,-624.99,-624.99,184.26,False,0.0,False
2020-02-24,2020-02-25,0,Overnight,0.0,False,191.84,191.84,-358.23,False,0.0,False
2020-02-25,2020-02-26,0,Overnight,0.0,False,97.11,97.11,27.07,False,0.0,False
2020-02-26,2020-02-27,0,Overnight,0.0,False,-410.86,-410.86,-319.78,False,0.0,False
2020-02-27,2020-02-28,0,Overnight,0.0,False,-371.59,-371.59,610.84,False,0.0,False
2020-02-28,2020-03-02,2,Weekend,48.0,False,201.64,201.64,442.54,False,0.0,False
2020-03-02,2020-03-03,0,Overnight,0.0,False,58.28,58.28,-549.34,False,0.0,False
2020-03-03,2020-03-04,0,Overnight,0.0,False,239.05,239.05,121.52,False,0.0,False
2020-03-04,2020-03-05,0,Overnight,0.0,False,-267.4,-267.4,13.24,False,0.0,False
2020-03-05,2020-03-06,0,Overnight,0.0,False,-222.58,-222.58,-64.16,False,0.0,False
2020-03-06,2020-03-09,2,Weekend,47.0,False,-676.59,-676.59,-25.2,False,0.0,False
2020-03-09,2020-03-10,0,Overnight,0.0,False,488.47,488.47,173.0,False,0.0,False
2020-03-10,2020-03-11,0,Overnight,0.0,False,-238.34,-238.34,-225.26,False,0.0,False
2020-03-11,2020-03-12,0,Overnight,0.0,False,-557.47,-557.47,-438.95,False,0.0,False
2020-03-12,2020-03-13,0,Overnight,0.0,False,589.23,589.23,740.06,False,0.0,False
2020-03-13,2020-03-16,2,Weekend,48.0,False,-1261.92,-1261.92,-332.61,False,0.0,False
2020-03-16,2020-03-17,0,Overnight,0.0,False,332.61,332.61,458.61,False,0.0,False
2020-03-17,2020-03-18,0,Overnight,0.0,False,-602.49,-602.49,172.42,False,0.0,False
2020-03-18,2020-03-19,0,Overnight,0.0,False,167.4,167.4,-4.2,False,0.0,False
2020-03-19,2020-03-20,0,Overnight,0.0,False,227.92,227.92,-610.74,False,0.0,False
2020-03-20,2020-03-23,2,Weekend,48.0,False,-24.79,-24.79,-75.46,False,0.0,False
2020-03-23,2020-03-24,0,Overnight,0.0,False,555.68,555.68,314.31,False,0.0,False
2020-03-24,2020-03-25,0,Overnight,0.0,False,38.35,38.35,-134.54,False,0.0,False
2020-03-25,2020-03-26,0,Overnight,0.0,False,100.23,100.23,506.5,False,0.0,False
2020-03-26,2020-03-27,0,Overnight,0.0,False,-283.26,-283.26,-136.01,False,0.0,False
2020-03-27,2020-03-30,2,Weekend,48.0,False,181.38,181.38,498.39,False,0.0,False
2020-03-30,2020-03-31,0,Overnight,0.0,False,-51.94,-51.94,-106.59,False,0.0,False
2020-03-31,2020-04-01,0,Overnight,0.0,False,-303.2,-303.2,-58.34,False,0.0,False
2020-04-01,2020-04-02,0,Overnight,0.0,False,-16.45,-16.45,221.42,False,0.0,False
2020-04-02,2020-04-03,0,Overnight,0.0,False,-10.31,-10.31,-82.22,False,0.0,False
2020-04-03,2020-04-06,2,Weekend,48.0,False,413.24,413.24,304.09,False,0.0,False
2020-04-06,2020-04-07,0,Overnight,0.0,False,258.03,258.03,-366.32,False,0.0,False
2020-04-07,2020-04-08,0,Overnight,0.0,False,132.46,132.46,-32.65,False,0.0,False
2020-04-08,2020-04-09,0,Overnight,0.0,False,74.21,74.21,-73.61,False,0.0,False
2020-04-09,2020-04-13,3,Long,72.0,False,-47.95,-47.95,70.33,False,0.0,False
2020-04-13,2020-04-14,0,Overnight,0.0,False,208.67,208.67,274.31,False,0.0,False
2020-04-14,2020-04-15,0,Overnight,0.0,False,-144.97,-144.97,39.64,False,0.0,False
2020-04-15,2020-04-16,0,Overnight,0.0,False,139.81,139.81,155.98,False,0.0,False
2020-04-16,2020-04-17,0,Overnight,0.0,False,138.0,138.0,-50.27,False,0.0,False
2020-04-17,2020-04-20,2,Weekend,48.0,False,-110.92,-110.92,-89.28,False,0.0,False
2020-04-20,2020-04-21,0,Overnight,0.0,False,-89.51,-89.51,-332.86,False,0.0,False
2020-04-21,2020-04-22,0,Overnight,0.0,False,210.5,210.5,123.51,False,0.0,False
2020-04-22,2020-04-23,0,Overnight,0.0,False,33.94,33.94,-155.71,False,0.0,False
2020-04-23,2020-04-24,0,Overnight,0.0,False,37.27,37.27,143.68,False,0.0,False
2020-04-24,2020-04-27,2,Weekend,48.0,False,116.19,116.19,-144.88,False,0.0,False
2020-04-27,2020-04-28,0,Overnight,0.0,False,88.09,88.09,-334.72,False,0.0,False
2020-04-28,2020-04-29,0,Overnight,0.0,False,198.82,198.82,240.14,False,0.0,False
2020-04-29,2020-04-30,0,Overnight,0.0,False,143.81,143.81,-43.99,False,0.0,False
2020-04-30,2020-05-01,0,Overnight,0.0,False,-192.11,-192.11,-70.21,False,0.0,False
2020-05-01,2020-05-04,2,Weekend,48.0,False,-4.58,-4.58,246.24,False,0.0,False
2020-05-04,2020-05-05,0,Overnight,0.0,False,99.04,99.04,7.75,False,0.0,False
2020-05-05,2020-05-06,0,Overnight,0.0,False,72.76,72.76,25.23,False,0.0,False
2020-05-06,2020-05-07,0,Overnight,0.0,False,88.9,88.9,-31.0,False,0.0,False
2020-05-07,2020-05-08,0,Overnight,0.0,False,74.88,74.88,-16.23,False,0.0,False
2020-05-08,2020-05-11,2,Weekend,48.0,False,-83.19,-83.19,194.12,False,0.0,False
2020-05-11,2020-05-12,0,Overnight,0.0,False,3.21,3.21,-232.34,False,0.0,False
2020-05-12,2020-05-13,0,Overnight,0.0,False,2.19,2.19,-154.57,False,0.0,False
2020-05-13,2020-05-14,0,Overnight,0.0,False,-123.71,-123.71,167.01,False,0.0,False
2020-05-14,2020-05-15,0,Overnight,0.0,False,-81.76,-81.76,226.39,False,0.0,False
2020-05-15,2020-05-18,2,Weekend,48.0,False,140.42,140.42,-45.32,False,0.0,False
2020-05-18,2020-05-19,0,Overnight,0.0,False,6.49,6.49,-75.95,False,0.0,False
2020-05-19,2020-05-20,0,Overnight,0.0,False,64.05,91.61,45.89,True,27.77,False
2020-05-20,2020-05-21,0,Overnight,0.0,False,-14.01,-14.01,-106.83,False,0.0,False
2020-05-21,2020-05-22,0,Overnight,0.0,False,-13.09,-13.09,17.45,False,0.0,False
2020-05-22,2020-05-26,3,Long,72.0,False,153.04,153.04,-259.32,False,0.0,False
2020-05-26,2020-05-27,0,Overnight,0.0,False,-75.74,-75.74,88.95,False,0.0,False
2020-05-27,2020-05-28,0,Overnight,0.0,False,-59.03,-59.03,36.45,False,0.0,False
2020-05-28,2020-05-29,0,Overnight,0.0,False,73.05,73.05,28.42,False,0.0,False
2020-05-29,2020-06-01,2,Weekend,48.0,False,-38.82,-38.82,15.87,False,0.0,False
2020-06-01,2020-06-02,0,Overnight,0.0,False,77.37,77.37,35.76,False,0.0,False
2020-06-02,2020-06-03,0,Overnight,0.0,False,-4.87,-4.87,29.17,False,0.0,False
2020-06-03,2020-06-04,0,Overnight,0.0,False,-57.35,-57.35,-75.16,False,0.0,False
2020-06-04,2020-06-05,0,Overnight,0.0,False,-16.41,-16.41,247.7,False,0.0,False
2020-06-05,2020-06-08,2,Weekend,48.0,False,-67.53,-67.53,129.31,False,0.0,False
2020-06-08,2020-06-09,0,Overnight,0.0,False,-19.13,-19.13,95.29,False,0.0,False
2020-06-09,2020-06-10,0,Overnight,0.0,False,69.83,69.83,294.37,False,0.0,False
2020-06-10,2020-06-11,0,Overnight,0.0,False,-190.28,-190.28,-361.66,False,0.0,False
2020-06-11,2020-06-12,0,Overnight,0.0,False,226.65,226.65,-148.04,False,0.0,False
2020-06-12,2020-06-15,2,Weekend,48.0,False,-169.75,-169.75,233.47,False,0.0,False
2020-06-15,2020-06-16,0,Overnight,0.0,False,206.91,206.91,35.19,False,0.0,False
2020-06-16,2020-06-17,0,Overnight,0.0,False,75.14,75.14,-40.59,False,0.0,False
2020-06-17,2020-06-18,0,Overnight,0.0,False,-12.36,-12.36,118.88,False,0.0,False
2020-06-18,2020-06-19,0,Overnight,0.0,False,114.96,114.96,-174.74,False,0.0,False
2020-06-19,2020-06-22,2,Weekend,48.0,False,32.74,32.74,241.21,False,0.0,False
2020-06-22,2020-06-23,0,Overnight,0.0,False,75.5,75.5,-8.91,False,0.0,False
2020-06-23,2020-06-24,0,Overnight,0.0,False,-15.37,-15.37,-188.27,False,0.0,False
2020-06-24,2020-06-25,0,Overnight,0.0,False,-2.02,-2.02,127.59,False,0.0,False
2020-06-25,2020-06-26,0,Overnight,0.0,False,-30.49,-30.49,-171.7,False,0.0,False
2020-06-26,2020-06-29,2,Weekend,48.0,False,-28.05,-28.05,134.95,False,0.0,False
2020-06-29,2020-06-30,0,Overnight,0.0,False,-28.26,-28.26,280.54,False,0.0,False
2020-06-30,2020-07-01,0,Overnight,0.0,False,-18.2,-18.2,76.5,False,0.0,False
2020-07-01,2020-07-02,0,Overnight,0.0,False,47.76,47.76,28.16,False,0.0,False
2020-07-02,2020-07-06,3,Long,72.0,False,123.83,123.83,89.15,False,0.0,False
2020-07-06,2020-07-07,0,Overnight,0.0,False,-11.87,-11.87,-105.09,False,0.0,False
2020-07-07,2020-07-08,0,Overnight,0.0,False,87.02,87.02,130.53,False,0.0,False
2020-07-08,2020-07-09,0,Overnight,0.0,False,163.11,163.11,-93.35,False,0.0,False
2020-07-09,2020-07-10,0,Overnight,0.0,False,-32.72,-32.72,2.34,False,0.0,False
2020-07-10,2020-07-13,2,Weekend,48.0,False,37.84,37.84,-351.6,False,0.0,False
2020-07-13,2020-07-14,0,Overnight,0.0,False,-45.5,-45.5,107.12,False,0.0,False
2020-07-14,2020-07-15,0,Overnight,0.0,False,57.91,57.91,-72.8,False,0.0,False
2020-07-15,2020-07-16,0,Overnight,0.0,False,-127.71,-127.71,-72.32,False,0.0,False
2020-07-16,2020-07-17,0,Overnight,0.0,False,26.94,26.94,-78.07,False,0.0,False
2020-07-17,2020-07-20,2,Weekend,48.0,False,103.95,103.95,316.88,False,0.0,False
2020-07-20,2020-07-21,0,Overnight,0.0,False,96.88,96.88,-232.49,False,0.0,False
2020-07-21,2020-07-22,0,Overnight,0.0,False,21.53,21.53,121.16,False,0.0,False
2020-07-22,2020-07-23,0,Overnight,0.0,False,-217.7,-217.7,-226.99,False,0.0,False
2020-07-23,2020-07-24,0,Overnight,0.0,False,-105.22,-105.22,43.81,False,0.0,False
2020-07-24,2020-07-27,2,Weekend,48.0,False,8.44,8.44,117.44,False,0.0,False
2020-07-27,2020-07-28,0,Overnight,0.0,False,-11.78,-11.78,-78.4,False,0.0,False
2020-07-28,2020-07-29,0,Overnight,0.0,False,23.73,23.73,76.74,False,0.0,False
2020-07-29,2020-07-30,0,Overnight,0.0,False,-151.09,-151.09,143.25,False,0.0,False
2020-07-30,2020-07-31,0,Overnight,0.0,False,24.49,24.49,29.8,False,0.0,False
2020-07-31,2020-08-03,2,Weekend,48.0,False,312.61,312.61,234.56,False,0.0,False
2020-08-03,2020-08-04,0,Overnight,0.0,False,-110.05,-110.05,-41.17,False,0.0,False
2020-08-04,2020-08-05,0,Overnight,0.0,False,75.2,75.2,-91.62,False,0.0,False
2020-08-05,2020-08-06,0,Overnight,0.0,False,-28.22,-28.22,187.09,False,0.0,False
2020-08-06,2020-08-07,0,Overnight,0.0,False,-69.57,-69.57,-110.92,False,0.0,False
2020-08-07,2020-08-10,2,Weekend,48.0,False,-38.19,-38.19,-162.89,False,0.0,False
2020-08-10,2020-08-11,0,Overnight,0.0,False,-52.48,-52.48,-184.15,False,0.0,False
2020-08-11,2020-08-12,0,Overnight,0.0,False,93.47,93.47,188.19,False,0.0,False
2020-08-12,2020-08-13,0,Overnight,0.0,False,11.94,11.94,-35.4,False,0.0,False
2020-08-13,2020-08-14,0,Overnight,0.0,False,2.87,2.87,6.7,False,0.0,False
2020-08-14,2020-08-17,2,Weekend,48.0,False,33.45,33.45,32.39,False,0.0,False
2020-08-17,2020-08-18,0,Overnight,0.0,False,11.88,11.88,45.5,False,0.0,False
2020-08-18,2020-08-19,0,Overnight,0.0,False,0.0,24.09,-85.0,True,24.11,False
2020-08-19,2020-08-20,0,Overnight,0.0,False,-7.63,-7.63,237.68,False,0.0,False
2020-08-20,2020-08-21,0,Overnight,0.0,False,-33.61,-33.61,-39.36,False,0.0,False
2020-08-21,2020-08-24,2,Weekend,48.0,False,82.75,82.75,-51.34,False,0.0,False
2020-08-24,2020-08-25,0,Overnight,0.0,False,-27.65,-27.65,156.9,False,0.0,False
2020-08-25,2020-08-26,0,Overnight,0.0,False,64.93,64.93,148.97,False,0.0,False
2020-08-26,2020-08-27,0,Overnight,0.0,False,78.37,78.37,164.2,False,0.0,False
2020-08-27,2020-08-28,0,Overnight,0.0,False,70.37,70.37,31.94,False,0.0,False
2020-08-28,2020-08-31,2,Weekend,48.0,False,-83.79,-83.79,-64.97,False,0.0,False
2020-08-31,2020-09-01,0,Overnight,0.0,False,-0.89,-0.89,77.74,False,0.0,False
2020-09-01,2020-09-02,0,Overnight,0.0,False,30.75,30.75,160.14,False,0.0,False
2020-09-02,2020-09-03,0,Overnight,0.0,False,-103.27,-103.27,-536.21,False,0.0,False
2020-09-03,2020-09-04,0,Overnight,0.0,False,-101.76,-101.76,-39.6,False,0.0,False
2020-09-04,2020-09-08,3,Long,72.0,False,-368.43,-368.43,-187.71,False,0.0,False
2020-09-08,2020-09-09,0,Overnight,0.0,False,240.83,240.83,176.18,False,0.0,False
2020-09-09,2020-09-10,0,Overnight,0.0,False,99.37,99.37,-383.55,False,0.0,False
2020-09-10,2020-09-11,0,Overnight,0.0,False,88.71,88.71,-154.17,False,0.0,False
2020-09-11,2020-09-14,2,Weekend,48.0,False,10.29,10.29,57.12,False,0.0,False
2020-09-14,2020-09-15,0,Overnight,0.0,False,145.47,145.47,17.26,False,0.0,False
2020-09-15,2020-09-16,0,Overnight,0.0,False,87.74,87.74,-268.02,False,0.0,False
2020-09-16,2020-09-17,0,Overnight,0.0,False,-246.87,-246.87,141.95,False,0.0,False
2020-09-17,2020-09-18,0,Overnight,0.0,False,-5.42,-5.42,-119.55,False,0.0,False
2020-09-18,2020-09-21,2,Weekend,48.0,False,-160.98,-160.98,267.7,False,0.0,False
2020-09-21,2020-09-22,0,Overnight,0.0,False,123.65,123.65,114.43,False,0.0,False
2020-09-22,2020-09-23,0,Overnight,0.0,False,23.11,23.11,-357.94,False,0.0,False
2020-09-23,2020-09-24,0,Overnight,0.0,False,-36.96,-36.96,165.74,False,0.0,False
2020-09-24,2020-09-25,0,Overnight,0.0,False,17.7,17.7,207.61,False,0.0,False
2020-09-25,2020-09-28,2,Weekend,48.0,False,146.17,146.17,-68.52,False,0.0,False
2020-09-28,2020-09-29,0,Overnight,0.0,False,-4.3,-4.3,-100.34,False,0.0,False
2020-09-29,2020-09-30,0,Overnight,0.0,False,22.65,22.65,124.39,False,0.0,False
2020-09-30,2020-10-01,0,Overnight,0.0,False,149.12,149.12,-48.36,False,0.0,False
2020-10-01,2020-10-02,0,Overnight,0.0,False,-212.16,-212.16,-87.4,False,0.0,False
2020-10-02,2020-10-05,2,Weekend,48.0,False,49.83,49.83,151.34,False,0.0,False
2020-10-05,2020-10-06,0,Overnight,0.0,False,-74.43,-74.43,-140.33,False,0.0,False
2020-10-06,2020-10-07,0,Overnight,0.0,False,55.69,55.69,132.89,False,0.0,False
2020-10-07,2020-10-08,0,Overnight,0.0,False,32.35,32.35,3.33,False,0.0,False
2020-10-08,2020-10-09,0,Overnight,0.0,False,30.82,30.82,214.51,False,0.0,False
2020-10-09,2020-10-12,2,Weekend,48.0,False,137.14,137.14,118.59,False,0.0,False
2020-10-12,2020-10-13,0,Overnight,0.0,False,59.44,59.44,6.28,False,0.0,False
2020-10-13,2020-10-14,0,Overnight,0.0,False,6.28,6.28,-96.43,False,0.0,False
2020-10-14,2020-10-15,0,Overnight,0.0,False,-171.71,-171.71,117.23,False,0.0,False
2020-10-15,2020-10-16,0,Overnight,0.0,False,22.28,22.28,-22.28,False,0.0,False
2020-10-16,2020-10-19,2,Weekend,48.0,False,34.54,34.54,-285.31,False,0.0,False
2020-10-19,2020-10-20,0,Overnight,0.0,False,73.49,73.49,-53.43,False,0.0,False
2020-10-20,2020-10-21,0,Overnight,0.0,False,-71.53,-71.53,78.52,False,0.0,False
2020-10-21,2020-10-22,0,Overnight,0.0,False,-40.59,-40.59,44.77,False,0.0,False
2020-10-22,2020-10-23,0,Overnight,0.0,False,6.51,6.51,55.65,False,0.0,False
2020-10-23,2020-10-26,2,Weekend,48.0,False,-110.68,-110.68,-177.86,False,0.0,False
2020-10-26,2020-10-27,0,Overnight,0.0,False,71.62,71.62,78.15,False,0.0,False
2020-10-27,2020-10-28,0,Overnight,0.0,False,-265.15,-265.15,-243.22,False,0.0,False
2020-10-28,2020-10-29,0,Overnight,0.0,False,68.35,68.35,31.8,False,0.0,False
2020-10-29,2020-10-30,0,Overnight,0.0,False,-59.77,-59.77,-50.74,False,0.0,False
2020-10-30,2020-11-02,2,Weekend,49.0,False,89.49,89.49,-96.4,False,0.0,False
2020-11-02,2020-11-03,0,Overnight,0.0,False,76.81,76.81,123.81,False,0.0,False
2020-11-03,2020-11-04,0,Overnight,0.0,False,361.08,361.08,110.13,False,0.0,False
2020-11-04,2020-11-05,0,Overnight,0.0,False,257.75,257.75,56.14,False,0.0,False
2020-11-05,2020-11-06,0,Overnight,0.0,False,-46.23,-46.23,65.47,False,0.0,False
2020-11-06,2020-11-09,2,Weekend,48.0,False,32.13,32.13,-273.26,False,0.0,False
2020-11-09,2020-11-10,0,Overnight,0.0,False,-179.73,-179.73,-164.04,False,0.0,False
2020-11-10,2020-11-11,0,Overnight,0.0,False,65.19,65.19,193.97,False,0.0,False
2020-11-11,2020-11-12,0,Overnight,0.0,False,30.43,30.43,-81.82,False,0.0,False
2020-11-12,2020-11-13,0,Overnight,0.0,False,42.61,42.61,6.93,False,0.0,False
2020-11-13,2020-11-16,2,Weekend,48.0,False,-76.04,-76.04,109.24,False,0.0,False
2020-11-16,2020-11-17,0,Overnight,0.0,False,-52.15,-52.15,-76.18,False,0.0,False
2020-11-17,2020-11-18,0,Overnight,0.0,False,-37.84,-11.66,-121.02,True,26.11,False
2020-11-18,2020-11-19,0,Overnight,0.0,False,14.2,14.2,49.08,False,0.0,False
2020-11-19,2020-11-20,0,Overnight,0.0,False,-10.36,-10.36,-85.66,False,0.0,False
2020-11-20,2020-11-23,2,Weekend,48.0,False,26.58,26.58,-39.9,False,0.0,False
2020-11-23,2020-11-24,0,Overnight,0.0,False,-24.78,-24.78,201.68,False,0.0,False
2020-11-24,2020-11-25,0,Overnight,0.0,False,58.28,58.28,-57.81,False,0.0,False
2020-11-25,2020-11-27,1,Short,24.0,False,45.72,45.72,17.67,False,0.0,False
2020-11-27,2020-11-30,2,Weekend,48.0,True,-52.64,-52.64,-1.4,False,0.0,False
2020-11-30,2020-12-01,0,Overnight,0.0,False,20.53,20.53,78.94,False,0.0,False
2020-12-01,2020-12-02,0,Overnight,0.0,False,-61.7,-61.7,22.78,False,0.0,False
2020-12-02,2020-12-03,0,Overnight,0.0,False,-35.35,-35.35,-17.26,False,0.0,False
2020-12-03,2020-12-04,0,Overnight,0.0,False,-0.93,-0.93,6.53,False,0.0,False
2020-12-04,2020-12-07,2,Weekend,48.0,False,0.47,0.47,-3.73,False,0.0,False
2020-12-07,2020-12-08,0,Overnight,0.0,False,-14.94,-14.94,94.89,False,0.0,False
2020-12-08,2020-12-09,0,Overnight,0.0,False,-39.43,-39.43,-157.4,False,0.0,False
2020-12-09,2020-12-10,0,Overnight,0.0,False,-1.42,-1.42,-59.2,False,0.0,False
2020-12-10,2020-12-11,0,Overnight,0.0,False,-22.35,-22.35,151.66,False,0.0,False
2020-12-11,2020-12-14,2,Weekend,48.0,False,-7.5,-7.5,51.49,False,0.0,False
2020-12-14,2020-12-15,0,Overnight,0.0,False,45.18,45.18,-48.45,False,0.0,False
2020-12-15,2020-12-16,0,Overnight,0.0,False,28.91,28.91,208.75,False,0.0,False
2020-12-16,2020-12-17,0,Overnight,0.0,False,26.87,26.87,-20.49,False,0.0,False
2020-12-17,2020-12-18,0,Overnight,0.0,False,-37.9,-37.9,0.0,False,0.0,False
2020-12-18,2020-12-21,2,Weekend,48.0,False,-47.69,-47.69,229.03,False,0.0,False
2020-12-21,2020-12-22,0,Overnight,0.0,False,4.49,4.49,55.97,False,0.0,False
2020-12-22,2020-12-23,0,Overnight,0.0,False,-37.13,-37.13,-94.12,False,0.0,False
2020-12-23,2020-12-24,0,Overnight,0.0,False,18.08,18.08,59.89,False,0.0,False
2020-12-24,2020-12-28,3,Long,72.0,True,76.03,76.03,22.7,False,0.0,False
2020-12-28,2020-12-29,0,Overnight,0.0,False,59.83,59.83,-95.9,False,0.0,False
2020-12-29,2020-12-30,0,Overnight,0.0,False,48.07,48.07,-158.87,False,0.0,False
2020-12-30,2020-12-31,0,Overnight,0.0,False,0.9,0.9,32.42,False,0.0,False
2020-12-31,2021-01-04,3,Long,72.0,False,4.94,4.94,-219.9,False,0.0,False
2021-01-04,2021-01-05,0,Overnight,0.0,False,-19.77,-19.77,29.41,False,0.0,False
2021-01-05,2021-01-06,0,Overnight,0.0,False,-266.48,-266.48,3.77,False,0.0,False
2021-01-06,2021-01-07,0,Overnight,0.0,False,83.98,83.98,196.62,False,0.0,False
2021-01-07,2021-01-08,0,Overnight,0.0,False,17.85,17.85,42.89,False,0.0,False
2021-01-08,2021-01-11,2,Weekend,48.0,False,-52.5,-52.5,-44.96,False,0.0,False
2021-01-11,2021-01-12,0,Overnight,0.0,False,-45.62,-45.62,-72.78,False,0.0,False
2021-01-12,2021-01-13,0,Overnight,0.0,False,-42.43,-42.43,107.82,False,0.0,False
2021-01-13,2021-01-14,0,Overnight,0.0,False,-19.9,-19.9,-134.76,False,0.0,False
2021-01-14,2021-01-15,0,Overnight,0.0,False,23.44,23.44,-40.83,False,0.0,False
2021-01-15,2021-01-19,3,Long,72.0,False,51.6,51.6,125.06,False,0.0,False
2021-01-19,2021-01-20,0,Overnight,0.0,False,58.05,58.05,300.45,False,0.0,False
2021-01-20,2021-01-21,0,Overnight,0.0,False,16.03,16.03,12.01,False,0.0,False
2021-01-21,2021-01-22,0,Overnight,0.0,False,93.35,93.35,-49.89,False,0.0,False
2021-01-22,2021-01-25,2,Weekend,48.0,False,139.32,139.32,17.88,False,0.0,False
2021-01-25,2021-01-26,0,Overnight,0.0,False,101.0,101.0,20.25,False,0.0,False
2021-01-26,2021-01-27,0,Overnight,0.0,False,241.12,241.12,-216.62,False,0.0,False
2021-01-27,2021-01-28,0,Overnight,0.0,False,115.69,115.69,139.93,False,0.0,False
2021-01-28,2021-01-29,0,Overnight,0.0,False,-123.81,-123.81,-172.24,False,0.0,False
2021-01-29,2021-02-01,2,Weekend,48.0,False,132.76,132.76,193.39,False,0.0,False
2021-02-01,2021-02-02,0,Overnight,0.0,False,68.61,68.61,-74.46,False,0.0,False
2021-02-02,2021-02-03,0,Overnight,0.0,False,2.51,2.51,142.16,False,0.0,False
2021-02-03,2021-02-04,0,Overnight,0.0,False,-14.0,-14.0,-26.82,False,0.0,False
2021-02-04,2021-02-05,0,Overnight,0.0,False,9.09,9.09,-1.24,False,0.0,False
2021-02-05,2021-02-08,2,Weekend,48.0,False,39.15,39.15,-28.01,False,0.0,False
2021-02-08,2021-02-09,0,Overnight,0.0,False,-24.78,-24.78,78.25,False,0.0,False
2021-02-09,2021-02-10,0,Overnight,0.0,False,50.33,50.33,-89.38,False,0.0,False
2021-02-10,2021-02-11,0,Overnight,0.0,False,80.39,80.39,-11.85,False,0.0,False
2021-02-11,2021-02-12,0,Overnight,0.0,False,-22.93,-22.93,43.36,False,0.0,False
2021-02-12,2021-02-16,3,Long,72.0,False,1.63,1.63,-54.43,False,0.0,False
2021-02-16,2021-02-17,0,Overnight,0.0,False,-98.14,-74.96,118.64,True,22.98,False
2021-02-17,2021-02-18,0,Overnight,0.0,False,-98.77,-98.77,81.96,False,0.0,False
2021-02-18,2021-02-19,0,Overnight,0.0,False,-1.64,-1.64,-114.71,False,0.0,False
2021-02-19,2021-02-22,2,Weekend,48.0,False,-148.42,-148.42,-123.33,False,0.0,False
2021-02-22,2021-02-23,0,Overnight,0.0,False,-179.85,-179.85,126.84,False,0.0,False
2021-02-23,2021-02-24,0,Overnight,0.0,False,-140.74,-140.74,195.46,False,0.0,False
2021-02-24,2021-02-25,0,Overnight,0.0,False,-105.87,-105.87,-134.04,False,0.0,False
2021-02-25,2021-02-26,0,Overnight,0.0,False,110.31,110.31,36.65,False,0.0,False
2021-02-26,2021-03-01,2,Weekend,48.0,False,150.34,150.34,43.99,False,0.0,False
2021-03-01,2021-03-02,0,Overnight,0.0,False,2.95,2.95,-133.37,False,0.0,False
2021-03-02,2021-03-03,0,Overnight,0.0,False,-73.39,-73.39,-200.13,False,0.0,False
2021-03-03,2021-03-04,0,Overnight,0.0,False,-36.1,-36.1,-0.44,False,0.0,False
2021-03-04,2021-03-05,0,Overnight,0.0,False,122.3,122.3,90.22,False,0.0,False
2021-03-05,2021-03-08,2,Weekend,48.0,False,-9.94,-9.94,-173.52,False,0.0,False
2021-03-08,2021-03-09,0,Overnight,0.0,False,238.57,238.57,38.57,False,0.0,False
2021-03-09,2021-03-10,0,Overnight,0.0,False,136.8,136.8,-195.14,False,0.0,False
2021-03-10,2021-03-11,0,Overnight,0.0,False,108.69,108.69,91.93,False,0.0,False
2021-03-11,2021-03-12,0,Overnight,0.0,False,-132.45,-132.45,74.08,False,0.0,False
2021-03-12,2021-03-15,2,Weekend,47.0,False,-33.57,-33.57,-6.39,False,0.0,False
2021-03-15,2021-03-16,0,Overnight,0.0,False,62.41,62.41,60.34,False,0.0,False
2021-03-16,2021-03-17,0,Overnight,0.0,False,-65.84,-65.84,37.62,False,0.0,False
2021-03-17,2021-03-18,0,Overnight,0.0,False,-190.81,-190.81,-79.43,False,0.0,False
2021-03-18,2021-03-19,0,Overnight,0.0,False,12.99,12.99,-29.04,False,0.0,False
2021-03-19,2021-03-22,2,Weekend,48.0,False,-3.47,-3.47,245.37,False,0.0,False
2021-03-22,2021-03-23,0,Overnight,0.0,False,63.36,63.36,3.79,False,0.0,False
2021-03-23,2021-03-24,0,Overnight,0.0,False,11.36,11.36,-100.99,False,0.0,False
2021-03-24,2021-03-25,0,Overnight,0.0,False,-6.8,-6.8,-126.6,False,0.0,False
2021-03-25,2021-03-26,0,Overnight,0.0,False,-34.06,-34.06,210.68,False,0.0,False
2021-03-26,2021-03-29,2,Weekend,48.0,False,4.65,4.65,-57.22,False,0.0,False
2021-03-29,2021-03-30,0,Overnight,0.0,False,-72.96,-72.96,-72.2,False,0.0,False
2021-03-30,2021-03-31,0,Overnight,0.0,False,45.61,45.61,122.05,False,0.0,False
2021-03-31,2021-04-01,0,Overnight,0.0,False,113.87,113.87,161.39,False,0.0,False
2021-04-01,2021-04-05,3,Long,72.0,False,16.9,16.9,256.61,False,0.0,False
2021-04-05,2021-04-06,0,Overnight,0.0,False,-58.79,-58.79,10.09,False,0.0,False
2021-04-06,2021-04-07,0,Overnight,0.0,False,-2.02,-2.02,83.98,False,0.0,False
2021-04-07,2021-04-08,0,Overnight,0.0,False,114.19,114.19,18.97,False,0.0,False
2021-04-08,2021-04-09,0,Overnight,0.0,False,-15.02,-15.02,117.16,False,0.0,False
2021-04-09,2021-04-12,2,Weekend,48.0,False,-44.66,-44.66,47.0,False,0.0,False
2021-04-12,2021-04-13,0,Overnight,0.0,False,52.61,52.61,47.7,False,0.0,False
2021-04-13,2021-04-14,0,Overnight,0.0,False,-39.15,-39.15,-73.68,False,0.0,False
2021-04-14,2021-04-15,0,Overnight,0.0,False,91.14,91.14,60.68,False,0.0,False
2021-04-15,2021-04-16,0,Overnight,0.0,False,-1.16,-1.16,48.83,False,0.0,False
2021-04-16,2021-04-19,2,Weekend,48.0,False,-21.12,-21.12,-55.88,False,0.0,False
2021-04-19,2021-04-20,0,Overnight,0.0,False,-35.62,-35.62,17.05,False,0.0,False
2021-04-20,2021-04-21,0,Overnight,0.0,False,26.3,26.3,63.13,False,0.0,False
2021-04-21,2021-04-22,0,Overnight,0.0,False,-14.21,-14.21,-117.52,False,0.0,False
2021-04-22,2021-04-23,0,Overnight,0.0,False,27.57,27.57,126.01,False,0.0,False
2021-04-23,2021-04-26,2,Weekend,48.0,False,19.51,19.51,-4.21,False,0.0,False
2021-04-26,2021-04-27,0,Overnight,0.0,False,1.15,1.15,14.9,False,0.0,False
2021-04-27,2021-04-28,0,Overnight,0.0,False,-227.4,-227.4,-59.53,False,0.0,False
2021-04-28,2021-04-29,0,Overnight,0.0,False,35.29,35.29,-116.15,False,0.0,False
2021-04-29,2021-04-30,0,Overnight,0.0,False,-110.3,-110.3,97.23,False,0.0,False
2021-04-30,2021-05-03,2,Weekend,48.0,False,48.26,48.26,-60.96,False,0.0,False
2021-05-03,2021-05-04,0,Overnight,0.0,False,-35.4,-35.4,-127.52,False,0.0,False
2021-05-04,2021-05-05,0,Overnight,0.0,False,51.12,51.12,-104.54,False,0.0,False
2021-05-05,2021-05-06,0,Overnight,0.0,False,-0.81,-0.81,132.21,False,0.0,False
2021-05-06,2021-05-07,0,Overnight,0.0,False,96.44,96.44,12.29,False,0.0,False
2021-05-07,2021-05-10,2,Weekend,48.0,False,-63.18,-63.18,-148.18,False,0.0,False
2021-05-10,2021-05-11,0,Overnight,0.0,False,-106.97,-106.97,68.46,False,0.0,False
2021-05-11,2021-05-12,0,Overnight,0.0,False,-166.26,-166.26,-131.76,False,0.0,False
2021-05-12,2021-05-13,0,Overnight,0.0,False,116.47,116.47,50.74,False,0.0,False
2021-05-13,2021-05-14,0,Overnight,0.0,False,104.38,104.38,104.11,False,0.0,False
2021-05-14,2021-05-17,2,Weekend,48.0,False,-64.69,-64.69,-55.72,False,0.0,False
2021-05-17,2021-05-18,0,Overnight,0.0,False,44.36,44.36,-130.38,False,0.0,False
2021-05-18,2021-05-19,0,Overnight,0.0,False,-156.31,-132.94,157.95,True,23.04,False
2021-05-19,2021-05-20,0,Overnight,0.0,False,34.49,34.49,102.77,False,0.0,False
2021-05-20,2021-05-21,0,Overnight,0.0,False,44.13,44.13,-97.42,False,0.0,False
2021-05-21,2021-05-24,2,Weekend,48.0,False,106.3,106.3,119.94,False,0.0,False
2021-05-24,2021-05-25,0,Overnight,0.0,False,39.4,39.4,-1.99,False,0.0,False
2021-05-25,2021-05-26,0,Overnight,0.0,False,-11.53,-11.53,2.39,False,0.0,False
2021-05-26,2021-05-27,0,Overnight,0.0,False,-12.73,-12.73,-74.33,False,0.0,False
2021-05-27,2021-05-28,0,Overnight,0.0,False,67.56,67.56,-52.73,False,0.0,False
2021-05-28,2021-06-01,3,Long,72.0,False,61.89,61.89,-153.62,False,0.0,False
2021-06-01,2021-06-02,0,Overnight,0.0,False,29.46,29.46,-33.51,False,0.0,False
2021-06-02,2021-06-03,0,Overnight,0.0,False,-84.46,-84.46,19.96,False,0.0,False
2021-06-03,2021-06-04,0,Overnight,0.0,False,83.09,83.09,121.55,False,0.0,False
2021-06-04,2021-06-07,2,Weekend,48.0,False,-32.35,-32.35,152.05,False,0.0,False
2021-06-07,2021-06-08,0,Overnight,0.0,False,53.05,53.05,-102.02,False,0.0,False
2021-06-08,2021-06-09,0,Overnight,0.0,False,48.97,48.97,-8.67,False,0.0,False
2021-06-09,2021-06-10,0,Overnight,0.0,False,27.57,27.57,115.34,False,0.0,False
2021-06-10,2021-06-11,0,Overnight,0.0,False,29.11,29.11,-3.88,False,0.0,False
2021-06-11,2021-06-14,2,Weekend,48.0,False,0.39,0.39,76.87,False,0.0,False
2021-06-14,2021-06-15,0,Overnight,0.0,False,-4.62,-4.62,-54.43,False,0.0,False
2021-06-15,2021-06-16,0,Overnight,0.0,False,40.17,40.17,-78.18,False,0.0,False
2021-06-16,2021-06-17,0,Overnight,0.0,False,-51.03,-51.03,186.86,False,0.0,False
2021-06-17,2021-06-18,0,Overnight,0.0,False,-48.8,-48.8,-7.71,False,0.0,False
2021-06-18,2021-06-21,2,Weekend,48.0,False,15.02,15.02,107.57,False,0.0,False
2021-06-21,2021-06-22,0,Overnight,0.0,False,3.43,3.43,105.64,False,0.0,False
2021-06-22,2021-06-23,0,Overnight,0.0,False,18.06,18.06,-27.11,False,0.0,False
2021-06-23,2021-06-24,0,Overnight,0.0,False,33.5,33.5,19.89,False,0.0,False
2021-06-24,2021-06-25,0,Overnight,0.0,False,-17.26,-17.26,-45.55,False,0.0,False
2021-06-25,2021-06-28,2,Weekend,48.0,False,44.05,44.05,94.6,False,0.0,False
2021-06-28,2021-06-29,0,Overnight,0.0,False,5.58,5.58,93.66,False,0.0,False
2021-06-29,2021-06-30,0,Overnight,0.0,False,-26.19,-26.19,7.75,False,0.0,False
2021-06-30,2021-07-01,0,Overnight,0.0,False,-47.73,-47.73,73.54,False,0.0,False
2021-07-01,2021-07-02,0,Overnight,0.0,False,44.82,44.82,175.49,False,0.0,False
2021-07-02,2021-07-06,3,Long,72.0,False,13.68,13.68,-13.32,False,0.0,False
2021-07-06,2021-07-07,0,Overnight,0.0,False,62.47,62.47,18.95,False,0.0,False
2021-07-07,2021-07-08,0,Overnight,0.0,False,-108.83,-108.83,18.76,False,0.0,False
2021-07-08,2021-07-09,0,Overnight,0.0,False,-61.47,-61.47,80.19,False,0.0,False
2021-07-09,2021-07-12,2,Weekend,48.0,False,43.8,43.8,-66.13,False,0.0,False
2021-07-12,2021-07-13,0,Overnight,0.0,False,7.21,7.21,123.91,False,0.0,False
2021-07-13,2021-07-14,0,Overnight,0.0,False,48.64,48.64,5.67,False,0.0,False
2021-07-14,2021-07-15,0,Overnight,0.0,False,-18.07,-18.07,-34.46,False,0.0,False
2021-07-15,2021-07-16,0,Overnight,0.0,False,36.94,36.94,-46.91,False,0.0,False
2021-07-16,2021-07-19,2,Weekend,48.0,False,-65.04,-65.04,-69.07,False,0.0,False
2021-07-19,2021-07-20,0,Overnight,0.0,False,36.75,36.75,46.29,False,0.0,False
2021-07-20,2021-07-21,0,Overnight,0.0,False,-15.05,-15.05,89.24,False,0.0,False
2021-07-21,2021-07-22,0,Overnight,0.0,False,86.34,86.34,80.71,False,0.0,False
2021-07-22,2021-07-23,0,Overnight,0.0,False,42.89,42.89,79.72,False,0.0,False
2021-07-23,2021-07-26,2,Weekend,48.0,False,-23.16,-23.16,1.73,False,0.0,False
2021-07-26,2021-07-27,0,Overnight,0.0,False,13.14,13.14,-100.35,False,0.0,False
2021-07-27,2021-07-28,0,Overnight,0.0,False,85.14,85.14,-96.31,False,0.0,False
2021-07-28,2021-07-29,0,Overnight,0.0,False,0.7,0.7,9.08,False,0.0,False
2021-07-29,2021-07-30,0,Overnight,0.0,False,-46.53,-46.53,-9.12,False,0.0,False
2021-07-30,2021-08-02,2,Weekend,48.0,False,50.76,50.76,-53.92,False,0.0,False
2021-08-02,2021-08-03,0,Overnight,0.0,False,21.04,21.04,59.38,False,0.0,False
2021-08-03,2021-08-04,0,Overnight,0.0,False,-31.39,-31.39,10.13,False,0.0,False
2021-08-04,2021-08-05,0,Overnight,0.0,False,12.91,12.91,91.6,False,0.0,False
2021-08-05,2021-08-06,0,Overnight,0.0,False,-34.95,-34.95,32.87,False,0.0,False
2021-08-06,2021-08-09,2,Weekend,48.0,False,10.01,10.01,-49.13,False,0.0,False
2021-08-09,2021-08-10,0,Overnight,0.0,False,16.29,16.29,-82.05,False,0.0,False
2021-08-10,2021-08-11,0,Overnight,0.0,False,26.85,26.85,-9.06,False,0.0,False
2021-08-11,2021-08-12,0,Overnight,0.0,False,-11.16,-11.16,110.33,False,0.0,False
2021-08-12,2021-08-13,0,Overnight,0.0,False,-11.39,-11.39,115.74,False,0.0,False
2021-08-13,2021-08-16,2,Weekend,48.0,False,11.6,11.6,47.98,False,0.0,False
2021-08-16,2021-08-17,0,Overnight,0.0,False,-75.3,-75.3,23.57,False,0.0,False
2021-08-17,2021-08-18,0,Overnight,0.0,False,-35.55,-16.39,-44.96,True,19.11,False
2021-08-18,2021-08-19,0,Overnight,0.0,False,-70.42,-70.42,276.04,False,0.0,False
2021-08-19,2021-08-20,0,Overnight,0.0,False,98.91,98.91,153.62,False,0.0,False
2021-08-20,2021-08-23,2,Weekend,48.0,False,-36.54,-36.54,46.06,False,0.0,False
2021-08-23,2021-08-24,0,Overnight,0.0,False,12.14,12.14,-78.99,False,0.0,False
2021-08-24,2021-08-25,0,Overnight,0.0,False,55.36,55.36,-75.54,False,0.0,False
2021-08-25,2021-08-26,0,Overnight,0.0,False,-33.83,-33.83,-63.32,False,0.0,False
2021-08-26,2021-08-27,0,Overnight,0.0,False,-3.34,-3.34,24.39,False,0.0,False
2021-08-27,2021-08-30,2,Weekend,48.0,False,46.6,46.6,81.69,False,0.0,False
2021-08-30,2021-08-31,0,Overnight,0.0,False,27.3,27.3,-83.79,False,0.0,False
2021-08-31,2021-09-01,0,Overnight,0.0,False,32.74,32.74,-34.4,False,0.0,False
2021-09-01,2021-09-02,0,Overnight,0.0,False,12.25,12.25,-34.81,False,0.0,False
2021-09-02,2021-09-03,0,Overnight,0.0,False,-5.31,-5.31,4.98,False,0.0,False
2021-09-03,2021-09-07,3,Long,72.0,False,-4.32,-4.32,-27.61,False,0.0,False
2021-09-07,2021-09-08,0,Overnight,0.0,False,-13.33,-13.33,14.33,False,0.0,False
2021-09-08,2021-09-09,0,Overnight,0.0,False,20.3,20.3,-119.39,False,0.0,False
2021-09-09,2021-09-10,0,Overnight,0.0,False,39.28,39.28,-91.23,False,0.0,False
2021-09-10,2021-09-13,2,Weekend,48.0,False,62.03,62.03,-18.84,False,0.0,False
2021-09-13,2021-09-14,0,Overnight,0.0,False,86.16,86.16,7.68,False,0.0,False
2021-09-14,2021-09-15,0,Overnight,0.0,False,115.08,115.08,51.31,False,0.0,False
2021-09-15,2021-09-16,0,Overnight,0.0,False,-34.84,-34.84,47.95,False,0.0,False
2021-09-16,2021-09-17,0,Overnight,0.0,False,-34.46,-34.46,-142.38,False,0.0,False
2021-09-17,2021-09-20,2,Weekend,48.0,False,-118.75,-118.75,-68.74,False,0.0,False
2021-09-20,2021-09-21,0,Overnight,0.0,False,47.12,47.12,-30.14,False,0.0,False
2021-09-21,2021-09-22,0,Overnight,0.0,False,65.26,65.26,62.15,False,0.0,False
2021-09-22,2021-09-23,0,Overnight,0.0,False,9.04,9.04,23.73,False,0.0,False
2021-09-23,2021-09-24,0,Overnight,0.0,False,-44.5,-44.5,37.48,False,0.0,False
2021-09-24,2021-09-27,2,Weekend,48.0,False,-107.81,-107.81,-66.74,False,0.0,False
2021-09-27,2021-09-28,0,Overnight,0.0,False,-149.67,-149.67,-219.08,False,0.0,False
2021-09-28,2021-09-29,0,Overnight,0.0,False,55.57,55.57,-38.66,False,0.0,False
2021-09-29,2021-09-30,0,Overnight,0.0,False,60.03,60.03,-133.54,False,0.0,False
2021-09-30,2021-10-01,0,Overnight,0.0,False,7.09,7.09,244.4,False,0.0,False
2021-10-01,2021-10-04,2,Weekend,48.0,False,-58.98,-58.98,-150.39,False,0.0,False
2021-10-04,2021-10-05,0,Overnight,0.0,False,33.15,33.15,164.46,False,0.0,False
2021-10-05,2021-10-06,0,Overnight,0.0,False,-103.74,-103.74,253.26,False,0.0,False
2021-10-06,2021-10-07,0,Overnight,0.0,False,70.37,70.37,-11.19,False,0.0,False
2021-10-07,2021-10-08,0,Overnight,0.0,False,46.36,46.36,-46.36,False,0.0,False
2021-10-08,2021-10-11,2,Weekend,48.0,False,-65.67,-65.67,44.62,False,0.0,False
2021-10-11,2021-10-12,0,Overnight,0.0,False,37.65,37.65,-83.64,False,0.0,False
2021-10-12,2021-10-13,0,Overnight,0.0,False,69.07,69.07,47.36,False,0.0,False
2021-10-13,2021-10-14,0,Overnight,0.0,False,97.39,97.39,117.62,False,0.0,False
2021-10-14,2021-10-15,0,Overnight,0.0,False,-13.55,-13.55,61.66,False,0.0,False
2021-10-15,2021-10-18,2,Weekend,48.0,False,-21.06,-21.06,121.8,False,0.0,False
2021-10-18,2021-10-19,0,Overnight,0.0,False,34.44,34.44,-3.89,False,0.0,False
2021-10-19,2021-10-20,0,Overnight,0.0,False,31.74,31.74,-58.38,False,0.0,False
2021-10-20,2021-10-21,0,Overnight,0.0,False,-7.81,-7.81,116.2,False,0.0,False
2021-10-21,2021-10-22,0,Overnight,0.0,False,-11.59,-11.59,-40.03,False,0.0,False
2021-10-22,2021-10-25,2,Weekend,48.0,False,6.47,6.47,-39.84,False,0.0,False
2021-10-25,2021-10-26,0,Overnight,0.0,False,92.71,92.71,-28.66,False,0.0,False
2021-10-26,2021-10-27,0,Overnight,0.0,False,188.15,188.15,224.36,False,0.0,False
2021-10-27,2021-10-28,0,Overnight,0.0,False,35.83,35.83,0.62,False,0.0,False
2021-10-28,2021-10-29,0,Overnight,0.0,False,-6.79,-6.79,228.45,False,0.0,False
2021-10-29,2021-11-01,2,Weekend,48.0,False,-7.84,-7.84,-60.24,False,0.0,False
2021-11-01,2021-11-02,0,Overnight,0.0,False,28.5,28.5,85.01,False,0.0,False
2021-11-02,2021-11-03,0,Overnight,0.0,False,23.09,23.09,2.99,False,0.0,False
2021-11-03,2021-11-04,0,Overnight,0.0,False,-33.29,-33.29,106.08,False,0.0,False
2021-11-04,2021-11-05,0,Overnight,0.0,False,61.34,61.34,-72.64,False,0.0,False
2021-11-05,2021-11-08,2,Weekend,49.0,False,36.83,36.83,-9.19,False,0.0,False
2021-11-08,2021-11-09,0,Overnight,0.0,False,3.56,3.56,-34.47,False,0.0,False
2021-11-09,2021-11-10,0,Overnight,0.0,False,-41.16,-41.16,-113.32,False,0.0,False
2021-11-10,2021-11-11,0,Overnight,0.0,False,13.59,13.59,35.56,False,0.0,False
2021-11-11,2021-11-12,0,Overnight,0.0,False,44.72,44.72,83.5,False,0.0,False
2021-11-12,2021-11-15,2,Weekend,48.0,False,24.32,24.32,-43.65,False,0.0,False
2021-11-15,2021-11-16,0,Overnight,0.0,False,-11.61,-11.61,113.45,False,0.0,False
2021-11-16,2021-11-17,0,Overnight,0.0,False,-16.8,1.47,5.31,True,18.26,False
2021-11-17,2021-11-18,0,Overnight,0.0,False,-27.76,-27.76,90.96,False,0.0,False
2021-11-18,2021-11-19,0,Overnight,0.0,False,40.06,40.06,13.71,False,0.0,False
2021-11-19,2021-11-22,2,Weekend,48.0,False,43.91,43.91,-139.97,False,0.0,False
2021-11-22,2021-11-23,0,Overnight,0.0,False,-82.14,-82.14,18.67,False,0.0,False
2021-11-23,2021-11-24,0,Overnight,0.0,False,-41.55,-41.55,48.35,False,0.0,False
2021-11-24,2021-11-26,1,Short,24.0,False,-105.91,-105.91,-140.66,False,0.0,False
2021-11-26,2021-11-29,2,Weekend,48.0,True,158.29,158.29,50.33,False,0.0,False
2021-11-29,2021-11-30,0,Overnight,0.0,False,-38.99,-38.99,-142.06,False,0.0,False
2021-11-30,2021-12-01,0,Overnight,0.0,False,136.4,136.4,-151.84,False,0.0,False
2021-12-01,2021-12-02,0,Overnight,0.0,False,6.66,6.66,-24.55,False,0.0,False
2021-12-02,2021-12-03,0,Overnight,0.0,False,75.59,75.59,-274.22,False,0.0,False
2021-12-03,2021-12-06,2,Weekend,48.0,False,29.06,29.06,68.91,False,0.0,False
2021-12-06,2021-12-07,0,Overnight,0.0,False,165.7,165.7,98.42,False,0.0,False
2021-12-07,2021-12-08,0,Overnight,0.0,False,11.64,11.64,-10.14,False,0.0,False
2021-12-08,2021-12-09,0,Overnight,0.0,False,-16.73,-16.73,-39.25,False,0.0,False
2021-12-09,2021-12-10,0,Overnight,0.0,False,56.28,56.28,223.18,False,0.0,False
2021-12-10,2021-12-13,2,Weekend,48.0,False,-54.45,-54.45,-37.64,False,0.0,False
2021-12-13,2021-12-14,0,Overnight,0.0,False,-183.76,-183.76,-147.53,False,0.0,False
2021-12-14,2021-12-15,0,Overnight,0.0,False,8.22,8.22,182.14,False,0.0,False
2021-12-15,2021-12-16,0,Overnight,0.0,False,31.62,31.62,-327.3,False,0.0,False
2021-12-16,2021-12-17,0,Overnight,0.0,False,-124.5,-124.5,90.59,False,0.0,False
2021-12-17,2021-12-20,2,Weekend,48.0,False,-116.49,-116.49,-4.37,False,0.0,False
2021-12-20,2021-12-21,0,Overnight,0.0,False,105.1,105.1,122.97,False,0.0,False
2021-12-21,2021-12-22,0,Overnight,0.0,False,30.81,30.81,148.15,False,0.0,False
2021-12-22,2021-12-23,0,Overnight,0.0,False,-13.51,-13.51,58.13,False,0.0,False
2021-12-23,2021-12-27,3,Long,72.0,False,22.98,22.98,206.23,False,0.0,False
2021-12-27,2021-12-28,0,Overnight,0.0,False,20.42,20.42,-55.52,False,0.0,False
2021-12-28,2021-12-29,0,Overnight,0.0,False,1.46,1.46,19.03,False,0.0,False
2021-12-29,2021-12-30,0,Overnight,0.0,False,-1.17,-1.17,-76.04,False,0.0,False
2021-12-30,2021-12-31,0,Overnight,0.0,False,-23.9,-23.9,-64.91,False,0.0,False
2021-12-31,2022-01-03,2,Weekend,48.0,False,-28.88,-28.88,-17.91,False,0.0,False
2022-01-03,2022-01-04,0,Overnight,0.0,False,2.39,2.39,-175.35,False,0.0,False
2022-01-04,2022-01-05,0,Overnight,0.0,False,-96.2,-96.2,-295.24,False,0.0,False
2022-01-05,2022-01-06,0,Overnight,0.0,False,-102.62,-102.62,23.28,False,0.0,False
2022-01-06,2022-01-07,0,Overnight,0.0,False,8.6,8.6,-3.5,False,0.0,False
2022-01-07,2022-01-10,2,Weekend,48.0,False,-145.95,-145.95,153.27,False,0.0,False
2022-01-10,2022-01-11,0,Overnight,0.0,False,-28.36,-28.36,50.93,False,0.0,False
2022-01-11,2022-01-12,0,Overnight,0.0,False,147.8,147.8,-43.89,False,0.0,False
2022-01-12,2022-01-13,0,Overnight,0.0,False,68.89,68.89,-501.33,False,0.0,False
2022-01-13,2022-01-14,0,Overnight,0.0,False,-18.06,-18.06,193.68,False,0.0,False
2022-01-14,2022-01-18,3,Long,72.0,False,-199.59,-199.59,-46.81,False,0.0,False
2022-01-18,2022-01-19,0,Overnight,0.0,False,119.55,119.55,-97.11,False,0.0,False
2022-01-19,2022-01-20,0,Overnight,0.0,False,187.47,187.47,-244.66,False,0.0,False
2022-01-20,2022-01-21,0,Overnight,0.0,False,36.08,36.08,-222.48,False,0.0,False
2022-01-21,2022-01-24,2,Weekend,48.0,False,-130.22,-130.22,141.7,False,0.0,False
2022-01-24,2022-01-25,0,Overnight,0.0,False,-165.0,-165.0,-104.48,False,0.0,False
2022-01-25,2022-01-26,0,Overnight,0.0,False,654.07,654.07,-373.12,False,0.0,False
2022-01-26,2022-01-27,0,Overnight,0.0,False,198.55,198.55,-93.61,False,0.0,False
2022-01-27,2022-01-28,0,Overnight,0.0,False,13.0,13.0,263.95,False,0.0,False
2022-01-28,2022-01-31,2,Weekend,48.0,False,22.36,22.36,65.49,False,0.0,False
2022-01-31,2022-02-01,0,Overnight,0.0,False,-18.35,-18.35,-53.3,False,0.0,False
2022-02-01,2022-02-02,0,Overnight,0.0,False,28.14,28.14,122.94,False,0.0,False
2022-02-02,2022-02-03,0,Overnight,0.0,False,-127.46,-127.46,-269.85,False,0.0,False
2022-02-03,2022-02-04,0,Overnight,0.0,False,-34.58,-34.58,189.07,False,0.0,False
2022-02-04,2022-02-07,2,Weekend,48.0,False,7.52,7.52,-171.96,False,0.0,False
2022-02-07,2022-02-08,0,Overnight,0.0,False,9.96,9.96,109.28,False,0.0,False
2022-02-08,2022-02-09,0,Overnight,0.0,False,172.85,172.85,43.15,False,0.0,False
2022-02-09,2022-02-10,0,Overnight,0.0,False,-233.09,-233.09,-54.75,False,0.0,False
2022-02-10,2022-02-11,0,Overnight,0.0,False,26.75,26.75,-272.49,False,0.0,False
2022-02-11,2022-02-14,2,Weekend,48.0,False,-43.14,-43.14,41.78,False,0.0,False
2022-02-14,2022-02-15,0,Overnight,0.0,False,168.4,168.4,15.32,False,0.0,False
2022-02-15,2022-02-16,0,Overnight,0.0,False,-70.14,-49.38,37.8,True,20.63,False
2022-02-16,2022-02-17,0,Overnight,0.0,False,-105.4,-105.4,-191.8,False,0.0,False
2022-02-17,2022-02-18,0,Overnight,0.0,False,79.48,79.48,-176.26,False,0.0,False
2022-02-18,2022-02-22,3,Long,72.0,False,-102.28,-102.28,94.99,False,0.0,False
2022-02-22,2022-02-23,0,Overnight,0.0,False,85.14,85.14,-347.48,False,0.0,False
2022-02-23,2022-02-24,0,Overnight,0.0,False,-280.78,-280.78,779.09,False,0.0,False
2022-02-24,2022-02-25,0,Overnight,0.0,False,18.65,18.65,73.25,False,0.0,False
2022-02-25,2022-02-28,2,Weekend,48.0,False,-101.42,-101.42,151.07,False,0.0,False
2022-02-28,2022-03-01,0,Overnight,0.0,False,-80.31,-80.31,-49.04,False,0.0,False
2022-03-01,2022-03-02,0,Overnight,0.0,False,13.89,13.89,162.21,False,0.0,False
2022-03-02,2022-03-03,0,Overnight,0.0,False,89.54,89.54,-232.81,False,0.0,False
2022-03-03,2022-03-04,0,Overnight,0.0,False,-55.23,-55.23,-151.68,False,0.0,False
2022-03-04,2022-03-07,2,Weekend,48.0,False,-45.99,-45.99,-339.1,False,0.0,False
2022-03-07,2022-03-08,0,Overnight,0.0,False,-39.88,-39.88,-70.44,False,0.0,False
2022-03-08,2022-03-09,0,Overnight,0.0,False,271.43,271.43,176.95,False,0.0,False
2022-03-09,2022-03-10,0,Overnight,0.0,False,-191.78,-191.78,90.4,False,0.0,False
2022-03-10,2022-03-11,0,Overnight,0.0,False,82.64,82.64,-277.82,False,0.0,False
2022-03-11,2022-03-14,2,Weekend,47.0,False,9.64,9.64,-140.09,False,0.0,False
2022-03-14,2022-03-15,0,Overnight,0.0,False,140.45,140.45,239.66,False,0.0,False
2022-03-15,2022-03-16,0,Overnight,0.0,False,68.02,68.02,180.98,False,0.0,False
2022-03-16,2022-03-17,0,Overnight,0.0,False,-37.44,-37.44,65.59,False,0.0,False
2022-03-17,2022-03-18,0,Overnight,0.0,False,5.08,5.08,169.86,False,0.0,False
2022-03-18,2022-03-21,2,Weekend,48.0,False,-51.39,-51.39,9.03,False,0.0,False
2022-03-21,2022-03-22,0,Overnight,0.0,False,21.37,21.37,141.09,False,0.0,False
2022-03-22,2022-03-23,0,Overnight,0.0,False,-117.44,-117.44,-34.0,False,0.0,False
2022-03-23,2022-03-24,0,Overnight,0.0,False,-11.69,-11.69,164.45,False,0.0,False
2022-03-24,2022-03-25,0,Overnight,0.0,False,37.09,37.09,-50.91,False,0.0,False
2022-03-25,2022-03-28,2,Weekend,48.0,False,21.38,21.38,207.15,False,0.0,False
2022-03-28,2022-03-29,0,Overnight,0.0,False,102.78,102.78,47.67,False,0.0,False
2022-03-29,2022-03-30,0,Overnight,0.0,False,-52.45,-52.45,3.19,False,0.0,False
2022-03-30,2022-03-31,0,Overnight,0.0,False,1.27,1.27,-179.69,False,0.0,False
2022-03-31,2022-04-01,0,Overnight,0.0,False,34.32,34.32,1.62,False,0.0,False
2022-04-01,2022-04-04,2,Weekend,48.0,False,21.63,21.63,156.15,False,0.0,False
2022-04-04,2022-04-05,0,Overnight,0.0,False,-54.12,-54.12,-76.58,False,0.0,False
2022-04-05,2022-04-06,0,Overnight,0.0,False,-184.72,-184.72,-188.2,False,0.0,False
2022-04-06,2022-04-07,0,Overnight,0.0,False,-95.28,-95.28,157.52,False,0.0,False
2022-04-07,2022-04-08,0,Overnight,0.0,False,-30.91,-30.91,-116.17,False,0.0,False
2022-04-08,2022-04-11,2,Weekend,48.0,False,-175.97,-175.97,-226.33,False,0.0,False
2022-04-11,2022-04-12,0,Overnight,0.0,False,138.56,138.56,-251.37,False,0.0,False
2022-04-12,2022-04-13,0,Overnight,0.0,False,23.73,23.73,171.48,False,0.0,False
2022-04-13,2022-04-14,0,Overnight,0.0,False,16.33,16.33,-290.91,False,0.0,False
2022-04-14,2022-04-18,3,Long,72.0,False,-32.93,-32.93,57.56,False,0.0,False
2022-04-18,2022-04-19,0,Overnight,0.0,False,-40.72,-40.72,209.68,False,0.0,False
2022-04-19,2022-04-20,0,Overnight,0.0,False,142.69,142.69,-105.6,False,0.0,False
2022-04-20,2022-04-21,0,Overnight,0.0,False,77.23,77.23,-272.94,False,0.0,False
2022-04-21,2022-04-22,0,Overnight,0.0,False,30.93,30.93,-275.34,False,0.0,False
2022-04-22,2022-04-25,2,Weekend,48.0,False,-27.04,-27.04,268.24,False,0.0,False
2022-04-25,2022-04-26,0,Overnight,0.0,False,-115.37,-115.37,-265.84,False,0.0,False
2022-04-26,2022-04-27,0,Overnight,0.0,False,430.25,430.25,39.62,False,0.0,False
2022-04-27,2022-04-28,0,Overnight,0.0,False,69.32,69.32,154.49,False,0.0,False
2022-04-28,2022-04-29,0,Overnight,0.0,False,-35.28,-35.28,-391.83,False,0.0,False
2022-04-29,2022-05-02,2,Weekend,48.0,False,6.84,6.84,240.5,False,0.0,False
2022-05-02,2022-05-03,0,Overnight,0.0,False,-17.94,-17.94,-77.07,False,0.0,False
2022-05-03,2022-05-04,0,Overnight,0.0,False,28.7,28.7,258.15,False,0.0,False
2022-05-04,2022-05-05,0,Overnight,0.0,False,-154.3,-154.3,-291.02,False,0.0,False
2022-05-05,2022-05-06,0,Overnight,0.0,False,-92.0,-92.0,-2.91,False,0.0,False
2022-05-06,2022-05-09,2,Weekend,48.0,False,-171.45,-171.45,-205.01,False,0.0,False
2022-05-09,2022-05-10,0,Overnight,0.0,False,265.18,265.18,-80.93,False,0.0,False
2022-05-10,2022-05-11,0,Overnight,0.0,False,-142.76,-142.76,-194.98,False,0.0,False
2022-05-11,2022-05-12,0,Overnight,0.0,False,-110.37,-110.37,-91.22,False,0.0,False
2022-05-12,2022-05-13,0,Overnight,0.0,False,78.02,78.02,145.43,False,0.0,False
2022-05-13,2022-05-16,2,Weekend,48.0,False,-44.52,-44.52,59.07,False,0.0,False
2022-05-16,2022-05-17,0,Overnight,0.0,False,174.75,174.75,26.65,False,0.0,False
2022-05-17,2022-05-18,0,Overnight,0.0,False,-144.2,-120.66,-345.05,True,23.24,False
2022-05-18,2022-05-19,0,Overnight,0.0,False,-7.09,-7.09,-29.98,False,0.0,False
2022-05-19,2022-05-20,0,Overnight,0.0,False,160.67,160.67,-183.61,False,0.0,False
2022-05-20,2022-05-23,2,Weekend,48.0,False,115.34,115.34,199.95,False,0.0,False
2022-05-23,2022-05-24,0,Overnight,0.0,False,-106.45,-106.45,66.86,False,0.0,False
2022-05-24,2022-05-25,0,Overnight,0.0,False,-57.17,-57.17,168.25,False,0.0,False
2022-05-25,2022-05-26,0,Overnight,0.0,False,-9.53,-9.53,137.46,False,0.0,False
2022-05-26,2022-05-27,0,Overnight,0.0,False,96.56,96.56,175.74,False,0.0,False
2022-05-27,2022-05-31,3,Long,72.0,False,-26.02,-26.02,-24.25,False,0.0,False
2022-05-31,2022-06-01,0,Overnight,0.0,False,121.74,121.74,-101.53,False,0.0,False
2022-06-01,2022-06-02,0,Overnight,0.0,False,-296.93,-296.93,375.9,False,0.0,False
2022-06-02,2022-06-03,0,Overnight,0.0,False,-156.73,-156.73,-10.73,False,0.0,False
2022-06-03,2022-06-06,2,Weekend,48.0,False,75.27,75.27,-122.41,False,0.0,False
2022-06-06,2022-06-07,0,Overnight,0.0,False,-78.82,-78.82,217.39,False,0.0,False
2022-06-07,2022-06-08,0,Overnight,0.0,False,-29.03,-29.03,-47.96,False,0.0,False
2022-06-08,2022-06-09,0,Overnight,0.0,False,-97.74,-97.74,-112.29,False,0.0,False
2022-06-09,2022-06-10,0,Overnight,0.0,False,-160.27,-160.27,-295.6,False,0.0,False
2022-06-10,2022-06-13,2,Weekend,48.0,False,-316.43,-316.43,-116.96,False,0.0,False
2022-06-13,2022-06-14,0,Overnight,0.0,False,65.83,65.83,25.8,False,0.0,False
2022-06-14,2022-06-15,0,Overnight,0.0,False,155.04,155.04,137.98,False,0.0,False
2022-06-15,2022-06-16,0,Overnight,0.0,False,-232.26,-232.26,-41.14,False,0.0,False
2022-06-16,2022-06-17,0,Overnight,0.0,False,-11.03,-11.03,119.83,False,0.0,False
2022-06-17,2022-06-21,3,Long,72.0,False,104.84,104.84,138.1,False,0.0,False
2022-06-21,2022-06-22,0,Overnight,0.0,False,-73.18,-73.18,49.11,False,0.0,False
2022-06-22,2022-06-23,0,Overnight,0.0,False,95.93,95.93,127.91,False,0.0,False
2022-06-23,2022-06-24,0,Overnight,0.0,False,113.32,113.32,222.48,False,0.0,False
2022-06-24,2022-06-27,2,Weekend,48.0,False,19.03,19.03,-124.56,False,0.0,False
2022-06-27,2022-06-28,0,Overnight,0.0,False,-34.41,-34.41,-288.23,False,0.0,False
2022-06-28,2022-06-29,0,Overnight,0.0,False,43.18,43.18,103.12,False,0.0,False
2022-06-29,2022-06-30,0,Overnight,0.0,False,-124.11,-124.11,-8.56,False,0.0,False
2022-06-30,2022-07-01,0,Overnight,0.0,False,-17.15,-17.15,123.65,False,0.0,False
2022-07-01,2022-07-05,3,Long,72.0,False,-132.63,-132.63,257.81,False,0.0,False
2022-07-05,2022-07-06,0,Overnight,0.0,False,34.18,34.18,92.84,False,0.0,False
2022-07-06,2022-07-07,0,Overnight,0.0,False,-41.03,-41.03,122.96,False,0.0,False
2022-07-07,2022-07-08,0,Overnight,0.0,False,-135.41,-135.41,107.8,False,0.0,False
2022-07-08,2022-07-11,2,Weekend,48.0,False,-75.38,-75.38,-43.01,False,0.0,False
2022-07-11,2022-07-12,0,Overnight,0.0,False,51.66,51.66,-470.11,False,0.0,False
2022-07-12,2022-07-13,0,Overnight,0.0,False,-138.14,-138.14,100.62,False,0.0,False
2022-07-13,2022-07-14,0,Overnight,0.0,False,-85.44,-85.44,139.11,False,0.0,False
2022-07-14,2022-07-15,0,Overnight,0.0,False,64.34,64.34,39.03,False,0.0,False
2022-07-15,2022-07-18,2,Weekend,48.0,False,117.34,117.34,-214.02,False,0.0,False
2022-07-18,2022-07-19,0,Overnight,0.0,False,130.12,130.12,75.42,False,0.0,False
2022-07-19,2022-07-20,0,Overnight,0.0,False,14.25,14.25,90.78,False,0.0,False
2022-07-20,2022-07-21,0,Overnight,0.0,False,-95.01,-95.01,192.52,False,0.0,False
2022-07-21,2022-07-22,0,Overnight,0.0,False,15.09,15.09,-185.7,False,0.0,False
2022-07-22,2022-07-25,2,Weekend,48.0,False,24.55,24.55,-83.49,False,0.0,False
2022-07-25,2022-07-26,0,Overnight,0.0,False,39.72,39.72,-311.11,False,0.0,False
2022-07-26,2022-07-27,0,Overnight,0.0,False,361.01,361.01,286.11,False,0.0,False
2022-07-27,2022-07-28,0,Overnight,0.0,False,37.51,37.51,243.9,False,0.0,False
2022-07-28,2022-07-29,0,Overnight,0.0,False,46.56,46.56,108.88,False,0.0,False
2022-07-29,2022-08-01,2,Weekend,48.0,False,-104.55,-104.55,6.84,False,0.0,False
2022-08-01,2022-08-02,0,Overnight,0.0,False,-72.56,-72.56,-42.85,False,0.0,False
2022-08-02,2022-08-03,0,Overnight,0.0,False,70.34,70.34,204.22,False,0.0,False
2022-08-03,2022-08-04,0,Overnight,0.0,False,-23.75,-23.75,65.44,False,0.0,False
2022-08-04,2022-08-05,0,Overnight,0.0,False,-159.92,-159.92,133.8,False,0.0,False
2022-08-05,2022-08-08,2,Weekend,48.0,False,40.21,40.21,-132.18,False,0.0,False
2022-08-08,2022-08-09,0,Overnight,0.0,False,-24.29,-24.29,94.67,False,0.0,False
2022-08-09,2022-08-10,0,Overnight,0.0,False,205.8,205.8,34.3,False,0.0,False
2022-08-10,2022-08-11,0,Overnight,0.0,False,58.28,58.28,-132.56,False,0.0,False
2022-08-11,2022-08-12,0,Overnight,0.0,False,50.74,50.74,118.2,False,0.0,False
2022-08-12,2022-08-15,2,Weekend,48.0,False,-31.22,-31.22,84.52,False,0.0,False
2022-08-15,2022-08-16,0,Overnight,0.0,False,-50.56,-50.56,24.63,False,0.0,False
2022-08-16,2022-08-17,0,Overnight,0.0,False,-101.98,-80.61,54.38,True,21.18,False
2022-08-17,2022-08-18,0,Overnight,0.0,False,-38.86,-38.86,-0.69,False,0.0,False
2022-08-18,2022-08-19,0,Overnight,0.0,False,-43.86,-43.86,-95.64,False,0.0,False
2022-08-19,2022-08-22,2,Weekend,48.0,False,-143.25,-143.25,-154.69,False,0.0,False
2022-08-22,2022-08-23,0,Overnight,0.0,False,-47.28,-47.28,0.0,False,0.0,False
2022-08-23,2022-08-24,0,Overnight,0.0,False,-37.33,-37.33,13.79,False,0.0,False
2022-08-24,2022-08-25,0,Overnight,0.0,False,55.68,55.68,54.66,False,0.0,False
2022-08-25,2022-08-26,0,Overnight,0.0,False,8.24,8.24,-401.76,False,0.0,False
2022-08-26,2022-08-29,2,Weekend,48.0,False,-83.9,-83.9,-23.35,False,0.0,False
2022-08-29,2022-08-30,0,Overnight,0.0,False,54.15,54.15,-139.72,False,0.0,False
2022-08-30,2022-08-31,0,Overnight,0.0,False,91.61,91.61,-148.81,False,0.0,False
2022-08-31,2022-09-01,0,Overnight,0.0,False,-99.94,-99.94,58.93,False,0.0,False
2022-09-01,2022-09-02,0,Overnight,0.0,False,49.8,49.8,-217.87,False,0.0,False
2022-09-02,2022-09-06,3,Long,72.0,False,5.47,5.47,-115.81,False,0.0,False
2022-09-06,2022-09-07,0,Overnight,0.0,False,57.09,57.09,132.22,False,0.0,False
2022-09-07,2022-09-08,0,Overnight,0.0,False,-22.5,-22.5,39.14,False,0.0,False
2022-09-08,2022-09-09,0,Overnight,0.0,False,76.3,76.3,150.87,False,0.0,False
2022-09-09,2022-09-12,2,Weekend,48.0,False,49.79,49.79,32.68,False,0.0,False
2022-09-12,2022-09-13,0,Overnight,0.0,False,-297.27,-297.27,-268.21,False,0.0,False
2022-09-13,2022-09-14,0,Overnight,0.0,False,60.93,60.93,-51.8,False,0.0,False
2022-09-14,2022-09-15,0,Overnight,0.0,False,-97.61,-97.61,-177.32,False,0.0,False
2022-09-15,2022-09-16,0,Overnight,0.0,False,-45.75,-45.75,19.63,False,0.0,False
2022-09-16,2022-09-19,2,Weekend,48.0,False,-93.18,-93.18,84.19,False,0.0,False
2022-09-19,2022-09-20,0,Overnight,0.0,False,-100.7,-100.7,15.69,False,0.0,False
2022-09-20,2022-09-21,0,Overnight,0.0,False,74.79,74.79,-220.2,False,0.0,False
2022-09-21,2022-09-22,0,Overnight,0.0,False,-45.3,-45.3,129.9,False,0.0,False
2022-09-22,2022-09-23,0,Overnight,0.0,False,-59.94,-59.94,-67.86,False,0.0,False
2022-09-23,2022-09-26,2,Weekend,48.0,False,-36.63,-36.63,16.86,False,0.0,False
2022-09-26,2022-09-27,0,Overnight,0.0,False,105.99,105.99,-149.88,False,0.0,False
2022-09-27,2022-09-28,0,Overnight,0.0,False,16.91,16.91,178.29,False,0.0,False
2022-09-28,2022-09-29,0,Overnight,0.0,False,-90.84,-90.84,-58.36,False,0.0,False
2022-09-29,2022-09-30,0,Overnight,0.0,False,33.21,33.21,-228.79,False,0.0,False
2022-09-30,2022-10-03,2,Weekend,48.0,False,107.2,107.2,223.89,False,0.0,False
2022-10-03,2022-10-04,0,Overnight,0.0,False,179.08,179.08,153.45,False,0.0,False
2022-10-04,2022-10-05,0,Overnight,0.0,False,-116.8,-116.8,129.65,False,0.0,False
2022-10-05,2022-10-06,0,Overnight,0.0,False,-51.09,-51.09,-46.09,False,0.0,False
2022-10-06,2022-10-07,0,Overnight,0.0,False,-241.56,-241.56,-280.36,False,0.0,False
2022-10-07,2022-10-10,2,Weekend,48.0,False,-50.93,-50.93,-164.4,False,0.0,False
2022-10-10,2022-10-11,0,Overnight,0.0,False,-71.36,-71.36,-97.57,False,0.0,False
2022-10-11,2022-10-12,0,Overnight,0.0,False,-0.44,-0.44,15.52,False,0.0,False
2022-10-12,2022-10-13,0,Overnight,0.0,False,-264.83,-264.83,634.01,False,0.0,False
2022-10-13,2022-10-14,0,Overnight,0.0,False,55.34,55.34,-300.82,False,0.0,False
2022-10-14,2022-10-17,2,Weekend,48.0,False,312.7,312.7,72.25,False,0.0,False
2022-10-17,2022-10-18,0,Overnight,0.0,False,237.55,237.55,-196.79,False,0.0,False
2022-10-18,2022-10-19,0,Overnight,0.0,False,-61.4,-61.4,-23.65,False,0.0,False
2022-10-19,2022-10-20,0,Overnight,0.0,False,-30.07,-30.07,16.1,False,0.0,False
2022-10-20,2022-10-21,0,Overnight,0.0,False,-59.89,-59.89,309.55,False,0.0,False
2022-10-21,2022-10-24,2,Weekend,48.0,False,67.51,67.51,142.16,False,0.0,False
2022-10-24,2022-10-25,0,Overnight,0.0,False,0.4,0.4,136.57,False,0.0,False
2022-10-25,2022-10-26,0,Overnight,0.0,False,-809.44,-809.44,6.49,False,0.0,False
2022-10-26,2022-10-27,0,Overnight,0.0,False,-12.11,-12.11,-187.43,False,0.0,False
2022-10-27,2022-10-28,0,Overnight,0.0,False,-22.52,-22.52,416.84,False,0.0,False
2022-10-28,2022-10-31,2,Weekend,48.0,False,-89.86,-89.86,-69.97,False,0.0,False
2022-10-31,2022-11-01,0,Overnight,0.0,False,105.84,105.84,-277.91,False,0.0,False
2022-11-01,2022-11-02,0,Overnight,0.0,False,56.38,56.38,-416.47,False,0.0,False
2022-11-02,2022-11-03,0,Overnight,0.0,False,-0.45,-0.45,-268.93,False,0.0,False
2022-11-03,2022-11-04,0,Overnight,0.0,False,152.85,152.85,174.97,False,0.0,False
2022-11-04,2022-11-07,2,Weekend,49.0,False,27.07,27.07,261.43,False,0.0,False
2022-11-07,2022-11-08,0,Overnight,0.0,False,36.36,36.36,7.43,False,0.0,False
2022-11-08,2022-11-09,0,Overnight,0.0,False,-65.76,-65.76,-126.58,False,0.0,False
2022-11-09,2022-11-10,0,Overnight,0.0,False,474.93,474.93,315.66,False,0.0,False
2022-11-10,2022-11-11,0,Overnight,0.0,False,0.41,0.41,168.13,False,0.0,False
2022-11-11,2022-11-14,2,Weekend,48.0,False,-209.37,-209.37,-18.2,False,0.0,False
2022-11-14,2022-11-15,0,Overnight,0.0,False,168.72,168.72,-151.35,False,0.0,False
2022-11-15,2022-11-16,0,Overnight,0.0,False,33.83,61.8,-43.75,True,28.1,False
2022-11-16,2022-11-17,0,Overnight,0.0,False,-164.76,-164.76,162.69,False,0.0,False
2022-11-17,2022-11-18,0,Overnight,0.0,False,75.43,75.43,-94.49,False,0.0,False
2022-11-18,2022-11-21,2,Weekend,48.0,False,8.7,8.7,25.65,False,0.0,False
2022-11-21,2022-11-22,0,Overnight,0.0,False,63.42,63.42,58.94,False,0.0,False
2022-11-22,2022-11-23,0,Overnight,0.0,False,3.26,3.26,100.27,False,0.0,False
2022-11-23,2022-11-25,1,Short,24.0,False,-10.91,-10.91,7.28,False,0.0,False
2022-11-25,2022-11-28,2,Weekend,48.0,True,-57.14,-57.14,-177.11,False,0.0,False
2022-11-28,2022-11-29,0,Overnight,0.0,False,-14.9,-14.9,-44.42,False,0.0,False
2022-11-29,2022-11-30,0,Overnight,0.0,False,9.98,9.98,588.01,False,0.0,False
2022-11-30,2022-12-01,0,Overnight,0.0,False,-49.9,-49.9,32.25,False,0.0,False
2022-12-01,2022-12-02,0,Overnight,0.0,False,-193.06,-193.06,206.01,False,0.0,False
2022-12-02,2022-12-05,2,Weekend,48.0,False,-118.73,-118.73,-72.08,False,0.0,False
2022-12-05,2022-12-06,0,Overnight,0.0,False,24.75,24.75,-229.88,False,0.0,False
2022-12-06,2022-12-07,0,Overnight,0.0,False,-11.84,-11.84,-18.81,False,0.0,False
2022-12-07,2022-12-08,0,Overnight,0.0,False,19.21,19.21,104.02,False,0.0,False
2022-12-08,2022-12-09,0,Overnight,0.0,False,-109.73,-109.73,29.38,False,0.0,False
2022-12-09,2022-12-12,2,Weekend,48.0,False,82.38,82.38,202.42,False,0.0,False
2022-12-12,2022-12-13,0,Overnight,0.0,False,357.1,357.1,-183.96,False,0.0,False
2022-12-13,2022-12-14,0,Overnight,0.0,False,8.17,8.17,3.5,False,0.0,False
2022-12-14,2022-12-15,0,Overnight,0.0,False,-137.0,-137.0,-187.38,False,0.0,False
2022-12-15,2022-12-16,0,Overnight,0.0,False,-18.49,-18.49,-156.52,False,0.0,False
2022-12-16,2022-12-19,2,Weekend,48.0,False,6.95,6.95,-181.74,False,0.0,False
2022-12-19,2022-12-20,0,Overnight,0.0,False,-43.76,-43.76,99.75,False,0.0,False
2022-12-20,2022-12-21,0,Overnight,0.0,False,-4.55,-4.55,112.73,False,0.0,False
2022-12-21,2022-12-22,0,Overnight,0.0,False,-130.54,-130.54,-128.06,False,0.0,False
2022-12-22,2022-12-23,0,Overnight,0.0,False,-87.71,-87.71,110.35,False,0.0,False
2022-12-23,2022-12-27,3,Long,72.0,False,-1.26,-1.26,-73.16,False,0.0,False
2022-12-27,2022-12-28,0,Overnight,0.0,False,-2.95,-2.95,-100.12,False,0.0,False
2022-12-28,2022-12-29,0,Overnight,0.0,False,47.64,47.64,224.91,False,0.0,False
2022-12-29,2022-12-30,0,Overnight,0.0,False,-116.86,-116.86,67.36,False,0.0,False
2022-12-30,2023-01-03,3,Long,72.0,False,135.02,135.02,-145.03,False,0.0,False
2023-01-03,2023-01-04,0,Overnight,0.0,False,-309.44,-309.44,-137.85,False,0.0,False
2023-01-04,2023-01-05,0,Overnight,0.0,False,-83.28,-83.28,-217.58,False,0.0,False
2023-01-05,2023-01-06,0,Overnight,0.0,False,30.99,30.99,86.17,False,0.0,False
2023-01-06,2023-01-09,2,Weekend,48.0,False,67.35,67.35,29.54,False,0.0,False
2023-01-09,2023-01-10,0,Overnight,0.0,False,28.14,28.14,47.74,False,0.0,False
2023-01-10,2023-01-11,0,Overnight,0.0,False,106.06,106.06,191.84,False,0.0,False
2023-01-11,2023-01-12,0,Overnight,0.0,False,-21.66,-21.66,137.2,False,0.0,False
2023-01-12,2023-01-13,0,Overnight,0.0,False,-63.51,-63.51,93.65,False,0.0,False
2023-01-13,2023-01-17,3,Long,72.0,False,-52.81,-52.81,99.52,False,0.0,False
2023-01-17,2023-01-18,0,Overnight,0.0,False,50.63,50.63,-241.33,False,0.0,False
2023-01-18,2023-01-19,0,Overnight,0.0,False,-86.46,-86.46,-79.45,False,0.0,False
2023-01-19,2023-01-20,0,Overnight,0.0,False,125.54,125.54,225.66,False,0.0,False
2023-01-20,2023-01-23,2,Weekend,48.0,False,36.57,36.57,61.2,False,0.0,False
2023-01-23,2023-01-24,0,Overnight,0.0,False,-3.3,-3.3,-18.99,False,0.0,False
2023-01-24,2023-01-25,0,Overnight,0.0,False,-317.33,-317.33,258.07,False,0.0,False
2023-01-25,2023-01-26,0,Overnight,0.0,False,125.55,125.55,176.96,False,0.0,False
2023-01-26,2023-01-27,0,Overnight,0.0,False,39.84,39.84,-33.39,False,0.0,False
2023-01-27,2023-01-30,2,Weekend,48.0,False,-148.18,-148.18,-73.89,False,0.0,False
2023-01-30,2023-01-31,0,Overnight,0.0,False,30.44,30.44,177.51,False,0.0,False
2023-01-31,2023-02-01,0,Overnight,0.0,False,7.66,7.66,189.72,False,0.0,False
2023-02-01,2023-02-02,0,Overnight,0.0,False,237.32,237.32,220.86,False,0.0,False
2023-02-02,2023-02-03,0,Overnight,0.0,False,-193.08,-193.08,-45.96,False,0.0,False
2023-02-03,2023-02-06,2,Weekend,48.0,False,-35.29,-35.29,-26.06,False,0.0,False
2023-02-06,2023-02-07,0,Overnight,0.0,False,145.37,145.37,266.26,False,0.0,False
2023-02-07,2023-02-08,0,Overnight,0.0,False,208.6,208.6,-239.67,False,0.0,False
2023-02-08,2023-02-09,0,Overnight,0.0,False,261.61,261.61,-378.89,False,0.0,False
2023-02-09,2023-02-10,0,Overnight,0.0,False,-79.6,-79.6,59.85,False,0.0,False
2023-02-10,2023-02-13,2,Weekend,48.0,False,171.09,171.09,136.56,False,0.0,False
2023-02-13,2023-02-14,0,Overnight,0.0,False,49.63,49.63,-18.35,False,0.0,False
2023-02-14,2023-02-15,0,Overnight,0.0,False,-142.47,-117.16,37.2,True,24.98,False
2023-02-15,2023-02-16,0,Overnight,0.0,False,-198.75,-198.75,-71.08,False,0.0,False
2023-02-16,2023-02-17,0,Overnight,0.0,False,-105.84,-105.84,-51.41,False,0.0,False
2023-02-17,2023-02-21,3,Long,72.0,False,-139.7,-139.7,-71.38,False,0.0,False
2023-02-21,2023-02-22,0,Overnight,0.0,False,56.04,56.04,-102.06,False,0.0,False
2023-02-22,2023-02-23,0,Overnight,0.0,False,159.74,159.74,-30.96,False,0.0,False
2023-02-23,2023-02-24,0,Overnight,0.0,False,-190.6,-190.6,-29.65,False,0.0,False
2023-02-24,2023-02-27,2,Weekend,48.0,False,129.17,129.17,-91.52,False,0.0,False
2023-02-27,2023-02-28,0,Overnight,0.0,False,-43.67,-43.67,14.04,False,0.0,False
2023-02-28,2023-03-01,0,Overnight,0.0,False,53.58,53.58,-180.68,False,0.0,False
2023-03-01,2023-03-02,0,Overnight,0.0,False,11.36,11.36,183.26,False,0.0,False
2023-03-02,2023-03-03,0,Overnight,0.0,False,42.92,42.92,122.17,False,0.0,False
2023-03-03,2023-03-06,2,Weekend,48.0,False,44.56,44.56,17.14,False,0.0,False
2023-03-06,2023-03-07,0,Overnight,0.0,False,-22.22,-22.22,-84.24,False,0.0,False
2023-03-07,2023-03-08,0,Overnight,0.0,False,-4.33,-4.33,-13.39,False,0.0,False
2023-03-08,2023-03-09,0,Overnight,0.0,False,83.22,83.22,-137.76,False,0.0,False
2023-03-09,2023-03-10,0,Overnight,0.0,False,-49.27,-49.27,-99.67,False,0.0,False
2023-03-10,2023-03-13,2,Weekend,47.0,False,-47.99,-47.99,260.13,False,0.0,False
2023-03-13,2023-03-14,0,Overnight,0.0,False,110.84,110.84,156.13,False,0.0,False
2023-03-14,2023-03-15,0,Overnight,0.0,False,-31.11,-31.11,207.84,False,0.0,False
2023-03-15,2023-03-16,0,Overnight,0.0,False,-8.67,-8.67,406.03,False,0.0,False
2023-03-16,2023-03-17,0,Overnight,0.0,False,74.31,74.31,41.96,False,0.0,False
2023-03-17,2023-03-20,2,Weekend,48.0,False,-88.06,-88.06,-172.98,False,0.0,False
2023-03-20,2023-03-21,0,Overnight,0.0,False,96.87,96.87,-40.1,False,0.0,False
2023-03-21,2023-03-22,0,Overnight,0.0,False,-13.89,-13.89,-40.68,False,0.0,False
2023-03-22,2023-03-23,0,Overnight,0.0,False,205.38,205.38,-10.08,False,0.0,False
2023-03-23,2023-03-24,0,Overnight,0.0,False,-15.14,-15.14,119.4,False,0.0,False
2023-03-24,2023-03-27,2,Weekend,48.0,False,-2.5,-2.5,-147.97,False,0.0,False
2023-03-27,2023-03-28,0,Overnight,0.0,False,-21.37,-21.37,-20.33,False,0.0,False
2023-03-28,2023-03-29,0,Overnight,0.0,False,134.61,134.61,55.41,False,0.0,False
2023-03-29,2023-03-30,0,Overnight,0.0,False,131.74,131.74,-6.34,False,0.0,False
2023-03-30,2023-03-31,0,Overnight,0.0,False,-11.27,-11.27,159.78,False,0.0,False
2023-03-31,2023-04-03,2,Weekend,48.0,False,-61.93,-61.93,24.75,False,0.0,False
2023-04-03,2023-04-04,0,Overnight,0.0,False,0.0,0.0,-1.74,False,0.0,False
2023-04-04,2023-04-05,0,Overnight,0.0,False,-46.42,-46.42,-52.97,False,0.0,False
2023-04-05,2023-04-06,0,Overnight,0.0,False,-39.82,-39.82,291.94,False,0.0,False
2023-04-06,2023-04-10,3,Long,72.0,False,-82.3,-82.3,6.22,False,0.0,False
2023-04-10,2023-04-11,0,Overnight,0.0,False,-126.58,-126.58,-102.71,False,0.0,False
2023-04-11,2023-04-12,0,Overnight,0.0,False,69.06,69.06,-45.75,False,0.0,False
2023-04-12,2023-04-13,0,Overnight,0.0,False,3.53,3.53,218.0,False,0.0,False
2023-04-13,2023-04-14,0,Overnight,0.0,False,-98.47,-98.47,-30.01,False,0.0,False
2023-04-14,2023-04-17,2,Weekend,48.0,False,131.58,131.58,-39.05,False,0.0,False
2023-04-17,2023-04-18,0,Overnight,0.0,False,95.46,95.46,-110.36,False,0.0,False
2023-04-18,2023-04-19,0,Overnight,0.0,False,-82.88,-82.88,85.65,False,0.0,False
2023-04-19,2023-04-20,0,Overnight,0.0,False,-111.56,-111.56,30.1,False,0.0,False
2023-04-20,2023-04-21,0,Overnight,0.0,False,-38.52,-38.52,26.28,False,0.0,False
2023-04-21,2023-04-24,2,Weekend,48.0,False,-129.26,-129.26,-11.35,False,0.0,False
2023-04-24,2023-04-25,0,Overnight,0.0,False,-80.53,-80.53,-147.41,False,0.0,False
2023-04-25,2023-04-26,0,Overnight,0.0,False,744.24,744.24,-44.93,False,0.0,False
2023-04-26,2023-04-27,0,Overnight,0.0,False,20.29,20.29,294.96,False,0.0,False
2023-04-27,2023-04-28,0,Overnight,0.0,False,-26.94,-26.94,106.34,False,0.0,False
2023-04-28,2023-05-01,2,Weekend,48.0,False,-9.44,-9.44,-46.04,False,0.0,False
2023-05-01,2023-05-02,0,Overnight,0.0,False,71.74,71.74,-76.65,False,0.0,False
2023-05-02,2023-05-03,0,Overnight,0.0,False,39.54,39.54,-72.67,False,0.0,False
2023-05-03,2023-05-04,0,Overnight,0.0,False,60.26,60.26,-27.14,False,0.0,False
2023-05-04,2023-05-05,0,Overnight,0.0,False,10.15,10.15,159.97,False,0.0,False
2023-05-05,2023-05-08,2,Weekend,48.0,False,-16.75,-16.75,-47.84,False,0.0,False
2023-05-08,2023-05-09,0,Overnight,0.0,False,-21.08,-21.08,-32.52,False,0.0,False
2023-05-09,2023-05-10,0,Overnight,0.0,False,52.63,52.63,118.86,False,0.0,False
2023-05-10,2023-05-11,0,Overnight,0.0,False,-71.01,-71.01,0.32,False,0.0,False
2023-05-11,2023-05-12,0,Overnight,0.0,False,14.18,14.18,-51.01,False,0.0,False
2023-05-12,2023-05-15,2,Weekend,48.0,False,4.21,4.21,11.64,False,0.0,False
2023-05-15,2023-05-16,0,Overnight,0.0,False,11.95,11.95,61.46,False,0.0,False
2023-05-16,2023-05-17,0,Overnight,0.0,False,17.63,39.38,54.61,True,21.81,False
2023-05-17,2023-05-18,0,Overnight,0.0,False,16.86,16.86,126.06,False,0.0,False
2023-05-18,2023-05-19,0,Overnight,0.0,False,-56.04,-56.04,50.39,False,0.0,False
2023-05-19,2023-05-22,2,Weekend,48.0,False,8.16,8.16,80.65,False,0.0,False
2023-05-22,2023-05-23,0,Overnight,0.0,False,-35.87,-35.87,-150.17,False,0.0,False
2023-05-23,2023-05-24,0,Overnight,0.0,False,-16.83,-16.83,-28.0,False,0.0,False
2023-05-24,2023-05-25,0,Overnight,0.0,False,294.8,294.8,82.57,False,0.0,False
2023-05-25,2023-05-26,0,Overnight,0.0,False,-58.47,-58.47,270.07,False,0.0,False
2023-05-26,2023-05-30,3,Long,72.0,False,70.05,70.05,-120.64,False,0.0,False
2023-05-30,2023-05-31,0,Overnight,0.0,False,32.56,32.56,-118.06,False,0.0,False
2023-05-31,2023-06-01,0,Overnight,0.0,False,-75.19,-75.19,201.98,False,0.0,False
2023-06-01,2023-06-02,0,Overnight,0.0,False,50.09,50.09,34.35,False,0.0,False
2023-06-02,2023-06-05,2,Weekend,48.0,False,-5.37,-5.37,21.46,False,0.0,False
2023-06-05,2023-06-06,0,Overnight,0.0,False,-18.17,-18.17,-49.33,False,0.0,False
2023-06-06,2023-06-07,0,Overnight,0.0,False,-61.02,-61.02,-252.52,False,0.0,False
2023-06-07,2023-06-08,0,Overnight,0.0,False,17.3,17.3,40.67,False,0.0,False
2023-06-08,2023-06-09,0,Overnight,0.0,False,-8.31,-8.31,55.23,False,0.0,False
2023-06-09,2023-06-12,2,Weekend,48.0,False,54.63,54.63,99.03,False,0.0,False
2023-06-12,2023-06-13,0,Overnight,0.0,False,78.64,78.64,-5.38,False,0.0,False
2023-06-13,2023-06-14,0,Overnight,0.0,False,1.5,1.5,89.33,False,0.0,False
2023-06-14,2023-06-15,0,Overnight,0.0,False,4.15,4.15,309.84,False,0.0,False
2023-06-15,2023-06-16,0,Overnight,0.0,False,92.08,92.08,-259.22,False,0.0,False
2023-06-16,2023-06-20,3,Long,72.0,False,-88.61,-88.61,-37.2,False,0.0,False
2023-06-20,2023-06-21,0,Overnight,0.0,False,-49.82,-49.82,-83.89,False,0.0,False
2023-06-21,2023-06-22,0,Overnight,0.0,False,16.77,16.77,165.92,False,0.0,False
2023-06-22,2023-06-23,0,Overnight,0.0,False,-158.74,-158.74,19.72,False,0.0,False
2023-06-23,2023-06-26,2,Weekend,48.0,False,-38.88,-38.88,-154.61,False,0.0,False
2023-06-26,2023-06-27,0,Overnight,0.0,False,98.72,98.72,81.33,False,0.0,False
2023-06-27,2023-06-28,0,Overnight,0.0,False,2.69,2.69,35.5,False,0.0,False
2023-06-28,2023-06-29,0,Overnight,0.0,False,-34.0,-34.0,10.15,False,0.0,False
2023-06-29,2023-06-30,0,Overnight,0.0,False,80.26,80.26,82.27,False,0.0,False
2023-06-30,2023-07-03,2,Weekend,48.0,False,-39.72,-39.72,-35.44,False,0.0,False
2023-07-03,2023-07-05,1,Short,24.0,True,-86.17,-86.17,90.9,False,0.0,False
2023-07-05,2023-07-06,0,Overnight,0.0,False,-25.17,-25.17,117.01,False,0.0,False
2023-07-06,2023-07-07,0,Overnight,0.0,False,-57.3,-57.3,-62.08,False,0.0,False
2023-07-07,2023-07-10,2,Weekend,48.0,False,-78.0,-78.0,-83.13,False,0.0,False
2023-07-10,2023-07-11,0,Overnight,0.0,False,-23.23,-23.23,42.5,False,0.0,False
2023-07-11,2023-07-12,0,Overnight,0.0,False,123.46,123.46,17.81,False,0.0,False
2023-07-12,2023-07-13,0,Overnight,0.0,False,69.74,69.74,90.88,False,0.0,False
2023-07-13,2023-07-14,0,Overnight,0.0,False,142.85,142.85,-67.84,False,0.0,False
2023-07-14,2023-07-17,2,Weekend,48.0,False,12.74,12.74,1.45,False,0.0,False
2023-07-17,2023-07-18,0,Overnight,0.0,False,2.89,2.89,387.39,False,0.0,False
2023-07-18,2023-07-19,0,Overnight,0.0,False,62.67,62.67,-186.1,False,0.0,False
2023-07-19,2023-07-20,0,Overnight,0.0,False,-42.62,-42.62,-191.31,False,0.0,False
2023-07-20,2023-07-21,0,Overnight,0.0,False,65.52,65.52,-155.29,False,0.0,False
2023-07-21,2023-07-24,2,Weekend,48.0,False,60.32,60.32,-21.42,False,0.0,False
2023-07-24,2023-07-25,0,Overnight,0.0,False,57.79,57.79,110.88,False,0.0,False
2023-07-25,2023-07-26,0,Overnight,0.0,False,-275.57,-275.57,-108.07,False,0.0,False
2023-07-26,2023-07-27,0,Overnight,0.0,False,79.91,79.91,-290.84,False,0.0,False
2023-07-27,2023-07-28,0,Overnight,0.0,False,88.8,88.8,139.87,False,0.0,False
2023-07-28,2023-07-31,2,Weekend,48.0,False,-42.94,-42.94,-29.72,False,0.0,False
2023-07-31,2023-08-01,0,Overnight,0.0,False,-21.76,-21.76,34.25,False,0.0,False
2023-08-01,2023-08-02,0,Overnight,0.0,False,-80.9,-80.9,-185.45,False,0.0,False
2023-08-02,2023-08-03,0,Overnight,0.0,False,-45.91,-45.91,20.23,False,0.0,False
2023-08-03,2023-08-04,0,Overnight,0.0,False,158.54,158.54,-124.31,False,0.0,False
2023-08-04,2023-08-07,2,Weekend,48.0,False,17.98,17.98,52.85,False,0.0,False
2023-08-07,2023-08-08,0,Overnight,0.0,False,-95.88,-95.88,-27.87,False,0.0,False
2023-08-08,2023-08-09,0,Overnight,0.0,False,12.87,12.87,-130.72,False,0.0,False
2023-08-09,2023-08-10,0,Overnight,0.0,False,116.93,116.93,-95.23,False,0.0,False
2023-08-10,2023-08-11,0,Overnight,0.0,False,-83.02,-83.02,23.39,False,0.0,False
2023-08-11,2023-08-14,2,Weekend,48.0,False,11.83,11.83,82.12,False,0.0,False
2023-08-14,2023-08-15,0,Overnight,0.0,False,-32.15,-32.15,-35.36,False,0.0,False
2023-08-15,2023-08-16,0,Overnight,0.0,False,-32.99,-11.81,-12.48,True,21.13,False
2023-08-16,2023-08-17,0,Overnight,0.0,False,4.37,4.37,-114.84,False,0.0,False
2023-08-17,2023-08-18,0,Overnight,0.0,False,-75.71,-75.71,63.08,False,0.0,False
2023-08-18,2023-08-21,2,Weekend,48.0,False,45.71,45.71,123.48,False,0.0,False
2023-08-21,2023-08-22,0,Overnight,0.0,False,111.84,111.84,-93.83,False,0.0,False
2023-08-22,2023-08-23,0,Overnight,0.0,False,42.09,42.09,97.72,False,0.0,False
2023-08-23,2023-08-24,0,Overnight,0.0,False,177.32,177.32,-394.65,False,0.0,False
2023-08-24,2023-08-25,0,Overnight,0.0,False,46.77,46.77,46.86,False,0.0,False
2023-08-25,2023-08-28,2,Weekend,48.0,False,82.63,82.63,-60.37,False,0.0,False
2023-08-28,2023-08-29,0,Overnight,0.0,False,-56.38,-56.38,200.84,False,0.0,False
2023-08-29,2023-08-30,0,Overnight,0.0,False,7.91,7.91,3.65,False,0.0,False
2023-08-30,2023-08-31,0,Overnight,0.0,False,12.46,12.46,-43.84,False,0.0,False
2023-08-31,2023-09-01,0,Overnight,0.0,False,107.73,107.73,-80.31,False,0.0,False
2023-09-01,2023-09-05,3,Long,72.0,False,10.34,10.34,137.35,False,0.0,False
2023-09-05,2023-09-06,0,Overnight,0.0,False,-5.1,-5.1,-15.01,False,0.0,False
2023-09-06,2023-09-07,0,Overnight,0.0,False,-47.88,-47.88,-41.74,False,0.0,False
2023-09-07,2023-09-08,0,Overnight,0.0,False,5.45,5.45,125.84,False,0.0,False
2023-09-08,2023-09-11,2,Weekend,48.0,False,88.46,88.46,20.74,False,0.0,False
2023-09-11,2023-09-12,0,Overnight,0.0,False,-62.93,-62.93,-121.33,False,0.0,False
2023-09-12,2023-09-13,0,Overnight,0.0,False,-13.87,-13.87,142.35,False,0.0,False
2023-09-13,2023-09-14,0,Overnight,0.0,False,91.53,91.53,-13.28,False,0.0,False
2023-09-14,2023-09-15,0,Overnight,0.0,False,-52.69,-52.69,-200.86,False,0.0,False
2023-09-15,2023-09-18,2,Weekend,48.0,False,-73.55,-73.55,38.36,False,0.0,False
2023-09-18,2023-09-19,0,Overnight,0.0,False,-88.21,-88.21,75.75,False,0.0,False
2023-09-19,2023-09-20,0,Overnight,0.0,False,26.13,26.13,-268.82,False,0.0,False
2023-09-20,2023-09-21,0,Overnight,0.0,False,-47.18,-47.18,8.45,False,0.0,False
2023-09-21,2023-09-22,0,Overnight,0.0,False,55.86,55.86,-135.04,False,0.0,False
2023-09-22,2023-09-25,2,Weekend,48.0,False,-13.26,-13.26,29.96,False,0.0,False
2023-09-25,2023-09-26,0,Overnight,0.0,False,-76.19,-76.19,-95.33,False,0.0,False
2023-09-26,2023-09-27,0,Overnight,0.0,False,5.12,5.12,15.68,False,0.0,False
2023-09-27,2023-09-28,0,Overnight,0.0,False,-57.71,-57.71,84.85,False,0.0,False
2023-09-28,2023-09-29,0,Overnight,0.0,False,130.19,130.19,-63.14,False,0.0,False
2023-09-29,2023-10-02,2,Weekend,48.0,False,16.77,16.77,173.02,False,0.0,False
2023-10-02,2023-10-03,0,Overnight,0.0,False,-30.19,-30.19,-234.63,False,0.0,False
2023-10-03,2023-10-04,0,Overnight,0.0,False,20.4,20.4,155.77,False,0.0,False
2023-10-04,2023-10-05,0,Overnight,0.0,False,4.08,4.08,8.46,False,0.0,False
2023-10-05,2023-10-06,0,Overnight,0.0,False,-88.38,-88.38,332.74,False,0.0,False
2023-10-06,2023-10-09,2,Weekend,48.0,False,-76.99,-76.99,154.91,False,0.0,False
2023-10-09,2023-10-10,0,Overnight,0.0,False,34.5,34.5,-77.96,False,0.0,False
2023-10-10,2023-10-11,0,Overnight,0.0,False,85.51,85.51,36.47,False,0.0,False
2023-10-11,2023-10-12,0,Overnight,0.0,False,-55.81,-55.81,17.83,False,0.0,False
2023-10-12,2023-10-13,0,Overnight,0.0,False,36.77,36.77,-140.89,False,0.0,False
2023-10-13,2023-10-16,2,Weekend,48.0,False,100.79,100.79,47.91,False,0.0,False
2023-10-16,2023-10-17,0,Overnight,0.0,False,-92.11,-92.11,74.66,False,0.0,False
2023-10-17,2023-10-18,0,Overnight,0.0,False,12.94,12.94,-71.84,False,0.0,False
2023-10-18,2023-10-19,0,Overnight,0.0,False,61.61,61.61,-25.02,False,0.0,False
2023-10-19,2023-10-20,0,Overnight,0.0,False,12.07,12.07,-153.41,False,0.0,False
2023-10-20,2023-10-23,2,Weekend,48.0,False,-36.8,-36.8,117.6,False,0.0,False
2023-10-23,2023-10-24,0,Overnight,0.0,False,59.94,59.94,-23.27,False,0.0,False
2023-10-24,2023-10-25,0,Overnight,0.0,False,429.05,429.05,-126.88,False,0.0,False
2023-10-25,2023-10-26,0,Overnight,0.0,False,-3.82,-3.82,-378.54,False,0.0,False
2023-10-26,2023-10-27,0,Overnight,0.0,False,77.17,77.17,-18.78,False,0.0,False
2023-10-27,2023-10-30,2,Weekend,48.0,False,108.56,108.56,116.29,False,0.0,False
2023-10-30,2023-10-31,0,Overnight,0.0,False,45.55,45.55,-21.86,False,0.0,False
2023-10-31,2023-11-01,0,Overnight,0.0,False,49.57,49.57,183.13,False,0.0,False
2023-11-01,2023-11-02,0,Overnight,0.0,False,33.75,33.75,31.05,False,0.0,False
2023-11-02,2023-11-03,0,Overnight,0.0,False,37.54,37.54,90.26,False,0.0,False
2023-11-03,2023-11-06,2,Weekend,49.0,False,18.41,18.41,86.76,False,0.0,False
2023-11-06,2023-11-07,0,Overnight,0.0,False,80.18,80.18,31.39,False,0.0,False
2023-11-07,2023-11-08,0,Overnight,0.0,False,31.85,31.85,41.94,False,0.0,False
2023-11-08,2023-11-09,0,Overnight,0.0,False,-24.81,-24.81,-44.54,False,0.0,False
2023-11-09,2023-11-10,0,Overnight,0.0,False,22.15,22.15,223.76,False,0.0,False
2023-11-10,2023-11-13,2,Weekend,48.0,False,-39.3,-39.3,-41.91,False,0.0,False
2023-11-13,2023-11-14,0,Overnight,0.0,False,117.4,117.4,-19.97,False,0.0,False
2023-11-14,2023-11-15,0,Overnight,0.0,False,27.24,47.42,-43.46,True,20.26,False
2023-11-15,2023-11-16,0,Overnight,0.0,False,34.83,34.83,139.47,False,0.0,False
2023-11-16,2023-11-17,0,Overnight,0.0,False,-68.29,-68.29,-101.15,False,0.0,False
2023-11-17,2023-11-20,2,Weekend,48.0,False,36.97,36.97,166.17,False,0.0,False
2023-11-20,2023-11-21,0,Overnight,0.0,False,-47.0,-47.0,-69.45,False,0.0,False
2023-11-21,2023-11-22,0,Overnight,0.0,False,131.28,131.28,-3.97,False,0.0,False
2023-11-22,2023-11-24,1,Short,24.0,False,-13.77,-13.77,2.65,False,0.0,False
2023-11-24,2023-11-27,2,Weekend,48.0,True,-17.24,-17.24,48.45,False,0.0,False
2023-11-27,2023-11-28,0,Overnight,0.0,False,-6.87,-6.87,114.32,False,0.0,False
2023-11-28,2023-11-29,0,Overnight,0.0,False,27.66,27.66,-128.77,False,0.0,False
2023-11-29,2023-11-30,0,Overnight,0.0,False,-9.51,-9.51,11.09,False,0.0,False
2023-11-30,2023-12-01,0,Overnight,0.0,False,-56.9,-56.9,-59.9,False,0.0,False
2023-12-01,2023-12-04,2,Weekend,48.0,False,-145.51,-145.51,1.08,False,0.0,False
2023-12-04,2023-12-05,0,Overnight,0.0,False,-73.14,-73.14,164.29,False,0.0,False
2023-12-05,2023-12-06,0,Overnight,0.0,False,27.34,27.34,-127.71,False,0.0,False
2023-12-06,2023-12-07,0,Overnight,0.0,False,-15.47,-15.47,73.6,False,0.0,False
2023-12-07,2023-12-08,0,Overnight,0.0,False,-47.29,-47.29,135.32,False,0.0,False
2023-12-08,2023-12-11,2,Weekend,48.0,False,-154.84,-154.84,76.24,False,0.0,False
2023-12-11,2023-12-12,0,Overnight,0.0,False,-12.13,-12.13,94.74,False,0.0,False
2023-12-12,2023-12-13,0,Overnight,0.0,False,43.71,43.71,-43.98,False,0.0,False
2023-12-13,2023-12-14,0,Overnight,0.0,False,-28.35,-28.35,-199.67,False,0.0,False
2023-12-14,2023-12-15,0,Overnight,0.0,False,25.11,25.11,105.21,False,0.0,False
2023-12-15,2023-12-18,2,Weekend,48.0,False,-34.59,-34.59,86.24,False,0.0,False
2023-12-18,2023-12-19,0,Overnight,0.0,False,-31.18,-31.18,47.53,False,0.0,False
2023-12-19,2023-12-20,0,Overnight,0.0,False,46.51,46.51,-117.49,False,0.0,False
2023-12-20,2023-12-21,0,Overnight,0.0,False,52.21,52.21,26.27,False,0.0,False
2023-12-21,2023-12-22,0,Overnight,0.0,False,3.75,3.75,24.06,False,0.0,False
2023-12-22,2023-12-26,3,Long,72.0,False,11.21,11.21,-9.07,False,0.0,False
2023-12-26,2023-12-27,0,Overnight,0.0,False,-25.92,-25.92,10.16,False,0.0,False
2023-12-27,2023-12-28,0,Overnight,0.0,False,34.69,34.69,-2.4,False,0.0,False
2023-12-28,2023-12-29,0,Overnight,0.0,False,19.17,19.17,1.06,False,0.0,False
2023-12-29,2024-01-02,3,Long,72.0,False,-58.14,-58.14,-80.3,False,0.0,False
2024-01-02,2024-01-03,0,Overnight,0.0,False,-50.28,-50.28,43.0,False,0.0,False
2024-01-03,2024-01-04,0,Overnight,0.0,False,1.89,1.89,-73.92,False,0.0,False
2024-01-04,2024-01-05,0,Overnight,0.0,False,27.95,27.95,-33.12,False,0.0,False
2024-01-05,2024-01-08,2,Weekend,48.0,False,42.06,42.06,144.9,False,0.0,False
2024-01-08,2024-01-09,0,Overnight,0.0,False,-71.78,-71.78,101.1,False,0.0,False
2024-01-09,2024-01-10,0,Overnight,0.0,False,15.42,15.42,168.62,False,0.0,False
2024-01-10,2024-01-11,0,Overnight,0.0,False,84.03,84.03,-35.56,False,0.0,False
2024-01-11,2024-01-12,0,Overnight,0.0,False,22.33,22.33,77.01,False,0.0,False
2024-01-12,2024-01-16,3,Long,72.0,False,132.72,132.72,-86.49,False,0.0,False
2024-01-16,2024-01-17,0,Overnight,0.0,False,-58.85,-58.85,38.33,False,0.0,False
2024-01-17,2024-01-18,0,Overnight,0.0,False,57.6,57.6,54.74,False,0.0,False
2024-01-18,2024-01-19,0,Overnight,0.0,False,47.87,47.87,73.26,False,0.0,False
2024-01-19,2024-01-22,2,Weekend,48.0,False,33.8,33.8,-88.13,False,0.0,False
2024-01-22,2024-01-23,0,Overnight,0.0,False,-19.19,-19.19,79.28,False,0.0,False
2024-01-23,2024-01-24,0,Overnight,0.0,False,65.96,65.96,25.37,False,0.0,False
2024-01-24,2024-01-25,0,Overnight,0.0,False,43.63,43.63,13.59,False,0.0,False
2024-01-25,2024-01-26,0,Overnight,0.0,False,-12.36,-12.36,-10.89,False,0.0,False
2024-01-26,2024-01-29,2,Weekend,48.0,False,52.59,52.59,89.73,False,0.0,False
2024-01-29,2024-01-30,0,Overnight,0.0,False,61.8,61.8,-89.42,False,0.0,False
2024-01-30,2024-01-31,0,Overnight,0.0,False,-39.97,-39.97,-233.19,False,0.0,False
2024-01-31,2024-02-01,0,Overnight,0.0,False,106.33,106.33,48.41,False,0.0,False
2024-02-01,2024-02-02,0,Overnight,0.0,False,0.74,0.74,181.84,False,0.0,False
2024-02-02,2024-02-05,2,Weekend,48.0,False,-32.15,-32.15,-104.23,False,0.0,False
2024-02-05,2024-02-06,0,Overnight,0.0,False,5.67,5.67,-9.61,False,0.0,False
2024-02-06,2024-02-07,0,Overnight,0.0,False,47.97,47.97,160.93,False,0.0,False
2024-02-07,2024-02-08,0,Overnight,0.0,False,0.0,0.0,1.45,False,0.0,False
2024-02-08,2024-02-09,0,Overnight,0.0,False,27.49,27.49,126.83,False,0.0,False
2024-02-09,2024-02-12,2,Weekend,48.0,False,0.24,0.24,-126.82,False,0.0,False
2024-02-12,2024-02-13,0,Overnight,0.0,False,-251.66,-251.66,34.02,False,0.0,False
2024-02-13,2024-02-14,0,Overnight,0.0,False,42.98,61.34,34.74,True,18.46,False
2024-02-14,2024-02-15,0,Overnight,0.0,False,-33.02,-33.02,-38.79,False,0.0,False
2024-02-15,2024-02-16,0,Overnight,0.0,False,34.38,34.38,-96.06,False,0.0,False
2024-02-16,2024-02-20,3,Long,72.0,False,-20.31,-20.31,-11.17,False,0.0,False
2024-02-20,2024-02-21,0,Overnight,0.0,False,-65.26,-65.26,50.1,False,0.0,False
2024-02-21,2024-02-22,0,Overnight,0.0,False,197.21,197.21,35.53,False,0.0,False
2024-02-22,2024-02-23,0,Overnight,0.0,False,97.18,97.18,-129.06,False,0.0,False
2024-02-23,2024-02-26,2,Weekend,48.0,False,27.26,27.26,-95.73,False,0.0,False
2024-02-26,2024-02-27,0,Overnight,0.0,False,11.04,11.04,-12.51,False,0.0,False
2024-02-27,2024-02-28,0,Overnight,0.0,False,17.16,17.16,-11.28,False,0.0,False
2024-02-28,2024-02-29,0,Overnight,0.0,False,22.54,22.54,121.61,False,0.0,False
2024-02-29,2024-03-01,0,Overnight,0.0,False,-57.46,-57.46,102.33,False,0.0,False
2024-03-01,2024-03-04,2,Weekend,48.0,False,-49.7,-49.7,35.73,False,0.0,False
2024-03-04,2024-03-05,0,Overnight,0.0,False,-23.16,-23.16,-277.02,False,0.0,False
2024-03-05,2024-03-06,0,Overnight,0.0,False,7.94,7.94,-21.86,False,0.0,False
2024-03-06,2024-03-07,0,Overnight,0.0,False,99.73,99.73,74.09,False,0.0,False
2024-03-07,2024-03-08,0,Overnight,0.0,False,-28.88,-28.88,-42.74,False,0.0,False
2024-03-08,2024-03-11,2,Weekend,47.0,False,-60.74,-60.74,18.8,False,0.0,False
2024-03-11,2024-03-12,0,Overnight,0.0,False,76.34,76.34,186.18,False,0.0,False
2024-03-12,2024-03-13,0,Overnight,0.0,False,67.68,67.68,-72.01,False,0.0,False
2024-03-13,2024-03-14,0,Overnight,0.0,False,123.06,123.06,117.81,False,0.0,False
2024-03-14,2024-03-15,0,Overnight,0.0,False,-140.44,-140.44,-68.68,False,0.0,False
2024-03-15,2024-03-18,2,Weekend,48.0,False,-52.25,-52.25,73.84,False,0.0,False
2024-03-18,2024-03-19,0,Overnight,0.0,False,12.21,12.21,85.32,False,0.0,False
2024-03-19,2024-03-20,0,Overnight,0.0,False,13.99,13.99,76.25,False,0.0,False
2024-03-20,2024-03-21,0,Overnight,0.0,False,107.6,107.6,-10.71,False,0.0,False
2024-03-21,2024-03-22,0,Overnight,0.0,False,7.68,7.68,-22.37,False,0.0,False
2024-03-22,2024-03-25,2,Weekend,48.0,False,-81.97,-81.97,-56.13,False,0.0,False
2024-03-25,2024-03-26,0,Overnight,0.0,False,64.82,64.82,-93.48,False,0.0,False
2024-03-26,2024-03-27,0,Overnight,0.0,False,65.95,65.95,-71.17,False,0.0,False
2024-03-27,2024-03-28,0,Overnight,0.0,False,-11.16,-11.16,-5.7,False,0.0,False
2024-03-28,2024-04-01,3,Long,72.0,False,76.48,76.48,14.61,False,0.0,False
2024-04-01,2024-04-02,0,Overnight,0.0,False,-105.6,-105.6,31.61,False,0.0,False
2024-04-02,2024-04-03,0,Overnight,0.0,False,-40.66,-40.66,17.14,False,0.0,False
2024-04-03,2024-04-04,0,Overnight,0.0,False,107.4,107.4,-168.71,False,0.0,False
2024-04-04,2024-04-05,0,Overnight,0.0,False,50.84,50.84,130.33,False,0.0,False
2024-04-05,2024-04-08,2,Weekend,48.0,False,-8.23,-8.23,-13.65,False,0.0,False
2024-04-08,2024-04-09,0,Overnight,0.0,False,43.48,43.48,-3.75,False,0.0,False
2024-04-09,2024-04-10,0,Overnight,0.0,False,-96.41,-96.41,25.31,False,0.0,False
2024-04-10,2024-04-11,0,Overnight,0.0,False,60.3,60.3,49.43,False,0.0,False
2024-04-11,2024-04-12,0,Overnight,0.0,False,-91.08,-91.08,-50.83,False,0.0,False
2024-04-12,2024-04-15,2,Weekend,48.0,False,110.79,110.79,-308.51,False,0.0,False
2024-04-15,2024-04-16,0,Overnight,0.0,False,22.46,22.46,0.24,False,0.0,False
2024-04-16,2024-04-17,0,Overnight,0.0,False,64.2,64.2,-130.51,False,0.0,False
2024-04-17,2024-04-18,0,Overnight,0.0,False,-29.42,-29.42,-156.1,False,0.0,False
2024-04-18,2024-04-19,0,Overnight,0.0,False,-5.94,-5.94,-122.27,False,0.0,False
2024-04-19,2024-04-22,2,Weekend,48.0,False,24.02,24.02,21.97,False,0.0,False
2024-04-22,2024-04-23,0,Overnight,0.0,False,81.47,81.47,82.04,False,0.0,False
2024-04-23,2024-04-24,0,Overnight,0.0,False,48.71,48.71,-12.22,False,0.0,False
2024-04-24,2024-04-25,0,Overnight,0.0,False,-374.35,-374.35,126.35,False,0.0,False
2024-04-25,2024-04-26,0,Overnight,0.0,False,323.74,323.74,-142.95,False,0.0,False
2024-04-26,2024-04-29,2,Weekend,48.0,False,-26.37,-26.37,-74.3,False,0.0,False
2024-04-29,2024-04-30,0,Overnight,0.0,False,-18.91,-18.91,-307.55,False,0.0,False
2024-04-30,2024-05-01,0,Overnight,0.0,False,83.89,83.89,59.17,False,0.0,False
2024-05-01,2024-05-02,0,Overnight,0.0,False,68.64,68.64,4.53,False,0.0,False
2024-05-02,2024-05-03,0,Overnight,0.0,False,110.98,110.98,108.29,False,0.0,False
2024-05-03,2024-05-06,2,Weekend,48.0,False,51.51,51.51,116.26,False,0.0,False
2024-05-06,2024-05-07,0,Overnight,0.0,False,27.05,27.05,-129.13,False,0.0,False
2024-05-07,2024-05-08,0,Overnight,0.0,False,-28.62,-28.62,57.9,False,0.0,False
2024-05-08,2024-05-09,0,Overnight,0.0,False,0.73,0.73,42.53,False,0.0,False
2024-05-09,2024-05-10,0,Overnight,0.0,False,15.03,15.03,43.49,False,0.0,False
2024-05-10,2024-05-13,2,Weekend,48.0,False,78.54,78.54,-103.16,False,0.0,False
2024-05-13,2024-05-14,0,Overnight,0.0,False,-41.18,-41.18,109.59,False,0.0,False
2024-05-14,2024-05-15,0,Overnight,0.0,False,32.12,50.05,123.19,True,18.0,False
2024-05-15,2024-05-16,0,Overnight,0.0,False,-30.3,-30.3,-19.22,False,0.0,False
2024-05-16,2024-05-17,0,Overnight,0.0,False,36.75,36.75,-55.3,False,0.0,False
2024-05-17,2024-05-20,2,Weekend,48.0,False,0.0,0.0,121.34,False,0.0,False
2024-05-20,2024-05-21,0,Overnight,0.0,False,34.97,34.97,51.64,False,0.0,False
2024-05-21,2024-05-22,0,Overnight,0.0,False,24.44,24.44,9.99,False,0.0,False
2024-05-22,2024-05-23,0,Overnight,0.0,False,56.75,56.75,-138.84,False,0.0,False
2024-05-23,2024-05-24,0,Overnight,0.0,False,4.45,4.45,69.28,False,0.0,False
2024-05-24,2024-05-28,3,Long,72.0,False,-12.33,-12.33,16.05,False,0.0,False
2024-05-28,2024-05-29,0,Overnight,0.0,False,-108.18,-108.18,81.42,False,0.0,False
2024-05-29,2024-05-30,0,Overnight,0.0,False,-114.12,-114.12,-229.58,False,0.0,False
2024-05-30,2024-05-31,0,Overnight,0.0,False,50.03,50.03,-38.95,False,0.0,False
2024-05-31,2024-06-03,2,Weekend,48.0,False,9.63,9.63,-48.49,False,0.0,False
2024-06-03,2024-06-04,0,Overnight,0.0,False,-26.39,-26.39,87.87,False,0.0,False
2024-06-04,2024-06-05,0,Overnight,0.0,False,41.73,41.73,147.3,False,0.0,False
2024-06-05,2024-06-06,0,Overnight,0.0,False,0.0,0.0,12.02,False,0.0,False
2024-06-06,2024-06-07,0,Overnight,0.0,False,39.5,39.5,-55.29,False,0.0,False
2024-06-07,2024-06-10,2,Weekend,48.0,False,20.03,20.03,74.36,False,0.0,False
2024-06-10,2024-06-11,0,Overnight,0.0,False,-56.01,-56.01,167.8,False,0.0,False
2024-06-11,2024-06-12,0,Overnight,0.0,False,60.83,60.83,131.0,False,0.0,False
2024-06-12,2024-06-13,0,Overnight,0.0,False,-4.76,-4.76,16.54,False,0.0,False
2024-06-13,2024-06-14,0,Overnight,0.0,False,-75.01,-75.01,97.41,False,0.0,False
2024-06-14,2024-06-17,2,Weekend,48.0,False,0.45,0.45,129.75,False,0.0,False
2024-06-17,2024-06-18,0,Overnight,0.0,False,29.84,29.84,-75.22,False,0.0,False
2024-06-18,2024-06-20,1,Short,24.0,False,-0.9,-0.9,-13.45,False,0.0,False
2024-06-20,2024-06-21,0,Overnight,0.0,False,37.62,37.62,53.5,False,0.0,False
2024-06-21,2024-06-24,2,Weekend,48.0,False,0.44,0.44,-47.47,False,0.0,False
2024-06-24,2024-06-25,0,Overnight,0.0,False,12.95,12.95,60.05,False,0.0,False
2024-06-25,2024-06-26,0,Overnight,0.0,False,-43.34,-43.34,70.13,False,0.0,False
2024-06-26,2024-06-27,0,Overnight,0.0,False,0.44,0.44,14.81,False,0.0,False
2024-06-27,2024-06-28,0,Overnight,0.0,False,4.86,4.86,-136.0,False,0.0,False
2024-06-28,2024-07-01,2,Weekend,48.0,False,38.19,38.19,178.27,False,0.0,False
2024-07-01,2024-07-02,0,Overnight,0.0,False,-77.59,-77.59,133.26,False,0.0,False
2024-07-02,2024-07-03,0,Overnight,0.0,False,-23.76,-23.76,56.15,False,0.0,False
2024-07-03,2024-07-05,1,Short,24.0,True,-25.21,-25.21,171.49,False,0.0,False
2024-07-05,2024-07-08,2,Weekend,48.0,False,-21.63,-21.63,-6.65,False,0.0,False
2024-07-08,2024-07-09,0,Overnight,0.0,False,16.29,16.29,-161.03,False,0.0,False
2024-07-09,2024-07-10,0,Overnight,0.0,False,36.49,36.49,108.47,False,0.0,False
2024-07-10,2024-07-11,0,Overnight,0.0,False,-70.38,-70.38,-180.46,False,0.0,False
2024-07-11,2024-07-12,0,Overnight,0.0,False,-8.14,-8.14,-17.18,False,0.0,False
2024-07-12,2024-07-15,2,Weekend,48.0,False,-5.51,-5.51,14.55,False,0.0,False
2024-07-15,2024-07-16,0,Overnight,0.0,False,5.73,5.73,-104.01,False,0.0,False
2024-07-16,2024-07-17,0,Overnight,0.0,False,-155.36,-155.36,20.99,False,0.0,False
2024-07-17,2024-07-18,0,Overnight,0.0,False,18.47,18.47,-89.75,False,0.0,False
2024-07-18,2024-07-19,0,Overnight,0.0,False,-166.47,-166.47,92.16,False,0.0,False
2024-07-19,2024-07-22,2,Weekend,48.0,False,106.5,106.5,26.0,False,0.0,False
2024-07-22,2024-07-23,0,Overnight,0.0,False,21.65,21.65,21.38,False,0.0,False
2024-07-23,2024-07-24,0,Overnight,0.0,False,-99.4,-99.4,-265.73,False,0.0,False
2024-07-24,2024-07-25,0,Overnight,0.0,False,-2.33,-2.33,-245.53,False,0.0,False
2024-07-25,2024-07-26,0,Overnight,0.0,False,-4.78,-4.78,167.64,False,0.0,False
2024-07-26,2024-07-29,2,Weekend,48.0,False,147.29,147.29,-113.01,False,0.0,False
2024-07-29,2024-07-30,0,Overnight,0.0,False,23.17,23.17,-112.86,False,0.0,False
2024-07-30,2024-07-31,0,Overnight,0.0,False,-57.39,-57.39,-51.26,False,0.0,False
2024-07-31,2024-08-01,0,Overnight,0.0,False,58.16,58.16,-87.84,False,0.0,False
2024-08-01,2024-08-02,0,Overnight,0.0,False,-111.38,-111.38,-97.45,False,0.0,False
2024-08-02,2024-08-05,2,Weekend,48.0,False,-484.51,-484.51,152.49,False,0.0,False
2024-08-05,2024-08-06,0,Overnight,0.0,False,121.99,121.99,-9.76,False,0.0,False
2024-08-06,2024-08-07,0,Overnight,0.0,False,223.46,223.46,-253.03,False,0.0,False
2024-08-07,2024-08-08,0,Overnight,0.0,False,100.14,100.14,6.21,False,0.0,False
2024-08-08,2024-08-09,0,Overnight,0.0,False,33.22,33.22,49.13,False,0.0,False
2024-08-09,2024-08-12,2,Weekend,48.0,False,25.58,25.58,-6.14,False,0.0,False
2024-08-12,2024-08-13,0,Overnight,0.0,False,68.1,68.1,107.34,False,0.0,False
2024-08-13,2024-08-14,0,Overnight,0.0,False,19.06,19.06,49.54,False,0.0,False
2024-08-14,2024-08-15,0,Overnight,0.0,False,70.28,88.13,29.26,True,17.99,False
2024-08-15,2024-08-16,0,Overnight,0.0,False,-10.22,-10.22,-50.77,False,0.0,False
2024-08-16,2024-08-19,2,Weekend,48.0,False,11.7,11.7,61.16,False,0.0,False
2024-08-19,2024-08-20,0,Overnight,0.0,False,4.03,4.03,73.24,False,0.0,False
2024-08-20,2024-08-21,0,Overnight,0.0,False,-16.96,-16.96,1.42,False,0.0,False
2024-08-21,2024-08-22,0,Overnight,0.0,False,5.18,5.18,-209.79,False,0.0,False
2024-08-22,2024-08-23,0,Overnight,0.0,False,34.35,34.35,-4.56,False,0.0,False
2024-08-23,2024-08-26,2,Weekend,48.0,False,-10.08,-10.08,-69.41,False,0.0,False
2024-08-26,2024-08-27,0,Overnight,0.0,False,-15.25,-15.25,23.71,False,0.0,False
2024-08-27,2024-08-28,0,Overnight,0.0,False,25.1,25.1,-103.7,False,0.0,False
2024-08-28,2024-08-29,0,Overnight,0.0,False,105.14,105.14,-43.96,False,0.0,False
2024-08-29,2024-08-30,0,Overnight,0.0,False,59.85,59.85,36.99,False,0.0,False
2024-08-30,2024-09-03,3,Long,72.0,False,18.44,18.44,-204.76,False,0.0,False
2024-09-03,2024-09-04,0,Overnight,0.0,False,-86.59,-86.59,73.39,False,0.0,False
2024-09-04,2024-09-05,0,Overnight,0.0,False,-31.35,-31.35,18.87,False,0.0,False
2024-09-05,2024-09-06,0,Overnight,0.0,False,16.39,16.39,-181.56,False,0.0,False
2024-09-06,2024-09-09,2,Weekend,48.0,False,136.97,136.97,-37.39,False,0.0,False
2024-09-09,2024-09-10,0,Overnight,0.0,False,60.94,60.94,145.92,False,0.0,False
2024-09-10,2024-09-11,0,Overnight,0.0,False,31.34,31.34,179.84,False,0.0,False
2024-09-11,2024-09-12,0,Overnight,0.0,False,6.38,6.38,86.79,False,0.0,False
2024-09-12,2024-09-13,0,Overnight,0.0,False,-27.44,-27.44,111.16,False,0.0,False
2024-09-13,2024-09-16,2,Weekend,48.0,False,0.23,0.23,17.17,False,0.0,False
2024-09-16,2024-09-17,0,Overnight,0.0,False,204.01,204.01,-116.07,False,0.0,False
2024-09-17,2024-09-18,0,Overnight,0.0,False,-3.45,-3.45,-96.79,False,0.0,False
2024-09-18,2024-09-19,0,Overnight,0.0,False,238.99,238.99,-57.73,False,0.0,False
2024-09-19,2024-09-20,0,Overnight,0.0,False,-33.57,-33.57,-44.7,False,0.0,False
2024-09-20,2024-09-23,2,Weekend,48.0,False,-22.77,-22.77,-17.75,False,0.0,False
2024-09-23,2024-09-24,0,Overnight,0.0,False,-11.77,-11.77,-88.85,False,0.0,False
2024-09-24,2024-09-25,0,Overnight,0.0,False,15.37,15.37,52.9,False,0.0,False
2024-09-25,2024-09-26,0,Overnight,0.0,False,68.73,68.73,-87.26,False,0.0,False
2024-09-26,2024-09-27,0,Overnight,0.0,False,4.87,4.87,-81.44,False,0.0,False
2024-09-27,2024-09-30,2,Weekend,48.0,False,4.44,4.44,48.69,False,0.0,False
2024-09-30,2024-10-01,0,Overnight,0.0,False,-43.09,-43.09,-182.78,False,0.0,False
2024-10-01,2024-10-02,0,Overnight,0.0,False,44.83,44.83,-129.81,False,0.0,False
2024-10-02,2024-10-03,0,Overnight,0.0,False,11.98,11.98,-26.13,False,0.0,False
2024-10-03,2024-10-04,0,Overnight,0.0,False,40.73,40.73,-52.26,False,0.0,False
2024-10-04,2024-10-07,2,Weekend,48.0,False,-1.44,-1.44,-156.51,False,0.0,False
2024-10-07,2024-10-08,0,Overnight,0.0,False,33.15,33.15,92.3,False,0.0,False
2024-10-08,2024-10-09,0,Overnight,0.0,False,27.69,27.69,38.4,False,0.0,False
2024-10-09,2024-10-10,0,Overnight,0.0,False,-53.56,-53.56,14.68,False,0.0,False
2024-10-10,2024-10-11,0,Overnight,0.0,False,7.21,7.21,4.32,False,0.0,False
2024-10-11,2024-10-14,2,Weekend,48.0,False,34.77,34.77,32.74,False,0.0,False
2024-10-14,2024-10-15,0,Overnight,0.0,False,72.27,72.27,-81.82,False,0.0,False
2024-10-15,2024-10-16,0,Overnight,0.0,False,-85.62,-85.62,22.86,False,0.0,False
2024-10-16,2024-10-17,0,Overnight,0.0,False,148.84,148.84,-134.43,False,0.0,False
2024-10-17,2024-10-18,0,Overnight,0.0,False,10.07,10.07,24.42,False,0.0,False
2024-10-18,2024-10-21,2,Weekend,48.0,False,-48.9,-48.9,63.72,False,0.0,False
2024-10-21,2024-10-22,0,Overnight,0.0,False,-6.93,-6.93,213.25,False,0.0,False
2024-10-22,2024-10-23,0,Overnight,0.0,False,78.05,78.05,-146.36,False,0.0,False
2024-10-23,2024-10-24,0,Overnight,0.0,False,17.18,17.18,-14.12,False,0.0,False
2024-10-24,2024-10-25,0,Overnight,0.0,False,47.68,47.68,32.52,False,0.0,False
2024-10-25,2024-10-28,2,Weekend,48.0,False,81.65,81.65,-118.15,False,0.0,False
2024-10-28,2024-10-29,0,Overnight,0.0,False,33.0,33.0,91.87,False,0.0,False
2024-10-29,2024-10-30,0,Overnight,0.0,False,126.3,126.3,-112.88,False,0.0,False
2024-10-30,2024-10-31,0,Overnight,0.0,False,-405.06,-405.06,-219.31,False,0.0,False
2024-10-31,2024-11-01,0,Overnight,0.0,False,65.25,65.25,33.2,False,0.0,False
2024-11-01,2024-11-04,2,Weekend,49.0,False,-13.9,-13.9,-32.75,False,0.0,False
2024-11-04,2024-11-05,0,Overnight,0.0,False,-2.2,-2.2,75.38,False,0.0,False
2024-11-05,2024-11-06,0,Overnight,0.0,False,23.3,23.3,186.41,False,0.0,False
2024-11-06,2024-11-07,0,Overnight,0.0,False,26.15,26.15,98.03,False,0.0,False
2024-11-07,2024-11-08,0,Overnight,0.0,False,-2.59,-2.59,-65.58,False,0.0,False
2024-11-08,2024-11-11,2,Weekend,48.0,False,-0.47,-0.47,-107.31,False,0.0,False
2024-11-11,2024-11-12,0,Overnight,0.0,False,5.74,5.74,113.64,False,0.0,False
2024-11-12,2024-11-13,0,Overnight,0.0,False,-32.91,-32.91,84.08,False,0.0,False
2024-11-13,2024-11-14,0,Overnight,0.0,False,-4.71,-4.71,44.37,False,0.0,False
2024-11-14,2024-11-15,0,Overnight,0.0,False,-167.0,-167.0,-115.48,False,0.0,False
2024-11-15,2024-11-18,2,Weekend,48.0,False,-3.13,-3.13,21.43,False,0.0,False
2024-11-18,2024-11-19,0,Overnight,0.0,False,-63.94,-63.94,112.65,False,0.0,False
2024-11-19,2024-11-20,0,Overnight,0.0,False,-22.05,-22.05,-33.16,False,0.0,False
2024-11-20,2024-11-21,0,Overnight,0.0,False,96.05,115.82,-159.31,True,19.98,False
2024-11-21,2024-11-22,0,Overnight,0.0,False,-36.4,-36.4,135.93,False,0.0,False
2024-11-22,2024-11-25,2,Weekend,48.0,False,33.04,33.04,9.8,False,0.0,False
2024-11-25,2024-11-26,0,Overnight,0.0,False,19.08,19.08,198.22,False,0.0,False
2024-11-26,2024-11-27,0,Overnight,0.0,False,-67.52,-67.52,-49.99,False,0.0,False
2024-11-27,2024-11-29,1,Short,24.0,False,-68.8,-68.8,79.9,False,0.0,False
2024-11-29,2024-12-02,2,Weekend,48.0,True,-44.73,-44.73,220.76,False,0.0,False
2024-12-02,2024-12-03,0,Overnight,0.0,False,-26.49,-26.49,31.59,False,0.0,False
2024-12-03,2024-12-04,0,Overnight,0.0,False,42.35,42.35,100.87,False,0.0,False
2024-12-04,2024-12-05,0,Overnight,0.0,False,11.42,11.42,106.75,False,0.0,False
2024-12-05,2024-12-06,0,Overnight,0.0,False,-7.23,-7.23,28.67,False,0.0,False
2024-12-06,2024-12-09,2,Weekend,48.0,False,-21.89,-21.89,76.97,False,0.0,False
2024-12-09,2024-12-10,0,Overnight,0.0,False,-36.61,-36.61,-23.88,False,0.0,False
2024-12-10,2024-12-11,0,Overnight,0.0,False,16.23,16.23,110.63,False,0.0,False
2024-12-11,2024-12-12,0,Overnight,0.0,False,2.67,2.67,10.02,False,0.0,False
2024-12-12,2024-12-13,0,Overnight,0.0,False,-24.94,-24.94,-26.12,False,0.0,False
2024-12-13,2024-12-16,2,Weekend,48.0,False,0.0,0.0,96.12,False,0.0,False
2024-12-16,2024-12-17,0,Overnight,0.0,False,-12.85,-12.85,76.2,False,0.0,False
2024-12-17,2024-12-18,0,Overnight,0.0,False,-69.33,-69.33,-313.51,False,0.0,False
2024-12-18,2024-12-19,0,Overnight,0.0,False,96.24,96.24,-104.48,False,0.0,False
2024-12-19,2024-12-20,0,Overnight,0.0,False,-90.1,-90.1,80.26,False,0.0,False
2024-12-20,2024-12-23,2,Weekend,48.0,False,3.21,3.21,-34.17,False,0.0,False
2024-12-23,2024-12-24,0,Overnight,0.0,False,-13.79,-13.79,107.1,False,0.0,False
2024-12-24,2024-12-26,1,Short,24.0,True,-5.69,-5.69,-22.12,False,0.0,False
2024-12-26,2024-12-27,0,Overnight,0.0,False,-80.44,-80.44,-94.09,False,0.0,False
2024-12-27,2024-12-30,2,Weekend,48.0,False,-104.37,-104.37,-28.91,False,0.0,False
2024-12-30,2024-12-31,0,Overnight,0.0,False,29.85,29.85,-108.54,False,0.0,False
2024-12-31,2025-01-02,1,Short,24.0,False,95.16,95.16,-164.67,False,0.0,False
2025-01-02,2025-01-03,0,Overnight,0.0,False,59.55,59.55,53.76,False,0.0,False
2025-01-03,2025-01-06,2,Weekend,48.0,False,109.24,109.24,-3.51,False,0.0,False
2025-01-06,2025-01-07,0,Overnight,0.0,False,26.84,26.84,-155.75,False,0.0,False
2025-01-07,2025-01-08,0,Overnight,0.0,False,25.77,25.77,25.94,False,0.0,False
2025-01-08,2025-01-10,1,Short,24.0,False,1.65,1.65,-134.67,False,0.0,False
2025-01-10,2025-01-13,2,Weekend,48.0,False,-88.95,-88.95,46.85,False,0.0,False
2025-01-13,2025-01-14,0,Overnight,0.0,False,14.85,14.85,-51.35,False,0.0,False
2025-01-14,2025-01-15,0,Overnight,0.0,False,82.89,82.89,169.86,False,0.0,False
2025-01-15,2025-01-16,0,Overnight,0.0,False,55.91,55.91,-96.57,False,0.0,False
2025-01-16,2025-01-17,0,Overnight,0.0,False,221.51,221.51,-117.25,False,0.0,False
2025-01-17,2025-01-21,3,Long,72.0,False,27.23,27.23,-39.6,False,0.0,False
2025-01-21,2025-01-22,0,Overnight,0.0,False,209.23,209.23,195.53,False,0.0,False
2025-01-22,2025-01-23,0,Overnight,0.0,False,-94.57,-94.57,106.0,False,0.0,False
2025-01-23,2025-01-24,0,Overnight,0.0,False,-34.76,-34.76,-24.74,False,0.0,False
2025-01-24,2025-01-27,2,Weekend,48.0,False,-462.03,-462.03,245.77,False,0.0,False
2025-01-27,2025-01-28,0,Overnight,0.0,False,0.92,0.92,285.8,False,0.0,False
2025-01-28,2025-01-29,0,Overnight,0.0,False,-11.41,-11.41,-98.09,False,0.0,False
2025-01-29,2025-01-30,0,Overnight,0.0,False,-547.34,-547.34,-90.67,False,0.0,False
2025-01-30,2025-01-31,0,Overnight,0.0,False,95.69,95.69,-94.0,False,0.0,False
2025-01-31,2025-02-03,2,Weekend,48.0,False,-83.71,-83.71,-16.53,False,0.0,False
2025-02-03,2025-02-04,0,Overnight,0.0,False,42.98,42.98,-7.76,False,0.0,False
2025-02-04,2025-02-05,0,Overnight,0.0,False,-0.48,-0.48,22.77,False,0.0,False
2025-02-05,2025-02-06,0,Overnight,0.0,False,17.16,17.16,43.87,False,0.0,False
2025-02-06,2025-02-07,0,Overnight,0.0,False,15.86,15.86,-162.91,False,0.0,False
2025-02-07,2025-02-10,2,Weekend,48.0,False,96.18,96.18,-36.08,False,0.0,False
2025-02-10,2025-02-11,0,Overnight,0.0,False,-62.78,-62.78,43.84,False,0.0,False
2025-02-11,2025-02-12,0,Overnight,0.0,False,-103.34,-103.34,44.84,False,0.0,False
2025-02-12,2025-02-13,0,Overnight,0.0,False,-50.0,-50.0,86.6,False,0.0,False
2025-02-13,2025-02-14,0,Overnight,0.0,False,-67.21,-67.21,15.68,False,0.0,False
2025-02-14,2025-02-18,3,Long,72.0,False,-10.53,-10.53,40.12,False,0.0,False
2025-02-18,2025-02-19,0,Overnight,0.0,False,-43.06,-43.06,167.51,False,0.0,False
2025-02-19,2025-02-20,0,Overnight,0.0,False,12.53,32.5,20.21,True,20.01,False
2025-02-20,2025-02-21,0,Overnight,0.0,False,29.04,29.04,-221.2,False,0.0,False
2025-02-21,2025-02-24,2,Weekend,48.0,False,7.35,7.35,-111.02,False,0.0,False
2025-02-24,2025-02-25,0,Overnight,0.0,False,-72.04,-72.04,-80.1,False,0.0,False
2025-02-25,2025-02-26,0,Overnight,0.0,False,2.76,2.76,43.12,False,0.0,False
2025-02-26,2025-02-27,0,Overnight,0.0,False,38.45,38.45,-220.22,False,0.0,False
2025-02-27,2025-02-28,0,Overnight,0.0,False,3.31,3.31,109.67,False,0.0,False
2025-02-28,2025-03-03,2,Weekend,48.0,False,45.99,45.99,-262.43,False,0.0,False
2025-03-03,2025-03-04,0,Overnight,0.0,False,-131.89,-131.89,134.97,False,0.0,False
2025-03-04,2025-03-05,0,Overnight,0.0,False,18.77,18.77,295.58,False,0.0,False
2025-03-05,2025-03-06,0,Overnight,0.0,False,-169.5,-169.5,65.98,False,0.0,False
2025-03-06,2025-03-07,0,Overnight,0.0,False,-115.81,-115.81,25.2,False,0.0,False
2025-03-07,2025-03-10,2,Weekend,47.0,False,-191.75,-191.75,-148.31,False,0.0,False
2025-03-10,2025-03-11,0,Overnight,0.0,False,-30.56,-30.56,38.19,False,0.0,False
2025-03-11,2025-03-12,0,Overnight,0.0,False,65.5,65.5,8.35,False,0.0,False
2025-03-12,2025-03-13,0,Overnight,0.0,False,-2.87,-2.87,-115.24,False,0.0,False
2025-03-13,2025-03-14,0,Overnight,0.0,False,26.63,26.63,228.55,False,0.0,False
2025-03-14,2025-03-17,2,Weekend,48.0,False,-47.98,-47.98,51.59,False,0.0,False
2025-03-17,2025-03-18,0,Overnight,0.0,False,-42.02,-42.02,-92.14,False,0.0,False
2025-03-18,2025-03-19,0,Overnight,0.0,False,52.27,52.27,59.22,False,0.0,False
2025-03-19,2025-03-20,0,Overnight,0.0,False,-53.78,-53.78,28.48,False,0.0,False
2025-03-20,2025-03-21,0,Overnight,0.0,False,-94.02,-94.02,207.63,False,0.0,False
2025-03-21,2025-03-24,2,Weekend,48.0,False,105.26,105.26,-58.85,False,0.0,False
2025-03-24,2025-03-25,0,Overnight,0.0,False,21.35,21.35,31.43,False,0.0,False
2025-03-25,2025-03-26,0,Overnight,0.0,False,-4.05,-4.05,-128.16,False,0.0,False
2025-03-26,2025-03-27,0,Overnight,0.0,False,4.1,4.1,11.53,False,0.0,False
2025-03-27,2025-03-28,0,Overnight,0.0,False,-64.21,-64.21,-242.03,False,0.0,False
2025-03-28,2025-03-31,2,Weekend,48.0,False,-166.64,-166.64,76.21,False,0.0,False
2025-03-31,2025-04-01,0,Overnight,0.0,False,-19.73,-19.73,199.26,False,0.0,False
2025-04-01,2025-04-02,0,Overnight,0.0,False,-111.03,-111.03,109.72,False,0.0,False
2025-04-02,2025-04-03,0,Overnight,0.0,False,-194.21,-194.21,-44.93,False,0.0,False
2025-04-03,2025-04-04,0,Overnight,0.0,False,-243.62,-243.62,-118.51,False,0.0,False
2025-04-04,2025-04-07,2,Weekend,48.0,False,-252.15,-252.15,196.98,False,0.0,False
2025-04-07,2025-04-08,0,Overnight,0.0,False,286.47,286.47,-379.12,False,0.0,False
2025-04-08,2025-04-09,0,Overnight,0.0,False,-28.81,-28.81,994.06,False,0.0,False
2025-04-09,2025-04-10,0,Overnight,0.0,False,-218.25,-218.25,-18.6,False,0.0,False
2025-04-10,2025-04-11,0,Overnight,0.0,False,-18.64,-18.64,203.1,False,0.0,False
2025-04-11,2025-04-14,2,Weekend,48.0,False,122.05,122.05,-138.54,False,0.0,False
2025-04-14,2025-04-15,0,Overnight,0.0,False,18.03,18.03,-71.81,False,0.0,False
2025-04-15,2025-04-16,0,Overnight,0.0,False,-132.05,-132.05,-240.88,False,0.0,False
2025-04-16,2025-04-17,0,Overnight,0.0,False,57.42,57.42,-161.02,False,0.0,False
2025-04-17,2025-04-21,3,Long,72.0,False,-135.78,-135.78,-102.5,False,0.0,False
2025-04-21,2025-04-22,0,Overnight,0.0,False,117.93,117.93,94.22,False,0.0,False
2025-04-22,2025-04-23,0,Overnight,0.0,False,248.77,248.77,-44.51,False,0.0,False
2025-04-23,2025-04-24,0,Overnight,0.0,False,34.93,34.93,304.09,False,0.0,False
2025-04-24,2025-04-25,0,Overnight,0.0,False,-7.75,-7.75,124.54,False,0.0,False
2025-04-25,2025-04-28,2,Weekend,48.0,False,2.81,2.81,-20.43,False,0.0,False
2025-04-28,2025-04-29,0,Overnight,0.0,False,3.58,3.58,69.78,False,0.0,False
2025-04-29,2025-04-30,0,Overnight,0.0,False,-95.37,-95.37,126.28,False,0.0,False
2025-04-30,2025-05-01,0,Overnight,0.0,False,868.19,868.19,-133.33,False,0.0,False
2025-05-01,2025-05-02,0,Overnight,0.0,False,147.94,147.94,81.66,False,0.0,False
2025-05-02,2025-05-05,2,Weekend,48.0,False,-55.52,-55.52,75.95,False,0.0,False
2025-05-05,2025-05-06,0,Overnight,0.0,False,-91.44,-91.44,25.65,False,0.0,False
2025-05-06,2025-05-07,0,Overnight,0.0,False,12.22,12.22,-11.3,False,0.0,False
2025-05-07,2025-05-08,0,Overnight,0.0,False,105.13,105.13,5.48,False,0.0,False
2025-05-08,2025-05-09,0,Overnight,0.0,False,41.68,41.68,-28.91,False,0.0,False
2025-05-09,2025-05-12,2,Weekend,48.0,False,163.0,163.0,74.17,False,0.0,False
2025-05-12,2025-05-13,0,Overnight,0.0,False,-33.0,-33.0,30.33,False,0.0,False
2025-05-13,2025-05-14,0,Overnight,0.0,False,-22.29,-22.29,106.54,False,0.0,False
2025-05-14,2025-05-15,0,Overnight,0.0,False,-48.02,-29.63,52.22,True,18.32,False
2025-05-15,2025-05-16,0,Overnight,0.0,False,-23.86,-23.86,48.99,False,0.0,False
2025-05-16,2025-05-19,2,Weekend,48.0,False,-74.9,-74.9,175.66,False,0.0,False
2025-05-19,2025-05-20,0,Overnight,0.0,False,-71.74,-71.74,56.47,False,0.0,False
2025-05-20,2025-05-21,0,Overnight,0.0,False,-78.88,-78.88,-44.09,False,0.0,False
2025-05-21,2025-05-22,0,Overnight,0.0,False,52.45,52.45,-1.98,False,0.0,False
2025-05-22,2025-05-23,0,Overnight,0.0,False,-107.86,-107.86,4.44,False,0.0,False
2025-05-23,2025-05-27,3,Long,72.0,False,138.97,138.97,91.8,False,0.0,False
2025-05-27,2025-05-28,0,Overnight,0.0,False,11.5,11.5,-84.04,False,0.0,False
2025-05-28,2025-05-29,0,Overnight,0.0,False,91.2,91.2,-62.38,False,0.0,False
2025-05-29,2025-05-30,0,Overnight,0.0,False,22.65,22.65,13.91,False,0.0,False
2025-05-30,2025-06-02,2,Weekend,48.0,False,-70.19,-70.19,105.1,False,0.0,False
2025-06-02,2025-06-03,0,Overnight,0.0,False,-10.83,-10.83,32.45,False,0.0,False
2025-06-03,2025-06-04,0,Overnight,0.0,False,22.22,22.22,-2.8,False,0.0,False
2025-06-04,2025-06-05,0,Overnight,0.0,False,23.47,23.47,58.33,False,0.0,False
2025-06-05,2025-06-06,0,Overnight,0.0,False,51.4,51.4,6.17,False,0.0,False
2025-06-06,2025-06-09,2,Weekend,48.0,False,-14.47,-14.47,64.72,False,0.0,False
2025-06-09,2025-06-10,0,Overnight,0.0,False,-33.05,-33.05,-5.73,False,0.0,False
2025-06-10,2025-06-11,0,Overnight,0.0,False,-19.13,-19.13,55.16,False,0.0,False
2025-06-11,2025-06-12,0,Overnight,0.0,False,50.65,50.65,80.72,False,0.0,False
2025-06-12,2025-06-13,0,Overnight,0.0,False,-51.5,-51.5,-30.48,False,0.0,False
2025-06-13,2025-06-16,2,Weekend,48.0,False,5.26,5.26,82.36,False,0.0,False
2025-06-16,2025-06-17,0,Overnight,0.0,False,-78.36,-78.36,55.38,False,0.0,False
2025-06-17,2025-06-18,0,Overnight,0.0,False,-0.84,-0.84,46.75,False,0.0,False
2025-06-18,2025-06-20,1,Short,24.0,False,41.35,41.35,-100.67,False,0.0,False
2025-06-20,2025-06-23,2,Weekend,48.0,False,16.95,16.95,161.59,False,0.0,False
2025-06-23,2025-06-24,0,Overnight,0.0,False,60.52,60.52,23.7,False,0.0,False
2025-06-24,2025-06-25,0,Overnight,0.0,False,39.3,39.3,4.67,False,0.0,False
2025-06-25,2025-06-26,0,Overnight,0.0,False,14.41,14.41,90.26,False,0.0,False
2025-06-26,2025-06-27,0,Overnight,0.0,False,2.01,2.01,-32.41,False,0.0,False
2025-06-27,2025-06-30,2,Weekend,48.0,False,22.16,22.16,7.44,False,0.0,False
2025-06-30,2025-07-01,0,Overnight,0.0,False,-18.92,-18.92,-89.43,False,0.0,False
2025-07-01,2025-07-02,0,Overnight,0.0,False,-41.95,-41.95,22.42,False,0.0,False
2025-07-02,2025-07-03,0,Overnight,0.0,False,55.23,55.23,101.35,False,0.0,False
2025-07-03,2025-07-07,3,Long,72.0,True,-29.31,-29.31,6.83,False,0.0,False
2025-07-07,2025-07-08,0,Overnight,0.0,False,-9.65,-9.65,-12.48,False,0.0,False
2025-07-08,2025-07-09,0,Overnight,0.0,False,73.83,73.83,63.96,False,0.0,False
2025-07-09,2025-07-10,0,Overnight,0.0,False,-9.14,-9.14,-31.26,False,0.0,False
2025-07-10,2025-07-11,0,Overnight,0.0,False,-60.2,-60.2,96.83,False,0.0,False
2025-07-11,2025-07-14,2,Weekend,48.0,False,-35.83,-35.83,29.86,False,0.0,False
2025-07-14,2025-07-15,0,Overnight,0.0,False,0.0,0.0,55.51,False,0.0,False
2025-07-15,2025-07-16,0,Overnight,0.0,False,-12.66,-12.66,8.71,False,0.0,False
2025-07-16,2025-07-17,0,Overnight,0.0,False,1.19,1.19,118.34,False,0.0,False
2025-07-17,2025-07-18,0,Overnight,0.0,False,54.18,54.18,-86.48,False,0.0,False
2025-07-18,2025-07-21,2,Weekend,48.0,False,-65.7,-65.7,65.9,False,0.0,False
2025-07-21,2025-07-22,0,Overnight,0.0,False,17.83,17.83,-112.18,False,0.0,False
2025-07-22,2025-07-23,0,Overnight,0.0,False,29.25,29.25,-17.38,False,0.0,False
2025-07-23,2025-07-24,0,Overnight,0.0,False,57.16,57.16,41.39,False,0.0,False
2025-07-24,2025-07-25,0,Overnight,0.0,False,31.07,31.07,24.17,False,0.0,False
2025-07-25,2025-07-28,2,Weekend,48.0,False,7.2,7.2,-30.78,False,0.0,False
2025-07-28,2025-07-29,0,Overnight,0.0,False,58.95,58.95,-57.58,False,0.0,False
2025-07-29,2025-07-30,0,Overnight,0.0,False,50.6,50.6,-37.53,False,0.0,False
2025-07-30,2025-07-31,0,Overnight,0.0,False,786.39,786.39,-399.23,False,0.0,False
2025-07-31,2025-08-01,0,Overnight,0.0,False,28.08,28.08,-205.65,False,0.0,False
2025-08-01,2025-08-04,2,Weekend,48.0,False,79.06,79.06,138.55,False,0.0,False
2025-08-04,2025-08-05,0,Overnight,0.0,False,28.71,28.71,-177.11,False,0.0,False
2025-08-05,2025-08-06,0,Overnight,0.0,False,59.51,59.51,-112.9,False,0.0,False
2025-08-06,2025-08-07,0,Overnight,0.0,False,35.37,35.37,-113.78,False,0.0,False
2025-08-07,2025-08-08,0,Overnight,0.0,False,33.73,33.73,-10.72,False,0.0,False
2025-08-08,2025-08-11,2,Weekend,48.0,False,4.98,4.98,-10.15,False,0.0,False
2025-08-11,2025-08-12,0,Overnight,0.0,False,37.88,37.88,104.28,False,0.0,False
2025-08-12,2025-08-13,0,Overnight,0.0,False,54.08,54.08,-219.07,False,0.0,False
2025-08-13,2025-08-14,0,Overnight,0.0,False,37.96,37.96,-1.53,False,0.0,False
2025-08-14,2025-08-15,0,Overnight,0.0,False,5.55,5.55,-49.86,False,0.0,False
2025-08-15,2025-08-18,2,Weekend,48.0,False,27.26,27.26,-86.46,False,0.0,False
2025-08-18,2025-08-19,0,Overnight,0.0,False,-40.69,-40.69,-102.07,False,0.0,False
2025-08-19,2025-08-20,0,Overnight,0.0,False,1.96,1.96,-81.73,False,0.0,False
2025-08-20,2025-08-21,0,Overnight,0.0,False,-40.22,-23.76,10.91,True,16.41,False
2025-08-21,2025-08-22,0,Overnight,0.0,False,0.2,0.2,58.92,False,0.0,False
2025-08-22,2025-08-25,2,Weekend,48.0,False,-11.84,-11.84,-46.89,False,0.0,False
2025-08-25,2025-08-26,0,Overnight,0.0,False,1.98,1.98,-46.1,False,0.0,False
2025-08-26,2025-08-27,0,Overnight,0.0,False,-0.8,-0.8,93.98,False,0.0,False
2025-08-27,2025-08-28,0,Overnight,0.0,False,6.9,6.9,50.16,False,0.0,False
2025-08-28,2025-08-29,0,Overnight,0.0,False,-19.25,-19.25,-38.8,False,0.0,False
2025-08-29,2025-09-02,3,Long,72.0,False,-123.52,-123.52,92.48,False,0.0,False
2025-09-02,2025-09-03,0,Overnight,0.0,False,-26.36,-26.36,30.92,False,0.0,False
2025-09-03,2025-09-04,0,Overnight,0.0,False,-20.8,-20.8,72.51,False,0.0,False
2025-09-04,2025-09-05,0,Overnight,0.0,False,21.63,21.63,-280.28,False,0.0,False
2025-09-05,2025-09-08,2,Weekend,48.0,False,62.63,62.63,1.81,False,0.0,False
2025-09-08,2025-09-09,0,Overnight,0.0,False,64.62,64.62,-60.41,False,0.0,False
2025-09-09,2025-09-10,0,Overnight,0.0,False,91.27,91.27,-52.03,False,0.0,False
2025-09-10,2025-09-11,0,Overnight,0.0,False,37.5,37.5,-24.72,False,0.0,False
2025-09-11,2025-09-12,0,Overnight,0.0,False,111.94,111.94,63.94,False,0.0,False
2025-09-12,2025-09-15,2,Weekend,48.0,False,-21.79,-21.79,128.3,False,0.0,False
2025-09-15,2025-09-16,0,Overnight,0.0,False,29.45,29.45,-152.84,False,0.0,False
2025-09-16,2025-09-17,0,Overnight,0.0,False,30.99,30.99,-11.76,False,0.0,False
2025-09-17,2025-09-18,0,Overnight,0.0,False,28.78,28.78,-59.61,False,0.0,False
2025-09-18,2025-09-19,0,Overnight,0.0,False,41.41,41.41,143.32,False,0.0,False
2025-09-19,2025-09-22,2,Weekend,48.0,False,-45.28,-45.28,-22.14,False,0.0,False
2025-09-22,2025-09-23,0,Overnight,0.0,False,-12.64,-12.64,-89.34,False,0.0,False
2025-09-23,2025-09-24,0,Overnight,0.0,False,22.56,22.56,-4.51,False,0.0,False
2025-09-24,2025-09-25,0,Overnight,0.0,False,-36.33,-36.33,-25.02,False,0.0,False
2025-09-25,2025-09-26,0,Overnight,0.0,False,59.58,59.58,27.41,False,0.0,False
2025-09-26,2025-09-29,2,Weekend,48.0,False,0.78,0.78,60.42,False,0.0,False
2025-09-29,2025-09-30,0,Overnight,0.0,False,-26.46,-26.46,91.35,False,0.0,False
2025-09-30,2025-10-01,0,Overnight,0.0,False,-61.0,-61.0,94.93,False,0.0,False
2025-10-01,2025-10-02,0,Overnight,0.0,False,-39.91,-39.91,-36.77,False,0.0,False
2025-10-02,2025-10-03,0,Overnight,0.0,False,26.33,26.33,4.83,False,0.0,False
2025-10-03,2025-10-06,2,Weekend,48.0,False,24.33,24.33,190.23,False,0.0,False
2025-10-06,2025-10-07,0,Overnight,0.0,False,-5.3,-5.3,-81.92,False,0.0,False
2025-10-07,2025-10-08,0,Overnight,0.0,False,-13.37,-13.37,29.96,False,0.0,False
2025-10-08,2025-10-09,0,Overnight,0.0,False,-47.94,-47.94,1.15,False,0.0,False
2025-10-09,2025-10-10,0,Overnight,0.0,False,-52.97,-52.97,-168.45,False,0.0,False
2025-10-10,2025-10-13,2,Weekend,48.0,False,106.1,106.1,-45.8,False,0.0,False
2025-10-13,2025-10-14,0,Overnight,0.0,False,-74.59,-74.59,65.25,False,0.0,False
2025-10-14,2025-10-15,0,Overnight,0.0,False,27.03,27.03,-29.76,False,0.0,False
2025-10-15,2025-10-16,0,Overnight,0.0,False,-16.57,-16.57,-18.94,False,0.0,False
2025-10-16,2025-10-17,0,Overnight,0.0,False,-50.36,-50.36,88.79,False,0.0,False
2025-10-17,2025-10-20,2,Weekend,48.0,False,20.03,20.03,42.27,False,0.0,False
2025-10-20,2025-10-21,0,Overnight,0.0,False,13.73,13.73,3.09,False,0.0,False
2025-10-21,2025-10-22,0,Overnight,0.0,False,67.19,67.19,-11.71,False,0.0,False
2025-10-22,2025-10-23,0,Overnight,0.0,False,36.82,36.82,-36.43,False,0.0,False
2025-10-23,2025-10-24,0,Overnight,0.0,False,42.75,42.75,15.67,False,0.0,False
2025-10-24,2025-10-27,2,Weekend,48.0,False,154.83,154.83,-4.89,False,0.0,False
2025-10-27,2025-10-28,0,Overnight,0.0,False,341.77,341.77,-145.23,False,0.0,False
2025-10-28,2025-10-29,0,Overnight,0.0,False,52.81,52.81,-62.4,False,0.0,False
2025-10-29,2025-10-30,0,Overnight,0.0,False,-206.53,-206.53,-89.37,False,0.0,False
2025-10-30,2025-10-31,0,Overnight,0.0,False,59.17,59.17,-211.53,False,0.0,False
2025-10-31,2025-11-03,2,Weekend,49.0,False,38.55,38.55,-53.62,False,0.0,False
2025-11-03,2025-11-04,0,Overnight,0.0,False,-102.45,-102.45,50.09,False,0.0,False
2025-11-04,2025-11-05,0,Overnight,0.0,False,-20.05,-20.05,-120.34,False,0.0,False
2025-11-05,2025-11-06,0,Overnight,0.0,False,-29.62,-29.62,-170.73,False,0.0,False
2025-11-06,2025-11-07,0,Overnight,0.0,False,-3.02,-3.02,-2.62,False,0.0,False
2025-11-07,2025-11-10,2,Weekend,48.0,False,64.6,64.6,118.49,False,0.0,False
2025-11-10,2025-11-11,0,Overnight,0.0,False,-23.74,-23.74,76.57,False,0.0,False
2025-11-11,2025-11-12,0,Overnight,0.0,False,13.36,13.36,34.89,False,0.0,False
2025-11-12,2025-11-13,0,Overnight,0.0,False,-16.25,-16.25,-138.52,False,0.0,False
2025-11-13,2025-11-14,0,Overnight,0.0,False,-101.05,-101.05,237.02,False,0.0,False
2025-11-14,2025-11-17,2,Weekend,48.0,False,-33.97,-33.97,-18.9,False,0.0,False
2025-11-17,2025-11-18,0,Overnight,0.0,False,-241.72,-241.72,-31.95,False,0.0,False
2025-11-18,2025-11-19,0,Overnight,0.0,False,-75.01,-75.01,-60.99,False,0.0,False
2025-11-19,2025-11-20,0,Overnight,0.0,False,114.1,132.55,-294.11,True,18.68,False
2025-11-20,2025-11-21,0,Overnight,0.0,False,1.46,1.46,-134.23,False,0.0,False
2025-11-21,2025-11-24,2,Weekend,48.0,False,60.82,60.82,-21.07,False,0.0,False
2025-11-24,2025-11-25,0,Overnight,0.0,False,1.48,1.48,61.41,False,0.0,False
2025-11-25,2025-11-26,0,Overnight,0.0,False,193.51,193.51,-16.67,False,0.0,False
2025-11-26,2025-11-28,1,Short,24.0,False,43.16,43.16,90.04,False,0.0,False
2025-11-28,2025-12-01,2,Weekend,48.0,True,-72.82,-72.82,-34.87,False,0.0,False
2025-12-01,2025-12-02,0,Overnight,0.0,False,-0.41,-0.41,67.16,False,0.0,False
2025-12-02,2025-12-03,0,Overnight,0.0,False,-283.15,-283.15,29.56,False,0.0,False
2025-12-03,2025-12-04,0,Overnight,0.0,False,42.4,42.4,22.49,False,0.0,False
2025-12-04,2025-12-05,0,Overnight,0.0,False,34.88,34.88,13.26,False,0.0,False
2025-12-05,2025-12-08,2,Weekend,48.0,False,35.74,35.74,125.63,False,0.0,False
2025-12-08,2025-12-09,0,Overnight,0.0,False,-39.18,-39.18,59.52,False,0.0,False
2025-12-09,2025-12-10,0,Overnight,0.0,False,-163.72,-163.72,-113.65,False,0.0,False
2025-12-10,2025-12-11,0,Overnight,0.0,False,-40.41,-40.41,142.49,False,0.0,False
2025-12-11,2025-12-12,0,Overnight,0.0,False,-75.78,-75.78,-26.92,False,0.0,False
2025-12-12,2025-12-15,2,Weekend,48.0,False,32.76,32.76,-110.59,False,0.0,False
2025-12-15,2025-12-16,0,Overnight,0.0,False,-61.48,-61.48,94.49,False,0.0,False
2025-12-16,2025-12-17,0,Overnight,0.0,False,10.91,10.91,-16.58,False,0.0,False
2025-12-17,2025-12-18,0,Overnight,0.0,False,43.38,43.38,120.35,False,0.0,False
2025-12-18,2025-12-19,0,Overnight,0.0,False,69.59,69.59,-29.59,False,0.0,False
2025-12-19,2025-12-22,2,Weekend,48.0,False,4.11,4.11,-24.72,False,0.0,False
2025-12-22,2025-12-23,0,Overnight,0.0,False,1.24,1.24,38.48,False,0.0,False
2025-12-23,2025-12-24,0,Overnight,0.0,False,-24.06,-24.06,48.06,False,0.0,False
2025-12-24,2025-12-26,1,Short,24.0,True,-26.88,-26.88,20.53,False,0.0,False
2025-12-26,2025-12-29,2,Weekend,48.0,False,-58.61,-58.61,46.09,False,0.0,False
2025-12-29,2025-12-30,0,Overnight,0.0,False,-24.05,-24.05,31.85,False,0.0,False
2025-12-30,2025-12-31,0,Overnight,0.0,False,7.38,7.38,-86.88,False,0.0,False
2025-12-31,2026-01-02,1,Short,24.0,False,15.91,15.91,-239.22,False,0.0,False
2026-01-02,2026-01-05,2,Weekend,48.0,False,23.65,23.65,-25.56,False,0.0,False
2026-01-05,2026-01-06,0,Overnight,0.0,False,20.07,20.07,98.92,False,0.0,False
2026-01-06,2026-01-07,0,Overnight,0.0,False,26.09,26.09,77.03,False,0.0,False
2026-01-07,2026-01-08,0,Overnight,0.0,False,-46.23,-46.23,-65.25,False,0.0,False
2026-01-08,2026-01-09,0,Overnight,0.0,False,-85.07,-85.07,109.51,False,0.0,False
2026-01-09,2026-01-12,2,Weekend,48.0,False,-54.61,-54.61,10.69,False,0.0,False
2026-01-12,2026-01-13,0,Overnight,0.0,False,-52.53,-52.53,-84.84,False,0.0,False
2026-01-13,2026-01-14,0,Overnight,0.0,False,-89.85,-89.85,-152.94,False,0.0,False
2026-01-14,2026-01-15,0,Overnight,0.0,False,102.65,102.65,-162.04,False,0.0,False
2026-01-15,2026-01-16,0,Overnight,0.0,False,25.59,25.59,44.24,False,0.0,False
2026-01-16,2026-01-20,3,Long,72.0,False,-189.67,-189.67,72.87,False,0.0,False
2026-01-20,2026-01-21,0,Overnight,0.0,False,-42.33,-42.33,-189.37,False,0.0,False
2026-01-21,2026-01-22,0,Overnight,0.0,False,78.72,78.72,78.33,False,0.0,False
2026-01-22,2026-01-23,0,Overnight,0.0,False,16.17,16.17,306.84,False,0.0,False
2026-01-23,2026-01-26,2,Weekend,48.0,False,-13.75,-13.75,106.24,False,0.0,False
2026-01-26,2026-01-27,0,Overnight,0.0,False,72.46,72.46,144.19,False,0.0,False
2026-01-27,2026-01-28,0,Overnight,0.0,False,54.58,54.58,-32.75,False,0.0,False
2026-01-28,2026-01-29,0,Overnight,0.0,False,-904.24,-904.24,-148.6,False,0.0,False
2026-01-29,2026-01-30,0,Overnight,0.0,False,129.95,129.95,-204.27,False,0.0,False
2026-01-30,2026-02-02,2,Weekend,48.0,False,-1.16,-1.16,-160.97,False,0.0,False
2026-02-02,2026-02-03,0,Overnight,0.0,False,-32.17,-32.17,-259.25,False,0.0,False
2026-02-03,2026-02-04,0,Overnight,0.0,False,-5.11,-5.11,77.32,False,0.0,False
2026-02-04,2026-02-05,0,Overnight,0.0,False,-164.31,-164.31,-343.81,False,0.0,False
2026-02-05,2026-02-06,0,Overnight,0.0,False,138.74,138.74,49.23,False,0.0,False
2026-02-06,2026-02-09,2,Weekend,48.0,False,92.06,92.06,213.83,False,0.0,False
2026-02-09,2026-02-10,0,Overnight,0.0,False,144.5,144.5,-152.48,False,0.0,False
2026-02-10,2026-02-11,0,Overnight,0.0,False,70.17,70.17,-287.88,False,0.0,False
2026-02-11,2026-02-12,0,Overnight,0.0,False,15.57,15.57,-78.33,False,0.0,False
2026-02-12,2026-02-13,0,Overnight,0.0,False,64.74,64.74,-77.69,False,0.0,False
2026-02-13,2026-02-17,3,Long,72.0,False,-52.46,-52.46,-59.29,False,0.0,False
2026-02-17,2026-02-18,0,Overnight,0.0,False,31.95,31.95,36.85,False,0.0,False
2026-02-18,2026-02-19,0,Overnight,0.0,False,27.24,49.93,-55.81,True,22.77,False
2026-02-19,2026-02-20,0,Overnight,0.0,False,-59.15,-59.15,28.24,False,0.0,False
2026-02-20,2026-02-23,2,Weekend,48.0,False,-56.3,-56.3,-270.2,False,0.0,False
2026-02-23,2026-02-24,0,Overnight,0.0,False,-8.59,-8.59,125.72,False,0.0,False
2026-02-24,2026-02-25,0,Overnight,0.0,False,39.25,39.25,254.59,False,0.0,False
2026-02-25,2026-02-26,0,Overnight,0.0,False,102.07,102.07,-74.15,False,0.0,False
2026-02-26,2026-02-27,0,Overnight,0.0,False,-273.55,-273.55,47.47,False,0.0,False
2026-02-27,2026-03-02,2,Weekend,48.0,False,3.05,3.05,143.8,False,0.0,False
2026-03-02,2026-03-03,0,Overnight,0.0,False,-136.67,-136.67,270.76,False,0.0,False
2026-03-03,2026-03-04,0,Overnight,0.0,False,-66.07,-66.07,97.46,False,0.0,False
2026-03-04,2026-03-05,0,Overnight,0.0,False,-19.27,-19.27,153.6,False,0.0,False
2026-03-05,2026-03-06,0,Overnight,0.0,False,-36.1,-36.1,-5.87,False,0.0,False
2026-03-06,2026-03-09,2,Weekend,47.0,False,-99.28,-99.28,110.28,False,0.0,False
2026-03-09,2026-03-10,0,Overnight,0.0,False,15.13,15.13,-104.68,False,0.0,False
2026-03-10,2026-03-11,0,Overnight,0.0,False,-4.68,-4.68,-17.03,False,0.0,False
2026-03-11,2026-03-12,0,Overnight,0.0,False,-6.18,-6.18,-68.69,False,0.0,False
2026-03-12,2026-03-13,0,Overnight,0.0,False,-21.42,-21.42,-136.84,False,0.0,False
2026-03-13,2026-03-16,2,Weekend,48.0,False,63.51,63.51,47.12,False,0.0,False
2026-03-16,2026-03-17,0,Overnight,0.0,False,8.0,8.0,-21.51,False,0.0,False
2026-03-17,2026-03-18,0,Overnight,0.0,False,-57.25,-57.25,-135.38,False,0.0,False
2026-03-18,2026-03-19,0,Overnight,0.0,False,-43.23,-43.23,-27.72,False,0.0,False
2026-03-19,2026-03-20,0,Overnight,0.0,False,-57.49,-57.49,-128.02,False,0.0,False
2026-03-20,2026-03-23,2,Weekend,48.0,False,53.02,53.02,-23.47,False,0.0,False
2026-03-23,2026-03-24,0,Overnight,0.0,False,-16.72,-16.72,-254.81,False,0.0,False
2026-03-24,2026-03-25,0,Overnight,0.0,False,111.52,111.52,-157.23,False,0.0,False
2026-03-25,2026-03-26,0,Overnight,0.0,False,-5.93,-5.93,-131.65,False,0.0,False
2026-03-26,2026-03-27,0,Overnight,0.0,False,-111.83,-111.83,-142.77,False,0.0,False
2026-03-27,2026-03-30,2,Weekend,48.0,False,142.77,142.77,-81.57,False,0.0,False
2026-03-30,2026-03-31,0,Overnight,0.0,False,154.53,154.53,152.99,False,0.0,False
2026-03-31,2026-04-01,0,Overnight,0.0,False,89.29,89.29,-110.92,False,0.0,False
2026-04-01,2026-04-02,0,Overnight,0.0,False,-58.65,-58.65,168.77,False,0.0,False
2026-04-02,2026-04-06,3,Long,72.0,False,0.8,0.8,-16.35,False,0.0,False
2026-04-06,2026-04-07,0,Overnight,0.0,False,-68.35,-68.35,52.52,False,0.0,False
2026-04-07,2026-04-08,0,Overnight,0.0,False,335.18,335.18,-280.54,False,0.0,False
2026-04-08,2026-04-09,0,Overnight,0.0,False,-49.01,-49.01,15.29,False,0.0,False
2026-04-09,2026-04-10,0,Overnight,0.0,False,-2.41,-2.41,-56.73,False,0.0,False
2026-04-10,2026-04-13,2,Weekend,48.0,False,73.61,73.61,283.93,False,0.0,False
2026-04-13,2026-04-14,0,Overnight,0.0,False,91.94,91.94,132.9,False,0.0,False
2026-04-14,2026-04-15,0,Overnight,0.0,False,123.63,123.63,326.76,False,0.0,False
2026-04-15,2026-04-16,0,Overnight,0.0,False,207.93,207.93,9.52,False,0.0,False
2026-04-16,2026-04-17,0,Overnight,0.0,False,107.92,107.92,-47.9,False,0.0,False
2026-04-17,2026-04-20,2,Weekend,48.0,False,-38.87,-38.87,-73.4,False,0.0,False
2026-04-20,2026-04-21,0,Overnight,0.0,False,51.77,51.77,92.85,False,0.0,False
2026-04-21,2026-04-22,0,Overnight,0.0,False,47.75,47.75,156.68,False,0.0,False
2026-04-22,2026-04-23,0,Overnight,0.0,False,-305.6,-305.6,-99.09,False,0.0,False
2026-04-23,2026-04-24,0,Overnight,0.0,False,29.3,29.3,181.8,False,0.0,False
2026-04-24,2026-04-27,2,Weekend,48.0,False,-52.89,-52.89,57.6,False,0.0,False
2026-04-27,2026-04-28,0,Overnight,0.0,False,-5.89,-5.89,109.63,False,0.0,False
2026-04-28,2026-04-29,0,Overnight,0.0,False,-109.39,-109.39,-2.83,False,0.0,False
2026-04-29,2026-04-30,0,Overnight,0.0,False,-326.87,-326.87,-74.03,False,0.0,False
2026-04-30,2026-05-01,0,Overnight,0.0,False,122.35,122.35,39.65,False,0.0,False
2026-05-01,2026-05-04,2,Weekend,48.0,False,-70.22,-70.22,50.41,False,0.0,False
2026-05-04,2026-05-05,0,Overnight,0.0,False,41.02,41.02,-95.32,False,0.0,False
2026-05-05,2026-05-06,0,Overnight,0.0,False,-82.5,-82.5,145.02,False,0.0,False
2026-05-06,2026-05-07,0,Overnight,0.0,False,147.47,147.47,15.7,False,0.0,False
2026-05-07,2026-05-08,0,Overnight,0.0,False,-80.65,-80.65,-54.53,False,0.0,False
2026-05-08,2026-05-11,2,Weekend,48.0,False,-176.19,-176.19,116.76,False,0.0,False
2026-05-11,2026-05-12,0,Overnight,0.0,False,44.01,44.01,-163.21,False,0.0,False
2026-05-12,2026-05-13,0,Overnight,0.0,False,-112.71,-112.71,49.73,False,0.0,False
2026-05-13,2026-05-14,0,Overnight,0.0,False,-18.03,-18.03,121.64,False,0.0,False
2026-05-14,2026-05-15,0,Overnight,0.0,False,117.52,117.52,182.98,False,0.0,False
2026-05-15,2026-05-18,2,Weekend,48.0,False,-126.41,-126.41,164.73,False,0.0,False
2026-05-18,2026-05-19,0,Overnight,0.0,False,149.05,149.05,-294.6,False,0.0,False
2026-05-19,2026-05-20,0,Overnight,0.0,False,-78.16,-78.16,164.99,False,0.0,False
2026-05-20,2026-05-21,0,Overnight,0.0,False,87.25,108.66,-134.15,True,21.61,False
2026-05-21,2026-05-22,0,Overnight,0.0,False,10.73,10.73,-23.15,False,0.0,False
2026-05-22,2026-05-26,3,Long,72.0,False,-51.26,-51.26,-9.61,False,0.0,False
2026-05-26,2026-05-27,0,Overnight,0.0,False,-121.4,-121.4,40.31,False,0.0,False
2026-05-27,2026-05-28,0,Overnight,0.0,False,7.51,7.51,333.61,False,0.0,False
2026-05-28,2026-05-29,0,Overnight,0.0,False,129.37,129.37,400.83,False,0.0,False
2026-05-29,2026-06-01,2,Weekend,48.0,False,319.13,319.13,-93.37,False,0.0,False
2026-06-01,2026-06-02,0,Overnight,0.0,False,-300.66,-300.66,-125.43,False,0.0,False
2026-06-02,2026-06-03,0,Overnight,0.0,False,-65.02,-65.02,-256.66,False,0.0,False
2026-06-03,2026-06-04,0,Overnight,0.0,False,196.26,196.26,-179.66,False,0.0,False
2026-06-04,2026-06-05,0,Overnight,0.0,False,6.77,6.77,-276.23,False,0.0,False
2026-06-05,2026-06-08,2,Weekend,48.0,False,-60.9,-60.9,-58.12,False,0.0,False
2026-06-08,2026-06-09,0,Overnight,0.0,False,-66.04,-66.04,-138.35,False,0.0,False
2026-06-09,2026-06-10,0,Overnight,0.0,False,-121.2,-121.2,-29.9,False,0.0,False
2026-06-10,2026-06-11,0,Overnight,0.0,False,-54.25,-54.25,-123.99,False,0.0,False
2026-06-11,2026-06-12,0,Overnight,0.0,False,27.89,27.89,-17.64,False,0.0,False
2026-06-12,2026-06-15,2,Weekend,48.0,False,153.9,153.9,74.32,False,0.0,False
2026-06-15,2026-06-16,0,Overnight,0.0,False,-99.81,-99.81,-49.64,False,0.0,False
2026-06-16,2026-06-17,0,Overnight,0.0,False,-91.32,-91.32,-294.89,False,0.0,False
2026-06-17,2026-06-18,0,Overnight,0.0,False,-28.81,-28.81,41.73,False,0.0,False
2026-06-18,2026-06-22,3,Long,72.0,False,-96.94,-96.94,-226.1,False,0.0,False
2026-06-22,2026-06-23,0,Overnight,0.0,False,136.27,136.27,41.81,False,0.0,False
2026-06-23,2026-06-24,0,Overnight,0.0,False,-63.58,-63.58,-165.8,False,0.0,False
2026-06-24,2026-06-25,0,Overnight,0.0,False,-73.88,-73.88,-277.83,False,0.0,False
2026-06-25,2026-06-26,0,Overnight,0.0,False,121.7,121.7,433.42,False,0.0,False
2026-06-26,2026-06-29,2,Weekend,48.0,False,120.73,120.73,-239.4,False,0.0,False
2026-06-29,2026-06-30,0,Overnight,0.0,False,66.52,66.52,53.49,False,0.0,False
2026-06-30,2026-07-01,0,Overnight,0.0,False,207.21,207.21,90.18,False,0.0,False
2026-07-01,2026-07-02,0,Overnight,0.0,False,5.2,5.2,155.11,False,0.0,False
2026-07-02,2026-07-06,3,Long,72.0,False,-88.74,-88.74,-7.75,False,0.0,False
2026-07-06,2026-07-07,0,Overnight,0.0,False,147.58,147.58,-93.43,False,0.0,False
2026-07-07,2026-07-08,0,Overnight,0.0,False,-124.47,-124.47,-17.98,False,0.0,False
2026-07-08,2026-07-09,0,Overnight,0.0,False,-234.64,-234.64,261.21,False,0.0,False
2026-07-09,2026-07-10,0,Overnight,0.0,False,89.1,89.1,-69.87,False,0.0,False
2026-07-10,2026-07-13,2,Weekend,48.0,False,68.58,68.58,83.21,False,0.0,False
2026-07-13,2026-07-14,0,Overnight,0.0,False,-211.17,-211.17,54.97,False,0.0,False
2026-07-14,2026-07-15,0,Overnight,0.0,False,74.28,74.28,199.9,False,0.0,False
2026-07-15,2026-07-16,0,Overnight,0.0,False,67.51,67.51,69.8,False,0.0,False
2026-07-16,2026-07-17,0,Overnight,0.0,False,-156.8,-156.8,-26.37,False,0.0,False
2026-07-17,2026-07-20,2,Weekend,48.0,False,-61.38,-61.38,274.18,False,0.0,False
2026-07-20,2026-07-21,0,Overnight,0.0,False,-86.88,-86.88,-26.61,False,0.0,False
2026-07-21,2026-07-22,0,Overnight,0.0,False,45.9,45.9,-233.96,False,0.0,False
2026-07-22,2026-07-23,0,Overnight,0.0,False,-9.48,-9.48,-217.49,False,0.0,False
2026-07-23,2026-07-24,0,Overnight,0.0,False,142.33,142.33,-139.19,False,0.0,False
2026-07-24,2026-07-27,2,Weekend,48.0,False,217.17,217.17,-25.15,False,0.0,False
2026-07-27,2026-07-28,0,Overnight,0.0,False,103.8,103.8,4.83,False,0.0,False
2026-07-28,2026-07-29,0,Overnight,0.0,False,1.27,1.27,-72.96,False,0.0,False
2026-07-29,2026-07-30,0,Overnight,0.0,False,1144.6,1144.6,296.98,False,0.0,False
2026-07-30,2026-07-31,0,Overnight,0.0,False,-24.41,-24.41,321.87,False,0.0,False
2026-07-31,2026-08-03,2,Weekend,48.0,False,242.56,242.56,239.07,False,0.0,False
2026-08-03,2026-08-04,0,Overnight,0.0,False,-139.39,-139.39,244.64,False,0.0,False
2026-08-04,2026-08-05,0,Overnight,0.0,False,71.78,71.78,-180.93,False,0.0,False
2026-08-05,2026-08-06,0,Overnight,0.0,False,22.34,22.34,228.86,False,0.0,False
2026-08-06,2026-08-07,0,Overnight,0.0,False,-13.01,-13.01,15.61,False,0.0,False
2026-08-07,2026-08-10,2,Weekend,48.0,False,68.76,68.76,51.91,False,0.0,False
2026-08-10,2026-08-11,0,Overnight,0.0,False,-34.24,-34.24,-10.32,False,0.0,False
2026-08-11,2026-08-12,0,Overnight,0.0,False,-76.11,-76.11,-152.36,False,0.0,False
2026-08-12,2026-08-13,0,Overnight,0.0,False,17.04,17.04,72.92,False,0.0,False
2026-08-13,2026-08-14,0,Overnight,0.0,False,-10.47,-10.47,-19.36,False,0.0,False
2026-08-14,2026-08-17,2,Weekend,48.0,False,-106.74,-106.74,-201.76,False,0.0,False
2026-08-17,2026-08-18,0,Overnight,0.0,False,24.74,24.74,1.87,False,0.0,False
2026-08-18,2026-08-19,0,Overnight,0.0,False,-32.44,-32.44,87.93,False,0.0,False
2026-08-19,2026-08-20,0,Overnight,0.0,False,-20.88,-2.07,-44.58,True,18.79,False
2026-08-20,2026-08-21,0,Overnight,0.0,False,-26.43,-26.43,69.77,False,0.0,False
2026-08-21,2026-08-24,2,Weekend,48.0,False,-0.62,-0.62,84.49,False,0.0,False
2026-08-24,2026-08-25,0,Overnight,0.0,False,-38.45,-38.45,128.33,False,0.0,False
2026-08-25,2026-08-26,0,Overnight,0.0,False,-78.81,-78.81,173.14,False,0.0,False
2026-08-26,2026-08-27,0,Overnight,0.0,False,-30.06,-30.06,203.62,False,0.0,False
2026-08-27,2026-08-28,0,Overnight,0.0,False,5.34,5.34,160.97,False,0.0,False
2026-08-28,2026-08-31,2,Weekend,48.0,False,-61.53,-61.53,-60.73,False,0.0,False
2026-08-31,2026-09-01,0,Overnight,0.0,False,-194.47,-194.47,70.1,False,0.0,False
2026-09-01,2026-09-02,0,Overnight,0.0,False,-23.38,-23.38,-60.8,False,0.0,False
2026-09-02,2026-09-03,0,Overnight,0.0,False,96.95,96.95,167.23,False,0.0,False
2026-09-03,2026-09-04,0,Overnight,0.0,False,-2.35,-2.35,-204.03,False,0.0,False
2026-09-04,2026-09-08,3,Long,72.0,False,-134.78,-134.78,19.05,False,0.0,False
2026-09-08,2026-09-09,0,Overnight,0.0,False,-17.83,-17.83,-28.84,False,0.0,False
2026-09-09,2026-09-10,0,Overnight,0.0,False,-67.96,-67.96,84.02,False,0.0,False
2026-09-10,2026-09-11,0,Overnight,0.0,False,64.97,64.97,-0.4,False,0.0,False
2026-09-11,2026-09-14,2,Weekend,48.0,False,28.81,28.81,166.59,False,0.0,False
2026-09-14,2026-09-15,0,Overnight,0.0,False,-106.42,-106.42,-58.97,False,0.0,False
2026-09-15,2026-09-16,0,Overnight,0.0,False,-82.61,-82.61,-55.53,False,0.0,False
2026-09-16,2026-09-17,0,Overnight,0.0,False,151.81,151.81,-1.0,False,0.0,False
2026-09-17,2026-09-18,0,Overnight,0.0,False,4.42,4.42,-84.5,False,0.0,False
2026-09-18,2026-09-21,2,Weekend,48.0,False,23.67,23.67,133.66,False,0.0,False
2026-09-21,2026-09-22,0,Overnight,0.0,False,113.19,113.19,-185.42,False,0.0,False
2026-09-22,2026-09-23,0,Overnight,0.0,False,55.27,55.27,-3.4,False,0.0,False
2026-09-23,2026-09-24,0,Overnight,0.0,False,-110.88,-110.88,57.6,False,0.0,False
2026-09-24,2026-09-25,0,Overnight,0.0,False,22.27,22.27,337.5,False,0.0,False
2026-09-25,2026-09-28,2,Weekend,48.0,False,-209.47,-209.47,73.91,False,0.0,False
2026-09-28,2026-09-29,0,Overnight,0.0,False,-17.89,-17.89,12.78,False,0.0,False
2026-09-29,2026-09-30,0,Overnight,0.0,False,51.93,51.93,25.18,False,0.0,False
2026-09-30,2026-10-01,0,Overnight,0.0,False,135.17,135.17,-137.12,False,0.0,False
