d1,d2,n_closed,cls,hours,d1_early_close,gap_bps,gap_divneutral_bps,oc_bps,exdiv,div_bps,split
2010-01-04,2010-01-05,0,Overnight,0.0,False,-37.93,-37.93,182.9,False,0.0,False
2010-01-05,2010-01-06,0,Overnight,0.0,False,-5.33,-5.33,69.09,False,0.0,False
2010-01-06,2010-01-07,0,Overnight,0.0,False,-53.11,-53.11,-144.81,False,0.0,False
2010-01-07,2010-01-08,0,Overnight,0.0,False,-81.37,-81.37,102.95,False,0.0,False
2010-01-08,2010-01-11,2,Weekend,48.0,False,53.76,53.76,-194.92,False,0.0,False
2010-01-11,2010-01-12,0,Overnight,0.0,False,-148.72,-148.72,-196.14,False,0.0,False
2010-01-12,2010-01-13,0,Overnight,0.0,False,67.68,67.68,67.23,False,0.0,False
2010-01-13,2010-01-14,0,Overnight,0.0,False,-123.6,-123.6,-33.98,False,0.0,False
2010-01-14,2010-01-15,0,Overnight,0.0,False,-74.01,-74.01,-225.38,False,0.0,False
2010-01-15,2010-01-19,3,Long,72.0,False,-76.27,-76.27,261.57,False,0.0,False
2010-01-19,2010-01-20,0,Overnight,0.0,False,-127.02,-127.02,86.78,False,0.0,False
2010-01-20,2010-01-21,0,Overnight,0.0,False,-5.76,-5.76,-174.42,False,0.0,False
2010-01-21,2010-01-22,0,Overnight,0.0,False,-118.0,-118.0,-234.17,False,0.0,False
2010-01-22,2010-01-25,2,Weekend,48.0,False,162.7,162.7,5.98,False,0.0,False
2010-01-25,2010-01-26,0,Overnight,0.0,False,-47.9,-47.9,-273.82,False,0.0,False
2010-01-26,2010-01-27,0,Overnight,0.0,False,-6.17,-6.17,273.99,False,0.0,False
2010-01-27,2010-01-28,0,Overnight,0.0,False,77.77,77.77,-419.9,False,0.0,False
2010-01-28,2010-01-29,0,Overnight,0.0,False,111.25,111.25,-556.05,False,0.0,False
2010-01-29,2010-02-01,2,Weekend,48.0,False,38.91,38.91,699.85,False,0.0,False
2010-02-01,2010-02-02,0,Overnight,0.0,False,-36.28,-36.28,138.35,False,0.0,False
2010-02-02,2010-02-03,0,Overnight,0.0,False,-90.01,-90.01,173.29,False,0.0,False
2010-02-03,2010-02-04,0,Overnight,0.0,False,-89.26,-89.26,-508.84,False,0.0,False
2010-02-04,2010-02-05,0,Overnight,0.0,False,-12.59,-12.59,211.85,False,0.0,False
2010-02-05,2010-02-08,2,Weekend,48.0,False,-30.87,-30.87,12.36,False,0.0,False
2010-02-08,2010-02-09,0,Overnight,0.0,False,159.32,159.32,-239.94,False,0.0,False
2010-02-09,2010-02-10,0,Overnight,0.0,False,62.07,62.07,129.11,False,0.0,False
2010-02-10,2010-02-11,0,Overnight,0.0,False,157.58,157.58,290.39,False,0.0,False
2010-02-11,2010-02-12,0,Overnight,0.0,False,-70.34,-70.34,203.79,False,0.0,False
2010-02-12,2010-02-16,3,Long,72.0,False,131.69,131.69,51.06,False,0.0,False
2010-02-16,2010-02-17,0,Overnight,0.0,False,123.74,123.74,-27.99,False,0.0,False
2010-02-17,2010-02-18,0,Overnight,0.0,False,-564.99,-564.99,-113.33,False,0.0,False
2010-02-18,2010-02-19,0,Overnight,0.0,False,-42.08,-42.08,-12.06,False,0.0,False
2010-02-19,2010-02-22,2,Weekend,48.0,False,42.13,42.13,-24.05,False,0.0,False
2010-02-22,2010-02-23,0,Overnight,0.0,False,30.06,30.06,-273.82,False,0.0,False
2010-02-23,2010-02-24,0,Overnight,0.0,False,86.0,86.0,121.58,False,0.0,False
2010-02-24,2010-02-25,0,Overnight,0.0,False,-232.28,-232.28,141.24,False,0.0,False
2010-02-25,2010-02-26,0,Overnight,0.0,False,-48.9,-48.9,-73.8,False,0.0,False
2010-02-26,2010-03-01,2,Weekend,48.0,False,6.17,6.17,387.22,False,0.0,False
2010-03-01,2010-03-02,0,Overnight,0.0,False,88.63,88.63,-94.56,False,0.0,False
2010-03-02,2010-03-03,0,Overnight,0.0,False,59.21,59.21,-184.69,False,0.0,False
2010-03-03,2010-03-04,0,Overnight,0.0,False,42.0,42.0,-23.98,False,0.0,False
2010-03-04,2010-03-05,0,Overnight,0.0,False,-72.29,-72.29,373.82,False,0.0,False
2010-03-05,2010-03-08,2,Weekend,48.0,False,5.82,5.82,-152.5,False,0.0,False
2010-03-08,2010-03-09,0,Overnight,0.0,False,99.97,99.97,265.6,False,0.0,False
2010-03-09,2010-03-10,0,Overnight,0.0,False,-28.53,-28.53,51.3,False,0.0,False
2010-03-10,2010-03-11,0,Overnight,0.0,False,-79.91,-79.91,-150.12,False,0.0,False
2010-03-11,2010-03-12,0,Overnight,0.0,False,109.92,109.92,-75.08,False,0.0,False
2010-03-12,2010-03-15,2,Weekend,47.0,False,-11.6,-11.6,-40.71,False,0.0,False
2010-03-15,2010-03-16,0,Overnight,0.0,False,-5.83,-5.83,349.51,False,0.0,False
2010-03-16,2010-03-17,0,Overnight,0.0,False,56.15,56.15,133.48,False,0.0,False
2010-03-17,2010-03-18,0,Overnight,0.0,False,16.56,16.56,-376.55,False,0.0,False
2010-03-18,2010-03-19,0,Overnight,0.0,False,147.81,147.81,-268.82,False,0.0,False
2010-03-19,2010-03-22,2,Weekend,48.0,False,-128.36,-128.36,289.37,False,0.0,False
2010-03-22,2010-03-23,0,Overnight,0.0,False,73.88,73.88,129.4,False,0.0,False
2010-03-23,2010-03-24,0,Overnight,0.0,False,-84.2,-84.2,-256.94,False,0.0,False
2010-03-24,2010-03-25,0,Overnight,0.0,False,143.56,143.56,-114.68,False,0.0,False
2010-03-25,2010-03-26,0,Overnight,0.0,False,86.13,86.13,-86.13,False,0.0,False
2010-03-26,2010-03-29,2,Weekend,48.0,False,63.24,63.24,62.84,False,0.0,False
2010-03-29,2010-03-30,0,Overnight,0.0,False,113.25,113.25,-73.47,False,0.0,False
2010-03-30,2010-03-31,0,Overnight,0.0,False,-39.78,-39.78,-91.53,False,0.0,False
2010-03-31,2010-04-01,0,Overnight,0.0,False,45.87,45.87,-149.86,False,0.0,False
2010-04-01,2010-04-05,3,Long,72.0,False,63.68,63.68,86.18,False,0.0,False
2010-04-05,2010-04-06,0,Overnight,0.0,False,-126.66,-126.66,-122.41,False,0.0,False
2010-04-06,2010-04-07,0,Overnight,0.0,False,-64.73,-64.73,129.03,False,0.0,False
2010-04-07,2010-04-08,0,Overnight,0.0,False,-64.31,-64.31,-100.21,False,0.0,False
2010-04-08,2010-04-09,0,Overnight,0.0,False,-23.72,-23.72,88.68,False,0.0,False
2010-04-09,2010-04-12,2,Weekend,48.0,False,11.76,11.76,169.05,False,0.0,False
2010-04-12,2010-04-13,0,Overnight,0.0,False,40.38,40.38,165.58,False,0.0,False
2010-04-13,2010-04-14,0,Overnight,0.0,False,212.89,212.89,-89.09,False,0.0,False
2010-04-14,2010-04-15,0,Overnight,0.0,False,33.5,33.5,38.94,False,0.0,False
2010-04-15,2010-04-16,0,Overnight,0.0,False,-413.77,-413.77,-128.13,False,0.0,False
2010-04-16,2010-04-19,2,Weekend,48.0,False,-76.49,-76.49,29.49,False,0.0,False
2010-04-19,2010-04-20,0,Overnight,0.0,False,70.42,70.42,-35.15,False,0.0,False
2010-04-20,2010-04-21,0,Overnight,0.0,False,52.68,52.68,-314.29,False,0.0,False
2010-04-21,2010-04-22,0,Overnight,0.0,False,-163.99,-163.99,206.07,False,0.0,False
2010-04-22,2010-04-23,0,Overnight,0.0,False,-30.04,-30.04,-108.89,False,0.0,False
2010-04-23,2010-04-26,2,Weekend,48.0,False,12.16,12.16,84.7,False,0.0,False
2010-04-26,2010-04-27,0,Overnight,0.0,False,-72.55,-72.55,-214.67,False,0.0,False
2010-04-27,2010-04-28,0,Overnight,0.0,False,-6.2,-6.2,24.78,False,0.0,False
2010-04-28,2010-04-29,0,Overnight,0.0,False,30.89,30.89,267.82,False,0.0,False
2010-04-29,2010-04-30,0,Overnight,0.0,False,-120.85,-120.85,-460.28,False,0.0,False
2010-04-30,2010-05-03,2,Weekend,48.0,False,50.79,50.79,-159.59,False,0.0,False
2010-05-03,2010-05-04,0,Overnight,0.0,False,-155.65,-155.65,-366.1,False,0.0,False
2010-05-04,2010-05-05,0,Overnight,0.0,False,-205.49,-205.49,34.54,False,0.0,False
2010-05-05,2010-05-06,0,Overnight,0.0,False,-69.2,-69.2,-139.86,False,0.0,False
2010-05-06,2010-05-07,0,Overnight,0.0,False,91.13,91.13,-261.59,False,0.0,False
2010-05-07,2010-05-10,2,Weekend,48.0,False,584.31,584.31,-163.49,False,0.0,False
2010-05-10,2010-05-11,0,Overnight,0.0,False,-96.62,-96.62,-13.88,False,0.0,False
2010-05-11,2010-05-12,0,Overnight,0.0,False,69.2,69.2,123.37,False,0.0,False
2010-05-12,2010-05-13,0,Overnight,0.0,False,-40.96,-40.96,20.5,False,0.0,False
2010-05-13,2010-05-14,0,Overnight,0.0,False,-699.68,-699.68,-526.04,False,0.0,False
2010-05-14,2010-05-17,2,Weekend,48.0,False,15.42,15.42,7.7,False,0.0,False
2010-05-17,2010-05-18,0,Overnight,0.0,False,84.32,84.32,-420.95,False,0.0,False
2010-05-18,2010-05-19,0,Overnight,0.0,False,-47.89,-47.89,205.87,False,0.0,False
2010-05-19,2010-05-20,0,Overnight,0.0,False,-294.26,-294.26,56.34,False,0.0,False
2010-05-20,2010-05-21,0,Overnight,0.0,False,-293.18,-293.18,507.56,False,0.0,False
2010-05-21,2010-05-24,2,Weekend,48.0,False,-31.47,-31.47,-263.49,False,0.0,False
2010-05-24,2010-05-25,0,Overnight,0.0,False,-320.62,-320.62,584.11,False,0.0,False
2010-05-25,2010-05-26,0,Overnight,0.0,False,394.03,394.03,-346.86,False,0.0,False
2010-05-26,2010-05-27,0,Overnight,0.0,False,247.88,247.88,323.7,False,0.0,False
2010-05-27,2010-05-28,0,Overnight,0.0,False,-14.83,-14.83,-255.46,False,0.0,False
2010-05-28,2010-06-01,3,Long,72.0,False,-137.93,-137.93,-297.59,False,0.0,False
2010-06-01,2010-06-02,0,Overnight,0.0,False,15.89,15.89,94.79,False,0.0,False
2010-06-02,2010-06-03,0,Overnight,0.0,False,-206.52,-206.52,190.78,False,0.0,False
2010-06-03,2010-06-04,0,Overnight,0.0,False,-295.67,-295.67,-188.3,False,0.0,False
2010-06-04,2010-06-07,2,Weekend,48.0,False,41.24,41.24,-549.82,False,0.0,False
2010-06-07,2010-06-08,0,Overnight,0.0,False,-43.57,-43.57,-238.63,False,0.0,False
2010-06-08,2010-06-09,0,Overnight,0.0,False,53.52,53.52,-297.99,False,0.0,False
2010-06-09,2010-06-10,0,Overnight,0.0,False,199.64,199.64,195.74,False,0.0,False
2010-06-10,2010-06-11,0,Overnight,0.0,False,-106.29,-106.29,332.78,False,0.0,False
2010-06-11,2010-06-14,2,Weekend,48.0,False,145.36,145.36,-363.05,False,0.0,False
2010-06-14,2010-06-15,0,Overnight,0.0,False,113.79,113.79,367.41,False,0.0,False
2010-06-15,2010-06-16,0,Overnight,0.0,False,-67.34,-67.34,-59.3,False,0.0,False
2010-06-16,2010-06-17,0,Overnight,0.0,False,342.41,342.41,32.79,False,0.0,False
2010-06-17,2010-06-18,0,Overnight,0.0,False,57.12,57.12,8.13,False,0.0,False
2010-06-18,2010-06-21,2,Weekend,48.0,False,209.18,209.18,-447.78,False,0.0,False
2010-06-21,2010-06-22,0,Overnight,0.0,False,124.12,124.12,-506.01,False,0.0,False
2010-06-22,2010-06-23,0,Overnight,0.0,False,94.71,94.71,17.12,False,0.0,False
2010-06-23,2010-06-24,0,Overnight,0.0,False,-60.06,-60.06,-448.82,False,0.0,False
2010-06-24,2010-06-25,0,Overnight,0.0,False,71.75,71.75,-98.79,False,0.0,False
2010-06-25,2010-06-28,2,Weekend,48.0,False,71.94,71.94,-53.91,False,0.0,False
2010-06-28,2010-06-29,0,Overnight,0.0,False,-218.59,-218.59,-356.18,False,0.0,False
2010-06-29,2010-06-30,0,Overnight,0.0,False,19.07,19.07,-280.08,False,0.0,False
2010-06-30,2010-07-01,0,Overnight,0.0,False,29.34,29.34,135.79,False,0.0,False
2010-07-01,2010-07-02,0,Overnight,0.0,False,38.46,38.46,-164.49,False,0.0,False
2010-07-02,2010-07-06,3,Long,72.0,False,-39.1,-39.1,-68.8,False,0.0,False
2010-07-06,2010-07-07,0,Overnight,0.0,False,39.37,39.37,432.55,False,0.0,False
2010-07-07,2010-07-08,0,Overnight,0.0,False,65.64,65.64,-371.29,False,0.0,False
2010-07-08,2010-07-09,0,Overnight,0.0,False,48.38,48.38,-9.66,False,0.0,False
2010-07-09,2010-07-12,2,Weekend,48.0,False,0.0,0.0,181.91,False,0.0,False
2010-07-12,2010-07-13,0,Overnight,0.0,False,160.0,160.0,194.18,False,0.0,False
2010-07-13,2010-07-14,0,Overnight,0.0,False,430.17,430.17,-329.95,False,0.0,False
2010-07-14,2010-07-15,0,Overnight,0.0,False,9.06,9.06,-294.14,False,0.0,False
2010-07-15,2010-07-16,0,Overnight,0.0,False,0.0,0.0,-645.39,False,0.0,False
2010-07-16,2010-07-19,2,Weekend,48.0,False,138.34,138.34,261.52,False,0.0,False
2010-07-19,2010-07-20,0,Overnight,0.0,False,-261.52,-261.52,507.04,False,0.0,False
2010-07-20,2010-07-21,0,Overnight,0.0,False,92.85,92.85,-424.79,False,0.0,False
2010-07-21,2010-07-22,0,Overnight,0.0,False,105.52,105.52,57.09,False,0.0,False
2010-07-22,2010-07-23,0,Overnight,0.0,False,-9.49,-9.49,-162.76,False,0.0,False
2010-07-23,2010-07-26,2,Weekend,48.0,False,-29.0,-29.0,210.74,False,0.0,False
2010-07-26,2010-07-27,0,Overnight,0.0,False,28.4,28.4,-114.07,False,0.0,False
2010-07-27,2010-07-28,0,Overnight,0.0,False,-163.86,-163.86,-156.71,False,0.0,False
2010-07-28,2010-07-29,0,Overnight,0.0,False,-747.92,-747.92,-291.44,False,0.0,False
2010-07-29,2010-07-30,0,Overnight,0.0,False,-76.97,-76.97,142.47,False,0.0,False
2010-07-30,2010-08-02,2,Weekend,48.0,False,172.6,172.6,-183.49,False,0.0,False
2010-08-02,2010-08-03,0,Overnight,0.0,False,-76.54,-76.54,-188.37,False,0.0,False
2010-08-03,2010-08-04,0,Overnight,0.0,False,89.09,89.09,327.18,False,0.0,False
2010-08-04,2010-08-05,0,Overnight,0.0,False,32.14,32.14,95.8,False,0.0,False
2010-08-05,2010-08-06,0,Overnight,0.0,False,-42.46,-42.46,158.31,False,0.0,False
2010-08-06,2010-08-09,2,Weekend,48.0,False,104.17,104.17,-10.37,False,0.0,False
2010-08-09,2010-08-10,0,Overnight,0.0,False,-167.37,-167.37,-256.42,False,0.0,False
2010-08-10,2010-08-11,0,Overnight,0.0,False,-207.77,-207.77,-189.63,False,0.0,False
2010-08-11,2010-08-12,0,Overnight,0.0,False,-181.82,-181.82,271.51,False,0.0,False
2010-08-12,2010-08-13,0,Overnight,0.0,False,318.53,318.53,150.22,False,0.0,False
2010-08-13,2010-08-16,2,Weekend,48.0,False,-139.41,-139.41,-119.5,False,0.0,False
2010-08-16,2010-08-17,0,Overnight,0.0,False,97.88,97.88,32.41,False,0.0,False
2010-08-17,2010-08-18,0,Overnight,0.0,False,-32.41,-32.41,86.21,False,0.0,False
2010-08-18,2010-08-19,0,Overnight,0.0,False,106.72,106.72,476.77,False,0.0,False
2010-08-19,2010-08-20,0,Overnight,0.0,False,-71.1,-71.1,161.78,False,0.0,False
2010-08-20,2010-08-23,2,Weekend,48.0,False,30.05,30.05,-181.64,False,0.0,False
2010-08-23,2010-08-24,0,Overnight,0.0,False,-331.29,-331.29,228.94,False,0.0,False
2010-08-24,2010-08-25,0,Overnight,0.0,False,-113.81,-113.81,317.49,False,0.0,False
2010-08-25,2010-08-26,0,Overnight,0.0,False,130.2,130.2,-251.9,False,0.0,False
2010-08-26,2010-08-27,0,Overnight,0.0,False,61.04,61.04,260.27,False,0.0,False
2010-08-27,2010-08-30,2,Weekend,48.0,False,-119.29,-119.29,-366.64,False,0.0,False
2010-08-30,2010-08-31,0,Overnight,0.0,False,-146.29,-146.29,-180.57,False,0.0,False
2010-08-31,2010-09-01,0,Overnight,0.0,False,148.94,148.94,-74.19,False,0.0,False
2010-09-01,2010-09-02,0,Overnight,0.0,False,31.86,31.86,147.37,False,0.0,False
2010-09-02,2010-09-03,0,Overnight,0.0,False,237.49,237.49,101.52,False,0.0,False
2010-09-03,2010-09-07,3,Long,72.0,False,-30.35,-30.35,120.85,False,0.0,False
2010-09-07,2010-09-08,0,Overnight,0.0,False,20.0,20.0,304.99,False,0.0,False
2010-09-08,2010-09-09,0,Overnight,0.0,False,125.18,125.18,-261.77,False,0.0,False
2010-09-09,2010-09-10,0,Overnight,0.0,False,68.53,68.53,-177.17,False,0.0,False
2010-09-10,2010-09-13,2,Weekend,48.0,False,177.17,177.17,373.43,False,0.0,False
2010-09-13,2010-09-14,0,Overnight,0.0,False,-84.95,-84.95,-9.48,False,0.0,False
2010-09-14,2010-09-15,0,Overnight,0.0,False,-95.33,-95.33,114.29,False,0.0,False
2010-09-15,2010-09-16,0,Overnight,0.0,False,-133.46,-133.46,142.93,False,0.0,False
2010-09-16,2010-09-17,0,Overnight,0.0,False,94.16,94.16,-113.1,False,0.0,False
2010-09-17,2010-09-20,2,Weekend,48.0,False,0.0,0.0,150.52,False,0.0,False
2010-09-20,2010-09-21,0,Overnight,0.0,False,-56.18,-56.18,583.57,False,0.0,False
2010-09-21,2010-09-22,0,Overnight,0.0,False,-35.49,-35.49,123.68,False,0.0,False
2010-09-22,2010-09-23,0,Overnight,0.0,False,113.49,113.49,86.43,False,0.0,False
2010-09-23,2010-09-24,0,Overnight,0.0,False,221.29,221.29,314.86,False,0.0,False
2010-09-24,2010-09-27,2,Weekend,48.0,False,73.14,73.14,-287.49,False,0.0,False
2010-09-27,2010-09-28,0,Overnight,0.0,False,8.33,8.33,-33.36,False,0.0,False
2010-09-28,2010-09-29,0,Overnight,0.0,False,-92.32,-92.32,16.85,False,0.0,False
2010-09-29,2010-09-30,0,Overnight,0.0,False,125.47,125.47,-295.26,False,0.0,False
2010-09-30,2010-10-01,0,Overnight,0.0,False,144.5,144.5,-431.1,False,0.0,False
2010-10-01,2010-10-04,2,Weekend,48.0,False,-97.39,-97.39,0.0,False,0.0,False
2010-10-04,2010-10-05,0,Overnight,0.0,False,211.28,211.28,-140.35,False,0.0,False
2010-10-05,2010-10-06,0,Overnight,0.0,False,0.0,0.0,-488.79,False,0.0,False
2010-10-06,2010-10-07,0,Overnight,0.0,False,46.27,46.27,-120.76,False,0.0,False
2010-10-07,2010-10-08,0,Overnight,0.0,False,-37.45,-37.45,185.88,False,0.0,False
2010-10-08,2010-10-11,2,Weekend,48.0,False,45.93,45.93,-92.08,False,0.0,False
2010-10-11,2010-10-12,0,Overnight,0.0,False,-83.6,-83.6,276.01,False,0.0,False
2010-10-12,2010-10-13,0,Overnight,0.0,False,162.02,162.02,124.23,False,0.0,False
2010-10-13,2010-10-14,0,Overnight,0.0,False,8.81,8.81,-168.82,False,0.0,False
2010-10-14,2010-10-15,0,Overnight,0.0,False,160.0,160.0,-44.19,False,0.0,False
2010-10-15,2010-10-18,2,Weekend,48.0,False,8.85,8.85,52.96,False,0.0,False
2010-10-18,2010-10-19,0,Overnight,0.0,False,-222.53,-222.53,160.72,False,0.0,False
2010-10-19,2010-10-20,0,Overnight,0.0,False,8.85,8.85,-8.85,False,0.0,False
2010-10-20,2010-10-21,0,Overnight,0.0,False,8.85,8.85,-187.59,False,0.0,False
2010-10-21,2010-10-22,0,Overnight,0.0,False,62.92,62.92,557.64,False,0.0,False
2010-10-22,2010-10-25,2,Weekend,48.0,False,75.98,75.98,16.81,False,0.0,False
2010-10-25,2010-10-26,0,Overnight,0.0,False,-118.24,-118.24,84.6,False,0.0,False
2010-10-26,2010-10-27,0,Overnight,0.0,False,-93.1,-93.1,235.3,False,0.0,False
2010-10-27,2010-10-28,0,Overnight,0.0,False,132.02,132.02,-123.71,False,0.0,False
2010-10-28,2010-10-29,0,Overnight,0.0,False,-16.61,-16.61,-8.32,False,0.0,False
2010-10-29,2010-11-01,2,Weekend,48.0,False,66.34,66.34,-49.71,False,0.0,False
2010-11-01,2010-11-02,0,Overnight,0.0,False,41.44,41.44,164.07,False,0.0,False
2010-11-02,2010-11-03,0,Overnight,0.0,False,64.88,64.88,8.08,False,0.0,False
2010-11-03,2010-11-04,0,Overnight,0.0,False,96.46,96.46,-80.32,False,0.0,False
2010-11-04,2010-11-05,0,Overnight,0.0,False,72.32,72.32,95.62,False,0.0,False
2010-11-05,2010-11-08,2,Weekend,49.0,False,-7.93,-7.93,47.51,False,0.0,False
2010-11-08,2010-11-09,0,Overnight,0.0,False,0.0,0.0,-55.45,False,0.0,False
2010-11-09,2010-11-10,0,Overnight,0.0,False,71.23,71.23,47.21,False,0.0,False
2010-11-10,2010-11-11,0,Overnight,0.0,False,-238.3,-238.3,135.73,False,0.0,False
2010-11-11,2010-11-12,0,Overnight,0.0,False,373.58,373.58,129.03,False,0.0,False
2010-11-12,2010-11-15,2,Weekend,48.0,False,45.15,45.15,-166.54,False,0.0,False
2010-11-15,2010-11-16,0,Overnight,0.0,False,-169.37,-169.37,-132.87,False,0.0,False
2010-11-16,2010-11-17,0,Overnight,0.0,False,-7.87,-7.87,171.75,False,0.0,False
2010-11-17,2010-11-18,0,Overnight,0.0,False,130.72,130.72,174.18,False,0.0,False
2010-11-18,2010-11-19,0,Overnight,0.0,False,-22.55,-22.55,340.27,False,0.0,False
2010-11-19,2010-11-22,2,Weekend,48.0,False,-65.67,-65.67,72.94,False,0.0,False
2010-11-22,2010-11-23,0,Overnight,0.0,False,-116.96,-116.96,-118.34,False,0.0,False
2010-11-23,2010-11-24,0,Overnight,0.0,False,103.63,103.63,138.94,False,0.0,False
2010-11-24,2010-11-26,1,Short,24.0,False,-7.26,-7.26,-116.96,False,0.0,False
2010-11-26,2010-11-29,2,Weekend,48.0,True,-44.22,-44.22,153.91,False,0.0,False
2010-11-29,2010-11-30,0,Overnight,0.0,False,-153.91,-153.91,51.57,False,0.0,False
2010-11-30,2010-12-01,0,Overnight,0.0,False,196.44,196.44,234.97,False,0.0,False
2010-12-01,2010-12-02,0,Overnight,0.0,False,0.0,0.0,118.92,False,0.0,False
2010-12-02,2010-12-03,0,Overnight,0.0,False,-48.8,-48.8,329.93,False,0.0,False
2010-12-03,2010-12-06,2,Weekend,48.0,False,33.75,33.75,-224.88,False,0.0,False
2010-12-06,2010-12-07,0,Overnight,0.0,False,231.62,231.62,87.16,False,0.0,False
2010-12-07,2010-12-08,0,Overnight,0.0,False,-13.36,-13.36,99.77,False,0.0,False
2010-12-08,2010-12-09,0,Overnight,0.0,False,-241.14,-241.14,74.3,False,0.0,False
2010-12-09,2010-12-10,0,Overnight,0.0,False,0.0,0.0,60.38,False,0.0,False
2010-12-10,2010-12-13,2,Weekend,48.0,False,40.05,40.05,-297.52,False,0.0,False
2010-12-13,2010-12-14,0,Overnight,0.0,False,190.35,190.35,-176.64,False,0.0,False
2010-12-14,2010-12-15,0,Overnight,0.0,False,20.54,20.54,-242.31,False,0.0,False
2010-12-15,2010-12-16,0,Overnight,0.0,False,104.57,104.57,-90.56,False,0.0,False
2010-12-16,2010-12-17,0,Overnight,0.0,False,7.0,7.0,48.83,False,0.0,False
2010-12-17,2010-12-20,2,Weekend,48.0,False,34.73,34.73,-76.58,False,0.0,False
2010-12-20,2010-12-21,0,Overnight,0.0,False,97.36,97.36,286.51,False,0.0,False
2010-12-21,2010-12-22,0,Overnight,0.0,False,-20.2,-20.2,127.22,False,0.0,False
2010-12-22,2010-12-23,0,Overnight,0.0,False,0.0,0.0,-73.46,False,0.0,False
2010-12-23,2010-12-27,3,Long,72.0,False,-26.85,-26.85,80.32,False,0.0,False
2010-12-27,2010-12-28,0,Overnight,0.0,False,0.0,0.0,-40.08,False,0.0,False
2010-12-28,2010-12-29,0,Overnight,0.0,False,-6.7,-6.7,6.7,False,0.0,False
2010-12-29,2010-12-30,0,Overnight,0.0,False,-13.4,-13.4,46.81,False,0.0,False
2010-12-30,2010-12-31,0,Overnight,0.0,False,6.67,6.67,263.17,False,0.0,False
2010-12-31,2011-01-03,2,Weekend,48.0,False,77.62,77.62,191.45,False,0.0,False
2011-01-03,2011-01-04,0,Overnight,0.0,False,18.95,18.95,-50.6,False,0.0,False
2011-01-04,2011-01-05,0,Overnight,0.0,False,182.22,182.22,557.04,False,0.0,False
2011-01-05,2011-01-06,0,Overnight,0.0,False,255.83,255.83,1040.39,False,0.0,False
2011-01-06,2011-01-07,0,Overnight,0.0,False,-114.47,-114.47,389.99,False,0.0,False
2011-01-07,2011-01-10,2,Weekend,48.0,False,-182.84,-182.84,558.19,False,0.0,False
2011-01-10,2011-01-11,0,Overnight,0.0,False,134.81,134.81,-291.14,False,0.0,False
2011-01-11,2011-01-12,0,Overnight,0.0,False,4.92,4.92,1389.91,False,0.0,False
2011-01-12,2011-01-13,0,Overnight,0.0,False,-107.64,-107.64,124.76,False,0.0,False
2011-01-13,2011-01-14,0,Overnight,0.0,False,-172.49,-172.49,257.64,False,0.0,False
2011-01-14,2011-01-18,3,Long,72.0,False,-136.58,-136.58,-99.33,False,0.0,False
2011-01-18,2011-01-19,0,Overnight,0.0,False,4.34,4.34,-281.58,False,0.0,False
2011-01-19,2011-01-20,0,Overnight,0.0,False,-98.66,-98.66,107.58,False,0.0,False
2011-01-20,2011-01-21,0,Overnight,0.0,False,106.43,106.43,-200.5,False,0.0,False
2011-01-21,2011-01-24,2,Weekend,48.0,False,448.82,448.82,621.42,False,0.0,False
2011-01-24,2011-01-25,0,Overnight,0.0,False,-44.58,-44.58,-267.56,False,0.0,False
2011-01-25,2011-01-26,0,Overnight,0.0,False,103.76,103.76,131.26,False,0.0,False
2011-01-26,2011-01-27,0,Overnight,0.0,False,141.62,141.62,-170.18,False,0.0,False
2011-01-27,2011-01-28,0,Overnight,0.0,False,24.49,24.49,-318.93,False,0.0,False
2011-01-28,2011-01-31,2,Weekend,48.0,False,16.82,16.82,50.29,False,0.0,False
2011-01-31,2011-02-01,0,Overnight,0.0,False,87.41,87.41,139.92,False,0.0,False
2011-02-01,2011-02-02,0,Overnight,0.0,False,-57.38,-57.38,501.01,False,0.0,False
2011-02-02,2011-02-03,0,Overnight,0.0,False,15.63,15.63,-205.05,False,0.0,False
2011-02-03,2011-02-04,0,Overnight,0.0,False,138.48,138.48,86.07,False,0.0,False
2011-02-04,2011-02-07,2,Weekend,48.0,False,-137.28,-137.28,-288.48,False,0.0,False
2011-02-07,2011-02-08,0,Overnight,0.0,False,12.19,12.19,-313.43,False,0.0,False
2011-02-08,2011-02-09,0,Overnight,0.0,False,37.63,37.63,-283.62,False,0.0,False
2011-02-09,2011-02-10,0,Overnight,0.0,False,-225.8,-225.8,21.93,False,0.0,False
2011-02-10,2011-02-11,0,Overnight,0.0,False,-35.12,-35.12,315.98,False,0.0,False
2011-02-11,2011-02-14,2,Weekend,48.0,False,118.6,118.6,-273.17,False,0.0,False
2011-02-14,2011-02-15,0,Overnight,0.0,False,17.29,17.29,-262.6,False,0.0,False
2011-02-15,2011-02-16,0,Overnight,0.0,False,132.16,132.16,229.3,False,0.0,False
2011-02-16,2011-02-17,0,Overnight,0.0,False,-286.35,-286.35,1224.67,False,0.0,False
2011-02-17,2011-02-18,0,Overnight,0.0,False,-54.67,-54.67,35.18,False,0.0,False
2011-02-18,2011-02-22,3,Long,72.0,False,-333.23,-333.23,-658.57,False,0.0,False
2011-02-22,2011-02-23,0,Overnight,0.0,False,0.0,0.0,-485.53,False,0.0,False
2011-02-23,2011-02-24,0,Overnight,0.0,False,49.63,49.63,191.67,False,0.0,False
2011-02-24,2011-02-25,0,Overnight,0.0,False,265.75,265.75,-60.37,False,0.0,False
2011-02-25,2011-02-28,2,Weekend,48.0,False,163.02,163.02,-363.99,False,0.0,False
2011-02-28,2011-03-01,0,Overnight,0.0,False,17.64,17.64,-473.59,False,0.0,False
2011-03-01,2011-03-02,0,Overnight,0.0,False,-13.87,-13.87,-410.73,False,0.0,False
2011-03-02,2011-03-03,0,Overnight,0.0,False,228.69,228.69,-171.03,False,0.0,False
2011-03-03,2011-03-04,0,Overnight,0.0,False,9.58,9.58,-62.43,False,0.0,False
2011-03-04,2011-03-07,2,Weekend,48.0,False,71.99,71.99,-212.67,False,0.0,False
2011-03-07,2011-03-08,0,Overnight,0.0,False,106.9,106.9,-566.75,False,0.0,False
2011-03-08,2011-03-09,0,Overnight,0.0,False,-30.74,-30.74,-181.21,False,0.0,False
2011-03-09,2011-03-10,0,Overnight,0.0,False,-232.57,-232.57,-426.06,False,0.0,False
2011-03-10,2011-03-11,0,Overnight,0.0,False,83.36,83.36,-11.07,False,0.0,False
2011-03-11,2011-03-14,2,Weekend,47.0,False,77.26,77.26,5.5,False,0.0,False
2011-03-14,2011-03-15,0,Overnight,0.0,False,-501.37,-501.37,200.18,False,0.0,False
2011-03-15,2011-03-16,0,Overnight,0.0,False,-91.01,-91.01,17.13,False,0.0,False
2011-03-16,2011-03-17,0,Overnight,0.0,False,264.58,264.58,-78.08,False,0.0,False
2011-03-17,2011-03-18,0,Overnight,0.0,False,155.56,155.56,-290.85,False,0.0,False
2011-03-18,2011-03-21,2,Weekend,48.0,False,213.37,213.37,-134.23,False,0.0,False
2011-03-21,2011-03-22,0,Overnight,0.0,False,-28.19,-28.19,-147.9,False,0.0,False
2011-03-22,2011-03-23,0,Overnight,0.0,False,-17.21,-17.21,221.41,False,0.0,False
2011-03-23,2011-03-24,0,Overnight,0.0,False,211.12,211.12,556.0,False,0.0,False
2011-03-24,2011-03-25,0,Overnight,0.0,False,88.02,88.02,-405.0,False,0.0,False
2011-03-25,2011-03-28,2,Weekend,48.0,False,233.43,233.43,130.24,False,0.0,False
2011-03-28,2011-03-29,0,Overnight,0.0,False,0.0,0.0,-77.94,False,0.0,False
2011-03-29,2011-03-30,0,Overnight,0.0,False,77.94,77.94,-460.76,False,0.0,False
2011-03-30,2011-03-31,0,Overnight,0.0,False,16.25,16.25,-10.83,False,0.0,False
2011-03-31,2011-04-01,0,Overnight,0.0,False,129.17,129.17,-271.02,False,0.0,False
2011-04-01,2011-04-04,2,Weekend,48.0,False,0.0,0.0,-363.68,False,0.0,False
2011-04-04,2011-04-05,0,Overnight,0.0,False,147.06,147.06,-129.98,False,0.0,False
2011-04-05,2011-04-06,0,Overnight,0.0,False,73.68,73.68,-142.17,False,0.0,False
2011-04-06,2011-04-07,0,Overnight,0.0,False,22.88,22.88,337.11,False,0.0,False
2011-04-07,2011-04-08,0,Overnight,0.0,False,77.05,77.05,-385.63,False,0.0,False
2011-04-08,2011-04-11,2,Weekend,48.0,False,39.81,39.81,-171.73,False,0.0,False
2011-04-11,2011-04-12,0,Overnight,0.0,False,-98.64,-98.64,127.46,False,0.0,False
2011-04-12,2011-04-13,0,Overnight,0.0,False,103.09,103.09,118.95,False,0.0,False
2011-04-13,2011-04-14,0,Overnight,0.0,False,-90.5,-90.5,504.12,False,0.0,False
2011-04-14,2011-04-15,0,Overnight,0.0,False,-75.92,-75.92,183.39,False,0.0,False
2011-04-15,2011-04-18,2,Weekend,48.0,False,-237.98,-237.98,-99.01,False,0.0,False
2011-04-18,2011-04-19,0,Overnight,0.0,False,5.53,5.53,-44.3,False,0.0,False
2011-04-19,2011-04-20,0,Overnight,0.0,False,359.71,359.71,-59.06,False,0.0,False
2011-04-20,2011-04-21,0,Overnight,0.0,False,107.12,107.12,-134.09,False,0.0,False
2011-04-21,2011-04-25,3,Long,72.0,False,43.1,43.1,112.27,False,0.0,False
2011-04-25,2011-04-26,0,Overnight,0.0,False,84.7,84.7,172.46,False,0.0,False
2011-04-26,2011-04-27,0,Overnight,0.0,False,51.68,51.68,-51.68,False,0.0,False
2011-04-27,2011-04-28,0,Overnight,0.0,False,0.0,0.0,108.22,False,0.0,False
2011-04-28,2011-04-29,0,Overnight,0.0,False,66.41,66.41,181.64,False,0.0,False
2011-04-29,2011-05-02,2,Weekend,48.0,False,207.83,207.83,-343.74,False,0.0,False
2011-05-02,2011-05-03,0,Overnight,0.0,False,-117.26,-117.26,-370.9,False,0.0,False
2011-05-03,2011-05-04,0,Overnight,0.0,False,31.88,31.88,-106.67,False,0.0,False
2011-05-04,2011-05-05,0,Overnight,0.0,False,-80.75,-80.75,86.11,False,0.0,False
2011-05-05,2011-05-06,0,Overnight,0.0,False,206.85,206.85,140.74,False,0.0,False
2011-05-06,2011-05-09,2,Weekend,48.0,False,31.01,31.01,189.12,False,0.0,False
2011-05-09,2011-05-10,0,Overnight,0.0,False,80.69,80.69,-65.51,False,0.0,False
2011-05-10,2011-05-11,0,Overnight,0.0,False,50.43,50.43,-5.03,False,0.0,False
2011-05-11,2011-05-12,0,Overnight,0.0,False,-35.29,-35.29,347.43,False,0.0,False
2011-05-12,2011-05-13,0,Overnight,0.0,False,-655.15,-655.15,-501.97,False,0.0,False
2011-05-13,2011-05-16,2,Weekend,48.0,False,-27.42,-27.42,-284.06,False,0.0,False
2011-05-16,2011-05-17,0,Overnight,0.0,False,-33.96,-33.96,-5.67,False,0.0,False
2011-05-17,2011-05-18,0,Overnight,0.0,False,39.63,39.63,190.27,False,0.0,False
2011-05-18,2011-05-19,0,Overnight,0.0,False,77.31,77.31,-222.48,False,0.0,False
2011-05-19,2011-05-20,0,Overnight,0.0,False,-22.52,-22.52,195.37,False,0.0,False
2011-05-20,2011-05-23,2,Weekend,48.0,False,-144.77,-144.77,133.71,False,0.0,False
2011-05-23,2011-05-24,0,Overnight,0.0,False,49.68,49.68,-11.02,False,0.0,False
2011-05-24,2011-05-25,0,Overnight,0.0,False,-49.74,-49.74,170.29,False,0.0,False
2011-05-25,2011-05-26,0,Overnight,0.0,False,0.0,0.0,247.46,False,0.0,False
2011-05-26,2011-05-27,0,Overnight,0.0,False,42.42,42.42,312.53,False,0.0,False
2011-05-27,2011-05-31,3,Long,72.0,False,193.0,193.0,80.16,False,0.0,False
2011-05-31,2011-06-01,0,Overnight,0.0,False,-45.01,-45.01,-414.49,False,0.0,False
2011-06-01,2011-06-02,0,Overnight,0.0,False,15.66,15.66,-62.79,False,0.0,False
2011-06-02,2011-06-03,0,Overnight,0.0,False,-116.16,-116.16,-198.45,False,0.0,False
2011-06-03,2011-06-06,2,Weekend,48.0,False,-16.26,-16.26,-197.27,False,0.0,False
2011-06-06,2011-06-07,0,Overnight,0.0,False,77.18,77.18,-82.71,False,0.0,False
2011-06-07,2011-06-08,0,Overnight,0.0,False,-49.96,-49.96,-225.11,False,0.0,False
2011-06-08,2011-06-09,0,Overnight,0.0,False,-5.69,-5.69,-108.79,False,0.0,False
2011-06-09,2011-06-10,0,Overnight,0.0,False,17.26,17.26,-162.23,False,0.0,False
2011-06-10,2011-06-13,2,Weekend,48.0,False,0.0,0.0,-70.34,False,0.0,False
2011-06-13,2011-06-14,0,Overnight,0.0,False,87.85,87.85,-5.83,False,0.0,False
2011-06-14,2011-06-15,0,Overnight,0.0,False,-135.1,-135.1,-83.14,False,0.0,False
2011-06-15,2011-06-16,0,Overnight,0.0,False,5.96,5.96,-357.94,False,0.0,False
2011-06-16,2011-06-17,0,Overnight,0.0,False,116.67,116.67,-354.18,False,0.0,False
2011-06-17,2011-06-20,2,Weekend,48.0,False,-88.95,-88.95,-31.96,False,0.0,False
2011-06-20,2011-06-21,0,Overnight,0.0,False,38.34,38.34,177.0,False,0.0,False
2011-06-21,2011-06-22,0,Overnight,0.0,False,-69.16,-69.16,-69.64,False,0.0,False
2011-06-22,2011-06-23,0,Overnight,0.0,False,-127.88,-127.88,422.11,False,0.0,False
2011-06-23,2011-06-24,0,Overnight,0.0,False,-49.47,-49.47,-244.76,False,0.0,False
2011-06-24,2011-06-27,2,Weekend,48.0,False,0.0,0.0,-211.89,False,0.0,False
2011-06-27,2011-06-28,0,Overnight,0.0,False,0.0,0.0,58.23,False,0.0,False
2011-06-28,2011-06-29,0,Overnight,0.0,False,64.31,64.31,89.34,False,0.0,False
2011-06-29,2011-06-30,0,Overnight,0.0,False,25.38,25.38,100.88,False,0.0,False
2011-06-30,2011-07-01,0,Overnight,0.0,False,0.0,0.0,130.88,False,0.0,False
2011-07-01,2011-07-05,3,Long,72.0,False,-12.39,-12.39,-156.2,False,0.0,False
2011-07-05,2011-07-06,0,Overnight,0.0,False,-6.3,-6.3,-126.82,False,0.0,False
2011-07-06,2011-07-07,0,Overnight,0.0,False,50.92,50.92,-12.71,False,0.0,False
2011-07-07,2011-07-08,0,Overnight,0.0,False,-140.85,-140.85,-51.71,False,0.0,False
2011-07-08,2011-07-11,2,Weekend,48.0,False,-189.73,-189.73,-166.5,False,0.0,False
2011-07-11,2011-07-12,0,Overnight,0.0,False,-47.12,-47.12,-88.11,False,0.0,False
2011-07-12,2011-07-13,0,Overnight,0.0,False,135.23,135.23,-155.67,False,0.0,False
2011-07-13,2011-07-14,0,Overnight,0.0,False,40.84,40.84,-444.52,False,0.0,False
2011-07-14,2011-07-15,0,Overnight,0.0,False,56.66,56.66,-42.46,False,0.0,False
2011-07-15,2011-07-18,2,Weekend,48.0,False,-78.32,-78.32,-136.74,False,0.0,False
2011-07-18,2011-07-19,0,Overnight,0.0,False,28.94,28.94,270.86,False,0.0,False
2011-07-19,2011-07-20,0,Overnight,0.0,False,35.1,35.1,-162.49,False,0.0,False
2011-07-20,2011-07-21,0,Overnight,0.0,False,14.23,14.23,445.14,False,0.0,False
2011-07-21,2011-07-22,0,Overnight,0.0,False,88.05,88.05,113.98,False,0.0,False
2011-07-22,2011-07-25,2,Weekend,48.0,False,-154.52,-154.52,-6.77,False,0.0,False
2011-07-25,2011-07-26,0,Overnight,0.0,False,-288.68,-288.68,41.75,False,0.0,False
2011-07-26,2011-07-27,0,Overnight,0.0,False,-139.86,-139.86,-242.35,False,0.0,False
2011-07-27,2011-07-28,0,Overnight,0.0,False,-36.14,-36.14,14.47,False,0.0,False
2011-07-28,2011-07-29,0,Overnight,0.0,False,-101.75,-101.75,101.75,False,0.0,False
2011-07-29,2011-08-01,2,Weekend,48.0,False,228.74,228.74,292.5,False,0.0,False
2011-08-01,2011-08-02,0,Overnight,0.0,False,-68.87,-68.87,-34.61,False,0.0,False
2011-08-02,2011-08-03,0,Overnight,0.0,False,20.78,20.78,246.08,False,0.0,False
2011-08-03,2011-08-04,0,Overnight,0.0,False,-183.99,-183.99,-816.49,False,0.0,False
2011-08-04,2011-08-05,0,Overnight,0.0,False,228.71,228.71,-570.3,False,0.0,False
2011-08-05,2011-08-08,2,Weekend,48.0,False,-498.72,-498.72,-321.68,False,0.0,False
2011-08-08,2011-08-09,0,Overnight,0.0,False,190.96,190.96,613.98,False,0.0,False
2011-08-09,2011-08-10,0,Overnight,0.0,False,-298.3,-298.3,-168.75,False,0.0,False
2011-08-10,2011-08-11,0,Overnight,0.0,False,0.0,0.0,831.55,False,0.0,False
2011-08-11,2011-08-12,0,Overnight,0.0,False,1013.26,1013.26,-1416.51,False,0.0,False
2011-08-12,2011-08-15,2,Weekend,48.0,False,100.43,100.43,272.95,False,0.0,False
2011-08-15,2011-08-16,0,Overnight,0.0,False,-112.83,-112.83,-175.51,False,0.0,False
2011-08-16,2011-08-17,0,Overnight,0.0,False,30.75,30.75,-170.28,False,0.0,False
2011-08-17,2011-08-18,0,Overnight,0.0,False,-463.34,-463.34,-239.98,False,0.0,False
2011-08-18,2011-08-19,0,Overnight,0.0,False,-168.92,-168.92,-8.52,False,0.0,False
2011-08-19,2011-08-22,2,Weekend,48.0,False,277.45,277.45,-100.0,False,0.0,False
2011-08-22,2011-08-23,0,Overnight,0.0,False,239.98,239.98,785.95,False,0.0,False
2011-08-23,2011-08-24,0,Overnight,0.0,False,-22.7,-22.7,-121.95,False,0.0,False
2011-08-24,2011-08-25,0,Overnight,0.0,False,-201.4,-201.4,-237.54,False,0.0,False
2011-08-25,2011-08-26,0,Overnight,0.0,False,-40.14,-40.14,456.05,False,0.0,False
2011-08-26,2011-08-29,2,Weekend,48.0,False,280.43,280.43,-14.96,False,0.0,False
2011-08-29,2011-08-30,0,Overnight,0.0,False,-67.59,-67.59,304.29,False,0.0,False
2011-08-30,2011-08-31,0,Overnight,0.0,False,72.83,72.83,-347.03,False,0.0,False
2011-08-31,2011-09-01,0,Overnight,0.0,False,134.33,134.33,-156.9,False,0.0,False
2011-09-01,2011-09-02,0,Overnight,0.0,False,-228.49,-228.49,-46.33,False,0.0,False
2011-09-02,2011-09-06,3,Long,72.0,False,-330.48,-330.48,529.72,False,0.0,False
2011-09-06,2011-09-07,0,Overnight,0.0,False,780.56,780.56,0.0,False,0.0,False
2011-09-07,2011-09-08,0,Overnight,0.0,False,-98.73,-98.73,49.49,False,0.0,False
2011-09-08,2011-09-09,0,Overnight,0.0,False,-84.99,-84.99,-128.85,False,0.0,False
2011-09-09,2011-09-12,2,Weekend,48.0,False,-137.83,-137.83,372.8,False,0.0,False
2011-09-12,2011-09-13,0,Overnight,0.0,False,84.09,84.09,138.6,False,0.0,False
2011-09-13,2011-09-14,0,Overnight,0.0,False,258.17,258.17,245.13,False,0.0,False
2011-09-14,2011-09-15,0,Overnight,0.0,False,220.07,220.07,-77.12,False,0.0,False
2011-09-15,2011-09-16,0,Overnight,0.0,False,19.34,19.34,-45.18,False,0.0,False
2011-09-16,2011-09-19,2,Weekend,48.0,False,-169.61,-169.61,-39.55,False,0.0,False
2011-09-19,2011-09-20,0,Overnight,0.0,False,124.71,124.71,-385.69,False,0.0,False
2011-09-20,2011-09-21,0,Overnight,0.0,False,54.09,54.09,-245.75,False,0.0,False
2011-09-21,2011-09-22,0,Overnight,0.0,False,-401.89,-401.89,-284.59,False,0.0,False
2011-09-22,2011-09-23,0,Overnight,0.0,False,-59.39,-59.39,264.53,False,0.0,False
2011-09-23,2011-09-26,2,Weekend,48.0,False,122.52,122.52,-100.79,False,0.0,False
2011-09-26,2011-09-27,0,Overnight,0.0,False,250.1,250.1,-235.64,False,0.0,False
2011-09-27,2011-09-28,0,Overnight,0.0,False,21.65,21.65,-329.82,False,0.0,False
2011-09-28,2011-09-29,0,Overnight,0.0,False,177.26,177.26,-426.23,False,0.0,False
2011-09-29,2011-09-30,0,Overnight,0.0,False,-161.73,-161.73,-291.47,False,0.0,False
2011-09-30,2011-10-03,2,Weekend,48.0,False,-128.72,-128.72,-447.09,False,0.0,False
2011-10-03,2011-10-04,0,Overnight,0.0,False,-248.62,-248.62,1131.43,False,0.0,False
2011-10-04,2011-10-05,0,Overnight,0.0,False,-23.28,-23.28,373.66,False,0.0,False
2011-10-05,2011-10-06,0,Overnight,0.0,False,52.26,52.26,336.78,False,0.0,False
2011-10-06,2011-10-07,0,Overnight,0.0,False,43.1,43.1,142.35,False,0.0,False
2011-10-07,2011-10-10,2,Weekend,48.0,False,168.19,168.19,267.41,False,0.0,False
2011-10-10,2011-10-11,0,Overnight,0.0,False,-81.52,-81.52,-27.32,False,0.0,False
2011-10-11,2011-10-12,0,Overnight,0.0,False,189.71,189.71,-196.55,False,0.0,False
2011-10-12,2011-10-13,0,Overnight,0.0,False,-48.03,-48.03,613.53,False,0.0,False
2011-10-13,2011-10-14,0,Overnight,0.0,False,173.14,173.14,-6.36,False,0.0,False
2011-10-14,2011-10-17,2,Weekend,48.0,False,-115.16,-115.16,-393.75,False,0.0,False
2011-10-17,2011-10-18,0,Overnight,0.0,False,-53.69,-53.69,408.76,False,0.0,False
2011-10-18,2011-10-19,0,Overnight,0.0,False,12.91,12.91,-215.2,False,0.0,False
2011-10-19,2011-10-20,0,Overnight,0.0,False,-273.99,-273.99,-239.98,False,0.0,False
2011-10-20,2011-10-21,0,Overnight,0.0,False,124.14,124.14,-75.68,False,0.0,False
2011-10-21,2011-10-24,2,Weekend,48.0,False,41.35,41.35,324.79,False,0.0,False
2011-10-24,2011-10-25,0,Overnight,0.0,False,-140.8,-140.8,-246.08,False,0.0,False
2011-10-25,2011-10-26,0,Overnight,0.0,False,191.92,191.92,-74.96,False,0.0,False
2011-10-26,2011-10-27,0,Overnight,0.0,False,362.7,362.7,59.19,False,0.0,False
2011-10-27,2011-10-28,0,Overnight,0.0,False,-85.61,-85.61,312.53,False,0.0,False
2011-10-28,2011-10-31,2,Weekend,48.0,False,-325.76,-325.76,-200.68,False,0.0,False
2011-10-31,2011-11-01,0,Overnight,0.0,False,-371.69,-371.69,-141.25,False,0.0,False
2011-11-01,2011-11-02,0,Overnight,0.0,False,99.08,99.08,-271.25,False,0.0,False
2011-11-02,2011-11-03,0,Overnight,0.0,False,107.95,107.95,475.28,False,0.0,False
2011-11-03,2011-11-04,0,Overnight,0.0,False,-89.13,-89.13,204.51,False,0.0,False
2011-11-04,2011-11-07,2,Weekend,49.0,False,-74.5,-74.5,20.37,False,0.0,False
2011-11-07,2011-11-08,0,Overnight,0.0,False,128.08,128.08,99.97,False,0.0,False
2011-11-08,2011-11-09,0,Overnight,0.0,False,-234.83,-234.83,-282.29,False,0.0,False
2011-11-09,2011-11-10,0,Overnight,0.0,False,241.47,241.47,-137.27,False,0.0,False
2011-11-10,2011-11-11,0,Overnight,0.0,False,279.4,279.4,66.98,False,0.0,False
2011-11-11,2011-11-14,2,Weekend,48.0,False,0.0,0.0,-195.49,False,0.0,False
2011-11-14,2011-11-15,0,Overnight,0.0,False,-95.76,-95.76,224.27,False,0.0,False
2011-11-15,2011-11-16,0,Overnight,0.0,False,-189.97,-189.97,-13.71,False,0.0,False
2011-11-16,2011-11-17,0,Overnight,0.0,False,-20.6,-20.6,-342.57,False,0.0,False
2011-11-17,2011-11-18,0,Overnight,0.0,False,56.74,56.74,-149.63,False,0.0,False
2011-11-18,2011-11-21,2,Weekend,48.0,False,-159.19,-159.19,649.49,False,0.0,False
2011-11-21,2011-11-22,0,Overnight,0.0,False,108.77,108.77,194.18,False,0.0,False
2011-11-22,2011-11-23,0,Overnight,0.0,False,-106.67,-106.67,-327.0,False,0.0,False
2011-11-23,2011-11-25,1,Short,24.0,False,-132.45,-132.45,-148.47,False,0.0,False
2011-11-25,2011-11-28,2,Weekend,48.0,True,322.38,322.38,225.04,False,0.0,False
2011-11-28,2011-11-29,0,Overnight,0.0,False,-13.5,-13.5,67.3,False,0.0,False
2011-11-29,2011-11-30,0,Overnight,0.0,False,297.35,297.35,174.25,False,0.0,False
2011-11-30,2011-12-01,0,Overnight,0.0,False,-83.52,-83.52,204.35,False,0.0,False
2011-12-01,2011-12-02,0,Overnight,0.0,False,106.89,106.89,-170.3,False,0.0,False
2011-12-02,2011-12-05,2,Weekend,48.0,False,164.04,164.04,-317.89,False,0.0,False
2011-12-05,2011-12-06,0,Overnight,0.0,False,57.97,57.97,-201.11,False,0.0,False
2011-12-06,2011-12-07,0,Overnight,0.0,False,-65.75,-65.75,6.59,False,0.0,False
2011-12-07,2011-12-08,0,Overnight,0.0,False,-99.37,-99.37,-222.16,False,0.0,False
2011-12-08,2011-12-09,0,Overnight,0.0,False,-75.16,-75.16,217.1,False,0.0,False
2011-12-09,2011-12-12,2,Weekend,48.0,False,-217.1,-217.1,-34.35,False,0.0,False
2011-12-12,2011-12-13,0,Overnight,0.0,False,129.92,129.92,-409.07,False,0.0,False
2011-12-13,2011-12-14,0,Overnight,0.0,False,-85.29,-85.29,-311.73,False,0.0,False
2011-12-14,2011-12-15,0,Overnight,0.0,False,167.95,167.95,-256.71,False,0.0,False
2011-12-15,2011-12-16,0,Overnight,0.0,False,81.39,81.39,-44.31,False,0.0,False
2011-12-16,2011-12-19,2,Weekend,48.0,False,44.31,44.31,-306.8,False,0.0,False
2011-12-19,2011-12-20,0,Overnight,0.0,False,225.4,225.4,321.67,False,0.0,False
2011-12-20,2011-12-21,0,Overnight,0.0,False,-57.72,-57.72,-72.62,False,0.0,False
2011-12-21,2011-12-22,0,Overnight,0.0,False,29.11,29.11,391.93,False,0.0,False
2011-12-22,2011-12-23,0,Overnight,0.0,False,48.8,48.8,-147.11,False,0.0,False
2011-12-23,2011-12-27,3,Long,72.0,False,-42.43,-42.43,-35.5,False,0.0,False
2011-12-27,2011-12-28,0,Overnight,0.0,False,0.0,0.0,-252.08,False,0.0,False
2011-12-28,2011-12-29,0,Overnight,0.0,False,101.6,101.6,86.27,False,0.0,False
2011-12-29,2011-12-30,0,Overnight,0.0,False,-35.86,-35.86,-43.2,False,0.0,False
2011-12-30,2012-01-03,3,Long,72.0,False,312.53,312.53,-183.49,False,0.0,False
2012-01-03,2012-01-04,0,Overnight,0.0,False,7.12,7.12,106.2,False,0.0,False
2012-01-04,2012-01-05,0,Overnight,0.0,False,-49.42,-49.42,402.27,False,0.0,False
2012-01-05,2012-01-06,0,Overnight,0.0,False,-6.8,-6.8,-109.44,False,0.0,False
2012-01-06,2012-01-09,2,Weekend,48.0,False,6.88,6.88,-6.88,False,0.0,False
2012-01-09,2012-01-10,0,Overnight,0.0,False,150.17,150.17,-191.52,False,0.0,False
2012-01-10,2012-01-11,0,Overnight,0.0,False,-90.18,-90.18,-112.12,False,0.0,False
2012-01-11,2012-01-12,0,Overnight,0.0,False,21.12,21.12,-84.75,False,0.0,False
2012-01-12,2012-01-13,0,Overnight,0.0,False,-71.17,-71.17,-194.74,False,0.0,False
2012-01-13,2012-01-17,3,Long,72.0,False,151.79,151.79,-305.92,False,0.0,False
2012-01-17,2012-01-18,0,Overnight,0.0,False,190.48,190.48,144.09,False,0.0,False
2012-01-18,2012-01-19,0,Overnight,0.0,False,85.47,85.47,175.75,False,0.0,False
2012-01-19,2012-01-20,0,Overnight,0.0,False,-13.95,-13.95,-77.06,False,0.0,False
2012-01-20,2012-01-23,2,Weekend,48.0,False,7.03,7.03,263.54,False,0.0,False
2012-01-23,2012-01-24,0,Overnight,0.0,False,-68.68,-68.68,292.04,False,0.0,False
2012-01-24,2012-01-25,0,Overnight,0.0,False,-271.39,-271.39,210.96,False,0.0,False
2012-01-25,2012-01-26,0,Overnight,0.0,False,147.06,147.06,-241.78,False,0.0,False
2012-01-26,2012-01-27,0,Overnight,0.0,False,-61.37,-61.37,196.42,False,0.0,False
2012-01-27,2012-01-30,2,Weekend,48.0,False,-175.92,-175.92,101.87,False,0.0,False
2012-01-30,2012-01-31,0,Overnight,0.0,False,26.99,26.99,-47.28,False,0.0,False
2012-01-31,2012-02-01,0,Overnight,0.0,False,114.44,114.44,-6.7,False,0.0,False
2012-02-01,2012-02-02,0,Overnight,0.0,False,53.44,53.44,314.78,False,0.0,False
2012-02-02,2012-02-03,0,Overnight,0.0,False,147.39,147.39,63.41,False,0.0,False
2012-02-03,2012-02-06,2,Weekend,48.0,False,-50.7,-50.7,-25.45,False,0.0,False
2012-02-06,2012-02-07,0,Overnight,0.0,False,12.73,12.73,12.71,False,0.0,False
2012-02-07,2012-02-08,0,Overnight,0.0,False,0.0,0.0,355.73,False,0.0,False
2012-02-08,2012-02-09,0,Overnight,0.0,False,121.88,121.88,-128.01,False,0.0,False
2012-02-09,2012-02-10,0,Overnight,0.0,False,-98.64,-98.64,-149.82,False,0.0,False
2012-02-10,2012-02-13,2,Weekend,48.0,False,248.46,248.46,-92.45,False,0.0,False
2012-02-13,2012-02-14,0,Overnight,0.0,False,0.0,0.0,55.57,False,0.0,False
2012-02-14,2012-02-15,0,Overnight,0.0,False,91.94,91.94,-135.14,False,0.0,False
2012-02-15,2012-02-16,0,Overnight,0.0,False,-711.15,-711.15,882.83,False,0.0,False
2012-02-16,2012-02-17,0,Overnight,0.0,False,6.08,6.08,-377.64,False,0.0,False
2012-02-17,2012-02-21,3,Long,72.0,False,-6.31,-6.31,56.66,False,0.0,False
2012-02-21,2012-02-22,0,Overnight,0.0,False,-50.35,-50.35,-18.95,False,0.0,False
2012-02-22,2012-02-23,0,Overnight,0.0,False,18.95,18.95,37.78,False,0.0,False
2012-02-23,2012-02-24,0,Overnight,0.0,False,31.38,31.38,-107.09,False,0.0,False
2012-02-24,2012-02-27,2,Weekend,48.0,False,-127.47,-127.47,-77.27,False,0.0,False
2012-02-27,2012-02-28,0,Overnight,0.0,False,0.0,0.0,-90.91,False,0.0,False
2012-02-28,2012-02-29,0,Overnight,0.0,False,32.56,32.56,-150.67,False,0.0,False
2012-02-29,2012-03-01,0,Overnight,0.0,False,39.53,39.53,26.26,False,0.0,False
2012-03-01,2012-03-02,0,Overnight,0.0,False,-32.84,-32.84,117.73,False,0.0,False
2012-03-02,2012-03-05,2,Weekend,48.0,False,-71.78,-71.78,-272.17,False,0.0,False
2012-03-05,2012-03-06,0,Overnight,0.0,False,-115.06,-115.06,20.4,False,0.0,False
2012-03-06,2012-03-07,0,Overnight,0.0,False,54.2,54.2,6.75,False,0.0,False
2012-03-07,2012-03-08,0,Overnight,0.0,False,26.97,26.97,6.73,False,0.0,False
2012-03-08,2012-03-09,0,Overnight,0.0,False,26.88,26.88,-53.84,False,0.0,False
2012-03-09,2012-03-12,2,Weekend,47.0,False,40.4,40.4,-196.82,False,0.0,False
2012-03-12,2012-03-13,0,Overnight,0.0,False,41.04,41.04,95.11,False,0.0,False
2012-03-13,2012-03-14,0,Overnight,0.0,False,0.0,0.0,-288.09,False,0.0,False
2012-03-14,2012-03-15,0,Overnight,0.0,False,27.8,27.8,117.28,False,0.0,False
2012-03-15,2012-03-16,0,Overnight,0.0,False,6.86,6.86,6.85,False,0.0,False
2012-03-16,2012-03-19,2,Weekend,48.0,False,54.64,54.64,-27.29,False,0.0,False
2012-03-19,2012-03-20,0,Overnight,0.0,False,-54.79,-54.79,-110.5,False,0.0,False
2012-03-20,2012-03-21,0,Overnight,0.0,False,0.0,0.0,41.58,False,0.0,False
2012-03-21,2012-03-22,0,Overnight,0.0,False,-76.36,-76.36,62.52,False,0.0,False
2012-03-22,2012-03-23,0,Overnight,0.0,False,-27.74,-27.74,103.63,False,0.0,False
2012-03-23,2012-03-26,2,Weekend,48.0,False,95.76,95.76,20.4,False,0.0,False
2012-03-26,2012-03-27,0,Overnight,0.0,False,40.68,40.68,27.03,False,0.0,False
2012-03-27,2012-03-28,0,Overnight,0.0,False,127.39,127.39,99.44,False,0.0,False
2012-03-28,2012-03-29,0,Overnight,0.0,False,-13.2,-13.2,59.27,False,0.0,False
2012-03-29,2012-03-30,0,Overnight,0.0,False,85.0,85.0,26.01,False,0.0,False
2012-03-30,2012-04-02,2,Weekend,48.0,False,-26.01,-26.01,-19.55,False,0.0,False
2012-04-02,2012-04-03,0,Overnight,0.0,False,71.5,71.5,-235.92,False,0.0,False
2012-04-03,2012-04-04,0,Overnight,0.0,False,-153.69,-153.69,-135.6,False,0.0,False
2012-04-04,2012-04-05,0,Overnight,0.0,False,13.64,13.64,-27.3,False,0.0,False
2012-04-05,2012-04-09,3,Long,72.0,False,-158.46,-158.46,27.74,False,0.0,False
2012-04-09,2012-04-10,0,Overnight,0.0,False,-41.64,-41.64,-154.17,False,0.0,False
2012-04-10,2012-04-11,0,Overnight,0.0,False,133.29,133.29,-6.97,False,0.0,False
2012-04-11,2012-04-12,0,Overnight,0.0,False,13.94,13.94,220.39,False,0.0,False
2012-04-12,2012-04-13,0,Overnight,0.0,False,-88.95,-88.95,-271.7,False,0.0,False
2012-04-13,2012-04-16,2,Weekend,48.0,False,70.37,70.37,-191.16,False,0.0,False
2012-04-16,2012-04-17,0,Overnight,0.0,False,28.55,28.55,-7.13,False,0.0,False
2012-04-17,2012-04-18,0,Overnight,0.0,False,-64.4,-64.4,-43.17,False,0.0,False
2012-04-18,2012-04-19,0,Overnight,0.0,False,-130.63,-130.63,-21.94,False,0.0,False
2012-04-19,2012-04-20,0,Overnight,0.0,False,58.39,58.39,-258.03,False,0.0,False
2012-04-20,2012-04-23,2,Weekend,48.0,False,-173.26,-173.26,53.05,False,0.0,False
2012-04-23,2012-04-24,0,Overnight,0.0,False,30.19,30.19,-344.99,False,0.0,False
2012-04-24,2012-04-25,0,Overnight,0.0,False,147.12,147.12,53.66,False,0.0,False
2012-04-25,2012-04-26,0,Overnight,0.0,False,-7.65,-7.65,15.29,False,0.0,False
2012-04-26,2012-04-27,0,Overnight,0.0,False,-15.29,-15.29,-69.1,False,0.0,False
2012-04-27,2012-04-30,2,Weekend,48.0,False,-54.08,-54.08,69.47,False,0.0,False
2012-04-30,2012-05-01,0,Overnight,0.0,False,-53.99,-53.99,229.37,False,0.0,False
2012-05-01,2012-05-02,0,Overnight,0.0,False,-37.86,-37.86,-253.57,False,0.0,False
2012-05-02,2012-05-03,0,Overnight,0.0,False,23.32,23.32,-196.01,False,0.0,False
2012-05-03,2012-05-04,0,Overnight,0.0,False,-63.54,-63.54,-233.79,False,0.0,False
2012-05-04,2012-05-07,2,Weekend,48.0,False,177.85,177.85,-8.02,False,0.0,False
2012-05-07,2012-05-08,0,Overnight,0.0,False,-88.6,-88.6,80.58,False,0.0,False
2012-05-08,2012-05-09,0,Overnight,0.0,False,-178.14,-178.14,218.19,False,0.0,False
2012-05-09,2012-05-10,0,Overnight,0.0,False,95.47,95.47,-167.67,False,0.0,False
2012-05-10,2012-05-11,0,Overnight,0.0,False,796.71,796.71,-180.05,False,0.0,False
2012-05-11,2012-05-14,2,Weekend,48.0,False,-83.62,-83.62,22.87,False,0.0,False
2012-05-14,2012-05-15,0,Overnight,0.0,False,0.0,0.0,-99.5,False,0.0,False
2012-05-15,2012-05-16,0,Overnight,0.0,False,15.37,15.37,-217.4,False,0.0,False
2012-05-16,2012-05-17,0,Overnight,0.0,False,39.17,39.17,-110.06,False,0.0,False
2012-05-17,2012-05-18,0,Overnight,0.0,False,23.69,23.69,-484.75,False,0.0,False
2012-05-18,2012-05-21,2,Weekend,48.0,False,16.54,16.54,155.8,False,0.0,False
2012-05-21,2012-05-22,0,Overnight,0.0,False,-8.14,-8.14,-114.66,False,0.0,False
2012-05-22,2012-05-23,0,Overnight,0.0,False,-107.66,-107.66,351.77,False,0.0,False
2012-05-23,2012-05-24,0,Overnight,0.0,False,56.11,56.11,-324.97,False,0.0,False
2012-05-24,2012-05-25,0,Overnight,0.0,False,-8.26,-8.26,244.91,False,0.0,False
2012-05-25,2012-05-29,3,Long,72.0,False,160.0,160.0,94.79,False,0.0,False
2012-05-29,2012-05-30,0,Overnight,0.0,False,-110.67,-110.67,-7.95,False,0.0,False
2012-05-30,2012-05-31,0,Overnight,0.0,False,0.0,0.0,-112.0,False,0.0,False
2012-05-31,2012-06-01,0,Overnight,0.0,False,-211.39,-211.39,-157.35,False,0.0,False
2012-06-01,2012-06-04,2,Weekend,48.0,False,49.96,49.96,-260.85,False,0.0,False
2012-06-04,2012-06-05,0,Overnight,0.0,False,-51.28,-51.28,337.02,False,0.0,False
2012-06-05,2012-06-06,0,Overnight,0.0,False,74.29,74.29,187.38,False,0.0,False
2012-06-06,2012-06-07,0,Overnight,0.0,False,144.23,144.23,-556.15,False,0.0,False
2012-06-07,2012-06-08,0,Overnight,0.0,False,33.59,33.59,158.01,False,0.0,False
2012-06-08,2012-06-11,2,Weekend,48.0,False,316.71,316.71,-201.86,False,0.0,False
2012-06-11,2012-06-12,0,Overnight,0.0,False,113.55,113.55,88.32,False,0.0,False
2012-06-12,2012-06-13,0,Overnight,0.0,False,-8.0,-8.0,-259.33,False,0.0,False
2012-06-13,2012-06-14,0,Overnight,0.0,False,-16.43,-16.43,-107.48,False,0.0,False
2012-06-14,2012-06-15,0,Overnight,0.0,False,74.53,74.53,139.29,False,0.0,False
2012-06-15,2012-06-18,2,Weekend,48.0,False,-73.5,-73.5,162.61,False,0.0,False
2012-06-18,2012-06-19,0,Overnight,0.0,False,403.06,403.06,252.4,False,0.0,False
2012-06-19,2012-06-20,0,Overnight,0.0,False,97.71,97.71,59.66,False,0.0,False
2012-06-20,2012-06-21,0,Overnight,0.0,False,-7.44,-7.44,-456.7,False,0.0,False
2012-06-21,2012-06-22,0,Overnight,0.0,False,123.84,123.84,0.0,False,0.0,False
2012-06-22,2012-06-25,2,Weekend,48.0,False,7.69,7.69,-328.15,False,0.0,False
2012-06-25,2012-06-26,0,Overnight,0.0,False,55.45,55.45,55.14,False,0.0,False
2012-06-26,2012-06-27,0,Overnight,0.0,False,7.85,7.85,309.14,False,0.0,False
2012-06-27,2012-06-28,0,Overnight,0.0,False,-91.74,-91.74,167.56,False,0.0,False
2012-06-28,2012-06-29,0,Overnight,0.0,False,231.44,231.44,197.3,False,0.0,False
2012-06-29,2012-07-02,2,Weekend,48.0,False,50.52,50.52,-321.9,False,0.0,False
2012-07-02,2012-07-03,0,Overnight,0.0,False,0.0,0.0,256.89,False,0.0,False
2012-07-03,2012-07-05,1,Short,24.0,True,-65.43,-65.43,-36.54,False,0.0,False
2012-07-05,2012-07-06,0,Overnight,0.0,False,-73.48,-73.48,-118.7,False,0.0,False
2012-07-06,2012-07-09,2,Weekend,48.0,False,-59.88,-59.88,-75.36,False,0.0,False
2012-07-09,2012-07-10,0,Overnight,0.0,False,-106.46,-106.46,-200.78,False,0.0,False
2012-07-10,2012-07-11,0,Overnight,0.0,False,31.15,31.15,-196.32,False,0.0,False
2012-07-11,2012-07-12,0,Overnight,0.0,False,-111.64,-111.64,-56.29,False,0.0,False
2012-07-12,2012-07-13,0,Overnight,0.0,False,8.06,8.06,120.15,False,0.0,False
2012-07-13,2012-07-16,2,Weekend,48.0,False,-63.9,-63.9,95.69,False,0.0,False
2012-07-16,2012-07-17,0,Overnight,0.0,False,31.7,31.7,-215.92,False,0.0,False
2012-07-17,2012-07-18,0,Overnight,0.0,False,-24.28,-24.28,567.08,False,0.0,False
2012-07-18,2012-07-19,0,Overnight,0.0,False,68.68,68.68,30.37,False,0.0,False
2012-07-19,2012-07-20,0,Overnight,0.0,False,-60.84,-60.84,-231.49,False,0.0,False
2012-07-20,2012-07-23,2,Weekend,48.0,False,-269.0,-269.0,400.84,False,0.0,False
2012-07-23,2012-07-24,0,Overnight,0.0,False,15.4,15.4,-123.84,False,0.0,False
2012-07-24,2012-07-25,0,Overnight,0.0,False,-31.2,-31.2,224.03,False,0.0,False
2012-07-25,2012-07-26,0,Overnight,0.0,False,181.69,181.69,-135.95,False,0.0,False
2012-07-26,2012-07-27,0,Overnight,0.0,False,37.95,37.95,209.9,False,0.0,False
2012-07-27,2012-07-30,2,Weekend,48.0,False,0.0,0.0,-111.9,False,0.0,False
2012-07-30,2012-07-31,0,Overnight,0.0,False,0.0,0.0,156.31,False,0.0,False
2012-07-31,2012-08-01,0,Overnight,0.0,False,58.91,58.91,-170.31,False,0.0,False
2012-08-01,2012-08-02,0,Overnight,0.0,False,-52.41,-52.41,89.69,False,0.0,False
2012-08-02,2012-08-03,0,Overnight,0.0,False,155.04,155.04,51.15,False,0.0,False
2012-08-03,2012-08-06,2,Weekend,48.0,False,94.31,94.31,114.86,False,0.0,False
2012-08-06,2012-08-07,0,Overnight,0.0,False,120.61,120.61,-21.18,False,0.0,False
2012-08-07,2012-08-08,0,Overnight,0.0,False,-7.07,-7.07,63.45,False,0.0,False
2012-08-08,2012-08-09,0,Overnight,0.0,False,14.04,14.04,317.71,False,0.0,False
2012-08-09,2012-08-10,0,Overnight,0.0,False,261.67,261.67,-323.04,False,0.0,False
2012-08-10,2012-08-13,2,Weekend,48.0,False,13.67,13.67,115.45,False,0.0,False
2012-08-13,2012-08-14,0,Overnight,0.0,False,33.7,33.7,-183.37,False,0.0,False
2012-08-14,2012-08-15,0,Overnight,0.0,False,34.21,34.21,-109.89,False,0.0,False
2012-08-15,2012-08-16,0,Overnight,0.0,False,89.38,89.38,115.69,False,0.0,False
2012-08-16,2012-08-17,0,Overnight,0.0,False,0.0,0.0,-88.35,False,0.0,False
2012-08-17,2012-08-20,2,Weekend,48.0,False,-34.19,-34.19,34.19,False,0.0,False
2012-08-20,2012-08-21,0,Overnight,0.0,False,34.07,34.07,-61.41,False,0.0,False
2012-08-21,2012-08-22,0,Overnight,0.0,False,-61.79,-61.79,82.3,False,0.0,False
2012-08-22,2012-08-23,0,Overnight,0.0,False,-20.51,-20.51,-207.48,False,0.0,False
2012-08-23,2012-08-24,0,Overnight,0.0,False,0.0,0.0,200.63,False,0.0,False
2012-08-24,2012-08-27,2,Weekend,48.0,False,-6.85,-6.85,-165.86,False,0.0,False
2012-08-27,2012-08-28,0,Overnight,0.0,False,-76.95,-76.95,35.05,False,0.0,False
2012-08-28,2012-08-29,0,Overnight,0.0,False,-7.0,-7.0,27.97,False,0.0,False
2012-08-29,2012-08-30,0,Overnight,0.0,False,-20.97,-20.97,-169.38,False,0.0,False
2012-08-30,2012-08-31,0,Overnight,0.0,False,70.92,70.92,-85.17,False,0.0,False
2012-08-31,2012-09-04,3,Long,72.0,False,-165.29,-165.29,-384.09,False,0.0,False
2012-09-04,2012-09-05,0,Overnight,0.0,False,37.58,37.58,-7.5,False,0.0,False
2012-09-05,2012-09-06,0,Overnight,0.0,False,74.79,74.79,228.37,False,0.0,False
2012-09-06,2012-09-07,0,Overnight,0.0,False,-258.22,-258.22,14.94,False,0.0,False
2012-09-07,2012-09-10,2,Weekend,48.0,False,-22.41,-22.41,-67.54,False,0.0,False
2012-09-10,2012-09-11,0,Overnight,0.0,False,-7.53,-7.53,127.29,False,0.0,False
2012-09-11,2012-09-12,0,Overnight,0.0,False,81.51,81.51,29.48,False,0.0,False
2012-09-12,2012-09-13,0,Overnight,0.0,False,87.91,87.91,-21.91,False,0.0,False
2012-09-13,2012-09-14,0,Overnight,0.0,False,-7.31,-7.31,123.59,False,0.0,False
2012-09-14,2012-09-17,2,Weekend,48.0,False,21.65,21.65,-300.06,False,0.0,False
2012-09-17,2012-09-18,0,Overnight,0.0,False,-112.07,-112.07,178.71,False,0.0,False
2012-09-18,2012-09-19,0,Overnight,0.0,False,22.12,22.12,95.27,False,0.0,False
2012-09-19,2012-09-20,0,Overnight,0.0,False,-21.91,-21.91,-51.3,False,0.0,False
2012-09-20,2012-09-21,0,Overnight,0.0,False,14.68,14.68,29.3,False,0.0,False
2012-09-21,2012-09-24,2,Weekend,48.0,False,-162.25,-162.25,154.93,False,0.0,False
2012-09-24,2012-09-25,0,Overnight,0.0,False,130.91,130.91,-315.62,False,0.0,False
2012-09-25,2012-09-26,0,Overnight,0.0,False,-37.36,-37.36,-135.65,False,0.0,False
2012-09-26,2012-09-27,0,Overnight,0.0,False,22.74,22.74,52.85,False,0.0,False
2012-09-27,2012-09-28,0,Overnight,0.0,False,-45.28,-45.28,90.36,False,0.0,False
2012-09-28,2012-10-01,2,Weekend,48.0,False,44.88,44.88,-211.17,False,0.0,False
2012-10-01,2012-10-02,0,Overnight,0.0,False,68.36,68.36,-30.33,False,0.0,False
2012-10-02,2012-10-03,0,Overnight,0.0,False,22.75,22.75,-121.95,False,0.0,False
2012-10-03,2012-10-04,0,Overnight,0.0,False,22.98,22.98,412.2,False,0.0,False
2012-10-04,2012-10-05,0,Overnight,0.0,False,29.33,29.33,-267.08,False,0.0,False
2012-10-05,2012-10-08,2,Weekend,48.0,False,-37.66,-37.66,-60.56,False,0.0,False
2012-10-08,2012-10-09,0,Overnight,0.0,False,-15.2,-15.2,-199.7,False,0.0,False
2012-10-09,2012-10-10,0,Overnight,0.0,False,-46.66,-46.66,-125.49,False,0.0,False
2012-10-10,2012-10-11,0,Overnight,0.0,False,94.27,94.27,-39.17,False,0.0,False
2012-10-11,2012-10-12,0,Overnight,0.0,False,-70.89,-70.89,-15.82,False,0.0,False
2012-10-12,2012-10-15,2,Weekend,48.0,False,15.82,15.82,110.06,False,0.0,False
2012-10-15,2012-10-16,0,Overnight,0.0,False,85.64,85.64,199.55,False,0.0,False
2012-10-16,2012-10-17,0,Overnight,0.0,False,-122.33,-122.33,46.05,False,0.0,False
2012-10-17,2012-10-18,0,Overnight,0.0,False,-23.0,-23.0,-131.33,False,0.0,False
2012-10-18,2012-10-19,0,Overnight,0.0,False,-148.85,-148.85,-452.05,False,0.0,False
2012-10-19,2012-10-22,2,Weekend,48.0,False,41.2,41.2,-157.48,False,0.0,False
2012-10-22,2012-10-23,0,Overnight,0.0,False,-92.32,-92.32,388.64,False,0.0,False
2012-10-23,2012-10-24,0,Overnight,0.0,False,64.67,64.67,-195.29,False,0.0,False
2012-10-24,2012-10-25,0,Overnight,0.0,False,81.83,81.83,-73.62,False,0.0,False
2012-10-25,2012-10-26,0,Overnight,0.0,False,16.41,16.41,-123.71,False,0.0,False
2012-10-26,2012-10-31,4,Long,96.0,False,41.41,41.41,-99.67,False,0.0,False
2012-10-31,2012-11-01,0,Overnight,0.0,False,49.96,49.96,414.86,False,0.0,False
2012-11-01,2012-11-02,0,Overnight,0.0,False,103.05,103.05,-150.98,False,0.0,False
2012-11-02,2012-11-05,2,Weekend,49.0,False,-24.05,-24.05,439.63,False,0.0,False
2012-11-05,2012-11-06,0,Overnight,0.0,False,23.01,23.01,-30.7,False,0.0,False
2012-11-06,2012-11-07,0,Overnight,0.0,False,-77.16,-77.16,-235.12,False,0.0,False
2012-11-07,2012-11-08,0,Overnight,0.0,False,110.41,110.41,-55.05,False,0.0,False
2012-11-08,2012-11-09,0,Overnight,0.0,False,55.05,55.05,-449.15,False,0.0,False
2012-11-09,2012-11-12,2,Weekend,48.0,False,16.39,16.39,-240.38,False,0.0,False
2012-11-12,2012-11-13,0,Overnight,0.0,False,-50.46,-50.46,-25.33,False,0.0,False
2012-11-13,2012-11-14,0,Overnight,0.0,False,59.0,59.0,-307.19,False,0.0,False
2012-11-14,2012-11-15,0,Overnight,0.0,False,60.48,60.48,-17.24,False,0.0,False
2012-11-15,2012-11-16,0,Overnight,0.0,False,0.0,0.0,-182.85,False,0.0,False
2012-11-16,2012-11-19,2,Weekend,48.0,False,182.85,182.85,94.46,False,0.0,False
2012-11-19,2012-11-20,0,Overnight,0.0,False,-103.09,-38.54,-78.02,True,64.1,False
2012-11-20,2012-11-21,0,Overnight,0.0,False,0.0,0.0,283.16,False,0.0,False
2012-11-21,2012-11-23,1,Short,24.0,False,42.21,42.21,25.24,False,0.0,False
2012-11-23,2012-11-26,2,Weekend,48.0,True,16.79,16.79,158.14,False,0.0,False
2012-11-26,2012-11-27,0,Overnight,0.0,False,-41.37,-41.37,82.58,False,0.0,False
2012-11-27,2012-11-28,0,Overnight,0.0,False,-41.2,-41.2,123.1,False,0.0,False
2012-11-28,2012-11-29,0,Overnight,0.0,False,16.3,16.3,-197.37,False,0.0,False
2012-11-29,2012-11-30,0,Overnight,0.0,False,-8.31,-8.31,-50.0,False,0.0,False
2012-11-30,2012-12-03,2,Weekend,48.0,False,124.53,124.53,-310.04,False,0.0,False
2012-12-03,2012-12-04,0,Overnight,0.0,False,17.01,17.01,276.52,False,0.0,False
2012-12-04,2012-12-05,0,Overnight,0.0,False,-82.99,-82.99,-33.39,False,0.0,False
2012-12-05,2012-12-06,0,Overnight,0.0,False,-25.12,-25.12,41.82,False,0.0,False
2012-12-06,2012-12-07,0,Overnight,0.0,False,8.34,8.34,-25.05,False,0.0,False
2012-12-07,2012-12-10,2,Weekend,48.0,False,0.0,0.0,328.98,False,0.0,False
2012-12-10,2012-12-11,0,Overnight,0.0,False,32.31,32.31,199.61,False,0.0,False
2012-12-11,2012-12-12,0,Overnight,0.0,False,31.57,31.57,-134.87,False,0.0,False
2012-12-12,2012-12-13,0,Overnight,0.0,False,-15.99,-15.99,23.97,False,0.0,False
2012-12-13,2012-12-14,0,Overnight,0.0,False,39.82,39.82,7.95,False,0.0,False
2012-12-14,2012-12-17,2,Weekend,48.0,False,-23.86,-23.86,-15.94,False,0.0,False
2012-12-17,2012-12-18,0,Overnight,0.0,False,0.0,0.0,15.94,False,0.0,False
2012-12-18,2012-12-19,0,Overnight,0.0,False,71.4,71.4,0.0,False,0.0,False
2012-12-19,2012-12-20,0,Overnight,0.0,False,39.45,39.45,-47.36,False,0.0,False
2012-12-20,2012-12-21,0,Overnight,0.0,False,-135.41,-135.41,-96.7,False,0.0,False
2012-12-21,2012-12-24,2,Weekend,48.0,False,-8.1,-8.1,-73.2,False,0.0,False
2012-12-24,2012-12-26,1,Short,24.0,True,-24.52,-24.52,16.35,False,0.0,False
2012-12-26,2012-12-27,0,Overnight,0.0,False,16.33,16.33,-81.9,False,0.0,False
2012-12-27,2012-12-28,0,Overnight,0.0,False,-90.87,-90.87,41.41,False,0.0,False
2012-12-28,2012-12-31,2,Weekend,48.0,False,-33.11,-33.11,164.48,False,0.0,False
2012-12-31,2013-01-02,1,Short,24.0,False,241.75,241.75,126.58,False,0.0,False
2013-01-02,2013-01-03,0,Overnight,0.0,False,0.0,0.0,7.86,False,0.0,False
2013-01-03,2013-01-04,0,Overnight,0.0,False,15.7,15.7,308.9,False,0.0,False
2013-01-04,2013-01-07,2,Weekend,48.0,False,-7.61,-7.61,-285.62,False,0.0,False
2013-01-07,2013-01-08,0,Overnight,0.0,False,23.47,23.47,-245.17,False,0.0,False
2013-01-08,2013-01-09,0,Overnight,0.0,False,79.75,79.75,-306.48,False,0.0,False
2013-01-09,2013-01-10,0,Overnight,0.0,False,89.69,89.69,-73.32,False,0.0,False
2013-01-10,2013-01-11,0,Overnight,0.0,False,40.8,40.8,-57.17,False,0.0,False
2013-01-11,2013-01-14,2,Weekend,48.0,False,65.31,65.31,-73.5,False,0.0,False
2013-01-14,2013-01-15,0,Overnight,0.0,False,-49.3,-49.3,-132.67,False,0.0,False
2013-01-15,2013-01-16,0,Overnight,0.0,False,-16.71,-16.71,108.11,False,0.0,False
2013-01-16,2013-01-17,0,Overnight,0.0,False,33.03,33.03,98.44,False,0.0,False
2013-01-17,2013-01-18,0,Overnight,0.0,False,0.0,0.0,-65.52,False,0.0,False
2013-01-18,2013-01-22,3,Long,72.0,False,-8.22,-8.22,-41.2,False,0.0,False
2013-01-22,2013-01-23,0,Overnight,0.0,False,32.98,32.98,-16.47,False,0.0,False
2013-01-23,2013-01-24,0,Overnight,0.0,False,-33.03,-33.03,82.37,False,0.0,False
2013-01-24,2013-01-25,0,Overnight,0.0,False,16.39,16.39,162.47,False,0.0,False
2013-01-25,2013-01-28,2,Weekend,48.0,False,48.23,48.23,111.64,False,0.0,False
2013-01-28,2013-01-29,0,Overnight,0.0,False,-39.73,-39.73,-176.71,False,0.0,False
2013-01-29,2013-01-30,0,Overnight,0.0,False,8.1,8.1,-24.32,False,0.0,False
2013-01-30,2013-01-31,0,Overnight,0.0,False,0.0,0.0,-48.82,False,0.0,False
2013-01-31,2013-02-01,0,Overnight,0.0,False,81.24,81.24,8.09,False,0.0,False
2013-02-01,2013-02-04,2,Weekend,48.0,False,-56.75,-56.75,-114.47,False,0.0,False
2013-02-04,2013-02-05,0,Overnight,0.0,False,49.22,49.22,178.43,False,0.0,False
2013-02-05,2013-02-06,0,Overnight,0.0,False,-244.11,-244.11,163.4,False,0.0,False
2013-02-06,2013-02-07,0,Overnight,0.0,False,-32.47,-32.47,-8.13,False,0.0,False
2013-02-07,2013-02-08,0,Overnight,0.0,False,64.88,64.88,0.0,False,0.0,False
2013-02-08,2013-02-11,2,Weekend,48.0,False,80.52,80.52,32.03,False,0.0,False
2013-02-11,2013-02-12,0,Overnight,0.0,False,-88.32,-88.32,24.16,False,0.0,False
2013-02-12,2013-02-13,0,Overnight,0.0,False,8.04,8.04,-56.43,False,0.0,False
2013-02-13,2013-02-14,0,Overnight,0.0,False,-138.38,-138.38,425.25,False,0.0,False
2013-02-14,2013-02-15,0,Overnight,0.0,False,-23.59,-23.59,23.59,False,0.0,False
2013-02-15,2013-02-19,3,Long,72.0,False,7.85,7.85,-142.29,False,0.0,False
2013-02-19,2013-02-20,0,Overnight,0.0,False,31.8,31.8,-176.15,False,0.0,False
2013-02-20,2013-02-21,0,Overnight,0.0,False,-16.17,-16.17,-56.8,False,0.0,False
2013-02-21,2013-02-22,0,Overnight,0.0,False,64.88,64.88,120.53,False,0.0,False
2013-02-22,2013-02-25,2,Weekend,48.0,False,23.93,23.93,-201.21,False,0.0,False
2013-02-25,2013-02-26,0,Overnight,0.0,False,-40.73,20.3,97.48,True,60.98,False
2013-02-26,2013-02-27,0,Overnight,0.0,False,0.0,0.0,184.23,False,0.0,False
2013-02-27,2013-02-28,0,Overnight,0.0,False,-31.8,-31.8,79.3,False,0.0,False
2013-02-28,2013-03-01,0,Overnight,0.0,False,-71.34,-71.34,110.76,False,0.0,False
2013-03-01,2013-03-04,2,Weekend,48.0,False,-71.06,-71.06,31.65,False,0.0,False
2013-03-04,2013-03-05,0,Overnight,0.0,False,55.14,55.14,54.84,False,0.0,False
2013-03-05,2013-03-06,0,Overnight,0.0,False,62.31,62.31,-70.12,False,0.0,False
2013-03-06,2013-03-07,0,Overnight,0.0,False,54.58,54.58,-78.06,False,0.0,False
2013-03-07,2013-03-08,0,Overnight,0.0,False,23.48,23.48,23.43,False,0.0,False
2013-03-08,2013-03-11,2,Weekend,47.0,False,-101.92,-101.92,7.88,False,0.0,False
2013-03-11,2013-03-12,0,Overnight,0.0,False,-15.76,-15.76,47.21,False,0.0,False
2013-03-12,2013-03-13,0,Overnight,0.0,False,0.0,0.0,0.0,False,0.0,False
2013-03-13,2013-03-14,0,Overnight,0.0,False,62.6,62.6,-54.75,False,0.0,False
2013-03-14,2013-03-15,0,Overnight,0.0,False,0.0,0.0,-86.65,False,0.0,False
2013-03-15,2013-03-18,2,Weekend,48.0,False,-63.49,-63.49,-7.96,False,0.0,False
2013-03-18,2013-03-19,0,Overnight,0.0,False,7.96,7.96,-71.91,False,0.0,False
2013-03-19,2013-03-20,0,Overnight,0.0,False,95.77,95.77,23.8,False,0.0,False
2013-03-20,2013-03-21,0,Overnight,0.0,False,-55.62,-55.62,-104.13,False,0.0,False
2013-03-21,2013-03-22,0,Overnight,0.0,False,32.15,32.15,16.04,False,0.0,False
2013-03-22,2013-03-25,2,Weekend,48.0,False,55.93,55.93,-112.18,False,0.0,False
2013-03-25,2013-03-26,0,Overnight,0.0,False,24.14,24.14,48.12,False,0.0,False
2013-03-26,2013-03-27,0,Overnight,0.0,False,-40.08,-40.08,159.37,False,0.0,False
2013-03-27,2013-03-28,0,Overnight,0.0,False,-23.74,-23.74,165.03,False,0.0,False
2013-03-28,2013-04-01,3,Long,72.0,False,-23.41,-23.41,-309.43,False,0.0,False
2013-04-01,2013-04-02,0,Overnight,0.0,False,8.05,8.05,-113.36,False,0.0,False
2013-04-02,2013-04-03,0,Overnight,0.0,False,-16.3,-16.3,-106.6,False,0.0,False
2013-04-03,2013-04-04,0,Overnight,0.0,False,-33.03,-33.03,131.47,False,0.0,False
2013-04-04,2013-04-05,0,Overnight,0.0,False,-148.03,-148.03,318.0,False,0.0,False
2013-04-05,2013-04-08,2,Weekend,48.0,False,8.02,8.02,-32.13,False,0.0,False
2013-04-08,2013-04-09,0,Overnight,0.0,False,8.04,8.04,151.58,False,0.0,False
2013-04-09,2013-04-10,0,Overnight,0.0,False,7.91,7.91,149.2,False,0.0,False
2013-04-10,2013-04-11,0,Overnight,0.0,False,-141.29,-141.29,94.41,False,0.0,False
2013-04-11,2013-04-12,0,Overnight,0.0,False,46.88,46.88,200.62,False,0.0,False
2013-04-12,2013-04-15,2,Weekend,48.0,False,-30.6,-30.6,-177.82,False,0.0,False
2013-04-15,2013-04-16,0,Overnight,0.0,False,93.17,93.17,15.44,False,0.0,False
2013-04-16,2013-04-17,0,Overnight,0.0,False,-77.46,-77.46,-54.58,False,0.0,False
2013-04-17,2013-04-18,0,Overnight,0.0,False,23.43,23.43,-220.83,False,0.0,False
2013-04-18,2013-04-19,0,Overnight,0.0,False,-7.98,-7.98,31.87,False,0.0,False
2013-04-19,2013-04-22,2,Weekend,48.0,False,-7.96,-7.96,23.86,False,0.0,False
2013-04-22,2013-04-23,0,Overnight,0.0,False,86.99,86.99,171.75,False,0.0,False
2013-04-23,2013-04-24,0,Overnight,0.0,False,30.91,30.91,303.97,False,0.0,False
2013-04-24,2013-04-25,0,Overnight,0.0,False,52.26,52.26,29.74,False,0.0,False
2013-04-25,2013-04-26,0,Overnight,0.0,False,-14.86,-14.86,-29.78,False,0.0,False
2013-04-26,2013-04-29,2,Weekend,48.0,False,14.9,14.9,103.7,False,0.0,False
2013-04-29,2013-04-30,0,Overnight,0.0,False,22.08,22.08,124.23,False,0.0,False
2013-04-30,2013-05-01,0,Overnight,0.0,False,0.0,0.0,-87.53,False,0.0,False
2013-05-01,2013-05-02,0,Overnight,0.0,False,-7.33,-7.33,123.86,False,0.0,False
2013-05-02,2013-05-03,0,Overnight,0.0,False,64.96,64.96,-21.61,False,0.0,False
2013-05-03,2013-05-06,2,Weekend,48.0,False,0.0,0.0,-28.88,False,0.0,False
2013-05-06,2013-05-07,0,Overnight,0.0,False,0.0,0.0,-131.01,False,0.0,False
2013-05-07,2013-05-08,0,Overnight,0.0,False,14.64,14.64,166.85,False,0.0,False
2013-05-08,2013-05-09,0,Overnight,0.0,False,-181.49,-181.49,188.68,False,0.0,False
2013-05-09,2013-05-10,0,Overnight,0.0,False,206.34,206.34,236.62,False,0.0,False
2013-05-10,2013-05-13,2,Weekend,48.0,False,-69.01,-69.01,-139.47,False,0.0,False
2013-05-13,2013-05-14,0,Overnight,0.0,False,118.68,118.68,27.72,False,0.0,False
2013-05-14,2013-05-15,0,Overnight,0.0,False,-48.56,-48.56,220.09,False,0.0,False
2013-05-15,2013-05-16,0,Overnight,0.0,False,-13.61,-13.61,-34.12,False,0.0,False
2013-05-16,2013-05-17,0,Overnight,0.0,False,47.73,47.73,114.98,False,0.0,False
2013-05-17,2013-05-20,2,Weekend,48.0,False,-40.43,-40.43,20.24,False,0.0,False
2013-05-20,2013-05-21,0,Overnight,0.0,False,6.74,57.11,47.03,True,50.54,False
2013-05-21,2013-05-22,0,Overnight,0.0,False,40.13,40.13,-394.88,False,0.0,False
2013-05-22,2013-05-23,0,Overnight,0.0,False,-118.76,-118.76,277.22,False,0.0,False
2013-05-23,2013-05-24,0,Overnight,0.0,False,-54.83,-54.83,-6.88,False,0.0,False
2013-05-24,2013-05-28,3,Long,72.0,False,75.37,75.37,-82.25,False,0.0,False
2013-05-28,2013-05-29,0,Overnight,0.0,False,-62.13,-62.13,0.0,False,0.0,False
2013-05-29,2013-05-30,0,Overnight,0.0,False,-13.86,-13.86,144.58,False,0.0,False
2013-05-30,2013-05-31,0,Overnight,0.0,False,-54.83,-54.83,-55.13,False,0.0,False
2013-05-31,2013-06-03,2,Weekend,48.0,False,13.81,13.81,-27.64,False,0.0,False
2013-06-03,2013-06-04,0,Overnight,0.0,False,62.09,62.09,-48.26,False,0.0,False
2013-06-04,2013-06-05,0,Overnight,0.0,False,-13.83,-13.83,-202.73,False,0.0,False
2013-06-05,2013-06-06,0,Overnight,0.0,False,0.0,0.0,63.36,False,0.0,False
2013-06-06,2013-06-07,0,Overnight,0.0,False,69.93,69.93,69.44,False,0.0,False
2013-06-07,2013-06-10,2,Weekend,48.0,False,-27.72,-27.72,20.8,False,0.0,False
2013-06-10,2013-06-11,0,Overnight,0.0,False,-132.45,-132.45,-56.3,False,0.0,False
2013-06-11,2013-06-12,0,Overnight,0.0,False,49.28,49.28,-134.33,False,0.0,False
2013-06-12,2013-06-13,0,Overnight,0.0,False,-35.65,-35.65,260.85,False,0.0,False
2013-06-13,2013-06-14,0,Overnight,0.0,False,34.73,34.73,-48.66,False,0.0,False
2013-06-14,2013-06-17,2,Weekend,48.0,False,76.36,76.36,20.73,False,0.0,False
2013-06-17,2013-06-18,0,Overnight,0.0,False,48.19,48.19,-110.5,False,0.0,False
2013-06-18,2013-06-19,0,Overnight,0.0,False,89.87,89.87,211.11,False,0.0,False
2013-06-19,2013-06-20,0,Overnight,0.0,False,-81.19,-81.19,-192.05,False,0.0,False
2013-06-20,2013-06-21,0,Overnight,0.0,False,55.25,55.25,-69.11,False,0.0,False
2013-06-21,2013-06-24,2,Weekend,48.0,False,-146.7,-146.7,-63.54,False,0.0,False
2013-06-24,2013-06-25,0,Overnight,0.0,False,105.67,105.67,-35.1,False,0.0,False
2013-06-25,2013-06-26,0,Overnight,0.0,False,111.89,111.89,-168.31,False,0.0,False
2013-06-26,2013-06-27,0,Overnight,0.0,False,28.25,28.25,-120.61,False,0.0,False
2013-06-27,2013-06-28,0,Overnight,0.0,False,0.0,0.0,21.39,False,0.0,False
2013-06-28,2013-07-01,2,Weekend,48.0,False,70.97,70.97,-28.33,False,0.0,False
2013-07-01,2013-07-02,0,Overnight,0.0,False,-56.9,-56.9,49.8,False,0.0,False
2013-07-02,2013-07-03,0,Overnight,0.0,False,-85.53,-85.53,113.88,False,0.0,False
2013-07-03,2013-07-05,1,Short,24.0,True,28.27,28.27,49.28,False,0.0,False
2013-07-05,2013-07-08,2,Weekend,48.0,False,28.05,28.05,-77.33,False,0.0,False
2013-07-08,2013-07-09,0,Overnight,0.0,False,21.15,21.15,28.13,False,0.0,False
2013-07-09,2013-07-10,0,Overnight,0.0,False,0.0,0.0,132.54,False,0.0,False
2013-07-10,2013-07-11,0,Overnight,0.0,False,55.29,55.29,82.36,False,0.0,False
2013-07-11,2013-07-12,0,Overnight,0.0,False,-20.53,-20.53,27.36,False,0.0,False
2013-07-12,2013-07-15,2,Weekend,48.0,False,20.47,20.47,-40.98,False,0.0,False
2013-07-15,2013-07-16,0,Overnight,0.0,False,40.98,40.98,13.62,False,0.0,False
2013-07-16,2013-07-17,0,Overnight,0.0,False,0.0,0.0,-54.61,False,0.0,False
2013-07-17,2013-07-18,0,Overnight,0.0,False,-13.7,-13.7,-27.45,False,0.0,False
2013-07-18,2013-07-19,0,Overnight,0.0,False,-62.05,-62.05,-153.31,False,0.0,False
2013-07-19,2013-07-22,2,Weekend,48.0,False,76.95,76.95,-83.98,False,0.0,False
2013-07-22,2013-07-23,0,Overnight,0.0,False,125.7,125.7,-139.76,False,0.0,False
2013-07-23,2013-07-24,0,Overnight,0.0,False,91.07,91.07,-91.07,False,0.0,False
2013-07-24,2013-07-25,0,Overnight,0.0,False,-7.04,-7.04,42.16,False,0.0,False
2013-07-25,2013-07-26,0,Overnight,0.0,False,-119.93,-119.93,77.77,False,0.0,False
2013-07-26,2013-07-29,2,Weekend,48.0,False,-21.15,-21.15,0.0,False,0.0,False
2013-07-29,2013-07-30,0,Overnight,0.0,False,35.22,35.22,132.73,False,0.0,False
2013-07-30,2013-07-31,0,Overnight,0.0,False,-48.7,-48.7,69.49,False,0.0,False
2013-07-31,2013-08-01,0,Overnight,0.0,False,34.57,34.57,102.99,False,0.0,False
2013-08-01,2013-08-02,0,Overnight,0.0,False,-20.51,-20.51,102.15,False,0.0,False
2013-08-02,2013-08-05,2,Weekend,48.0,False,-27.14,-27.14,74.45,False,0.0,False
2013-08-05,2013-08-06,0,Overnight,0.0,False,6.74,6.74,-156.2,False,0.0,False
2013-08-06,2013-08-07,0,Overnight,0.0,False,-54.91,-54.91,48.06,False,0.0,False
2013-08-07,2013-08-08,0,Overnight,0.0,False,54.64,54.64,13.61,False,0.0,False
2013-08-08,2013-08-09,0,Overnight,0.0,False,-402.55,-402.55,258.67,False,0.0,False
2013-08-09,2013-08-12,2,Weekend,48.0,False,-415.7,-415.7,332.54,False,0.0,False
2013-08-12,2013-08-13,0,Overnight,0.0,False,13.91,13.91,20.83,False,0.0,False
2013-08-13,2013-08-14,0,Overnight,0.0,False,-20.83,-20.83,435.15,False,0.0,False
2013-08-14,2013-08-15,0,Overnight,0.0,False,-107.02,-107.02,173.34,False,0.0,False
2013-08-15,2013-08-16,0,Overnight,0.0,False,-19.85,-19.85,59.43,False,0.0,False
2013-08-16,2013-08-19,2,Weekend,48.0,False,-59.43,-59.43,-99.83,False,0.0,False
2013-08-19,2013-08-20,0,Overnight,0.0,False,-53.66,-3.35,53.66,True,50.17,False
2013-08-20,2013-08-21,0,Overnight,0.0,False,-60.38,-60.38,13.45,False,0.0,False
2013-08-21,2013-08-22,0,Overnight,0.0,False,-6.72,-6.72,60.34,False,0.0,False
2013-08-22,2013-08-23,0,Overnight,0.0,False,13.36,13.36,-13.36,False,0.0,False
2013-08-23,2013-08-26,2,Weekend,48.0,False,6.68,6.68,13.35,False,0.0,False
2013-08-26,2013-08-27,0,Overnight,0.0,False,-93.83,-93.83,-33.73,False,0.0,False
2013-08-27,2013-08-28,0,Overnight,0.0,False,20.25,20.25,-20.25,False,0.0,False
2013-08-28,2013-08-29,0,Overnight,0.0,False,-33.84,-33.84,13.55,False,0.0,False
2013-08-29,2013-08-30,0,Overnight,0.0,False,6.77,6.77,-20.32,False,0.0,False
2013-08-30,2013-09-03,3,Long,72.0,False,27.08,27.08,-20.3,False,0.0,False
2013-09-03,2013-09-04,0,Overnight,0.0,False,0.0,0.0,94.4,False,0.0,False
2013-09-04,2013-09-05,0,Overnight,0.0,False,-40.35,-40.35,67.16,False,0.0,False
2013-09-05,2013-09-06,0,Overnight,0.0,False,6.69,6.69,-46.93,False,0.0,False
2013-09-06,2013-09-09,2,Weekend,48.0,False,80.32,80.32,86.29,False,0.0,False
2013-09-09,2013-09-10,0,Overnight,0.0,False,72.44,72.44,136.85,False,0.0,False
2013-09-10,2013-09-11,0,Overnight,0.0,False,-12.95,-12.95,179.84,False,0.0,False
2013-09-11,2013-09-12,0,Overnight,0.0,False,-51.05,-51.05,44.69,False,0.0,False
2013-09-12,2013-09-13,0,Overnight,0.0,False,31.8,31.8,31.7,False,0.0,False
2013-09-13,2013-09-16,2,Weekend,48.0,False,81.94,81.94,-75.61,False,0.0,False
2013-09-16,2013-09-17,0,Overnight,0.0,False,37.88,37.88,-6.3,False,0.0,False
2013-09-17,2013-09-18,0,Overnight,0.0,False,6.3,6.3,81.58,False,0.0,False
2013-09-18,2013-09-19,0,Overnight,0.0,False,43.65,43.65,-87.5,False,0.0,False
2013-09-19,2013-09-20,0,Overnight,0.0,False,25.08,25.08,-113.35,False,0.0,False
2013-09-20,2013-09-23,2,Weekend,48.0,False,-6.34,-6.34,-89.12,False,0.0,False
2013-09-23,2013-09-24,0,Overnight,0.0,False,6.39,6.39,31.9,False,0.0,False
2013-09-24,2013-09-25,0,Overnight,0.0,False,-19.13,-19.13,31.86,False,0.0,False
2013-09-25,2013-09-26,0,Overnight,0.0,False,25.41,25.41,-57.27,False,0.0,False
2013-09-26,2013-09-27,0,Overnight,0.0,False,-76.87,-76.87,19.27,False,0.0,False
2013-09-27,2013-09-30,2,Weekend,48.0,False,-103.23,-103.23,90.38,False,0.0,False
2013-09-30,2013-10-01,0,Overnight,0.0,False,12.85,12.85,-19.27,False,0.0,False
2013-10-01,2013-10-02,0,Overnight,0.0,False,-103.43,-103.43,96.99,False,0.0,False
2013-10-02,2013-10-03,0,Overnight,0.0,False,6.43,6.43,-109.93,False,0.0,False
2013-10-03,2013-10-04,0,Overnight,0.0,False,-13.01,-13.01,148.63,False,0.0,False
2013-10-04,2013-10-07,2,Weekend,48.0,False,-38.56,-38.56,38.56,False,0.0,False
2013-10-07,2013-10-08,0,Overnight,0.0,False,-25.69,-25.69,-58.05,False,0.0,False
2013-10-08,2013-10-09,0,Overnight,0.0,False,64.47,64.47,-220.93,False,0.0,False
2013-10-09,2013-10-10,0,Overnight,0.0,False,72.01,72.01,39.06,False,0.0,False
2013-10-10,2013-10-11,0,Overnight,0.0,False,-157.17,-157.17,72.34,False,0.0,False
2013-10-11,2013-10-14,2,Weekend,48.0,False,-26.25,-26.25,175.84,False,0.0,False
2013-10-14,2013-10-15,0,Overnight,0.0,False,0.0,0.0,-51.78,False,0.0,False
2013-10-15,2013-10-16,0,Overnight,0.0,False,58.23,58.23,64.31,False,0.0,False
2013-10-16,2013-10-17,0,Overnight,0.0,False,-77.22,-77.22,96.43,False,0.0,False
2013-10-17,2013-10-18,0,Overnight,0.0,False,-19.21,-19.21,133.72,False,0.0,False
2013-10-18,2013-10-21,2,Weekend,48.0,False,119.46,119.46,-94.19,False,0.0,False
2013-10-21,2013-10-22,0,Overnight,0.0,False,0.0,0.0,-50.6,False,0.0,False
2013-10-22,2013-10-23,0,Overnight,0.0,False,-19.04,-19.04,-153.65,False,0.0,False
2013-10-23,2013-10-24,0,Overnight,0.0,False,25.77,25.77,-96.99,False,0.0,False
2013-10-24,2013-10-25,0,Overnight,0.0,False,51.85,51.85,-149.79,False,0.0,False
2013-10-25,2013-10-28,2,Weekend,48.0,False,-13.13,-13.13,-6.57,False,0.0,False
2013-10-28,2013-10-29,0,Overnight,0.0,False,-13.16,-13.16,26.3,False,0.0,False
2013-10-29,2013-10-30,0,Overnight,0.0,False,32.78,32.78,-39.34,False,0.0,False
2013-10-30,2013-10-31,0,Overnight,0.0,False,13.13,13.13,-32.86,False,0.0,False
2013-10-31,2013-11-01,0,Overnight,0.0,False,52.53,52.53,-6.55,False,0.0,False
2013-11-01,2013-11-04,2,Weekend,49.0,False,32.71,32.71,-325.29,False,0.0,False
2013-11-04,2013-11-05,0,Overnight,0.0,False,-60.91,-60.91,47.41,False,0.0,False
2013-11-05,2013-11-06,0,Overnight,0.0,False,0.0,0.0,67.34,False,0.0,False
2013-11-06,2013-11-07,0,Overnight,0.0,False,-33.61,-33.61,-204.09,False,0.0,False
2013-11-07,2013-11-08,0,Overnight,0.0,False,304.59,304.59,366.53,False,0.0,False
2013-11-08,2013-11-11,2,Weekend,48.0,False,-38.63,-38.63,121.84,False,0.0,False
2013-11-11,2013-11-12,0,Overnight,0.0,False,44.52,44.52,-25.41,False,0.0,False
2013-11-12,2013-11-13,0,Overnight,0.0,False,-25.48,-25.48,295.34,False,0.0,False
2013-11-13,2013-11-14,0,Overnight,0.0,False,-31.01,-31.01,74.26,False,0.0,False
2013-11-14,2013-11-15,0,Overnight,0.0,False,36.92,36.92,-67.8,False,0.0,False
2013-11-15,2013-11-18,2,Weekend,48.0,False,-218.83,-218.83,-25.32,False,0.0,False
2013-11-18,2013-11-19,0,Overnight,0.0,False,-101.91,-47.64,-115.91,True,53.87,False
2013-11-19,2013-11-20,0,Overnight,0.0,False,6.47,6.47,-156.56,False,0.0,False
2013-11-20,2013-11-21,0,Overnight,0.0,False,13.14,13.14,65.45,False,0.0,False
2013-11-21,2013-11-22,0,Overnight,0.0,False,13.04,13.04,-111.37,False,0.0,False
2013-11-22,2013-11-25,2,Weekend,48.0,False,0.0,0.0,215.06,False,0.0,False
2013-11-25,2013-11-26,0,Overnight,0.0,False,109.01,109.01,-25.54,False,0.0,False
2013-11-26,2013-11-27,0,Overnight,0.0,False,-6.4,-6.4,44.69,False,0.0,False
2013-11-27,2013-11-29,1,Short,24.0,False,0.0,0.0,-63.9,False,0.0,False
2013-11-29,2013-12-02,2,Weekend,48.0,True,-38.54,-38.54,134.23,False,0.0,False
2013-12-02,2013-12-03,0,Overnight,0.0,False,0.0,0.0,-6.35,False,0.0,False
2013-12-03,2013-12-04,0,Overnight,0.0,False,-25.45,-25.45,164.25,False,0.0,False
2013-12-04,2013-12-05,0,Overnight,0.0,False,18.78,18.78,-183.03,False,0.0,False
2013-12-05,2013-12-06,0,Overnight,0.0,False,120.29,120.29,-267.87,False,0.0,False
2013-12-06,2013-12-09,2,Weekend,48.0,False,0.0,0.0,-169.5,False,0.0,False
2013-12-09,2013-12-10,0,Overnight,0.0,False,0.0,0.0,227.5,False,0.0,False
2013-12-10,2013-12-11,0,Overnight,0.0,False,19.26,19.26,-116.13,False,0.0,False
2013-12-11,2013-12-12,0,Overnight,0.0,False,-32.5,-32.5,-164.1,False,0.0,False
2013-12-12,2013-12-13,0,Overnight,0.0,False,19.83,19.83,-79.58,False,0.0,False
2013-12-13,2013-12-16,2,Weekend,48.0,False,6.66,6.66,6.65,False,0.0,False
2013-12-16,2013-12-17,0,Overnight,0.0,False,-6.65,-6.65,53.09,False,0.0,False
2013-12-17,2013-12-18,0,Overnight,0.0,False,19.83,19.83,118.19,False,0.0,False
2013-12-18,2013-12-19,0,Overnight,0.0,False,-13.06,-13.06,52.15,False,0.0,False
2013-12-19,2013-12-20,0,Overnight,0.0,False,19.49,19.49,180.07,False,0.0,False
2013-12-20,2013-12-23,2,Weekend,48.0,False,57.2,57.2,0.0,False,0.0,False
2013-12-23,2013-12-24,0,Overnight,0.0,False,56.87,56.87,-31.56,False,0.0,False
2013-12-24,2013-12-26,1,Short,24.0,True,37.85,37.85,-133.12,False,0.0,False
2013-12-26,2013-12-27,0,Overnight,0.0,False,50.92,50.92,6.35,False,0.0,False
2013-12-27,2013-12-30,2,Weekend,48.0,False,6.34,6.34,126.03,False,0.0,False
2013-12-30,2013-12-31,0,Overnight,0.0,False,18.77,18.77,12.49,False,0.0,False
2013-12-31,2014-01-02,1,Short,24.0,False,-62.62,-62.62,-37.76,False,0.0,False
2014-01-02,2014-01-03,0,Overnight,0.0,False,18.9,18.9,-139.42,False,0.0,False
2014-01-03,2014-01-06,2,Weekend,48.0,False,101.59,101.59,31.54,False,0.0,False
2014-01-06,2014-01-07,0,Overnight,0.0,False,100.25,100.25,62.15,False,0.0,False
2014-01-07,2014-01-08,0,Overnight,0.0,False,37.11,37.11,98.28,False,0.0,False
2014-01-08,2014-01-09,0,Overnight,0.0,False,-153.99,-153.99,-226.0,False,0.0,False
2014-01-09,2014-01-10,0,Overnight,0.0,False,31.7,31.7,-44.4,False,0.0,False
2014-01-10,2014-01-13,2,Weekend,48.0,False,0.0,0.0,-238.03,False,0.0,False
2014-01-13,2014-01-14,0,Overnight,0.0,False,51.95,51.95,255.77,False,0.0,False
2014-01-14,2014-01-15,0,Overnight,0.0,False,44.09,44.09,62.66,False,0.0,False
2014-01-15,2014-01-16,0,Overnight,0.0,False,0.0,0.0,31.18,False,0.0,False
2014-01-16,2014-01-17,0,Overnight,0.0,False,0.0,0.0,-43.68,False,0.0,False
2014-01-17,2014-01-21,3,Long,72.0,False,12.5,12.5,24.95,False,0.0,False
2014-01-21,2014-01-22,0,Overnight,0.0,False,18.67,18.67,-31.14,False,0.0,False
2014-01-22,2014-01-23,0,Overnight,0.0,False,-31.24,-31.24,-6.26,False,0.0,False
2014-01-23,2014-01-24,0,Overnight,0.0,False,-81.74,-81.74,-178.35,False,0.0,False
2014-01-24,2014-01-27,2,Weekend,48.0,False,0.0,0.0,-64.47,False,0.0,False
2014-01-27,2014-01-28,0,Overnight,0.0,False,-19.42,-19.42,115.98,False,0.0,False
2014-01-28,2014-01-29,0,Overnight,0.0,False,-38.51,-38.51,-58.05,False,0.0,False
2014-01-29,2014-01-30,0,Overnight,0.0,False,58.05,58.05,108.73,False,0.0,False
2014-01-30,2014-01-31,0,Overnight,0.0,False,-140.94,-140.94,128.21,False,0.0,False
2014-01-31,2014-02-03,2,Weekend,48.0,False,69.82,69.82,-204.48,False,0.0,False
2014-02-03,2014-02-04,0,Overnight,0.0,False,-6.46,-6.46,64.39,False,0.0,False
2014-02-04,2014-02-05,0,Overnight,0.0,False,-70.85,-70.85,-19.41,False,0.0,False
2014-02-05,2014-02-06,0,Overnight,0.0,False,12.94,12.94,115.76,False,0.0,False
2014-02-06,2014-02-07,0,Overnight,0.0,False,25.54,25.54,120.45,False,0.0,False
2014-02-07,2014-02-10,2,Weekend,48.0,False,-12.61,-12.61,44.07,False,0.0,False
2014-02-10,2014-02-11,0,Overnight,0.0,False,56.37,56.37,148.79,False,0.0,False
2014-02-11,2014-02-12,0,Overnight,0.0,False,30.72,30.72,319.98,False,0.0,False
2014-02-12,2014-02-13,0,Overnight,0.0,False,246.49,246.49,63.57,False,0.0,False
2014-02-13,2014-02-14,0,Overnight,0.0,False,-92.59,-92.59,404.5,False,0.0,False
2014-02-14,2014-02-18,3,Long,72.0,False,5.58,5.58,-11.17,False,0.0,False
2014-02-18,2014-02-19,0,Overnight,0.0,False,0.0,0.0,133.19,False,0.0,False
2014-02-19,2014-02-20,0,Overnight,0.0,False,22.03,22.03,324.7,False,0.0,False
2014-02-20,2014-02-21,0,Overnight,0.0,False,-15.99,-15.99,-58.84,False,0.0,False
2014-02-21,2014-02-24,2,Weekend,48.0,False,-21.48,-21.48,165.29,False,0.0,False
2014-02-24,2014-02-25,0,Overnight,0.0,False,-58.34,-13.23,-31.97,True,44.95,False
2014-02-25,2014-02-26,0,Overnight,0.0,False,-21.37,-21.37,5.35,False,0.0,False
2014-02-26,2014-02-27,0,Overnight,0.0,False,0.0,0.0,-112.87,False,0.0,False
2014-02-27,2014-02-28,0,Overnight,0.0,False,-54.2,-54.2,-10.88,False,0.0,False
2014-02-28,2014-03-03,2,Weekend,48.0,False,-225.59,-225.59,176.51,False,0.0,False
2014-03-03,2014-03-04,0,Overnight,0.0,False,49.09,49.09,54.26,False,0.0,False
2014-03-04,2014-03-05,0,Overnight,0.0,False,-10.83,-10.83,97.04,False,0.0,False
2014-03-05,2014-03-06,0,Overnight,0.0,False,16.08,16.08,-156.55,False,0.0,False
2014-03-06,2014-03-07,0,Overnight,0.0,False,43.43,43.43,-54.32,False,0.0,False
2014-03-07,2014-03-10,2,Weekend,47.0,False,-32.73,-32.73,-115.42,False,0.0,False
2014-03-10,2014-03-11,0,Overnight,0.0,False,49.63,49.63,49.38,False,0.0,False
2014-03-11,2014-03-12,0,Overnight,0.0,False,-49.38,-49.38,76.71,False,0.0,False
2014-03-12,2014-03-13,0,Overnight,0.0,False,21.81,21.81,-343.52,False,0.0,False
2014-03-13,2014-03-14,0,Overnight,0.0,False,-101.98,-101.98,146.98,False,0.0,False
2014-03-14,2014-03-17,2,Weekend,48.0,False,28.02,28.02,-28.02,False,0.0,False
2014-03-17,2014-03-18,0,Overnight,0.0,False,39.2,39.2,193.75,False,0.0,False
2014-03-18,2014-03-19,0,Overnight,0.0,False,76.46,76.46,97.46,False,0.0,False
2014-03-19,2014-03-20,0,Overnight,0.0,False,-54.02,-54.02,59.41,False,0.0,False
2014-03-20,2014-03-21,0,Overnight,0.0,False,85.79,85.79,-101.96,False,0.0,False
2014-03-21,2014-03-24,2,Weekend,48.0,False,5.39,5.39,-54.05,False,0.0,False
2014-03-24,2014-03-25,0,Overnight,0.0,False,107.82,107.82,-107.82,False,0.0,False
2014-03-25,2014-03-26,0,Overnight,0.0,False,91.72,91.72,-321.99,False,0.0,False
2014-03-26,2014-03-27,0,Overnight,0.0,False,-22.21,-22.21,-111.8,False,0.0,False
2014-03-27,2014-03-28,0,Overnight,0.0,False,-16.88,-16.88,78.52,False,0.0,False
2014-03-28,2014-03-31,2,Weekend,48.0,False,16.75,16.75,-11.16,False,0.0,False
2014-03-31,2014-04-01,0,Overnight,0.0,False,313.3,313.3,91.57,False,0.0,False
2014-04-01,2014-04-02,0,Overnight,0.0,False,0.0,0.0,-64.55,False,0.0,False
2014-04-02,2014-04-03,0,Overnight,0.0,False,21.56,21.56,85.79,False,0.0,False
2014-04-03,2014-04-04,0,Overnight,0.0,False,53.25,53.25,-367.81,False,0.0,False
2014-04-04,2014-04-07,2,Weekend,48.0,False,5.51,5.51,27.5,False,0.0,False
2014-04-07,2014-04-08,0,Overnight,0.0,False,0.0,0.0,350.72,False,0.0,False
2014-04-08,2014-04-09,0,Overnight,0.0,False,47.61,47.61,-58.22,False,0.0,False
2014-04-09,2014-04-10,0,Overnight,0.0,False,-42.55,-42.55,-204.64,False,0.0,False
2014-04-10,2014-04-11,0,Overnight,0.0,False,-76.46,-76.46,-66.01,False,0.0,False
2014-04-11,2014-04-14,2,Weekend,48.0,False,66.01,66.01,43.76,False,0.0,False
2014-04-14,2014-04-15,0,Overnight,0.0,False,10.91,10.91,59.8,False,0.0,False
2014-04-15,2014-04-16,0,Overnight,0.0,False,48.66,48.66,-27.01,False,0.0,False
2014-04-16,2014-04-17,0,Overnight,0.0,False,-37.93,-37.93,75.72,False,0.0,False
2014-04-17,2014-04-21,3,Long,72.0,False,5.39,5.39,75.11,False,0.0,False
2014-04-21,2014-04-22,0,Overnight,0.0,False,16.02,16.02,69.13,False,0.0,False
2014-04-22,2014-04-23,0,Overnight,0.0,False,15.89,15.89,100.03,False,0.0,False
2014-04-23,2014-04-24,0,Overnight,0.0,False,67.87,67.87,20.79,False,0.0,False
2014-04-24,2014-04-25,0,Overnight,0.0,False,-20.79,-20.79,-258.25,False,0.0,False
2014-04-25,2014-04-28,2,Weekend,48.0,False,79.77,79.77,-122.57,False,0.0,False
2014-04-28,2014-04-29,0,Overnight,0.0,False,37.46,37.46,-16.04,False,0.0,False
2014-04-29,2014-04-30,0,Overnight,0.0,False,-16.06,-16.06,-102.34,False,0.0,False
2014-04-30,2014-05-01,0,Overnight,0.0,False,150.46,150.46,-96.46,False,0.0,False
2014-05-01,2014-05-02,0,Overnight,0.0,False,48.35,48.35,-124.02,False,0.0,False
2014-05-02,2014-05-05,2,Weekend,48.0,False,-10.86,-10.86,118.79,False,0.0,False
2014-05-05,2014-05-06,0,Overnight,0.0,False,96.15,96.15,-302.24,False,0.0,False
2014-05-06,2014-05-07,0,Overnight,0.0,False,0.0,0.0,10.95,False,0.0,False
2014-05-07,2014-05-08,0,Overnight,0.0,False,-38.39,-38.39,163.49,False,0.0,False
2014-05-08,2014-05-09,0,Overnight,0.0,False,-307.38,-307.38,61.13,False,0.0,False
2014-05-09,2014-05-12,2,Weekend,48.0,False,22.14,22.14,267.26,False,0.0,False
2014-05-12,2014-05-13,0,Overnight,0.0,False,-135.47,-135.47,-27.31,False,0.0,False
2014-05-13,2014-05-14,0,Overnight,0.0,False,5.47,5.47,-104.43,False,0.0,False
2014-05-14,2014-05-15,0,Overnight,0.0,False,-22.12,-22.12,-33.28,False,0.0,False
2014-05-15,2014-05-16,0,Overnight,0.0,False,-78.08,-78.08,55.83,False,0.0,False
2014-05-16,2014-05-19,2,Weekend,48.0,False,105.23,105.23,212.6,False,0.0,False
2014-05-19,2014-05-20,0,Overnight,0.0,False,-43.24,2.7,-119.89,True,45.85,False
2014-05-20,2014-05-21,0,Overnight,0.0,False,38.3,38.3,-38.3,False,0.0,False
2014-05-21,2014-05-22,0,Overnight,0.0,False,-21.95,-21.95,65.72,False,0.0,False
2014-05-22,2014-05-23,0,Overnight,0.0,False,54.44,54.44,37.93,False,0.0,False
2014-05-23,2014-05-27,3,Long,72.0,False,59.32,59.32,117.59,False,0.0,False
2014-05-27,2014-05-28,0,Overnight,0.0,False,37.13,37.13,47.53,False,0.0,False
2014-05-28,2014-05-29,0,Overnight,0.0,False,-5.27,-5.27,-10.55,False,0.0,False
2014-05-29,2014-05-30,0,Overnight,0.0,False,0.0,0.0,26.35,False,0.0,False
2014-05-30,2014-06-02,2,Weekend,48.0,False,31.53,31.53,-63.16,False,0.0,False
2014-06-02,2014-06-03,0,Overnight,0.0,False,21.1,21.1,-63.43,False,0.0,False
2014-06-03,2014-06-04,0,Overnight,0.0,False,-26.55,-26.55,37.15,False,0.0,False
2014-06-04,2014-06-05,0,Overnight,0.0,False,15.88,15.88,26.41,False,0.0,False
2014-06-05,2014-06-06,0,Overnight,0.0,False,47.36,47.36,-10.5,False,0.0,False
2014-06-06,2014-06-09,2,Weekend,48.0,False,-10.52,-10.52,21.02,False,0.0,False
2014-06-09,2014-06-10,0,Overnight,0.0,False,-36.81,-36.81,89.17,False,0.0,False
2014-06-10,2014-06-11,0,Overnight,0.0,False,-36.62,-36.62,166.32,False,0.0,False
2014-06-11,2014-06-12,0,Overnight,0.0,False,0.0,0.0,61.67,False,0.0,False
2014-06-12,2014-06-13,0,Overnight,0.0,False,101.94,101.94,-91.7,False,0.0,False
2014-06-13,2014-06-16,2,Weekend,48.0,False,-46.17,-46.17,15.41,False,0.0,False
2014-06-16,2014-06-17,0,Overnight,0.0,False,10.26,10.26,56.25,False,0.0,False
2014-06-17,2014-06-18,0,Overnight,0.0,False,-25.53,-25.53,15.33,False,0.0,False
2014-06-18,2014-06-19,0,Overnight,0.0,False,-185.48,-185.48,-46.91,False,0.0,False
2014-06-19,2014-06-20,0,Overnight,0.0,False,26.09,26.09,-136.41,False,0.0,False
2014-06-20,2014-06-23,2,Weekend,48.0,False,-132.95,-132.95,16.05,False,0.0,False
2014-06-23,2014-06-24,0,Overnight,0.0,False,-16.05,-16.05,-140.16,False,0.0,False
2014-06-24,2014-06-25,0,Overnight,0.0,False,27.11,27.11,75.51,False,0.0,False
2014-06-25,2014-06-26,0,Overnight,0.0,False,0.0,0.0,-135.25,False,0.0,False
2014-06-26,2014-06-27,0,Overnight,0.0,False,-10.9,-10.9,21.79,False,0.0,False
2014-06-27,2014-06-30,2,Weekend,48.0,False,-38.16,-38.16,124.83,False,0.0,False
2014-06-30,2014-07-01,0,Overnight,0.0,False,-10.79,-10.79,123.43,False,0.0,False
2014-07-01,2014-07-02,0,Overnight,0.0,False,-37.4,-37.4,0.0,False,0.0,False
2014-07-02,2014-07-03,0,Overnight,0.0,False,-91.42,-91.42,182.02,False,0.0,False
2014-07-03,2014-07-07,3,Long,72.0,True,15.9,15.9,-95.8,False,0.0,False
2014-07-07,2014-07-08,0,Overnight,0.0,False,-26.77,-26.77,-53.76,False,0.0,False
2014-07-08,2014-07-09,0,Overnight,0.0,False,85.88,85.88,211.54,False,0.0,False
2014-07-09,2014-07-10,0,Overnight,0.0,False,-190.18,-190.18,137.71,False,0.0,False
2014-07-10,2014-07-11,0,Overnight,0.0,False,10.52,10.52,10.5,False,0.0,False
2014-07-11,2014-07-14,2,Weekend,48.0,False,41.91,41.91,83.29,False,0.0,False
2014-07-14,2014-07-15,0,Overnight,0.0,False,15.54,15.54,25.85,False,0.0,False
2014-07-15,2014-07-16,0,Overnight,0.0,False,41.22,41.22,-51.55,False,0.0,False
2014-07-16,2014-07-17,0,Overnight,0.0,False,-114.35,-114.35,88.47,False,0.0,False
2014-07-17,2014-07-18,0,Overnight,0.0,False,-209.43,-209.43,-246.4,False,0.0,False
2014-07-18,2014-07-21,2,Weekend,48.0,False,-38.03,-38.03,97.51,False,0.0,False
2014-07-21,2014-07-22,0,Overnight,0.0,False,75.19,75.19,-118.41,False,0.0,False
2014-07-22,2014-07-23,0,Overnight,0.0,False,5.41,5.41,-218.83,False,0.0,False
2014-07-23,2014-07-24,0,Overnight,0.0,False,55.16,55.16,-38.58,False,0.0,False
2014-07-24,2014-07-25,0,Overnight,0.0,False,-33.19,-33.19,-145.09,False,0.0,False
2014-07-25,2014-07-28,2,Weekend,48.0,False,44.87,44.87,-84.29,False,0.0,False
2014-07-28,2014-07-29,0,Overnight,0.0,False,5.64,5.64,28.16,False,0.0,False
2014-07-29,2014-07-30,0,Overnight,0.0,False,61.68,61.68,105.64,False,0.0,False
2014-07-30,2014-07-31,0,Overnight,0.0,False,-122.43,-122.43,-203.63,False,0.0,False
2014-07-31,2014-08-01,0,Overnight,0.0,False,0.0,0.0,107.99,False,0.0,False
2014-08-01,2014-08-04,2,Weekend,48.0,False,-11.31,-11.31,-11.33,False,0.0,False
2014-08-04,2014-08-05,0,Overnight,0.0,False,-28.37,-28.37,34.03,False,0.0,False
2014-08-05,2014-08-06,0,Overnight,0.0,False,-68.18,-68.18,56.85,False,0.0,False
2014-08-06,2014-08-07,0,Overnight,0.0,False,84.67,84.67,-187.24,False,0.0,False
2014-08-07,2014-08-08,0,Overnight,0.0,False,426.07,426.07,419.19,False,0.0,False
2014-08-08,2014-08-11,2,Weekend,48.0,False,10.52,10.52,-63.29,False,0.0,False
2014-08-11,2014-08-12,0,Overnight,0.0,False,-5.29,-5.29,5.29,False,0.0,False
2014-08-12,2014-08-13,0,Overnight,0.0,False,15.86,15.86,42.17,False,0.0,False
2014-08-13,2014-08-14,0,Overnight,0.0,False,36.76,36.76,-147.84,False,0.0,False
2014-08-14,2014-08-15,0,Overnight,0.0,False,31.86,31.86,94.99,False,0.0,False
2014-08-15,2014-08-18,2,Weekend,48.0,False,41.93,41.93,93.7,False,0.0,False
2014-08-18,2014-08-19,0,Overnight,0.0,False,-41.54,2.59,77.74,True,44.04,False
2014-08-19,2014-08-20,0,Overnight,0.0,False,-36.2,-36.2,-25.94,False,0.0,False
2014-08-20,2014-08-21,0,Overnight,0.0,False,-26.01,-26.01,-67.94,False,0.0,False
2014-08-21,2014-08-22,0,Overnight,0.0,False,-10.49,-10.49,15.74,False,0.0,False
2014-08-22,2014-08-25,2,Weekend,48.0,False,41.84,41.84,-26.13,False,0.0,False
2014-08-25,2014-08-26,0,Overnight,0.0,False,26.13,26.13,150.22,False,0.0,False
2014-08-26,2014-08-27,0,Overnight,0.0,False,-61.89,-61.89,-51.87,False,0.0,False
2014-08-27,2014-08-28,0,Overnight,0.0,False,-20.82,-20.82,103.68,False,0.0,False
2014-08-28,2014-08-29,0,Overnight,0.0,False,36.04,36.04,-5.14,False,0.0,False
2014-08-29,2014-09-02,3,Long,72.0,False,25.67,25.67,0.0,False,0.0,False
2014-09-02,2014-09-03,0,Overnight,0.0,False,51.15,51.15,40.73,False,0.0,False
2014-09-03,2014-09-04,0,Overnight,0.0,False,-15.26,-15.26,191.54,False,0.0,False
2014-09-04,2014-09-05,0,Overnight,0.0,False,-9.99,-9.99,-20.01,False,0.0,False
2014-09-05,2014-09-08,2,Weekend,48.0,False,-10.02,-10.02,-80.52,False,0.0,False
2014-09-08,2014-09-09,0,Overnight,0.0,False,-45.58,-45.58,-81.55,False,0.0,False
2014-09-09,2014-09-10,0,Overnight,0.0,False,56.14,56.14,-20.38,False,0.0,False
2014-09-10,2014-09-11,0,Overnight,0.0,False,-71.65,-71.65,-30.86,False,0.0,False
2014-09-11,2014-09-12,0,Overnight,0.0,False,61.63,61.63,-212.17,False,0.0,False
2014-09-12,2014-09-15,2,Weekend,48.0,False,31.33,31.33,-168.25,False,0.0,False
2014-09-15,2014-09-16,0,Overnight,0.0,False,-26.55,-26.55,173.92,False,0.0,False
2014-09-16,2014-09-17,0,Overnight,0.0,False,-26.16,-26.16,31.38,False,0.0,False
2014-09-17,2014-09-18,0,Overnight,0.0,False,62.47,62.47,87.83,False,0.0,False
2014-09-18,2014-09-19,0,Overnight,0.0,False,30.82,30.82,-217.74,False,0.0,False
2014-09-19,2014-09-22,2,Weekend,48.0,False,202.34,202.34,-302.42,False,0.0,False
2014-09-22,2014-09-23,0,Overnight,0.0,False,-53.08,-53.08,10.64,False,0.0,False
2014-09-23,2014-09-24,0,Overnight,0.0,False,-5.32,-5.32,63.63,False,0.0,False
2014-09-24,2014-09-25,0,Overnight,0.0,False,-10.58,-10.58,-208.51,False,0.0,False
2014-09-25,2014-09-26,0,Overnight,0.0,False,32.36,32.36,-10.78,False,0.0,False
2014-09-26,2014-09-29,2,Weekend,48.0,False,-81.19,-81.19,65.01,False,0.0,False
2014-09-29,2014-09-30,0,Overnight,0.0,False,-43.29,-43.29,5.42,False,0.0,False
2014-09-30,2014-10-01,0,Overnight,0.0,False,16.25,16.25,-114.29,False,0.0,False
2014-10-01,2014-10-02,0,Overnight,0.0,False,-16.43,-16.43,-27.45,False,0.0,False
2014-10-02,2014-10-03,0,Overnight,0.0,False,60.29,60.29,-38.32,False,0.0,False
2014-10-03,2014-10-06,2,Weekend,48.0,False,38.32,38.32,-98.85,False,0.0,False
2014-10-06,2014-10-07,0,Overnight,0.0,False,-44.25,-44.25,-61.16,False,0.0,False
2014-10-07,2014-10-08,0,Overnight,0.0,False,-11.16,-11.16,193.54,False,0.0,False
2014-10-08,2014-10-09,0,Overnight,0.0,False,-43.91,-43.91,-149.63,False,0.0,False
2014-10-09,2014-10-10,0,Overnight,0.0,False,-78.48,-78.48,-531.61,False,0.0,False
2014-10-10,2014-10-13,2,Weekend,48.0,False,65.07,65.07,-100.74,False,0.0,False
2014-10-13,2014-10-14,0,Overnight,0.0,False,136.06,136.06,93.57,False,0.0,False
2014-10-14,2014-10-15,0,Overnight,0.0,False,-146.59,-146.59,296.79,False,0.0,False
2014-10-15,2014-10-16,0,Overnight,0.0,False,-179.35,-179.35,185.08,False,0.0,False
2014-10-16,2014-10-17,0,Overnight,0.0,False,119.63,119.63,-136.83,False,0.0,False
2014-10-17,2014-10-20,2,Weekend,48.0,False,0.0,0.0,85.74,False,0.0,False
2014-10-20,2014-10-21,0,Overnight,0.0,False,73.72,73.72,344.29,False,0.0,False
2014-10-21,2014-10-22,0,Overnight,0.0,False,-16.39,-16.39,-221.13,False,0.0,False
2014-10-22,2014-10-23,0,Overnight,0.0,False,171.8,171.8,49.33,False,0.0,False
2014-10-23,2014-10-24,0,Overnight,0.0,False,59.96,59.96,43.38,False,0.0,False
2014-10-24,2014-10-27,2,Weekend,48.0,False,-5.41,-5.41,10.82,False,0.0,False
2014-10-27,2014-10-28,0,Overnight,0.0,False,-27.08,-27.08,262.26,False,0.0,False
2014-10-28,2014-10-29,0,Overnight,0.0,False,-42.35,-42.35,-21.24,False,0.0,False
2014-10-29,2014-10-30,0,Overnight,0.0,False,-26.62,-26.62,-37.38,False,0.0,False
2014-10-30,2014-10-31,0,Overnight,0.0,False,227.46,227.46,217.29,False,0.0,False
2014-10-31,2014-11-03,2,Weekend,49.0,False,227.69,227.69,-60.21,False,0.0,False
2014-11-03,2014-11-04,0,Overnight,0.0,False,65.21,65.21,64.79,False,0.0,False
2014-11-04,2014-11-05,0,Overnight,0.0,False,59.44,59.44,-59.44,False,0.0,False
2014-11-05,2014-11-06,0,Overnight,0.0,False,19.85,19.85,24.76,False,0.0,False
2014-11-06,2014-11-07,0,Overnight,0.0,False,113.11,113.11,-328.06,False,0.0,False
2014-11-07,2014-11-10,2,Weekend,48.0,False,-10.11,-10.11,125.66,False,0.0,False
2014-11-10,2014-11-11,0,Overnight,0.0,False,-60.12,-60.12,-60.48,False,0.0,False
2014-11-11,2014-11-12,0,Overnight,0.0,False,-35.45,-35.45,-30.49,False,0.0,False
2014-11-12,2014-11-13,0,Overnight,0.0,False,35.56,35.56,-86.58,False,0.0,False
2014-11-13,2014-11-14,0,Overnight,0.0,False,10.22,10.22,111.79,False,0.0,False
2014-11-14,2014-11-17,2,Weekend,48.0,False,-45.58,-45.58,0.0,False,0.0,False
2014-11-17,2014-11-18,0,Overnight,0.0,False,5.07,5.07,230.7,False,0.0,False
2014-11-18,2014-11-19,0,Overnight,0.0,False,-34.77,7.43,-44.88,True,42.14,False
2014-11-19,2014-11-20,0,Overnight,0.0,False,-70.21,-70.21,233.78,False,0.0,False
2014-11-20,2014-11-21,0,Overnight,0.0,False,88.11,88.11,-34.17,False,0.0,False
2014-11-21,2014-11-24,2,Weekend,48.0,False,24.42,24.42,38.95,False,0.0,False
2014-11-24,2014-11-25,0,Overnight,0.0,False,-19.46,-19.46,14.59,False,0.0,False
2014-11-25,2014-11-26,0,Overnight,0.0,False,-58.51,-58.51,227.23,False,0.0,False
2014-11-26,2014-11-28,1,Short,24.0,False,33.4,33.4,-9.53,False,0.0,False
2014-11-28,2014-12-01,2,Weekend,48.0,True,-43.01,-43.01,-144.72,False,0.0,False
2014-12-01,2014-12-02,0,Overnight,0.0,False,-9.72,-9.72,24.29,False,0.0,False
2014-12-02,2014-12-03,0,Overnight,0.0,False,48.4,48.4,205.5,False,0.0,False
2014-12-03,2014-12-04,0,Overnight,0.0,False,-14.2,-14.2,-76.08,False,0.0,False
2014-12-04,2014-12-05,0,Overnight,0.0,False,4.77,4.77,52.34,False,0.0,False
2014-12-05,2014-12-08,2,Weekend,48.0,False,-14.25,-14.25,-114.72,False,0.0,False
2014-12-08,2014-12-09,0,Overnight,0.0,False,-62.7,-62.7,28.99,False,0.0,False
2014-12-09,2014-12-10,0,Overnight,0.0,False,-28.99,-28.99,-195.41,False,0.0,False
2014-12-10,2014-12-11,0,Overnight,0.0,False,59.03,59.03,-63.96,False,0.0,False
2014-12-11,2014-12-12,0,Overnight,0.0,False,-134.16,-134.16,-181.73,False,0.0,False
2014-12-12,2014-12-15,2,Weekend,48.0,False,116.49,116.49,-147.1,False,0.0,False
2014-12-15,2014-12-16,0,Overnight,0.0,False,-10.22,-10.22,-102.83,False,0.0,False
2014-12-16,2014-12-17,0,Overnight,0.0,False,199.55,199.55,200.61,False,0.0,False
2014-12-17,2014-12-18,0,Overnight,0.0,False,123.37,123.37,-83.72,False,0.0,False
2014-12-18,2014-12-19,0,Overnight,0.0,False,69.0,69.0,29.43,False,0.0,False
2014-12-19,2014-12-22,2,Weekend,48.0,False,-9.8,-9.8,184.56,False,0.0,False
2014-12-22,2014-12-23,0,Overnight,0.0,False,76.7,76.7,-139.46,False,0.0,False
2014-12-23,2014-12-24,0,Overnight,0.0,False,24.18,24.18,-63.0,False,0.0,False
2014-12-24,2014-12-26,1,Short,24.0,True,0.0,0.0,9.72,False,0.0,False
2014-12-26,2014-12-29,2,Weekend,48.0,False,-29.18,-29.18,14.6,False,0.0,False
2014-12-29,2014-12-30,0,Overnight,0.0,False,-68.33,-68.33,-24.52,False,0.0,False
2014-12-30,2014-12-31,0,Overnight,0.0,False,14.72,14.72,-173.06,False,0.0,False
2014-12-31,2015-01-02,1,Short,24.0,False,39.82,39.82,0.0,False,0.0,False
2015-01-02,2015-01-05,2,Weekend,48.0,False,0.0,0.0,-170.34,False,0.0,False
2015-01-05,2015-01-06,0,Overnight,0.0,False,15.15,15.15,-323.02,False,0.0,False
2015-01-06,2015-01-07,0,Overnight,0.0,False,72.69,72.69,-98.78,False,0.0,False
2015-01-07,2015-01-08,0,Overnight,0.0,False,114.29,114.29,254.99,False,0.0,False
2015-01-08,2015-01-09,0,Overnight,0.0,False,35.18,35.18,5.02,False,0.0,False
2015-01-09,2015-01-12,2,Weekend,48.0,False,25.04,25.04,-151.21,False,0.0,False
2015-01-12,2015-01-13,0,Overnight,0.0,False,75.89,75.89,-91.14,False,0.0,False
2015-01-13,2015-01-14,0,Overnight,0.0,False,-107.39,-107.39,148.0,False,0.0,False
2015-01-14,2015-01-15,0,Overnight,0.0,False,70.67,70.67,-141.85,False,0.0,False
2015-01-15,2015-01-16,0,Overnight,0.0,False,-15.32,-15.32,197.32,False,0.0,False
2015-01-16,2015-01-20,3,Long,72.0,False,69.9,69.9,-39.88,False,0.0,False
2015-01-20,2015-01-21,0,Overnight,0.0,False,-55.1,-55.1,193.99,False,0.0,False
2015-01-21,2015-01-22,0,Overnight,0.0,False,19.69,19.69,151.26,False,0.0,False
2015-01-22,2015-01-23,0,Overnight,0.0,False,9.68,9.68,19.33,False,0.0,False
2015-01-23,2015-01-26,2,Weekend,48.0,False,-43.55,-43.55,0.0,False,0.0,False
2015-01-26,2015-01-27,0,Overnight,0.0,False,-156.41,-156.41,-335.62,False,0.0,False
2015-01-27,2015-01-28,0,Overnight,0.0,False,121.52,121.52,-285.88,False,0.0,False
2015-01-28,2015-01-29,0,Overnight,0.0,False,5.18,5.18,235.3,False,0.0,False
2015-01-29,2015-01-30,0,Overnight,0.0,False,-71.03,-71.03,-226.58,False,0.0,False
2015-01-30,2015-02-02,2,Weekend,48.0,False,62.31,62.31,154.09,False,0.0,False
2015-02-02,2015-02-03,0,Overnight,0.0,False,71.1,71.1,175.58,False,0.0,False
2015-02-03,2015-02-04,0,Overnight,0.0,False,-29.88,-29.88,54.71,False,0.0,False
2015-02-04,2015-02-05,0,Overnight,0.0,False,9.92,9.92,152.45,False,0.0,False
2015-02-05,2015-02-06,0,Overnight,0.0,False,-9.77,-9.77,-34.25,False,0.0,False
2015-02-06,2015-02-09,2,Weekend,48.0,False,-59.0,-59.0,49.19,False,0.0,False
2015-02-09,2015-02-10,0,Overnight,0.0,False,9.81,9.81,266.04,False,0.0,False
2015-02-10,2015-02-11,0,Overnight,0.0,False,23.84,23.84,-90.89,False,0.0,False
2015-02-11,2015-02-12,0,Overnight,0.0,False,556.09,556.09,135.44,False,0.0,False
2015-02-12,2015-02-13,0,Overnight,0.0,False,-22.45,-22.45,26.93,False,0.0,False
2015-02-13,2015-02-17,3,Long,72.0,False,-17.95,-17.95,49.27,False,0.0,False
2015-02-17,2015-02-18,0,Overnight,0.0,False,-13.41,-13.41,-103.44,False,0.0,False
2015-02-18,2015-02-19,0,Overnight,0.0,False,125.79,125.79,-98.7,False,0.0,False
2015-02-19,2015-02-20,0,Overnight,0.0,False,-9.02,-9.02,80.9,False,0.0,False
2015-02-20,2015-02-23,2,Weekend,48.0,False,-4.48,-4.48,-76.42,False,0.0,False
2015-02-23,2015-02-24,0,Overnight,0.0,False,0.0,38.28,67.46,True,38.36,False
2015-02-24,2015-02-25,0,Overnight,0.0,False,-40.42,-40.42,-36.07,False,0.0,False
2015-02-25,2015-02-26,0,Overnight,0.0,False,9.03,9.03,18.03,False,0.0,False
2015-02-26,2015-02-27,0,Overnight,0.0,False,-27.06,-27.06,-36.2,False,0.0,False
2015-02-27,2015-03-02,2,Weekend,48.0,False,-27.24,-27.24,269.07,False,0.0,False
2015-03-02,2015-03-03,0,Overnight,0.0,False,-75.51,-75.51,-112.08,False,0.0,False
2015-03-03,2015-03-04,0,Overnight,0.0,False,-36.13,-36.13,148.22,False,0.0,False
2015-03-04,2015-03-05,0,Overnight,0.0,False,0.0,0.0,189.89,False,0.0,False
2015-03-05,2015-03-06,0,Overnight,0.0,False,-57.03,-57.03,-79.51,False,0.0,False
2015-03-06,2015-03-09,2,Weekend,47.0,False,4.43,4.43,22.14,False,0.0,False
2015-03-09,2015-03-10,0,Overnight,0.0,False,44.13,44.13,126.89,False,0.0,False
2015-03-10,2015-03-11,0,Overnight,0.0,False,0.0,0.0,-52.31,False,0.0,False
2015-03-11,2015-03-12,0,Overnight,0.0,False,-96.62,-96.62,4.41,False,0.0,False
2015-03-12,2015-03-13,0,Overnight,0.0,False,-48.64,-48.64,61.86,False,0.0,False
2015-03-13,2015-03-16,2,Weekend,48.0,False,78.98,78.98,39.26,False,0.0,False
2015-03-16,2015-03-17,0,Overnight,0.0,False,-21.79,-21.79,142.95,False,0.0,False
2015-03-17,2015-03-18,0,Overnight,0.0,False,0.0,0.0,-164.79,False,0.0,False
2015-03-18,2015-03-19,0,Overnight,0.0,False,34.92,34.92,116.96,False,0.0,False
2015-03-19,2015-03-20,0,Overnight,0.0,False,81.49,81.49,25.6,False,0.0,False
2015-03-20,2015-03-23,2,Weekend,48.0,False,-302.79,-302.79,-26.39,False,0.0,False
2015-03-23,2015-03-24,0,Overnight,0.0,False,-30.87,-30.87,-106.57,False,0.0,False
2015-03-24,2015-03-25,0,Overnight,0.0,False,-4.47,-4.47,-621.89,False,0.0,False
2015-03-25,2015-03-26,0,Overnight,0.0,False,-206.49,-206.49,173.16,False,0.0,False
2015-03-26,2015-03-27,0,Overnight,0.0,False,57.06,57.06,136.57,False,0.0,False
2015-03-27,2015-03-30,2,Weekend,48.0,False,46.66,46.66,-4.66,False,0.0,False
2015-03-30,2015-03-31,0,Overnight,0.0,False,-27.99,-27.99,-226.75,False,0.0,False
2015-03-31,2015-04-01,0,Overnight,0.0,False,38.15,38.15,0.0,False,0.0,False
2015-04-01,2015-04-02,0,Overnight,0.0,False,56.95,56.95,-33.18,False,0.0,False
2015-04-02,2015-04-06,3,Long,72.0,False,-42.83,-42.83,328.36,False,0.0,False
2015-04-06,2015-04-07,0,Overnight,0.0,False,0.0,0.0,87.3,False,0.0,False
2015-04-07,2015-04-08,0,Overnight,0.0,False,9.14,9.14,63.78,False,0.0,False
2015-04-08,2015-04-09,0,Overnight,0.0,False,-77.5,-77.5,306.47,False,0.0,False
2015-04-09,2015-04-10,0,Overnight,0.0,False,8.87,8.87,92.7,False,0.0,False
2015-04-10,2015-04-13,2,Weekend,48.0,False,-21.99,-21.99,-70.7,False,0.0,False
2015-04-13,2015-04-14,0,Overnight,0.0,False,-39.99,-39.99,-44.62,False,0.0,False
2015-04-14,2015-04-15,0,Overnight,0.0,False,26.8,26.8,93.23,False,0.0,False
2015-04-15,2015-04-16,0,Overnight,0.0,False,-57.61,-57.61,-4.45,False,0.0,False
2015-04-16,2015-04-17,0,Overnight,0.0,False,-211.2,-211.2,81.41,False,0.0,False
2015-04-17,2015-04-20,2,Weekend,48.0,False,44.94,44.94,-94.62,False,0.0,False
2015-04-20,2015-04-21,0,Overnight,0.0,False,121.49,121.49,-135.08,False,0.0,False
2015-04-21,2015-04-22,0,Overnight,0.0,False,58.76,58.76,53.93,False,0.0,False
2015-04-22,2015-04-23,0,Overnight,0.0,False,-185.48,-185.48,145.06,False,0.0,False
2015-04-23,2015-04-24,0,Overnight,0.0,False,-4.5,-4.5,-81.37,False,0.0,False
2015-04-24,2015-04-27,2,Weekend,48.0,False,31.72,31.72,45.15,False,0.0,False
2015-04-27,2015-04-28,0,Overnight,0.0,False,-18.03,-18.03,67.46,False,0.0,False
2015-04-28,2015-04-29,0,Overnight,0.0,False,-71.98,-71.98,-4.52,False,0.0,False
2015-04-29,2015-04-30,0,Overnight,0.0,False,-49.81,-49.81,76.87,False,0.0,False
2015-04-30,2015-05-01,0,Overnight,0.0,False,80.75,80.75,163.97,False,0.0,False
2015-05-01,2015-05-04,2,Weekend,48.0,False,-8.8,-8.8,-52.93,False,0.0,False
2015-05-04,2015-05-05,0,Overnight,0.0,False,-35.45,-35.45,-224.43,False,0.0,False
2015-05-05,2015-05-06,0,Overnight,0.0,False,54.32,54.32,-22.6,False,0.0,False
2015-05-06,2015-05-07,0,Overnight,0.0,False,-40.81,-40.81,215.74,False,0.0,False
2015-05-07,2015-05-08,0,Overnight,0.0,False,-680.72,-680.72,-86.04,False,0.0,False
2015-05-08,2015-05-11,2,Weekend,48.0,False,-140.2,-140.2,43.72,False,0.0,False
2015-05-11,2015-05-12,0,Overnight,0.0,False,-72.98,-72.98,169.45,False,0.0,False
2015-05-12,2015-05-13,0,Overnight,0.0,False,71.75,71.75,-14.31,False,0.0,False
2015-05-13,2015-05-14,0,Overnight,0.0,False,28.6,28.6,132.39,False,0.0,False
2015-05-14,2015-05-15,0,Overnight,0.0,False,42.18,42.18,-37.49,False,0.0,False
2015-05-15,2015-05-18,2,Weekend,48.0,False,-23.5,-23.5,9.41,False,0.0,False
2015-05-18,2015-05-19,0,Overnight,0.0,False,-32.96,13.16,-75.76,True,46.07,False
2015-05-19,2015-05-20,0,Overnight,0.0,False,4.75,4.75,-4.75,False,0.0,False
2015-05-20,2015-05-21,0,Overnight,0.0,False,4.75,4.75,-76.3,False,0.0,False
2015-05-21,2015-05-22,0,Overnight,0.0,False,23.91,23.91,-38.28,False,0.0,False
2015-05-22,2015-05-26,3,Long,72.0,False,-48.05,-48.05,-14.46,False,0.0,False
2015-05-26,2015-05-27,0,Overnight,0.0,False,67.31,67.31,454.3,False,0.0,False
2015-05-27,2015-05-28,0,Overnight,0.0,False,0.0,0.0,136.43,False,0.0,False
2015-05-28,2015-05-29,0,Overnight,0.0,False,0.0,0.0,-4.52,False,0.0,False
2015-05-29,2015-06-01,2,Weekend,48.0,False,63.06,63.06,49.27,False,0.0,False
2015-06-01,2015-06-02,0,Overnight,0.0,False,-62.75,-62.75,-135.81,False,0.0,False
2015-06-02,2015-06-03,0,Overnight,0.0,False,27.31,27.31,-137.3,False,0.0,False
2015-06-03,2015-06-04,0,Overnight,0.0,False,-60.09,-60.09,238.22,False,0.0,False
2015-06-04,2015-06-05,0,Overnight,0.0,False,-31.74,-31.74,108.4,False,0.0,False
2015-06-05,2015-06-08,2,Weekend,48.0,False,-31.5,-31.5,-200.28,False,0.0,False
2015-06-08,2015-06-09,0,Overnight,0.0,False,9.19,9.19,41.26,False,0.0,False
2015-06-09,2015-06-10,0,Overnight,0.0,False,-119.65,-119.65,-60.37,False,0.0,False
2015-06-10,2015-06-11,0,Overnight,0.0,False,0.0,0.0,106.56,False,0.0,False
2015-06-11,2015-06-12,0,Overnight,0.0,False,-64.73,-64.73,-210.93,False,0.0,False
2015-06-12,2015-06-15,2,Weekend,48.0,False,-52.24,-52.24,33.28,False,0.0,False
2015-06-15,2015-06-16,0,Overnight,0.0,False,-19.0,-19.0,141.65,False,0.0,False
2015-06-16,2015-06-17,0,Overnight,0.0,False,-4.69,-4.69,121.21,False,0.0,False
2015-06-17,2015-06-18,0,Overnight,0.0,False,83.06,83.06,82.38,False,0.0,False
2015-06-18,2015-06-19,0,Overnight,0.0,False,0.0,0.0,-31.96,False,0.0,False
2015-06-19,2015-06-22,2,Weekend,48.0,False,18.27,18.27,-59.51,False,0.0,False
2015-06-22,2015-06-23,0,Overnight,0.0,False,18.35,18.35,-278.83,False,0.0,False
2015-06-23,2015-06-24,0,Overnight,0.0,False,-14.15,-14.15,-85.31,False,0.0,False
2015-06-24,2015-06-25,0,Overnight,0.0,False,0.0,0.0,75.87,False,0.0,False
2015-06-25,2015-06-26,0,Overnight,0.0,False,-80.63,-80.63,-124.58,False,0.0,False
2015-06-26,2015-06-29,2,Weekend,48.0,False,-116.39,-116.39,-187.11,False,0.0,False
2015-06-29,2015-06-30,0,Overnight,0.0,False,59.46,59.46,-64.44,False,0.0,False
2015-06-30,2015-07-01,0,Overnight,0.0,False,245.59,245.59,-102.41,False,0.0,False
2015-07-01,2015-07-02,0,Overnight,0.0,False,-4.9,-4.9,14.7,False,0.0,False
2015-07-02,2015-07-06,3,Long,72.0,False,-83.6,-83.6,-39.58,False,0.0,False
2015-07-06,2015-07-07,0,Overnight,0.0,False,-59.67,-59.67,-130.52,False,0.0,False
2015-07-07,2015-07-08,0,Overnight,0.0,False,-55.74,-55.74,-15.26,False,0.0,False
2015-07-08,2015-07-09,0,Overnight,0.0,False,156.53,156.53,-279.42,False,0.0,False
2015-07-09,2015-07-10,0,Overnight,0.0,False,127.98,127.98,45.67,False,0.0,False
2015-07-10,2015-07-13,2,Weekend,48.0,False,100.76,100.76,-35.15,False,0.0,False
2015-07-13,2015-07-14,0,Overnight,0.0,False,15.08,15.08,-10.05,False,0.0,False
2015-07-14,2015-07-15,0,Overnight,0.0,False,-25.17,-25.17,-45.47,False,0.0,False
2015-07-15,2015-07-16,0,Overnight,0.0,False,60.58,60.58,159.76,False,0.0,False
2015-07-16,2015-07-17,0,Overnight,0.0,False,-34.73,-34.73,-24.88,False,0.0,False
2015-07-17,2015-07-20,2,Weekend,48.0,False,0.0,0.0,-186.08,False,0.0,False
2015-07-20,2015-07-21,0,Overnight,0.0,False,-20.33,-20.33,65.91,False,0.0,False
2015-07-21,2015-07-22,0,Overnight,0.0,False,-70.99,-70.99,-122.89,False,0.0,False
2015-07-22,2015-07-23,0,Overnight,0.0,False,20.59,20.59,102.3,False,0.0,False
2015-07-23,2015-07-24,0,Overnight,0.0,False,70.99,70.99,-188.73,False,0.0,False
2015-07-24,2015-07-27,2,Weekend,48.0,False,-87.92,-87.92,31.12,False,0.0,False
2015-07-27,2015-07-28,0,Overnight,0.0,False,25.86,25.86,189.31,False,0.0,False
2015-07-28,2015-07-29,0,Overnight,0.0,False,-20.29,-20.29,141.2,False,0.0,False
2015-07-29,2015-07-30,0,Overnight,0.0,False,-25.07,-25.07,50.08,False,0.0,False
2015-07-30,2015-07-31,0,Overnight,0.0,False,39.88,39.88,-74.91,False,0.0,False
2015-07-31,2015-08-03,2,Weekend,48.0,False,79.88,79.88,89.11,False,0.0,False
2015-08-03,2015-08-04,0,Overnight,0.0,False,-34.56,-34.56,73.91,False,0.0,False
2015-08-04,2015-08-05,0,Overnight,0.0,False,242.49,242.49,-139.93,False,0.0,False
2015-08-05,2015-08-06,0,Overnight,0.0,False,-24.32,-24.32,-39.04,False,0.0,False
2015-08-06,2015-08-07,0,Overnight,0.0,False,937.53,937.53,228.88,False,0.0,False
2015-08-07,2015-08-10,2,Weekend,48.0,False,-69.87,-69.87,412.08,False,0.0,False
2015-08-10,2015-08-11,0,Overnight,0.0,False,-148.28,-148.28,97.69,False,0.0,False
2015-08-11,2015-08-12,0,Overnight,0.0,False,-161.91,-161.91,187.24,False,0.0,False
2015-08-12,2015-08-13,0,Overnight,0.0,False,12.64,12.64,-97.31,False,0.0,False
2015-08-13,2015-08-14,0,Overnight,0.0,False,-8.51,-8.51,17.01,False,0.0,False
2015-08-14,2015-08-17,2,Weekend,48.0,False,-17.01,-17.01,-46.92,False,0.0,False
2015-08-17,2015-08-18,0,Overnight,0.0,False,-72.95,-30.83,-60.48,True,41.9,False
2015-08-18,2015-08-19,0,Overnight,0.0,False,-13.01,-13.01,-26.06,False,0.0,False
2015-08-19,2015-08-20,0,Overnight,0.0,False,-113.74,-113.74,-253.97,False,0.0,False
2015-08-20,2015-08-21,0,Overnight,0.0,False,-72.46,-72.46,-243.86,False,0.0,False
2015-08-21,2015-08-24,2,Weekend,48.0,False,-575.15,-575.15,214.75,False,0.0,False
2015-08-24,2015-08-25,0,Overnight,0.0,False,430.02,430.02,-639.84,False,0.0,False
2015-08-25,2015-08-26,0,Overnight,0.0,False,320.26,320.26,407.07,False,0.0,False
2015-08-26,2015-08-27,0,Overnight,0.0,False,104.9,104.9,264.17,False,0.0,False
2015-08-27,2015-08-28,0,Overnight,0.0,False,0.0,0.0,44.09,False,0.0,False
2015-08-28,2015-08-31,2,Weekend,48.0,False,-48.51,-48.51,-62.08,False,0.0,False
2015-08-31,2015-09-01,0,Overnight,0.0,False,-293.41,-293.41,-124.45,False,0.0,False
2015-09-01,2015-09-02,0,Overnight,0.0,False,269.98,269.98,27.05,False,0.0,False
2015-09-02,2015-09-03,0,Overnight,0.0,False,147.49,147.49,-120.51,False,0.0,False
2015-09-03,2015-09-04,0,Overnight,0.0,False,-172.11,-172.11,-64.16,False,0.0,False
2015-09-04,2015-09-08,3,Long,72.0,False,240.76,240.76,177.94,False,0.0,False
2015-09-08,2015-09-09,0,Overnight,0.0,False,30.82,30.82,-231.22,False,0.0,False
2015-09-09,2015-09-10,0,Overnight,0.0,False,-58.65,-58.65,214.87,False,0.0,False
2015-09-10,2015-09-11,0,Overnight,0.0,False,-111.33,-111.33,142.29,False,0.0,False
2015-09-11,2015-09-14,2,Weekend,48.0,False,48.45,48.45,-30.8,False,0.0,False
2015-09-14,2015-09-15,0,Overnight,0.0,False,4.41,4.41,105.17,False,0.0,False
2015-09-15,2015-09-16,0,Overnight,0.0,False,-17.45,-17.45,86.96,False,0.0,False
2015-09-16,2015-09-17,0,Overnight,0.0,False,171.68,171.68,-81.18,False,0.0,False
2015-09-17,2015-09-18,0,Overnight,0.0,False,-138.23,-138.23,129.65,False,0.0,False
2015-09-18,2015-09-21,2,Weekend,48.0,False,12.87,12.87,89.65,False,0.0,False
2015-09-21,2015-09-22,0,Overnight,0.0,False,-219.13,-219.13,-56.63,False,0.0,False
2015-09-22,2015-09-23,0,Overnight,0.0,False,8.73,8.73,39.21,False,0.0,False
2015-09-23,2015-09-24,0,Overnight,0.0,False,-61.06,-61.06,250.55,False,0.0,False
2015-09-24,2015-09-25,0,Overnight,0.0,False,122.96,122.96,-50.7,False,0.0,False
2015-09-25,2015-09-28,2,Weekend,48.0,False,0.0,0.0,-132.17,False,0.0,False
2015-09-28,2015-09-29,0,Overnight,0.0,False,106.72,106.72,67.71,False,0.0,False
2015-09-29,2015-09-30,0,Overnight,0.0,False,92.36,92.36,296.44,False,0.0,False
2015-09-30,2015-10-01,0,Overnight,0.0,False,0.0,0.0,-196.65,False,0.0,False
2015-10-01,2015-10-02,0,Overnight,0.0,False,-53.93,-53.93,311.25,False,0.0,False
2015-10-02,2015-10-05,2,Weekend,48.0,False,64.31,64.31,182.62,False,0.0,False
2015-10-05,2015-10-06,0,Overnight,0.0,False,-106.78,-106.78,235.77,False,0.0,False
2015-10-06,2015-10-07,0,Overnight,0.0,False,23.27,23.27,81.03,False,0.0,False
2015-10-07,2015-10-08,0,Overnight,0.0,False,-42.36,-42.36,99.85,False,0.0,False
2015-10-08,2015-10-09,0,Overnight,0.0,False,-53.64,-53.64,15.36,False,0.0,False
2015-10-09,2015-10-12,2,Weekend,48.0,False,11.5,11.5,95.33,False,0.0,False
2015-10-12,2015-10-13,0,Overnight,0.0,False,-80.02,-80.02,98.97,False,0.0,False
2015-10-13,2015-10-14,0,Overnight,0.0,False,11.36,11.36,345.82,False,0.0,False
2015-10-14,2015-10-15,0,Overnight,0.0,False,18.26,18.26,7.29,False,0.0,False
2015-10-15,2015-10-16,0,Overnight,0.0,False,32.76,32.76,122.79,False,0.0,False
2015-10-16,2015-10-19,2,Weekend,48.0,False,32.25,32.25,-50.22,False,0.0,False
2015-10-19,2015-10-20,0,Overnight,0.0,False,-43.24,-43.24,28.85,False,0.0,False
2015-10-20,2015-10-21,0,Overnight,0.0,False,61.03,61.03,-191.51,False,0.0,False
2015-10-21,2015-10-22,0,Overnight,0.0,False,116.07,116.07,238.74,False,0.0,False
2015-10-22,2015-10-23,0,Overnight,0.0,False,87.64,87.64,-20.96,False,0.0,False
2015-10-23,2015-10-26,2,Weekend,48.0,False,6.99,6.99,-52.57,False,0.0,False
2015-10-26,2015-10-27,0,Overnight,0.0,False,-49.31,-49.31,42.28,False,0.0,False
2015-10-27,2015-10-28,0,Overnight,0.0,False,63.09,63.09,17.46,False,0.0,False
2015-10-28,2015-10-29,0,Overnight,0.0,False,-161.75,-161.75,-189.66,False,0.0,False
2015-10-29,2015-10-30,0,Overnight,0.0,False,107.8,107.8,138.42,False,0.0,False
2015-10-30,2015-11-02,2,Weekend,49.0,False,31.67,31.67,83.98,False,0.0,False
2015-11-02,2015-11-03,0,Overnight,0.0,False,-59.41,-59.41,-10.52,False,0.0,False
2015-11-03,2015-11-04,0,Overnight,0.0,False,-28.11,-28.11,-138.18,False,0.0,False
2015-11-04,2015-11-05,0,Overnight,0.0,False,49.82,49.82,-164.64,False,0.0,False
2015-11-05,2015-11-06,0,Overnight,0.0,False,942.93,942.93,354.88,False,0.0,False
2015-11-06,2015-11-09,2,Weekend,48.0,False,-98.74,-98.74,54.27,False,0.0,False
2015-11-09,2015-11-10,0,Overnight,0.0,False,-131.39,-131.39,-61.48,False,0.0,False
2015-11-10,2015-11-11,0,Overnight,0.0,False,6.49,6.49,-104.34,False,0.0,False
2015-11-11,2015-11-12,0,Overnight,0.0,False,-22.97,-22.97,-13.15,False,0.0,False
2015-11-12,2015-11-13,0,Overnight,0.0,False,9.86,9.86,-209.21,False,0.0,False
2015-11-13,2015-11-16,2,Weekend,48.0,False,130.02,130.02,69.32,False,0.0,False
2015-11-16,2015-11-17,0,Overnight,0.0,False,26.28,26.28,-26.28,False,0.0,False
2015-11-17,2015-11-18,0,Overnight,0.0,False,3.29,41.03,201.83,True,37.83,False
2015-11-18,2015-11-19,0,Overnight,0.0,False,35.39,35.39,-6.42,False,0.0,False
2015-11-19,2015-11-20,0,Overnight,0.0,False,73.64,73.64,12.75,False,0.0,False
2015-11-20,2015-11-23,2,Weekend,48.0,False,82.49,82.49,-233.35,False,0.0,False
2015-11-23,2015-11-24,0,Overnight,0.0,False,0.0,0.0,80.53,False,0.0,False
2015-11-24,2015-11-25,0,Overnight,0.0,False,-19.27,-19.27,6.43,False,0.0,False
2015-11-25,2015-11-27,1,Short,24.0,False,19.26,19.26,63.92,False,0.0,False
2015-11-27,2015-11-30,2,Weekend,48.0,True,9.55,9.55,95.03,False,0.0,False
2015-11-30,2015-12-01,0,Overnight,0.0,False,87.89,87.89,231.67,False,0.0,False
2015-12-01,2015-12-02,0,Overnight,0.0,False,15.26,15.26,-91.88,False,0.0,False
2015-12-02,2015-12-03,0,Overnight,0.0,False,79.68,79.68,-101.24,False,0.0,False
2015-12-03,2015-12-04,0,Overnight,0.0,False,0.0,0.0,398.96,False,0.0,False
2015-12-04,2015-12-07,2,Weekend,48.0,False,-2.96,-2.96,-188.49,False,0.0,False
2015-12-07,2015-12-08,0,Overnight,0.0,False,-124.6,-124.6,259.6,False,0.0,False
2015-12-08,2015-12-09,0,Overnight,0.0,False,-2.98,-2.98,-253.56,False,0.0,False
2015-12-09,2015-12-10,0,Overnight,0.0,False,30.53,30.53,51.68,False,0.0,False
2015-12-10,2015-12-11,0,Overnight,0.0,False,-100.56,-100.56,-49.13,False,0.0,False
2015-12-11,2015-12-14,2,Weekend,48.0,False,9.23,9.23,15.36,False,0.0,False
2015-12-14,2015-12-15,0,Overnight,0.0,False,112.96,112.96,9.1,False,0.0,False
2015-12-15,2015-12-16,0,Overnight,0.0,False,21.21,21.21,39.27,False,0.0,False
2015-12-16,2015-12-17,0,Overnight,0.0,False,15.06,15.06,-166.95,False,0.0,False
2015-12-17,2015-12-18,0,Overnight,0.0,False,-70.65,-70.65,-92.91,False,0.0,False
2015-12-18,2015-12-21,2,Weekend,48.0,False,108.31,108.31,125.4,False,0.0,False
2015-12-21,2015-12-22,0,Overnight,0.0,False,30.35,30.35,-21.23,False,0.0,False
2015-12-22,2015-12-23,0,Overnight,0.0,False,15.17,15.17,24.23,False,0.0,False
2015-12-23,2015-12-24,0,Overnight,0.0,False,-30.29,-30.29,63.51,False,0.0,False
2015-12-24,2015-12-28,3,Long,72.0,True,-106.08,-106.08,97.03,False,0.0,False
2015-12-28,2015-12-29,0,Overnight,0.0,False,6.03,6.03,155.6,False,0.0,False
2015-12-29,2015-12-30,0,Overnight,0.0,False,-8.91,-8.91,-77.57,False,0.0,False
2015-12-30,2015-12-31,0,Overnight,0.0,False,-14.99,-14.99,-114.63,False,0.0,False
2015-12-31,2016-01-04,3,Long,72.0,False,-205.37,-205.37,24.74,False,0.0,False
2016-01-04,2016-01-05,0,Overnight,0.0,False,186.69,186.69,-27.33,False,0.0,False
2016-01-05,2016-01-06,0,Overnight,0.0,False,-165.55,-165.55,-256.75,False,0.0,False
2016-01-06,2016-01-07,0,Overnight,0.0,False,-253.75,-253.75,-150.77,False,0.0,False
2016-01-07,2016-01-08,0,Overnight,0.0,False,127.98,127.98,-344.98,False,0.0,False
2016-01-08,2016-01-11,2,Weekend,48.0,False,10.12,10.12,6.74,False,0.0,False
2016-01-11,2016-01-12,0,Overnight,0.0,False,177.0,177.0,-9.94,False,0.0,False
2016-01-12,2016-01-13,0,Overnight,0.0,False,75.92,75.92,-385.5,False,0.0,False
2016-01-13,2016-01-14,0,Overnight,0.0,False,-207.19,-207.19,3.49,False,0.0,False
2016-01-14,2016-01-15,0,Overnight,0.0,False,-409.38,-409.38,-150.1,False,0.0,False
2016-01-15,2016-01-19,3,Long,72.0,False,204.46,204.46,-123.64,False,0.0,False
2016-01-19,2016-01-20,0,Overnight,0.0,False,-192.1,-192.1,246.84,False,0.0,False
2016-01-20,2016-01-21,0,Overnight,0.0,False,108.58,108.58,7.2,False,0.0,False
2016-01-21,2016-01-22,0,Overnight,0.0,False,188.85,188.85,42.27,False,0.0,False
2016-01-22,2016-01-25,2,Weekend,48.0,False,-3.52,-3.52,-7.03,False,0.0,False
2016-01-25,2016-01-26,0,Overnight,0.0,False,21.09,21.09,76.95,False,0.0,False
2016-01-26,2016-01-27,0,Overnight,0.0,False,-13.95,-13.95,-105.23,False,0.0,False
2016-01-27,2016-01-28,0,Overnight,0.0,False,80.77,80.77,-190.68,False,0.0,False
2016-01-28,2016-01-29,0,Overnight,0.0,False,85.2,85.2,347.38,False,0.0,False
2016-01-29,2016-02-01,2,Weekend,48.0,False,-10.25,-10.25,13.66,False,0.0,False
2016-02-01,2016-02-02,0,Overnight,0.0,False,-102.92,-102.92,-329.51,False,0.0,False
2016-02-02,2016-02-03,0,Overnight,0.0,False,78.1,78.1,-28.33,False,0.0,False
2016-02-03,2016-02-04,0,Overnight,0.0,False,14.17,14.17,-10.63,False,0.0,False
2016-02-04,2016-02-05,0,Overnight,0.0,False,-67.58,-67.58,-584.19,False,0.0,False
2016-02-05,2016-02-08,2,Weekend,48.0,False,-152.5,-152.5,-316.12,False,0.0,False
2016-02-08,2016-02-09,0,Overnight,0.0,False,-119.67,-119.67,226.16,False,0.0,False
2016-02-09,2016-02-10,0,Overnight,0.0,False,62.57,62.57,-86.14,False,0.0,False
2016-02-10,2016-02-11,0,Overnight,0.0,False,-258.93,-258.93,207.68,False,0.0,False
2016-02-11,2016-02-12,0,Overnight,0.0,False,156.87,156.87,11.67,False,0.0,False
2016-02-12,2016-02-16,3,Long,72.0,False,142.78,142.78,335.31,False,0.0,False
2016-02-16,2016-02-17,0,Overnight,0.0,False,125.19,125.19,120.02,False,0.0,False
2016-02-17,2016-02-18,0,Overnight,0.0,False,788.74,788.74,36.69,False,0.0,False
2016-02-18,2016-02-19,0,Overnight,0.0,False,-53.4,-53.4,185.68,False,0.0,False
2016-02-19,2016-02-22,2,Weekend,48.0,False,143.51,143.51,205.14,False,0.0,False
2016-02-22,2016-02-23,0,Overnight,0.0,False,-79.63,-79.63,104.98,False,0.0,False
2016-02-23,2016-02-24,0,Overnight,0.0,False,-41.22,-41.22,110.6,False,0.0,False
2016-02-24,2016-02-25,0,Overnight,0.0,False,37.64,37.64,-15.67,False,0.0,False
2016-02-25,2016-02-26,0,Overnight,0.0,False,46.93,46.93,-113.0,False,0.0,False
2016-02-26,2016-02-29,2,Weekend,48.0,False,-22.12,14.19,-79.4,True,36.3,False
2016-02-29,2016-03-01,0,Overnight,0.0,False,25.48,25.48,408.22,False,0.0,False
2016-03-01,2016-03-02,0,Overnight,0.0,False,-55.11,-55.11,112.96,False,0.0,False
2016-03-02,2016-03-03,0,Overnight,0.0,False,-12.15,-12.15,-76.28,False,0.0,False
2016-03-03,2016-03-04,0,Overnight,0.0,False,76.28,76.28,-106.95,False,0.0,False
2016-03-04,2016-03-07,2,Weekend,48.0,False,-55.45,-55.45,-9.27,False,0.0,False
2016-03-07,2016-03-08,0,Overnight,0.0,False,-102.57,-102.57,-81.56,False,0.0,False
2016-03-08,2016-03-09,0,Overnight,0.0,False,87.8,87.8,-94.1,False,0.0,False
2016-03-09,2016-03-10,0,Overnight,0.0,False,59.7,59.7,-75.47,False,0.0,False
2016-03-10,2016-03-11,0,Overnight,0.0,False,147.27,147.27,21.75,False,0.0,False
2016-03-11,2016-03-14,2,Weekend,47.0,False,-46.66,-46.66,71.46,False,0.0,False
2016-03-14,2016-03-15,0,Overnight,0.0,False,-52.77,-52.77,3.11,False,0.0,False
2016-03-15,2016-03-16,0,Overnight,0.0,False,-74.95,-74.95,369.27,False,0.0,False
2016-03-16,2016-03-17,0,Overnight,0.0,False,-36.32,-36.32,-48.63,False,0.0,False
2016-03-17,2016-03-18,0,Overnight,0.0,False,118.13,118.13,179.06,False,0.0,False
2016-03-18,2016-03-21,2,Weekend,48.0,False,-89.13,-89.13,118.66,False,0.0,False
2016-03-21,2016-03-22,0,Overnight,0.0,False,-32.49,-32.49,14.78,False,0.0,False
2016-03-22,2016-03-23,0,Overnight,0.0,False,44.22,44.22,125.68,False,0.0,False
2016-03-23,2016-03-24,0,Overnight,0.0,False,-90.45,-90.45,104.96,False,0.0,False
2016-03-24,2016-03-28,3,Long,72.0,False,-17.42,-17.42,118.41,False,0.0,False
2016-03-28,2016-03-29,0,Overnight,0.0,False,-43.16,-43.16,202.66,False,0.0,False
2016-03-29,2016-03-30,0,Overnight,0.0,False,36.67,36.67,67.34,False,0.0,False
2016-03-30,2016-03-31,0,Overnight,0.0,False,44.64,44.64,-81.06,False,0.0,False
2016-03-31,2016-04-01,0,Overnight,0.0,False,-61.94,-61.94,206.83,False,0.0,False
2016-04-01,2016-04-04,2,Weekend,48.0,False,82.65,82.65,-179.94,False,0.0,False
2016-04-04,2016-04-05,0,Overnight,0.0,False,-89.79,-89.79,75.81,False,0.0,False
2016-04-05,2016-04-06,0,Overnight,0.0,False,-126.67,-126.67,140.65,False,0.0,False
2016-04-06,2016-04-07,0,Overnight,0.0,False,-64.45,-64.45,-39.44,False,0.0,False
2016-04-07,2016-04-08,0,Overnight,0.0,False,81.52,81.52,-16.81,False,0.0,False
2016-04-08,2016-04-11,2,Weekend,48.0,False,58.72,58.72,2.79,False,0.0,False
2016-04-11,2016-04-12,0,Overnight,0.0,False,33.39,33.39,-44.54,False,0.0,False
2016-04-12,2016-04-13,0,Overnight,0.0,False,44.54,44.54,203.47,False,0.0,False
2016-04-13,2016-04-14,0,Overnight,0.0,False,-27.26,-27.26,54.44,False,0.0,False
2016-04-14,2016-04-15,0,Overnight,0.0,False,-2.71,-2.71,81.13,False,0.0,False
2016-04-15,2016-04-18,2,Weekend,48.0,False,-18.87,-18.87,-24.31,False,0.0,False
2016-04-18,2016-04-19,0,Overnight,0.0,False,37.8,37.8,-217.93,False,0.0,False
2016-04-19,2016-04-20,0,Overnight,0.0,False,-16.54,-16.54,55.02,False,0.0,False
2016-04-20,2016-04-21,0,Overnight,0.0,False,2.74,2.74,-13.72,False,0.0,False
2016-04-21,2016-04-22,0,Overnight,0.0,False,32.9,32.9,-71.43,False,0.0,False
2016-04-22,2016-04-25,2,Weekend,48.0,False,2.76,2.76,46.75,False,0.0,False
2016-04-25,2016-04-26,0,Overnight,0.0,False,60.18,60.18,-51.95,False,0.0,False
2016-04-26,2016-04-27,0,Overnight,0.0,False,-24.7,-24.7,249.67,False,0.0,False
2016-04-27,2016-04-28,0,Overnight,0.0,False,-61.84,-61.84,-240.19,False,0.0,False
2016-04-28,2016-04-29,0,Overnight,0.0,False,-41.52,-41.52,-145.29,False,0.0,False
2016-04-29,2016-05-02,2,Weekend,48.0,False,95.24,95.24,36.18,False,0.0,False
2016-05-02,2016-05-03,0,Overnight,0.0,False,-114.54,-114.54,-5.62,False,0.0,False
2016-05-03,2016-05-04,0,Overnight,0.0,False,-121.63,-121.63,-108.73,False,0.0,False
2016-05-04,2016-05-05,0,Overnight,0.0,False,83.08,83.08,-22.85,False,0.0,False
2016-05-05,2016-05-06,0,Overnight,0.0,False,-17.17,-17.17,119.59,False,0.0,False
2016-05-06,2016-05-09,2,Weekend,48.0,False,25.44,25.44,-39.6,False,0.0,False
2016-05-09,2016-05-10,0,Overnight,0.0,False,62.16,62.16,128.75,False,0.0,False
2016-05-10,2016-05-11,0,Overnight,0.0,False,30.54,30.54,-2.77,False,0.0,False
2016-05-11,2016-05-12,0,Overnight,0.0,False,71.84,71.84,-208.66,False,0.0,False
2016-05-12,2016-05-13,0,Overnight,0.0,False,969.19,969.19,446.63,False,0.0,False
2016-05-13,2016-05-16,2,Weekend,48.0,False,-75.93,-75.93,366.93,False,0.0,False
2016-05-16,2016-05-17,0,Overnight,0.0,False,-45.14,-45.14,66.45,False,0.0,False
2016-05-17,2016-05-18,0,Overnight,0.0,False,-66.45,-66.45,318.68,False,0.0,False
2016-05-18,2016-05-19,0,Overnight,0.0,False,-39.28,-39.28,83.01,False,0.0,False
2016-05-19,2016-05-20,0,Overnight,0.0,False,61.81,61.81,115.71,False,0.0,False
2016-05-20,2016-05-23,2,Weekend,48.0,False,42.77,42.77,-26.99,False,0.0,False
2016-05-23,2016-05-24,0,Overnight,0.0,False,4.5,30.36,209.41,True,25.9,False
2016-05-24,2016-05-25,0,Overnight,0.0,False,30.82,30.82,-72.79,False,0.0,False
2016-05-25,2016-05-26,0,Overnight,0.0,False,17.7,17.7,88.01,False,0.0,False
2016-05-26,2016-05-27,0,Overnight,0.0,False,10.95,10.95,43.67,False,0.0,False
2016-05-27,2016-05-31,3,Long,72.0,False,43.48,43.48,133.59,False,0.0,False
2016-05-31,2016-06-01,0,Overnight,0.0,False,-47.2,-47.2,66.45,False,0.0,False
2016-06-01,2016-06-02,0,Overnight,0.0,False,53.27,53.27,16.99,False,0.0,False
2016-06-02,2016-06-03,0,Overnight,0.0,False,-98.06,-98.06,-42.94,False,0.0,False
2016-06-03,2016-06-06,2,Weekend,48.0,False,25.78,25.78,-77.55,False,0.0,False
2016-06-06,2016-06-07,0,Overnight,0.0,False,60.37,60.37,-40.93,False,0.0,False
2016-06-07,2016-06-08,0,Overnight,0.0,False,2.16,2.16,-34.59,False,0.0,False
2016-06-08,2016-06-09,0,Overnight,0.0,False,-34.71,-34.71,291.24,False,0.0,False
2016-06-09,2016-06-10,0,Overnight,0.0,False,-118.9,-118.9,-133.31,False,0.0,False
2016-06-10,2016-06-13,2,Weekend,48.0,False,10.82,10.82,116.08,False,0.0,False
2016-06-13,2016-06-14,0,Overnight,0.0,False,-23.54,-23.54,42.75,False,0.0,False
2016-06-14,2016-06-15,0,Overnight,0.0,False,82.85,82.85,19.02,False,0.0,False
2016-06-15,2016-06-16,0,Overnight,0.0,False,-74.18,-74.18,114.21,False,0.0,False
2016-06-16,2016-06-17,0,Overnight,0.0,False,12.61,12.61,-188.7,False,0.0,False
2016-06-17,2016-06-20,2,Weekend,48.0,False,159.26,159.26,18.94,False,0.0,False
2016-06-20,2016-06-21,0,Overnight,0.0,False,41.96,41.96,-103.13,False,0.0,False
2016-06-21,2016-06-22,0,Overnight,0.0,False,21.13,21.13,-29.6,False,0.0,False
2016-06-22,2016-06-23,0,Overnight,0.0,False,94.83,94.83,168.46,False,0.0,False
2016-06-23,2016-06-24,0,Overnight,0.0,False,-419.05,-419.05,-166.98,False,0.0,False
2016-06-24,2016-06-27,2,Weekend,48.0,False,-83.44,-83.44,-24.29,False,0.0,False
2016-06-27,2016-06-28,0,Overnight,0.0,False,188.31,188.31,-43.48,False,0.0,False
2016-06-28,2016-06-29,0,Overnight,0.0,False,86.77,86.77,75.31,False,0.0,False
2016-06-29,2016-06-30,0,Overnight,0.0,False,17.13,17.13,59.74,False,0.0,False
2016-06-30,2016-07-01,0,Overnight,0.0,False,-55.46,-55.46,-19.27,False,0.0,False
2016-07-01,2016-07-05,3,Long,72.0,False,-55.88,-55.88,202.67,False,0.0,False
2016-07-05,2016-07-06,0,Overnight,0.0,False,-69.94,-69.94,133.1,False,0.0,False
2016-07-06,2016-07-07,0,Overnight,0.0,False,66.93,66.93,189.97,False,0.0,False
2016-07-07,2016-07-08,0,Overnight,0.0,False,105.8,105.8,287.27,False,0.0,False
2016-07-08,2016-07-11,2,Weekend,48.0,False,142.54,142.54,84.94,False,0.0,False
2016-07-11,2016-07-12,0,Overnight,0.0,False,110.88,110.88,37.95,False,0.0,False
2016-07-12,2016-07-13,0,Overnight,0.0,False,18.92,18.92,-22.71,False,0.0,False
2016-07-13,2016-07-14,0,Overnight,0.0,False,52.91,52.91,48.88,False,0.0,False
2016-07-14,2016-07-15,0,Overnight,0.0,False,-128.35,-128.35,11.39,False,0.0,False
2016-07-15,2016-07-18,2,Weekend,48.0,False,122.59,122.59,-71.48,False,0.0,False
2016-07-18,2016-07-19,0,Overnight,0.0,False,-5.67,-5.67,108.96,False,0.0,False
2016-07-19,2016-07-20,0,Overnight,0.0,False,33.58,33.58,96.37,False,0.0,False
2016-07-20,2016-07-21,0,Overnight,0.0,False,-22.16,-22.16,-164.0,False,0.0,False
2016-07-21,2016-07-22,0,Overnight,0.0,False,35.64,35.64,233.17,False,0.0,False
2016-07-22,2016-07-25,2,Weekend,48.0,False,60.18,60.18,122.88,False,0.0,False
2016-07-25,2016-07-26,0,Overnight,0.0,False,87.62,87.62,81.56,False,0.0,False
2016-07-26,2016-07-27,0,Overnight,0.0,False,86.15,86.15,-187.32,False,0.0,False
2016-07-27,2016-07-28,0,Overnight,0.0,False,23.16,23.16,-1.78,False,0.0,False
2016-07-28,2016-07-29,0,Overnight,0.0,False,37.31,37.31,125.12,False,0.0,False
2016-07-29,2016-08-01,2,Weekend,48.0,False,41.94,41.94,-106.95,False,0.0,False
2016-08-01,2016-08-02,0,Overnight,0.0,False,47.48,47.48,-169.86,False,0.0,False
2016-08-02,2016-08-03,0,Overnight,0.0,False,-12.5,-12.5,39.23,False,0.0,False
2016-08-03,2016-08-04,0,Overnight,0.0,False,47.94,47.94,135.46,False,0.0,False
2016-08-04,2016-08-05,0,Overnight,0.0,False,114.66,114.66,53.41,False,0.0,False
2016-08-05,2016-08-08,2,Weekend,48.0,False,136.52,136.52,-44.17,False,0.0,False
2016-08-08,2016-08-09,0,Overnight,0.0,False,49.25,49.25,-23.74,False,0.0,False
2016-08-09,2016-08-10,0,Overnight,0.0,False,87.91,87.91,-152.65,False,0.0,False
2016-08-10,2016-08-11,0,Overnight,0.0,False,52.84,52.84,148.5,False,0.0,False
2016-08-11,2016-08-12,0,Overnight,0.0,False,361.88,361.88,182.49,False,0.0,False
2016-08-12,2016-08-15,2,Weekend,48.0,False,11.1,11.1,-20.62,False,0.0,False
2016-08-15,2016-08-16,0,Overnight,0.0,False,-14.3,-14.3,-46.22,False,0.0,False
2016-08-16,2016-08-17,0,Overnight,0.0,False,0.0,0.0,-234.35,False,0.0,False
2016-08-17,2016-08-18,0,Overnight,0.0,False,-14.73,-14.73,168.89,False,0.0,False
2016-08-18,2016-08-19,0,Overnight,0.0,False,-4.83,-4.83,30.56,False,0.0,False
2016-08-19,2016-08-22,2,Weekend,48.0,False,30.47,30.47,11.2,False,0.0,False
2016-08-22,2016-08-23,0,Overnight,0.0,False,82.83,101.06,-20.64,True,18.39,False
2016-08-23,2016-08-24,0,Overnight,0.0,False,34.91,34.91,-190.3,False,0.0,False
2016-08-24,2016-08-25,0,Overnight,0.0,False,3.23,3.23,-69.64,False,0.0,False
2016-08-25,2016-08-26,0,Overnight,0.0,False,25.97,25.97,54.96,False,0.0,False
2016-08-26,2016-08-29,2,Weekend,48.0,False,40.22,40.22,-46.67,False,0.0,False
2016-08-29,2016-08-30,0,Overnight,0.0,False,-12.91,-12.91,-45.33,False,0.0,False
2016-08-30,2016-08-31,0,Overnight,0.0,False,19.45,19.45,-66.62,False,0.0,False
2016-08-31,2016-09-01,0,Overnight,0.0,False,8.15,8.15,282.66,False,0.0,False
2016-09-01,2016-09-02,0,Overnight,0.0,False,20.56,20.56,-119.23,False,0.0,False
2016-09-02,2016-09-06,3,Long,72.0,False,35.12,35.12,58.79,False,0.0,False
2016-09-06,2016-09-07,0,Overnight,0.0,False,-31.74,-31.74,-116.7,False,0.0,False
2016-09-07,2016-09-08,0,Overnight,0.0,False,-9.65,-9.65,81.75,False,0.0,False
2016-09-08,2016-09-09,0,Overnight,0.0,False,-110.76,-110.76,-400.15,False,0.0,False
2016-09-09,2016-09-12,2,Weekend,48.0,False,-133.62,-133.62,338.16,False,0.0,False
2016-09-12,2016-09-13,0,Overnight,0.0,False,-24.72,-24.72,-121.19,False,0.0,False
2016-09-13,2016-09-14,0,Overnight,0.0,False,23.36,23.36,64.78,False,0.0,False
2016-09-14,2016-09-15,0,Overnight,0.0,False,16.54,16.54,355.59,False,0.0,False
2016-09-15,2016-09-16,0,Overnight,0.0,False,35.03,35.03,-11.13,False,0.0,False
2016-09-16,2016-09-19,2,Weekend,48.0,False,104.48,104.48,26.74,False,0.0,False
2016-09-19,2016-09-20,0,Overnight,0.0,False,114.0,114.0,-205.51,False,0.0,False
2016-09-20,2016-09-21,0,Overnight,0.0,False,30.07,30.07,246.62,False,0.0,False
2016-09-21,2016-09-22,0,Overnight,0.0,False,58.42,58.42,-33.78,False,0.0,False
2016-09-22,2016-09-23,0,Overnight,0.0,False,12.3,12.3,-23.07,False,0.0,False
2016-09-23,2016-09-26,2,Weekend,48.0,False,-114.59,-114.59,20.23,False,0.0,False
2016-09-26,2016-09-27,0,Overnight,0.0,False,-38.93,-38.93,375.15,False,0.0,False
2016-09-27,2016-09-28,0,Overnight,0.0,False,15.02,15.02,20.99,False,0.0,False
2016-09-28,2016-09-29,0,Overnight,0.0,False,-16.49,-16.49,108.9,False,0.0,False
2016-09-29,2016-09-30,0,Overnight,0.0,False,54.75,54.75,110.06,False,0.0,False
2016-09-30,2016-10-03,2,Weekend,48.0,False,0.0,0.0,-10.22,False,0.0,False
2016-10-03,2016-10-04,0,Overnight,0.0,False,14.6,14.6,-36.54,False,0.0,False
2016-10-04,2016-10-05,0,Overnight,0.0,False,84.56,84.56,-94.82,False,0.0,False
2016-10-05,2016-10-06,0,Overnight,0.0,False,-120.91,-120.91,-10.39,False,0.0,False
2016-10-06,2016-10-07,0,Overnight,0.0,False,66.6,66.6,-139.63,False,0.0,False
2016-10-07,2016-10-10,2,Weekend,48.0,False,52.22,52.22,-14.89,False,0.0,False
2016-10-10,2016-10-11,0,Overnight,0.0,False,-32.84,-32.84,-112.77,False,0.0,False
2016-10-11,2016-10-12,0,Overnight,0.0,False,-40.91,-40.91,86.17,False,0.0,False
2016-10-12,2016-10-13,0,Overnight,0.0,False,-118.11,-118.11,-45.8,False,0.0,False
2016-10-13,2016-10-14,0,Overnight,0.0,False,121.67,121.67,-24.22,False,0.0,False
2016-10-14,2016-10-17,2,Weekend,48.0,False,-1.52,-1.52,-56.24,False,0.0,False
2016-10-17,2016-10-18,0,Overnight,0.0,False,137.75,137.75,13.52,False,0.0,False
2016-10-18,2016-10-19,0,Overnight,0.0,False,-67.79,-67.79,46.75,False,0.0,False
2016-10-19,2016-10-20,0,Overnight,0.0,False,116.66,116.66,71.12,False,0.0,False
2016-10-20,2016-10-21,0,Overnight,0.0,False,-35.5,-35.5,7.41,False,0.0,False
2016-10-21,2016-10-24,2,Weekend,48.0,False,67.88,67.88,390.79,False,0.0,False
2016-10-24,2016-10-25,0,Overnight,0.0,False,-16.99,-16.99,179.7,False,0.0,False
2016-10-25,2016-10-26,0,Overnight,0.0,False,-83.83,-83.83,124.1,False,0.0,False
2016-10-26,2016-10-27,0,Overnight,0.0,False,75.93,75.93,-283.16,False,0.0,False
2016-10-27,2016-10-28,0,Overnight,0.0,False,47.99,47.99,-64.98,False,0.0,False
2016-10-28,2016-10-31,2,Weekend,48.0,False,32.54,32.54,52.13,False,0.0,False
2016-10-31,2016-11-01,0,Overnight,0.0,False,36.47,36.47,-337.47,False,0.0,False
2016-11-01,2016-11-02,0,Overnight,0.0,False,76.46,76.46,-118.55,False,0.0,False
2016-11-02,2016-11-03,0,Overnight,0.0,False,46.43,46.43,-163.46,False,0.0,False
2016-11-03,2016-11-04,0,Overnight,0.0,False,-66.44,-66.44,8.88,False,0.0,False
2016-11-04,2016-11-07,2,Weekend,49.0,False,288.82,288.82,244.3,False,0.0,False
2016-11-07,2016-11-08,0,Overnight,0.0,False,37.81,37.81,-53.26,False,0.0,False
2016-11-08,2016-11-09,0,Overnight,0.0,False,-274.97,-274.97,104.89,False,0.0,False
2016-11-09,2016-11-10,0,Overnight,0.0,False,216.34,216.34,-534.38,False,0.0,False
2016-11-10,2016-11-11,0,Overnight,0.0,False,1597.63,1597.63,1011.13,False,0.0,False
2016-11-11,2016-11-14,2,Weekend,48.0,False,13.63,13.63,-518.37,False,0.0,False
2016-11-14,2016-11-15,0,Overnight,0.0,False,77.41,77.41,222.91,False,0.0,False
2016-11-15,2016-11-16,0,Overnight,0.0,False,132.54,132.54,479.5,False,0.0,False
2016-11-16,2016-11-17,0,Overnight,0.0,False,73.94,73.94,8.66,False,0.0,False
2016-11-17,2016-11-18,0,Overnight,0.0,False,0.0,0.0,104.44,False,0.0,False
2016-11-18,2016-11-21,2,Weekend,48.0,False,77.89,77.89,-118.67,False,0.0,False
2016-11-21,2016-11-22,0,Overnight,0.0,False,34.36,34.36,37.44,False,0.0,False
2016-11-22,2016-11-23,0,Overnight,0.0,False,7.47,22.4,26.64,True,14.95,False
2016-11-23,2016-11-25,1,Short,24.0,False,47.77,47.77,-27.57,False,0.0,False
2016-11-25,2016-11-28,2,Weekend,48.0,True,-30.85,-30.85,25.53,False,0.0,False
2016-11-28,2016-11-29,0,Overnight,0.0,False,-11.7,-11.7,-80.11,False,0.0,False
2016-11-29,2016-11-30,0,Overnight,0.0,False,37.46,37.46,-150.7,False,0.0,False
2016-11-30,2016-12-01,0,Overnight,0.0,False,-10.85,-10.85,-496.37,False,0.0,False
2016-12-01,2016-12-02,0,Overnight,0.0,False,-159.87,-159.87,251.87,False,0.0,False
2016-12-02,2016-12-05,2,Weekend,48.0,False,172.61,172.61,207.85,False,0.0,False
2016-12-05,2016-12-06,0,Overnight,0.0,False,35.85,35.85,127.16,False,0.0,False
2016-12-06,2016-12-07,0,Overnight,0.0,False,-59.07,-59.07,237.36,False,0.0,False
2016-12-07,2016-12-08,0,Overnight,0.0,False,12.61,12.61,-181.27,False,0.0,False
2016-12-08,2016-12-09,0,Overnight,0.0,False,76.73,76.73,-255.9,False,0.0,False
2016-12-09,2016-12-12,2,Weekend,48.0,False,-216.89,-216.89,-28.98,False,0.0,False
2016-12-12,2016-12-13,0,Overnight,0.0,False,55.65,55.65,119.17,False,0.0,False
2016-12-13,2016-12-14,0,Overnight,0.0,False,149.15,149.15,413.84,False,0.0,False
2016-12-14,2016-12-15,0,Overnight,0.0,False,46.55,46.55,185.07,False,0.0,False
2016-12-15,2016-12-16,0,Overnight,0.0,False,112.82,112.82,57.93,False,0.0,False
2016-12-16,2016-12-19,2,Weekend,48.0,False,-70.96,-70.96,191.73,False,0.0,False
2016-12-19,2016-12-20,0,Overnight,0.0,False,286.14,286.14,56.26,False,0.0,False
2016-12-20,2016-12-21,0,Overnight,0.0,False,44.59,44.59,17.97,False,0.0,False
2016-12-21,2016-12-22,0,Overnight,0.0,False,93.11,93.11,27.11,False,0.0,False
2016-12-22,2016-12-23,0,Overnight,0.0,False,-68.39,-68.39,314.61,False,0.0,False
2016-12-23,2016-12-27,3,Long,72.0,False,205.56,205.56,458.71,False,0.0,False
2016-12-27,2016-12-28,0,Overnight,0.0,False,192.48,192.48,-905.14,False,0.0,False
2016-12-28,2016-12-29,0,Overnight,0.0,False,-406.31,-406.31,603.89,False,0.0,False
2016-12-29,2016-12-30,0,Overnight,0.0,False,-7.18,-7.18,-422.82,False,0.0,False
2016-12-30,2017-01-03,3,Long,72.0,False,-221.66,-221.66,-231.59,False,0.0,False
2017-01-03,2017-01-04,0,Overnight,0.0,False,135.34,135.34,95.29,False,0.0,False
2017-01-04,2017-01-05,0,Overnight,0.0,False,13.4,13.4,-270.54,False,0.0,False
2017-01-05,2017-01-06,0,Overnight,0.0,False,108.51,108.51,24.28,False,0.0,False
2017-01-06,2017-01-09,2,Weekend,48.0,False,38.72,38.72,358.71,False,0.0,False
2017-01-09,2017-01-10,0,Overnight,0.0,False,49.28,49.28,-125.07,False,0.0,False
2017-01-10,2017-01-11,0,Overnight,0.0,False,-44.24,-44.24,-79.56,False,0.0,False
2017-01-11,2017-01-12,0,Overnight,0.0,False,-88.83,-88.83,-76.08,False,0.0,False
2017-01-12,2017-01-13,0,Overnight,0.0,False,15.46,15.46,-16.42,False,0.0,False
2017-01-13,2017-01-17,3,Long,72.0,False,-41.66,-41.66,-185.2,False,0.0,False
2017-01-17,2017-01-18,0,Overnight,0.0,False,-86.42,-86.42,266.76,False,0.0,False
2017-01-18,2017-01-19,0,Overnight,0.0,False,11.65,11.65,200.75,False,0.0,False
2017-01-19,2017-01-20,0,Overnight,0.0,False,87.11,87.11,-197.06,False,0.0,False
2017-01-20,2017-01-23,2,Weekend,48.0,False,-20.21,-20.21,123.51,False,0.0,False
2017-01-23,2017-01-24,0,Overnight,0.0,False,38.94,38.94,171.97,False,0.0,False
2017-01-24,2017-01-25,0,Overnight,0.0,False,158.98,158.98,-116.22,False,0.0,False
2017-01-25,2017-01-26,0,Overnight,0.0,False,10.2,10.2,160.89,False,0.0,False
2017-01-26,2017-01-27,0,Overnight,0.0,False,25.5,25.5,165.99,False,0.0,False
2017-01-27,2017-01-30,2,Weekend,48.0,False,-76.34,-76.34,-81.47,False,0.0,False
2017-01-30,2017-01-31,0,Overnight,0.0,False,-97.73,-97.73,21.09,False,0.0,False
2017-01-31,2017-02-01,0,Overnight,0.0,False,127.41,127.41,300.21,False,0.0,False
2017-02-01,2017-02-02,0,Overnight,0.0,False,-57.21,-57.21,182.79,False,0.0,False
2017-02-02,2017-02-03,0,Overnight,0.0,False,5.2,5.2,-93.11,False,0.0,False
2017-02-03,2017-02-06,2,Weekend,48.0,False,-33.28,-33.28,286.22,False,0.0,False
2017-02-06,2017-02-07,0,Overnight,0.0,False,117.79,117.79,36.16,False,0.0,False
2017-02-07,2017-02-08,0,Overnight,0.0,False,-61.47,-61.47,17.72,False,0.0,False
2017-02-08,2017-02-09,0,Overnight,0.0,False,21.06,21.06,-210.86,False,0.0,False
2017-02-09,2017-02-10,0,Overnight,0.0,False,300.48,300.48,-540.49,False,0.0,False
2017-02-10,2017-02-13,2,Weekend,48.0,False,-20.26,-20.26,-451.9,False,0.0,False
2017-02-13,2017-02-14,0,Overnight,0.0,False,-36.05,-36.05,72.89,False,0.0,False
2017-02-14,2017-02-15,0,Overnight,0.0,False,11.03,11.03,9.18,False,0.0,False
2017-02-15,2017-02-16,0,Overnight,0.0,False,35.72,35.72,-197.57,False,0.0,False
2017-02-16,2017-02-17,0,Overnight,0.0,False,-51.41,-51.41,49.55,False,0.0,False
2017-02-17,2017-02-21,3,Long,72.0,False,92.83,92.83,259.02,False,0.0,False
2017-02-21,2017-02-22,0,Overnight,0.0,False,31.46,44.02,-59.41,True,12.6,False
2017-02-22,2017-02-23,0,Overnight,0.0,False,-486.55,-486.55,-486.53,False,0.0,False
2017-02-23,2017-02-24,0,Overnight,0.0,False,-346.26,-346.26,442.32,False,0.0,False
2017-02-24,2017-02-27,2,Weekend,48.0,False,72.67,72.67,213.94,False,0.0,False
2017-02-27,2017-02-28,0,Overnight,0.0,False,37.28,37.28,-321.92,False,0.0,False
2017-02-28,2017-03-01,0,Overnight,0.0,False,225.08,225.08,-96.82,False,0.0,False
2017-03-01,2017-03-02,0,Overnight,0.0,False,-50.72,-50.72,-324.97,False,0.0,False
2017-03-02,2017-03-03,0,Overnight,0.0,False,-43.53,-43.53,-14.21,False,0.0,False
2017-03-03,2017-03-06,2,Weekend,48.0,False,-150.47,-150.47,72.96,False,0.0,False
2017-03-06,2017-03-07,0,Overnight,0.0,False,0.0,0.0,108.96,False,0.0,False
2017-03-07,2017-03-08,0,Overnight,0.0,False,196.56,196.56,-214.8,False,0.0,False
2017-03-08,2017-03-09,0,Overnight,0.0,False,-66.17,-66.17,64.14,False,0.0,False
2017-03-09,2017-03-10,0,Overnight,0.0,False,108.0,108.0,-49.31,False,0.0,False
2017-03-10,2017-03-13,2,Weekend,47.0,False,42.28,42.28,229.42,False,0.0,False
2017-03-13,2017-03-14,0,Overnight,0.0,False,50.93,50.93,-57.8,False,0.0,False
2017-03-14,2017-03-15,0,Overnight,0.0,False,46.07,46.07,29.3,False,0.0,False
2017-03-15,2017-03-16,0,Overnight,0.0,False,41.84,41.84,80.28,False,0.0,False
2017-03-16,2017-03-17,0,Overnight,0.0,False,68.16,68.16,147.21,False,0.0,False
2017-03-17,2017-03-20,2,Weekend,48.0,False,66.71,66.71,246.97,False,0.0,False
2017-03-20,2017-03-21,0,Overnight,0.0,False,-64.16,-64.16,-264.62,False,0.0,False
2017-03-21,2017-03-22,0,Overnight,0.0,False,-42.58,-42.58,244.47,False,0.0,False
2017-03-22,2017-03-23,0,Overnight,0.0,False,-29.65,-29.65,-61.44,False,0.0,False
2017-03-23,2017-03-24,0,Overnight,0.0,False,174.03,174.03,-138.61,False,0.0,False
2017-03-24,2017-03-27,2,Weekend,48.0,False,-177.43,-177.43,249.74,False,0.0,False
2017-03-27,2017-03-28,0,Overnight,0.0,False,4.62,4.62,-56.48,False,0.0,False
2017-03-28,2017-03-29,0,Overnight,0.0,False,27.82,27.82,-60.37,False,0.0,False
2017-03-29,2017-03-30,0,Overnight,0.0,False,26.98,26.98,163.11,False,0.0,False
2017-03-30,2017-03-31,0,Overnight,0.0,False,-35.71,-35.71,-7.34,False,0.0,False
2017-03-31,2017-04-03,2,Weekend,48.0,False,1.84,1.84,-52.45,False,0.0,False
2017-04-03,2017-04-04,0,Overnight,0.0,False,-470.39,-470.39,-256.65,False,0.0,False
2017-04-04,2017-04-05,0,Overnight,0.0,False,-75.7,-75.7,1.0,False,0.0,False
2017-04-05,2017-04-06,0,Overnight,0.0,False,20.97,20.97,51.74,False,0.0,False
2017-04-06,2017-04-07,0,Overnight,0.0,False,25.77,25.77,-68.54,False,0.0,False
2017-04-07,2017-04-10,2,Weekend,48.0,False,2.99,2.99,-261.46,False,0.0,False
2017-04-10,2017-04-11,0,Overnight,0.0,False,-125.57,-125.57,161.3,False,0.0,False
2017-04-11,2017-04-12,0,Overnight,0.0,False,0.0,0.0,-82.89,False,0.0,False
2017-04-12,2017-04-13,0,Overnight,0.0,False,-101.22,-101.22,-87.58,False,0.0,False
2017-04-13,2017-04-17,3,Long,72.0,False,54.31,54.31,329.88,False,0.0,False
2017-04-17,2017-04-18,0,Overnight,0.0,False,-58.62,-58.62,64.67,False,0.0,False
2017-04-18,2017-04-19,0,Overnight,0.0,False,71.25,71.25,-32.05,False,0.0,False
2017-04-19,2017-04-20,0,Overnight,0.0,False,59.01,59.01,98.25,False,0.0,False
2017-04-20,2017-04-21,0,Overnight,0.0,False,-41.56,-41.56,82.96,False,0.0,False
2017-04-21,2017-04-24,2,Weekend,48.0,False,125.1,125.1,-0.97,False,0.0,False
2017-04-24,2017-04-25,0,Overnight,0.0,False,57.15,57.15,115.23,False,0.0,False
2017-04-25,2017-04-26,0,Overnight,0.0,False,52.37,52.37,-121.35,False,0.0,False
2017-04-26,2017-04-27,0,Overnight,0.0,False,28.8,28.8,125.74,False,0.0,False
2017-04-27,2017-04-28,0,Overnight,0.0,False,-26.54,-26.54,-101.12,False,0.0,False
2017-04-28,2017-05-01,2,Weekend,48.0,False,42.1,42.1,179.78,False,0.0,False
2017-05-01,2017-05-02,0,Overnight,0.0,False,-102.74,-102.74,-198.06,False,0.0,False
2017-05-02,2017-05-03,0,Overnight,0.0,False,-27.1,-27.1,101.23,False,0.0,False
2017-05-03,2017-05-04,0,Overnight,0.0,False,23.95,23.95,-62.4,False,0.0,False
2017-05-04,2017-05-05,0,Overnight,0.0,False,-45.36,-45.36,46.32,False,0.0,False
2017-05-05,2017-05-08,2,Weekend,48.0,False,46.11,46.11,-151.61,False,0.0,False
2017-05-08,2017-05-09,0,Overnight,0.0,False,22.36,22.36,-5.83,False,0.0,False
2017-05-09,2017-05-10,0,Overnight,0.0,False,1045.93,1045.93,594.45,False,0.0,False
2017-05-10,2017-05-11,0,Overnight,0.0,False,-102.76,-102.76,523.34,False,0.0,False
2017-05-11,2017-05-12,0,Overnight,0.0,False,10.27,10.27,99.01,False,0.0,False
2017-05-12,2017-05-15,2,Weekend,48.0,False,129.74,129.74,360.06,False,0.0,False
2017-05-15,2017-05-16,0,Overnight,0.0,False,152.95,152.95,31.48,False,0.0,False
2017-05-16,2017-05-17,0,Overnight,0.0,False,-200.07,-200.07,-487.45,False,0.0,False
2017-05-17,2017-05-18,0,Overnight,0.0,False,138.41,138.41,271.94,False,0.0,False
2017-05-18,2017-05-19,0,Overnight,0.0,False,293.25,303.46,-75.45,True,10.52,False
2017-05-19,2017-05-22,2,Weekend,48.0,False,129.31,129.31,81.69,False,0.0,False
2017-05-22,2017-05-23,0,Overnight,0.0,False,57.43,57.43,-192.97,False,0.0,False
2017-05-23,2017-05-24,0,Overnight,0.0,False,282.76,282.76,-171.01,False,0.0,False
2017-05-24,2017-05-25,0,Overnight,0.0,False,102.67,102.67,-125.06,False,0.0,False
2017-05-25,2017-05-26,0,Overnight,0.0,False,-23.9,-23.9,279.53,False,0.0,False
2017-05-26,2017-05-30,3,Long,72.0,False,130.28,130.28,81.09,False,0.0,False
2017-05-30,2017-05-31,0,Overnight,0.0,False,124.85,124.85,-160.81,False,0.0,False
2017-05-31,2017-06-01,0,Overnight,0.0,False,44.24,44.24,-43.55,False,0.0,False
2017-06-01,2017-06-02,0,Overnight,0.0,False,-8.32,-8.32,-41.68,False,0.0,False
2017-06-02,2017-06-05,2,Weekend,48.0,False,-46.05,-46.05,345.75,False,0.0,False
2017-06-05,2017-06-06,0,Overnight,0.0,False,-12.85,-12.85,-32.52,False,0.0,False
2017-06-06,2017-06-07,0,Overnight,0.0,False,66.97,66.97,53.12,False,0.0,False
2017-06-07,2017-06-08,0,Overnight,0.0,False,286.89,286.89,413.59,False,0.0,False
2017-06-08,2017-06-09,0,Overnight,0.0,False,295.7,295.7,-964.03,False,0.0,False
2017-06-09,2017-06-12,2,Weekend,48.0,False,-251.81,-251.81,276.51,False,0.0,False
2017-06-12,2017-06-13,0,Overnight,0.0,False,291.11,291.11,-196.21,False,0.0,False
2017-06-13,2017-06-14,0,Overnight,0.0,False,7.92,7.92,13.19,False,0.0,False
2017-06-14,2017-06-15,0,Overnight,0.0,False,-318.76,-318.76,361.51,False,0.0,False
2017-06-15,2017-06-16,0,Overnight,0.0,False,25.56,25.56,-74.91,False,0.0,False
2017-06-16,2017-06-19,2,Weekend,48.0,False,117.37,117.37,251.68,False,0.0,False
2017-06-19,2017-06-20,0,Overnight,0.0,False,108.11,108.11,-122.74,False,0.0,False
2017-06-20,2017-06-21,0,Overnight,0.0,False,71.04,71.04,79.33,False,0.0,False
2017-06-21,2017-06-22,0,Overnight,0.0,False,20.67,20.67,-89.89,False,0.0,False
2017-06-22,2017-06-23,0,Overnight,0.0,False,19.56,19.56,-310.41,False,0.0,False
2017-06-23,2017-06-26,2,Weekend,48.0,False,86.09,86.09,-195.9,False,0.0,False
2017-06-26,2017-06-27,0,Overnight,0.0,False,-46.77,-46.77,-326.18,False,0.0,False
2017-06-27,2017-06-28,0,Overnight,0.0,False,185.2,185.2,161.43,False,0.0,False
2017-06-28,2017-06-29,0,Overnight,0.0,False,-76.07,-76.07,-263.74,False,0.0,False
2017-06-29,2017-06-30,0,Overnight,0.0,False,47.61,47.61,-193.2,False,0.0,False
2017-06-30,2017-07-03,2,Weekend,48.0,False,33.84,33.84,-402.33,False,0.0,False
2017-07-03,2017-07-05,1,Short,24.0,True,182.77,182.77,80.72,False,0.0,False
2017-07-05,2017-07-06,0,Overnight,0.0,False,-82.83,-82.83,112.85,False,0.0,False
2017-07-06,2017-07-07,0,Overnight,0.0,False,159.03,159.03,67.0,False,0.0,False
2017-07-07,2017-07-10,2,Weekend,48.0,False,201.02,201.02,261.02,False,0.0,False
2017-07-10,2017-07-11,0,Overnight,0.0,False,9.75,9.75,131.08,False,0.0,False
2017-07-11,2017-07-12,0,Overnight,0.0,False,154.05,154.05,262.48,False,0.0,False
2017-07-12,2017-07-13,0,Overnight,0.0,False,30.11,30.11,-146.47,False,0.0,False
2017-07-13,2017-07-14,0,Overnight,0.0,False,41.0,41.0,224.38,False,0.0,False
2017-07-14,2017-07-17,2,Weekend,48.0,False,83.31,83.31,-125.84,False,0.0,False
2017-07-17,2017-07-18,0,Overnight,0.0,False,-151.52,-151.52,255.09,False,0.0,False
2017-07-18,2017-07-19,0,Overnight,0.0,False,22.27,22.27,-74.22,False,0.0,False
2017-07-19,2017-07-20,0,Overnight,0.0,False,50.15,50.15,94.17,False,0.0,False
2017-07-20,2017-07-21,0,Overnight,0.0,False,-49.68,-49.68,85.43,False,0.0,False
2017-07-21,2017-07-24,2,Weekend,48.0,False,17.24,17.24,-133.92,False,0.0,False
2017-07-24,2017-07-25,0,Overnight,0.0,False,-56.13,-56.13,7.87,False,0.0,False
2017-07-25,2017-07-26,0,Overnight,0.0,False,139.93,139.93,-25.08,False,0.0,False
2017-07-26,2017-07-27,0,Overnight,0.0,False,60.2,60.2,-395.8,False,0.0,False
2017-07-27,2017-07-28,0,Overnight,0.0,False,-90.05,-90.05,252.57,False,0.0,False
2017-07-28,2017-07-31,2,Weekend,48.0,False,33.4,33.4,-148.42,False,0.0,False
2017-07-31,2017-08-01,0,Overnight,0.0,False,-23.41,-23.41,144.51,False,0.0,False
2017-08-01,2017-08-02,0,Overnight,0.0,False,76.31,76.31,-82.39,False,0.0,False
2017-08-02,2017-08-03,0,Overnight,0.0,False,-1.22,-1.22,127.55,False,0.0,False
2017-08-03,2017-08-04,0,Overnight,0.0,False,55.11,55.11,-11.36,False,0.0,False
2017-08-04,2017-08-07,2,Weekend,48.0,False,70.32,70.32,232.45,False,0.0,False
2017-08-07,2017-08-08,0,Overnight,0.0,False,88.96,88.96,-208.61,False,0.0,False
2017-08-08,2017-08-09,0,Overnight,0.0,False,-110.41,-110.41,216.14,False,0.0,False
2017-08-09,2017-08-10,0,Overnight,0.0,False,2.9,2.9,-440.56,False,0.0,False
2017-08-10,2017-08-11,0,Overnight,0.0,False,-472.31,-472.31,-75.38,False,0.0,False
2017-08-11,2017-08-14,2,Weekend,48.0,False,235.1,235.1,532.33,False,0.0,False
2017-08-14,2017-08-15,0,Overnight,0.0,False,12.46,12.46,-97.14,False,0.0,False
2017-08-15,2017-08-16,0,Overnight,0.0,False,36.46,36.46,-146.66,False,0.0,False
2017-08-16,2017-08-17,0,Overnight,0.0,False,-20.61,-20.61,-204.74,False,0.0,False
2017-08-17,2017-08-18,0,Overnight,0.0,False,135.33,135.33,-133.47,False,0.0,False
2017-08-18,2017-08-21,2,Weekend,48.0,False,61.11,61.11,-207.69,False,0.0,False
2017-08-21,2017-08-22,0,Overnight,0.0,False,83.84,92.56,127.54,True,8.8,False
2017-08-22,2017-08-23,0,Overnight,0.0,False,-83.4,-83.4,281.36,False,0.0,False
2017-08-23,2017-08-24,0,Overnight,0.0,False,78.1,78.1,-114.96,False,0.0,False
2017-08-24,2017-08-25,0,Overnight,0.0,False,59.15,59.15,-143.04,False,0.0,False
2017-08-25,2017-08-28,2,Weekend,48.0,False,46.9,46.9,23.67,False,0.0,False
2017-08-28,2017-08-29,0,Overnight,0.0,False,-145.32,-145.32,128.94,False,0.0,False
2017-08-29,2017-08-30,0,Overnight,0.0,False,48.46,48.46,10.87,False,0.0,False
2017-08-30,2017-08-31,0,Overnight,0.0,False,49.37,49.37,175.04,False,0.0,False
2017-08-31,2017-09-01,0,Overnight,0.0,False,30.05,30.05,29.96,False,0.0,False
2017-09-01,2017-09-05,3,Long,72.0,False,-122.77,-122.77,-147.78,False,0.0,False
2017-09-05,2017-09-06,0,Overnight,0.0,False,79.84,79.84,-85.87,False,0.0,False
2017-09-06,2017-09-07,0,Overnight,0.0,False,40.93,40.93,5.4,False,0.0,False
2017-09-07,2017-09-08,0,Overnight,0.0,False,-28.25,-28.25,-146.76,False,0.0,False
2017-09-08,2017-09-11,2,Weekend,48.0,False,112.38,112.38,206.86,False,0.0,False
2017-09-11,2017-09-12,0,Overnight,0.0,False,59.0,59.0,-22.97,False,0.0,False
2017-09-12,2017-09-13,0,Overnight,0.0,False,-60.32,-60.32,105.03,False,0.0,False
2017-09-13,2017-09-14,0,Overnight,0.0,False,-93.17,-93.17,36.07,False,0.0,False
2017-09-14,2017-09-15,0,Overnight,0.0,False,202.19,202.19,410.86,False,0.0,False
2017-09-15,2017-09-18,2,Weekend,48.0,False,275.45,275.45,129.33,False,0.0,False
2017-09-18,2017-09-19,0,Overnight,0.0,False,-109.37,-109.37,98.7,False,0.0,False
2017-09-19,2017-09-20,0,Overnight,0.0,False,8.0,8.0,-88.93,False,0.0,False
2017-09-20,2017-09-21,0,Overnight,0.0,False,-228.59,-228.59,-48.57,False,0.0,False
2017-09-21,2017-09-22,0,Overnight,0.0,False,-25.48,-25.48,-72.36,False,0.0,False
2017-09-22,2017-09-25,2,Weekend,48.0,False,-70.08,-70.08,-387.15,False,0.0,False
2017-09-25,2017-09-26,0,Overnight,0.0,False,313.74,313.74,-257.76,False,0.0,False
2017-09-26,2017-09-27,0,Overnight,0.0,False,210.61,210.61,6.26,False,0.0,False
2017-09-27,2017-09-28,0,Overnight,0.0,False,16.49,16.49,-19.33,False,0.0,False
2017-09-28,2017-09-29,0,Overnight,0.0,False,191.68,191.68,-17.33,False,0.0,False
2017-09-29,2017-10-02,2,Weekend,48.0,False,112.91,112.91,-100.06,False,0.0,False
2017-10-02,2017-10-03,0,Overnight,0.0,False,13.96,13.96,6.69,False,0.0,False
2017-10-03,2017-10-04,0,Overnight,0.0,False,13.93,13.93,69.35,False,0.0,False
2017-10-04,2017-10-05,0,Overnight,0.0,False,54.59,54.59,-60.12,False,0.0,False
2017-10-05,2017-10-06,0,Overnight,0.0,False,-62.15,-62.15,91.43,False,0.0,False
2017-10-06,2017-10-09,2,Weekend,48.0,False,81.85,81.85,141.24,False,0.0,False
2017-10-09,2017-10-10,0,Overnight,0.0,False,320.6,320.6,-131.46,False,0.0,False
2017-10-10,2017-10-11,0,Overnight,0.0,False,35.4,35.4,70.43,False,0.0,False
2017-10-11,2017-10-12,0,Overnight,0.0,False,7.33,7.33,-2.62,False,0.0,False
2017-10-12,2017-10-13,0,Overnight,0.0,False,131.05,131.05,53.59,False,0.0,False
2017-10-13,2017-10-16,2,Weekend,48.0,False,61.99,61.99,108.2,False,0.0,False
2017-10-16,2017-10-17,0,Overnight,0.0,False,-42.53,-42.53,33.43,False,0.0,False
2017-10-17,2017-10-18,0,Overnight,0.0,False,18.19,18.19,-26.79,False,0.0,False
2017-10-18,2017-10-19,0,Overnight,0.0,False,-160.2,-160.2,171.33,False,0.0,False
2017-10-19,2017-10-20,0,Overnight,0.0,False,34.82,34.82,-80.43,False,0.0,False
2017-10-20,2017-10-23,2,Weekend,48.0,False,44.59,44.59,-58.82,False,0.0,False
2017-10-23,2017-10-24,0,Overnight,0.0,False,18.8,18.8,85.43,False,0.0,False
2017-10-24,2017-10-25,0,Overnight,0.0,False,-80.86,-80.86,-175.06,False,0.0,False
2017-10-25,2017-10-26,0,Overnight,0.0,False,57.67,57.67,46.61,False,0.0,False
2017-10-26,2017-10-27,0,Overnight,0.0,False,107.25,107.25,203.18,False,0.0,False
2017-10-27,2017-10-30,2,Weekend,48.0,False,0.0,0.0,97.61,False,0.0,False
2017-10-30,2017-10-31,0,Overnight,0.0,False,63.09,63.09,81.57,False,0.0,False
2017-10-31,2017-11-01,0,Overnight,0.0,False,122.07,122.07,-103.23,False,0.0,False
2017-11-01,2017-11-02,0,Overnight,0.0,False,-58.08,-58.08,-2.91,False,0.0,False
2017-11-02,2017-11-03,0,Overnight,0.0,False,61.0,61.0,71.65,False,0.0,False
2017-11-03,2017-11-06,2,Weekend,49.0,False,-71.65,-71.65,116.6,False,0.0,False
2017-11-06,2017-11-07,0,Overnight,0.0,False,43.79,43.79,70.05,False,0.0,False
2017-11-07,2017-11-08,0,Overnight,0.0,False,-8.49,-8.49,-127.79,False,0.0,False
2017-11-08,2017-11-09,0,Overnight,0.0,False,-187.73,-187.73,2.44,False,0.0,False
2017-11-09,2017-11-10,0,Overnight,0.0,False,370.98,370.98,142.59,False,0.0,False
2017-11-10,2017-11-13,2,Weekend,48.0,False,0.0,0.0,-163.73,False,0.0,False
2017-11-13,2017-11-14,0,Overnight,0.0,False,17.39,17.39,55.25,False,0.0,False
2017-11-14,2017-11-15,0,Overnight,0.0,False,-104.66,-104.66,-93.38,False,0.0,False
2017-11-15,2017-11-16,0,Overnight,0.0,False,141.86,141.86,-64.53,False,0.0,False
2017-11-16,2017-11-17,0,Overnight,0.0,False,108.57,108.57,-120.39,False,0.0,False
2017-11-17,2017-11-20,2,Weekend,48.0,False,29.76,29.76,98.11,False,0.0,False
2017-11-20,2017-11-21,0,Overnight,0.0,False,74.92,74.92,16.68,False,0.0,False
2017-11-21,2017-11-22,0,Overnight,0.0,False,43.87,50.78,-95.85,True,6.94,False
2017-11-22,2017-11-24,1,Short,24.0,False,30.66,30.66,63.35,False,0.0,False
2017-11-24,2017-11-27,2,Weekend,48.0,True,16.12,16.12,-146.95,False,0.0,False
2017-11-27,2017-11-28,0,Overnight,0.0,False,9.8,9.8,-171.27,False,0.0,False
2017-11-28,2017-11-29,0,Overnight,0.0,False,-33.28,-33.28,-669.0,False,0.0,False
2017-11-29,2017-11-30,0,Overnight,0.0,False,140.54,140.54,75.52,False,0.0,False
2017-11-30,2017-12-01,0,Overnight,0.0,False,-70.0,-70.0,-82.12,False,0.0,False
2017-12-01,2017-12-04,2,Weekend,48.0,False,119.18,119.18,-692.79,False,0.0,False
2017-12-04,2017-12-05,0,Overnight,0.0,False,-230.87,-230.87,288.56,False,0.0,False
2017-12-05,2017-12-06,0,Overnight,0.0,False,-109.26,-109.26,189.89,False,0.0,False
2017-12-06,2017-12-07,0,Overnight,0.0,False,141.65,141.65,1.56,False,0.0,False
2017-12-07,2017-12-08,0,Overnight,0.0,False,104.66,104.66,-130.74,False,0.0,False
2017-12-08,2017-12-11,2,Weekend,48.0,False,29.72,29.72,134.47,False,0.0,False
2017-12-11,2017-12-12,0,Overnight,0.0,False,-90.83,-90.83,-107.37,False,0.0,False
2017-12-12,2017-12-13,0,Overnight,0.0,False,86.61,86.61,-333.82,False,0.0,False
2017-12-13,2017-12-14,0,Overnight,0.0,False,-13.97,-13.97,29.54,False,0.0,False
2017-12-14,2017-12-15,0,Overnight,0.0,False,95.0,95.0,174.3,False,0.0,False
2017-12-15,2017-12-18,2,Weekend,48.0,False,85.25,85.25,240.36,False,0.0,False
2017-12-18,2017-12-19,0,Overnight,0.0,False,-19.22,-19.22,-71.64,False,0.0,False
2017-12-19,2017-12-20,0,Overnight,0.0,False,80.75,80.75,-45.63,False,0.0,False
2017-12-20,2017-12-21,0,Overnight,0.0,False,7.11,7.11,-53.46,False,0.0,False
2017-12-21,2017-12-22,0,Overnight,0.0,False,-76.35,-76.35,44.65,False,0.0,False
2017-12-22,2017-12-26,3,Long,72.0,False,-115.38,-115.38,225.89,False,0.0,False
2017-12-26,2017-12-27,0,Overnight,0.0,False,-27.39,-27.39,13.7,False,0.0,False
2017-12-27,2017-12-28,0,Overnight,0.0,False,48.57,48.57,-36.91,False,0.0,False
2017-12-28,2017-12-29,0,Overnight,0.0,False,53.55,53.55,-253.1,False,0.0,False
2017-12-29,2018-01-02,3,Long,72.0,False,117.14,117.14,180.7,False,0.0,False
2018-01-02,2018-01-03,0,Overnight,0.0,False,235.48,235.48,401.91,False,0.0,False
2018-01-03,2018-01-04,0,Overnight,0.0,False,153.66,153.66,-101.08,False,0.0,False
2018-01-04,2018-01-05,0,Overnight,0.0,False,28.05,28.05,56.33,False,0.0,False
2018-01-05,2018-01-08,2,Weekend,48.0,False,229.47,229.47,72.33,False,0.0,False
2018-01-08,2018-01-09,0,Overnight,0.0,False,9.91,9.91,-12.61,False,0.0,False
2018-01-09,2018-01-10,0,Overnight,0.0,False,-169.95,-169.95,248.04,False,0.0,False
2018-01-10,2018-01-11,0,Overnight,0.0,False,58.84,58.84,-40.97,False,0.0,False
2018-01-11,2018-01-12,0,Overnight,0.0,False,-21.44,-21.44,-27.77,False,0.0,False
2018-01-12,2018-01-16,3,Long,72.0,False,47.87,47.87,-177.42,False,0.0,False
2018-01-16,2018-01-17,0,Overnight,0.0,False,26.77,26.77,180.51,False,0.0,False
2018-01-17,2018-01-18,0,Overnight,0.0,False,-34.77,-34.77,22.3,False,0.0,False
2018-01-18,2018-01-19,0,Overnight,0.0,False,161.32,161.32,88.17,False,0.0,False
2018-01-19,2018-01-22,2,Weekend,48.0,False,13.9,13.9,140.48,False,0.0,False
2018-01-22,2018-01-23,0,Overnight,0.0,False,92.01,92.01,128.91,False,0.0,False
2018-01-23,2018-01-24,0,Overnight,0.0,False,5.44,5.44,-136.47,False,0.0,False
2018-01-24,2018-01-25,0,Overnight,0.0,False,92.87,92.87,-69.57,False,0.0,False
2018-01-25,2018-01-26,0,Overnight,0.0,False,74.61,74.61,216.44,False,0.0,False
2018-01-26,2018-01-29,2,Weekend,48.0,False,-24.28,-24.28,167.9,False,0.0,False
2018-01-29,2018-01-30,0,Overnight,0.0,False,-235.28,-235.28,66.55,False,0.0,False
2018-01-30,2018-01-31,0,Overnight,0.0,False,124.88,124.88,1.22,False,0.0,False
2018-01-31,2018-02-01,0,Overnight,0.0,False,-300.65,-300.65,82.67,False,0.0,False
2018-02-01,2018-02-02,0,Overnight,0.0,False,-146.6,-146.6,-147.92,False,0.0,False
2018-02-02,2018-02-05,2,Weekend,48.0,False,-283.18,-283.18,-603.77,False,0.0,False
2018-02-05,2018-02-06,0,Overnight,0.0,False,-444.94,-444.94,985.96,False,0.0,False
2018-02-06,2018-02-07,0,Overnight,0.0,False,175.77,175.77,-34.03,False,0.0,False
2018-02-07,2018-02-08,0,Overnight,0.0,False,219.6,219.6,-725.17,False,0.0,False
2018-02-08,2018-02-09,0,Overnight,0.0,False,910.3,910.3,-262.38,False,0.0,False
2018-02-09,2018-02-12,2,Weekend,48.0,False,140.34,140.34,-316.39,False,0.0,False
2018-02-12,2018-02-13,0,Overnight,0.0,False,-64.67,-64.67,264.39,False,0.0,False
2018-02-13,2018-02-14,0,Overnight,0.0,False,-70.31,-70.31,441.2,False,0.0,False
2018-02-14,2018-02-15,0,Overnight,0.0,False,138.63,138.63,69.61,False,0.0,False
2018-02-15,2018-02-16,0,Overnight,0.0,False,-44.72,-44.72,-63.77,False,0.0,False
2018-02-16,2018-02-20,3,Long,72.0,False,37.25,37.25,175.37,False,0.0,False
2018-02-20,2018-02-21,0,Overnight,0.0,False,104.24,104.24,-412.87,False,0.0,False
2018-02-21,2018-02-22,0,Overnight,0.0,False,50.39,56.57,-23.92,True,6.21,False
2018-02-22,2018-02-23,0,Overnight,0.0,False,99.44,99.44,55.45,False,0.0,False
2018-02-23,2018-02-26,2,Weekend,48.0,False,75.75,75.75,-49.35,False,0.0,False
2018-02-26,2018-02-27,0,Overnight,0.0,False,-43.9,-43.9,22.78,False,0.0,False
2018-02-27,2018-02-28,0,Overnight,0.0,False,17.87,17.87,-184.24,False,0.0,False
2018-02-28,2018-03-01,0,Overnight,0.0,False,-3.72,-3.72,-409.24,False,0.0,False
2018-03-01,2018-03-02,0,Overnight,0.0,False,-189.11,-189.11,373.86,False,0.0,False
2018-03-02,2018-03-05,2,Weekend,48.0,False,-86.19,-86.19,48.49,False,0.0,False
2018-03-05,2018-03-06,0,Overnight,0.0,False,145.34,145.34,127.17,False,0.0,False
2018-03-06,2018-03-07,0,Overnight,0.0,False,-173.28,-173.28,160.06,False,0.0,False
2018-03-07,2018-03-08,0,Overnight,0.0,False,45.79,45.79,-73.12,False,0.0,False
2018-03-08,2018-03-09,0,Overnight,0.0,False,79.29,79.29,91.31,False,0.0,False
2018-03-09,2018-03-12,2,Weekend,47.0,False,67.84,67.84,111.12,False,0.0,False
2018-03-12,2018-03-13,0,Overnight,0.0,False,69.03,69.03,-151.45,False,0.0,False
2018-03-13,2018-03-14,0,Overnight,0.0,False,70.0,70.0,-28.5,False,0.0,False
2018-03-14,2018-03-15,0,Overnight,0.0,False,22.09,22.09,2.01,False,0.0,False
2018-03-15,2018-03-16,0,Overnight,0.0,False,26.43,26.43,19.18,False,0.0,False
2018-03-16,2018-03-19,2,Weekend,48.0,False,-92.25,-92.25,-293.57,False,0.0,False
2018-03-19,2018-03-20,0,Overnight,0.0,False,4.98,4.98,344.85,False,0.0,False
2018-03-20,2018-03-21,0,Overnight,0.0,False,-10.42,-10.42,-30.53,False,0.0,False
2018-03-21,2018-03-22,0,Overnight,0.0,False,-103.53,-103.53,-170.14,False,0.0,False
2018-03-22,2018-03-23,0,Overnight,0.0,False,22.72,22.72,-396.8,False,0.0,False
2018-03-23,2018-03-26,2,Weekend,48.0,False,213.61,213.61,268.63,False,0.0,False
2018-03-26,2018-03-27,0,Overnight,0.0,False,132.87,132.87,-940.11,False,0.0,False
2018-03-27,2018-03-28,0,Overnight,0.0,False,-61.83,-61.83,-124.81,False,0.0,False
2018-03-28,2018-03-29,0,Overnight,0.0,False,123.92,123.92,328.32,False,0.0,False
2018-03-29,2018-04-02,3,Long,72.0,False,-123.83,-123.83,-341.97,False,0.0,False
2018-04-02,2018-04-03,0,Overnight,0.0,False,300.79,300.79,-108.13,False,0.0,False
2018-04-03,2018-04-04,0,Overnight,0.0,False,-469.7,-469.7,509.12,False,0.0,False
2018-04-04,2018-04-05,0,Overnight,0.0,False,103.77,103.77,-320.93,False,0.0,False
2018-04-05,2018-04-06,0,Overnight,0.0,False,-189.24,-189.24,-138.13,False,0.0,False
2018-04-06,2018-04-09,2,Weekend,48.0,False,118.32,118.32,-64.32,False,0.0,False
2018-04-09,2018-04-10,0,Overnight,0.0,False,423.12,423.12,140.96,False,0.0,False
2018-04-10,2018-04-11,0,Overnight,0.0,False,-26.36,-26.36,-47.18,False,0.0,False
2018-04-11,2018-04-12,0,Overnight,0.0,False,164.83,164.83,198.03,False,0.0,False
2018-04-12,2018-04-13,0,Overnight,0.0,False,108.95,108.95,-241.97,False,0.0,False
2018-04-13,2018-04-16,2,Weekend,48.0,False,11.66,11.66,-12.09,False,0.0,False
2018-04-16,2018-04-17,0,Overnight,0.0,False,90.74,90.74,167.26,False,0.0,False
2018-04-17,2018-04-18,0,Overnight,0.0,False,-86.25,-86.25,36.87,False,0.0,False
2018-04-18,2018-04-19,0,Overnight,0.0,False,-197.39,-197.39,-117.63,False,0.0,False
2018-04-19,2018-04-20,0,Overnight,0.0,False,-15.29,-15.29,0.87,False,0.0,False
2018-04-20,2018-04-23,2,Weekend,48.0,False,31.43,31.43,-244.88,False,0.0,False
2018-04-23,2018-04-24,0,Overnight,0.0,False,46.35,46.35,-166.78,False,0.0,False
2018-04-24,2018-04-25,0,Overnight,0.0,False,-54.4,-54.4,-152.98,False,0.0,False
2018-04-25,2018-04-26,0,Overnight,0.0,False,297.39,297.39,90.09,False,0.0,False
2018-04-26,2018-04-27,0,Overnight,0.0,False,188.25,188.25,-139.09,False,0.0,False
2018-04-27,2018-04-30,2,Weekend,48.0,False,29.12,29.12,-92.5,False,0.0,False
2018-04-30,2018-05-01,0,Overnight,0.0,False,-14.68,-14.68,113.79,False,0.0,False
2018-05-01,2018-05-02,0,Overnight,0.0,False,-6.17,-6.17,-30.44,False,0.0,False
2018-05-02,2018-05-03,0,Overnight,0.0,False,56.84,56.84,234.06,False,0.0,False
2018-05-03,2018-05-04,0,Overnight,0.0,False,-49.91,-49.91,307.1,False,0.0,False
2018-05-04,2018-05-07,2,Weekend,48.0,False,175.4,175.4,219.13,False,0.0,False
2018-05-07,2018-05-08,0,Overnight,0.0,False,0.4,0.4,68.52,False,0.0,False
2018-05-08,2018-05-09,0,Overnight,0.0,False,32.3,32.3,180.28,False,0.0,False
2018-05-09,2018-05-10,0,Overnight,0.0,False,83.32,83.32,85.32,False,0.0,False
2018-05-10,2018-05-11,0,Overnight,0.0,False,-286.62,-286.62,68.99,False,0.0,False
2018-05-11,2018-05-14,2,Weekend,48.0,False,60.32,60.32,-27.77,False,0.0,False
2018-05-14,2018-05-15,0,Overnight,0.0,False,-101.15,-101.15,-290.18,False,0.0,False
2018-05-15,2018-05-16,0,Overnight,0.0,False,-63.73,-63.73,82.04,False,0.0,False
2018-05-16,2018-05-17,0,Overnight,0.0,False,2.85,2.85,66.02,False,0.0,False
2018-05-17,2018-05-18,0,Overnight,0.0,False,84.42,84.42,-156.13,False,0.0,False
2018-05-18,2018-05-21,2,Weekend,48.0,False,158.93,158.93,-228.29,False,0.0,False
2018-05-21,2018-05-22,0,Overnight,0.0,False,22.08,22.08,-85.34,False,0.0,False
2018-05-22,2018-05-23,0,Overnight,0.0,False,-100.21,-93.97,297.67,True,6.18,False
2018-05-23,2018-05-24,0,Overnight,0.0,False,-6.06,-6.06,12.12,False,0.0,False
2018-05-24,2018-05-25,0,Overnight,0.0,False,20.57,20.57,43.42,False,0.0,False
2018-05-25,2018-05-29,3,Long,72.0,False,-29.33,-29.33,1.61,False,0.0,False
2018-05-29,2018-05-30,0,Overnight,0.0,False,54.56,54.56,120.89,False,0.0,False
2018-05-30,2018-05-31,0,Overnight,0.0,False,-51.12,-51.12,19.45,False,0.0,False
2018-05-31,2018-06-01,0,Overnight,0.0,False,71.51,71.51,141.51,False,0.0,False
2018-06-01,2018-06-04,2,Weekend,48.0,False,53.42,53.42,223.36,False,0.0,False
2018-06-04,2018-06-05,0,Overnight,0.0,False,4.91,4.91,3.4,False,0.0,False
2018-06-05,2018-06-06,0,Overnight,0.0,False,-138.27,-138.27,141.29,False,0.0,False
2018-06-06,2018-06-07,0,Overnight,0.0,False,-5.66,-5.66,-79.56,False,0.0,False
2018-06-07,2018-06-08,0,Overnight,0.0,False,-112.46,-112.46,88.85,False,0.0,False
2018-06-08,2018-06-11,2,Weekend,48.0,False,-19.46,-19.46,-44.03,False,0.0,False
2018-06-11,2018-06-12,0,Overnight,0.0,False,40.97,40.97,33.95,False,0.0,False
2018-06-12,2018-06-13,0,Overnight,0.0,False,2.28,2.28,-9.14,False,0.0,False
2018-06-13,2018-06-14,0,Overnight,0.0,False,69.12,69.12,101.29,False,0.0,False
2018-06-14,2018-06-15,0,Overnight,0.0,False,-86.92,-86.92,24.91,False,0.0,False
2018-06-15,2018-06-18,2,Weekend,48.0,False,-67.33,-67.33,60.92,False,0.0,False
2018-06-18,2018-06-19,0,Overnight,0.0,False,-158.56,-158.56,-28.79,False,0.0,False
2018-06-19,2018-06-20,0,Overnight,0.0,False,63.6,63.6,18.32,False,0.0,False
2018-06-20,2018-06-21,0,Overnight,0.0,False,49.06,49.06,-249.29,False,0.0,False
2018-06-21,2018-06-22,0,Overnight,0.0,False,32.62,32.62,-275.12,False,0.0,False
2018-06-22,2018-06-25,2,Weekend,48.0,False,-172.83,-172.83,-310.05,False,0.0,False
2018-06-25,2018-06-26,0,Overnight,0.0,False,189.72,189.72,-70.42,False,0.0,False
2018-06-26,2018-06-27,0,Overnight,0.0,False,72.47,72.47,-334.98,False,0.0,False
2018-06-27,2018-06-28,0,Overnight,0.0,False,-16.98,-16.98,232.7,False,0.0,False
2018-06-28,2018-06-29,0,Overnight,0.0,False,108.6,108.6,-274.38,False,0.0,False
2018-06-29,2018-07-02,2,Weekend,48.0,False,-119.32,-119.32,342.23,False,0.0,False
2018-07-02,2018-07-03,0,Overnight,0.0,False,57.63,57.63,-283.07,False,0.0,False
2018-07-03,2018-07-05,1,Short,24.0,True,93.72,93.72,151.93,False,0.0,False
2018-07-05,2018-07-06,0,Overnight,0.0,False,-40.87,-40.87,228.61,False,0.0,False
2018-07-06,2018-07-09,2,Weekend,48.0,False,120.57,120.57,-43.24,False,0.0,False
2018-07-09,2018-07-10,0,Overnight,0.0,False,20.04,20.04,139.17,False,0.0,False
2018-07-10,2018-07-11,0,Overnight,0.0,False,-149.18,-149.18,-79.27,False,0.0,False
2018-07-11,2018-07-12,0,Overnight,0.0,False,73.66,73.66,74.71,False,0.0,False
2018-07-12,2018-07-13,0,Overnight,0.0,False,29.81,29.81,-106.13,False,0.0,False
2018-07-13,2018-07-16,2,Weekend,48.0,False,-45.02,-45.02,0.0,False,0.0,False
2018-07-16,2018-07-17,0,Overnight,0.0,False,-80.5,-80.5,299.28,False,0.0,False
2018-07-17,2018-07-18,0,Overnight,0.0,False,-11.83,-11.83,-66.92,False,0.0,False
2018-07-18,2018-07-19,0,Overnight,0.0,False,-30.24,-30.24,43.34,False,0.0,False
2018-07-19,2018-07-20,0,Overnight,0.0,False,-3.97,-3.97,-41.37,False,0.0,False
2018-07-20,2018-07-23,2,Weekend,48.0,False,-42.74,-42.74,-16.43,False,0.0,False
2018-07-23,2018-07-24,0,Overnight,0.0,False,77.48,77.48,-105.59,False,0.0,False
2018-07-24,2018-07-25,0,Overnight,0.0,False,15.27,15.27,110.99,False,0.0,False
2018-07-25,2018-07-26,0,Overnight,0.0,False,-32.21,-32.21,149.44,False,0.0,False
2018-07-26,2018-07-27,0,Overnight,0.0,False,57.91,57.91,-169.18,False,0.0,False
2018-07-27,2018-07-30,2,Weekend,48.0,False,22.59,22.59,-340.67,False,0.0,False
2018-07-30,2018-07-31,0,Overnight,0.0,False,-17.22,-17.22,47.08,False,0.0,False
2018-07-31,2018-08-01,0,Overnight,0.0,False,51.73,51.73,13.8,False,0.0,False
2018-08-01,2018-08-02,0,Overnight,0.0,False,-117.54,-117.54,284.51,False,0.0,False
2018-08-02,2018-08-03,0,Overnight,0.0,False,39.42,39.42,19.46,False,0.0,False
2018-08-03,2018-08-06,2,Weekend,48.0,False,-20.25,-20.25,96.52,False,0.0,False
2018-08-06,2018-08-07,0,Overnight,0.0,False,77.25,77.25,37.04,False,0.0,False
2018-08-07,2018-08-08,0,Overnight,0.0,False,1.95,1.95,55.1,False,0.0,False
2018-08-08,2018-08-09,0,Overnight,0.0,False,27.82,27.82,-103.96,False,0.0,False
2018-08-09,2018-08-10,0,Overnight,0.0,False,-129.91,-129.91,64.57,False,0.0,False
2018-08-10,2018-08-13,2,Weekend,48.0,False,13.73,13.73,38.34,False,0.0,False
2018-08-13,2018-08-14,0,Overnight,0.0,False,164.96,164.96,40.24,False,0.0,False
2018-08-14,2018-08-15,0,Overnight,0.0,False,32.08,32.08,-122.38,False,0.0,False
2018-08-15,2018-08-16,0,Overnight,0.0,False,108.26,108.26,-171.76,False,0.0,False
2018-08-16,2018-08-17,0,Overnight,0.0,False,-176.34,-176.34,-326.29,False,0.0,False
2018-08-17,2018-08-20,2,Weekend,48.0,False,-67.21,-67.21,189.81,False,0.0,False
2018-08-20,2018-08-21,0,Overnight,0.0,False,26.59,26.59,192.11,False,0.0,False
2018-08-21,2018-08-22,0,Overnight,0.0,False,-52.24,-52.24,420.4,False,0.0,False
2018-08-22,2018-08-23,0,Overnight,0.0,False,-59.53,-59.53,211.33,False,0.0,False
2018-08-23,2018-08-24,0,Overnight,0.0,False,12.73,12.73,186.88,False,0.0,False
2018-08-24,2018-08-27,2,Weekend,48.0,False,43.99,43.99,90.29,False,0.0,False
2018-08-27,2018-08-28,0,Overnight,0.0,False,-8.7,-8.7,-46.54,False,0.0,False
2018-08-28,2018-08-29,0,Overnight,0.0,False,-16.78,-11.3,165.46,True,5.47,False
2018-08-29,2018-08-30,0,Overnight,0.0,False,-45.35,-45.35,20.9,False,0.0,False
2018-08-30,2018-08-31,0,Overnight,0.0,False,-29.2,-29.2,131.98,False,0.0,False
2018-08-31,2018-09-04,3,Long,72.0,False,-18.9,-18.9,125.92,False,0.0,False
2018-09-04,2018-09-05,0,Overnight,0.0,False,-25.06,-25.06,-162.81,False,0.0,False
2018-09-05,2018-09-06,0,Overnight,0.0,False,-23.73,-23.73,-183.12,False,0.0,False
2018-09-06,2018-09-07,0,Overnight,0.0,False,-137.34,-137.34,105.76,False,0.0,False
2018-09-07,2018-09-10,2,Weekend,48.0,False,33.42,33.42,71.6,False,0.0,False
2018-09-10,2018-09-11,0,Overnight,0.0,False,-68.3,-68.3,-2.2,False,0.0,False
2018-09-11,2018-09-12,0,Overnight,0.0,False,-59.19,-59.19,-110.87,False,0.0,False
2018-09-12,2018-09-13,0,Overnight,0.0,False,98.69,98.69,17.71,False,0.0,False
2018-09-13,2018-09-14,0,Overnight,0.0,False,133.62,133.62,52.23,False,0.0,False
2018-09-14,2018-09-17,2,Weekend,48.0,False,-37.33,-37.33,-53.52,False,0.0,False
2018-09-17,2018-09-18,0,Overnight,0.0,False,5.84,5.84,-112.64,False,0.0,False
2018-09-18,2018-09-19,0,Overnight,0.0,False,-27.71,-27.71,63.07,False,0.0,False
2018-09-19,2018-09-20,0,Overnight,0.0,False,-182.93,-182.93,-28.88,False,0.0,False
2018-09-20,2018-09-21,0,Overnight,0.0,False,18.01,18.01,-124.86,False,0.0,False
2018-09-21,2018-09-24,2,Weekend,48.0,False,-47.56,-47.56,132.6,False,0.0,False
2018-09-24,2018-09-25,0,Overnight,0.0,False,99.99,99.99,1.49,False,0.0,False
2018-09-25,2018-09-26,0,Overnight,0.0,False,7.45,7.45,-63.12,False,0.0,False
2018-09-26,2018-09-27,0,Overnight,0.0,False,53.06,53.06,-35.09,False,0.0,False
2018-09-27,2018-09-28,0,Overnight,0.0,False,197.37,197.37,299.44,False,0.0,False
2018-09-28,2018-10-01,2,Weekend,48.0,False,111.12,111.12,181.34,False,0.0,False
2018-10-01,2018-10-02,0,Overnight,0.0,False,-38.43,-38.43,-61.59,False,0.0,False
2018-10-02,2018-10-03,0,Overnight,0.0,False,98.65,98.65,-89.92,False,0.0,False
2018-10-03,2018-10-04,0,Overnight,0.0,False,-51.05,-51.05,-211.85,False,0.0,False
2018-10-04,2018-10-05,0,Overnight,0.0,False,-35.87,-35.87,-307.6,False,0.0,False
2018-10-05,2018-10-08,2,Weekend,48.0,False,-125.29,-125.29,-27.43,False,0.0,False
2018-10-08,2018-10-09,0,Overnight,0.0,False,-31.28,-31.28,22.62,False,0.0,False
2018-10-09,2018-10-10,0,Overnight,0.0,False,-162.49,-162.49,-614.46,False,0.0,False
2018-10-10,2018-10-11,0,Overnight,0.0,False,-144.31,-144.31,-295.01,False,0.0,False
2018-10-11,2018-10-12,0,Overnight,0.0,False,431.99,431.99,41.87,False,0.0,False
2018-10-12,2018-10-15,2,Weekend,48.0,False,-21.93,-21.93,-441.3,False,0.0,False
2018-10-15,2018-10-16,0,Overnight,0.0,False,191.46,191.46,242.93,False,0.0,False
2018-10-16,2018-10-17,0,Overnight,0.0,False,101.59,101.59,-214.9,False,0.0,False
2018-10-17,2018-10-18,0,Overnight,0.0,False,114.54,114.54,-260.84,False,0.0,False
2018-10-18,2018-10-19,0,Overnight,0.0,False,92.67,92.67,-534.81,False,0.0,False
2018-10-19,2018-10-22,2,Weekend,48.0,False,91.65,91.65,-2.59,False,0.0,False
2018-10-22,2018-10-23,0,Overnight,0.0,False,-477.89,-477.89,28.54,False,0.0,False
2018-10-23,2018-10-24,0,Overnight,0.0,False,-70.36,-70.36,-960.35,False,0.0,False
2018-10-24,2018-10-25,0,Overnight,0.0,False,-199.56,-199.56,613.62,False,0.0,False
2018-10-25,2018-10-26,0,Overnight,0.0,False,-469.37,-469.37,-1.01,False,0.0,False
2018-10-26,2018-10-29,2,Weekend,48.0,False,283.4,283.4,-943.69,False,0.0,False
2018-10-29,2018-10-30,0,Overnight,0.0,False,49.98,49.98,845.07,False,0.0,False
2018-10-30,2018-10-31,0,Overnight,0.0,False,322.33,322.33,56.13,False,0.0,False
2018-10-31,2018-11-01,0,Overnight,0.0,False,69.48,69.48,269.99,False,0.0,False
2018-11-01,2018-11-02,0,Overnight,0.0,False,-17.44,-17.44,-129.9,False,0.0,False
2018-11-02,2018-11-05,2,Weekend,49.0,False,-24.69,-24.69,-122.96,False,0.0,False
2018-11-05,2018-11-06,0,Overnight,0.0,False,-15.12,-15.12,-18.46,False,0.0,False
2018-11-06,2018-11-07,0,Overnight,0.0,False,126.65,126.65,1.87,False,0.0,False
2018-11-07,2018-11-08,0,Overnight,0.0,False,-112.42,-112.42,-259.24,False,0.0,False
2018-11-08,2018-11-09,0,Overnight,0.0,False,-175.82,-175.82,160.27,False,0.0,False
2018-11-09,2018-11-12,2,Weekend,48.0,False,-181.04,-181.04,-635.69,False,0.0,False
2018-11-12,2018-11-13,0,Overnight,0.0,False,206.26,206.26,296.36,False,0.0,False
2018-11-13,2018-11-14,0,Overnight,0.0,False,344.7,344.7,-451.64,False,0.0,False
2018-11-14,2018-11-15,0,Overnight,0.0,False,-12.18,-12.18,272.47,False,0.0,False
2018-11-15,2018-11-16,0,Overnight,0.0,False,-2144.85,-2144.85,67.73,False,0.0,False
2018-11-16,2018-11-19,2,Weekend,48.0,False,-161.86,-161.86,-1116.37,False,0.0,False
2018-11-19,2018-11-20,0,Overnight,0.0,False,-763.75,-763.75,1061.96,False,0.0,False
2018-11-20,2018-11-21,0,Overnight,0.0,False,364.87,364.87,-662.39,False,0.0,False
2018-11-21,2018-11-23,1,Short,24.0,False,-97.22,-97.22,117.24,False,0.0,False
2018-11-23,2018-11-26,2,Weekend,48.0,True,331.68,331.68,208.63,False,0.0,False
2018-11-26,2018-11-27,0,Overnight,0.0,False,-68.84,-68.84,113.17,False,0.0,False
2018-11-27,2018-11-28,0,Overnight,0.0,False,304.31,304.31,99.83,False,0.0,False
2018-11-28,2018-11-29,0,Overnight,0.0,False,-4.37,5.62,-166.38,True,10.0,False
2018-11-29,2018-11-30,0,Overnight,0.0,False,24.75,24.75,353.73,False,0.0,False
2018-11-30,2018-12-03,2,Weekend,48.0,False,545.92,545.92,-149.43,False,0.0,False
2018-12-03,2018-12-04,0,Overnight,0.0,False,-106.42,-106.42,-684.45,False,0.0,False
2018-12-04,2018-12-06,1,Short,24.0,False,-367.57,-367.57,442.39,False,0.0,False
2018-12-06,2018-12-07,0,Overnight,0.0,False,10.73,10.73,-709.29,False,0.0,False
2018-12-07,2018-12-10,2,Weekend,48.0,False,-123.38,-123.38,407.23,False,0.0,False
2018-12-10,2018-12-11,0,Overnight,0.0,False,240.72,240.72,-485.36,False,0.0,False
2018-12-11,2018-12-12,0,Overnight,0.0,False,15.51,15.51,32.29,False,0.0,False
2018-12-12,2018-12-13,0,Overnight,0.0,False,126.13,126.13,-126.8,False,0.0,False
2018-12-13,2018-12-14,0,Overnight,0.0,False,-113.48,-113.48,-51.76,False,0.0,False
2018-12-14,2018-12-17,2,Weekend,48.0,False,-82.97,-82.97,-114.95,False,0.0,False
2018-12-17,2018-12-18,0,Overnight,0.0,False,122.52,122.52,108.8,False,0.0,False
2018-12-18,2018-12-19,0,Overnight,0.0,False,-92.99,-92.99,-497.83,False,0.0,False
2018-12-19,2018-12-20,0,Overnight,0.0,False,-24.58,-24.58,-224.7,False,0.0,False
2018-12-20,2018-12-21,0,Overnight,0.0,False,78.89,78.89,-496.83,False,0.0,False
2018-12-21,2018-12-24,2,Weekend,48.0,False,-240.58,-240.58,46.54,False,0.0,False
2018-12-24,2018-12-26,1,Short,24.0,True,145.3,145.3,317.54,False,0.0,False
2018-12-26,2018-12-27,0,Overnight,0.0,False,-159.8,-159.8,13.73,False,0.0,False
2018-12-27,2018-12-28,0,Overnight,0.0,False,63.08,63.08,124.23,False,0.0,False
2018-12-28,2018-12-31,2,Weekend,48.0,False,130.09,130.09,-141.32,False,0.0,False
2018-12-31,2019-01-02,1,Short,24.0,False,-216.56,-216.56,418.26,False,0.0,False
2019-01-02,2019-01-03,0,Overnight,0.0,False,-180.0,-180.0,-443.19,False,0.0,False
2019-01-03,2019-01-04,0,Overnight,0.0,False,227.87,227.87,393.12,False,0.0,False
2019-01-04,2019-01-07,2,Weekend,48.0,False,168.19,168.19,347.68,False,0.0,False
2019-01-07,2019-01-08,0,Overnight,0.0,False,226.84,226.84,-478.94,False,0.0,False
2019-01-08,2019-01-09,0,Overnight,0.0,False,146.95,146.95,47.81,False,0.0,False
2019-01-09,2019-01-10,0,Overnight,0.0,False,-54.86,-54.86,239.01,False,0.0,False
2019-01-10,2019-01-11,0,Overnight,0.0,False,-62.16,-62.16,307.02,False,0.0,False
2019-01-11,2019-01-14,2,Weekend,48.0,False,-142.79,-142.79,250.38,False,0.0,False
2019-01-14,2019-01-15,0,Overnight,0.0,False,87.36,87.36,-125.32,False,0.0,False
2019-01-15,2019-01-16,0,Overnight,0.0,False,73.13,73.13,-142.09,False,0.0,False
2019-01-16,2019-01-17,0,Overnight,0.0,False,-89.76,-89.76,281.41,False,0.0,False
2019-01-17,2019-01-18,0,Overnight,0.0,False,131.61,131.61,206.02,False,0.0,False
2019-01-18,2019-01-22,3,Long,72.0,False,-78.05,-78.05,-455.94,False,0.0,False
2019-01-22,2019-01-23,0,Overnight,0.0,False,148.78,148.78,-113.89,False,0.0,False
2019-01-23,2019-01-24,0,Overnight,0.0,False,225.84,225.84,331.07,False,0.0,False
2019-01-24,2019-01-25,0,Overnight,0.0,False,-153.22,-153.22,298.51,False,0.0,False
2019-01-25,2019-01-28,2,Weekend,48.0,False,-1594.2,-1594.2,106.35,False,0.0,False
2019-01-28,2019-01-29,0,Overnight,0.0,False,-135.69,-135.69,-339.9,False,0.0,False
2019-01-29,2019-01-30,0,Overnight,0.0,False,230.6,230.6,199.96,False,0.0,False
2019-01-30,2019-01-31,0,Overnight,0.0,False,-9.47,-9.47,461.99,False,0.0,False
2019-01-31,2019-02-01,0,Overnight,0.0,False,52.04,52.04,15.9,False,0.0,False
2019-02-01,2019-02-04,2,Weekend,48.0,False,44.12,44.12,258.71,False,0.0,False
2019-02-04,2019-02-05,0,Overnight,0.0,False,32.12,32.12,19.36,False,0.0,False
2019-02-05,2019-02-06,0,Overnight,0.0,False,88.97,88.97,112.39,False,0.0,False
2019-02-06,2019-02-07,0,Overnight,0.0,False,-122.98,-122.98,-248.55,False,0.0,False
2019-02-07,2019-02-08,0,Overnight,0.0,False,-185.54,-185.54,236.29,False,0.0,False
2019-02-08,2019-02-11,2,Weekend,48.0,False,-120.86,-120.86,4.1,False,0.0,False
2019-02-11,2019-02-12,0,Overnight,0.0,False,105.28,105.28,211.93,False,0.0,False
2019-02-12,2019-02-13,0,Overnight,0.0,False,78.41,78.41,34.07,False,0.0,False
2019-02-13,2019-02-14,0,Overnight,0.0,False,-2.62,-2.62,109.97,False,0.0,False
2019-02-14,2019-02-15,0,Overnight,0.0,False,530.55,530.55,-350.34,False,0.0,False
2019-02-15,2019-02-19,3,Long,72.0,False,-27.37,-27.37,-17.22,False,0.0,False
2019-02-19,2019-02-20,0,Overnight,0.0,False,75.05,75.05,46.15,False,0.0,False
2019-02-20,2019-02-21,0,Overnight,0.0,False,32.11,32.11,-209.01,False,0.0,False
2019-02-21,2019-02-22,0,Overnight,0.0,False,133.28,133.28,83.9,False,0.0,False
2019-02-22,2019-02-25,2,Weekend,48.0,False,209.49,209.49,-240.95,False,0.0,False
2019-02-25,2019-02-26,0,Overnight,0.0,False,-11.98,-11.98,-88.72,False,0.0,False
2019-02-26,2019-02-27,0,Overnight,0.0,False,-36.99,-36.99,-71.17,False,0.0,False
2019-02-27,2019-02-28,0,Overnight,0.0,False,-26.42,-16.1,-47.86,True,10.3,False
2019-02-28,2019-03-01,0,Overnight,0.0,False,129.46,129.46,11.51,False,0.0,False
2019-03-01,2019-03-04,2,Weekend,48.0,False,98.59,98.59,-77.51,False,0.0,False
2019-03-04,2019-03-05,0,Overnight,0.0,False,-40.26,-40.26,23.67,False,0.0,False
2019-03-05,2019-03-06,0,Overnight,0.0,False,-23.03,-23.03,-266.72,False,0.0,False
2019-03-06,2019-03-07,0,Overnight,0.0,False,-62.68,-62.68,-122.52,False,0.0,False
2019-03-07,2019-03-08,0,Overnight,0.0,False,-244.15,-244.15,336.18,False,0.0,False
2019-03-08,2019-03-11,2,Weekend,47.0,False,62.87,62.87,610.94,False,0.0,False
2019-03-11,2019-03-12,0,Overnight,0.0,False,69.26,69.26,16.01,False,0.0,False
2019-03-12,2019-03-13,0,Overnight,0.0,False,92.48,92.48,275.98,False,0.0,False
2019-03-13,2019-03-14,0,Overnight,0.0,False,21.92,21.92,-205.06,False,0.0,False
2019-03-14,2019-03-15,0,Overnight,0.0,False,104.55,104.55,148.92,False,0.0,False
2019-03-15,2019-03-18,2,Weekend,48.0,False,74.51,74.51,-125.28,False,0.0,False
2019-03-18,2019-03-19,0,Overnight,0.0,False,223.01,223.01,169.32,False,0.0,False
2019-03-19,2019-03-20,0,Overnight,0.0,False,66.37,66.37,-141.2,False,0.0,False
2019-03-20,2019-03-21,0,Overnight,0.0,False,53.18,53.18,479.4,False,0.0,False
2019-03-21,2019-03-22,0,Overnight,0.0,False,-59.98,-59.98,-296.41,False,0.0,False
2019-03-22,2019-03-25,2,Weekend,48.0,False,-92.82,-92.82,-118.98,False,0.0,False
2019-03-25,2019-03-26,0,Overnight,0.0,False,323.29,323.29,-147.04,False,0.0,False
2019-03-26,2019-03-27,0,Overnight,0.0,False,58.07,58.07,-79.01,False,0.0,False
2019-03-27,2019-03-28,0,Overnight,0.0,False,59.31,59.31,-16.91,False,0.0,False
2019-03-28,2019-03-29,0,Overnight,0.0,False,150.62,150.62,-21.14,False,0.0,False
2019-03-29,2019-04-01,2,Weekend,48.0,False,203.96,203.96,-53.62,False,0.0,False
2019-04-01,2019-04-02,0,Overnight,0.0,False,53.07,53.07,-13.65,False,0.0,False
2019-04-02,2019-04-03,0,Overnight,0.0,False,108.7,108.7,193.79,False,0.0,False
2019-04-03,2019-04-04,0,Overnight,0.0,False,-32.92,-32.92,13.82,False,0.0,False
2019-04-04,2019-04-05,0,Overnight,0.0,False,92.0,92.0,49.88,False,0.0,False
2019-04-05,2019-04-08,2,Weekend,48.0,False,-64.62,-64.62,108.52,False,0.0,False
2019-04-08,2019-04-09,0,Overnight,0.0,False,-70.64,-70.64,-62.15,False,0.0,False
2019-04-09,2019-04-10,0,Overnight,0.0,False,-1.59,-1.59,150.53,False,0.0,False
2019-04-10,2019-04-11,0,Overnight,0.0,False,5.2,5.2,-34.4,False,0.0,False
2019-04-11,2019-04-12,0,Overnight,0.0,False,81.12,81.12,-161.31,False,0.0,False
2019-04-12,2019-04-15,2,Weekend,48.0,False,-16.33,-16.33,-267.11,False,0.0,False
2019-04-15,2019-04-16,0,Overnight,0.0,False,85.18,85.18,103.07,False,0.0,False
2019-04-16,2019-04-17,0,Overnight,0.0,False,74.64,74.64,-123.64,False,0.0,False
2019-04-17,2019-04-18,0,Overnight,0.0,False,14.41,14.41,-67.41,False,0.0,False
2019-04-18,2019-04-22,3,Long,72.0,False,-51.12,-51.12,166.93,False,0.0,False
2019-04-22,2019-04-23,0,Overnight,0.0,False,28.08,28.08,87.97,False,0.0,False
2019-04-23,2019-04-24,0,Overnight,0.0,False,22.0,22.0,4.19,False,0.0,False
2019-04-24,2019-04-25,0,Overnight,0.0,False,-85.1,-85.1,-140.26,False,0.0,False
2019-04-25,2019-04-26,0,Overnight,0.0,False,-337.34,-337.34,-146.04,False,0.0,False
2019-04-26,2019-04-29,2,Weekend,48.0,False,17.95,17.95,51.43,False,0.0,False
2019-04-29,2019-04-30,0,Overnight,0.0,False,-72.76,-72.76,165.45,False,0.0,False
2019-04-30,2019-05-01,0,Overnight,0.0,False,115.9,115.9,-145.23,False,0.0,False
2019-05-01,2019-05-02,0,Overnight,0.0,False,21.59,21.59,128.01,False,0.0,False
2019-05-02,2019-05-03,0,Overnight,0.0,False,18.54,18.54,-28.37,False,0.0,False
2019-05-03,2019-05-06,2,Weekend,48.0,False,-419.02,-419.02,244.84,False,0.0,False
2019-05-06,2019-05-07,0,Overnight,0.0,False,-109.02,-109.02,-272.94,False,0.0,False
2019-05-07,2019-05-08,0,Overnight,0.0,False,-64.33,-64.33,111.01,False,0.0,False
2019-05-08,2019-05-09,0,Overnight,0.0,False,-161.13,-161.13,-55.66,False,0.0,False
2019-05-09,2019-05-10,0,Overnight,0.0,False,-73.13,-73.13,-7.7,False,0.0,False
2019-05-10,2019-05-13,2,Weekend,48.0,False,-320.2,-320.2,-313.74,False,0.0,False
2019-05-13,2019-05-14,0,Overnight,0.0,False,100.47,100.47,123.57,False,0.0,False
2019-05-14,2019-05-15,0,Overnight,0.0,False,-139.2,-139.2,-13.78,False,0.0,False
2019-05-15,2019-05-16,0,Overnight,0.0,False,-13.8,-13.8,51.95,False,0.0,False
2019-05-16,2019-05-17,0,Overnight,0.0,False,-106.06,-106.06,-125.07,False,0.0,False
2019-05-17,2019-05-20,2,Weekend,48.0,False,-257.55,-257.55,-52.58,False,0.0,False
2019-05-20,2019-05-21,0,Overnight,0.0,False,160.16,160.16,55.62,False,0.0,False
2019-05-21,2019-05-22,0,Overnight,0.0,False,-101.12,-101.12,-85.05,False,0.0,False
2019-05-22,2019-05-23,0,Overnight,0.0,False,-166.29,-166.29,-159.59,False,0.0,False
2019-05-23,2019-05-24,0,Overnight,0.0,False,51.46,51.46,-199.85,False,0.0,False
2019-05-24,2019-05-28,3,Long,72.0,False,48.8,48.8,-174.98,False,0.0,False
2019-05-28,2019-05-29,0,Overnight,0.0,False,-134.86,-134.86,-75.95,False,0.0,False
2019-05-29,2019-05-30,0,Overnight,0.0,False,-2.14,9.26,-85.89,True,11.4,False
2019-05-30,2019-05-31,0,Overnight,0.0,False,-142.63,-142.63,-123.26,False,0.0,False
2019-05-31,2019-06-03,2,Weekend,48.0,False,33.17,33.17,-157.96,False,0.0,False
2019-06-03,2019-06-04,0,Overnight,0.0,False,191.02,191.02,475.46,False,0.0,False
2019-06-04,2019-06-05,0,Overnight,0.0,False,205.56,205.56,-326.57,False,0.0,False
2019-06-05,2019-06-06,0,Overnight,0.0,False,12.03,12.03,163.38,False,0.0,False
2019-06-06,2019-06-07,0,Overnight,0.0,False,16.68,16.68,102.24,False,0.0,False
2019-06-07,2019-06-10,2,Weekend,48.0,False,154.13,154.13,45.24,False,0.0,False
2019-06-10,2019-06-11,0,Overnight,0.0,False,161.06,161.06,-5.97,False,0.0,False
2019-06-11,2019-06-12,0,Overnight,0.0,False,-116.77,-116.77,-189.71,False,0.0,False
2019-06-12,2019-06-13,0,Overnight,0.0,False,60.69,60.69,79.23,False,0.0,False
2019-06-13,2019-06-14,0,Overnight,0.0,False,-256.19,-256.19,8.99,False,0.0,False
2019-06-14,2019-06-17,2,Weekend,48.0,False,-4.84,-4.84,31.77,False,0.0,False
2019-06-17,2019-06-18,0,Overnight,0.0,False,168.88,168.88,358.25,False,0.0,False
2019-06-18,2019-06-19,0,Overnight,0.0,False,92.45,92.45,-76.77,False,0.0,False
2019-06-19,2019-06-20,0,Overnight,0.0,False,235.58,235.58,-171.78,False,0.0,False
2019-06-20,2019-06-21,0,Overnight,0.0,False,-39.01,-39.01,-114.0,False,0.0,False
2019-06-21,2019-06-24,2,Weekend,48.0,False,56.51,56.51,2.62,False,0.0,False
2019-06-24,2019-06-25,0,Overnight,0.0,False,13.09,13.09,-90.69,False,0.0,False
2019-06-25,2019-06-26,0,Overnight,0.0,False,333.05,333.05,167.79,False,0.0,False
2019-06-26,2019-06-27,0,Overnight,0.0,False,214.31,214.31,31.91,False,0.0,False
2019-06-27,2019-06-28,0,Overnight,0.0,False,107.85,107.85,-46.78,False,0.0,False
2019-06-28,2019-07-01,2,Weekend,48.0,False,495.35,495.35,-377.92,False,0.0,False
2019-07-01,2019-07-02,0,Overnight,0.0,False,-40.4,-40.4,-199.56,False,0.0,False
2019-07-02,2019-07-03,0,Overnight,0.0,False,57.78,57.78,-25.77,False,0.0,False
2019-07-03,2019-07-05,1,Short,24.0,True,-145.45,-145.45,-10.6,False,0.0,False
2019-07-05,2019-07-08,2,Weekend,48.0,False,-150.92,-150.92,-39.36,False,0.0,False
2019-07-08,2019-07-09,0,Overnight,0.0,False,-108.72,-108.72,115.08,False,0.0,False
2019-07-09,2019-07-10,0,Overnight,0.0,False,110.63,110.63,62.67,False,0.0,False
2019-07-10,2019-07-11,0,Overnight,0.0,False,182.01,182.01,199.23,False,0.0,False
2019-07-11,2019-07-12,0,Overnight,0.0,False,67.13,67.13,12.54,False,0.0,False
2019-07-12,2019-07-15,2,Weekend,48.0,False,50.58,50.58,-70.89,False,0.0,False
2019-07-15,2019-07-16,0,Overnight,0.0,False,-35.93,-35.93,24.57,False,0.0,False
2019-07-16,2019-07-17,0,Overnight,0.0,False,4.19,4.19,151.99,False,0.0,False
2019-07-17,2019-07-18,0,Overnight,0.0,False,24.72,24.72,2.94,False,0.0,False
2019-07-18,2019-07-19,0,Overnight,0.0,False,90.09,90.09,-192.86,False,0.0,False
2019-07-19,2019-07-22,2,Weekend,48.0,False,50.93,50.93,118.61,False,0.0,False
2019-07-22,2019-07-23,0,Overnight,0.0,False,91.8,91.8,158.37,False,0.0,False
2019-07-23,2019-07-24,0,Overnight,0.0,False,98.57,98.57,70.77,False,0.0,False
2019-07-24,2019-07-25,0,Overnight,0.0,False,-93.91,-93.91,-206.08,False,0.0,False
2019-07-25,2019-07-26,0,Overnight,0.0,False,62.67,62.67,34.33,False,0.0,False
2019-07-26,2019-07-29,2,Weekend,48.0,False,-16.58,-16.58,2.29,False,0.0,False
2019-07-29,2019-07-30,0,Overnight,0.0,False,-107.54,-107.54,143.52,False,0.0,False
2019-07-30,2019-07-31,0,Overnight,0.0,False,-72.65,-72.65,-318.49,False,0.0,False
2019-07-31,2019-08-01,0,Overnight,0.0,False,24.86,24.86,-252.66,False,0.0,False
2019-08-01,2019-08-02,0,Overnight,0.0,False,-228.77,-228.77,0.0,False,0.0,False
2019-08-02,2019-08-05,2,Weekend,48.0,False,-469.31,-469.31,-197.65,False,0.0,False
2019-08-05,2019-08-06,0,Overnight,0.0,False,197.65,197.65,-94.73,False,0.0,False
2019-08-06,2019-08-07,0,Overnight,0.0,False,-162.12,-162.12,262.7,False,0.0,False
2019-08-07,2019-08-08,0,Overnight,0.0,False,149.63,149.63,130.38,False,0.0,False
2019-08-08,2019-08-09,0,Overnight,0.0,False,-104.81,-104.81,-156.38,False,0.0,False
2019-08-09,2019-08-12,2,Weekend,48.0,False,-137.14,-137.14,-41.51,False,0.0,False
2019-08-12,2019-08-13,0,Overnight,0.0,False,-3.96,-3.96,303.17,False,0.0,False
2019-08-13,2019-08-14,0,Overnight,0.0,False,-230.12,-230.12,-160.63,False,0.0,False
2019-08-14,2019-08-15,0,Overnight,0.0,False,50.52,50.52,-137.52,False,0.0,False
2019-08-15,2019-08-16,0,Overnight,0.0,False,687.02,687.02,13.17,False,0.0,False
2019-08-16,2019-08-19,2,Weekend,48.0,False,281.78,281.78,397.78,False,0.0,False
2019-08-19,2019-08-20,0,Overnight,0.0,False,-12.89,-12.89,-158.97,False,0.0,False
2019-08-20,2019-08-21,0,Overnight,0.0,False,157.21,157.21,40.96,False,0.0,False
2019-08-21,2019-08-22,0,Overnight,0.0,False,22.75,22.75,-8.16,False,0.0,False
2019-08-22,2019-08-23,0,Overnight,0.0,False,-181.25,-181.25,-360.33,False,0.0,False
2019-08-23,2019-08-26,2,Weekend,48.0,False,193.27,193.27,-9.67,False,0.0,False
2019-08-26,2019-08-27,0,Overnight,0.0,False,92.65,92.65,-315.73,False,0.0,False
2019-08-27,2019-08-28,0,Overnight,0.0,False,-75.69,-65.73,39.78,True,9.89,False
2019-08-28,2019-08-29,0,Overnight,0.0,False,225.69,225.69,126.55,False,0.0,False
2019-08-29,2019-08-30,0,Overnight,0.0,False,110.76,110.76,-80.27,False,0.0,False
2019-08-30,2019-09-03,3,Long,72.0,False,-176.46,-176.46,-24.94,False,0.0,False
2019-09-03,2019-09-04,0,Overnight,0.0,False,147.53,147.53,128.22,False,0.0,False
2019-09-04,2019-09-05,0,Overnight,0.0,False,240.62,240.62,389.71,False,0.0,False
2019-09-05,2019-09-06,0,Overnight,0.0,False,-52.43,-52.43,-8.39,False,0.0,False
2019-09-06,2019-09-09,2,Weekend,48.0,False,69.73,69.73,33.3,False,0.0,False
2019-09-09,2019-09-10,0,Overnight,0.0,False,-73.4,-73.4,220.78,False,0.0,False
2019-09-10,2019-09-11,0,Overnight,0.0,False,32.16,32.16,30.43,False,0.0,False
2019-09-11,2019-09-12,0,Overnight,0.0,False,100.94,100.94,-104.19,False,0.0,False
2019-09-12,2019-09-13,0,Overnight,0.0,False,-146.51,-146.51,19.26,False,0.0,False
2019-09-13,2019-09-16,2,Weekend,48.0,False,-167.38,-167.38,71.84,False,0.0,False
2019-09-16,2019-09-17,0,Overnight,0.0,False,14.97,14.97,32.64,False,0.0,False
2019-09-17,2019-09-18,0,Overnight,0.0,False,-15.48,-15.48,-44.9,False,0.0,False
2019-09-18,2019-09-19,0,Overnight,0.0,False,13.33,13.33,-183.68,False,0.0,False
2019-09-19,2019-09-20,0,Overnight,0.0,False,-2.26,-2.26,-240.87,False,0.0,False
2019-09-20,2019-09-23,2,Weekend,48.0,False,0.58,0.58,123.15,False,0.0,False
2019-09-23,2019-09-24,0,Overnight,0.0,False,71.81,71.81,-204.81,False,0.0,False
2019-09-24,2019-09-25,0,Overnight,0.0,False,-1.16,-1.16,326.2,False,0.0,False
2019-09-25,2019-09-26,0,Overnight,0.0,False,-21.91,-21.91,-28.15,False,0.0,False
2019-09-26,2019-09-27,0,Overnight,0.0,False,-95.18,-95.18,-224.52,False,0.0,False
2019-09-27,2019-09-30,2,Weekend,48.0,False,60.37,60.37,73.23,False,0.0,False
2019-09-30,2019-10-01,0,Overnight,0.0,False,53.28,53.28,-57.31,False,0.0,False
2019-10-01,2019-10-02,0,Overnight,0.0,False,-50.7,-50.7,-4.62,False,0.0,False
2019-10-02,2019-10-03,0,Overnight,0.0,False,10.4,10.4,456.46,False,0.0,False
2019-10-03,2019-10-04,0,Overnight,0.0,False,4.96,4.96,31.37,False,0.0,False
2019-10-04,2019-10-07,2,Weekend,48.0,False,142.41,142.41,-13.55,False,0.0,False
2019-10-07,2019-10-08,0,Overnight,0.0,False,-202.22,-202.22,-190.58,False,0.0,False
2019-10-08,2019-10-09,0,Overnight,0.0,False,172.85,172.85,21.6,False,0.0,False
2019-10-09,2019-10-10,0,Overnight,0.0,False,-4.98,-4.98,132.55,False,0.0,False
2019-10-10,2019-10-11,0,Overnight,0.0,False,182.98,182.98,-22.56,False,0.0,False
2019-10-11,2019-10-14,2,Weekend,48.0,False,-18.84,-18.84,47.83,False,0.0,False
2019-10-14,2019-10-15,0,Overnight,0.0,False,192.74,192.74,321.35,False,0.0,False
2019-10-15,2019-10-16,0,Overnight,0.0,False,-70.01,-70.01,-40.6,False,0.0,False
2019-10-16,2019-10-17,0,Overnight,0.0,False,91.75,91.75,-87.63,False,0.0,False
2019-10-17,2019-10-18,0,Overnight,0.0,False,1.03,1.03,-198.55,False,0.0,False
2019-10-18,2019-10-21,2,Weekend,48.0,False,128.83,128.83,156.83,False,0.0,False
2019-10-21,2019-10-22,0,Overnight,0.0,False,116.15,116.15,-136.58,False,0.0,False
2019-10-22,2019-10-23,0,Overnight,0.0,False,-170.14,-170.14,143.52,False,0.0,False
2019-10-23,2019-10-24,0,Overnight,0.0,False,84.73,84.73,5.59,False,0.0,False
2019-10-24,2019-10-25,0,Overnight,0.0,False,163.24,163.24,219.46,False,0.0,False
2019-10-25,2019-10-28,2,Weekend,48.0,False,85.68,85.68,23.72,False,0.0,False
2019-10-28,2019-10-29,0,Overnight,0.0,False,-27.12,-27.12,-161.8,False,0.0,False
2019-10-29,2019-10-30,0,Overnight,0.0,False,53.08,53.08,-49.14,False,0.0,False
2019-10-30,2019-10-31,0,Overnight,0.0,False,-41.47,-41.47,-56.55,False,0.0,False
2019-10-31,2019-11-01,0,Overnight,0.0,False,-70.89,-70.89,148.69,False,0.0,False
2019-11-01,2019-11-04,2,Weekend,49.0,False,159.64,159.64,223.38,False,0.0,False
2019-11-04,2019-11-05,0,Overnight,0.0,False,-0.48,-0.48,-41.89,False,0.0,False
2019-11-05,2019-11-06,0,Overnight,0.0,False,-46.38,-46.38,-48.53,False,0.0,False
2019-11-06,2019-11-07,0,Overnight,0.0,False,166.22,166.22,-132.08,False,0.0,False
2019-11-07,2019-11-08,0,Overnight,0.0,False,-32.69,-32.69,5.78,False,0.0,False
2019-11-08,2019-11-11,2,Weekend,48.0,False,-1.44,-1.44,20.68,False,0.0,False
2019-11-11,2019-11-12,0,Overnight,0.0,False,73.7,73.7,-5.25,False,0.0,False
2019-11-12,2019-11-13,0,Overnight,0.0,False,-60.29,-60.29,10.55,False,0.0,False
2019-11-13,2019-11-14,0,Overnight,0.0,False,17.25,17.25,41.08,False,0.0,False
2019-11-14,2019-11-15,0,Overnight,0.0,False,-4.29,-4.29,-266.27,False,0.0,False
2019-11-15,2019-11-18,2,Weekend,48.0,False,-14.7,-14.7,403.26,False,0.0,False
2019-11-18,2019-11-19,0,Overnight,0.0,False,-59.06,-59.06,-145.1,False,0.0,False
2019-11-19,2019-11-20,0,Overnight,0.0,False,-44.33,-44.33,196.54,False,0.0,False
2019-11-20,2019-11-21,0,Overnight,0.0,False,-8.53,-8.53,-38.94,False,0.0,False
2019-11-21,2019-11-22,0,Overnight,0.0,False,43.2,43.2,-9.48,False,0.0,False
2019-11-22,2019-11-25,2,Weekend,48.0,False,241.27,241.27,236.49,False,0.0,False
2019-11-25,2019-11-26,0,Overnight,0.0,False,-32.15,-32.15,-160.0,False,0.0,False
2019-11-26,2019-11-27,0,Overnight,0.0,False,76.66,83.98,-19.68,True,7.37,False
2019-11-27,2019-11-29,1,Short,24.0,False,-56.98,-56.98,-11.99,False,0.0,False
2019-11-29,2019-12-02,2,Weekend,48.0,True,-12.93,-12.93,-338.76,False,0.0,False
2019-12-02,2019-12-03,0,Overnight,0.0,False,-359.06,-359.06,282.78,False,0.0,False
2019-12-03,2019-12-04,0,Overnight,0.0,False,160.51,160.51,-76.11,False,0.0,False
2019-12-04,2019-12-05,0,Overnight,0.0,False,41.93,41.93,-74.46,False,0.0,False
2019-12-05,2019-12-06,0,Overnight,0.0,False,132.3,132.3,30.68,False,0.0,False
2019-12-06,2019-12-09,2,Weekend,48.0,False,-43.46,-43.46,43.46,False,0.0,False
2019-12-09,2019-12-10,0,Overnight,0.0,False,56.87,56.87,28.08,False,0.0,False
2019-12-10,2019-12-11,0,Overnight,0.0,False,19.61,19.61,136.2,False,0.0,False
2019-12-11,2019-12-12,0,Overnight,0.0,False,-53.52,-53.52,358.47,False,0.0,False
2019-12-12,2019-12-13,0,Overnight,0.0,False,5.35,5.35,-8.92,False,0.0,False
2019-12-13,2019-12-16,2,Weekend,48.0,False,84.91,84.91,-33.26,False,0.0,False
2019-12-16,2019-12-17,0,Overnight,0.0,False,33.26,33.26,105.24,False,0.0,False
2019-12-17,2019-12-18,0,Overnight,0.0,False,61.14,61.14,-7.84,False,0.0,False
2019-12-18,2019-12-19,0,Overnight,0.0,False,60.38,60.38,195.56,False,0.0,False
2019-12-19,2019-12-20,0,Overnight,0.0,False,112.76,112.76,51.94,False,0.0,False
2019-12-20,2019-12-23,2,Weekend,48.0,False,47.93,47.93,-70.93,False,0.0,False
2019-12-23,2019-12-24,0,Overnight,0.0,False,-25.99,-25.99,17.62,False,0.0,False
2019-12-24,2019-12-26,1,Short,24.0,True,5.87,5.87,17.99,False,0.0,False
2019-12-26,2019-12-27,0,Overnight,0.0,False,25.47,25.47,-122.94,False,0.0,False
2019-12-27,2019-12-30,2,Weekend,48.0,False,-37.22,-37.22,-156.74,False,0.0,False
2019-12-30,2019-12-31,0,Overnight,0.0,False,-61.31,-61.31,188.77,False,0.0,False
2019-12-31,2020-01-02,1,Short,24.0,False,145.56,145.56,48.47,False,0.0,False
2020-01-02,2020-01-03,0,Overnight,0.0,False,-202.53,-202.53,41.17,False,0.0,False
2020-01-03,2020-01-06,2,Weekend,48.0,False,-160.13,-160.13,201.98,False,0.0,False
2020-01-06,2020-01-07,0,Overnight,0.0,False,47.97,47.97,72.37,False,0.0,False
2020-01-07,2020-01-08,0,Overnight,0.0,False,-7.09,-7.09,25.83,False,0.0,False
2020-01-08,2020-01-09,0,Overnight,0.0,False,143.32,143.32,-34.1,False,0.0,False
2020-01-09,2020-01-10,0,Overnight,0.0,False,175.8,175.8,-122.45,False,0.0,False
2020-01-10,2020-01-13,2,Weekend,48.0,False,135.78,135.78,172.93,False,0.0,False
2020-01-13,2020-01-14,0,Overnight,0.0,False,-68.49,-68.49,-119.79,False,0.0,False
2020-01-14,2020-01-15,0,Overnight,0.0,False,20.6,20.6,-90.0,False,0.0,False
2020-01-15,2020-01-16,0,Overnight,0.0,False,87.17,87.17,48.73,False,0.0,False
2020-01-16,2020-01-17,0,Overnight,0.0,False,30.88,30.88,-16.83,False,0.0,False
2020-01-17,2020-01-21,3,Long,72.0,False,-59.14,-59.14,5.24,False,0.0,False
2020-01-21,2020-01-22,0,Overnight,0.0,False,73.14,73.14,14.0,False,0.0,False
2020-01-22,2020-01-23,0,Overnight,0.0,False,64.17,64.17,45.19,False,0.0,False
2020-01-23,2020-01-24,0,Overnight,0.0,False,181.84,181.84,-276.41,False,0.0,False
2020-01-24,2020-01-27,2,Weekend,48.0,False,-501.01,-501.01,81.93,False,0.0,False
2020-01-27,2020-01-28,0,Overnight,0.0,False,109.72,109.72,208.64,False,0.0,False
2020-01-28,2020-01-29,0,Overnight,0.0,False,-23.42,-23.42,-75.06,False,0.0,False
2020-01-29,2020-01-30,0,Overnight,0.0,False,-161.35,-161.35,172.34,False,0.0,False
2020-01-30,2020-01-31,0,Overnight,0.0,False,-75.14,-75.14,-313.93,False,0.0,False
2020-01-31,2020-02-03,2,Weekend,48.0,False,-30.92,-30.92,194.53,False,0.0,False
2020-02-03,2020-02-04,0,Overnight,0.0,False,234.41,234.41,44.61,False,0.0,False
2020-02-04,2020-02-05,0,Overnight,0.0,False,194.75,194.75,-48.93,False,0.0,False
2020-02-05,2020-02-06,0,Overnight,0.0,False,54.88,54.88,83.34,False,0.0,False
2020-02-06,2020-02-07,0,Overnight,0.0,False,-63.52,-63.52,-41.65,False,0.0,False
2020-02-07,2020-02-10,2,Weekend,48.0,False,36.1,36.1,406.29,False,0.0,False
2020-02-10,2020-02-11,0,Overnight,0.0,False,164.06,164.06,21.3,False,0.0,False
2020-02-11,2020-02-12,0,Overnight,0.0,False,78.83,78.83,93.26,False,0.0,False
2020-02-12,2020-02-13,0,Overnight,0.0,False,-85.86,-85.86,21.07,False,0.0,False
2020-02-13,2020-02-14,0,Overnight,0.0,False,590.81,590.81,87.69,False,0.0,False
2020-02-14,2020-02-18,3,Long,72.0,False,-144.24,-144.24,375.51,False,0.0,False
2020-02-18,2020-02-19,0,Overnight,0.0,False,164.54,164.54,428.83,False,0.0,False
2020-02-19,2020-02-20,0,Overnight,0.0,False,-61.52,-61.52,-130.98,False,0.0,False
2020-02-20,2020-02-21,0,Overnight,0.0,False,-147.17,-147.17,-338.35,False,0.0,False
2020-02-21,2020-02-24,2,Weekend,48.0,False,-846.92,-846.92,113.71,False,0.0,False
2020-02-24,2020-02-25,0,Overnight,0.0,False,109.9,109.9,-529.52,False,0.0,False
2020-02-25,2020-02-26,0,Overnight,0.0,False,0.38,0.38,211.07,False,0.0,False
2020-02-26,2020-02-27,0,Overnight,0.0,False,-488.09,-481.81,-90.64,True,5.98,False
2020-02-27,2020-02-28,0,Overnight,0.0,False,-409.7,-409.7,1078.44,False,0.0,False
2020-02-28,2020-03-02,2,Weekend,48.0,False,249.75,249.75,-16.99,False,0.0,False
2020-03-02,2020-03-03,0,Overnight,0.0,False,80.71,80.71,-469.46,False,0.0,False
2020-03-03,2020-03-04,0,Overnight,0.0,False,160.8,160.8,516.06,False,0.0,False
2020-03-04,2020-03-05,0,Overnight,0.0,False,-285.58,-285.58,-116.77,False,0.0,False
2020-03-05,2020-03-06,0,Overnight,0.0,False,-267.36,-267.36,-1.5,False,0.0,False
2020-03-06,2020-03-09,2,Weekend,47.0,False,-1034.25,-1034.25,228.3,False,0.0,False
2020-03-09,2020-03-10,0,Overnight,0.0,False,442.32,442.32,175.42,False,0.0,False
2020-03-10,2020-03-11,0,Overnight,0.0,False,-217.61,-217.61,-358.26,False,0.0,False
2020-03-11,2020-03-12,0,Overnight,0.0,False,-890.98,-890.98,-414.3,False,0.0,False
2020-03-12,2020-03-13,0,Overnight,0.0,False,635.38,635.38,438.82,False,0.0,False
2020-03-13,2020-03-16,2,Weekend,48.0,False,-1256.14,-1256.14,-783.65,False,0.0,False
2020-03-16,2020-03-17,0,Overnight,0.0,False,227.04,227.04,782.84,False,0.0,False
2020-03-17,2020-03-18,0,Overnight,0.0,False,-823.24,-823.24,135.02,False,0.0,False
2020-03-18,2020-03-19,0,Overnight,0.0,False,-42.49,-42.49,530.82,False,0.0,False
2020-03-19,2020-03-20,0,Overnight,0.0,False,279.2,279.2,-624.1,False,0.0,False
2020-03-20,2020-03-23,2,Weekend,48.0,False,-1.94,-1.94,333.68,False,0.0,False
2020-03-23,2020-03-24,0,Overnight,0.0,False,738.86,738.86,844.54,False,0.0,False
2020-03-24,2020-03-25,0,Overnight,0.0,False,183.71,183.71,-327.61,False,0.0,False
2020-03-25,2020-03-26,0,Overnight,0.0,False,333.12,333.12,129.11,False,0.0,False
2020-03-26,2020-03-27,0,Overnight,0.0,False,-285.49,-285.49,108.61,False,0.0,False
2020-03-27,2020-03-30,2,Weekend,48.0,False,103.53,103.53,392.79,False,0.0,False
2020-03-30,2020-03-31,0,Overnight,0.0,False,60.44,60.44,-135.65,False,0.0,False
2020-03-31,2020-04-01,0,Overnight,0.0,False,-306.23,-306.23,-504.6,False,0.0,False
2020-04-01,2020-04-02,0,Overnight,0.0,False,48.02,48.02,449.54,False,0.0,False
2020-04-02,2020-04-03,0,Overnight,0.0,False,-59.28,-59.28,-403.77,False,0.0,False
2020-04-03,2020-04-06,2,Weekend,48.0,False,454.05,454.05,502.74,False,0.0,False
2020-04-06,2020-04-07,0,Overnight,0.0,False,326.22,326.22,-681.56,False,0.0,False
2020-04-07,2020-04-08,0,Overnight,0.0,False,167.68,167.68,133.5,False,0.0,False
2020-04-08,2020-04-09,0,Overnight,0.0,False,187.41,187.41,-338.38,False,0.0,False
2020-04-09,2020-04-13,3,Long,72.0,False,-91.69,-91.69,350.71,False,0.0,False
2020-04-13,2020-04-14,0,Overnight,0.0,False,189.05,189.05,320.27,False,0.0,False
2020-04-14,2020-04-15,0,Overnight,0.0,False,-240.59,-240.59,130.46,False,0.0,False
2020-04-15,2020-04-16,0,Overnight,0.0,False,219.76,219.76,261.97,False,0.0,False
2020-04-16,2020-04-17,0,Overnight,0.0,False,111.36,111.36,-192.44,False,0.0,False
2020-04-17,2020-04-20,2,Weekend,48.0,False,-175.31,-175.31,-6.62,False,0.0,False
2020-04-20,2020-04-21,0,Overnight,0.0,False,-166.51,-166.51,-464.0,False,0.0,False
2020-04-21,2020-04-22,0,Overnight,0.0,False,282.42,282.42,316.69,False,0.0,False
2020-04-22,2020-04-23,0,Overnight,0.0,False,58.89,58.89,-133.95,False,0.0,False
2020-04-23,2020-04-24,0,Overnight,0.0,False,-14.45,-14.45,209.01,False,0.0,False
2020-04-24,2020-04-27,2,Weekend,48.0,False,184.75,184.75,70.6,False,0.0,False
2020-04-27,2020-04-28,0,Overnight,0.0,False,197.31,197.31,-391.73,False,0.0,False
2020-04-28,2020-04-29,0,Overnight,0.0,False,183.98,183.98,56.78,False,0.0,False
2020-04-29,2020-04-30,0,Overnight,0.0,False,-72.97,-72.97,-136.26,False,0.0,False
2020-04-30,2020-05-01,0,Overnight,0.0,False,-275.06,-275.06,-55.37,False,0.0,False
2020-05-01,2020-05-04,2,Weekend,48.0,False,-67.42,-67.42,363.92,False,0.0,False
2020-05-04,2020-05-05,0,Overnight,0.0,False,142.48,142.48,-58.72,False,0.0,False
2020-05-05,2020-05-06,0,Overnight,0.0,False,108.01,108.01,28.92,False,0.0,False
2020-05-06,2020-05-07,0,Overnight,0.0,False,185.98,185.98,48.99,False,0.0,False
2020-05-07,2020-05-08,0,Overnight,0.0,False,94.02,94.02,153.17,False,0.0,False
2020-05-08,2020-05-11,2,Weekend,48.0,False,-6.4,-6.4,325.11,False,0.0,False
2020-05-11,2020-05-12,0,Overnight,0.0,False,71.65,71.65,-403.17,False,0.0,False
2020-05-12,2020-05-13,0,Overnight,0.0,False,146.31,146.31,-175.19,False,0.0,False
2020-05-13,2020-05-14,0,Overnight,0.0,False,79.06,79.06,237.85,False,0.0,False
2020-05-14,2020-05-15,0,Overnight,0.0,False,-176.82,-176.82,734.13,False,0.0,False
2020-05-15,2020-05-18,2,Weekend,48.0,False,312.76,312.76,-11.71,False,0.0,False
2020-05-18,2020-05-19,0,Overnight,0.0,False,45.61,45.61,17.33,False,0.0,False
2020-05-19,2020-05-20,0,Overnight,0.0,False,208.48,208.48,-23.38,False,0.0,False
2020-05-20,2020-05-21,0,Overnight,0.0,False,90.45,90.45,-309.95,False,0.0,False
2020-05-21,2020-05-22,0,Overnight,0.0,False,56.82,56.82,225.2,False,0.0,False
2020-05-22,2020-05-26,3,Long,72.0,False,143.54,143.54,-491.3,False,0.0,False
2020-05-26,2020-05-27,0,Overnight,0.0,False,-106.96,-106.96,-116.33,False,0.0,False
2020-05-27,2020-05-28,0,Overnight,0.0,False,-133.43,-133.43,88.47,False,0.0,False
2020-05-28,2020-05-29,0,Overnight,0.0,False,79.22,79.22,368.37,False,0.0,False
2020-05-29,2020-06-01,2,Weekend,48.0,False,-47.72,-47.72,-30.61,False,0.0,False
2020-06-01,2020-06-02,0,Overnight,0.0,False,-11.36,-11.36,32.91,False,0.0,False
2020-06-02,2020-06-03,0,Overnight,0.0,False,-3.4,-3.4,-59.97,False,0.0,False
2020-06-03,2020-06-04,0,Overnight,0.0,False,-47.44,-42.85,44.01,True,4.56,False
2020-06-04,2020-06-05,0,Overnight,0.0,False,31.89,31.89,141.69,False,0.0,False
2020-06-05,2020-06-08,2,Weekend,48.0,False,-48.04,-48.04,-81.72,False,0.0,False
2020-06-08,2020-06-09,0,Overnight,0.0,False,-5.68,-5.68,275.71,False,0.0,False
2020-06-09,2020-06-10,0,Overnight,0.0,False,133.69,133.69,214.74,False,0.0,False
2020-06-10,2020-06-11,0,Overnight,0.0,False,-234.12,-234.12,-394.28,False,0.0,False
2020-06-11,2020-06-12,0,Overnight,0.0,False,407.94,407.94,-254.23,False,0.0,False
2020-06-12,2020-06-15,2,Weekend,48.0,False,-132.13,-132.13,398.63,False,0.0,False
2020-06-15,2020-06-16,0,Overnight,0.0,False,55.71,55.71,-171.1,False,0.0,False
2020-06-16,2020-06-17,0,Overnight,0.0,False,49.77,49.77,133.25,False,0.0,False
2020-06-17,2020-06-18,0,Overnight,0.0,False,-9.75,-9.75,-9.76,False,0.0,False
2020-06-18,2020-06-19,0,Overnight,0.0,False,26.54,26.54,20.27,False,0.0,False
2020-06-19,2020-06-22,2,Weekend,48.0,False,41.75,41.75,240.89,False,0.0,False
2020-06-22,2020-06-23,0,Overnight,0.0,False,25.42,25.42,-106.31,False,0.0,False
2020-06-23,2020-06-24,0,Overnight,0.0,False,27.74,27.74,-257.34,False,0.0,False
2020-06-24,2020-06-25,0,Overnight,0.0,False,129.36,129.36,142.47,False,0.0,False
2020-06-25,2020-06-26,0,Overnight,0.0,False,10.53,10.53,-369.92,False,0.0,False
2020-06-26,2020-06-29,2,Weekend,48.0,False,16.1,16.1,32.93,False,0.0,False
2020-06-29,2020-06-30,0,Overnight,0.0,False,123.15,123.15,195.36,False,0.0,False
2020-06-30,2020-07-01,0,Overnight,0.0,False,24.19,24.19,9.71,False,0.0,False
2020-07-01,2020-07-02,0,Overnight,0.0,False,113.73,113.73,-27.79,False,0.0,False
2020-07-02,2020-07-06,3,Long,72.0,False,133.82,133.82,99.59,False,0.0,False
2020-07-06,2020-07-07,0,Overnight,0.0,False,108.16,108.16,-75.18,False,0.0,False
2020-07-07,2020-07-08,0,Overnight,0.0,False,122.83,122.83,219.95,False,0.0,False
2020-07-08,2020-07-09,0,Overnight,0.0,False,159.5,159.5,123.27,False,0.0,False
2020-07-09,2020-07-10,0,Overnight,0.0,False,75.6,75.6,-103.95,False,0.0,False
2020-07-10,2020-07-13,2,Weekend,48.0,False,109.85,109.85,-525.86,False,0.0,False
2020-07-13,2020-07-14,0,Overnight,0.0,False,22.61,22.61,295.35,False,0.0,False
2020-07-14,2020-07-15,0,Overnight,0.0,False,35.83,35.83,-181.19,False,0.0,False
2020-07-15,2020-07-16,0,Overnight,0.0,False,-209.72,-209.72,118.86,False,0.0,False
2020-07-16,2020-07-17,0,Overnight,0.0,False,89.14,89.14,-23.5,False,0.0,False
2020-07-17,2020-07-20,2,Weekend,48.0,False,71.06,71.06,227.58,False,0.0,False
2020-07-20,2020-07-21,0,Overnight,0.0,False,2.14,2.14,-177.06,False,0.0,False
2020-07-21,2020-07-22,0,Overnight,0.0,False,37.69,37.69,68.49,False,0.0,False
2020-07-22,2020-07-23,0,Overnight,0.0,False,10.77,10.77,-311.25,False,0.0,False
2020-07-23,2020-07-24,0,Overnight,0.0,False,-254.7,-254.7,318.42,False,0.0,False
2020-07-24,2020-07-27,2,Weekend,48.0,False,36.96,36.96,183.26,False,0.0,False
2020-07-27,2020-07-28,0,Overnight,0.0,False,-45.44,-45.44,-154.21,False,0.0,False
2020-07-28,2020-07-29,0,Overnight,0.0,False,170.1,170.1,71.68,False,0.0,False
2020-07-29,2020-07-30,0,Overnight,0.0,False,-86.85,-86.85,227.75,False,0.0,False
2020-07-30,2020-07-31,0,Overnight,0.0,False,-47.93,-47.93,48.64,False,0.0,False
2020-07-31,2020-08-03,2,Weekend,48.0,False,110.32,110.32,255.5,False,0.0,False
2020-08-03,2020-08-04,0,Overnight,0.0,False,36.04,36.04,159.58,False,0.0,False
2020-08-04,2020-08-05,0,Overnight,0.0,False,14.46,14.46,37.95,False,0.0,False
2020-08-05,2020-08-06,0,Overnight,0.0,False,55.66,55.66,-12.56,False,0.0,False
2020-08-06,2020-08-07,0,Overnight,0.0,False,-20.31,-20.31,-100.39,False,0.0,False
2020-08-07,2020-08-10,2,Weekend,48.0,False,119.6,119.6,-150.45,False,0.0,False
2020-08-10,2020-08-11,0,Overnight,0.0,False,-82.06,-82.06,-204.12,False,0.0,False
2020-08-11,2020-08-12,0,Overnight,0.0,False,128.89,128.89,400.84,False,0.0,False
2020-08-12,2020-08-13,0,Overnight,0.0,False,92.01,92.01,-89.61,False,0.0,False
2020-08-13,2020-08-14,0,Overnight,0.0,False,75.74,75.74,29.44,False,0.0,False
2020-08-14,2020-08-17,2,Weekend,48.0,False,245.37,245.37,401.7,False,0.0,False
2020-08-17,2020-08-18,0,Overnight,0.0,False,91.18,91.18,-153.18,False,0.0,False
2020-08-18,2020-08-19,0,Overnight,0.0,False,29.12,29.12,-129.32,False,0.0,False
2020-08-19,2020-08-20,0,Overnight,0.0,False,-135.61,-135.61,137.67,False,0.0,False
2020-08-20,2020-08-21,0,Overnight,0.0,False,49.91,49.91,387.23,False,0.0,False
2020-08-21,2020-08-24,2,Weekend,48.0,False,156.65,156.65,-127.72,False,0.0,False
2020-08-24,2020-08-25,0,Overnight,0.0,False,-70.61,-70.61,93.97,False,0.0,False
2020-08-25,2020-08-26,0,Overnight,0.0,False,38.55,38.55,-20.53,False,0.0,False
2020-08-26,2020-08-27,0,Overnight,0.0,False,6.65,6.65,-120.62,False,0.0,False
2020-08-27,2020-08-28,0,Overnight,0.0,False,36.95,36.95,366.19,False,0.0,False
2020-08-28,2020-08-31,2,Weekend,48.0,False,26.59,26.59,144.41,False,0.0,False
2020-08-31,2020-09-01,0,Overnight,0.0,False,78.57,81.54,249.82,True,2.99,False
2020-09-01,2020-09-02,0,Overnight,0.0,False,619.13,619.13,-245.97,False,0.0,False
2020-09-02,2020-09-03,0,Overnight,0.0,False,-367.56,-367.56,-606.09,False,0.0,False
2020-09-03,2020-09-04,0,Overnight,0.0,False,-179.66,-179.66,-126.94,False,0.0,False
2020-09-04,2020-09-08,3,Long,72.0,False,-729.48,-729.48,150.97,False,0.0,False
2020-09-08,2020-09-09,0,Overnight,0.0,False,400.66,400.66,250.86,False,0.0,False
2020-09-09,2020-09-10,0,Overnight,0.0,False,213.4,213.4,-535.68,False,0.0,False
2020-09-10,2020-09-11,0,Overnight,0.0,False,140.14,140.14,-260.46,False,0.0,False
2020-09-11,2020-09-14,2,Weekend,48.0,False,726.39,726.39,-160.87,False,0.0,False
2020-09-14,2020-09-15,0,Overnight,0.0,False,311.85,311.85,-220.02,False,0.0,False
2020-09-15,2020-09-16,0,Overnight,0.0,False,-26.01,-26.01,-347.68,False,0.0,False
2020-09-16,2020-09-17,0,Overnight,0.0,False,-310.21,-310.21,269.37,False,0.0,False
2020-09-17,2020-09-18,0,Overnight,0.0,False,103.96,103.96,-326.46,False,0.0,False
2020-09-18,2020-09-21,2,Weekend,48.0,False,-219.17,-219.17,484.71,False,0.0,False
2020-09-21,2020-09-22,0,Overnight,0.0,False,46.03,46.03,49.78,False,0.0,False
2020-09-22,2020-09-23,0,Overnight,0.0,False,-49.38,-49.38,-365.84,False,0.0,False
2020-09-23,2020-09-24,0,Overnight,0.0,False,-42.57,-42.57,225.85,False,0.0,False
2020-09-24,2020-09-25,0,Overnight,0.0,False,80.26,80.26,336.71,False,0.0,False
2020-09-25,2020-09-28,2,Weekend,48.0,False,128.5,128.5,-4.03,False,0.0,False
2020-09-28,2020-09-29,0,Overnight,0.0,False,-75.08,-75.08,220.36,False,0.0,False
2020-09-29,2020-09-30,0,Overnight,0.0,False,-51.74,-51.74,279.54,False,0.0,False
2020-09-30,2020-10-01,0,Overnight,0.0,False,166.74,166.74,-104.85,False,0.0,False
2020-10-01,2020-10-02,0,Overnight,0.0,False,-290.26,-290.26,-123.83,False,0.0,False
2020-10-02,2020-10-05,2,Weekend,48.0,False,132.14,132.14,302.5,False,0.0,False
2020-10-05,2020-10-06,0,Overnight,0.0,False,136.5,136.5,-67.84,False,0.0,False
2020-10-06,2020-10-07,0,Overnight,0.0,False,189.83,189.83,-25.57,False,0.0,False
2020-10-07,2020-10-08,0,Overnight,0.0,False,79.18,79.18,-169.28,False,0.0,False
2020-10-08,2020-10-09,0,Overnight,0.0,False,-51.98,-51.98,-3.09,False,0.0,False
2020-10-09,2020-10-12,2,Weekend,48.0,False,163.41,163.41,167.64,False,0.0,False
2020-10-12,2020-10-13,0,Overnight,0.0,False,49.43,49.43,-33.81,False,0.0,False
2020-10-13,2020-10-14,0,Overnight,0.0,False,29.61,29.61,-137.57,False,0.0,False
2020-10-14,2020-10-15,0,Overnight,0.0,False,-203.91,-203.91,114.65,False,0.0,False
2020-10-15,2020-10-16,0,Overnight,0.0,False,47.67,47.67,-161.77,False,0.0,False
2020-10-16,2020-10-19,2,Weekend,48.0,False,66.03,66.03,-295.82,False,0.0,False
2020-10-19,2020-10-20,0,Overnight,0.0,False,63.33,63.33,45.54,False,0.0,False
2020-10-20,2020-10-21,0,Overnight,0.0,False,-15.03,-15.03,-73.85,False,0.0,False
2020-10-21,2020-10-22,0,Overnight,0.0,False,-1.66,-1.66,-120.15,False,0.0,False
2020-10-22,2020-10-23,0,Overnight,0.0,False,66.39,66.39,103.74,False,0.0,False
2020-10-23,2020-10-26,2,Weekend,48.0,False,-120.85,-120.85,-215.11,False,0.0,False
2020-10-26,2020-10-27,0,Overnight,0.0,False,124.59,124.59,67.97,False,0.0,False
2020-10-27,2020-10-28,0,Overnight,0.0,False,-149.47,-149.47,-442.28,False,0.0,False
2020-10-28,2020-10-29,0,Overnight,0.0,False,166.11,166.11,143.45,False,0.0,False
2020-10-29,2020-10-30,0,Overnight,0.0,False,-134.5,-134.5,-248.99,False,0.0,False
2020-10-30,2020-11-02,2,Weekend,49.0,False,98.25,98.25,-61.02,False,0.0,False
2020-11-02,2020-11-03,0,Overnight,0.0,False,101.03,101.03,241.77,False,0.0,False
2020-11-03,2020-11-04,0,Overnight,0.0,False,280.04,280.04,298.0,False,0.0,False
2020-11-04,2020-11-05,0,Overnight,0.0,False,263.46,263.46,-1.77,False,0.0,False
2020-11-05,2020-11-06,0,Overnight,0.0,False,-35.55,-35.55,315.49,False,0.0,False
2020-11-06,2020-11-09,2,Weekend,48.0,False,-6.53,-6.53,-654.35,False,0.0,False
2020-11-09,2020-11-10,0,Overnight,0.0,False,-17.81,-17.81,-634.49,False,0.0,False
2020-11-10,2020-11-11,0,Overnight,0.0,False,219.77,219.77,275.22,False,0.0,False
2020-11-11,2020-11-12,0,Overnight,0.0,False,45.36,45.36,-16.52,False,0.0,False
2020-11-12,2020-11-13,0,Overnight,0.0,False,125.91,125.91,-245.33,False,0.0,False
2020-11-13,2020-11-16,2,Weekend,48.0,False,-94.07,-94.07,256.87,False,0.0,False
2020-11-16,2020-11-17,0,Overnight,0.0,False,27.52,27.52,-96.57,False,0.0,False
2020-11-17,2020-11-18,0,Overnight,0.0,False,31.99,31.99,-27.14,False,0.0,False
2020-11-18,2020-11-19,0,Overnight,0.0,False,-162.16,-162.16,170.72,False,0.0,False
2020-11-19,2020-11-20,0,Overnight,0.0,False,10.23,10.23,-276.0,False,0.0,False
2020-11-20,2020-11-23,2,Weekend,48.0,False,63.6,63.6,-23.75,False,0.0,False
2020-11-23,2020-11-24,0,Overnight,0.0,False,1.9,1.9,-141.57,False,0.0,False
2020-11-24,2020-11-25,0,Overnight,0.0,False,57.52,57.52,154.0,False,0.0,False
2020-11-25,2020-11-27,1,Short,24.0,False,105.41,105.41,-85.41,False,0.0,False
2020-11-27,2020-11-30,2,Weekend,48.0,True,2.83,2.83,102.38,False,0.0,False
2020-11-30,2020-12-01,0,Overnight,0.0,False,67.49,67.49,-76.07,False,0.0,False
2020-12-01,2020-12-02,0,Overnight,0.0,False,-29.54,-29.54,144.27,False,0.0,False
2020-12-02,2020-12-03,0,Overnight,0.0,False,31.7,34.64,-141.94,True,2.95,False
2020-12-03,2020-12-04,0,Overnight,0.0,False,39.11,39.11,81.28,False,0.0,False
2020-12-04,2020-12-07,2,Weekend,48.0,False,31.66,31.66,4.04,False,0.0,False
2020-12-07,2020-12-08,0,Overnight,0.0,False,-16.0,-16.0,-174.5,False,0.0,False
2020-12-08,2020-12-09,0,Overnight,0.0,False,-37.15,-37.15,-281.93,False,0.0,False
2020-12-09,2020-12-10,0,Overnight,0.0,False,-47.87,-47.87,79.91,False,0.0,False
2020-12-10,2020-12-11,0,Overnight,0.0,False,-3.86,-3.86,35.41,False,0.0,False
2020-12-11,2020-12-14,2,Weekend,48.0,False,57.28,57.28,167.26,False,0.0,False
2020-12-14,2020-12-15,0,Overnight,0.0,False,97.95,97.95,-59.14,False,0.0,False
2020-12-15,2020-12-16,0,Overnight,0.0,False,46.3,46.3,-135.01,False,0.0,False
2020-12-16,2020-12-17,0,Overnight,0.0,False,93.39,93.39,-19.1,False,0.0,False
2020-12-17,2020-12-18,0,Overnight,0.0,False,28.26,28.26,-80.3,False,0.0,False
2020-12-18,2020-12-21,2,Weekend,48.0,False,-149.74,-149.74,195.03,False,0.0,False
2020-12-21,2020-12-22,0,Overnight,0.0,False,-9.76,-9.76,-30.83,False,0.0,False
2020-12-22,2020-12-23,0,Overnight,0.0,False,-16.77,-16.77,-187.9,False,0.0,False
2020-12-23,2020-12-24,0,Overnight,0.0,False,21.5,21.5,-33.42,False,0.0,False
2020-12-24,2020-12-28,3,Long,72.0,True,52.77,52.77,-125.18,False,0.0,False
2020-12-28,2020-12-29,0,Overnight,0.0,False,19.36,19.36,14.11,False,0.0,False
2020-12-29,2020-12-30,0,Overnight,0.0,False,36.25,36.25,118.99,False,0.0,False
2020-12-30,2020-12-31,0,Overnight,0.0,False,-7.04,-7.04,-62.23,False,0.0,False
2020-12-31,2021-01-04,3,Long,72.0,False,37.65,37.65,7.06,False,0.0,False
2021-01-04,2021-01-05,0,Overnight,0.0,False,-10.49,-10.49,230.16,False,0.0,False
2021-01-05,2021-01-06,0,Overnight,0.0,False,-136.89,-136.89,-470.73,False,0.0,False
2021-01-06,2021-01-07,0,Overnight,0.0,False,275.99,275.99,286.21,False,0.0,False
2021-01-07,2021-01-08,0,Overnight,0.0,False,13.85,13.85,-64.38,False,0.0,False
2021-01-08,2021-01-11,2,Weekend,48.0,False,106.39,106.39,149.96,False,0.0,False
2021-01-11,2021-01-12,0,Overnight,0.0,False,95.71,95.71,-196.61,False,0.0,False
2021-01-12,2021-01-13,0,Overnight,0.0,False,3.89,3.89,30.9,False,0.0,False
2021-01-13,2021-01-14,0,Overnight,0.0,False,31.91,31.91,-279.94,False,0.0,False
2021-01-14,2021-01-15,0,Overnight,0.0,False,21.0,21.0,-282.53,False,0.0,False
2021-01-15,2021-01-19,3,Long,72.0,False,121.16,121.16,6.91,False,0.0,False
2021-01-19,2021-01-20,0,Overnight,0.0,False,66.19,66.19,191.87,False,0.0,False
2021-01-20,2021-01-21,0,Overnight,0.0,False,39.39,39.39,329.14,False,0.0,False
2021-01-21,2021-01-22,0,Overnight,0.0,False,-92.37,-92.37,-20.03,False,0.0,False
2021-01-22,2021-01-25,2,Weekend,48.0,False,50.37,50.37,-93.68,False,0.0,False
2021-01-25,2021-01-26,0,Overnight,0.0,False,-53.43,-53.43,-107.53,False,0.0,False
2021-01-26,2021-01-27,0,Overnight,0.0,False,-153.95,-153.95,-238.85,False,0.0,False
2021-01-27,2021-01-28,0,Overnight,0.0,False,60.59,60.59,42.04,False,0.0,False
2021-01-28,2021-01-29,0,Overnight,0.0,False,18.37,18.37,-65.41,False,0.0,False
2021-01-29,2021-02-01,2,Weekend,48.0,False,48.77,48.77,139.79,False,0.0,False
2021-02-01,2021-02-02,0,Overnight,0.0,False,121.45,121.45,117.23,False,0.0,False
2021-02-02,2021-02-03,0,Overnight,0.0,False,58.29,58.29,-77.67,False,0.0,False
2021-02-03,2021-02-04,0,Overnight,0.0,False,0.37,0.37,98.0,False,0.0,False
2021-02-04,2021-02-05,0,Overnight,0.0,False,44.36,44.36,-98.11,False,0.0,False
2021-02-05,2021-02-08,2,Weekend,48.0,False,99.75,99.75,505.33,False,0.0,False
2021-02-08,2021-02-09,0,Overnight,0.0,False,-68.1,-68.1,-54.19,False,0.0,False
2021-02-09,2021-02-10,0,Overnight,0.0,False,139.25,139.25,205.98,False,0.0,False
2021-02-10,2021-02-11,0,Overnight,0.0,False,145.24,145.24,178.96,False,0.0,False
2021-02-11,2021-02-12,0,Overnight,0.0,False,-132.51,-132.51,-59.14,False,0.0,False
2021-02-12,2021-02-16,3,Long,72.0,False,68.61,68.61,175.04,False,0.0,False
2021-02-16,2021-02-17,0,Overnight,0.0,False,-104.42,-104.42,-176.22,False,0.0,False
2021-02-17,2021-02-18,0,Overnight,0.0,False,-119.45,-119.45,67.66,False,0.0,False
2021-02-18,2021-02-19,0,Overnight,0.0,False,130.97,130.97,-65.44,False,0.0,False
2021-02-19,2021-02-22,2,Weekend,48.0,False,-102.19,-102.19,-287.69,False,0.0,False
2021-02-22,2021-02-23,0,Overnight,0.0,False,-197.33,-197.33,47.31,False,0.0,False
2021-02-23,2021-02-24,0,Overnight,0.0,False,-13.62,-13.62,262.93,False,0.0,False
2021-02-24,2021-02-25,0,Overnight,0.0,False,-317.78,-317.78,-539.74,False,0.0,False
2021-02-25,2021-02-26,0,Overnight,0.0,False,328.93,328.93,-27.67,False,0.0,False
2021-02-26,2021-03-01,2,Weekend,48.0,False,116.35,116.35,-23.99,False,0.0,False
2021-03-01,2021-03-02,0,Overnight,0.0,False,41.99,41.99,-361.68,False,0.0,False
2021-03-02,2021-03-03,0,Overnight,0.0,False,14.91,14.91,-473.96,False,0.0,False
2021-03-03,2021-03-04,0,Overnight,0.0,False,-3.12,-3.12,-342.09,False,0.0,False
2021-03-04,2021-03-05,0,Overnight,0.0,False,144.26,144.26,-70.77,False,0.0,False
2021-03-05,2021-03-08,2,Weekend,48.0,False,-9.23,-9.23,-712.98,False,0.0,False
2021-03-08,2021-03-09,0,Overnight,0.0,False,452.79,456.09,316.45,True,3.45,False
2021-03-09,2021-03-10,0,Overnight,0.0,False,252.57,252.57,-294.19,False,0.0,False
2021-03-10,2021-03-11,0,Overnight,0.0,False,379.1,379.1,33.53,False,0.0,False
2021-03-11,2021-03-12,0,Overnight,0.0,False,-269.3,-269.3,162.92,False,0.0,False
2021-03-12,2021-03-15,2,Weekend,47.0,False,6.8,6.8,250.63,False,0.0,False
2021-03-15,2021-03-16,0,Overnight,0.0,False,124.49,124.49,-48.97,False,0.0,False
2021-03-16,2021-03-17,0,Overnight,0.0,False,-191.04,-191.04,228.58,False,0.0,False
2021-03-17,2021-03-18,0,Overnight,0.0,False,-154.66,-154.66,-320.23,False,0.0,False
2021-03-18,2021-03-19,0,Overnight,0.0,False,21.59,21.59,74.82,False,0.0,False
2021-03-19,2021-03-22,2,Weekend,48.0,False,52.02,52.02,209.59,False,0.0,False
2021-03-22,2021-03-23,0,Overnight,0.0,False,51.44,51.44,-139.41,False,0.0,False
2021-03-23,2021-03-24,0,Overnight,0.0,False,61.4,61.4,-394.13,False,0.0,False
2021-03-24,2021-03-25,0,Overnight,0.0,False,-114.15,-114.15,28.56,False,0.0,False
2021-03-25,2021-03-26,0,Overnight,0.0,False,15.34,15.34,224.28,False,0.0,False
2021-03-26,2021-03-29,2,Weekend,48.0,False,-14.81,-14.81,99.35,False,0.0,False
2021-03-29,2021-03-30,0,Overnight,0.0,False,-82.4,-82.4,23.14,False,0.0,False
2021-03-30,2021-03-31,0,Overnight,0.0,False,111.06,111.06,252.44,False,0.0,False
2021-03-31,2021-04-01,0,Overnight,0.0,False,166.42,166.42,174.92,False,0.0,False
2021-04-01,2021-04-05,3,Long,72.0,False,40.28,40.28,86.16,False,0.0,False
2021-04-05,2021-04-06,0,Overnight,0.0,False,8.75,8.75,-99.24,False,0.0,False
2021-04-06,2021-04-07,0,Overnight,0.0,False,13.88,13.88,187.52,False,0.0,False
2021-04-07,2021-04-08,0,Overnight,0.0,False,76.95,76.95,44.98,False,0.0,False
2021-04-08,2021-04-09,0,Overnight,0.0,False,-72.2,-72.2,130.01,False,0.0,False
2021-04-09,2021-04-12,2,Weekend,48.0,False,-76.86,-76.86,623.45,False,0.0,False
2021-04-12,2021-04-13,0,Overnight,0.0,False,14.78,14.78,289.88,False,0.0,False
2021-04-13,2021-04-14,0,Overnight,0.0,False,-34.82,-34.82,-225.24,False,0.0,False
2021-04-14,2021-04-15,0,Overnight,0.0,False,249.21,249.21,298.61,False,0.0,False
2021-04-15,2021-04-16,0,Overnight,0.0,False,-52.35,-52.35,-87.91,False,0.0,False
2021-04-16,2021-04-19,2,Weekend,48.0,False,-239.13,-239.13,-113.11,False,0.0,False
2021-04-19,2021-04-20,0,Overnight,0.0,False,-25.09,-25.09,-99.69,False,0.0,False
2021-04-20,2021-04-21,0,Overnight,0.0,False,-34.66,-34.66,158.64,False,0.0,False
2021-04-21,2021-04-22,0,Overnight,0.0,False,9.44,9.44,-347.26,False,0.0,False
2021-04-22,2021-04-23,0,Overnight,0.0,False,56.41,56.41,219.22,False,0.0,False
2021-04-23,2021-04-26,2,Weekend,48.0,False,-52.71,-52.71,191.12,False,0.0,False
2021-04-26,2021-04-27,0,Overnight,0.0,False,64.72,64.72,-127.1,False,0.0,False
2021-04-27,2021-04-28,0,Overnight,0.0,False,-11.22,-11.22,-57.28,False,0.0,False
2021-04-28,2021-04-29,0,Overnight,0.0,False,80.35,80.35,-48.98,False,0.0,False
2021-04-29,2021-04-30,0,Overnight,0.0,False,-98.53,-98.53,-109.33,False,0.0,False
2021-04-30,2021-05-03,2,Weekend,48.0,False,76.66,76.66,-192.42,False,0.0,False
2021-05-03,2021-05-04,0,Overnight,0.0,False,-135.38,-135.38,-197.33,False,0.0,False
2021-05-04,2021-05-05,0,Overnight,0.0,False,246.23,246.23,-171.77,False,0.0,False
2021-05-05,2021-05-06,0,Overnight,0.0,False,25.39,25.39,19.13,False,0.0,False
2021-05-06,2021-05-07,0,Overnight,0.0,False,194.51,194.51,2.7,False,0.0,False
2021-05-07,2021-05-10,2,Weekend,48.0,False,-16.89,-16.89,-359.04,False,0.0,False
2021-05-10,2021-05-11,0,Overnight,0.0,False,-313.83,-313.83,342.18,False,0.0,False
2021-05-11,2021-05-12,0,Overnight,0.0,False,-209.61,-209.61,-180.79,False,0.0,False
2021-05-12,2021-05-13,0,Overnight,0.0,False,198.08,198.08,-266.09,False,0.0,False
2021-05-13,2021-05-14,0,Overnight,0.0,False,163.13,163.13,250.96,False,0.0,False
2021-05-14,2021-05-17,2,Weekend,48.0,False,-60.56,-60.56,6.0,False,0.0,False
2021-05-17,2021-05-18,0,Overnight,0.0,False,71.4,71.4,-177.67,False,0.0,False
2021-05-18,2021-05-19,0,Overnight,0.0,False,-325.78,-325.78,361.39,False,0.0,False
2021-05-19,2021-05-20,0,Overnight,0.0,False,166.92,166.92,214.43,False,0.0,False
2021-05-20,2021-05-21,0,Overnight,0.0,False,370.3,370.3,-114.08,False,0.0,False
2021-05-21,2021-05-24,2,Weekend,48.0,False,146.17,146.17,259.22,False,0.0,False
2021-05-24,2021-05-25,0,Overnight,0.0,False,98.16,98.16,-75.29,False,0.0,False
2021-05-25,2021-05-26,0,Overnight,0.0,False,55.13,55.13,-21.79,False,0.0,False
2021-05-26,2021-05-27,0,Overnight,0.0,False,-0.16,-0.16,-135.79,False,0.0,False
2021-05-27,2021-05-28,0,Overnight,0.0,False,8.39,8.39,468.5,False,0.0,False
2021-05-28,2021-06-01,3,Long,72.0,False,15.69,15.69,-3.38,False,0.0,False
2021-06-01,2021-06-02,0,Overnight,0.0,False,-7.53,-7.53,318.52,False,0.0,False
2021-06-02,2021-06-03,0,Overnight,0.0,False,-46.3,-46.3,159.79,False,0.0,False
2021-06-03,2021-06-04,0,Overnight,0.0,False,83.77,83.77,268.53,False,0.0,False
2021-06-04,2021-06-07,2,Weekend,48.0,False,-3.98,-3.98,27.14,False,0.0,False
2021-06-07,2021-06-08,0,Overnight,0.0,False,-52.21,-52.21,-40.16,False,0.0,False
2021-06-08,2021-06-09,0,Overnight,0.0,False,33.6,35.88,-90.33,True,2.29,False
2021-06-09,2021-06-10,0,Overnight,0.0,False,-4.75,-4.75,43.13,False,0.0,False
2021-06-10,2021-06-11,0,Overnight,0.0,False,31.23,31.23,195.87,False,0.0,False
2021-06-11,2021-06-14,2,Weekend,48.0,False,45.2,45.2,62.77,False,0.0,False
2021-06-14,2021-06-15,0,Overnight,0.0,False,-57.74,-57.74,-70.86,False,0.0,False
2021-06-15,2021-06-16,0,Overnight,0.0,False,1.27,1.27,10.95,False,0.0,False
2021-06-16,2021-06-17,0,Overnight,0.0,False,-20.09,-20.09,484.7,False,0.0,False
2021-06-17,2021-06-18,0,Overnight,0.0,False,67.71,67.71,-77.63,False,0.0,False
2021-06-18,2021-06-21,2,Weekend,48.0,False,-109.78,-109.78,-4.34,False,0.0,False
2021-06-21,2021-06-22,0,Overnight,0.0,False,23.98,23.98,222.32,False,0.0,False
2021-06-22,2021-06-23,0,Overnight,0.0,False,63.86,63.86,26.01,False,0.0,False
2021-06-23,2021-06-24,0,Overnight,0.0,False,89.07,89.07,-11.58,False,0.0,False
2021-06-24,2021-06-25,0,Overnight,0.0,False,38.98,38.98,-130.25,False,0.0,False
2021-06-25,2021-06-28,2,Weekend,48.0,False,172.04,172.04,317.08,False,0.0,False
2021-06-28,2021-06-29,0,Overnight,0.0,False,-51.42,-51.42,72.29,False,0.0,False
2021-06-29,2021-06-30,0,Overnight,0.0,False,-13.74,-13.74,1.63,False,0.0,False
2021-06-30,2021-07-01,0,Overnight,0.0,False,61.06,61.06,43.14,False,0.0,False
2021-07-01,2021-07-02,0,Overnight,0.0,False,112.3,112.3,22.85,False,0.0,False
2021-07-02,2021-07-06,3,Long,72.0,False,121.53,121.53,-18.82,False,0.0,False
2021-07-06,2021-07-07,0,Overnight,0.0,False,74.61,74.61,-233.73,False,0.0,False
2021-07-07,2021-07-08,0,Overnight,0.0,False,-256.18,-256.18,23.26,False,0.0,False
2021-07-08,2021-07-09,0,Overnight,0.0,False,29.98,29.98,43.86,False,0.0,False
2021-07-09,2021-07-12,2,Weekend,48.0,False,94.19,94.19,133.74,False,0.0,False
2021-07-12,2021-07-13,0,Overnight,0.0,False,-54.75,-54.75,-74.05,False,0.0,False
2021-07-13,2021-07-14,0,Overnight,0.0,False,53.07,53.07,-256.86,False,0.0,False
2021-07-14,2021-07-15,0,Overnight,0.0,False,-15.0,-15.0,-436.14,False,0.0,False
2021-07-15,2021-07-16,0,Overnight,0.0,False,33.82,33.82,-467.67,False,0.0,False
2021-07-16,2021-07-19,2,Weekend,48.0,False,-136.24,-136.24,471.27,False,0.0,False
2021-07-19,2021-07-20,0,Overnight,0.0,False,-26.53,-26.53,-63.2,False,0.0,True
2021-07-20,2021-07-21,0,Overnight,0.0,False,144.03,144.03,275.79,False,0.0,False
2021-07-21,2021-07-22,0,Overnight,0.0,False,118.82,118.82,-24.47,False,0.0,False
2021-07-22,2021-07-23,0,Overnight,0.0,False,31.59,31.59,-49.98,False,0.0,False
2021-07-23,2021-07-26,2,Weekend,48.0,False,-127.1,-127.1,-8.81,False,0.0,False
2021-07-26,2021-07-27,0,Overnight,0.0,False,-15.04,-15.04,-29.63,False,0.0,False
2021-07-27,2021-07-28,0,Overnight,0.0,False,57.62,57.62,94.79,False,0.0,False
2021-07-28,2021-07-29,0,Overnight,0.0,False,8.2,8.2,73.0,False,0.0,False
2021-07-29,2021-07-30,0,Overnight,0.0,False,-124.87,-124.87,41.63,False,0.0,False
2021-07-30,2021-08-02,2,Weekend,48.0,False,102.55,102.55,25.35,False,0.0,False
2021-08-02,2021-08-03,0,Overnight,0.0,False,-5.06,-5.06,37.92,False,0.0,False
2021-08-03,2021-08-04,0,Overnight,0.0,False,87.93,87.93,141.07,False,0.0,False
2021-08-04,2021-08-05,0,Overnight,0.0,False,110.86,110.86,66.61,False,0.0,False
2021-08-05,2021-08-06,0,Overnight,0.0,False,-54.91,-54.91,-77.28,False,0.0,False
2021-08-06,2021-08-09,2,Weekend,48.0,False,39.2,39.2,-74.13,False,0.0,False
2021-08-09,2021-08-10,0,Overnight,0.0,False,13.3,13.3,-191.77,False,0.0,False
2021-08-10,2021-08-11,0,Overnight,0.0,False,53.53,53.53,-173.12,False,0.0,False
2021-08-11,2021-08-12,0,Overnight,0.0,False,86.43,86.43,17.6,False,0.0,False
2021-08-12,2021-08-13,0,Overnight,0.0,False,0.0,0.0,141.17,False,0.0,False
2021-08-13,2021-08-16,2,Weekend,48.0,False,-26.29,-26.29,-92.3,False,0.0,False
2021-08-16,2021-08-17,0,Overnight,0.0,False,-133.72,-133.72,-115.99,False,0.0,False
2021-08-17,2021-08-18,0,Overnight,0.0,False,21.56,21.56,-238.72,False,0.0,False
2021-08-18,2021-08-19,0,Overnight,0.0,False,235.65,235.65,154.74,False,0.0,False
2021-08-19,2021-08-20,0,Overnight,0.0,False,97.01,97.01,404.4,False,0.0,False
2021-08-20,2021-08-23,2,Weekend,48.0,False,74.19,74.19,459.91,False,0.0,False
2021-08-23,2021-08-24,0,Overnight,0.0,False,-93.8,-93.8,18.37,False,0.0,False
2021-08-24,2021-08-25,0,Overnight,0.0,False,-25.73,-25.73,216.62,False,0.0,False
2021-08-25,2021-08-26,0,Overnight,0.0,False,-5.85,-5.85,-59.64,False,0.0,False
2021-08-26,2021-08-27,0,Overnight,0.0,False,52.43,52.43,201.7,False,0.0,False
2021-08-27,2021-08-30,2,Weekend,48.0,False,85.34,85.34,-62.39,False,0.0,False
2021-08-30,2021-08-31,0,Overnight,0.0,False,3.08,4.85,-137.54,True,1.76,False
2021-08-31,2021-09-01,0,Overnight,0.0,False,44.57,44.57,-19.59,False,0.0,False
2021-09-01,2021-09-02,0,Overnight,0.0,False,34.25,34.25,-54.33,False,0.0,False
2021-09-02,2021-09-03,0,Overnight,0.0,False,-31.75,-31.75,229.38,False,0.0,False
2021-09-03,2021-09-07,3,Long,72.0,False,-4.38,-4.38,-75.17,False,0.0,False
2021-09-07,2021-09-08,0,Overnight,0.0,False,-65.97,-65.97,-77.59,False,0.0,False
2021-09-08,2021-09-09,0,Overnight,0.0,False,-12.09,-12.09,-60.69,False,0.0,False
2021-09-09,2021-09-10,0,Overnight,0.0,False,76.81,76.81,58.0,False,0.0,False
2021-09-10,2021-09-13,2,Weekend,48.0,False,91.23,91.23,-237.32,False,0.0,False
2021-09-13,2021-09-14,0,Overnight,0.0,False,55.37,55.37,-14.83,False,0.0,False
2021-09-14,2021-09-15,0,Overnight,0.0,False,30.08,30.08,14.33,False,0.0,False
2021-09-15,2021-09-16,0,Overnight,0.0,False,-70.97,-70.97,26.56,False,0.0,False
2021-09-16,2021-09-17,0,Overnight,0.0,False,26.04,26.04,-181.0,False,0.0,False
2021-09-17,2021-09-20,2,Weekend,48.0,False,-350.36,-350.36,-15.62,False,0.0,False
2021-09-20,2021-09-21,0,Overnight,0.0,False,142.96,142.96,-80.16,False,0.0,False
2021-09-21,2021-09-22,0,Overnight,0.0,False,56.32,56.32,265.56,False,0.0,False
2021-09-22,2021-09-23,0,Overnight,0.0,False,90.29,90.29,153.29,False,0.0,False
2021-09-23,2021-09-24,0,Overnight,0.0,False,-184.96,-184.96,4.98,False,0.0,False
2021-09-24,2021-09-27,2,Weekend,48.0,False,-169.45,-169.45,-23.06,False,0.0,False
2021-09-27,2021-09-28,0,Overnight,0.0,False,-208.06,-208.06,-245.76,False,0.0,False
2021-09-28,2021-09-29,0,Overnight,0.0,False,115.76,115.76,-204.07,False,0.0,False
2021-09-29,2021-09-30,0,Overnight,0.0,False,121.6,121.6,-25.07,False,0.0,False
2021-09-30,2021-10-01,0,Overnight,0.0,False,16.4,16.4,-3.86,False,0.0,False
2021-10-01,2021-10-04,2,Weekend,48.0,False,-115.41,-115.41,-383.78,False,0.0,False
2021-10-04,2021-10-05,0,Overnight,0.0,False,109.88,109.88,248.03,False,0.0,False
2021-10-05,2021-10-06,0,Overnight,0.0,False,-163.17,-163.17,284.19,False,0.0,False
2021-10-06,2021-10-07,0,Overnight,0.0,False,187.6,187.6,-8.06,False,0.0,False
2021-10-07,2021-10-08,0,Overnight,0.0,False,12.33,12.33,-128.78,False,0.0,False
2021-10-08,2021-10-11,2,Weekend,48.0,False,-123.65,-123.65,58.15,False,0.0,False
2021-10-11,2021-10-12,0,Overnight,0.0,False,64.06,64.06,-75.66,False,0.0,False
2021-10-12,2021-10-13,0,Overnight,0.0,False,118.78,118.78,10.03,False,0.0,False
2021-10-13,2021-10-14,0,Overnight,0.0,False,165.3,165.3,212.86,False,0.0,False
2021-10-14,2021-10-15,0,Overnight,0.0,False,29.39,29.39,23.81,False,0.0,False
2021-10-15,2021-10-18,2,Weekend,48.0,False,-51.82,-51.82,215.15,False,0.0,False
2021-10-18,2021-10-19,0,Overnight,0.0,False,24.27,24.27,6.28,False,0.0,False
2021-10-19,2021-10-20,0,Overnight,0.0,False,6.73,6.73,-90.97,False,0.0,False
2021-10-20,2021-10-21,0,Overnight,0.0,False,-2.72,-2.72,265.71,False,0.0,False
2021-10-21,2021-10-22,0,Overnight,0.0,False,57.56,57.56,-42.59,False,0.0,False
2021-10-22,2021-10-25,2,Weekend,48.0,False,108.1,108.1,83.66,False,0.0,False
2021-10-25,2021-10-26,0,Overnight,0.0,False,349.1,349.1,298.96,False,0.0,False
2021-10-26,2021-10-27,0,Overnight,0.0,False,-98.8,-98.8,-9.4,False,0.0,False
2021-10-27,2021-10-28,0,Overnight,0.0,False,173.13,173.13,25.29,False,0.0,False
2021-10-28,2021-10-29,0,Overnight,0.0,False,24.03,24.03,223.87,False,0.0,False
2021-10-29,2021-11-01,2,Weekend,48.0,False,32.02,32.02,69.16,False,0.0,False
2021-11-01,2021-11-02,0,Overnight,0.0,False,-1.94,-1.94,221.75,False,0.0,False
2021-11-02,2021-11-03,0,Overnight,0.0,False,101.37,101.37,-27.03,False,0.0,False
2021-11-03,2021-11-04,0,Overnight,0.0,False,234.47,234.47,902.59,False,0.0,False
2021-11-04,2021-11-05,0,Overnight,0.0,False,128.69,128.69,-145.15,False,0.0,False
2021-11-05,2021-11-08,2,Weekend,49.0,False,132.55,132.55,214.93,False,0.0,False
2021-11-08,2021-11-09,0,Overnight,0.0,False,468.65,468.65,-516.49,False,0.0,False
2021-11-09,2021-11-10,0,Overnight,0.0,False,-433.64,-433.64,35.02,False,0.0,False
2021-11-10,2021-11-11,0,Overnight,0.0,False,336.77,336.77,-25.63,False,0.0,False
2021-11-11,2021-11-12,0,Overnight,0.0,False,-125.83,-125.83,125.83,False,0.0,False
2021-11-12,2021-11-15,2,Weekend,48.0,False,53.17,53.17,-174.0,False,0.0,False
2021-11-15,2021-11-16,0,Overnight,0.0,False,-88.99,-88.99,148.1,False,0.0,False
2021-11-16,2021-11-17,0,Overnight,0.0,False,70.93,70.93,-387.79,False,0.0,False
2021-11-17,2021-11-18,0,Overnight,0.0,False,1008.84,1008.84,-216.12,False,0.0,False
2021-11-18,2021-11-19,0,Overnight,0.0,False,177.73,177.73,227.52,False,0.0,False
2021-11-19,2021-11-22,2,Weekend,48.0,False,160.0,160.0,-476.93,False,0.0,False
2021-11-22,2021-11-23,0,Overnight,0.0,False,-132.62,-132.62,66.69,False,0.0,False
2021-11-23,2021-11-24,0,Overnight,0.0,False,-90.18,-90.18,378.31,False,0.0,False
2021-11-24,2021-11-26,1,Short,24.0,False,-22.67,-22.67,-342.29,False,0.0,False
2021-11-26,2021-11-29,2,Weekend,48.0,True,270.26,270.26,307.29,False,0.0,False
2021-11-29,2021-11-30,0,Overnight,0.0,False,-62.21,-62.21,-149.75,False,0.0,False
2021-11-30,2021-12-01,0,Overnight,0.0,False,164.81,166.02,-552.0,True,1.22,False
2021-12-01,2021-12-02,0,Overnight,0.0,False,-70.55,-70.55,287.99,False,0.0,False
2021-12-02,2021-12-03,0,Overnight,0.0,False,-39.3,-39.3,-417.01,False,0.0,False
2021-12-03,2021-12-06,2,Weekend,48.0,False,-268.45,-268.45,52.41,False,0.0,False
2021-12-06,2021-12-07,0,Overnight,0.0,False,301.69,301.69,463.92,False,0.0,False
2021-12-07,2021-12-08,0,Overnight,0.0,False,-132.87,-132.87,-54.21,False,0.0,False
2021-12-08,2021-12-09,0,Overnight,0.0,False,-28.95,-28.95,-399.9,False,0.0,False
2021-12-09,2021-12-10,0,Overnight,0.0,False,214.15,214.15,-310.39,False,0.0,False
2021-12-10,2021-12-13,2,Weekend,48.0,False,16.87,16.87,-715.25,False,0.0,False
2021-12-13,2021-12-14,0,Overnight,0.0,False,-165.42,-165.42,227.72,False,0.0,False
2021-12-14,2021-12-15,0,Overnight,0.0,False,22.21,22.21,699.92,False,0.0,False
2021-12-15,2021-12-16,0,Overnight,0.0,False,224.97,224.97,-929.47,False,0.0,False
2021-12-16,2021-12-17,0,Overnight,0.0,False,-142.63,-142.63,-65.97,False,0.0,False
2021-12-17,2021-12-20,2,Weekend,48.0,False,-180.02,-180.02,150.48,False,0.0,False
2021-12-20,2021-12-21,0,Overnight,0.0,False,233.55,233.55,244.05,False,0.0,False
2021-12-21,2021-12-22,0,Overnight,0.0,False,-63.49,-63.49,174.65,False,0.0,False
2021-12-22,2021-12-23,0,Overnight,0.0,False,120.02,120.02,-38.72,False,0.0,False
2021-12-23,2021-12-27,3,Long,72.0,False,6.75,6.75,424.12,False,0.0,False
2021-12-27,2021-12-28,0,Overnight,0.0,False,117.9,117.9,-321.28,False,0.0,False
2021-12-28,2021-12-29,0,Overnight,0.0,False,-16.17,-16.17,-90.26,False,0.0,False
2021-12-29,2021-12-30,0,Overnight,0.0,False,-58.17,-58.17,-81.13,False,0.0,False
2021-12-30,2021-12-31,0,Overnight,0.0,False,29.7,29.7,-89.03,False,0.0,False
2021-12-31,2022-01-03,2,Weekend,48.0,False,136.43,136.43,102.11,False,0.0,False
2022-01-03,2022-01-04,0,Overnight,0.0,False,51.66,51.66,-331.42,False,0.0,False
2022-01-04,2022-01-05,0,Overnight,0.0,False,-117.11,-117.11,-475.75,False,0.0,False
2022-01-05,2022-01-06,0,Overnight,0.0,False,13.03,13.03,192.78,False,0.0,False
2022-01-06,2022-01-07,0,Overnight,0.0,False,-13.14,-13.14,-322.84,False,0.0,False
2022-01-07,2022-01-10,2,Weekend,48.0,False,-247.47,-247.47,303.46,False,0.0,False
2022-01-10,2022-01-11,0,Overnight,0.0,False,-28.14,-28.14,179.18,False,0.0,False
2022-01-11,2022-01-12,0,Overnight,0.0,False,89.47,89.47,-24.26,False,0.0,False
2022-01-12,2022-01-13,0,Overnight,0.0,False,134.81,134.81,-656.78,False,0.0,False
2022-01-13,2022-01-14,0,Overnight,0.0,False,-104.02,-104.02,241.17,False,0.0,False
2022-01-14,2022-01-18,3,Long,72.0,False,-256.4,-256.4,-136.88,False,0.0,False
2022-01-18,2022-01-19,0,Overnight,0.0,False,67.72,67.72,-395.78,False,0.0,False
2022-01-19,2022-01-20,0,Overnight,0.0,False,94.1,94.1,-466.78,False,0.0,False
2022-01-20,2022-01-21,0,Overnight,0.0,False,-269.86,-269.86,-56.74,False,0.0,False
2022-01-21,2022-01-24,2,Weekend,48.0,False,-456.93,-456.93,456.08,False,0.0,False
2022-01-24,2022-01-25,0,Overnight,0.0,False,-359.81,-359.81,-98.95,False,0.0,False
2022-01-25,2022-01-26,0,Overnight,0.0,False,402.13,402.13,-203.43,False,0.0,False
2022-01-26,2022-01-27,0,Overnight,0.0,False,343.58,343.58,-713.96,False,0.0,False
2022-01-27,2022-01-28,0,Overnight,0.0,False,30.94,30.94,369.26,False,0.0,False
2022-01-28,2022-01-31,2,Weekend,48.0,False,148.63,148.63,547.25,False,0.0,False
2022-01-31,2022-02-01,0,Overnight,0.0,False,249.26,249.26,-187.37,False,0.0,False
2022-02-01,2022-02-02,0,Overnight,0.0,False,458.52,458.52,-216.33,False,0.0,False
2022-02-02,2022-02-03,0,Overnight,0.0,False,-315.52,-315.52,-210.73,False,0.0,False
2022-02-03,2022-02-04,0,Overnight,0.0,False,10.02,10.02,143.71,False,0.0,False
2022-02-04,2022-02-07,2,Weekend,48.0,False,21.77,21.77,145.01,False,0.0,False
2022-02-07,2022-02-08,0,Overnight,0.0,False,-150.35,-150.35,302.85,False,0.0,False
2022-02-08,2022-02-09,0,Overnight,0.0,False,202.65,202.65,413.99,False,0.0,False
2022-02-09,2022-02-10,0,Overnight,0.0,False,-269.47,-269.47,-66.0,False,0.0,False
2022-02-10,2022-02-11,0,Overnight,0.0,False,35.56,35.56,-789.34,False,0.0,False
2022-02-11,2022-02-14,2,Weekend,48.0,False,-6.26,-6.26,138.17,False,0.0,False
2022-02-14,2022-02-15,0,Overnight,0.0,False,277.16,277.16,601.22,False,0.0,False
2022-02-15,2022-02-16,0,Overnight,0.0,False,-89.47,-89.47,95.51,False,0.0,False
2022-02-16,2022-02-17,0,Overnight,0.0,False,-337.96,-337.96,-448.05,False,0.0,False
2022-02-17,2022-02-18,0,Overnight,0.0,False,65.48,65.48,-424.82,False,0.0,False
2022-02-18,2022-02-22,3,Long,72.0,False,-260.1,-260.1,152.94,False,0.0,False
2022-02-22,2022-02-23,0,Overnight,0.0,False,174.61,174.61,-612.89,False,0.0,False
2022-02-23,2022-02-24,0,Overnight,0.0,False,-632.44,-632.44,1222.62,False,0.0,False
2022-02-24,2022-02-25,0,Overnight,0.0,False,-11.38,-11.38,182.13,False,0.0,False
2022-02-25,2022-02-28,2,Weekend,48.0,False,-68.54,-68.54,162.48,False,0.0,False
2022-02-28,2022-03-01,0,Overnight,0.0,False,-38.62,-38.62,-340.85,False,0.0,False
2022-03-01,2022-03-02,0,Overnight,0.0,False,118.14,119.82,193.44,True,1.7,False
2022-03-02,2022-03-03,0,Overnight,0.0,False,17.33,17.33,-228.46,False,0.0,False
2022-03-03,2022-03-04,0,Overnight,0.0,False,-140.14,-140.14,-193.44,False,0.0,False
2022-03-04,2022-03-07,2,Weekend,48.0,False,-52.02,-52.02,-663.6,False,0.0,False
2022-03-07,2022-03-08,0,Overnight,0.0,False,-20.16,-20.16,95.74,False,0.0,False
2022-03-08,2022-03-09,0,Overnight,0.0,False,397.77,397.77,276.22,False,0.0,False
2022-03-09,2022-03-10,0,Overnight,0.0,False,-212.11,-212.11,56.21,False,0.0,False
2022-03-10,2022-03-11,0,Overnight,0.0,False,159.37,159.37,-408.73,False,0.0,False
2022-03-11,2022-03-14,2,Weekend,47.0,False,-105.08,-105.08,-249.56,False,0.0,False
2022-03-14,2022-03-15,0,Overnight,0.0,False,87.75,87.75,654.3,False,0.0,False
2022-03-15,2022-03-16,0,Overnight,0.0,False,226.81,226.81,415.09,False,0.0,False
2022-03-16,2022-03-17,0,Overnight,0.0,False,-154.68,-154.68,264.3,False,0.0,False
2022-03-17,2022-03-18,0,Overnight,0.0,False,13.32,13.32,645.66,False,0.0,False
2022-03-18,2022-03-21,2,Weekend,48.0,False,20.39,20.39,85.27,False,0.0,False
2022-03-21,2022-03-22,0,Overnight,0.0,False,-2.62,-2.62,-76.24,False,0.0,False
2022-03-22,2022-03-23,0,Overnight,0.0,False,-151.19,-151.19,-190.11,False,0.0,False
2022-03-23,2022-03-24,0,Overnight,0.0,False,205.41,205.41,730.86,False,0.0,False
2022-03-24,2022-03-25,0,Overnight,0.0,False,-94.23,-94.23,-69.81,False,0.0,False
2022-03-25,2022-03-28,2,Weekend,48.0,False,23.09,23.09,165.43,False,0.0,False
2022-03-28,2022-03-29,0,Overnight,0.0,False,167.27,167.27,-13.6,False,0.0,False
2022-03-29,2022-03-30,0,Overnight,0.0,False,-123.6,-123.6,-219.32,False,0.0,False
2022-03-30,2022-03-31,0,Overnight,0.0,False,33.17,33.17,-180.15,False,0.0,False
2022-03-31,2022-04-01,0,Overnight,0.0,False,32.56,32.56,-245.17,False,0.0,False
2022-04-01,2022-04-04,2,Weekend,48.0,False,5.99,5.99,233.7,False,0.0,False
2022-04-04,2022-04-05,0,Overnight,0.0,False,-38.82,-38.82,-497.61,False,0.0,False
2022-04-05,2022-04-06,0,Overnight,0.0,False,-392.07,-392.07,-213.62,False,0.0,False
2022-04-06,2022-04-07,0,Overnight,0.0,False,13.92,13.92,-95.79,False,0.0,False
2022-04-07,2022-04-08,0,Overnight,0.0,False,-120.94,-120.94,-339.35,False,0.0,False
2022-04-08,2022-04-11,2,Weekend,48.0,False,-399.32,-399.32,-134.6,False,0.0,False
2022-04-11,2022-04-12,0,Overnight,0.0,False,278.96,278.96,-469.19,False,0.0,False
2022-04-12,2022-04-13,0,Overnight,0.0,False,103.63,103.63,216.26,False,0.0,False
2022-04-13,2022-04-14,0,Overnight,0.0,False,135.1,135.1,-570.04,False,0.0,False
2022-04-14,2022-04-18,3,Long,72.0,False,-27.32,-27.32,271.29,False,0.0,False
2022-04-18,2022-04-19,0,Overnight,0.0,False,-28.96,-28.96,217.69,False,0.0,False
2022-04-19,2022-04-20,0,Overnight,0.0,False,142.68,142.68,-470.55,False,0.0,False
2022-04-20,2022-04-21,0,Overnight,0.0,False,105.12,105.12,-728.86,False,0.0,False
2022-04-21,2022-04-22,0,Overnight,0.0,False,59.28,59.28,-395.85,False,0.0,False
2022-04-22,2022-04-25,2,Weekend,48.0,False,-161.69,-161.69,358.06,False,0.0,False
2022-04-25,2022-04-26,0,Overnight,0.0,False,-92.88,-92.88,-483.14,False,0.0,False
2022-04-26,2022-04-27,0,Overnight,0.0,False,-101.64,-101.64,-98.88,False,0.0,False
2022-04-27,2022-04-28,0,Overnight,0.0,False,295.35,295.35,420.72,False,0.0,False
2022-04-28,2022-04-29,0,Overnight,0.0,False,-193.96,-193.96,-450.68,False,0.0,False
2022-04-29,2022-05-02,2,Weekend,48.0,False,-3.24,-3.24,521.21,False,0.0,False
2022-05-02,2022-05-03,0,Overnight,0.0,False,-68.32,-68.32,103.58,False,0.0,False
2022-05-03,2022-05-04,0,Overnight,0.0,False,162.43,162.43,204.2,False,0.0,False
2022-05-04,2022-05-05,0,Overnight,0.0,False,-232.34,-232.34,-528.66,False,0.0,False
2022-05-05,2022-05-06,0,Overnight,0.0,False,-57.48,-57.48,-32.61,False,0.0,False
2022-05-06,2022-05-09,2,Weekend,48.0,False,-349.27,-349.27,-619.91,False,0.0,False
2022-05-09,2022-05-10,0,Overnight,0.0,False,426.75,426.75,-53.28,False,0.0,False
2022-05-10,2022-05-11,0,Overnight,0.0,False,-141.95,-141.95,-422.11,False,0.0,False
2022-05-11,2022-05-12,0,Overnight,0.0,False,-250.25,-250.25,-27.17,False,0.0,False
2022-05-12,2022-05-13,0,Overnight,0.0,False,371.98,371.98,532.39,False,0.0,False
2022-05-13,2022-05-16,2,Weekend,48.0,False,-111.88,-111.88,-140.92,False,0.0,False
2022-05-16,2022-05-17,0,Overnight,0.0,False,458.51,458.51,56.83,False,0.0,False
2022-05-17,2022-05-18,0,Overnight,0.0,False,-263.1,-263.1,-442.87,False,0.0,False
2022-05-18,2022-05-19,0,Overnight,0.0,False,-0.59,-0.59,109.8,False,0.0,False
2022-05-19,2022-05-20,0,Overnight,0.0,False,120.74,120.74,-375.05,False,0.0,False
2022-05-20,2022-05-23,2,Weekend,48.0,False,-254.81,-254.81,376.27,False,0.0,False
2022-05-23,2022-05-24,0,Overnight,0.0,False,-232.29,-232.29,-217.99,False,0.0,False
2022-05-24,2022-05-25,0,Overnight,0.0,False,-83.3,-83.3,579.04,False,0.0,False
2022-05-25,2022-05-26,0,Overnight,0.0,False,-569.06,-569.06,1072.23,False,0.0,False
2022-05-26,2022-05-27,0,Overnight,0.0,False,185.93,185.93,337.9,False,0.0,False
2022-05-27,2022-05-31,3,Long,72.0,False,89.44,89.44,-163.61,False,0.0,False
2022-05-31,2022-06-01,0,Overnight,0.0,False,27.81,27.81,-218.13,False,0.0,False
2022-06-01,2022-06-02,0,Overnight,0.0,False,-15.3,-15.3,686.57,False,0.0,False
2022-06-02,2022-06-03,0,Overnight,0.0,False,-263.76,-263.76,-191.53,False,0.0,False
2022-06-03,2022-06-06,2,Weekend,48.0,False,221.36,221.36,-186.16,False,0.0,False
2022-06-06,2022-06-07,0,Overnight,0.0,False,-168.56,-168.56,242.81,False,0.0,False
2022-06-07,2022-06-08,0,Overnight,0.0,False,-67.33,-65.2,-80.65,True,2.11,False
2022-06-08,2022-06-09,0,Overnight,0.0,False,-89.96,-89.96,-237.08,False,0.0,False
2022-06-09,2022-06-10,0,Overnight,0.0,False,-251.36,-251.36,-362.16,False,0.0,False
2022-06-10,2022-06-13,2,Weekend,48.0,False,-590.94,-590.94,-223.1,False,0.0,False
2022-06-13,2022-06-14,0,Overnight,0.0,False,53.54,53.54,66.53,False,0.0,False
2022-06-14,2022-06-15,0,Overnight,0.0,False,162.23,162.23,264.87,False,0.0,False
2022-06-15,2022-06-16,0,Overnight,0.0,False,-411.95,-411.95,-164.65,False,0.0,False
2022-06-16,2022-06-17,0,Overnight,0.0,False,30.08,30.08,147.17,False,0.0,False
2022-06-17,2022-06-21,3,Long,72.0,False,367.84,367.84,55.08,False,0.0,False
2022-06-21,2022-06-22,0,Overnight,0.0,False,-207.38,-207.38,82.24,False,0.0,False
2022-06-22,2022-06-23,0,Overnight,0.0,False,96.72,96.72,-179.58,False,0.0,False
2022-06-23,2022-06-24,0,Overnight,0.0,False,168.07,168.07,372.37,False,0.0,False
2022-06-24,2022-06-27,2,Weekend,48.0,False,108.02,108.02,-259.22,False,0.0,False
2022-06-27,2022-06-28,0,Overnight,0.0,False,18.36,18.36,-558.51,False,0.0,False
2022-06-28,2022-06-29,0,Overnight,0.0,False,-105.67,-105.67,-173.5,False,0.0,False
2022-06-29,2022-06-30,0,Overnight,0.0,False,-117.14,-117.14,-132.37,False,0.0,False
2022-06-30,2022-07-01,0,Overnight,0.0,False,-173.0,-173.0,-255.6,False,0.0,False
2022-07-01,2022-07-05,3,Long,72.0,False,-242.54,-242.54,541.67,False,0.0,False
2022-07-05,2022-07-06,0,Overnight,0.0,False,30.69,30.69,79.63,False,0.0,False
2022-07-06,2022-07-07,0,Overnight,0.0,False,213.18,213.18,256.77,False,0.0,False
2022-07-07,2022-07-08,0,Overnight,0.0,False,-273.6,-273.6,260.98,False,0.0,False
2022-07-08,2022-07-11,2,Weekend,48.0,False,-198.96,-198.96,-243.84,False,0.0,False
2022-07-11,2022-07-12,0,Overnight,0.0,False,76.27,76.27,-122.57,False,0.0,False
2022-07-12,2022-07-13,0,Overnight,0.0,False,-331.66,-331.66,385.88,False,0.0,False
2022-07-13,2022-07-14,0,Overnight,0.0,False,-37.0,-37.0,173.23,False,0.0,False
2022-07-14,2022-07-15,0,Overnight,0.0,False,184.98,184.98,65.56,False,0.0,False
2022-07-15,2022-07-18,2,Weekend,48.0,False,336.86,336.86,-124.06,False,0.0,False
2022-07-18,2022-07-19,0,Overnight,0.0,False,236.3,236.3,302.31,False,0.0,False
2022-07-19,2022-07-20,0,Overnight,0.0,False,-26.52,-26.52,495.01,False,0.0,False
2022-07-20,2022-07-21,0,Overnight,0.0,False,43.71,43.71,91.83,False,0.0,False
2022-07-21,2022-07-22,0,Overnight,0.0,False,-87.36,-87.36,-326.05,False,0.0,False
2022-07-22,2022-07-25,2,Weekend,48.0,False,-174.74,-174.74,2.94,False,0.0,False
2022-07-25,2022-07-26,0,Overnight,0.0,False,-79.62,-79.62,-213.04,False,0.0,False
2022-07-26,2022-07-27,0,Overnight,0.0,False,297.35,297.35,435.43,False,0.0,False
2022-07-27,2022-07-28,0,Overnight,0.0,False,103.45,103.45,5.01,False,0.0,False
2022-07-28,2022-07-29,0,Overnight,0.0,False,-95.54,-95.54,194.58,False,0.0,False
2022-07-29,2022-08-01,2,Weekend,48.0,False,10.45,10.45,141.44,False,0.0,False
2022-08-01,2022-08-02,0,Overnight,0.0,False,-174.5,-174.5,220.48,False,0.0,False
2022-08-02,2022-08-03,0,Overnight,0.0,False,-186.33,-186.33,382.49,False,0.0,False
2022-08-03,2022-08-04,0,Overnight,0.0,False,-23.32,-23.32,192.31,False,0.0,False
2022-08-04,2022-08-05,0,Overnight,0.0,False,-213.03,-213.03,94.71,False,0.0,False
2022-08-05,2022-08-08,2,Weekend,48.0,False,-815.45,-815.45,164.9,False,0.0,False
2022-08-08,2022-08-09,0,Overnight,0.0,False,-308.77,-308.77,-96.69,False,0.0,False
2022-08-09,2022-08-10,0,Overnight,0.0,False,351.92,351.92,222.95,False,0.0,False
2022-08-10,2022-08-11,0,Overnight,0.0,False,18.77,18.77,-104.79,False,0.0,False
2022-08-11,2022-08-12,0,Overnight,0.0,False,120.77,120.77,297.83,False,0.0,False
2022-08-12,2022-08-15,2,Weekend,48.0,False,-4.28,-4.28,175.45,False,0.0,False
2022-08-15,2022-08-16,0,Overnight,0.0,False,-59.02,-59.02,-21.69,False,0.0,False
2022-08-16,2022-08-17,0,Overnight,0.0,False,-190.37,-190.37,-102.02,False,0.0,False
2022-08-17,2022-08-18,0,Overnight,0.0,False,-18.56,-18.56,254.64,False,0.0,False
2022-08-18,2022-08-19,0,Overnight,0.0,False,-197.43,-197.43,-307.29,False,0.0,False
2022-08-19,2022-08-22,2,Weekend,48.0,False,-203.18,-203.18,-264.18,False,0.0,False
2022-08-22,2022-08-23,0,Overnight,0.0,False,-26.45,-26.45,112.38,False,0.0,False
2022-08-23,2022-08-24,0,Overnight,0.0,False,-98.85,-98.85,122.69,False,0.0,False
2022-08-24,2022-08-25,0,Overnight,0.0,False,-221.93,-221.93,615.32,False,0.0,False
2022-08-25,2022-08-26,0,Overnight,0.0,False,-31.31,-31.31,-936.87,False,0.0,False
2022-08-26,2022-08-29,2,Weekend,48.0,False,-148.7,-148.7,-137.65,False,0.0,False
2022-08-29,2022-08-30,0,Overnight,0.0,False,100.12,100.12,-313.12,False,0.0,False
2022-08-30,2022-08-31,0,Overnight,0.0,False,-54.45,-54.45,-190.31,False,0.0,False
2022-08-31,2022-09-01,0,Overnight,0.0,False,-604.22,-604.22,-193.28,False,0.0,False
2022-09-01,2022-09-02,0,Overnight,0.0,False,116.28,116.28,-326.55,False,0.0,False
2022-09-02,2022-09-06,3,Long,72.0,False,61.36,61.36,-195.62,False,0.0,False
2022-09-06,2022-09-07,0,Overnight,0.0,False,72.52,75.47,110.72,True,2.97,False
2022-09-07,2022-09-08,0,Overnight,0.0,False,-187.69,-187.69,386.95,False,0.0,False
2022-09-08,2022-09-09,0,Overnight,0.0,False,118.66,118.66,161.16,False,0.0,False
2022-09-09,2022-09-12,2,Weekend,48.0,False,-12.52,-12.52,94.2,False,0.0,False
2022-09-12,2022-09-13,0,Overnight,0.0,False,-496.8,-496.8,-498.38,False,0.0,False
2022-09-13,2022-09-14,0,Overnight,0.0,False,93.24,93.24,-95.52,False,0.0,False
2022-09-14,2022-09-15,0,Overnight,0.0,False,-86.45,-86.45,-66.3,False,0.0,False
2022-09-15,2022-09-16,0,Overnight,0.0,False,-145.69,-145.69,351.62,False,0.0,False
2022-09-16,2022-09-19,2,Weekend,48.0,False,-141.93,-141.93,280.39,False,0.0,False
2022-09-19,2022-09-20,0,Overnight,0.0,False,-125.58,-125.58,-29.56,False,0.0,False
2022-09-20,2022-09-21,0,Overnight,0.0,False,28.04,28.04,36.26,False,0.0,False
2022-09-21,2022-09-22,0,Overnight,0.0,False,-145.08,-145.08,-397.23,False,0.0,False
2022-09-22,2022-09-23,0,Overnight,0.0,False,-112.89,-112.89,77.0,False,0.0,False
2022-09-23,2022-09-26,2,Weekend,48.0,False,-19.99,-19.99,-212.8,False,0.0,False
2022-09-26,2022-09-27,0,Overnight,0.0,False,225.6,225.6,-75.44,False,0.0,False
2022-09-27,2022-09-28,0,Overnight,0.0,False,-2.42,-2.42,259.3,False,0.0,False
2022-09-28,2022-09-29,0,Overnight,0.0,False,-228.73,-228.73,-184.86,False,0.0,False
2022-09-29,2022-09-30,0,Overnight,0.0,False,-109.43,-109.43,42.93,False,0.0,False
2022-09-30,2022-10-03,2,Weekend,48.0,False,169.9,169.9,132.75,False,0.0,False
2022-10-03,2022-10-04,0,Overnight,0.0,False,289.1,289.1,221.16,False,0.0,False
2022-10-04,2022-10-05,0,Overnight,0.0,False,-196.34,-196.34,228.19,False,0.0,False
2022-10-05,2022-10-06,0,Overnight,0.0,False,8.32,8.32,-68.31,False,0.0,False
2022-10-06,2022-10-07,0,Overnight,0.0,False,-487.71,-487.71,-349.09,False,0.0,False
2022-10-07,2022-10-10,2,Weekend,48.0,False,-32.35,-32.35,-309.64,False,0.0,False
2022-10-10,2022-10-11,0,Overnight,0.0,False,-93.84,-93.84,21.6,False,0.0,False
2022-10-11,2022-10-12,0,Overnight,0.0,False,-6.04,-6.04,-68.46,False,0.0,False
2022-10-12,2022-10-13,0,Overnight,0.0,False,-470.92,-470.92,863.12,False,0.0,False
2022-10-13,2022-10-14,0,Overnight,0.0,False,80.78,80.78,-713.24,False,0.0,False
2022-10-14,2022-10-17,2,Weekend,48.0,False,255.89,255.89,316.18,False,0.0,False
2022-10-17,2022-10-18,0,Overnight,0.0,False,376.41,376.41,-310.17,False,0.0,False
2022-10-18,2022-10-19,0,Overnight,0.0,False,-73.81,-73.81,143.76,False,0.0,False
2022-10-19,2022-10-20,0,Overnight,0.0,False,51.32,51.32,66.65,False,0.0,False
2022-10-20,2022-10-21,0,Overnight,0.0,False,-79.04,-79.04,299.65,False,0.0,False
2022-10-21,2022-10-24,2,Weekend,48.0,False,33.64,33.64,72.49,False,0.0,False
2022-10-24,2022-10-25,0,Overnight,0.0,False,75.12,75.12,436.98,False,0.0,False
2022-10-25,2022-10-26,0,Overnight,0.0,False,-300.06,-300.06,20.96,False,0.0,False
2022-10-26,2022-10-27,0,Overnight,0.0,False,553.56,553.56,-338.76,False,0.0,False
2022-10-27,2022-10-28,0,Overnight,0.0,False,-54.79,-54.79,542.12,False,0.0,False
2022-10-28,2022-10-31,2,Weekend,48.0,False,-40.56,-40.56,-206.06,False,0.0,False
2022-10-31,2022-11-01,0,Overnight,0.0,False,229.98,229.98,-195.96,False,0.0,False
2022-11-01,2022-11-02,0,Overnight,0.0,False,224.15,224.15,-466.3,False,0.0,False
2022-11-02,2022-11-03,0,Overnight,0.0,False,-134.04,-134.04,285.69,False,0.0,False
2022-11-03,2022-11-04,0,Overnight,0.0,False,412.36,412.36,120.82,False,0.0,False
2022-11-04,2022-11-07,2,Weekend,49.0,False,50.73,50.73,51.18,False,0.0,False
2022-11-07,2022-11-08,0,Overnight,0.0,False,343.65,343.65,-135.36,False,0.0,False
2022-11-08,2022-11-09,0,Overnight,0.0,False,-305.96,-305.96,-276.34,False,0.0,False
2022-11-09,2022-11-10,0,Overnight,0.0,False,716.99,716.99,622.13,False,0.0,False
2022-11-10,2022-11-11,0,Overnight,0.0,False,36.13,36.13,323.67,False,0.0,False
2022-11-11,2022-11-14,2,Weekend,48.0,False,-66.98,-66.98,47.37,False,0.0,False
2022-11-14,2022-11-15,0,Overnight,0.0,False,258.67,258.67,-33.55,False,0.0,False
2022-11-15,2022-11-16,0,Overnight,0.0,False,-307.08,-307.08,-157.15,False,0.0,False
2022-11-16,2022-11-17,0,Overnight,0.0,False,-123.32,-123.32,-24.21,False,0.0,False
2022-11-17,2022-11-18,0,Overnight,0.0,False,182.67,182.67,-355.1,False,0.0,False
2022-11-18,2022-11-21,2,Weekend,48.0,False,-171.49,-171.49,111.61,False,0.0,False
2022-11-21,2022-11-22,0,Overnight,0.0,False,7.18,7.18,452.8,False,0.0,False
2022-11-22,2022-11-23,0,Overnight,0.0,False,37.34,37.34,258.16,False,0.0,False
2022-11-23,2022-11-25,1,Short,24.0,False,-122.42,-122.42,-29.46,False,0.0,False
2022-11-25,2022-11-28,2,Weekend,48.0,True,-151.11,-151.11,-124.95,False,0.0,False
2022-11-28,2022-11-29,0,Overnight,0.0,False,0.0,0.0,-119.5,False,0.0,False
2022-11-29,2022-11-30,0,Overnight,0.0,False,37.02,39.57,752.04,True,2.56,False
2022-11-30,2022-12-01,0,Overnight,0.0,False,44.81,44.81,79.69,False,0.0,False
2022-12-01,2022-12-02,0,Overnight,0.0,False,-281.73,-281.73,129.42,False,0.0,False
2022-12-02,2022-12-05,2,Weekend,48.0,False,-117.42,-117.42,-41.46,False,0.0,False
2022-12-05,2022-12-06,0,Overnight,0.0,False,-48.28,-48.28,-334.01,False,0.0,False
2022-12-06,2022-12-07,0,Overnight,0.0,False,-135.4,-135.4,218.25,False,0.0,False
2022-12-07,2022-12-08,0,Overnight,0.0,False,94.47,94.47,535.98,False,0.0,False
2022-12-08,2022-12-09,0,Overnight,0.0,False,-5.24,-5.24,-93.09,False,0.0,False
2022-12-09,2022-12-12,2,Weekend,48.0,False,21.15,21.15,288.11,False,0.0,False
2022-12-12,2022-12-13,0,Overnight,0.0,False,552.46,552.46,-250.81,False,0.0,False
2022-12-13,2022-12-14,0,Overnight,0.0,False,-47.15,-47.15,-175.55,False,0.0,False
2022-12-14,2022-12-15,0,Overnight,0.0,False,-303.3,-303.3,-113.79,False,0.0,False
2022-12-15,2022-12-16,0,Overnight,0.0,False,-52.05,-52.05,-175.27,False,0.0,False
2022-12-16,2022-12-19,2,Weekend,48.0,False,0.6,0.6,-193.76,False,0.0,False
2022-12-19,2022-12-20,0,Overnight,0.0,False,-117.58,-117.58,13.06,False,0.0,False
2022-12-20,2022-12-21,0,Overnight,0.0,False,18.01,18.01,237.32,False,0.0,False
2022-12-21,2022-12-22,0,Overnight,0.0,False,-249.74,-249.74,-480.48,False,0.0,False
2022-12-22,2022-12-23,0,Overnight,0.0,False,-93.66,-93.66,6.58,False,0.0,False
2022-12-23,2022-12-27,3,Long,72.0,False,-87.19,-87.19,-653.08,False,0.0,False
2022-12-27,2022-12-28,0,Overnight,0.0,False,-138.34,-138.34,77.96,False,0.0,False
2022-12-28,2022-12-29,0,Overnight,0.0,False,257.42,257.42,138.6,False,0.0,False
2022-12-29,2022-12-30,0,Overnight,0.0,False,-185.93,-185.93,193.46,False,0.0,False
2022-12-30,2023-01-03,3,Long,72.0,False,160.87,160.87,-367.59,False,0.0,False
2023-01-03,2023-01-04,0,Overnight,0.0,False,174.51,174.51,124.17,False,0.0,False
2023-01-04,2023-01-05,0,Overnight,0.0,False,-176.48,-176.48,-157.19,False,0.0,False
2023-01-05,2023-01-06,0,Overnight,0.0,False,145.45,145.45,262.52,False,0.0,False
2023-01-06,2023-01-09,2,Weekend,48.0,False,282.01,282.01,222.58,False,0.0,False
2023-01-09,2023-01-10,0,Overnight,0.0,False,-77.73,-77.73,255.93,False,0.0,False
2023-01-10,2023-01-11,0,Overnight,0.0,False,-43.47,-43.47,101.13,False,0.0,False
2023-01-11,2023-01-12,0,Overnight,0.0,False,61.68,61.68,252.08,False,0.0,False
2023-01-12,2023-01-13,0,Overnight,0.0,False,-142.12,-142.12,374.4,False,0.0,False
2023-01-13,2023-01-17,3,Long,72.0,False,0.0,0.0,464.23,False,0.0,False
2023-01-17,2023-01-18,0,Overnight,0.0,False,-19.79,-19.79,-165.51,False,0.0,False
2023-01-18,2023-01-19,0,Overnight,0.0,False,-198.19,-198.19,-160.35,False,0.0,False
2023-01-19,2023-01-20,0,Overnight,0.0,False,145.67,145.67,475.27,False,0.0,False
2023-01-20,2023-01-23,2,Weekend,48.0,False,125.34,125.34,606.25,False,0.0,False
2023-01-23,2023-01-24,0,Overnight,0.0,False,-192.54,-192.54,229.98,False,0.0,False
2023-01-24,2023-01-25,0,Overnight,0.0,False,-184.4,-184.4,214.47,False,0.0,False
2023-01-25,2023-01-26,0,Overnight,0.0,False,193.73,193.73,51.14,False,0.0,False
2023-01-26,2023-01-27,0,Overnight,0.0,False,-173.19,-173.19,453.54,False,0.0,False
2023-01-27,2023-01-30,2,Weekend,48.0,False,-205.89,-205.89,-403.0,False,0.0,False
2023-01-30,2023-01-31,0,Overnight,0.0,False,4.17,4.17,189.64,False,0.0,False
2023-01-31,2023-02-01,0,Overnight,0.0,False,78.52,78.52,616.43,False,0.0,False
2023-02-01,2023-02-02,0,Overnight,0.0,False,27.18,27.18,332.04,False,0.0,False
2023-02-02,2023-02-03,0,Overnight,0.0,False,-332.04,-332.04,47.51,False,0.0,False
2023-02-03,2023-02-06,2,Weekend,48.0,False,-140.32,-140.32,135.1,False,0.0,False
2023-02-06,2023-02-07,0,Overnight,0.0,False,137.98,137.98,363.26,False,0.0,False
2023-02-07,2023-02-08,0,Overnight,0.0,False,96.05,96.05,-81.63,False,0.0,False
2023-02-08,2023-02-09,0,Overnight,0.0,False,178.98,178.98,-119.71,False,0.0,False
2023-02-09,2023-02-10,0,Overnight,0.0,False,-293.93,-293.93,-197.89,False,0.0,False
2023-02-10,2023-02-13,2,Weekend,48.0,False,127.56,127.56,115.41,False,0.0,False
2023-02-13,2023-02-14,0,Overnight,0.0,False,-96.85,-96.85,625.58,False,0.0,False
2023-02-14,2023-02-15,0,Overnight,0.0,False,-185.42,-185.42,94.9,False,0.0,False
2023-02-15,2023-02-16,0,Overnight,0.0,False,-281.11,-281.11,-59.36,False,0.0,False
2023-02-16,2023-02-17,0,Overnight,0.0,False,-170.06,-170.06,-112.98,False,0.0,False
2023-02-17,2023-02-21,3,Long,72.0,False,-183.08,-183.08,-165.65,False,0.0,False
2023-02-21,2023-02-22,0,Overnight,0.0,False,25.14,25.14,22.67,False,0.0,False
2023-02-22,2023-02-23,0,Overnight,0.0,False,1217.05,1217.05,95.11,False,0.0,False
2023-02-23,2023-02-24,0,Overnight,0.0,False,-187.26,-187.26,26.23,False,0.0,False
2023-02-24,2023-02-27,2,Weekend,48.0,False,163.56,163.56,-71.65,False,0.0,False
2023-02-27,2023-02-28,0,Overnight,0.0,False,-55.04,-55.04,-66.97,False,0.0,False
2023-02-28,2023-03-01,0,Overnight,0.0,False,-10.34,-10.34,-215.31,False,0.0,False
2023-03-01,2023-03-02,0,Overnight,0.0,False,-92.95,-92.95,360.72,False,0.0,False
2023-03-02,2023-03-03,0,Overnight,0.0,False,2.57,2.57,241.49,False,0.0,False
2023-03-03,2023-03-06,2,Weekend,48.0,False,0.42,0.42,-142.06,False,0.0,False
2023-03-06,2023-03-07,0,Overnight,0.0,False,19.51,21.2,-133.09,True,1.7,False
2023-03-07,2023-03-08,0,Overnight,0.0,False,85.09,85.09,291.2,False,0.0,False
2023-03-08,2023-03-09,0,Overnight,0.0,False,-2.48,-2.48,-310.46,False,0.0,False
2023-03-09,2023-03-10,0,Overnight,0.0,False,-11.53,-11.53,-191.49,False,0.0,False
2023-03-10,2023-03-13,2,Weekend,47.0,False,-93.18,-93.18,93.62,False,0.0,False
2023-03-13,2023-03-14,0,Overnight,0.0,False,228.15,228.15,238.45,False,0.0,False
2023-03-14,2023-03-15,0,Overnight,0.0,False,-126.3,-126.3,194.63,False,0.0,False
2023-03-15,2023-03-16,0,Overnight,0.0,False,-83.31,-83.31,611.07,False,0.0,False
2023-03-16,2023-03-17,0,Overnight,0.0,False,171.19,171.19,-99.41,False,0.0,False
2023-03-17,2023-03-20,2,Weekend,48.0,False,-42.85,-42.85,110.65,False,0.0,False
2023-03-20,2023-03-21,0,Overnight,0.0,False,107.53,107.53,7.25,False,0.0,False
2023-03-21,2023-03-22,0,Overnight,0.0,False,85.89,85.89,16.26,False,0.0,False
2023-03-22,2023-03-23,0,Overnight,0.0,False,241.51,241.51,27.99,False,0.0,False
2023-03-23,2023-03-24,0,Overnight,0.0,False,-59.02,-59.02,-93.66,False,0.0,False
2023-03-24,2023-03-27,2,Weekend,48.0,False,21.64,21.64,-114.68,False,0.0,False
2023-03-27,2023-03-28,0,Overnight,0.0,False,-31.71,-31.71,-14.0,False,0.0,False
2023-03-28,2023-03-29,0,Overnight,0.0,False,155.92,155.92,59.1,False,0.0,False
2023-03-29,2023-03-30,0,Overnight,0.0,False,90.39,90.39,56.4,False,0.0,False
2023-03-30,2023-03-31,0,Overnight,0.0,False,-89.14,-89.14,232.0,False,0.0,False
2023-03-31,2023-04-03,2,Weekend,48.0,False,-96.95,-96.95,164.4,False,0.0,False
2023-04-03,2023-04-04,0,Overnight,0.0,False,0.36,0.36,-185.14,False,0.0,False
2023-04-04,2023-04-05,0,Overnight,0.0,False,-229.92,-229.92,19.36,False,0.0,False
2023-04-05,2023-04-06,0,Overnight,0.0,False,-111.1,-111.1,168.97,False,0.0,False
2023-04-06,2023-04-10,3,Long,72.0,False,-79.47,-79.47,277.95,False,0.0,False
2023-04-10,2023-04-11,0,Overnight,0.0,False,52.44,52.44,-202.22,False,0.0,False
2023-04-11,2023-04-12,0,Overnight,0.0,False,73.71,73.71,-324.91,False,0.0,False
2023-04-12,2023-04-13,0,Overnight,0.0,False,89.8,89.8,-101.89,False,0.0,False
2023-04-13,2023-04-14,0,Overnight,0.0,False,15.48,15.48,95.38,False,0.0,False
2023-04-14,2023-04-17,2,Weekend,48.0,False,-72.39,-72.39,163.16,False,0.0,False
2023-04-17,2023-04-18,0,Overnight,0.0,False,194.74,194.74,48.55,False,0.0,False
2023-04-18,2023-04-19,0,Overnight,0.0,False,-111.22,-111.22,206.19,False,0.0,False
2023-04-19,2023-04-20,0,Overnight,0.0,False,-93.52,-93.52,-207.04,False,0.0,False
2023-04-20,2023-04-21,0,Overnight,0.0,False,-56.24,-56.24,61.77,False,0.0,False
2023-04-21,2023-04-24,2,Weekend,48.0,False,-39.16,-39.16,10.73,False,0.0,False
2023-04-24,2023-04-25,0,Overnight,0.0,False,13.3,13.3,-313.99,False,0.0,False
2023-04-25,2023-04-26,0,Overnight,0.0,False,285.88,285.88,-17.05,False,0.0,False
2023-04-26,2023-04-27,0,Overnight,0.0,False,149.86,149.86,-50.19,False,0.0,False
2023-04-27,2023-04-28,0,Overnight,0.0,False,-0.37,-0.37,190.64,False,0.0,False
2023-04-28,2023-05-01,2,Weekend,48.0,False,32.74,32.74,377.14,False,0.0,False
2023-05-01,2023-05-02,0,Overnight,0.0,False,-79.88,-79.88,-165.24,False,0.0,False
2023-05-02,2023-05-03,0,Overnight,0.0,False,-132.03,-132.03,-13.66,False,0.0,False
2023-05-03,2023-05-04,0,Overnight,0.0,False,-54.46,-54.46,-32.24,False,0.0,False
2023-05-04,2023-05-05,0,Overnight,0.0,False,95.33,95.33,302.29,False,0.0,False
2023-05-05,2023-05-08,2,Weekend,48.0,False,-55.24,-55.24,218.13,False,0.0,False
2023-05-08,2023-05-09,0,Overnight,0.0,False,-86.82,-86.82,-114.15,False,0.0,False
2023-05-09,2023-05-10,0,Overnight,0.0,False,150.76,150.76,-41.46,False,0.0,False
2023-05-10,2023-05-11,0,Overnight,0.0,False,3.81,3.81,-110.66,False,0.0,False
2023-05-11,2023-05-12,0,Overnight,0.0,False,-17.16,-17.16,-66.47,False,0.0,False
2023-05-12,2023-05-15,2,Weekend,48.0,False,59.1,59.1,154.89,False,0.0,False
2023-05-15,2023-05-16,0,Overnight,0.0,False,-38.76,-38.76,128.16,False,0.0,False
2023-05-16,2023-05-17,0,Overnight,0.0,False,126.2,126.2,198.79,False,0.0,False
2023-05-17,2023-05-18,0,Overnight,0.0,False,76.58,76.58,408.51,False,0.0,False
2023-05-18,2023-05-19,0,Overnight,0.0,False,-44.93,-44.93,-86.62,False,0.0,False
2023-05-19,2023-05-22,2,Weekend,48.0,False,-116.79,-116.79,88.6,False,0.0,False
2023-05-22,2023-05-23,0,Overnight,0.0,False,-56.61,-56.61,-101.16,False,0.0,False
2023-05-23,2023-05-24,0,Overnight,0.0,False,-156.99,-156.99,107.99,False,0.0,False
2023-05-24,2023-05-25,0,Overnight,0.0,False,2322.84,2322.84,-141.96,False,0.0,False
2023-05-25,2023-05-26,0,Overnight,0.0,False,-23.73,-23.73,274.89,False,0.0,False
2023-05-26,2023-05-30,3,Long,72.0,False,414.69,414.69,-119.94,False,0.0,False
2023-05-30,2023-05-31,0,Overnight,0.0,False,-156.54,-156.54,-427.89,False,0.0,False
2023-05-31,2023-06-01,0,Overnight,0.0,False,171.64,171.64,327.4,False,0.0,False
2023-06-01,2023-06-02,0,Overnight,0.0,False,81.89,81.89,-193.9,False,0.0,False
2023-06-02,2023-06-05,2,Weekend,48.0,False,-106.86,-106.86,67.11,False,0.0,False
2023-06-05,2023-06-06,0,Overnight,0.0,False,-87.44,-87.44,-45.43,False,0.0,False
2023-06-06,2023-06-07,0,Overnight,0.0,False,67.3,68.32,-377.06,True,1.03,False
2023-06-07,2023-06-08,0,Overnight,0.0,False,66.22,66.22,206.21,False,0.0,False
2023-06-08,2023-06-09,0,Overnight,0.0,False,135.92,135.92,-68.63,False,0.0,False
2023-06-09,2023-06-12,2,Weekend,48.0,False,110.3,110.3,71.68,False,0.0,False
2023-06-12,2023-06-13,0,Overnight,0.0,False,176.74,176.74,205.9,False,0.0,False
2023-06-13,2023-06-14,0,Overnight,0.0,False,-48.38,-48.38,518.6,False,0.0,False
2023-06-14,2023-06-15,0,Overnight,0.0,False,-92.29,-92.29,11.96,False,0.0,False
2023-06-15,2023-06-16,0,Overnight,0.0,False,185.13,185.13,-175.99,False,0.0,False
2023-06-16,2023-06-20,3,Long,72.0,False,71.42,71.42,186.63,False,0.0,False
2023-06-20,2023-06-21,0,Overnight,0.0,False,-70.33,-70.33,-105.38,False,0.0,False
2023-06-21,2023-06-22,0,Overnight,0.0,False,-185.71,-185.71,181.06,False,0.0,False
2023-06-22,2023-06-23,0,Overnight,0.0,False,-131.25,-131.25,-60.23,False,0.0,False
2023-06-23,2023-06-26,2,Weekend,48.0,False,59.53,59.53,-440.3,False,0.0,False
2023-06-26,2023-06-27,0,Overnight,0.0,False,41.02,41.02,260.55,False,0.0,False
2023-06-27,2023-06-28,0,Overnight,0.0,False,-294.68,-294.68,111.77,False,0.0,False
2023-06-28,2023-06-29,0,Overnight,0.0,False,106.68,106.68,-178.69,False,0.0,False
2023-06-29,2023-06-30,0,Overnight,0.0,False,208.0,208.0,148.13,False,0.0,False
2023-06-30,2023-07-03,2,Weekend,48.0,False,50.7,50.7,-24.49,False,0.0,False
2023-07-03,2023-07-05,1,Short,24.0,True,-65.76,-65.76,43.1,False,0.0,False
2023-07-05,2023-07-06,0,Overnight,0.0,False,-112.4,-112.4,61.71,False,0.0,False
2023-07-06,2023-07-07,0,Overnight,0.0,False,51.88,51.88,42.68,False,0.0,False
2023-07-07,2023-07-10,2,Weekend,48.0,False,36.17,36.17,-112.45,False,0.0,False
2023-07-10,2023-07-11,0,Overnight,0.0,False,71.11,71.11,-17.91,False,0.0,False
2023-07-11,2023-07-12,0,Overnight,0.0,False,147.01,147.01,199.93,False,0.0,False
2023-07-12,2023-07-13,0,Overnight,0.0,False,139.34,139.34,322.48,False,0.0,False
2023-07-13,2023-07-14,0,Overnight,0.0,False,130.94,130.94,-242.05,False,0.0,False
2023-07-14,2023-07-17,2,Weekend,48.0,False,178.74,178.74,37.09,False,0.0,False
2023-07-17,2023-07-18,0,Overnight,0.0,False,51.52,51.52,168.38,False,0.0,False
2023-07-18,2023-07-19,0,Overnight,0.0,False,-6.32,-6.32,-81.87,False,0.0,False
2023-07-19,2023-07-20,0,Overnight,0.0,False,-121.82,-121.82,-214.51,False,0.0,False
2023-07-20,2023-07-21,0,Overnight,0.0,False,58.7,58.7,-328.34,False,0.0,False
2023-07-21,2023-07-24,2,Weekend,48.0,False,94.79,94.79,-26.64,False,0.0,False
2023-07-24,2023-07-25,0,Overnight,0.0,False,73.48,73.48,162.88,False,0.0,False
2023-07-25,2023-07-26,0,Overnight,0.0,False,74.59,74.59,-124.41,False,0.0,False
2023-07-26,2023-07-27,0,Overnight,0.0,False,232.04,232.04,-133.96,False,0.0,False
2023-07-27,2023-07-28,0,Overnight,0.0,False,165.94,165.94,17.56,False,0.0,False
2023-07-28,2023-07-31,2,Weekend,48.0,False,0.86,0.86,-5.35,False,0.0,False
2023-07-31,2023-08-01,0,Overnight,0.0,False,-57.73,-57.73,10.11,False,0.0,False
2023-08-01,2023-08-02,0,Overnight,0.0,False,-146.42,-146.42,-346.76,False,0.0,False
2023-08-02,2023-08-03,0,Overnight,0.0,False,-106.51,-106.51,161.92,False,0.0,False
2023-08-03,2023-08-04,0,Overnight,0.0,False,105.03,105.03,-68.03,False,0.0,False
2023-08-04,2023-08-07,2,Weekend,48.0,False,96.0,96.0,67.6,False,0.0,False
2023-08-07,2023-08-08,0,Overnight,0.0,False,-124.96,-124.96,-42.23,False,0.0,False
2023-08-08,2023-08-09,0,Overnight,0.0,False,-87.7,-87.7,-396.24,False,0.0,False
2023-08-09,2023-08-10,0,Overnight,0.0,False,-93.02,-93.02,53.93,False,0.0,False
2023-08-10,2023-08-11,0,Overnight,0.0,False,-151.42,-151.42,-216.94,False,0.0,False
2023-08-11,2023-08-14,2,Weekend,48.0,False,-90.73,-90.73,776.04,False,0.0,False
2023-08-14,2023-08-15,0,Overnight,0.0,False,182.76,182.76,-140.12,False,0.0,False
2023-08-15,2023-08-16,0,Overnight,0.0,False,131.13,131.13,-234.99,False,0.0,False
2023-08-16,2023-08-17,0,Overnight,0.0,False,110.69,110.69,-143.39,False,0.0,False
2023-08-17,2023-08-18,0,Overnight,0.0,False,-164.93,-164.93,154.54,False,0.0,False
2023-08-18,2023-08-21,2,Weekend,48.0,False,272.25,272.25,540.91,False,0.0,False
2023-08-21,2023-08-22,0,Overnight,0.0,False,245.64,245.64,-526.12,False,0.0,False
2023-08-22,2023-08-23,0,Overnight,0.0,False,43.26,43.26,268.89,False,0.0,False
2023-08-23,2023-08-24,0,Overnight,0.0,False,637.21,637.21,-627.24,False,0.0,False
2023-08-24,2023-08-25,0,Overnight,0.0,False,-32.07,-32.07,-213.7,False,0.0,False
2023-08-25,2023-08-28,2,Weekend,48.0,False,100.32,100.32,75.66,False,0.0,False
2023-08-28,2023-08-29,0,Overnight,0.0,False,-36.15,-36.15,443.87,False,0.0,False
2023-08-29,2023-08-30,0,Overnight,0.0,False,53.15,53.15,44.76,False,0.0,False
2023-08-30,2023-08-31,0,Overnight,0.0,False,23.52,23.52,-5.06,False,0.0,False
2023-08-31,2023-09-01,0,Overnight,0.0,False,82.13,82.13,-255.02,False,0.0,False
2023-09-01,2023-09-05,3,Long,72.0,False,-59.13,-59.13,67.17,False,0.0,False
2023-09-05,2023-09-06,0,Overnight,0.0,False,-22.06,-21.24,-289.02,True,0.82,False
2023-09-06,2023-09-07,0,Overnight,0.0,False,-331.83,-331.83,156.05,False,0.0,False
2023-09-07,2023-09-08,0,Overnight,0.0,False,-64.87,-64.87,-80.86,False,0.0,False
2023-09-08,2023-09-11,2,Weekend,48.0,False,125.6,125.6,-212.43,False,0.0,False
2023-09-11,2023-09-12,0,Overnight,0.0,False,-97.87,-97.87,29.46,False,0.0,False
2023-09-12,2023-09-13,0,Overnight,0.0,False,-60.36,-60.36,196.49,False,0.0,False
2023-09-13,2023-09-14,0,Overnight,0.0,False,101.71,101.71,-80.63,False,0.0,False
2023-09-14,2023-09-15,0,Overnight,0.0,False,-52.79,-52.79,-322.97,False,0.0,False
2023-09-15,2023-09-18,2,Weekend,48.0,False,-265.92,-265.92,280.94,False,0.0,False
2023-09-18,2023-09-19,0,Overnight,0.0,False,-30.3,-30.3,-71.66,False,0.0,False
2023-09-19,2023-09-20,0,Overnight,0.0,False,18.37,18.37,-317.13,False,0.0,False
2023-09-20,2023-09-21,0,Overnight,0.0,False,-156.52,-156.52,-137.05,False,0.0,False
2023-09-21,2023-09-22,0,Overnight,0.0,False,134.4,134.4,9.14,False,0.0,False
2023-09-22,2023-09-25,2,Weekend,48.0,False,-4.57,-4.57,150.58,False,0.0,False
2023-09-25,2023-09-26,0,Overnight,0.0,False,-52.48,-52.48,-21.45,False,0.0,False
2023-09-26,2023-09-27,0,Overnight,0.0,False,99.48,99.48,32.55,False,0.0,False
2023-09-27,2023-09-28,0,Overnight,0.0,False,-1.88,-1.88,147.05,False,0.0,False
2023-09-28,2023-09-29,0,Overnight,0.0,False,169.82,169.82,-75.12,False,0.0,False
2023-09-29,2023-10-02,2,Weekend,48.0,False,121.33,121.33,169.35,False,0.0,False
2023-10-02,2023-10-03,0,Overnight,0.0,False,5.8,5.8,-292.35,False,0.0,False
2023-10-03,2023-10-04,0,Overnight,0.0,False,51.57,51.57,68.12,False,0.0,False
2023-10-04,2023-10-05,0,Overnight,0.0,False,2.04,2.04,143.8,False,0.0,False
2023-10-05,2023-10-06,0,Overnight,0.0,False,-111.39,-111.39,348.88,False,0.0,False
2023-10-06,2023-10-09,2,Weekend,48.0,False,-203.09,-203.09,95.66,False,0.0,False
2023-10-09,2023-10-10,0,Overnight,0.0,False,8.17,8.17,107.13,False,0.0,False
2023-10-10,2023-10-11,0,Overnight,0.0,False,86.53,86.53,131.18,False,0.0,False
2023-10-11,2023-10-12,0,Overnight,0.0,False,-6.2,-6.2,35.85,False,0.0,False
2023-10-12,2023-10-13,0,Overnight,0.0,False,3.19,3.19,-324.41,False,0.0,False
2023-10-13,2023-10-16,2,Weekend,48.0,False,-87.93,-87.93,226.43,False,0.0,False
2023-10-16,2023-10-17,0,Overnight,0.0,False,-465.15,-465.15,-14.1,False,0.0,False
2023-10-17,2023-10-18,0,Overnight,0.0,False,-311.37,-311.37,-93.18,False,0.0,False
2023-10-18,2023-10-19,0,Overnight,0.0,False,144.7,144.7,-167.24,False,0.0,False
2023-10-19,2023-10-20,0,Overnight,0.0,False,-50.24,-50.24,-120.8,False,0.0,False
2023-10-20,2023-10-23,2,Weekend,48.0,False,-38.25,-38.25,414.77,False,0.0,False
2023-10-23,2023-10-24,0,Overnight,0.0,False,23.71,23.71,135.12,False,0.0,False
2023-10-24,2023-10-25,0,Overnight,0.0,False,-60.88,-60.88,-380.2,False,0.0,False
2023-10-25,2023-10-26,0,Overnight,0.0,False,17.7,17.7,-371.67,False,0.0,False
2023-10-26,2023-10-27,0,Overnight,0.0,False,197.41,197.41,-154.36,False,0.0,False
2023-10-27,2023-10-30,2,Weekend,48.0,False,143.9,143.9,17.99,False,0.0,False
2023-10-30,2023-10-31,0,Overnight,0.0,False,-174.25,-174.25,81.25,False,0.0,False
2023-10-31,2023-11-01,0,Overnight,0.0,False,25.47,25.47,346.39,False,0.0,False
2023-11-01,2023-11-02,0,Overnight,0.0,False,234.21,234.21,41.0,False,0.0,False
2023-11-02,2023-11-03,0,Overnight,0.0,False,117.45,117.45,221.3,False,0.0,False
2023-11-03,2023-11-06,2,Weekend,49.0,False,62.02,62.02,102.38,False,0.0,False
2023-11-06,2023-11-07,0,Overnight,0.0,False,-7.0,-7.0,51.49,False,0.0,False
2023-11-07,2023-11-08,0,Overnight,0.0,False,31.5,31.5,102.3,False,0.0,False
2023-11-08,2023-11-09,0,Overnight,0.0,False,189.92,189.92,-109.51,False,0.0,False
2023-11-09,2023-11-10,0,Overnight,0.0,False,116.46,116.46,174.26,False,0.0,False
2023-11-10,2023-11-13,2,Weekend,48.0,False,-3.1,-3.1,61.89,False,0.0,False
2023-11-13,2023-11-14,0,Overnight,0.0,False,215.67,215.67,-4.83,False,0.0,False
2023-11-14,2023-11-15,0,Overnight,0.0,False,56.03,56.03,-211.9,False,0.0,False
2023-11-15,2023-11-16,0,Overnight,0.0,False,-42.84,-42.84,163.21,False,0.0,False
2023-11-16,2023-11-17,0,Overnight,0.0,False,8.89,8.89,-45.74,False,0.0,False
2023-11-17,2023-11-20,2,Weekend,48.0,False,2.84,2.84,220.02,False,0.0,False
2023-11-20,2023-11-21,0,Overnight,0.0,False,-56.3,-56.3,-36.37,False,0.0,False
2023-11-21,2023-11-22,0,Overnight,0.0,False,-18.44,-18.44,-230.51,False,0.0,False
2023-11-22,2023-11-24,1,Short,24.0,False,-50.62,-50.62,-144.22,False,0.0,False
2023-11-24,2023-11-27,2,Weekend,48.0,True,5.02,5.02,92.04,False,0.0,False
2023-11-27,2023-11-28,0,Overnight,0.0,False,-1.24,-1.24,-86.41,False,0.0,False
2023-11-28,2023-11-29,0,Overnight,0.0,False,116.01,116.01,-49.52,False,0.0,False
2023-11-29,2023-11-30,0,Overnight,0.0,False,-24.13,-24.13,-264.59,False,0.0,False
2023-11-30,2023-12-01,0,Overnight,0.0,False,-52.52,-52.52,51.45,False,0.0,False
2023-12-01,2023-12-04,2,Weekend,48.0,False,-148.21,-148.21,-123.82,False,0.0,False
2023-12-04,2023-12-05,0,Overnight,0.0,False,-9.67,-8.79,239.06,True,0.88,False
2023-12-05,2023-12-06,0,Overnight,0.0,False,138.41,138.41,-369.33,False,0.0,False
2023-12-06,2023-12-07,0,Overnight,0.0,False,43.2,43.2,194.16,False,0.0,False
2023-12-07,2023-12-08,0,Overnight,0.0,False,-0.21,-0.21,193.63,False,0.0,False
2023-12-08,2023-12-11,2,Weekend,48.0,False,-3.16,-3.16,-183.6,False,0.0,False
2023-12-11,2023-12-12,0,Overnight,0.0,False,-125.39,-125.39,343.89,False,0.0,False
2023-12-12,2023-12-13,0,Overnight,0.0,False,-5.88,-5.88,95.91,False,0.0,False
2023-12-13,2023-12-14,0,Overnight,0.0,False,62.6,62.6,-8.27,False,0.0,False
2023-12-14,2023-12-15,0,Overnight,0.0,False,-32.32,-32.32,143.38,False,0.0,False
2023-12-15,2023-12-18,2,Weekend,48.0,False,103.78,103.78,136.11,False,0.0,False
2023-12-18,2023-12-19,0,Overnight,0.0,False,-131.26,-131.26,36.35,False,0.0,False
2023-12-19,2023-12-20,0,Overnight,0.0,False,10.28,10.28,-315.88,False,0.0,False
2023-12-20,2023-12-21,0,Overnight,0.0,False,144.45,144.45,36.61,False,0.0,False
2023-12-21,2023-12-22,0,Overnight,0.0,False,41.76,41.76,-74.47,False,0.0,False
2023-12-22,2023-12-26,3,Long,72.0,False,28.22,28.22,63.31,False,0.0,False
2023-12-26,2023-12-27,0,Overnight,0.0,False,46.97,46.97,-19.0,False,0.0,False
2023-12-27,2023-12-28,0,Overnight,0.0,False,45.63,45.63,-24.4,False,0.0,False
2023-12-28,2023-12-29,0,Overnight,0.0,False,58.59,58.59,-58.59,False,0.0,False
2023-12-29,2024-01-02,3,Long,72.0,False,-56.29,-56.29,-220.93,False,0.0,False
2024-01-02,2024-01-03,0,Overnight,0.0,False,-142.81,-142.81,17.67,False,0.0,False
2024-01-03,2024-01-04,0,Overnight,0.0,False,41.54,41.54,48.24,False,0.0,False
2024-01-04,2024-01-05,0,Overnight,0.0,False,96.21,96.21,130.18,False,0.0,False
2024-01-05,2024-01-08,2,Weekend,48.0,False,84.17,84.17,538.82,False,0.0,False
2024-01-08,2024-01-09,0,Overnight,0.0,False,28.28,28.28,140.04,False,0.0,False
2024-01-09,2024-01-10,0,Overnight,0.0,False,89.18,89.18,135.97,False,0.0,False
2024-01-10,2024-01-11,0,Overnight,0.0,False,118.7,118.7,-32.23,False,0.0,False
2024-01-11,2024-01-12,0,Overnight,0.0,False,-36.91,-36.91,16.46,False,0.0,False
2024-01-12,2024-01-16,3,Long,72.0,False,56.14,56.14,244.9,False,0.0,False
2024-01-16,2024-01-17,0,Overnight,0.0,False,-6.21,-6.21,-52.31,False,0.0,False
2024-01-17,2024-01-18,0,Overnight,0.0,False,213.05,213.05,-26.76,False,0.0,False
2024-01-18,2024-01-19,0,Overnight,0.0,False,153.27,153.27,255.72,False,0.0,False
2024-01-19,2024-01-22,2,Weekend,48.0,False,93.36,93.36,-66.0,False,0.0,False
2024-01-22,2024-01-23,0,Overnight,0.0,False,-14.09,-14.09,50.74,False,0.0,False
2024-01-23,2024-01-24,0,Overnight,0.0,False,71.73,71.73,173.92,False,0.0,False
2024-01-24,2024-01-25,0,Overnight,0.0,False,159.73,159.73,-118.26,False,0.0,False
2024-01-25,2024-01-26,0,Overnight,0.0,False,-107.2,-107.2,11.64,False,0.0,False
2024-01-26,2024-01-29,2,Weekend,48.0,False,32.88,32.88,199.37,False,0.0,False
2024-01-29,2024-01-30,0,Overnight,0.0,False,69.4,69.4,-20.05,False,0.0,False
2024-01-30,2024-01-31,0,Overnight,0.0,False,-214.8,-214.8,14.15,False,0.0,False
2024-01-31,2024-02-01,0,Overnight,0.0,False,92.7,92.7,148.17,False,0.0,False
2024-02-01,2024-02-02,0,Overnight,0.0,False,149.14,149.14,335.99,False,0.0,False
2024-02-02,2024-02-05,2,Weekend,48.0,False,307.35,307.35,160.96,False,0.0,False
2024-02-05,2024-02-06,0,Overnight,0.0,False,42.89,42.89,-204.14,False,0.0,False
2024-02-06,2024-02-07,0,Overnight,0.0,False,14.06,14.06,257.21,False,0.0,False
2024-02-07,2024-02-08,0,Overnight,0.0,False,-3.57,-3.57,-61.98,False,0.0,False
2024-02-08,2024-02-09,0,Overnight,0.0,False,127.27,127.27,224.31,False,0.0,False
2024-02-09,2024-02-12,2,Weekend,48.0,False,64.53,64.53,-48.6,False,0.0,False
2024-02-12,2024-02-13,0,Overnight,0.0,False,-259.11,-259.11,242.49,False,0.0,False
2024-02-13,2024-02-14,0,Overnight,0.0,False,147.8,147.8,94.9,False,0.0,False
2024-02-14,2024-02-15,0,Overnight,0.0,False,-4.2,-4.2,-165.3,False,0.0,False
2024-02-15,2024-02-16,0,Overnight,0.0,False,196.52,196.52,-202.72,False,0.0,False
2024-02-16,2024-02-20,3,Long,72.0,False,-92.14,-92.14,-352.94,False,0.0,False
2024-02-20,2024-02-21,0,Overnight,0.0,False,-210.4,-210.4,-78.83,False,0.0,False
2024-02-21,2024-02-22,0,Overnight,0.0,False,1061.09,1061.09,457.61,False,0.0,False
2024-02-22,2024-02-23,0,Overnight,0.0,False,282.71,282.71,-247.24,False,0.0,False
2024-02-23,2024-02-26,2,Weekend,48.0,False,111.41,111.41,-76.58,False,0.0,False
2024-02-26,2024-02-27,0,Overnight,0.0,False,36.47,36.47,-86.03,False,0.0,False
2024-02-27,2024-02-28,0,Overnight,0.0,False,-138.31,-138.31,5.54,False,0.0,False
2024-02-28,2024-02-29,0,Overnight,0.0,False,182.58,182.58,2.28,False,0.0,False
2024-02-29,2024-03-01,0,Overnight,0.0,False,111.62,111.62,280.89,False,0.0,False
2024-03-01,2024-03-04,2,Weekend,48.0,False,222.47,222.47,130.72,False,0.0,False
2024-03-04,2024-03-05,0,Overnight,0.0,False,3.87,4.34,81.06,True,0.47,False
2024-03-05,2024-03-06,0,Overnight,0.0,False,236.58,236.58,76.73,False,0.0,False
2024-03-06,2024-03-07,0,Overnight,0.0,False,163.04,163.04,274.7,False,0.0,False
2024-03-07,2024-03-08,0,Overnight,0.0,False,262.94,262.94,-833.7,False,0.0,False
2024-03-08,2024-03-11,2,Weekend,47.0,False,-126.35,-126.35,-76.07,False,0.0,False
2024-03-11,2024-03-12,0,Overnight,0.0,False,261.78,261.78,429.49,False,0.0,False
2024-03-12,2024-03-13,0,Overnight,0.0,False,-93.79,-93.79,-18.36,False,0.0,False
2024-03-13,2024-03-14,0,Overnight,0.0,False,-145.29,-145.29,-183.98,False,0.0,False
2024-03-14,2024-03-15,0,Overnight,0.0,False,-115.97,-115.97,103.8,False,0.0,False
2024-03-15,2024-03-18,2,Weekend,48.0,False,286.29,286.29,-216.18,False,0.0,False
2024-03-18,2024-03-19,0,Overnight,0.0,False,-200.4,-200.4,306.44,False,0.0,False
2024-03-19,2024-03-20,0,Overnight,0.0,False,44.53,44.53,63.83,False,0.0,False
2024-03-20,2024-03-21,0,Overnight,0.0,False,211.1,211.1,-94.16,False,0.0,False
2024-03-21,2024-03-22,0,Overnight,0.0,False,-32.21,-32.21,339.57,False,0.0,False
2024-03-22,2024-03-25,2,Weekend,48.0,False,-36.98,-36.98,112.31,False,0.0,False
2024-03-25,2024-03-26,0,Overnight,0.0,False,88.97,88.97,-349.27,False,0.0,False
2024-03-26,2024-03-27,0,Overnight,0.0,False,59.35,59.35,-312.19,False,0.0,False
2024-03-27,2024-03-28,0,Overnight,0.0,False,-27.74,-27.74,39.48,False,0.0,False
2024-03-28,2024-04-01,3,Long,72.0,False,-6.31,-6.31,7.08,False,0.0,False
2024-04-01,2024-04-02,0,Overnight,0.0,False,-214.2,-214.2,112.87,False,0.0,False
2024-04-02,2024-04-03,0,Overnight,0.0,False,-108.8,-108.8,54.1,False,0.0,False
2024-04-03,2024-04-04,0,Overnight,0.0,False,160.79,160.79,-510.69,False,0.0,False
2024-04-04,2024-04-05,0,Overnight,0.0,False,111.25,111.25,130.61,False,0.0,False
2024-04-05,2024-04-08,2,Weekend,48.0,False,78.32,78.32,-178.24,False,0.0,False
2024-04-08,2024-04-09,0,Overnight,0.0,False,35.4,35.4,-241.68,False,0.0,False
2024-04-09,2024-04-10,0,Overnight,0.0,False,-168.72,-168.72,364.21,False,0.0,False
2024-04-10,2024-04-11,0,Overnight,0.0,False,43.68,43.68,359.07,False,0.0,False
2024-04-11,2024-04-12,0,Overnight,0.0,False,-101.71,-101.71,-170.11,False,0.0,False
2024-04-12,2024-04-15,2,Weekend,48.0,False,102.89,102.89,-353.78,False,0.0,False
2024-04-15,2024-04-16,0,Overnight,0.0,False,50.11,50.11,112.97,False,0.0,False
2024-04-16,2024-04-17,0,Overnight,0.0,False,105.26,105.26,-499.6,False,0.0,False
2024-04-17,2024-04-18,0,Overnight,0.0,False,110.65,110.65,-35.25,False,0.0,False
2024-04-18,2024-04-19,0,Overnight,0.0,False,-181.27,-181.27,-872.85,False,0.0,False
2024-04-19,2024-04-22,2,Weekend,48.0,False,246.8,246.8,179.42,False,0.0,False
2024-04-22,2024-04-23,0,Overnight,0.0,False,156.1,156.1,202.71,False,0.0,False
2024-04-23,2024-04-24,0,Overnight,0.0,False,183.57,183.57,-522.4,False,0.0,False
2024-04-24,2024-04-25,0,Overnight,0.0,False,-102.05,-102.05,466.22,False,0.0,False
2024-04-25,2024-04-26,0,Overnight,0.0,False,142.51,142.51,456.73,False,0.0,False
2024-04-26,2024-04-29,2,Weekend,48.0,False,-15.97,-15.97,18.48,False,0.0,False
2024-04-29,2024-04-30,0,Overnight,0.0,False,-59.09,-59.09,-96.52,False,0.0,False
2024-04-30,2024-05-01,0,Overnight,0.0,False,-154.54,-154.54,-242.22,False,0.0,False
2024-05-01,2024-05-02,0,Overnight,0.0,False,168.13,168.13,160.69,False,0.0,False
2024-05-02,2024-05-03,0,Overnight,0.0,False,227.19,227.19,113.27,False,0.0,False
2024-05-03,2024-05-06,2,Weekend,48.0,False,67.46,67.46,303.0,False,0.0,False
2024-05-06,2024-05-07,0,Overnight,0.0,False,-113.73,-113.73,-59.89,False,0.0,False
2024-05-07,2024-05-08,0,Overnight,0.0,False,-118.98,-118.98,103.28,False,0.0,False
2024-05-08,2024-05-09,0,Overnight,0.0,False,12.93,12.93,-198.81,False,0.0,False
2024-05-09,2024-05-10,0,Overnight,0.0,False,174.03,174.03,-47.4,False,0.0,False
2024-05-10,2024-05-13,2,Weekend,48.0,False,66.54,66.54,-8.73,False,0.0,False
2024-05-13,2024-05-14,0,Overnight,0.0,False,-88.89,-88.89,194.2,False,0.0,False
2024-05-14,2024-05-15,0,Overnight,0.0,False,121.42,121.42,230.69,False,0.0,False
2024-05-15,2024-05-16,0,Overnight,0.0,False,29.55,29.55,-58.22,False,0.0,False
2024-05-16,2024-05-17,0,Overnight,0.0,False,1.06,1.06,-202.31,False,0.0,False
2024-05-17,2024-05-20,2,Weekend,48.0,False,136.5,136.5,109.27,False,0.0,False
2024-05-20,2024-05-21,0,Overnight,0.0,False,-125.39,-125.39,189.12,False,0.0,False
2024-05-21,2024-05-22,0,Overnight,0.0,False,7.65,7.65,-53.46,False,0.0,False
2024-05-22,2024-05-23,0,Overnight,0.0,False,718.97,718.97,172.09,False,0.0,False
2024-05-23,2024-05-24,0,Overnight,0.0,False,62.43,62.43,191.55,False,0.0,False
2024-05-24,2024-05-28,3,Long,72.0,False,348.42,348.42,326.34,False,0.0,False
2024-05-28,2024-05-29,0,Overnight,0.0,False,-74.99,-74.99,155.79,False,0.0,False
2024-05-29,2024-05-30,0,Overnight,0.0,False,-15.25,-15.25,-368.69,False,0.0,False
2024-05-30,2024-05-31,0,Overnight,0.0,False,181.15,181.15,-259.93,False,0.0,False
2024-05-31,2024-06-03,2,Weekend,48.0,False,357.3,357.3,120.64,False,0.0,False
2024-06-03,2024-06-04,0,Overnight,0.0,False,62.07,62.07,62.11,False,0.0,False
2024-06-04,2024-06-05,0,Overnight,0.0,False,164.73,164.73,337.97,False,0.0,False
2024-06-05,2024-06-06,0,Overnight,0.0,False,130.47,130.47,-248.95,False,0.0,False
2024-06-06,2024-06-07,0,Overnight,0.0,False,-102.01,-102.01,92.91,False,0.0,False
2024-06-07,2024-06-10,2,Weekend,48.0,False,-42.94,-42.94,117.28,False,0.0,True
2024-06-10,2024-06-11,0,Overnight,0.0,False,-1.64,-0.82,-70.87,True,0.82,False
2024-06-11,2024-06-12,0,Overnight,0.0,False,176.26,176.26,172.4,False,0.0,False
2024-06-12,2024-06-13,0,Overnight,0.0,False,329.19,329.19,16.99,False,0.0,False
2024-06-13,2024-06-14,0,Overnight,0.0,False,26.97,26.97,146.66,False,0.0,False
2024-06-14,2024-06-17,2,Weekend,48.0,False,83.82,83.82,-152.29,False,0.0,False
2024-06-17,2024-06-18,0,Overnight,0.0,False,12.21,12.21,332.96,False,0.0,False
2024-06-18,2024-06-20,1,Short,24.0,False,306.51,306.51,-666.96,False,0.0,False
2024-06-20,2024-06-21,0,Overnight,0.0,False,-283.85,-283.85,-43.36,False,0.0,False
2024-06-21,2024-06-24,2,Weekend,48.0,False,-266.62,-266.62,-425.17,False,0.0,False
2024-06-24,2024-06-25,0,Overnight,0.0,False,258.26,258.26,395.54,False,0.0,False
2024-06-25,2024-06-26,0,Overnight,0.0,False,3.17,3.17,21.38,False,0.0,False
2024-06-26,2024-06-27,0,Overnight,0.0,False,-183.64,-183.64,-8.87,False,0.0,False
2024-06-27,2024-06-28,0,Overnight,0.0,False,47.47,47.47,-83.83,False,0.0,False
2024-06-28,2024-07-01,2,Weekend,48.0,False,-5.67,-5.67,67.0,False,0.0,False
2024-07-01,2024-07-02,0,Overnight,0.0,False,-258.34,-258.34,126.33,False,0.0,False
2024-07-02,2024-07-03,0,Overnight,0.0,False,-82.68,-82.68,529.85,False,0.0,False
2024-07-03,2024-07-05,1,Short,24.0,True,-70.41,-70.41,-122.43,False,0.0,False
2024-07-05,2024-07-08,2,Weekend,48.0,False,131.06,131.06,55.54,False,0.0,False
2024-07-08,2024-07-09,0,Overnight,0.0,False,166.32,166.32,78.71,False,0.0,False
2024-07-09,2024-07-10,0,Overnight,0.0,False,199.7,199.7,65.44,False,0.0,False
2024-07-10,2024-07-11,0,Overnight,0.0,False,62.07,62.07,-634.83,False,0.0,False
2024-07-11,2024-07-12,0,Overnight,0.0,False,67.28,67.28,76.12,False,0.0,False
2024-07-12,2024-07-15,2,Weekend,48.0,False,101.62,101.62,-163.71,False,0.0,False
2024-07-15,2024-07-16,0,Overnight,0.0,False,0.0,0.0,-163.27,False,0.0,False
2024-07-16,2024-07-17,0,Overnight,0.0,False,-404.56,-404.56,-280.79,False,0.0,False
2024-07-17,2024-07-18,0,Overnight,0.0,False,321.91,321.91,-62.57,False,0.0,False
2024-07-18,2024-07-19,0,Overnight,0.0,False,-61.3,-61.3,-203.13,False,0.0,False
2024-07-19,2024-07-22,2,Weekend,48.0,False,203.13,203.13,261.61,False,0.0,False
2024-07-22,2024-07-23,0,Overnight,0.0,False,-61.71,-61.71,-15.49,False,0.0,False
2024-07-23,2024-07-24,0,Overnight,0.0,False,-282.94,-282.94,-421.62,False,0.0,False
2024-07-24,2024-07-25,0,Overnight,0.0,False,-106.47,-106.47,-67.46,False,0.0,False
2024-07-25,2024-07-26,0,Overnight,0.0,False,342.31,342.31,-273.08,False,0.0,False
2024-07-26,2024-07-29,2,Weekend,48.0,False,55.57,55.57,-186.44,False,0.0,False
2024-07-29,2024-07-30,0,Overnight,0.0,False,-6.27,-6.27,-724.13,False,0.0,False
2024-07-30,2024-07-31,0,Overnight,0.0,False,847.11,847.11,358.42,False,0.0,False
2024-07-31,2024-08-01,0,Overnight,0.0,False,43.49,43.49,-734.21,False,0.0,False
2024-08-01,2024-08-02,0,Overnight,0.0,False,-511.92,-511.92,332.68,False,0.0,False
2024-08-02,2024-08-05,2,Weekend,48.0,False,-1529.08,-1529.08,872.2,False,0.0,False
2024-08-05,2024-08-06,0,Overnight,0.0,False,331.91,331.91,39.41,False,0.0,False
2024-08-06,2024-08-07,0,Overnight,0.0,False,335.79,335.79,-861.6,False,0.0,False
2024-08-07,2024-08-08,0,Overnight,0.0,False,307.62,307.62,287.02,False,0.0,False
2024-08-08,2024-08-09,0,Overnight,0.0,False,63.62,63.62,-84.61,False,0.0,False
2024-08-09,2024-08-12,2,Weekend,48.0,False,148.77,148.77,250.78,False,0.0,False
2024-08-12,2024-08-13,0,Overnight,0.0,False,308.88,308.88,323.77,False,0.0,False
2024-08-13,2024-08-14,0,Overnight,0.0,False,203.7,203.7,-38.04,False,0.0,False
2024-08-14,2024-08-15,0,Overnight,0.0,False,57.42,57.42,339.41,False,0.0,False
2024-08-15,2024-08-16,0,Overnight,0.0,False,-75.16,-75.16,214.19,False,0.0,False
2024-08-16,2024-08-19,2,Weekend,48.0,False,-24.11,-24.11,449.97,False,0.0,False
2024-08-19,2024-08-20,0,Overnight,0.0,False,-123.84,-123.84,-89.97,False,0.0,False
2024-08-20,2024-08-21,0,Overnight,0.0,False,5.5,5.5,92.25,False,0.0,False
2024-08-21,2024-08-22,0,Overnight,0.0,False,117.59,117.59,-495.06,False,0.0,False
2024-08-22,2024-08-23,0,Overnight,0.0,False,169.88,169.88,275.06,False,0.0,False
2024-08-23,2024-08-26,2,Weekend,48.0,False,15.45,15.45,-242.95,False,0.0,False
2024-08-26,2024-08-27,0,Overnight,0.0,False,-112.12,-112.12,256.58,False,0.0,False
2024-08-27,2024-08-28,0,Overnight,0.0,False,-14.04,-14.04,-197.85,False,0.0,False
2024-08-28,2024-08-29,0,Overnight,0.0,False,-344.21,-344.21,-315.57,False,0.0,False
2024-08-29,2024-08-30,0,Overnight,0.0,False,163.63,163.63,-13.39,False,0.0,False
2024-08-30,2024-09-03,3,Long,72.0,False,-285.52,-285.52,-715.45,False,0.0,False
2024-09-03,2024-09-04,0,Overnight,0.0,False,-242.74,-242.74,75.61,False,0.0,False
2024-09-04,2024-09-05,0,Overnight,0.0,False,-115.53,-115.53,209.24,False,0.0,False
2024-09-05,2024-09-06,0,Overnight,0.0,False,77.12,77.12,-494.24,False,0.0,False
2024-09-06,2024-09-09,2,Weekend,48.0,False,197.4,197.4,150.46,False,0.0,False
2024-09-09,2024-09-10,0,Overnight,0.0,False,125.07,125.07,26.86,False,0.0,False
2024-09-10,2024-09-11,0,Overnight,0.0,False,118.63,118.63,664.85,False,0.0,False
2024-09-11,2024-09-12,0,Overnight,0.0,False,-5.99,-5.13,194.94,True,0.86,False
2024-09-12,2024-09-13,0,Overnight,0.0,False,-5.04,-5.04,1.68,False,0.0,False
2024-09-13,2024-09-16,2,Weekend,48.0,False,-195.86,-195.86,-0.86,False,0.0,False
2024-09-16,2024-09-17,0,Overnight,0.0,False,118.32,118.32,-220.75,False,0.0,False
2024-09-17,2024-09-18,0,Overnight,0.0,False,25.92,25.92,-219.85,False,0.0,False
2024-09-18,2024-09-19,0,Overnight,0.0,False,345.04,345.04,44.21,False,0.0,False
2024-09-19,2024-09-20,0,Overnight,0.0,False,-68.96,-68.96,-90.96,False,0.0,False
2024-09-20,2024-09-23,2,Weekend,48.0,False,47.3,47.3,-24.91,False,0.0,False
2024-09-23,2024-09-24,0,Overnight,0.0,False,22.34,22.34,366.53,False,0.0,False
2024-09-24,2024-09-25,0,Overnight,0.0,False,94.69,94.69,121.37,False,0.0,False
2024-09-25,2024-09-26,0,Overnight,0.0,False,262.89,262.89,-220.07,False,0.0,False
2024-09-26,2024-09-27,0,Overnight,0.0,False,-5.64,-5.64,-209.49,False,0.0,False
2024-09-27,2024-09-30,2,Weekend,48.0,False,-257.83,-257.83,261.12,False,0.0,False
2024-09-30,2024-10-01,0,Overnight,0.0,False,27.14,27.14,-399.6,False,0.0,False
2024-10-01,2024-10-02,0,Overnight,0.0,False,-47.98,-47.98,204.86,False,0.0,False
2024-10-02,2024-10-03,0,Overnight,0.0,False,172.67,172.67,158.35,False,0.0,False
2024-10-03,2024-10-04,0,Overnight,0.0,False,168.7,168.7,-1.6,False,0.0,False
2024-10-04,2024-10-07,2,Weekend,48.0,False,5.6,5.6,216.07,False,0.0,False
2024-10-07,2024-10-08,0,Overnight,0.0,False,196.92,196.92,199.89,False,0.0,False
2024-10-08,2024-10-09,0,Overnight,0.0,False,91.39,91.39,-109.46,False,0.0,False
2024-10-09,2024-10-10,0,Overnight,0.0,False,-55.94,-55.94,217.46,False,0.0,False
2024-10-10,2024-10-11,0,Overnight,0.0,False,-59.52,-59.52,58.78,False,0.0,False
2024-10-11,2024-10-14,2,Weekend,48.0,False,123.13,123.13,116.56,False,0.0,False
2024-10-14,2024-10-15,0,Overnight,0.0,False,-14.5,-14.5,-465.44,False,0.0,False
2024-10-15,2024-10-16,0,Overnight,0.0,False,179.23,179.23,129.03,False,0.0,False
2024-10-16,2024-10-17,0,Overnight,0.0,False,263.23,263.23,-174.47,False,0.0,False
2024-10-17,2024-10-18,0,Overnight,0.0,False,126.27,126.27,-48.43,False,0.0,False
2024-10-18,2024-10-21,2,Weekend,48.0,False,9.42,9.42,396.02,False,0.0,False
2024-10-21,2024-10-22,0,Overnight,0.0,False,-55.82,-55.82,47.47,False,0.0,False
2024-10-22,2024-10-23,0,Overnight,0.0,False,-109.24,-109.24,-175.44,False,0.0,False
2024-10-23,2024-10-24,0,Overnight,0.0,False,89.88,89.88,-29.16,False,0.0,False
2024-10-24,2024-10-25,0,Overnight,0.0,False,36.97,36.97,43.19,False,0.0,False
2024-10-25,2024-10-28,2,Weekend,48.0,False,102.62,102.62,-174.95,False,0.0,False
2024-10-28,2024-10-29,0,Overnight,0.0,False,-16.38,-16.38,68.2,False,0.0,False
2024-10-29,2024-10-30,0,Overnight,0.0,False,-121.8,-121.8,-14.34,False,0.0,False
2024-10-30,2024-10-31,0,Overnight,0.0,False,-125.66,-125.66,-358.08,False,0.0,False
2024-10-31,2024-11-01,0,Overnight,0.0,False,145.07,145.07,51.83,False,0.0,False
2024-11-01,2024-11-04,2,Weekend,49.0,False,132.79,132.79,-84.9,False,0.0,False
2024-11-04,2024-11-05,0,Overnight,0.0,False,102.38,102.38,177.39,False,0.0,False
2024-11-05,2024-11-06,0,Overnight,0.0,False,215.66,215.66,183.67,False,0.0,False
2024-11-06,2024-11-07,0,Overnight,0.0,False,53.42,53.42,168.66,False,0.0,False
2024-11-07,2024-11-08,0,Overnight,0.0,False,-7.39,-7.39,-76.92,False,0.0,False
2024-11-08,2024-11-11,2,Weekend,48.0,False,70.87,70.87,-232.71,False,0.0,False
2024-11-11,2024-11-12,0,Overnight,0.0,False,104.1,104.1,102.35,False,0.0,False
2024-11-12,2024-11-13,0,Overnight,0.0,False,52.46,52.46,-189.62,False,0.0,False
2024-11-13,2024-11-14,0,Overnight,0.0,False,93.23,93.23,-59.78,False,0.0,False
2024-11-14,2024-11-15,0,Overnight,0.0,False,-129.62,-129.62,-201.51,False,0.0,False
2024-11-15,2024-11-18,2,Weekend,48.0,False,-176.22,-176.22,46.49,False,0.0,False
2024-11-18,2024-11-19,0,Overnight,0.0,False,83.14,83.14,394.74,False,0.0,False
2024-11-19,2024-11-20,0,Overnight,0.0,False,27.17,27.17,-103.65,False,0.0,False
2024-11-20,2024-11-21,0,Overnight,0.0,False,234.4,234.4,-181.07,False,0.0,False
2024-11-21,2024-11-22,0,Overnight,0.0,False,-50.58,-50.58,-276.52,False,0.0,False
2024-11-22,2024-11-25,2,Weekend,48.0,False,2.82,2.82,-429.55,False,0.0,False
2024-11-25,2024-11-26,0,Overnight,0.0,False,122.75,122.75,-56.81,False,0.0,False
2024-11-26,2024-11-27,0,Overnight,0.0,False,-140.48,-140.48,24.41,False,0.0,False
2024-11-27,2024-11-29,1,Short,24.0,False,105.84,105.84,106.9,False,0.0,False
2024-11-29,2024-12-02,2,Weekend,48.0,True,41.87,41.87,-14.42,False,0.0,False
2024-12-02,2024-12-03,0,Overnight,0.0,False,-26.73,-26.73,143.62,False,0.0,False
2024-12-03,2024-12-04,0,Overnight,0.0,False,123.29,123.29,218.72,False,0.0,False
2024-12-04,2024-12-05,0,Overnight,0.0,False,-2.07,-1.38,-3.45,True,0.69,False
2024-12-05,2024-12-06,0,Overnight,0.0,False,-31.76,-31.76,-150.5,False,0.0,False
2024-12-06,2024-12-09,2,Weekend,48.0,False,-246.63,-246.63,-11.52,False,0.0,False
2024-12-09,2024-12-10,0,Overnight,0.0,False,14.4,14.4,-287.53,False,0.0,False
2024-12-10,2024-12-11,0,Overnight,0.0,False,168.12,168.12,140.96,False,0.0,False
2024-12-11,2024-12-12,0,Overnight,0.0,False,-161.37,-161.37,18.95,False,0.0,False
2024-12-12,2024-12-13,0,Overnight,0.0,False,115.83,115.83,-343.38,False,0.0,False
2024-12-13,2024-12-16,2,Weekend,48.0,False,-5.22,-5.22,-163.8,False,0.0,False
2024-12-16,2024-12-17,0,Overnight,0.0,False,-222.92,-222.92,100.2,False,0.0,False
2024-12-17,2024-12-18,0,Overnight,0.0,False,262.65,262.65,-376.8,False,0.0,False
2024-12-18,2024-12-19,0,Overnight,0.0,False,218.68,218.68,-82.31,False,0.0,False
2024-12-19,2024-12-20,0,Overnight,0.0,False,-66.8,-66.8,369.78,False,0.0,False
2024-12-20,2024-12-23,2,Weekend,48.0,False,116.62,116.62,245.71,False,0.0,False
2024-12-23,2024-12-24,0,Overnight,0.0,False,23.6,23.6,15.7,False,0.0,False
2024-12-24,2024-12-26,1,Short,24.0,True,-37.15,-37.15,16.45,False,0.0,False
2024-12-26,2024-12-27,0,Overnight,0.0,False,-99.11,-99.11,-111.77,False,0.0,False
2024-12-27,2024-12-30,2,Weekend,48.0,False,-160.39,-160.39,195.36,False,0.0,False
2024-12-30,2024-12-31,0,Overnight,0.0,False,39.2,39.2,-274.69,False,0.0,False
2024-12-31,2025-01-02,1,Short,24.0,False,126.53,126.53,168.43,False,0.0,False
2025-01-02,2025-01-03,0,Overnight,0.0,False,122.16,122.16,313.58,False,0.0,False
2025-01-03,2025-01-06,2,Weekend,48.0,False,281.19,281.19,56.37,False,0.0,False
2025-01-06,2025-01-07,0,Overnight,0.0,False,238.06,238.06,-879.92,False,0.0,False
2025-01-07,2025-01-08,0,Overnight,0.0,False,172.61,172.61,-174.75,False,0.0,False
2025-01-08,2025-01-10,1,Short,24.0,False,-191.68,-191.68,-112.67,False,0.0,False
2025-01-10,2025-01-13,2,Weekend,48.0,False,-445.35,-445.35,246.19,False,0.0,False
2025-01-13,2025-01-14,0,Overnight,0.0,False,209.46,209.46,-320.4,False,0.0,False
2025-01-14,2025-01-15,0,Overnight,0.0,False,142.42,142.42,191.94,False,0.0,False
2025-01-15,2025-01-16,0,Overnight,0.0,False,174.63,174.63,-372.55,False,0.0,False
2025-01-16,2025-01-17,0,Overnight,0.0,False,230.9,230.9,74.34,False,0.0,False
2025-01-17,2025-01-21,3,Long,72.0,False,104.74,104.74,119.29,False,0.0,False
2025-01-21,2025-01-22,0,Overnight,0.0,False,268.33,268.33,165.23,False,0.0,False
2025-01-22,2025-01-23,0,Overnight,0.0,False,-138.3,-138.3,148.5,False,0.0,False
2025-01-23,2025-01-24,0,Overnight,0.0,False,77.81,77.81,-395.25,False,0.0,False
2025-01-24,2025-01-27,2,Weekend,48.0,False,-1334.71,-1334.71,-524.75,False,0.0,False
2025-01-27,2025-01-28,0,Overnight,0.0,False,282.25,282.25,572.72,False,0.0,False
2025-01-28,2025-01-29,0,Overnight,0.0,False,-194.93,-194.93,-223.83,False,0.0,False
2025-01-29,2025-01-30,0,Overnight,0.0,False,-48.62,-48.62,125.13,False,0.0,False
2025-01-30,2025-01-31,0,Overnight,0.0,False,-70.04,-70.04,-304.31,False,0.0,False
2025-01-31,2025-02-03,2,Weekend,48.0,False,-453.19,-453.19,165.08,False,0.0,False
2025-02-03,2025-02-04,0,Overnight,0.0,False,25.68,25.68,143.46,False,0.0,False
2025-02-04,2025-02-05,0,Overnight,0.0,False,258.74,258.74,249.01,False,0.0,False
2025-02-05,2025-02-06,0,Overnight,0.0,False,205.36,205.36,98.4,False,0.0,False
2025-02-06,2025-02-07,0,Overnight,0.0,False,41.88,41.88,47.87,False,0.0,False
2025-02-07,2025-02-10,2,Weekend,48.0,False,19.24,19.24,263.99,False,0.0,False
2025-02-10,2025-02-11,0,Overnight,0.0,False,-74.39,-74.39,16.58,False,0.0,False
2025-02-11,2025-02-12,0,Overnight,0.0,False,-211.56,-211.56,85.77,False,0.0,False
2025-02-12,2025-02-13,0,Overnight,0.0,False,31.98,31.98,279.58,False,0.0,False
2025-02-13,2025-02-14,0,Overnight,0.0,False,87.57,87.57,172.16,False,0.0,False
2025-02-14,2025-02-18,3,Long,72.0,False,172.79,172.79,-133.26,False,0.0,False
2025-02-18,2025-02-19,0,Overnight,0.0,False,7.89,7.89,-20.09,False,0.0,False
2025-02-19,2025-02-20,0,Overnight,0.0,False,57.29,57.29,5.71,False,0.0,False
2025-02-20,2025-02-21,0,Overnight,0.0,False,-5.0,-5.0,-408.84,False,0.0,False
2025-02-21,2025-02-24,2,Weekend,48.0,False,157.2,157.2,-470.78,False,0.0,False
2025-02-24,2025-02-25,0,Overnight,0.0,False,-23.05,-23.05,-261.11,False,0.0,False
2025-02-25,2025-02-26,0,Overnight,0.0,False,261.88,261.88,98.75,False,0.0,False
2025-02-26,2025-02-27,0,Overnight,0.0,False,279.42,279.42,-1165.34,False,0.0,False
2025-02-27,2025-02-28,0,Overnight,0.0,False,-178.87,-178.87,568.19,False,0.0,False
2025-02-28,2025-03-03,2,Weekend,48.0,False,-113.51,-113.51,-795.98,False,0.0,False
2025-03-03,2025-03-04,0,Overnight,0.0,False,-303.53,-303.53,471.32,False,0.0,False
2025-03-04,2025-03-05,0,Overnight,0.0,False,136.15,136.15,-23.84,False,0.0,False
2025-03-05,2025-03-06,0,Overnight,0.0,False,-326.68,-326.68,-264.18,False,0.0,False
2025-03-06,2025-03-07,0,Overnight,0.0,False,61.31,61.31,128.61,False,0.0,False
2025-03-07,2025-03-10,2,Weekend,47.0,False,-250.7,-250.7,-269.29,False,0.0,False
2025-03-10,2025-03-11,0,Overnight,0.0,False,0.93,0.93,164.08,False,0.0,False
2025-03-11,2025-03-12,0,Overnight,0.0,False,481.07,481.95,140.96,True,0.92,False
2025-03-12,2025-03-13,0,Overnight,0.0,False,110.84,110.84,-124.67,False,0.0,False
2025-03-13,2025-03-14,0,Overnight,0.0,False,258.78,258.78,254.72,False,0.0,False
2025-03-14,2025-03-17,2,Weekend,48.0,False,87.56,87.56,-265.01,False,0.0,False
2025-03-17,2025-03-18,0,Overnight,0.0,False,-128.83,-128.83,-220.2,False,0.0,False
2025-03-18,2025-03-19,0,Overnight,0.0,False,158.15,158.15,21.3,False,0.0,False
2025-03-19,2025-03-20,0,Overnight,0.0,False,-82.88,-82.88,168.46,False,0.0,False
2025-03-20,2025-03-21,0,Overnight,0.0,False,-135.05,-135.05,64.78,False,0.0,False
2025-03-21,2025-03-24,2,Weekend,48.0,False,183.52,183.52,126.82,False,0.0,False
2025-03-24,2025-03-25,0,Overnight,0.0,False,-71.09,-71.09,11.61,False,0.0,False
2025-03-25,2025-03-26,0,Overnight,0.0,False,-163.73,-163.73,-427.61,False,0.0,False
2025-03-26,2025-03-27,0,Overnight,0.0,False,-214.13,-214.13,7.18,False,0.0,False
2025-03-27,2025-03-28,0,Overnight,0.0,False,5.38,5.38,-164.59,False,0.0,False
2025-03-28,2025-03-31,2,Weekend,48.0,False,-422.78,-422.78,304.46,False,0.0,False
2025-03-31,2025-04-01,0,Overnight,0.0,False,12.91,12.91,149.09,False,0.0,False
2025-04-01,2025-04-02,0,Overnight,0.0,False,-263.08,-263.08,287.56,False,0.0,False
2025-04-02,2025-04-03,0,Overnight,0.0,False,-646.23,-646.23,-166.58,False,0.0,False
2025-04-03,2025-04-04,0,Overnight,0.0,False,-288.0,-288.0,-476.23,False,0.0,False
2025-04-04,2025-04-07,2,Weekend,48.0,False,-754.06,-754.06,1101.06,False,0.0,False
2025-04-07,2025-04-08,0,Overnight,0.0,False,612.75,612.75,-750.94,False,0.0,False
2025-04-08,2025-04-09,0,Overnight,0.0,False,265.4,265.4,1450.81,False,0.0,False
2025-04-09,2025-04-10,0,Overnight,0.0,False,-443.52,-443.52,-165.95,False,0.0,False
2025-04-10,2025-04-11,0,Overnight,0.0,False,86.08,86.08,221.49,False,0.0,False
2025-04-11,2025-04-14,2,Weekend,48.0,False,282.64,282.64,-302.49,False,0.0,False
2025-04-14,2025-04-15,0,Overnight,0.0,False,23.46,23.46,110.23,False,0.0,False
2025-04-15,2025-04-16,0,Overnight,0.0,False,-706.18,-706.18,-5.74,False,0.0,False
2025-04-16,2025-04-17,0,Overnight,0.0,False,-3.83,-3.83,-287.48,False,0.0,False
2025-04-17,2025-04-21,3,Long,72.0,False,-271.66,-271.66,-190.11,False,0.0,False
2025-04-21,2025-04-22,0,Overnight,0.0,False,191.12,191.12,11.13,False,0.0,False
2025-04-22,2025-04-23,0,Overnight,0.0,False,553.7,553.7,-174.69,False,0.0,False
2025-04-23,2025-04-24,0,Overnight,0.0,False,74.69,74.69,281.09,False,0.0,False
2025-04-24,2025-04-25,0,Overnight,0.0,False,39.38,39.38,381.94,False,0.0,False
2025-04-25,2025-04-28,2,Weekend,48.0,False,-119.62,-119.62,-87.9,False,0.0,False
2025-04-28,2025-04-29,0,Overnight,0.0,False,-97.97,-97.97,124.6,False,0.0,False
2025-04-29,2025-04-30,0,Overnight,0.0,False,-426.31,-426.31,417.14,False,0.0,False
2025-04-30,2025-05-01,0,Overnight,0.0,False,374.82,374.82,-130.85,False,0.0,False
2025-05-01,2025-05-02,0,Overnight,0.0,False,227.65,227.65,27.99,False,0.0,False
2025-05-02,2025-05-05,2,Weekend,48.0,False,-139.84,-139.84,80.27,False,0.0,False
2025-05-05,2025-05-06,0,Overnight,0.0,False,-207.73,-207.73,183.1,False,0.0,False
2025-05-06,2025-05-07,0,Overnight,0.0,False,-43.25,-43.25,348.56,False,0.0,False
2025-05-07,2025-05-08,0,Overnight,0.0,False,101.14,101.14,-74.7,False,0.0,False
2025-05-08,2025-05-09,0,Overnight,0.0,False,-1.7,-1.7,-59.83,False,0.0,False
2025-05-09,2025-05-12,2,Weekend,48.0,False,445.97,445.97,84.09,False,0.0,False
2025-05-12,2025-05-13,0,Overnight,0.0,False,159.69,159.69,388.42,False,0.0,False
2025-05-13,2025-05-14,0,Overnight,0.0,False,248.56,248.56,159.38,False,0.0,False
2025-05-14,2025-05-15,0,Overnight,0.0,False,-77.89,-77.89,40.13,False,0.0,False
2025-05-15,2025-05-16,0,Overnight,0.0,False,102.56,102.56,-60.38,False,0.0,False
2025-05-16,2025-05-19,2,Weekend,48.0,False,-224.81,-224.81,237.36,False,0.0,False
2025-05-19,2025-05-20,0,Overnight,0.0,False,-94.87,-94.87,6.7,False,0.0,False
2025-05-20,2025-05-21,0,Overnight,0.0,False,-98.72,-98.72,-95.14,False,0.0,False
2025-05-21,2025-05-22,0,Overnight,0.0,False,32.57,32.57,45.27,False,0.0,False
2025-05-22,2025-05-23,0,Overnight,0.0,False,-215.36,-215.36,98.74,False,0.0,False
2025-05-23,2025-05-27,3,Long,72.0,False,215.5,215.5,100.13,False,0.0,False
2025-05-27,2025-05-28,0,Overnight,0.0,False,39.04,39.04,-90.09,False,0.0,False
2025-05-28,2025-05-29,0,Overnight,0.0,False,537.2,537.2,-217.46,False,0.0,False
2025-05-29,2025-05-30,0,Overnight,0.0,False,-33.82,-33.82,-262.2,False,0.0,False
2025-05-30,2025-06-02,2,Weekend,48.0,False,26.61,26.61,138.53,False,0.0,False
2025-06-02,2025-06-03,0,Overnight,0.0,False,101.39,101.39,174.29,False,0.0,False
2025-06-03,2025-06-04,0,Overnight,0.0,False,68.45,68.45,-19.01,False,0.0,False
2025-06-04,2025-06-05,0,Overnight,0.0,False,17.6,17.6,-154.52,False,0.0,False
2025-06-05,2025-06-06,0,Overnight,0.0,False,178.41,178.41,-55.59,False,0.0,False
2025-06-06,2025-06-09,2,Weekend,48.0,False,103.19,103.19,-39.19,False,0.0,False
2025-06-09,2025-06-10,0,Overnight,0.0,False,4.21,4.21,88.61,False,0.0,False
2025-06-10,2025-06-11,0,Overnight,0.0,False,45.05,45.74,-123.85,True,0.69,False
2025-06-11,2025-06-12,0,Overnight,0.0,False,-60.39,-60.39,211.18,False,0.0,False
2025-06-12,2025-06-13,0,Overnight,0.0,False,-175.32,-175.32,-35.86,False,0.0,False
2025-06-13,2025-06-16,2,Weekend,48.0,False,96.73,96.73,93.04,False,0.0,False
2025-06-16,2025-06-17,0,Overnight,0.0,False,-13.83,-13.83,-25.64,False,0.0,False
2025-06-17,2025-06-18,0,Overnight,0.0,False,-7.64,-7.64,101.56,False,0.0,False
2025-06-18,2025-06-20,1,Short,24.0,False,-2.06,-2.06,-110.61,False,0.0,False
2025-06-20,2025-06-23,2,Weekend,48.0,False,-94.29,-94.29,116.51,False,0.0,False
2025-06-23,2025-06-24,0,Overnight,0.0,False,95.95,95.95,159.48,False,0.0,False
2025-06-24,2025-06-25,0,Overnight,0.0,False,92.2,92.2,332.07,False,0.0,False
2025-06-25,2025-06-26,0,Overnight,0.0,False,107.64,107.64,-61.74,False,0.0,False
2025-06-26,2025-06-27,0,Overnight,0.0,False,65.58,65.58,108.99,False,0.0,False
2025-06-27,2025-06-30,2,Weekend,48.0,False,41.12,41.12,-25.92,False,0.0,False
2025-06-30,2025-07-01,0,Overnight,0.0,False,-108.19,-108.19,-193.16,False,0.0,False
2025-07-01,2025-07-02,0,Overnight,0.0,False,-20.9,-20.9,275.3,False,0.0,False
2025-07-02,2025-07-03,0,Overnight,0.0,False,70.97,70.97,61.06,False,0.0,False
2025-07-03,2025-07-07,3,Long,72.0,True,-71.8,-71.8,2.53,False,0.0,False
2025-07-07,2025-07-08,0,Overnight,0.0,False,68.65,68.65,41.96,False,0.0,False
2025-07-08,2025-07-09,0,Overnight,0.0,False,75.96,75.96,102.44,False,0.0,False
2025-07-09,2025-07-10,0,Overnight,0.0,False,88.02,88.02,-13.4,False,0.0,False
2025-07-10,2025-07-11,0,Overnight,0.0,False,-23.18,-23.18,73.03,False,0.0,False
2025-07-11,2025-07-14,2,Weekend,48.0,False,27.25,27.25,-78.92,False,0.0,False
2025-07-14,2025-07-15,0,Overnight,0.0,False,424.81,424.81,-28.66,False,0.0,False
2025-07-15,2025-07-16,0,Overnight,0.0,False,21.07,21.07,18.11,False,0.0,False
2025-07-16,2025-07-17,0,Overnight,0.0,False,37.86,37.86,56.81,False,0.0,False
2025-07-17,2025-07-18,0,Overnight,0.0,False,36.93,36.93,-71.09,False,0.0,False
2025-07-18,2025-07-21,2,Weekend,48.0,False,19.7,19.7,-79.62,False,0.0,False
2025-07-21,2025-07-22,0,Overnight,0.0,False,-2.33,-2.33,-254.76,False,0.0,False
2025-07-22,2025-07-23,0,Overnight,0.0,False,148.56,148.56,73.46,False,0.0,False
2025-07-23,2025-07-24,0,Overnight,0.0,False,96.73,96.73,75.11,False,0.0,False
2025-07-24,2025-07-25,0,Overnight,0.0,False,-7.49,-7.49,-6.34,False,0.0,False
2025-07-25,2025-07-28,2,Weekend,48.0,False,29.93,29.93,155.66,False,0.0,False
2025-07-28,2025-07-29,0,Overnight,0.0,False,68.23,68.23,-138.63,False,0.0,False
2025-07-29,2025-07-30,0,Overnight,0.0,False,56.82,56.82,155.16,False,0.0,False
2025-07-30,2025-07-31,0,Overnight,0.0,False,200.46,200.46,-278.87,False,0.0,False
2025-07-31,2025-08-01,0,Overnight,0.0,False,-214.81,-214.81,-21.28,False,0.0,False
2025-08-01,2025-08-04,2,Weekend,48.0,False,82.55,82.55,272.57,False,0.0,False
2025-08-04,2025-08-05,0,Overnight,0.0,False,-21.13,-21.13,-76.0,False,0.0,False
2025-08-05,2025-08-06,0,Overnight,0.0,False,-108.86,-108.86,173.72,False,0.0,False
2025-08-06,2025-08-07,0,Overnight,0.0,False,119.12,119.12,-44.16,False,0.0,False
2025-08-07,2025-08-08,0,Overnight,0.0,False,43.06,43.06,63.14,False,0.0,False
2025-08-08,2025-08-11,2,Weekend,48.0,False,-35.64,-35.64,0.55,False,0.0,False
2025-08-11,2025-08-12,0,Overnight,0.0,False,49.31,49.31,10.93,False,0.0,False
2025-08-12,2025-08-13,0,Overnight,0.0,False,-29.53,-29.53,-56.56,False,0.0,False
2025-08-13,2025-08-14,0,Overnight,0.0,False,-101.84,-101.84,125.5,False,0.0,False
2025-08-14,2025-08-15,0,Overnight,0.0,False,-7.69,-7.69,-78.93,False,0.0,False
2025-08-15,2025-08-18,2,Weekend,48.0,False,8.31,8.31,77.77,False,0.0,False
2025-08-18,2025-08-19,0,Overnight,0.0,False,23.05,23.05,-379.3,False,0.0,False
2025-08-19,2025-08-20,0,Overnight,0.0,False,-26.8,-26.8,13.12,False,0.0,False
2025-08-20,2025-08-21,0,Overnight,0.0,False,-31.41,-31.41,7.43,False,0.0,False
2025-08-21,2025-08-22,0,Overnight,0.0,False,-136.37,-136.37,306.93,False,0.0,False
2025-08-22,2025-08-25,2,Weekend,48.0,False,20.21,20.21,81.53,False,0.0,False
2025-08-25,2025-08-26,0,Overnight,0.0,False,13.89,13.89,94.52,False,0.0,False
2025-08-26,2025-08-27,0,Overnight,0.0,False,11.55,11.55,-20.9,False,0.0,False
2025-08-27,2025-08-28,0,Overnight,0.0,False,-43.04,-43.04,-36.01,False,0.0,False
2025-08-28,2025-08-29,0,Overnight,0.0,False,-114.99,-114.99,-223.12,False,0.0,False
2025-08-29,2025-09-02,3,Long,72.0,False,-242.91,-242.91,45.78,False,0.0,False
2025-09-02,2025-09-03,0,Overnight,0.0,False,16.38,16.38,-25.76,False,0.0,False
2025-09-03,2025-09-04,0,Overnight,0.0,False,-2.93,-2.93,63.7,False,0.0,False
2025-09-04,2025-09-05,0,Overnight,0.0,False,-213.73,-213.73,-60.29,False,0.0,False
2025-09-05,2025-09-08,2,Weekend,48.0,False,31.68,31.68,45.26,False,0.0,False
2025-09-08,2025-09-09,0,Overnight,0.0,False,46.24,46.24,98.28,False,0.0,False
2025-09-09,2025-09-10,0,Overnight,0.0,False,338.55,338.55,38.99,False,0.0,False
2025-09-10,2025-09-11,0,Overnight,0.0,False,131.65,132.21,-140.68,True,0.56,False
2025-09-11,2025-09-12,0,Overnight,0.0,False,33.81,33.81,2.81,False,0.0,False
2025-09-12,2025-09-15,2,Weekend,48.0,False,-121.65,-121.65,117.71,False,0.0,False
2025-09-15,2025-09-16,0,Overnight,0.0,False,-42.28,-42.28,-120.5,False,0.0,False
2025-09-16,2025-09-17,0,Overnight,0.0,False,-128.92,-128.92,-137.06,False,0.0,False
2025-09-17,2025-09-18,0,Overnight,0.0,False,214.38,214.38,129.06,False,0.0,False
2025-09-18,2025-09-19,0,Overnight,0.0,False,-26.7,-26.7,51.07,False,0.0,False
2025-09-19,2025-09-22,2,Weekend,48.0,False,-77.85,-77.85,463.15,False,0.0,False
2025-09-22,2025-09-23,0,Overnight,0.0,False,-89.72,-89.72,-196.46,False,0.0,False
2025-09-23,2025-09-24,0,Overnight,0.0,False,74.82,74.82,-156.98,False,0.0,False
2025-09-24,2025-09-25,0,Overnight,0.0,False,-141.7,-141.7,182.3,False,0.0,False
2025-09-25,2025-09-26,0,Overnight,0.0,False,26.98,26.98,1.12,False,0.0,False
2025-09-26,2025-09-29,2,Weekend,48.0,False,124.92,124.92,78.39,False,0.0,False
2025-09-29,2025-09-30,0,Overnight,0.0,False,12.64,12.64,244.14,False,0.0,False
2025-09-30,2025-10-01,0,Overnight,0.0,False,-72.08,-72.08,107.39,False,0.0,False
2025-10-01,2025-10-02,0,Overnight,0.0,False,125.25,125.25,-37.52,False,0.0,False
2025-10-02,2025-10-03,0,Overnight,0.0,False,15.87,15.87,-83.33,False,0.0,False
2025-10-03,2025-10-06,2,Weekend,48.0,False,-113.64,-113.64,2.16,False,0.0,False
2025-10-06,2025-10-07,0,Overnight,0.0,False,37.12,37.12,-64.1,False,0.0,False
2025-10-07,2025-10-08,0,Overnight,0.0,False,82.35,82.35,135.22,False,0.0,False
2025-10-08,2025-10-09,0,Overnight,0.0,False,163.64,163.64,17.67,False,0.0,False
2025-10-09,2025-10-10,0,Overnight,0.0,False,48.69,48.69,-549.69,False,0.0,False
2025-10-10,2025-10-13,2,Weekend,48.0,False,259.22,259.22,18.6,False,0.0,False
2025-10-13,2025-10-14,0,Overnight,0.0,False,-190.31,-190.31,-259.88,False,0.0,False
2025-10-14,2025-10-15,0,Overnight,0.0,False,261.51,261.51,-272.62,False,0.0,False
2025-10-15,2025-10-16,0,Overnight,0.0,False,132.58,132.58,-23.07,False,0.0,False
2025-10-16,2025-10-17,0,Overnight,0.0,False,-90.06,-90.06,167.31,False,0.0,False
2025-10-17,2025-10-20,2,Weekend,48.0,False,-4.91,-4.91,-26.79,False,0.0,False
2025-10-20,2025-10-21,0,Overnight,0.0,False,8.21,8.21,-89.57,False,0.0,False
2025-10-21,2025-10-22,0,Overnight,0.0,False,-1.1,-1.1,-47.59,False,0.0,False
2025-10-22,2025-10-23,0,Overnight,0.0,False,7.76,7.76,95.98,False,0.0,False
2025-10-23,2025-10-24,0,Overnight,0.0,False,91.8,91.8,130.78,False,0.0,False
2025-10-24,2025-10-27,2,Weekend,48.0,False,198.28,198.28,78.64,False,0.0,False
2025-10-27,2025-10-28,0,Overnight,0.0,False,81.14,81.14,405.05,False,0.0,False
2025-10-28,2025-10-29,0,Overnight,0.0,False,339.88,339.88,-45.3,False,0.0,False
2025-10-29,2025-10-30,0,Overnight,0.0,False,-91.71,-91.71,-110.77,False,0.0,False
2025-10-30,2025-10-31,0,Overnight,0.0,False,173.94,173.94,-193.68,False,0.0,False
2025-10-31,2025-11-03,2,Weekend,49.0,False,272.32,272.32,-57.84,False,0.0,False
2025-11-03,2025-11-04,0,Overnight,0.0,False,-189.33,-189.33,-214.6,False,0.0,False
2025-11-04,2025-11-05,0,Overnight,0.0,False,4.03,4.03,-180.72,False,0.0,False
2025-11-05,2025-11-06,0,Overnight,0.0,False,61.79,61.79,-433.88,False,0.0,False
2025-11-06,2025-11-07,0,Overnight,0.0,False,-170.52,-170.52,174.24,False,0.0,False
2025-11-07,2025-11-10,2,Weekend,48.0,False,363.24,363.24,199.93,False,0.0,False
2025-11-10,2025-11-11,0,Overnight,0.0,False,-197.36,-197.36,-103.01,False,0.0,False
2025-11-11,2025-11-12,0,Overnight,0.0,False,131.66,131.66,-98.58,False,0.0,False
2025-11-12,2025-11-13,0,Overnight,0.0,False,-142.92,-142.92,-221.76,False,0.0,False
2025-11-13,2025-11-14,0,Overnight,0.0,False,-216.39,-216.39,391.98,False,0.0,False
2025-11-14,2025-11-17,2,Weekend,48.0,False,-223.33,-223.33,33.82,False,0.0,False
2025-11-17,2025-11-18,0,Overnight,0.0,False,-174.07,-174.07,-110.77,False,0.0,False
2025-11-18,2025-11-19,0,Overnight,0.0,False,187.36,187.36,93.18,False,0.0,False
2025-11-19,2025-11-20,0,Overnight,0.0,False,493.21,493.21,-813.53,False,0.0,False
2025-11-20,2025-11-21,0,Overnight,0.0,False,33.16,33.16,-131.07,False,0.0,False
2025-11-21,2025-11-24,2,Weekend,48.0,False,34.04,34.04,169.05,False,0.0,False
2025-11-24,2025-11-25,0,Overnight,0.0,False,-427.53,-427.53,165.0,False,0.0,False
2025-11-25,2025-11-26,0,Overnight,0.0,False,212.0,212.0,-75.71,False,0.0,False
2025-11-26,2025-11-28,1,Short,24.0,False,-69.59,-69.59,-112.92,False,0.0,False
2025-11-28,2025-12-01,2,Weekend,48.0,True,-127.36,-127.36,290.99,False,0.0,False
2025-12-01,2025-12-02,0,Overnight,0.0,False,101.75,101.75,-16.52,False,0.0,False
2025-12-02,2025-12-03,0,Overnight,0.0,False,-20.96,-20.96,-82.62,False,0.0,False
2025-12-03,2025-12-04,0,Overnight,0.0,False,112.4,112.95,96.44,True,0.56,False
2025-12-04,2025-12-05,0,Overnight,0.0,False,27.77,27.77,-80.81,False,0.0,False
2025-12-05,2025-12-08,2,Weekend,48.0,False,12.6,12.6,158.07,False,0.0,False
2025-12-08,2025-12-09,0,Overnight,0.0,False,0.54,0.54,-31.85,False,0.0,False
2025-12-09,2025-12-10,0,Overnight,0.0,False,0.0,0.0,-64.54,False,0.0,False
2025-12-10,2025-12-11,0,Overnight,0.0,False,-192.28,-192.28,35.99,False,0.0,False
2025-12-11,2025-12-12,0,Overnight,0.0,False,9.94,9.94,-342.04,False,0.0,False
2025-12-12,2025-12-15,2,Weekend,48.0,False,165.46,165.46,-93.16,False,0.0,False
2025-12-15,2025-12-16,0,Overnight,0.0,False,-1.7,-1.7,82.49,False,0.0,False
2025-12-16,2025-12-17,0,Overnight,0.0,False,-91.57,-91.57,-297.39,False,0.0,False
2025-12-17,2025-12-18,0,Overnight,0.0,False,207.84,207.84,-22.37,False,0.0,False
2025-12-18,2025-12-19,0,Overnight,0.0,False,144.24,144.24,241.58,False,0.0,False
2025-12-19,2025-12-22,2,Weekend,48.0,False,160.59,160.59,-12.51,False,0.0,False
2025-12-22,2025-12-23,0,Overnight,0.0,False,-39.27,-39.27,335.35,False,0.0,False
2025-12-23,2025-12-24,0,Overnight,0.0,False,-67.35,-67.35,35.59,False,0.0,False
2025-12-24,2025-12-26,1,Short,24.0,True,69.22,69.22,32.07,False,0.0,False
2025-12-26,2025-12-29,2,Weekend,48.0,False,-149.11,-149.11,27.13,False,0.0,False
2025-12-29,2025-12-30,0,Overnight,0.0,False,1.06,1.06,-37.26,False,0.0,False
2025-12-30,2025-12-31,0,Overnight,0.0,False,107.66,107.66,-163.27,False,0.0,False
2025-12-31,2026-01-02,1,Short,24.0,False,177.5,177.5,-52.29,False,0.0,False
2026-01-02,2026-01-05,2,Weekend,48.0,False,152.91,152.91,-191.65,False,0.0,False
2026-01-05,2026-01-06,0,Overnight,0.0,False,126.77,126.77,-173.66,False,0.0,False
2026-01-06,2026-01-07,0,Overnight,0.0,False,70.78,70.78,28.6,False,0.0,False
2026-01-07,2026-01-08,0,Overnight,0.0,False,0.0,0.0,-217.57,False,0.0,False
2026-01-08,2026-01-09,0,Overnight,0.0,False,2.16,2.16,-11.89,False,0.0,False
2026-01-09,2026-01-12,2,Weekend,48.0,False,-89.11,-89.11,93.44,False,0.0,False
2026-01-12,2026-01-13,0,Overnight,0.0,False,3.24,3.24,43.69,False,0.0,False
2026-01-13,2026-01-14,0,Overnight,0.0,False,-80.51,-80.51,-64.23,False,0.0,False
2026-01-14,2026-01-15,0,Overnight,0.0,False,181.8,181.8,29.45,False,0.0,False
2026-01-15,2026-01-16,0,Overnight,0.0,False,107.94,107.94,-151.88,False,0.0,False
2026-01-16,2026-01-20,3,Long,72.0,False,-235.25,-235.25,-212.8,False,0.0,False
2026-01-20,2026-01-21,0,Overnight,0.0,False,54.88,54.88,235.68,False,0.0,False
2026-01-21,2026-01-22,0,Overnight,0.0,False,77.7,77.7,4.87,False,0.0,False
2026-01-22,2026-01-23,0,Overnight,0.0,False,142.88,142.88,9.06,False,0.0,False
2026-01-23,2026-01-26,2,Weekend,48.0,False,-27.21,-27.21,-36.94,False,0.0,False
2026-01-26,2026-01-27,0,Overnight,0.0,False,41.21,41.21,68.13,False,0.0,False
2026-01-27,2026-01-28,0,Overnight,0.0,False,144.82,144.82,13.06,False,0.0,False
2026-01-28,2026-01-29,0,Overnight,0.0,False,-9.4,-9.4,60.96,False,0.0,False
2026-01-29,2026-01-30,0,Overnight,0.0,False,-67.76,-67.76,-4.18,False,0.0,False
2026-01-30,2026-02-02,2,Weekend,48.0,False,-207.76,-207.76,-85.3,False,0.0,False
2026-02-02,2026-02-03,0,Overnight,0.0,False,33.88,33.88,-321.92,False,0.0,False
2026-02-03,2026-02-04,0,Overnight,0.0,False,-48.92,-48.92,-298.06,False,0.0,False
2026-02-04,2026-02-05,0,Overnight,0.0,False,42.39,42.39,-175.89,False,0.0,False
2026-02-05,2026-02-06,0,Overnight,0.0,False,276.0,276.0,481.73,False,0.0,False
2026-02-06,2026-02-09,2,Weekend,48.0,False,-62.22,-62.22,308.87,False,0.0,False
2026-02-09,2026-02-10,0,Overnight,0.0,False,70.26,70.26,-149.51,False,0.0,False
2026-02-10,2026-02-11,0,Overnight,0.0,False,205.26,205.26,-125.49,False,0.0,False
2026-02-11,2026-02-12,0,Overnight,0.0,False,155.58,155.58,-320.58,False,0.0,False
2026-02-12,2026-02-13,0,Overnight,0.0,False,28.84,28.84,-252.25,False,0.0,False
2026-02-13,2026-02-17,3,Long,72.0,False,-58.15,-58.15,175.62,False,0.0,False
2026-02-17,2026-02-18,0,Overnight,0.0,False,202.3,202.3,-40.88,False,0.0,False
2026-02-18,2026-02-19,0,Overnight,0.0,False,-49.06,-49.06,44.8,False,0.0,False
2026-02-19,2026-02-20,0,Overnight,0.0,False,-71.03,-71.03,172.7,False,0.0,False
2026-02-20,2026-02-23,2,Weekend,48.0,False,82.89,82.89,7.83,False,0.0,False
2026-02-23,2026-02-24,0,Overnight,0.0,False,-3.13,-3.13,70.77,False,0.0,False
2026-02-24,2026-02-25,0,Overnight,0.0,False,82.62,82.62,56.92,False,0.0,False
2026-02-25,2026-02-26,0,Overnight,0.0,False,-66.18,-66.18,-494.88,False,0.0,False
2026-02-26,2026-02-27,0,Overnight,0.0,False,-198.84,-198.84,-226.55,False,0.0,False
2026-02-27,2026-03-02,2,Weekend,48.0,False,-123.8,-123.8,417.97,False,0.0,False
2026-03-02,2026-03-03,0,Overnight,0.0,False,-221.08,-221.08,87.02,False,0.0,False
2026-03-03,2026-03-04,0,Overnight,0.0,False,21.64,21.64,143.06,False,0.0,False
2026-03-04,2026-03-05,0,Overnight,0.0,False,-102.69,-102.69,119.07,False,0.0,False
2026-03-05,2026-03-06,0,Overnight,0.0,False,-192.75,-192.75,-112.96,False,0.0,False
2026-03-06,2026-03-09,2,Weekend,47.0,False,-55.83,-55.83,323.83,False,0.0,False
2026-03-09,2026-03-10,0,Overnight,0.0,False,-13.7,-13.7,129.1,False,0.0,False
2026-03-10,2026-03-11,0,Overnight,0.0,False,61.51,62.05,6.45,True,0.54,False
2026-03-11,2026-03-12,0,Overnight,0.0,False,-107.0,-107.0,-49.57,False,0.0,False
2026-03-12,2026-03-13,0,Overnight,0.0,False,96.72,96.72,-255.79,False,0.0,False
2026-03-13,2026-03-16,2,Weekend,48.0,False,149.77,149.77,13.65,False,0.0,False
2026-03-16,2026-03-17,0,Overnight,0.0,False,99.92,99.92,-170.58,False,0.0,False
2026-03-17,2026-03-18,0,Overnight,0.0,False,30.19,30.19,-114.64,False,0.0,False
2026-03-18,2026-03-19,0,Overnight,0.0,False,-133.37,-133.37,30.85,False,0.0,False
2026-03-19,2026-03-20,0,Overnight,0.0,False,-31.41,-31.41,-302.28,False,0.0,False
2026-03-20,2026-03-23,2,Weekend,48.0,False,260.62,260.62,-91.81,False,0.0,False
2026-03-23,2026-03-24,0,Overnight,0.0,False,-46.22,-46.22,21.14,False,0.0,False
2026-03-24,2026-03-25,0,Overnight,0.0,False,107.86,107.86,88.82,False,0.0,False
2026-03-25,2026-03-26,0,Overnight,0.0,False,-147.15,-147.15,-278.16,False,0.0,False
2026-03-26,2026-03-27,0,Overnight,0.0,False,-72.68,-72.68,-146.96,False,0.0,False
2026-03-27,2026-03-30,2,Weekend,48.0,False,74.93,74.93,-216.21,False,0.0,False
2026-03-30,2026-03-31,0,Overnight,0.0,False,108.39,108.39,435.37,False,0.0,False
2026-03-31,2026-04-01,0,Overnight,0.0,False,91.33,91.33,-14.21,False,0.0,False
2026-04-01,2026-04-02,0,Overnight,0.0,False,-205.22,-205.22,298.1,False,0.0,False
2026-04-02,2026-04-06,3,Long,72.0,False,-12.97,-12.97,27.06,False,0.0,False
2026-04-06,2026-04-07,0,Overnight,0.0,False,-108.1,-108.1,133.97,False,0.0,False
2026-04-07,2026-04-08,0,Overnight,0.0,False,353.04,353.04,-132.03,False,0.0,False
2026-04-08,2026-04-09,0,Overnight,0.0,False,-13.19,-13.19,113.19,False,0.0,False
2026-04-09,2026-04-10,0,Overnight,0.0,False,21.73,21.73,231.68,False,0.0,False
2026-04-10,2026-04-13,2,Weekend,48.0,False,-138.8,-138.8,174.78,False,0.0,False
2026-04-13,2026-04-14,0,Overnight,0.0,False,80.49,80.49,292.78,False,0.0,False
2026-04-14,2026-04-15,0,Overnight,0.0,False,1.53,1.53,117.85,False,0.0,False
2026-04-15,2026-04-16,0,Overnight,0.0,False,-72.67,-72.67,46.49,False,0.0,False
2026-04-16,2026-04-17,0,Overnight,0.0,False,77.84,77.84,88.65,False,0.0,False
2026-04-17,2026-04-20,2,Weekend,48.0,False,-84.65,-84.65,103.47,False,0.0,False
2026-04-20,2026-04-21,0,Overnight,0.0,False,3.46,3.46,-111.94,False,0.0,False
2026-04-21,2026-04-22,0,Overnight,0.0,False,55.38,55.38,74.85,False,0.0,False
2026-04-22,2026-04-23,0,Overnight,0.0,False,-1.98,-1.98,-140.27,False,0.0,False
2026-04-23,2026-04-24,0,Overnight,0.0,False,16.02,16.02,407.18,False,0.0,False
2026-04-24,2026-04-27,2,Weekend,48.0,False,66.04,66.04,326.59,False,0.0,False
2026-04-27,2026-04-28,0,Overnight,0.0,False,-334.22,-334.22,174.14,False,0.0,False
2026-04-28,2026-04-29,0,Overnight,0.0,False,-22.07,-22.07,-163.53,False,0.0,False
2026-04-29,2026-04-30,0,Overnight,0.0,False,32.44,32.44,-506.09,False,0.0,False
2026-04-30,2026-05-01,0,Overnight,0.0,False,85.32,85.32,-141.6,False,0.0,False
2026-05-01,2026-05-04,2,Weekend,48.0,False,52.77,52.77,-51.26,False,0.0,False
2026-05-04,2026-05-05,0,Overnight,0.0,False,41.23,41.23,-141.49,False,0.0,False
2026-05-05,2026-05-06,0,Overnight,0.0,False,171.05,171.05,389.53,False,0.0,False
2026-05-06,2026-05-07,0,Overnight,0.0,False,24.51,24.51,150.54,False,0.0,False
2026-05-07,2026-05-08,0,Overnight,0.0,False,72.08,72.08,101.35,False,0.0,False
2026-05-08,2026-05-11,2,Weekend,48.0,False,-54.05,-54.05,249.16,False,0.0,False
2026-05-11,2026-05-12,0,Overnight,0.0,False,-40.64,-40.64,101.52,False,0.0,False
2026-05-12,2026-05-13,0,Overnight,0.0,False,186.22,186.22,39.93,False,0.0,False
2026-05-13,2026-05-14,0,Overnight,0.0,False,176.44,176.44,253.03,False,0.0,False
2026-05-14,2026-05-15,0,Overnight,0.0,False,-256.94,-256.94,-195.14,False,0.0,False
2026-05-15,2026-05-18,2,Weekend,48.0,False,199.92,199.92,-333.96,False,0.0,False
2026-05-18,2026-05-19,0,Overnight,0.0,False,-122.19,-122.19,44.98,False,0.0,False
2026-05-19,2026-05-20,0,Overnight,0.0,False,115.82,115.82,12.99,False,0.0,False
2026-05-20,2026-05-21,0,Overnight,0.0,False,-52.94,-52.94,-125.85,False,0.0,False
2026-05-21,2026-05-22,0,Overnight,0.0,False,63.12,63.12,-255.38,False,0.0,False
2026-05-22,2026-05-26,3,Long,72.0,False,56.04,56.04,-77.89,False,0.0,False
2026-05-26,2026-05-27,0,Overnight,0.0,False,-34.5,-34.5,-71.24,False,0.0,False
2026-05-27,2026-05-28,0,Overnight,0.0,False,-62.28,-62.28,139.59,False,0.0,False
2026-05-28,2026-05-29,0,Overnight,0.0,False,15.39,15.39,-161.61,False,0.0,False
2026-05-29,2026-06-01,2,Weekend,48.0,False,215.06,215.06,392.24,False,0.0,False
2026-06-01,2026-06-02,0,Overnight,0.0,False,124.91,124.91,-193.78,False,0.0,False
2026-06-02,2026-06-03,0,Overnight,0.0,False,-49.49,-49.49,-319.41,False,0.0,False
2026-06-03,2026-06-04,0,Overnight,0.0,False,-39.19,-27.51,219.63,True,11.64,False
2026-06-04,2026-06-05,0,Overnight,0.0,False,-190.68,-190.68,-449.52,False,0.0,False
2026-06-05,2026-06-08,2,Weekend,48.0,False,244.67,244.67,-73.54,False,0.0,False
2026-06-08,2026-06-09,0,Overnight,0.0,False,94.45,94.45,-116.04,False,0.0,False
2026-06-09,2026-06-10,0,Overnight,0.0,False,-182.26,-182.26,-198.1,False,0.0,False
2026-06-10,2026-06-11,0,Overnight,0.0,False,53.25,53.25,166.36,False,0.0,False
2026-06-11,2026-06-12,0,Overnight,0.0,False,-0.49,-0.49,16.1,False,0.0,False
2026-06-12,2026-06-15,2,Weekend,48.0,False,180.15,180.15,167.55,False,0.0,False
2026-06-15,2026-06-16,0,Overnight,0.0,False,-59.96,-59.96,-180.13,False,0.0,False
2026-06-16,2026-06-17,0,Overnight,0.0,False,53.85,53.85,-187.82,False,0.0,False
2026-06-17,2026-06-18,0,Overnight,0.0,False,130.11,130.11,160.76,False,0.0,False
2026-06-18,2026-06-22,3,Long,72.0,False,35.53,35.53,-132.83,False,0.0,False
2026-06-22,2026-06-23,0,Overnight,0.0,False,-315.49,-315.49,-105.92,False,0.0,False
2026-06-23,2026-06-24,0,Overnight,0.0,False,4.0,4.0,-56.12,False,0.0,False
2026-06-24,2026-06-25,0,Overnight,0.0,False,54.12,54.12,-219.3,False,0.0,False
2026-06-25,2026-06-26,0,Overnight,0.0,False,-134.76,-134.76,-30.6,False,0.0,False
2026-06-26,2026-06-29,2,Weekend,48.0,False,68.33,68.33,57.61,False,0.0,False
2026-06-29,2026-06-30,0,Overnight,0.0,False,115.76,115.76,143.46,False,0.0,False
2026-06-30,2026-07-01,0,Overnight,0.0,False,-196.33,-196.33,70.09,False,0.0,False
2026-07-01,2026-07-02,0,Overnight,0.0,False,-22.29,-22.29,-117.87,False,0.0,False
2026-07-02,2026-07-06,3,Long,72.0,False,-21.07,-21.07,57.95,False,0.0,False
2026-07-06,2026-07-07,0,Overnight,0.0,False,-163.96,-163.96,234.28,False,0.0,False
2026-07-07,2026-07-08,0,Overnight,0.0,False,-89.26,-89.26,447.86,False,0.0,False
2026-07-08,2026-07-09,0,Overnight,0.0,False,16.64,16.64,-82.51,False,0.0,False
2026-07-09,2026-07-10,0,Overnight,0.0,False,-38.54,-38.54,434.01,False,0.0,False
2026-07-10,2026-07-13,2,Weekend,48.0,False,-115.38,-115.38,-243.17,False,0.0,False
2026-07-13,2026-07-14,0,Overnight,0.0,False,226.86,226.86,171.43,False,0.0,False
2026-07-14,2026-07-15,0,Overnight,0.0,False,7.55,7.55,25.44,False,0.0,False
2026-07-15,2026-07-16,0,Overnight,0.0,False,-110.25,-110.25,-132.67,False,0.0,False
2026-07-16,2026-07-17,0,Overnight,0.0,False,-232.18,-232.18,8.39,False,0.0,False
2026-07-17,2026-07-20,2,Weekend,48.0,False,149.75,149.75,-126.61,False,0.0,False
2026-07-20,2026-07-21,0,Overnight,0.0,False,207.4,207.4,-12.05,False,0.0,False
2026-07-21,2026-07-22,0,Overnight,0.0,False,-71.65,-71.65,299.16,False,0.0,False
2026-07-22,2026-07-23,0,Overnight,0.0,False,-123.36,-123.36,-33.48,False,0.0,False
2026-07-23,2026-07-24,0,Overnight,0.0,False,-62.95,-62.95,-29.45,False,0.0,False
2026-07-24,2026-07-27,2,Weekend,48.0,False,65.54,65.54,-577.86,False,0.0,False
2026-07-27,2026-07-28,0,Overnight,0.0,False,-77.14,-77.14,102.55,False,0.0,False
2026-07-28,2026-07-29,0,Overnight,0.0,False,-59.05,-59.05,-302.72,False,0.0,False
2026-07-29,2026-07-30,0,Overnight,0.0,False,179.42,179.42,81.86,False,0.0,False
2026-07-30,2026-07-31,0,Overnight,0.0,False,172.82,172.82,115.74,False,0.0,False
2026-07-31,2026-08-03,2,Weekend,48.0,False,-153.6,-153.6,442.78,False,0.0,False
2026-08-03,2026-08-04,0,Overnight,0.0,False,223.01,223.01,30.24,False,0.0,False
2026-08-04,2026-08-05,0,Overnight,0.0,False,229.49,229.49,108.24,False,0.0,False
2026-08-05,2026-08-06,0,Overnight,0.0,False,104.82,104.82,-115.32,False,0.0,False
2026-08-06,2026-08-07,0,Overnight,0.0,False,115.77,115.77,108.64,False,0.0,False
2026-08-07,2026-08-10,2,Weekend,48.0,False,-25.04,-25.04,-265.35,False,0.0,False
2026-08-10,2026-08-11,0,Overnight,0.0,False,210.14,210.14,-212.44,False,0.0,False
2026-08-11,2026-08-12,0,Overnight,0.0,False,161.45,161.45,137.04,False,0.0,False
2026-08-12,2026-08-13,0,Overnight,0.0,False,43.19,43.19,10.66,False,0.0,False
2026-08-13,2026-08-14,0,Overnight,0.0,False,65.03,65.03,-71.25,False,0.0,False
2026-08-14,2026-08-17,2,Weekend,48.0,False,36.35,36.35,-43.02,False,0.0,False
2026-08-17,2026-08-18,0,Overnight,0.0,False,-204.74,-204.74,-32.26,False,0.0,False
2026-08-18,2026-08-19,0,Overnight,0.0,False,87.45,87.45,-187.15,False,0.0,False
2026-08-19,2026-08-20,0,Overnight,0.0,False,36.7,36.7,-69.39,False,0.0,False
2026-08-20,2026-08-21,0,Overnight,0.0,False,72.14,72.14,-170.85,False,0.0,False
2026-08-21,2026-08-24,2,Weekend,48.0,False,37.65,37.65,-332.57,False,0.0,False
2026-08-24,2026-08-25,0,Overnight,0.0,False,121.57,121.57,95.27,False,0.0,False
2026-08-25,2026-08-26,0,Overnight,0.0,False,-19.26,-19.26,-141.13,False,0.0,False
2026-08-26,2026-08-27,0,Overnight,0.0,False,610.57,610.57,227.14,False,0.0,False
2026-08-27,2026-08-28,0,Overnight,0.0,False,-27.23,-27.23,-441.06,False,0.0,False
2026-08-28,2026-08-31,2,Weekend,48.0,False,60.49,60.49,86.89,False,0.0,False
2026-08-31,2026-09-01,0,Overnight,0.0,False,-184.22,-184.22,31.78,False,0.0,False
2026-09-01,2026-09-02,0,Overnight,0.0,False,61.89,61.89,253.62,False,0.0,False
2026-09-02,2026-09-03,0,Overnight,0.0,False,71.49,71.49,106.94,False,0.0,False
2026-09-03,2026-09-04,0,Overnight,0.0,False,114.9,114.9,-31.64,False,0.0,False
2026-09-04,2026-09-08,3,Long,72.0,False,118.67,118.67,-321.71,False,0.0,False
2026-09-08,2026-09-09,0,Overnight,0.0,False,-19.96,-19.96,-71.72,False,0.0,False
2026-09-09,2026-09-10,0,Overnight,0.0,False,-141.38,-130.05,-98.89,True,11.18,False
2026-09-10,2026-09-11,0,Overnight,0.0,False,131.03,131.03,-134.24,False,0.0,False
2026-09-11,2026-09-14,2,Weekend,48.0,False,-328.29,-328.29,-13.26,False,0.0,False
2026-09-14,2026-09-15,0,Overnight,0.0,False,114.06,114.06,-56.87,False,0.0,False
2026-09-15,2026-09-16,0,Overnight,0.0,False,92.42,92.42,-11.21,False,0.0,False
2026-09-16,2026-09-17,0,Overnight,0.0,False,207.28,207.28,43.86,False,0.0,False
2026-09-17,2026-09-18,0,Overnight,0.0,False,0.46,0.46,132.24,False,0.0,False
2026-09-18,2026-09-21,2,Weekend,48.0,False,30.1,30.1,197.2,False,0.0,False
2026-09-21,2026-09-22,0,Overnight,0.0,False,-23.34,-23.34,88.65,False,0.0,False
2026-09-22,2026-09-23,0,Overnight,0.0,False,-36.77,-36.77,-111.13,False,0.0,False
2026-09-23,2026-09-24,0,Overnight,0.0,False,-153.27,-153.27,111.94,False,0.0,False
2026-09-24,2026-09-25,0,Overnight,0.0,False,24.46,24.46,-2.67,False,0.0,False
2026-09-25,2026-09-28,2,Weekend,48.0,False,205.8,205.8,-38.81,False,0.0,False
2026-09-28,2026-09-29,0,Overnight,0.0,False,91.77,91.77,-164.13,False,0.0,False
2026-09-29,2026-09-30,0,Overnight,0.0,False,90.26,90.26,-38.89,False,0.0,False
2026-09-30,2026-10-01,0,Overnight,0.0,False,69.81,69.81,38.19,False,0.0,False
