d1,d2,n_closed,cls,hours,d1_early_close,gap_bps,gap_divneutral_bps,oc_bps,exdiv,div_bps,split
2010-01-04,2010-01-05,0,Overnight,0.0,False,-6.46,-6.46,6.46,False,0.0,False
2010-01-05,2010-01-06,0,Overnight,0.0,False,-4.31,-4.31,-56.19,False,0.0,False
2010-01-06,2010-01-07,0,Overnight,0.0,False,15.16,15.16,-8.66,False,0.0,False
2010-01-07,2010-01-08,0,Overnight,0.0,False,-21.68,-21.68,103.65,False,0.0,False
2010-01-08,2010-01-11,2,Weekend,48.0,False,12.88,12.88,-53.78,False,0.0,False
2010-01-11,2010-01-12,0,Overnight,0.0,False,-60.58,-60.58,-65.32,False,0.0,False
2010-01-12,2010-01-13,0,Overnight,0.0,False,30.53,30.53,93.21,False,0.0,False
2010-01-13,2010-01-14,0,Overnight,0.0,False,-19.44,-19.44,28.06,False,0.0,False
2010-01-14,2010-01-15,0,Overnight,0.0,False,17.23,17.23,-134.32,False,0.0,False
2010-01-15,2010-01-19,3,Long,72.0,False,23.96,23.96,136.14,False,0.0,False
2010-01-19,2010-01-20,0,Overnight,0.0,False,-71.08,-71.08,-73.77,False,0.0,False
2010-01-20,2010-01-21,0,Overnight,0.0,False,28.27,28.27,-122.35,False,0.0,False
2010-01-21,2010-01-22,0,Overnight,0.0,False,-33.03,-33.03,-263.7,False,0.0,False
2010-01-22,2010-01-25,2,Weekend,48.0,False,60.96,60.96,-27.05,False,0.0,False
2010-01-25,2010-01-26,0,Overnight,0.0,False,-11.29,-11.29,20.31,False,0.0,False
2010-01-26,2010-01-27,0,Overnight,0.0,False,-18.05,-18.05,96.66,False,0.0,False
2010-01-27,2010-01-28,0,Overnight,0.0,False,-67.34,-67.34,-193.3,False,0.0,False
2010-01-28,2010-01-29,0,Overnight,0.0,False,82.32,82.32,-258.38,False,0.0,False
2010-01-29,2010-02-01,2,Weekend,48.0,False,25.67,25.67,83.57,False,0.0,False
2010-02-01,2010-02-02,0,Overnight,0.0,False,16.17,16.17,73.58,False,0.0,False
2010-02-02,2010-02-03,0,Overnight,0.0,False,-48.23,-48.23,103.06,False,0.0,False
2010-02-03,2010-02-04,0,Overnight,0.0,False,-73.18,-73.18,-220.45,False,0.0,False
2010-02-04,2010-02-05,0,Overnight,0.0,False,25.78,25.78,58.34,False,0.0,False
2010-02-05,2010-02-08,2,Weekend,48.0,False,-16.3,-16.3,-56.09,False,0.0,False
2010-02-08,2010-02-09,0,Overnight,0.0,False,118.81,118.81,-16.22,False,0.0,False
2010-02-09,2010-02-10,0,Overnight,0.0,False,0.0,0.0,-20.9,False,0.0,False
2010-02-10,2010-02-11,0,Overnight,0.0,False,2.32,2.32,147.64,False,0.0,False
2010-02-11,2010-02-12,0,Overnight,0.0,False,-89.71,-89.71,110.3,False,0.0,False
2010-02-12,2010-02-16,3,Long,72.0,False,72.86,72.86,54.3,False,0.0,False
2010-02-16,2010-02-17,0,Overnight,0.0,False,45.02,45.02,11.22,False,0.0,False
2010-02-17,2010-02-18,0,Overnight,0.0,False,-6.73,-6.73,69.36,False,0.0,False
2010-02-18,2010-02-19,0,Overnight,0.0,False,-26.79,-26.79,22.33,False,0.0,False
2010-02-19,2010-02-22,2,Weekend,48.0,False,40.07,40.07,-60.17,False,0.0,False
2010-02-22,2010-02-23,0,Overnight,0.0,False,-6.71,-6.71,-123.78,False,0.0,False
2010-02-23,2010-02-24,0,Overnight,0.0,False,51.95,51.95,49.44,False,0.0,False
2010-02-24,2010-02-25,0,Overnight,0.0,False,-105.92,-105.92,103.67,False,0.0,False
2010-02-25,2010-02-26,0,Overnight,0.0,False,-2.24,-2.24,38.05,False,0.0,False
2010-02-26,2010-03-01,2,Weekend,48.0,False,44.58,44.58,99.59,False,0.0,False
2010-03-01,2010-03-02,0,Overnight,0.0,False,35.17,35.17,-4.39,False,0.0,False
2010-03-02,2010-03-03,0,Overnight,0.0,False,24.12,24.12,-13.15,False,0.0,False
2010-03-03,2010-03-04,0,Overnight,0.0,False,6.58,6.58,26.26,False,0.0,False
2010-03-04,2010-03-05,0,Overnight,0.0,False,74.04,74.04,75.65,False,0.0,False
2010-03-05,2010-03-08,2,Weekend,48.0,False,4.31,4.31,15.06,False,0.0,False
2010-03-08,2010-03-09,0,Overnight,0.0,False,-21.51,-21.51,77.24,False,0.0,False
2010-03-09,2010-03-10,0,Overnight,0.0,False,6.41,6.41,74.48,False,0.0,False
2010-03-10,2010-03-11,0,Overnight,0.0,False,-23.35,-23.35,61.43,False,0.0,False
2010-03-11,2010-03-12,0,Overnight,0.0,False,31.63,31.63,-29.52,False,0.0,False
2010-03-12,2010-03-15,2,Weekend,47.0,False,-21.14,-21.14,-4.23,False,0.0,False
2010-03-15,2010-03-16,0,Overnight,0.0,False,31.7,31.7,31.6,False,0.0,False
2010-03-16,2010-03-17,0,Overnight,0.0,False,14.71,14.71,12.59,False,0.0,False
2010-03-17,2010-03-18,0,Overnight,0.0,False,8.39,8.39,25.12,False,0.0,False
2010-03-18,2010-03-19,0,Overnight,0.0,False,18.8,29.44,-90.14,True,10.66,False
2010-03-19,2010-03-22,2,Weekend,48.0,False,-40.09,-40.09,130.23,False,0.0,False
2010-03-22,2010-03-23,0,Overnight,0.0,False,14.6,14.6,54.03,False,0.0,False
2010-03-23,2010-03-24,0,Overnight,0.0,False,-16.59,-16.59,-31.19,False,0.0,False
2010-03-24,2010-03-25,0,Overnight,0.0,False,82.95,82.95,-97.54,False,0.0,False
2010-03-25,2010-03-26,0,Overnight,0.0,False,41.62,41.62,-31.2,False,0.0,False
2010-03-26,2010-03-29,2,Weekend,48.0,False,49.88,49.88,-2.07,False,0.0,False
2010-03-29,2010-03-30,0,Overnight,0.0,False,31.05,31.05,2.07,False,0.0,False
2010-03-30,2010-03-31,0,Overnight,0.0,False,-31.05,-31.05,-16.6,False,0.0,False
2010-03-31,2010-04-01,0,Overnight,0.0,False,41.44,41.44,-41.44,False,0.0,False
2010-04-01,2010-04-05,3,Long,72.0,False,22.81,22.81,70.19,False,0.0,False
2010-04-05,2010-04-06,0,Overnight,0.0,False,-22.65,-22.65,51.41,False,0.0,False
2010-04-06,2010-04-07,0,Overnight,0.0,False,-14.37,-14.37,-10.28,False,0.0,False
2010-04-07,2010-04-08,0,Overnight,0.0,False,-28.83,-28.83,51.42,False,0.0,False
2010-04-08,2010-04-09,0,Overnight,0.0,False,2.05,2.05,57.27,False,0.0,False
2010-04-09,2010-04-12,2,Weekend,48.0,False,4.08,4.08,4.08,False,0.0,False
2010-04-12,2010-04-13,0,Overnight,0.0,False,-10.19,-10.19,61.01,False,0.0,False
2010-04-13,2010-04-14,0,Overnight,0.0,False,52.58,52.58,66.34,False,0.0,False
2010-04-14,2010-04-15,0,Overnight,0.0,False,-8.02,-8.02,52.0,False,0.0,False
2010-04-15,2010-04-16,0,Overnight,0.0,False,-35.97,-35.97,-84.44,False,0.0,False
2010-04-16,2010-04-19,2,Weekend,48.0,False,-36.41,-36.41,30.35,False,0.0,False
2010-04-19,2010-04-20,0,Overnight,0.0,False,54.4,54.4,-4.02,False,0.0,False
2010-04-20,2010-04-21,0,Overnight,0.0,False,68.11,68.11,-11.99,False,0.0,False
2010-04-21,2010-04-22,0,Overnight,0.0,False,-96.41,-96.41,152.22,False,0.0,False
2010-04-22,2010-04-23,0,Overnight,0.0,False,-1.99,-1.99,43.64,False,0.0,False
2010-04-23,2010-04-26,2,Weekend,48.0,False,9.89,9.89,-31.69,False,0.0,False
2010-04-26,2010-04-27,0,Overnight,0.0,False,-39.75,-39.75,-174.79,False,0.0,False
2010-04-27,2010-04-28,0,Overnight,0.0,False,52.56,52.56,-46.48,False,0.0,False
2010-04-28,2010-04-29,0,Overnight,0.0,False,56.55,56.55,116.14,False,0.0,False
2010-04-29,2010-04-30,0,Overnight,0.0,False,-3.98,-3.98,-195.08,False,0.0,False
2010-04-30,2010-05-03,2,Weekend,48.0,False,42.56,42.56,96.6,False,0.0,False
2010-05-03,2010-05-04,0,Overnight,0.0,False,-122.92,-122.92,-182.1,False,0.0,False
2010-05-04,2010-05-05,0,Overnight,0.0,False,-105.87,-105.87,54.11,False,0.0,False
2010-05-05,2010-05-06,0,Overnight,0.0,False,-68.73,-68.73,-271.15,False,0.0,False
2010-05-06,2010-05-07,0,Overnight,0.0,False,-75.44,-75.44,-176.8,False,0.0,False
2010-05-07,2010-05-10,2,Weekend,48.0,False,435.23,435.23,71.43,False,0.0,False
2010-05-10,2010-05-11,0,Overnight,0.0,False,-100.99,-100.99,90.52,False,0.0,False
2010-05-11,2010-05-12,0,Overnight,0.0,False,54.34,54.34,132.51,False,0.0,False
2010-05-12,2010-05-13,0,Overnight,0.0,False,-43.29,-43.29,-116.35,False,0.0,False
2010-05-13,2010-05-14,0,Overnight,0.0,False,-75.52,-75.52,-118.62,False,0.0,False
2010-05-14,2010-05-17,2,Weekend,48.0,False,19.16,19.16,12.75,False,0.0,False
2010-05-17,2010-05-18,0,Overnight,0.0,False,84.6,84.6,-223.63,False,0.0,False
2010-05-18,2010-05-19,0,Overnight,0.0,False,-36.68,-36.68,-43.33,False,0.0,False
2010-05-19,2010-05-20,0,Overnight,0.0,False,-197.33,-197.33,-180.99,False,0.0,False
2010-05-20,2010-05-21,0,Overnight,0.0,False,-156.8,-156.8,266.68,False,0.0,False
2010-05-21,2010-05-24,2,Weekend,48.0,False,-4.46,-4.46,-35.76,False,0.0,False
2010-05-24,2010-05-25,0,Overnight,0.0,False,-221.88,-221.88,230.83,False,0.0,False
2010-05-25,2010-05-26,0,Overnight,0.0,False,69.11,69.11,-181.6,False,0.0,False
2010-05-26,2010-05-27,0,Overnight,0.0,False,223.72,223.72,147.14,False,0.0,False
2010-05-27,2010-05-28,0,Overnight,0.0,False,17.43,17.43,-76.46,False,0.0,False
2010-05-28,2010-06-01,3,Long,72.0,False,-37.35,-37.35,-55.18,False,0.0,False
2010-06-01,2010-06-02,0,Overnight,0.0,False,57.38,57.38,176.69,False,0.0,False
2010-06-02,2010-06-03,0,Overnight,0.0,False,28.07,28.07,66.62,False,0.0,False
2010-06-03,2010-06-04,0,Overnight,0.0,False,-214.32,-214.32,-134.38,False,0.0,False
2010-06-04,2010-06-07,2,Weekend,48.0,False,50.88,50.88,-234.41,False,0.0,False
2010-06-07,2010-06-08,0,Overnight,0.0,False,18.05,18.05,-36.14,False,0.0,False
2010-06-08,2010-06-09,0,Overnight,0.0,False,69.91,69.91,-153.99,False,0.0,False
2010-06-09,2010-06-10,0,Overnight,0.0,False,122.48,122.48,158.79,False,0.0,False
2010-06-10,2010-06-11,0,Overnight,0.0,False,-102.59,-102.59,197.54,False,0.0,False
2010-06-11,2010-06-14,2,Weekend,48.0,False,91.88,91.88,-94.08,False,0.0,False
2010-06-14,2010-06-15,0,Overnight,0.0,False,52.62,52.62,212.04,False,0.0,False
2010-06-15,2010-06-16,0,Overnight,0.0,False,-27.87,-27.87,68.46,False,0.0,False
2010-06-16,2010-06-17,0,Overnight,0.0,False,55.28,55.28,-23.35,False,0.0,False
2010-06-17,2010-06-18,0,Overnight,0.0,False,0.0,18.9,-10.63,True,18.92,False
2010-06-18,2010-06-21,2,Weekend,48.0,False,126.85,126.85,-212.32,False,0.0,False
2010-06-21,2010-06-22,0,Overnight,0.0,False,42.83,42.83,-120.38,False,0.0,False
2010-06-22,2010-06-23,0,Overnight,0.0,False,10.81,10.81,-51.98,False,0.0,False
2010-06-23,2010-06-24,0,Overnight,0.0,False,-43.53,-43.53,-109.65,False,0.0,False
2010-06-24,2010-06-25,0,Overnight,0.0,False,35.22,54.76,-52.87,True,19.63,False
2010-06-25,2010-06-28,2,Weekend,48.0,False,0.0,0.0,-35.41,False,0.0,False
2010-06-28,2010-06-29,0,Overnight,0.0,False,-154.14,-154.14,-239.22,False,0.0,False
2010-06-29,2010-06-30,0,Overnight,0.0,False,-32.33,-32.33,-121.02,False,0.0,False
2010-06-30,2010-07-01,0,Overnight,0.0,False,30.39,30.39,-58.53,False,0.0,False
2010-07-01,2010-07-02,0,Overnight,0.0,False,16.42,16.42,-44.64,False,0.0,False
2010-07-02,2010-07-06,3,Long,72.0,False,147.25,147.25,-116.69,False,0.0,False
2010-07-06,2010-07-07,0,Overnight,0.0,False,32.81,32.81,281.45,False,0.0,False
2010-07-07,2010-07-08,0,Overnight,0.0,False,79.3,79.3,-24.86,False,0.0,False
2010-07-08,2010-07-09,0,Overnight,0.0,False,-4.53,-4.53,99.1,False,0.0,False
2010-07-09,2010-07-12,2,Weekend,48.0,False,-8.97,-8.97,38.06,False,0.0,False
2010-07-12,2010-07-13,0,Overnight,0.0,False,86.77,86.77,42.0,False,0.0,False
2010-07-13,2010-07-14,0,Overnight,0.0,False,19.83,19.83,30.78,False,0.0,False
2010-07-14,2010-07-15,0,Overnight,0.0,False,-19.77,-19.77,28.55,False,0.0,False
2010-07-15,2010-07-16,0,Overnight,0.0,False,-35.15,-35.15,-245.06,False,0.0,False
2010-07-16,2010-07-19,2,Weekend,48.0,False,29.28,29.28,56.06,False,0.0,False
2010-07-19,2010-07-20,0,Overnight,0.0,False,-162.31,-162.31,282.34,False,0.0,False
2010-07-20,2010-07-21,0,Overnight,0.0,False,105.5,105.5,-243.43,False,0.0,False
2010-07-21,2010-07-22,0,Overnight,0.0,False,140.14,140.14,109.84,False,0.0,False
2010-07-22,2010-07-23,0,Overnight,0.0,False,-67.96,-67.96,131.12,False,0.0,False
2010-07-23,2010-07-26,2,Weekend,48.0,False,13.02,13.02,69.14,False,0.0,False
2010-07-26,2010-07-27,0,Overnight,0.0,False,42.97,42.97,-47.28,False,0.0,False
2010-07-27,2010-07-28,0,Overnight,0.0,False,-10.78,-10.78,-69.25,False,0.0,False
2010-07-28,2010-07-29,0,Overnight,0.0,False,58.46,58.46,-132.57,False,0.0,False
2010-07-29,2010-07-30,0,Overnight,0.0,False,-83.48,-83.48,105.33,False,0.0,False
2010-07-30,2010-08-02,2,Weekend,48.0,False,125.81,125.81,60.18,False,0.0,False
2010-08-02,2010-08-03,0,Overnight,0.0,False,-6.43,-6.43,-36.52,False,0.0,False
2010-08-03,2010-08-04,0,Overnight,0.0,False,45.09,45.09,55.54,False,0.0,False
2010-08-04,2010-08-05,0,Overnight,0.0,False,-49.12,-49.12,25.66,False,0.0,False
2010-08-05,2010-08-06,0,Overnight,0.0,False,-109.5,-109.5,94.54,False,0.0,False
2010-08-06,2010-08-09,2,Weekend,48.0,False,51.2,51.2,17.01,False,0.0,False
2010-08-09,2010-08-10,0,Overnight,0.0,False,-81.04,-81.04,-6.43,False,0.0,False
2010-08-10,2010-08-11,0,Overnight,0.0,False,-166.36,-166.36,-109.53,False,0.0,False
2010-08-11,2010-08-12,0,Overnight,0.0,False,-193.49,-193.49,113.88,False,0.0,False
2010-08-12,2010-08-13,0,Overnight,0.0,False,-37.82,-37.82,-33.49,False,0.0,False
2010-08-13,2010-08-16,2,Weekend,48.0,False,-49.32,-49.32,67.19,False,0.0,False
2010-08-16,2010-08-17,0,Overnight,0.0,False,71.17,71.17,55.25,False,0.0,False
2010-08-17,2010-08-18,0,Overnight,0.0,False,-19.86,-19.86,59.45,False,0.0,False
2010-08-18,2010-08-19,0,Overnight,0.0,False,-59.45,-59.45,-93.19,False,0.0,False
2010-08-19,2010-08-20,0,Overnight,0.0,False,-15.62,-15.62,28.98,False,0.0,False
2010-08-20,2010-08-23,2,Weekend,48.0,False,62.14,62.14,-160.57,False,0.0,False
2010-08-23,2010-08-24,0,Overnight,0.0,False,-115.32,-115.32,-73.04,False,0.0,False
2010-08-24,2010-08-25,0,Overnight,0.0,False,-71.27,-71.27,167.03,False,0.0,False
2010-08-25,2010-08-26,0,Overnight,0.0,False,33.98,33.98,-154.97,False,0.0,False
2010-08-26,2010-08-27,0,Overnight,0.0,False,73.23,73.23,47.77,False,0.0,False
2010-08-27,2010-08-30,2,Weekend,48.0,False,-47.77,-47.77,-57.16,False,0.0,False
2010-08-30,2010-08-31,0,Overnight,0.0,False,-52.88,-52.88,18.42,False,0.0,False
2010-08-31,2010-09-01,0,Overnight,0.0,False,146.19,146.19,148.55,False,0.0,False
2010-09-01,2010-09-02,0,Overnight,0.0,False,17.86,17.86,93.23,False,0.0,False
2010-09-02,2010-09-03,0,Overnight,0.0,False,109.87,109.87,54.48,False,0.0,False
2010-09-03,2010-09-07,3,Long,72.0,False,-41.38,-41.38,-26.22,False,0.0,False
2010-09-07,2010-09-08,0,Overnight,0.0,False,28.41,28.41,91.23,False,0.0,False
2010-09-08,2010-09-09,0,Overnight,0.0,False,88.26,88.26,-49.41,False,0.0,False
2010-09-09,2010-09-10,0,Overnight,0.0,False,10.76,10.76,25.78,False,0.0,False
2010-09-10,2010-09-13,2,Weekend,48.0,False,76.96,76.96,61.56,False,0.0,False
2010-09-13,2010-09-14,0,Overnight,0.0,False,-12.71,-12.71,54.95,False,0.0,False
2010-09-14,2010-09-15,0,Overnight,0.0,False,-25.32,-25.32,88.35,False,0.0,False
2010-09-15,2010-09-16,0,Overnight,0.0,False,-18.87,-18.87,58.58,False,0.0,False
2010-09-16,2010-09-17,0,Overnight,0.0,False,41.63,64.87,-31.21,True,23.36,False
2010-09-17,2010-09-20,2,Weekend,48.0,False,37.44,37.44,136.09,False,0.0,False
2010-09-20,2010-09-21,0,Overnight,0.0,False,6.14,6.14,-8.19,False,0.0,False
2010-09-21,2010-09-22,0,Overnight,0.0,False,-41.05,-41.05,14.39,False,0.0,False
2010-09-22,2010-09-23,0,Overnight,0.0,False,-65.94,-65.94,61.83,False,0.0,False
2010-09-23,2010-09-24,0,Overnight,0.0,False,112.37,112.37,89.0,False,0.0,False
2010-09-24,2010-09-27,2,Weekend,48.0,False,-6.04,-6.04,-48.48,False,0.0,False
2010-09-27,2010-09-28,0,Overnight,0.0,False,24.27,24.27,-28.32,False,0.0,False
2010-09-28,2010-09-29,0,Overnight,0.0,False,-14.19,-14.19,-2.03,False,0.0,False
2010-09-29,2010-09-30,0,Overnight,0.0,False,50.59,50.59,-95.33,False,0.0,False
2010-09-30,2010-10-01,0,Overnight,0.0,False,83.21,83.21,-95.44,False,0.0,False
2010-10-01,2010-10-04,2,Weekend,48.0,False,-28.61,-28.61,-80.12,False,0.0,False
2010-10-04,2010-10-05,0,Overnight,0.0,False,112.81,112.81,127.67,False,0.0,False
2010-10-05,2010-10-06,0,Overnight,0.0,False,-12.09,-12.09,-74.88,False,0.0,False
2010-10-06,2010-10-07,0,Overnight,0.0,False,56.71,56.71,-20.22,False,0.0,False
2010-10-07,2010-10-08,0,Overnight,0.0,False,4.05,4.05,64.53,False,0.0,False
2010-10-08,2010-10-11,2,Weekend,48.0,False,6.03,6.03,-2.01,False,0.0,False
2010-10-11,2010-10-12,0,Overnight,0.0,False,-16.09,-16.09,84.17,False,0.0,False
2010-10-12,2010-10-13,0,Overnight,0.0,False,63.66,63.66,17.83,False,0.0,False
2010-10-13,2010-10-14,0,Overnight,0.0,False,5.94,5.94,-25.75,False,0.0,False
2010-10-14,2010-10-15,0,Overnight,0.0,False,122.22,122.22,87.78,False,0.0,False
2010-10-15,2010-10-18,2,Weekend,48.0,False,1.94,1.94,-38.91,False,0.0,False
2010-10-18,2010-10-19,0,Overnight,0.0,False,-94.01,-94.01,0.0,False,0.0,False
2010-10-19,2010-10-20,0,Overnight,0.0,False,27.51,27.51,45.03,False,0.0,False
2010-10-20,2010-10-21,0,Overnight,0.0,False,62.32,62.32,-42.8,False,0.0,False
2010-10-21,2010-10-22,0,Overnight,0.0,False,1.95,1.95,66.06,False,0.0,False
2010-10-22,2010-10-25,2,Weekend,48.0,False,40.58,40.58,7.71,False,0.0,False
2010-10-25,2010-10-26,0,Overnight,0.0,False,-50.23,-50.23,77.18,False,0.0,False
2010-10-26,2010-10-27,0,Overnight,0.0,False,-52.03,-52.03,82.73,False,0.0,False
2010-10-27,2010-10-28,0,Overnight,0.0,False,42.07,42.07,-21.01,False,0.0,False
2010-10-28,2010-10-29,0,Overnight,0.0,False,0.0,0.0,-22.97,False,0.0,False
2010-10-29,2010-11-01,2,Weekend,48.0,False,36.35,36.35,-28.68,False,0.0,False
2010-11-01,2010-11-02,0,Overnight,0.0,False,82.01,82.01,24.66,False,0.0,False
2010-11-02,2010-11-03,0,Overnight,0.0,False,9.47,9.47,35.9,False,0.0,False
2010-11-03,2010-11-04,0,Overnight,0.0,False,108.8,108.8,13.05,False,0.0,False
2010-11-04,2010-11-05,0,Overnight,0.0,False,5.59,5.59,-5.59,False,0.0,False
2010-11-05,2010-11-08,2,Weekend,49.0,False,-16.78,-16.78,29.82,False,0.0,False
2010-11-08,2010-11-09,0,Overnight,0.0,False,39.0,39.0,-93.11,False,0.0,False
2010-11-09,2010-11-10,0,Overnight,0.0,False,13.09,13.09,37.3,False,0.0,False
2010-11-10,2010-11-11,0,Overnight,0.0,False,-151.93,-151.93,88.44,False,0.0,False
2010-11-11,2010-11-12,0,Overnight,0.0,False,-52.59,-52.59,-111.73,False,0.0,False
2010-11-12,2010-11-15,2,Weekend,48.0,False,51.29,51.29,-89.45,False,0.0,False
2010-11-15,2010-11-16,0,Overnight,0.0,False,-70.98,-70.98,-94.79,False,0.0,False
2010-11-16,2010-11-17,0,Overnight,0.0,False,5.83,5.83,23.28,False,0.0,False
2010-11-17,2010-11-18,0,Overnight,0.0,False,107.94,107.94,51.63,False,0.0,False
2010-11-18,2010-11-19,0,Overnight,0.0,False,-13.36,-13.36,20.99,False,0.0,False
2010-11-19,2010-11-22,2,Weekend,48.0,False,-40.1,-40.1,123.61,False,0.0,False
2010-11-22,2010-11-23,0,Overnight,0.0,False,-102.58,-102.58,-57.45,False,0.0,False
2010-11-23,2010-11-24,0,Overnight,0.0,False,97.47,97.47,102.18,False,0.0,False
2010-11-24,2010-11-26,1,Short,24.0,False,-64.21,-64.21,-1.89,False,0.0,False
2010-11-26,2010-11-29,2,Weekend,48.0,True,-13.27,-13.27,5.69,False,0.0,False
2010-11-29,2010-11-30,0,Overnight,0.0,False,-104.85,-104.85,-17.26,False,0.0,False
2010-11-30,2010-12-01,0,Overnight,0.0,False,146.74,146.74,62.23,False,0.0,False
2010-12-01,2010-12-02,0,Overnight,0.0,False,15.03,15.03,85.98,False,0.0,False
2010-12-02,2010-12-03,0,Overnight,0.0,False,-42.9,-42.9,68.92,False,0.0,False
2010-12-03,2010-12-06,2,Weekend,48.0,False,1.86,1.86,-5.57,False,0.0,False
2010-12-06,2010-12-07,0,Overnight,0.0,False,119.98,119.98,-114.41,False,0.0,False
2010-12-07,2010-12-08,0,Overnight,0.0,False,25.95,25.95,11.1,False,0.0,False
2010-12-08,2010-12-09,0,Overnight,0.0,False,60.83,60.83,-51.59,False,0.0,False
2010-12-09,2010-12-10,0,Overnight,0.0,False,29.51,29.51,36.77,False,0.0,False
2010-12-10,2010-12-13,2,Weekend,48.0,False,38.46,38.46,-73.4,False,0.0,False
2010-12-13,2010-12-14,0,Overnight,0.0,False,25.75,25.75,-7.35,False,0.0,False
2010-12-14,2010-12-15,0,Overnight,0.0,False,-5.52,-5.52,-38.7,False,0.0,False
2010-12-15,2010-12-16,0,Overnight,0.0,False,9.23,9.23,68.02,False,0.0,False
2010-12-16,2010-12-17,0,Overnight,0.0,False,-7.33,12.45,-3.67,True,19.79,False
2010-12-17,2010-12-20,2,Weekend,48.0,False,18.32,18.32,-10.99,False,0.0,False
2010-12-20,2010-12-21,0,Overnight,0.0,False,38.42,38.42,21.89,False,0.0,False
2010-12-21,2010-12-22,0,Overnight,0.0,False,-3.64,-3.64,1.82,False,0.0,False
2010-12-22,2010-12-23,0,Overnight,0.0,False,-18.24,-18.24,-7.3,False,0.0,False
2010-12-23,2010-12-27,3,Long,72.0,False,-29.27,-29.27,34.75,False,0.0,False
2010-12-27,2010-12-28,0,Overnight,0.0,False,20.06,20.06,-38.34,False,0.0,False
2010-12-28,2010-12-29,0,Overnight,0.0,False,27.4,27.4,-5.47,False,0.0,False
2010-12-29,2010-12-30,0,Overnight,0.0,False,0.0,0.0,-23.76,False,0.0,False
2010-12-30,2010-12-31,0,Overnight,0.0,False,-12.81,-12.81,-23.84,False,0.0,False
2010-12-31,2011-01-03,2,Weekend,48.0,False,93.21,93.21,61.66,False,0.0,False
2011-01-03,2011-01-04,0,Overnight,0.0,False,36.09,36.09,-43.33,False,0.0,False
2011-01-04,2011-01-05,0,Overnight,0.0,False,-30.81,-30.81,115.48,False,0.0,False
2011-01-05,2011-01-06,0,Overnight,0.0,False,10.76,10.76,21.48,False,0.0,False
2011-01-06,2011-01-07,0,Overnight,0.0,False,17.87,17.87,-26.81,False,0.0,False
2011-01-07,2011-01-10,2,Weekend,48.0,False,-21.5,-21.5,59.02,False,0.0,False
2011-01-10,2011-01-11,0,Overnight,0.0,False,40.93,40.93,-26.67,False,0.0,False
2011-01-11,2011-01-12,0,Overnight,0.0,False,47.96,47.96,23.01,False,0.0,False
2011-01-12,2011-01-13,0,Overnight,0.0,False,7.07,7.07,-3.53,False,0.0,False
2011-01-13,2011-01-14,0,Overnight,0.0,False,3.53,3.53,70.42,False,0.0,False
2011-01-14,2011-01-18,3,Long,72.0,False,-75.72,-75.72,103.76,False,0.0,False
2011-01-18,2011-01-19,0,Overnight,0.0,False,17.48,17.48,-131.85,False,0.0,False
2011-01-19,2011-01-20,0,Overnight,0.0,False,-42.56,-42.56,-28.47,False,0.0,False
2011-01-20,2011-01-21,0,Overnight,0.0,False,49.78,49.78,-126.71,False,0.0,False
2011-01-21,2011-01-24,2,Weekend,48.0,False,19.74,19.74,117.61,False,0.0,False
2011-01-24,2011-01-25,0,Overnight,0.0,False,-49.73,-49.73,63.89,False,0.0,False
2011-01-25,2011-01-26,0,Overnight,0.0,False,14.14,14.14,38.79,False,0.0,False
2011-01-26,2011-01-27,0,Overnight,0.0,False,31.62,31.62,29.78,False,0.0,False
2011-01-27,2011-01-28,0,Overnight,0.0,False,-1.75,-1.75,-255.11,False,0.0,False
2011-01-28,2011-01-31,2,Weekend,48.0,False,14.34,14.34,33.99,False,0.0,False
2011-01-31,2011-02-01,0,Overnight,0.0,False,74.72,74.72,111.04,False,0.0,False
2011-02-01,2011-02-02,0,Overnight,0.0,False,-21.06,-21.06,5.27,False,0.0,False
2011-02-02,2011-02-03,0,Overnight,0.0,False,-19.33,-19.33,36.87,False,0.0,False
2011-02-03,2011-02-04,0,Overnight,0.0,False,-1.75,-1.75,57.68,False,0.0,False
2011-02-04,2011-02-07,2,Weekend,48.0,False,19.15,19.15,27.79,False,0.0,False
2011-02-07,2011-02-08,0,Overnight,0.0,False,3.47,3.47,62.23,False,0.0,False
2011-02-08,2011-02-09,0,Overnight,0.0,False,-15.52,-15.52,-1.73,False,0.0,False
2011-02-09,2011-02-10,0,Overnight,0.0,False,-65.81,-65.81,81.34,False,0.0,False
2011-02-10,2011-02-11,0,Overnight,0.0,False,-29.34,-29.34,101.47,False,0.0,False
2011-02-11,2011-02-14,2,Weekend,48.0,False,0.0,0.0,23.93,False,0.0,False
2011-02-14,2011-02-15,0,Overnight,0.0,False,-23.93,-23.93,10.26,False,0.0,False
2011-02-15,2011-02-16,0,Overnight,0.0,False,25.61,25.61,39.14,False,0.0,False
2011-02-16,2011-02-17,0,Overnight,0.0,False,-49.37,-49.37,45.98,False,0.0,False
2011-02-17,2011-02-18,0,Overnight,0.0,False,0.0,0.0,-22.11,False,0.0,False
2011-02-18,2011-02-22,3,Long,72.0,False,-137.15,-137.15,-156.58,False,0.0,False
2011-02-22,2011-02-23,0,Overnight,0.0,False,0.0,0.0,-82.75,False,0.0,False
2011-02-23,2011-02-24,0,Overnight,0.0,False,21.19,21.19,31.71,False,0.0,False
2011-02-24,2011-02-25,0,Overnight,0.0,False,56.12,56.12,81.86,False,0.0,False
2011-02-25,2011-02-28,2,Weekend,48.0,False,39.82,39.82,-19.02,False,0.0,False
2011-02-28,2011-03-01,0,Overnight,0.0,False,43.18,43.18,-205.47,False,0.0,False
2011-03-01,2011-03-02,0,Overnight,0.0,False,-5.28,-5.28,57.92,False,0.0,False
2011-03-02,2011-03-03,0,Overnight,0.0,False,92.33,92.33,103.5,False,0.0,False
2011-03-03,2011-03-04,0,Overnight,0.0,False,-3.43,-3.43,-48.18,False,0.0,False
2011-03-04,2011-03-07,2,Weekend,48.0,False,41.31,41.31,-176.78,False,0.0,False
2011-03-07,2011-03-08,0,Overnight,0.0,False,-12.25,-12.25,52.38,False,0.0,False
2011-03-08,2011-03-09,0,Overnight,0.0,False,-36.64,-36.64,-31.51,False,0.0,False
2011-03-09,2011-03-10,0,Overnight,0.0,False,-112.86,-112.86,-44.43,False,0.0,False
2011-03-10,2011-03-11,0,Overnight,0.0,False,-57.16,-57.16,119.31,False,0.0,False
2011-03-11,2011-03-14,2,Weekend,47.0,False,-55.03,-55.03,19.56,False,0.0,False
2011-03-14,2011-03-15,0,Overnight,0.0,False,-297.51,-297.51,154.37,False,0.0,False
2011-03-15,2011-03-16,0,Overnight,0.0,False,-83.24,-83.24,-161.2,False,0.0,False
2011-03-16,2011-03-17,0,Overnight,0.0,False,157.57,157.57,-65.66,False,0.0,False
2011-03-17,2011-03-18,0,Overnight,0.0,False,103.76,117.69,-140.42,True,14.09,False
2011-03-18,2011-03-21,2,Weekend,48.0,False,151.28,151.28,39.72,False,0.0,False
2011-03-21,2011-03-22,0,Overnight,0.0,False,14.4,14.4,-32.44,False,0.0,False
2011-03-22,2011-03-23,0,Overnight,0.0,False,-36.17,-36.17,91.97,False,0.0,False
2011-03-23,2011-03-24,0,Overnight,0.0,False,75.11,75.11,101.04,False,0.0,False
2011-03-24,2011-03-25,0,Overnight,0.0,False,31.7,31.7,-7.03,False,0.0,False
2011-03-25,2011-03-28,2,Weekend,48.0,False,43.89,43.89,-98.58,False,0.0,False
2011-03-28,2011-03-29,0,Overnight,0.0,False,-23.02,-23.02,119.85,False,0.0,False
2011-03-29,2011-03-30,0,Overnight,0.0,False,48.93,48.93,-1.74,False,0.0,False
2011-03-30,2011-03-31,0,Overnight,0.0,False,-17.45,-17.45,31.39,False,0.0,False
2011-03-31,2011-04-01,0,Overnight,0.0,False,50.37,50.37,-45.15,False,0.0,False
2011-04-01,2011-04-04,2,Weekend,48.0,False,27.81,27.81,-60.93,False,0.0,False
2011-04-04,2011-04-05,0,Overnight,0.0,False,-19.23,-19.23,-7.0,False,0.0,False
2011-04-05,2011-04-06,0,Overnight,0.0,False,76.74,76.74,-52.26,False,0.0,False
2011-04-06,2011-04-07,0,Overnight,0.0,False,-3.49,-3.49,-3.49,False,0.0,False
2011-04-07,2011-04-08,0,Overnight,0.0,False,45.34,45.34,-92.63,False,0.0,False
2011-04-08,2011-04-11,2,Weekend,48.0,False,38.56,38.56,-71.97,False,0.0,False
2011-04-11,2011-04-12,0,Overnight,0.0,False,-45.91,-45.91,-23.04,False,0.0,False
2011-04-12,2011-04-13,0,Overnight,0.0,False,74.23,74.23,10.56,False,0.0,False
2011-04-13,2011-04-14,0,Overnight,0.0,False,-68.84,-68.84,51.23,False,0.0,False
2011-04-14,2011-04-15,0,Overnight,0.0,False,-38.84,-38.84,21.21,False,0.0,False
2011-04-15,2011-04-18,2,Weekend,48.0,False,-101.13,-101.13,30.27,False,0.0,False
2011-04-18,2011-04-19,0,Overnight,0.0,False,26.63,26.63,35.4,False,0.0,False
2011-04-19,2011-04-20,0,Overnight,0.0,False,175.14,175.14,48.49,False,0.0,False
2011-04-20,2011-04-21,0,Overnight,0.0,False,96.29,96.29,-17.13,False,0.0,False
2011-04-21,2011-04-25,3,Long,72.0,False,8.57,8.57,17.11,False,0.0,False
2011-04-25,2011-04-26,0,Overnight,0.0,False,25.61,25.61,30.65,False,0.0,False
2011-04-26,2011-04-27,0,Overnight,0.0,False,18.68,18.68,49.09,False,0.0,False
2011-04-27,2011-04-28,0,Overnight,0.0,False,-30.44,-30.44,15.23,False,0.0,False
2011-04-28,2011-04-29,0,Overnight,0.0,False,-18.62,-18.62,10.16,False,0.0,False
2011-04-29,2011-05-02,2,Weekend,48.0,False,15.22,15.22,-33.86,False,0.0,False
2011-05-02,2011-05-03,0,Overnight,0.0,False,-5.09,-5.09,-42.51,False,0.0,False
2011-05-03,2011-05-04,0,Overnight,0.0,False,5.11,5.11,-20.46,False,0.0,False
2011-05-04,2011-05-05,0,Overnight,0.0,False,-49.61,-49.61,-5.15,False,0.0,False
2011-05-05,2011-05-06,0,Overnight,0.0,False,99.03,99.03,-66.48,False,0.0,False
2011-05-06,2011-05-09,2,Weekend,48.0,False,17.09,17.09,20.47,False,0.0,False
2011-05-09,2011-05-10,0,Overnight,0.0,False,28.92,28.92,55.91,False,0.0,False
2011-05-10,2011-05-11,0,Overnight,0.0,False,-15.22,-15.22,-57.7,False,0.0,False
2011-05-11,2011-05-12,0,Overnight,0.0,False,-30.68,-30.68,90.07,False,0.0,False
2011-05-12,2011-05-13,0,Overnight,0.0,False,-23.71,-23.71,-95.42,False,0.0,False
2011-05-13,2011-05-16,2,Weekend,48.0,False,-46.33,-46.33,-128.1,False,0.0,False
2011-05-16,2011-05-17,0,Overnight,0.0,False,-52.4,-52.4,80.24,False,0.0,False
2011-05-17,2011-05-18,0,Overnight,0.0,False,-13.91,-13.91,96.95,False,0.0,False
2011-05-18,2011-05-19,0,Overnight,0.0,False,30.97,30.97,-1.72,False,0.0,False
2011-05-19,2011-05-20,0,Overnight,0.0,False,-10.31,-10.31,-65.56,False,0.0,False
2011-05-20,2011-05-23,2,Weekend,48.0,False,-137.69,-137.69,-10.54,False,0.0,False
2011-05-23,2011-05-24,0,Overnight,0.0,False,24.57,24.57,-86.25,False,0.0,False
2011-05-24,2011-05-25,0,Overnight,0.0,False,-12.38,-12.38,51.2,False,0.0,False
2011-05-25,2011-05-26,0,Overnight,0.0,False,-29.98,-29.98,91.42,False,0.0,False
2011-05-26,2011-05-27,0,Overnight,0.0,False,17.49,17.49,33.14,False,0.0,False
2011-05-27,2011-05-31,3,Long,72.0,False,93.59,93.59,67.05,False,0.0,False
2011-05-31,2011-06-01,0,Overnight,0.0,False,-24.02,-24.02,-196.0,False,0.0,False
2011-06-01,2011-06-02,0,Overnight,0.0,False,19.25,19.25,1.75,False,0.0,False
2011-06-02,2011-06-03,0,Overnight,0.0,False,-116.04,-116.04,-35.43,False,0.0,False
2011-06-03,2011-06-06,2,Weekend,48.0,False,-23.1,-23.1,-58.87,False,0.0,False
2011-06-06,2011-06-07,0,Overnight,0.0,False,26.8,26.8,-44.71,False,0.0,False
2011-06-07,2011-06-08,0,Overnight,0.0,False,-21.53,-21.53,-50.42,False,0.0,False
2011-06-08,2011-06-09,0,Overnight,0.0,False,3.61,3.61,14.43,False,0.0,False
2011-06-09,2011-06-10,0,Overnight,0.0,False,-46.97,-46.97,-107.4,False,0.0,False
2011-06-10,2011-06-13,2,Weekend,48.0,False,5.49,5.49,-5.49,False,0.0,False
2011-06-13,2011-06-14,0,Overnight,0.0,False,76.57,76.57,50.72,False,0.0,False
2011-06-14,2011-06-15,0,Overnight,0.0,False,-96.23,-96.23,-95.33,False,0.0,False
2011-06-15,2011-06-16,0,Overnight,0.0,False,5.52,5.52,-44.28,False,0.0,False
2011-06-16,2011-06-17,0,Overnight,0.0,False,59.0,81.22,-112.77,True,22.37,False
2011-06-17,2011-06-20,2,Weekend,48.0,False,-27.93,-27.93,79.84,False,0.0,False
2011-06-20,2011-06-21,0,Overnight,0.0,False,35.08,35.08,177.19,False,0.0,False
2011-06-21,2011-06-22,0,Overnight,0.0,False,-41.73,-41.73,-30.96,False,0.0,False
2011-06-22,2011-06-23,0,Overnight,0.0,False,-108.19,-108.19,200.77,False,0.0,False
2011-06-23,2011-06-24,0,Overnight,0.0,False,-47.09,-47.09,-127.9,False,0.0,False
2011-06-24,2011-06-27,2,Weekend,48.0,False,11.03,11.03,147.69,False,0.0,False
2011-06-27,2011-06-28,0,Overnight,0.0,False,21.7,21.7,125.63,False,0.0,False
2011-06-28,2011-06-29,0,Overnight,0.0,False,23.16,23.16,17.78,False,0.0,False
2011-06-29,2011-06-30,0,Overnight,0.0,False,35.46,35.46,96.87,False,0.0,False
2011-06-30,2011-07-01,0,Overnight,0.0,False,5.26,5.26,144.36,False,0.0,False
2011-07-01,2011-07-05,3,Long,72.0,False,10.36,10.36,39.6,False,0.0,False
2011-07-05,2011-07-06,0,Overnight,0.0,False,-12.03,-12.03,44.63,False,0.0,False
2011-07-06,2011-07-07,0,Overnight,0.0,False,75.07,75.07,61.01,False,0.0,False
2011-07-07,2011-07-08,0,Overnight,0.0,False,-86.54,-86.54,59.47,False,0.0,False
2011-07-08,2011-07-11,2,Weekend,48.0,False,-105.59,-105.59,-77.34,False,0.0,False
2011-07-11,2011-07-12,0,Overnight,0.0,False,-1.73,-1.73,-74.48,False,0.0,False
2011-07-12,2011-07-13,0,Overnight,0.0,False,72.75,72.75,-31.12,False,0.0,False
2011-07-13,2011-07-14,0,Overnight,0.0,False,25.94,25.94,-142.61,False,0.0,False
2011-07-14,2011-07-15,0,Overnight,0.0,False,111.48,111.48,20.76,False,0.0,False
2011-07-15,2011-07-18,2,Weekend,48.0,False,-55.47,-55.47,1.74,False,0.0,False
2011-07-18,2011-07-19,0,Overnight,0.0,False,95.13,95.13,129.98,False,0.0,False
2011-07-19,2011-07-20,0,Overnight,0.0,False,55.92,55.92,-98.49,False,0.0,False
2011-07-20,2011-07-21,0,Overnight,0.0,False,10.23,10.23,56.1,False,0.0,False
2011-07-21,2011-07-22,0,Overnight,0.0,False,-5.09,-5.09,107.96,False,0.0,False
2011-07-22,2011-07-25,2,Weekend,48.0,False,-79.17,-79.17,59.02,False,0.0,False
2011-07-25,2011-07-26,0,Overnight,0.0,False,-6.73,-6.73,31.91,False,0.0,False
2011-07-26,2011-07-27,0,Overnight,0.0,False,-65.62,-65.62,-196.03,False,0.0,False
2011-07-27,2011-07-28,0,Overnight,0.0,False,5.16,5.16,12.04,False,0.0,False
2011-07-28,2011-07-29,0,Overnight,0.0,False,-81.1,-81.1,48.39,False,0.0,False
2011-07-29,2011-08-01,2,Weekend,48.0,False,119.97,119.97,-166.63,False,0.0,False
2011-08-01,2011-08-02,0,Overnight,0.0,False,-46.88,-46.88,-209.28,False,0.0,False
2011-08-02,2011-08-03,0,Overnight,0.0,False,12.43,12.43,83.08,False,0.0,False
2011-08-03,2011-08-04,0,Overnight,0.0,False,-143.61,-143.61,-332.24,False,0.0,False
2011-08-04,2011-08-05,0,Overnight,0.0,False,101.02,101.02,-163.98,False,0.0,False
2011-08-05,2011-08-08,2,Weekend,48.0,False,-311.32,-311.32,-309.45,False,0.0,False
2011-08-08,2011-08-09,0,Overnight,0.0,False,149.11,149.11,321.93,False,0.0,False
2011-08-09,2011-08-10,0,Overnight,0.0,False,-228.89,-228.89,-188.92,False,0.0,False
2011-08-10,2011-08-11,0,Overnight,0.0,False,142.51,142.51,288.49,False,0.0,False
2011-08-11,2011-08-12,0,Overnight,0.0,False,61.95,61.95,26.17,False,0.0,False
2011-08-12,2011-08-15,2,Weekend,48.0,False,40.98,40.98,105.41,False,0.0,False
2011-08-15,2011-08-16,0,Overnight,0.0,False,-97.98,-97.98,13.0,False,0.0,False
2011-08-16,2011-08-17,0,Overnight,0.0,False,12.98,12.98,-72.52,False,0.0,False
2011-08-17,2011-08-18,0,Overnight,0.0,False,-274.35,-274.35,-228.96,False,0.0,False
2011-08-18,2011-08-19,0,Overnight,0.0,False,-104.57,-104.57,-77.65,False,0.0,False
2011-08-19,2011-08-22,2,Weekend,48.0,False,237.02,237.02,-201.11,False,0.0,False
2011-08-22,2011-08-23,0,Overnight,0.0,False,67.49,67.49,336.51,False,0.0,False
2011-08-23,2011-08-24,0,Overnight,0.0,False,-28.73,-28.73,106.85,False,0.0,False
2011-08-24,2011-08-25,0,Overnight,0.0,False,-5.7,-5.7,-158.87,False,0.0,False
2011-08-25,2011-08-26,0,Overnight,0.0,False,-32.85,-32.85,280.58,False,0.0,False
2011-08-26,2011-08-29,2,Weekend,48.0,False,99.26,99.26,175.49,False,0.0,False
2011-08-29,2011-08-30,0,Overnight,0.0,False,-36.69,-36.69,102.4,False,0.0,False
2011-08-30,2011-08-31,0,Overnight,0.0,False,59.85,59.85,-43.49,False,0.0,False
2011-08-31,2011-09-01,0,Overnight,0.0,False,25.39,25.39,-116.62,False,0.0,False
2011-09-01,2011-09-02,0,Overnight,0.0,False,-181.25,-181.25,-56.15,False,0.0,False
2011-09-02,2011-09-06,3,Long,72.0,False,-235.48,-235.48,237.36,False,0.0,False
2011-09-06,2011-09-07,0,Overnight,0.0,False,141.61,141.61,108.57,False,0.0,False
2011-09-07,2011-09-08,0,Overnight,0.0,False,-51.38,-51.38,5.52,False,0.0,False
2011-09-08,2011-09-09,0,Overnight,0.0,False,-70.11,-70.11,-154.87,False,0.0,False
2011-09-09,2011-09-12,2,Weekend,48.0,False,-111.56,-111.56,238.62,False,0.0,False
2011-09-12,2011-09-13,0,Overnight,0.0,False,37.06,37.06,95.73,False,0.0,False
2011-09-13,2011-09-14,0,Overnight,0.0,False,51.17,51.17,90.73,False,0.0,False
2011-09-14,2011-09-15,0,Overnight,0.0,False,107.8,107.8,39.24,False,0.0,False
2011-09-15,2011-09-16,0,Overnight,0.0,False,3.56,22.05,69.16,True,18.51,False
2011-09-16,2011-09-19,2,Weekend,48.0,False,-124.47,-124.47,128.0,False,0.0,False
2011-09-19,2011-09-20,0,Overnight,0.0,False,51.1,51.1,-95.36,False,0.0,False
2011-09-20,2011-09-21,0,Overnight,0.0,False,51.32,51.32,-226.73,False,0.0,False
2011-09-21,2011-09-22,0,Overnight,0.0,False,-257.9,-257.9,-72.52,False,0.0,False
2011-09-22,2011-09-23,0,Overnight,0.0,False,-84.34,-84.34,190.16,False,0.0,False
2011-09-23,2011-09-26,2,Weekend,48.0,False,49.74,49.74,65.93,False,0.0,False
2011-09-26,2011-09-27,0,Overnight,0.0,False,168.35,168.35,-64.83,False,0.0,False
2011-09-27,2011-09-28,0,Overnight,0.0,False,43.27,43.27,-192.52,False,0.0,False
2011-09-28,2011-09-29,0,Overnight,0.0,False,151.06,151.06,-270.98,False,0.0,False
2011-09-29,2011-09-30,0,Overnight,0.0,False,-134.53,-134.53,-126.84,False,0.0,False
2011-09-30,2011-10-03,2,Weekend,48.0,False,-89.94,-89.94,-170.61,False,0.0,False
2011-10-03,2011-10-04,0,Overnight,0.0,False,-102.2,-102.2,305.44,False,0.0,False
2011-10-04,2011-10-05,0,Overnight,0.0,False,-24.94,-24.94,278.45,False,0.0,False
2011-10-05,2011-10-06,0,Overnight,0.0,False,-13.09,-13.09,179.82,False,0.0,False
2011-10-06,2011-10-07,0,Overnight,0.0,False,-5.51,-5.51,-60.85,False,0.0,False
2011-10-07,2011-10-10,2,Weekend,48.0,False,168.72,168.72,171.28,False,0.0,False
2011-10-10,2011-10-11,0,Overnight,0.0,False,-26.85,-26.85,94.55,False,0.0,False
2011-10-11,2011-10-12,0,Overnight,0.0,False,95.42,95.42,-45.83,False,0.0,False
2011-10-12,2011-10-13,0,Overnight,0.0,False,-19.45,-19.45,110.91,False,0.0,False
2011-10-13,2011-10-14,0,Overnight,0.0,False,121.8,121.8,62.07,False,0.0,False
2011-10-14,2011-10-17,2,Weekend,48.0,False,-46.52,-46.52,-109.39,False,0.0,False
2011-10-17,2011-10-18,0,Overnight,0.0,False,-15.72,-15.72,138.92,False,0.0,False
2011-10-18,2011-10-19,0,Overnight,0.0,False,-55.34,-55.34,-139.69,False,0.0,False
2011-10-19,2011-10-20,0,Overnight,0.0,False,-1.76,-1.76,-47.6,False,0.0,False
2011-10-20,2011-10-21,0,Overnight,0.0,False,105.47,105.47,19.22,False,0.0,False
2011-10-21,2011-10-24,2,Weekend,48.0,False,36.58,36.58,168.97,False,0.0,False
2011-10-24,2011-10-25,0,Overnight,0.0,False,-32.54,-32.54,-166.04,False,0.0,False
2011-10-25,2011-10-26,0,Overnight,0.0,False,55.65,55.65,-67.87,False,0.0,False
2011-10-26,2011-10-27,0,Overnight,0.0,False,236.4,236.4,35.75,False,0.0,False
2011-10-27,2011-10-28,0,Overnight,0.0,False,-56.23,-56.23,71.51,False,0.0,False
2011-10-28,2011-10-31,2,Weekend,48.0,False,-86.91,-86.91,-82.49,False,0.0,False
2011-10-31,2011-11-01,0,Overnight,0.0,False,-249.86,-249.86,-14.16,False,0.0,False
2011-11-01,2011-11-02,0,Overnight,0.0,False,103.99,103.99,-19.31,False,0.0,False
2011-11-02,2011-11-03,0,Overnight,0.0,False,78.75,78.75,126.44,False,0.0,False
2011-11-03,2011-11-04,0,Overnight,0.0,False,-48.31,-48.31,-3.46,False,0.0,False
2011-11-04,2011-11-07,2,Weekend,49.0,False,-6.92,-6.92,77.61,False,0.0,False
2011-11-07,2011-11-08,0,Overnight,0.0,False,71.89,71.89,42.55,False,0.0,False
2011-11-08,2011-11-09,0,Overnight,0.0,False,-195.51,-195.51,-162.38,False,0.0,False
2011-11-09,2011-11-10,0,Overnight,0.0,False,98.09,98.09,-103.37,False,0.0,False
2011-11-10,2011-11-11,0,Overnight,0.0,False,85.93,85.93,100.76,False,0.0,False
2011-11-11,2011-11-14,2,Weekend,48.0,False,-27.7,-27.7,-34.73,False,0.0,False
2011-11-14,2011-11-15,0,Overnight,0.0,False,-29.61,-29.61,140.32,False,0.0,False
2011-11-15,2011-11-16,0,Overnight,0.0,False,-72.51,-72.51,-94.01,False,0.0,False
2011-11-16,2011-11-17,0,Overnight,0.0,False,-26.27,-26.27,-210.91,False,0.0,False
2011-11-17,2011-11-18,0,Overnight,0.0,False,1.79,1.79,-79.11,False,0.0,False
2011-11-18,2011-11-21,2,Weekend,48.0,False,-136.3,-136.3,-56.89,False,0.0,False
2011-11-21,2011-11-22,0,Overnight,0.0,False,-25.8,-25.8,58.87,False,0.0,False
2011-11-22,2011-11-23,0,Overnight,0.0,False,-75.49,-75.49,-152.7,False,0.0,False
2011-11-23,2011-11-25,1,Short,24.0,False,-43.25,-43.25,-33.98,False,0.0,False
2011-11-25,2011-11-28,2,Weekend,48.0,True,241.02,241.02,101.02,False,0.0,False
2011-11-28,2011-11-29,0,Overnight,0.0,False,-5.48,-5.48,-56.84,False,0.0,False
2011-11-29,2011-11-30,0,Overnight,0.0,False,268.52,268.52,94.43,False,0.0,False
2011-11-30,2011-12-01,0,Overnight,0.0,False,-1.77,-1.77,70.7,False,0.0,False
2011-12-01,2011-12-02,0,Overnight,0.0,False,98.14,98.14,-126.36,False,0.0,False
2011-12-02,2011-12-05,2,Weekend,48.0,False,149.01,149.01,-40.1,False,0.0,False
2011-12-05,2011-12-06,0,Overnight,0.0,False,8.73,8.73,-36.72,False,0.0,False
2011-12-06,2011-12-07,0,Overnight,0.0,False,-28.07,-28.07,28.07,False,0.0,False
2011-12-07,2011-12-08,0,Overnight,0.0,False,-65.03,-65.03,-104.58,False,0.0,False
2011-12-08,2011-12-09,0,Overnight,0.0,False,24.92,24.92,134.18,False,0.0,False
2011-12-09,2011-12-12,2,Weekend,48.0,False,-105.78,-105.78,-7.09,False,0.0,False
2011-12-12,2011-12-13,0,Overnight,0.0,False,65.41,65.41,-175.99,False,0.0,False
2011-12-13,2011-12-14,0,Overnight,0.0,False,-37.73,-37.73,-119.52,False,0.0,False
2011-12-14,2011-12-15,0,Overnight,0.0,False,85.26,85.26,-112.63,False,0.0,False
2011-12-15,2011-12-16,0,Overnight,0.0,False,23.72,53.02,-1.82,True,29.41,False
2011-12-16,2011-12-19,2,Weekend,48.0,False,38.21,38.21,-137.13,False,0.0,False
2011-12-19,2011-12-20,0,Overnight,0.0,False,160.7,160.7,131.38,False,0.0,False
2011-12-20,2011-12-21,0,Overnight,0.0,False,-59.18,-59.18,-84.89,False,0.0,False
2011-12-21,2011-12-22,0,Overnight,0.0,False,21.74,21.74,63.15,False,0.0,False
2011-12-22,2011-12-23,0,Overnight,0.0,False,19.76,19.76,66.2,False,0.0,False
2011-12-23,2011-12-27,3,Long,72.0,False,-16.06,-7.31,44.55,True,8.74,False
2011-12-27,2011-12-28,0,Overnight,0.0,False,-12.46,-12.46,-103.79,False,0.0,False
2011-12-28,2011-12-29,0,Overnight,0.0,False,16.18,16.18,55.52,False,0.0,False
2011-12-29,2011-12-30,0,Overnight,0.0,False,-21.46,-21.46,-7.16,False,0.0,False
2011-12-30,2012-01-03,3,Long,72.0,False,191.6,191.6,-1.76,False,0.0,False
2012-01-03,2012-01-04,0,Overnight,0.0,False,-15.83,-15.83,57.92,False,0.0,False
2012-01-04,2012-01-05,0,Overnight,0.0,False,-21.02,-21.02,102.94,False,0.0,False
2012-01-05,2012-01-06,0,Overnight,0.0,False,1.74,1.74,32.92,False,0.0,False
2012-01-06,2012-01-09,2,Weekend,48.0,False,25.91,25.91,-58.83,False,0.0,False
2012-01-09,2012-01-10,0,Overnight,0.0,False,105.31,105.31,-32.68,False,0.0,False
2012-01-10,2012-01-11,0,Overnight,0.0,False,-1.72,-1.72,22.38,False,0.0,False
2012-01-11,2012-01-12,0,Overnight,0.0,False,22.33,22.33,17.14,False,0.0,False
2012-01-12,2012-01-13,0,Overnight,0.0,False,-53.23,-53.23,17.2,False,0.0,False
2012-01-13,2012-01-17,3,Long,72.0,False,87.28,87.28,3.41,False,0.0,False
2012-01-17,2012-01-18,0,Overnight,0.0,False,18.72,18.72,113.26,False,0.0,False
2012-01-18,2012-01-19,0,Overnight,0.0,False,45.28,45.28,16.72,False,0.0,False
2012-01-19,2012-01-20,0,Overnight,0.0,False,-43.53,-43.53,28.48,False,0.0,False
2012-01-20,2012-01-23,2,Weekend,48.0,False,1.67,1.67,1.67,False,0.0,False
2012-01-23,2012-01-24,0,Overnight,0.0,False,-45.26,-45.26,26.85,False,0.0,False
2012-01-24,2012-01-25,0,Overnight,0.0,False,96.72,96.72,28.17,False,0.0,False
2012-01-25,2012-01-26,0,Overnight,0.0,False,42.93,42.93,-77.74,False,0.0,False
2012-01-26,2012-01-27,0,Overnight,0.0,False,-21.61,-21.61,51.46,False,0.0,False
2012-01-27,2012-01-30,2,Weekend,48.0,False,-84.8,-84.8,93.07,False,0.0,False
2012-01-30,2012-01-31,0,Overnight,0.0,False,49.5,49.5,-36.28,False,0.0,False
2012-01-31,2012-02-01,0,Overnight,0.0,False,57.66,57.66,22.97,False,0.0,False
2012-02-01,2012-02-02,0,Overnight,0.0,False,32.72,32.72,-1.63,False,0.0,False
2012-02-02,2012-02-03,0,Overnight,0.0,False,92.69,92.69,43.61,False,0.0,False
2012-02-03,2012-02-06,2,Weekend,48.0,False,-37.14,-37.14,29.07,False,0.0,False
2012-02-06,2012-02-07,0,Overnight,0.0,False,-8.07,-8.07,29.01,False,0.0,False
2012-02-07,2012-02-08,0,Overnight,0.0,False,1.61,1.61,51.36,False,0.0,False
2012-02-08,2012-02-09,0,Overnight,0.0,False,38.35,38.35,33.44,False,0.0,False
2012-02-09,2012-02-10,0,Overnight,0.0,False,-71.79,-71.79,1.6,False,0.0,False
2012-02-10,2012-02-13,2,Weekend,48.0,False,74.95,74.95,17.46,False,0.0,False
2012-02-13,2012-02-14,0,Overnight,0.0,False,-22.23,-22.23,47.57,False,0.0,False
2012-02-14,2012-02-15,0,Overnight,0.0,False,47.35,47.35,-117.2,False,0.0,False
2012-02-15,2012-02-16,0,Overnight,0.0,False,3.19,3.19,132.89,False,0.0,False
2012-02-16,2012-02-17,0,Overnight,0.0,False,1.57,1.57,-33.05,False,0.0,False
2012-02-17,2012-02-21,3,Long,72.0,False,11.03,11.03,17.31,False,0.0,False
2012-02-21,2012-02-22,0,Overnight,0.0,False,-18.88,-18.88,-26.81,False,0.0,False
2012-02-22,2012-02-23,0,Overnight,0.0,False,12.63,12.63,53.48,False,0.0,False
2012-02-23,2012-02-24,0,Overnight,0.0,False,28.2,28.2,6.26,False,0.0,False
2012-02-24,2012-02-27,2,Weekend,48.0,False,-54.87,-54.87,68.93,False,0.0,False
2012-02-27,2012-02-28,0,Overnight,0.0,False,9.36,9.36,91.61,False,0.0,False
2012-02-28,2012-02-29,0,Overnight,0.0,False,7.73,7.73,-52.65,False,0.0,False
2012-02-29,2012-03-01,0,Overnight,0.0,False,37.19,37.19,41.68,False,0.0,False
2012-03-01,2012-03-02,0,Overnight,0.0,False,-13.87,-13.87,6.17,False,0.0,False
2012-03-02,2012-03-05,2,Weekend,48.0,False,-6.17,-6.17,-97.65,False,0.0,False
2012-03-05,2012-03-06,0,Overnight,0.0,False,-98.62,-98.62,0.0,False,0.0,False
2012-03-06,2012-03-07,0,Overnight,0.0,False,47.08,47.08,29.7,False,0.0,False
2012-03-07,2012-03-08,0,Overnight,0.0,False,59.14,59.14,47.99,False,0.0,False
2012-03-08,2012-03-09,0,Overnight,0.0,False,16.97,16.97,24.64,False,0.0,False
2012-03-09,2012-03-12,2,Weekend,47.0,False,-3.08,-3.08,7.69,False,0.0,False
2012-03-12,2012-03-13,0,Overnight,0.0,False,53.66,53.66,130.64,False,0.0,False
2012-03-13,2012-03-14,0,Overnight,0.0,False,10.56,10.56,24.09,False,0.0,False
2012-03-14,2012-03-15,0,Overnight,0.0,False,30.04,30.04,-1.5,False,0.0,False
2012-03-15,2012-03-16,0,Overnight,0.0,False,-1.5,15.43,-22.52,True,16.95,False
2012-03-16,2012-03-19,2,Weekend,48.0,False,16.52,16.52,53.88,False,0.0,False
2012-03-19,2012-03-20,0,Overnight,0.0,False,-52.38,-52.38,70.28,False,0.0,False
2012-03-20,2012-03-21,0,Overnight,0.0,False,1.49,1.49,0.0,False,0.0,False
2012-03-21,2012-03-22,0,Overnight,0.0,False,-59.77,-59.77,38.89,False,0.0,False
2012-03-22,2012-03-23,0,Overnight,0.0,False,11.94,11.94,-17.91,False,0.0,False
2012-03-23,2012-03-26,2,Weekend,48.0,False,67.0,67.0,106.27,False,0.0,False
2012-03-26,2012-03-27,0,Overnight,0.0,False,7.34,7.34,7.33,False,0.0,False
2012-03-27,2012-03-28,0,Overnight,0.0,False,5.86,5.86,-45.52,False,0.0,False
2012-03-28,2012-03-29,0,Overnight,0.0,False,-50.17,-50.17,11.83,False,0.0,False
2012-03-29,2012-03-30,0,Overnight,0.0,False,44.23,44.23,-63.45,False,0.0,False
2012-03-30,2012-04-02,2,Weekend,48.0,False,-10.37,-10.37,113.46,False,0.0,False
2012-04-02,2012-04-03,0,Overnight,0.0,False,8.79,8.79,-11.72,False,0.0,False
2012-04-03,2012-04-04,0,Overnight,0.0,False,-75.03,-75.03,-62.21,False,0.0,False
2012-04-04,2012-04-05,0,Overnight,0.0,False,-17.85,-17.85,80.06,False,0.0,False
2012-04-05,2012-04-09,3,Long,72.0,False,-124.82,-124.82,49.22,False,0.0,False
2012-04-09,2012-04-10,0,Overnight,0.0,False,-4.46,-4.46,-157.53,False,0.0,False
2012-04-10,2012-04-11,0,Overnight,0.0,False,87.32,87.32,-39.05,False,0.0,False
2012-04-11,2012-04-12,0,Overnight,0.0,False,19.55,19.55,94.18,False,0.0,False
2012-04-12,2012-04-13,0,Overnight,0.0,False,-34.28,-34.28,-118.65,False,0.0,False
2012-04-13,2012-04-16,2,Weekend,48.0,False,49.73,49.73,-162.16,False,0.0,False
2012-04-16,2012-04-17,0,Overnight,0.0,False,42.69,42.69,158.48,False,0.0,False
2012-04-17,2012-04-18,0,Overnight,0.0,False,-28.49,-28.49,3.0,False,0.0,False
2012-04-18,2012-04-19,0,Overnight,0.0,False,-36.1,-36.1,-77.14,False,0.0,False
2012-04-19,2012-04-20,0,Overnight,0.0,False,54.51,54.51,-81.88,False,0.0,False
2012-04-20,2012-04-23,2,Weekend,48.0,False,-94.85,-94.85,3.07,False,0.0,False
2012-04-23,2012-04-24,0,Overnight,0.0,False,-18.46,-18.46,-35.47,False,0.0,False
2012-04-24,2012-04-25,0,Overnight,0.0,False,204.9,204.9,57.35,False,0.0,False
2012-04-25,2012-04-26,0,Overnight,0.0,False,-1.5,-1.5,60.02,False,0.0,False
2012-04-26,2012-04-27,0,Overnight,0.0,False,41.8,41.8,17.86,False,0.0,False
2012-04-27,2012-04-30,2,Weekend,48.0,False,-29.79,-29.79,-41.85,False,0.0,False
2012-04-30,2012-05-01,0,Overnight,0.0,False,-10.49,-10.49,26.95,False,0.0,False
2012-05-01,2012-05-02,0,Overnight,0.0,False,-49.47,-49.47,77.84,False,0.0,False
2012-05-02,2012-05-03,0,Overnight,0.0,False,5.96,5.96,-112.4,False,0.0,False
2012-05-03,2012-05-04,0,Overnight,0.0,False,-92.36,-92.36,-159.46,False,0.0,False
2012-05-04,2012-05-07,2,Weekend,48.0,False,-60.46,-60.46,69.73,False,0.0,False
2012-05-07,2012-05-08,0,Overnight,0.0,False,-63.51,-63.51,26.38,False,0.0,False
2012-05-08,2012-05-09,0,Overnight,0.0,False,-116.92,-116.92,85.88,False,0.0,False
2012-05-09,2012-05-10,0,Overnight,0.0,False,44.99,44.99,-65.22,False,0.0,False
2012-05-10,2012-05-11,0,Overnight,0.0,False,-34.33,-34.33,32.77,False,0.0,False
2012-05-11,2012-05-14,2,Weekend,48.0,False,-86.07,-86.07,-7.86,False,0.0,False
2012-05-14,2012-05-15,0,Overnight,0.0,False,26.7,26.7,-59.79,False,0.0,False
2012-05-15,2012-05-16,0,Overnight,0.0,False,34.66,34.66,-102.74,False,0.0,False
2012-05-16,2012-05-17,0,Overnight,0.0,False,3.18,3.18,-216.75,False,0.0,False
2012-05-17,2012-05-18,0,Overnight,0.0,False,30.79,30.79,-161.49,False,0.0,False
2012-05-18,2012-05-21,2,Weekend,48.0,False,19.71,19.71,256.01,False,0.0,False
2012-05-21,2012-05-22,0,Overnight,0.0,False,28.75,28.75,-39.96,False,0.0,False
2012-05-22,2012-05-23,0,Overnight,0.0,False,-85.24,-85.24,104.44,False,0.0,False
2012-05-23,2012-05-24,0,Overnight,0.0,False,14.38,14.38,-80.13,False,0.0,False
2012-05-24,2012-05-25,0,Overnight,0.0,False,9.65,9.65,-22.53,False,0.0,False
2012-05-25,2012-05-29,3,Long,72.0,False,93.01,93.01,33.46,False,0.0,False
2012-05-29,2012-05-30,0,Overnight,0.0,False,-91.09,-91.09,6.42,False,0.0,False
2012-05-30,2012-05-31,0,Overnight,0.0,False,-12.84,-12.84,-30.57,False,0.0,False
2012-05-31,2012-06-01,0,Overnight,0.0,False,-182.12,-182.12,-87.35,False,0.0,False
2012-06-01,2012-06-04,2,Weekend,48.0,False,28.1,28.1,47.76,False,0.0,False
2012-06-04,2012-06-05,0,Overnight,0.0,False,-34.56,-34.56,75.55,False,0.0,False
2012-06-05,2012-06-06,0,Overnight,0.0,False,74.98,74.98,151.49,False,0.0,False
2012-06-06,2012-06-07,0,Overnight,0.0,False,105.01,105.01,-145.08,False,0.0,False
2012-06-07,2012-06-08,0,Overnight,0.0,False,-16.07,-16.07,111.97,False,0.0,False
2012-06-08,2012-06-11,2,Weekend,48.0,False,76.06,76.06,-246.1,False,0.0,False
2012-06-11,2012-06-12,0,Overnight,0.0,False,46.81,46.81,73.8,False,0.0,False
2012-06-12,2012-06-13,0,Overnight,0.0,False,-28.81,-28.81,-40.16,False,0.0,False
2012-06-13,2012-06-14,0,Overnight,0.0,False,-1.61,-1.61,38.56,False,0.0,False
2012-06-14,2012-06-15,0,Overnight,0.0,False,4.81,27.7,95.71,True,22.93,False
2012-06-15,2012-06-18,2,Weekend,48.0,False,-41.36,-41.36,134.59,False,0.0,False
2012-06-18,2012-06-19,0,Overnight,0.0,False,50.2,50.2,53.07,False,0.0,False
2012-06-19,2012-06-20,0,Overnight,0.0,False,21.77,21.77,-13.99,False,0.0,False
2012-06-20,2012-06-21,0,Overnight,0.0,False,-7.78,-7.78,-244.24,False,0.0,False
2012-06-21,2012-06-22,0,Overnight,0.0,False,33.44,33.44,71.29,False,0.0,False
2012-06-22,2012-06-25,2,Weekend,48.0,False,-82.42,-82.42,-112.04,False,0.0,False
2012-06-25,2012-06-26,0,Overnight,0.0,False,33.74,33.74,28.83,False,0.0,False
2012-06-26,2012-06-27,0,Overnight,0.0,False,38.31,38.31,22.28,False,0.0,False
2012-06-27,2012-06-28,0,Overnight,0.0,False,-75.0,-75.0,-36.91,False,0.0,False
2012-06-28,2012-06-29,0,Overnight,0.0,False,191.09,191.09,119.16,False,0.0,False
2012-06-29,2012-07-02,2,Weekend,48.0,False,14.02,14.02,15.55,False,0.0,False
2012-07-02,2012-07-03,0,Overnight,0.0,False,6.21,6.21,77.35,False,0.0,False
2012-07-03,2012-07-05,1,Short,24.0,True,-9.25,-9.25,15.41,False,0.0,False
2012-07-05,2012-07-06,0,Overnight,0.0,False,-46.31,-46.31,-79.22,False,0.0,False
2012-07-06,2012-07-09,2,Weekend,48.0,False,-10.92,-10.92,-7.81,False,0.0,False
2012-07-09,2012-07-10,0,Overnight,0.0,False,54.54,54.54,-153.46,False,0.0,False
2012-07-10,2012-07-11,0,Overnight,0.0,False,-12.63,-12.63,-42.75,False,0.0,False
2012-07-11,2012-07-12,0,Overnight,0.0,False,-79.66,-79.66,-14.41,False,0.0,False
2012-07-12,2012-07-13,0,Overnight,0.0,False,27.19,27.19,123.83,False,0.0,False
2012-07-13,2012-07-16,2,Weekend,48.0,False,-22.11,-22.11,-6.33,False,0.0,False
2012-07-16,2012-07-17,0,Overnight,0.0,False,63.09,63.09,-11.01,False,0.0,False
2012-07-17,2012-07-18,0,Overnight,0.0,False,-18.91,-18.91,153.37,False,0.0,False
2012-07-18,2012-07-19,0,Overnight,0.0,False,69.64,69.64,40.02,False,0.0,False
2012-07-19,2012-07-20,0,Overnight,0.0,False,-3.07,-3.07,-129.91,False,0.0,False
2012-07-20,2012-07-23,2,Weekend,48.0,False,-196.5,-196.5,74.34,False,0.0,False
2012-07-23,2012-07-24,0,Overnight,0.0,False,17.32,17.32,-96.42,False,0.0,False
2012-07-24,2012-07-25,0,Overnight,0.0,False,-78.13,-78.13,11.2,False,0.0,False
2012-07-25,2012-07-26,0,Overnight,0.0,False,142.88,142.88,-11.04,False,0.0,False
2012-07-26,2012-07-27,0,Overnight,0.0,False,72.33,72.33,161.62,False,0.0,False
2012-07-27,2012-07-30,2,Weekend,48.0,False,24.63,24.63,-32.34,False,0.0,False
2012-07-30,2012-07-31,0,Overnight,0.0,False,15.42,15.42,-18.5,False,0.0,False
2012-07-31,2012-08-01,0,Overnight,0.0,False,70.74,70.74,-100.1,False,0.0,False
2012-08-01,2012-08-02,0,Overnight,0.0,False,-76.13,-76.13,40.47,False,0.0,False
2012-08-02,2012-08-03,0,Overnight,0.0,False,160.25,160.25,27.48,False,0.0,False
2012-08-03,2012-08-06,2,Weekend,48.0,False,51.7,51.7,24.23,False,0.0,False
2012-08-06,2012-08-07,0,Overnight,0.0,False,42.27,42.27,40.59,False,0.0,False
2012-08-07,2012-08-08,0,Overnight,0.0,False,-25.54,-25.54,21.04,False,0.0,False
2012-08-08,2012-08-09,0,Overnight,0.0,False,-1.5,-1.5,31.48,False,0.0,False
2012-08-09,2012-08-10,0,Overnight,0.0,False,-35.98,-35.98,41.97,False,0.0,False
2012-08-10,2012-08-13,2,Weekend,48.0,False,-2.99,-2.99,26.89,False,0.0,False
2012-08-13,2012-08-14,0,Overnight,0.0,False,37.23,37.23,-32.76,False,0.0,False
2012-08-14,2012-08-15,0,Overnight,0.0,False,-7.46,-7.46,32.78,False,0.0,False
2012-08-15,2012-08-16,0,Overnight,0.0,False,37.12,37.12,81.19,False,0.0,False
2012-08-16,2012-08-17,0,Overnight,0.0,False,22.03,22.03,21.98,False,0.0,False
2012-08-17,2012-08-20,2,Weekend,48.0,False,-7.32,-7.32,21.95,False,0.0,False
2012-08-20,2012-08-21,0,Overnight,0.0,False,26.27,26.27,-65.81,False,0.0,False
2012-08-21,2012-08-22,0,Overnight,0.0,False,-22.03,-22.03,63.04,False,0.0,False
2012-08-22,2012-08-23,0,Overnight,0.0,False,-45.4,-45.4,-36.77,False,0.0,False
2012-08-23,2012-08-24,0,Overnight,0.0,False,-23.6,-23.6,85.29,False,0.0,False
2012-08-24,2012-08-27,2,Weekend,48.0,False,42.38,42.38,-26.28,False,0.0,False
2012-08-27,2012-08-28,0,Overnight,0.0,False,-8.78,-8.78,8.78,False,0.0,False
2012-08-28,2012-08-29,0,Overnight,0.0,False,0.0,0.0,0.0,False,0.0,False
2012-08-29,2012-08-30,0,Overnight,0.0,False,-43.96,-43.96,-57.43,False,0.0,False
2012-08-30,2012-08-31,0,Overnight,0.0,False,72.11,72.11,-5.87,False,0.0,False
2012-08-31,2012-09-04,3,Long,72.0,False,-19.09,-19.09,8.82,False,0.0,False
2012-09-04,2012-09-05,0,Overnight,0.0,False,-4.41,-4.41,-5.88,False,0.0,False
2012-09-05,2012-09-06,0,Overnight,0.0,False,61.56,61.56,158.01,False,0.0,False
2012-09-06,2012-09-07,0,Overnight,0.0,False,-23.04,-23.04,8.65,False,0.0,False
2012-09-07,2012-09-10,2,Weekend,48.0,False,-25.96,-25.96,-103.06,False,0.0,False
2012-09-10,2012-09-11,0,Overnight,0.0,False,1.46,1.46,-17.52,False,0.0,False
2012-09-11,2012-09-12,0,Overnight,0.0,False,36.47,36.47,-7.28,False,0.0,False
2012-09-12,2012-09-13,0,Overnight,0.0,False,8.74,8.74,125.86,False,0.0,False
2012-09-13,2012-09-14,0,Overnight,0.0,False,35.88,35.88,52.86,False,0.0,False
2012-09-14,2012-09-17,2,Weekend,48.0,False,5.7,5.7,-1.42,False,0.0,False
2012-09-17,2012-09-18,0,Overnight,0.0,False,-25.67,-25.67,34.21,False,0.0,False
2012-09-18,2012-09-19,0,Overnight,0.0,False,-1.42,-1.42,19.91,False,0.0,False
2012-09-19,2012-09-20,0,Overnight,0.0,False,-48.41,-48.41,38.46,False,0.0,False
2012-09-20,2012-09-21,0,Overnight,0.0,False,21.31,49.64,-46.93,True,28.44,False
2012-09-21,2012-09-24,2,Weekend,48.0,False,-83.02,-83.02,24.41,False,0.0,False
2012-09-24,2012-09-25,0,Overnight,0.0,False,25.78,25.78,-167.29,False,0.0,False
2012-09-25,2012-09-26,0,Overnight,0.0,False,-13.1,-13.1,-68.68,False,0.0,False
2012-09-26,2012-09-27,0,Overnight,0.0,False,24.9,24.9,111.99,False,0.0,False
2012-09-27,2012-09-28,0,Overnight,0.0,False,-33.32,-33.32,-49.46,False,0.0,False
2012-09-28,2012-10-01,2,Weekend,48.0,False,48.01,48.01,-62.6,False,0.0,False
2012-10-01,2012-10-02,0,Overnight,0.0,False,43.72,43.72,-14.55,False,0.0,False
2012-10-02,2012-10-03,0,Overnight,0.0,False,27.63,27.63,36.24,False,0.0,False
2012-10-03,2012-10-04,0,Overnight,0.0,False,15.9,15.9,18.76,False,0.0,False
2012-10-04,2012-10-05,0,Overnight,0.0,False,50.34,50.34,-103.84,False,0.0,False
2012-10-05,2012-10-08,2,Weekend,48.0,False,-58.16,-58.16,-33.59,False,0.0,False
2012-10-08,2012-10-09,0,Overnight,0.0,False,-26.37,-26.37,-134.39,False,0.0,False
2012-10-09,2012-10-10,0,Overnight,0.0,False,-2.97,-2.97,-47.7,False,0.0,False
2012-10-10,2012-10-11,0,Overnight,0.0,False,74.44,74.44,-105.87,False,0.0,False
2012-10-11,2012-10-12,0,Overnight,0.0,False,-1.5,-1.5,-3.0,False,0.0,False
2012-10-12,2012-10-15,2,Weekend,48.0,False,37.42,37.42,35.79,False,0.0,False
2012-10-15,2012-10-16,0,Overnight,0.0,False,14.88,14.88,125.57,False,0.0,False
2012-10-16,2012-10-17,0,Overnight,0.0,False,-51.51,-51.51,45.64,False,0.0,False
2012-10-17,2012-10-18,0,Overnight,0.0,False,-32.37,-32.37,-84.35,False,0.0,False
2012-10-18,2012-10-19,0,Overnight,0.0,False,-11.9,-11.9,-230.28,False,0.0,False
2012-10-19,2012-10-22,2,Weekend,48.0,False,-4.57,-4.57,56.2,False,0.0,False
2012-10-22,2012-10-23,0,Overnight,0.0,False,-82.13,-82.13,-13.75,False,0.0,False
2012-10-23,2012-10-24,0,Overnight,0.0,False,56.42,56.42,-91.66,False,0.0,False
2012-10-24,2012-10-25,0,Overnight,0.0,False,68.82,68.82,-68.82,False,0.0,False
2012-10-25,2012-10-26,0,Overnight,0.0,False,0.0,0.0,29.12,False,0.0,False
2012-10-26,2012-10-31,4,Long,96.0,False,-12.25,-12.25,-49.15,False,0.0,False
2012-10-31,2012-11-01,0,Overnight,0.0,False,62.93,62.93,77.73,False,0.0,False
2012-11-01,2012-11-02,0,Overnight,0.0,False,45.44,45.44,-152.28,False,0.0,False
2012-11-02,2012-11-05,2,Weekend,49.0,False,1.53,1.53,64.23,False,0.0,False
2012-11-05,2012-11-06,0,Overnight,0.0,False,16.75,16.75,1.52,False,0.0,False
2012-11-06,2012-11-07,0,Overnight,0.0,False,-107.08,-107.08,-131.59,False,0.0,False
2012-11-07,2012-11-08,0,Overnight,0.0,False,28.01,28.01,-186.66,False,0.0,False
2012-11-08,2012-11-09,0,Overnight,0.0,False,6.33,6.33,36.33,False,0.0,False
2012-11-09,2012-11-12,2,Weekend,48.0,False,58.16,58.16,-59.74,False,0.0,False
2012-11-12,2012-11-13,0,Overnight,0.0,False,-77.56,-77.56,7.94,False,0.0,False
2012-11-13,2012-11-14,0,Overnight,0.0,False,49.1,49.1,-167.29,False,0.0,False
2012-11-14,2012-11-15,0,Overnight,0.0,False,6.42,6.42,-40.22,False,0.0,False
2012-11-15,2012-11-16,0,Overnight,0.0,False,8.06,8.06,35.38,False,0.0,False
2012-11-16,2012-11-19,2,Weekend,48.0,False,108.56,108.56,126.22,False,0.0,False
2012-11-19,2012-11-20,0,Overnight,0.0,False,-3.14,-3.14,6.27,False,0.0,False
2012-11-20,2012-11-21,0,Overnight,0.0,False,10.97,10.97,9.39,False,0.0,False
2012-11-21,2012-11-23,1,Short,24.0,False,56.15,56.15,94.44,False,0.0,False
2012-11-23,2012-11-26,2,Weekend,48.0,True,-24.68,-24.68,67.73,False,0.0,False
2012-11-26,2012-11-27,0,Overnight,0.0,False,-1.53,-1.53,-32.28,False,0.0,False
2012-11-27,2012-11-28,0,Overnight,0.0,False,-47.84,-47.84,133.67,False,0.0,False
2012-11-28,2012-11-29,0,Overnight,0.0,False,53.28,53.28,6.07,False,0.0,False
2012-11-29,2012-11-30,0,Overnight,0.0,False,1.52,1.52,-18.22,False,0.0,False
2012-11-30,2012-12-03,2,Weekend,48.0,False,77.21,77.21,-96.99,False,0.0,False
2012-12-03,2012-12-04,0,Overnight,0.0,False,4.57,4.57,-10.66,False,0.0,False
2012-12-04,2012-12-05,0,Overnight,0.0,False,-15.25,-15.25,-96.6,False,0.0,False
2012-12-05,2012-12-06,0,Overnight,0.0,False,-30.86,-30.86,95.37,False,0.0,False
2012-12-06,2012-12-07,0,Overnight,0.0,False,48.87,48.87,-108.75,False,0.0,False
2012-12-07,2012-12-10,2,Weekend,48.0,False,-27.76,-27.76,56.98,False,0.0,False
2012-12-10,2012-12-11,0,Overnight,0.0,False,68.87,68.87,60.82,False,0.0,False
2012-12-11,2012-12-12,0,Overnight,0.0,False,52.91,52.91,-74.16,False,0.0,False
2012-12-12,2012-12-13,0,Overnight,0.0,False,-19.77,-19.77,-59.54,False,0.0,False
2012-12-13,2012-12-14,0,Overnight,0.0,False,-67.6,-67.6,-27.79,False,0.0,False
2012-12-14,2012-12-17,2,Weekend,48.0,False,9.27,9.27,122.8,False,0.0,False
2012-12-17,2012-12-18,0,Overnight,0.0,False,50.22,50.22,101.19,False,0.0,False
2012-12-18,2012-12-19,0,Overnight,0.0,False,28.51,28.51,-72.18,False,0.0,False
2012-12-19,2012-12-20,0,Overnight,0.0,False,18.09,18.09,-18.09,False,0.0,False
2012-12-20,2012-12-21,0,Overnight,0.0,False,-210.47,-154.06,49.2,True,55.39,False
2012-12-21,2012-12-24,2,Weekend,48.0,False,-26.11,-26.11,6.15,False,0.0,False
2012-12-24,2012-12-26,1,Short,24.0,True,7.68,7.68,-95.67,False,0.0,False
2012-12-26,2012-12-27,0,Overnight,0.0,False,9.3,9.3,-24.81,False,0.0,False
2012-12-27,2012-12-28,0,Overnight,0.0,False,-76.38,-76.38,-20.36,False,0.0,False
2012-12-28,2012-12-31,2,Weekend,48.0,False,-10.98,-10.98,220.44,False,0.0,False
2012-12-31,2013-01-02,1,Short,24.0,False,242.69,242.69,70.19,False,0.0,False
2013-01-02,2013-01-03,0,Overnight,0.0,False,0.0,0.0,-52.22,False,0.0,False
2013-01-03,2013-01-04,0,Overnight,0.0,False,4.49,4.49,-37.45,False,0.0,False
2013-01-04,2013-01-07,2,Weekend,48.0,False,-25.55,-25.55,28.55,False,0.0,False
2013-01-07,2013-01-08,0,Overnight,0.0,False,-1.5,-1.5,-18.02,False,0.0,False
2013-01-08,2013-01-09,0,Overnight,0.0,False,15.02,15.02,22.49,False,0.0,False
2013-01-09,2013-01-10,0,Overnight,0.0,False,68.66,68.66,-8.93,False,0.0,False
2013-01-10,2013-01-11,0,Overnight,0.0,False,-4.47,-4.47,17.86,False,0.0,False
2013-01-11,2013-01-14,2,Weekend,48.0,False,-50.68,-50.68,5.98,False,0.0,False
2013-01-14,2013-01-15,0,Overnight,0.0,False,-49.41,-49.41,0.0,False,0.0,False
2013-01-15,2013-01-16,0,Overnight,0.0,False,13.5,13.5,26.94,False,0.0,False
2013-01-16,2013-01-17,0,Overnight,0.0,False,40.28,40.28,7.44,False,0.0,False
2013-01-17,2013-01-18,0,Overnight,0.0,False,-29.8,-29.8,7.46,False,0.0,False
2013-01-18,2013-01-22,3,Long,72.0,False,10.43,10.43,5.96,False,0.0,False
2013-01-22,2013-01-23,0,Overnight,0.0,False,56.4,56.4,4.44,False,0.0,False
2013-01-23,2013-01-24,0,Overnight,0.0,False,-138.55,-138.55,0.0,False,0.0,False
2013-01-24,2013-01-25,0,Overnight,0.0,False,31.45,31.45,19.42,False,0.0,False
2013-01-25,2013-01-28,2,Weekend,48.0,False,1.49,1.49,20.87,False,0.0,False
2013-01-28,2013-01-29,0,Overnight,0.0,False,-11.92,-11.92,13.41,False,0.0,False
2013-01-29,2013-01-30,0,Overnight,0.0,False,17.85,17.85,-38.72,False,0.0,False
2013-01-30,2013-01-31,0,Overnight,0.0,False,-4.48,-4.48,-17.93,False,0.0,False
2013-01-31,2013-02-01,0,Overnight,0.0,False,70.04,70.04,47.41,False,0.0,False
2013-02-01,2013-02-04,2,Weekend,48.0,False,-57.81,-57.81,-118.13,False,0.0,False
2013-02-04,2013-02-05,0,Overnight,0.0,False,43.53,43.53,102.81,False,0.0,False
2013-02-05,2013-02-06,0,Overnight,0.0,False,-32.67,-32.67,0.0,False,0.0,False
2013-02-06,2013-02-07,0,Overnight,0.0,False,11.89,11.89,-2.97,False,0.0,False
2013-02-07,2013-02-08,0,Overnight,0.0,False,50.39,50.39,51.61,False,0.0,False
2013-02-08,2013-02-11,2,Weekend,48.0,False,5.88,5.88,-2.94,False,0.0,False
2013-02-11,2013-02-12,0,Overnight,0.0,False,-13.24,-13.24,-28.01,False,0.0,False
2013-02-12,2013-02-13,0,Overnight,0.0,False,29.49,29.49,5.89,False,0.0,False
2013-02-13,2013-02-14,0,Overnight,0.0,False,-45.71,-45.71,42.77,False,0.0,False
2013-02-14,2013-02-15,0,Overnight,0.0,False,-1.47,-1.47,-28.01,False,0.0,False
2013-02-15,2013-02-19,3,Long,72.0,False,19.17,19.17,52.89,False,0.0,False
2013-02-19,2013-02-20,0,Overnight,0.0,False,-2.93,-2.93,-152.13,False,0.0,False
2013-02-20,2013-02-21,0,Overnight,0.0,False,-37.28,-37.28,-70.46,False,0.0,False
2013-02-21,2013-02-22,0,Overnight,0.0,False,57.01,57.01,43.29,False,0.0,False
2013-02-22,2013-02-25,2,Weekend,48.0,False,63.84,63.84,-188.23,False,0.0,False
2013-02-25,2013-02-26,0,Overnight,0.0,False,13.56,13.56,24.07,False,0.0,False
2013-02-26,2013-02-27,0,Overnight,0.0,False,0.0,0.0,101.65,False,0.0,False
2013-02-27,2013-02-28,0,Overnight,0.0,False,1.49,1.49,-22.33,False,0.0,False
2013-02-28,2013-03-01,0,Overnight,0.0,False,-34.34,-34.34,75.98,False,0.0,False
2013-03-01,2013-03-04,2,Weekend,48.0,False,-32.7,-32.7,77.13,False,0.0,False
2013-03-04,2013-03-05,0,Overnight,0.0,False,58.93,58.93,87.75,False,0.0,False
2013-03-05,2013-03-06,0,Overnight,0.0,False,30.53,30.53,-55.31,False,0.0,False
2013-03-06,2013-03-07,0,Overnight,0.0,False,11.67,11.67,14.57,False,0.0,False
2013-03-07,2013-03-08,0,Overnight,0.0,False,33.43,33.43,-21.79,False,0.0,False
2013-03-08,2013-03-11,2,Weekend,47.0,False,-13.1,-13.1,42.14,False,0.0,False
2013-03-11,2013-03-12,0,Overnight,0.0,False,-29.04,-29.04,-7.27,False,0.0,False
2013-03-12,2013-03-13,0,Overnight,0.0,False,13.09,13.09,-26.19,False,0.0,False
2013-03-13,2013-03-14,0,Overnight,0.0,False,34.91,34.91,-1.45,False,0.0,False
2013-03-14,2013-03-15,0,Overnight,0.0,False,-15.99,7.11,-34.97,True,23.09,False
2013-03-15,2013-03-18,2,Weekend,48.0,False,-92.38,-92.38,70.46,False,0.0,False
2013-03-18,2013-03-19,0,Overnight,0.0,False,30.67,30.67,-49.71,False,0.0,False
2013-03-19,2013-03-20,0,Overnight,0.0,False,70.1,70.1,0.0,False,0.0,False
2013-03-20,2013-03-21,0,Overnight,0.0,False,-92.11,-92.11,-22.06,False,0.0,False
2013-03-21,2013-03-22,0,Overnight,0.0,False,41.13,41.13,55.56,False,0.0,False
2013-03-22,2013-03-25,2,Weekend,48.0,False,32.02,32.02,-68.54,False,0.0,False
2013-03-25,2013-03-26,0,Overnight,0.0,False,37.97,37.97,16.02,False,0.0,False
2013-03-26,2013-03-27,0,Overnight,0.0,False,-68.64,-68.64,81.73,False,0.0,False
2013-03-27,2013-03-28,0,Overnight,0.0,False,0.0,0.0,24.68,False,0.0,False
2013-03-28,2013-04-01,3,Long,72.0,False,7.25,7.25,-75.63,False,0.0,False
2013-04-01,2013-04-02,0,Overnight,0.0,False,48.06,48.06,30.46,False,0.0,False
2013-04-02,2013-04-03,0,Overnight,0.0,False,5.79,5.79,-97.46,False,0.0,False
2013-04-03,2013-04-04,0,Overnight,0.0,False,-4.39,-4.39,7.31,False,0.0,False
2013-04-04,2013-04-05,0,Overnight,0.0,False,-159.08,-159.08,75.44,False,0.0,False
2013-04-05,2013-04-08,2,Weekend,48.0,False,4.42,4.42,48.49,False,0.0,False
2013-04-08,2013-04-09,0,Overnight,0.0,False,26.35,26.35,40.85,False,0.0,False
2013-04-09,2013-04-10,0,Overnight,0.0,False,34.88,34.88,158.34,False,0.0,False
2013-04-10,2013-04-11,0,Overnight,0.0,False,-24.31,-24.31,20.02,False,0.0,False
2013-04-11,2013-04-12,0,Overnight,0.0,False,-24.32,-24.32,17.17,False,0.0,False
2013-04-12,2013-04-15,2,Weekend,48.0,False,-37.24,-37.24,-162.04,False,0.0,False
2013-04-15,2013-04-16,0,Overnight,0.0,False,56.72,56.72,75.13,False,0.0,False
2013-04-16,2013-04-17,0,Overnight,0.0,False,-86.74,-86.74,-110.97,False,0.0,False
2013-04-17,2013-04-18,0,Overnight,0.0,False,26.39,26.39,-165.37,False,0.0,False
2013-04-18,2013-04-19,0,Overnight,0.0,False,19.34,19.34,116.7,False,0.0,False
2013-04-19,2013-04-22,2,Weekend,48.0,False,35.19,35.19,67.09,False,0.0,False
2013-04-22,2013-04-23,0,Overnight,0.0,False,56.53,56.53,38.95,False,0.0,False
2013-04-23,2013-04-24,0,Overnight,0.0,False,-24.51,-24.51,20.19,False,0.0,False
2013-04-24,2013-04-25,0,Overnight,0.0,False,25.9,25.9,27.26,False,0.0,False
2013-04-25,2013-04-26,0,Overnight,0.0,False,-24.39,-24.39,-7.18,False,0.0,False
2013-04-26,2013-04-29,2,Weekend,48.0,False,31.57,31.57,60.0,False,0.0,False
2013-04-29,2013-04-30,0,Overnight,0.0,False,12.81,12.81,59.57,False,0.0,False
2013-04-30,2013-05-01,0,Overnight,0.0,False,2.83,2.83,-49.6,False,0.0,False
2013-05-01,2013-05-02,0,Overnight,0.0,False,17.03,17.03,108.61,False,0.0,False
2013-05-02,2013-05-03,0,Overnight,0.0,False,96.34,96.34,20.82,False,0.0,False
2013-05-03,2013-05-06,2,Weekend,48.0,False,18.01,18.01,20.74,False,0.0,False
2013-05-06,2013-05-07,0,Overnight,0.0,False,16.56,16.56,-22.09,False,0.0,False
2013-05-07,2013-05-08,0,Overnight,0.0,False,-5.53,-5.53,53.78,False,0.0,False
2013-05-08,2013-05-09,0,Overnight,0.0,False,-19.27,-19.27,5.51,False,0.0,False
2013-05-09,2013-05-10,0,Overnight,0.0,False,20.64,20.64,39.78,False,0.0,False
2013-05-10,2013-05-13,2,Weekend,48.0,False,-16.44,-16.44,28.75,False,0.0,False
2013-05-13,2013-05-14,0,Overnight,0.0,False,2.73,2.73,49.09,False,0.0,False
2013-05-14,2013-05-15,0,Overnight,0.0,False,-19.06,-19.06,39.44,False,0.0,False
2013-05-15,2013-05-16,0,Overnight,0.0,False,8.14,8.14,-19.01,False,0.0,False
2013-05-16,2013-05-17,0,Overnight,0.0,False,51.51,51.51,44.51,False,0.0,False
2013-05-17,2013-05-20,2,Weekend,48.0,False,-18.86,-18.86,4.04,False,0.0,False
2013-05-20,2013-05-21,0,Overnight,0.0,False,-5.39,-5.39,16.17,False,0.0,False
2013-05-21,2013-05-22,0,Overnight,0.0,False,12.11,12.11,-100.01,False,0.0,False
2013-05-22,2013-05-23,0,Overnight,0.0,False,-88.68,-88.68,65.56,False,0.0,False
2013-05-23,2013-05-24,0,Overnight,0.0,False,-66.94,-66.94,61.49,False,0.0,False
2013-05-24,2013-05-28,3,Long,72.0,False,116.47,116.47,-51.3,False,0.0,False
2013-05-28,2013-05-29,0,Overnight,0.0,False,-39.32,-39.32,-8.16,False,0.0,False
2013-05-29,2013-05-30,0,Overnight,0.0,False,4.08,4.08,48.81,False,0.0,False
2013-05-30,2013-05-31,0,Overnight,0.0,False,-37.95,-37.95,-54.46,False,0.0,False
2013-05-31,2013-06-03,2,Weekend,48.0,False,1.37,1.37,16.37,False,0.0,False
2013-06-03,2013-06-04,0,Overnight,0.0,False,20.42,20.42,-72.34,False,0.0,False
2013-06-04,2013-06-05,0,Overnight,0.0,False,-32.93,-32.93,-98.06,False,0.0,False
2013-06-05,2013-06-06,0,Overnight,0.0,False,13.87,13.87,34.59,False,0.0,False
2013-06-06,2013-06-07,0,Overnight,0.0,False,41.35,41.35,94.46,False,0.0,False
2013-06-07,2013-06-10,2,Weekend,48.0,False,19.06,19.06,-14.97,False,0.0,False
2013-06-10,2013-06-11,0,Overnight,0.0,False,-99.92,-99.92,0.0,False,0.0,False
2013-06-11,2013-06-12,0,Overnight,0.0,False,57.61,57.61,-173.85,False,0.0,False
2013-06-12,2013-06-13,0,Overnight,0.0,False,-13.93,-13.93,139.79,False,0.0,False
2013-06-13,2013-06-14,0,Overnight,0.0,False,0.0,0.0,-66.19,False,0.0,False
2013-06-14,2013-06-17,2,Weekend,48.0,False,78.55,78.55,17.83,False,0.0,False
2013-06-17,2013-06-18,0,Overnight,0.0,False,13.69,13.69,68.19,False,0.0,False
2013-06-18,2013-06-19,0,Overnight,0.0,False,2.72,2.72,-114.79,False,0.0,False
2013-06-19,2013-06-20,0,Overnight,0.0,False,-116.12,-116.12,-124.52,False,0.0,False
2013-06-20,2013-06-21,0,Overnight,0.0,False,-35.26,-3.66,-49.57,True,31.54,False
2013-06-21,2013-06-24,2,Weekend,48.0,False,-82.69,-82.69,-17.19,False,0.0,False
2013-06-24,2013-06-25,0,Overnight,0.0,False,95.63,95.63,-22.75,False,0.0,False
2013-06-25,2013-06-26,0,Overnight,0.0,False,85.06,85.06,4.23,False,0.0,False
2013-06-26,2013-06-27,0,Overnight,0.0,False,52.07,52.07,-9.83,False,0.0,False
2013-06-27,2013-06-28,0,Overnight,0.0,False,-30.96,-30.96,45.0,False,0.0,False
2013-06-28,2013-07-01,2,Weekend,48.0,False,67.12,67.12,-5.58,False,0.0,False
2013-07-01,2013-07-02,0,Overnight,0.0,False,-4.18,-4.18,8.37,False,0.0,False
2013-07-02,2013-07-03,0,Overnight,0.0,False,-36.31,-36.31,76.65,False,0.0,False
2013-07-03,2013-07-05,1,Short,24.0,True,56.76,56.76,19.31,False,0.0,False
2013-07-05,2013-07-08,2,Weekend,48.0,False,52.22,52.22,-42.58,False,0.0,False
2013-07-08,2013-07-09,0,Overnight,0.0,False,46.69,46.69,13.69,False,0.0,False
2013-07-09,2013-07-10,0,Overnight,0.0,False,-9.58,-9.58,66.88,False,0.0,False
2013-07-10,2013-07-11,0,Overnight,0.0,False,106.9,106.9,89.77,False,0.0,False
2013-07-11,2013-07-12,0,Overnight,0.0,False,6.67,6.67,37.25,False,0.0,False
2013-07-12,2013-07-15,2,Weekend,48.0,False,10.62,10.62,11.93,False,0.0,False
2013-07-15,2013-07-16,0,Overnight,0.0,False,7.95,7.95,-21.21,False,0.0,False
2013-07-16,2013-07-17,0,Overnight,0.0,False,30.47,30.47,-5.29,False,0.0,False
2013-07-17,2013-07-18,0,Overnight,0.0,False,-1.32,-1.32,-23.85,False,0.0,False
2013-07-18,2013-07-19,0,Overnight,0.0,False,-86.62,-86.62,-17.41,False,0.0,False
2013-07-19,2013-07-22,2,Weekend,48.0,False,37.47,37.47,-8.02,False,0.0,False
2013-07-22,2013-07-23,0,Overnight,0.0,False,18.7,18.7,-92.49,False,0.0,False
2013-07-23,2013-07-24,0,Overnight,0.0,False,97.82,97.82,-65.56,False,0.0,False
2013-07-24,2013-07-25,0,Overnight,0.0,False,46.87,46.87,16.02,False,0.0,False
2013-07-25,2013-07-26,0,Overnight,0.0,False,-40.1,-40.1,93.31,False,0.0,False
2013-07-26,2013-07-29,2,Weekend,48.0,False,-19.92,-19.92,1.33,False,0.0,False
2013-07-29,2013-07-30,0,Overnight,0.0,False,35.83,35.83,17.2,False,0.0,False
2013-07-30,2013-07-31,0,Overnight,0.0,False,19.81,19.81,-1.32,False,0.0,False
2013-07-31,2013-08-01,0,Overnight,0.0,False,68.39,68.39,32.72,False,0.0,False
2013-08-01,2013-08-02,0,Overnight,0.0,False,1.31,1.31,54.72,False,0.0,False
2013-08-02,2013-08-05,2,Weekend,48.0,False,-5.2,-5.2,11.69,False,0.0,False
2013-08-05,2013-08-06,0,Overnight,0.0,False,-12.99,-12.99,-46.91,False,0.0,False
2013-08-06,2013-08-07,0,Overnight,0.0,False,-28.78,-28.78,10.47,False,0.0,False
2013-08-07,2013-08-08,0,Overnight,0.0,False,54.81,54.81,-5.21,False,0.0,False
2013-08-08,2013-08-09,0,Overnight,0.0,False,-16.94,-16.94,-23.5,False,0.0,False
2013-08-09,2013-08-12,2,Weekend,48.0,False,-37.99,-37.99,61.49,False,0.0,False
2013-08-12,2013-08-13,0,Overnight,0.0,False,13.03,13.03,42.89,False,0.0,False
2013-08-13,2013-08-14,0,Overnight,0.0,False,-3.89,-3.89,-33.79,False,0.0,False
2013-08-14,2013-08-15,0,Overnight,0.0,False,-112.6,-112.6,-58.1,False,0.0,False
2013-08-15,2013-08-16,0,Overnight,0.0,False,1.32,1.32,-5.3,False,0.0,False
2013-08-16,2013-08-19,2,Weekend,48.0,False,1.32,1.32,-18.56,False,0.0,False
2013-08-19,2013-08-20,0,Overnight,0.0,False,18.56,18.56,25.14,False,0.0,False
2013-08-20,2013-08-21,0,Overnight,0.0,False,-31.76,-31.76,-2.65,False,0.0,False
2013-08-21,2013-08-22,0,Overnight,0.0,False,43.66,43.66,53.98,False,0.0,False
2013-08-22,2013-08-23,0,Overnight,0.0,False,70.65,70.65,-3.91,False,0.0,False
2013-08-23,2013-08-26,2,Weekend,48.0,False,7.82,7.82,-2.61,False,0.0,False
2013-08-26,2013-08-27,0,Overnight,0.0,False,-119.34,-119.34,-87.45,False,0.0,False
2013-08-27,2013-08-28,0,Overnight,0.0,False,-11.98,-11.98,50.5,False,0.0,False
2013-08-28,2013-08-29,0,Overnight,0.0,False,-2.65,-2.65,72.67,False,0.0,False
2013-08-29,2013-08-30,0,Overnight,0.0,False,10.53,10.53,-75.24,False,0.0,False
2013-08-30,2013-09-03,3,Long,72.0,False,81.82,81.82,-25.0,False,0.0,False
2013-09-03,2013-09-04,0,Overnight,0.0,False,34.2,34.2,71.96,False,0.0,False
2013-09-04,2013-09-05,0,Overnight,0.0,False,6.52,6.52,10.42,False,0.0,False
2013-09-05,2013-09-06,0,Overnight,0.0,False,33.78,33.78,-22.07,False,0.0,False
2013-09-06,2013-09-09,2,Weekend,48.0,False,42.8,42.8,73.51,False,0.0,False
2013-09-09,2013-09-10,0,Overnight,0.0,False,57.65,57.65,-8.95,False,0.0,False
2013-09-10,2013-09-11,0,Overnight,0.0,False,-66.71,-66.71,47.51,False,0.0,False
2013-09-11,2013-09-12,0,Overnight,0.0,False,2.56,2.56,-8.97,False,0.0,False
2013-09-12,2013-09-13,0,Overnight,0.0,False,10.25,10.25,-3.84,False,0.0,False
2013-09-13,2013-09-16,2,Weekend,48.0,False,84.2,84.2,-111.13,False,0.0,False
2013-09-16,2013-09-17,0,Overnight,0.0,False,21.81,21.81,44.76,False,0.0,False
2013-09-17,2013-09-18,0,Overnight,0.0,False,15.3,15.3,103.93,False,0.0,False
2013-09-18,2013-09-19,0,Overnight,0.0,False,31.47,31.47,-7.54,False,0.0,False
2013-09-19,2013-09-20,0,Overnight,0.0,False,-6.29,23.62,-58.07,True,29.94,False
2013-09-20,2013-09-23,2,Weekend,48.0,False,41.69,41.69,-61.97,False,0.0,False
2013-09-23,2013-09-24,0,Overnight,0.0,False,21.54,21.54,-21.54,False,0.0,False
2013-09-24,2013-09-25,0,Overnight,0.0,False,7.61,7.61,-41.92,False,0.0,False
2013-09-25,2013-09-26,0,Overnight,0.0,False,40.65,40.65,36.7,False,0.0,False
2013-09-26,2013-09-27,0,Overnight,0.0,False,-58.27,-58.27,45.63,False,0.0,False
2013-09-27,2013-09-30,2,Weekend,48.0,False,-104.25,-104.25,80.19,False,0.0,False
2013-09-30,2013-10-01,0,Overnight,0.0,False,1.27,1.27,99.64,False,0.0,False
2013-10-01,2013-10-02,0,Overnight,0.0,False,-68.0,-68.0,64.24,False,0.0,False
2013-10-02,2013-10-03,0,Overnight,0.0,False,-12.56,-12.56,-104.89,False,0.0,False
2013-10-03,2013-10-04,0,Overnight,0.0,False,0.0,0.0,86.01,False,0.0,False
2013-10-04,2013-10-07,2,Weekend,48.0,False,-88.55,-88.55,5.08,False,0.0,False
2013-10-07,2013-10-08,0,Overnight,0.0,False,0.0,0.0,-194.93,False,0.0,False
2013-10-08,2013-10-09,0,Overnight,0.0,False,23.28,23.28,-54.41,False,0.0,False
2013-10-09,2013-10-10,0,Overnight,0.0,False,107.24,107.24,102.29,False,0.0,False
2013-10-10,2013-10-11,0,Overnight,0.0,False,-25.47,-25.47,104.04,False,0.0,False
2013-10-11,2013-10-14,2,Weekend,48.0,False,-62.04,-62.04,132.47,False,0.0,False
2013-10-14,2013-10-15,0,Overnight,0.0,False,-7.52,-7.52,-31.41,False,0.0,False
2013-10-15,2013-10-16,0,Overnight,0.0,False,46.44,46.44,66.16,False,0.0,False
2013-10-16,2013-10-17,0,Overnight,0.0,False,-44.89,-44.89,101.95,False,0.0,False
2013-10-17,2013-10-18,0,Overnight,0.0,False,91.12,91.12,69.63,False,0.0,False
2013-10-18,2013-10-21,2,Weekend,48.0,False,23.1,23.1,-1.21,False,0.0,False
2013-10-21,2013-10-22,0,Overnight,0.0,False,38.79,38.79,-24.23,False,0.0,False
2013-10-22,2013-10-23,0,Overnight,0.0,False,-48.63,-48.63,-12.2,False,0.0,False
2013-10-23,2013-10-24,0,Overnight,0.0,False,6.1,6.1,37.73,False,0.0,False
2013-10-24,2013-10-25,0,Overnight,0.0,False,93.11,93.11,-21.69,False,0.0,False
2013-10-25,2013-10-28,2,Weekend,48.0,False,1.21,1.21,1.21,False,0.0,False
2013-10-28,2013-10-29,0,Overnight,0.0,False,33.71,33.71,-16.84,False,0.0,False
2013-10-29,2013-10-30,0,Overnight,0.0,False,34.85,34.85,-44.49,False,0.0,False
2013-10-30,2013-10-31,0,Overnight,0.0,False,-25.34,-25.34,2.42,False,0.0,False
2013-10-31,2013-11-01,0,Overnight,0.0,False,33.76,33.76,-31.35,False,0.0,False
2013-11-01,2013-11-04,2,Weekend,49.0,False,30.14,30.14,-15.66,False,0.0,False
2013-11-04,2013-11-05,0,Overnight,0.0,False,-38.66,-38.66,49.51,False,0.0,False
2013-11-05,2013-11-06,0,Overnight,0.0,False,42.07,42.07,-44.48,False,0.0,False
2013-11-06,2013-11-07,0,Overnight,0.0,False,1.2,1.2,-190.95,False,0.0,False
2013-11-07,2013-11-08,0,Overnight,0.0,False,36.77,36.77,97.4,False,0.0,False
2013-11-08,2013-11-11,2,Weekend,48.0,False,-14.55,-14.55,-1.21,False,0.0,False
2013-11-11,2013-11-12,0,Overnight,0.0,False,-30.38,-30.38,46.14,False,0.0,False
2013-11-12,2013-11-13,0,Overnight,0.0,False,-65.64,-65.64,186.06,False,0.0,False
2013-11-13,2013-11-14,0,Overnight,0.0,False,-26.37,-26.37,57.44,False,0.0,False
2013-11-14,2013-11-15,0,Overnight,0.0,False,2.39,2.39,16.69,False,0.0,False
2013-11-15,2013-11-18,2,Weekend,48.0,False,-2.38,-2.38,-95.76,False,0.0,False
2013-11-18,2013-11-19,0,Overnight,0.0,False,-6.02,-6.02,-22.89,False,0.0,False
2013-11-19,2013-11-20,0,Overnight,0.0,False,26.5,26.5,-50.66,False,0.0,False
2013-11-20,2013-11-21,0,Overnight,0.0,False,42.23,42.23,58.83,False,0.0,False
2013-11-21,2013-11-22,0,Overnight,0.0,False,16.74,16.74,36.98,False,0.0,False
2013-11-22,2013-11-25,2,Weekend,48.0,False,35.66,35.66,-11.87,False,0.0,False
2013-11-25,2013-11-26,0,Overnight,0.0,False,2.37,2.37,49.75,False,0.0,False
2013-11-26,2013-11-27,0,Overnight,0.0,False,20.07,20.07,49.41,False,0.0,False
2013-11-27,2013-11-29,1,Short,24.0,False,39.82,39.82,19.85,False,0.0,False
2013-11-29,2013-12-02,2,Weekend,48.0,True,11.66,11.66,-40.86,False,0.0,False
2013-12-02,2013-12-03,0,Overnight,0.0,False,-7.02,-7.02,-1.17,False,0.0,False
2013-12-03,2013-12-04,0,Overnight,0.0,False,-42.24,-42.24,51.6,False,0.0,False
2013-12-04,2013-12-05,0,Overnight,0.0,False,8.18,8.18,-21.06,False,0.0,False
2013-12-05,2013-12-06,0,Overnight,0.0,False,83.98,83.98,-11.62,False,0.0,False
2013-12-06,2013-12-09,2,Weekend,48.0,False,40.61,40.61,0.0,False,0.0,False
2013-12-09,2013-12-10,0,Overnight,0.0,False,-16.23,-16.23,9.28,False,0.0,False
2013-12-10,2013-12-11,0,Overnight,0.0,False,-1.16,-1.16,-128.31,False,0.0,False
2013-12-11,2013-12-12,0,Overnight,0.0,False,3.52,3.52,-29.38,False,0.0,False
2013-12-12,2013-12-13,0,Overnight,0.0,False,46.97,46.97,-59.93,False,0.0,False
2013-12-13,2013-12-16,2,Weekend,48.0,False,49.38,49.38,5.86,False,0.0,False
2013-12-16,2013-12-17,0,Overnight,0.0,False,0.0,0.0,-19.94,False,0.0,False
2013-12-17,2013-12-18,0,Overnight,0.0,False,11.74,11.74,103.86,False,0.0,False
2013-12-18,2013-12-19,0,Overnight,0.0,False,-16.27,-16.27,-11.63,False,0.0,False
2013-12-19,2013-12-20,0,Overnight,0.0,False,-12.81,18.84,82.42,True,31.66,False
2013-12-20,2013-12-23,2,Weekend,48.0,False,81.75,81.75,22.91,False,0.0,False
2013-12-23,2013-12-24,0,Overnight,0.0,False,2.29,2.29,2.29,False,0.0,False
2013-12-24,2013-12-26,1,Short,24.0,True,18.28,18.28,14.83,False,0.0,False
2013-12-26,2013-12-27,0,Overnight,0.0,False,12.53,12.53,-37.63,False,0.0,False
2013-12-27,2013-12-30,2,Weekend,48.0,False,-14.86,-14.86,0.0,False,0.0,False
2013-12-30,2013-12-31,0,Overnight,0.0,False,18.29,18.29,46.72,False,0.0,False
2013-12-31,2014-01-02,1,Short,24.0,False,-46.72,-46.72,-32.03,False,0.0,False
2014-01-02,2014-01-03,0,Overnight,0.0,False,0.0,0.0,-72.45,False,0.0,False
2014-01-03,2014-01-06,2,Weekend,48.0,False,2.31,2.31,-39.31,False,0.0,False
2014-01-06,2014-01-07,0,Overnight,0.0,False,46.23,46.23,46.02,False,0.0,False
2014-01-07,2014-01-08,0,Overnight,0.0,False,2.29,2.29,19.49,False,0.0,False
2014-01-08,2014-01-09,0,Overnight,0.0,False,36.58,36.58,-69.85,False,0.0,False
2014-01-09,2014-01-10,0,Overnight,0.0,False,24.1,24.1,8.02,False,0.0,False
2014-01-10,2014-01-13,2,Weekend,48.0,False,-13.76,-13.76,-135.11,False,0.0,False
2014-01-13,2014-01-14,0,Overnight,0.0,False,33.66,33.66,155.22,False,0.0,False
2014-01-14,2014-01-15,0,Overnight,0.0,False,43.26,43.26,38.55,False,0.0,False
2014-01-15,2014-01-16,0,Overnight,0.0,False,-7.92,-7.92,9.06,False,0.0,False
2014-01-16,2014-01-17,0,Overnight,0.0,False,-30.6,-30.6,-26.14,False,0.0,False
2014-01-17,2014-01-21,3,Long,72.0,False,63.52,63.52,12.43,False,0.0,False
2014-01-21,2014-01-22,0,Overnight,0.0,False,25.94,25.94,0.0,False,0.0,False
2014-01-22,2014-01-23,0,Overnight,0.0,False,-30.46,-30.46,-3.39,False,0.0,False
2014-01-23,2014-01-24,0,Overnight,0.0,False,-48.72,-48.72,-149.9,False,0.0,False
2014-01-24,2014-01-27,2,Weekend,48.0,False,0.0,0.0,-97.31,False,0.0,False
2014-01-27,2014-01-28,0,Overnight,0.0,False,-46.67,-46.67,40.85,False,0.0,False
2014-01-28,2014-01-29,0,Overnight,0.0,False,-86.57,-86.57,-21.17,False,0.0,False
2014-01-29,2014-01-30,0,Overnight,0.0,False,121.71,121.71,61.46,False,0.0,False
2014-01-30,2014-01-31,0,Overnight,0.0,False,-111.6,-111.6,84.98,False,0.0,False
2014-01-31,2014-02-03,2,Weekend,48.0,False,-18.56,-18.56,-213.62,False,0.0,False
2014-02-03,2014-02-04,0,Overnight,0.0,False,50.88,50.88,22.4,False,0.0,False
2014-02-04,2014-02-05,0,Overnight,0.0,False,-33.03,-33.03,7.09,False,0.0,False
2014-02-05,2014-02-06,0,Overnight,0.0,False,29.48,29.48,97.24,False,0.0,False
2014-02-06,2014-02-07,0,Overnight,0.0,False,55.81,55.81,121.0,False,0.0,False
2014-02-07,2014-02-10,2,Weekend,48.0,False,-3.44,-3.44,60.55,False,0.0,False
2014-02-10,2014-02-11,0,Overnight,0.0,False,21.62,21.62,91.64,False,0.0,False
2014-02-11,2014-02-12,0,Overnight,0.0,False,20.25,20.25,-1.12,False,0.0,False
2014-02-12,2014-02-13,0,Overnight,0.0,False,-73.33,-73.33,147.23,False,0.0,False
2014-02-13,2014-02-14,0,Overnight,0.0,False,-3.35,-3.35,23.41,False,0.0,False
2014-02-14,2014-02-18,3,Long,72.0,False,16.69,16.69,32.18,False,0.0,False
2014-02-18,2014-02-19,0,Overnight,0.0,False,-18.85,-18.85,-50.08,False,0.0,False
2014-02-19,2014-02-20,0,Overnight,0.0,False,6.69,6.69,40.06,False,0.0,False
2014-02-20,2014-02-21,0,Overnight,0.0,False,32.15,32.15,-45.49,False,0.0,False
2014-02-21,2014-02-24,2,Weekend,48.0,False,23.32,23.32,29.91,False,0.0,False
2014-02-24,2014-02-25,0,Overnight,0.0,False,14.37,14.37,-25.44,False,0.0,False
2014-02-25,2014-02-26,0,Overnight,0.0,False,26.54,26.54,-35.4,False,0.0,False
2014-02-26,2014-02-27,0,Overnight,0.0,False,-39.98,1.44,63.22,True,41.34,False
2014-02-27,2014-02-28,0,Overnight,0.0,False,-2.21,-2.21,-8.85,False,0.0,False
2014-02-28,2014-03-03,2,Weekend,48.0,False,-94.53,-94.53,20.09,False,0.0,False
2014-03-03,2014-03-04,0,Overnight,0.0,False,108.7,108.7,17.63,False,0.0,False
2014-03-04,2014-03-05,0,Overnight,0.0,False,16.5,16.5,10.99,False,0.0,False
2014-03-05,2014-03-06,0,Overnight,0.0,False,23.04,23.04,-31.82,False,0.0,False
2014-03-06,2014-03-07,0,Overnight,0.0,False,31.82,31.82,-81.41,False,0.0,False
2014-03-07,2014-03-10,2,Weekend,47.0,False,-5.52,-5.52,14.36,False,0.0,False
2014-03-10,2014-03-11,0,Overnight,0.0,False,24.25,24.25,-67.39,False,0.0,False
2014-03-11,2014-03-12,0,Overnight,0.0,False,-45.55,-45.55,83.16,False,0.0,False
2014-03-12,2014-03-13,0,Overnight,0.0,False,37.47,37.47,-179.83,False,0.0,False
2014-03-13,2014-03-14,0,Overnight,0.0,False,-32.54,-32.54,-36.02,False,0.0,False
2014-03-14,2014-03-17,2,Weekend,48.0,False,64.08,64.08,23.5,False,0.0,False
2014-03-17,2014-03-18,0,Overnight,0.0,False,12.29,12.29,107.73,False,0.0,False
2014-03-18,2014-03-19,0,Overnight,0.0,False,3.31,3.31,-57.59,False,0.0,False
2014-03-19,2014-03-20,0,Overnight,0.0,False,-31.15,-31.15,58.87,False,0.0,False
2014-03-20,2014-03-21,0,Overnight,0.0,False,34.27,56.99,-178.18,True,22.82,False
2014-03-21,2014-03-24,2,Weekend,48.0,False,35.89,35.89,-123.92,False,0.0,False
2014-03-24,2014-03-25,0,Overnight,0.0,False,52.01,52.01,-19.19,False,0.0,False
2014-03-25,2014-03-26,0,Overnight,0.0,False,49.59,49.59,-179.22,False,0.0,False
2014-03-26,2014-03-27,0,Overnight,0.0,False,-13.74,-13.74,-42.5,False,0.0,False
2014-03-27,2014-03-28,0,Overnight,0.0,False,32.18,32.18,-12.63,False,0.0,False
2014-03-28,2014-03-31,2,Weekend,48.0,False,77.81,77.81,-6.84,False,0.0,False
2014-03-31,2014-04-01,0,Overnight,0.0,False,48.93,48.93,125.21,False,0.0,False
2014-04-01,2014-04-02,0,Overnight,0.0,False,42.51,42.51,-16.76,False,0.0,False
2014-04-02,2014-04-03,0,Overnight,0.0,False,10.06,10.06,-89.76,False,0.0,False
2014-04-03,2014-04-04,0,Overnight,0.0,False,66.27,66.27,-335.85,False,0.0,False
2014-04-04,2014-04-07,2,Weekend,48.0,False,-62.72,-62.72,-32.68,False,0.0,False
2014-04-07,2014-04-08,0,Overnight,0.0,False,11.68,11.68,80.24,False,0.0,False
2014-04-08,2014-04-09,0,Overnight,0.0,False,37.0,37.0,132.97,False,0.0,False
2014-04-09,2014-04-10,0,Overnight,0.0,False,6.83,6.83,-321.45,False,0.0,False
2014-04-10,2014-04-11,0,Overnight,0.0,False,-89.71,-89.71,-27.31,False,0.0,False
2014-04-11,2014-04-14,2,Weekend,48.0,False,87.59,87.59,-9.43,False,0.0,False
2014-04-14,2014-04-15,0,Overnight,0.0,False,36.5,36.5,-3.53,False,0.0,False
2014-04-15,2014-04-16,0,Overnight,0.0,False,86.63,86.63,45.36,False,0.0,False
2014-04-16,2014-04-17,0,Overnight,0.0,False,-38.37,-38.37,40.69,False,0.0,False
2014-04-17,2014-04-21,3,Long,72.0,False,23.18,23.18,50.8,False,0.0,False
2014-04-21,2014-04-22,0,Overnight,0.0,False,34.49,34.49,44.66,False,0.0,False
2014-04-22,2014-04-23,0,Overnight,0.0,False,0.0,0.0,-88.36,False,0.0,False
2014-04-23,2014-04-24,0,Overnight,0.0,False,163.48,163.48,-68.27,False,0.0,False
2014-04-24,2014-04-25,0,Overnight,0.0,False,-59.54,-59.54,-101.58,False,0.0,False
2014-04-25,2014-04-28,2,Weekend,48.0,False,47.46,47.46,-15.02,False,0.0,False
2014-04-28,2014-04-29,0,Overnight,0.0,False,30.02,30.02,49.46,False,0.0,False
2014-04-29,2014-04-30,0,Overnight,0.0,False,-46.0,-46.0,72.35,False,0.0,False
2014-04-30,2014-05-01,0,Overnight,0.0,False,16.01,16.01,13.7,False,0.0,False
2014-05-01,2014-05-02,0,Overnight,0.0,False,34.17,34.17,-52.44,False,0.0,False
2014-05-02,2014-05-05,2,Weekend,48.0,False,-59.61,-59.61,112.05,False,0.0,False
2014-05-05,2014-05-06,0,Overnight,0.0,False,-15.93,-15.93,-114.54,False,0.0,False
2014-05-06,2014-05-07,0,Overnight,0.0,False,20.71,20.71,-49.55,False,0.0,False
2014-05-07,2014-05-08,0,Overnight,0.0,False,-35.88,-35.88,26.63,False,0.0,False
2014-05-08,2014-05-09,0,Overnight,0.0,False,-5.78,-5.78,42.72,False,0.0,False
2014-05-09,2014-05-12,2,Weekend,48.0,False,59.73,59.73,103.68,False,0.0,False
2014-05-12,2014-05-13,0,Overnight,0.0,False,9.06,9.06,-2.26,False,0.0,False
2014-05-13,2014-05-14,0,Overnight,0.0,False,-30.63,-30.63,-21.61,False,0.0,False
2014-05-14,2014-05-15,0,Overnight,0.0,False,-2.28,-2.28,-76.59,False,0.0,False
2014-05-15,2014-05-16,0,Overnight,0.0,False,11.47,11.47,53.73,False,0.0,False
2014-05-16,2014-05-19,2,Weekend,48.0,False,-29.69,-29.69,98.99,False,0.0,False
2014-05-19,2014-05-20,0,Overnight,0.0,False,-4.53,-4.53,-31.77,False,0.0,False
2014-05-20,2014-05-21,0,Overnight,0.0,False,18.17,18.17,76.84,False,0.0,False
2014-05-21,2014-05-22,0,Overnight,0.0,False,11.25,11.25,32.55,False,0.0,False
2014-05-22,2014-05-23,0,Overnight,0.0,False,10.08,10.08,62.5,False,0.0,False
2014-05-23,2014-05-27,3,Long,72.0,False,44.41,44.41,79.44,False,0.0,False
2014-05-27,2014-05-28,0,Overnight,0.0,False,-3.3,-3.3,-27.52,False,0.0,False
2014-05-28,2014-05-29,0,Overnight,0.0,False,35.21,35.21,28.52,False,0.0,False
2014-05-29,2014-05-30,0,Overnight,0.0,False,2.19,2.19,-1.1,False,0.0,False
2014-05-30,2014-06-02,2,Weekend,48.0,False,12.04,12.04,-21.9,False,0.0,False
2014-06-02,2014-06-03,0,Overnight,0.0,False,-32.94,-32.94,28.56,False,0.0,False
2014-06-03,2014-06-04,0,Overnight,0.0,False,-25.26,-25.26,62.48,False,0.0,False
2014-06-04,2014-06-05,0,Overnight,0.0,False,8.74,8.74,75.05,False,0.0,False
2014-06-05,2014-06-06,0,Overnight,0.0,False,36.77,36.77,20.49,False,0.0,False
2014-06-06,2014-06-09,2,Weekend,48.0,False,2.15,2.15,-9.7,False,0.0,False
2014-06-09,2014-06-10,0,Overnight,0.0,False,-8.63,-8.63,25.87,False,0.0,False
2014-06-10,2014-06-11,0,Overnight,0.0,False,-34.5,-34.5,32.35,False,0.0,False
2014-06-11,2014-06-12,0,Overnight,0.0,False,-21.55,-21.55,-69.29,False,0.0,False
2014-06-12,2014-06-13,0,Overnight,0.0,False,43.36,43.36,-14.07,False,0.0,False
2014-06-13,2014-06-16,2,Weekend,48.0,False,-17.35,-17.35,26.01,False,0.0,False
2014-06-16,2014-06-17,0,Overnight,0.0,False,-7.58,-7.58,12.99,False,0.0,False
2014-06-17,2014-06-18,0,Overnight,0.0,False,9.73,9.73,46.36,False,0.0,False
2014-06-18,2014-06-19,0,Overnight,0.0,False,15.05,15.05,-21.5,False,0.0,False
2014-06-19,2014-06-20,0,Overnight,0.0,False,-22.63,4.2,7.55,True,26.8,False
2014-06-20,2014-06-23,2,Weekend,48.0,False,-1.08,-1.08,3.23,False,0.0,False
2014-06-23,2014-06-24,0,Overnight,0.0,False,-1.08,-1.08,-8.63,False,0.0,False
2014-06-24,2014-06-25,0,Overnight,0.0,False,-22.68,-22.68,86.12,False,0.0,False
2014-06-25,2014-06-26,0,Overnight,0.0,False,6.43,6.43,-1.07,False,0.0,False
2014-06-26,2014-06-27,0,Overnight,0.0,False,-12.86,-12.86,56.69,False,0.0,False
2014-06-27,2014-06-30,2,Weekend,48.0,False,-2.13,-2.13,19.19,False,0.0,False
2014-06-30,2014-07-01,0,Overnight,0.0,False,35.08,35.08,74.0,False,0.0,False
2014-07-01,2014-07-02,0,Overnight,0.0,False,6.32,6.32,10.52,False,0.0,False
2014-07-02,2014-07-03,0,Overnight,0.0,False,32.54,32.54,30.35,False,0.0,False
2014-07-03,2014-07-07,3,Long,72.0,True,-11.5,-11.5,-18.85,False,0.0,False
2014-07-07,2014-07-08,0,Overnight,0.0,False,-18.88,-18.88,-102.38,False,0.0,False
2014-07-08,2014-07-09,0,Overnight,0.0,False,26.49,26.49,47.5,False,0.0,False
2014-07-09,2014-07-10,0,Overnight,0.0,False,-129.31,-129.31,97.67,False,0.0,False
2014-07-10,2014-07-11,0,Overnight,0.0,False,25.32,25.32,38.91,False,0.0,False
2014-07-11,2014-07-14,2,Weekend,48.0,False,45.03,45.03,14.62,False,0.0,False
2014-07-14,2014-07-15,0,Overnight,0.0,False,15.64,15.64,-50.13,False,0.0,False
2014-07-15,2014-07-16,0,Overnight,0.0,False,71.98,71.98,-32.28,False,0.0,False
2014-07-16,2014-07-17,0,Overnight,0.0,False,-27.15,-27.15,-106.18,False,0.0,False
2014-07-17,2014-07-18,0,Overnight,0.0,False,51.65,51.65,105.63,False,0.0,False
2014-07-18,2014-07-21,2,Weekend,48.0,False,-20.83,-20.83,8.34,False,0.0,False
2014-07-21,2014-07-22,0,Overnight,0.0,False,46.77,46.77,16.58,False,0.0,False
2014-07-22,2014-07-23,0,Overnight,0.0,False,35.13,35.13,28.84,False,0.0,False
2014-07-23,2014-07-24,0,Overnight,0.0,False,17.47,17.47,-28.79,False,0.0,False
2014-07-24,2014-07-25,0,Overnight,0.0,False,-51.62,-51.62,12.41,False,0.0,False
2014-07-25,2014-07-28,2,Weekend,48.0,False,10.33,10.33,-7.23,False,0.0,False
2014-07-28,2014-07-29,0,Overnight,0.0,False,21.68,21.68,-39.26,False,0.0,False
2014-07-29,2014-07-30,0,Overnight,0.0,False,55.75,55.75,-16.48,False,0.0,False
2014-07-30,2014-07-31,0,Overnight,0.0,False,-82.83,-82.83,-121.34,False,0.0,False
2014-07-31,2014-08-01,0,Overnight,0.0,False,-21.07,-21.07,-15.83,False,0.0,False
2014-08-01,2014-08-04,2,Weekend,48.0,False,21.1,21.1,47.32,False,0.0,False
2014-08-04,2014-08-05,0,Overnight,0.0,False,-39.95,-39.95,-36.93,False,0.0,False
2014-08-05,2014-08-06,0,Overnight,0.0,False,-62.57,-62.57,55.17,False,0.0,False
2014-08-06,2014-08-07,0,Overnight,0.0,False,46.44,46.44,-78.23,False,0.0,False
2014-08-07,2014-08-08,0,Overnight,0.0,False,15.91,15.91,56.0,False,0.0,False
2014-08-08,2014-08-11,2,Weekend,48.0,False,38.91,38.91,19.92,False,0.0,False
2014-08-11,2014-08-12,0,Overnight,0.0,False,-10.48,-10.48,6.29,False,0.0,False
2014-08-12,2014-08-13,0,Overnight,0.0,False,40.79,40.79,64.5,False,0.0,False
2014-08-13,2014-08-14,0,Overnight,0.0,False,13.47,13.47,38.25,False,0.0,False
2014-08-14,2014-08-15,0,Overnight,0.0,False,57.61,57.61,-9.24,False,0.0,False
2014-08-15,2014-08-18,2,Weekend,48.0,False,52.22,52.22,24.48,False,0.0,False
2014-08-18,2014-08-19,0,Overnight,0.0,False,23.41,23.41,32.47,False,0.0,False
2014-08-19,2014-08-20,0,Overnight,0.0,False,-8.11,-8.11,8.11,False,0.0,False
2014-08-20,2014-08-21,0,Overnight,0.0,False,5.06,5.06,15.18,False,0.0,False
2014-08-21,2014-08-22,0,Overnight,0.0,False,4.04,4.04,11.11,False,0.0,False
2014-08-22,2014-08-25,2,Weekend,48.0,False,47.34,47.34,-12.06,False,0.0,False
2014-08-25,2014-08-26,0,Overnight,0.0,False,15.08,15.08,-5.02,False,0.0,False
2014-08-26,2014-08-27,0,Overnight,0.0,False,3.01,3.01,-1.0,False,0.0,False
2014-08-27,2014-08-28,0,Overnight,0.0,False,-34.22,-34.22,23.16,False,0.0,False
2014-08-28,2014-08-29,0,Overnight,0.0,False,22.11,22.11,15.04,False,0.0,False
2014-08-29,2014-09-02,3,Long,72.0,False,24.02,24.02,5.0,False,0.0,False
2014-09-02,2014-09-03,0,Overnight,0.0,False,26.94,26.94,-86.08,False,0.0,False
2014-09-03,2014-09-04,0,Overnight,0.0,False,23.09,23.09,-32.14,False,0.0,False
2014-09-04,2014-09-05,0,Overnight,0.0,False,15.08,15.08,35.1,False,0.0,False
2014-09-05,2014-09-08,2,Weekend,48.0,False,3.0,3.0,16.0,False,0.0,False
2014-09-08,2014-09-09,0,Overnight,0.0,False,1.0,1.0,-84.28,False,0.0,False
2014-09-09,2014-09-10,0,Overnight,0.0,False,13.09,13.09,69.19,False,0.0,False
2014-09-10,2014-09-11,0,Overnight,0.0,False,-43.06,-43.06,35.06,False,0.0,False
2014-09-11,2014-09-12,0,Overnight,0.0,False,-9.0,-9.0,-42.13,False,0.0,False
2014-09-12,2014-09-15,2,Weekend,48.0,False,11.05,11.05,-108.02,False,0.0,False
2014-09-15,2014-09-16,0,Overnight,0.0,False,-37.63,-37.63,124.54,False,0.0,False
2014-09-16,2014-09-17,0,Overnight,0.0,False,-2.01,-2.01,17.09,False,0.0,False
2014-09-17,2014-09-18,0,Overnight,0.0,False,31.1,31.1,43.97,False,0.0,False
2014-09-18,2014-09-19,0,Overnight,0.0,False,17.93,41.6,-47.89,True,23.73,False
2014-09-19,2014-09-22,2,Weekend,48.0,False,-24.03,-24.03,-69.42,False,0.0,False
2014-09-22,2014-09-23,0,Overnight,0.0,False,-40.47,-40.47,13.17,False,0.0,False
2014-09-23,2014-09-24,0,Overnight,0.0,False,10.12,10.12,96.62,False,0.0,False
2014-09-24,2014-09-25,0,Overnight,0.0,False,-32.1,-32.1,-180.48,False,0.0,False
2014-09-25,2014-09-26,0,Overnight,0.0,False,32.69,32.69,73.16,False,0.0,False
2014-09-26,2014-09-29,2,Weekend,48.0,False,-99.71,-99.71,86.54,False,0.0,False
2014-09-29,2014-09-30,0,Overnight,0.0,False,27.33,27.33,-13.15,False,0.0,False
2014-09-30,2014-10-01,0,Overnight,0.0,False,-28.38,-28.38,-132.85,False,0.0,False
2014-10-01,2014-10-02,0,Overnight,0.0,False,-4.12,-4.12,4.12,False,0.0,False
2014-10-02,2014-10-03,0,Overnight,0.0,False,58.46,58.46,39.81,False,0.0,False
2014-10-03,2014-10-06,2,Weekend,48.0,False,31.53,31.53,-52.94,False,0.0,False
2014-10-06,2014-10-07,0,Overnight,0.0,False,-47.07,-47.07,-95.84,False,0.0,False
2014-10-07,2014-10-08,0,Overnight,0.0,False,5.18,5.18,187.63,False,0.0,False
2014-10-08,2014-10-09,0,Overnight,0.0,False,-13.21,-13.21,-149.61,False,0.0,False
2014-10-09,2014-10-10,0,Overnight,0.0,False,-59.02,-59.02,-194.0,False,0.0,False
2014-10-10,2014-10-13,2,Weekend,48.0,False,-18.02,-18.02,-139.94,False,0.0,False
2014-10-13,2014-10-14,0,Overnight,0.0,False,62.2,62.2,-61.12,False,0.0,False
2014-10-14,2014-10-15,0,Overnight,0.0,False,-151.73,-151.73,86.99,False,0.0,False
2014-10-15,2014-10-16,0,Overnight,0.0,False,-213.37,-213.37,150.38,False,0.0,False
2014-10-16,2014-10-17,0,Overnight,0.0,False,130.96,130.96,0.0,False,0.0,False
2014-10-17,2014-10-20,2,Weekend,48.0,False,-1.08,-1.08,149.43,False,0.0,False
2014-10-20,2014-10-21,0,Overnight,0.0,False,123.19,123.19,136.16,False,0.0,False
2014-10-21,2014-10-22,0,Overnight,0.0,False,30.92,30.92,-82.67,False,0.0,False
2014-10-22,2014-10-23,0,Overnight,0.0,False,100.15,100.15,49.19,False,0.0,False
2014-10-23,2014-10-24,0,Overnight,0.0,False,21.44,21.44,60.01,False,0.0,False
2014-10-24,2014-10-27,2,Weekend,48.0,False,-19.28,-19.28,26.38,False,0.0,False
2014-10-27,2014-10-28,0,Overnight,0.0,False,46.5,46.5,103.35,False,0.0,False
2014-10-28,2014-10-29,0,Overnight,0.0,False,-33.0,-33.0,-4.01,False,0.0,False
2014-10-29,2014-10-30,0,Overnight,0.0,False,-45.19,-45.19,66.21,False,0.0,False
2014-10-30,2014-10-31,0,Overnight,0.0,False,164.6,164.6,-27.58,False,0.0,False
2014-10-31,2014-11-03,2,Weekend,49.0,False,17.74,17.74,11.81,False,0.0,False
2014-11-03,2014-11-04,0,Overnight,0.0,False,-31.51,-31.51,-1.97,False,0.0,False
2014-11-04,2014-11-05,0,Overnight,0.0,False,65.88,65.88,-64.9,False,0.0,False
2014-11-05,2014-11-06,0,Overnight,0.0,False,-0.99,-0.99,32.5,False,0.0,False
2014-11-06,2014-11-07,0,Overnight,0.0,False,17.69,17.69,-26.54,False,0.0,False
2014-11-07,2014-11-10,2,Weekend,48.0,False,4.92,4.92,30.45,False,0.0,False
2014-11-10,2014-11-11,0,Overnight,0.0,False,1.96,1.96,29.37,False,0.0,False
2014-11-11,2014-11-12,0,Overnight,0.0,False,-40.17,-40.17,57.75,False,0.0,False
2014-11-12,2014-11-13,0,Overnight,0.0,False,18.53,18.53,24.32,False,0.0,False
2014-11-13,2014-11-14,0,Overnight,0.0,False,-2.92,-2.92,33.97,False,0.0,False
2014-11-14,2014-11-17,2,Weekend,48.0,False,-23.28,-23.28,-6.8,False,0.0,False
2014-11-17,2014-11-18,0,Overnight,0.0,False,8.74,8.74,65.8,False,0.0,False
2014-11-18,2014-11-19,0,Overnight,0.0,False,-10.62,-10.62,-34.82,False,0.0,False
2014-11-19,2014-11-20,0,Overnight,0.0,False,-42.72,-42.72,87.19,False,0.0,False
2014-11-20,2014-11-21,0,Overnight,0.0,False,88.35,88.35,-69.08,False,0.0,False
2014-11-21,2014-11-24,2,Weekend,48.0,False,26.92,26.92,50.76,False,0.0,False
2014-11-24,2014-11-25,0,Overnight,0.0,False,15.27,15.27,0.0,False,0.0,False
2014-11-25,2014-11-26,0,Overnight,0.0,False,9.53,9.53,55.12,False,0.0,False
2014-11-26,2014-11-28,1,Short,24.0,False,26.5,26.5,19.83,False,0.0,False
2014-11-28,2014-12-01,2,Weekend,48.0,True,-27.39,-27.39,-86.45,False,0.0,False
2014-12-01,2014-12-02,0,Overnight,0.0,False,10.49,10.49,29.5,False,0.0,False
2014-12-02,2014-12-03,0,Overnight,0.0,False,15.19,15.19,2.85,False,0.0,False
2014-12-03,2014-12-04,0,Overnight,0.0,False,-9.49,-9.49,4.75,False,0.0,False
2014-12-04,2014-12-05,0,Overnight,0.0,False,16.12,16.12,-15.17,False,0.0,False
2014-12-05,2014-12-08,2,Weekend,48.0,False,-25.65,-25.65,-45.77,False,0.0,False
2014-12-08,2014-12-09,0,Overnight,0.0,False,-117.29,-117.29,148.78,False,0.0,False
2014-12-09,2014-12-10,0,Overnight,0.0,False,-18.12,-18.12,-140.33,False,0.0,False
2014-12-10,2014-12-11,0,Overnight,0.0,False,29.0,29.0,18.32,False,0.0,False
2014-12-11,2014-12-12,0,Overnight,0.0,False,-95.83,-95.83,-13.63,False,0.0,False
2014-12-12,2014-12-15,2,Weekend,48.0,False,51.49,51.49,-155.27,False,0.0,False
2014-12-15,2014-12-16,0,Overnight,0.0,False,-63.19,-63.19,-98.53,False,0.0,False
2014-12-16,2014-12-17,0,Overnight,0.0,False,7.0,7.0,173.4,False,0.0,False
2014-12-17,2014-12-18,0,Overnight,0.0,False,142.4,142.4,95.42,False,0.0,False
2014-12-18,2014-12-19,0,Overnight,0.0,False,-26.89,10.26,33.61,True,37.12,False
2014-12-19,2014-12-22,2,Weekend,48.0,False,-16.31,-16.31,41.2,False,0.0,False
2014-12-22,2014-12-23,0,Overnight,0.0,False,36.27,36.27,-71.71,False,0.0,False
2014-12-23,2014-12-24,0,Overnight,0.0,False,12.47,12.47,-3.83,False,0.0,False
2014-12-24,2014-12-26,1,Short,24.0,True,28.72,28.72,41.98,False,0.0,False
2014-12-26,2014-12-29,2,Weekend,48.0,False,-9.52,-9.52,7.62,False,0.0,False
2014-12-29,2014-12-30,0,Overnight,0.0,False,-28.61,-28.61,-38.27,False,0.0,False
2014-12-30,2014-12-31,0,Overnight,0.0,False,17.24,17.24,-120.34,False,0.0,False
2014-12-31,2015-01-02,1,Short,24.0,False,49.27,49.27,-79.34,False,0.0,False
2015-01-02,2015-01-05,2,Weekend,48.0,False,-43.81,-43.81,-103.96,False,0.0,False
2015-01-05,2015-01-06,0,Overnight,0.0,False,14.78,14.78,-149.77,False,0.0,False
2015-01-06,2015-01-07,0,Overnight,0.0,False,65.74,65.74,62.35,False,0.0,False
2015-01-07,2015-01-08,0,Overnight,0.0,False,84.49,84.49,105.1,False,0.0,False
2015-01-08,2015-01-09,0,Overnight,0.0,False,30.93,30.93,-96.98,False,0.0,False
2015-01-09,2015-01-12,2,Weekend,48.0,False,19.47,19.47,-124.29,False,0.0,False
2015-01-12,2015-01-13,0,Overnight,0.0,False,97.02,97.02,-99.97,False,0.0,False
2015-01-13,2015-01-14,0,Overnight,0.0,False,-100.98,-100.98,45.67,False,0.0,False
2015-01-14,2015-01-15,0,Overnight,0.0,False,46.45,46.45,-177.05,False,0.0,False
2015-01-15,2015-01-16,0,Overnight,0.0,False,-13.05,-13.05,129.78,False,0.0,False
2015-01-16,2015-01-20,3,Long,72.0,False,60.32,60.32,18.71,False,0.0,False
2015-01-20,2015-01-21,0,Overnight,0.0,False,-29.57,-29.57,80.61,False,0.0,False
2015-01-21,2015-01-22,0,Overnight,0.0,False,39.09,39.09,144.26,False,0.0,False
2015-01-22,2015-01-23,0,Overnight,0.0,False,-0.96,-0.96,23.05,False,0.0,False
2015-01-23,2015-01-26,2,Weekend,48.0,False,-11.52,-11.52,0.0,False,0.0,False
2015-01-26,2015-01-27,0,Overnight,0.0,False,-158.73,-158.73,-103.95,False,0.0,False
2015-01-27,2015-01-28,0,Overnight,0.0,False,159.41,159.41,-210.8,False,0.0,False
2015-01-28,2015-01-29,0,Overnight,0.0,False,-7.93,-7.93,103.59,False,0.0,False
2015-01-29,2015-01-30,0,Overnight,0.0,False,-8.84,-8.84,-69.0,False,0.0,False
2015-01-30,2015-02-02,2,Weekend,48.0,False,22.72,22.72,63.94,False,0.0,False
2015-02-02,2015-02-03,0,Overnight,0.0,False,36.22,36.22,59.42,False,0.0,False
2015-02-03,2015-02-04,0,Overnight,0.0,False,-40.88,-40.88,32.13,False,0.0,False
2015-02-04,2015-02-05,0,Overnight,0.0,False,25.24,25.24,60.9,False,0.0,False
2015-02-05,2015-02-06,0,Overnight,0.0,False,15.41,15.41,-76.31,False,0.0,False
2015-02-06,2015-02-09,2,Weekend,48.0,False,-38.86,-38.86,6.81,False,0.0,False
2015-02-09,2015-02-10,0,Overnight,0.0,False,55.29,55.29,99.15,False,0.0,False
2015-02-10,2015-02-11,0,Overnight,0.0,False,11.49,11.49,24.84,False,0.0,False
2015-02-11,2015-02-12,0,Overnight,0.0,False,64.69,64.69,51.07,False,0.0,False
2015-02-12,2015-02-13,0,Overnight,0.0,False,28.26,28.26,57.22,False,0.0,False
2015-02-13,2015-02-17,3,Long,72.0,False,0.0,0.0,9.35,False,0.0,False
2015-02-17,2015-02-18,0,Overnight,0.0,False,-12.16,-12.16,26.16,False,0.0,False
2015-02-18,2015-02-19,0,Overnight,0.0,False,-6.54,-6.54,55.87,False,0.0,False
2015-02-19,2015-02-20,0,Overnight,0.0,False,-6.5,-6.5,73.14,False,0.0,False
2015-02-20,2015-02-23,2,Weekend,48.0,False,-5.54,-5.54,15.68,False,0.0,False
2015-02-23,2015-02-24,0,Overnight,0.0,False,-12.91,-12.91,20.28,False,0.0,False
2015-02-24,2015-02-25,0,Overnight,0.0,False,-14.74,-14.74,-10.15,False,0.0,False
2015-02-25,2015-02-26,0,Overnight,0.0,False,10.15,10.15,40.49,False,0.0,False
2015-02-26,2015-02-27,0,Overnight,0.0,False,-3.67,-3.67,-40.51,False,0.0,False
2015-02-27,2015-03-02,2,Weekend,48.0,False,19.35,19.35,70.65,False,0.0,False
2015-03-02,2015-03-03,0,Overnight,0.0,False,-30.22,-30.22,-16.52,False,0.0,False
2015-03-03,2015-03-04,0,Overnight,0.0,False,-33.12,-33.12,-5.53,False,0.0,False
2015-03-04,2015-03-05,0,Overnight,0.0,False,25.79,25.79,-8.28,False,0.0,False
2015-03-05,2015-03-06,0,Overnight,0.0,False,-12.89,-12.89,-100.97,False,0.0,False
2015-03-06,2015-03-09,2,Weekend,47.0,False,20.46,20.46,8.36,False,0.0,False
2015-03-09,2015-03-10,0,Overnight,0.0,False,-71.74,-71.74,-115.67,False,0.0,False
2015-03-10,2015-03-11,0,Overnight,0.0,False,15.12,15.12,-72.99,False,0.0,False
2015-03-11,2015-03-12,0,Overnight,0.0,False,-7.61,-7.61,73.05,False,0.0,False
2015-03-12,2015-03-13,0,Overnight,0.0,False,-9.46,-9.46,-34.12,False,0.0,False
2015-03-13,2015-03-16,2,Weekend,48.0,False,36.96,36.96,91.32,False,0.0,False
2015-03-16,2015-03-17,0,Overnight,0.0,False,-27.22,-27.22,43.14,False,0.0,False
2015-03-17,2015-03-18,0,Overnight,0.0,False,-27.17,-27.17,124.94,False,0.0,False
2015-03-18,2015-03-19,0,Overnight,0.0,False,10.19,10.19,4.63,False,0.0,False
2015-03-19,2015-03-20,0,Overnight,0.0,False,59.04,81.83,-17.49,True,22.95,False
2015-03-20,2015-03-23,2,Weekend,48.0,False,-5.53,-5.53,-13.84,False,0.0,False
2015-03-23,2015-03-24,0,Overnight,0.0,False,-0.92,-0.92,-35.15,False,0.0,False
2015-03-24,2015-03-25,0,Overnight,0.0,False,15.74,15.74,-247.25,False,0.0,False
2015-03-25,2015-03-26,0,Overnight,0.0,False,-82.84,-82.84,48.64,False,0.0,False
2015-03-26,2015-03-27,0,Overnight,0.0,False,-1.9,-1.9,41.78,False,0.0,False
2015-03-27,2015-03-30,2,Weekend,48.0,False,60.47,60.47,53.55,False,0.0,False
2015-03-30,2015-03-31,0,Overnight,0.0,False,-28.15,-28.15,-78.29,False,0.0,False
2015-03-31,2015-04-01,0,Overnight,0.0,False,0.0,0.0,-52.22,False,0.0,False
2015-04-01,2015-04-02,0,Overnight,0.0,False,9.51,9.51,-2.85,False,0.0,False
2015-04-02,2015-04-06,3,Long,72.0,False,-59.16,-59.16,140.63,False,0.0,False
2015-04-06,2015-04-07,0,Overnight,0.0,False,-5.66,-5.66,-11.34,False,0.0,False
2015-04-07,2015-04-08,0,Overnight,0.0,False,3.78,3.78,75.3,False,0.0,False
2015-04-08,2015-04-09,0,Overnight,0.0,False,-4.69,-4.69,67.32,False,0.0,False
2015-04-09,2015-04-10,0,Overnight,0.0,False,-3.73,-3.73,44.65,False,0.0,False
2015-04-10,2015-04-13,2,Weekend,48.0,False,7.42,7.42,-32.51,False,0.0,False
2015-04-13,2015-04-14,0,Overnight,0.0,False,-10.24,-10.24,-18.65,False,0.0,False
2015-04-14,2015-04-15,0,Overnight,0.0,False,26.09,26.09,36.23,False,0.0,False
2015-04-15,2015-04-16,0,Overnight,0.0,False,-26.93,-26.93,13.01,False,0.0,False
2015-04-16,2015-04-17,0,Overnight,0.0,False,-96.11,-96.11,-61.13,False,0.0,False
2015-04-17,2015-04-20,2,Weekend,48.0,False,49.87,49.87,99.0,False,0.0,False
2015-04-20,2015-04-21,0,Overnight,0.0,False,57.46,57.46,-14.8,False,0.0,False
2015-04-21,2015-04-22,0,Overnight,0.0,False,25.88,25.88,28.57,False,0.0,False
2015-04-22,2015-04-23,0,Overnight,0.0,False,-34.11,-34.11,71.78,False,0.0,False
2015-04-23,2015-04-24,0,Overnight,0.0,False,104.89,104.89,29.9,False,0.0,False
2015-04-24,2015-04-27,2,Weekend,48.0,False,37.02,37.02,-62.38,False,0.0,False
2015-04-27,2015-04-28,0,Overnight,0.0,False,7.25,7.25,-27.23,False,0.0,False
2015-04-28,2015-04-29,0,Overnight,0.0,False,-55.59,-55.59,-7.31,False,0.0,False
2015-04-29,2015-04-30,0,Overnight,0.0,False,-56.86,-56.86,-101.68,False,0.0,False
2015-04-30,2015-05-01,0,Overnight,0.0,False,38.95,38.95,92.12,False,0.0,False
2015-05-01,2015-05-04,2,Weekend,48.0,False,32.04,32.04,-15.55,False,0.0,False
2015-05-04,2015-05-05,0,Overnight,0.0,False,-39.44,-39.44,-124.86,False,0.0,False
2015-05-05,2015-05-06,0,Overnight,0.0,False,17.67,17.67,-86.77,False,0.0,False
2015-05-06,2015-05-07,0,Overnight,0.0,False,-2.81,-2.81,62.61,False,0.0,False
2015-05-07,2015-05-08,0,Overnight,0.0,False,102.87,102.87,21.18,False,0.0,False
2015-05-08,2015-05-11,2,Weekend,48.0,False,6.44,6.44,-45.16,False,0.0,False
2015-05-11,2015-05-12,0,Overnight,0.0,False,-59.29,-59.29,13.93,False,0.0,False
2015-05-12,2015-05-13,0,Overnight,0.0,False,43.51,43.51,-23.12,False,0.0,False
2015-05-13,2015-05-14,0,Overnight,0.0,False,81.15,81.15,64.09,False,0.0,False
2015-05-14,2015-05-15,0,Overnight,0.0,False,25.52,25.52,-25.52,False,0.0,False
2015-05-15,2015-05-18,2,Weekend,48.0,False,-16.44,-16.44,60.15,False,0.0,False
2015-05-18,2015-05-19,0,Overnight,0.0,False,10.9,10.9,-21.81,False,0.0,False
2015-05-19,2015-05-20,0,Overnight,0.0,False,7.27,7.27,-0.91,False,0.0,False
2015-05-20,2015-05-21,0,Overnight,0.0,False,-17.29,-17.29,68.97,False,0.0,False
2015-05-21,2015-05-22,0,Overnight,0.0,False,-11.76,-11.76,1.81,False,0.0,False
2015-05-22,2015-05-26,3,Long,72.0,False,-21.75,-21.75,-93.88,False,0.0,False
2015-05-26,2015-05-27,0,Overnight,0.0,False,30.17,30.17,129.71,False,0.0,False
2015-05-27,2015-05-28,0,Overnight,0.0,False,-18.94,-18.94,-3.61,False,0.0,False
2015-05-28,2015-05-29,0,Overnight,0.0,False,-6.32,-6.32,-53.47,False,0.0,False
2015-05-29,2015-06-01,2,Weekend,48.0,False,53.47,53.47,-19.9,False,0.0,False
2015-06-01,2015-06-02,0,Overnight,0.0,False,-37.2,-37.2,5.45,False,0.0,False
2015-06-02,2015-06-03,0,Overnight,0.0,False,45.32,45.32,-15.39,False,0.0,False
2015-06-03,2015-06-04,0,Overnight,0.0,False,-56.32,-56.32,-20.06,False,0.0,False
2015-06-04,2015-06-05,0,Overnight,0.0,False,-11.87,-11.87,-11.89,False,0.0,False
2015-06-05,2015-06-08,2,Weekend,48.0,False,-4.58,-4.58,-97.5,False,0.0,False
2015-06-08,2015-06-09,0,Overnight,0.0,False,-24.06,-24.06,7.41,False,0.0,False
2015-06-09,2015-06-10,0,Overnight,0.0,False,34.2,34.2,101.9,False,0.0,False
2015-06-10,2015-06-11,0,Overnight,0.0,False,33.74,33.74,-19.13,False,0.0,False
2015-06-11,2015-06-12,0,Overnight,0.0,False,-53.04,-53.04,-29.38,False,0.0,False
2015-06-12,2015-06-15,2,Weekend,48.0,False,-74.76,-74.76,24.98,False,0.0,False
2015-06-15,2015-06-16,0,Overnight,0.0,False,-10.17,-10.17,64.55,False,0.0,False
2015-06-16,2015-06-17,0,Overnight,0.0,False,16.53,16.53,11.0,False,0.0,False
2015-06-17,2015-06-18,0,Overnight,0.0,False,36.6,36.6,108.09,False,0.0,False
2015-06-18,2015-06-19,0,Overnight,0.0,False,-18.09,4.88,-54.45,True,22.95,False
2015-06-19,2015-06-22,2,Weekend,48.0,False,73.44,73.44,0.0,False,0.0,False
2015-06-22,2015-06-23,0,Overnight,0.0,False,10.83,10.83,-2.71,False,0.0,False
2015-06-23,2015-06-24,0,Overnight,0.0,False,-11.74,-11.74,-39.84,False,0.0,False
2015-06-24,2015-06-25,0,Overnight,0.0,False,38.94,38.94,-58.92,False,0.0,False
2015-06-25,2015-06-26,0,Overnight,0.0,False,-1.82,-1.82,-64.77,False,0.0,False
2015-06-26,2015-06-29,2,Weekend,48.0,False,-111.35,-111.35,-127.59,False,0.0,False
2015-06-29,2015-06-30,0,Overnight,0.0,False,74.7,74.7,-39.15,False,0.0,False
2015-06-30,2015-07-01,0,Overnight,0.0,False,98.51,98.51,-19.44,False,0.0,False
2015-07-01,2015-07-02,0,Overnight,0.0,False,28.68,28.68,-25.9,False,0.0,False
2015-07-02,2015-07-06,3,Long,72.0,False,-63.19,-63.19,40.01,False,0.0,False
2015-07-06,2015-07-07,0,Overnight,0.0,False,11.14,11.14,13.9,False,0.0,False
2015-07-07,2015-07-08,0,Overnight,0.0,False,-71.57,-71.57,-104.08,False,0.0,False
2015-07-08,2015-07-09,0,Overnight,0.0,False,132.03,132.03,-137.69,False,0.0,False
2015-07-09,2015-07-10,0,Overnight,0.0,False,132.11,132.11,19.53,False,0.0,False
2015-07-10,2015-07-13,2,Weekend,48.0,False,86.02,86.02,88.03,False,0.0,False
2015-07-13,2015-07-14,0,Overnight,0.0,False,13.68,13.68,51.83,False,0.0,False
2015-07-14,2015-07-15,0,Overnight,0.0,False,19.03,19.03,-8.15,False,0.0,False
2015-07-15,2015-07-16,0,Overnight,0.0,False,82.1,82.1,58.24,False,0.0,False
2015-07-16,2015-07-17,0,Overnight,0.0,False,80.08,80.08,66.25,False,0.0,False
2015-07-17,2015-07-20,2,Weekend,48.0,False,21.11,21.11,13.17,False,0.0,False
2015-07-20,2015-07-21,0,Overnight,0.0,False,3.51,3.51,-9.65,False,0.0,False
2015-07-21,2015-07-22,0,Overnight,0.0,False,-153.93,-153.93,40.04,False,0.0,False
2015-07-22,2015-07-23,0,Overnight,0.0,False,9.76,9.76,-47.13,False,0.0,False
2015-07-23,2015-07-24,0,Overnight,0.0,False,53.33,53.33,-151.86,False,0.0,False
2015-07-24,2015-07-27,2,Weekend,48.0,False,-56.87,-56.87,-26.29,False,0.0,False
2015-07-27,2015-07-28,0,Overnight,0.0,False,44.37,44.37,41.48,False,0.0,False
2015-07-28,2015-07-29,0,Overnight,0.0,False,21.57,21.57,16.15,False,0.0,False
2015-07-29,2015-07-30,0,Overnight,0.0,False,-23.34,-23.34,70.74,False,0.0,False
2015-07-30,2015-07-31,0,Overnight,0.0,False,31.18,31.18,-42.78,False,0.0,False
2015-07-31,2015-08-03,2,Weekend,48.0,False,1.79,1.79,-33.1,False,0.0,False
2015-08-03,2015-08-04,0,Overnight,0.0,False,-4.48,-4.48,-14.35,False,0.0,False
2015-08-04,2015-08-05,0,Overnight,0.0,False,55.51,55.51,21.4,False,0.0,False
2015-08-05,2015-08-06,0,Overnight,0.0,False,8.9,8.9,-170.56,False,0.0,False
2015-08-06,2015-08-07,0,Overnight,0.0,False,-24.48,-24.48,11.79,False,0.0,False
2015-08-07,2015-08-10,2,Weekend,48.0,False,63.26,63.26,50.32,False,0.0,False
2015-08-10,2015-08-11,0,Overnight,0.0,False,-53.02,-53.02,-75.98,False,0.0,False
2015-08-11,2015-08-12,0,Overnight,0.0,False,-69.24,-69.24,103.68,False,0.0,False
2015-08-12,2015-08-13,0,Overnight,0.0,False,9.95,9.95,-26.25,False,0.0,False
2015-08-13,2015-08-14,0,Overnight,0.0,False,-23.59,-23.59,38.99,False,0.0,False
2015-08-14,2015-08-17,2,Weekend,48.0,False,-24.46,-24.46,107.37,False,0.0,False
2015-08-17,2015-08-18,0,Overnight,0.0,False,-13.47,-13.47,-37.81,False,0.0,False
2015-08-18,2015-08-19,0,Overnight,0.0,False,-30.72,-30.72,-35.35,False,0.0,False
2015-08-19,2015-08-20,0,Overnight,0.0,False,-93.05,-93.05,-187.8,False,0.0,False
2015-08-20,2015-08-21,0,Overnight,0.0,False,-142.02,-142.02,-304.88,False,0.0,False
2015-08-21,2015-08-24,2,Weekend,48.0,False,-831.48,-831.48,439.12,False,0.0,False
2015-08-24,2015-08-25,0,Overnight,0.0,False,360.08,360.08,-397.73,False,0.0,False
2015-08-25,2015-08-26,0,Overnight,0.0,False,288.39,288.39,202.96,False,0.0,False
2015-08-26,2015-08-27,0,Overnight,0.0,False,143.58,143.58,106.59,False,0.0,False
2015-08-27,2015-08-28,0,Overnight,0.0,False,-53.15,-53.15,51.26,False,0.0,False
2015-08-28,2015-08-31,2,Weekend,48.0,False,-56.02,-56.02,-68.79,False,0.0,False
2015-08-31,2015-09-01,0,Overnight,0.0,False,-252.42,-252.42,-65.1,False,0.0,False
2015-09-01,2015-09-02,0,Overnight,0.0,False,179.48,179.48,98.66,False,0.0,False
2015-09-02,2015-09-03,0,Overnight,0.0,False,39.38,39.38,-88.59,False,0.0,False
2015-09-03,2015-09-04,0,Overnight,0.0,False,-138.3,-138.3,18.62,False,0.0,False
2015-09-04,2015-09-08,3,Long,72.0,False,190.04,190.04,87.97,False,0.0,False
2015-09-08,2015-09-09,0,Overnight,0.0,False,117.36,117.36,-230.33,False,0.0,False
2015-09-09,2015-09-10,0,Overnight,0.0,False,-11.56,-11.56,119.77,False,0.0,False
2015-09-10,2015-09-11,0,Overnight,0.0,False,-45.82,-45.82,100.91,False,0.0,False
2015-09-11,2015-09-14,2,Weekend,48.0,False,36.87,36.87,-67.23,False,0.0,False
2015-09-14,2015-09-15,0,Overnight,0.0,False,23.72,23.72,93.4,False,0.0,False
2015-09-15,2015-09-16,0,Overnight,0.0,False,1.88,1.88,54.31,False,0.0,False
2015-09-16,2015-09-17,0,Overnight,0.0,False,-10.28,-10.28,14.01,False,0.0,False
2015-09-17,2015-09-18,0,Overnight,0.0,False,-178.95,-154.27,11.4,True,24.27,False
2015-09-18,2015-09-21,2,Weekend,48.0,False,54.9,54.9,-23.63,False,0.0,False
2015-09-21,2015-09-22,0,Overnight,0.0,False,-154.48,-154.48,3.84,False,0.0,False
2015-09-22,2015-09-23,0,Overnight,0.0,False,26.86,26.86,-19.18,False,0.0,False
2015-09-23,2015-09-24,0,Overnight,0.0,False,-97.42,-97.42,60.88,False,0.0,False
2015-09-24,2015-09-25,0,Overnight,0.0,False,106.37,106.37,-191.51,False,0.0,False
2015-09-25,2015-09-28,2,Weekend,48.0,False,-42.84,-42.84,-245.98,False,0.0,False
2015-09-28,2015-09-29,0,Overnight,0.0,False,24.97,24.97,-77.11,False,0.0,False
2015-09-29,2015-09-30,0,Overnight,0.0,False,141.75,141.75,85.86,False,0.0,False
2015-09-30,2015-10-01,0,Overnight,0.0,False,17.67,17.67,27.43,False,0.0,False
2015-10-01,2015-10-02,0,Overnight,0.0,False,-139.89,-139.89,313.49,False,0.0,False
2015-10-02,2015-10-05,2,Weekend,48.0,False,73.76,73.76,68.48,False,0.0,False
2015-10-05,2015-10-06,0,Overnight,0.0,False,-23.72,-23.72,-23.78,False,0.0,False
2015-10-06,2015-10-07,0,Overnight,0.0,False,62.66,62.66,-2.84,False,0.0,False
2015-10-07,2015-10-08,0,Overnight,0.0,False,-37.94,-37.94,77.62,False,0.0,False
2015-10-08,2015-10-09,0,Overnight,0.0,False,4.71,4.71,40.45,False,0.0,False
2015-10-09,2015-10-12,2,Weekend,48.0,False,18.76,18.76,5.62,False,0.0,False
2015-10-12,2015-10-13,0,Overnight,0.0,False,-57.29,-57.29,-7.54,False,0.0,False
2015-10-13,2015-10-14,0,Overnight,0.0,False,0.0,0.0,-16.04,False,0.0,False
2015-10-14,2015-10-15,0,Overnight,0.0,False,36.75,36.75,126.18,False,0.0,False
2015-10-15,2015-10-16,0,Overnight,0.0,False,21.34,21.34,20.37,False,0.0,False
2015-10-16,2015-10-19,2,Weekend,48.0,False,-12.96,-12.96,70.14,False,0.0,False
2015-10-19,2015-10-20,0,Overnight,0.0,False,-17.49,-17.49,-34.14,False,0.0,False
2015-10-20,2015-10-21,0,Overnight,0.0,False,50.71,50.71,-111.91,False,0.0,False
2015-10-21,2015-10-22,0,Overnight,0.0,False,88.89,88.89,112.75,False,0.0,False
2015-10-22,2015-10-23,0,Overnight,0.0,False,265.34,265.34,10.65,False,0.0,False
2015-10-23,2015-10-26,2,Weekend,48.0,False,-7.1,-7.1,13.3,False,0.0,False
2015-10-26,2015-10-27,0,Overnight,0.0,False,-26.62,-26.62,46.98,False,0.0,False
2015-10-27,2015-10-28,0,Overnight,0.0,False,15.02,15.02,67.76,False,0.0,False
2015-10-28,2015-10-29,0,Overnight,0.0,False,-45.71,-45.71,29.91,False,0.0,False
2015-10-29,2015-10-30,0,Overnight,0.0,False,4.39,4.39,-49.29,False,0.0,False
2015-10-30,2015-11-02,2,Weekend,49.0,False,26.44,26.44,85.88,False,0.0,False
2015-11-02,2015-11-03,0,Overnight,0.0,False,-20.09,-20.09,54.93,False,0.0,False
2015-11-03,2015-11-04,0,Overnight,0.0,False,32.99,32.99,-32.12,False,0.0,False
2015-11-04,2015-11-05,0,Overnight,0.0,False,8.69,8.69,-35.68,False,0.0,False
2015-11-05,2015-11-06,0,Overnight,0.0,False,-19.2,-19.2,26.17,False,0.0,False
2015-11-06,2015-11-09,2,Weekend,48.0,False,-37.53,-37.53,-69.32,False,0.0,False
2015-11-09,2015-11-10,0,Overnight,0.0,False,-52.97,-52.97,27.4,False,0.0,False
2015-11-10,2015-11-11,0,Overnight,0.0,False,27.33,27.33,-39.69,False,0.0,False
2015-11-11,2015-11-12,0,Overnight,0.0,False,-40.74,-40.74,-56.96,False,0.0,False
2015-11-12,2015-11-13,0,Overnight,0.0,False,-42.04,-42.04,-156.27,False,0.0,False
2015-11-13,2015-11-16,2,Weekend,48.0,False,-10.02,-10.02,152.84,False,0.0,False
2015-11-16,2015-11-17,0,Overnight,0.0,False,17.04,17.04,-10.76,False,0.0,False
2015-11-17,2015-11-18,0,Overnight,0.0,False,40.28,40.28,149.84,False,0.0,False
2015-11-18,2015-11-19,0,Overnight,0.0,False,5.28,5.28,1.76,False,0.0,False
2015-11-19,2015-11-20,0,Overnight,0.0,False,47.38,47.38,20.11,False,0.0,False
2015-11-20,2015-11-23,2,Weekend,48.0,False,3.49,3.49,-32.36,False,0.0,False
2015-11-23,2015-11-24,0,Overnight,0.0,False,-65.04,-65.04,56.27,False,0.0,False
2015-11-24,2015-11-25,0,Overnight,0.0,False,14.89,14.89,-6.13,False,0.0,False
2015-11-25,2015-11-27,1,Short,24.0,False,21.88,21.88,-7.87,False,0.0,False
2015-11-27,2015-11-30,2,Weekend,48.0,True,29.7,29.7,-55.1,False,0.0,False
2015-11-30,2015-12-01,0,Overnight,0.0,False,40.26,40.26,59.22,False,0.0,False
2015-12-01,2015-12-02,0,Overnight,0.0,False,7.81,7.81,-69.66,False,0.0,False
2015-12-02,2015-12-03,0,Overnight,0.0,False,27.05,27.05,-198.01,False,0.0,False
2015-12-03,2015-12-04,0,Overnight,0.0,False,30.17,30.17,200.89,False,0.0,False
2015-12-04,2015-12-07,2,Weekend,48.0,False,6.95,6.95,-52.21,False,0.0,False
2015-12-07,2015-12-08,0,Overnight,0.0,False,-105.25,-105.25,106.12,False,0.0,False
2015-12-08,2015-12-09,0,Overnight,0.0,False,-43.71,-43.71,-109.24,False,0.0,False
2015-12-09,2015-12-10,0,Overnight,0.0,False,23.01,23.01,22.07,False,0.0,False
2015-12-10,2015-12-11,0,Overnight,0.0,False,-116.19,-116.19,-116.66,False,0.0,False
2015-12-11,2015-12-14,2,Weekend,48.0,False,13.53,13.53,62.0,False,0.0,False
2015-12-14,2015-12-15,0,Overnight,0.0,False,91.85,91.85,-31.12,False,0.0,False
2015-12-15,2015-12-16,0,Overnight,0.0,False,67.44,67.44,80.16,False,0.0,False
2015-12-16,2015-12-17,0,Overnight,0.0,False,43.77,43.77,-190.48,False,0.0,False
2015-12-17,2015-12-18,0,Overnight,0.0,False,-61.62,-31.03,-162.56,True,30.45,False
2015-12-18,2015-12-21,2,Weekend,48.0,False,94.25,94.25,16.22,False,0.0,False
2015-12-21,2015-12-22,0,Overnight,0.0,False,52.99,52.99,12.53,False,0.0,False
2015-12-22,2015-12-23,0,Overnight,0.0,False,51.75,51.75,22.23,False,0.0,False
2015-12-23,2015-12-24,0,Overnight,0.0,False,0.0,0.0,-1.78,False,0.0,False
2015-12-24,2015-12-28,3,Long,72.0,True,-24.01,-24.01,18.68,False,0.0,False
2015-12-28,2015-12-29,0,Overnight,0.0,False,59.36,59.36,96.7,False,0.0,False
2015-12-29,2015-12-30,0,Overnight,0.0,False,-8.75,-8.75,-81.77,False,0.0,False
2015-12-30,2015-12-31,0,Overnight,0.0,False,-35.38,-35.38,-89.89,False,0.0,False
2015-12-31,2016-01-04,3,Long,72.0,False,-217.8,-217.8,4.57,False,0.0,False
2016-01-04,2016-01-05,0,Overnight,0.0,False,49.19,49.19,-66.56,False,0.0,False
2016-01-05,2016-01-06,0,Overnight,0.0,False,-175.35,-175.35,78.82,False,0.0,False
2016-01-06,2016-01-07,0,Overnight,0.0,False,-215.69,-215.69,-102.46,False,0.0,False
2016-01-07,2016-01-08,0,Overnight,0.0,False,72.21,72.21,-154.55,False,0.0,False
2016-01-08,2016-01-11,2,Weekend,48.0,False,70.89,70.89,-40.18,False,0.0,False
2016-01-11,2016-01-12,0,Overnight,0.0,False,95.39,95.39,19.92,False,0.0,False
2016-01-12,2016-01-13,0,Overnight,0.0,False,40.66,40.66,-391.64,False,0.0,False
2016-01-13,2016-01-14,0,Overnight,0.0,False,39.18,39.18,171.54,False,0.0,False
2016-01-14,2016-01-15,0,Overnight,0.0,False,-337.13,-337.13,21.84,False,0.0,False
2016-01-15,2016-01-19,3,Long,72.0,False,134.94,134.94,-113.15,False,0.0,False
2016-01-19,2016-01-20,0,Overnight,0.0,False,-158.58,-158.58,127.86,False,0.0,False
2016-01-20,2016-01-21,0,Overnight,0.0,False,42.59,42.59,-32.67,False,0.0,False
2016-01-21,2016-01-22,0,Overnight,0.0,False,199.29,199.29,86.14,False,0.0,False
2016-01-22,2016-01-25,2,Weekend,48.0,False,-35.72,-35.72,-113.8,False,0.0,False
2016-01-25,2016-01-26,0,Overnight,0.0,False,41.97,41.97,47.62,False,0.0,False
2016-01-26,2016-01-27,0,Overnight,0.0,False,-58.34,-58.34,-193.97,False,0.0,False
2016-01-27,2016-01-28,0,Overnight,0.0,False,164.67,164.67,-24.48,False,0.0,False
2016-01-28,2016-01-29,0,Overnight,0.0,False,-2.94,-2.94,209.61,False,0.0,False
2016-01-29,2016-02-01,2,Weekend,48.0,False,-48.13,-48.13,74.99,False,0.0,False
2016-02-01,2016-02-02,0,Overnight,0.0,False,-46.08,-46.08,-172.75,False,0.0,False
2016-02-02,2016-02-03,0,Overnight,0.0,False,66.35,66.35,-114.43,False,0.0,False
2016-02-03,2016-02-04,0,Overnight,0.0,False,-26.59,-26.59,25.61,False,0.0,False
2016-02-04,2016-02-05,0,Overnight,0.0,False,-35.48,-35.48,-317.96,False,0.0,False
2016-02-05,2016-02-08,2,Weekend,48.0,False,-188.27,-188.27,34.21,False,0.0,False
2016-02-08,2016-02-09,0,Overnight,0.0,False,-134.41,-134.41,103.31,False,0.0,False
2016-02-09,2016-02-10,0,Overnight,0.0,False,114.58,114.58,-76.24,False,0.0,False
2016-02-10,2016-02-11,0,Overnight,0.0,False,-128.03,-128.03,113.54,False,0.0,False
2016-02-11,2016-02-12,0,Overnight,0.0,False,112.26,112.26,38.84,False,0.0,False
2016-02-12,2016-02-16,3,Long,72.0,False,146.85,146.85,76.11,False,0.0,False
2016-02-16,2016-02-17,0,Overnight,0.0,False,72.57,72.57,151.38,False,0.0,False
2016-02-17,2016-02-18,0,Overnight,0.0,False,31.17,31.17,-145.97,False,0.0,False
2016-02-18,2016-02-19,0,Overnight,0.0,False,-48.47,-48.47,78.04,False,0.0,False
2016-02-19,2016-02-22,2,Weekend,48.0,False,93.04,93.04,68.01,False,0.0,False
2016-02-22,2016-02-23,0,Overnight,0.0,False,-58.26,-58.26,-107.71,False,0.0,False
2016-02-23,2016-02-24,0,Overnight,0.0,False,-117.84,-117.84,212.88,False,0.0,False
2016-02-24,2016-02-25,0,Overnight,0.0,False,20.46,20.46,77.55,False,0.0,False
2016-02-25,2016-02-26,0,Overnight,0.0,False,75.99,75.99,-88.56,False,0.0,False
2016-02-26,2016-02-29,2,Weekend,48.0,False,-9.67,-9.67,-80.65,False,0.0,False
2016-02-29,2016-03-01,0,Overnight,0.0,False,95.16,95.16,220.78,False,0.0,False
2016-03-01,2016-03-02,0,Overnight,0.0,False,-12.3,-12.3,16.08,False,0.0,False
2016-03-02,2016-03-03,0,Overnight,0.0,False,-10.4,-10.4,-8.52,False,0.0,False
2016-03-03,2016-03-04,0,Overnight,0.0,False,11.35,11.35,-7.57,False,0.0,False
2016-03-04,2016-03-07,2,Weekend,48.0,False,-51.23,-51.23,-10.47,False,0.0,False
2016-03-07,2016-03-08,0,Overnight,0.0,False,-68.79,-68.79,-14.39,False,0.0,False
2016-03-08,2016-03-09,0,Overnight,0.0,False,37.38,37.38,26.75,False,0.0,False
2016-03-09,2016-03-10,0,Overnight,0.0,False,41.89,41.89,-57.16,False,0.0,False
2016-03-10,2016-03-11,0,Overnight,0.0,False,107.39,107.39,65.95,False,0.0,False
2016-03-11,2016-03-14,2,Weekend,47.0,False,-37.63,-37.63,54.52,False,0.0,False
2016-03-14,2016-03-15,0,Overnight,0.0,False,-35.69,-35.69,31.94,False,0.0,False
2016-03-15,2016-03-16,0,Overnight,0.0,False,-24.41,-24.41,113.11,False,0.0,False
2016-03-16,2016-03-17,0,Overnight,0.0,False,-28.86,-28.86,23.28,False,0.0,False
2016-03-17,2016-03-18,0,Overnight,0.0,False,-5.58,23.97,-8.38,True,29.58,False
2016-03-18,2016-03-21,2,Weekend,48.0,False,-17.71,-17.71,56.75,False,0.0,False
2016-03-21,2016-03-22,0,Overnight,0.0,False,-56.75,-56.75,87.32,False,0.0,False
2016-03-22,2016-03-23,0,Overnight,0.0,False,-19.44,-19.44,-63.21,False,0.0,False
2016-03-23,2016-03-24,0,Overnight,0.0,False,-48.61,-48.61,51.41,False,0.0,False
2016-03-24,2016-03-28,3,Long,72.0,False,27.93,27.93,-41.92,False,0.0,False
2016-03-28,2016-03-29,0,Overnight,0.0,False,-18.69,-18.69,178.0,False,0.0,False
2016-03-29,2016-03-30,0,Overnight,0.0,False,59.55,59.55,-10.97,False,0.0,False
2016-03-30,2016-03-31,0,Overnight,0.0,False,-7.32,-7.32,-7.32,False,0.0,False
2016-03-31,2016-04-01,0,Overnight,0.0,False,-60.62,-60.62,166.29,False,0.0,False
2016-04-01,2016-04-04,2,Weekend,48.0,False,0.0,0.0,-38.13,False,0.0,False
2016-04-04,2016-04-05,0,Overnight,0.0,False,-77.62,-77.62,-19.27,False,0.0,False
2016-04-05,2016-04-06,0,Overnight,0.0,False,10.1,10.1,152.97,False,0.0,False
2016-04-06,2016-04-07,0,Overnight,0.0,False,-58.0,-58.0,-86.71,False,0.0,False
2016-04-07,2016-04-08,0,Overnight,0.0,False,62.15,62.15,-69.48,False,0.0,False
2016-04-08,2016-04-11,2,Weekend,48.0,False,43.03,43.03,-79.79,False,0.0,False
2016-04-11,2016-04-12,0,Overnight,0.0,False,7.36,7.36,76.08,False,0.0,False
2016-04-12,2016-04-13,0,Overnight,0.0,False,76.41,76.41,50.62,False,0.0,False
2016-04-13,2016-04-14,0,Overnight,0.0,False,1.8,1.8,-0.9,False,0.0,False
2016-04-14,2016-04-15,0,Overnight,0.0,False,-8.12,-8.12,-17.16,False,0.0,False
2016-04-15,2016-04-18,2,Weekend,48.0,False,-28.96,-28.96,82.15,False,0.0,False
2016-04-18,2016-04-19,0,Overnight,0.0,False,18.86,18.86,-80.18,False,0.0,False
2016-04-19,2016-04-20,0,Overnight,0.0,False,0.0,0.0,8.14,False,0.0,False
2016-04-20,2016-04-21,0,Overnight,0.0,False,-5.42,-5.42,6.33,False,0.0,False
2016-04-21,2016-04-22,0,Overnight,0.0,False,-130.99,-130.99,-21.08,False,0.0,False
2016-04-22,2016-04-25,2,Weekend,48.0,False,-30.33,-30.33,30.33,False,0.0,False
2016-04-25,2016-04-26,0,Overnight,0.0,False,21.08,21.08,-69.83,False,0.0,False
2016-04-26,2016-04-27,0,Overnight,0.0,False,-102.88,-102.88,22.33,False,0.0,False
2016-04-27,2016-04-28,0,Overnight,0.0,False,11.15,11.15,-132.72,False,0.0,False
2016-04-28,2016-04-29,0,Overnight,0.0,False,0.0,0.0,-52.83,False,0.0,False
2016-04-29,2016-05-02,2,Weekend,48.0,False,25.51,25.51,68.64,False,0.0,False
2016-05-02,2016-05-03,0,Overnight,0.0,False,-71.47,-71.47,-21.73,False,0.0,False
2016-05-03,2016-05-04,0,Overnight,0.0,False,-60.72,-60.72,-3.81,False,0.0,False
2016-05-04,2016-05-05,0,Overnight,0.0,False,36.11,36.11,-38.96,False,0.0,False
2016-05-05,2016-05-06,0,Overnight,0.0,False,-49.64,-49.64,102.82,False,0.0,False
2016-05-06,2016-05-09,2,Weekend,48.0,False,0.95,0.95,27.43,False,0.0,False
2016-05-09,2016-05-10,0,Overnight,0.0,False,35.83,35.83,100.19,False,0.0,False
2016-05-10,2016-05-11,0,Overnight,0.0,False,-14.92,-14.92,-75.87,False,0.0,False
2016-05-11,2016-05-12,0,Overnight,0.0,False,23.48,23.48,-67.77,False,0.0,False
2016-05-12,2016-05-13,0,Overnight,0.0,False,-8.5,-8.5,-28.4,False,0.0,False
2016-05-13,2016-05-16,2,Weekend,48.0,False,15.15,15.15,109.19,False,0.0,False
2016-05-16,2016-05-17,0,Overnight,0.0,False,-8.43,-8.43,-117.81,False,0.0,False
2016-05-17,2016-05-18,0,Overnight,0.0,False,-22.78,-22.78,58.74,False,0.0,False
2016-05-18,2016-05-19,0,Overnight,0.0,False,-38.81,-38.81,-13.29,False,0.0,False
2016-05-19,2016-05-20,0,Overnight,0.0,False,39.8,39.8,69.75,False,0.0,False
2016-05-20,2016-05-23,2,Weekend,48.0,False,11.26,11.26,-24.42,False,0.0,False
2016-05-23,2016-05-24,0,Overnight,0.0,False,55.33,55.33,143.01,False,0.0,False
2016-05-24,2016-05-25,0,Overnight,0.0,False,37.73,37.73,33.93,False,0.0,False
2016-05-25,2016-05-26,0,Overnight,0.0,False,10.06,10.06,19.19,False,0.0,False
2016-05-26,2016-05-27,0,Overnight,0.0,False,6.39,6.39,45.5,False,0.0,False
2016-05-27,2016-05-31,3,Long,72.0,False,13.61,13.61,5.44,False,0.0,False
2016-05-31,2016-06-01,0,Overnight,0.0,False,-30.86,-30.86,31.77,False,0.0,False
2016-06-01,2016-06-02,0,Overnight,0.0,False,-19.96,-19.96,40.78,False,0.0,False
2016-06-02,2016-06-03,0,Overnight,0.0,False,-19.01,-19.01,-28.13,False,0.0,False
2016-06-03,2016-06-06,2,Weekend,48.0,False,18.16,18.16,18.12,False,0.0,False
2016-06-06,2016-06-07,0,Overnight,0.0,False,5.43,5.43,-30.81,False,0.0,False
2016-06-07,2016-06-08,0,Overnight,0.0,False,17.23,17.23,0.0,False,0.0,False
2016-06-08,2016-06-09,0,Overnight,0.0,False,-40.86,-40.86,24.53,False,0.0,False
2016-06-09,2016-06-10,0,Overnight,0.0,False,-91.17,-91.17,-22.92,False,0.0,False
2016-06-10,2016-06-13,2,Weekend,48.0,False,-57.07,-57.07,-26.81,False,0.0,False
2016-06-13,2016-06-14,0,Overnight,0.0,False,-26.88,-26.88,26.88,False,0.0,False
2016-06-14,2016-06-15,0,Overnight,0.0,False,24.04,24.04,-52.78,False,0.0,False
2016-06-15,2016-06-16,0,Overnight,0.0,False,-49.32,-49.32,78.99,False,0.0,False
2016-06-16,2016-06-17,0,Overnight,0.0,False,-47.32,-20.66,-97.19,True,26.56,False
2016-06-17,2016-06-20,2,Weekend,48.0,False,115.77,115.77,-53.05,False,0.0,False
2016-06-20,2016-06-21,0,Overnight,0.0,False,13.06,13.06,18.62,False,0.0,False
2016-06-21,2016-06-22,0,Overnight,0.0,False,5.58,5.58,-29.8,False,0.0,False
2016-06-22,2016-06-23,0,Overnight,0.0,False,77.1,77.1,64.56,False,0.0,False
2016-06-23,2016-06-24,0,Overnight,0.0,False,-362.28,-362.28,-58.32,False,0.0,False
2016-06-24,2016-06-27,2,Weekend,48.0,False,-66.38,-66.38,-134.1,False,0.0,False
2016-06-27,2016-06-28,0,Overnight,0.0,False,109.94,109.94,106.83,False,0.0,False
2016-06-28,2016-06-29,0,Overnight,0.0,False,78.19,78.19,97.36,False,0.0,False
2016-06-29,2016-06-30,0,Overnight,0.0,False,16.92,16.92,98.12,False,0.0,False
2016-06-30,2016-07-01,0,Overnight,0.0,False,-4.65,-4.65,54.74,False,0.0,False
2016-07-01,2016-07-05,3,Long,72.0,False,-52.88,-52.88,-8.38,False,0.0,False
2016-07-05,2016-07-06,0,Overnight,0.0,False,-47.59,-47.59,129.18,False,0.0,False
2016-07-06,2016-07-07,0,Overnight,0.0,False,9.23,9.23,20.27,False,0.0,False
2016-07-07,2016-07-08,0,Overnight,0.0,False,53.25,53.25,100.23,False,0.0,False
2016-07-08,2016-07-11,2,Weekend,48.0,False,33.49,33.49,23.47,False,0.0,False
2016-07-11,2016-07-12,0,Overnight,0.0,False,61.11,61.11,-10.76,False,0.0,False
2016-07-12,2016-07-13,0,Overnight,0.0,False,23.29,23.29,-47.54,False,0.0,False
2016-07-13,2016-07-14,0,Overnight,0.0,False,66.31,66.31,1.79,False,0.0,False
2016-07-14,2016-07-15,0,Overnight,0.0,False,23.19,23.19,-39.28,False,0.0,False
2016-07-15,2016-07-18,2,Weekend,48.0,False,6.26,6.26,59.71,False,0.0,False
2016-07-18,2016-07-19,0,Overnight,0.0,False,-34.71,-34.71,-1.78,False,0.0,False
2016-07-19,2016-07-20,0,Overnight,0.0,False,54.25,54.25,61.9,False,0.0,False
2016-07-20,2016-07-21,0,Overnight,0.0,False,7.05,7.05,-30.0,False,0.0,False
2016-07-21,2016-07-22,0,Overnight,0.0,False,7.07,7.07,34.37,False,0.0,False
2016-07-22,2016-07-25,2,Weekend,48.0,False,-7.92,-7.92,8.8,False,0.0,False
2016-07-25,2016-07-26,0,Overnight,0.0,False,-3.52,-3.52,14.95,False,0.0,False
2016-07-26,2016-07-27,0,Overnight,0.0,False,84.01,84.01,-14.83,False,0.0,False
2016-07-27,2016-07-28,0,Overnight,0.0,False,15.7,15.7,19.15,False,0.0,False
2016-07-28,2016-07-29,0,Overnight,0.0,False,22.59,22.59,-0.87,False,0.0,False
2016-07-29,2016-08-01,2,Weekend,48.0,False,6.94,6.94,45.86,False,0.0,False
2016-08-01,2016-08-02,0,Overnight,0.0,False,-14.69,-14.69,-61.57,False,0.0,False
2016-08-02,2016-08-03,0,Overnight,0.0,False,-7.83,-7.83,40.83,False,0.0,False
2016-08-03,2016-08-04,0,Overnight,0.0,False,-3.47,-3.47,32.04,False,0.0,False
2016-08-04,2016-08-05,0,Overnight,0.0,False,50.88,50.88,44.63,False,0.0,False
2016-08-05,2016-08-08,2,Weekend,48.0,False,5.14,5.14,-16.27,False,0.0,False
2016-08-08,2016-08-09,0,Overnight,0.0,False,7.71,7.71,15.41,False,0.0,False
2016-08-09,2016-08-10,0,Overnight,0.0,False,5.99,5.99,-31.68,False,0.0,False
2016-08-10,2016-08-11,0,Overnight,0.0,False,34.24,34.24,8.54,False,0.0,False
2016-08-11,2016-08-12,0,Overnight,0.0,False,-17.09,-17.09,23.92,False,0.0,False
2016-08-12,2016-08-15,2,Weekend,48.0,False,12.79,12.79,29.78,False,0.0,False
2016-08-15,2016-08-16,0,Overnight,0.0,False,-18.71,-18.71,-36.67,False,0.0,False
2016-08-16,2016-08-17,0,Overnight,0.0,False,2.56,2.56,15.36,False,0.0,False
2016-08-17,2016-08-18,0,Overnight,0.0,False,-9.39,-9.39,11.94,False,0.0,False
2016-08-18,2016-08-19,0,Overnight,0.0,False,-17.92,-17.92,15.36,False,0.0,False
2016-08-19,2016-08-22,2,Weekend,48.0,False,-14.51,-14.51,22.18,False,0.0,False
2016-08-22,2016-08-23,0,Overnight,0.0,False,39.12,39.12,-21.24,False,0.0,False
2016-08-23,2016-08-24,0,Overnight,0.0,False,-6.81,-6.81,-58.05,False,0.0,False
2016-08-24,2016-08-25,0,Overnight,0.0,False,-25.72,-25.72,9.44,False,0.0,False
2016-08-25,2016-08-26,0,Overnight,0.0,False,3.43,3.43,11.14,False,0.0,False
2016-08-26,2016-08-29,2,Weekend,48.0,False,2.57,2.57,11.12,False,0.0,False
2016-08-29,2016-08-30,0,Overnight,0.0,False,-16.26,-16.26,-16.29,False,0.0,False
2016-08-30,2016-08-31,0,Overnight,0.0,False,-15.45,-15.45,5.15,False,0.0,False
2016-08-31,2016-09-01,0,Overnight,0.0,False,3.43,3.43,22.3,False,0.0,False
2016-09-01,2016-09-02,0,Overnight,0.0,False,49.56,49.56,-17.06,False,0.0,False
2016-09-02,2016-09-06,3,Long,72.0,False,17.06,17.06,45.07,False,0.0,False
2016-09-06,2016-09-07,0,Overnight,0.0,False,9.33,9.33,-3.39,False,0.0,False
2016-09-07,2016-09-08,0,Overnight,0.0,False,-29.73,-29.73,-28.96,False,0.0,False
2016-09-08,2016-09-09,0,Overnight,0.0,False,-83.95,-83.95,-170.91,False,0.0,False
2016-09-09,2016-09-12,2,Weekend,48.0,False,-56.16,-56.16,233.95,False,0.0,False
2016-09-12,2016-09-13,0,Overnight,0.0,False,-49.98,-49.98,-39.82,False,0.0,False
2016-09-13,2016-09-14,0,Overnight,0.0,False,10.4,10.4,37.19,False,0.0,False
2016-09-14,2016-09-15,0,Overnight,0.0,False,2.59,2.59,151.6,False,0.0,False
2016-09-15,2016-09-16,0,Overnight,0.0,False,-35.77,-10.72,5.97,True,24.99,False
2016-09-16,2016-09-19,2,Weekend,48.0,False,25.54,25.54,-69.12,False,0.0,False
2016-09-19,2016-09-20,0,Overnight,0.0,False,35.9,35.9,-17.08,False,0.0,False
2016-09-20,2016-09-21,0,Overnight,0.0,False,42.64,42.64,55.17,False,0.0,False
2016-09-21,2016-09-22,0,Overnight,0.0,False,58.23,58.23,21.01,False,0.0,False
2016-09-22,2016-09-23,0,Overnight,0.0,False,-7.56,-7.56,-56.46,False,0.0,False
2016-09-23,2016-09-26,2,Weekend,48.0,False,-56.78,-56.78,-27.23,False,0.0,False
2016-09-26,2016-09-27,0,Overnight,0.0,False,-6.82,-6.82,105.19,False,0.0,False
2016-09-27,2016-09-28,0,Overnight,0.0,False,12.65,12.65,4.21,False,0.0,False
2016-09-28,2016-09-29,0,Overnight,0.0,False,-16.86,-16.86,-55.85,False,0.0,False
2016-09-29,2016-09-30,0,Overnight,0.0,False,26.27,26.27,48.13,False,0.0,False
2016-09-30,2016-10-03,2,Weekend,48.0,False,-12.64,-12.64,-1.69,False,0.0,False
2016-10-03,2016-10-04,0,Overnight,0.0,False,29.48,29.48,-44.67,False,0.0,False
2016-10-04,2016-10-05,0,Overnight,0.0,False,29.52,29.52,5.89,False,0.0,False
2016-10-05,2016-10-06,0,Overnight,0.0,False,-12.64,-12.64,7.58,False,0.0,False
2016-10-06,2016-10-07,0,Overnight,0.0,False,9.26,9.26,-31.18,False,0.0,False
2016-10-07,2016-10-10,2,Weekend,48.0,False,51.36,51.36,11.75,False,0.0,False
2016-10-10,2016-10-11,0,Overnight,0.0,False,-8.39,-8.39,-135.23,False,0.0,False
2016-10-11,2016-10-12,0,Overnight,0.0,False,9.36,9.36,-17.87,False,0.0,False
2016-10-12,2016-10-13,0,Overnight,0.0,False,-68.36,-68.36,32.53,False,0.0,False
2016-10-13,2016-10-14,0,Overnight,0.0,False,49.45,49.45,-37.49,False,0.0,False
2016-10-14,2016-10-17,2,Weekend,48.0,False,-8.54,-8.54,-18.81,False,0.0,False
2016-10-17,2016-10-18,0,Overnight,0.0,False,118.28,118.28,-29.65,False,0.0,False
2016-10-18,2016-10-19,0,Overnight,0.0,False,-7.64,-7.64,6.79,False,0.0,False
2016-10-19,2016-10-20,0,Overnight,0.0,False,-10.19,-10.19,-1.7,False,0.0,False
2016-10-20,2016-10-21,0,Overnight,0.0,False,7.64,7.64,29.67,False,0.0,False
2016-10-21,2016-10-24,2,Weekend,48.0,False,64.12,64.12,55.35,False,0.0,False
2016-10-24,2016-10-25,0,Overnight,0.0,False,5.85,5.85,-37.68,False,0.0,False
2016-10-25,2016-10-26,0,Overnight,0.0,False,-64.81,-64.81,-3.38,False,0.0,False
2016-10-26,2016-10-27,0,Overnight,0.0,False,42.99,42.99,-88.71,False,0.0,False
2016-10-27,2016-10-28,0,Overnight,0.0,False,-28.89,-28.89,-34.1,False,0.0,False
2016-10-28,2016-10-31,2,Weekend,48.0,False,36.65,36.65,-46.05,False,0.0,False
2016-10-31,2016-11-01,0,Overnight,0.0,False,17.08,17.08,-92.59,False,0.0,False
2016-11-01,2016-11-02,0,Overnight,0.0,False,-6.89,-6.89,-73.53,False,0.0,False
2016-11-02,2016-11-03,0,Overnight,0.0,False,-16.51,-16.51,-82.08,False,0.0,False
2016-11-03,2016-11-04,0,Overnight,0.0,False,-24.58,-24.58,-10.55,False,0.0,False
2016-11-04,2016-11-07,2,Weekend,49.0,False,160.6,160.6,74.19,False,0.0,False
2016-11-07,2016-11-08,0,Overnight,0.0,False,-10.32,-10.32,75.43,False,0.0,False
2016-11-08,2016-11-09,0,Overnight,0.0,False,-117.67,-117.67,163.68,False,0.0,False
2016-11-09,2016-11-10,0,Overnight,0.0,False,48.33,48.33,-211.15,False,0.0,False
2016-11-10,2016-11-11,0,Overnight,0.0,False,-43.29,-43.29,47.61,False,0.0,False
2016-11-11,2016-11-14,2,Weekend,48.0,False,2.59,2.59,-104.14,False,0.0,False
2016-11-14,2016-11-15,0,Overnight,0.0,False,75.61,75.61,62.14,False,0.0,False
2016-11-15,2016-11-16,0,Overnight,0.0,False,-47.44,-47.44,106.63,False,0.0,False
2016-11-16,2016-11-17,0,Overnight,0.0,False,-5.13,-5.13,77.58,False,0.0,False
2016-11-17,2016-11-18,0,Overnight,0.0,False,11.88,11.88,-49.32,False,0.0,False
2016-11-18,2016-11-21,2,Weekend,48.0,False,24.69,24.69,78.76,False,0.0,False
2016-11-21,2016-11-22,0,Overnight,0.0,False,39.57,39.57,-9.25,False,0.0,False
2016-11-22,2016-11-23,0,Overnight,0.0,False,-32.85,-32.85,-7.6,False,0.0,False
2016-11-23,2016-11-25,1,Short,24.0,False,11.82,11.82,20.22,False,0.0,False
2016-11-25,2016-11-28,2,Weekend,48.0,True,-12.63,-12.63,-10.12,False,0.0,False
2016-11-28,2016-11-29,0,Overnight,0.0,False,9.28,9.28,25.25,False,0.0,False
2016-11-29,2016-11-30,0,Overnight,0.0,False,12.6,12.6,-134.41,False,0.0,False
2016-11-30,2016-12-01,0,Overnight,0.0,False,-3.4,-3.4,-170.87,False,0.0,False
2016-12-01,2016-12-02,0,Overnight,0.0,False,6.06,6.06,13.84,False,0.0,False
2016-12-02,2016-12-05,2,Weekend,48.0,False,51.72,51.72,25.76,False,0.0,False
2016-12-05,2016-12-06,0,Overnight,0.0,False,28.26,28.26,-4.28,False,0.0,False
2016-12-06,2016-12-07,0,Overnight,0.0,False,-20.55,-20.55,146.39,False,0.0,False
2016-12-07,2016-12-08,0,Overnight,0.0,False,4.22,4.22,13.5,False,0.0,False
2016-12-08,2016-12-09,0,Overnight,0.0,False,37.04,37.04,41.09,False,0.0,False
2016-12-09,2016-12-12,2,Weekend,48.0,False,-44.45,-44.45,-0.84,False,0.0,False
2016-12-12,2016-12-13,0,Overnight,0.0,False,30.22,30.22,95.09,False,0.0,False
2016-12-13,2016-12-14,0,Overnight,0.0,False,12.44,12.44,-33.22,False,0.0,False
2016-12-14,2016-12-15,0,Overnight,0.0,False,13.3,13.3,2.49,False,0.0,False
2016-12-15,2016-12-16,0,Overnight,0.0,False,-4.99,24.47,-61.68,True,29.49,False
2016-12-16,2016-12-19,2,Weekend,48.0,False,10.03,10.03,30.86,False,0.0,False
2016-12-19,2016-12-20,0,Overnight,0.0,False,31.59,31.59,6.64,False,0.0,False
2016-12-20,2016-12-21,0,Overnight,0.0,False,4.15,4.15,-11.62,False,0.0,False
2016-12-21,2016-12-22,0,Overnight,0.0,False,0.83,0.83,-29.09,False,0.0,False
2016-12-22,2016-12-23,0,Overnight,0.0,False,-16.66,-16.66,23.32,False,0.0,False
2016-12-23,2016-12-27,3,Long,72.0,False,21.61,21.61,29.84,False,0.0,False
2016-12-27,2016-12-28,0,Overnight,0.0,False,21.5,21.5,-99.6,False,0.0,False
2016-12-28,2016-12-29,0,Overnight,0.0,False,-2.5,-2.5,-11.69,False,0.0,False
2016-12-29,2016-12-30,0,Overnight,0.0,False,19.19,19.19,-122.47,False,0.0,False
2016-12-30,2017-01-03,3,Long,72.0,False,66.46,66.46,22.61,False,0.0,False
2017-01-03,2017-01-04,0,Overnight,0.0,False,10.87,10.87,43.36,False,0.0,False
2017-01-04,2017-01-05,0,Overnight,0.0,False,-7.49,-7.49,63.91,False,0.0,False
2017-01-05,2017-01-06,0,Overnight,0.0,False,10.75,10.75,76.57,False,0.0,False
2017-01-06,2017-01-09,2,Weekend,48.0,False,8.2,8.2,24.55,False,0.0,False
2017-01-09,2017-01-10,0,Overnight,0.0,False,4.09,4.09,17.96,False,0.0,False
2017-01-10,2017-01-11,0,Overnight,0.0,False,4.08,4.08,22.8,False,0.0,False
2017-01-11,2017-01-12,0,Overnight,0.0,False,-35.86,-35.86,20.39,False,0.0,False
2017-01-12,2017-01-13,0,Overnight,0.0,False,4.89,4.89,29.27,False,0.0,False
2017-01-13,2017-01-17,3,Long,72.0,False,-26.02,-26.02,-4.07,False,0.0,False
2017-01-17,2017-01-18,0,Overnight,0.0,False,14.65,14.65,5.69,False,0.0,False
2017-01-18,2017-01-19,0,Overnight,0.0,False,14.62,14.62,-19.5,False,0.0,False
2017-01-19,2017-01-20,0,Overnight,0.0,False,43.81,43.81,-21.88,False,0.0,False
2017-01-20,2017-01-23,2,Weekend,48.0,False,-6.49,-6.49,14.6,False,0.0,False
2017-01-23,2017-01-24,0,Overnight,0.0,False,19.44,19.44,47.63,False,0.0,False
2017-01-24,2017-01-25,0,Overnight,0.0,False,62.62,62.62,37.54,False,0.0,False
2017-01-25,2017-01-26,0,Overnight,0.0,False,13.54,13.54,-3.19,False,0.0,False
2017-01-26,2017-01-27,0,Overnight,0.0,False,21.48,21.48,-2.38,False,0.0,False
2017-01-27,2017-01-30,2,Weekend,48.0,False,-33.44,-33.44,-44.76,False,0.0,False
2017-01-30,2017-01-31,0,Overnight,0.0,False,-35.31,-35.31,15.26,False,0.0,False
2017-01-31,2017-02-01,0,Overnight,0.0,False,70.39,70.39,-1.59,False,0.0,False
2017-02-01,2017-02-02,0,Overnight,0.0,False,-17.56,-17.56,8.78,False,0.0,False
2017-02-02,2017-02-03,0,Overnight,0.0,False,10.37,10.37,18.32,False,0.0,False
2017-02-03,2017-02-06,2,Weekend,48.0,False,-16.72,-16.72,28.65,False,0.0,False
2017-02-06,2017-02-07,0,Overnight,0.0,False,20.64,20.64,15.85,False,0.0,False
2017-02-07,2017-02-08,0,Overnight,0.0,False,-13.47,-13.47,30.08,False,0.0,False
2017-02-08,2017-02-09,0,Overnight,0.0,False,10.27,10.27,26.03,False,0.0,False
2017-02-09,2017-02-10,0,Overnight,0.0,False,22.03,22.03,11.0,False,0.0,False
2017-02-10,2017-02-13,2,Weekend,48.0,False,30.57,30.57,25.8,False,0.0,False
2017-02-13,2017-02-14,0,Overnight,0.0,False,3.9,3.9,29.61,False,0.0,False
2017-02-14,2017-02-15,0,Overnight,0.0,False,-7.0,-7.0,65.96,False,0.0,False
2017-02-15,2017-02-16,0,Overnight,0.0,False,6.19,6.19,-9.28,False,0.0,False
2017-02-16,2017-02-17,0,Overnight,0.0,False,-14.71,-14.71,57.94,False,0.0,False
2017-02-17,2017-02-21,3,Long,72.0,False,19.24,19.24,29.94,False,0.0,False
2017-02-21,2017-02-22,0,Overnight,0.0,False,-9.2,-9.2,13.04,False,0.0,False
2017-02-22,2017-02-23,0,Overnight,0.0,False,15.31,15.31,-52.93,False,0.0,False
2017-02-23,2017-02-24,0,Overnight,0.0,False,-45.48,-45.48,64.7,False,0.0,False
2017-02-24,2017-02-27,2,Weekend,48.0,False,-18.44,-18.44,30.72,False,0.0,False
2017-02-27,2017-02-28,0,Overnight,0.0,False,-2.3,-2.3,-28.42,False,0.0,False
2017-02-28,2017-03-01,0,Overnight,0.0,False,63.63,63.63,44.99,False,0.0,False
2017-03-01,2017-03-02,0,Overnight,0.0,False,-2.28,-2.28,-48.06,False,0.0,False
2017-03-02,2017-03-03,0,Overnight,0.0,False,-6.88,-6.88,25.22,False,0.0,False
2017-03-03,2017-03-06,2,Weekend,48.0,False,-32.87,-32.87,10.71,False,0.0,False
2017-03-06,2017-03-07,0,Overnight,0.0,False,-19.91,-19.91,3.06,False,0.0,False
2017-03-07,2017-03-08,0,Overnight,0.0,False,6.13,6.13,11.48,False,0.0,False
2017-03-08,2017-03-09,0,Overnight,0.0,False,-2.29,-2.29,9.94,False,0.0,False
2017-03-09,2017-03-10,0,Overnight,0.0,False,45.75,45.75,-3.8,False,0.0,False
2017-03-10,2017-03-13,2,Weekend,47.0,False,-3.81,-3.81,20.54,False,0.0,False
2017-03-13,2017-03-14,0,Overnight,0.0,False,-22.82,-22.82,-1.52,False,0.0,False
2017-03-14,2017-03-15,0,Overnight,0.0,False,20.54,20.54,40.96,False,0.0,False
2017-03-15,2017-03-16,0,Overnight,0.0,False,18.91,18.91,-25.72,False,0.0,False
2017-03-16,2017-03-17,0,Overnight,0.0,False,-8.34,12.42,-15.93,True,20.76,False
2017-03-17,2017-03-20,2,Weekend,48.0,False,-3.04,-3.04,12.15,False,0.0,False
2017-03-20,2017-03-21,0,Overnight,0.0,False,37.86,37.86,-190.76,False,0.0,False
2017-03-21,2017-03-22,0,Overnight,0.0,False,3.08,3.08,64.48,False,0.0,False
2017-03-22,2017-03-23,0,Overnight,0.0,False,-13.02,-13.02,-12.27,False,0.0,False
2017-03-23,2017-03-24,0,Overnight,0.0,False,32.17,32.17,-11.48,False,0.0,False
2017-03-24,2017-03-27,2,Weekend,48.0,False,-71.45,-71.45,87.51,False,0.0,False
2017-03-27,2017-03-28,0,Overnight,0.0,False,0.0,0.0,60.96,False,0.0,False
2017-03-28,2017-03-29,0,Overnight,0.0,False,6.83,6.83,39.4,False,0.0,False
2017-03-29,2017-03-30,0,Overnight,0.0,False,-3.78,-3.78,20.4,False,0.0,False
2017-03-30,2017-03-31,0,Overnight,0.0,False,-14.35,-14.35,7.56,False,0.0,False
2017-03-31,2017-04-03,2,Weekend,48.0,False,8.31,8.31,-14.35,False,0.0,False
2017-04-03,2017-04-04,0,Overnight,0.0,False,-28.76,-28.76,44.62,False,0.0,False
2017-04-04,2017-04-05,0,Overnight,0.0,False,14.33,14.33,-55.16,False,0.0,False
2017-04-05,2017-04-06,0,Overnight,0.0,False,9.85,9.85,-4.54,False,0.0,False
2017-04-06,2017-04-07,0,Overnight,0.0,False,-3.03,-3.03,-2.27,False,0.0,False
2017-04-07,2017-04-10,2,Weekend,48.0,False,9.85,9.85,-6.06,False,0.0,False
2017-04-10,2017-04-11,0,Overnight,0.0,False,-9.09,-9.09,-34.17,False,0.0,False
2017-04-11,2017-04-12,0,Overnight,0.0,False,-1.52,-1.52,-38.88,False,0.0,False
2017-04-12,2017-04-13,0,Overnight,0.0,False,-13.76,-13.76,-26.04,False,0.0,False
2017-04-13,2017-04-17,3,Long,72.0,False,28.33,28.33,54.15,False,0.0,False
2017-04-17,2017-04-18,0,Overnight,0.0,False,-33.52,-33.52,18.3,False,0.0,False
2017-04-18,2017-04-19,0,Overnight,0.0,False,43.33,43.33,-27.34,False,0.0,False
2017-04-19,2017-04-20,0,Overnight,0.0,False,40.23,40.23,43.08,False,0.0,False
2017-04-20,2017-04-21,0,Overnight,0.0,False,9.05,9.05,-11.31,False,0.0,False
2017-04-21,2017-04-24,2,Weekend,48.0,False,110.28,110.28,9.69,False,0.0,False
2017-04-24,2017-04-25,0,Overnight,0.0,False,32.74,32.74,39.3,False,0.0,False
2017-04-25,2017-04-26,0,Overnight,0.0,False,3.7,3.7,-17.77,False,0.0,False
2017-04-26,2017-04-27,0,Overnight,0.0,False,24.43,24.43,35.42,False,0.0,False
2017-04-27,2017-04-28,0,Overnight,0.0,False,39.7,39.7,-22.04,False,0.0,False
2017-04-28,2017-05-01,2,Weekend,48.0,False,33.04,33.04,55.55,False,0.0,False
2017-05-01,2017-05-02,0,Overnight,0.0,False,12.38,12.38,4.37,False,0.0,False
2017-05-02,2017-05-03,0,Overnight,0.0,False,-22.58,-22.58,-9.48,False,0.0,False
2017-05-03,2017-05-04,0,Overnight,0.0,False,-1.46,-1.46,5.11,False,0.0,False
2017-05-04,2017-05-05,0,Overnight,0.0,False,25.51,25.51,10.91,False,0.0,False
2017-05-05,2017-05-08,2,Weekend,48.0,False,5.09,5.09,16.7,False,0.0,False
2017-05-08,2017-05-09,0,Overnight,0.0,False,15.22,15.22,19.54,False,0.0,False
2017-05-09,2017-05-10,0,Overnight,0.0,False,5.78,5.78,0.0,False,0.0,False
2017-05-10,2017-05-11,0,Overnight,0.0,False,-27.49,-27.49,19.54,False,0.0,False
2017-05-11,2017-05-12,0,Overnight,0.0,False,4.34,4.34,18.05,False,0.0,False
2017-05-12,2017-05-15,2,Weekend,48.0,False,4.33,4.33,27.37,False,0.0,False
2017-05-15,2017-05-16,0,Overnight,0.0,False,25.86,25.86,15.77,False,0.0,False
2017-05-16,2017-05-17,0,Overnight,0.0,False,-79.82,-79.82,-177.73,False,0.0,False
2017-05-17,2017-05-18,0,Overnight,0.0,False,-3.68,-3.68,90.75,False,0.0,False
2017-05-18,2017-05-19,0,Overnight,0.0,False,35.64,35.64,6.53,False,0.0,False
2017-05-19,2017-05-22,2,Weekend,48.0,False,22.46,22.46,61.34,False,0.0,False
2017-05-22,2017-05-23,0,Overnight,0.0,False,29.45,29.45,-19.39,False,0.0,False
2017-05-23,2017-05-24,0,Overnight,0.0,False,30.14,30.14,15.75,False,0.0,False
2017-05-24,2017-05-25,0,Overnight,0.0,False,37.84,37.84,46.93,False,0.0,False
2017-05-25,2017-05-26,0,Overnight,0.0,False,2.13,2.13,15.59,False,0.0,False
2017-05-26,2017-05-30,3,Long,72.0,False,-4.96,-4.96,13.45,False,0.0,False
2017-05-30,2017-05-31,0,Overnight,0.0,False,35.31,35.31,-38.85,False,0.0,False
2017-05-31,2017-06-01,0,Overnight,0.0,False,20.5,20.5,18.35,False,0.0,False
2017-06-01,2017-06-02,0,Overnight,0.0,False,35.19,35.19,78.38,False,0.0,False
2017-06-02,2017-06-05,2,Weekend,48.0,False,-0.7,-0.7,-1.39,False,0.0,False
2017-06-05,2017-06-06,0,Overnight,0.0,False,-11.86,-11.86,-27.96,False,0.0,False
2017-06-06,2017-06-07,0,Overnight,0.0,False,27.96,27.96,11.16,False,0.0,False
2017-06-07,2017-06-08,0,Overnight,0.0,False,22.29,22.29,-11.83,False,0.0,False
2017-06-08,2017-06-09,0,Overnight,0.0,False,11.83,11.83,-265.07,False,0.0,False
2017-06-09,2017-06-12,2,Weekend,48.0,False,-84.65,-84.65,30.93,False,0.0,False
2017-06-12,2017-06-13,0,Overnight,0.0,False,55.87,55.87,24.97,False,0.0,False
2017-06-13,2017-06-14,0,Overnight,0.0,False,40.53,40.53,-84.08,False,0.0,False
2017-06-14,2017-06-15,0,Overnight,0.0,False,-101.41,-101.41,56.94,False,0.0,False
2017-06-15,2017-06-16,0,Overnight,0.0,False,-32.4,-5.18,-38.29,True,27.17,False
2017-06-16,2017-06-19,2,Weekend,48.0,False,96.53,96.53,69.3,False,0.0,False
2017-06-19,2017-06-20,0,Overnight,0.0,False,-9.97,-9.97,-68.65,False,0.0,False
2017-06-20,2017-06-21,0,Overnight,0.0,False,22.94,22.94,75.6,False,0.0,False
2017-06-21,2017-06-22,0,Overnight,0.0,False,15.62,15.62,-18.46,False,0.0,False
2017-06-22,2017-06-23,0,Overnight,0.0,False,-11.38,-11.38,49.69,False,0.0,False
2017-06-23,2017-06-26,2,Weekend,48.0,False,57.19,57.19,-104.02,False,0.0,False
2017-06-26,2017-06-27,0,Overnight,0.0,False,-37.77,-37.77,-145.28,False,0.0,False
2017-06-27,2017-06-28,0,Overnight,0.0,False,36.88,36.88,106.26,False,0.0,False
2017-06-28,2017-06-29,0,Overnight,0.0,False,-41.51,-41.51,-133.56,False,0.0,False
2017-06-29,2017-06-30,0,Overnight,0.0,False,28.3,28.3,-24.67,False,0.0,False
2017-06-30,2017-07-03,2,Weekend,48.0,False,45.67,45.67,-151.57,False,0.0,False
2017-07-03,2017-07-05,1,Short,24.0,True,31.52,31.52,66.39,False,0.0,False
2017-07-05,2017-07-06,0,Overnight,0.0,False,-76.64,-76.64,-13.93,False,0.0,False
2017-07-06,2017-07-07,0,Overnight,0.0,False,33.7,33.7,73.59,False,0.0,False
2017-07-07,2017-07-10,2,Weekend,48.0,False,6.53,6.53,58.59,False,0.0,False
2017-07-10,2017-07-11,0,Overnight,0.0,False,-14.43,-14.43,42.52,False,0.0,False
2017-07-11,2017-07-12,0,Overnight,0.0,False,85.22,85.22,32.75,False,0.0,False
2017-07-12,2017-07-13,0,Overnight,0.0,False,12.08,12.08,9.93,False,0.0,False
2017-07-13,2017-07-14,0,Overnight,0.0,False,44.58,44.58,33.83,False,0.0,False
2017-07-14,2017-07-17,2,Weekend,48.0,False,10.55,10.55,-5.62,False,0.0,False
2017-07-17,2017-07-18,0,Overnight,0.0,False,-7.04,-7.04,73.63,False,0.0,False
2017-07-18,2017-07-19,0,Overnight,0.0,False,29.3,29.3,29.21,False,0.0,False
2017-07-19,2017-07-20,0,Overnight,0.0,False,25.67,25.67,-12.48,False,0.0,False
2017-07-20,2017-07-21,0,Overnight,0.0,False,-36.83,-36.83,32.67,False,0.0,False
2017-07-21,2017-07-24,2,Weekend,48.0,False,-1.39,-1.39,47.08,False,0.0,False
2017-07-24,2017-07-25,0,Overnight,0.0,False,-33.21,-33.21,7.62,False,0.0,False
2017-07-25,2017-07-26,0,Overnight,0.0,False,24.9,24.9,7.6,False,0.0,False
2017-07-26,2017-07-27,0,Overnight,0.0,False,65.36,65.36,-128.38,False,0.0,False
2017-07-27,2017-07-28,0,Overnight,0.0,False,-59.92,-59.92,51.58,False,0.0,False
2017-07-28,2017-07-31,2,Weekend,48.0,False,28.46,28.46,-70.96,False,0.0,False
2017-07-31,2017-08-01,0,Overnight,0.0,False,34.15,34.15,-11.14,False,0.0,False
2017-08-01,2017-08-02,0,Overnight,0.0,False,64.57,64.57,-37.44,False,0.0,False
2017-08-02,2017-08-03,0,Overnight,0.0,False,9.72,9.72,-48.7,False,0.0,False
2017-08-03,2017-08-04,0,Overnight,0.0,False,22.29,22.29,-4.18,False,0.0,False
2017-08-04,2017-08-07,2,Weekend,48.0,False,18.08,18.08,45.07,False,0.0,False
2017-08-07,2017-08-08,0,Overnight,0.0,False,-19.39,-19.39,2.08,False,0.0,False
2017-08-08,2017-08-09,0,Overnight,0.0,False,-82.8,-82.8,69.63,False,0.0,False
2017-08-09,2017-08-10,0,Overnight,0.0,False,-57.06,-57.06,-159.68,False,0.0,False
2017-08-10,2017-08-11,0,Overnight,0.0,False,13.46,13.46,62.12,False,0.0,False
2017-08-11,2017-08-14,2,Weekend,48.0,False,79.21,79.21,48.75,False,0.0,False
2017-08-14,2017-08-15,0,Overnight,0.0,False,24.98,24.98,-18.04,False,0.0,False
2017-08-15,2017-08-16,0,Overnight,0.0,False,24.96,24.96,-7.62,False,0.0,False
2017-08-16,2017-08-17,0,Overnight,0.0,False,-38.89,-38.89,-167.69,False,0.0,False
2017-08-17,2017-08-18,0,Overnight,0.0,False,5.66,5.66,-12.74,False,0.0,False
2017-08-18,2017-08-21,2,Weekend,48.0,False,-0.71,-0.71,-12.05,False,0.0,False
2017-08-21,2017-08-22,0,Overnight,0.0,False,53.74,53.74,97.54,False,0.0,False
2017-08-22,2017-08-23,0,Overnight,0.0,False,-50.41,-50.41,14.73,False,0.0,False
2017-08-23,2017-08-24,0,Overnight,0.0,False,22.4,22.4,-51.88,False,0.0,False
2017-08-24,2017-08-25,0,Overnight,0.0,False,38.58,38.58,-59.69,False,0.0,False
2017-08-25,2017-08-28,2,Weekend,48.0,False,30.24,30.24,0.7,False,0.0,False
2017-08-28,2017-08-29,0,Overnight,0.0,False,-86.04,-86.04,125.28,False,0.0,False
2017-08-29,2017-08-30,0,Overnight,0.0,False,8.39,8.39,108.43,False,0.0,False
2017-08-30,2017-08-31,0,Overnight,0.0,False,28.3,28.3,78.28,False,0.0,False
2017-08-31,2017-09-01,0,Overnight,0.0,False,12.99,12.99,-26.68,False,0.0,False
2017-09-01,2017-09-05,3,Long,72.0,False,-29.5,-29.5,-60.64,False,0.0,False
2017-09-05,2017-09-06,0,Overnight,0.0,False,25.54,25.54,4.82,False,0.0,False
2017-09-06,2017-09-07,0,Overnight,0.0,False,18.59,18.59,4.81,False,0.0,False
2017-09-07,2017-09-08,0,Overnight,0.0,False,-13.07,-13.07,-73.92,False,0.0,False
2017-09-08,2017-09-11,2,Weekend,48.0,False,78.05,78.05,36.4,False,0.0,False
2017-09-11,2017-09-12,0,Overnight,0.0,False,28.07,28.07,-4.1,False,0.0,False
2017-09-12,2017-09-13,0,Overnight,0.0,False,-17.11,-17.11,30.78,False,0.0,False
2017-09-13,2017-09-14,0,Overnight,0.0,False,-39.0,-39.0,-19.9,False,0.0,False
2017-09-14,2017-09-15,0,Overnight,0.0,False,-2.06,-2.06,36.35,False,0.0,False
2017-09-15,2017-09-18,2,Weekend,48.0,False,-10.27,11.56,-24.7,True,21.84,False
2017-09-18,2017-09-19,0,Overnight,0.0,False,17.85,17.85,-0.69,False,0.0,False
2017-09-19,2017-09-20,0,Overnight,0.0,False,-3.43,-3.43,-27.48,False,0.0,False
2017-09-20,2017-09-21,0,Overnight,0.0,False,-6.88,-6.88,-54.54,False,0.0,False
2017-09-21,2017-09-22,0,Overnight,0.0,False,-31.89,-31.89,22.2,False,0.0,False
2017-09-22,2017-09-25,2,Weekend,48.0,False,-39.57,-39.57,-66.31,False,0.0,False
2017-09-25,2017-09-26,0,Overnight,0.0,False,50.99,50.99,-25.11,False,0.0,False
2017-09-26,2017-09-27,0,Overnight,0.0,False,52.94,52.94,36.76,False,0.0,False
2017-09-27,2017-09-28,0,Overnight,0.0,False,-24.26,-24.26,20.8,False,0.0,False
2017-09-28,2017-09-29,0,Overnight,0.0,False,20.06,20.06,51.7,False,0.0,False
2017-09-29,2017-10-02,2,Weekend,48.0,False,15.11,15.11,-6.18,False,0.0,False
2017-10-02,2017-10-03,0,Overnight,0.0,False,13.04,13.04,8.23,False,0.0,False
2017-10-03,2017-10-04,0,Overnight,0.0,False,-19.21,-19.21,28.8,False,0.0,False
2017-10-04,2017-10-05,0,Overnight,0.0,False,36.23,36.23,61.22,False,0.0,False
2017-10-05,2017-10-06,0,Overnight,0.0,False,-33.97,-33.97,47.52,False,0.0,False
2017-10-06,2017-10-09,2,Weekend,48.0,False,12.86,12.86,-24.38,False,0.0,False
2017-10-09,2017-10-10,0,Overnight,0.0,False,33.84,33.84,-26.39,False,0.0,False
2017-10-10,2017-10-11,0,Overnight,0.0,False,-4.74,-4.74,34.51,False,0.0,False
2017-10-11,2017-10-12,0,Overnight,0.0,False,-14.87,-14.87,-3.38,False,0.0,False
2017-10-12,2017-10-13,0,Overnight,0.0,False,40.52,40.52,-2.02,False,0.0,False
2017-10-13,2017-10-16,2,Weekend,48.0,False,24.91,24.91,9.41,False,0.0,False
2017-10-16,2017-10-17,0,Overnight,0.0,False,-3.36,-3.36,16.12,False,0.0,False
2017-10-17,2017-10-18,0,Overnight,0.0,False,10.06,10.06,-22.14,False,0.0,False
2017-10-18,2017-10-19,0,Overnight,0.0,False,-58.62,-58.62,21.6,False,0.0,False
2017-10-19,2017-10-20,0,Overnight,0.0,False,40.37,40.37,-13.44,False,0.0,False
2017-10-20,2017-10-23,2,Weekend,48.0,False,20.82,20.82,-86.27,False,0.0,False
2017-10-23,2017-10-24,0,Overnight,0.0,False,19.61,19.61,-2.7,False,0.0,False
2017-10-24,2017-10-25,0,Overnight,0.0,False,-19.62,-19.62,-18.3,False,0.0,False
2017-10-25,2017-10-26,0,Overnight,0.0,False,-6.11,-6.11,-25.82,False,0.0,False
2017-10-26,2017-10-27,0,Overnight,0.0,False,166.68,166.68,120.4,False,0.0,False
2017-10-27,2017-10-30,2,Weekend,48.0,False,-7.28,-7.28,29.73,False,0.0,False
2017-10-30,2017-10-31,0,Overnight,0.0,False,32.27,32.27,5.26,False,0.0,False
2017-10-31,2017-11-01,0,Overnight,0.0,False,40.01,40.01,-43.3,False,0.0,False
2017-11-01,2017-11-02,0,Overnight,0.0,False,-11.18,-11.18,-7.9,False,0.0,False
2017-11-02,2017-11-03,0,Overnight,0.0,False,36.16,36.16,59.55,False,0.0,False
2017-11-03,2017-11-06,2,Weekend,49.0,False,-7.83,-7.83,41.7,False,0.0,False
2017-11-06,2017-11-07,0,Overnight,0.0,False,-7.81,-7.81,13.66,False,0.0,False
2017-11-07,2017-11-08,0,Overnight,0.0,False,-5.2,-5.2,45.41,False,0.0,False
2017-11-08,2017-11-09,0,Overnight,0.0,False,-82.54,-82.54,29.98,False,0.0,False
2017-11-09,2017-11-10,0,Overnight,0.0,False,-23.45,-23.45,22.8,False,0.0,False
2017-11-10,2017-11-13,2,Weekend,48.0,False,-37.81,-37.81,50.17,False,0.0,False
2017-11-13,2017-11-14,0,Overnight,0.0,False,-35.16,-35.16,-1.3,False,0.0,False
2017-11-14,2017-11-15,0,Overnight,0.0,False,-43.14,-43.14,-3.93,False,0.0,False
2017-11-15,2017-11-16,0,Overnight,0.0,False,50.34,50.34,76.65,False,0.0,False
2017-11-16,2017-11-17,0,Overnight,0.0,False,2.59,2.59,-40.84,False,0.0,False
2017-11-17,2017-11-20,2,Weekend,48.0,False,7.14,7.14,-14.94,False,0.0,False
2017-11-20,2017-11-21,0,Overnight,0.0,False,47.34,47.34,60.63,False,0.0,False
2017-11-21,2017-11-22,0,Overnight,0.0,False,9.0,9.0,3.21,False,0.0,False
2017-11-22,2017-11-24,1,Short,24.0,False,10.27,10.27,26.27,False,0.0,False
2017-11-24,2017-11-27,2,Weekend,48.0,True,-3.2,-3.2,-1.28,False,0.0,False
2017-11-27,2017-11-28,0,Overnight,0.0,False,22.38,22.38,3.19,False,0.0,False
2017-11-28,2017-11-29,0,Overnight,0.0,False,-11.5,-11.5,-164.38,False,0.0,False
2017-11-29,2017-11-30,0,Overnight,0.0,False,42.16,42.16,41.34,False,0.0,False
2017-11-30,2017-12-01,0,Overnight,0.0,False,-61.42,-61.42,18.79,False,0.0,False
2017-12-01,2017-12-04,2,Weekend,48.0,False,62.59,62.59,-178.48,False,0.0,False
2017-12-04,2017-12-05,0,Overnight,0.0,False,-1.97,-1.97,8.51,False,0.0,False
2017-12-05,2017-12-06,0,Overnight,0.0,False,-37.37,-37.37,82.42,False,0.0,False
2017-12-06,2017-12-07,0,Overnight,0.0,False,-0.65,-0.65,34.47,False,0.0,False
2017-12-07,2017-12-08,0,Overnight,0.0,False,73.1,73.1,-29.05,False,0.0,False
2017-12-08,2017-12-11,2,Weekend,48.0,False,4.52,4.52,72.75,False,0.0,False
2017-12-11,2017-12-12,0,Overnight,0.0,False,-4.49,-4.49,-8.99,False,0.0,False
2017-12-12,2017-12-13,0,Overnight,0.0,False,40.38,40.38,-21.13,False,0.0,False
2017-12-13,2017-12-14,0,Overnight,0.0,False,17.29,17.29,-24.35,False,0.0,False
2017-12-14,2017-12-15,0,Overnight,0.0,False,39.06,39.06,73.85,False,0.0,False
2017-12-15,2017-12-18,2,Weekend,48.0,False,44.94,65.69,17.67,True,20.87,False
2017-12-18,2017-12-19,0,Overnight,0.0,False,-18.93,-18.93,-40.5,False,0.0,False
2017-12-19,2017-12-20,0,Overnight,0.0,False,34.82,34.82,-45.6,False,0.0,False
2017-12-20,2017-12-21,0,Overnight,0.0,False,13.96,13.96,-12.69,False,0.0,False
2017-12-21,2017-12-22,0,Overnight,0.0,False,-15.25,-15.25,3.81,False,0.0,False
2017-12-22,2017-12-26,3,Long,72.0,False,-56.08,-56.08,1.92,False,0.0,False
2017-12-26,2017-12-27,0,Overnight,0.0,False,0.64,0.64,0.64,False,0.0,False
2017-12-27,2017-12-28,0,Overnight,0.0,False,31.89,31.89,-19.76,False,0.0,False
2017-12-28,2017-12-29,0,Overnight,0.0,False,8.93,8.93,-71.01,False,0.0,False
2017-12-29,2018-01-02,3,Long,72.0,False,51.23,51.23,122.52,False,0.0,False
2018-01-02,2018-01-03,0,Overnight,0.0,False,9.46,9.46,87.24,False,0.0,False
2018-01-03,2018-01-04,0,Overnight,0.0,False,34.31,34.31,-16.83,False,0.0,False
2018-01-04,2018-01-05,0,Overnight,0.0,False,47.3,47.3,52.63,False,0.0,False
2018-01-05,2018-01-08,2,Weekend,48.0,False,0.0,0.0,38.83,False,0.0,False
2018-01-08,2018-01-09,0,Overnight,0.0,False,19.67,19.67,-19.05,False,0.0,False
2018-01-09,2018-01-10,0,Overnight,0.0,False,-44.39,-44.39,20.99,False,0.0,False
2018-01-10,2018-01-11,0,Overnight,0.0,False,17.25,17.25,50.96,False,0.0,False
2018-01-11,2018-01-12,0,Overnight,0.0,False,-8.58,-8.58,81.8,False,0.0,False
2018-01-12,2018-01-16,3,Long,72.0,False,66.05,66.05,-94.66,False,0.0,False
2018-01-16,2018-01-17,0,Overnight,0.0,False,47.44,47.44,59.89,False,0.0,False
2018-01-17,2018-01-18,0,Overnight,0.0,False,-15.69,-15.69,17.5,False,0.0,False
2018-01-18,2018-01-19,0,Overnight,0.0,False,29.51,29.51,1.8,False,0.0,False
2018-01-19,2018-01-22,2,Weekend,48.0,False,-3.61,-3.61,110.05,False,0.0,False
2018-01-22,2018-01-23,0,Overnight,0.0,False,30.88,30.88,51.46,False,0.0,False
2018-01-23,2018-01-24,0,Overnight,0.0,False,21.22,21.22,-86.32,False,0.0,False
2018-01-24,2018-01-25,0,Overnight,0.0,False,68.64,68.64,-72.21,False,0.0,False
2018-01-25,2018-01-26,0,Overnight,0.0,False,55.68,55.68,96.41,False,0.0,False
2018-01-26,2018-01-29,2,Weekend,48.0,False,-21.08,-21.08,-27.59,False,0.0,False
2018-01-29,2018-01-30,0,Overnight,0.0,False,-91.54,-91.54,8.9,False,0.0,False
2018-01-30,2018-01-31,0,Overnight,0.0,False,56.15,56.15,-14.75,False,0.0,False
2018-01-31,2018-02-01,0,Overnight,0.0,False,-77.04,-77.04,-8.33,False,0.0,False
2018-02-01,2018-02-02,0,Overnight,0.0,False,-39.37,-39.37,-162.1,False,0.0,False
2018-02-02,2018-02-05,2,Weekend,48.0,False,-93.99,-93.99,-308.25,False,0.0,False
2018-02-05,2018-02-06,0,Overnight,0.0,False,-147.17,-147.17,408.71,False,0.0,False
2018-02-06,2018-02-07,0,Overnight,0.0,False,-32.09,-32.09,-98.14,False,0.0,False
2018-02-07,2018-02-08,0,Overnight,0.0,False,25.56,25.56,-456.67,False,0.0,False
2018-02-08,2018-02-09,0,Overnight,0.0,False,140.42,140.42,30.8,False,0.0,False
2018-02-09,2018-02-12,2,Weekend,48.0,False,101.98,101.98,73.92,False,0.0,False
2018-02-12,2018-02-13,0,Overnight,0.0,False,-57.44,-57.44,108.93,False,0.0,False
2018-02-13,2018-02-14,0,Overnight,0.0,False,-59.04,-59.04,244.54,False,0.0,False
2018-02-14,2018-02-15,0,Overnight,0.0,False,89.35,89.35,94.59,False,0.0,False
2018-02-15,2018-02-16,0,Overnight,0.0,False,-32.64,-32.64,-12.12,False,0.0,False
2018-02-16,2018-02-20,3,Long,72.0,False,-35.22,-35.22,55.21,False,0.0,False
2018-02-20,2018-02-21,0,Overnight,0.0,False,48.89,48.89,-77.36,False,0.0,False
2018-02-21,2018-02-22,0,Overnight,0.0,False,43.59,43.59,-44.8,False,0.0,False
2018-02-22,2018-02-23,0,Overnight,0.0,False,80.38,80.38,122.05,False,0.0,False
2018-02-23,2018-02-26,2,Weekend,48.0,False,46.87,46.87,84.87,False,0.0,False
2018-02-26,2018-02-27,0,Overnight,0.0,False,2.93,2.93,-127.53,False,0.0,False
2018-02-27,2018-02-28,0,Overnight,0.0,False,56.88,56.88,-121.26,False,0.0,False
2018-02-28,2018-03-01,0,Overnight,0.0,False,5.38,5.38,-170.0,False,0.0,False
2018-03-01,2018-03-02,0,Overnight,0.0,False,-121.11,-121.11,212.5,False,0.0,False
2018-03-02,2018-03-05,2,Weekend,48.0,False,-47.1,-47.1,157.34,False,0.0,False
2018-03-05,2018-03-06,0,Overnight,0.0,False,48.74,48.74,-6.52,False,0.0,False
2018-03-06,2018-03-07,0,Overnight,0.0,False,-76.83,-76.83,99.95,False,0.0,False
2018-03-07,2018-03-08,0,Overnight,0.0,False,41.35,41.35,13.55,False,0.0,False
2018-03-08,2018-03-09,0,Overnight,0.0,False,70.98,70.98,121.43,False,0.0,False
2018-03-09,2018-03-12,2,Weekend,47.0,False,29.41,29.41,23.58,False,0.0,False
2018-03-12,2018-03-13,0,Overnight,0.0,False,22.95,22.95,-160.03,False,0.0,False
2018-03-13,2018-03-14,0,Overnight,0.0,False,52.28,52.28,-54.02,False,0.0,False
2018-03-14,2018-03-15,0,Overnight,0.0,False,6.99,6.99,-15.73,False,0.0,False
2018-03-15,2018-03-16,0,Overnight,0.0,False,16.89,16.89,-46.67,False,0.0,False
2018-03-16,2018-03-19,2,Weekend,48.0,False,-112.9,-96.53,-118.98,True,16.2,False
2018-03-19,2018-03-20,0,Overnight,0.0,False,4.19,4.19,28.67,False,0.0,False
2018-03-20,2018-03-21,0,Overnight,0.0,False,-26.28,-26.28,-17.36,False,0.0,False
2018-03-21,2018-03-22,0,Overnight,0.0,False,-139.36,-139.36,-110.57,False,0.0,False
2018-03-22,2018-03-23,0,Overnight,0.0,False,-11.68,-11.68,-255.37,False,0.0,False
2018-03-23,2018-03-26,2,Weekend,48.0,False,200.49,200.49,164.36,False,0.0,False
2018-03-26,2018-03-27,0,Overnight,0.0,False,73.94,73.94,-402.89,False,0.0,False
2018-03-27,2018-03-28,0,Overnight,0.0,False,-57.37,-57.37,-58.33,False,0.0,False
2018-03-28,2018-03-29,0,Overnight,0.0,False,53.91,53.91,127.58,False,0.0,False
2018-03-29,2018-04-02,3,Long,72.0,False,-71.45,-71.45,-221.31,False,0.0,False
2018-04-02,2018-04-03,0,Overnight,0.0,False,87.07,87.07,24.83,False,0.0,False
2018-04-03,2018-04-04,0,Overnight,0.0,False,-195.2,-195.2,351.67,False,0.0,False
2018-04-04,2018-04-05,0,Overnight,0.0,False,99.04,99.04,-42.24,False,0.0,False
2018-04-05,2018-04-06,0,Overnight,0.0,False,-110.79,-110.79,-142.63,False,0.0,False
2018-04-06,2018-04-09,2,Weekend,48.0,False,85.82,85.82,-15.84,False,0.0,False
2018-04-09,2018-04-10,0,Overnight,0.0,False,156.01,156.01,62.22,False,0.0,False
2018-04-10,2018-04-11,0,Overnight,0.0,False,-62.85,-62.85,4.99,False,0.0,False
2018-04-11,2018-04-12,0,Overnight,0.0,False,60.34,60.34,59.36,False,0.0,False
2018-04-12,2018-04-13,0,Overnight,0.0,False,49.81,49.81,-101.73,False,0.0,False
2018-04-13,2018-04-16,2,Weekend,48.0,False,69.78,69.78,6.15,False,0.0,False
2018-04-16,2018-04-17,0,Overnight,0.0,False,100.36,100.36,112.61,False,0.0,False
2018-04-17,2018-04-18,0,Overnight,0.0,False,0.0,0.0,20.45,False,0.0,False
2018-04-18,2018-04-19,0,Overnight,0.0,False,-50.6,-50.6,-41.75,False,0.0,False
2018-04-19,2018-04-20,0,Overnight,0.0,False,-25.5,-25.5,-134.03,False,0.0,False
2018-04-20,2018-04-23,2,Weekend,48.0,False,48.56,48.56,-73.85,False,0.0,False
2018-04-23,2018-04-24,0,Overnight,0.0,False,47.45,47.45,-261.6,False,0.0,False
2018-04-24,2018-04-25,0,Overnight,0.0,False,17.65,17.65,-5.67,False,0.0,False
2018-04-25,2018-04-26,0,Overnight,0.0,False,128.39,128.39,79.95,False,0.0,False
2018-04-26,2018-04-27,0,Overnight,0.0,False,145.85,145.85,-139.68,False,0.0,False
2018-04-27,2018-04-30,2,Weekend,48.0,False,23.42,23.42,-94.62,False,0.0,False
2018-04-30,2018-05-01,0,Overnight,0.0,False,-26.13,-26.13,139.81,False,0.0,False
2018-05-01,2018-05-02,0,Overnight,0.0,False,17.19,17.19,-76.34,False,0.0,False
2018-05-02,2018-05-03,0,Overnight,0.0,False,-50.8,-50.8,49.57,False,0.0,False
2018-05-03,2018-05-04,0,Overnight,0.0,False,-43.36,-43.36,231.32,False,0.0,False
2018-05-04,2018-05-07,2,Weekend,48.0,False,46.59,46.59,36.16,False,0.0,False
2018-05-07,2018-05-08,0,Overnight,0.0,False,-21.08,-21.08,10.85,False,0.0,False
2018-05-08,2018-05-09,0,Overnight,0.0,False,18.05,18.05,90.35,False,0.0,False
2018-05-09,2018-05-10,0,Overnight,0.0,False,32.11,32.11,71.0,False,0.0,False
2018-05-10,2018-05-11,0,Overnight,0.0,False,-11.8,-11.8,2.36,False,0.0,False
2018-05-11,2018-05-14,2,Weekend,48.0,False,22.99,22.99,-5.89,False,0.0,False
2018-05-14,2018-05-15,0,Overnight,0.0,False,-79.25,-79.25,-32.12,False,0.0,False
2018-05-15,2018-05-16,0,Overnight,0.0,False,13.1,13.1,52.81,False,0.0,False
2018-05-16,2018-05-17,0,Overnight,0.0,False,-34.98,-34.98,-3.56,False,0.0,False
2018-05-17,2018-05-18,0,Overnight,0.0,False,-38.69,-38.69,-13.13,False,0.0,False
2018-05-18,2018-05-21,2,Weekend,48.0,False,77.33,77.33,-21.35,False,0.0,False
2018-05-21,2018-05-22,0,Overnight,0.0,False,45.62,45.62,-58.69,False,0.0,False
2018-05-22,2018-05-23,0,Overnight,0.0,False,-76.4,-76.4,160.48,False,0.0,False
2018-05-23,2018-05-24,0,Overnight,0.0,False,-2.95,-2.95,0.0,False,0.0,False
2018-05-24,2018-05-25,0,Overnight,0.0,False,-1.18,-1.18,11.2,False,0.0,False
2018-05-25,2018-05-29,3,Long,72.0,False,-45.47,-45.47,1.18,False,0.0,False
2018-05-29,2018-05-30,0,Overnight,0.0,False,36.04,36.04,35.32,False,0.0,False
2018-05-30,2018-05-31,0,Overnight,0.0,False,0.0,0.0,-6.47,False,0.0,False
2018-05-31,2018-06-01,0,Overnight,0.0,False,49.85,49.85,105.92,False,0.0,False
2018-06-01,2018-06-04,2,Weekend,48.0,False,25.44,25.44,64.46,False,0.0,False
2018-06-04,2018-06-05,0,Overnight,0.0,False,23.5,23.5,7.44,False,0.0,False
2018-06-05,2018-06-06,0,Overnight,0.0,False,10.29,10.29,47.88,False,0.0,False
2018-06-06,2018-06-07,0,Overnight,0.0,False,1.71,1.71,-83.35,False,0.0,False
2018-06-07,2018-06-08,0,Overnight,0.0,False,-47.12,-47.12,47.69,False,0.0,False
2018-06-08,2018-06-11,2,Weekend,48.0,False,-7.46,-7.46,34.36,False,0.0,False
2018-06-11,2018-06-12,0,Overnight,0.0,False,13.71,13.71,38.75,False,0.0,False
2018-06-12,2018-06-13,0,Overnight,0.0,False,15.34,15.34,-15.91,False,0.0,False
2018-06-13,2018-06-14,0,Overnight,0.0,False,45.96,45.96,54.77,False,0.0,False
2018-06-14,2018-06-15,0,Overnight,0.0,False,-37.8,-37.8,2.83,False,0.0,False
2018-06-15,2018-06-18,2,Weekend,48.0,False,-84.55,-63.03,57.39,True,21.36,False
2018-06-18,2018-06-19,0,Overnight,0.0,False,-127.15,-127.15,98.78,False,0.0,False
2018-06-19,2018-06-20,0,Overnight,0.0,False,45.92,45.92,24.85,False,0.0,False
2018-06-20,2018-06-21,0,Overnight,0.0,False,25.36,25.36,-112.62,False,0.0,False
2018-06-21,2018-06-22,0,Overnight,0.0,False,33.52,33.52,-55.74,False,0.0,False
2018-06-22,2018-06-25,2,Weekend,48.0,False,-91.11,-91.11,-136.77,False,0.0,False
2018-06-25,2018-06-26,0,Overnight,0.0,False,36.7,36.7,4.07,False,0.0,False
2018-06-26,2018-06-27,0,Overnight,0.0,False,42.33,42.33,-179.26,False,0.0,False
2018-06-27,2018-06-28,0,Overnight,0.0,False,-12.38,-12.38,98.03,False,0.0,False
2018-06-28,2018-06-29,0,Overnight,0.0,False,47.79,47.79,-20.95,False,0.0,False
2018-06-29,2018-07-02,2,Weekend,48.0,False,-94.24,-94.24,161.01,False,0.0,False
2018-07-02,2018-07-03,0,Overnight,0.0,False,37.54,37.54,-153.96,False,0.0,False
2018-07-03,2018-07-05,1,Short,24.0,True,64.78,64.78,58.58,False,0.0,False
2018-07-05,2018-07-06,0,Overnight,0.0,False,23.11,23.11,131.26,False,0.0,False
2018-07-06,2018-07-09,2,Weekend,48.0,False,51.69,51.69,37.88,False,0.0,False
2018-07-09,2018-07-10,0,Overnight,0.0,False,18.61,18.61,-11.27,False,0.0,False
2018-07-10,2018-07-11,0,Overnight,0.0,False,-78.7,-78.7,27.81,False,0.0,False
2018-07-11,2018-07-12,0,Overnight,0.0,False,44.12,44.12,126.73,False,0.0,False
2018-07-12,2018-07-13,0,Overnight,0.0,False,-0.56,-0.56,8.91,False,0.0,False
2018-07-13,2018-07-16,2,Weekend,48.0,False,2.23,2.23,-26.2,False,0.0,False
2018-07-16,2018-07-17,0,Overnight,0.0,False,-106.6,-106.6,167.25,False,0.0,False
2018-07-17,2018-07-18,0,Overnight,0.0,False,1.11,1.11,-19.99,False,0.0,False
2018-07-18,2018-07-19,0,Overnight,0.0,False,-36.19,-36.19,-13.95,False,0.0,False
2018-07-19,2018-07-20,0,Overnight,0.0,False,30.12,30.12,-32.35,False,0.0,False
2018-07-20,2018-07-23,2,Weekend,48.0,False,-29.65,-29.65,61.45,False,0.0,False
2018-07-23,2018-07-24,0,Overnight,0.0,False,102.5,102.5,-61.38,False,0.0,False
2018-07-24,2018-07-25,0,Overnight,0.0,False,4.44,4.44,134.36,False,0.0,False
2018-07-25,2018-07-26,0,Overnight,0.0,False,-136.58,-136.58,-16.09,False,0.0,False
2018-07-26,2018-07-27,0,Overnight,0.0,False,63.12,63.12,-199.0,False,0.0,False
2018-07-27,2018-07-30,2,Weekend,48.0,False,0.56,0.56,-142.88,False,0.0,False
2018-07-30,2018-07-31,0,Overnight,0.0,False,39.33,39.33,36.91,False,0.0,False
2018-07-31,2018-08-01,0,Overnight,0.0,False,23.21,23.21,14.69,False,0.0,False
2018-08-01,2018-08-02,0,Overnight,0.0,False,-70.82,-70.82,205.97,False,0.0,False
2018-08-02,2018-08-03,0,Overnight,0.0,False,18.92,18.92,11.67,False,0.0,False
2018-08-03,2018-08-06,2,Weekend,48.0,False,-6.67,-6.67,65.36,False,0.0,False
2018-08-06,2018-08-07,0,Overnight,0.0,False,28.12,28.12,8.25,False,0.0,False
2018-08-07,2018-08-08,0,Overnight,0.0,False,-13.76,-13.76,25.85,False,0.0,False
2018-08-08,2018-08-09,0,Overnight,0.0,False,-6.05,-6.05,0.0,False,0.0,False
2018-08-09,2018-08-10,0,Overnight,0.0,False,-67.85,-67.85,-8.86,False,0.0,False
2018-08-10,2018-08-13,2,Weekend,48.0,False,18.26,18.26,-29.35,False,0.0,False
2018-08-13,2018-08-14,0,Overnight,0.0,False,38.19,38.19,24.28,False,0.0,False
2018-08-14,2018-08-15,0,Overnight,0.0,False,-79.68,-79.68,-43.43,False,0.0,False
2018-08-15,2018-08-16,0,Overnight,0.0,False,76.7,76.7,-43.84,False,0.0,False
2018-08-16,2018-08-17,0,Overnight,0.0,False,-26.17,-26.17,28.4,False,0.0,False
2018-08-17,2018-08-20,2,Weekend,48.0,False,22.21,22.21,-31.11,False,0.0,False
2018-08-20,2018-08-21,0,Overnight,0.0,False,30.01,30.01,6.66,False,0.0,False
2018-08-21,2018-08-22,0,Overnight,0.0,False,-21.09,-21.09,59.83,False,0.0,False
2018-08-22,2018-08-23,0,Overnight,0.0,False,-17.69,-17.69,3.32,False,0.0,False
2018-08-23,2018-08-24,0,Overnight,0.0,False,33.13,33.13,59.36,False,0.0,False
2018-08-24,2018-08-27,2,Weekend,48.0,False,50.29,50.29,51.12,False,0.0,False
2018-08-27,2018-08-28,0,Overnight,0.0,False,26.55,26.55,-11.91,False,0.0,False
2018-08-28,2018-08-29,0,Overnight,0.0,False,17.32,17.32,97.4,False,0.0,False
2018-08-29,2018-08-30,0,Overnight,0.0,False,-19.3,-19.3,1.61,False,0.0,False
2018-08-30,2018-08-31,0,Overnight,0.0,False,-12.35,-12.35,25.21,False,0.0,False
2018-08-31,2018-09-04,3,Long,72.0,False,-30.58,-30.58,-12.37,False,0.0,False
2018-09-04,2018-09-05,0,Overnight,0.0,False,-17.77,-17.77,-112.21,False,0.0,False
2018-09-05,2018-09-06,0,Overnight,0.0,False,4.36,4.36,-94.16,False,0.0,False
2018-09-06,2018-09-07,0,Overnight,0.0,False,-72.31,-72.31,33.74,False,0.0,False
2018-09-07,2018-09-10,2,Weekend,48.0,False,57.26,57.26,-23.63,False,0.0,False
2018-09-10,2018-09-11,0,Overnight,0.0,False,-40.25,-40.25,117.0,False,0.0,False
2018-09-11,2018-09-12,0,Overnight,0.0,False,-14.75,-14.75,-14.78,False,0.0,False
2018-09-12,2018-09-13,0,Overnight,0.0,False,62.24,62.24,43.99,False,0.0,False
2018-09-13,2018-09-14,0,Overnight,0.0,False,7.04,7.04,-36.35,False,0.0,False
2018-09-14,2018-09-17,2,Weekend,48.0,False,-16.86,-16.86,-128.21,False,0.0,False
2018-09-17,2018-09-18,0,Overnight,0.0,False,8.27,8.27,74.11,False,0.0,False
2018-09-18,2018-09-19,0,Overnight,0.0,False,1.64,1.64,-9.3,False,0.0,False
2018-09-19,2018-09-20,0,Overnight,0.0,False,68.73,68.73,41.23,False,0.0,False
2018-09-20,2018-09-21,0,Overnight,0.0,False,27.03,27.03,-81.86,False,0.0,False
2018-09-21,2018-09-24,2,Weekend,48.0,False,-90.77,-72.66,100.56,True,17.96,False
2018-09-24,2018-09-25,0,Overnight,0.0,False,-4.35,-4.35,17.94,False,0.0,False
2018-09-25,2018-09-26,0,Overnight,0.0,False,8.69,8.69,-1.63,False,0.0,False
2018-09-26,2018-09-27,0,Overnight,0.0,False,40.62,40.62,43.68,False,0.0,False
2018-09-27,2018-09-28,0,Overnight,0.0,False,-28.02,-28.02,25.87,False,0.0,False
2018-09-28,2018-10-01,2,Weekend,48.0,False,57.96,57.96,-37.53,False,0.0,False
2018-10-01,2018-10-02,0,Overnight,0.0,False,-8.6,-8.6,-13.99,False,0.0,False
2018-10-02,2018-10-03,0,Overnight,0.0,False,41.9,41.9,-31.14,False,0.0,False
2018-10-03,2018-10-04,0,Overnight,0.0,False,-40.41,-40.41,-153.44,False,0.0,False
2018-10-04,2018-10-05,0,Overnight,0.0,False,-1.1,-1.1,-121.93,False,0.0,False
2018-10-05,2018-10-08,2,Weekend,48.0,False,-35.03,-35.03,-26.22,False,0.0,False
2018-10-08,2018-10-09,0,Overnight,0.0,False,7.26,7.26,25.08,False,0.0,False
2018-10-09,2018-10-10,0,Overnight,0.0,False,-62.55,-62.55,-387.21,False,0.0,False
2018-10-10,2018-10-11,0,Overnight,0.0,False,-41.43,-41.43,-83.38,False,0.0,False
2018-10-11,2018-10-12,0,Overnight,0.0,False,265.89,265.89,8.61,False,0.0,False
2018-10-12,2018-10-15,2,Weekend,48.0,False,-35.05,-35.05,-86.73,False,0.0,False
2018-10-15,2018-10-16,0,Overnight,0.0,False,104.56,104.56,182.22,False,0.0,False
2018-10-16,2018-10-17,0,Overnight,0.0,False,48.41,48.41,-44.46,False,0.0,False
2018-10-17,2018-10-18,0,Overnight,0.0,False,-37.86,-37.86,-196.69,False,0.0,False
2018-10-18,2018-10-19,0,Overnight,0.0,False,80.52,80.52,-89.76,False,0.0,False
2018-10-19,2018-10-22,2,Weekend,48.0,False,59.93,59.93,-8.62,False,0.0,False
2018-10-22,2018-10-23,0,Overnight,0.0,False,-189.82,-189.82,152.95,False,0.0,False
2018-10-23,2018-10-24,0,Overnight,0.0,False,-11.55,-11.55,-456.92,False,0.0,False
2018-10-24,2018-10-25,0,Overnight,0.0,False,154.24,154.24,185.86,False,0.0,False
2018-10-25,2018-10-26,0,Overnight,0.0,False,-348.58,-348.58,87.99,False,0.0,False
2018-10-26,2018-10-29,2,Weekend,48.0,False,151.85,151.85,-359.8,False,0.0,False
2018-10-29,2018-10-30,0,Overnight,0.0,False,-29.45,-29.45,192.9,False,0.0,False
2018-10-30,2018-10-31,0,Overnight,0.0,False,161.42,161.42,70.91,False,0.0,False
2018-10-31,2018-11-01,0,Overnight,0.0,False,14.71,14.71,116.33,False,0.0,False
2018-11-01,2018-11-02,0,Overnight,0.0,False,-30.85,-30.85,-126.13,False,0.0,False
2018-11-02,2018-11-05,2,Weekend,49.0,False,12.98,12.98,-37.81,False,0.0,False
2018-11-05,2018-11-06,0,Overnight,0.0,False,0.59,0.59,74.88,False,0.0,False
2018-11-06,2018-11-07,0,Overnight,0.0,False,119.12,119.12,189.74,False,0.0,False
2018-11-07,2018-11-08,0,Overnight,0.0,False,-46.81,-46.81,-17.18,False,0.0,False
2018-11-08,2018-11-09,0,Overnight,0.0,False,-93.87,-93.87,-76.09,False,0.0,False
2018-11-09,2018-11-12,2,Weekend,48.0,False,-70.21,-70.21,-237.05,False,0.0,False
2018-11-12,2018-11-13,0,Overnight,0.0,False,46.79,46.79,-38.37,False,0.0,False
2018-11-13,2018-11-14,0,Overnight,0.0,False,98.63,98.63,-175.21,False,0.0,False
2018-11-14,2018-11-15,0,Overnight,0.0,False,-18.18,-18.18,191.6,False,0.0,False
2018-11-15,2018-11-16,0,Overnight,0.0,False,-98.05,-98.05,62.88,False,0.0,False
2018-11-16,2018-11-19,2,Weekend,48.0,False,-47.88,-47.88,-282.29,False,0.0,False
2018-11-19,2018-11-20,0,Overnight,0.0,False,-230.33,-230.33,49.76,False,0.0,False
2018-11-20,2018-11-21,0,Overnight,0.0,False,136.66,136.66,-60.92,False,0.0,False
2018-11-21,2018-11-23,1,Short,24.0,False,-80.14,-80.14,7.54,False,0.0,False
2018-11-23,2018-11-26,2,Weekend,48.0,True,139.09,139.09,89.42,False,0.0,False
2018-11-26,2018-11-27,0,Overnight,0.0,False,-54.79,-54.79,88.5,False,0.0,False
2018-11-27,2018-11-28,0,Overnight,0.0,False,71.94,71.94,244.82,False,0.0,False
2018-11-28,2018-11-29,0,Overnight,0.0,False,-42.17,-42.17,9.52,False,0.0,False
2018-11-29,2018-11-30,0,Overnight,0.0,False,13.67,13.67,58.62,False,0.0,False
2018-11-30,2018-12-03,2,Weekend,48.0,False,218.42,218.42,-45.16,False,0.0,False
2018-12-03,2018-12-04,0,Overnight,0.0,False,-52.36,-52.36,-338.75,False,0.0,False
2018-12-04,2018-12-06,1,Short,24.0,False,-203.6,-203.6,273.96,False,0.0,False
2018-12-06,2018-12-07,0,Overnight,0.0,False,-43.84,-43.84,-291.89,False,0.0,False
2018-12-07,2018-12-10,2,Weekend,48.0,False,-18.61,-18.61,122.78,False,0.0,False
2018-12-10,2018-12-11,0,Overnight,0.0,False,161.8,161.8,-128.74,False,0.0,False
2018-12-11,2018-12-12,0,Overnight,0.0,False,145.02,145.02,-57.39,False,0.0,False
2018-12-12,2018-12-13,0,Overnight,0.0,False,65.22,65.22,-62.19,False,0.0,False
2018-12-13,2018-12-14,0,Overnight,0.0,False,-115.14,-115.14,-131.37,False,0.0,False
2018-12-14,2018-12-17,2,Weekend,48.0,False,-42.93,-42.93,-186.27,False,0.0,False
2018-12-17,2018-12-18,0,Overnight,0.0,False,77.2,77.2,-14.51,False,0.0,False
2018-12-18,2018-12-19,0,Overnight,0.0,False,-15.16,-15.16,-233.45,False,0.0,False
2018-12-19,2018-12-20,0,Overnight,0.0,False,-24.62,-24.62,-121.4,False,0.0,False
2018-12-20,2018-12-21,0,Overnight,0.0,False,49.78,49.78,-364.62,False,0.0,False
2018-12-21,2018-12-24,2,Weekend,48.0,False,-101.48,-72.7,-178.19,True,28.53,False
2018-12-24,2018-12-26,1,Short,24.0,True,109.5,109.5,496.17,False,0.0,False
2018-12-26,2018-12-27,0,Overnight,0.0,False,-138.03,-138.03,176.66,False,0.0,False
2018-12-27,2018-12-28,0,Overnight,0.0,False,71.61,71.61,-76.84,False,0.0,False
2018-12-28,2018-12-31,2,Weekend,48.0,False,97.58,97.58,-13.6,False,0.0,False
2018-12-31,2019-01-02,1,Short,24.0,False,-214.26,-214.26,254.37,False,0.0,False
2019-01-02,2019-01-03,0,Overnight,0.0,False,-148.3,-148.3,-183.86,False,0.0,False
2019-01-03,2019-01-04,0,Overnight,0.0,False,166.8,166.8,252.14,False,0.0,False
2019-01-04,2019-01-07,2,Weekend,48.0,False,24.93,24.93,93.42,False,0.0,False
2019-01-07,2019-01-08,0,Overnight,0.0,False,91.3,91.3,-1.25,False,0.0,False
2019-01-08,2019-01-09,0,Overnight,0.0,False,38.79,38.79,42.37,False,0.0,False
2019-01-09,2019-01-10,0,Overnight,0.0,False,-76.15,-76.15,104.71,False,0.0,False
2019-01-10,2019-01-11,0,Overnight,0.0,False,-59.08,-59.08,22.43,False,0.0,False
2019-01-11,2019-01-14,2,Weekend,48.0,False,-85.0,-85.0,-3.77,False,0.0,False
2019-01-14,2019-01-15,0,Overnight,0.0,False,45.73,45.73,147.65,False,0.0,False
2019-01-15,2019-01-16,0,Overnight,0.0,False,16.61,16.61,-18.46,False,0.0,False
2019-01-16,2019-01-17,0,Overnight,0.0,False,-32.08,-32.08,110.61,False,0.0,False
2019-01-17,2019-01-18,0,Overnight,0.0,False,70.03,70.03,28.48,False,0.0,False
2019-01-18,2019-01-22,3,Long,72.0,False,-72.27,-72.27,-130.06,False,0.0,False
2019-01-22,2019-01-23,0,Overnight,0.0,False,51.12,51.12,-38.16,False,0.0,False
2019-01-23,2019-01-24,0,Overnight,0.0,False,32.63,32.63,31.91,False,0.0,False
2019-01-24,2019-01-25,0,Overnight,0.0,False,79.95,79.95,38.83,False,0.0,False
2019-01-25,2019-01-28,2,Weekend,48.0,False,-129.81,-129.81,5.52,False,0.0,False
2019-01-28,2019-01-29,0,Overnight,0.0,False,5.52,5.52,-100.38,False,0.0,False
2019-01-29,2019-01-30,0,Overnight,0.0,False,112.63,112.63,138.57,False,0.0,False
2019-01-30,2019-01-31,0,Overnight,0.0,False,61.38,61.38,87.2,False,0.0,False
2019-01-31,2019-02-01,0,Overnight,0.0,False,-49.48,-49.48,7.17,False,0.0,False
2019-02-01,2019-02-04,2,Weekend,48.0,False,1.79,1.79,121.66,False,0.0,False
2019-02-04,2019-02-05,0,Overnight,0.0,False,13.56,13.56,74.53,False,0.0,False
2019-02-05,2019-02-06,0,Overnight,0.0,False,2.34,2.34,-32.2,False,0.0,False
2019-02-06,2019-02-07,0,Overnight,0.0,False,-87.76,-87.76,-47.44,False,0.0,False
2019-02-07,2019-02-08,0,Overnight,0.0,False,-87.76,-87.76,107.36,False,0.0,False
2019-02-08,2019-02-11,2,Weekend,48.0,False,36.12,36.12,-45.62,False,0.0,False
2019-02-11,2019-02-12,0,Overnight,0.0,False,72.78,72.78,74.0,False,0.0,False
2019-02-12,2019-02-13,0,Overnight,0.0,False,44.37,44.37,-37.35,False,0.0,False
2019-02-13,2019-02-14,0,Overnight,0.0,False,-35.73,-35.73,48.01,False,0.0,False
2019-02-14,2019-02-15,0,Overnight,0.0,False,75.64,75.64,-33.68,False,0.0,False
2019-02-15,2019-02-19,3,Long,72.0,False,-30.87,-30.87,50.63,False,0.0,False
2019-02-19,2019-02-20,0,Overnight,0.0,False,6.96,6.96,-8.7,False,0.0,False
2019-02-20,2019-02-21,0,Overnight,0.0,False,-26.74,-26.74,-9.9,False,0.0,False
2019-02-21,2019-02-22,0,Overnight,0.0,False,21.54,21.54,52.19,False,0.0,False
2019-02-22,2019-02-25,2,Weekend,48.0,False,76.06,76.06,-39.69,False,0.0,False
2019-02-25,2019-02-26,0,Overnight,0.0,False,-24.23,-24.23,34.6,False,0.0,False
2019-02-26,2019-02-27,0,Overnight,0.0,False,-46.16,-46.16,39.83,False,0.0,False
2019-02-27,2019-02-28,0,Overnight,0.0,False,-31.16,-31.16,8.09,False,0.0,False
2019-02-28,2019-03-01,0,Overnight,0.0,False,71.92,71.92,-2.87,False,0.0,False
2019-03-01,2019-03-04,2,Weekend,48.0,False,65.73,65.73,-64.01,False,0.0,False
2019-03-04,2019-03-05,0,Overnight,0.0,False,7.45,7.45,0.0,False,0.0,False
2019-03-05,2019-03-06,0,Overnight,0.0,False,9.73,9.73,-66.61,False,0.0,False
2019-03-06,2019-03-07,0,Overnight,0.0,False,-25.38,-25.38,-98.1,False,0.0,False
2019-03-07,2019-03-08,0,Overnight,0.0,False,-112.63,-112.63,97.45,False,0.0,False
2019-03-08,2019-03-11,2,Weekend,47.0,False,41.39,41.39,164.45,False,0.0,False
2019-03-11,2019-03-12,0,Overnight,0.0,False,26.29,26.29,28.5,False,0.0,False
2019-03-12,2019-03-13,0,Overnight,0.0,False,51.66,51.66,23.19,False,0.0,False
2019-03-13,2019-03-14,0,Overnight,0.0,False,6.78,6.78,-23.74,False,0.0,False
2019-03-14,2019-03-15,0,Overnight,0.0,False,38.97,38.97,53.41,False,0.0,False
2019-03-15,2019-03-18,2,Weekend,48.0,False,-22.45,-4.26,28.06,True,18.17,False
2019-03-18,2019-03-19,0,Overnight,0.0,False,40.82,40.82,-7.26,False,0.0,False
2019-03-19,2019-03-20,0,Overnight,0.0,False,0.56,0.56,39.02,False,0.0,False
2019-03-20,2019-03-21,0,Overnight,0.0,False,-30.08,-30.08,185.2,False,0.0,False
2019-03-21,2019-03-22,0,Overnight,0.0,False,-43.37,-43.37,-178.72,False,0.0,False
2019-03-22,2019-03-25,2,Weekend,48.0,False,-36.47,-36.47,17.41,False,0.0,False
2019-03-25,2019-03-26,0,Overnight,0.0,False,77.13,77.13,-30.67,False,0.0,False
2019-03-26,2019-03-27,0,Overnight,0.0,False,15.07,15.07,-79.5,False,0.0,False
2019-03-27,2019-03-28,0,Overnight,0.0,False,25.82,25.82,-2.8,False,0.0,False
2019-03-28,2019-03-29,0,Overnight,0.0,False,77.1,77.1,-1.67,False,0.0,False
2019-03-29,2019-04-01,2,Weekend,48.0,False,102.45,102.45,29.16,False,0.0,False
2019-04-01,2019-04-02,0,Overnight,0.0,False,10.98,10.98,26.85,False,0.0,False
2019-04-02,2019-04-03,0,Overnight,0.0,False,56.21,56.21,1.09,False,0.0,False
2019-04-03,2019-04-04,0,Overnight,0.0,False,2.72,2.72,-6.53,False,0.0,False
2019-04-04,2019-04-05,0,Overnight,0.0,False,28.81,28.81,22.77,False,0.0,False
2019-04-05,2019-04-08,2,Weekend,48.0,False,-16.26,-16.26,41.68,False,0.0,False
2019-04-08,2019-04-09,0,Overnight,0.0,False,-34.09,-34.09,-1.08,False,0.0,False
2019-04-09,2019-04-10,0,Overnight,0.0,False,13.0,13.0,40.52,False,0.0,False
2019-04-10,2019-04-11,0,Overnight,0.0,False,16.7,16.7,-40.45,False,0.0,False
2019-04-11,2019-04-12,0,Overnight,0.0,False,44.22,44.22,-1.08,False,0.0,False
2019-04-12,2019-04-15,2,Weekend,48.0,False,0.54,0.54,1.08,False,0.0,False
2019-04-15,2019-04-16,0,Overnight,0.0,False,36.52,36.52,-2.14,False,0.0,False
2019-04-16,2019-04-17,0,Overnight,0.0,False,66.8,66.8,-32.01,False,0.0,False
2019-04-17,2019-04-18,0,Overnight,0.0,False,16.55,16.55,-3.74,False,0.0,False
2019-04-18,2019-04-22,3,Long,72.0,False,-43.85,-43.85,72.1,False,0.0,False
2019-04-22,2019-04-23,0,Overnight,0.0,False,25.51,25.51,100.87,False,0.0,False
2019-04-23,2019-04-24,0,Overnight,0.0,False,8.4,8.4,-39.98,False,0.0,False
2019-04-24,2019-04-25,0,Overnight,0.0,False,74.57,74.57,-34.07,False,0.0,False
2019-04-25,2019-04-26,0,Overnight,0.0,False,-15.76,-15.76,24.68,False,0.0,False
2019-04-26,2019-04-29,2,Weekend,48.0,False,0.0,0.0,19.39,False,0.0,False
2019-04-29,2019-04-30,0,Overnight,0.0,False,-80.95,-80.95,3.17,False,0.0,False
2019-04-30,2019-05-01,0,Overnight,0.0,False,65.21,65.21,-97.44,False,0.0,False
2019-05-01,2019-05-02,0,Overnight,0.0,False,-3.18,-3.18,-40.32,False,0.0,False
2019-05-02,2019-05-03,0,Overnight,0.0,False,82.59,82.59,75.63,False,0.0,False
2019-05-03,2019-05-06,2,Weekend,48.0,False,-214.73,-214.73,153.32,False,0.0,False
2019-05-06,2019-05-07,0,Overnight,0.0,False,-109.58,-109.58,-87.14,False,0.0,False
2019-05-07,2019-05-08,0,Overnight,0.0,False,-32.81,-32.81,7.54,False,0.0,False
2019-05-08,2019-05-09,0,Overnight,0.0,False,-112.05,-112.05,58.08,False,0.0,False
2019-05-09,2019-05-10,0,Overnight,0.0,False,-35.78,-35.78,48.22,False,0.0,False
2019-05-10,2019-05-13,2,Weekend,48.0,False,-257.89,-257.89,-95.3,False,0.0,False
2019-05-13,2019-05-14,0,Overnight,0.0,False,52.5,52.5,56.66,False,0.0,False
2019-05-14,2019-05-15,0,Overnight,0.0,False,-66.13,-66.13,206.39,False,0.0,False
2019-05-15,2019-05-16,0,Overnight,0.0,False,4.37,4.37,95.63,False,0.0,False
2019-05-16,2019-05-17,0,Overnight,0.0,False,-99.45,-99.45,-3.28,False,0.0,False
2019-05-17,2019-05-20,2,Weekend,48.0,False,-140.29,-140.29,-29.96,False,0.0,False
2019-05-20,2019-05-21,0,Overnight,0.0,False,85.77,85.77,18.17,False,0.0,False
2019-05-21,2019-05-22,0,Overnight,0.0,False,-55.7,-55.7,11.05,False,0.0,False
2019-05-22,2019-05-23,0,Overnight,0.0,False,-115.57,-115.57,-38.64,False,0.0,False
2019-05-23,2019-05-24,0,Overnight,0.0,False,53.71,53.71,-58.76,False,0.0,False
2019-05-24,2019-05-28,3,Long,72.0,False,28.03,28.03,-65.7,False,0.0,False
2019-05-28,2019-05-29,0,Overnight,0.0,False,-62.17,-62.17,-20.43,False,0.0,False
2019-05-29,2019-05-30,0,Overnight,0.0,False,26.66,26.66,15.29,False,0.0,False
2019-05-30,2019-05-31,0,Overnight,0.0,False,-118.36,-118.36,-42.45,False,0.0,False
2019-05-31,2019-06-03,2,Weekend,48.0,False,-27.06,-27.06,-195.58,False,0.0,False
2019-06-03,2019-06-04,0,Overnight,0.0,False,111.65,111.65,166.03,False,0.0,False
2019-06-04,2019-06-05,0,Overnight,0.0,False,95.02,95.02,-20.98,False,0.0,False
2019-06-05,2019-06-06,0,Overnight,0.0,False,17.01,17.01,62.13,False,0.0,False
2019-06-06,2019-06-07,0,Overnight,0.0,False,53.35,53.35,137.93,False,0.0,False
2019-06-07,2019-06-10,2,Weekend,48.0,False,66.61,66.61,49.26,False,0.0,False
2019-06-10,2019-06-11,0,Overnight,0.0,False,103.75,103.75,-90.11,False,0.0,False
2019-06-11,2019-06-12,0,Overnight,0.0,False,-27.3,-27.3,-30.66,False,0.0,False
2019-06-12,2019-06-13,0,Overnight,0.0,False,41.59,41.59,17.46,False,0.0,False
2019-06-13,2019-06-14,0,Overnight,0.0,False,-51.38,-51.38,8.76,False,0.0,False
2019-06-14,2019-06-17,2,Weekend,48.0,False,21.88,21.88,38.17,False,0.0,False
2019-06-17,2019-06-18,0,Overnight,0.0,False,117.41,117.41,26.86,False,0.0,False
2019-06-18,2019-06-19,0,Overnight,0.0,False,13.4,13.4,24.08,False,0.0,False
2019-06-19,2019-06-20,0,Overnight,0.0,False,138.53,138.53,-45.96,False,0.0,False
2019-06-20,2019-06-21,0,Overnight,0.0,False,-11.66,-11.66,-3.18,False,0.0,False
2019-06-21,2019-06-24,2,Weekend,48.0,False,-2.12,19.92,-19.64,True,22.06,False
2019-06-24,2019-06-25,0,Overnight,0.0,False,-6.91,-6.91,-166.24,False,0.0,False
2019-06-25,2019-06-26,0,Overnight,0.0,False,66.29,66.29,-19.9,False,0.0,False
2019-06-26,2019-06-27,0,Overnight,0.0,False,36.0,36.0,2.14,False,0.0,False
2019-06-27,2019-06-28,0,Overnight,0.0,False,24.1,24.1,-11.24,False,0.0,False
2019-06-28,2019-07-01,2,Weekend,48.0,False,189.9,189.9,-55.85,False,0.0,False
2019-07-01,2019-07-02,0,Overnight,0.0,False,-3.17,-3.17,42.72,False,0.0,False
2019-07-02,2019-07-03,0,Overnight,0.0,False,25.23,25.23,49.75,False,0.0,False
2019-07-03,2019-07-05,1,Short,24.0,True,-68.66,-68.66,48.27,False,0.0,False
2019-07-05,2019-07-08,2,Weekend,48.0,False,-65.12,-65.12,-5.27,False,0.0,False
2019-07-08,2019-07-09,0,Overnight,0.0,False,-47.55,-47.55,97.51,False,0.0,False
2019-07-09,2019-07-10,0,Overnight,0.0,False,60.66,60.66,38.5,False,0.0,False
2019-07-10,2019-07-11,0,Overnight,0.0,False,15.05,15.05,-22.32,False,0.0,False
2019-07-11,2019-07-12,0,Overnight,0.0,False,10.91,10.91,46.61,False,0.0,False
2019-07-12,2019-07-15,2,Weekend,48.0,False,23.23,23.23,8.76,False,0.0,False
2019-07-15,2019-07-16,0,Overnight,0.0,False,-12.37,-12.37,-39.27,False,0.0,False
2019-07-16,2019-07-17,0,Overnight,0.0,False,0.0,0.0,-49.31,False,0.0,False
2019-07-17,2019-07-18,0,Overnight,0.0,False,-47.46,-47.46,58.9,False,0.0,False
2019-07-18,2019-07-19,0,Overnight,0.0,False,68.37,68.37,-141.91,False,0.0,False
2019-07-19,2019-07-22,2,Weekend,48.0,False,22.49,22.49,56.78,False,0.0,False
2019-07-22,2019-07-23,0,Overnight,0.0,False,54.39,54.39,10.84,False,0.0,False
2019-07-23,2019-07-24,0,Overnight,0.0,False,-38.26,-38.26,108.19,False,0.0,False
2019-07-24,2019-07-25,0,Overnight,0.0,False,-33.88,-33.88,-61.37,False,0.0,False
2019-07-25,2019-07-26,0,Overnight,0.0,False,63.43,63.43,38.99,False,0.0,False
2019-07-26,2019-07-29,2,Weekend,48.0,False,-9.22,-9.22,-25.15,False,0.0,False
2019-07-29,2019-07-30,0,Overnight,0.0,False,-76.85,-76.85,33.6,False,0.0,False
2019-07-30,2019-07-31,0,Overnight,0.0,False,26.8,26.8,-166.06,False,0.0,False
2019-07-31,2019-08-01,0,Overnight,0.0,False,17.25,17.25,-67.09,False,0.0,False
2019-08-01,2019-08-02,0,Overnight,0.0,False,-75.49,-75.49,-72.86,False,0.0,False
2019-08-02,2019-08-05,2,Weekend,48.0,False,-211.45,-211.45,-148.29,False,0.0,False
2019-08-05,2019-08-06,0,Overnight,0.0,False,91.98,91.98,47.04,False,0.0,False
2019-08-06,2019-08-07,0,Overnight,0.0,False,-109.18,-109.18,163.06,False,0.0,False
2019-08-07,2019-08-08,0,Overnight,0.0,False,44.95,44.95,170.36,False,0.0,False
2019-08-08,2019-08-09,0,Overnight,0.0,False,-47.92,-47.92,-46.54,False,0.0,False
2019-08-09,2019-08-12,2,Weekend,48.0,False,-61.86,-61.86,-53.56,False,0.0,False
2019-08-12,2019-08-13,0,Overnight,0.0,False,-8.68,-8.68,225.46,False,0.0,False
2019-08-13,2019-08-14,0,Overnight,0.0,False,-162.14,-162.14,-141.26,False,0.0,False
2019-08-14,2019-08-15,0,Overnight,0.0,False,13.12,13.12,-24.62,False,0.0,False
2019-08-15,2019-08-16,0,Overnight,0.0,False,90.52,90.52,68.71,False,0.0,False
2019-08-16,2019-08-19,2,Weekend,48.0,False,143.46,143.46,14.34,False,0.0,False
2019-08-19,2019-08-20,0,Overnight,0.0,False,-24.97,-24.97,-52.81,False,0.0,False
2019-08-20,2019-08-21,0,Overnight,0.0,False,87.33,87.33,1.06,False,0.0,False
2019-08-21,2019-08-22,0,Overnight,0.0,False,18.54,18.54,-50.93,False,0.0,False
2019-08-22,2019-08-23,0,Overnight,0.0,False,-68.31,-68.31,-253.26,False,0.0,False
2019-08-23,2019-08-26,2,Weekend,48.0,False,113.05,113.05,36.86,False,0.0,False
2019-08-26,2019-08-27,0,Overnight,0.0,False,69.55,69.55,-90.68,False,0.0,False
2019-08-27,2019-08-28,0,Overnight,0.0,False,-32.59,-32.59,68.31,False,0.0,False
2019-08-28,2019-08-29,0,Overnight,0.0,False,123.5,123.5,28.24,False,0.0,False
2019-08-29,2019-08-30,0,Overnight,0.0,False,53.6,53.6,-77.58,False,0.0,False
2019-08-30,2019-09-03,3,Long,72.0,False,-66.9,-66.9,-30.66,False,0.0,False
2019-09-03,2019-09-04,0,Overnight,0.0,False,95.96,95.96,47.37,False,0.0,False
2019-09-04,2019-09-05,0,Overnight,0.0,False,109.84,109.84,71.69,False,0.0,False
2019-09-05,2019-09-06,0,Overnight,0.0,False,16.67,16.67,-26.58,False,0.0,False
2019-09-06,2019-09-09,2,Weekend,48.0,False,31.27,31.27,-52.17,False,0.0,False
2019-09-09,2019-09-10,0,Overnight,0.0,False,-54.02,-54.02,25.21,False,0.0,False
2019-09-10,2019-09-11,0,Overnight,0.0,False,18.87,18.87,74.59,False,0.0,False
2019-09-11,2019-09-12,0,Overnight,0.0,False,61.13,61.13,-19.65,False,0.0,False
2019-09-12,2019-09-13,0,Overnight,0.0,False,-14.5,-14.5,-21.27,False,0.0,False
2019-09-13,2019-09-16,2,Weekend,48.0,False,-64.61,-64.61,19.84,False,0.0,False
2019-09-16,2019-09-17,0,Overnight,0.0,False,1.04,1.04,46.84,False,0.0,False
2019-09-17,2019-09-18,0,Overnight,0.0,False,-20.79,-20.79,16.64,False,0.0,False
2019-09-18,2019-09-19,0,Overnight,0.0,False,17.64,17.64,-1.04,False,0.0,False
2019-09-19,2019-09-20,0,Overnight,0.0,False,13.99,13.99,-120.34,False,0.0,False
2019-09-20,2019-09-23,2,Weekend,48.0,False,-23.09,-2.94,7.35,True,20.13,False
2019-09-23,2019-09-24,0,Overnight,0.0,False,45.57,45.57,-179.26,False,0.0,False
2019-09-24,2019-09-25,0,Overnight,0.0,False,-10.11,-10.11,121.74,False,0.0,False
2019-09-25,2019-09-26,0,Overnight,0.0,False,-13.16,-13.16,-23.73,False,0.0,False
2019-09-26,2019-09-27,0,Overnight,0.0,False,18.46,18.46,-143.33,False,0.0,False
2019-09-27,2019-09-30,2,Weekend,48.0,False,40.55,40.55,54.17,False,0.0,False
2019-09-30,2019-10-01,0,Overnight,0.0,False,36.48,36.48,-118.38,False,0.0,False
2019-10-01,2019-10-02,0,Overnight,0.0,False,-68.05,-68.05,-105.39,False,0.0,False
2019-10-02,2019-10-03,0,Overnight,0.0,False,-1.09,-1.09,110.24,False,0.0,False
2019-10-03,2019-10-04,0,Overnight,0.0,False,54.13,54.13,92.05,False,0.0,False
2019-10-04,2019-10-07,2,Weekend,48.0,False,-28.64,-28.64,-1.59,False,0.0,False
2019-10-07,2019-10-08,0,Overnight,0.0,False,-62.88,-62.88,-88.06,False,0.0,False
2019-10-08,2019-10-09,0,Overnight,0.0,False,84.32,84.32,12.83,False,0.0,False
2019-10-09,2019-10-10,0,Overnight,0.0,False,2.67,2.67,74.48,False,0.0,False
2019-10-10,2019-10-11,0,Overnight,0.0,False,113.31,113.31,14.66,False,0.0,False
2019-10-11,2019-10-14,2,Weekend,48.0,False,-14.14,-14.14,13.09,False,0.0,False
2019-10-14,2019-10-15,0,Overnight,0.0,False,30.83,30.83,95.54,False,0.0,False
2019-10-15,2019-10-16,0,Overnight,0.0,False,-34.16,-34.16,9.33,False,0.0,False
2019-10-16,2019-10-17,0,Overnight,0.0,False,59.91,59.91,-33.53,False,0.0,False
2019-10-17,2019-10-18,0,Overnight,0.0,False,-18.1,-18.1,-78.46,False,0.0,False
2019-10-18,2019-10-21,2,Weekend,48.0,False,53.07,53.07,35.22,False,0.0,False
2019-10-21,2019-10-22,0,Overnight,0.0,False,39.22,39.22,-119.17,False,0.0,False
2019-10-22,2019-10-23,0,Overnight,0.0,False,-20.35,-20.35,39.62,False,0.0,False
2019-10-23,2019-10-24,0,Overnight,0.0,False,71.02,71.02,25.79,False,0.0,False
2019-10-24,2019-10-25,0,Overnight,0.0,False,-51.66,-51.66,131.2,False,0.0,False
2019-10-25,2019-10-28,2,Weekend,48.0,False,46.41,46.41,51.76,False,0.0,False
2019-10-28,2019-10-29,0,Overnight,0.0,False,-16.72,-16.72,-61.03,False,0.0,False
2019-10-29,2019-10-30,0,Overnight,0.0,False,19.37,19.37,28.98,False,0.0,False
2019-10-30,2019-10-31,0,Overnight,0.0,False,28.89,28.89,-24.33,False,0.0,False
2019-10-31,2019-11-01,0,Overnight,0.0,False,43.04,43.04,47.38,False,0.0,False
2019-11-01,2019-11-04,2,Weekend,49.0,False,66.16,66.16,-4.5,False,0.0,False
2019-11-04,2019-11-05,0,Overnight,0.0,False,12.49,12.49,-6.99,False,0.0,False
2019-11-05,2019-11-06,0,Overnight,0.0,False,-11.5,-11.5,-11.01,False,0.0,False
2019-11-06,2019-11-07,0,Overnight,0.0,False,49.94,49.94,-16.45,False,0.0,False
2019-11-07,2019-11-08,0,Overnight,0.0,False,-17.98,-17.98,57.81,False,0.0,False
2019-11-08,2019-11-11,2,Weekend,48.0,False,-50.82,-50.82,37.39,False,0.0,False
2019-11-11,2019-11-12,0,Overnight,0.0,False,8.46,8.46,20.36,False,0.0,False
2019-11-12,2019-11-13,0,Overnight,0.0,False,-34.79,-34.79,37.27,False,0.0,False
2019-11-13,2019-11-14,0,Overnight,0.0,False,-37.77,-37.77,29.83,False,0.0,False
2019-11-14,2019-11-15,0,Overnight,0.0,False,60.38,60.38,12.82,False,0.0,False
2019-11-15,2019-11-18,2,Weekend,48.0,False,-15.78,-15.78,23.67,False,0.0,False
2019-11-18,2019-11-19,0,Overnight,0.0,False,37.85,37.85,-23.08,False,0.0,False
2019-11-19,2019-11-20,0,Overnight,0.0,False,-26.09,-26.09,-34.08,False,0.0,False
2019-11-20,2019-11-21,0,Overnight,0.0,False,-10.89,-10.89,-11.4,False,0.0,False
2019-11-21,2019-11-22,0,Overnight,0.0,False,24.76,24.76,-18.32,False,0.0,False
2019-11-22,2019-11-25,2,Weekend,48.0,False,43.01,43.01,74.71,False,0.0,False
2019-11-25,2019-11-26,0,Overnight,0.0,False,6.36,6.36,12.71,False,0.0,False
2019-11-26,2019-11-27,0,Overnight,0.0,False,25.87,25.87,43.78,False,0.0,False
2019-11-27,2019-11-29,1,Short,24.0,False,-25.27,-25.27,-20.46,False,0.0,False
2019-11-29,2019-12-02,2,Weekend,48.0,True,0.49,0.49,-103.4,False,0.0,False
2019-12-02,2019-12-03,0,Overnight,0.0,False,-138.39,-138.39,59.76,False,0.0,False
2019-12-03,2019-12-04,0,Overnight,0.0,False,51.01,51.01,-0.49,False,0.0,False
2019-12-04,2019-12-05,0,Overnight,0.0,False,35.5,35.5,-15.76,False,0.0,False
2019-12-05,2019-12-06,0,Overnight,0.0,False,72.7,72.7,33.72,False,0.0,False
2019-12-06,2019-12-09,2,Weekend,48.0,False,-18.06,-18.06,-27.4,False,0.0,False
2019-12-09,2019-12-10,0,Overnight,0.0,False,4.9,4.9,-13.23,False,0.0,False
2019-12-10,2019-12-11,0,Overnight,0.0,False,22.54,22.54,30.29,False,0.0,False
2019-12-11,2019-12-12,0,Overnight,0.0,False,-10.25,-10.25,84.61,False,0.0,False
2019-12-12,2019-12-13,0,Overnight,0.0,False,-5.33,-5.33,38.2,False,0.0,False
2019-12-13,2019-12-16,2,Weekend,48.0,False,65.43,65.43,34.46,False,0.0,False
2019-12-16,2019-12-17,0,Overnight,0.0,False,12.89,12.89,-7.16,False,0.0,False
2019-12-17,2019-12-18,0,Overnight,0.0,False,8.59,8.59,-0.95,False,0.0,False
2019-12-18,2019-12-19,0,Overnight,0.0,False,4.29,4.29,58.03,False,0.0,False
2019-12-19,2019-12-20,0,Overnight,0.0,False,47.31,47.31,-7.08,False,0.0,False
2019-12-20,2019-12-23,2,Weekend,48.0,False,13.69,35.27,-8.97,True,21.63,False
2019-12-23,2019-12-24,0,Overnight,0.0,False,8.97,8.97,-3.77,False,0.0,False
2019-12-24,2019-12-26,1,Short,24.0,True,16.03,16.03,71.82,False,0.0,False
2019-12-26,2019-12-27,0,Overnight,0.0,False,35.02,35.02,-43.44,False,0.0,False
2019-12-27,2019-12-30,2,Weekend,48.0,False,-5.15,-5.15,-60.6,False,0.0,False
2019-12-30,2019-12-31,0,Overnight,0.0,False,-32.1,-32.1,50.93,False,0.0,False
2019-12-31,2020-01-02,1,Short,24.0,False,83.84,83.84,81.75,False,0.0,False
2020-01-02,2020-01-03,0,Overnight,0.0,False,-133.19,-133.19,41.17,False,0.0,False
2020-01-03,2020-01-06,2,Weekend,48.0,False,-78.75,-78.75,142.97,False,0.0,False
2020-01-06,2020-01-07,0,Overnight,0.0,False,3.71,3.71,-5.1,False,0.0,False
2020-01-07,2020-01-08,0,Overnight,0.0,False,-1.39,-1.39,76.27,False,0.0,False
2020-01-08,2020-01-09,0,Overnight,0.0,False,82.09,82.09,2.28,False,0.0,False
2020-01-09,2020-01-10,0,Overnight,0.0,False,39.19,39.19,-64.8,False,0.0,False
2020-01-10,2020-01-13,2,Weekend,48.0,False,41.12,41.12,73.59,False,0.0,False
2020-01-13,2020-01-14,0,Overnight,0.0,False,-4.98,-4.98,-34.47,False,0.0,False
2020-01-14,2020-01-15,0,Overnight,0.0,False,5.45,5.45,-1.36,False,0.0,False
2020-01-15,2020-01-16,0,Overnight,0.0,False,49.84,49.84,45.54,False,0.0,False
2020-01-16,2020-01-17,0,Overnight,0.0,False,44.89,44.89,4.48,False,0.0,False
2020-01-17,2020-01-21,3,Long,72.0,False,-27.79,-27.79,23.32,False,0.0,False
2020-01-21,2020-01-22,0,Overnight,0.0,False,50.48,50.48,-24.09,False,0.0,False
2020-01-22,2020-01-23,0,Overnight,0.0,False,-5.81,-5.81,37.92,False,0.0,False
2020-01-23,2020-01-24,0,Overnight,0.0,False,46.64,46.64,-131.15,False,0.0,False
2020-01-24,2020-01-27,2,Weekend,48.0,False,-228.45,-228.45,19.74,False,0.0,False
2020-01-27,2020-01-28,0,Overnight,0.0,False,70.36,70.36,82.07,False,0.0,False
2020-01-28,2020-01-29,0,Overnight,0.0,False,55.39,55.39,-39.15,False,0.0,False
2020-01-29,2020-01-30,0,Overnight,0.0,False,-64.68,-64.68,100.23,False,0.0,False
2020-01-30,2020-01-31,0,Overnight,0.0,False,41.69,41.69,-201.54,False,0.0,False
2020-01-31,2020-02-03,2,Weekend,48.0,False,48.72,48.72,101.24,False,0.0,False
2020-02-03,2020-02-04,0,Overnight,0.0,False,135.78,135.78,90.53,False,0.0,False
2020-02-04,2020-02-05,0,Overnight,0.0,False,119.74,119.74,-86.82,False,0.0,False
2020-02-05,2020-02-06,0,Overnight,0.0,False,24.94,24.94,61.01,False,0.0,False
2020-02-06,2020-02-07,0,Overnight,0.0,False,-44.85,-44.85,1.75,False,0.0,False
2020-02-07,2020-02-10,2,Weekend,48.0,False,-33.21,-33.21,153.34,False,0.0,False
2020-02-10,2020-02-11,0,Overnight,0.0,False,55.03,55.03,-53.3,False,0.0,False
2020-02-11,2020-02-12,0,Overnight,0.0,False,58.88,58.88,38.06,False,0.0,False
2020-02-12,2020-02-13,0,Overnight,0.0,False,-69.82,-69.82,57.01,False,0.0,False
2020-02-13,2020-02-14,0,Overnight,0.0,False,15.8,15.8,12.79,False,0.0,False
2020-02-14,2020-02-18,3,Long,72.0,False,-48.7,-48.7,52.54,False,0.0,False
2020-02-18,2020-02-19,0,Overnight,0.0,False,59.47,59.47,35.93,False,0.0,False
2020-02-19,2020-02-20,0,Overnight,0.0,False,-21.97,-21.97,-71.3,False,0.0,False
2020-02-20,2020-02-21,0,Overnight,0.0,False,-49.96,-49.96,-144.01,False,0.0,False
2020-02-21,2020-02-24,2,Weekend,48.0,False,-380.18,-380.18,-13.09,False,0.0,False
2020-02-24,2020-02-25,0,Overnight,0.0,False,83.66,83.66,-359.35,False,0.0,False
2020-02-25,2020-02-26,0,Overnight,0.0,False,62.03,62.03,-10.62,False,0.0,False
2020-02-26,2020-02-27,0,Overnight,0.0,False,-261.14,-261.14,-252.57,False,0.0,False
2020-02-27,2020-02-28,0,Overnight,0.0,False,-346.33,-346.33,354.11,False,0.0,False
2020-02-28,2020-03-02,2,Weekend,48.0,False,148.55,148.55,354.61,False,0.0,False
2020-03-02,2020-03-03,0,Overnight,0.0,False,31.83,31.83,-357.76,False,0.0,False
2020-03-03,2020-03-04,0,Overnight,0.0,False,181.65,181.65,227.1,False,0.0,False
2020-03-04,2020-03-05,0,Overnight,0.0,False,-256.68,-256.68,-51.85,False,0.0,False
2020-03-05,2020-03-06,0,Overnight,0.0,False,-332.52,-332.52,162.35,False,0.0,False
2020-03-06,2020-03-09,2,Weekend,47.0,False,-724.6,-724.6,4.65,False,0.0,False
2020-03-09,2020-03-10,0,Overnight,0.0,False,382.13,382.13,148.07,False,0.0,False
2020-03-10,2020-03-11,0,Overnight,0.0,False,-235.97,-235.97,-209.35,False,0.0,False
2020-03-11,2020-03-12,0,Overnight,0.0,False,-696.26,-696.26,-265.45,False,0.0,False
2020-03-12,2020-03-13,0,Overnight,0.0,False,535.27,535.27,277.82,False,0.0,False
2020-03-13,2020-03-16,2,Weekend,48.0,False,-993.48,-993.48,-282.45,False,0.0,False
2020-03-16,2020-03-17,0,Overnight,0.0,False,357.96,357.96,373.08,False,0.0,False
2020-03-17,2020-03-18,0,Overnight,0.0,False,-595.51,-595.51,286.63,False,0.0,False
2020-03-18,2020-03-19,0,Overnight,0.0,False,-51.66,-51.66,111.51,False,0.0,False
2020-03-19,2020-03-20,0,Overnight,0.0,False,227.05,227.05,-626.7,False,0.0,False
2020-03-20,2020-03-23,2,Weekend,48.0,False,12.88,34.1,-26.95,True,21.27,False
2020-03-23,2020-03-24,0,Overnight,0.0,False,539.56,539.56,206.29,False,0.0,False
2020-03-24,2020-03-25,0,Overnight,0.0,False,41.3,41.3,-115.62,False,0.0,False
2020-03-25,2020-03-26,0,Overnight,0.0,False,85.75,85.75,427.45,False,0.0,False
2020-03-26,2020-03-27,0,Overnight,0.0,False,-262.4,-262.4,-87.58,False,0.0,False
2020-03-27,2020-03-30,2,Weekend,48.0,False,94.53,94.53,262.74,False,0.0,False
2020-03-30,2020-03-31,0,Overnight,0.0,False,-16.68,-16.68,-69.09,False,0.0,False
2020-03-31,2020-04-01,0,Overnight,0.0,False,-300.15,-300.15,-134.03,False,0.0,False
2020-04-01,2020-04-02,0,Overnight,0.0,False,-58.86,-58.86,259.78,False,0.0,False
2020-04-02,2020-04-03,0,Overnight,0.0,False,-24.76,-24.76,-118.18,False,0.0,False
2020-04-03,2020-04-06,2,Weekend,48.0,False,380.41,380.41,310.13,False,0.0,False
2020-04-06,2020-04-07,0,Overnight,0.0,False,295.37,295.37,-299.44,False,0.0,False
2020-04-07,2020-04-08,0,Overnight,0.0,False,88.71,88.71,121.39,False,0.0,False
2020-04-08,2020-04-09,0,Overnight,0.0,False,88.36,88.36,-73.91,False,0.0,False
2020-04-09,2020-04-13,3,Long,72.0,False,-42.91,-42.91,150.36,False,0.0,False
2020-04-13,2020-04-14,0,Overnight,0.0,False,204.76,204.76,220.96,False,0.0,False
2020-04-14,2020-04-15,0,Overnight,0.0,False,-160.83,-160.83,45.46,False,0.0,False
2020-04-15,2020-04-16,0,Overnight,0.0,False,107.33,107.33,73.42,False,0.0,False
2020-04-16,2020-04-17,0,Overnight,0.0,False,136.0,136.0,-40.79,False,0.0,False
2020-04-17,2020-04-20,2,Weekend,48.0,False,-90.05,-90.05,-29.1,False,0.0,False
2020-04-20,2020-04-21,0,Overnight,0.0,False,-101.1,-101.1,-274.87,False,0.0,False
2020-04-21,2020-04-22,0,Overnight,0.0,False,203.39,203.39,89.03,False,0.0,False
2020-04-22,2020-04-23,0,Overnight,0.0,False,38.79,38.79,-60.15,False,0.0,False
2020-04-23,2020-04-24,0,Overnight,0.0,False,21.35,21.35,135.12,False,0.0,False
2020-04-24,2020-04-27,2,Weekend,48.0,False,109.3,109.3,-29.18,False,0.0,False
2020-04-27,2020-04-28,0,Overnight,0.0,False,81.32,81.32,-271.46,False,0.0,False
2020-04-28,2020-04-29,0,Overnight,0.0,False,219.33,219.33,129.14,False,0.0,False
2020-04-29,2020-04-30,0,Overnight,0.0,False,43.29,43.29,-47.4,False,0.0,False
2020-04-30,2020-05-01,0,Overnight,0.0,False,-203.51,-203.51,-82.39,False,0.0,False
2020-05-01,2020-05-04,2,Weekend,48.0,False,-60.35,-60.35,176.25,False,0.0,False
2020-05-04,2020-05-05,0,Overnight,0.0,False,102.62,102.62,10.11,False,0.0,False
2020-05-05,2020-05-06,0,Overnight,0.0,False,79.62,79.62,-18.25,False,0.0,False
2020-05-06,2020-05-07,0,Overnight,0.0,False,127.95,127.95,0.0,False,0.0,False
2020-05-07,2020-05-08,0,Overnight,0.0,False,77.69,77.69,58.43,False,0.0,False
2020-05-08,2020-05-11,2,Weekend,48.0,False,-61.11,-61.11,150.1,False,0.0,False
2020-05-11,2020-05-12,0,Overnight,0.0,False,27.29,27.29,-238.89,False,0.0,False
2020-05-12,2020-05-13,0,Overnight,0.0,False,24.28,24.28,-150.23,False,0.0,False
2020-05-13,2020-05-14,0,Overnight,0.0,False,-62.66,-62.66,175.54,False,0.0,False
2020-05-14,2020-05-15,0,Overnight,0.0,False,-138.45,-138.45,203.15,False,0.0,False
2020-05-15,2020-05-18,2,Weekend,48.0,False,133.91,133.91,50.69,False,0.0,False
2020-05-18,2020-05-19,0,Overnight,0.0,False,11.86,11.86,-36.96,False,0.0,False
2020-05-19,2020-05-20,0,Overnight,0.0,False,115.7,115.7,82.02,False,0.0,False
2020-05-20,2020-05-21,0,Overnight,0.0,False,2.16,2.16,-111.67,False,0.0,False
2020-05-21,2020-05-22,0,Overnight,0.0,False,-18.37,-18.37,52.83,False,0.0,False
2020-05-22,2020-05-26,3,Long,72.0,False,159.82,159.82,-186.86,False,0.0,False
2020-05-26,2020-05-27,0,Overnight,0.0,False,-15.29,-15.29,69.72,False,0.0,False
2020-05-27,2020-05-28,0,Overnight,0.0,False,-51.37,-51.37,38.34,False,0.0,False
2020-05-28,2020-05-29,0,Overnight,0.0,False,16.94,16.94,128.52,False,0.0,False
2020-05-29,2020-06-01,2,Weekend,48.0,False,-38.64,-38.64,68.59,False,0.0,False
2020-06-01,2020-06-02,0,Overnight,0.0,False,18.78,18.78,48.07,False,0.0,False
2020-06-02,2020-06-03,0,Overnight,0.0,False,26.7,26.7,18.18,False,0.0,False
2020-06-03,2020-06-04,0,Overnight,0.0,False,-15.22,-15.22,-55.16,False,0.0,False
2020-06-04,2020-06-05,0,Overnight,0.0,False,50.5,50.5,145.83,False,0.0,False
2020-06-05,2020-06-08,2,Weekend,48.0,False,-6.26,-6.26,83.56,False,0.0,False
2020-06-08,2020-06-09,0,Overnight,0.0,False,-36.91,-36.91,109.1,False,0.0,False
2020-06-09,2020-06-10,0,Overnight,0.0,False,71.67,71.67,47.63,False,0.0,False
2020-06-10,2020-06-11,0,Overnight,0.0,False,-166.27,-166.27,-341.92,False,0.0,False
2020-06-11,2020-06-12,0,Overnight,0.0,False,214.33,214.33,-135.17,False,0.0,False
2020-06-12,2020-06-15,2,Weekend,48.0,False,-146.91,-146.91,267.85,False,0.0,False
2020-06-15,2020-06-16,0,Overnight,0.0,False,208.49,208.49,-38.22,False,0.0,False
2020-06-16,2020-06-17,0,Overnight,0.0,False,63.62,63.62,-31.97,False,0.0,False
2020-06-17,2020-06-18,0,Overnight,0.0,False,-13.55,-13.55,40.61,False,0.0,False
2020-06-18,2020-06-19,0,Overnight,0.0,False,99.8,99.8,-101.43,False,0.0,False
2020-06-19,2020-06-22,2,Weekend,48.0,False,-22.96,-5.57,124.79,True,17.36,False
2020-06-22,2020-06-23,0,Overnight,0.0,False,66.65,66.65,18.1,False,0.0,False
2020-06-23,2020-06-24,0,Overnight,0.0,False,-31.39,-31.39,-176.92,False,0.0,False
2020-06-24,2020-06-25,0,Overnight,0.0,False,3.69,3.69,91.05,False,0.0,False
2020-06-25,2020-06-26,0,Overnight,0.0,False,-10.17,-10.17,-228.82,False,0.0,False
2020-06-26,2020-06-29,2,Weekend,48.0,False,-10.41,-10.41,118.89,False,0.0,False
2020-06-29,2020-06-30,0,Overnight,0.0,False,-2.88,-2.88,197.0,False,0.0,False
2020-06-30,2020-07-01,0,Overnight,0.0,False,1.62,1.62,114.43,False,0.0,False
2020-07-01,2020-07-02,0,Overnight,0.0,False,100.5,100.5,-32.86,False,0.0,False
2020-07-02,2020-07-06,3,Long,72.0,False,128.44,128.44,114.43,False,0.0,False
2020-07-06,2020-07-07,0,Overnight,0.0,False,-10.07,-10.07,-59.06,False,0.0,False
2020-07-07,2020-07-08,0,Overnight,0.0,False,53.25,53.25,77.61,False,0.0,False
2020-07-08,2020-07-09,0,Overnight,0.0,False,75.87,75.87,8.01,False,0.0,False
2020-07-09,2020-07-10,0,Overnight,0.0,False,-5.72,-5.72,73.76,False,0.0,False
2020-07-10,2020-07-13,2,Weekend,48.0,False,110.76,110.76,-318.61,False,0.0,False
2020-07-13,2020-07-14,0,Overnight,0.0,False,-101.47,-101.47,172.0,False,0.0,False
2020-07-14,2020-07-15,0,Overnight,0.0,False,55.92,55.92,-35.58,False,0.0,False
2020-07-15,2020-07-16,0,Overnight,0.0,False,-111.0,-111.0,42.54,False,0.0,False
2020-07-16,2020-07-17,0,Overnight,0.0,False,18.12,18.12,-6.55,False,0.0,False
2020-07-17,2020-07-20,2,Weekend,48.0,False,25.41,25.41,254.35,False,0.0,False
2020-07-20,2020-07-21,0,Overnight,0.0,False,60.54,60.54,-165.29,False,0.0,False
2020-07-21,2020-07-22,0,Overnight,0.0,False,19.3,19.3,15.87,False,0.0,False
2020-07-22,2020-07-23,0,Overnight,0.0,False,-15.87,-15.87,-248.81,False,0.0,False
2020-07-23,2020-07-24,0,Overnight,0.0,False,-155.07,-155.07,59.66,False,0.0,False
2020-07-24,2020-07-27,2,Weekend,48.0,False,66.3,66.3,110.56,False,0.0,False
2020-07-27,2020-07-28,0,Overnight,0.0,False,-31.19,-31.19,-96.88,False,0.0,False
2020-07-28,2020-07-29,0,Overnight,0.0,False,61.72,61.72,52.88,False,0.0,False
2020-07-29,2020-07-30,0,Overnight,0.0,False,-78.45,-78.45,130.67,False,0.0,False
2020-07-30,2020-07-31,0,Overnight,0.0,False,181.4,181.4,-4.51,False,0.0,False
2020-07-31,2020-08-03,2,Weekend,48.0,False,82.8,82.8,51.36,False,0.0,False
2020-08-03,2020-08-04,0,Overnight,0.0,False,-19.32,-19.32,56.38,False,0.0,False
2020-08-04,2020-08-05,0,Overnight,0.0,False,18.48,18.48,6.27,False,0.0,False
2020-08-05,2020-08-06,0,Overnight,0.0,False,-7.38,-7.38,138.96,False,0.0,False
2020-08-06,2020-08-07,0,Overnight,0.0,False,-20.41,-20.41,-95.68,False,0.0,False
2020-08-07,2020-08-10,2,Weekend,48.0,False,11.04,11.04,-53.87,False,0.0,False
2020-08-10,2020-08-11,0,Overnight,0.0,False,-44.49,-44.49,-146.74,False,0.0,False
2020-08-11,2020-08-12,0,Overnight,0.0,False,83.74,83.74,164.67,False,0.0,False
2020-08-12,2020-08-13,0,Overnight,0.0,False,29.38,29.38,-6.6,False,0.0,False
2020-08-13,2020-08-14,0,Overnight,0.0,False,23.46,23.46,-35.21,False,0.0,False
2020-08-14,2020-08-17,2,Weekend,48.0,False,64.82,64.82,50.62,False,0.0,False
2020-08-17,2020-08-18,0,Overnight,0.0,False,39.87,39.87,55.92,False,0.0,False
2020-08-18,2020-08-19,0,Overnight,0.0,False,-1.44,-1.44,-66.06,False,0.0,False
2020-08-19,2020-08-20,0,Overnight,0.0,False,-29.74,-29.74,167.51,False,0.0,False
2020-08-20,2020-08-21,0,Overnight,0.0,False,7.14,7.14,61.92,False,0.0,False
2020-08-21,2020-08-24,2,Weekend,48.0,False,119.2,119.2,-56.95,False,0.0,False
2020-08-24,2020-08-25,0,Overnight,0.0,False,-28.25,-28.25,106.56,False,0.0,False
2020-08-25,2020-08-26,0,Overnight,0.0,False,45.03,45.03,166.12,False,0.0,False
2020-08-26,2020-08-27,0,Overnight,0.0,False,34.53,34.53,-65.75,False,0.0,False
2020-08-27,2020-08-28,0,Overnight,0.0,False,43.88,43.88,6.84,False,0.0,False
2020-08-28,2020-08-31,2,Weekend,48.0,False,18.44,18.44,61.57,False,0.0,False
2020-08-31,2020-09-01,0,Overnight,0.0,False,92.49,92.49,76.98,False,0.0,False
2020-09-01,2020-09-02,0,Overnight,0.0,False,111.41,111.41,-17.16,False,0.0,False
2020-09-02,2020-09-03,0,Overnight,0.0,False,-155.11,-155.11,-365.19,False,0.0,False
2020-09-03,2020-09-04,0,Overnight,0.0,False,-64.58,-64.58,-69.58,False,0.0,False
2020-09-04,2020-09-08,3,Long,72.0,False,-408.84,-408.84,-83.74,False,0.0,False
2020-09-08,2020-09-09,0,Overnight,0.0,False,208.59,208.59,80.94,False,0.0,False
2020-09-09,2020-09-10,0,Overnight,0.0,False,109.52,109.52,-310.9,False,0.0,False
2020-09-10,2020-09-11,0,Overnight,0.0,False,66.24,66.24,-135.88,False,0.0,False
2020-09-11,2020-09-14,2,Weekend,48.0,False,143.54,143.54,29.12,False,0.0,False
2020-09-14,2020-09-15,0,Overnight,0.0,False,139.67,139.67,1.08,False,0.0,False
2020-09-15,2020-09-16,0,Overnight,0.0,False,29.34,29.34,-190.09,False,0.0,False
2020-09-16,2020-09-17,0,Overnight,0.0,False,-260.45,-260.45,103.0,False,0.0,False
2020-09-17,2020-09-18,0,Overnight,0.0,False,54.23,54.23,-182.68,False,0.0,False
2020-09-18,2020-09-21,2,Weekend,48.0,False,-166.25,-166.25,190.2,False,0.0,False
2020-09-21,2020-09-22,0,Overnight,0.0,False,92.28,92.28,91.8,False,0.0,False
2020-09-22,2020-09-23,0,Overnight,0.0,False,-12.12,-12.12,-297.98,False,0.0,False
2020-09-23,2020-09-24,0,Overnight,0.0,False,-105.41,-105.41,151.87,False,0.0,False
2020-09-24,2020-09-25,0,Overnight,0.0,False,19.57,19.57,210.25,False,0.0,False
2020-09-25,2020-09-28,2,Weekend,48.0,False,183.17,183.17,22.39,False,0.0,False
2020-09-28,2020-09-29,0,Overnight,0.0,False,-20.95,-20.95,-24.25,False,0.0,False
2020-09-29,2020-09-30,0,Overnight,0.0,False,7.24,7.24,61.01,False,0.0,False
2020-09-30,2020-10-01,0,Overnight,0.0,False,141.17,141.17,16.31,False,0.0,False
2020-10-01,2020-10-02,0,Overnight,0.0,False,-223.2,-223.2,-62.14,False,0.0,False
2020-10-02,2020-10-05,2,Weekend,48.0,False,73.73,73.73,137.29,False,0.0,False
2020-10-05,2020-10-06,0,Overnight,0.0,False,-25.37,-25.37,-154.71,False,0.0,False
2020-10-06,2020-10-07,0,Overnight,0.0,False,98.73,98.73,72.78,False,0.0,False
2020-10-07,2020-10-08,0,Overnight,0.0,False,88.21,88.21,-35.12,False,0.0,False
2020-10-08,2020-10-09,0,Overnight,0.0,False,60.23,60.23,91.42,False,0.0,False
2020-10-09,2020-10-12,2,Weekend,48.0,False,167.98,167.98,136.05,False,0.0,False
2020-10-12,2020-10-13,0,Overnight,0.0,False,62.95,62.95,-63.29,False,0.0,False
2020-10-13,2020-10-14,0,Overnight,0.0,False,28.14,28.14,-112.02,False,0.0,False
2020-10-14,2020-10-15,0,Overnight,0.0,False,-167.8,-167.8,100.47,False,0.0,False
2020-10-15,2020-10-16,0,Overnight,0.0,False,58.43,58.43,-113.39,False,0.0,False
2020-10-16,2020-10-19,2,Weekend,48.0,False,68.39,68.39,-232.99,False,0.0,False
2020-10-19,2020-10-20,0,Overnight,0.0,False,26.74,26.74,-5.27,False,0.0,False
2020-10-20,2020-10-21,0,Overnight,0.0,False,9.14,9.14,-16.88,False,0.0,False
2020-10-21,2020-10-22,0,Overnight,0.0,False,30.22,30.22,-30.57,False,0.0,False
2020-10-22,2020-10-23,0,Overnight,0.0,False,20.74,20.74,-1.05,False,0.0,False
2020-10-23,2020-10-26,2,Weekend,48.0,False,-83.23,-83.23,-67.87,False,0.0,False
2020-10-26,2020-10-27,0,Overnight,0.0,False,36.66,36.66,41.12,False,0.0,False
2020-10-27,2020-10-28,0,Overnight,0.0,False,-165.88,-165.88,-231.79,False,0.0,False
2020-10-28,2020-10-29,0,Overnight,0.0,False,49.94,49.94,123.41,False,0.0,False
2020-10-29,2020-10-30,0,Overnight,0.0,False,-74.45,-74.45,-182.45,False,0.0,False
2020-10-30,2020-11-02,2,Weekend,49.0,False,91.27,91.27,-69.03,False,0.0,False
2020-11-02,2020-11-03,0,Overnight,0.0,False,73.07,73.07,98.43,False,0.0,False
2020-11-03,2020-11-04,0,Overnight,0.0,False,320.32,320.32,116.39,False,0.0,False
2020-11-04,2020-11-05,0,Overnight,0.0,False,228.11,228.11,29.26,False,0.0,False
2020-11-05,2020-11-06,0,Overnight,0.0,False,-23.13,-23.13,30.6,False,0.0,False
2020-11-06,2020-11-09,2,Weekend,48.0,False,102.66,102.66,-309.11,False,0.0,False
2020-11-09,2020-11-10,0,Overnight,0.0,False,-119.21,-119.21,-61.56,False,0.0,False
2020-11-10,2020-11-11,0,Overnight,0.0,False,91.67,91.67,129.56,False,0.0,False
2020-11-11,2020-11-12,0,Overnight,0.0,False,34.45,34.45,-81.5,False,0.0,False
2020-11-12,2020-11-13,0,Overnight,0.0,False,61.19,61.19,26.16,False,0.0,False
2020-11-13,2020-11-16,2,Weekend,48.0,False,-10.66,-10.66,88.38,False,0.0,False
2020-11-16,2020-11-17,0,Overnight,0.0,False,6.82,6.82,-38.59,False,0.0,False
2020-11-17,2020-11-18,0,Overnight,0.0,False,-19.52,-19.52,-54.66,False,0.0,False
2020-11-18,2020-11-19,0,Overnight,0.0,False,-19.67,-19.67,97.61,False,0.0,False
2020-11-19,2020-11-20,0,Overnight,0.0,False,-2.74,-2.74,-65.9,False,0.0,False
2020-11-20,2020-11-23,2,Weekend,48.0,False,35.41,35.41,-35.06,False,0.0,False
2020-11-23,2020-11-24,0,Overnight,0.0,False,37.81,37.81,101.71,False,0.0,False
2020-11-24,2020-11-25,0,Overnight,0.0,False,37.29,37.29,23.99,False,0.0,False
2020-11-25,2020-11-27,1,Short,24.0,False,68.28,68.28,23.44,False,0.0,False
2020-11-27,2020-11-30,2,Weekend,48.0,True,11.03,11.03,9.35,False,0.0,False
2020-11-30,2020-12-01,0,Overnight,0.0,False,78.13,78.13,49.22,False,0.0,False
2020-12-01,2020-12-02,0,Overnight,0.0,False,-39.95,-39.95,52.8,False,0.0,False
2020-12-02,2020-12-03,0,Overnight,0.0,False,10.53,10.53,3.62,False,0.0,False
2020-12-03,2020-12-04,0,Overnight,0.0,False,1.64,1.64,39.03,False,0.0,False
2020-12-04,2020-12-07,2,Weekend,48.0,False,6.22,6.22,50.25,False,0.0,False
2020-12-07,2020-12-08,0,Overnight,0.0,False,-15.96,-15.96,49.75,False,0.0,False
2020-12-08,2020-12-09,0,Overnight,0.0,False,-7.14,-7.14,-221.87,False,0.0,False
2020-12-09,2020-12-10,0,Overnight,0.0,False,-69.94,-69.94,110.02,False,0.0,False
2020-12-10,2020-12-11,0,Overnight,0.0,False,-56.69,-56.69,34.51,False,0.0,False
2020-12-11,2020-12-14,2,Weekend,48.0,False,40.67,40.67,31.63,False,0.0,False
2020-12-14,2020-12-15,0,Overnight,0.0,False,76.34,76.34,29.98,False,0.0,False
2020-12-15,2020-12-16,0,Overnight,0.0,False,13.33,13.33,41.51,False,0.0,False
2020-12-16,2020-12-17,0,Overnight,0.0,False,53.26,53.26,11.9,False,0.0,False
2020-12-17,2020-12-18,0,Overnight,0.0,False,21.2,21.2,-51.47,False,0.0,False
2020-12-18,2020-12-21,2,Weekend,48.0,False,-116.79,-98.5,79.95,True,18.09,False
2020-12-21,2020-12-22,0,Overnight,0.0,False,30.06,30.06,-2.9,False,0.0,False
2020-12-22,2020-12-23,0,Overnight,0.0,False,1.61,1.61,-52.1,False,0.0,False
2020-12-23,2020-12-24,0,Overnight,0.0,False,8.76,8.76,35.27,False,0.0,False
2020-12-24,2020-12-28,3,Long,72.0,True,86.52,86.52,13.76,False,0.0,False
2020-12-28,2020-12-29,0,Overnight,0.0,False,43.72,43.72,-34.77,False,0.0,False
2020-12-29,2020-12-30,0,Overnight,0.0,False,38.27,38.27,-37.95,False,0.0,False
2020-12-30,2020-12-31,0,Overnight,0.0,False,-3.2,-3.2,27.77,False,0.0,False
2020-12-31,2021-01-04,3,Long,72.0,False,43.57,43.57,-185.78,False,0.0,False
2021-01-04,2021-01-05,0,Overnight,0.0,False,-33.03,-33.03,115.13,False,0.0,False
2021-01-05,2021-01-06,0,Overnight,0.0,False,-157.07,-157.07,17.57,False,0.0,False
2021-01-06,2021-01-07,0,Overnight,0.0,False,88.7,88.7,150.34,False,0.0,False
2021-01-07,2021-01-08,0,Overnight,0.0,False,74.65,74.65,53.11,False,0.0,False
2021-01-08,2021-01-11,2,Weekend,48.0,False,-96.06,-96.06,-49.49,False,0.0,False
2021-01-11,2021-01-12,0,Overnight,0.0,False,1.27,1.27,-17.19,False,0.0,False
2021-01-12,2021-01-13,0,Overnight,0.0,False,8.6,8.6,58.71,False,0.0,False
2021-01-13,2021-01-14,0,Overnight,0.0,False,14.54,14.54,-68.16,False,0.0,False
2021-01-14,2021-01-15,0,Overnight,0.0,False,-7.0,-7.0,-72.53,False,0.0,False
2021-01-15,2021-01-19,3,Long,72.0,False,76.35,76.35,68.5,False,0.0,False
2021-01-19,2021-01-20,0,Overnight,0.0,False,117.2,117.2,112.75,False,0.0,False
2021-01-20,2021-01-21,0,Overnight,0.0,False,42.53,42.53,37.14,False,0.0,False
2021-01-21,2021-01-22,0,Overnight,0.0,False,-32.84,-32.84,4.0,False,0.0,False
2021-01-22,2021-01-25,2,Weekend,48.0,False,106.67,106.67,-24.35,False,0.0,False
2021-01-25,2021-01-26,0,Overnight,0.0,False,22.53,22.53,-7.91,False,0.0,False
2021-01-26,2021-01-27,0,Overnight,0.0,False,-71.16,-71.16,-211.57,False,0.0,False
2021-01-27,2021-01-28,0,Overnight,0.0,False,38.74,38.74,20.25,False,0.0,False
2021-01-28,2021-01-29,0,Overnight,0.0,False,-54.3,-54.3,-158.33,False,0.0,False
2021-01-29,2021-02-01,2,Weekend,48.0,False,112.22,112.22,134.58,False,0.0,False
2021-02-01,2021-02-02,0,Overnight,0.0,False,94.46,94.46,67.36,False,0.0,False
2021-02-02,2021-02-03,0,Overnight,0.0,False,65.1,65.1,-104.85,False,0.0,False
2021-02-03,2021-02-04,0,Overnight,0.0,False,44.02,44.02,73.55,False,0.0,False
2021-02-04,2021-02-05,0,Overnight,0.0,False,29.63,29.63,4.23,False,0.0,False
2021-02-05,2021-02-08,2,Weekend,48.0,False,52.37,52.37,14.4,False,0.0,False
2021-02-08,2021-02-09,0,Overnight,0.0,False,-28.82,-28.82,26.72,False,0.0,False
2021-02-09,2021-02-10,0,Overnight,0.0,False,44.28,44.28,-67.09,False,0.0,False
2021-02-10,2021-02-11,0,Overnight,0.0,False,47.37,47.37,7.47,False,0.0,False
2021-02-11,2021-02-12,0,Overnight,0.0,False,-26.04,-26.04,81.77,False,0.0,False
2021-02-12,2021-02-16,3,Long,72.0,False,24.34,24.34,-51.43,False,0.0,False
2021-02-16,2021-02-17,0,Overnight,0.0,False,-91.92,-91.92,43.82,False,0.0,False
2021-02-17,2021-02-18,0,Overnight,0.0,False,-111.42,-111.42,67.6,False,0.0,False
2021-02-18,2021-02-19,0,Overnight,0.0,False,41.72,41.72,-85.43,False,0.0,False
2021-02-19,2021-02-22,2,Weekend,48.0,False,-137.49,-137.49,-125.13,False,0.0,False
2021-02-22,2021-02-23,0,Overnight,0.0,False,-170.15,-170.15,140.34,False,0.0,False
2021-02-23,2021-02-24,0,Overnight,0.0,False,-85.6,-85.6,167.69,False,0.0,False
2021-02-24,2021-02-25,0,Overnight,0.0,False,-84.89,-84.89,-269.96,False,0.0,False
2021-02-25,2021-02-26,0,Overnight,0.0,False,96.08,96.08,-54.29,False,0.0,False
2021-02-26,2021-03-01,2,Weekend,48.0,False,161.98,161.98,134.4,False,0.0,False
2021-03-01,2021-03-02,0,Overnight,0.0,False,20.38,20.38,-182.06,False,0.0,False
2021-03-02,2021-03-03,0,Overnight,0.0,False,-35.55,-35.55,-258.94,False,0.0,False
2021-03-03,2021-03-04,0,Overnight,0.0,False,-12.3,-12.3,-152.72,False,0.0,False
2021-03-04,2021-03-05,0,Overnight,0.0,False,88.39,88.39,61.09,False,0.0,False
2021-03-05,2021-03-08,2,Weekend,48.0,False,-18.16,-18.16,-269.07,False,0.0,False
2021-03-08,2021-03-09,0,Overnight,0.0,False,247.95,247.95,138.88,False,0.0,False
2021-03-09,2021-03-10,0,Overnight,0.0,False,139.83,139.83,-168.41,False,0.0,False
2021-03-10,2021-03-11,0,Overnight,0.0,False,156.07,156.07,71.63,False,0.0,False
2021-03-11,2021-03-12,0,Overnight,0.0,False,-132.3,-132.3,50.85,False,0.0,False
2021-03-12,2021-03-15,2,Weekend,47.0,False,10.46,10.46,95.81,False,0.0,False
2021-03-15,2021-03-16,0,Overnight,0.0,False,70.63,70.63,-15.9,False,0.0,False
2021-03-16,2021-03-17,0,Overnight,0.0,False,-98.11,-98.11,139.21,False,0.0,False
2021-03-17,2021-03-18,0,Overnight,0.0,False,-157.49,-157.49,-153.6,False,0.0,False
2021-03-18,2021-03-19,0,Overnight,0.0,False,-5.45,-5.45,40.64,False,0.0,False
2021-03-19,2021-03-22,2,Weekend,48.0,False,65.89,78.41,107.29,True,12.61,False
2021-03-22,2021-03-23,0,Overnight,0.0,False,35.09,35.09,-78.81,False,0.0,False
2021-03-23,2021-03-24,0,Overnight,0.0,False,44.35,44.35,-214.44,False,0.0,False
2021-03-24,2021-03-25,0,Overnight,0.0,False,-61.11,-61.11,43.78,False,0.0,False
2021-03-25,2021-03-26,0,Overnight,0.0,False,-7.07,-7.07,155.96,False,0.0,False
2021-03-26,2021-03-29,2,Weekend,48.0,False,-17.42,-17.42,14.57,False,0.0,False
2021-03-29,2021-03-30,0,Overnight,0.0,False,-64.15,-64.15,13.69,False,0.0,False
2021-03-30,2021-03-31,0,Overnight,0.0,False,58.37,58.37,93.5,False,0.0,False
2021-03-31,2021-04-01,0,Overnight,0.0,False,122.7,122.7,46.32,False,0.0,False
2021-04-01,2021-04-05,3,Long,72.0,False,78.56,78.56,119.12,False,0.0,False
2021-04-05,2021-04-06,0,Overnight,0.0,False,-9.67,-9.67,2.72,False,0.0,False
2021-04-06,2021-04-07,0,Overnight,0.0,False,-14.82,-14.82,38.98,False,0.0,False
2021-04-07,2021-04-08,0,Overnight,0.0,False,88.27,88.27,15.53,False,0.0,False
2021-04-08,2021-04-09,0,Overnight,0.0,False,-41.87,-41.87,102.27,False,0.0,False
2021-04-09,2021-04-12,2,Weekend,48.0,False,-31.79,-31.79,18.73,False,0.0,False
2021-04-12,2021-04-13,0,Overnight,0.0,False,46.52,46.52,69.53,False,0.0,False
2021-04-13,2021-04-14,0,Overnight,0.0,False,7.34,7.34,-128.15,False,0.0,False
2021-04-14,2021-04-15,0,Overnight,0.0,False,87.58,87.58,62.84,False,0.0,False
2021-04-15,2021-04-16,0,Overnight,0.0,False,15.8,15.8,-4.09,False,0.0,False
2021-04-16,2021-04-19,2,Weekend,48.0,False,-47.48,-47.48,-44.46,False,0.0,False
2021-04-19,2021-04-20,0,Overnight,0.0,False,-20.09,-20.09,-53.07,False,0.0,False
2021-04-20,2021-04-21,0,Overnight,0.0,False,-39.32,-39.32,124.56,False,0.0,False
2021-04-21,2021-04-22,0,Overnight,0.0,False,-11.8,-11.8,-109.48,False,0.0,False
2021-04-22,2021-04-23,0,Overnight,0.0,False,19.37,19.37,105.74,False,0.0,False
2021-04-23,2021-04-26,2,Weekend,48.0,False,7.36,7.36,57.54,False,0.0,False
2021-04-26,2021-04-27,0,Overnight,0.0,False,8.78,8.78,-52.19,False,0.0,False
2021-04-27,2021-04-28,0,Overnight,0.0,False,-10.0,-10.0,-23.87,False,0.0,False
2021-04-28,2021-04-29,0,Overnight,0.0,False,98.92,98.92,-63.0,False,0.0,False
2021-04-29,2021-04-30,0,Overnight,0.0,False,-74.35,-74.35,8.58,False,0.0,False
2021-04-30,2021-05-03,2,Weekend,48.0,False,36.62,36.62,-90.02,False,0.0,False
2021-05-03,2021-05-04,0,Overnight,0.0,False,-78.54,-78.54,-103.06,False,0.0,False
2021-05-04,2021-05-05,0,Overnight,0.0,False,63.71,63.71,-97.39,False,0.0,False
2021-05-05,2021-05-06,0,Overnight,0.0,False,-8.21,-8.21,83.3,False,0.0,False
2021-05-06,2021-05-07,0,Overnight,0.0,False,85.9,85.9,-5.08,False,0.0,False
2021-05-07,2021-05-10,2,Weekend,48.0,False,-42.58,-42.58,-213.21,False,0.0,False
2021-05-10,2021-05-11,0,Overnight,0.0,False,-187.78,-187.78,173.95,False,0.0,False
2021-05-11,2021-05-12,0,Overnight,0.0,False,-157.39,-157.39,-104.85,False,0.0,False
2021-05-12,2021-05-13,0,Overnight,0.0,False,95.16,95.16,-18.15,False,0.0,False
2021-05-13,2021-05-14,0,Overnight,0.0,False,101.57,101.57,116.8,False,0.0,False
2021-05-14,2021-05-17,2,Weekend,48.0,False,-54.07,-54.07,-6.78,False,0.0,False
2021-05-17,2021-05-18,0,Overnight,0.0,False,30.16,30.16,-97.9,False,0.0,False
2021-05-18,2021-05-19,0,Overnight,0.0,False,-174.06,-174.06,185.53,False,0.0,False
2021-05-19,2021-05-20,0,Overnight,0.0,False,47.32,47.32,144.27,False,0.0,False
2021-05-20,2021-05-21,0,Overnight,0.0,False,48.54,48.54,-104.04,False,0.0,False
2021-05-21,2021-05-24,2,Weekend,48.0,False,71.91,71.91,94.88,False,0.0,False
2021-05-24,2021-05-25,0,Overnight,0.0,False,46.81,46.81,-32.98,False,0.0,False
2021-05-25,2021-05-26,0,Overnight,0.0,False,20.7,20.7,14.08,False,0.0,False
2021-05-26,2021-05-27,0,Overnight,0.0,False,-13.78,-13.78,-23.7,False,0.0,False
2021-05-27,2021-05-28,0,Overnight,0.0,False,37.18,37.18,-5.69,False,0.0,False
2021-05-28,2021-06-01,3,Long,72.0,False,40.94,40.94,-74.24,False,0.0,False
2021-06-01,2021-06-02,0,Overnight,0.0,False,12.91,12.91,6.6,False,0.0,False
2021-06-02,2021-06-03,0,Overnight,0.0,False,-87.95,-87.95,-16.65,False,0.0,False
2021-06-03,2021-06-04,0,Overnight,0.0,False,55.9,55.9,112.37,False,0.0,False
2021-06-04,2021-06-07,2,Weekend,48.0,False,-16.4,-16.4,46.16,False,0.0,False
2021-06-07,2021-06-08,0,Overnight,0.0,False,53.33,53.33,-48.58,False,0.0,False
2021-06-08,2021-06-09,0,Overnight,0.0,False,41.78,41.78,-39.41,False,0.0,False
2021-06-09,2021-06-10,0,Overnight,0.0,False,10.39,10.39,93.28,False,0.0,False
2021-06-10,2021-06-11,0,Overnight,0.0,False,0.29,0.29,25.82,False,0.0,False
2021-06-11,2021-06-14,2,Weekend,48.0,False,12.89,12.89,82.49,False,0.0,False
2021-06-14,2021-06-15,0,Overnight,0.0,False,-10.46,-10.46,-55.07,False,0.0,False
2021-06-15,2021-06-16,0,Overnight,0.0,False,14.01,14.01,-50.6,False,0.0,False
2021-06-16,2021-06-17,0,Overnight,0.0,False,-30.54,-30.54,156.72,False,0.0,False
2021-06-17,2021-06-18,0,Overnight,0.0,False,-49.64,-49.64,-29.14,False,0.0,False
2021-06-18,2021-06-21,2,Weekend,48.0,False,-5.84,5.75,56.2,True,11.59,False
2021-06-21,2021-06-22,0,Overnight,0.0,False,-6.1,-6.1,98.89,False,0.0,False
2021-06-22,2021-06-23,0,Overnight,0.0,False,-1.73,-1.73,6.62,False,0.0,False
2021-06-23,2021-06-24,0,Overnight,0.0,False,57.06,57.06,4.57,False,0.0,False
2021-06-24,2021-06-25,0,Overnight,0.0,False,16.56,16.56,-28.86,False,0.0,False
2021-06-25,2021-06-28,2,Weekend,48.0,False,37.7,37.7,83.18,False,0.0,False
2021-06-28,2021-06-29,0,Overnight,0.0,False,-5.09,-5.09,41.21,False,0.0,False
2021-06-29,2021-06-30,0,Overnight,0.0,False,-4.51,-4.51,-11.28,False,0.0,False
2021-06-30,2021-07-01,0,Overnight,0.0,False,-10.16,-10.16,14.11,False,0.0,False
2021-07-01,2021-07-02,0,Overnight,0.0,False,54.85,54.85,59.29,False,0.0,False
2021-07-02,2021-07-06,3,Long,72.0,False,17.27,17.27,25.85,False,0.0,False
2021-07-06,2021-07-07,0,Overnight,0.0,False,62.55,62.55,-41.47,False,0.0,False
2021-07-07,2021-07-08,0,Overnight,0.0,False,-145.39,-145.39,84.81,False,0.0,False
2021-07-08,2021-07-09,0,Overnight,0.0,False,-16.74,-16.74,78.98,False,0.0,False
2021-07-09,2021-07-12,2,Weekend,48.0,False,39.81,39.81,-0.83,False,0.0,False
2021-07-12,2021-07-13,0,Overnight,0.0,False,-10.77,-10.77,10.77,False,0.0,False
2021-07-13,2021-07-14,0,Overnight,0.0,False,66.28,66.28,-48.36,False,0.0,False
2021-07-14,2021-07-15,0,Overnight,0.0,False,-2.48,-2.48,-68.0,False,0.0,False
2021-07-15,2021-07-16,0,Overnight,0.0,False,24.38,24.38,-105.7,False,0.0,False
2021-07-16,2021-07-19,2,Weekend,48.0,False,-99.77,-99.77,17.5,False,0.0,False
2021-07-19,2021-07-20,0,Overnight,0.0,False,27.03,27.03,88.46,False,0.0,False
2021-07-20,2021-07-21,0,Overnight,0.0,False,-12.27,-12.27,89.18,False,0.0,False
2021-07-21,2021-07-22,0,Overnight,0.0,False,5.81,5.81,60.08,False,0.0,False
2021-07-22,2021-07-23,0,Overnight,0.0,False,37.3,37.3,78.8,False,0.0,False
2021-07-23,2021-07-26,2,Weekend,48.0,False,-19.3,-19.3,27.17,False,0.0,False
2021-07-26,2021-07-27,0,Overnight,0.0,False,-7.33,-7.33,-103.46,False,0.0,False
2021-07-27,2021-07-28,0,Overnight,0.0,False,32.05,32.05,6.29,False,0.0,False
2021-07-28,2021-07-29,0,Overnight,0.0,False,-15.87,-15.87,33.62,False,0.0,False
2021-07-29,2021-07-30,0,Overnight,0.0,False,-110.85,-110.85,58.6,False,0.0,False
2021-07-30,2021-08-02,2,Weekend,48.0,False,46.79,46.79,-45.97,False,0.0,False
2021-08-02,2021-08-03,0,Overnight,0.0,False,18.63,18.63,41.8,False,0.0,False
2021-08-03,2021-08-04,0,Overnight,0.0,False,-1.09,-1.09,15.53,False,0.0,False
2021-08-04,2021-08-05,0,Overnight,0.0,False,22.84,22.84,40.39,False,0.0,False
2021-08-05,2021-08-06,0,Overnight,0.0,False,-35.23,-35.23,-8.69,False,0.0,False
2021-08-06,2021-08-09,2,Weekend,48.0,False,12.76,12.76,5.7,False,0.0,False
2021-08-09,2021-08-10,0,Overnight,0.0,False,14.36,14.36,-65.75,False,0.0,False
2021-08-10,2021-08-11,0,Overnight,0.0,False,35.38,35.38,-52.56,False,0.0,False
2021-08-11,2021-08-12,0,Overnight,0.0,False,-14.21,-14.21,50.19,False,0.0,False
2021-08-12,2021-08-13,0,Overnight,0.0,False,9.79,9.79,25.25,False,0.0,False
2021-08-13,2021-08-16,2,Weekend,48.0,False,-31.23,-31.23,35.57,False,0.0,False
2021-08-16,2021-08-17,0,Overnight,0.0,False,-76.99,-76.99,-11.48,False,0.0,False
2021-08-17,2021-08-18,0,Overnight,0.0,False,-15.05,-15.05,-81.66,False,0.0,False
2021-08-18,2021-08-19,0,Overnight,0.0,False,-55.09,-55.09,103.29,False,0.0,False
2021-08-19,2021-08-20,0,Overnight,0.0,False,30.18,30.18,72.87,False,0.0,False
2021-08-20,2021-08-23,2,Weekend,48.0,False,29.05,29.05,119.4,False,0.0,False
2021-08-23,2021-08-24,0,Overnight,0.0,False,16.33,16.33,14.17,False,0.0,False
2021-08-24,2021-08-25,0,Overnight,0.0,False,6.94,6.94,4.54,False,0.0,False
2021-08-25,2021-08-26,0,Overnight,0.0,False,-23.51,-23.51,-40.2,False,0.0,False
2021-08-26,2021-08-27,0,Overnight,0.0,False,17.44,17.44,79.29,False,0.0,False
2021-08-27,2021-08-30,2,Weekend,48.0,False,21.52,21.52,90.08,False,0.0,False
2021-08-30,2021-08-31,0,Overnight,0.0,False,6.57,6.57,-14.73,False,0.0,False
2021-08-31,2021-09-01,0,Overnight,0.0,False,28.65,28.65,-12.08,False,0.0,False
2021-09-01,2021-09-02,0,Overnight,0.0,False,36.46,36.46,-41.19,False,0.0,False
2021-09-02,2021-09-03,0,Overnight,0.0,False,-31.07,-31.07,61.78,False,0.0,False
2021-09-03,2021-09-07,3,Long,72.0,False,2.88,2.88,11.26,False,0.0,False
2021-09-07,2021-09-08,0,Overnight,0.0,False,-4.71,-4.71,-30.16,False,0.0,False
2021-09-08,2021-09-09,0,Overnight,0.0,False,6.04,6.04,-40.5,False,0.0,False
2021-09-09,2021-09-10,0,Overnight,0.0,False,46.27,46.27,-122.46,False,0.0,False
2021-09-10,2021-09-13,2,Weekend,48.0,False,63.53,63.53,-70.43,False,0.0,False
2021-09-13,2021-09-14,0,Overnight,0.0,False,40.57,40.57,-69.05,False,0.0,False
2021-09-14,2021-09-15,0,Overnight,0.0,False,12.52,12.52,61.56,False,0.0,False
2021-09-15,2021-09-16,0,Overnight,0.0,False,-36.3,-36.3,43.18,False,0.0,False
2021-09-16,2021-09-17,0,Overnight,0.0,False,-12.96,-12.96,-106.17,False,0.0,False
2021-09-17,2021-09-20,2,Weekend,48.0,False,-171.87,-160.61,-48.01,True,11.07,False
2021-09-20,2021-09-21,0,Overnight,0.0,False,51.28,51.28,-38.98,False,0.0,False
2021-09-21,2021-09-22,0,Overnight,0.0,False,25.64,25.64,67.33,False,0.0,False
2021-09-22,2021-09-23,0,Overnight,0.0,False,32.15,32.15,59.7,False,0.0,False
2021-09-23,2021-09-24,0,Overnight,0.0,False,-62.67,-62.67,72.05,False,0.0,False
2021-09-24,2021-09-27,2,Weekend,48.0,False,-84.19,-84.19,4.05,False,0.0,False
2021-09-27,2021-09-28,0,Overnight,0.0,False,-127.17,-127.17,-159.88,False,0.0,False
2021-09-28,2021-09-29,0,Overnight,0.0,False,36.06,36.06,-52.47,False,0.0,False
2021-09-29,2021-09-30,0,Overnight,0.0,False,46.93,46.93,-83.74,False,0.0,False
2021-09-30,2021-10-01,0,Overnight,0.0,False,17.86,17.86,43.96,False,0.0,False
2021-10-01,2021-10-04,2,Weekend,48.0,False,-46.19,-46.19,-165.93,False,0.0,False
2021-10-04,2021-10-05,0,Overnight,0.0,False,30.86,30.86,103.22,False,0.0,False
2021-10-05,2021-10-06,0,Overnight,0.0,False,-92.77,-92.77,156.64,False,0.0,False
2021-10-06,2021-10-07,0,Overnight,0.0,False,86.65,86.65,4.69,False,0.0,False
2021-10-07,2021-10-08,0,Overnight,0.0,False,30.53,30.53,-80.53,False,0.0,False
2021-10-08,2021-10-11,2,Weekend,48.0,False,-43.84,-43.84,-33.15,False,0.0,False
2021-10-11,2021-10-12,0,Overnight,0.0,False,41.49,41.49,-76.43,False,0.0,False
2021-10-12,2021-10-13,0,Overnight,0.0,False,66.14,66.14,13.62,False,0.0,False
2021-10-13,2021-10-14,0,Overnight,0.0,False,101.98,101.98,80.51,False,0.0,False
2021-10-14,2021-10-15,0,Overnight,0.0,False,34.04,34.04,28.77,False,0.0,False
2021-10-15,2021-10-18,2,Weekend,48.0,False,-36.11,-36.11,136.17,False,0.0,False
2021-10-18,2021-10-19,0,Overnight,0.0,False,29.47,29.47,45.91,False,0.0,False
2021-10-19,2021-10-20,0,Overnight,0.0,False,12.51,12.51,-25.57,False,0.0,False
2021-10-20,2021-10-21,0,Overnight,0.0,False,-21.89,-21.89,82.78,False,0.0,False
2021-10-21,2021-10-22,0,Overnight,0.0,False,-34.25,-34.25,-50.13,False,0.0,False
2021-10-22,2021-10-25,2,Weekend,48.0,False,38.95,38.95,62.91,False,0.0,False
2021-10-25,2021-10-26,0,Overnight,0.0,False,60.67,60.67,-29.24,False,0.0,False
2021-10-26,2021-10-27,0,Overnight,0.0,False,12.13,12.13,11.06,False,0.0,False
2021-10-27,2021-10-28,0,Overnight,0.0,False,51.18,51.18,59.26,False,0.0,False
2021-10-28,2021-10-29,0,Overnight,0.0,False,-82.58,-82.58,131.65,False,0.0,False
2021-10-29,2021-11-01,2,Weekend,48.0,False,11.65,11.65,22.48,False,0.0,False
2021-11-01,2021-11-02,0,Overnight,0.0,False,-16.27,-16.27,58.0,False,0.0,False
2021-11-02,2021-11-03,0,Overnight,0.0,False,12.84,12.84,92.75,False,0.0,False
2021-11-03,2021-11-04,0,Overnight,0.0,False,33.01,33.01,94.36,False,0.0,False
2021-11-04,2021-11-05,0,Overnight,0.0,False,45.6,45.6,-36.06,False,0.0,False
2021-11-05,2021-11-08,2,Weekend,49.0,False,-0.75,-0.75,-12.8,False,0.0,False
2021-11-08,2021-11-09,0,Overnight,0.0,False,27.6,27.6,-96.67,False,0.0,False
2021-11-09,2021-11-10,0,Overnight,0.0,False,-72.35,-72.35,-75.71,False,0.0,False
2021-11-10,2021-11-11,0,Overnight,0.0,False,78.25,78.25,-50.56,False,0.0,False
2021-11-11,2021-11-12,0,Overnight,0.0,False,30.16,30.16,74.51,False,0.0,False
2021-11-12,2021-11-15,2,Weekend,48.0,False,30.61,30.61,-32.89,False,0.0,False
2021-11-15,2021-11-16,0,Overnight,0.0,False,-19.02,-19.02,89.98,False,0.0,False
2021-11-16,2021-11-17,0,Overnight,0.0,False,8.3,8.3,-3.02,False,0.0,False
2021-11-17,2021-11-18,0,Overnight,0.0,False,52.67,52.67,50.41,False,0.0,False
2021-11-18,2021-11-19,0,Overnight,0.0,False,41.73,41.73,13.87,False,0.0,False
2021-11-19,2021-11-22,2,Weekend,48.0,False,39.03,39.03,-155.81,False,0.0,False
2021-11-22,2021-11-23,0,Overnight,0.0,False,-29.85,-29.85,-15.84,False,0.0,False
2021-11-23,2021-11-24,0,Overnight,0.0,False,-64.36,-64.36,96.51,False,0.0,False
2021-11-24,2021-11-26,1,Short,24.0,False,-66.68,-66.68,-124.73,False,0.0,False
2021-11-26,2021-11-29,2,Weekend,48.0,True,119.17,119.17,95.53,False,0.0,False
2021-11-29,2021-11-30,0,Overnight,0.0,False,-22.79,-22.79,-125.16,False,0.0,False
2021-11-30,2021-12-01,0,Overnight,0.0,False,112.61,112.61,-284.21,False,0.0,False
2021-12-01,2021-12-02,0,Overnight,0.0,False,-34.16,-34.16,105.97,False,0.0,False
2021-12-02,2021-12-03,0,Overnight,0.0,False,35.84,35.84,-211.26,False,0.0,False
2021-12-03,2021-12-06,2,Weekend,48.0,False,13.04,13.04,66.77,False,0.0,False
2021-12-06,2021-12-07,0,Overnight,0.0,False,175.31,175.31,121.39,False,0.0,False
2021-12-07,2021-12-08,0,Overnight,0.0,False,8.54,8.54,36.1,False,0.0,False
2021-12-08,2021-12-09,0,Overnight,0.0,False,-31.58,-31.58,-116.66,False,0.0,False
2021-12-09,2021-12-10,0,Overnight,0.0,False,73.13,73.13,34.99,False,0.0,False
2021-12-10,2021-12-13,2,Weekend,48.0,False,-0.25,-0.25,-145.27,False,0.0,False
2021-12-13,2021-12-14,0,Overnight,0.0,False,-127.25,-127.25,23.21,False,0.0,False
2021-12-14,2021-12-15,0,Overnight,0.0,False,-6.7,-6.7,232.11,False,0.0,False
2021-12-15,2021-12-16,0,Overnight,0.0,False,24.9,24.9,-285.41,False,0.0,False
2021-12-16,2021-12-17,0,Overnight,0.0,False,-91.15,-91.15,41.13,False,0.0,False
2021-12-17,2021-12-20,2,Weekend,48.0,False,-139.7,-126.78,29.46,True,12.76,False
2021-12-20,2021-12-21,0,Overnight,0.0,False,87.87,87.87,133.46,False,0.0,False
2021-12-21,2021-12-22,0,Overnight,0.0,False,-7.71,-7.71,128.76,False,0.0,False
2021-12-22,2021-12-23,0,Overnight,0.0,False,9.13,9.13,65.97,False,0.0,False
2021-12-23,2021-12-27,3,Long,72.0,False,33.45,33.45,130.47,False,0.0,False
2021-12-27,2021-12-28,0,Overnight,0.0,False,22.78,22.78,-69.23,False,0.0,False
2021-12-28,2021-12-29,0,Overnight,0.0,False,3.49,3.49,-4.98,False,0.0,False
2021-12-29,2021-12-30,0,Overnight,0.0,False,-5.48,-5.48,-24.45,False,0.0,False
2021-12-30,2021-12-31,0,Overnight,0.0,False,-17.25,-17.25,-45.39,False,0.0,False
2021-12-31,2022-01-03,2,Weekend,48.0,False,30.12,30.12,65.69,False,0.0,False
2022-01-03,2022-01-04,0,Overnight,0.0,False,13.93,13.93,-144.49,False,0.0,False
2022-01-04,2022-01-05,0,Overnight,0.0,False,-43.73,-43.73,-268.3,False,0.0,False
2022-01-05,2022-01-06,0,Overnight,0.0,False,-48.78,-48.78,41.75,False,0.0,False
2022-01-06,2022-01-07,0,Overnight,0.0,False,0.26,0.26,-109.18,False,0.0,False
2022-01-07,2022-01-10,2,Weekend,48.0,False,-133.57,-133.57,140.15,False,0.0,False
2022-01-10,2022-01-11,0,Overnight,0.0,False,-19.75,-19.75,168.85,False,0.0,False
2022-01-11,2022-01-12,0,Overnight,0.0,False,68.19,68.19,-28.61,False,0.0,False
2022-01-12,2022-01-13,0,Overnight,0.0,False,36.59,36.59,-289.94,False,0.0,False
2022-01-13,2022-01-14,0,Overnight,0.0,False,-68.82,-68.82,130.85,False,0.0,False
2022-01-14,2022-01-18,3,Long,72.0,False,-158.35,-158.35,-93.74,False,0.0,False
2022-01-18,2022-01-19,0,Overnight,0.0,False,43.09,43.09,-153.53,False,0.0,False
2022-01-19,2022-01-20,0,Overnight,0.0,False,89.91,89.91,-220.65,False,0.0,False
2022-01-20,2022-01-21,0,Overnight,0.0,False,-62.4,-62.4,-218.81,False,0.0,False
2022-01-21,2022-01-24,2,Weekend,48.0,False,-165.71,-165.71,211.39,False,0.0,False
2022-01-24,2022-01-25,0,Overnight,0.0,False,-189.44,-189.44,-45.1,False,0.0,False
2022-01-25,2022-01-26,0,Overnight,0.0,False,223.5,223.5,-239.16,False,0.0,False
2022-01-26,2022-01-27,0,Overnight,0.0,False,139.2,139.2,-240.42,False,0.0,False
2022-01-27,2022-01-28,0,Overnight,0.0,False,56.42,56.42,252.45,False,0.0,False
2022-01-28,2022-01-31,2,Weekend,48.0,False,39.72,39.72,275.06,False,0.0,False
2022-01-31,2022-02-01,0,Overnight,0.0,False,37.94,37.94,29.86,False,0.0,False
2022-02-01,2022-02-02,0,Overnight,0.0,False,115.33,115.33,-34.41,False,0.0,False
2022-02-02,2022-02-03,0,Overnight,0.0,False,-274.01,-274.01,-139.87,False,0.0,False
2022-02-03,2022-02-04,0,Overnight,0.0,False,14.98,14.98,110.38,False,0.0,False
2022-02-04,2022-02-07,2,Weekend,48.0,False,17.02,17.02,-97.79,False,0.0,False
2022-02-07,2022-02-08,0,Overnight,0.0,False,-33.0,-33.0,144.73,False,0.0,False
2022-02-08,2022-02-09,0,Overnight,0.0,False,128.38,128.38,81.32,False,0.0,False
2022-02-09,2022-02-10,0,Overnight,0.0,False,-198.56,-198.56,-30.36,False,0.0,False
2022-02-10,2022-02-11,0,Overnight,0.0,False,0.0,0.0,-322.36,False,0.0,False
2022-02-11,2022-02-14,2,Weekend,48.0,False,-16.44,-16.44,28.82,False,0.0,False
2022-02-14,2022-02-15,0,Overnight,0.0,False,154.77,154.77,90.83,False,0.0,False
2022-02-15,2022-02-16,0,Overnight,0.0,False,-65.08,-65.08,62.55,False,0.0,False
2022-02-16,2022-02-17,0,Overnight,0.0,False,-93.12,-93.12,-208.83,False,0.0,False
2022-02-17,2022-02-18,0,Overnight,0.0,False,27.75,27.75,-142.46,False,0.0,False
2022-02-18,2022-02-22,3,Long,72.0,False,-88.82,-88.82,-12.12,False,0.0,False
2022-02-22,2022-02-23,0,Overnight,0.0,False,95.38,95.38,-354.87,False,0.0,False
2022-02-23,2022-02-24,0,Overnight,0.0,False,-326.44,-326.44,656.96,False,0.0,False
2022-02-24,2022-02-25,0,Overnight,0.0,False,24.05,24.05,129.83,False,0.0,False
2022-02-25,2022-02-28,2,Weekend,48.0,False,-94.73,-94.73,124.47,False,0.0,False
2022-02-28,2022-03-01,0,Overnight,0.0,False,-30.32,-30.32,-123.98,False,0.0,False
2022-03-01,2022-03-02,0,Overnight,0.0,False,46.45,46.45,119.95,False,0.0,False
2022-03-02,2022-03-03,0,Overnight,0.0,False,77.75,77.75,-221.62,False,0.0,False
2022-03-03,2022-03-04,0,Overnight,0.0,False,-70.96,-70.96,-75.02,False,0.0,False
2022-03-04,2022-03-07,2,Weekend,48.0,False,-0.3,-0.3,-375.49,False,0.0,False
2022-03-07,2022-03-08,0,Overnight,0.0,False,-24.96,-24.96,-21.62,False,0.0,False
2022-03-08,2022-03-09,0,Overnight,0.0,False,256.46,256.46,97.19,False,0.0,False
2022-03-09,2022-03-10,0,Overnight,0.0,False,-125.26,-125.26,13.59,False,0.0,False
2022-03-10,2022-03-11,0,Overnight,0.0,False,91.65,91.65,-301.21,False,0.0,False
2022-03-11,2022-03-14,2,Weekend,47.0,False,-39.23,-39.23,-154.69,False,0.0,False
2022-03-14,2022-03-15,0,Overnight,0.0,False,84.81,84.81,224.04,False,0.0,False
2022-03-15,2022-03-16,0,Overnight,0.0,False,121.76,121.76,242.39,False,0.0,False
2022-03-16,2022-03-17,0,Overnight,0.0,False,-57.46,-57.46,177.8,False,0.0,False
2022-03-17,2022-03-18,0,Overnight,0.0,False,-49.48,-49.48,252.09,False,0.0,False
2022-03-18,2022-03-21,2,Weekend,48.0,False,-36.77,-24.38,-3.43,True,12.35,False
2022-03-21,2022-03-22,0,Overnight,0.0,False,14.56,14.56,180.06,False,0.0,False
2022-03-22,2022-03-23,0,Overnight,0.0,False,-82.99,-82.99,-61.77,False,0.0,False
2022-03-23,2022-03-24,0,Overnight,0.0,False,55.84,55.84,164.0,False,0.0,False
2022-03-24,2022-03-25,0,Overnight,0.0,False,-1.67,-1.67,-6.68,False,0.0,False
2022-03-25,2022-03-28,2,Weekend,48.0,False,-0.28,-0.28,153.82,False,0.0,False
2022-03-28,2022-03-29,0,Overnight,0.0,False,108.75,108.75,61.88,False,0.0,False
2022-03-29,2022-03-30,0,Overnight,0.0,False,-51.59,-51.59,-59.48,False,0.0,False
2022-03-30,2022-03-31,0,Overnight,0.0,False,4.09,4.09,-128.81,False,0.0,False
2022-03-31,2022-04-01,0,Overnight,0.0,False,7.44,7.44,-26.49,False,0.0,False
2022-04-01,2022-04-04,2,Weekend,48.0,False,23.74,23.74,180.06,False,0.0,False
2022-04-04,2022-04-05,0,Overnight,0.0,False,-40.43,-40.43,-184.12,False,0.0,False
2022-04-05,2022-04-06,0,Overnight,0.0,False,-152.08,-152.08,-67.43,False,0.0,False
2022-04-06,2022-04-07,0,Overnight,0.0,False,-28.92,-28.92,52.67,False,0.0,False
2022-04-07,2022-04-08,0,Overnight,0.0,False,-50.4,-50.4,-90.38,False,0.0,False
2022-04-08,2022-04-11,2,Weekend,48.0,False,-125.08,-125.08,-114.34,False,0.0,False
2022-04-11,2022-04-12,0,Overnight,0.0,False,141.85,141.85,-184.18,False,0.0,False
2022-04-12,2022-04-13,0,Overnight,0.0,False,10.3,10.3,190.93,False,0.0,False
2022-04-13,2022-04-14,0,Overnight,0.0,False,2.6,2.6,-233.92,False,0.0,False
2022-04-14,2022-04-18,3,Long,72.0,False,-31.96,-31.96,39.64,False,0.0,False
2022-04-18,2022-04-19,0,Overnight,0.0,False,-19.51,-19.51,240.55,False,0.0,False
2022-04-19,2022-04-20,0,Overnight,0.0,False,23.94,23.94,-170.86,False,0.0,False
2022-04-20,2022-04-21,0,Overnight,0.0,False,115.97,115.97,-325.05,False,0.0,False
2022-04-21,2022-04-22,0,Overnight,0.0,False,4.79,4.79,-270.14,False,0.0,False
2022-04-22,2022-04-25,2,Weekend,48.0,False,-51.45,-51.45,179.09,False,0.0,False
2022-04-25,2022-04-26,0,Overnight,0.0,False,-64.23,-64.23,-320.53,False,0.0,False
2022-04-26,2022-04-27,0,Overnight,0.0,False,3.15,3.15,-15.14,False,0.0,False
2022-04-27,2022-04-28,0,Overnight,0.0,False,159.41,159.41,189.59,False,0.0,False
2022-04-28,2022-04-29,0,Overnight,0.0,False,-132.27,-132.27,-328.16,False,0.0,False
2022-04-29,2022-05-02,2,Weekend,48.0,False,-13.42,-13.42,179.0,False,0.0,False
2022-05-02,2022-05-03,0,Overnight,0.0,False,0.63,0.63,10.04,False,0.0,False
2022-05-03,2022-05-04,0,Overnight,0.0,False,15.36,15.36,317.17,False,0.0,False
2022-05-04,2022-05-05,0,Overnight,0.0,False,-135.32,-135.32,-381.45,False,0.0,False
2022-05-05,2022-05-06,0,Overnight,0.0,False,-65.71,-65.71,-54.82,False,0.0,False
2022-05-06,2022-05-09,2,Weekend,48.0,False,-188.34,-188.34,-210.79,False,0.0,False
2022-05-09,2022-05-10,0,Overnight,0.0,False,244.67,244.67,-123.91,False,0.0,False
2022-05-10,2022-05-11,0,Overnight,0.0,False,-77.44,-77.44,-223.63,False,0.0,False
2022-05-11,2022-05-12,0,Overnight,0.0,False,-151.57,-151.57,127.9,False,0.0,False
2022-05-12,2022-05-13,0,Overnight,0.0,False,155.74,155.74,208.15,False,0.0,False
2022-05-13,2022-05-16,2,Weekend,48.0,False,-59.46,-59.46,-57.13,False,0.0,False
2022-05-16,2022-05-17,0,Overnight,0.0,False,199.38,199.38,56.34,False,0.0,False
2022-05-17,2022-05-18,0,Overnight,0.0,False,-152.38,-152.38,-350.98,False,0.0,False
2022-05-18,2022-05-19,0,Overnight,0.0,False,-63.75,-63.75,10.02,False,0.0,False
2022-05-19,2022-05-20,0,Overnight,0.0,False,121.85,121.85,-152.97,False,0.0,False
2022-05-20,2022-05-23,2,Weekend,48.0,False,37.0,37.0,127.91,False,0.0,False
2022-05-23,2022-05-24,0,Overnight,0.0,False,-183.98,-183.98,-30.94,False,0.0,False
2022-05-24,2022-05-25,0,Overnight,0.0,False,-53.41,-53.41,192.39,False,0.0,False
2022-05-25,2022-05-26,0,Overnight,0.0,False,-28.19,-28.19,301.5,False,0.0,False
2022-05-26,2022-05-27,0,Overnight,0.0,False,106.67,106.67,214.51,False,0.0,False
2022-05-27,2022-05-31,3,Long,72.0,False,-0.97,-0.97,-25.59,False,0.0,False
2022-05-31,2022-06-01,0,Overnight,0.0,False,70.79,70.79,-145.02,False,0.0,False
2022-06-01,2022-06-02,0,Overnight,0.0,False,-37.65,-37.65,307.83,False,0.0,False
2022-06-02,2022-06-03,0,Overnight,0.0,False,-171.64,-171.64,-92.0,False,0.0,False
2022-06-03,2022-06-06,2,Weekend,48.0,False,147.5,147.5,-114.25,False,0.0,False
2022-06-06,2022-06-07,0,Overnight,0.0,False,-111.62,-111.62,197.5,False,0.0,False
2022-06-07,2022-06-08,0,Overnight,0.0,False,-26.5,-26.5,-45.73,False,0.0,False
2022-06-08,2022-06-09,0,Overnight,0.0,False,-56.39,-56.39,-215.11,False,0.0,False
2022-06-09,2022-06-10,0,Overnight,0.0,False,-193.92,-193.92,-165.16,False,0.0,False
2022-06-10,2022-06-13,2,Weekend,48.0,False,-319.77,-319.77,-156.35,False,0.0,False
2022-06-13,2022-06-14,0,Overnight,0.0,False,81.36,81.36,-63.23,False,0.0,False
2022-06-14,2022-06-15,0,Overnight,0.0,False,126.41,126.41,120.24,False,0.0,False
2022-06-15,2022-06-16,0,Overnight,0.0,False,-258.26,-258.26,-153.57,False,0.0,False
2022-06-16,2022-06-17,0,Overnight,0.0,False,29.07,29.07,91.8,False,0.0,False
2022-06-17,2022-06-21,3,Long,72.0,False,146.72,165.61,83.24,True,19.19,False
2022-06-21,2022-06-22,0,Overnight,0.0,False,-91.49,-91.49,76.9,False,0.0,False
2022-06-22,2022-06-23,0,Overnight,0.0,False,90.09,90.09,57.74,False,0.0,False
2022-06-23,2022-06-24,0,Overnight,0.0,False,100.95,100.95,235.95,False,0.0,False
2022-06-24,2022-06-27,2,Weekend,48.0,False,47.07,47.07,-120.66,False,0.0,False
2022-06-27,2022-06-28,0,Overnight,0.0,False,18.79,18.79,-328.19,False,0.0,False
2022-06-28,2022-06-29,0,Overnight,0.0,False,-4.94,-4.94,14.1,False,0.0,False
2022-06-29,2022-06-30,0,Overnight,0.0,False,-108.05,-108.05,-16.75,False,0.0,False
2022-06-30,2022-07-01,0,Overnight,0.0,False,-47.57,-47.57,113.35,False,0.0,False
2022-07-01,2022-07-05,3,Long,72.0,False,-136.32,-136.32,306.07,False,0.0,False
2022-07-05,2022-07-06,0,Overnight,0.0,False,13.58,13.58,50.33,False,0.0,False
2022-07-06,2022-07-07,0,Overnight,0.0,False,28.7,28.7,183.03,False,0.0,False
2022-07-07,2022-07-08,0,Overnight,0.0,False,-98.8,-98.8,111.33,False,0.0,False
2022-07-08,2022-07-11,2,Weekend,48.0,False,-83.98,-83.98,-131.98,False,0.0,False
2022-07-11,2022-07-12,0,Overnight,0.0,False,44.19,44.19,-141.53,False,0.0,False
2022-07-12,2022-07-13,0,Overnight,0.0,False,-199.0,-199.0,178.37,False,0.0,False
2022-07-13,2022-07-14,0,Overnight,0.0,False,-93.56,-93.56,129.2,False,0.0,False
2022-07-14,2022-07-15,0,Overnight,0.0,False,106.18,106.18,73.59,False,0.0,False
2022-07-15,2022-07-18,2,Weekend,48.0,False,97.17,97.17,-182.16,False,0.0,False
2022-07-18,2022-07-19,0,Overnight,0.0,False,127.38,127.38,175.52,False,0.0,False
2022-07-19,2022-07-20,0,Overnight,0.0,False,14.41,14.41,142.92,False,0.0,False
2022-07-20,2022-07-21,0,Overnight,0.0,False,15.5,15.5,127.03,False,0.0,False
2022-07-21,2022-07-22,0,Overnight,0.0,False,-30.95,-30.95,-145.95,False,0.0,False
2022-07-22,2022-07-25,2,Weekend,48.0,False,0.99,0.99,-58.11,False,0.0,False
2022-07-25,2022-07-26,0,Overnight,0.0,False,-58.12,-58.12,-140.33,False,0.0,False
2022-07-26,2022-07-27,0,Overnight,0.0,False,157.4,157.4,256.51,False,0.0,False
2022-07-27,2022-07-28,0,Overnight,0.0,False,-7.17,-7.17,104.48,False,0.0,False
2022-07-28,2022-07-29,0,Overnight,0.0,False,50.87,50.87,129.86,False,0.0,False
2022-07-29,2022-08-01,2,Weekend,48.0,False,-57.54,-57.54,51.52,False,0.0,False
2022-08-01,2022-08-02,0,Overnight,0.0,False,-74.82,-74.82,44.96,False,0.0,False
2022-08-02,2022-08-03,0,Overnight,0.0,False,54.57,54.57,214.11,False,0.0,False
2022-08-03,2022-08-04,0,Overnight,0.0,False,2.48,2.48,44.18,False,0.0,False
2022-08-04,2022-08-05,0,Overnight,0.0,False,-161.91,-161.91,79.88,False,0.0,False
2022-08-05,2022-08-08,2,Weekend,48.0,False,29.17,29.17,-61.55,False,0.0,False
2022-08-08,2022-08-09,0,Overnight,0.0,False,-60.67,-60.67,-53.16,False,0.0,False
2022-08-09,2022-08-10,0,Overnight,0.0,False,234.09,234.09,41.2,False,0.0,False
2022-08-10,2022-08-11,0,Overnight,0.0,False,72.76,72.76,-129.68,False,0.0,False
2022-08-11,2022-08-12,0,Overnight,0.0,False,64.59,64.59,128.24,False,0.0,False
2022-08-12,2022-08-15,2,Weekend,48.0,False,-29.4,-29.4,109.89,False,0.0,False
2022-08-15,2022-08-16,0,Overnight,0.0,False,-30.07,-30.07,6.62,False,0.0,False
2022-08-16,2022-08-17,0,Overnight,0.0,False,-97.07,-97.07,-17.64,False,0.0,False
2022-08-17,2022-08-18,0,Overnight,0.0,False,-1.52,-1.52,25.54,False,0.0,False
2022-08-18,2022-08-19,0,Overnight,0.0,False,-94.9,-94.9,-102.0,False,0.0,False
2022-08-19,2022-08-22,2,Weekend,48.0,False,-135.96,-135.96,-130.84,False,0.0,False
2022-08-22,2022-08-23,0,Overnight,0.0,False,-7.64,-7.64,-0.64,False,0.0,False
2022-08-23,2022-08-24,0,Overnight,0.0,False,-15.61,-15.61,44.54,False,0.0,False
2022-08-24,2022-08-25,0,Overnight,0.0,False,57.61,57.61,117.67,False,0.0,False
2022-08-25,2022-08-26,0,Overnight,0.0,False,-9.36,-9.36,-409.16,False,0.0,False
2022-08-26,2022-08-29,2,Weekend,48.0,False,-92.15,-92.15,-6.9,False,0.0,False
2022-08-29,2022-08-30,0,Overnight,0.0,False,55.36,55.36,-167.35,False,0.0,False
2022-08-30,2022-08-31,0,Overnight,0.0,False,98.18,98.18,-156.49,False,0.0,False
2022-08-31,2022-09-01,0,Overnight,0.0,False,-85.57,-85.57,89.92,False,0.0,False
2022-09-01,2022-09-02,0,Overnight,0.0,False,97.72,97.72,-240.01,False,0.0,False
2022-09-02,2022-09-06,3,Long,72.0,False,16.59,16.59,-88.67,False,0.0,False
2022-09-06,2022-09-07,0,Overnight,0.0,False,16.71,16.71,183.29,False,0.0,False
2022-09-07,2022-09-08,0,Overnight,0.0,False,-71.16,-71.16,122.87,False,0.0,False
2022-09-08,2022-09-09,0,Overnight,0.0,False,76.57,76.57,139.69,False,0.0,False
2022-09-09,2022-09-12,2,Weekend,48.0,False,45.81,45.81,72.35,False,0.0,False
2022-09-12,2022-09-13,0,Overnight,0.0,False,-291.92,-291.92,-272.06,False,0.0,False
2022-09-13,2022-09-14,0,Overnight,0.0,False,39.76,39.76,39.26,False,0.0,False
2022-09-14,2022-09-15,0,Overnight,0.0,False,-66.43,-66.43,-101.51,False,0.0,False
2022-09-15,2022-09-16,0,Overnight,0.0,False,-116.79,-116.79,55.46,False,0.0,False
2022-09-16,2022-09-19,2,Weekend,48.0,False,-111.92,-93.8,171.54,True,17.94,False
2022-09-19,2022-09-20,0,Overnight,0.0,False,-88.35,-88.35,8.32,False,0.0,False
2022-09-20,2022-09-21,0,Overnight,0.0,False,29.74,29.74,-210.42,False,0.0,False
2022-09-21,2022-09-22,0,Overnight,0.0,False,-55.17,-55.17,-68.67,False,0.0,False
2022-09-22,2022-09-23,0,Overnight,0.0,False,-90.39,-90.39,-73.77,False,0.0,False
2022-09-23,2022-09-26,2,Weekend,48.0,False,-17.44,-17.44,-24.03,False,0.0,False
2022-09-26,2022-09-27,0,Overnight,0.0,False,124.6,124.6,-120.59,False,0.0,False
2022-09-27,2022-09-28,0,Overnight,0.0,False,-0.73,-0.73,197.7,False,0.0,False
2022-09-28,2022-09-29,0,Overnight,0.0,False,-146.82,-146.82,-145.69,False,0.0,False
2022-09-29,2022-09-30,0,Overnight,0.0,False,-30.94,-30.94,-140.08,False,0.0,False
2022-09-30,2022-10-03,2,Weekend,48.0,False,67.5,67.5,164.4,False,0.0,False
2022-10-03,2022-10-04,0,Overnight,0.0,False,197.65,197.65,111.92,False,0.0,False
2022-10-04,2022-10-05,0,Overnight,0.0,False,-137.4,-137.4,132.08,False,0.0,False
2022-10-05,2022-10-06,0,Overnight,0.0,False,-36.24,-36.24,-42.8,False,0.0,False
2022-10-06,2022-10-07,0,Overnight,0.0,False,-170.88,-170.88,-217.61,False,0.0,False
2022-10-07,2022-10-10,2,Weekend,48.0,False,7.43,7.43,-107.89,False,0.0,False
2022-10-10,2022-10-11,0,Overnight,0.0,False,-64.39,-64.39,-73.94,False,0.0,False
2022-10-11,2022-10-12,0,Overnight,0.0,False,24.71,24.71,-28.13,False,0.0,False
2022-10-12,2022-10-13,0,Overnight,0.0,False,-289.7,-289.7,521.51,False,0.0,False
2022-10-13,2022-10-14,0,Overnight,0.0,False,88.15,88.15,-393.33,False,0.0,False
2022-10-14,2022-10-17,2,Weekend,48.0,False,231.26,231.26,93.62,False,0.0,False
2022-10-17,2022-10-18,0,Overnight,0.0,False,263.08,263.08,-184.31,False,0.0,False
2022-10-18,2022-10-19,0,Overnight,0.0,False,-57.26,-57.26,20.72,False,0.0,False
2022-10-19,2022-10-20,0,Overnight,0.0,False,-33.7,-33.7,-17.45,False,0.0,False
2022-10-20,2022-10-21,0,Overnight,0.0,False,-42.08,-42.08,273.85,False,0.0,False
2022-10-21,2022-10-24,2,Weekend,48.0,False,9.8,9.8,99.61,False,0.0,False
2022-10-24,2022-10-25,0,Overnight,0.0,False,34.42,34.42,170.33,False,0.0,False
2022-10-25,2022-10-26,0,Overnight,0.0,False,-204.39,-204.39,-19.05,False,0.0,False
2022-10-26,2022-10-27,0,Overnight,0.0,False,-41.1,-41.1,-142.64,False,0.0,False
2022-10-27,2022-10-28,0,Overnight,0.0,False,-23.48,-23.48,324.9,False,0.0,False
2022-10-28,2022-10-31,2,Weekend,48.0,False,-82.12,-82.12,-34.84,False,0.0,False
2022-10-31,2022-11-01,0,Overnight,0.0,False,126.91,126.91,-229.61,False,0.0,False
2022-11-01,2022-11-02,0,Overnight,0.0,False,-1.09,-1.09,-347.69,False,0.0,False
2022-11-02,2022-11-03,0,Overnight,0.0,False,-101.0,-101.0,-96.28,False,0.0,False
2022-11-03,2022-11-04,0,Overnight,0.0,False,191.63,191.63,-32.06,False,0.0,False
2022-11-04,2022-11-07,2,Weekend,49.0,False,40.34,40.34,69.0,False,0.0,False
2022-11-07,2022-11-08,0,Overnight,0.0,False,57.76,57.76,14.85,False,0.0,False
2022-11-08,2022-11-09,0,Overnight,0.0,False,-66.26,-66.26,-167.21,False,0.0,False
2022-11-09,2022-11-10,0,Overnight,0.0,False,470.67,470.67,241.26,False,0.0,False
2022-11-10,2022-11-11,0,Overnight,0.0,False,-6.72,-6.72,189.31,False,0.0,False
2022-11-11,2022-11-14,2,Weekend,48.0,False,-73.19,-73.19,-14.7,False,0.0,False
2022-11-14,2022-11-15,0,Overnight,0.0,False,234.41,234.41,-96.97,False,0.0,False
2022-11-15,2022-11-16,0,Overnight,0.0,False,-69.35,-69.35,-68.08,False,0.0,False
2022-11-16,2022-11-17,0,Overnight,0.0,False,-161.04,-161.04,138.95,False,0.0,False
2022-11-17,2022-11-18,0,Overnight,0.0,False,107.56,107.56,-107.21,False,0.0,False
2022-11-18,2022-11-21,2,Weekend,48.0,False,-49.98,-49.98,-53.42,False,0.0,False
2022-11-21,2022-11-22,0,Overnight,0.0,False,26.57,26.57,116.43,False,0.0,False
2022-11-22,2022-11-23,0,Overnight,0.0,False,0.7,0.7,99.17,False,0.0,False
2022-11-23,2022-11-25,1,Short,24.0,False,-56.6,-56.6,-9.41,False,0.0,False
2022-11-25,2022-11-28,2,Weekend,48.0,True,-70.65,-70.65,-77.17,False,0.0,False
2022-11-28,2022-11-29,0,Overnight,0.0,False,8.13,8.13,-84.12,False,0.0,False
2022-11-29,2022-11-30,0,Overnight,0.0,False,9.62,9.62,436.15,False,0.0,False
2022-11-30,2022-12-01,0,Overnight,0.0,False,11.24,11.24,1.02,False,0.0,False
2022-12-01,2022-12-02,0,Overnight,0.0,False,-177.93,-177.93,138.02,False,0.0,False
2022-12-02,2022-12-05,2,Weekend,48.0,False,-74.45,-74.45,-94.81,False,0.0,False
2022-12-05,2022-12-06,0,Overnight,0.0,False,-5.56,-5.56,-203.82,False,0.0,False
2022-12-06,2022-12-07,0,Overnight,0.0,False,-43.05,-43.05,2.14,False,0.0,False
2022-12-07,2022-12-08,0,Overnight,0.0,False,49.07,49.07,68.58,False,0.0,False
2022-12-08,2022-12-09,0,Overnight,0.0,False,-36.71,-36.71,-27.26,False,0.0,False
2022-12-09,2022-12-12,2,Weekend,48.0,False,6.38,6.38,118.35,False,0.0,False
2022-12-12,2022-12-13,0,Overnight,0.0,False,380.31,380.31,-273.38,False,0.0,False
2022-12-13,2022-12-14,0,Overnight,0.0,False,-20.81,-20.81,-53.61,False,0.0,False
2022-12-14,2022-12-15,0,Overnight,0.0,False,-146.97,-146.97,-194.56,False,0.0,False
2022-12-15,2022-12-16,0,Overnight,0.0,False,-24.95,-24.95,-70.85,False,0.0,False
2022-12-16,2022-12-19,2,Weekend,48.0,False,-13.87,10.02,-151.58,True,23.88,False
2022-12-19,2022-12-20,0,Overnight,0.0,False,-44.21,-44.21,36.42,False,0.0,False
2022-12-20,2022-12-21,0,Overnight,0.0,False,39.25,39.25,104.77,False,0.0,False
2022-12-21,2022-12-22,0,Overnight,0.0,False,-112.9,-112.9,-134.79,False,0.0,False
2022-12-22,2022-12-23,0,Overnight,0.0,False,-48.48,-48.48,70.94,False,0.0,False
2022-12-23,2022-12-27,3,Long,72.0,False,-23.22,-23.22,-119.17,False,0.0,False
2022-12-27,2022-12-28,0,Overnight,0.0,False,-15.57,-15.57,-117.34,False,0.0,False
2022-12-28,2022-12-29,0,Overnight,0.0,False,109.36,109.36,131.47,False,0.0,False
2022-12-29,2022-12-30,0,Overnight,0.0,False,-106.4,-106.4,100.4,False,0.0,False
2022-12-30,2023-01-03,3,Long,72.0,False,88.61,88.61,-156.44,False,0.0,False
2023-01-03,2023-01-04,0,Overnight,0.0,False,81.34,81.34,-33.81,False,0.0,False
2023-01-04,2023-01-05,0,Overnight,0.0,False,-64.18,-64.18,-93.61,False,0.0,False
2023-01-05,2023-01-06,0,Overnight,0.0,False,67.44,67.44,204.84,False,0.0,False
2023-01-06,2023-01-09,2,Weekend,48.0,False,75.24,75.24,-10.71,False,0.0,False
2023-01-09,2023-01-10,0,Overnight,0.0,False,-38.89,-38.89,123.18,False,0.0,False
2023-01-10,2023-01-11,0,Overnight,0.0,False,39.87,39.87,131.65,False,0.0,False
2023-01-11,2023-01-12,0,Overnight,0.0,False,20.52,20.52,33.38,False,0.0,False
2023-01-12,2023-01-13,0,Overnight,0.0,False,-91.8,-91.8,160.37,False,0.0,False
2023-01-13,2023-01-17,3,Long,72.0,False,-7.12,-7.12,27.39,False,0.0,False
2023-01-17,2023-01-18,0,Overnight,0.0,False,55.61,55.61,-186.46,False,0.0,False
2023-01-18,2023-01-19,0,Overnight,0.0,False,-59.92,-59.92,-38.81,False,0.0,False
2023-01-19,2023-01-20,0,Overnight,0.0,False,59.43,59.43,210.56,False,0.0,False
2023-01-20,2023-01-23,2,Weekend,48.0,False,30.38,30.38,189.35,False,0.0,False
2023-01-23,2023-01-24,0,Overnight,0.0,False,-57.26,-57.26,36.83,False,0.0,False
2023-01-24,2023-01-25,0,Overnight,0.0,False,-160.8,-160.8,138.59,False,0.0,False
2023-01-25,2023-01-26,0,Overnight,0.0,False,120.56,120.56,72.53,False,0.0,False
2023-01-26,2023-01-27,0,Overnight,0.0,False,-45.79,-45.79,144.84,False,0.0,False
2023-01-27,2023-01-30,2,Weekend,48.0,False,-113.04,-113.04,-91.22,False,0.0,False
2023-01-30,2023-01-31,0,Overnight,0.0,False,1.38,1.38,147.37,False,0.0,False
2023-01-31,2023-02-01,0,Overnight,0.0,False,-7.13,-7.13,218.71,False,0.0,False
2023-02-01,2023-02-02,0,Overnight,0.0,False,218.58,218.58,134.03,False,0.0,False
2023-02-02,2023-02-03,0,Overnight,0.0,False,-219.9,-219.9,40.58,False,0.0,False
2023-02-03,2023-02-06,2,Weekend,48.0,False,-87.59,-87.59,2.64,False,0.0,False
2023-02-06,2023-02-07,0,Overnight,0.0,False,-4.28,-4.28,209.35,False,0.0,False
2023-02-07,2023-02-08,0,Overnight,0.0,False,-43.34,-43.34,-136.07,False,0.0,False
2023-02-08,2023-02-09,0,Overnight,0.0,False,145.79,145.79,-234.57,False,0.0,False
2023-02-09,2023-02-10,0,Overnight,0.0,False,-73.19,-73.19,7.34,False,0.0,False
2023-02-10,2023-02-13,2,Weekend,48.0,False,47.6,47.6,111.29,False,0.0,False
2023-02-13,2023-02-14,0,Overnight,0.0,False,-53.01,-53.01,126.63,False,0.0,False
2023-02-14,2023-02-15,0,Overnight,0.0,False,-60.49,-60.49,136.81,False,0.0,False
2023-02-15,2023-02-16,0,Overnight,0.0,False,-153.88,-153.88,-35.55,False,0.0,False
2023-02-16,2023-02-17,0,Overnight,0.0,False,-73.8,-73.8,2.99,False,0.0,False
2023-02-17,2023-02-21,3,Long,72.0,False,-130.34,-130.34,-109.25,False,0.0,False
2023-02-21,2023-02-22,0,Overnight,0.0,False,20.05,20.05,-12.57,False,0.0,False
2023-02-22,2023-02-23,0,Overnight,0.0,False,125.63,125.63,-38.67,False,0.0,False
2023-02-23,2023-02-24,0,Overnight,0.0,False,-171.94,-171.94,3.08,False,0.0,False
2023-02-24,2023-02-27,2,Weekend,48.0,False,109.73,109.73,-38.37,False,0.0,False
2023-02-27,2023-02-28,0,Overnight,0.0,False,-21.8,-21.8,8.86,False,0.0,False
2023-02-28,2023-03-01,0,Overnight,0.0,False,-10.22,-10.22,-70.49,False,0.0,False
2023-03-01,2023-03-02,0,Overnight,0.0,False,-87.61,-87.61,170.03,False,0.0,False
2023-03-02,2023-03-03,0,Overnight,0.0,False,60.44,60.44,144.19,False,0.0,False
2023-03-03,2023-03-06,2,Weekend,48.0,False,41.96,41.96,-30.62,False,0.0,False
2023-03-06,2023-03-07,0,Overnight,0.0,False,1.67,1.67,-125.08,False,0.0,False
2023-03-07,2023-03-08,0,Overnight,0.0,False,14.5,14.5,35.32,False,0.0,False
2023-03-08,2023-03-09,0,Overnight,0.0,False,17.11,17.11,-191.89,False,0.0,False
2023-03-09,2023-03-10,0,Overnight,0.0,False,5.81,5.81,-147.24,False,0.0,False
2023-03-10,2023-03-13,2,Weekend,47.0,False,-63.27,-63.27,137.16,False,0.0,False
2023-03-13,2023-03-14,0,Overnight,0.0,False,123.76,123.76,103.44,False,0.0,False
2023-03-14,2023-03-15,0,Overnight,0.0,False,-89.85,-89.85,142.18,False,0.0,False
2023-03-15,2023-03-16,0,Overnight,0.0,False,-31.16,-31.16,291.35,False,0.0,False
2023-03-16,2023-03-17,0,Overnight,0.0,False,-2.93,-2.93,-44.44,False,0.0,False
2023-03-17,2023-03-20,2,Weekend,48.0,False,-36.09,-20.59,56.04,True,15.46,False
2023-03-20,2023-03-21,0,Overnight,0.0,False,64.18,64.18,77.63,False,0.0,False
2023-03-21,2023-03-22,0,Overnight,0.0,False,-2.26,-2.26,-134.66,False,0.0,False
2023-03-22,2023-03-23,0,Overnight,0.0,False,123.37,123.37,-5.49,False,0.0,False
2023-03-23,2023-03-24,0,Overnight,0.0,False,-13.89,-13.89,50.63,False,0.0,False
2023-03-24,2023-03-27,2,Weekend,48.0,False,22.81,22.81,-91.56,False,0.0,False
2023-03-27,2023-03-28,0,Overnight,0.0,False,-19.13,-19.13,-34.13,False,0.0,False
2023-03-28,2023-03-29,0,Overnight,0.0,False,121.68,121.68,59.01,False,0.0,False
2023-03-29,2023-03-30,0,Overnight,0.0,False,80.26,80.26,13.95,False,0.0,False
2023-03-30,2023-03-31,0,Overnight,0.0,False,7.28,7.28,157.66,False,0.0,False
2023-03-31,2023-04-03,2,Weekend,48.0,False,-67.53,-67.53,43.2,False,0.0,False
2023-04-03,2023-04-04,0,Overnight,0.0,False,14.05,14.05,-47.84,False,0.0,False
2023-04-04,2023-04-05,0,Overnight,0.0,False,-30.45,-30.45,-68.77,False,0.0,False
2023-04-05,2023-04-06,0,Overnight,0.0,False,-53.32,-53.32,120.52,False,0.0,False
2023-04-06,2023-04-10,3,Long,72.0,False,-94.14,-94.14,88.48,False,0.0,False
2023-04-10,2023-04-11,0,Overnight,0.0,False,-1.26,-1.26,-63.13,False,0.0,False
2023-04-11,2023-04-12,0,Overnight,0.0,False,62.81,62.81,-151.54,False,0.0,False
2023-04-12,2023-04-13,0,Overnight,0.0,False,57.02,57.02,136.91,False,0.0,False
2023-04-13,2023-04-14,0,Overnight,0.0,False,-49.63,-49.63,30.81,False,0.0,False
2023-04-14,2023-04-17,2,Weekend,48.0,False,-13.19,-13.19,21.66,False,0.0,False
2023-04-17,2023-04-18,0,Overnight,0.0,False,67.21,67.21,-66.58,False,0.0,False
2023-04-18,2023-04-19,0,Overnight,0.0,False,-77.13,-77.13,72.43,False,0.0,False
2023-04-19,2023-04-20,0,Overnight,0.0,False,-95.21,-95.21,18.67,False,0.0,False
2023-04-20,2023-04-21,0,Overnight,0.0,False,-11.71,-11.71,22.13,False,0.0,False
2023-04-21,2023-04-24,2,Weekend,48.0,False,-7.27,-7.27,-13.6,False,0.0,False
2023-04-24,2023-04-25,0,Overnight,0.0,False,-52.68,-52.68,-137.76,False,0.0,False
2023-04-25,2023-04-26,0,Overnight,0.0,False,110.68,110.68,-50.22,False,0.0,False
2023-04-26,2023-04-27,0,Overnight,0.0,False,122.06,122.06,146.22,False,0.0,False
2023-04-27,2023-04-28,0,Overnight,0.0,False,-7.5,-7.5,76.25,False,0.0,False
2023-04-28,2023-05-01,2,Weekend,48.0,False,-14.58,-14.58,3.1,False,0.0,False
2023-05-01,2023-05-02,0,Overnight,0.0,False,-2.17,-2.17,-85.42,False,0.0,False
2023-05-02,2023-05-03,0,Overnight,0.0,False,11.58,11.58,-77.23,False,0.0,False
2023-05-03,2023-05-04,0,Overnight,0.0,False,-7.25,-7.25,-28.11,False,0.0,False
2023-05-04,2023-05-05,0,Overnight,0.0,False,72.48,72.48,137.83,False,0.0,False
2023-05-05,2023-05-08,2,Weekend,48.0,False,-14.57,-14.57,39.31,False,0.0,False
2023-05-08,2023-05-09,0,Overnight,0.0,False,-52.35,-52.35,-11.19,False,0.0,False
2023-05-09,2023-05-10,0,Overnight,0.0,False,76.81,76.81,31.42,False,0.0,False
2023-05-10,2023-05-11,0,Overnight,0.0,False,17.21,17.21,15.34,False,0.0,False
2023-05-11,2023-05-12,0,Overnight,0.0,False,16.54,16.54,-52.47,False,0.0,False
2023-05-12,2023-05-15,2,Weekend,48.0,False,14.76,14.76,39.25,False,0.0,False
2023-05-15,2023-05-16,0,Overnight,0.0,False,-22.36,-22.36,33.68,False,0.0,False
2023-05-16,2023-05-17,0,Overnight,0.0,False,32.96,32.96,87.36,False,0.0,False
2023-05-17,2023-05-18,0,Overnight,0.0,False,12.07,12.07,171.96,False,0.0,False
2023-05-18,2023-05-19,0,Overnight,0.0,False,6.52,6.52,-29.08,False,0.0,False
2023-05-19,2023-05-22,2,Weekend,48.0,False,-7.73,-7.73,41.25,False,0.0,False
2023-05-22,2023-05-23,0,Overnight,0.0,False,-51.97,-51.97,-75.61,False,0.0,False
2023-05-23,2023-05-24,0,Overnight,0.0,False,-59.87,-59.87,8.45,False,0.0,False
2023-05-24,2023-05-25,0,Overnight,0.0,False,223.33,223.33,17.09,False,0.0,False
2023-05-25,2023-05-26,0,Overnight,0.0,False,30.57,30.57,221.73,False,0.0,False
2023-05-26,2023-05-30,3,Long,72.0,False,122.95,122.95,-77.7,False,0.0,False
2023-05-30,2023-05-31,0,Overnight,0.0,False,-46.11,-46.11,-10.91,False,0.0,False
2023-05-31,2023-06-01,0,Overnight,0.0,False,-7.47,-7.47,122.33,False,0.0,False
2023-06-01,2023-06-02,0,Overnight,0.0,False,50.72,50.72,24.0,False,0.0,False
2023-06-02,2023-06-05,2,Weekend,48.0,False,-6.21,-6.21,13.25,False,0.0,False
2023-06-05,2023-06-06,0,Overnight,0.0,False,-17.48,-17.48,15.79,False,0.0,False
2023-06-06,2023-06-07,0,Overnight,0.0,False,8.17,8.17,-179.28,False,0.0,False
2023-06-07,2023-06-08,0,Overnight,0.0,False,8.6,8.6,114.77,False,0.0,False
2023-06-08,2023-06-09,0,Overnight,0.0,False,41.82,41.82,-3.67,False,0.0,False
2023-06-09,2023-06-12,2,Weekend,48.0,False,47.56,47.56,120.0,False,0.0,False
2023-06-12,2023-06-13,0,Overnight,0.0,False,77.37,77.37,-0.83,False,0.0,False
2023-06-13,2023-06-14,0,Overnight,0.0,False,0.27,0.27,72.14,False,0.0,False
2023-06-14,2023-06-15,0,Overnight,0.0,False,-35.32,-35.32,153.77,False,0.0,False
2023-06-15,2023-06-16,0,Overnight,0.0,False,66.22,66.22,-129.35,False,0.0,False
2023-06-16,2023-06-20,3,Long,72.0,False,-53.96,-40.2,25.93,True,13.7,False
2023-06-20,2023-06-21,0,Overnight,0.0,False,-31.67,-31.67,-105.55,False,0.0,False
2023-06-21,2023-06-22,0,Overnight,0.0,False,-35.15,-35.15,152.45,False,0.0,False
2023-06-22,2023-06-23,0,Overnight,0.0,False,-108.74,-108.74,9.11,False,0.0,False
2023-06-23,2023-06-26,2,Weekend,48.0,False,-14.91,-14.91,-120.05,False,0.0,False
2023-06-26,2023-06-27,0,Overnight,0.0,False,43.8,43.8,126.68,False,0.0,False
2023-06-27,2023-06-28,0,Overnight,0.0,False,-50.98,-50.98,70.47,False,0.0,False
2023-06-28,2023-06-29,0,Overnight,0.0,False,-8.23,-8.23,-11.81,False,0.0,False
2023-06-29,2023-06-30,0,Overnight,0.0,False,102.28,102.28,50.75,False,0.0,False
2023-06-30,2023-07-03,2,Weekend,48.0,False,17.58,17.58,5.94,False,0.0,False
2023-07-03,2023-07-05,1,Short,24.0,True,-43.03,-43.03,42.76,False,0.0,False
2023-07-05,2023-07-06,0,Overnight,0.0,False,-102.34,-102.34,25.89,False,0.0,False
2023-07-06,2023-07-07,0,Overnight,0.0,False,-6.26,-6.26,-27.0,False,0.0,False
2023-07-07,2023-07-10,2,Weekend,48.0,False,-7.65,-7.65,10.92,False,0.0,False
2023-07-10,2023-07-11,0,Overnight,0.0,False,11.73,11.73,37.55,False,0.0,False
2023-07-11,2023-07-12,0,Overnight,0.0,False,112.63,112.63,12.88,False,0.0,False
2023-07-12,2023-07-13,0,Overnight,0.0,False,86.26,86.26,82.1,False,0.0,False
2023-07-13,2023-07-14,0,Overnight,0.0,False,11.6,11.6,-13.71,False,0.0,False
2023-07-14,2023-07-17,2,Weekend,48.0,False,19.24,19.24,73.71,False,0.0,False
2023-07-17,2023-07-18,0,Overnight,0.0,False,-17.0,-17.0,98.48,False,0.0,False
2023-07-18,2023-07-19,0,Overnight,0.0,False,27.96,27.96,-30.29,False,0.0,False
2023-07-19,2023-07-20,0,Overnight,0.0,False,-79.14,-79.14,-154.08,False,0.0,False
2023-07-20,2023-07-21,0,Overnight,0.0,False,64.03,64.03,-94.06,False,0.0,False
2023-07-21,2023-07-24,2,Weekend,48.0,False,26.32,26.32,-10.36,False,0.0,False
2023-07-24,2023-07-25,0,Overnight,0.0,False,19.12,19.12,48.43,False,0.0,False
2023-07-25,2023-07-26,0,Overnight,0.0,False,-28.02,-28.02,-5.3,False,0.0,False
2023-07-26,2023-07-27,0,Overnight,0.0,False,145.94,145.94,-169.81,False,0.0,False
2023-07-27,2023-07-28,0,Overnight,0.0,False,108.8,108.8,71.71,False,0.0,False
2023-07-28,2023-07-31,2,Weekend,48.0,False,8.08,8.08,-2.87,False,0.0,False
2023-07-31,2023-08-01,0,Overnight,0.0,False,-35.77,-35.77,12.55,False,0.0,False
2023-08-01,2023-08-02,0,Overnight,0.0,False,-92.65,-92.65,-129.24,False,0.0,False
2023-08-02,2023-08-03,0,Overnight,0.0,False,-65.66,-65.66,49.62,False,0.0,False
2023-08-03,2023-08-04,0,Overnight,0.0,False,52.3,52.3,-99.23,False,0.0,False
2023-08-04,2023-08-07,2,Weekend,48.0,False,49.34,49.34,34.98,False,0.0,False
2023-08-07,2023-08-08,0,Overnight,0.0,False,-68.2,-68.2,-17.19,False,0.0,False
2023-08-08,2023-08-09,0,Overnight,0.0,False,7.79,7.79,-118.35,False,0.0,False
2023-08-09,2023-08-10,0,Overnight,0.0,False,82.83,82.83,-64.36,False,0.0,False
2023-08-10,2023-08-11,0,Overnight,0.0,False,-70.79,-70.79,6.83,False,0.0,False
2023-08-11,2023-08-14,2,Weekend,48.0,False,-22.14,-22.14,133.74,False,0.0,False
2023-08-14,2023-08-15,0,Overnight,0.0,False,-26.77,-26.77,-79.91,False,0.0,False
2023-08-15,2023-08-16,0,Overnight,0.0,False,-15.02,-15.02,-91.43,False,0.0,False
2023-08-16,2023-08-17,0,Overnight,0.0,False,39.09,39.09,-148.92,False,0.0,False
2023-08-17,2023-08-18,0,Overnight,0.0,False,-93.02,-93.02,80.46,False,0.0,False
2023-08-18,2023-08-21,2,Weekend,48.0,False,41.52,41.52,118.31,False,0.0,False
2023-08-21,2023-08-22,0,Overnight,0.0,False,72.56,72.56,-86.86,False,0.0,False
2023-08-22,2023-08-23,0,Overnight,0.0,False,32.97,32.97,123.49,False,0.0,False
2023-08-23,2023-08-24,0,Overnight,0.0,False,95.18,95.18,-311.26,False,0.0,False
2023-08-24,2023-08-25,0,Overnight,0.0,False,23.5,23.5,53.71,False,0.0,False
2023-08-25,2023-08-28,2,Weekend,48.0,False,81.26,81.26,-6.27,False,0.0,False
2023-08-28,2023-08-29,0,Overnight,0.0,False,-5.45,-5.45,221.5,False,0.0,False
2023-08-29,2023-08-30,0,Overnight,0.0,False,2.94,2.94,52.68,False,0.0,False
2023-08-30,2023-08-31,0,Overnight,0.0,False,2.12,2.12,27.82,False,0.0,False
2023-08-31,2023-09-01,0,Overnight,0.0,False,63.56,63.56,-74.14,False,0.0,False
2023-09-01,2023-09-05,3,Long,72.0,False,-21.74,-21.74,34.44,False,0.0,False
2023-09-05,2023-09-06,0,Overnight,0.0,False,-20.92,-20.92,-67.55,False,0.0,False
2023-09-06,2023-09-07,0,Overnight,0.0,False,-121.62,-121.62,49.85,False,0.0,False
2023-09-07,2023-09-08,0,Overnight,0.0,False,-1.34,-1.34,15.31,False,0.0,False
2023-09-08,2023-09-11,2,Weekend,48.0,False,82.33,82.33,34.81,False,0.0,False
2023-09-11,2023-09-12,0,Overnight,0.0,False,-45.2,-45.2,-66.3,False,0.0,False
2023-09-12,2023-09-13,0,Overnight,0.0,False,6.44,6.44,31.58,False,0.0,False
2023-09-13,2023-09-14,0,Overnight,0.0,False,47.45,47.45,33.99,False,0.0,False
2023-09-14,2023-09-15,0,Overnight,0.0,False,-36.11,-36.11,-136.6,False,0.0,False
2023-09-15,2023-09-18,2,Weekend,48.0,False,-40.26,-25.76,36.22,True,14.45,False
2023-09-18,2023-09-19,0,Overnight,0.0,False,-36.22,-36.22,14.88,False,0.0,False
2023-09-19,2023-09-20,0,Overnight,0.0,False,29.16,29.16,-174.31,False,0.0,False
2023-09-20,2023-09-21,0,Overnight,0.0,False,-103.13,-103.13,-81.82,False,0.0,False
2023-09-21,2023-09-22,0,Overnight,0.0,False,49.34,49.34,-47.94,False,0.0,False
2023-09-22,2023-09-25,2,Weekend,48.0,False,-27.42,-27.42,74.8,False,0.0,False
2023-09-25,2023-09-26,0,Overnight,0.0,False,-73.12,-73.12,-78.18,False,0.0,False
2023-09-26,2023-09-27,0,Overnight,0.0,False,32.98,32.98,-9.57,False,0.0,False
2023-09-27,2023-09-28,0,Overnight,0.0,False,-26.23,-26.23,109.53,False,0.0,False
2023-09-28,2023-09-29,0,Overnight,0.0,False,98.12,98.12,-90.86,False,0.0,False
2023-09-29,2023-10-02,2,Weekend,48.0,False,7.53,7.53,75.58,False,0.0,False
2023-10-02,2023-10-03,0,Overnight,0.0,False,-68.89,-68.89,-108.17,False,0.0,False
2023-10-03,2023-10-04,0,Overnight,0.0,False,23.92,23.92,111.25,False,0.0,False
2023-10-04,2023-10-05,0,Overnight,0.0,False,-0.28,-0.28,-29.23,False,0.0,False
2023-10-05,2023-10-06,0,Overnight,0.0,False,-85.11,-85.11,251.28,False,0.0,False
2023-10-06,2023-10-09,2,Weekend,48.0,False,-66.03,-66.03,116.9,False,0.0,False
2023-10-09,2023-10-10,0,Overnight,0.0,False,9.27,9.27,45.96,False,0.0,False
2023-10-10,2023-10-11,0,Overnight,0.0,False,36.56,36.56,34.54,False,0.0,False
2023-10-11,2023-10-12,0,Overnight,0.0,False,13.73,13.73,-48.54,False,0.0,False
2023-10-12,2023-10-13,0,Overnight,0.0,False,17.29,17.29,-143.78,False,0.0,False
2023-10-13,2023-10-16,2,Weekend,48.0,False,36.62,36.62,75.81,False,0.0,False
2023-10-16,2023-10-17,0,Overnight,0.0,False,-97.93,-97.93,65.12,False,0.0,False
2023-10-17,2023-10-18,0,Overnight,0.0,False,-68.95,-68.95,-63.1,False,0.0,False
2023-10-18,2023-10-19,0,Overnight,0.0,False,39.55,39.55,-133.56,False,0.0,False
2023-10-19,2023-10-20,0,Overnight,0.0,False,-14.18,-14.18,-136.12,False,0.0,False
2023-10-20,2023-10-23,2,Weekend,48.0,False,-37.86,-37.86,67.99,False,0.0,False
2023-10-23,2023-10-24,0,Overnight,0.0,False,51.6,51.6,45.21,False,0.0,False
2023-10-24,2023-10-25,0,Overnight,0.0,False,-67.89,-67.89,-179.91,False,0.0,False
2023-10-25,2023-10-26,0,Overnight,0.0,False,-34.88,-34.88,-157.63,False,0.0,False
2023-10-26,2023-10-27,0,Overnight,0.0,False,80.28,80.28,-32.38,False,0.0,False
2023-10-27,2023-10-30,2,Weekend,48.0,False,72.71,72.71,39.31,False,0.0,False
2023-10-30,2023-10-31,0,Overnight,0.0,False,0.86,0.86,46.85,False,0.0,False
2023-10-31,2023-11-01,0,Overnight,0.0,False,24.2,24.2,147.88,False,0.0,False
2023-11-01,2023-11-02,0,Overnight,0.0,False,127.49,127.49,52.42,False,0.0,False
2023-11-02,2023-11-03,0,Overnight,0.0,False,35.98,35.98,80.82,False,0.0,False
2023-11-03,2023-11-06,2,Weekend,49.0,False,21.19,21.19,19.52,False,0.0,False
2023-11-06,2023-11-07,0,Overnight,0.0,False,28.67,28.67,65.41,False,0.0,False
2023-11-07,2023-11-08,0,Overnight,0.0,False,10.19,10.19,-3.75,False,0.0,False
2023-11-08,2023-11-09,0,Overnight,0.0,False,18.75,18.75,-96.01,False,0.0,False
2023-11-09,2023-11-10,0,Overnight,0.0,False,47.18,47.18,175.16,False,0.0,False
2023-11-10,2023-11-13,2,Weekend,48.0,False,-42.37,-42.37,11.14,False,0.0,False
2023-11-13,2023-11-14,0,Overnight,0.0,False,170.85,170.85,42.13,False,0.0,False
2023-11-14,2023-11-15,0,Overnight,0.0,False,49.7,49.7,-42.18,False,0.0,False
2023-11-15,2023-11-16,0,Overnight,0.0,False,-20.25,-20.25,28.8,False,0.0,False
2023-11-16,2023-11-17,0,Overnight,0.0,False,-19.19,-19.19,21.52,False,0.0,False
2023-11-17,2023-11-20,2,Weekend,48.0,False,0.26,0.26,120.75,False,0.0,False
2023-11-20,2023-11-21,0,Overnight,0.0,False,-44.37,-44.37,-13.89,False,0.0,False
2023-11-21,2023-11-22,0,Overnight,0.0,False,53.91,53.91,-13.07,False,0.0,False
2023-11-22,2023-11-24,1,Short,24.0,False,-10.52,-10.52,-3.59,False,0.0,False
2023-11-24,2023-11-27,2,Weekend,48.0,True,-12.84,-12.84,4.11,False,0.0,False
2023-11-27,2023-11-28,0,Overnight,0.0,False,-19.55,-19.55,45.72,False,0.0,False
2023-11-28,2023-11-29,0,Overnight,0.0,False,63.87,63.87,-73.61,False,0.0,False
2023-11-29,2023-11-30,0,Overnight,0.0,False,6.92,6.92,-32.1,False,0.0,False
2023-11-30,2023-12-01,0,Overnight,0.0,False,-27.81,-27.81,56.32,False,0.0,False
2023-12-01,2023-12-04,2,Weekend,48.0,False,-99.22,-99.22,5.96,False,0.0,False
2023-12-04,2023-12-05,0,Overnight,0.0,False,-50.08,-50.08,75.16,False,0.0,False
2023-12-05,2023-12-06,0,Overnight,0.0,False,76.65,76.65,-134.66,False,0.0,False
2023-12-06,2023-12-07,0,Overnight,0.0,False,78.13,78.13,60.63,False,0.0,False
2023-12-07,2023-12-08,0,Overnight,0.0,False,-45.18,-45.18,89.65,False,0.0,False
2023-12-08,2023-12-11,2,Weekend,48.0,False,-10.97,-10.97,96.03,False,0.0,False
2023-12-11,2023-12-12,0,Overnight,0.0,False,1.01,1.01,78.32,False,0.0,False
2023-12-12,2023-12-13,0,Overnight,0.0,False,23.8,23.8,102.57,False,0.0,False
2023-12-13,2023-12-14,0,Overnight,0.0,False,30.67,30.67,-39.34,False,0.0,False
2023-12-14,2023-12-15,0,Overnight,0.0,False,19.56,19.56,28.66,False,0.0,False
2023-12-15,2023-12-18,2,Weekend,48.0,False,-10.12,9.81,52.95,True,19.93,False
2023-12-18,2023-12-19,0,Overnight,0.0,False,11.29,11.29,39.67,False,0.0,False
2023-12-19,2023-12-20,0,Overnight,0.0,False,-19.82,-19.82,-129.9,False,0.0,False
2023-12-20,2023-12-21,0,Overnight,0.0,False,98.26,98.26,17.43,False,0.0,False
2023-12-21,2023-12-22,0,Overnight,0.0,False,30.12,30.12,-15.17,False,0.0,False
2023-12-22,2023-12-26,3,Long,72.0,False,21.28,21.28,39.75,False,0.0,False
2023-12-26,2023-12-27,0,Overnight,0.0,False,1.7,6.96,13.37,True,5.26,False
2023-12-27,2023-12-28,0,Overnight,0.0,False,28.39,28.39,-33.25,False,0.0,False
2023-12-28,2023-12-29,0,Overnight,0.0,False,-0.49,-0.49,-42.89,False,0.0,False
2023-12-29,2024-01-02,3,Long,72.0,False,-90.27,-90.27,-80.4,False,0.0,False
2024-01-02,2024-01-03,0,Overnight,0.0,False,-66.29,-66.29,-40.09,False,0.0,False
2024-01-03,2024-01-04,0,Overnight,0.0,False,-47.56,-47.56,-4.04,False,0.0,False
2024-01-04,2024-01-05,0,Overnight,0.0,False,4.29,4.29,7.56,False,0.0,False
2024-01-05,2024-01-08,2,Weekend,48.0,False,31.2,31.2,173.37,False,0.0,False
2024-01-08,2024-01-09,0,Overnight,0.0,False,-75.35,-75.35,95.09,False,0.0,False
2024-01-09,2024-01-10,0,Overnight,0.0,False,7.88,7.88,59.66,False,0.0,False
2024-01-10,2024-01-11,0,Overnight,0.0,False,31.53,31.53,-10.74,False,0.0,False
2024-01-11,2024-01-12,0,Overnight,0.0,False,25.62,25.62,-20.49,False,0.0,False
2024-01-12,2024-01-16,3,Long,72.0,False,-30.57,-30.57,29.59,False,0.0,False
2024-01-16,2024-01-17,0,Overnight,0.0,False,-82.14,-82.14,25.57,False,0.0,False
2024-01-17,2024-01-18,0,Overnight,0.0,False,80.96,80.96,59.99,False,0.0,False
2024-01-18,2024-01-19,0,Overnight,0.0,False,53.85,53.85,142.52,False,0.0,False
2024-01-19,2024-01-22,2,Weekend,48.0,False,52.81,52.81,-39.76,False,0.0,False
2024-01-22,2024-01-23,0,Overnight,0.0,False,16.58,16.58,24.83,False,0.0,False
2024-01-23,2024-01-24,0,Overnight,0.0,False,93.08,93.08,-37.74,False,0.0,False
2024-01-24,2024-01-25,0,Overnight,0.0,False,59.24,59.24,-47.03,False,0.0,False
2024-01-25,2024-01-26,0,Overnight,0.0,False,-44.9,-44.9,-14.85,False,0.0,False
2024-01-26,2024-01-29,2,Weekend,48.0,False,10.85,10.85,91.04,False,0.0,False
2024-01-29,2024-01-30,0,Overnight,0.0,False,-24.55,-24.55,-42.23,False,0.0,False
2024-01-30,2024-01-31,0,Overnight,0.0,False,-105.18,-105.18,-92.62,False,0.0,False
2024-01-31,2024-02-01,0,Overnight,0.0,False,43.55,43.55,73.51,False,0.0,False
2024-02-01,2024-02-02,0,Overnight,0.0,False,45.41,45.41,122.19,False,0.0,False
2024-02-02,2024-02-05,2,Weekend,48.0,False,1.4,1.4,-14.46,False,0.0,False
2024-02-05,2024-02-06,0,Overnight,0.0,False,27.04,27.04,-47.13,False,0.0,False
2024-02-06,2024-02-07,0,Overnight,0.0,False,65.73,65.73,36.64,False,0.0,False
2024-02-07,2024-02-08,0,Overnight,0.0,False,2.78,2.78,15.72,False,0.0,False
2024-02-08,2024-02-09,0,Overnight,0.0,False,26.54,26.54,71.41,False,0.0,False
2024-02-09,2024-02-12,2,Weekend,48.0,False,-2.52,-2.52,-36.69,False,0.0,False
2024-02-12,2024-02-13,0,Overnight,0.0,False,-186.88,-186.88,29.68,False,0.0,False
2024-02-13,2024-02-14,0,Overnight,0.0,False,63.04,63.04,45.35,False,0.0,False
2024-02-14,2024-02-15,0,Overnight,0.0,False,16.15,16.15,13.59,False,0.0,False
2024-02-15,2024-02-16,0,Overnight,0.0,False,8.74,8.74,-99.83,False,0.0,False
2024-02-16,2024-02-20,3,Long,72.0,False,-47.03,-47.03,-28.74,False,0.0,False
2024-02-20,2024-02-21,0,Overnight,0.0,False,-65.03,-65.03,24.94,False,0.0,False
2024-02-21,2024-02-22,0,Overnight,0.0,False,206.5,206.5,82.06,False,0.0,False
2024-02-22,2024-02-23,0,Overnight,0.0,False,36.0,36.0,-65.49,False,0.0,False
2024-02-23,2024-02-26,2,Weekend,48.0,False,18.76,18.76,-24.02,False,0.0,False
2024-02-26,2024-02-27,0,Overnight,0.0,False,25.62,25.62,-1.6,False,0.0,False
2024-02-27,2024-02-28,0,Overnight,0.0,False,-49.71,-49.71,-3.68,False,0.0,False
2024-02-28,2024-02-29,0,Overnight,0.0,False,67.77,67.77,17.56,False,0.0,False
2024-02-29,2024-03-01,0,Overnight,0.0,False,20.48,20.48,128.97,False,0.0,False
2024-03-01,2024-03-04,2,Weekend,48.0,False,0.0,0.0,-35.75,False,0.0,False
2024-03-04,2024-03-05,0,Overnight,0.0,False,-69.61,-69.61,-111.52,False,0.0,False
2024-03-05,2024-03-06,0,Overnight,0.0,False,97.45,97.45,-34.81,False,0.0,False
2024-03-06,2024-03-07,0,Overnight,0.0,False,82.39,82.39,68.25,False,0.0,False
2024-03-07,2024-03-08,0,Overnight,0.0,False,8.08,8.08,-153.48,False,0.0,False
2024-03-08,2024-03-11,2,Weekend,47.0,False,-34.45,-34.45,-2.74,False,0.0,False
2024-03-11,2024-03-12,0,Overnight,0.0,False,53.36,53.36,88.98,False,0.0,False
2024-03-12,2024-03-13,0,Overnight,0.0,False,-22.79,-22.79,-54.37,False,0.0,False
2024-03-13,2024-03-14,0,Overnight,0.0,False,28.35,28.35,-53.6,False,0.0,False
2024-03-14,2024-03-15,0,Overnight,0.0,False,-70.16,-70.16,-49.43,False,0.0,False
2024-03-15,2024-03-18,2,Weekend,48.0,False,110.24,123.29,-28.53,True,13.21,False
2024-03-18,2024-03-19,0,Overnight,0.0,False,-46.51,-46.51,71.39,False,0.0,False
2024-03-19,2024-03-20,0,Overnight,0.0,False,27.55,27.55,90.32,False,0.0,False
2024-03-20,2024-03-21,0,Overnight,0.0,False,114.49,114.49,-67.28,False,0.0,False
2024-03-21,2024-03-22,0,Overnight,0.0,False,-11.67,-11.67,23.1,False,0.0,False
2024-03-22,2024-03-25,2,Weekend,48.0,False,-63.6,-63.6,27.24,False,0.0,False
2024-03-25,2024-03-26,0,Overnight,0.0,False,34.57,34.57,-66.99,False,0.0,False
2024-03-26,2024-03-27,0,Overnight,0.0,False,70.13,70.13,-36.13,False,0.0,False
2024-03-27,2024-03-28,0,Overnight,0.0,False,-1.12,-1.12,-17.33,False,0.0,False
2024-03-28,2024-04-01,3,Long,72.0,False,21.6,21.6,-0.45,False,0.0,False
2024-04-01,2024-04-02,0,Overnight,0.0,False,-110.05,-110.05,23.38,False,0.0,False
2024-04-02,2024-04-03,0,Overnight,0.0,False,-48.86,-48.86,71.28,False,0.0,False
2024-04-03,2024-04-04,0,Overnight,0.0,False,95.22,95.22,-249.31,False,0.0,False
2024-04-04,2024-04-05,0,Overnight,0.0,False,33.02,33.02,84.13,False,0.0,False
2024-04-05,2024-04-08,2,Weekend,48.0,False,21.32,21.32,-18.37,False,0.0,False
2024-04-08,2024-04-09,0,Overnight,0.0,False,53.42,53.42,-16.49,False,0.0,False
2024-04-09,2024-04-10,0,Overnight,0.0,False,-118.97,-118.97,31.3,False,0.0,False
2024-04-10,2024-04-11,0,Overnight,0.0,False,43.02,43.02,115.4,False,0.0,False
2024-04-11,2024-04-12,0,Overnight,0.0,False,-96.34,-96.34,-64.36,False,0.0,False
2024-04-12,2024-04-15,2,Weekend,48.0,False,86.1,86.1,-251.98,False,0.0,False
2024-04-15,2024-04-16,0,Overnight,0.0,False,-3.71,-3.71,4.64,False,0.0,False
2024-04-16,2024-04-17,0,Overnight,0.0,False,46.29,46.29,-169.05,False,0.0,False
2024-04-17,2024-04-18,0,Overnight,0.0,False,15.25,15.25,-72.48,False,0.0,False
2024-04-18,2024-04-19,0,Overnight,0.0,False,-28.14,-28.14,-180.92,False,0.0,False
2024-04-19,2024-04-22,2,Weekend,48.0,False,63.95,63.95,36.12,False,0.0,False
2024-04-22,2024-04-23,0,Overnight,0.0,False,46.45,46.45,101.68,False,0.0,False
2024-04-23,2024-04-24,0,Overnight,0.0,False,73.37,73.37,-39.55,False,0.0,False
2024-04-24,2024-04-25,0,Overnight,0.0,False,-171.92,-171.92,123.51,False,0.0,False
2024-04-25,2024-04-26,0,Overnight,0.0,False,74.41,74.41,78.73,False,0.0,False
2024-04-26,2024-04-29,2,Weekend,48.0,False,49.3,49.3,-8.78,False,0.0,False
2024-04-29,2024-04-30,0,Overnight,0.0,False,-37.04,-37.04,-153.32,False,0.0,False
2024-04-30,2024-05-01,0,Overnight,0.0,False,-33.97,-33.97,-38.6,False,0.0,False
2024-05-01,2024-05-02,0,Overnight,0.0,False,89.28,89.28,37.55,False,0.0,False
2024-05-02,2024-05-03,0,Overnight,0.0,False,175.08,175.08,23.91,False,0.0,False
2024-05-03,2024-05-06,2,Weekend,48.0,False,41.71,41.71,67.23,False,0.0,False
2024-05-06,2024-05-07,0,Overnight,0.0,False,10.22,10.22,-8.63,False,0.0,False
2024-05-07,2024-05-08,0,Overnight,0.0,False,-60.37,-60.37,54.46,False,0.0,False
2024-05-08,2024-05-09,0,Overnight,0.0,False,6.13,6.13,15.66,False,0.0,False
2024-05-09,2024-05-10,0,Overnight,0.0,False,34.41,34.41,-10.85,False,0.0,False
2024-05-10,2024-05-13,2,Weekend,48.0,False,43.56,43.56,-20.52,False,0.0,False
2024-05-13,2024-05-14,0,Overnight,0.0,False,-9.71,-9.71,73.83,False,0.0,False
2024-05-14,2024-05-15,0,Overnight,0.0,False,55.91,55.91,99.19,False,0.0,False
2024-05-15,2024-05-16,0,Overnight,0.0,False,-4.2,-4.2,-16.14,False,0.0,False
2024-05-16,2024-05-17,0,Overnight,0.0,False,2.88,2.88,-7.74,False,0.0,False
2024-05-17,2024-05-20,2,Weekend,48.0,False,4.87,4.87,64.62,False,0.0,False
2024-05-20,2024-05-21,0,Overnight,0.0,False,-41.19,-41.19,60.74,False,0.0,False
2024-05-21,2024-05-22,0,Overnight,0.0,False,5.7,5.7,-7.68,False,0.0,False
2024-05-22,2024-05-23,0,Overnight,0.0,False,105.65,105.65,-150.73,False,0.0,False
2024-05-23,2024-05-24,0,Overnight,0.0,False,35.87,35.87,58.25,False,0.0,False
2024-05-24,2024-05-28,3,Long,72.0,False,26.82,26.82,10.88,False,0.0,False
2024-05-28,2024-05-29,0,Overnight,0.0,False,-91.79,-91.79,21.05,False,0.0,False
2024-05-29,2024-05-30,0,Overnight,0.0,False,-20.62,-20.62,-87.1,False,0.0,False
2024-05-30,2024-05-31,0,Overnight,0.0,False,5.09,5.09,-23.71,False,0.0,False
2024-05-31,2024-06-03,2,Weekend,48.0,False,85.28,85.28,-31.73,False,0.0,False
2024-06-03,2024-06-04,0,Overnight,0.0,False,-5.74,-5.74,33.07,False,0.0,False
2024-06-04,2024-06-05,0,Overnight,0.0,False,79.14,79.14,120.46,False,0.0,False
2024-06-05,2024-06-06,0,Overnight,0.0,False,14.87,14.87,-18.33,False,0.0,False
2024-06-06,2024-06-07,0,Overnight,0.0,False,-7.99,-7.99,-0.86,False,0.0,False
2024-06-07,2024-06-10,2,Weekend,48.0,False,-24.65,-24.65,64.96,False,0.0,False
2024-06-10,2024-06-11,0,Overnight,0.0,False,-27.79,-27.79,96.18,False,0.0,False
2024-06-11,2024-06-12,0,Overnight,0.0,False,84.47,84.47,45.66,False,0.0,False
2024-06-12,2024-06-13,0,Overnight,0.0,False,75.01,75.01,-20.95,False,0.0,False
2024-06-13,2024-06-14,0,Overnight,0.0,False,-4.2,-4.2,55.88,False,0.0,False
2024-06-14,2024-06-17,2,Weekend,48.0,False,5.63,5.63,116.12,False,0.0,False
2024-06-17,2024-06-18,0,Overnight,0.0,False,-1.03,-1.03,4.12,False,0.0,False
2024-06-18,2024-06-20,1,Short,24.0,False,24.91,24.91,-102.29,False,0.0,False
2024-06-20,2024-06-21,0,Overnight,0.0,False,-5.82,-5.82,-21.01,False,0.0,False
2024-06-21,2024-06-24,2,Weekend,48.0,False,-41.74,-25.82,-88.64,True,15.87,False
2024-06-24,2024-06-25,0,Overnight,0.0,False,44.42,44.42,69.29,False,0.0,False
2024-06-25,2024-06-26,0,Overnight,0.0,False,-17.33,-17.33,37.96,False,0.0,False
2024-06-26,2024-06-27,0,Overnight,0.0,False,-5.21,-5.21,30.99,False,0.0,False
2024-06-27,2024-06-28,0,Overnight,0.0,False,16.6,16.6,-68.64,False,0.0,False
2024-06-28,2024-07-01,2,Weekend,48.0,False,19.39,19.39,39.09,False,0.0,False
2024-07-01,2024-07-02,0,Overnight,0.0,False,-31.38,-31.38,135.83,False,0.0,False
2024-07-02,2024-07-03,0,Overnight,0.0,False,-15.62,-15.62,98.64,False,0.0,False
2024-07-03,2024-07-05,1,Short,24.0,True,17.3,17.3,86.43,False,0.0,False
2024-07-05,2024-07-08,2,Weekend,48.0,False,7.45,7.45,16.3,False,0.0,False
2024-07-08,2024-07-09,0,Overnight,0.0,False,30.72,30.72,-22.07,False,0.0,False
2024-07-09,2024-07-10,0,Overnight,0.0,False,38.9,38.9,64.83,False,0.0,False
2024-07-10,2024-07-11,0,Overnight,0.0,False,2.19,2.19,-223.93,False,0.0,False
2024-07-11,2024-07-12,0,Overnight,0.0,False,11.78,11.78,46.79,False,0.0,False
2024-07-12,2024-07-15,2,Weekend,48.0,False,36.11,36.11,-9.27,False,0.0,False
2024-07-15,2024-07-16,0,Overnight,0.0,False,29.58,29.58,-25.76,False,0.0,False
2024-07-16,2024-07-17,0,Overnight,0.0,False,-163.72,-163.72,-134.22,False,0.0,False
2024-07-17,2024-07-18,0,Overnight,0.0,False,77.74,77.74,-125.18,False,0.0,False
2024-07-18,2024-07-19,0,Overnight,0.0,False,-7.09,-7.09,-81.94,False,0.0,False
2024-07-19,2024-07-22,2,Weekend,48.0,False,123.8,123.8,24.08,False,0.0,False
2024-07-22,2024-07-23,0,Overnight,0.0,False,-18.89,-18.89,-16.42,False,0.0,False
2024-07-23,2024-07-24,0,Overnight,0.0,False,-142.49,-142.49,-222.8,False,0.0,False
2024-07-24,2024-07-25,0,Overnight,0.0,False,7.33,7.33,-118.22,False,0.0,False
2024-07-25,2024-07-26,0,Overnight,0.0,False,95.12,95.12,6.91,False,0.0,False
2024-07-26,2024-07-29,2,Weekend,48.0,False,59.01,59.01,-38.94,False,0.0,False
2024-07-29,2024-07-30,0,Overnight,0.0,False,41.95,41.95,-180.21,False,0.0,False
2024-07-30,2024-07-31,0,Overnight,0.0,False,223.48,223.48,68.16,False,0.0,False
2024-07-31,2024-08-01,0,Overnight,0.0,False,14.64,14.64,-259.83,False,0.0,False
2024-08-01,2024-08-02,0,Overnight,0.0,False,-192.64,-192.64,-47.58,False,0.0,False
2024-08-02,2024-08-05,2,Weekend,48.0,False,-550.59,-550.59,247.9,False,0.0,False
2024-08-05,2024-08-06,0,Overnight,0.0,False,42.63,42.63,52.47,False,0.0,False
2024-08-06,2024-08-07,0,Overnight,0.0,False,157.11,157.11,-266.0,False,0.0,False
2024-08-07,2024-08-08,0,Overnight,0.0,False,143.64,143.64,157.69,False,0.0,False
2024-08-08,2024-08-09,0,Overnight,0.0,False,-29.73,-29.73,81.82,False,0.0,False
2024-08-09,2024-08-12,2,Weekend,48.0,False,21.73,21.73,-0.22,False,0.0,False
2024-08-12,2024-08-13,0,Overnight,0.0,False,97.88,97.88,147.21,False,0.0,False
2024-08-13,2024-08-14,0,Overnight,0.0,False,20.08,20.08,-16.84,False,0.0,False
2024-08-14,2024-08-15,0,Overnight,0.0,False,129.47,129.47,120.02,False,0.0,False
2024-08-15,2024-08-16,0,Overnight,0.0,False,-38.01,-38.01,50.86,False,0.0,False
2024-08-16,2024-08-19,2,Weekend,48.0,False,2.95,2.95,127.56,False,0.0,False
2024-08-19,2024-08-20,0,Overnight,0.0,False,-19.13,-19.13,-1.87,False,0.0,False
2024-08-20,2024-08-21,0,Overnight,0.0,False,16.44,16.44,30.1,False,0.0,False
2024-08-21,2024-08-22,0,Overnight,0.0,False,48.38,48.38,-208.2,False,0.0,False
2024-08-22,2024-08-23,0,Overnight,0.0,False,92.03,92.03,15.85,False,0.0,False
2024-08-23,2024-08-26,2,Weekend,48.0,False,-11.46,-11.46,-86.09,False,0.0,False
2024-08-26,2024-08-27,0,Overnight,0.0,False,-34.77,-34.77,64.6,False,0.0,False
2024-08-27,2024-08-28,0,Overnight,0.0,False,-9.86,-9.86,-104.26,False,0.0,False
2024-08-28,2024-08-29,0,Overnight,0.0,False,40.86,40.86,-55.51,False,0.0,False
2024-08-29,2024-08-30,0,Overnight,0.0,False,92.63,92.63,25.86,False,0.0,False
2024-08-30,2024-09-03,3,Long,72.0,False,-64.67,-64.67,-243.65,False,0.0,False
2024-09-03,2024-09-04,0,Overnight,0.0,False,-68.23,-68.23,42.21,False,0.0,False
2024-09-04,2024-09-05,0,Overnight,0.0,False,-35.67,-35.67,45.0,False,0.0,False
2024-09-05,2024-09-06,0,Overnight,0.0,False,-15.41,-15.41,-256.11,False,0.0,False
2024-09-06,2024-09-09,2,Weekend,48.0,False,96.92,96.92,30.85,False,0.0,False
2024-09-09,2024-09-10,0,Overnight,0.0,False,39.09,39.09,52.9,False,0.0,False
2024-09-10,2024-09-11,0,Overnight,0.0,False,27.22,27.22,187.61,False,0.0,False
2024-09-11,2024-09-12,0,Overnight,0.0,False,0.64,0.64,97.04,False,0.0,False
2024-09-12,2024-09-13,0,Overnight,0.0,False,-15.65,-15.65,60.35,False,0.0,False
2024-09-13,2024-09-16,2,Weekend,48.0,False,-45.33,-45.33,1.06,False,0.0,False
2024-09-16,2024-09-17,0,Overnight,0.0,False,64.24,64.24,-58.96,False,0.0,False
2024-09-17,2024-09-18,0,Overnight,0.0,False,25.52,25.52,-68.91,False,0.0,False
2024-09-18,2024-09-19,0,Overnight,0.0,False,234.17,234.17,15.53,False,0.0,False
2024-09-19,2024-09-20,0,Overnight,0.0,False,-18.02,-18.02,-1.04,False,0.0,False
2024-09-20,2024-09-23,2,Weekend,48.0,False,10.57,24.57,1.86,True,14.03,False
2024-09-23,2024-09-24,0,Overnight,0.0,False,29.35,29.35,18.77,False,0.0,False
2024-09-24,2024-09-25,0,Overnight,0.0,False,-12.99,-12.99,22.26,False,0.0,False
2024-09-25,2024-09-26,0,Overnight,0.0,False,154.21,154.21,-79.36,False,0.0,False
2024-09-26,2024-09-27,0,Overnight,0.0,False,21.02,21.02,-76.75,False,0.0,False
2024-09-27,2024-09-30,2,Weekend,48.0,False,-19.95,-19.95,47.03,False,0.0,False
2024-09-30,2024-10-01,0,Overnight,0.0,False,-7.58,-7.58,-132.72,False,0.0,False
2024-10-01,2024-10-02,0,Overnight,0.0,False,-18.93,-18.93,33.05,False,0.0,False
2024-10-02,2024-10-03,0,Overnight,0.0,False,-45.96,-45.96,38.49,False,0.0,False
2024-10-03,2024-10-04,0,Overnight,0.0,False,120.95,120.95,-2.67,False,0.0,False
2024-10-04,2024-10-07,2,Weekend,48.0,False,-39.68,-39.68,-68.01,False,0.0,False
2024-10-07,2024-10-08,0,Overnight,0.0,False,52.96,52.96,95.28,False,0.0,False
2024-10-08,2024-10-09,0,Overnight,0.0,False,-6.13,-6.13,84.51,False,0.0,False
2024-10-09,2024-10-10,0,Overnight,0.0,False,-46.75,-46.75,35.39,False,0.0,False
2024-10-10,2024-10-11,0,Overnight,0.0,False,-37.63,-37.63,53.25,False,0.0,False
2024-10-11,2024-10-14,2,Weekend,48.0,False,48.73,48.73,34.83,False,0.0,False
2024-10-14,2024-10-15,0,Overnight,0.0,False,6.63,6.63,-141.2,False,0.0,False
2024-10-15,2024-10-16,0,Overnight,0.0,False,6.72,6.72,-5.5,False,0.0,False
2024-10-16,2024-10-17,0,Overnight,0.0,False,112.02,112.02,-105.09,False,0.0,False
2024-10-17,2024-10-18,0,Overnight,0.0,False,57.04,57.04,8.3,False,0.0,False
2024-10-18,2024-10-21,2,Weekend,48.0,False,-24.7,-24.7,43.9,False,0.0,False
2024-10-21,2024-10-22,0,Overnight,0.0,False,-54.45,-54.45,65.34,False,0.0,False
2024-10-22,2024-10-23,0,Overnight,0.0,False,-47.9,-47.9,-106.52,False,0.0,False
2024-10-23,2024-10-24,0,Overnight,0.0,False,76.49,76.49,4.27,False,0.0,False
2024-10-24,2024-10-25,0,Overnight,0.0,False,57.12,57.12,3.63,False,0.0,False
2024-10-25,2024-10-28,2,Weekend,48.0,False,63.19,63.19,-61.58,False,0.0,False
2024-10-28,2024-10-29,0,Overnight,0.0,False,6.46,6.46,89.17,False,0.0,False
2024-10-29,2024-10-30,0,Overnight,0.0,False,-15.41,-15.41,-60.46,False,0.0,False
2024-10-30,2024-10-31,0,Overnight,0.0,False,-80.91,-80.91,-174.76,False,0.0,False
2024-10-31,2024-11-01,0,Overnight,0.0,False,34.04,34.04,39.67,False,0.0,False
2024-11-01,2024-11-04,2,Weekend,49.0,False,-12.52,-12.52,-16.65,False,0.0,False
2024-11-04,2024-11-05,0,Overnight,0.0,False,32.87,32.87,93.9,False,0.0,False
2024-11-05,2024-11-06,0,Overnight,0.0,False,168.22,168.22,99.79,False,0.0,False
2024-11-06,2024-11-07,0,Overnight,0.0,False,55.62,55.62,100.59,False,0.0,False
2024-11-07,2024-11-08,0,Overnight,0.0,False,-9.74,-9.74,21.42,False,0.0,False
2024-11-08,2024-11-11,2,Weekend,48.0,False,23.89,23.89,-29.73,False,0.0,False
2024-11-11,2024-11-12,0,Overnight,0.0,False,-1.36,-1.36,-16.75,False,0.0,False
2024-11-12,2024-11-13,0,Overnight,0.0,False,-9.95,-9.95,-2.93,False,0.0,False
2024-11-13,2024-11-14,0,Overnight,0.0,False,-6.64,-6.64,-63.1,False,0.0,False
2024-11-14,2024-11-15,0,Overnight,0.0,False,-113.68,-113.68,-127.46,False,0.0,False
2024-11-15,2024-11-18,2,Weekend,48.0,False,31.37,31.37,37.87,False,0.0,False
2024-11-18,2024-11-19,0,Overnight,0.0,False,-52.13,-52.13,120.69,False,0.0,False
2024-11-19,2024-11-20,0,Overnight,0.0,False,-5.96,-5.96,0.2,False,0.0,False
2024-11-20,2024-11-21,0,Overnight,0.0,False,60.83,60.83,-24.92,False,0.0,False
2024-11-21,2024-11-22,0,Overnight,0.0,False,-11.1,-11.1,27.12,False,0.0,False
2024-11-22,2024-11-25,2,Weekend,48.0,False,80.93,80.93,-65.13,False,0.0,False
2024-11-25,2024-11-26,0,Overnight,0.0,False,29.37,29.37,24.18,False,0.0,False
2024-11-26,2024-11-27,0,Overnight,0.0,False,-22.41,-22.41,-56.64,False,0.0,False
2024-11-27,2024-11-29,1,Short,24.0,False,12.46,12.46,75.02,False,0.0,False
2024-11-29,2024-12-02,2,Weekend,48.0,True,24.88,24.88,83.41,False,0.0,False
2024-12-02,2024-12-03,0,Overnight,0.0,False,-26.04,-26.04,56.65,False,0.0,False
2024-12-03,2024-12-04,0,Overnight,0.0,False,66.53,66.53,56.34,False,0.0,False
2024-12-04,2024-12-05,0,Overnight,0.0,False,0.96,0.96,-28.7,False,0.0,False
2024-12-05,2024-12-06,0,Overnight,0.0,False,12.83,12.83,76.27,False,0.0,False
2024-12-06,2024-12-09,2,Weekend,48.0,False,-17.68,-17.68,-60.5,False,0.0,False
2024-12-09,2024-12-10,0,Overnight,0.0,False,23.71,23.71,-57.84,False,0.0,False
2024-12-10,2024-12-11,0,Overnight,0.0,False,84.16,84.16,93.28,False,0.0,False
2024-12-11,2024-12-12,0,Overnight,0.0,False,-42.36,-42.36,-22.39,False,0.0,False
2024-12-12,2024-12-13,0,Overnight,0.0,False,74.93,74.93,1.32,False,0.0,False
2024-12-13,2024-12-16,2,Weekend,48.0,False,47.95,47.95,95.03,False,0.0,False
2024-12-16,2024-12-17,0,Overnight,0.0,False,-33.69,-33.69,-10.45,False,0.0,False
2024-12-17,2024-12-18,0,Overnight,0.0,False,-12.14,-12.14,-355.3,False,0.0,False
2024-12-18,2024-12-19,0,Overnight,0.0,False,90.98,90.98,-135.61,False,0.0,False
2024-12-19,2024-12-20,0,Overnight,0.0,False,-72.81,-72.81,159.75,False,0.0,False
2024-12-20,2024-12-23,2,Weekend,48.0,False,17.15,33.2,63.7,True,16.1,False
2024-12-23,2024-12-24,0,Overnight,0.0,False,37.42,37.42,97.27,False,0.0,False
2024-12-24,2024-12-26,1,Short,24.0,True,-30.99,-30.99,24.2,False,0.0,False
2024-12-26,2024-12-27,0,Overnight,0.0,False,-68.02,-68.02,-65.8,False,0.0,False
2024-12-27,2024-12-30,2,Weekend,48.0,False,-135.83,-135.83,1.94,False,0.0,False
2024-12-30,2024-12-31,0,Overnight,0.0,False,24.99,24.99,-110.3,False,0.0,False
2024-12-31,2025-01-02,1,Short,24.0,False,59.87,59.87,-79.45,False,0.0,False
2025-01-02,2025-01-03,0,Overnight,0.0,False,60.96,60.96,101.37,False,0.0,False
2025-01-03,2025-01-06,2,Weekend,48.0,False,104.36,104.36,9.92,False,0.0,False
2025-01-06,2025-01-07,0,Overnight,0.0,False,20.0,20.0,-200.05,False,0.0,False
2025-01-07,2025-01-08,0,Overnight,0.0,False,-1.94,-1.94,3.69,False,0.0,False
2025-01-08,2025-01-10,1,Short,24.0,False,-73.83,-73.83,-84.23,False,0.0,False
2025-01-10,2025-01-13,2,Weekend,48.0,False,-118.8,-118.8,86.61,False,0.0,False
2025-01-13,2025-01-14,0,Overnight,0.0,False,62.7,62.7,-72.2,False,0.0,False
2025-01-14,2025-01-15,0,Overnight,0.0,False,156.18,156.18,71.28,False,0.0,False
2025-01-15,2025-01-16,0,Overnight,0.0,False,44.03,44.03,-114.33,False,0.0,False
2025-01-16,2025-01-17,0,Overnight,0.0,False,188.63,188.63,-21.25,False,0.0,False
2025-01-17,2025-01-21,3,Long,72.0,False,52.38,52.38,6.1,False,0.0,False
2025-01-21,2025-01-22,0,Overnight,0.0,False,90.48,90.48,36.57,False,0.0,False
2025-01-22,2025-01-23,0,Overnight,0.0,False,-46.58,-46.58,67.82,False,0.0,False
2025-01-23,2025-01-24,0,Overnight,0.0,False,7.13,7.13,-63.8,False,0.0,False
2025-01-24,2025-01-27,2,Weekend,48.0,False,-358.09,-358.09,62.62,False,0.0,False
2025-01-27,2025-01-28,0,Overnight,0.0,False,19.62,19.62,127.1,False,0.0,False
2025-01-28,2025-01-29,0,Overnight,0.0,False,12.45,12.45,-31.25,False,0.0,False
2025-01-29,2025-01-30,0,Overnight,0.0,False,55.14,55.14,-12.61,False,0.0,False
2025-01-30,2025-01-31,0,Overnight,0.0,False,73.72,73.72,-88.26,False,0.0,False
2025-01-31,2025-02-03,2,Weekend,48.0,False,-170.31,-170.31,89.96,False,0.0,False
2025-02-03,2025-02-04,0,Overnight,0.0,False,10.03,10.03,111.97,False,0.0,False
2025-02-04,2025-02-05,0,Overnight,0.0,False,-50.65,-50.65,95.93,False,0.0,False
2025-02-05,2025-02-06,0,Overnight,0.0,False,9.68,9.68,42.39,False,0.0,False
2025-02-06,2025-02-07,0,Overnight,0.0,False,10.19,10.19,-137.13,False,0.0,False
2025-02-07,2025-02-10,2,Weekend,48.0,False,81.89,81.89,38.43,False,0.0,False
2025-02-10,2025-02-11,0,Overnight,0.0,False,-62.36,-62.36,38.52,False,0.0,False
2025-02-11,2025-02-12,0,Overnight,0.0,False,-108.35,-108.35,114.22,False,0.0,False
2025-02-12,2025-02-13,0,Overnight,0.0,False,31.75,31.75,111.08,False,0.0,False
2025-02-13,2025-02-14,0,Overnight,0.0,False,2.05,2.05,39.85,False,0.0,False
2025-02-14,2025-02-18,3,Long,72.0,False,29.32,29.32,-6.67,False,0.0,False
2025-02-18,2025-02-19,0,Overnight,0.0,False,-14.84,-14.84,17.62,False,0.0,False
2025-02-19,2025-02-20,0,Overnight,0.0,False,-14.65,-14.65,-27.88,False,0.0,False
2025-02-20,2025-02-21,0,Overnight,0.0,False,21.38,21.38,-231.11,False,0.0,False
2025-02-21,2025-02-24,2,Weekend,48.0,False,34.16,34.16,-152.9,False,0.0,False
2025-02-24,2025-02-25,0,Overnight,0.0,False,-12.13,-12.13,-114.67,False,0.0,False
2025-02-25,2025-02-26,0,Overnight,0.0,False,42.96,42.96,-18.83,False,0.0,False
2025-02-26,2025-02-27,0,Overnight,0.0,False,69.14,69.14,-350.78,False,0.0,False
2025-02-27,2025-02-28,0,Overnight,0.0,False,-2.8,-2.8,159.48,False,0.0,False
2025-02-28,2025-03-03,2,Weekend,48.0,False,65.71,65.71,-286.96,False,0.0,False
2025-03-03,2025-03-04,0,Overnight,0.0,False,-57.91,-57.91,27.68,False,0.0,False
2025-03-04,2025-03-05,0,Overnight,0.0,False,13.11,13.11,116.41,False,0.0,False
2025-03-05,2025-03-06,0,Overnight,0.0,False,-167.12,-167.12,-111.83,False,0.0,False
2025-03-06,2025-03-07,0,Overnight,0.0,False,-21.33,-21.33,94.59,False,0.0,False
2025-03-07,2025-03-10,2,Weekend,47.0,False,-171.04,-171.04,-224.23,False,0.0,False
2025-03-10,2025-03-11,0,Overnight,0.0,False,-8.04,-8.04,-15.89,False,0.0,False
2025-03-11,2025-03-12,0,Overnight,0.0,False,159.03,159.03,-46.86,False,0.0,False
2025-03-12,2025-03-13,0,Overnight,0.0,False,-14.06,-14.06,-167.48,False,0.0,False
2025-03-13,2025-03-14,0,Overnight,0.0,False,114.43,114.43,124.4,False,0.0,False
2025-03-14,2025-03-17,2,Weekend,48.0,False,-1.04,-1.04,65.67,False,0.0,False
2025-03-17,2025-03-18,0,Overnight,0.0,False,-69.84,-69.84,-102.1,False,0.0,False
2025-03-18,2025-03-19,0,Overnight,0.0,False,47.72,47.72,85.21,False,0.0,False
2025-03-19,2025-03-20,0,Overnight,0.0,False,-83.74,-83.74,49.78,False,0.0,False
2025-03-20,2025-03-21,0,Overnight,0.0,False,-108.67,-108.67,141.59,False,0.0,False
2025-03-21,2025-03-24,2,Weekend,48.0,False,142.48,157.15,59.69,True,14.89,False
2025-03-24,2025-03-25,0,Overnight,0.0,False,14.87,14.87,42.04,False,0.0,False
2025-03-25,2025-03-26,0,Overnight,0.0,False,-23.54,-23.54,-162.19,False,0.0,False
2025-03-26,2025-03-27,0,Overnight,0.0,False,-40.75,-40.75,-16.39,False,0.0,False
2025-03-27,2025-03-28,0,Overnight,0.0,False,-37.65,-37.65,-229.15,False,0.0,False
2025-03-28,2025-03-31,2,Weekend,48.0,False,-150.83,-150.83,150.4,False,0.0,False
2025-03-31,2025-04-01,0,Overnight,0.0,False,-34.61,-34.61,114.9,False,0.0,False
2025-04-01,2025-04-02,0,Overnight,0.0,False,-140.18,-140.18,212.9,False,0.0,False
2025-04-02,2025-04-03,0,Overnight,0.0,False,-422.76,-422.76,-127.44,False,0.0,False
2025-04-03,2025-04-04,0,Overnight,0.0,False,-281.75,-281.75,-359.47,False,0.0,False
2025-04-04,2025-04-07,2,Weekend,48.0,False,-337.08,-337.08,361.19,False,0.0,False
2025-04-07,2025-04-08,0,Overnight,0.0,False,335.82,335.82,-517.55,False,0.0,False
2025-04-08,2025-04-09,0,Overnight,0.0,False,-11.78,-11.78,1145.35,False,0.0,False
2025-04-09,2025-04-10,0,Overnight,0.0,False,-270.58,-270.58,-164.05,False,0.0,False
2025-04-10,2025-04-11,0,Overnight,0.0,False,-34.35,-34.35,216.9,False,0.0,False
2025-04-11,2025-04-14,2,Weekend,48.0,False,218.98,218.98,-151.42,False,0.0,False
2025-04-14,2025-04-15,0,Overnight,0.0,False,23.14,23.14,-12.0,False,0.0,False
2025-04-15,2025-04-16,0,Overnight,0.0,False,-197.58,-197.58,-108.6,False,0.0,False
2025-04-16,2025-04-17,0,Overnight,0.0,False,67.09,67.09,-68.89,False,0.0,False
2025-04-17,2025-04-21,3,Long,72.0,False,-133.06,-133.06,-117.52,False,0.0,False
2025-04-21,2025-04-22,0,Overnight,0.0,False,130.98,130.98,128.16,False,0.0,False
2025-04-22,2025-04-23,0,Overnight,0.0,False,303.35,303.35,-79.1,False,0.0,False
2025-04-23,2025-04-24,0,Overnight,0.0,False,42.15,42.15,235.34,False,0.0,False
2025-04-24,2025-04-25,0,Overnight,0.0,False,-8.13,-8.13,119.0,False,0.0,False
2025-04-25,2025-04-28,2,Weekend,48.0,False,9.94,9.94,-13.12,False,0.0,False
2025-04-28,2025-04-29,0,Overnight,0.0,False,-47.53,-47.53,113.36,False,0.0,False
2025-04-29,2025-04-30,0,Overnight,0.0,False,-178.22,-178.22,176.96,False,0.0,False
2025-04-30,2025-05-01,0,Overnight,0.0,False,165.61,165.61,-35.85,False,0.0,False
2025-05-01,2025-05-02,0,Overnight,0.0,False,100.39,100.39,46.96,False,0.0,False
2025-05-02,2025-05-05,2,Weekend,48.0,False,-86.91,-86.91,27.41,False,0.0,False
2025-05-05,2025-05-06,0,Overnight,0.0,False,-131.96,-131.96,38.5,False,0.0,False
2025-05-06,2025-05-07,0,Overnight,0.0,False,13.91,13.91,25.28,False,0.0,False
2025-05-07,2025-05-08,0,Overnight,0.0,False,107.63,107.63,-4.91,False,0.0,False
2025-05-08,2025-05-09,0,Overnight,0.0,False,39.24,39.24,-45.8,False,0.0,False
2025-05-09,2025-05-12,2,Weekend,48.0,False,382.37,382.37,16.95,False,0.0,False
2025-05-12,2025-05-13,0,Overnight,0.0,False,25.76,25.76,125.5,False,0.0,False
2025-05-13,2025-05-14,0,Overnight,0.0,False,22.86,22.86,36.89,False,0.0,False
2025-05-14,2025-05-15,0,Overnight,0.0,False,-41.73,-41.73,52.71,False,0.0,False
2025-05-15,2025-05-16,0,Overnight,0.0,False,27.12,27.12,16.31,False,0.0,False
2025-05-16,2025-05-19,2,Weekend,48.0,False,-140.38,-140.38,149.97,False,0.0,False
2025-05-19,2025-05-20,0,Overnight,0.0,False,-48.78,-48.78,15.39,False,0.0,False
2025-05-20,2025-05-21,0,Overnight,0.0,False,-77.18,-77.18,-62.76,False,0.0,False
2025-05-21,2025-05-22,0,Overnight,0.0,False,12.08,12.08,6.62,False,0.0,False
2025-05-22,2025-05-23,0,Overnight,0.0,False,-153.31,-153.31,60.27,False,0.0,False
2025-05-23,2025-05-27,3,Long,72.0,False,134.78,134.78,97.75,False,0.0,False
2025-05-27,2025-05-28,0,Overnight,0.0,False,18.4,18.4,-62.82,False,0.0,False
2025-05-28,2025-05-29,0,Overnight,0.0,False,141.98,141.98,-122.34,False,0.0,False
2025-05-29,2025-05-30,0,Overnight,0.0,False,-9.43,-9.43,-6.36,False,0.0,False
2025-05-30,2025-06-02,2,Weekend,48.0,False,-36.09,-36.09,114.76,False,0.0,False
2025-06-02,2025-06-03,0,Overnight,0.0,False,6.69,6.69,71.18,False,0.0,False
2025-06-03,2025-06-04,0,Overnight,0.0,False,13.46,13.46,14.38,False,0.0,False
2025-06-04,2025-06-05,0,Overnight,0.0,False,26.63,26.63,-102.18,False,0.0,False
2025-06-05,2025-06-06,0,Overnight,0.0,False,98.79,98.79,-1.51,False,0.0,False
2025-06-06,2025-06-09,2,Weekend,48.0,False,4.15,4.15,10.56,False,0.0,False
2025-06-09,2025-06-10,0,Overnight,0.0,False,8.85,8.85,57.07,False,0.0,False
2025-06-10,2025-06-11,0,Overnight,0.0,False,26.36,26.36,-60.11,False,0.0,False
2025-06-11,2025-06-12,0,Overnight,0.0,False,-24.82,-24.82,48.27,False,0.0,False
2025-06-12,2025-06-13,0,Overnight,0.0,False,-112.69,-112.69,-13.65,False,0.0,False
2025-06-13,2025-06-16,2,Weekend,48.0,False,66.95,66.95,71.19,False,0.0,False
2025-06-16,2025-06-17,0,Overnight,0.0,False,-48.4,-48.4,-49.59,False,0.0,False
2025-06-17,2025-06-18,0,Overnight,0.0,False,19.26,19.26,-20.96,False,0.0,False
2025-06-18,2025-06-20,1,Short,24.0,False,61.63,61.63,-102.54,False,0.0,False
2025-06-20,2025-06-23,2,Weekend,48.0,False,-0.38,10.83,91.45,True,11.22,False
2025-06-23,2025-06-24,0,Overnight,0.0,False,98.08,98.08,53.68,False,0.0,False
2025-06-24,2025-06-25,0,Overnight,0.0,False,42.15,42.15,-16.62,False,0.0,False
2025-06-25,2025-06-26,0,Overnight,0.0,False,40.39,40.39,52.68,False,0.0,False
2025-06-26,2025-06-27,0,Overnight,0.0,False,19.02,19.02,15.16,False,0.0,False
2025-06-27,2025-06-30,2,Weekend,48.0,False,57.67,57.67,6.89,False,0.0,False
2025-06-30,2025-07-01,0,Overnight,0.0,False,-34.68,-34.68,-49.97,False,0.0,False
2025-07-01,2025-07-02,0,Overnight,0.0,False,-15.19,-15.19,84.6,False,0.0,False
2025-07-02,2025-07-03,0,Overnight,0.0,False,43.12,43.12,54.8,False,0.0,False
2025-07-03,2025-07-07,3,Long,72.0,True,-48.66,-48.66,-26.95,False,0.0,False
2025-07-07,2025-07-08,0,Overnight,0.0,False,24.42,24.42,-18.81,False,0.0,False
2025-07-08,2025-07-09,0,Overnight,0.0,False,38.67,38.67,31.87,False,0.0,False
2025-07-09,2025-07-10,0,Overnight,0.0,False,11.5,11.5,-25.89,False,0.0,False
2025-07-10,2025-07-11,0,Overnight,0.0,False,-38.78,-38.78,16.25,False,0.0,False
2025-07-11,2025-07-14,2,Weekend,48.0,False,-3.79,-3.79,39.99,False,0.0,False
2025-07-14,2025-07-15,0,Overnight,0.0,False,72.37,72.37,-63.21,False,0.0,False
2025-07-15,2025-07-16,0,Overnight,0.0,False,10.05,10.05,0.18,False,0.0,False
2025-07-16,2025-07-17,0,Overnight,0.0,False,13.09,13.09,67.51,False,0.0,False
2025-07-17,2025-07-18,0,Overnight,0.0,False,23.47,23.47,-33.08,False,0.0,False
2025-07-18,2025-07-21,2,Weekend,48.0,False,14.78,14.78,36.94,False,0.0,False
2025-07-21,2025-07-22,0,Overnight,0.0,False,2.3,2.3,-54.2,False,0.0,False
2025-07-22,2025-07-23,0,Overnight,0.0,False,19.4,19.4,26.11,False,0.0,False
2025-07-23,2025-07-24,0,Overnight,0.0,False,23.38,23.38,-2.12,False,0.0,False
2025-07-24,2025-07-25,0,Overnight,0.0,False,-1.42,-1.42,25.46,False,0.0,False
2025-07-25,2025-07-28,2,Weekend,48.0,False,24.16,24.16,7.04,False,0.0,False
2025-07-28,2025-07-29,0,Overnight,0.0,False,46.01,46.01,-61.51,False,0.0,False
2025-07-29,2025-07-30,0,Overnight,0.0,False,16.2,16.2,-2.82,False,0.0,False
2025-07-30,2025-07-31,0,Overnight,0.0,False,114.13,114.13,-167.26,False,0.0,False
2025-07-31,2025-08-01,0,Overnight,0.0,False,-109.98,-109.98,-88.97,False,0.0,False
2025-08-01,2025-08-04,2,Weekend,48.0,False,92.91,92.91,89.93,False,0.0,False
2025-08-04,2025-08-05,0,Overnight,0.0,False,22.84,22.84,-90.97,False,0.0,False
2025-08-05,2025-08-06,0,Overnight,0.0,False,14.98,14.98,110.07,False,0.0,False
2025-08-06,2025-08-07,0,Overnight,0.0,False,76.38,76.38,-42.6,False,0.0,False
2025-08-07,2025-08-08,0,Overnight,0.0,False,21.23,21.23,71.62,False,0.0,False
2025-08-08,2025-08-11,2,Weekend,48.0,False,2.44,2.44,-32.07,False,0.0,False
2025-08-11,2025-08-12,0,Overnight,0.0,False,40.24,40.24,84.66,False,0.0,False
2025-08-12,2025-08-13,0,Overnight,0.0,False,46.61,46.61,-41.61,False,0.0,False
2025-08-13,2025-08-14,0,Overnight,0.0,False,-35.56,-35.56,27.8,False,0.0,False
2025-08-14,2025-08-15,0,Overnight,0.0,False,-1.55,-1.55,-42.52,False,0.0,False
2025-08-15,2025-08-18,2,Weekend,48.0,False,-15.6,-15.6,11.62,False,0.0,False
2025-08-18,2025-08-19,0,Overnight,0.0,False,-12.48,-12.48,-124.12,False,0.0,False
2025-08-19,2025-08-20,0,Overnight,0.0,False,-16.7,-16.7,-42.85,False,0.0,False
2025-08-20,2025-08-21,0,Overnight,0.0,False,-27.43,-27.43,-18.98,False,0.0,False
2025-08-21,2025-08-22,0,Overnight,0.0,False,24.65,24.65,128.45,False,0.0,False
2025-08-22,2025-08-25,2,Weekend,48.0,False,-27.49,-27.49,-1.4,False,0.0,False
2025-08-25,2025-08-26,0,Overnight,0.0,False,-8.6,-8.6,48.67,False,0.0,False
2025-08-26,2025-08-27,0,Overnight,0.0,False,-17.83,-17.83,33.18,False,0.0,False
2025-08-27,2025-08-28,0,Overnight,0.0,False,10.81,10.81,51.6,False,0.0,False
2025-08-28,2025-08-29,0,Overnight,0.0,False,-42.02,-42.02,-74.41,False,0.0,False
2025-08-29,2025-09-02,3,Long,72.0,False,-160.65,-160.65,76.49,False,0.0,False
2025-09-02,2025-09-03,0,Overnight,0.0,False,63.62,63.62,14.75,False,0.0,False
2025-09-03,2025-09-04,0,Overnight,0.0,False,11.75,11.75,78.36,False,0.0,False
2025-09-04,2025-09-05,0,Overnight,0.0,False,91.03,91.03,-76.61,False,0.0,False
2025-09-05,2025-09-08,2,Weekend,48.0,False,40.02,40.02,8.64,False,0.0,False
2025-09-08,2025-09-09,0,Overnight,0.0,False,13.81,13.81,14.48,False,0.0,False
2025-09-09,2025-09-10,0,Overnight,0.0,False,55.49,55.49,-52.21,False,0.0,False
2025-09-10,2025-09-11,0,Overnight,0.0,False,43.64,43.64,14.39,False,0.0,False
2025-09-11,2025-09-12,0,Overnight,0.0,False,16.42,16.42,27.65,False,0.0,False
2025-09-12,2025-09-15,2,Weekend,48.0,False,30.3,30.3,54.91,False,0.0,False
2025-09-15,2025-09-16,0,Overnight,0.0,False,15.71,15.71,-24.16,False,0.0,False
2025-09-16,2025-09-17,0,Overnight,0.0,False,-1.35,-1.35,-18.63,False,0.0,False
2025-09-17,2025-09-18,0,Overnight,0.0,False,82.88,82.88,6.89,False,0.0,False
2025-09-18,2025-09-19,0,Overnight,0.0,False,33.71,33.71,33.76,False,0.0,False
2025-09-19,2025-09-22,2,Weekend,48.0,False,-26.9,-15.29,74.34,True,11.58,False
2025-09-22,2025-09-23,0,Overnight,0.0,False,2.82,2.82,-69.47,False,0.0,False
2025-09-23,2025-09-24,0,Overnight,0.0,False,23.04,23.04,-58.21,False,0.0,False
2025-09-24,2025-09-25,0,Overnight,0.0,False,-65.64,-65.64,22.43,False,0.0,False
2025-09-25,2025-09-26,0,Overnight,0.0,False,13.81,13.81,27.22,False,0.0,False
2025-09-26,2025-09-29,2,Weekend,48.0,False,52.55,52.55,-6.34,False,0.0,False
2025-09-29,2025-09-30,0,Overnight,0.0,False,-5.01,-5.01,32.37,False,0.0,False
2025-09-30,2025-10-01,0,Overnight,0.0,False,-53.44,-53.44,101.3,False,0.0,False
2025-10-01,2025-10-02,0,Overnight,0.0,False,62.96,62.96,-21.93,False,0.0,False
2025-10-02,2025-10-03,0,Overnight,0.0,False,12.87,12.87,-55.06,False,0.0,False
2025-10-03,2025-10-06,2,Weekend,48.0,False,86.99,86.99,-12.17,False,0.0,False
2025-10-06,2025-10-07,0,Overnight,0.0,False,21.53,21.53,-74.33,False,0.0,False
2025-10-07,2025-10-08,0,Overnight,0.0,False,14.88,14.88,99.11,False,0.0,False
2025-10-08,2025-10-09,0,Overnight,0.0,False,0.65,0.65,-12.76,False,0.0,False
2025-10-09,2025-10-10,0,Overnight,0.0,False,11.46,11.46,-364.77,False,0.0,False
2025-10-10,2025-10-13,2,Weekend,48.0,False,171.21,171.21,38.78,False,0.0,False
2025-10-13,2025-10-14,0,Overnight,0.0,False,-111.92,-111.92,45.08,False,0.0,False
2025-10-14,2025-10-15,0,Overnight,0.0,False,100.0,100.0,-29.68,False,0.0,False
2025-10-15,2025-10-16,0,Overnight,0.0,False,47.87,47.87,-84.97,False,0.0,False
2025-10-16,2025-10-17,0,Overnight,0.0,False,-34.06,-34.06,99.51,False,0.0,False
2025-10-17,2025-10-20,2,Weekend,48.0,False,53.01,53.01,72.21,False,0.0,False
2025-10-20,2025-10-21,0,Overnight,0.0,False,1.64,1.64,-4.25,False,0.0,False
2025-10-21,2025-10-22,0,Overnight,0.0,False,-9.16,-9.16,-87.64,False,0.0,False
2025-10-22,2025-10-23,0,Overnight,0.0,False,-9.58,-9.58,93.3,False,0.0,False
2025-10-23,2025-10-24,0,Overnight,0.0,False,88.21,88.21,18.0,False,0.0,False
2025-10-24,2025-10-27,2,Weekend,48.0,False,119.52,119.52,57.0,False,0.0,False
2025-10-27,2025-10-28,0,Overnight,0.0,False,36.08,36.08,40.53,False,0.0,False
2025-10-28,2025-10-29,0,Overnight,0.0,False,42.1,42.1,2.83,False,0.0,False
2025-10-29,2025-10-30,0,Overnight,0.0,False,-56.79,-56.79,-97.28,False,0.0,False
2025-10-30,2025-10-31,0,Overnight,0.0,False,128.87,128.87,-80.74,False,0.0,False
2025-10-31,2025-11-03,2,Weekend,49.0,False,95.56,95.56,-47.82,False,0.0,False
2025-11-03,2025-11-04,0,Overnight,0.0,False,-140.2,-140.2,-64.87,False,0.0,False
2025-11-04,2025-11-05,0,Overnight,0.0,False,-12.28,-12.28,77.15,False,0.0,False
2025-11-05,2025-11-06,0,Overnight,0.0,False,-23.94,-23.94,-164.09,False,0.0,False
2025-11-06,2025-11-07,0,Overnight,0.0,False,-55.08,-55.08,23.48,False,0.0,False
2025-11-07,2025-11-10,2,Weekend,48.0,False,149.43,149.43,69.4,False,0.0,False
2025-11-10,2025-11-11,0,Overnight,0.0,False,-42.77,-42.77,16.1,False,0.0,False
2025-11-11,2025-11-12,0,Overnight,0.0,False,52.47,52.47,-60.36,False,0.0,False
2025-11-12,2025-11-13,0,Overnight,0.0,False,-57.16,-57.16,-149.11,False,0.0,False
2025-11-13,2025-11-14,0,Overnight,0.0,False,-146.53,-146.53,154.09,False,0.0,False
2025-11-14,2025-11-17,2,Weekend,48.0,False,-42.13,-42.13,-43.64,False,0.0,False
2025-11-17,2025-11-18,0,Overnight,0.0,False,-67.15,-67.15,-55.35,False,0.0,False
2025-11-18,2025-11-19,0,Overnight,0.0,False,12.74,12.74,46.79,False,0.0,False
2025-11-19,2025-11-20,0,Overnight,0.0,False,193.98,193.98,-433.55,False,0.0,False
2025-11-20,2025-11-21,0,Overnight,0.0,False,30.69,30.69,44.16,False,0.0,False
2025-11-21,2025-11-24,2,Weekend,48.0,False,87.91,87.91,164.61,False,0.0,False
2025-11-24,2025-11-25,0,Overnight,0.0,False,-27.3,-27.3,88.75,False,0.0,False
2025-11-25,2025-11-26,0,Overnight,0.0,False,59.28,59.28,28.69,False,0.0,False
2025-11-26,2025-11-28,1,Short,24.0,False,29.91,29.91,50.84,False,0.0,False
2025-11-28,2025-12-01,2,Weekend,48.0,True,-91.17,-91.17,57.52,False,0.0,False
2025-12-01,2025-12-02,0,Overnight,0.0,False,37.04,37.04,40.92,False,0.0,False
2025-12-02,2025-12-03,0,Overnight,0.0,False,-38.34,-38.34,62.74,False,0.0,False
2025-12-03,2025-12-04,0,Overnight,0.0,False,22.59,22.59,-31.89,False,0.0,False
2025-12-04,2025-12-05,0,Overnight,0.0,False,23.09,23.09,17.6,False,0.0,False
2025-12-05,2025-12-08,2,Weekend,48.0,False,27.62,27.62,-46.82,False,0.0,False
2025-12-08,2025-12-09,0,Overnight,0.0,False,-20.36,-20.36,32.69,False,0.0,False
2025-12-09,2025-12-10,0,Overnight,0.0,False,-19.22,-19.22,60.09,False,0.0,False
2025-12-10,2025-12-11,0,Overnight,0.0,False,-60.57,-60.57,28.17,False,0.0,False
2025-12-11,2025-12-12,0,Overnight,0.0,False,-56.11,-56.11,-136.93,False,0.0,False
2025-12-12,2025-12-15,2,Weekend,48.0,False,77.11,77.11,-127.43,False,0.0,False
2025-12-15,2025-12-16,0,Overnight,0.0,False,-37.41,-37.41,57.21,False,0.0,False
2025-12-16,2025-12-17,0,Overnight,0.0,False,21.39,21.39,-208.5,False,0.0,False
2025-12-17,2025-12-18,0,Overnight,0.0,False,155.18,155.18,-11.32,False,0.0,False
2025-12-18,2025-12-19,0,Overnight,0.0,False,46.52,46.52,82.99,False,0.0,False
2025-12-19,2025-12-22,2,Weekend,48.0,False,69.44,82.22,-34.5,True,12.87,False
2025-12-22,2025-12-23,0,Overnight,0.0,False,-16.32,-16.32,63.05,False,0.0,False
2025-12-23,2025-12-24,0,Overnight,0.0,False,-1.93,-1.93,31.14,False,0.0,False
2025-12-24,2025-12-26,1,Short,24.0,True,11.69,11.69,-12.33,False,0.0,False
2025-12-26,2025-12-29,2,Weekend,48.0,False,-60.93,-60.93,12.41,False,0.0,False
2025-12-29,2025-12-30,0,Overnight,0.0,False,-16.6,-16.6,-6.62,False,0.0,False
2025-12-30,2025-12-31,0,Overnight,0.0,False,3.55,3.55,-86.55,False,0.0,False
2025-12-31,2026-01-02,1,Short,24.0,False,93.17,93.17,-112.56,False,0.0,False
2026-01-02,2026-01-05,2,Weekend,48.0,False,100.61,100.61,-21.5,False,0.0,False
2026-01-05,2026-01-06,0,Overnight,0.0,False,20.04,20.04,67.44,False,0.0,False
2026-01-06,2026-01-07,0,Overnight,0.0,False,-6.1,-6.1,15.72,False,0.0,False
2026-01-07,2026-01-08,0,Overnight,0.0,False,-15.88,-15.88,-41.18,False,0.0,False
2026-01-08,2026-01-09,0,Overnight,0.0,False,15.14,15.14,83.97,False,0.0,False
2026-01-09,2026-01-12,2,Weekend,48.0,False,-69.5,-69.5,77.79,False,0.0,False
2026-01-12,2026-01-13,0,Overnight,0.0,False,1.59,1.59,-16.43,False,0.0,False
2026-01-13,2026-01-14,0,Overnight,0.0,False,-64.08,-64.08,-43.32,False,0.0,False
2026-01-14,2026-01-15,0,Overnight,0.0,False,113.15,113.15,-77.22,False,0.0,False
2026-01-15,2026-01-16,0,Overnight,0.0,False,59.65,59.65,-68.02,False,0.0,False
2026-01-16,2026-01-20,3,Long,72.0,False,-174.22,-174.22,-40.54,False,0.0,False
2026-01-20,2026-01-21,0,Overnight,0.0,False,23.16,23.16,111.12,False,0.0,False
2026-01-21,2026-01-22,0,Overnight,0.0,False,98.01,98.01,-25.58,False,0.0,False
2026-01-22,2026-01-23,0,Overnight,0.0,False,-16.61,-16.61,48.13,False,0.0,False
2026-01-23,2026-01-26,2,Weekend,48.0,False,7.87,7.87,36.04,False,0.0,False
2026-01-26,2026-01-27,0,Overnight,0.0,False,55.01,55.01,35.24,False,0.0,False
2026-01-27,2026-01-28,0,Overnight,0.0,False,68.37,68.37,-35.31,False,0.0,False
2026-01-28,2026-01-29,0,Overnight,0.0,False,-9.0,-9.0,-51.03,False,0.0,False
2026-01-29,2026-01-30,0,Overnight,0.0,False,-59.28,-59.28,-61.56,False,0.0,False
2026-01-30,2026-02-02,2,Weekend,48.0,False,-51.11,-51.11,119.53,False,0.0,False
2026-02-02,2026-02-03,0,Overnight,0.0,False,34.44,34.44,-189.27,False,0.0,False
2026-02-03,2026-02-04,0,Overnight,0.0,False,-24.36,-24.36,-151.87,False,0.0,False
2026-02-04,2026-02-05,0,Overnight,0.0,False,-91.88,-91.88,-53.12,False,0.0,False
2026-02-05,2026-02-06,0,Overnight,0.0,False,52.79,52.79,156.39,False,0.0,False
2026-02-06,2026-02-09,2,Weekend,48.0,False,-34.67,-34.67,110.98,False,0.0,False
2026-02-09,2026-02-10,0,Overnight,0.0,False,16.1,16.1,-62.6,False,0.0,False
2026-02-10,2026-02-11,0,Overnight,0.0,False,79.98,79.98,-53.19,False,0.0,False
2026-02-11,2026-02-12,0,Overnight,0.0,False,26.06,26.06,-231.55,False,0.0,False
2026-02-12,2026-02-13,0,Overnight,0.0,False,-3.5,-3.5,24.78,False,0.0,False
2026-02-13,2026-02-17,3,Long,72.0,False,-58.99,-58.99,48.68,False,0.0,False
2026-02-17,2026-02-18,0,Overnight,0.0,False,13.46,13.46,60.93,False,0.0,False
2026-02-18,2026-02-19,0,Overnight,0.0,False,-49.31,-49.31,10.94,False,0.0,False
2026-02-19,2026-02-20,0,Overnight,0.0,False,-55.67,-55.67,143.77,False,0.0,False
2026-02-20,2026-02-23,2,Weekend,48.0,False,-36.2,-36.2,-86.09,False,0.0,False
2026-02-23,2026-02-24,0,Overnight,0.0,False,16.45,16.45,90.39,False,0.0,False
2026-02-24,2026-02-25,0,Overnight,0.0,False,52.5,52.5,91.39,False,0.0,False
2026-02-25,2026-02-26,0,Overnight,0.0,False,-17.69,-17.69,-103.69,False,0.0,False
2026-02-26,2026-02-27,0,Overnight,0.0,False,-103.28,-103.28,71.22,False,0.0,False
2026-02-27,2026-03-02,2,Weekend,48.0,False,-139.79,-139.79,152.95,False,0.0,False
2026-03-02,2026-03-03,0,Overnight,0.0,False,-195.29,-195.29,87.65,False,0.0,False
2026-03-03,2026-03-04,0,Overnight,0.0,False,42.79,42.79,108.49,False,0.0,False
2026-03-04,2026-03-05,0,Overnight,0.0,False,-55.0,-55.0,24.83,False,0.0,False
2026-03-05,2026-03-06,0,Overnight,0.0,False,-142.24,-142.24,-9.33,False,0.0,False
2026-03-06,2026-03-09,2,Weekend,47.0,False,-92.46,-92.46,225.14,False,0.0,False
2026-03-09,2026-03-10,0,Overnight,0.0,False,0.33,0.33,-0.16,False,0.0,False
2026-03-10,2026-03-11,0,Overnight,0.0,False,19.4,19.4,-20.71,False,0.0,False
2026-03-11,2026-03-12,0,Overnight,0.0,False,-81.46,-81.46,-91.67,False,0.0,False
2026-03-12,2026-03-13,0,Overnight,0.0,False,41.27,41.27,-100.72,False,0.0,False
2026-03-13,2026-03-16,2,Weekend,48.0,False,105.89,105.89,5.67,False,0.0,False
2026-03-16,2026-03-17,0,Overnight,0.0,False,45.87,45.87,2.82,False,0.0,False
2026-03-17,2026-03-18,0,Overnight,0.0,False,-30.21,-30.21,-110.17,False,0.0,False
2026-03-18,2026-03-19,0,Overnight,0.0,False,-91.02,-91.02,59.36,False,0.0,False
2026-03-19,2026-03-20,0,Overnight,0.0,False,-33.11,-33.11,-153.44,False,0.0,False
2026-03-20,2026-03-23,2,Weekend,48.0,False,144.3,156.71,-42.77,True,12.59,False
2026-03-23,2026-03-24,0,Overnight,0.0,False,-54.4,-54.4,-14.2,False,0.0,False
2026-03-24,2026-03-25,0,Overnight,0.0,False,87.97,87.97,-22.43,False,0.0,False
2026-03-25,2026-03-26,0,Overnight,0.0,False,-89.2,-89.2,-152.37,False,0.0,False
2026-03-26,2026-03-27,0,Overnight,0.0,False,-52.07,-52.07,-145.23,False,0.0,False
2026-03-27,2026-03-30,2,Weekend,48.0,False,84.96,84.96,-161.69,False,0.0,False
2026-03-30,2026-03-31,0,Overnight,0.0,False,107.08,107.08,225.86,False,0.0,False
2026-03-31,2026-04-01,0,Overnight,0.0,False,74.22,74.22,48.55,False,0.0,False
2026-04-01,2026-04-02,0,Overnight,0.0,False,-178.55,-178.55,190.01,False,0.0,False
2026-04-02,2026-04-06,3,Long,72.0,False,21.35,21.35,38.65,False,0.0,False
2026-04-06,2026-04-07,0,Overnight,0.0,False,-48.72,-48.72,50.25,False,0.0,False
2026-04-07,2026-04-08,0,Overnight,0.0,False,336.12,336.12,-43.13,False,0.0,False
2026-04-08,2026-04-09,0,Overnight,0.0,False,-2.64,-2.64,70.06,False,0.0,False
2026-04-09,2026-04-10,0,Overnight,0.0,False,27.0,27.0,-12.59,False,0.0,False
2026-04-10,2026-04-13,2,Weekend,48.0,False,-26.05,-26.05,128.95,False,0.0,False
2026-04-13,2026-04-14,0,Overnight,0.0,False,45.73,45.73,134.21,False,0.0,False
2026-04-14,2026-04-15,0,Overnight,0.0,False,7.63,7.63,131.39,False,0.0,False
2026-04-15,2026-04-16,0,Overnight,0.0,False,28.36,28.36,19.69,False,0.0,False
2026-04-16,2026-04-17,0,Overnight,0.0,False,79.62,79.62,50.37,False,0.0,False
2026-04-17,2026-04-20,2,Weekend,48.0,False,-12.49,-12.49,-19.31,False,0.0,False
2026-04-20,2026-04-21,0,Overnight,0.0,False,25.02,25.02,-63.12,False,0.0,False
2026-04-21,2026-04-22,0,Overnight,0.0,False,89.92,89.92,76.0,False,0.0,False
2026-04-22,2026-04-23,0,Overnight,0.0,False,-23.84,-23.84,-32.64,False,0.0,False
2026-04-23,2026-04-24,0,Overnight,0.0,False,108.25,108.25,81.22,False,0.0,False
2026-04-24,2026-04-27,2,Weekend,48.0,False,-7.23,-7.23,12.5,False,0.0,False
2026-04-27,2026-04-28,0,Overnight,0.0,False,-103.21,-103.21,2.13,False,0.0,False
2026-04-28,2026-04-29,0,Overnight,0.0,False,16.41,16.41,44.54,False,0.0,False
2026-04-29,2026-04-30,0,Overnight,0.0,False,56.97,56.97,35.86,False,0.0,False
2026-04-30,2026-05-01,0,Overnight,0.0,False,21.24,21.24,74.3,False,0.0,False
2026-05-01,2026-05-04,2,Weekend,48.0,False,7.56,7.56,-26.42,False,0.0,False
2026-05-04,2026-05-05,0,Overnight,0.0,False,75.21,75.21,53.69,False,0.0,False
2026-05-05,2026-05-06,0,Overnight,0.0,False,90.11,90.11,115.5,False,0.0,False
2026-05-06,2026-05-07,0,Overnight,0.0,False,11.63,11.63,-23.57,False,0.0,False
2026-05-07,2026-05-08,0,Overnight,0.0,False,71.41,71.41,160.3,False,0.0,False
2026-05-08,2026-05-11,2,Weekend,48.0,False,-12.24,-12.24,41.16,False,0.0,False
2026-05-11,2026-05-12,0,Overnight,0.0,False,-71.33,-71.33,-13.85,False,0.0,False
2026-05-12,2026-05-13,0,Overnight,0.0,False,38.39,38.39,66.68,False,0.0,False
2026-05-13,2026-05-14,0,Overnight,0.0,False,-1.26,-1.26,72.09,False,0.0,False
2026-05-14,2026-05-15,0,Overnight,0.0,False,-134.97,-134.97,-17.05,False,0.0,False
2026-05-15,2026-05-18,2,Weekend,48.0,False,36.75,36.75,-79.86,False,0.0,False
2026-05-18,2026-05-19,0,Overnight,0.0,False,-86.36,-86.36,24.55,False,0.0,False
2026-05-19,2026-05-20,0,Overnight,0.0,False,53.45,53.45,110.83,False,0.0,False
2026-05-20,2026-05-21,0,Overnight,0.0,False,-58.5,-58.5,77.56,False,0.0,False
2026-05-21,2026-05-22,0,Overnight,0.0,False,49.7,49.7,-7.38,False,0.0,False
2026-05-22,2026-05-26,3,Long,72.0,False,116.66,116.66,59.33,False,0.0,False
2026-05-26,2026-05-27,0,Overnight,0.0,False,36.63,36.63,-48.0,False,0.0,False
2026-05-27,2026-05-28,0,Overnight,0.0,False,3.84,3.84,80.12,False,0.0,False
2026-05-28,2026-05-29,0,Overnight,0.0,False,30.41,30.41,6.37,False,0.0,False
2026-05-29,2026-06-01,2,Weekend,48.0,False,-17.22,-17.22,77.04,False,0.0,False
2026-06-01,2026-06-02,0,Overnight,0.0,False,-4.58,-4.58,50.52,False,0.0,False
2026-06-02,2026-06-03,0,Overnight,0.0,False,15.4,15.4,-41.57,False,0.0,False
2026-06-03,2026-06-04,0,Overnight,0.0,False,-118.0,-118.0,69.51,False,0.0,False
2026-06-04,2026-06-05,0,Overnight,0.0,False,-143.47,-143.47,-348.44,False,0.0,False
2026-06-05,2026-06-08,2,Weekend,48.0,False,179.22,179.22,-24.27,False,0.0,False
2026-06-08,2026-06-09,0,Overnight,0.0,False,96.04,96.04,-211.78,False,0.0,False
2026-06-09,2026-06-10,0,Overnight,0.0,False,-87.55,-87.55,-114.24,False,0.0,False
2026-06-10,2026-06-11,0,Overnight,0.0,False,80.4,80.4,251.78,False,0.0,False
2026-06-11,2026-06-12,0,Overnight,0.0,False,6.83,6.83,51.84,False,0.0,False
2026-06-12,2026-06-15,2,Weekend,48.0,False,229.69,229.69,79.62,False,0.0,False
2026-06-15,2026-06-16,0,Overnight,0.0,False,-23.55,-23.55,-168.33,False,0.0,False
2026-06-16,2026-06-17,0,Overnight,0.0,False,72.76,72.76,-173.98,False,0.0,False
2026-06-17,2026-06-18,0,Overnight,0.0,False,201.28,201.28,46.28,False,0.0,False
2026-06-18,2026-06-22,3,Long,72.0,False,18.89,29.84,-55.0,True,10.98,False
2026-06-22,2026-06-23,0,Overnight,0.0,False,-305.59,-305.59,-29.24,False,0.0,False
2026-06-23,2026-06-24,0,Overnight,0.0,False,24.07,24.07,-66.62,False,0.0,False
2026-06-24,2026-06-25,0,Overnight,0.0,False,212.74,212.74,-132.02,False,0.0,False
2026-06-25,2026-06-26,0,Overnight,0.0,False,-129.96,-129.96,-8.63,False,0.0,False
2026-06-26,2026-06-29,2,Weekend,48.0,False,105.17,105.17,140.33,False,0.0,False
2026-06-29,2026-06-30,0,Overnight,0.0,False,1.38,1.38,167.34,False,0.0,False
2026-06-30,2026-07-01,0,Overnight,0.0,False,-98.39,-98.39,-55.28,False,0.0,False
2026-07-01,2026-07-02,0,Overnight,0.0,False,5.65,5.65,-180.51,False,0.0,False
2026-07-02,2026-07-06,3,Long,72.0,False,102.34,102.34,40.06,False,0.0,False
2026-07-06,2026-07-07,0,Overnight,0.0,False,-120.39,-120.39,-66.59,False,0.0,False
2026-07-07,2026-07-08,0,Overnight,0.0,False,-63.35,-63.35,91.64,False,0.0,False
2026-07-08,2026-07-09,0,Overnight,0.0,False,96.38,96.38,68.67,False,0.0,False
2026-07-09,2026-07-10,0,Overnight,0.0,False,-35.73,-35.73,66.52,False,0.0,False
2026-07-10,2026-07-13,2,Weekend,48.0,False,-107.95,-107.95,-83.67,False,0.0,False
2026-07-13,2026-07-14,0,Overnight,0.0,False,118.44,118.44,-7.36,False,0.0,False
2026-07-14,2026-07-15,0,Overnight,0.0,False,57.64,57.64,-84.77,False,0.0,False
2026-07-15,2026-07-16,0,Overnight,0.0,False,-80.15,-80.15,-85.62,False,0.0,False
2026-07-16,2026-07-17,0,Overnight,0.0,False,-204.5,-204.5,53.06,False,0.0,False
2026-07-17,2026-07-20,2,Weekend,48.0,False,97.75,97.75,-87.25,False,0.0,False
2026-07-20,2026-07-21,0,Overnight,0.0,False,149.86,149.86,33.91,False,0.0,False
2026-07-21,2026-07-22,0,Overnight,0.0,False,-75.75,-75.75,24.56,False,0.0,False
2026-07-22,2026-07-23,0,Overnight,0.0,False,-152.57,-152.57,-39.09,False,0.0,False
2026-07-23,2026-07-24,0,Overnight,0.0,False,-22.43,-22.43,-89.91,False,0.0,False
2026-07-24,2026-07-27,2,Weekend,48.0,False,108.29,108.29,-139.18,False,0.0,False
2026-07-27,2026-07-28,0,Overnight,0.0,False,-86.72,-86.72,-10.95,False,0.0,False
2026-07-28,2026-07-29,0,Overnight,0.0,False,0.3,0.3,-206.1,False,0.0,False
2026-07-29,2026-07-30,0,Overnight,0.0,False,194.99,194.99,129.43,False,0.0,False
2026-07-30,2026-07-31,0,Overnight,0.0,False,124.45,124.45,-59.71,False,0.0,False
2026-07-31,2026-08-03,2,Weekend,48.0,False,4.5,4.5,169.56,False,0.0,False
2026-08-03,2026-08-04,0,Overnight,0.0,False,114.9,114.9,219.14,False,0.0,False
2026-08-04,2026-08-05,0,Overnight,0.0,False,33.1,33.1,-124.0,False,0.0,False
2026-08-05,2026-08-06,0,Overnight,0.0,False,-90.75,-90.75,53.74,False,0.0,False
2026-08-06,2026-08-07,0,Overnight,0.0,False,76.67,76.67,39.91,False,0.0,False
2026-08-07,2026-08-10,2,Weekend,48.0,False,-8.86,-8.86,-21.06,False,0.0,False
2026-08-10,2026-08-11,0,Overnight,0.0,False,33.51,33.51,-67.14,False,0.0,False
2026-08-11,2026-08-12,0,Overnight,0.0,False,119.4,119.4,-46.6,False,0.0,False
2026-08-12,2026-08-13,0,Overnight,0.0,False,20.02,20.02,94.98,False,0.0,False
2026-08-13,2026-08-14,0,Overnight,0.0,False,18.29,18.29,-31.96,False,0.0,False
2026-08-14,2026-08-17,2,Weekend,48.0,False,25.68,25.68,-42.11,False,0.0,False
2026-08-17,2026-08-18,0,Overnight,0.0,False,-133.24,-133.24,-37.56,False,0.0,False
2026-08-18,2026-08-19,0,Overnight,0.0,False,40.06,40.06,-60.01,False,0.0,False
2026-08-19,2026-08-20,0,Overnight,0.0,False,-55.88,-55.88,-16.3,False,0.0,False
2026-08-20,2026-08-21,0,Overnight,0.0,False,60.3,60.3,-25.06,False,0.0,False
2026-08-21,2026-08-24,2,Weekend,48.0,False,-53.12,-53.12,-47.18,False,0.0,False
2026-08-24,2026-08-25,0,Overnight,0.0,False,69.13,69.13,-7.03,False,0.0,False
2026-08-25,2026-08-26,0,Overnight,0.0,False,-32.56,-32.56,41.7,False,0.0,False
2026-08-26,2026-08-27,0,Overnight,0.0,False,77.86,77.86,58.13,False,0.0,False
2026-08-27,2026-08-28,0,Overnight,0.0,False,-19.02,-19.02,-46.09,False,0.0,False
2026-08-28,2026-08-31,2,Weekend,48.0,False,-17.6,-17.6,22.21,False,0.0,False
2026-08-31,2026-09-01,0,Overnight,0.0,False,-131.59,-131.59,3.53,False,0.0,False
2026-09-01,2026-09-02,0,Overnight,0.0,False,-7.63,-7.63,30.22,False,0.0,False
2026-09-02,2026-09-03,0,Overnight,0.0,False,22.67,22.67,95.48,False,0.0,False
2026-09-03,2026-09-04,0,Overnight,0.0,False,23.38,23.38,-5.42,False,0.0,False
2026-09-04,2026-09-08,3,Long,72.0,False,27.09,27.09,-35.43,False,0.0,False
2026-09-08,2026-09-09,0,Overnight,0.0,False,-27.32,-27.32,-1.26,False,0.0,False
2026-09-09,2026-09-10,0,Overnight,0.0,False,-123.05,-123.05,16.1,False,0.0,False
2026-09-10,2026-09-11,0,Overnight,0.0,False,98.15,98.15,-11.18,False,0.0,False
2026-09-11,2026-09-14,2,Weekend,48.0,False,-162.88,-162.88,82.83,False,0.0,False
2026-09-14,2026-09-15,0,Overnight,0.0,False,-5.36,-5.36,-60.28,False,0.0,False
2026-09-15,2026-09-16,0,Overnight,0.0,False,48.99,48.99,-46.44,False,0.0,False
2026-09-16,2026-09-17,0,Overnight,0.0,False,158.1,158.1,13.54,False,0.0,False
2026-09-17,2026-09-18,0,Overnight,0.0,False,26.61,26.61,36.38,False,0.0,False
2026-09-18,2026-09-21,2,Weekend,48.0,False,88.87,99.18,184.85,True,10.41,False
2026-09-21,2026-09-22,0,Overnight,0.0,False,-6.61,-6.61,87.07,False,0.0,False
2026-09-22,2026-09-23,0,Overnight,0.0,False,-6.56,-6.56,-77.41,False,0.0,False
2026-09-23,2026-09-24,0,Overnight,0.0,False,-80.19,-80.19,78.71,False,0.0,False
2026-09-24,2026-09-25,0,Overnight,0.0,False,23.32,23.32,22.46,False,0.0,False
2026-09-25,2026-09-28,2,Weekend,48.0,False,-54.41,-54.41,-53.22,False,0.0,False
2026-09-28,2026-09-29,0,Overnight,0.0,False,49.03,49.03,-30.04,False,0.0,False
2026-09-29,2026-09-30,0,Overnight,0.0,False,30.58,30.58,-5.68,False,0.0,False
2026-09-30,2026-10-01,0,Overnight,0.0,False,36.97,36.97,-6.47,False,0.0,False
