d1,d2,n_closed,cls,hours,d1_early_close,gap_bps,gap_divneutral_bps,oc_bps,exdiv,div_bps,split
2010-01-04,2010-01-05,0,Overnight,0.0,False,-6.18,-6.18,32.61,False,0.0,False
2010-01-05,2010-01-06,0,Overnight,0.0,False,-9.69,-9.69,16.72,False,0.0,False
2010-01-06,2010-01-07,0,Overnight,0.0,False,-18.49,-18.49,60.61,False,0.0,False
2010-01-07,2010-01-08,0,Overnight,0.0,False,-26.31,-26.31,59.53,False,0.0,False
2010-01-08,2010-01-11,2,Weekend,48.0,False,44.42,44.42,-30.46,False,0.0,False
2010-01-11,2010-01-12,0,Overnight,0.0,False,-66.46,-66.46,-27.24,False,0.0,False
2010-01-12,2010-01-13,0,Overnight,0.0,False,25.48,25.48,58.63,False,0.0,False
2010-01-13,2010-01-14,0,Overnight,0.0,False,-11.35,-11.35,38.36,False,0.0,False
2010-01-14,2010-01-15,0,Overnight,0.0,False,-17.42,-17.42,-95.46,False,0.0,False
2010-01-15,2010-01-19,3,Long,72.0,False,-1.76,-1.76,125.94,False,0.0,False
2010-01-19,2010-01-20,0,Overnight,0.0,False,-68.02,-68.02,-34.19,False,0.0,False
2010-01-20,2010-01-21,0,Overnight,0.0,False,2.63,2.63,-196.8,False,0.0,False
2010-01-21,2010-01-22,0,Overnight,0.0,False,-44.86,-44.86,-180.58,False,0.0,False
2010-01-22,2010-01-25,2,Weekend,48.0,False,91.15,91.15,-40.0,False,0.0,False
2010-01-25,2010-01-26,0,Overnight,0.0,False,-39.25,-39.25,-2.74,False,0.0,False
2010-01-26,2010-01-27,0,Overnight,0.0,False,-12.82,-12.82,60.27,False,0.0,False
2010-01-27,2010-01-28,0,Overnight,0.0,False,32.72,32.72,-148.11,False,0.0,False
2010-01-28,2010-01-29,0,Overnight,0.0,False,43.2,43.2,-152.48,False,0.0,False
2010-01-29,2010-02-01,2,Weekend,48.0,False,70.52,70.52,83.79,False,0.0,False
2010-02-01,2010-02-02,0,Overnight,0.0,False,18.32,18.32,101.99,False,0.0,False
2010-02-02,2010-02-03,0,Overnight,0.0,False,-45.4,-45.4,-4.55,False,0.0,False
2010-02-03,2010-02-04,0,Overnight,0.0,False,-77.69,-77.69,-235.83,False,0.0,False
2010-02-04,2010-02-05,0,Overnight,0.0,False,11.27,11.27,9.38,False,0.0,False
2010-02-05,2010-02-08,2,Weekend,48.0,False,7.5,7.5,-79.95,False,0.0,False
2010-02-08,2010-02-09,0,Overnight,0.0,False,116.42,116.42,8.4,False,0.0,False
2010-02-09,2010-02-10,0,Overnight,0.0,False,-15.87,-15.87,-3.74,False,0.0,False
2010-02-10,2010-02-11,0,Overnight,0.0,False,-13.09,-13.09,117.21,False,0.0,False
2010-02-11,2010-02-12,0,Overnight,0.0,False,-105.99,-105.99,97.66,False,0.0,False
2010-02-12,2010-02-16,3,Long,72.0,False,75.61,75.61,80.51,False,0.0,False
2010-02-16,2010-02-17,0,Overnight,0.0,False,48.18,48.18,-0.91,False,0.0,False
2010-02-17,2010-02-18,0,Overnight,0.0,False,-16.34,-16.34,75.12,False,0.0,False
2010-02-18,2010-02-19,0,Overnight,0.0,False,-26.18,-26.18,46.9,False,0.0,False
2010-02-19,2010-02-22,2,Weekend,48.0,False,36.82,36.82,-35.02,False,0.0,False
2010-02-22,2010-02-23,0,Overnight,0.0,False,-27.02,-27.02,-95.17,False,0.0,False
2010-02-23,2010-02-24,0,Overnight,0.0,False,30.01,30.01,61.55,False,0.0,False
2010-02-24,2010-02-25,0,Overnight,0.0,False,-143.6,-143.6,130.06,False,0.0,False
2010-02-25,2010-02-26,0,Overnight,0.0,False,9.03,9.03,-2.71,False,0.0,False
2010-02-26,2010-03-01,2,Weekend,48.0,False,41.45,41.45,61.86,False,0.0,False
2010-03-01,2010-03-02,0,Overnight,0.0,False,42.81,42.81,-15.14,False,0.0,False
2010-03-02,2010-03-03,0,Overnight,0.0,False,25.81,25.81,-16.9,False,0.0,False
2010-03-03,2010-03-04,0,Overnight,0.0,False,13.35,13.35,16.88,False,0.0,False
2010-03-04,2010-03-05,0,Overnight,0.0,False,64.6,64.6,77.32,False,0.0,False
2010-03-05,2010-03-08,2,Weekend,48.0,False,0.88,0.88,0.87,False,0.0,False
2010-03-08,2010-03-09,0,Overnight,0.0,False,-29.8,-29.8,46.41,False,0.0,False
2010-03-09,2010-03-10,0,Overnight,0.0,False,4.37,4.37,40.09,False,0.0,False
2010-03-10,2010-03-11,0,Overnight,0.0,False,-23.51,-23.51,65.18,False,0.0,False
2010-03-11,2010-03-12,0,Overnight,0.0,False,43.22,43.22,-42.35,False,0.0,False
2010-03-12,2010-03-15,2,Weekend,47.0,False,-17.34,-17.34,19.93,False,0.0,False
2010-03-15,2010-03-16,0,Overnight,0.0,False,27.67,27.67,51.68,False,0.0,False
2010-03-16,2010-03-17,0,Overnight,0.0,False,30.02,30.02,29.08,False,0.0,False
2010-03-17,2010-03-18,0,Overnight,0.0,False,0.85,0.85,-5.98,False,0.0,False
2010-03-18,2010-03-19,0,Overnight,0.0,False,-91.84,-50.54,0.0,True,41.01,False
2010-03-19,2010-03-22,2,Weekend,48.0,False,-57.07,-57.07,110.39,False,0.0,False
2010-03-22,2010-03-23,0,Overnight,0.0,False,14.57,14.57,55.52,False,0.0,False
2010-03-23,2010-03-24,0,Overnight,0.0,False,-37.55,-37.55,-11.12,False,0.0,False
2010-03-24,2010-03-25,0,Overnight,0.0,False,67.39,67.39,-83.66,False,0.0,False
2010-03-25,2010-03-26,0,Overnight,0.0,False,18.84,18.84,-24.84,False,0.0,False
2010-03-26,2010-03-29,2,Weekend,48.0,False,50.48,50.48,12.79,False,0.0,False
2010-03-29,2010-03-30,0,Overnight,0.0,False,11.93,11.93,-5.11,False,0.0,False
2010-03-30,2010-03-31,0,Overnight,0.0,False,-38.4,-38.4,4.27,False,0.0,False
2010-03-31,2010-04-01,0,Overnight,0.0,False,68.14,68.14,0.0,False,0.0,False
2010-04-01,2010-04-05,3,Long,72.0,False,38.13,38.13,43.04,False,0.0,False
2010-04-05,2010-04-06,0,Overnight,0.0,False,-28.67,-28.67,52.22,False,0.0,False
2010-04-06,2010-04-07,0,Overnight,0.0,False,-20.18,-20.18,-37.11,False,0.0,False
2010-04-07,2010-04-08,0,Overnight,0.0,False,-34.7,-34.7,69.28,False,0.0,False
2010-04-08,2010-04-09,0,Overnight,0.0,False,21.03,21.03,44.43,False,0.0,False
2010-04-09,2010-04-12,2,Weekend,48.0,False,12.54,12.54,3.34,False,0.0,False
2010-04-12,2010-04-13,0,Overnight,0.0,False,-10.03,-10.03,17.54,False,0.0,False
2010-04-13,2010-04-14,0,Overnight,0.0,False,36.65,36.65,76.2,False,0.0,False
2010-04-14,2010-04-15,0,Overnight,0.0,False,-16.52,-16.52,24.76,False,0.0,False
2010-04-15,2010-04-16,0,Overnight,0.0,False,-35.52,-35.52,-124.89,False,0.0,False
2010-04-16,2010-04-19,2,Weekend,48.0,False,-29.37,-29.37,67.0,False,0.0,False
2010-04-19,2010-04-20,0,Overnight,0.0,False,62.4,62.4,26.51,False,0.0,False
2010-04-20,2010-04-21,0,Overnight,0.0,False,5.79,5.79,-24.01,False,0.0,False
2010-04-21,2010-04-22,0,Overnight,0.0,False,-70.7,-70.7,100.49,False,0.0,False
2010-04-22,2010-04-23,0,Overnight,0.0,False,-6.61,-6.61,71.68,False,0.0,False
2010-04-23,2010-04-26,2,Weekend,48.0,False,3.28,3.28,-41.12,False,0.0,False
2010-04-26,2010-04-27,0,Overnight,0.0,False,-57.85,-57.85,-181.5,False,0.0,False
2010-04-27,2010-04-28,0,Overnight,0.0,False,47.99,47.99,27.68,False,0.0,False
2010-04-28,2010-04-29,0,Overnight,0.0,False,60.13,60.13,63.08,False,0.0,False
2010-04-29,2010-04-30,0,Overnight,0.0,False,1.65,1.65,-172.73,False,0.0,False
2010-04-30,2010-05-03,2,Weekend,48.0,False,47.86,47.86,80.92,False,0.0,False
2010-05-03,2010-05-04,0,Overnight,0.0,False,-111.97,-111.97,-125.99,False,0.0,False
2010-05-04,2010-05-05,0,Overnight,0.0,False,-82.02,-82.02,22.28,False,0.0,False
2010-05-05,2010-05-06,0,Overnight,0.0,False,-48.05,-48.05,-289.72,False,0.0,False
2010-05-06,2010-05-07,0,Overnight,0.0,False,-26.6,-26.6,-123.27,False,0.0,False
2010-05-07,2010-05-10,2,Weekend,48.0,False,400.81,400.81,30.18,False,0.0,False
2010-05-10,2010-05-11,0,Overnight,0.0,False,-94.28,-94.28,65.83,False,0.0,False
2010-05-11,2010-05-12,0,Overnight,0.0,False,39.63,39.63,99.26,False,0.0,False
2010-05-12,2010-05-13,0,Overnight,0.0,False,-27.28,-27.28,-97.8,False,0.0,False
2010-05-13,2010-05-14,0,Overnight,0.0,False,-75.29,-75.29,-107.42,False,0.0,False
2010-05-14,2010-05-17,2,Weekend,48.0,False,27.18,27.18,-21.92,False,0.0,False
2010-05-17,2010-05-18,0,Overnight,0.0,False,81.28,81.28,-218.24,False,0.0,False
2010-05-18,2010-05-19,0,Overnight,0.0,False,-56.21,-56.21,-0.89,False,0.0,False
2010-05-19,2010-05-20,0,Overnight,0.0,False,-215.26,-215.26,-169.65,False,0.0,False
2010-05-20,2010-05-21,0,Overnight,0.0,False,-152.73,-152.73,297.67,False,0.0,False
2010-05-21,2010-05-24,2,Weekend,48.0,False,-54.22,-54.22,-74.92,False,0.0,False
2010-05-24,2010-05-25,0,Overnight,0.0,False,-244.35,-244.35,254.56,False,0.0,False
2010-05-25,2010-05-26,0,Overnight,0.0,False,61.03,61.03,-121.5,False,0.0,False
2010-05-26,2010-05-27,0,Overnight,0.0,False,186.73,186.73,142.76,False,0.0,False
2010-05-27,2010-05-28,0,Overnight,0.0,False,-10.84,-10.84,-115.45,False,0.0,False
2010-05-28,2010-06-01,3,Long,72.0,False,-93.7,-93.7,-75.97,False,0.0,False
2010-06-01,2010-06-02,0,Overnight,0.0,False,51.02,51.02,206.04,False,0.0,False
2010-06-02,2010-06-03,0,Overnight,0.0,False,28.96,28.96,5.42,False,0.0,False
2010-06-03,2010-06-04,0,Overnight,0.0,False,-191.51,-191.51,-166.18,False,0.0,False
2010-06-04,2010-06-07,2,Weekend,48.0,False,35.51,35.51,-160.8,False,0.0,False
2010-06-07,2010-06-08,0,Overnight,0.0,False,7.58,7.58,98.97,False,0.0,False
2010-06-08,2010-06-09,0,Overnight,0.0,False,57.98,57.98,-111.59,False,0.0,False
2010-06-09,2010-06-10,0,Overnight,0.0,False,169.23,169.23,118.89,False,0.0,False
2010-06-10,2010-06-11,0,Overnight,0.0,False,-88.34,-88.34,136.78,False,0.0,False
2010-06-11,2010-06-14,2,Weekend,48.0,False,76.29,76.29,-91.81,False,0.0,False
2010-06-14,2010-06-15,0,Overnight,0.0,False,70.07,70.07,154.76,False,0.0,False
2010-06-15,2010-06-16,0,Overnight,0.0,False,-51.92,-51.92,48.35,False,0.0,False
2010-06-16,2010-06-17,0,Overnight,0.0,False,28.54,28.54,-12.48,False,0.0,False
2010-06-17,2010-06-18,0,Overnight,0.0,False,-27.68,19.69,-8.95,True,47.35,False
2010-06-18,2010-06-21,2,Weekend,48.0,False,123.64,123.64,-152.32,False,0.0,False
2010-06-21,2010-06-22,0,Overnight,0.0,False,0.0,0.0,-166.54,False,0.0,False
2010-06-22,2010-06-23,0,Overnight,0.0,False,6.39,6.39,-37.46,False,0.0,False
2010-06-23,2010-06-24,0,Overnight,0.0,False,-49.56,-49.56,-117.53,False,0.0,False
2010-06-24,2010-06-25,0,Overnight,0.0,False,29.75,29.75,12.06,False,0.0,False
2010-06-25,2010-06-28,2,Weekend,48.0,False,14.82,14.82,-46.39,False,0.0,False
2010-06-28,2010-06-29,0,Overnight,0.0,False,-141.42,-141.42,-172.2,False,0.0,False
2010-06-29,2010-06-30,0,Overnight,0.0,False,-27.87,-27.87,-67.59,False,0.0,False
2010-06-30,2010-07-01,0,Overnight,0.0,False,-6.78,-6.78,-37.88,False,0.0,False
2010-07-01,2010-07-02,0,Overnight,0.0,False,34.0,34.0,-88.65,False,0.0,False
2010-07-02,2010-07-06,3,Long,72.0,False,139.92,139.92,-74.57,False,0.0,False
2010-07-06,2010-07-07,0,Overnight,0.0,False,25.24,25.24,284.86,False,0.0,False
2010-07-07,2010-07-08,0,Overnight,0.0,False,83.53,83.53,14.94,False,0.0,False
2010-07-08,2010-07-09,0,Overnight,0.0,False,-2.8,-2.8,77.18,False,0.0,False
2010-07-09,2010-07-12,2,Weekend,48.0,False,-33.4,-33.4,39.88,False,0.0,False
2010-07-12,2010-07-13,0,Overnight,0.0,False,103.14,103.14,46.62,False,0.0,False
2010-07-13,2010-07-14,0,Overnight,0.0,False,-31.97,-31.97,31.06,False,0.0,False
2010-07-14,2010-07-15,0,Overnight,0.0,False,-3.65,-3.65,6.38,False,0.0,False
2010-07-15,2010-07-16,0,Overnight,0.0,False,-53.94,-53.94,-225.27,False,0.0,False
2010-07-16,2010-07-19,2,Weekend,48.0,False,36.5,36.5,22.39,False,0.0,False
2010-07-19,2010-07-20,0,Overnight,0.0,False,-133.24,-133.24,243.54,False,0.0,False
2010-07-20,2010-07-21,0,Overnight,0.0,False,51.49,51.49,-182.32,False,0.0,False
2010-07-21,2010-07-22,0,Overnight,0.0,False,117.92,117.92,102.85,False,0.0,False
2010-07-22,2010-07-23,0,Overnight,0.0,False,-20.12,-20.12,106.53,False,0.0,False
2010-07-23,2010-07-26,2,Weekend,48.0,False,17.19,17.19,86.42,False,0.0,False
2010-07-26,2010-07-27,0,Overnight,0.0,False,54.53,54.53,-55.43,False,0.0,False
2010-07-27,2010-07-28,0,Overnight,0.0,False,-20.64,-20.64,-44.11,False,0.0,False
2010-07-28,2010-07-29,0,Overnight,0.0,False,62.06,62.06,-110.91,False,0.0,False
2010-07-29,2010-07-30,0,Overnight,0.0,False,-102.07,-102.07,100.26,False,0.0,False
2010-07-30,2010-08-02,2,Weekend,48.0,False,154.78,154.78,68.52,False,0.0,False
2010-08-02,2010-08-03,0,Overnight,0.0,False,-24.86,-24.86,-23.14,False,0.0,False
2010-08-03,2010-08-04,0,Overnight,0.0,False,27.59,27.59,39.02,False,0.0,False
2010-08-04,2010-08-05,0,Overnight,0.0,False,-63.94,-63.94,53.31,False,0.0,False
2010-08-05,2010-08-06,0,Overnight,0.0,False,-98.85,-98.85,58.0,False,0.0,False
2010-08-06,2010-08-09,2,Weekend,48.0,False,47.05,47.05,6.2,False,0.0,False
2010-08-09,2010-08-10,0,Overnight,0.0,False,-85.33,-85.33,31.19,False,0.0,False
2010-08-10,2010-08-11,0,Overnight,0.0,False,-155.14,-155.14,-122.76,False,0.0,False
2010-08-11,2010-08-12,0,Overnight,0.0,False,-152.11,-152.11,90.62,False,0.0,False
2010-08-12,2010-08-13,0,Overnight,0.0,False,-31.35,-31.35,1.85,False,0.0,False
2010-08-13,2010-08-16,2,Weekend,48.0,False,-68.56,-68.56,63.94,False,0.0,False
2010-08-16,2010-08-17,0,Overnight,0.0,False,85.54,85.54,36.57,False,0.0,False
2010-08-17,2010-08-18,0,Overnight,0.0,False,-4.56,-4.56,22.8,False,0.0,False
2010-08-18,2010-08-19,0,Overnight,0.0,False,-52.05,-52.05,-123.45,False,0.0,False
2010-08-19,2010-08-20,0,Overnight,0.0,False,-29.71,-29.71,-2.79,False,0.0,False
2010-08-20,2010-08-23,2,Weekend,48.0,False,47.32,47.32,-85.52,False,0.0,False
2010-08-23,2010-08-24,0,Overnight,0.0,False,-109.82,-109.82,-39.72,False,0.0,False
2010-08-24,2010-08-25,0,Overnight,0.0,False,-55.11,-55.11,93.89,False,0.0,False
2010-08-25,2010-08-26,0,Overnight,0.0,False,47.09,47.09,-114.33,False,0.0,False
2010-08-26,2010-08-27,0,Overnight,0.0,False,62.52,62.52,91.19,False,0.0,False
2010-08-27,2010-08-30,2,Weekend,48.0,False,-26.24,-26.24,-119.88,False,0.0,False
2010-08-30,2010-08-31,0,Overnight,0.0,False,-37.1,-37.1,37.1,False,0.0,False
2010-08-31,2010-09-01,0,Overnight,0.0,False,133.94,133.94,160.79,False,0.0,False
2010-09-01,2010-09-02,0,Overnight,0.0,False,23.94,23.94,68.75,False,0.0,False
2010-09-02,2010-09-03,0,Overnight,0.0,False,97.27,97.27,31.61,False,0.0,False
2010-09-03,2010-09-07,3,Long,72.0,False,-47.0,-47.0,-66.36,False,0.0,False
2010-09-07,2010-09-08,0,Overnight,0.0,False,20.05,20.05,49.94,False,0.0,False
2010-09-08,2010-09-09,0,Overnight,0.0,False,111.68,111.68,-65.6,False,0.0,False
2010-09-09,2010-09-10,0,Overnight,0.0,False,18.02,18.02,32.35,False,0.0,False
2010-09-10,2010-09-13,2,Weekend,48.0,False,98.19,98.19,12.43,False,0.0,False
2010-09-13,2010-09-14,0,Overnight,0.0,False,-19.54,-19.54,13.32,False,0.0,False
2010-09-14,2010-09-15,0,Overnight,0.0,False,-29.34,-29.34,67.44,False,0.0,False
2010-09-15,2010-09-16,0,Overnight,0.0,False,-31.0,-31.0,28.35,False,0.0,False
2010-09-16,2010-09-17,0,Overnight,0.0,False,-0.88,52.23,-48.77,True,53.25,False
2010-09-17,2010-09-20,2,Weekend,48.0,False,34.61,34.61,117.14,False,0.0,False
2010-09-20,2010-09-21,0,Overnight,0.0,False,7.88,7.88,-28.04,False,0.0,False
2010-09-21,2010-09-22,0,Overnight,0.0,False,-15.8,-15.8,-33.45,False,0.0,False
2010-09-22,2010-09-23,0,Overnight,0.0,False,-82.33,-82.33,0.89,False,0.0,False
2010-09-23,2010-09-24,0,Overnight,0.0,False,110.5,110.5,93.63,False,0.0,False
2010-09-24,2010-09-27,2,Weekend,48.0,False,3.48,3.48,-51.5,False,0.0,False
2010-09-27,2010-09-28,0,Overnight,0.0,False,13.12,13.12,21.83,False,0.0,False
2010-09-28,2010-09-29,0,Overnight,0.0,False,-25.32,-25.32,7.87,False,0.0,False
2010-09-29,2010-09-30,0,Overnight,0.0,False,50.54,50.54,-80.29,False,0.0,False
2010-09-30,2010-10-01,0,Overnight,0.0,False,75.07,75.07,-33.1,False,0.0,False
2010-10-01,2010-10-04,2,Weekend,48.0,False,-20.96,-20.96,-54.36,False,0.0,False
2010-10-04,2010-10-05,0,Overnight,0.0,False,91.88,91.88,107.43,False,0.0,False
2010-10-05,2010-10-06,0,Overnight,0.0,False,-1.72,-1.72,0.86,False,0.0,False
2010-10-06,2010-10-07,0,Overnight,0.0,False,40.43,40.43,-52.5,False,0.0,False
2010-10-07,2010-10-08,0,Overnight,0.0,False,13.8,13.8,42.13,False,0.0,False
2010-10-08,2010-10-11,2,Weekend,48.0,False,15.43,15.43,-6.0,False,0.0,False
2010-10-11,2010-10-12,0,Overnight,0.0,False,-32.63,-32.63,63.44,False,0.0,False
2010-10-12,2010-10-13,0,Overnight,0.0,False,55.4,55.4,22.07,False,0.0,False
2010-10-13,2010-10-14,0,Overnight,0.0,False,-9.33,-9.33,-29.75,False,0.0,False
2010-10-14,2010-10-15,0,Overnight,0.0,False,69.57,69.57,-49.16,False,0.0,False
2010-10-15,2010-10-18,2,Weekend,48.0,False,3.4,3.4,45.76,False,0.0,False
2010-10-18,2010-10-19,0,Overnight,0.0,False,-92.58,-92.58,-39.33,False,0.0,False
2010-10-19,2010-10-20,0,Overnight,0.0,False,17.97,17.97,79.21,False,0.0,False
2010-10-20,2010-10-21,0,Overnight,0.0,False,44.86,44.86,-22.83,False,0.0,False
2010-10-21,2010-10-22,0,Overnight,0.0,False,15.23,15.23,3.38,False,0.0,False
2010-10-22,2010-10-25,2,Weekend,48.0,False,66.53,66.53,-37.0,False,0.0,False
2010-10-25,2010-10-26,0,Overnight,0.0,False,-50.68,-50.68,52.36,False,0.0,False
2010-10-26,2010-10-27,0,Overnight,0.0,False,-70.16,-70.16,41.48,False,0.0,False
2010-10-27,2010-10-28,0,Overnight,0.0,False,57.28,57.28,-55.59,False,0.0,False
2010-10-28,2010-10-29,0,Overnight,0.0,False,-10.14,-10.14,17.74,False,0.0,False
2010-10-29,2010-11-01,2,Weekend,48.0,False,48.83,48.83,-45.45,False,0.0,False
2010-11-01,2010-11-02,0,Overnight,0.0,False,74.81,74.81,4.19,False,0.0,False
2010-11-02,2010-11-03,0,Overnight,0.0,False,17.56,17.56,22.53,False,0.0,False
2010-11-03,2010-11-04,0,Overnight,0.0,False,110.27,110.27,80.48,False,0.0,False
2010-11-04,2010-11-05,0,Overnight,0.0,False,6.54,6.54,31.01,False,0.0,False
2010-11-05,2010-11-08,2,Weekend,49.0,False,-31.01,-31.01,12.25,False,0.0,False
2010-11-08,2010-11-09,0,Overnight,0.0,False,26.9,26.9,-99.01,False,0.0,False
2010-11-09,2010-11-10,0,Overnight,0.0,False,-2.47,-2.47,42.68,False,0.0,False
2010-11-10,2010-11-11,0,Overnight,0.0,False,-86.37,-86.37,48.62,False,0.0,False
2010-11-11,2010-11-12,0,Overnight,0.0,False,-67.64,-67.64,-51.45,False,0.0,False
2010-11-12,2010-11-15,2,Weekend,48.0,False,31.56,31.56,-45.72,False,0.0,False
2010-11-15,2010-11-16,0,Overnight,0.0,False,-61.84,-61.84,-95.18,False,0.0,False
2010-11-16,2010-11-17,0,Overnight,0.0,False,4.23,4.23,0.85,False,0.0,False
2010-11-17,2010-11-18,0,Overnight,0.0,False,95.97,95.97,50.14,False,0.0,False
2010-11-18,2010-11-19,0,Overnight,0.0,False,-5.0,-5.0,32.47,False,0.0,False
2010-11-19,2010-11-22,2,Weekend,48.0,False,-50.0,-50.0,41.69,False,0.0,False
2010-11-22,2010-11-23,0,Overnight,0.0,False,-118.85,-118.85,-26.98,False,0.0,False
2010-11-23,2010-11-24,0,Overnight,0.0,False,63.12,63.12,83.54,False,0.0,False
2010-11-24,2010-11-26,1,Short,24.0,False,-86.9,-86.9,-30.26,False,0.0,False
2010-11-26,2010-11-29,2,Weekend,48.0,True,-25.28,-25.28,55.54,False,0.0,False
2010-11-29,2010-11-30,0,Overnight,0.0,False,-99.52,-99.52,43.13,False,0.0,False
2010-11-30,2010-12-01,0,Overnight,0.0,False,143.28,143.28,67.16,False,0.0,False
2010-12-01,2010-12-02,0,Overnight,0.0,False,15.69,15.69,111.59,False,0.0,False
2010-12-02,2010-12-03,0,Overnight,0.0,False,-34.33,-34.33,61.22,False,0.0,False
2010-12-03,2010-12-06,2,Weekend,48.0,False,-21.18,-21.18,10.6,False,0.0,False
2010-12-06,2010-12-07,0,Overnight,0.0,False,95.66,95.66,-89.96,False,0.0,False
2010-12-07,2010-12-08,0,Overnight,0.0,False,12.2,12.2,24.36,False,0.0,False
2010-12-08,2010-12-09,0,Overnight,0.0,False,55.81,55.81,-16.95,False,0.0,False
2010-12-09,2010-12-10,0,Overnight,0.0,False,30.66,30.66,27.35,False,0.0,False
2010-12-10,2010-12-13,2,Weekend,48.0,False,45.69,45.69,-39.26,False,0.0,False
2010-12-13,2010-12-14,0,Overnight,0.0,False,15.24,15.24,-6.42,False,0.0,False
2010-12-14,2010-12-15,0,Overnight,0.0,False,-18.47,-18.47,-27.36,False,0.0,False
2010-12-15,2010-12-16,0,Overnight,0.0,False,6.44,6.44,51.41,False,0.0,False
2010-12-16,2010-12-17,0,Overnight,0.0,False,-59.46,-6.97,17.71,True,52.32,False
2010-12-17,2010-12-20,2,Weekend,48.0,False,27.32,27.32,-3.21,False,0.0,False
2010-12-20,2010-12-21,0,Overnight,0.0,False,31.25,31.25,31.95,False,0.0,False
2010-12-21,2010-12-22,0,Overnight,0.0,False,7.18,7.18,23.88,False,0.0,False
2010-12-22,2010-12-23,0,Overnight,0.0,False,-11.14,-11.14,-3.18,False,0.0,False
2010-12-23,2010-12-27,3,Long,72.0,False,-37.49,-37.49,41.47,False,0.0,False
2010-12-27,2010-12-28,0,Overnight,0.0,False,19.88,19.88,-5.56,False,0.0,False
2010-12-28,2010-12-29,0,Overnight,0.0,False,11.91,11.91,-4.76,False,0.0,False
2010-12-29,2010-12-30,0,Overnight,0.0,False,-9.53,-9.53,-6.36,False,0.0,False
2010-12-30,2010-12-31,0,Overnight,0.0,False,-15.12,-15.12,17.51,False,0.0,False
2010-12-31,2011-01-03,2,Weekend,48.0,False,76.05,76.05,26.8,False,0.0,False
2011-01-03,2011-01-04,0,Overnight,0.0,False,22.01,22.01,-27.53,False,0.0,False
2011-01-04,2011-01-05,0,Overnight,0.0,False,-31.55,-31.55,83.39,False,0.0,False
2011-01-05,2011-01-06,0,Overnight,0.0,False,3.92,3.92,-23.52,False,0.0,False
2011-01-06,2011-01-07,0,Overnight,0.0,False,13.34,13.34,-32.98,False,0.0,False
2011-01-07,2011-01-10,2,Weekend,48.0,False,-44.14,-44.14,31.55,False,0.0,False
2011-01-10,2011-01-11,0,Overnight,0.0,False,36.16,36.16,-0.78,False,0.0,False
2011-01-11,2011-01-12,0,Overnight,0.0,False,61.02,61.02,28.82,False,0.0,False
2011-01-12,2011-01-13,0,Overnight,0.0,False,3.89,3.89,-20.23,False,0.0,False
2011-01-13,2011-01-14,0,Overnight,0.0,False,-14.03,-14.03,86.22,False,0.0,False
2011-01-14,2011-01-18,3,Long,72.0,False,-9.29,-9.29,26.29,False,0.0,False
2011-01-18,2011-01-19,0,Overnight,0.0,False,-8.5,-8.5,-90.04,False,0.0,False
2011-01-19,2011-01-20,0,Overnight,0.0,False,-22.64,-22.64,9.37,False,0.0,False
2011-01-20,2011-01-21,0,Overnight,0.0,False,62.27,62.27,-39.65,False,0.0,False
2011-01-21,2011-01-24,2,Weekend,48.0,False,-6.23,-6.23,62.94,False,0.0,False
2011-01-24,2011-01-25,0,Overnight,0.0,False,-26.37,-26.37,31.79,False,0.0,False
2011-01-25,2011-01-26,0,Overnight,0.0,False,24.74,24.74,13.89,False,0.0,False
2011-01-26,2011-01-27,0,Overnight,0.0,False,2.31,2.31,22.33,False,0.0,False
2011-01-27,2011-01-28,0,Overnight,0.0,False,11.53,11.53,-187.7,False,0.0,False
2011-01-28,2011-01-31,2,Weekend,48.0,False,27.37,27.37,47.52,False,0.0,False
2011-01-31,2011-02-01,0,Overnight,0.0,False,60.43,60.43,98.39,False,0.0,False
2011-02-01,2011-02-02,0,Overnight,0.0,False,-26.04,-26.04,6.9,False,0.0,False
2011-02-02,2011-02-03,0,Overnight,0.0,False,-17.64,-17.64,39.84,False,0.0,False
2011-02-03,2011-02-04,0,Overnight,0.0,False,3.82,3.82,24.43,False,0.0,False
2011-02-04,2011-02-07,2,Weekend,48.0,False,22.09,22.09,40.24,False,0.0,False
2011-02-07,2011-02-08,0,Overnight,0.0,False,9.09,9.09,36.27,False,0.0,False
2011-02-08,2011-02-09,0,Overnight,0.0,False,-27.19,-27.19,4.54,False,0.0,False
2011-02-09,2011-02-10,0,Overnight,0.0,False,-50.78,-50.78,54.56,False,0.0,False
2011-02-10,2011-02-11,0,Overnight,0.0,False,-39.38,-39.38,98.9,False,0.0,False
2011-02-11,2011-02-14,2,Weekend,48.0,False,-6.01,-6.01,30.02,False,0.0,False
2011-02-14,2011-02-15,0,Overnight,0.0,False,-30.77,-30.77,-0.75,False,0.0,False
2011-02-15,2011-02-16,0,Overnight,0.0,False,33.78,33.78,29.18,False,0.0,False
2011-02-16,2011-02-17,0,Overnight,0.0,False,-29.18,-29.18,59.02,False,0.0,False
2011-02-17,2011-02-18,0,Overnight,0.0,False,8.93,8.93,11.9,False,0.0,False
2011-02-18,2011-02-22,3,Long,72.0,False,-105.36,-105.36,-97.38,False,0.0,False
2011-02-22,2011-02-23,0,Overnight,0.0,False,-6.07,-6.07,-55.56,False,0.0,False
2011-02-23,2011-02-24,0,Overnight,0.0,False,-10.69,-10.69,3.82,False,0.0,False
2011-02-24,2011-02-25,0,Overnight,0.0,False,41.92,41.92,64.44,False,0.0,False
2011-02-25,2011-02-28,2,Weekend,48.0,False,36.96,36.96,24.81,False,0.0,False
2011-02-28,2011-03-01,0,Overnight,0.0,False,31.49,31.49,-199.63,False,0.0,False
2011-03-01,2011-03-02,0,Overnight,0.0,False,-13.76,-13.76,35.12,False,0.0,False
2011-03-02,2011-03-03,0,Overnight,0.0,False,90.28,90.28,80.49,False,0.0,False
2011-03-03,2011-03-04,0,Overnight,0.0,False,-7.5,-7.5,-67.71,False,0.0,False
2011-03-04,2011-03-07,2,Weekend,48.0,False,29.4,29.4,-108.22,False,0.0,False
2011-03-07,2011-03-08,0,Overnight,0.0,False,15.97,15.97,71.15,False,0.0,False
2011-03-08,2011-03-09,0,Overnight,0.0,False,-19.63,-19.63,5.29,False,0.0,False
2011-03-09,2011-03-10,0,Overnight,0.0,False,-105.55,-105.55,-81.25,False,0.0,False
2011-03-10,2011-03-11,0,Overnight,0.0,False,-32.37,-32.37,101.4,False,0.0,False
2011-03-11,2011-03-14,2,Weekend,47.0,False,-65.18,-65.18,4.61,False,0.0,False
2011-03-14,2011-03-15,0,Overnight,0.0,False,-269.66,-269.66,154.42,False,0.0,False
2011-03-15,2011-03-16,0,Overnight,0.0,False,-31.94,-31.94,-154.92,False,0.0,False
2011-03-16,2011-03-17,0,Overnight,0.0,False,143.21,143.21,-11.73,False,0.0,False
2011-03-17,2011-03-18,0,Overnight,0.0,False,77.14,119.97,-84.18,True,43.25,False
2011-03-18,2011-03-21,2,Weekend,48.0,False,123.68,123.68,30.11,False,0.0,False
2011-03-21,2011-03-22,0,Overnight,0.0,False,-1.54,-1.54,-33.2,False,0.0,False
2011-03-22,2011-03-23,0,Overnight,0.0,False,-27.88,-27.88,56.46,False,0.0,False
2011-03-23,2011-03-24,0,Overnight,0.0,False,56.91,56.91,38.27,False,0.0,False
2011-03-24,2011-03-25,0,Overnight,0.0,False,25.94,25.94,4.57,False,0.0,False
2011-03-25,2011-03-28,2,Weekend,48.0,False,21.3,21.3,-45.7,False,0.0,False
2011-03-28,2011-03-29,0,Overnight,0.0,False,-8.4,-8.4,75.36,False,0.0,False
2011-03-29,2011-03-30,0,Overnight,0.0,False,52.19,52.19,16.58,False,0.0,False
2011-03-30,2011-03-31,0,Overnight,0.0,False,-12.81,-12.81,-0.75,False,0.0,False
2011-03-31,2011-04-01,0,Overnight,0.0,False,61.65,61.65,-19.51,False,0.0,False
2011-04-01,2011-04-04,2,Weekend,48.0,False,21.01,21.01,-12.75,False,0.0,False
2011-04-04,2011-04-05,0,Overnight,0.0,False,-19.53,-19.53,18.03,False,0.0,False
2011-04-05,2011-04-06,0,Overnight,0.0,False,47.92,47.92,-16.45,False,0.0,False
2011-04-06,2011-04-07,0,Overnight,0.0,False,-17.97,-17.97,-7.5,False,0.0,False
2011-04-07,2011-04-08,0,Overnight,0.0,False,44.16,44.16,-78.72,False,0.0,False
2011-04-08,2011-04-11,2,Weekend,48.0,False,10.53,10.53,-40.68,False,0.0,False
2011-04-11,2011-04-12,0,Overnight,0.0,False,-56.02,-56.02,-19.0,False,0.0,False
2011-04-12,2011-04-13,0,Overnight,0.0,False,46.29,46.29,-47.05,False,0.0,False
2011-04-13,2011-04-14,0,Overnight,0.0,False,-57.98,-57.98,65.58,False,0.0,False
2011-04-14,2011-04-15,0,Overnight,0.0,False,18.23,18.23,18.19,False,0.0,False
2011-04-15,2011-04-18,2,Weekend,48.0,False,-110.42,-110.42,-2.3,False,0.0,False
2011-04-18,2011-04-19,0,Overnight,0.0,False,15.31,15.31,41.97,False,0.0,False
2011-04-19,2011-04-20,0,Overnight,0.0,False,118.86,118.86,16.54,False,0.0,False
2011-04-20,2011-04-21,0,Overnight,0.0,False,51.71,51.71,-0.75,False,0.0,False
2011-04-21,2011-04-25,3,Long,72.0,False,-7.48,-7.48,-2.99,False,0.0,False
2011-04-25,2011-04-26,0,Overnight,0.0,False,30.63,30.63,55.05,False,0.0,False
2011-04-26,2011-04-27,0,Overnight,0.0,False,19.27,19.27,45.8,False,0.0,False
2011-04-27,2011-04-28,0,Overnight,0.0,False,-17.71,-17.71,50.09,False,0.0,False
2011-04-28,2011-04-29,0,Overnight,0.0,False,3.67,3.67,19.81,False,0.0,False
2011-04-29,2011-05-02,2,Weekend,48.0,False,46.8,46.8,-62.21,False,0.0,False
2011-05-02,2011-05-03,0,Overnight,0.0,False,-19.1,-19.1,-16.93,False,0.0,False
2011-05-03,2011-05-04,0,Overnight,0.0,False,-4.42,-4.42,-62.11,False,0.0,False
2011-05-04,2011-05-05,0,Overnight,0.0,False,-55.78,-55.78,-35.12,False,0.0,False
2011-05-05,2011-05-06,0,Overnight,0.0,False,99.05,99.05,-54.99,False,0.0,False
2011-05-06,2011-05-09,2,Weekend,48.0,False,-0.74,-0.74,39.42,False,0.0,False
2011-05-09,2011-05-10,0,Overnight,0.0,False,33.35,33.35,51.65,False,0.0,False
2011-05-10,2011-05-11,0,Overnight,0.0,False,-14.73,-14.73,-91.07,False,0.0,False
2011-05-11,2011-05-12,0,Overnight,0.0,False,-26.81,-26.81,74.31,False,0.0,False
2011-05-12,2011-05-13,0,Overnight,0.0,False,5.18,5.18,-82.47,False,0.0,False
2011-05-13,2011-05-16,2,Weekend,48.0,False,-35.87,-35.87,-27.74,False,0.0,False
2011-05-16,2011-05-17,0,Overnight,0.0,False,-37.61,-37.61,36.11,False,0.0,False
2011-05-17,2011-05-18,0,Overnight,0.0,False,5.26,5.26,83.71,False,0.0,False
2011-05-18,2011-05-19,0,Overnight,0.0,False,32.69,32.69,-8.91,False,0.0,False
2011-05-19,2011-05-20,0,Overnight,0.0,False,-26.02,-26.02,-53.74,False,0.0,False
2011-05-20,2011-05-23,2,Weekend,48.0,False,-122.75,-122.75,6.06,False,0.0,False
2011-05-23,2011-05-24,0,Overnight,0.0,False,28.73,28.73,-37.07,False,0.0,False
2011-05-24,2011-05-25,0,Overnight,0.0,False,-40.25,-40.25,73.54,False,0.0,False
2011-05-25,2011-05-26,0,Overnight,0.0,False,-27.23,-27.23,73.2,False,0.0,False
2011-05-26,2011-05-27,0,Overnight,0.0,False,27.78,27.78,10.49,False,0.0,False
2011-05-27,2011-05-31,3,Long,72.0,False,93.93,93.93,9.64,False,0.0,False
2011-05-31,2011-06-01,0,Overnight,0.0,False,-28.95,-28.95,-198.22,False,0.0,False
2011-06-01,2011-06-02,0,Overnight,0.0,False,6.82,6.82,-17.45,False,0.0,False
2011-06-02,2011-06-03,0,Overnight,0.0,False,-120.67,-120.67,20.72,False,0.0,False
2011-06-03,2011-06-06,2,Weekend,48.0,False,-25.34,-25.34,-81.04,False,0.0,False
2011-06-06,2011-06-07,0,Overnight,0.0,False,51.02,51.02,-57.22,False,0.0,False
2011-06-07,2011-06-08,0,Overnight,0.0,False,-15.52,-15.52,-26.44,False,0.0,False
2011-06-08,2011-06-09,0,Overnight,0.0,False,27.22,27.22,48.8,False,0.0,False
2011-06-09,2011-06-10,0,Overnight,0.0,False,-42.59,-42.59,-97.49,False,0.0,False
2011-06-10,2011-06-13,2,Weekend,48.0,False,22.7,22.7,-14.87,False,0.0,False
2011-06-13,2011-06-14,0,Overnight,0.0,False,91.2,91.2,34.86,False,0.0,False
2011-06-14,2011-06-15,0,Overnight,0.0,False,-83.86,-83.86,-95.59,False,0.0,False
2011-06-15,2011-06-16,0,Overnight,0.0,False,3.15,3.15,18.87,False,0.0,False
2011-06-16,2011-06-17,0,Overnight,0.0,False,49.37,98.34,-69.03,True,49.33,False
2011-06-17,2011-06-20,2,Weekend,48.0,False,-33.9,-33.9,84.93,False,0.0,False
2011-06-20,2011-06-21,0,Overnight,0.0,False,51.55,51.55,84.56,False,0.0,False
2011-06-21,2011-06-22,0,Overnight,0.0,False,-30.95,-30.95,-29.49,False,0.0,False
2011-06-22,2011-06-23,0,Overnight,0.0,False,-118.05,-118.05,89.25,False,0.0,False
2011-06-23,2011-06-24,0,Overnight,0.0,False,-2.34,-2.34,-114.48,False,0.0,False
2011-06-24,2011-06-27,2,Weekend,48.0,False,6.31,6.31,82.41,False,0.0,False
2011-06-27,2011-06-28,0,Overnight,0.0,False,39.78,39.78,89.9,False,0.0,False
2011-06-28,2011-06-29,0,Overnight,0.0,False,45.42,45.42,39.86,False,0.0,False
2011-06-29,2011-06-30,0,Overnight,0.0,False,32.08,32.08,63.09,False,0.0,False
2011-06-30,2011-07-01,0,Overnight,0.0,False,9.09,9.09,137.59,False,0.0,False
2011-07-01,2011-07-05,3,Long,72.0,False,-10.46,-10.46,2.24,False,0.0,False
2011-07-05,2011-07-06,0,Overnight,0.0,False,-23.94,-23.94,35.89,False,0.0,False
2011-07-06,2011-07-07,0,Overnight,0.0,False,88.43,88.43,14.79,False,0.0,False
2011-07-07,2011-07-08,0,Overnight,0.0,False,-113.68,-113.68,42.5,False,0.0,False
2011-07-08,2011-07-11,2,Weekend,48.0,False,-123.53,-123.53,-58.93,False,0.0,False
2011-07-11,2011-07-12,0,Overnight,0.0,False,-21.24,-21.24,-22.05,False,0.0,False
2011-07-12,2011-07-13,0,Overnight,0.0,False,52.37,52.37,-18.94,False,0.0,False
2011-07-13,2011-07-14,0,Overnight,0.0,False,25.0,25.0,-94.26,False,0.0,False
2011-07-14,2011-07-15,0,Overnight,0.0,False,55.6,55.6,2.28,False,0.0,False
2011-07-15,2011-07-18,2,Weekend,48.0,False,-46.43,-46.43,-35.92,False,0.0,False
2011-07-18,2011-07-19,0,Overnight,0.0,False,55.74,55.74,105.28,False,0.0,False
2011-07-19,2011-07-20,0,Overnight,0.0,False,25.58,25.58,-31.61,False,0.0,False
2011-07-20,2011-07-21,0,Overnight,0.0,False,56.38,56.38,81.38,False,0.0,False
2011-07-21,2011-07-22,0,Overnight,0.0,False,2.23,2.23,4.46,False,0.0,False
2011-07-22,2011-07-25,2,Weekend,48.0,False,-95.57,-95.57,39.68,False,0.0,False
2011-07-25,2011-07-26,0,Overnight,0.0,False,-6.73,-6.73,-30.7,False,0.0,False
2011-07-26,2011-07-27,0,Overnight,0.0,False,-55.66,-55.66,-151.22,False,0.0,False
2011-07-27,2011-07-28,0,Overnight,0.0,False,0.0,0.0,-29.14,False,0.0,False
2011-07-28,2011-07-29,0,Overnight,0.0,False,-101.11,-101.11,32.53,False,0.0,False
2011-07-29,2011-08-01,2,Weekend,48.0,False,116.08,116.08,-158.7,False,0.0,False
2011-08-01,2011-08-02,0,Overnight,0.0,False,-75.61,-75.61,-183.19,False,0.0,False
2011-08-02,2011-08-03,0,Overnight,0.0,False,13.54,13.54,40.5,False,0.0,False
2011-08-03,2011-08-04,0,Overnight,0.0,False,-139.67,-139.67,-340.07,False,0.0,False
2011-08-04,2011-08-05,0,Overnight,0.0,False,123.96,123.96,-138.94,False,0.0,False
2011-08-05,2011-08-08,2,Weekend,48.0,False,-267.54,-267.54,-405.87,False,0.0,False
2011-08-08,2011-08-09,0,Overnight,0.0,False,159.95,159.95,294.56,False,0.0,False
2011-08-09,2011-08-10,0,Overnight,0.0,False,-190.78,-190.78,-261.06,False,0.0,False
2011-08-10,2011-08-11,0,Overnight,0.0,False,86.01,86.01,353.04,False,0.0,False
2011-08-11,2011-08-12,0,Overnight,0.0,False,90.78,90.78,-23.68,False,0.0,False
2011-08-12,2011-08-15,2,Weekend,48.0,False,90.18,90.18,119.26,False,0.0,False
2011-08-15,2011-08-16,0,Overnight,0.0,False,-95.8,-95.8,10.04,False,0.0,False
2011-08-16,2011-08-17,0,Overnight,0.0,False,55.04,55.04,-48.35,False,0.0,False
2011-08-17,2011-08-18,0,Overnight,0.0,False,-268.47,-268.47,-172.29,False,0.0,False
2011-08-18,2011-08-19,0,Overnight,0.0,False,-136.28,-136.28,-28.37,False,0.0,False
2011-08-19,2011-08-22,2,Weekend,48.0,False,222.12,222.12,-214.14,False,0.0,False
2011-08-22,2011-08-23,0,Overnight,0.0,False,37.19,37.19,286.62,False,0.0,False
2011-08-23,2011-08-24,0,Overnight,0.0,False,-21.49,-21.49,161.36,False,0.0,False
2011-08-24,2011-08-25,0,Overnight,0.0,False,54.9,54.9,-208.51,False,0.0,False
2011-08-25,2011-08-26,0,Overnight,0.0,False,-50.87,-50.87,195.16,False,0.0,False
2011-08-26,2011-08-29,2,Weekend,48.0,False,133.88,133.88,149.43,False,0.0,False
2011-08-29,2011-08-30,0,Overnight,0.0,False,-43.77,-43.77,70.1,False,0.0,False
2011-08-30,2011-08-31,0,Overnight,0.0,False,63.9,63.9,-19.62,False,0.0,False
2011-08-31,2011-09-01,0,Overnight,0.0,False,5.73,5.73,-111.01,False,0.0,False
2011-09-01,2011-09-02,0,Overnight,0.0,False,-210.57,-210.57,-48.25,False,0.0,False
2011-09-02,2011-09-06,3,Long,72.0,False,-297.99,-297.99,224.75,False,0.0,False
2011-09-06,2011-09-07,0,Overnight,0.0,False,150.16,150.16,128.01,False,0.0,False
2011-09-07,2011-09-08,0,Overnight,0.0,False,-60.04,-60.04,-44.42,False,0.0,False
2011-09-08,2011-09-09,0,Overnight,0.0,False,-114.91,-114.91,-150.69,False,0.0,False
2011-09-09,2011-09-12,2,Weekend,48.0,False,-125.87,-125.87,190.37,False,0.0,False
2011-09-12,2011-09-13,0,Overnight,0.0,False,32.52,32.52,58.78,False,0.0,False
2011-09-13,2011-09-14,0,Overnight,0.0,False,50.83,50.83,86.66,False,0.0,False
2011-09-14,2011-09-15,0,Overnight,0.0,False,106.66,106.66,64.44,False,0.0,False
2011-09-15,2011-09-16,0,Overnight,0.0,False,-11.54,39.86,18.94,True,51.47,False
2011-09-16,2011-09-19,2,Weekend,48.0,False,-165.11,-165.11,65.04,False,0.0,False
2011-09-19,2011-09-20,0,Overnight,0.0,False,42.3,42.3,-53.94,False,0.0,False
2011-09-20,2011-09-21,0,Overnight,0.0,False,4.99,4.99,-304.0,False,0.0,False
2011-09-21,2011-09-22,0,Overnight,0.0,False,-294.09,-294.09,-34.5,False,0.0,False
2011-09-22,2011-09-23,0,Overnight,0.0,False,-66.68,-66.68,126.75,False,0.0,False
2011-09-23,2011-09-26,2,Weekend,48.0,False,93.8,93.8,141.22,False,0.0,False
2011-09-26,2011-09-27,0,Overnight,0.0,False,195.09,195.09,-83.87,False,0.0,False
2011-09-27,2011-09-28,0,Overnight,0.0,False,20.4,20.4,-226.7,False,0.0,False
2011-09-28,2011-09-29,0,Overnight,0.0,False,164.52,164.52,-85.8,False,0.0,False
2011-09-29,2011-09-30,0,Overnight,0.0,False,-138.83,-138.83,-114.24,False,0.0,False
2011-09-30,2011-10-03,2,Weekend,48.0,False,-58.5,-58.5,-230.21,False,0.0,False
2011-10-03,2011-10-04,0,Overnight,0.0,False,-144.77,-144.77,361.63,False,0.0,False
2011-10-04,2011-10-05,0,Overnight,0.0,False,24.89,24.89,158.57,False,0.0,False
2011-10-05,2011-10-06,0,Overnight,0.0,False,-5.24,-5.24,184.54,False,0.0,False
2011-10-06,2011-10-07,0,Overnight,0.0,False,58.2,58.2,-125.39,False,0.0,False
2011-10-07,2011-10-10,2,Weekend,48.0,False,168.82,168.82,160.17,False,0.0,False
2011-10-10,2011-10-11,0,Overnight,0.0,False,-59.55,-59.55,69.58,False,0.0,False
2011-10-11,2011-10-12,0,Overnight,0.0,False,74.91,74.91,12.43,False,0.0,False
2011-10-12,2011-10-13,0,Overnight,0.0,False,-58.97,-58.97,39.08,False,0.0,False
2011-10-13,2011-10-14,0,Overnight,0.0,False,115.5,115.5,53.99,False,0.0,False
2011-10-14,2011-10-17,2,Weekend,48.0,False,-47.43,-47.43,-145.32,False,0.0,False
2011-10-17,2011-10-18,0,Overnight,0.0,False,-7.49,-7.49,201.06,False,0.0,False
2011-10-18,2011-10-19,0,Overnight,0.0,False,-16.33,-16.33,-102.67,False,0.0,False
2011-10-19,2011-10-20,0,Overnight,0.0,False,24.74,24.74,18.92,False,0.0,False
2011-10-20,2011-10-21,0,Overnight,0.0,False,116.85,116.85,71.24,False,0.0,False
2011-10-21,2011-10-24,2,Weekend,48.0,False,16.12,16.12,105.74,False,0.0,False
2011-10-24,2011-10-25,0,Overnight,0.0,False,-47.93,-47.93,-148.43,False,0.0,False
2011-10-25,2011-10-26,0,Overnight,0.0,False,105.09,105.09,-4.02,False,0.0,False
2011-10-26,2011-10-27,0,Overnight,0.0,False,264.37,264.37,78.05,False,0.0,False
2011-10-27,2011-10-28,0,Overnight,0.0,False,-49.1,-49.1,46.77,False,0.0,False
2011-10-28,2011-10-31,2,Weekend,48.0,False,-112.61,-112.61,-131.4,False,0.0,False
2011-10-31,2011-11-01,0,Overnight,0.0,False,-280.39,-280.39,-2.46,False,0.0,False
2011-11-01,2011-11-02,0,Overnight,0.0,False,148.89,148.89,12.91,False,0.0,False
2011-11-02,2011-11-03,0,Overnight,0.0,False,102.7,102.7,77.93,False,0.0,False
2011-11-03,2011-11-04,0,Overnight,0.0,False,-81.12,-81.12,19.94,False,0.0,False
2011-11-04,2011-11-07,2,Weekend,49.0,False,-7.18,-7.18,69.14,False,0.0,False
2011-11-07,2011-11-08,0,Overnight,0.0,False,52.14,52.14,75.35,False,0.0,False
2011-11-08,2011-11-09,0,Overnight,0.0,False,-236.59,-236.59,-139.49,False,0.0,False
2011-11-09,2011-11-10,0,Overnight,0.0,False,131.48,131.48,-37.73,False,0.0,False
2011-11-10,2011-11-11,0,Overnight,0.0,False,120.73,120.73,65.75,False,0.0,False
2011-11-11,2011-11-14,2,Weekend,48.0,False,-37.18,-37.18,-58.02,False,0.0,False
2011-11-14,2011-11-15,0,Overnight,0.0,False,-23.14,-23.14,72.44,False,0.0,False
2011-11-15,2011-11-16,0,Overnight,0.0,False,-101.24,-101.24,-58.66,False,0.0,False
2011-11-16,2011-11-17,0,Overnight,0.0,False,-18.55,-18.55,-141.49,False,0.0,False
2011-11-17,2011-11-18,0,Overnight,0.0,False,31.89,31.89,-42.54,False,0.0,False
2011-11-18,2011-11-21,2,Weekend,48.0,False,-147.0,-147.0,-45.03,False,0.0,False
2011-11-21,2011-11-22,0,Overnight,0.0,False,-21.75,-21.75,-17.6,False,0.0,False
2011-11-22,2011-11-23,0,Overnight,0.0,False,-94.41,-94.41,-128.72,False,0.0,False
2011-11-23,2011-11-25,1,Short,24.0,False,-15.45,-15.45,-3.44,False,0.0,False
2011-11-25,2011-11-28,2,Weekend,48.0,True,271.34,271.34,14.21,False,0.0,False
2011-11-28,2011-11-29,0,Overnight,0.0,False,28.36,28.36,0.0,False,0.0,False
2011-11-29,2011-11-30,0,Overnight,0.0,False,282.52,282.52,120.74,False,0.0,False
2011-11-30,2011-12-01,0,Overnight,0.0,False,-11.21,-11.21,9.61,False,0.0,False
2011-12-01,2011-12-02,0,Overnight,0.0,False,91.6,91.6,-100.41,False,0.0,False
2011-12-02,2011-12-05,2,Weekend,48.0,False,157.33,157.33,-49.0,False,0.0,False
2011-12-05,2011-12-06,0,Overnight,0.0,False,-0.79,-0.79,3.96,False,0.0,False
2011-12-06,2011-12-07,0,Overnight,0.0,False,-33.32,-33.32,70.48,False,0.0,False
2011-12-07,2011-12-08,0,Overnight,0.0,False,-65.71,-65.71,-156.1,False,0.0,False
2011-12-08,2011-12-09,0,Overnight,0.0,False,45.08,45.08,122.93,False,0.0,False
2011-12-09,2011-12-12,2,Weekend,48.0,False,-87.65,-87.65,-59.4,False,0.0,False
2011-12-12,2011-12-13,0,Overnight,0.0,False,52.19,52.19,-146.02,False,0.0,False
2011-12-13,2011-12-14,0,Overnight,0.0,False,-39.9,-39.9,-67.13,False,0.0,False
2011-12-14,2011-12-15,0,Overnight,0.0,False,105.41,105.41,-69.33,False,0.0,False
2011-12-15,2011-12-16,0,Overnight,0.0,False,4.09,66.89,-52.5,True,63.02,False
2011-12-16,2011-12-19,2,Weekend,48.0,False,38.58,38.58,-146.07,False,0.0,False
2011-12-19,2011-12-20,0,Overnight,0.0,False,155.9,155.9,142.22,False,0.0,False
2011-12-20,2011-12-21,0,Overnight,0.0,False,0.0,0.0,19.35,False,0.0,False
2011-12-21,2011-12-22,0,Overnight,0.0,False,36.98,36.98,51.22,False,0.0,False
2011-12-22,2011-12-23,0,Overnight,0.0,False,31.88,31.88,57.13,False,0.0,False
2011-12-23,2011-12-27,3,Long,72.0,False,-17.42,-17.42,25.33,False,0.0,False
2011-12-27,2011-12-28,0,Overnight,0.0,False,1.58,1.58,-133.69,False,0.0,False
2011-12-28,2011-12-29,0,Overnight,0.0,False,32.79,32.79,70.02,False,0.0,False
2011-12-29,2011-12-30,0,Overnight,0.0,False,-7.93,-7.93,-41.35,False,0.0,False
2011-12-30,2012-01-03,3,Long,72.0,False,178.48,178.48,-20.37,False,0.0,False
2012-01-03,2012-01-04,0,Overnight,0.0,False,-23.56,-23.56,39.23,False,0.0,False
2012-01-04,2012-01-05,0,Overnight,0.0,False,-54.18,-54.18,80.77,False,0.0,False
2012-01-05,2012-01-06,0,Overnight,0.0,False,12.49,12.49,-38.29,False,0.0,False
2012-01-06,2012-01-09,2,Weekend,48.0,False,22.68,22.68,1.56,False,0.0,False
2012-01-09,2012-01-10,0,Overnight,0.0,False,106.45,106.45,-20.11,False,0.0,False
2012-01-10,2012-01-11,0,Overnight,0.0,False,-31.03,-31.03,36.44,False,0.0,False
2012-01-11,2012-01-12,0,Overnight,0.0,False,28.6,28.6,-4.63,False,0.0,False
2012-01-12,2012-01-13,0,Overnight,0.0,False,-67.4,-67.4,15.53,False,0.0,False
2012-01-13,2012-01-17,3,Long,72.0,False,95.78,95.78,-57.05,False,0.0,False
2012-01-17,2012-01-18,0,Overnight,0.0,False,-2.32,-2.32,112.27,False,0.0,False
2012-01-18,2012-01-19,0,Overnight,0.0,False,34.35,34.35,18.27,False,0.0,False
2012-01-19,2012-01-20,0,Overnight,0.0,False,-16.75,-16.75,53.95,False,0.0,False
2012-01-20,2012-01-23,2,Weekend,48.0,False,-33.4,-33.4,7.6,False,0.0,False
2012-01-23,2012-01-24,0,Overnight,0.0,False,-61.74,-61.74,50.33,False,0.0,False
2012-01-24,2012-01-25,0,Overnight,0.0,False,-15.23,-15.23,98.55,False,0.0,False
2012-01-25,2012-01-26,0,Overnight,0.0,False,44.41,44.41,-95.84,False,0.0,False
2012-01-26,2012-01-27,0,Overnight,0.0,False,-48.65,-48.65,44.1,False,0.0,False
2012-01-27,2012-01-30,2,Weekend,48.0,False,-99.88,-99.88,65.68,False,0.0,False
2012-01-30,2012-01-31,0,Overnight,0.0,False,49.36,49.36,-53.16,False,0.0,False
2012-01-31,2012-02-01,0,Overnight,0.0,False,73.59,73.59,13.6,False,0.0,False
2012-02-01,2012-02-02,0,Overnight,0.0,False,19.61,19.61,-3.77,False,0.0,False
2012-02-02,2012-02-03,0,Overnight,0.0,False,99.0,99.0,40.22,False,0.0,False
2012-02-03,2012-02-06,2,Weekend,48.0,False,-41.71,-41.71,35.02,False,0.0,False
2012-02-06,2012-02-07,0,Overnight,0.0,False,-20.85,-20.85,46.1,False,0.0,False
2012-02-07,2012-02-08,0,Overnight,0.0,False,5.19,5.19,24.44,False,0.0,False
2012-02-08,2012-02-09,0,Overnight,0.0,False,16.26,16.26,-3.69,False,0.0,False
2012-02-09,2012-02-10,0,Overnight,0.0,False,-89.05,-89.05,14.9,False,0.0,False
2012-02-10,2012-02-13,2,Weekend,48.0,False,71.2,71.2,2.96,False,0.0,False
2012-02-13,2012-02-14,0,Overnight,0.0,False,-26.63,-26.63,14.06,False,0.0,False
2012-02-14,2012-02-15,0,Overnight,0.0,False,32.49,32.49,-79.2,False,0.0,False
2012-02-15,2012-02-16,0,Overnight,0.0,False,0.74,0.74,109.38,False,0.0,False
2012-02-16,2012-02-17,0,Overnight,0.0,False,34.49,34.49,-8.06,False,0.0,False
2012-02-17,2012-02-21,3,Long,72.0,False,23.43,23.43,-19.03,False,0.0,False
2012-02-21,2012-02-22,0,Overnight,0.0,False,-15.4,-15.4,-16.89,False,0.0,False
2012-02-22,2012-02-23,0,Overnight,0.0,False,-5.15,-5.15,49.16,False,0.0,False
2012-02-23,2012-02-24,0,Overnight,0.0,False,21.93,21.93,0.0,False,0.0,False
2012-02-24,2012-02-27,2,Weekend,48.0,False,-66.68,-66.68,83.46,False,0.0,False
2012-02-27,2012-02-28,0,Overnight,0.0,False,2.92,2.92,26.2,False,0.0,False
2012-02-28,2012-02-29,0,Overnight,0.0,False,14.53,14.53,-53.86,False,0.0,False
2012-02-29,2012-03-01,0,Overnight,0.0,False,21.14,21.14,30.54,False,0.0,False
2012-03-01,2012-03-02,0,Overnight,0.0,False,-6.54,-6.54,-24.0,False,0.0,False
2012-03-02,2012-03-05,2,Weekend,48.0,False,-15.3,-15.3,-25.56,False,0.0,False
2012-03-05,2012-03-06,0,Overnight,0.0,False,-102.9,-102.9,-44.43,False,0.0,False
2012-03-06,2012-03-07,0,Overnight,0.0,False,22.98,22.98,46.54,False,0.0,False
2012-03-07,2012-03-08,0,Overnight,0.0,False,60.98,60.98,38.02,False,0.0,False
2012-03-08,2012-03-09,0,Overnight,0.0,False,18.96,18.96,19.65,False,0.0,False
2012-03-09,2012-03-12,2,Weekend,47.0,False,-1.45,-1.45,2.18,False,0.0,False
2012-03-12,2012-03-13,0,Overnight,0.0,False,53.64,53.64,125.01,False,0.0,False
2012-03-13,2012-03-14,0,Overnight,0.0,False,2.86,2.86,-13.57,False,0.0,False
2012-03-14,2012-03-15,0,Overnight,0.0,False,15.0,15.0,42.73,False,0.0,False
2012-03-15,2012-03-16,0,Overnight,0.0,False,-25.62,18.03,-4.28,True,43.63,False
2012-03-16,2012-03-19,2,Weekend,48.0,False,-6.42,-6.42,45.54,False,0.0,False
2012-03-19,2012-03-20,0,Overnight,0.0,False,-56.96,-56.96,27.81,False,0.0,False
2012-03-20,2012-03-21,0,Overnight,0.0,False,5.69,5.69,-22.09,False,0.0,False
2012-03-21,2012-03-22,0,Overnight,0.0,False,-73.73,-73.73,1.44,False,0.0,False
2012-03-22,2012-03-23,0,Overnight,0.0,False,8.62,8.62,23.66,False,0.0,False
2012-03-23,2012-03-26,2,Weekend,48.0,False,71.35,71.35,68.02,False,0.0,False
2012-03-26,2012-03-27,0,Overnight,0.0,False,9.18,9.18,-40.3,False,0.0,False
2012-03-27,2012-03-28,0,Overnight,0.0,False,-4.96,-4.96,-44.75,False,0.0,False
2012-03-28,2012-03-29,0,Overnight,0.0,False,-59.26,-59.26,42.16,False,0.0,False
2012-03-29,2012-03-30,0,Overnight,0.0,False,49.08,49.08,-7.81,False,0.0,False
2012-03-30,2012-04-02,2,Weekend,48.0,False,-12.08,-12.08,84.96,False,0.0,False
2012-04-02,2012-04-03,0,Overnight,0.0,False,-14.11,-14.11,-26.86,False,0.0,False
2012-04-03,2012-04-04,0,Overnight,0.0,False,-73.9,-73.9,-25.71,False,0.0,False
2012-04-04,2012-04-05,0,Overnight,0.0,False,-34.38,-34.38,29.37,False,0.0,False
2012-04-05,2012-04-09,3,Long,72.0,False,-126.7,-126.7,13.76,False,0.0,False
2012-04-09,2012-04-10,0,Overnight,0.0,False,-19.55,-19.55,-149.72,False,0.0,False
2012-04-10,2012-04-11,0,Overnight,0.0,False,101.76,101.76,-21.15,False,0.0,False
2012-04-11,2012-04-12,0,Overnight,0.0,False,9.48,9.48,120.33,False,0.0,False
2012-04-12,2012-04-13,0,Overnight,0.0,False,-23.08,-23.08,-96.51,False,0.0,False
2012-04-13,2012-04-16,2,Weekend,48.0,False,50.91,50.91,-57.48,False,0.0,False
2012-04-16,2012-04-17,0,Overnight,0.0,False,57.48,57.48,89.56,False,0.0,False
2012-04-17,2012-04-18,0,Overnight,0.0,False,-44.68,-44.68,10.83,False,0.0,False
2012-04-18,2012-04-19,0,Overnight,0.0,False,1.44,1.44,-65.86,False,0.0,False
2012-04-19,2012-04-20,0,Overnight,0.0,False,44.2,44.2,-27.51,False,0.0,False
2012-04-20,2012-04-23,2,Weekend,48.0,False,-102.74,-102.74,18.29,False,0.0,False
2012-04-23,2012-04-24,0,Overnight,0.0,False,8.77,8.77,29.17,False,0.0,False
2012-04-24,2012-04-25,0,Overnight,0.0,False,97.12,97.12,38.87,False,0.0,False
2012-04-25,2012-04-26,0,Overnight,0.0,False,-21.58,-21.58,91.02,False,0.0,False
2012-04-26,2012-04-27,0,Overnight,0.0,False,29.92,29.92,-13.52,False,0.0,False
2012-04-27,2012-04-30,2,Weekend,48.0,False,-19.96,-19.96,-17.14,False,0.0,False
2012-04-30,2012-05-01,0,Overnight,0.0,False,-5.72,-5.72,67.73,False,0.0,False
2012-05-01,2012-05-02,0,Overnight,0.0,False,-58.43,-58.43,28.55,False,0.0,False
2012-05-02,2012-05-03,0,Overnight,0.0,False,1.42,1.42,-77.97,False,0.0,False
2012-05-03,2012-05-04,0,Overnight,0.0,False,-52.56,-52.56,-110.34,False,0.0,False
2012-05-04,2012-05-07,2,Weekend,48.0,False,-35.83,-35.83,43.13,False,0.0,False
2012-05-07,2012-05-08,0,Overnight,0.0,False,-59.99,-59.99,19.79,False,0.0,False
2012-05-08,2012-05-09,0,Overnight,0.0,False,-106.76,-106.76,47.26,False,0.0,False
2012-05-09,2012-05-10,0,Overnight,0.0,False,69.01,69.01,-48.4,False,0.0,False
2012-05-10,2012-05-11,0,Overnight,0.0,False,-62.69,-62.69,32.5,False,0.0,False
2012-05-11,2012-05-14,2,Weekend,48.0,False,-96.33,-96.33,-14.9,False,0.0,False
2012-05-14,2012-05-15,0,Overnight,0.0,False,-6.71,-6.71,-50.87,False,0.0,False
2012-05-15,2012-05-16,0,Overnight,0.0,False,44.9,44.9,-83.22,False,0.0,False
2012-05-16,2012-05-17,0,Overnight,0.0,False,2.26,2.26,-151.68,False,0.0,False
2012-05-17,2012-05-18,0,Overnight,0.0,False,38.9,38.9,-124.85,False,0.0,False
2012-05-18,2012-05-21,2,Weekend,48.0,False,32.32,32.32,138.1,False,0.0,False
2012-05-21,2012-05-22,0,Overnight,0.0,False,25.73,25.73,-8.32,False,0.0,False
2012-05-22,2012-05-23,0,Overnight,0.0,False,-72.12,-72.12,77.41,False,0.0,False
2012-05-23,2012-05-24,0,Overnight,0.0,False,27.18,27.18,-7.54,False,0.0,False
2012-05-24,2012-05-25,0,Overnight,0.0,False,-3.77,-3.77,-28.72,False,0.0,False
2012-05-25,2012-05-29,3,Long,72.0,False,79.92,79.92,40.47,False,0.0,False
2012-05-29,2012-05-30,0,Overnight,0.0,False,-85.63,-85.63,-60.53,False,0.0,False
2012-05-30,2012-05-31,0,Overnight,0.0,False,-3.79,-3.79,-18.24,False,0.0,False
2012-05-31,2012-06-01,0,Overnight,0.0,False,-157.93,-157.93,-97.06,False,0.0,False
2012-06-01,2012-06-04,2,Weekend,48.0,False,17.93,17.93,-22.61,False,0.0,False
2012-06-04,2012-06-05,0,Overnight,0.0,False,-19.54,-19.54,94.97,False,0.0,False
2012-06-05,2012-06-06,0,Overnight,0.0,False,69.49,69.49,152.71,False,0.0,False
2012-06-06,2012-06-07,0,Overnight,0.0,False,113.02,113.02,-106.96,False,0.0,False
2012-06-07,2012-06-08,0,Overnight,0.0,False,-25.78,-25.78,104.98,False,0.0,False
2012-06-08,2012-06-11,2,Weekend,48.0,False,80.07,80.07,-207.85,False,0.0,False
2012-06-11,2012-06-12,0,Overnight,0.0,False,28.87,28.87,85.38,False,0.0,False
2012-06-12,2012-06-13,0,Overnight,0.0,False,-29.38,-29.38,-34.77,False,0.0,False
2012-06-13,2012-06-14,0,Overnight,0.0,False,20.42,20.42,85.02,False,0.0,False
2012-06-14,2012-06-15,0,Overnight,0.0,False,-6.75,44.7,56.82,True,51.55,False
2012-06-15,2012-06-18,2,Weekend,48.0,False,-41.83,-41.83,61.2,False,0.0,False
2012-06-18,2012-06-19,0,Overnight,0.0,False,50.47,50.47,45.79,False,0.0,False
2012-06-19,2012-06-20,0,Overnight,0.0,False,0.74,0.74,-16.96,False,0.0,False
2012-06-20,2012-06-21,0,Overnight,0.0,False,11.8,11.8,-238.75,False,0.0,False
2012-06-21,2012-06-22,0,Overnight,0.0,False,51.96,51.96,24.76,False,0.0,False
2012-06-22,2012-06-25,2,Weekend,48.0,False,-106.21,-106.21,-55.44,False,0.0,False
2012-06-25,2012-06-26,0,Overnight,0.0,False,28.89,28.89,21.24,False,0.0,False
2012-06-26,2012-06-27,0,Overnight,0.0,False,33.28,33.28,56.48,False,0.0,False
2012-06-27,2012-06-28,0,Overnight,0.0,False,-66.3,-66.3,37.72,False,0.0,False
2012-06-28,2012-06-29,0,Overnight,0.0,False,179.86,179.86,66.35,False,0.0,False
2012-06-29,2012-07-02,2,Weekend,48.0,False,27.88,27.88,2.2,False,0.0,False
2012-07-02,2012-07-03,0,Overnight,0.0,False,-2.2,-2.2,67.91,False,0.0,False
2012-07-03,2012-07-05,1,Short,24.0,True,-37.18,-37.18,-8.04,False,0.0,False
2012-07-05,2012-07-06,0,Overnight,0.0,False,-96.97,-96.97,1.48,False,0.0,False
2012-07-06,2012-07-09,2,Weekend,48.0,False,-8.12,-8.12,-4.43,False,0.0,False
2012-07-09,2012-07-10,0,Overnight,0.0,False,50.86,50.86,-138.44,False,0.0,False
2012-07-10,2012-07-11,0,Overnight,0.0,False,5.22,5.22,-3.73,False,0.0,False
2012-07-11,2012-07-12,0,Overnight,0.0,False,-58.31,-58.31,9.74,False,0.0,False
2012-07-12,2012-07-13,0,Overnight,0.0,False,26.18,26.18,140.2,False,0.0,False
2012-07-13,2012-07-16,2,Weekend,48.0,False,-22.86,-22.86,-0.74,False,0.0,False
2012-07-16,2012-07-17,0,Overnight,0.0,False,39.79,39.79,28.64,False,0.0,False
2012-07-17,2012-07-18,0,Overnight,0.0,False,-23.5,-23.5,97.29,False,0.0,False
2012-07-18,2012-07-19,0,Overnight,0.0,False,20.36,20.36,5.81,False,0.0,False
2012-07-19,2012-07-20,0,Overnight,0.0,False,-56.79,-56.79,-35.11,False,0.0,False
2012-07-20,2012-07-23,2,Weekend,48.0,False,-147.64,-147.64,46.0,False,0.0,False
2012-07-23,2012-07-24,0,Overnight,0.0,False,7.4,7.4,-93.64,False,0.0,False
2012-07-24,2012-07-25,0,Overnight,0.0,False,20.89,20.89,-18.64,False,0.0,False
2012-07-25,2012-07-26,0,Overnight,0.0,False,143.04,143.04,20.58,False,0.0,False
2012-07-26,2012-07-27,0,Overnight,0.0,False,52.74,52.74,129.91,False,0.0,False
2012-07-27,2012-07-30,2,Weekend,48.0,False,-11.54,-11.54,11.54,False,0.0,False
2012-07-30,2012-07-31,0,Overnight,0.0,False,-13.71,-13.71,-56.48,False,0.0,False
2012-07-31,2012-08-01,0,Overnight,0.0,False,71.63,71.63,-80.35,False,0.0,False
2012-08-01,2012-08-02,0,Overnight,0.0,False,-75.87,-75.87,6.59,False,0.0,False
2012-08-02,2012-08-03,0,Overnight,0.0,False,139.54,139.54,56.85,False,0.0,False
2012-08-03,2012-08-06,2,Weekend,48.0,False,26.52,26.52,-7.16,False,0.0,False
2012-08-06,2012-08-07,0,Overnight,0.0,False,40.03,40.03,9.98,False,0.0,False
2012-08-07,2012-08-08,0,Overnight,0.0,False,-33.55,-33.55,45.66,False,0.0,False
2012-08-08,2012-08-09,0,Overnight,0.0,False,-14.25,-14.25,22.78,False,0.0,False
2012-08-09,2012-08-10,0,Overnight,0.0,False,-40.62,-40.62,56.96,False,0.0,False
2012-08-10,2012-08-13,2,Weekend,48.0,False,-17.05,-17.05,12.08,False,0.0,False
2012-08-13,2012-08-14,0,Overnight,0.0,False,36.87,36.87,-35.45,False,0.0,False
2012-08-14,2012-08-15,0,Overnight,0.0,False,-10.66,-10.66,22.02,False,0.0,False
2012-08-15,2012-08-16,0,Overnight,0.0,False,14.18,14.18,59.34,False,0.0,False
2012-08-16,2012-08-17,0,Overnight,0.0,False,16.89,16.89,-3.52,False,0.0,False
2012-08-17,2012-08-20,2,Weekend,48.0,False,-14.08,-14.08,14.78,False,0.0,False
2012-08-20,2012-08-21,0,Overnight,0.0,False,24.58,24.58,-54.87,False,0.0,False
2012-08-21,2012-08-22,0,Overnight,0.0,False,-25.43,-25.43,29.66,False,0.0,False
2012-08-22,2012-08-23,0,Overnight,0.0,False,-24.71,-24.71,-57.42,False,0.0,False
2012-08-23,2012-08-24,0,Overnight,0.0,False,-24.91,-24.91,85.16,False,0.0,False
2012-08-24,2012-08-27,2,Weekend,48.0,False,26.82,26.82,-24.7,False,0.0,False
2012-08-27,2012-08-28,0,Overnight,0.0,False,-25.47,-25.47,15.57,False,0.0,False
2012-08-28,2012-08-29,0,Overnight,0.0,False,8.48,8.48,-0.71,False,0.0,False
2012-08-29,2012-08-30,0,Overnight,0.0,False,-43.2,-43.2,-29.14,False,0.0,False
2012-08-30,2012-08-31,0,Overnight,0.0,False,56.78,56.78,-9.2,False,0.0,False
2012-08-31,2012-09-04,3,Long,72.0,False,-8.51,-8.51,-0.71,False,0.0,False
2012-09-04,2012-09-05,0,Overnight,0.0,False,4.25,4.25,-12.77,False,0.0,False
2012-09-05,2012-09-06,0,Overnight,0.0,False,60.14,60.14,140.79,False,0.0,False
2012-09-06,2012-09-07,0,Overnight,0.0,False,16.68,16.68,22.2,False,0.0,False
2012-09-07,2012-09-10,2,Weekend,48.0,False,-9.7,-9.7,-47.27,False,0.0,False
2012-09-10,2012-09-11,0,Overnight,0.0,False,6.27,6.27,21.56,False,0.0,False
2012-09-11,2012-09-12,0,Overnight,0.0,False,33.3,33.3,0.0,False,0.0,False
2012-09-12,2012-09-13,0,Overnight,0.0,False,-1.39,-1.39,152.6,False,0.0,False
2012-09-13,2012-09-14,0,Overnight,0.0,False,19.76,19.76,24.48,False,0.0,False
2012-09-14,2012-09-17,2,Weekend,48.0,False,-20.4,-20.4,-13.62,False,0.0,False
2012-09-17,2012-09-18,0,Overnight,0.0,False,-17.05,-17.05,8.87,False,0.0,False
2012-09-18,2012-09-19,0,Overnight,0.0,False,11.59,11.59,-6.13,False,0.0,False
2012-09-19,2012-09-20,0,Overnight,0.0,False,-45.78,-45.78,46.46,False,0.0,False
2012-09-20,2012-09-21,0,Overnight,0.0,False,-4.77,48.21,-52.65,True,53.1,False
2012-09-21,2012-09-24,2,Weekend,48.0,False,-49.48,-49.48,34.39,False,0.0,False
2012-09-24,2012-09-25,0,Overnight,0.0,False,21.26,21.26,-128.25,False,0.0,False
2012-09-25,2012-09-26,0,Overnight,0.0,False,-2.08,-2.08,-54.29,False,0.0,False
2012-09-26,2012-09-27,0,Overnight,0.0,False,41.79,41.79,51.99,False,0.0,False
2012-09-27,2012-09-28,0,Overnight,0.0,False,-38.1,-38.1,-8.33,False,0.0,False
2012-09-28,2012-10-01,2,Weekend,48.0,False,38.13,38.13,-11.77,False,0.0,False
2012-10-01,2012-10-02,0,Overnight,0.0,False,39.41,39.41,-29.02,False,0.0,False
2012-10-02,2012-10-03,0,Overnight,0.0,False,26.95,26.95,13.79,False,0.0,False
2012-10-03,2012-10-04,0,Overnight,0.0,False,37.84,37.84,33.59,False,0.0,False
2012-10-04,2012-10-05,0,Overnight,0.0,False,53.24,53.24,-52.55,False,0.0,False
2012-10-05,2012-10-08,2,Weekend,48.0,False,-37.02,-37.02,2.75,False,0.0,False
2012-10-08,2012-10-09,0,Overnight,0.0,False,-7.56,-7.56,-91.81,False,0.0,False
2012-10-09,2012-10-10,0,Overnight,0.0,False,-1.39,-1.39,-62.62,False,0.0,False
2012-10-10,2012-10-11,0,Overnight,0.0,False,69.55,69.55,-63.97,False,0.0,False
2012-10-11,2012-10-12,0,Overnight,0.0,False,6.97,6.97,-39.81,False,0.0,False
2012-10-12,2012-10-15,2,Weekend,48.0,False,23.77,23.77,59.17,False,0.0,False
2012-10-15,2012-10-16,0,Overnight,0.0,False,47.08,47.08,53.74,False,0.0,False
2012-10-16,2012-10-17,0,Overnight,0.0,False,6.87,6.87,38.38,False,0.0,False
2012-10-17,2012-10-18,0,Overnight,0.0,False,-26.02,-26.02,0.0,False,0.0,False
2012-10-18,2012-10-19,0,Overnight,0.0,False,-18.53,-18.53,-149.52,False,0.0,False
2012-10-19,2012-10-22,2,Weekend,48.0,False,-16.75,-16.75,18.15,False,0.0,False
2012-10-22,2012-10-23,0,Overnight,0.0,False,-108.67,-108.67,-31.06,False,0.0,False
2012-10-23,2012-10-24,0,Overnight,0.0,False,36.0,36.0,-64.32,False,0.0,False
2012-10-24,2012-10-25,0,Overnight,0.0,False,70.66,70.66,-41.63,False,0.0,False
2012-10-25,2012-10-26,0,Overnight,0.0,False,-9.2,-9.2,3.54,False,0.0,False
2012-10-26,2012-10-31,4,Long,96.0,False,35.31,35.31,-35.31,False,0.0,False
2012-10-31,2012-11-01,0,Overnight,0.0,False,21.2,21.2,82.96,False,0.0,False
2012-11-01,2012-11-02,0,Overnight,0.0,False,59.33,59.33,-148.65,False,0.0,False
2012-11-02,2012-11-05,2,Weekend,49.0,False,-14.85,-14.85,35.31,False,0.0,False
2012-11-05,2012-11-06,0,Overnight,0.0,False,30.27,30.27,47.68,False,0.0,False
2012-11-06,2012-11-07,0,Overnight,0.0,False,-91.35,-91.35,-137.89,False,0.0,False
2012-11-07,2012-11-08,0,Overnight,0.0,False,-1.43,-1.43,-119.54,False,0.0,False
2012-11-08,2012-11-09,0,Overnight,0.0,False,-30.47,-30.47,39.16,False,0.0,False
2012-11-09,2012-11-12,2,Weekend,48.0,False,31.07,31.07,-23.12,False,0.0,False
2012-11-12,2012-11-13,0,Overnight,0.0,False,-52.94,-52.94,18.16,False,0.0,False
2012-11-13,2012-11-14,0,Overnight,0.0,False,30.44,30.44,-166.34,False,0.0,False
2012-11-14,2012-11-15,0,Overnight,0.0,False,3.68,3.68,-20.61,False,0.0,False
2012-11-15,2012-11-16,0,Overnight,0.0,False,14.73,14.73,34.52,False,0.0,False
2012-11-16,2012-11-19,2,Weekend,48.0,False,111.57,111.57,88.8,False,0.0,False
2012-11-19,2012-11-20,0,Overnight,0.0,False,-15.83,-15.83,20.14,False,0.0,False
2012-11-20,2012-11-21,0,Overnight,0.0,False,8.62,8.62,10.04,False,0.0,False
2012-11-21,2012-11-23,1,Short,24.0,False,48.65,48.65,86.69,False,0.0,False
2012-11-23,2012-11-26,2,Weekend,48.0,True,-49.65,-49.65,28.4,False,0.0,False
2012-11-26,2012-11-27,0,Overnight,0.0,False,-9.93,-9.93,-41.25,False,0.0,False
2012-11-27,2012-11-28,0,Overnight,0.0,False,-40.7,-40.7,120.9,False,0.0,False
2012-11-28,2012-11-29,0,Overnight,0.0,False,37.4,37.4,9.15,False,0.0,False
2012-11-29,2012-11-30,0,Overnight,0.0,False,1.41,1.41,0.7,False,0.0,False
2012-11-30,2012-12-03,2,Weekend,48.0,False,45.62,45.62,-94.99,False,0.0,False
2012-12-03,2012-12-04,0,Overnight,0.0,False,-0.71,-0.71,-13.44,False,0.0,False
2012-12-04,2012-12-05,0,Overnight,0.0,False,8.49,8.49,9.19,False,0.0,False
2012-12-05,2012-12-06,0,Overnight,0.0,False,-9.19,-9.19,43.06,False,0.0,False
2012-12-06,2012-12-07,0,Overnight,0.0,False,38.66,38.66,-8.42,False,0.0,False
2012-12-07,2012-12-10,2,Weekend,48.0,False,-14.05,-14.05,18.27,False,0.0,False
2012-12-10,2012-12-11,0,Overnight,0.0,False,41.33,41.33,26.53,False,0.0,False
2012-12-11,2012-12-12,0,Overnight,0.0,False,38.96,38.96,-34.09,False,0.0,False
2012-12-12,2012-12-13,0,Overnight,0.0,False,-6.27,-6.27,-55.23,False,0.0,False
2012-12-13,2012-12-14,0,Overnight,0.0,False,-21.76,-21.76,-15.47,False,0.0,False
2012-12-14,2012-12-17,2,Weekend,48.0,False,26.0,26.0,90.83,False,0.0,False
2012-12-17,2012-12-18,0,Overnight,0.0,False,15.98,15.98,94.69,False,0.0,False
2012-12-18,2012-12-19,0,Overnight,0.0,False,11.0,11.0,-85.57,False,0.0,False
2012-12-19,2012-12-20,0,Overnight,0.0,False,6.24,6.24,51.12,False,0.0,False
2012-12-20,2012-12-21,0,Overnight,0.0,False,-205.37,-133.75,43.51,True,70.42,False
2012-12-21,2012-12-24,2,Weekend,48.0,False,-21.73,-21.73,-9.13,False,0.0,False
2012-12-24,2012-12-26,1,Short,24.0,True,20.35,20.35,-62.59,False,0.0,False
2012-12-26,2012-12-27,0,Overnight,0.0,False,2.82,2.82,-16.23,False,0.0,False
2012-12-27,2012-12-28,0,Overnight,0.0,False,-65.2,-65.2,-43.47,False,0.0,False
2012-12-28,2012-12-31,2,Weekend,48.0,False,-26.46,-26.46,194.99,False,0.0,False
2012-12-31,2013-01-02,1,Short,24.0,False,187.82,187.82,65.25,False,0.0,False
2013-01-02,2013-01-03,0,Overnight,0.0,False,-4.79,-4.79,-17.83,False,0.0,False
2013-01-03,2013-01-04,0,Overnight,0.0,False,16.46,16.46,27.37,False,0.0,False
2013-01-04,2013-01-07,2,Weekend,48.0,False,-35.59,-35.59,8.22,False,0.0,False
2013-01-07,2013-01-08,0,Overnight,0.0,False,-17.83,-17.83,-10.99,False,0.0,False
2013-01-08,2013-01-09,0,Overnight,0.0,False,21.96,21.96,3.43,False,0.0,False
2013-01-09,2013-01-10,0,Overnight,0.0,False,55.36,55.36,23.83,False,0.0,False
2013-01-10,2013-01-11,0,Overnight,0.0,False,-2.72,-2.72,2.04,False,0.0,False
2013-01-11,2013-01-14,2,Weekend,48.0,False,-12.25,-12.25,5.44,False,0.0,False
2013-01-14,2013-01-15,0,Overnight,0.0,False,-46.38,-46.38,53.18,False,0.0,False
2013-01-15,2013-01-16,0,Overnight,0.0,False,-20.42,-20.42,19.06,False,0.0,False
2013-01-16,2013-01-17,0,Overnight,0.0,False,44.1,44.1,20.29,False,0.0,False
2013-01-17,2013-01-18,0,Overnight,0.0,False,-2.03,-2.03,24.3,False,0.0,False
2013-01-18,2013-01-22,3,Long,72.0,False,0.0,0.0,53.79,False,0.0,False
2013-01-22,2013-01-23,0,Overnight,0.0,False,0.0,0.0,16.08,False,0.0,False
2013-01-23,2013-01-24,0,Overnight,0.0,False,-14.74,-14.74,17.42,False,0.0,False
2013-01-24,2013-01-25,0,Overnight,0.0,False,31.41,31.41,24.66,False,0.0,False
2013-01-25,2013-01-28,2,Weekend,48.0,False,2.66,2.66,-14.65,False,0.0,False
2013-01-28,2013-01-29,0,Overnight,0.0,False,-20.01,-20.01,59.25,False,0.0,False
2013-01-29,2013-01-30,0,Overnight,0.0,False,-1.33,-1.33,-37.91,False,0.0,False
2013-01-30,2013-01-31,0,Overnight,0.0,False,-12.0,-12.0,-12.68,False,0.0,False
2013-01-31,2013-02-01,0,Overnight,0.0,False,63.26,63.26,39.09,False,0.0,False
2013-02-01,2013-02-04,2,Weekend,48.0,False,-61.02,-61.02,-52.03,False,0.0,False
2013-02-04,2013-02-05,0,Overnight,0.0,False,54.02,54.02,46.45,False,0.0,False
2013-02-05,2013-02-06,0,Overnight,0.0,False,-35.15,-35.15,42.43,False,0.0,False
2013-02-06,2013-02-07,0,Overnight,0.0,False,3.31,3.31,-16.55,False,0.0,False
2013-02-07,2013-02-08,0,Overnight,0.0,False,17.21,17.21,38.28,False,0.0,False
2013-02-08,2013-02-11,2,Weekend,48.0,False,-3.95,-3.95,1.98,False,0.0,False
2013-02-11,2013-02-12,0,Overnight,0.0,False,0.66,0.66,15.8,False,0.0,False
2013-02-12,2013-02-13,0,Overnight,0.0,False,20.37,20.37,-11.82,False,0.0,False
2013-02-13,2013-02-14,0,Overnight,0.0,False,-30.28,-30.28,39.48,False,0.0,False
2013-02-14,2013-02-15,0,Overnight,0.0,False,9.19,9.19,-21.01,False,0.0,False
2013-02-15,2013-02-19,3,Long,72.0,False,17.08,17.08,57.59,False,0.0,False
2013-02-19,2013-02-20,0,Overnight,0.0,False,-7.18,-7.18,-118.24,False,0.0,False
2013-02-20,2013-02-21,0,Overnight,0.0,False,-25.14,-25.14,-35.84,False,0.0,False
2013-02-21,2013-02-22,0,Overnight,0.0,False,48.41,48.41,48.84,False,0.0,False
2013-02-22,2013-02-25,2,Weekend,48.0,False,48.6,48.6,-240.7,False,0.0,False
2013-02-25,2013-02-26,0,Overnight,0.0,False,48.21,48.21,20.02,False,0.0,False
2013-02-26,2013-02-27,0,Overnight,0.0,False,-8.67,-8.67,133.87,False,0.0,False
2013-02-27,2013-02-28,0,Overnight,0.0,False,-0.66,-0.66,-19.11,False,0.0,False
2013-02-28,2013-03-01,0,Overnight,0.0,False,-34.36,-34.36,67.28,False,0.0,False
2013-03-01,2013-03-04,2,Weekend,48.0,False,-23.04,-23.04,76.15,False,0.0,False
2013-03-04,2013-03-05,0,Overnight,0.0,False,48.27,48.27,40.92,False,0.0,False
2013-03-05,2013-03-06,0,Overnight,0.0,False,35.58,35.58,-21.98,False,0.0,False
2013-03-06,2013-03-07,0,Overnight,0.0,False,12.94,12.94,5.17,False,0.0,False
2013-03-07,2013-03-08,0,Overnight,0.0,False,43.84,43.84,-1.29,False,0.0,False
2013-03-08,2013-03-11,2,Weekend,47.0,False,-7.72,-7.72,45.61,False,0.0,False
2013-03-11,2013-03-12,0,Overnight,0.0,False,-7.05,-7.05,-15.4,False,0.0,False
2013-03-12,2013-03-13,0,Overnight,0.0,False,5.14,5.14,8.98,False,0.0,False
2013-03-13,2013-03-14,0,Overnight,0.0,False,26.26,26.26,26.83,False,0.0,False
2013-03-14,2013-03-15,0,Overnight,0.0,False,-56.31,-11.87,-1.28,True,44.28,False
2013-03-15,2013-03-18,2,Weekend,48.0,False,-96.08,-96.08,40.74,False,0.0,False
2013-03-18,2013-03-19,0,Overnight,0.0,False,21.27,21.27,-44.53,False,0.0,False
2013-03-19,2013-03-20,0,Overnight,0.0,False,58.69,58.69,10.92,False,0.0,False
2013-03-20,2013-03-21,0,Overnight,0.0,False,-59.91,-59.91,-25.88,False,0.0,False
2013-03-21,2013-03-22,0,Overnight,0.0,False,31.69,31.69,48.32,False,0.0,False
2013-03-22,2013-03-25,2,Weekend,48.0,False,26.31,26.31,-68.18,False,0.0,False
2013-03-25,2013-03-26,0,Overnight,0.0,False,41.22,41.22,38.49,False,0.0,False
2013-03-26,2013-03-27,0,Overnight,0.0,False,-59.72,-59.72,59.72,False,0.0,False
2013-03-27,2013-03-28,0,Overnight,0.0,False,-6.4,-6.4,37.09,False,0.0,False
2013-03-28,2013-04-01,3,Long,72.0,False,-5.11,-5.11,-34.54,False,0.0,False
2013-04-01,2013-04-02,0,Overnight,0.0,False,35.82,35.82,13.4,False,0.0,False
2013-04-02,2013-04-03,0,Overnight,0.0,False,5.74,5.74,-107.65,False,0.0,False
2013-04-03,2013-04-04,0,Overnight,0.0,False,12.88,12.88,27.63,False,0.0,False
2013-04-04,2013-04-05,0,Overnight,0.0,False,-123.3,-123.3,78.29,False,0.0,False
2013-04-05,2013-04-08,2,Weekend,48.0,False,7.09,7.09,60.36,False,0.0,False
2013-04-08,2013-04-09,0,Overnight,0.0,False,18.55,18.55,15.96,False,0.0,False
2013-04-09,2013-04-10,0,Overnight,0.0,False,26.76,26.76,94.99,False,0.0,False
2013-04-10,2013-04-11,0,Overnight,0.0,False,1.89,1.89,30.83,False,0.0,False
2013-04-11,2013-04-12,0,Overnight,0.0,False,-32.09,-32.09,7.56,False,0.0,False
2013-04-12,2013-04-15,2,Weekend,48.0,False,-50.51,-50.51,-183.96,False,0.0,False
2013-04-15,2013-04-16,0,Overnight,0.0,False,75.14,75.14,71.41,False,0.0,False
2013-04-16,2013-04-17,0,Overnight,0.0,False,-71.41,-71.41,-75.79,False,0.0,False
2013-04-17,2013-04-18,0,Overnight,0.0,False,16.75,16.75,-79.48,False,0.0,False
2013-04-18,2013-04-19,0,Overnight,0.0,False,23.33,23.33,63.23,False,0.0,False
2013-04-19,2013-04-22,2,Weekend,48.0,False,19.28,19.28,25.0,False,0.0,False
2013-04-22,2013-04-23,0,Overnight,0.0,False,49.82,49.82,52.74,False,0.0,False
2013-04-23,2013-04-24,0,Overnight,0.0,False,3.17,3.17,3.17,False,0.0,False
2013-04-24,2013-04-25,0,Overnight,0.0,False,29.09,29.09,11.36,False,0.0,False
2013-04-25,2013-04-26,0,Overnight,0.0,False,-11.99,-11.99,-5.69,False,0.0,False
2013-04-26,2013-04-29,2,Weekend,48.0,False,27.14,27.14,39.63,False,0.0,False
2013-04-29,2013-04-30,0,Overnight,0.0,False,-1.88,-1.88,25.71,False,0.0,False
2013-04-30,2013-05-01,0,Overnight,0.0,False,-21.94,-21.94,-66.12,False,0.0,False
2013-05-01,2013-05-02,0,Overnight,0.0,False,25.24,25.24,67.21,False,0.0,False
2013-05-02,2013-05-03,0,Overnight,0.0,False,86.63,86.63,14.26,False,0.0,False
2013-05-03,2013-05-06,2,Weekend,48.0,False,7.43,7.43,17.94,False,0.0,False
2013-05-06,2013-05-07,0,Overnight,0.0,False,21.61,21.61,28.95,False,0.0,False
2013-05-07,2013-05-08,0,Overnight,0.0,False,-11.08,-11.08,56.48,False,0.0,False
2013-05-08,2013-05-09,0,Overnight,0.0,False,-4.29,-4.29,-23.92,False,0.0,False
2013-05-09,2013-05-10,0,Overnight,0.0,False,6.75,6.75,25.74,False,0.0,False
2013-05-10,2013-05-13,2,Weekend,48.0,False,-12.86,-12.86,20.81,False,0.0,False
2013-05-13,2013-05-14,0,Overnight,0.0,False,7.95,7.95,94.86,False,0.0,False
2013-05-14,2013-05-15,0,Overnight,0.0,False,-16.35,-16.35,70.07,False,0.0,False
2013-05-15,2013-05-16,0,Overnight,0.0,False,-20.49,-20.49,-26.58,False,0.0,False
2013-05-16,2013-05-17,0,Overnight,0.0,False,36.83,36.83,59.48,False,0.0,False
2013-05-17,2013-05-20,2,Weekend,48.0,False,-9.59,-9.59,8.99,False,0.0,False
2013-05-20,2013-05-21,0,Overnight,0.0,False,8.98,8.98,5.38,False,0.0,False
2013-05-21,2013-05-22,0,Overnight,0.0,False,10.16,10.16,-84.62,False,0.0,False
2013-05-22,2013-05-23,0,Overnight,0.0,False,-107.24,-107.24,78.27,False,0.0,False
2013-05-23,2013-05-24,0,Overnight,0.0,False,-59.41,-59.41,50.94,False,0.0,False
2013-05-24,2013-05-28,3,Long,72.0,False,104.11,104.11,-44.4,False,0.0,False
2013-05-28,2013-05-29,0,Overnight,0.0,False,-53.06,-53.06,-12.1,False,0.0,False
2013-05-29,2013-05-30,0,Overnight,0.0,False,7.87,7.87,28.99,False,0.0,False
2013-05-30,2013-05-31,0,Overnight,0.0,False,-27.78,-27.78,-116.78,False,0.0,False
2013-05-31,2013-06-03,2,Weekend,48.0,False,23.22,23.22,31.69,False,0.0,False
2013-06-03,2013-06-04,0,Overnight,0.0,False,5.47,5.47,-53.66,False,0.0,False
2013-06-04,2013-06-05,0,Overnight,0.0,False,-28.78,-28.78,-112.22,False,0.0,False
2013-06-05,2013-06-06,0,Overnight,0.0,False,-4.34,-4.34,94.47,False,0.0,False
2013-06-06,2013-06-07,0,Overnight,0.0,False,68.59,68.59,57.81,False,0.0,False
2013-06-07,2013-06-10,2,Weekend,48.0,False,30.9,30.9,-30.9,False,0.0,False
2013-06-10,2013-06-11,0,Overnight,0.0,False,-91.44,-91.44,-12.25,False,0.0,False
2013-06-11,2013-06-12,0,Overnight,0.0,False,68.43,68.43,-151.55,False,0.0,False
2013-06-12,2013-06-13,0,Overnight,0.0,False,-5.57,-5.57,156.51,False,0.0,False
2013-06-13,2013-06-14,0,Overnight,0.0,False,-10.97,-10.97,-51.95,False,0.0,False
2013-06-14,2013-06-17,2,Weekend,48.0,False,67.79,67.79,9.13,False,0.0,False
2013-06-17,2013-06-18,0,Overnight,0.0,False,5.47,5.47,73.27,False,0.0,False
2013-06-18,2013-06-19,0,Overnight,0.0,False,-8.45,-8.45,-130.68,False,0.0,False
2013-06-19,2013-06-20,0,Overnight,0.0,False,-97.75,-97.75,-153.15,False,0.0,False
2013-06-20,2013-06-21,0,Overnight,0.0,False,15.05,67.46,-35.77,True,52.63,False
2013-06-21,2013-06-24,2,Weekend,48.0,False,-104.91,-104.91,-22.26,False,0.0,False
2013-06-24,2013-06-25,0,Overnight,0.0,False,90.0,90.0,5.68,False,0.0,False
2013-06-25,2013-06-26,0,Overnight,0.0,False,81.65,81.65,16.87,False,0.0,False
2013-06-26,2013-06-27,0,Overnight,0.0,False,59.77,59.77,-1.24,False,0.0,False
2013-06-27,2013-06-28,0,Overnight,0.0,False,-27.98,-27.98,-13.08,False,0.0,False
2013-06-28,2013-07-01,2,Weekend,48.0,False,52.23,52.23,6.2,False,0.0,False
2013-07-01,2013-07-02,0,Overnight,0.0,False,-14.89,-14.89,5.59,False,0.0,False
2013-07-02,2013-07-03,0,Overnight,0.0,False,-45.39,-45.39,49.73,False,0.0,False
2013-07-03,2013-07-05,1,Short,24.0,True,73.51,73.51,33.8,False,0.0,False
2013-07-05,2013-07-08,2,Weekend,48.0,False,51.39,51.39,5.49,False,0.0,False
2013-07-08,2013-07-09,0,Overnight,0.0,False,62.63,62.63,9.09,False,0.0,False
2013-07-09,2013-07-10,0,Overnight,0.0,False,-9.69,-9.69,13.33,False,0.0,False
2013-07-10,2013-07-11,0,Overnight,0.0,False,115.56,115.56,19.73,False,0.0,False
2013-07-11,2013-07-12,0,Overnight,0.0,False,-2.99,-2.99,7.17,False,0.0,False
2013-07-12,2013-07-15,2,Weekend,48.0,False,27.42,27.42,10.71,False,0.0,False
2013-07-15,2013-07-16,0,Overnight,0.0,False,6.54,6.54,-44.08,False,0.0,False
2013-07-16,2013-07-17,0,Overnight,0.0,False,38.13,38.13,-12.5,False,0.0,False
2013-07-17,2013-07-18,0,Overnight,0.0,False,21.41,21.41,33.22,False,0.0,False
2013-07-18,2013-07-19,0,Overnight,0.0,False,-20.75,-20.75,38.5,False,0.0,False
2013-07-19,2013-07-22,2,Weekend,48.0,False,14.18,14.18,5.31,False,0.0,False
2013-07-22,2013-07-23,0,Overnight,0.0,False,17.68,17.68,-38.95,False,0.0,False
2013-07-23,2013-07-24,0,Overnight,0.0,False,38.36,38.36,-75.08,False,0.0,False
2013-07-24,2013-07-25,0,Overnight,0.0,False,-17.82,-17.82,42.12,False,0.0,False
2013-07-25,2013-07-26,0,Overnight,0.0,False,-42.12,-42.12,52.77,False,0.0,False
2013-07-26,2013-07-29,2,Weekend,48.0,False,-25.46,-25.46,-5.34,False,0.0,False
2013-07-29,2013-07-30,0,Overnight,0.0,False,30.21,30.21,-30.21,False,0.0,False
2013-07-30,2013-07-31,0,Overnight,0.0,False,20.74,20.74,-13.62,False,0.0,False
2013-07-31,2013-08-01,0,Overnight,0.0,False,75.58,75.58,39.34,False,0.0,False
2013-08-01,2013-08-02,0,Overnight,0.0,False,-22.29,-22.29,39.27,False,0.0,False
2013-08-02,2013-08-05,2,Weekend,48.0,False,-22.25,-22.25,7.62,False,0.0,False
2013-08-05,2013-08-06,0,Overnight,0.0,False,-19.35,-19.35,-37.64,False,0.0,False
2013-08-06,2013-08-07,0,Overnight,0.0,False,-31.87,-31.87,-0.59,False,0.0,False
2013-08-07,2013-08-08,0,Overnight,0.0,False,47.18,47.18,-10.59,False,0.0,False
2013-08-08,2013-08-09,0,Overnight,0.0,False,-12.96,-12.96,-15.93,False,0.0,False
2013-08-09,2013-08-12,2,Weekend,48.0,False,-50.33,-50.33,38.51,False,0.0,False
2013-08-12,2013-08-13,0,Overnight,0.0,False,17.72,17.72,11.8,False,0.0,False
2013-08-13,2013-08-14,0,Overnight,0.0,False,-4.72,-4.72,-46.71,False,0.0,False
2013-08-14,2013-08-15,0,Overnight,0.0,False,-79.13,-79.13,-61.72,False,0.0,False
2013-08-15,2013-08-16,0,Overnight,0.0,False,-19.25,-19.25,-13.86,False,0.0,False
2013-08-16,2013-08-19,2,Weekend,48.0,False,-11.46,-11.46,-52.66,False,0.0,False
2013-08-19,2013-08-20,0,Overnight,0.0,False,16.37,16.37,32.67,False,0.0,False
2013-08-20,2013-08-21,0,Overnight,0.0,False,-27.82,-27.82,-33.97,False,0.0,False
2013-08-21,2013-08-22,0,Overnight,0.0,False,20.64,20.64,70.1,False,0.0,False
2013-08-22,2013-08-23,0,Overnight,0.0,False,29.46,29.46,4.2,False,0.0,False
2013-08-23,2013-08-26,2,Weekend,48.0,False,10.2,10.2,-47.48,False,0.0,False
2013-08-26,2013-08-27,0,Overnight,0.0,False,-99.29,-99.29,-62.86,False,0.0,False
2013-08-27,2013-08-28,0,Overnight,0.0,False,-4.29,-4.29,39.74,False,0.0,False
2013-08-28,2013-08-29,0,Overnight,0.0,False,-21.99,-21.99,37.84,False,0.0,False
2013-08-29,2013-08-30,0,Overnight,0.0,False,20.69,20.69,-52.41,False,0.0,False
2013-08-30,2013-09-03,3,Long,72.0,False,96.08,96.08,-50.97,False,0.0,False
2013-09-03,2013-09-04,0,Overnight,0.0,False,2.43,2.43,79.96,False,0.0,False
2013-09-04,2013-09-05,0,Overnight,0.0,False,6.03,6.03,6.63,False,0.0,False
2013-09-05,2013-09-06,0,Overnight,0.0,False,33.09,33.09,-28.27,False,0.0,False
2013-09-06,2013-09-09,2,Weekend,48.0,False,24.66,24.66,70.64,False,0.0,False
2013-09-09,2013-09-10,0,Overnight,0.0,False,60.07,60.07,13.63,False,0.0,False
2013-09-10,2013-09-11,0,Overnight,0.0,False,-13.63,-13.63,44.96,False,0.0,False
2013-09-11,2013-09-12,0,Overnight,0.0,False,-3.54,-3.54,-23.06,False,0.0,False
2013-09-12,2013-09-13,0,Overnight,0.0,False,10.65,10.65,11.82,False,0.0,False
2013-09-13,2013-09-16,2,Weekend,48.0,False,107.49,107.49,-49.79,False,0.0,False
2013-09-16,2013-09-17,0,Overnight,0.0,False,8.8,8.8,35.72,False,0.0,False
2013-09-17,2013-09-18,0,Overnight,0.0,False,-3.51,-3.51,118.59,False,0.0,False
2013-09-18,2013-09-19,0,Overnight,0.0,False,27.12,27.12,-43.9,False,0.0,False
2013-09-19,2013-09-20,0,Overnight,0.0,False,-24.92,23.59,-93.86,True,48.51,False
2013-09-20,2013-09-23,2,Weekend,48.0,False,-13.48,-13.48,-32.9,False,0.0,False
2013-09-23,2013-09-24,0,Overnight,0.0,False,-1.77,-1.77,-21.8,False,0.0,False
2013-09-24,2013-09-25,0,Overnight,0.0,False,6.49,6.49,-35.43,False,0.0,False
2013-09-25,2013-09-26,0,Overnight,0.0,False,16.55,16.55,21.83,False,0.0,False
2013-09-26,2013-09-27,0,Overnight,0.0,False,-50.22,-50.22,4.15,False,0.0,False
2013-09-27,2013-09-30,2,Weekend,48.0,False,-85.02,-85.02,31.6,False,0.0,False
2013-09-30,2013-10-01,0,Overnight,0.0,False,7.73,7.73,71.12,False,0.0,False
2013-10-01,2013-10-02,0,Overnight,0.0,False,-58.63,-58.63,49.18,False,0.0,False
2013-10-02,2013-10-03,0,Overnight,0.0,False,-23.08,-23.08,-69.56,False,0.0,False
2013-10-03,2013-10-04,0,Overnight,0.0,False,7.75,7.75,67.73,False,0.0,False
2013-10-04,2013-10-07,2,Weekend,48.0,False,-87.42,-87.42,0.6,False,0.0,False
2013-10-07,2013-10-08,0,Overnight,0.0,False,-1.79,-1.79,-115.36,False,0.0,False
2013-10-08,2013-10-09,0,Overnight,0.0,False,19.32,19.32,-12.07,False,0.0,False
2013-10-09,2013-10-10,0,Overnight,0.0,False,101.54,101.54,111.75,False,0.0,False
2013-10-10,2013-10-11,0,Overnight,0.0,False,-15.38,-15.38,79.61,False,0.0,False
2013-10-11,2013-10-14,2,Weekend,48.0,False,-61.86,-61.86,101.72,False,0.0,False
2013-10-14,2013-10-15,0,Overnight,0.0,False,-25.19,-25.19,-47.62,False,0.0,False
2013-10-15,2013-10-16,0,Overnight,0.0,False,59.93,59.93,78.77,False,0.0,False
2013-10-16,2013-10-17,0,Overnight,0.0,False,-40.76,-40.76,107.38,False,0.0,False
2013-10-17,2013-10-18,0,Overnight,0.0,False,36.88,36.88,30.44,False,0.0,False
2013-10-18,2013-10-21,2,Weekend,48.0,False,3.44,3.44,-2.87,False,0.0,False
2013-10-21,2013-10-22,0,Overnight,0.0,False,29.2,29.2,28.55,False,0.0,False
2013-10-22,2013-10-23,0,Overnight,0.0,False,-34.26,-34.26,-13.74,False,0.0,False
2013-10-23,2013-10-24,0,Overnight,0.0,False,20.03,20.03,13.14,False,0.0,False
2013-10-24,2013-10-25,0,Overnight,0.0,False,20.53,20.53,25.04,False,0.0,False
2013-10-25,2013-10-28,2,Weekend,48.0,False,-3.41,-3.41,19.31,False,0.0,False
2013-10-28,2013-10-29,0,Overnight,0.0,False,22.67,22.67,30.53,False,0.0,False
2013-10-29,2013-10-30,0,Overnight,0.0,False,11.85,11.85,-61.64,False,0.0,False
2013-10-30,2013-10-31,0,Overnight,0.0,False,-7.94,-7.94,-20.46,False,0.0,False
2013-10-31,2013-11-01,0,Overnight,0.0,False,13.08,13.08,10.79,False,0.0,False
2013-11-01,2013-11-04,2,Weekend,49.0,False,27.2,27.2,7.92,False,0.0,False
2013-11-04,2013-11-05,0,Overnight,0.0,False,-39.1,-39.1,7.38,False,0.0,False
2013-11-05,2013-11-06,0,Overnight,0.0,False,43.02,43.02,7.91,False,0.0,False
2013-11-06,2013-11-07,0,Overnight,0.0,False,18.61,18.61,-145.85,False,0.0,False
2013-11-07,2013-11-08,0,Overnight,0.0,False,-3.43,-3.43,137.44,False,0.0,False
2013-11-08,2013-11-11,2,Weekend,48.0,False,-9.59,-9.59,11.29,False,0.0,False
2013-11-11,2013-11-12,0,Overnight,0.0,False,-21.45,-21.45,1.13,False,0.0,False
2013-11-12,2013-11-13,0,Overnight,0.0,False,-49.29,-49.29,129.21,False,0.0,False
2013-11-13,2013-11-14,0,Overnight,0.0,False,8.96,8.96,40.8,False,0.0,False
2013-11-14,2013-11-15,0,Overnight,0.0,False,16.16,16.16,27.25,False,0.0,False
2013-11-15,2013-11-18,2,Weekend,48.0,False,16.65,16.65,-51.7,False,0.0,False
2013-11-18,2013-11-19,0,Overnight,0.0,False,-5.02,-5.02,-16.74,False,0.0,False
2013-11-19,2013-11-20,0,Overnight,0.0,False,20.09,20.09,-51.42,False,0.0,False
2013-11-20,2013-11-21,0,Overnight,0.0,False,27.98,27.98,52.39,False,0.0,False
2013-11-21,2013-11-22,0,Overnight,0.0,False,3.89,3.89,46.01,False,0.0,False
2013-11-22,2013-11-25,2,Weekend,48.0,False,17.68,17.68,-27.64,False,0.0,False
2013-11-25,2013-11-26,0,Overnight,0.0,False,4.98,4.98,-2.21,False,0.0,False
2013-11-26,2013-11-27,0,Overnight,0.0,False,10.51,10.51,13.81,False,0.0,False
2013-11-27,2013-11-29,1,Short,24.0,False,11.04,11.04,-17.66,False,0.0,False
2013-11-29,2013-12-02,2,Weekend,48.0,True,4.97,4.97,-30.97,False,0.0,False
2013-12-02,2013-12-03,0,Overnight,0.0,False,-32.73,-32.73,-10.56,False,0.0,False
2013-12-03,2013-12-04,0,Overnight,0.0,False,-36.23,-36.23,35.11,False,0.0,False
2013-12-04,2013-12-05,0,Overnight,0.0,False,-17.82,-17.82,-26.23,False,0.0,False
2013-12-05,2013-12-06,0,Overnight,0.0,False,96.22,96.22,14.93,False,0.0,False
2013-12-06,2013-12-09,2,Weekend,48.0,False,29.25,29.25,-3.86,False,0.0,False
2013-12-09,2013-12-10,0,Overnight,0.0,False,-23.18,-23.18,-12.72,False,0.0,False
2013-12-10,2013-12-11,0,Overnight,0.0,False,3.87,3.87,-116.82,False,0.0,False
2013-12-11,2013-12-12,0,Overnight,0.0,False,-4.48,-4.48,-28.59,False,0.0,False
2013-12-12,2013-12-13,0,Overnight,0.0,False,20.75,20.75,-21.87,False,0.0,False
2013-12-13,2013-12-16,2,Weekend,48.0,False,47.05,47.05,15.08,False,0.0,False
2013-12-16,2013-12-17,0,Overnight,0.0,False,8.92,8.92,-40.78,False,0.0,False
2013-12-17,2013-12-18,0,Overnight,0.0,False,15.1,15.1,154.18,False,0.0,False
2013-12-18,2013-12-19,0,Overnight,0.0,False,-28.66,-28.66,17.1,False,0.0,False
2013-12-19,2013-12-20,0,Overnight,0.0,False,-44.18,9.91,48.03,True,54.0,False
2013-12-20,2013-12-23,2,Weekend,48.0,False,48.9,48.9,4.38,False,0.0,False
2013-12-23,2013-12-24,0,Overnight,0.0,False,0.55,0.55,21.34,False,0.0,False
2013-12-24,2013-12-26,1,Short,24.0,True,22.39,22.39,28.32,False,0.0,False
2013-12-26,2013-12-27,0,Overnight,0.0,False,13.05,13.05,-13.59,False,0.0,False
2013-12-27,2013-12-30,2,Weekend,48.0,False,1.09,1.09,-2.72,False,0.0,False
2013-12-30,2013-12-31,0,Overnight,0.0,False,13.59,13.59,33.63,False,0.0,False
2013-12-31,2014-01-02,1,Short,24.0,False,-38.52,-38.52,-57.78,False,0.0,False
2014-01-02,2014-01-03,0,Overnight,0.0,False,16.93,16.93,-18.57,False,0.0,False
2014-01-03,2014-01-06,2,Weekend,48.0,False,32.75,32.75,-61.77,False,0.0,False
2014-01-06,2014-01-07,0,Overnight,0.0,False,39.95,39.95,21.28,False,0.0,False
2014-01-07,2014-01-08,0,Overnight,0.0,False,-1.64,-1.64,3.82,False,0.0,False
2014-01-08,2014-01-09,0,Overnight,0.0,False,32.1,32.1,-25.56,False,0.0,False
2014-01-09,2014-01-10,0,Overnight,0.0,False,16.87,16.87,10.32,False,0.0,False
2014-01-10,2014-01-13,2,Weekend,48.0,False,-25.56,-25.56,-108.39,False,0.0,False
2014-01-13,2014-01-14,0,Overnight,0.0,False,32.97,32.97,75.42,False,0.0,False
2014-01-14,2014-01-15,0,Overnight,0.0,False,23.38,23.38,30.37,False,0.0,False
2014-01-15,2014-01-16,0,Overnight,0.0,False,-20.6,-20.6,7.59,False,0.0,False
2014-01-16,2014-01-17,0,Overnight,0.0,False,-17.37,-17.37,-25.02,False,0.0,False
2014-01-17,2014-01-21,3,Long,72.0,False,57.56,57.56,-28.19,False,0.0,False
2014-01-21,2014-01-22,0,Overnight,0.0,False,16.82,16.82,-10.3,False,0.0,False
2014-01-22,2014-01-23,0,Overnight,0.0,False,-50.59,-50.59,-31.68,False,0.0,False
2014-01-23,2014-01-24,0,Overnight,0.0,False,-65.31,-65.31,-150.35,False,0.0,False
2014-01-24,2014-01-27,2,Weekend,48.0,False,9.5,9.5,-58.81,False,0.0,False
2014-01-27,2014-01-28,0,Overnight,0.0,False,7.3,7.3,52.07,False,0.0,False
2014-01-28,2014-01-29,0,Overnight,0.0,False,-83.56,-83.56,-12.96,False,0.0,False
2014-01-29,2014-01-30,0,Overnight,0.0,False,83.1,83.1,22.34,False,0.0,False
2014-01-30,2014-01-31,0,Overnight,0.0,False,-124.64,-124.64,65.88,False,0.0,False
2014-01-31,2014-02-03,2,Weekend,48.0,False,-11.79,-11.79,-215.83,False,0.0,False
2014-02-03,2014-02-04,0,Overnight,0.0,False,44.68,44.68,25.12,False,0.0,False
2014-02-04,2014-02-05,0,Overnight,0.0,False,-34.84,-34.84,22.29,False,0.0,False
2014-02-05,2014-02-06,0,Overnight,0.0,False,23.38,23.38,107.63,False,0.0,False
2014-02-06,2014-02-07,0,Overnight,0.0,False,46.66,46.66,76.54,False,0.0,False
2014-02-07,2014-02-10,2,Weekend,48.0,False,1.11,1.11,17.24,False,0.0,False
2014-02-10,2014-02-11,0,Overnight,0.0,False,8.33,8.33,100.51,False,0.0,False
2014-02-11,2014-02-12,0,Overnight,0.0,False,14.83,14.83,-9.88,False,0.0,False
2014-02-12,2014-02-13,0,Overnight,0.0,False,-67.79,-67.79,119.28,False,0.0,False
2014-02-13,2014-02-14,0,Overnight,0.0,False,-9.29,-9.29,64.33,False,0.0,False
2014-02-14,2014-02-18,3,Long,72.0,False,8.69,8.69,3.26,False,0.0,False
2014-02-18,2014-02-19,0,Overnight,0.0,False,-26.09,-26.09,-40.35,False,0.0,False
2014-02-19,2014-02-20,0,Overnight,0.0,False,13.65,13.65,45.19,False,0.0,False
2014-02-20,2014-02-21,0,Overnight,0.0,False,18.99,18.99,-30.41,False,0.0,False
2014-02-21,2014-02-24,2,Weekend,48.0,False,21.19,21.19,34.13,False,0.0,False
2014-02-24,2014-02-25,0,Overnight,0.0,False,8.11,8.11,-11.9,False,0.0,False
2014-02-25,2014-02-26,0,Overnight,0.0,False,14.6,14.6,-14.06,False,0.0,False
2014-02-26,2014-02-27,0,Overnight,0.0,False,-14.62,-14.62,66.96,False,0.0,False
2014-02-27,2014-02-28,0,Overnight,0.0,False,-1.62,-1.62,26.88,False,0.0,False
2014-02-28,2014-03-03,2,Weekend,48.0,False,-88.42,-88.42,17.86,False,0.0,False
2014-03-03,2014-03-04,0,Overnight,0.0,False,97.37,97.37,42.2,False,0.0,False
2014-03-04,2014-03-05,0,Overnight,0.0,False,8.53,8.53,0.53,False,0.0,False
2014-03-05,2014-03-06,0,Overnight,0.0,False,24.47,24.47,-1.59,False,0.0,False
2014-03-06,2014-03-07,0,Overnight,0.0,False,41.36,41.36,-37.11,False,0.0,False
2014-03-07,2014-03-10,2,Weekend,47.0,False,-15.42,-15.42,10.1,False,0.0,False
2014-03-10,2014-03-11,0,Overnight,0.0,False,14.87,14.87,-64.42,False,0.0,False
2014-03-11,2014-03-12,0,Overnight,0.0,False,-48.72,-48.72,51.39,False,0.0,False
2014-03-12,2014-03-13,0,Overnight,0.0,False,29.86,29.86,-142.62,False,0.0,False
2014-03-13,2014-03-14,0,Overnight,0.0,False,-17.84,-17.84,-10.28,False,0.0,False
2014-03-14,2014-03-17,2,Weekend,48.0,False,50.24,50.24,39.79,False,0.0,False
2014-03-17,2014-03-18,0,Overnight,0.0,False,20.37,20.37,50.75,False,0.0,False
2014-03-18,2014-03-19,0,Overnight,0.0,False,1.07,1.07,-54.5,False,0.0,False
2014-03-19,2014-03-20,0,Overnight,0.0,False,-21.99,-21.99,80.21,False,0.0,False
2014-03-20,2014-03-21,0,Overnight,0.0,False,-2.13,41.72,-80.77,True,43.94,False
2014-03-21,2014-03-24,2,Weekend,48.0,False,34.31,34.31,-75.75,False,0.0,False
2014-03-24,2014-03-25,0,Overnight,0.0,False,50.57,50.57,-3.22,False,0.0,False
2014-03-25,2014-03-26,0,Overnight,0.0,False,39.11,39.11,-111.29,False,0.0,False
2014-03-26,2014-03-27,0,Overnight,0.0,False,-11.9,-11.9,-9.21,False,0.0,False
2014-03-27,2014-03-28,0,Overnight,0.0,False,28.67,28.67,20.51,False,0.0,False
2014-03-28,2014-03-31,2,Weekend,48.0,False,63.41,63.41,18.2,False,0.0,False
2014-03-31,2014-04-01,0,Overnight,0.0,False,32.57,32.57,33.52,False,0.0,False
2014-04-01,2014-04-02,0,Overnight,0.0,False,12.74,12.74,20.67,False,0.0,False
2014-04-02,2014-04-03,0,Overnight,0.0,False,15.34,15.34,-28.59,False,0.0,False
2014-04-03,2014-04-04,0,Overnight,0.0,False,54.46,54.46,-173.38,False,0.0,False
2014-04-04,2014-04-07,2,Weekend,48.0,False,-24.17,-24.17,-86.96,False,0.0,False
2014-04-07,2014-04-08,0,Overnight,0.0,False,-4.34,-4.34,45.48,False,0.0,False
2014-04-08,2014-04-09,0,Overnight,0.0,False,26.98,26.98,79.96,False,0.0,False
2014-04-09,2014-04-10,0,Overnight,0.0,False,-0.53,-0.53,-211.76,False,0.0,False
2014-04-10,2014-04-11,0,Overnight,0.0,False,-55.84,-55.84,-34.65,False,0.0,False
2014-04-11,2014-04-14,2,Weekend,48.0,False,77.93,77.93,0.55,False,0.0,False
2014-04-14,2014-04-15,0,Overnight,0.0,False,20.75,20.75,47.89,False,0.0,False
2014-04-15,2014-04-16,0,Overnight,0.0,False,68.71,68.71,35.52,False,0.0,False
2014-04-16,2014-04-17,0,Overnight,0.0,False,-13.44,-13.44,27.4,False,0.0,False
2014-04-17,2014-04-21,3,Long,72.0,False,2.68,2.68,32.13,False,0.0,False
2014-04-21,2014-04-22,0,Overnight,0.0,False,10.15,10.15,35.19,False,0.0,False
2014-04-22,2014-04-23,0,Overnight,0.0,False,-3.73,-3.73,-19.72,False,0.0,False
2014-04-23,2014-04-24,0,Overnight,0.0,False,48.96,48.96,-28.71,False,0.0,False
2014-04-24,2014-04-25,0,Overnight,0.0,False,-32.53,-32.53,-49.8,False,0.0,False
2014-04-25,2014-04-28,2,Weekend,48.0,False,40.71,40.71,-9.09,False,0.0,False
2014-04-28,2014-04-29,0,Overnight,0.0,False,32.05,32.05,14.39,False,0.0,False
2014-04-29,2014-04-30,0,Overnight,0.0,False,-16.52,-16.52,46.31,False,0.0,False
2014-04-30,2014-05-01,0,Overnight,0.0,False,-4.78,-4.78,5.84,False,0.0,False
2014-05-01,2014-05-02,0,Overnight,0.0,False,-1.06,-1.06,-13.28,False,0.0,False
2014-05-02,2014-05-05,2,Weekend,48.0,False,-49.04,-49.04,68.17,False,0.0,False
2014-05-05,2014-05-06,0,Overnight,0.0,False,-22.32,-22.32,-65.11,False,0.0,False
2014-05-06,2014-05-07,0,Overnight,0.0,False,33.67,33.67,25.05,False,0.0,False
2014-05-07,2014-05-08,0,Overnight,0.0,False,-9.05,-9.05,-1.6,False,0.0,False
2014-05-08,2014-05-09,0,Overnight,0.0,False,1.6,1.6,13.31,False,0.0,False
2014-05-09,2014-05-12,2,Weekend,48.0,False,44.59,44.59,52.3,False,0.0,False
2014-05-12,2014-05-13,0,Overnight,0.0,False,13.16,13.16,-4.21,False,0.0,False
2014-05-13,2014-05-14,0,Overnight,0.0,False,-8.95,-8.95,-38.54,False,0.0,False
2014-05-14,2014-05-15,0,Overnight,0.0,False,-20.12,-20.12,-68.07,False,0.0,False
2014-05-15,2014-05-16,0,Overnight,0.0,False,5.87,5.87,28.76,False,0.0,False
2014-05-16,2014-05-19,2,Weekend,48.0,False,-19.16,-19.16,55.79,False,0.0,False
2014-05-19,2014-05-20,0,Overnight,0.0,False,-4.77,-4.77,-58.48,False,0.0,False
2014-05-20,2014-05-21,0,Overnight,0.0,False,28.75,28.75,55.14,False,0.0,False
2014-05-21,2014-05-22,0,Overnight,0.0,False,2.64,2.64,21.65,False,0.0,False
2014-05-22,2014-05-23,0,Overnight,0.0,False,8.96,8.96,31.04,False,0.0,False
2014-05-23,2014-05-27,3,Long,72.0,False,37.23,37.23,24.05,False,0.0,False
2014-05-27,2014-05-28,0,Overnight,0.0,False,0.0,0.0,-7.31,False,0.0,False
2014-05-28,2014-05-29,0,Overnight,0.0,False,22.96,22.96,28.63,False,0.0,False
2014-05-29,2014-05-30,0,Overnight,0.0,False,-9.36,-9.36,25.46,False,0.0,False
2014-05-30,2014-06-02,2,Weekend,48.0,False,14.0,14.0,-2.59,False,0.0,False
2014-06-02,2014-06-03,0,Overnight,0.0,False,-24.39,-24.39,19.21,False,0.0,False
2014-06-03,2014-06-04,0,Overnight,0.0,False,-17.13,-17.13,37.34,False,0.0,False
2014-06-04,2014-06-05,0,Overnight,0.0,False,11.38,11.38,53.63,False,0.0,False
2014-06-05,2014-06-06,0,Overnight,0.0,False,21.58,21.58,26.14,False,0.0,False
2014-06-06,2014-06-09,2,Weekend,48.0,False,-1.54,-1.54,11.77,False,0.0,False
2014-06-09,2014-06-10,0,Overnight,0.0,False,-12.28,-12.28,13.3,False,0.0,False
2014-06-10,2014-06-11,0,Overnight,0.0,False,-35.85,-35.85,1.03,False,0.0,False
2014-06-11,2014-06-12,0,Overnight,0.0,False,-11.81,-11.81,-59.24,False,0.0,False
2014-06-12,2014-06-13,0,Overnight,0.0,False,19.62,19.62,10.82,False,0.0,False
2014-06-13,2014-06-16,2,Weekend,48.0,False,-12.37,-12.37,20.61,False,0.0,False
2014-06-16,2014-06-17,0,Overnight,0.0,False,-13.91,-13.91,41.66,False,0.0,False
2014-06-17,2014-06-18,0,Overnight,0.0,False,0.0,0.0,73.13,False,0.0,False
2014-06-18,2014-06-19,0,Overnight,0.0,False,8.66,8.66,2.55,False,0.0,False
2014-06-19,2014-06-20,0,Overnight,0.0,False,-22.93,24.76,-4.59,True,47.69,False
2014-06-20,2014-06-23,2,Weekend,48.0,False,2.55,2.55,-5.61,False,0.0,False
2014-06-23,2014-06-24,0,Overnight,0.0,False,-17.88,-17.88,-42.54,False,0.0,False
2014-06-24,2014-06-25,0,Overnight,0.0,False,-21.08,-21.08,66.18,False,0.0,False
2014-06-25,2014-06-26,0,Overnight,0.0,False,1.53,1.53,-8.69,False,0.0,False
2014-06-26,2014-06-27,0,Overnight,0.0,False,-23.56,-23.56,42.99,False,0.0,False
2014-06-27,2014-06-30,2,Weekend,48.0,False,-6.13,-6.13,1.02,False,0.0,False
2014-06-30,2014-07-01,0,Overnight,0.0,False,24.49,24.49,42.21,False,0.0,False
2014-07-01,2014-07-02,0,Overnight,0.0,False,1.02,1.02,9.13,False,0.0,False
2014-07-02,2014-07-03,0,Overnight,0.0,False,28.35,28.35,20.71,False,0.0,False
2014-07-03,2014-07-07,3,Long,72.0,True,-19.19,-19.19,-15.68,False,0.0,False
2014-07-07,2014-07-08,0,Overnight,0.0,False,-18.24,-18.24,-46.26,False,0.0,False
2014-07-08,2014-07-09,0,Overnight,0.0,False,24.94,24.94,19.8,False,0.0,False
2014-07-09,2014-07-10,0,Overnight,0.0,False,-96.86,-96.86,57.21,False,0.0,False
2014-07-10,2014-07-11,0,Overnight,0.0,False,-6.11,-6.11,19.86,False,0.0,False
2014-07-11,2014-07-14,2,Weekend,48.0,False,50.73,50.73,-0.51,False,0.0,False
2014-07-14,2014-07-15,0,Overnight,0.0,False,6.07,6.07,-24.81,False,0.0,False
2014-07-15,2014-07-16,0,Overnight,0.0,False,44.52,44.52,-7.57,False,0.0,False
2014-07-16,2014-07-17,0,Overnight,0.0,False,-30.86,-30.86,-83.45,False,0.0,False
2014-07-17,2014-07-18,0,Overnight,0.0,False,32.65,32.65,69.03,False,0.0,False
2014-07-18,2014-07-21,2,Weekend,48.0,False,-31.41,-31.41,12.68,False,0.0,False
2014-07-21,2014-07-22,0,Overnight,0.0,False,33.89,33.89,9.59,False,0.0,False
2014-07-22,2014-07-23,0,Overnight,0.0,False,15.12,15.12,7.05,False,0.0,False
2014-07-23,2014-07-24,0,Overnight,0.0,False,9.56,9.56,-9.06,False,0.0,False
2014-07-24,2014-07-25,0,Overnight,0.0,False,-28.23,-28.23,-18.7,False,0.0,False
2014-07-25,2014-07-28,2,Weekend,48.0,False,2.02,2.02,2.02,False,0.0,False
2014-07-28,2014-07-29,0,Overnight,0.0,False,18.69,18.69,-61.75,False,0.0,False
2014-07-29,2014-07-30,0,Overnight,0.0,False,35.48,35.48,-33.96,False,0.0,False
2014-07-30,2014-07-31,0,Overnight,0.0,False,-69.79,-69.79,-129.67,False,0.0,False
2014-07-31,2014-08-01,0,Overnight,0.0,False,-27.49,-27.49,-3.12,False,0.0,False
2014-08-01,2014-08-04,2,Weekend,48.0,False,19.2,19.2,52.75,False,0.0,False
2014-08-04,2014-08-05,0,Overnight,0.0,False,-40.83,-40.83,-56.61,False,0.0,False
2014-08-05,2014-08-06,0,Overnight,0.0,False,-46.98,-46.98,50.11,False,0.0,False
2014-08-06,2014-08-07,0,Overnight,0.0,False,45.19,45.19,-99.49,False,0.0,False
2014-08-07,2014-08-08,0,Overnight,0.0,False,22.48,22.48,92.54,False,0.0,False
2014-08-08,2014-08-11,2,Weekend,48.0,False,37.71,37.71,-8.77,False,0.0,False
2014-08-11,2014-08-12,0,Overnight,0.0,False,-9.81,-9.81,-4.13,False,0.0,False
2014-08-12,2014-08-13,0,Overnight,0.0,False,39.19,39.19,28.27,False,0.0,False
2014-08-13,2014-08-14,0,Overnight,0.0,False,16.41,16.41,30.7,False,0.0,False
2014-08-14,2014-08-15,0,Overnight,0.0,False,36.2,36.2,-38.25,False,0.0,False
2014-08-15,2014-08-18,2,Weekend,48.0,False,55.03,55.03,28.41,False,0.0,False
2014-08-18,2014-08-19,0,Overnight,0.0,False,24.29,24.29,27.76,False,0.0,False
2014-08-19,2014-08-20,0,Overnight,0.0,False,-13.62,-13.62,40.3,False,0.0,False
2014-08-20,2014-08-21,0,Overnight,0.0,False,8.54,8.54,20.57,False,0.0,False
2014-08-21,2014-08-22,0,Overnight,0.0,False,-8.02,-8.02,-7.53,False,0.0,False
2014-08-22,2014-08-25,2,Weekend,48.0,False,47.58,47.58,3.0,False,0.0,False
2014-08-25,2014-08-26,0,Overnight,0.0,False,6.49,6.49,0.0,False,0.0,False
2014-08-26,2014-08-27,0,Overnight,0.0,False,4.99,4.99,-8.98,False,0.0,False
2014-08-27,2014-08-28,0,Overnight,0.0,False,-33.01,-33.01,27.52,False,0.0,False
2014-08-28,2014-08-29,0,Overnight,0.0,False,15.48,15.48,12.96,False,0.0,False
2014-08-29,2014-09-02,3,Long,72.0,False,12.95,12.95,-17.93,False,0.0,False
2014-09-02,2014-09-03,0,Overnight,0.0,False,38.31,38.31,-43.79,False,0.0,False
2014-09-03,2014-09-04,0,Overnight,0.0,False,16.94,16.94,-31.42,False,0.0,False
2014-09-04,2014-09-05,0,Overnight,0.0,False,-2.0,-2.0,46.85,False,0.0,False
2014-09-05,2014-09-08,2,Weekend,48.0,False,-9.45,-9.45,-16.44,False,0.0,False
2014-09-08,2014-09-09,0,Overnight,0.0,False,-8.98,-8.98,-54.54,False,0.0,False
2014-09-09,2014-09-10,0,Overnight,0.0,False,5.52,5.52,32.04,False,0.0,False
2014-09-10,2014-09-11,0,Overnight,0.0,False,-40.07,-40.07,51.56,False,0.0,False
2014-09-11,2014-09-12,0,Overnight,0.0,False,-9.99,-9.99,-48.59,False,0.0,False
2014-09-12,2014-09-15,2,Weekend,48.0,False,1.51,1.51,-9.04,False,0.0,False
2014-09-15,2014-09-16,0,Overnight,0.0,False,-18.61,-18.61,93.71,False,0.0,False
2014-09-16,2014-09-17,0,Overnight,0.0,False,14.46,14.46,-1.0,False,0.0,False
2014-09-17,2014-09-18,0,Overnight,0.0,False,30.34,30.34,22.82,False,0.0,False
2014-09-18,2014-09-19,0,Overnight,0.0,False,-14.88,31.61,-40.77,True,46.53,False
2014-09-19,2014-09-22,2,Weekend,48.0,False,-17.45,-17.45,-60.08,False,0.0,False
2014-09-22,2014-09-23,0,Overnight,0.0,False,-36.22,-36.22,-21.19,False,0.0,False
2014-09-23,2014-09-24,0,Overnight,0.0,False,1.51,1.51,76.46,False,0.0,False
2014-09-24,2014-09-25,0,Overnight,0.0,False,-26.09,-26.09,-136.58,False,0.0,False
2014-09-25,2014-09-26,0,Overnight,0.0,False,18.32,18.32,60.82,False,0.0,False
2014-09-26,2014-09-29,2,Weekend,48.0,False,-86.27,-86.27,68.07,False,0.0,False
2014-09-29,2014-09-30,0,Overnight,0.0,False,7.59,7.59,-33.95,False,0.0,False
2014-09-30,2014-10-01,0,Overnight,0.0,False,-16.26,-16.26,-120.19,False,0.0,False
2014-10-01,2014-10-02,0,Overnight,0.0,False,-8.75,-8.75,10.3,False,0.0,False
2014-10-02,2014-10-03,0,Overnight,0.0,False,66.66,66.66,42.84,False,0.0,False
2014-10-03,2014-10-06,2,Weekend,48.0,False,41.64,41.64,-53.35,False,0.0,False
2014-10-06,2014-10-07,0,Overnight,0.0,False,-51.59,-51.59,-103.98,False,0.0,False
2014-10-07,2014-10-08,0,Overnight,0.0,False,5.69,5.69,167.69,False,0.0,False
2014-10-08,2014-10-09,0,Overnight,0.0,False,-15.78,-15.78,-184.55,False,0.0,False
2014-10-09,2014-10-10,0,Overnight,0.0,False,-2.59,-2.59,-112.21,False,0.0,False
2014-10-10,2014-10-13,2,Weekend,48.0,False,-4.2,-4.2,-161.43,False,0.0,False
2014-10-13,2014-10-14,0,Overnight,0.0,False,53.75,53.75,-38.29,False,0.0,False
2014-10-14,2014-10-15,0,Overnight,0.0,False,-136.25,-136.25,68.35,False,0.0,False
2014-10-15,2014-10-16,0,Overnight,0.0,False,-182.42,-182.42,173.83,False,0.0,False
2014-10-16,2014-10-17,0,Overnight,0.0,False,114.76,114.76,2.65,False,0.0,False
2014-10-17,2014-10-20,2,Weekend,48.0,False,-18.06,-18.06,114.69,False,0.0,False
2014-10-20,2014-10-21,0,Overnight,0.0,False,72.25,72.25,123.92,False,0.0,False
2014-10-21,2014-10-22,0,Overnight,0.0,False,17.5,17.5,-88.87,False,0.0,False
2014-10-22,2014-10-23,0,Overnight,0.0,False,99.66,99.66,15.92,False,0.0,False
2014-10-23,2014-10-24,0,Overnight,0.0,False,16.4,16.4,60.25,False,0.0,False
2014-10-24,2014-10-27,2,Weekend,48.0,False,-35.7,-35.7,21.95,False,0.0,False
2014-10-27,2014-10-28,0,Overnight,0.0,False,33.59,33.59,80.46,False,0.0,False
2014-10-28,2014-10-29,0,Overnight,0.0,False,7.05,7.05,-22.19,False,0.0,False
2014-10-29,2014-10-30,0,Overnight,0.0,False,-26.79,-26.79,90.69,False,0.0,False
2014-10-30,2014-10-31,0,Overnight,0.0,False,119.65,119.65,-5.95,False,0.0,False
2014-10-31,2014-11-03,2,Weekend,49.0,False,12.88,12.88,-7.43,False,0.0,False
2014-11-03,2014-11-04,0,Overnight,0.0,False,-26.8,-26.8,-7.95,False,0.0,False
2014-11-04,2014-11-05,0,Overnight,0.0,False,72.84,72.84,-9.88,False,0.0,False
2014-11-05,2014-11-06,0,Overnight,0.0,False,2.47,2.47,37.48,False,0.0,False
2014-11-06,2014-11-07,0,Overnight,0.0,False,0.98,0.98,8.36,False,0.0,False
2014-11-07,2014-11-10,2,Weekend,48.0,False,1.97,1.97,29.46,False,0.0,False
2014-11-10,2014-11-11,0,Overnight,0.0,False,3.92,3.92,5.88,False,0.0,False
2014-11-11,2014-11-12,0,Overnight,0.0,False,-40.73,-40.73,29.95,False,0.0,False
2014-11-12,2014-11-13,0,Overnight,0.0,False,9.8,9.8,1.47,False,0.0,False
2014-11-13,2014-11-14,0,Overnight,0.0,False,-4.41,-4.41,6.86,False,0.0,False
2014-11-14,2014-11-17,2,Weekend,48.0,False,-19.11,-19.11,25.48,False,0.0,False
2014-11-17,2014-11-18,0,Overnight,0.0,False,3.42,3.42,54.15,False,0.0,False
2014-11-18,2014-11-19,0,Overnight,0.0,False,-11.68,-11.68,-4.38,False,0.0,False
2014-11-19,2014-11-20,0,Overnight,0.0,False,-46.89,-46.89,64.42,False,0.0,False
2014-11-20,2014-11-21,0,Overnight,0.0,False,99.71,99.71,-46.34,False,0.0,False
2014-11-21,2014-11-24,2,Weekend,48.0,False,23.68,23.68,4.34,False,0.0,False
2014-11-24,2014-11-25,0,Overnight,0.0,False,13.5,13.5,-20.74,False,0.0,False
2014-11-25,2014-11-26,0,Overnight,0.0,False,8.69,8.69,16.87,False,0.0,False
2014-11-26,2014-11-28,1,Short,24.0,False,-7.23,-7.23,-13.99,False,0.0,False
2014-11-28,2014-12-01,2,Weekend,48.0,True,-38.68,-38.68,-31.06,False,0.0,False
2014-12-01,2014-12-02,0,Overnight,0.0,False,2.43,2.43,62.0,False,0.0,False
2014-12-02,2014-12-03,0,Overnight,0.0,False,10.14,10.14,28.42,False,0.0,False
2014-12-03,2014-12-04,0,Overnight,0.0,False,-16.85,-16.85,5.78,False,0.0,False
2014-12-04,2014-12-05,0,Overnight,0.0,False,10.11,10.11,6.25,False,0.0,False
2014-12-05,2014-12-08,2,Weekend,48.0,False,-23.1,-23.1,-43.95,False,0.0,False
2014-12-08,2014-12-09,0,Overnight,0.0,False,-109.01,-109.01,102.23,False,0.0,False
2014-12-09,2014-12-10,0,Overnight,0.0,False,-27.16,-27.16,-134.45,False,0.0,False
2014-12-10,2014-12-11,0,Overnight,0.0,False,35.38,35.38,15.19,False,0.0,False
2014-12-11,2014-12-12,0,Overnight,0.0,False,-76.2,-76.2,-86.74,False,0.0,False
2014-12-12,2014-12-15,2,Weekend,48.0,False,54.11,54.11,-123.04,False,0.0,False
2014-12-15,2014-12-16,0,Overnight,0.0,False,-46.72,-46.72,-33.8,False,0.0,False
2014-12-16,2014-12-17,0,Overnight,0.0,False,26.74,26.74,167.41,False,0.0,False
2014-12-17,2014-12-18,0,Overnight,0.0,False,145.13,145.13,99.15,False,0.0,False
2014-12-18,2014-12-19,0,Overnight,0.0,False,-16.94,37.89,4.36,True,54.89,False
2014-12-19,2014-12-22,2,Weekend,48.0,False,11.13,11.13,34.76,False,0.0,False
2014-12-22,2014-12-23,0,Overnight,0.0,False,33.68,33.68,-20.2,False,0.0,False
2014-12-23,2014-12-24,0,Overnight,0.0,False,12.99,12.99,-12.03,False,0.0,False
2014-12-24,2014-12-26,1,Short,24.0,True,25.96,25.96,6.24,False,0.0,False
2014-12-26,2014-12-29,2,Weekend,48.0,False,-10.56,-10.56,23.98,False,0.0,False
2014-12-29,2014-12-30,0,Overnight,0.0,False,-24.46,-24.46,-29.34,False,0.0,False
2014-12-30,2014-12-31,0,Overnight,0.0,False,18.77,18.77,-118.49,False,0.0,False
2014-12-31,2015-01-02,1,Short,24.0,False,40.79,40.79,-46.14,False,0.0,False
2015-01-02,2015-01-05,2,Weekend,48.0,False,-61.52,-61.52,-120.72,False,0.0,False
2015-01-05,2015-01-06,0,Overnight,0.0,False,18.33,18.33,-112.96,False,0.0,False
2015-01-06,2015-01-07,0,Overnight,0.0,False,79.75,79.75,44.09,False,0.0,False
2015-01-07,2015-01-08,0,Overnight,0.0,False,83.68,83.68,92.22,False,0.0,False
2015-01-08,2015-01-09,0,Overnight,0.0,False,24.25,24.25,-104.71,False,0.0,False
2015-01-09,2015-01-12,2,Weekend,48.0,False,7.83,7.83,-86.47,False,0.0,False
2015-01-12,2015-01-13,0,Overnight,0.0,False,72.28,72.28,-100.44,False,0.0,False
2015-01-13,2015-01-14,0,Overnight,0.0,False,-120.98,-120.98,60.42,False,0.0,False
2015-01-14,2015-01-15,0,Overnight,0.0,False,38.26,38.26,-130.29,False,0.0,False
2015-01-15,2015-01-16,0,Overnight,0.0,False,-12.57,-12.57,142.86,False,0.0,False
2015-01-16,2015-01-20,3,Long,72.0,False,38.12,38.12,-16.81,False,0.0,False
2015-01-20,2015-01-21,0,Overnight,0.0,False,-27.75,-27.75,78.11,False,0.0,False
2015-01-21,2015-01-22,0,Overnight,0.0,False,44.71,44.71,102.91,False,0.0,False
2015-01-22,2015-01-23,0,Overnight,0.0,False,-15.05,-15.05,-39.93,False,0.0,False
2015-01-23,2015-01-26,2,Weekend,48.0,False,-12.69,-12.69,36.08,False,0.0,False
2015-01-26,2015-01-27,0,Overnight,0.0,False,-121.44,-121.44,-11.34,False,0.0,False
2015-01-27,2015-01-28,0,Overnight,0.0,False,70.29,70.29,-199.36,False,0.0,False
2015-01-28,2015-01-29,0,Overnight,0.0,False,11.98,11.98,80.03,False,0.0,False
2015-01-29,2015-01-30,0,Overnight,0.0,False,-70.55,-70.55,-56.0,False,0.0,False
2015-01-30,2015-02-02,2,Weekend,48.0,False,30.04,30.04,93.04,False,0.0,False
2015-02-02,2015-02-03,0,Overnight,0.0,False,53.34,53.34,90.23,False,0.0,False
2015-02-03,2015-02-04,0,Overnight,0.0,False,-45.01,-45.01,6.86,False,0.0,False
2015-02-04,2015-02-05,0,Overnight,0.0,False,39.13,39.13,61.32,False,0.0,False
2015-02-05,2015-02-06,0,Overnight,0.0,False,21.32,21.32,-49.02,False,0.0,False
2015-02-06,2015-02-09,2,Weekend,48.0,False,-38.02,-38.02,-6.84,False,0.0,False
2015-02-09,2015-02-10,0,Overnight,0.0,False,60.9,60.9,45.07,False,0.0,False
2015-02-10,2015-02-11,0,Overnight,0.0,False,-9.68,-9.68,15.48,False,0.0,False
2015-02-11,2015-02-12,0,Overnight,0.0,False,46.29,46.29,49.42,False,0.0,False
2015-02-12,2015-02-13,0,Overnight,0.0,False,7.18,7.18,33.9,False,0.0,False
2015-02-13,2015-02-17,3,Long,72.0,False,-18.13,-18.13,33.85,False,0.0,False
2015-02-17,2015-02-18,0,Overnight,0.0,False,-21.44,-21.44,22.39,False,0.0,False
2015-02-18,2015-02-19,0,Overnight,0.0,False,-34.32,-34.32,27.18,False,0.0,False
2015-02-19,2015-02-20,0,Overnight,0.0,False,-23.84,-23.84,83.67,False,0.0,False
2015-02-20,2015-02-23,2,Weekend,48.0,False,-14.21,-14.21,12.79,False,0.0,False
2015-02-23,2015-02-24,0,Overnight,0.0,False,-4.26,-4.26,32.63,False,0.0,False
2015-02-24,2015-02-25,0,Overnight,0.0,False,-7.08,-7.08,-1.42,False,0.0,False
2015-02-25,2015-02-26,0,Overnight,0.0,False,-5.2,-5.2,-6.62,False,0.0,False
2015-02-26,2015-02-27,0,Overnight,0.0,False,-5.68,-5.68,-28.44,False,0.0,False
2015-02-27,2015-03-02,2,Weekend,48.0,False,5.69,5.69,57.24,False,0.0,False
2015-03-02,2015-03-03,0,Overnight,0.0,False,-24.56,-24.56,-16.56,False,0.0,False
2015-03-03,2015-03-04,0,Overnight,0.0,False,-34.16,-34.16,-8.08,False,0.0,False
2015-03-04,2015-03-05,0,Overnight,0.0,False,18.53,18.53,-7.6,False,0.0,False
2015-03-05,2015-03-06,0,Overnight,0.0,False,-49.54,-49.54,-92.1,False,0.0,False
2015-03-06,2015-03-09,2,Weekend,47.0,False,11.56,11.56,29.8,False,0.0,False
2015-03-09,2015-03-10,0,Overnight,0.0,False,-79.5,-79.5,-84.04,False,0.0,False
2015-03-10,2015-03-11,0,Overnight,0.0,False,15.11,15.11,-38.56,False,0.0,False
2015-03-11,2015-03-12,0,Overnight,0.0,False,37.09,37.09,89.24,False,0.0,False
2015-03-12,2015-03-13,0,Overnight,0.0,False,-15.95,-15.95,-45.56,False,0.0,False
2015-03-13,2015-03-16,2,Weekend,48.0,False,42.66,42.66,90.06,False,0.0,False
2015-03-16,2015-03-17,0,Overnight,0.0,False,-42.76,-42.76,12.99,False,0.0,False
2015-03-17,2015-03-18,0,Overnight,0.0,False,-27.45,-27.45,146.95,False,0.0,False
2015-03-18,2015-03-19,0,Overnight,0.0,False,-23.79,-23.79,-21.93,False,0.0,False
2015-03-19,2015-03-20,0,Overnight,0.0,False,10.02,54.32,33.32,True,44.44,False
2015-03-20,2015-03-23,2,Weekend,48.0,False,0.47,0.47,-19.98,False,0.0,False
2015-03-23,2015-03-24,0,Overnight,0.0,False,-7.15,-7.15,-49.2,False,0.0,False
2015-03-24,2015-03-25,0,Overnight,0.0,False,11.96,11.96,-159.59,False,0.0,False
2015-03-25,2015-03-26,0,Overnight,0.0,False,-38.96,-38.96,15.11,False,0.0,False
2015-03-26,2015-03-27,0,Overnight,0.0,False,-6.82,-6.82,29.69,False,0.0,False
2015-03-27,2015-03-30,2,Weekend,48.0,False,60.09,60.09,61.17,False,0.0,False
2015-03-30,2015-03-31,0,Overnight,0.0,False,-47.65,-47.65,-40.13,False,0.0,False
2015-03-31,2015-04-01,0,Overnight,0.0,False,-1.94,-1.94,-33.49,False,0.0,False
2015-04-01,2015-04-02,0,Overnight,0.0,False,-3.89,-3.89,39.8,False,0.0,False
2015-04-02,2015-04-06,3,Long,72.0,False,-51.97,-51.97,119.07,False,0.0,False
2015-04-06,2015-04-07,0,Overnight,0.0,False,1.44,1.44,-27.94,False,0.0,False
2015-04-07,2015-04-08,0,Overnight,0.0,False,13.02,13.02,20.7,False,0.0,False
2015-04-08,2015-04-09,0,Overnight,0.0,False,-9.62,-9.62,53.76,False,0.0,False
2015-04-09,2015-04-10,0,Overnight,0.0,False,14.35,14.35,40.07,False,0.0,False
2015-04-10,2015-04-13,2,Weekend,48.0,False,-8.1,-8.1,-37.24,False,0.0,False
2015-04-13,2015-04-14,0,Overnight,0.0,False,-11.48,-11.48,30.6,False,0.0,False
2015-04-14,2015-04-15,0,Overnight,0.0,False,26.7,26.7,18.07,False,0.0,False
2015-04-15,2015-04-16,0,Overnight,0.0,False,-19.03,-19.03,16.17,False,0.0,False
2015-04-16,2015-04-17,0,Overnight,0.0,False,-68.21,-68.21,-47.49,False,0.0,False
2015-04-17,2015-04-20,2,Weekend,48.0,False,53.24,53.24,37.72,False,0.0,False
2015-04-20,2015-04-21,0,Overnight,0.0,False,39.0,39.0,-50.92,False,0.0,False
2015-04-21,2015-04-22,0,Overnight,0.0,False,19.54,19.54,29.48,False,0.0,False
2015-04-22,2015-04-23,0,Overnight,0.0,False,-22.82,-22.82,47.95,False,0.0,False
2015-04-23,2015-04-24,0,Overnight,0.0,False,23.65,23.65,-0.47,False,0.0,False
2015-04-24,2015-04-27,2,Weekend,48.0,False,32.08,32.08,-73.74,False,0.0,False
2015-04-27,2015-04-28,0,Overnight,0.0,False,-1.42,-1.42,33.16,False,0.0,False
2015-04-28,2015-04-29,0,Overnight,0.0,False,-50.73,-50.73,9.5,False,0.0,False
2015-04-29,2015-04-30,0,Overnight,0.0,False,-32.82,-32.82,-67.89,False,0.0,False
2015-04-30,2015-05-01,0,Overnight,0.0,False,44.99,44.99,62.84,False,0.0,False
2015-05-01,2015-05-04,2,Weekend,48.0,False,24.17,24.17,4.26,False,0.0,False
2015-05-04,2015-05-05,0,Overnight,0.0,False,-13.73,-13.73,-101.45,False,0.0,False
2015-05-05,2015-05-06,0,Overnight,0.0,False,31.54,31.54,-72.8,False,0.0,False
2015-05-06,2015-05-07,0,Overnight,0.0,False,-5.77,-5.77,45.59,False,0.0,False
2015-05-07,2015-05-08,0,Overnight,0.0,False,95.77,95.77,35.03,False,0.0,False
2015-05-08,2015-05-11,2,Weekend,48.0,False,-2.36,-2.36,-45.48,False,0.0,False
2015-05-11,2015-05-12,0,Overnight,0.0,False,-47.59,-47.59,17.64,False,0.0,False
2015-05-12,2015-05-13,0,Overnight,0.0,False,23.31,23.31,-21.4,False,0.0,False
2015-05-13,2015-05-14,0,Overnight,0.0,False,57.92,57.92,45.81,False,0.0,False
2015-05-14,2015-05-15,0,Overnight,0.0,False,10.83,10.83,0.0,False,0.0,False
2015-05-15,2015-05-18,2,Weekend,48.0,False,-9.42,-9.42,40.44,False,0.0,False
2015-05-18,2015-05-19,0,Overnight,0.0,False,6.57,6.57,-9.85,False,0.0,False
2015-05-19,2015-05-20,0,Overnight,0.0,False,5.63,5.63,-12.67,False,0.0,False
2015-05-20,2015-05-21,0,Overnight,0.0,False,-7.99,-7.99,37.07,False,0.0,False
2015-05-21,2015-05-22,0,Overnight,0.0,False,-21.57,-21.57,-2.35,False,0.0,False
2015-05-22,2015-05-26,3,Long,72.0,False,-27.74,-27.74,-80.36,False,0.0,False
2015-05-26,2015-05-27,0,Overnight,0.0,False,26.07,26.07,68.4,False,0.0,False
2015-05-27,2015-05-28,0,Overnight,0.0,False,-17.41,-17.41,6.12,False,0.0,False
2015-05-28,2015-05-29,0,Overnight,0.0,False,-3.77,-3.77,-58.56,False,0.0,False
2015-05-29,2015-06-01,2,Weekend,48.0,False,37.82,37.82,-17.47,False,0.0,False
2015-06-01,2015-06-02,0,Overnight,0.0,False,-26.03,-26.03,16.1,False,0.0,False
2015-06-02,2015-06-03,0,Overnight,0.0,False,30.23,30.23,-3.77,False,0.0,False
2015-06-03,2015-06-04,0,Overnight,0.0,False,-40.19,-40.19,-44.63,False,0.0,False
2015-06-04,2015-06-05,0,Overnight,0.0,False,-8.57,-8.57,-8.58,False,0.0,False
2015-06-05,2015-06-08,2,Weekend,48.0,False,-6.2,-6.2,-55.49,False,0.0,False
2015-06-08,2015-06-09,0,Overnight,0.0,False,-1.44,-1.44,0.0,False,0.0,False
2015-06-09,2015-06-10,0,Overnight,0.0,False,44.04,44.04,75.18,False,0.0,False
2015-06-10,2015-06-11,0,Overnight,0.0,False,25.09,25.09,7.09,False,0.0,False
2015-06-11,2015-06-12,0,Overnight,0.0,False,-46.89,-46.89,-29.95,False,0.0,False
2015-06-12,2015-06-15,2,Weekend,48.0,False,-65.45,-65.45,22.5,False,0.0,False
2015-06-15,2015-06-16,0,Overnight,0.0,False,-8.61,-8.61,62.98,False,0.0,False
2015-06-16,2015-06-17,0,Overnight,0.0,False,16.16,16.16,0.0,False,0.0,False
2015-06-17,2015-06-18,0,Overnight,0.0,False,34.13,34.13,69.33,False,0.0,False
2015-06-18,2015-06-19,0,Overnight,0.0,False,-62.23,-13.64,-30.79,True,48.41,False
2015-06-19,2015-06-22,2,Weekend,48.0,False,52.04,52.04,-0.94,False,0.0,False
2015-06-22,2015-06-23,0,Overnight,0.0,False,11.79,11.79,-4.72,False,0.0,False
2015-06-23,2015-06-24,0,Overnight,0.0,False,-15.1,-15.1,-57.79,False,0.0,False
2015-06-24,2015-06-25,0,Overnight,0.0,False,28.46,28.46,-58.91,False,0.0,False
2015-06-25,2015-06-26,0,Overnight,0.0,False,20.47,20.47,-22.37,False,0.0,False
2015-06-26,2015-06-29,2,Weekend,48.0,False,-84.72,-84.72,-127.22,False,0.0,False
2015-06-29,2015-06-30,0,Overnight,0.0,False,89.17,89.17,-68.26,False,0.0,False
2015-06-30,2015-07-01,0,Overnight,0.0,False,90.91,90.91,-11.08,False,0.0,False
2015-07-01,2015-07-02,0,Overnight,0.0,False,27.43,27.43,-36.59,False,0.0,False
2015-07-02,2015-07-06,3,Long,72.0,False,-74.56,-74.56,46.06,False,0.0,False
2015-07-06,2015-07-07,0,Overnight,0.0,False,11.6,11.6,51.09,False,0.0,False
2015-07-07,2015-07-08,0,Overnight,0.0,False,-77.21,-77.21,-91.98,False,0.0,False
2015-07-08,2015-07-09,0,Overnight,0.0,False,121.97,121.97,-103.9,False,0.0,False
2015-07-09,2015-07-10,0,Overnight,0.0,False,115.97,115.97,9.16,False,0.0,False
2015-07-10,2015-07-13,2,Weekend,48.0,False,72.51,72.51,37.25,False,0.0,False
2015-07-13,2015-07-14,0,Overnight,0.0,False,-2.38,-2.38,45.67,False,0.0,False
2015-07-14,2015-07-15,0,Overnight,0.0,False,2.37,2.37,-5.7,False,0.0,False
2015-07-15,2015-07-16,0,Overnight,0.0,False,59.65,59.65,20.28,False,0.0,False
2015-07-16,2015-07-17,0,Overnight,0.0,False,-0.47,-0.47,8.95,False,0.0,False
2015-07-17,2015-07-20,2,Weekend,48.0,False,12.7,12.7,-7.52,False,0.0,False
2015-07-20,2015-07-21,0,Overnight,0.0,False,-7.53,-7.53,-32.06,False,0.0,False
2015-07-21,2015-07-22,0,Overnight,0.0,False,-38.8,-38.8,20.84,False,0.0,False
2015-07-22,2015-07-23,0,Overnight,0.0,False,7.57,7.57,-64.03,False,0.0,False
2015-07-23,2015-07-24,0,Overnight,0.0,False,5.71,5.71,-109.97,False,0.0,False
2015-07-24,2015-07-27,2,Weekend,48.0,False,-51.09,-51.09,-7.25,False,0.0,False
2015-07-27,2015-07-28,0,Overnight,0.0,False,48.24,48.24,73.84,False,0.0,False
2015-07-28,2015-07-29,0,Overnight,0.0,False,7.16,7.16,61.39,False,0.0,False
2015-07-29,2015-07-30,0,Overnight,0.0,False,-28.98,-28.98,31.36,False,0.0,False
2015-07-30,2015-07-31,0,Overnight,0.0,False,28.42,28.42,-43.61,False,0.0,False
2015-07-31,2015-08-03,2,Weekend,48.0,False,-1.9,-1.9,-31.89,False,0.0,False
2015-08-03,2015-08-04,0,Overnight,0.0,False,-4.29,-4.29,-15.27,False,0.0,False
2015-08-04,2015-08-05,0,Overnight,0.0,False,50.97,50.97,-18.07,False,0.0,False
2015-08-05,2015-08-06,0,Overnight,0.0,False,10.47,10.47,-92.68,False,0.0,False
2015-08-06,2015-08-07,0,Overnight,0.0,False,-9.12,-9.12,-10.09,False,0.0,False
2015-08-07,2015-08-10,2,Weekend,48.0,False,63.75,63.75,61.45,False,0.0,False
2015-08-10,2015-08-11,0,Overnight,0.0,False,-76.27,-76.27,-14.37,False,0.0,False
2015-08-11,2015-08-12,0,Overnight,0.0,False,-75.04,-75.04,87.01,False,0.0,False
2015-08-12,2015-08-13,0,Overnight,0.0,False,-9.1,-9.1,-3.35,False,0.0,False
2015-08-13,2015-08-14,0,Overnight,0.0,False,-11.03,-11.03,47.39,False,0.0,False
2015-08-14,2015-08-17,2,Weekend,48.0,False,-33.96,-33.96,89.67,False,0.0,False
2015-08-17,2015-08-18,0,Overnight,0.0,False,-15.68,-15.68,-13.33,False,0.0,False
2015-08-18,2015-08-19,0,Overnight,0.0,False,-42.48,-42.48,-36.89,False,0.0,False
2015-08-19,2015-08-20,0,Overnight,0.0,False,-87.27,-87.27,-123.76,False,0.0,False
2015-08-20,2015-08-21,0,Overnight,0.0,False,-110.43,-110.43,-195.22,False,0.0,False
2015-08-21,2015-08-24,2,Weekend,48.0,False,-536.83,-536.83,106.63,False,0.0,False
2015-08-24,2015-08-25,0,Overnight,0.0,False,308.13,308.13,-426.51,False,0.0,False
2015-08-25,2015-08-26,0,Overnight,0.0,False,253.61,253.61,123.15,False,0.0,False
2015-08-26,2015-08-27,0,Overnight,0.0,False,130.79,130.79,113.55,False,0.0,False
2015-08-27,2015-08-28,0,Overnight,0.0,False,-38.72,-38.72,39.22,False,0.0,False
2015-08-28,2015-08-31,2,Weekend,48.0,False,-58.88,-58.88,-22.23,False,0.0,False
2015-08-31,2015-09-01,0,Overnight,0.0,False,-232.87,-232.87,-70.15,False,0.0,False
2015-09-01,2015-09-02,0,Overnight,0.0,False,147.52,147.52,40.51,False,0.0,False
2015-09-02,2015-09-03,0,Overnight,0.0,False,43.4,43.4,-36.24,False,0.0,False
2015-09-03,2015-09-04,0,Overnight,0.0,False,-139.03,-139.03,-13.49,False,0.0,False
2015-09-04,2015-09-08,3,Long,72.0,False,172.45,172.45,75.76,False,0.0,False
2015-09-08,2015-09-09,0,Overnight,0.0,False,95.28,95.28,-229.9,False,0.0,False
2015-09-09,2015-09-10,0,Overnight,0.0,False,-11.81,-11.81,66.09,False,0.0,False
2015-09-10,2015-09-11,0,Overnight,0.0,False,-24.03,-24.03,69.37,False,0.0,False
2015-09-11,2015-09-14,2,Weekend,48.0,False,10.67,10.67,-47.84,False,0.0,False
2015-09-14,2015-09-15,0,Overnight,0.0,False,30.56,30.56,93.66,False,0.0,False
2015-09-15,2015-09-16,0,Overnight,0.0,False,18.12,18.12,68.17,False,0.0,False
2015-09-16,2015-09-17,0,Overnight,0.0,False,-8.0,-8.0,-14.51,False,0.0,False
2015-09-17,2015-09-18,0,Overnight,0.0,False,-203.32,-150.68,-13.29,True,51.72,False
2015-09-18,2015-09-21,2,Weekend,48.0,False,50.52,50.52,1.02,False,0.0,False
2015-09-21,2015-09-22,0,Overnight,0.0,False,-132.19,-132.19,1.55,False,0.0,False
2015-09-22,2015-09-23,0,Overnight,0.0,False,10.31,10.31,-26.31,False,0.0,False
2015-09-23,2015-09-24,0,Overnight,0.0,False,-75.18,-75.18,38.96,False,0.0,False
2015-09-24,2015-09-25,0,Overnight,0.0,False,89.8,89.8,-92.39,False,0.0,False
2015-09-25,2015-09-28,2,Weekend,48.0,False,-55.64,-55.64,-198.54,False,0.0,False
2015-09-28,2015-09-29,0,Overnight,0.0,False,13.82,13.82,-7.97,False,0.0,False
2015-09-29,2015-09-30,0,Overnight,0.0,False,118.89,118.89,65.97,False,0.0,False
2015-09-30,2015-10-01,0,Overnight,0.0,False,23.46,23.46,2.6,False,0.0,False
2015-10-01,2015-10-02,0,Overnight,0.0,False,-123.59,-123.59,271.87,False,0.0,False
2015-10-02,2015-10-05,2,Weekend,48.0,False,74.59,74.59,101.79,False,0.0,False
2015-10-05,2015-10-06,0,Overnight,0.0,False,-8.07,-8.07,-26.26,False,0.0,False
2015-10-06,2015-10-07,0,Overnight,0.0,False,55.96,55.96,25.61,False,0.0,False
2015-10-07,2015-10-08,0,Overnight,0.0,False,-23.1,-23.1,112.96,False,0.0,False
2015-10-08,2015-10-09,0,Overnight,0.0,False,8.45,8.45,-2.48,False,0.0,False
2015-10-09,2015-10-12,2,Weekend,48.0,False,4.47,4.47,4.96,False,0.0,False
2015-10-12,2015-10-13,0,Overnight,0.0,False,-43.27,-43.27,-19.95,False,0.0,False
2015-10-13,2015-10-14,0,Overnight,0.0,False,-3.5,-3.5,-44.56,False,0.0,False
2015-10-14,2015-10-15,0,Overnight,0.0,False,39.56,39.56,112.82,False,0.0,False
2015-10-15,2015-10-16,0,Overnight,0.0,False,23.69,23.69,21.67,False,0.0,False
2015-10-16,2015-10-19,2,Weekend,48.0,False,-37.95,-37.95,42.87,False,0.0,False
2015-10-19,2015-10-20,0,Overnight,0.0,False,-25.6,-25.6,12.81,False,0.0,False
2015-10-20,2015-10-21,0,Overnight,0.0,False,24.59,24.59,-86.82,False,0.0,False
2015-10-21,2015-10-22,0,Overnight,0.0,False,55.83,55.83,111.7,False,0.0,False
2015-10-22,2015-10-23,0,Overnight,0.0,False,96.48,96.48,12.54,False,0.0,False
2015-10-23,2015-10-26,2,Weekend,48.0,False,-10.12,-10.12,-14.48,False,0.0,False
2015-10-26,2015-10-27,0,Overnight,0.0,False,-38.72,-38.72,19.38,False,0.0,False
2015-10-27,2015-10-28,0,Overnight,0.0,False,19.34,19.34,93.76,False,0.0,False
2015-10-28,2015-10-29,0,Overnight,0.0,False,-28.76,-28.76,23.01,False,0.0,False
2015-10-29,2015-10-30,0,Overnight,0.0,False,11.01,11.01,-54.2,False,0.0,False
2015-10-30,2015-11-02,2,Weekend,49.0,False,18.74,18.74,98.88,False,0.0,False
2015-11-02,2015-11-03,0,Overnight,0.0,False,-19.98,-19.98,48.93,False,0.0,False
2015-11-03,2015-11-04,0,Overnight,0.0,False,16.57,16.57,-46.95,False,0.0,False
2015-11-04,2015-11-05,0,Overnight,0.0,False,3.33,3.33,-13.31,False,0.0,False
2015-11-05,2015-11-06,0,Overnight,0.0,False,-19.53,-19.53,14.29,False,0.0,False
2015-11-06,2015-11-09,2,Weekend,48.0,False,-34.82,-34.82,-58.94,False,0.0,False
2015-11-09,2015-11-10,0,Overnight,0.0,False,-27.43,-27.43,50.47,False,0.0,False
2015-11-10,2015-11-11,0,Overnight,0.0,False,15.33,15.33,-54.73,False,0.0,False
2015-11-11,2015-11-12,0,Overnight,0.0,False,-59.87,-59.87,-80.71,False,0.0,False
2015-11-12,2015-11-13,0,Overnight,0.0,False,-23.95,-23.95,-88.97,False,0.0,False
2015-11-13,2015-11-16,2,Weekend,48.0,False,-10.87,-10.87,161.79,False,0.0,False
2015-11-16,2015-11-17,0,Overnight,0.0,False,17.98,17.98,-25.28,False,0.0,False
2015-11-17,2015-11-18,0,Overnight,0.0,False,27.7,27.7,129.71,False,0.0,False
2015-11-18,2015-11-19,0,Overnight,0.0,False,-6.71,-6.71,-1.92,False,0.0,False
2015-11-19,2015-11-20,0,Overnight,0.0,False,43.06,43.06,-6.69,False,0.0,False
2015-11-20,2015-11-23,2,Weekend,48.0,False,3.34,3.34,-14.82,False,0.0,False
2015-11-23,2015-11-24,0,Overnight,0.0,False,-57.56,-57.56,70.95,False,0.0,False
2015-11-24,2015-11-25,0,Overnight,0.0,False,7.16,7.16,-8.6,False,0.0,False
2015-11-25,2015-11-27,1,Short,24.0,False,5.25,5.25,6.21,False,0.0,False
2015-11-27,2015-11-30,2,Weekend,48.0,True,9.06,9.06,-50.66,False,0.0,False
2015-11-30,2015-12-01,0,Overnight,0.0,False,35.87,35.87,59.03,False,0.0,False
2015-12-01,2015-12-02,0,Overnight,0.0,False,-2.85,-2.85,-99.73,False,0.0,False
2015-12-02,2015-12-03,0,Overnight,0.0,False,14.38,14.38,-155.39,False,0.0,False
2015-12-03,2015-12-04,0,Overnight,0.0,False,0.0,0.0,193.15,False,0.0,False
2015-12-04,2015-12-07,2,Weekend,48.0,False,-18.62,-18.62,-42.15,False,0.0,False
2015-12-07,2015-12-08,0,Overnight,0.0,False,-89.67,-89.67,22.25,False,0.0,False
2015-12-08,2015-12-09,0,Overnight,0.0,False,-36.79,-36.79,-41.31,False,0.0,False
2015-12-09,2015-12-10,0,Overnight,0.0,False,3.9,3.9,21.88,False,0.0,False
2015-12-10,2015-12-11,0,Overnight,0.0,False,-123.16,-123.16,-72.55,False,0.0,False
2015-12-11,2015-12-14,2,Weekend,48.0,False,9.41,9.41,40.99,False,0.0,False
2015-12-14,2015-12-15,0,Overnight,0.0,False,88.32,88.32,16.11,False,0.0,False
2015-12-15,2015-12-16,0,Overnight,0.0,False,65.14,65.14,80.12,False,0.0,False
2015-12-16,2015-12-17,0,Overnight,0.0,False,17.77,17.77,-171.32,False,0.0,False
2015-12-17,2015-12-18,0,Overnight,0.0,False,-102.54,-42.95,-136.55,True,59.16,False
2015-12-18,2015-12-21,2,Weekend,48.0,False,69.25,69.25,12.9,False,0.0,False
2015-12-21,2015-12-22,0,Overnight,0.0,False,51.93,51.93,38.4,False,0.0,False
2015-12-22,2015-12-23,0,Overnight,0.0,False,58.31,58.31,64.77,False,0.0,False
2015-12-23,2015-12-24,0,Overnight,0.0,False,-14.57,-14.57,-1.94,False,0.0,False
2015-12-24,2015-12-28,3,Long,72.0,True,-39.95,-39.95,17.07,False,0.0,False
2015-12-28,2015-12-29,0,Overnight,0.0,False,63.15,63.15,43.0,False,0.0,False
2015-12-29,2015-12-30,0,Overnight,0.0,False,-13.99,-13.99,-57.14,False,0.0,False
2015-12-30,2015-12-31,0,Overnight,0.0,False,-38.92,-38.92,-61.61,False,0.0,False
2015-12-31,2016-01-04,3,Long,72.0,False,-167.18,-167.18,26.4,False,0.0,False
2016-01-04,2016-01-05,0,Overnight,0.0,False,18.89,18.89,-1.99,False,0.0,False
2016-01-05,2016-01-06,0,Overnight,0.0,False,-151.12,-151.12,24.17,False,0.0,False
2016-01-06,2016-01-07,0,Overnight,0.0,False,-177.09,-177.09,-65.75,False,0.0,False
2016-01-07,2016-01-08,0,Overnight,0.0,False,58.58,58.58,-168.95,False,0.0,False
2016-01-08,2016-01-11,2,Weekend,48.0,False,56.63,56.63,-46.74,False,0.0,False
2016-01-11,2016-01-12,0,Overnight,0.0,False,88.62,88.62,-8.26,False,0.0,False
2016-01-12,2016-01-13,0,Overnight,0.0,False,40.71,40.71,-293.28,False,0.0,False
2016-01-13,2016-01-14,0,Overnight,0.0,False,38.06,38.06,124.78,False,0.0,False
2016-01-14,2016-01-15,0,Overnight,0.0,False,-272.53,-272.53,55.53,False,0.0,False
2016-01-15,2016-01-19,3,Long,72.0,False,113.83,113.83,-100.53,False,0.0,False
2016-01-19,2016-01-20,0,Overnight,0.0,False,-162.43,-162.43,33.45,False,0.0,False
2016-01-20,2016-01-21,0,Overnight,0.0,False,30.12,30.12,25.74,False,0.0,False
2016-01-21,2016-01-22,0,Overnight,0.0,False,164.16,164.16,38.92,False,0.0,False
2016-01-22,2016-01-25,2,Weekend,48.0,False,-31.54,-31.54,-120.78,False,0.0,False
2016-01-25,2016-01-26,0,Overnight,0.0,False,41.48,41.48,94.03,False,0.0,False
2016-01-26,2016-01-27,0,Overnight,0.0,False,-32.65,-32.65,-76.78,False,0.0,False
2016-01-27,2016-01-28,0,Overnight,0.0,False,96.8,96.8,-44.85,False,0.0,False
2016-01-28,2016-01-29,0,Overnight,0.0,False,48.0,48.0,192.84,False,0.0,False
2016-01-29,2016-02-01,2,Weekend,48.0,False,-61.62,-61.62,58.0,False,0.0,False
2016-02-01,2016-02-02,0,Overnight,0.0,False,-87.65,-87.65,-94.21,False,0.0,False
2016-02-02,2016-02-03,0,Overnight,0.0,False,65.52,65.52,-5.75,False,0.0,False
2016-02-03,2016-02-04,0,Overnight,0.0,False,-30.89,-30.89,46.56,False,0.0,False
2016-02-04,2016-02-05,0,Overnight,0.0,False,-31.89,-31.89,-160.45,False,0.0,False
2016-02-05,2016-02-08,2,Weekend,48.0,False,-116.67,-116.67,-18.86,False,0.0,False
2016-02-08,2016-02-09,0,Overnight,0.0,False,-111.72,-111.72,112.26,False,0.0,False
2016-02-09,2016-02-10,0,Overnight,0.0,False,52.71,52.71,-61.34,False,0.0,False
2016-02-10,2016-02-11,0,Overnight,0.0,False,-159.41,-159.41,28.48,False,0.0,False
2016-02-11,2016-02-12,0,Overnight,0.0,False,114.19,114.19,89.88,False,0.0,False
2016-02-12,2016-02-16,3,Long,72.0,False,114.01,114.01,53.36,False,0.0,False
2016-02-16,2016-02-17,0,Overnight,0.0,False,72.45,72.45,89.57,False,0.0,False
2016-02-17,2016-02-18,0,Overnight,0.0,False,16.58,16.58,-57.62,False,0.0,False
2016-02-18,2016-02-19,0,Overnight,0.0,False,-48.01,-48.01,43.32,False,0.0,False
2016-02-19,2016-02-22,2,Weekend,48.0,False,96.92,96.92,46.83,False,0.0,False
2016-02-22,2016-02-23,0,Overnight,0.0,False,-40.13,-40.13,-86.97,False,0.0,False
2016-02-23,2016-02-24,0,Overnight,0.0,False,-88.26,-88.26,133.92,False,0.0,False
2016-02-24,2016-02-25,0,Overnight,0.0,False,27.4,27.4,93.0,False,0.0,False
2016-02-25,2016-02-26,0,Overnight,0.0,False,52.54,52.54,-75.58,False,0.0,False
2016-02-26,2016-02-29,2,Weekend,48.0,False,1.03,1.03,-79.76,False,0.0,False
2016-02-29,2016-03-01,0,Overnight,0.0,False,74.63,74.63,157.72,False,0.0,False
2016-03-01,2016-03-02,0,Overnight,0.0,False,-18.69,-18.69,63.52,False,0.0,False
2016-03-02,2016-03-03,0,Overnight,0.0,False,-10.56,-10.56,49.68,False,0.0,False
2016-03-03,2016-03-04,0,Overnight,0.0,False,11.51,11.51,20.98,False,0.0,False
2016-03-04,2016-03-07,2,Weekend,48.0,False,-54.53,-54.53,62.51,False,0.0,False
2016-03-07,2016-03-08,0,Overnight,0.0,False,-63.51,-63.51,-46.26,False,0.0,False
2016-03-08,2016-03-09,0,Overnight,0.0,False,48.27,48.27,1.0,False,0.0,False
2016-03-09,2016-03-10,0,Overnight,0.0,False,29.05,29.05,-21.03,False,0.0,False
2016-03-10,2016-03-11,0,Overnight,0.0,False,85.83,85.83,74.25,False,0.0,False
2016-03-11,2016-03-14,2,Weekend,47.0,False,-29.64,-29.64,16.8,False,0.0,False
2016-03-14,2016-03-15,0,Overnight,0.0,False,-56.46,-56.46,40.15,False,0.0,False
2016-03-15,2016-03-16,0,Overnight,0.0,False,-28.23,-28.23,85.94,False,0.0,False
2016-03-16,2016-03-17,0,Overnight,0.0,False,-4.92,-4.92,68.16,False,0.0,False
2016-03-17,2016-03-18,0,Overnight,0.0,False,-22.51,28.79,10.28,True,51.31,False
2016-03-18,2016-03-21,2,Weekend,48.0,False,-15.18,-15.18,29.36,False,0.0,False
2016-03-21,2016-03-22,0,Overnight,0.0,False,-44.56,-44.56,39.19,False,0.0,False
2016-03-22,2016-03-23,0,Overnight,0.0,False,-22.02,-22.02,-44.19,False,0.0,False
2016-03-23,2016-03-24,0,Overnight,0.0,False,-59.72,-59.72,55.29,False,0.0,False
2016-03-24,2016-03-28,3,Long,72.0,False,24.09,24.09,-18.19,False,0.0,False
2016-03-28,2016-03-29,0,Overnight,0.0,False,-23.65,-23.65,115.72,False,0.0,False
2016-03-29,2016-03-30,0,Overnight,0.0,False,57.36,57.36,-13.58,False,0.0,False
2016-03-30,2016-03-31,0,Overnight,0.0,False,-5.34,-5.34,-18.96,False,0.0,False
2016-03-31,2016-04-01,0,Overnight,0.0,False,-57.09,-57.09,124.98,False,0.0,False
2016-04-01,2016-04-04,2,Weekend,48.0,False,-4.35,-4.35,-28.08,False,0.0,False
2016-04-04,2016-04-05,0,Overnight,0.0,False,-76.9,-76.9,-23.48,False,0.0,False
2016-04-05,2016-04-06,0,Overnight,0.0,False,0.0,0.0,108.62,False,0.0,False
2016-04-06,2016-04-07,0,Overnight,0.0,False,-62.2,-62.2,-58.18,False,0.0,False
2016-04-07,2016-04-08,0,Overnight,0.0,False,67.92,67.92,-40.99,False,0.0,False
2016-04-08,2016-04-11,2,Weekend,48.0,False,36.61,36.61,-60.11,False,0.0,False
2016-04-11,2016-04-12,0,Overnight,0.0,False,9.8,9.8,82.9,False,0.0,False
2016-04-12,2016-04-13,0,Overnight,0.0,False,52.31,52.31,48.19,False,0.0,False
2016-04-13,2016-04-14,0,Overnight,0.0,False,3.37,3.37,-2.88,False,0.0,False
2016-04-14,2016-04-15,0,Overnight,0.0,False,0.0,0.0,-11.06,False,0.0,False
2016-04-15,2016-04-18,2,Weekend,48.0,False,0.0,0.0,70.02,False,0.0,False
2016-04-18,2016-04-19,0,Overnight,0.0,False,23.87,23.87,7.63,False,0.0,False
2016-04-19,2016-04-20,0,Overnight,0.0,False,2.38,2.38,7.14,False,0.0,False
2016-04-20,2016-04-21,0,Overnight,0.0,False,0.95,0.95,-54.88,False,0.0,False
2016-04-21,2016-04-22,0,Overnight,0.0,False,-20.12,-20.12,20.12,False,0.0,False
2016-04-22,2016-04-25,2,Weekend,48.0,False,-34.03,-34.03,16.79,False,0.0,False
2016-04-25,2016-04-26,0,Overnight,0.0,False,20.59,20.59,-5.74,False,0.0,False
2016-04-26,2016-04-27,0,Overnight,0.0,False,-21.56,-21.56,42.12,False,0.0,False
2016-04-27,2016-04-28,0,Overnight,0.0,False,-42.6,-42.6,-48.57,False,0.0,False
2016-04-28,2016-04-29,0,Overnight,0.0,False,-35.25,-35.25,-18.88,False,0.0,False
2016-04-29,2016-05-02,2,Weekend,48.0,False,28.55,28.55,50.62,False,0.0,False
2016-05-02,2016-05-03,0,Overnight,0.0,False,-69.97,-69.97,-17.45,False,0.0,False
2016-05-03,2016-05-04,0,Overnight,0.0,False,-56.91,-56.91,0.98,False,0.0,False
2016-05-04,2016-05-05,0,Overnight,0.0,False,26.79,26.79,-28.74,False,0.0,False
2016-05-05,2016-05-06,0,Overnight,0.0,False,-44.5,-44.5,81.02,False,0.0,False
2016-05-06,2016-05-09,2,Weekend,48.0,False,-7.29,-7.29,15.55,False,0.0,False
2016-05-09,2016-05-10,0,Overnight,0.0,False,40.23,40.23,83.34,False,0.0,False
2016-05-10,2016-05-11,0,Overnight,0.0,False,-25.94,-25.94,-68.05,False,0.0,False
2016-05-11,2016-05-12,0,Overnight,0.0,False,38.18,38.18,-35.28,False,0.0,False
2016-05-12,2016-05-13,0,Overnight,0.0,False,-16.96,-16.96,-70.57,False,0.0,False
2016-05-13,2016-05-16,2,Weekend,48.0,False,9.76,9.76,88.41,False,0.0,False
2016-05-16,2016-05-17,0,Overnight,0.0,False,-15.49,-15.49,-78.29,False,0.0,False
2016-05-17,2016-05-18,0,Overnight,0.0,False,-20.03,-20.03,22.96,False,0.0,False
2016-05-18,2016-05-19,0,Overnight,0.0,False,-41.57,-41.57,6.86,False,0.0,False
2016-05-19,2016-05-20,0,Overnight,0.0,False,35.2,35.2,27.78,False,0.0,False
2016-05-20,2016-05-23,2,Weekend,48.0,False,0.97,0.97,-14.61,False,0.0,False
2016-05-23,2016-05-24,0,Overnight,0.0,False,46.67,46.67,82.12,False,0.0,False
2016-05-24,2016-05-25,0,Overnight,0.0,False,38.41,38.41,29.19,False,0.0,False
2016-05-25,2016-05-26,0,Overnight,0.0,False,7.64,7.64,-4.78,False,0.0,False
2016-05-26,2016-05-27,0,Overnight,0.0,False,9.07,9.07,33.83,False,0.0,False
2016-05-27,2016-05-31,3,Long,72.0,False,15.21,15.21,-34.25,False,0.0,False
2016-05-31,2016-06-01,0,Overnight,0.0,False,-34.37,-34.37,54.84,False,0.0,False
2016-06-01,2016-06-02,0,Overnight,0.0,False,-22.38,-22.38,52.77,False,0.0,False
2016-06-02,2016-06-03,0,Overnight,0.0,False,-31.34,-31.34,1.43,False,0.0,False
2016-06-03,2016-06-06,2,Weekend,48.0,False,19.95,19.95,30.8,False,0.0,False
2016-06-06,2016-06-07,0,Overnight,0.0,False,8.51,8.51,7.09,False,0.0,False
2016-06-07,2016-06-08,0,Overnight,0.0,False,7.56,7.56,24.99,False,0.0,False
2016-06-08,2016-06-09,0,Overnight,0.0,False,-40.58,-40.58,26.91,False,0.0,False
2016-06-09,2016-06-10,0,Overnight,0.0,False,-76.68,-76.68,-18.55,False,0.0,False
2016-06-10,2016-06-13,2,Weekend,48.0,False,-33.86,-33.86,-43.56,False,0.0,False
2016-06-13,2016-06-14,0,Overnight,0.0,False,-21.61,-21.61,1.92,False,0.0,False
2016-06-14,2016-06-15,0,Overnight,0.0,False,0.0,0.0,-13.95,False,0.0,False
2016-06-15,2016-06-16,0,Overnight,0.0,False,0.0,0.0,29.8,False,0.0,False
2016-06-16,2016-06-17,0,Overnight,0.0,False,-57.76,-5.86,-31.42,True,51.73,False
2016-06-17,2016-06-20,2,Weekend,48.0,False,110.75,110.75,-46.56,False,0.0,False
2016-06-20,2016-06-21,0,Overnight,0.0,False,21.63,21.63,6.72,False,0.0,False
2016-06-21,2016-06-22,0,Overnight,0.0,False,10.07,10.07,-26.39,False,0.0,False
2016-06-22,2016-06-23,0,Overnight,0.0,False,81.84,81.84,47.55,False,0.0,False
2016-06-23,2016-06-24,0,Overnight,0.0,False,-346.53,-346.53,-19.17,False,0.0,False
2016-06-24,2016-06-27,2,Weekend,48.0,False,-81.52,-81.52,-99.21,False,0.0,False
2016-06-27,2016-06-28,0,Overnight,0.0,False,93.75,93.75,85.01,False,0.0,False
2016-06-28,2016-06-29,0,Overnight,0.0,False,80.38,80.38,88.46,False,0.0,False
2016-06-29,2016-06-30,0,Overnight,0.0,False,26.58,26.58,108.95,False,0.0,False
2016-06-30,2016-07-01,0,Overnight,0.0,False,0.0,0.0,20.98,False,0.0,False
2016-07-01,2016-07-05,3,Long,72.0,False,-46.32,-46.32,-25.88,False,0.0,False
2016-07-05,2016-07-06,0,Overnight,0.0,False,-27.87,-27.87,87.67,False,0.0,False
2016-07-06,2016-07-07,0,Overnight,0.0,False,10.01,10.01,-16.21,False,0.0,False
2016-07-07,2016-07-08,0,Overnight,0.0,False,72.28,72.28,75.53,False,0.0,False
2016-07-08,2016-07-11,2,Weekend,48.0,False,25.36,25.36,9.85,False,0.0,False
2016-07-11,2016-07-12,0,Overnight,0.0,False,52.81,52.81,19.56,False,0.0,False
2016-07-12,2016-07-13,0,Overnight,0.0,False,22.77,22.77,-24.17,False,0.0,False
2016-07-13,2016-07-14,0,Overnight,0.0,False,68.63,68.63,-12.95,False,0.0,False
2016-07-14,2016-07-15,0,Overnight,0.0,False,30.49,30.49,-43.92,False,0.0,False
2016-07-15,2016-07-18,2,Weekend,48.0,False,6.48,6.48,20.35,False,0.0,False
2016-07-18,2016-07-19,0,Overnight,0.0,False,-22.67,-22.67,12.5,False,0.0,False
2016-07-19,2016-07-20,0,Overnight,0.0,False,0.0,0.0,41.54,False,0.0,False
2016-07-20,2016-07-21,0,Overnight,0.0,False,-5.99,-5.99,-31.85,False,0.0,False
2016-07-21,2016-07-22,0,Overnight,0.0,False,6.47,6.47,38.28,False,0.0,False
2016-07-22,2016-07-25,2,Weekend,48.0,False,-11.05,-11.05,-16.14,False,0.0,False
2016-07-25,2016-07-26,0,Overnight,0.0,False,-5.54,-5.54,10.16,False,0.0,False
2016-07-26,2016-07-27,0,Overnight,0.0,False,20.28,20.28,-30.9,False,0.0,False
2016-07-27,2016-07-28,0,Overnight,0.0,False,-10.63,-10.63,22.17,False,0.0,False
2016-07-28,2016-07-29,0,Overnight,0.0,False,-14.31,-14.31,30.44,False,0.0,False
2016-07-29,2016-08-01,2,Weekend,48.0,False,3.22,3.22,-11.52,False,0.0,False
2016-08-01,2016-08-02,0,Overnight,0.0,False,-13.38,-13.38,-50.9,False,0.0,False
2016-08-02,2016-08-03,0,Overnight,0.0,False,-3.25,-3.25,32.43,False,0.0,False
2016-08-03,2016-08-04,0,Overnight,0.0,False,6.01,6.01,4.62,False,0.0,False
2016-08-04,2016-08-05,0,Overnight,0.0,False,0.0,0.0,81.46,False,0.0,False
2016-08-05,2016-08-08,2,Weekend,48.0,False,10.08,10.08,-16.04,False,0.0,False
2016-08-08,2016-08-09,0,Overnight,0.0,False,3.67,3.67,2.29,False,0.0,False
2016-08-09,2016-08-10,0,Overnight,0.0,False,5.96,5.96,-30.74,False,0.0,False
2016-08-10,2016-08-11,0,Overnight,0.0,False,28.45,28.45,17.85,False,0.0,False
2016-08-11,2016-08-12,0,Overnight,0.0,False,-16.48,-16.48,7.79,False,0.0,False
2016-08-12,2016-08-15,2,Weekend,48.0,False,19.66,19.66,9.13,False,0.0,False
2016-08-15,2016-08-16,0,Overnight,0.0,False,-22.39,-22.39,-29.32,False,0.0,False
2016-08-16,2016-08-17,0,Overnight,0.0,False,1.83,1.83,16.96,False,0.0,False
2016-08-17,2016-08-18,0,Overnight,0.0,False,-1.37,-1.37,23.79,False,0.0,False
2016-08-18,2016-08-19,0,Overnight,0.0,False,-25.16,-25.16,10.53,False,0.0,False
2016-08-19,2016-08-22,2,Weekend,48.0,False,-12.82,-12.82,12.36,False,0.0,False
2016-08-22,2016-08-23,0,Overnight,0.0,False,32.89,32.89,-12.78,False,0.0,False
2016-08-23,2016-08-24,0,Overnight,0.0,False,-7.77,-7.77,-43.51,False,0.0,False
2016-08-24,2016-08-25,0,Overnight,0.0,False,-20.68,-20.68,13.79,False,0.0,False
2016-08-25,2016-08-26,0,Overnight,0.0,False,10.1,10.1,-28.95,False,0.0,False
2016-08-26,2016-08-29,2,Weekend,48.0,False,6.9,6.9,42.22,False,0.0,False
2016-08-29,2016-08-30,0,Overnight,0.0,False,-4.58,-4.58,-11.92,False,0.0,False
2016-08-30,2016-08-31,0,Overnight,0.0,False,-17.91,-17.91,-10.57,False,0.0,False
2016-08-31,2016-09-01,0,Overnight,0.0,False,-0.46,-0.46,0.92,False,0.0,False
2016-09-01,2016-09-02,0,Overnight,0.0,False,45.89,45.89,-0.92,False,0.0,False
2016-09-02,2016-09-06,3,Long,72.0,False,15.1,15.1,15.08,False,0.0,False
2016-09-06,2016-09-07,0,Overnight,0.0,False,-8.68,-8.68,7.77,False,0.0,False
2016-09-07,2016-09-08,0,Overnight,0.0,False,-17.82,-17.82,-5.03,False,0.0,False
2016-09-08,2016-09-09,0,Overnight,0.0,False,-70.73,-70.73,-171.53,False,0.0,False
2016-09-09,2016-09-12,2,Weekend,48.0,False,-41.82,-41.82,184.27,False,0.0,False
2016-09-12,2016-09-13,0,Overnight,0.0,False,-69.58,-69.58,-75.22,False,0.0,False
2016-09-13,2016-09-14,0,Overnight,0.0,False,2.81,2.81,-6.57,False,0.0,False
2016-09-14,2016-09-15,0,Overnight,0.0,False,-8.92,-8.92,108.35,False,0.0,False
2016-09-15,2016-09-16,0,Overnight,0.0,False,-83.96,-33.41,-5.15,True,50.26,False
2016-09-16,2016-09-19,2,Weekend,48.0,False,35.56,35.56,-33.68,False,0.0,False
2016-09-19,2016-09-20,0,Overnight,0.0,False,46.75,46.75,-46.28,False,0.0,False
2016-09-20,2016-09-21,0,Overnight,0.0,False,38.35,38.35,73.48,False,0.0,False
2016-09-21,2016-09-22,0,Overnight,0.0,False,54.53,54.53,8.29,False,0.0,False
2016-09-22,2016-09-23,0,Overnight,0.0,False,-21.2,-21.2,-33.74,False,0.0,False
2016-09-23,2016-09-26,2,Weekend,48.0,False,-45.01,-45.01,-36.34,False,0.0,False
2016-09-26,2016-09-27,0,Overnight,0.0,False,-8.87,-8.87,70.76,False,0.0,False
2016-09-27,2016-09-28,0,Overnight,0.0,False,12.05,12.05,37.46,False,0.0,False
2016-09-28,2016-09-29,0,Overnight,0.0,False,-11.08,-11.08,-79.8,False,0.0,False
2016-09-29,2016-09-30,0,Overnight,0.0,False,45.08,45.08,30.1,False,0.0,False
2016-09-30,2016-10-03,2,Weekend,48.0,False,-22.22,-22.22,-1.85,False,0.0,False
2016-10-03,2016-10-04,0,Overnight,0.0,False,6.02,6.02,-57.13,False,0.0,False
2016-10-04,2016-10-05,0,Overnight,0.0,False,33.95,33.95,10.21,False,0.0,False
2016-10-05,2016-10-06,0,Overnight,0.0,False,-12.07,-12.07,19.02,False,0.0,False
2016-10-06,2016-10-07,0,Overnight,0.0,False,14.82,14.82,-49.17,False,0.0,False
2016-10-07,2016-10-10,2,Weekend,48.0,False,51.95,51.95,0.0,False,0.0,False
2016-10-10,2016-10-11,0,Overnight,0.0,False,-23.16,-23.16,-103.94,False,0.0,False
2016-10-11,2016-10-12,0,Overnight,0.0,False,7.49,7.49,5.62,False,0.0,False
2016-10-12,2016-10-13,0,Overnight,0.0,False,-72.79,-72.79,39.98,False,0.0,False
2016-10-13,2016-10-14,0,Overnight,0.0,False,53.38,53.38,-48.21,False,0.0,False
2016-10-14,2016-10-17,2,Weekend,48.0,False,-1.41,-1.41,-33.37,False,0.0,False
2016-10-17,2016-10-18,0,Overnight,0.0,False,87.2,87.2,-24.77,False,0.0,False
2016-10-18,2016-10-19,0,Overnight,0.0,False,14.49,14.49,12.14,False,0.0,False
2016-10-19,2016-10-20,0,Overnight,0.0,False,-19.15,-19.15,0.47,False,0.0,False
2016-10-20,2016-10-21,0,Overnight,0.0,False,0.0,0.0,4.67,False,0.0,False
2016-10-21,2016-10-24,2,Weekend,48.0,False,47.55,47.55,-5.12,False,0.0,False
2016-10-24,2016-10-25,0,Overnight,0.0,False,-9.78,-9.78,-23.78,False,0.0,False
2016-10-25,2016-10-26,0,Overnight,0.0,False,-44.92,-44.92,24.83,False,0.0,False
2016-10-26,2016-10-27,0,Overnight,0.0,False,39.22,39.22,-65.93,False,0.0,False
2016-10-27,2016-10-28,0,Overnight,0.0,False,-1.41,-1.41,-28.19,False,0.0,False
2016-10-28,2016-10-31,2,Weekend,48.0,False,18.33,18.33,-17.86,False,0.0,False
2016-10-31,2016-11-01,0,Overnight,0.0,False,17.86,17.86,-90.58,False,0.0,False
2016-11-01,2016-11-02,0,Overnight,0.0,False,-17.08,-17.08,-43.29,False,0.0,False
2016-11-02,2016-11-03,0,Overnight,0.0,False,11.91,11.91,-57.79,False,0.0,False
2016-11-03,2016-11-04,0,Overnight,0.0,False,6.22,6.22,-17.25,False,0.0,False
2016-11-04,2016-11-07,2,Weekend,49.0,False,0.0,0.0,218.17,False,0.0,False
2016-11-07,2016-11-08,0,Overnight,0.0,False,-21.6,-21.6,66.54,False,0.0,False
2016-11-08,2016-11-09,0,Overnight,0.0,False,-81.6,-81.6,187.06,False,0.0,False
2016-11-09,2016-11-10,0,Overnight,0.0,False,42.43,42.43,-17.5,False,0.0,False
2016-11-10,2016-11-11,0,Overnight,0.0,False,-38.8,-38.8,15.72,False,0.0,False
2016-11-11,2016-11-14,2,Weekend,48.0,False,28.15,28.15,-20.29,False,0.0,False
2016-11-14,2016-11-15,0,Overnight,0.0,False,20.75,20.75,56.97,False,0.0,False
2016-11-15,2016-11-16,0,Overnight,0.0,False,-33.04,-33.04,14.24,False,0.0,False
2016-11-16,2016-11-17,0,Overnight,0.0,False,8.26,8.26,43.02,False,0.0,False
2016-11-17,2016-11-18,0,Overnight,0.0,False,3.65,3.65,-26.05,False,0.0,False
2016-11-18,2016-11-21,2,Weekend,48.0,False,30.62,30.62,44.61,False,0.0,False
2016-11-21,2016-11-22,0,Overnight,0.0,False,16.34,16.34,3.17,False,0.0,False
2016-11-22,2016-11-23,0,Overnight,0.0,False,-27.24,-27.24,32.68,False,0.0,False
2016-11-23,2016-11-25,1,Short,24.0,False,18.11,18.11,18.98,False,0.0,False
2016-11-25,2016-11-28,2,Weekend,48.0,True,-16.26,-16.26,-30.79,False,0.0,False
2016-11-28,2016-11-29,0,Overnight,0.0,False,1.81,1.81,17.67,False,0.0,False
2016-11-29,2016-11-30,0,Overnight,0.0,False,32.54,32.54,-56.56,False,0.0,False
2016-11-30,2016-12-01,0,Overnight,0.0,False,15.87,15.87,-52.69,False,0.0,False
2016-12-01,2016-12-02,0,Overnight,0.0,False,4.55,4.55,0.45,False,0.0,False
2016-12-02,2016-12-05,2,Weekend,48.0,False,44.06,44.06,15.85,False,0.0,False
2016-12-05,2016-12-06,0,Overnight,0.0,False,9.95,9.95,21.67,False,0.0,False
2016-12-06,2016-12-07,0,Overnight,0.0,False,-8.12,-8.12,138.08,False,0.0,False
2016-12-07,2016-12-08,0,Overnight,0.0,False,-1.34,-1.34,25.79,False,0.0,False
2016-12-08,2016-12-09,0,Overnight,0.0,False,11.54,11.54,48.68,False,0.0,False
2016-12-09,2016-12-12,2,Weekend,48.0,False,-4.86,-4.86,-6.63,False,0.0,False
2016-12-12,2016-12-13,0,Overnight,0.0,False,33.98,33.98,32.54,False,0.0,False
2016-12-13,2016-12-14,0,Overnight,0.0,False,-15.38,-15.38,-67.51,False,0.0,False
2016-12-14,2016-12-15,0,Overnight,0.0,False,12.39,12.39,28.7,False,0.0,False
2016-12-15,2016-12-16,0,Overnight,0.0,False,-35.33,23.3,-43.01,True,58.6,False
2016-12-16,2016-12-19,2,Weekend,48.0,False,9.33,9.33,12.42,False,0.0,False
2016-12-19,2016-12-20,0,Overnight,0.0,False,27.45,27.45,11.05,False,0.0,False
2016-12-20,2016-12-21,0,Overnight,0.0,False,-6.63,-6.63,-21.24,False,0.0,False
2016-12-21,2016-12-22,0,Overnight,0.0,False,-7.53,-7.53,-9.76,False,0.0,False
2016-12-22,2016-12-23,0,Overnight,0.0,False,2.22,2.22,12.41,False,0.0,False
2016-12-23,2016-12-27,3,Long,72.0,False,13.72,13.72,11.05,False,0.0,False
2016-12-27,2016-12-28,0,Overnight,0.0,False,13.25,13.25,-96.24,False,0.0,False
2016-12-28,2016-12-29,0,Overnight,0.0,False,3.56,3.56,-5.79,False,0.0,False
2016-12-29,2016-12-30,0,Overnight,0.0,False,16.92,16.92,-53.54,False,0.0,False
2016-12-30,2017-01-03,3,Long,72.0,False,67.33,67.33,8.88,False,0.0,False
2017-01-03,2017-01-04,0,Overnight,0.0,False,16.86,16.86,42.46,False,0.0,False
2017-01-04,2017-01-05,0,Overnight,0.0,False,-13.69,-13.69,5.74,False,0.0,False
2017-01-05,2017-01-06,0,Overnight,0.0,False,5.74,5.74,29.97,False,0.0,False
2017-01-06,2017-01-09,2,Weekend,48.0,False,-13.21,-13.21,-19.85,False,0.0,False
2017-01-09,2017-01-10,0,Overnight,0.0,False,0.88,0.88,-0.88,False,0.0,False
2017-01-10,2017-01-11,0,Overnight,0.0,False,-4.42,-4.42,32.64,False,0.0,False
2017-01-11,2017-01-12,0,Overnight,0.0,False,-26.46,-26.46,1.32,False,0.0,False
2017-01-12,2017-01-13,0,Overnight,0.0,False,8.82,8.82,14.1,False,0.0,False
2017-01-13,2017-01-17,3,Long,72.0,False,-32.65,-32.65,-2.65,False,0.0,False
2017-01-17,2017-01-18,0,Overnight,0.0,False,12.81,12.81,9.27,False,0.0,False
2017-01-18,2017-01-19,0,Overnight,0.0,False,3.97,3.97,-41.08,False,0.0,False
2017-01-19,2017-01-20,0,Overnight,0.0,False,34.91,34.91,1.76,False,0.0,False
2017-01-20,2017-01-23,2,Weekend,48.0,False,0.0,0.0,-26.06,False,0.0,False
2017-01-23,2017-01-24,0,Overnight,0.0,False,11.05,11.05,52.86,False,0.0,False
2017-01-24,2017-01-25,0,Overnight,0.0,False,48.21,48.21,37.97,False,0.0,False
2017-01-25,2017-01-26,0,Overnight,0.0,False,-7.41,-7.41,-3.05,False,0.0,False
2017-01-26,2017-01-27,0,Overnight,0.0,False,3.92,3.92,-19.63,False,0.0,False
2017-01-27,2017-01-30,2,Weekend,48.0,False,-35.0,-35.0,-27.21,False,0.0,False
2017-01-30,2017-01-31,0,Overnight,0.0,False,-25.08,-25.08,24.2,False,0.0,False
2017-01-31,2017-02-01,0,Overnight,0.0,False,0.0,0.0,3.95,False,0.0,False
2017-02-01,2017-02-02,0,Overnight,0.0,False,0.0,0.0,6.59,False,0.0,False
2017-02-02,2017-02-03,0,Overnight,0.0,False,45.99,45.99,22.7,False,0.0,False
2017-02-03,2017-02-06,2,Weekend,48.0,False,-20.51,-20.51,2.62,False,0.0,False
2017-02-06,2017-02-07,0,Overnight,0.0,False,19.64,19.64,-19.2,False,0.0,False
2017-02-07,2017-02-08,0,Overnight,0.0,False,0.0,0.0,13.1,False,0.0,False
2017-02-08,2017-02-09,0,Overnight,0.0,False,0.0,0.0,59.15,False,0.0,False
2017-02-09,2017-02-10,0,Overnight,0.0,False,17.33,17.33,22.05,False,0.0,False
2017-02-10,2017-02-13,2,Weekend,48.0,False,24.59,24.59,29.69,False,0.0,False
2017-02-13,2017-02-14,0,Overnight,0.0,False,-9.03,-9.03,48.9,False,0.0,False
2017-02-14,2017-02-15,0,Overnight,0.0,False,-10.7,-10.7,62.77,False,0.0,False
2017-02-15,2017-02-16,0,Overnight,0.0,False,1.28,1.28,-9.79,False,0.0,False
2017-02-16,2017-02-17,0,Overnight,0.0,False,-32.86,-32.86,48.61,False,0.0,False
2017-02-17,2017-02-21,3,Long,72.0,False,18.27,18.27,41.1,False,0.0,False
2017-02-21,2017-02-22,0,Overnight,0.0,False,-19.89,-19.89,11.01,False,0.0,False
2017-02-22,2017-02-23,0,Overnight,0.0,False,25.36,25.36,-18.59,False,0.0,False
2017-02-23,2017-02-24,0,Overnight,0.0,False,-41.53,-41.53,54.21,False,0.0,False
2017-02-24,2017-02-27,2,Weekend,48.0,False,-4.23,-4.23,19.84,False,0.0,False
2017-02-27,2017-02-28,0,Overnight,0.0,False,-18.57,-18.57,-8.45,False,0.0,False
2017-02-28,2017-03-01,0,Overnight,0.0,False,80.87,80.87,58.14,False,0.0,False
2017-03-01,2017-03-02,0,Overnight,0.0,False,-9.18,-9.18,-53.99,False,0.0,False
2017-03-02,2017-03-03,0,Overnight,0.0,False,-4.2,-4.2,10.49,False,0.0,False
2017-03-03,2017-03-06,2,Weekend,48.0,False,-38.66,-38.66,8.84,False,0.0,False
2017-03-06,2017-03-07,0,Overnight,0.0,False,-14.73,-14.73,-15.18,False,0.0,False
2017-03-07,2017-03-08,0,Overnight,0.0,False,14.34,14.34,-32.92,False,0.0,False
2017-03-08,2017-03-09,0,Overnight,0.0,False,5.92,5.92,6.76,False,0.0,False
2017-03-09,2017-03-10,0,Overnight,0.0,False,46.75,46.75,-11.77,False,0.0,False
2017-03-10,2017-03-13,2,Weekend,47.0,False,-2.95,-2.95,7.99,False,0.0,False
2017-03-13,2017-03-14,0,Overnight,0.0,False,-26.53,-26.53,-11.81,False,0.0,False
2017-03-14,2017-03-15,0,Overnight,0.0,False,27.82,27.82,58.34,False,0.0,False
2017-03-15,2017-03-16,0,Overnight,0.0,False,6.69,6.69,-26.38,False,0.0,False
2017-03-16,2017-03-17,0,Overnight,0.0,False,-30.66,12.7,-30.33,True,43.32,False
2017-03-17,2017-03-20,2,Weekend,48.0,False,0.0,0.0,-10.97,False,0.0,False
2017-03-20,2017-03-21,0,Overnight,0.0,False,29.52,29.52,-158.75,False,0.0,False
2017-03-21,2017-03-22,0,Overnight,0.0,False,1.71,1.71,21.79,False,0.0,False
2017-03-22,2017-03-23,0,Overnight,0.0,False,0.0,0.0,-10.68,False,0.0,False
2017-03-23,2017-03-24,0,Overnight,0.0,False,14.94,14.94,-22.21,False,0.0,False
2017-03-24,2017-03-27,2,Weekend,48.0,False,-82.87,-82.87,72.6,False,0.0,False
2017-03-27,2017-03-28,0,Overnight,0.0,False,-14.99,-14.99,87.5,False,0.0,False
2017-03-28,2017-03-29,0,Overnight,0.0,False,-14.03,-14.03,23.38,False,0.0,False
2017-03-29,2017-03-30,0,Overnight,0.0,False,-2.97,-2.97,34.76,False,0.0,False
2017-03-30,2017-03-31,0,Overnight,0.0,False,-16.52,-16.52,-6.78,False,0.0,False
2017-03-31,2017-04-03,2,Weekend,48.0,False,2.54,2.54,-19.95,False,0.0,False
2017-04-03,2017-04-04,0,Overnight,0.0,False,-14.03,-14.03,20.4,False,0.0,False
2017-04-04,2017-04-05,0,Overnight,0.0,False,33.07,33.07,-62.84,False,0.0,False
2017-04-05,2017-04-06,0,Overnight,0.0,False,6.81,6.81,21.26,False,0.0,False
2017-04-06,2017-04-07,0,Overnight,0.0,False,-12.33,-12.33,2.13,False,0.0,False
2017-04-07,2017-04-10,2,Weekend,48.0,False,6.8,6.8,-0.85,False,0.0,False
2017-04-10,2017-04-11,0,Overnight,0.0,False,-18.71,-18.71,6.81,False,0.0,False
2017-04-11,2017-04-12,0,Overnight,0.0,False,-13.62,-13.62,-30.29,False,0.0,False
2017-04-12,2017-04-13,0,Overnight,0.0,False,-16.68,-16.68,-48.48,False,0.0,False
2017-04-13,2017-04-17,3,Long,72.0,False,25.77,25.77,62.44,False,0.0,False
2017-04-17,2017-04-18,0,Overnight,0.0,False,-36.3,-36.3,6.42,False,0.0,False
2017-04-18,2017-04-19,0,Overnight,0.0,False,27.76,27.76,-46.16,False,0.0,False
2017-04-19,2017-04-20,0,Overnight,0.0,False,30.37,30.37,50.69,False,0.0,False
2017-04-20,2017-04-21,0,Overnight,0.0,False,-3.82,-3.82,-28.09,False,0.0,False
2017-04-21,2017-04-24,2,Weekend,48.0,False,109.8,109.8,-0.42,False,0.0,False
2017-04-24,2017-04-25,0,Overnight,0.0,False,31.15,31.15,26.86,False,0.0,False
2017-04-25,2017-04-26,0,Overnight,0.0,False,-1.68,-1.68,-4.61,False,0.0,False
2017-04-26,2017-04-27,0,Overnight,0.0,False,15.51,15.51,-7.12,False,0.0,False
2017-04-27,2017-04-28,0,Overnight,0.0,False,12.56,12.56,-34.38,False,0.0,False
2017-04-28,2017-05-01,2,Weekend,48.0,False,25.17,25.17,0.0,False,0.0,False
2017-05-01,2017-05-02,0,Overnight,0.0,False,6.7,6.7,-2.93,False,0.0,False
2017-05-02,2017-05-03,0,Overnight,0.0,False,0.0,0.0,-12.15,False,0.0,False
2017-05-03,2017-05-04,0,Overnight,0.0,False,14.67,14.67,-2.93,False,0.0,False
2017-05-04,2017-05-05,0,Overnight,0.0,False,17.99,17.99,21.3,False,0.0,False
2017-05-05,2017-05-08,2,Weekend,48.0,False,2.09,2.09,-3.75,False,0.0,False
2017-05-08,2017-05-09,0,Overnight,0.0,False,12.51,12.51,-21.69,False,0.0,False
2017-05-09,2017-05-10,0,Overnight,0.0,False,-2.09,-2.09,20.03,False,0.0,False
2017-05-10,2017-05-11,0,Overnight,0.0,False,-21.7,-21.7,1.25,False,0.0,False
2017-05-11,2017-05-12,0,Overnight,0.0,False,-12.12,-12.12,-4.6,False,0.0,False
2017-05-12,2017-05-15,2,Weekend,48.0,False,20.48,20.48,34.6,False,0.0,False
2017-05-15,2017-05-16,0,Overnight,0.0,False,14.14,14.14,-23.3,False,0.0,False
2017-05-16,2017-05-17,0,Overnight,0.0,False,0.0,0.0,-179.03,False,0.0,False
2017-05-17,2017-05-18,0,Overnight,0.0,False,-3.82,-3.82,44.02,False,0.0,False
2017-05-18,2017-05-19,0,Overnight,0.0,False,23.62,23.62,41.21,False,0.0,False
2017-05-19,2017-05-22,2,Weekend,48.0,False,24.73,24.73,25.92,False,0.0,False
2017-05-22,2017-05-23,0,Overnight,0.0,False,17.94,17.94,4.17,False,0.0,False
2017-05-23,2017-05-24,0,Overnight,0.0,False,11.24,11.24,12.06,False,0.0,False
2017-05-24,2017-05-25,0,Overnight,0.0,False,24.49,24.49,23.19,False,0.0,False
2017-05-25,2017-05-26,0,Overnight,0.0,False,-9.1,-9.1,7.04,False,0.0,False
2017-05-26,2017-05-30,3,Long,72.0,False,-15.32,-15.32,6.63,False,0.0,False
2017-05-30,2017-05-31,0,Overnight,0.0,False,14.07,14.07,-16.55,False,0.0,False
2017-05-31,2017-06-01,0,Overnight,0.0,False,21.93,21.93,57.28,False,0.0,False
2017-06-01,2017-06-02,0,Overnight,0.0,False,2.47,2.47,30.76,False,0.0,False
2017-06-02,2017-06-05,2,Weekend,48.0,False,-8.19,-8.19,0.82,False,0.0,False
2017-06-05,2017-06-06,0,Overnight,0.0,False,-26.68,-26.68,-5.34,False,0.0,False
2017-06-06,2017-06-07,0,Overnight,0.0,False,16.02,16.02,2.46,False,0.0,False
2017-06-07,2017-06-08,0,Overnight,0.0,False,4.51,4.51,0.41,False,0.0,False
2017-06-08,2017-06-09,0,Overnight,0.0,False,12.71,12.71,-27.9,False,0.0,False
2017-06-09,2017-06-12,2,Weekend,48.0,False,-11.51,-11.51,9.46,False,0.0,False
2017-06-12,2017-06-13,0,Overnight,0.0,False,25.44,25.44,23.34,False,0.0,False
2017-06-13,2017-06-14,0,Overnight,0.0,False,12.67,12.67,-25.35,False,0.0,False
2017-06-14,2017-06-15,0,Overnight,0.0,False,-64.08,-64.08,44.81,False,0.0,False
2017-06-15,2017-06-16,0,Overnight,0.0,False,-41.11,7.5,-5.36,True,48.53,False
2017-06-16,2017-06-19,2,Weekend,48.0,False,39.08,39.08,43.83,False,0.0,False
2017-06-19,2017-06-20,0,Overnight,0.0,False,-16.77,-16.77,-50.9,False,0.0,False
2017-06-20,2017-06-21,0,Overnight,0.0,False,18.5,18.5,-20.97,False,0.0,False
2017-06-21,2017-06-22,0,Overnight,0.0,False,0.41,0.41,-4.94,False,0.0,False
2017-06-22,2017-06-23,0,Overnight,0.0,False,2.88,2.88,9.05,False,0.0,False
2017-06-23,2017-06-26,2,Weekend,48.0,False,31.62,31.62,-25.04,False,0.0,False
2017-06-26,2017-06-27,0,Overnight,0.0,False,-10.28,-10.28,-70.61,False,0.0,False
2017-06-27,2017-06-28,0,Overnight,0.0,False,48.36,48.36,40.74,False,0.0,False
2017-06-28,2017-06-29,0,Overnight,0.0,False,6.98,6.98,-95.26,False,0.0,False
2017-06-29,2017-06-30,0,Overnight,0.0,False,38.46,38.46,-19.83,False,0.0,False
2017-06-30,2017-07-03,2,Weekend,48.0,False,44.57,44.57,-27.62,False,0.0,False
2017-07-03,2017-07-05,1,Short,24.0,True,17.33,17.33,5.77,False,0.0,False
2017-07-05,2017-07-06,0,Overnight,0.0,False,-36.31,-36.31,-55.55,False,0.0,False
2017-07-06,2017-07-07,0,Overnight,0.0,False,27.4,27.4,37.24,False,0.0,False
2017-07-07,2017-07-10,2,Weekend,48.0,False,0.0,0.0,10.73,False,0.0,False
2017-07-10,2017-07-11,0,Overnight,0.0,False,0.0,0.0,-7.43,False,0.0,False
2017-07-11,2017-07-12,0,Overnight,0.0,False,45.73,45.73,29.14,False,0.0,False
2017-07-12,2017-07-13,0,Overnight,0.0,False,0.41,0.41,16.38,False,0.0,False
2017-07-13,2017-07-14,0,Overnight,0.0,False,0.0,0.0,46.53,False,0.0,False
2017-07-14,2017-07-17,2,Weekend,48.0,False,-3.67,-3.67,2.44,False,0.0,False
2017-07-17,2017-07-18,0,Overnight,0.0,False,-19.16,-19.16,24.45,False,0.0,False
2017-07-18,2017-07-19,0,Overnight,0.0,False,14.64,14.64,39.35,False,0.0,False
2017-07-19,2017-07-20,0,Overnight,0.0,False,11.73,11.73,-7.28,False,0.0,False
2017-07-20,2017-07-21,0,Overnight,0.0,False,-26.75,-26.75,17.84,False,0.0,False
2017-07-21,2017-07-24,2,Weekend,48.0,False,-3.65,-3.65,1.22,False,0.0,False
2017-07-24,2017-07-25,0,Overnight,0.0,False,34.78,34.78,-10.5,False,0.0,False
2017-07-25,2017-07-26,0,Overnight,0.0,False,13.33,13.33,-12.92,False,0.0,False
2017-07-26,2017-07-27,0,Overnight,0.0,False,21.4,21.4,-30.7,False,0.0,False
2017-07-27,2017-07-28,0,Overnight,0.0,False,-22.27,-22.27,10.54,False,0.0,False
2017-07-28,2017-07-31,2,Weekend,48.0,False,18.61,18.61,-24.28,False,0.0,False
2017-07-31,2017-08-01,0,Overnight,0.0,False,27.92,27.92,-5.66,False,0.0,False
2017-08-01,2017-08-02,0,Overnight,0.0,False,6.06,6.06,-1.21,False,0.0,False
2017-08-02,2017-08-03,0,Overnight,0.0,False,-5.26,-5.26,-14.16,False,0.0,False
2017-08-03,2017-08-04,0,Overnight,0.0,False,22.65,22.65,-4.45,False,0.0,False
2017-08-04,2017-08-07,2,Weekend,48.0,False,3.23,3.23,15.34,False,0.0,False
2017-08-07,2017-08-08,0,Overnight,0.0,False,-14.53,-14.53,-10.11,False,0.0,False
2017-08-08,2017-08-09,0,Overnight,0.0,False,-32.0,-32.0,31.6,False,0.0,False
2017-08-09,2017-08-10,0,Overnight,0.0,False,-38.9,-38.9,-103.26,False,0.0,False
2017-08-10,2017-08-11,0,Overnight,0.0,False,10.66,10.66,4.1,False,0.0,False
2017-08-11,2017-08-14,2,Weekend,48.0,False,60.04,60.04,38.61,False,0.0,False
2017-08-14,2017-08-15,0,Overnight,0.0,False,17.83,17.83,-19.05,False,0.0,False
2017-08-15,2017-08-16,0,Overnight,0.0,False,24.31,24.31,-6.88,False,0.0,False
2017-08-16,2017-08-17,0,Overnight,0.0,False,-28.39,-28.39,-128.75,False,0.0,False
2017-08-17,2017-08-18,0,Overnight,0.0,False,-7.82,-7.82,-7.82,False,0.0,False
2017-08-18,2017-08-21,2,Weekend,48.0,False,-2.88,-2.88,10.71,False,0.0,False
2017-08-21,2017-08-22,0,Overnight,0.0,False,27.55,27.55,76.48,False,0.0,False
2017-08-22,2017-08-23,0,Overnight,0.0,False,-45.33,-45.33,9.41,False,0.0,False
2017-08-23,2017-08-24,0,Overnight,0.0,False,17.98,17.98,-41.31,False,0.0,False
2017-08-24,2017-08-25,0,Overnight,0.0,False,37.23,37.23,-13.89,False,0.0,False
2017-08-25,2017-08-28,2,Weekend,48.0,False,24.91,24.91,-24.5,False,0.0,False
2017-08-28,2017-08-29,0,Overnight,0.0,False,-61.93,-61.93,73.37,False,0.0,False
2017-08-29,2017-08-30,0,Overnight,0.0,False,-0.82,-0.82,48.08,False,0.0,False
2017-08-30,2017-08-31,0,Overnight,0.0,False,28.82,28.82,31.16,False,0.0,False
2017-08-31,2017-09-01,0,Overnight,0.0,False,17.36,17.36,-3.23,False,0.0,False
2017-09-01,2017-09-05,3,Long,72.0,False,-23.43,-23.43,-48.65,False,0.0,False
2017-09-05,2017-09-06,0,Overnight,0.0,False,31.65,31.65,2.43,False,0.0,False
2017-09-06,2017-09-07,0,Overnight,0.0,False,14.17,14.17,-15.38,False,0.0,False
2017-09-07,2017-09-08,0,Overnight,0.0,False,-13.38,-13.38,1.62,False,0.0,False
2017-09-08,2017-09-11,2,Weekend,48.0,False,59.04,59.04,47.06,False,0.0,False
2017-09-11,2017-09-12,0,Overnight,0.0,False,16.84,16.84,16.81,False,0.0,False
2017-09-12,2017-09-13,0,Overnight,0.0,False,-13.21,-13.21,18.0,False,0.0,False
2017-09-13,2017-09-14,0,Overnight,0.0,False,-14.8,-14.8,11.6,False,0.0,False
2017-09-14,2017-09-15,0,Overnight,0.0,False,-56.14,-6.6,20.09,True,49.38,False
2017-09-15,2017-09-18,2,Weekend,48.0,False,16.84,16.84,4.41,False,0.0,False
2017-09-18,2017-09-19,0,Overnight,0.0,False,11.21,11.21,-1.2,False,0.0,False
2017-09-19,2017-09-20,0,Overnight,0.0,False,4.0,4.0,-0.4,False,0.0,False
2017-09-20,2017-09-21,0,Overnight,0.0,False,-7.2,-7.2,-19.63,False,0.0,False
2017-09-21,2017-09-22,0,Overnight,0.0,False,-13.64,-13.64,15.65,False,0.0,False
2017-09-22,2017-09-25,2,Weekend,48.0,False,-11.63,-11.63,-8.83,False,0.0,False
2017-09-25,2017-09-26,0,Overnight,0.0,False,19.67,19.67,-13.64,False,0.0,False
2017-09-26,2017-09-27,0,Overnight,0.0,False,32.07,32.07,6.8,False,0.0,False
2017-09-27,2017-09-28,0,Overnight,0.0,False,-12.81,-12.81,24.8,False,0.0,False
2017-09-28,2017-09-29,0,Overnight,0.0,False,-0.4,-0.4,35.49,False,0.0,False
2017-09-29,2017-10-02,2,Weekend,48.0,False,10.34,10.34,32.95,False,0.0,False
2017-10-02,2017-10-03,0,Overnight,0.0,False,0.0,0.0,21.38,False,0.0,False
2017-10-03,2017-10-04,0,Overnight,0.0,False,-6.73,-6.73,18.58,False,0.0,False
2017-10-04,2017-10-05,0,Overnight,0.0,False,15.0,15.0,44.08,False,0.0,False
2017-10-05,2017-10-06,0,Overnight,0.0,False,-20.05,-20.05,8.65,False,0.0,False
2017-10-06,2017-10-09,2,Weekend,48.0,False,10.22,10.22,-26.74,False,0.0,False
2017-10-09,2017-10-10,0,Overnight,0.0,False,25.56,25.56,0.79,False,0.0,False
2017-10-10,2017-10-11,0,Overnight,0.0,False,-4.32,-4.32,20.02,False,0.0,False
2017-10-11,2017-10-12,0,Overnight,0.0,False,-14.13,-14.13,-0.79,False,0.0,False
2017-10-12,2017-10-13,0,Overnight,0.0,False,19.62,19.62,-7.45,False,0.0,False
2017-10-13,2017-10-16,2,Weekend,48.0,False,10.19,10.19,3.13,False,0.0,False
2017-10-16,2017-10-17,0,Overnight,0.0,False,-2.35,-2.35,9.4,False,0.0,False
2017-10-17,2017-10-18,0,Overnight,0.0,False,16.82,16.82,-7.04,False,0.0,False
2017-10-18,2017-10-19,0,Overnight,0.0,False,-34.86,-34.86,37.6,False,0.0,False
2017-10-19,2017-10-20,0,Overnight,0.0,False,35.51,35.51,15.96,False,0.0,False
2017-10-20,2017-10-23,2,Weekend,48.0,False,14.38,14.38,-53.35,False,0.0,False
2017-10-23,2017-10-24,0,Overnight,0.0,False,19.11,19.11,-1.56,False,0.0,False
2017-10-24,2017-10-25,0,Overnight,0.0,False,-14.82,-14.82,-34.8,False,0.0,False
2017-10-25,2017-10-26,0,Overnight,0.0,False,27.38,27.38,-14.46,False,0.0,False
2017-10-26,2017-10-27,0,Overnight,0.0,False,33.2,33.2,48.23,False,0.0,False
2017-10-27,2017-10-30,2,Weekend,48.0,False,-48.23,-48.23,10.91,False,0.0,False
2017-10-30,2017-10-31,0,Overnight,0.0,False,16.73,16.73,-1.17,False,0.0,False
2017-10-31,2017-11-01,0,Overnight,0.0,False,34.55,34.55,-21.34,False,0.0,False
2017-11-01,2017-11-02,0,Overnight,0.0,False,-3.11,-3.11,6.99,False,0.0,False
2017-11-02,2017-11-03,0,Overnight,0.0,False,6.99,6.99,26.35,False,0.0,False
2017-11-03,2017-11-06,2,Weekend,49.0,False,-5.81,-5.81,21.27,False,0.0,False
2017-11-06,2017-11-07,0,Overnight,0.0,False,4.63,4.63,-11.59,False,0.0,False
2017-11-07,2017-11-08,0,Overnight,0.0,False,-7.74,-7.74,24.73,False,0.0,False
2017-11-08,2017-11-09,0,Overnight,0.0,False,-53.4,-53.4,17.06,False,0.0,False
2017-11-09,2017-11-10,0,Overnight,0.0,False,-17.06,-17.06,13.96,False,0.0,False
2017-11-10,2017-11-13,2,Weekend,48.0,False,-30.27,-30.27,39.56,False,0.0,False
2017-11-13,2017-11-14,0,Overnight,0.0,False,-35.68,-35.68,12.42,False,0.0,False
2017-11-14,2017-11-15,0,Overnight,0.0,False,-43.16,-43.16,-7.02,False,0.0,False
2017-11-15,2017-11-16,0,Overnight,0.0,False,42.03,42.03,42.62,False,0.0,False
2017-11-16,2017-11-17,0,Overnight,0.0,False,-15.48,-15.48,-13.95,False,0.0,False
2017-11-17,2017-11-20,2,Weekend,48.0,False,10.85,10.85,6.2,False,0.0,False
2017-11-20,2017-11-21,0,Overnight,0.0,False,34.01,34.01,31.2,False,0.0,False
2017-11-21,2017-11-22,0,Overnight,0.0,False,0.39,0.39,-9.23,False,0.0,False
2017-11-22,2017-11-24,1,Short,24.0,False,21.54,21.54,1.54,False,0.0,False
2017-11-24,2017-11-27,2,Weekend,48.0,True,1.92,1.92,-6.91,False,0.0,False
2017-11-27,2017-11-28,0,Overnight,0.0,False,20.35,20.35,80.59,False,0.0,False
2017-11-28,2017-11-29,0,Overnight,0.0,False,5.7,5.7,-11.79,False,0.0,False
2017-11-29,2017-11-30,0,Overnight,0.0,False,39.89,39.89,47.28,False,0.0,False
2017-11-30,2017-12-01,0,Overnight,0.0,False,-9.44,-9.44,-11.34,False,0.0,False
2017-12-01,2017-12-04,2,Weekend,48.0,False,69.71,69.71,-81.82,False,0.0,False
2017-12-04,2017-12-05,0,Overnight,0.0,False,-36.03,-36.03,0.0,False,0.0,False
2017-12-05,2017-12-06,0,Overnight,0.0,False,4.18,4.18,-2.28,False,0.0,False
2017-12-06,2017-12-07,0,Overnight,0.0,False,31.48,31.48,0.0,False,0.0,False
2017-12-07,2017-12-08,0,Overnight,0.0,False,41.19,41.19,13.19,False,0.0,False
2017-12-08,2017-12-11,2,Weekend,48.0,False,30.08,30.08,0.0,False,0.0,False
2017-12-11,2017-12-12,0,Overnight,0.0,False,33.74,33.74,-16.1,False,0.0,False
2017-12-12,2017-12-13,0,Overnight,0.0,False,10.49,10.49,-11.61,False,0.0,False
2017-12-13,2017-12-14,0,Overnight,0.0,False,12.74,12.74,-53.68,False,0.0,False
2017-12-14,2017-12-15,0,Overnight,0.0,False,-7.91,42.86,39.85,True,50.85,False
2017-12-15,2017-12-18,2,Weekend,48.0,False,59.48,59.48,3.73,False,0.0,False
2017-12-18,2017-12-19,0,Overnight,0.0,False,10.43,10.43,-48.91,False,0.0,False
2017-12-19,2017-12-20,0,Overnight,0.0,False,41.09,41.09,-46.33,False,0.0,False
2017-12-20,2017-12-21,0,Overnight,0.0,False,26.55,26.55,-5.98,False,0.0,False
2017-12-21,2017-12-22,0,Overnight,0.0,False,0.75,0.75,-3.36,False,0.0,False
2017-12-22,2017-12-26,3,Long,72.0,False,-17.21,-17.21,5.24,False,0.0,False
2017-12-26,2017-12-27,0,Overnight,0.0,False,7.11,7.11,-2.24,False,0.0,False
2017-12-27,2017-12-28,0,Overnight,0.0,False,21.3,21.3,-0.75,False,0.0,False
2017-12-28,2017-12-29,0,Overnight,0.0,False,24.61,24.61,-62.39,False,0.0,False
2017-12-29,2018-01-02,3,Long,72.0,False,36.66,36.66,34.66,False,0.0,False
2018-01-02,2018-01-03,0,Overnight,0.0,False,7.07,7.07,55.99,False,0.0,False
2018-01-03,2018-01-04,0,Overnight,0.0,False,26.95,26.95,15.11,False,0.0,False
2018-01-04,2018-01-05,0,Overnight,0.0,False,33.08,33.08,33.34,False,0.0,False
2018-01-05,2018-01-08,2,Weekend,48.0,False,-4.02,-4.02,22.29,False,0.0,False
2018-01-08,2018-01-09,0,Overnight,0.0,False,17.51,17.51,5.1,False,0.0,False
2018-01-09,2018-01-10,0,Overnight,0.0,False,-31.37,-31.37,16.06,False,0.0,False
2018-01-10,2018-01-11,0,Overnight,0.0,False,22.96,22.96,49.74,False,0.0,False
2018-01-11,2018-01-12,0,Overnight,0.0,False,10.86,10.86,54.12,False,0.0,False
2018-01-12,2018-01-16,3,Long,72.0,False,51.32,51.32,-85.56,False,0.0,False
2018-01-16,2018-01-17,0,Overnight,0.0,False,38.2,38.2,56.67,False,0.0,False
2018-01-17,2018-01-18,0,Overnight,0.0,False,-4.65,-4.65,-12.17,False,0.0,False
2018-01-18,2018-01-19,0,Overnight,0.0,False,23.62,23.62,21.78,False,0.0,False
2018-01-19,2018-01-22,2,Weekend,48.0,False,-8.56,-8.56,89.54,False,0.0,False
2018-01-22,2018-01-23,0,Overnight,0.0,False,1.77,1.77,19.43,False,0.0,False
2018-01-23,2018-01-24,0,Overnight,0.0,False,25.73,25.73,-29.62,False,0.0,False
2018-01-24,2018-01-25,0,Overnight,0.0,False,34.55,34.55,-30.31,False,0.0,False
2018-01-25,2018-01-26,0,Overnight,0.0,False,33.48,33.48,81.64,False,0.0,False
2018-01-26,2018-01-29,2,Weekend,48.0,False,-22.71,-22.71,-43.81,False,0.0,False
2018-01-29,2018-01-30,0,Overnight,0.0,False,-73.33,-73.33,-29.77,False,0.0,False
2018-01-30,2018-01-31,0,Overnight,0.0,False,34.37,34.37,-29.4,False,0.0,False
2018-01-31,2018-02-01,0,Overnight,0.0,False,-29.49,-29.49,18.13,False,0.0,False
2018-02-01,2018-02-02,0,Overnight,0.0,False,-53.41,-53.41,-166.69,False,0.0,False
2018-02-02,2018-02-05,2,Weekend,48.0,False,-72.87,-72.87,-354.35,False,0.0,False
2018-02-05,2018-02-06,0,Overnight,0.0,False,-152.33,-152.33,347.44,False,0.0,False
2018-02-06,2018-02-07,0,Overnight,0.0,False,-23.44,-23.44,-30.96,False,0.0,False
2018-02-07,2018-02-08,0,Overnight,0.0,False,12.69,12.69,-395.0,False,0.0,False
2018-02-08,2018-02-09,0,Overnight,0.0,False,122.29,122.29,26.8,False,0.0,False
2018-02-09,2018-02-12,2,Weekend,48.0,False,88.71,88.71,57.07,False,0.0,False
2018-02-12,2018-02-13,0,Overnight,0.0,False,-51.77,-51.77,76.61,False,0.0,False
2018-02-13,2018-02-14,0,Overnight,0.0,False,-63.74,-63.74,197.8,False,0.0,False
2018-02-14,2018-02-15,0,Overnight,0.0,False,73.18,73.18,53.62,False,0.0,False
2018-02-15,2018-02-16,0,Overnight,0.0,False,-26.04,-26.04,28.97,False,0.0,False
2018-02-16,2018-02-20,3,Long,72.0,False,-39.62,-39.62,-23.19,False,0.0,False
2018-02-20,2018-02-21,0,Overnight,0.0,False,18.41,18.41,-68.27,False,0.0,False
2018-02-21,2018-02-22,0,Overnight,0.0,False,38.81,38.81,-25.85,False,0.0,False
2018-02-22,2018-02-23,0,Overnight,0.0,False,51.27,51.27,106.86,False,0.0,False
2018-02-23,2018-02-26,2,Weekend,48.0,False,44.31,44.31,71.14,False,0.0,False
2018-02-26,2018-02-27,0,Overnight,0.0,False,7.55,7.55,-133.2,False,0.0,False
2018-02-27,2018-02-28,0,Overnight,0.0,False,45.45,45.45,-147.26,False,0.0,False
2018-02-28,2018-03-01,0,Overnight,0.0,False,-8.84,-8.84,-137.64,False,0.0,False
2018-03-01,2018-03-02,0,Overnight,0.0,False,-71.23,-71.23,122.65,False,0.0,False
2018-03-02,2018-03-05,2,Weekend,48.0,False,-50.3,-50.3,165.21,False,0.0,False
2018-03-05,2018-03-06,0,Overnight,0.0,False,40.7,40.7,-15.38,False,0.0,False
2018-03-06,2018-03-07,0,Overnight,0.0,False,-90.56,-90.56,86.89,False,0.0,False
2018-03-07,2018-03-08,0,Overnight,0.0,False,28.19,28.19,20.09,False,0.0,False
2018-03-08,2018-03-09,0,Overnight,0.0,False,58.2,58.2,114.32,False,0.0,False
2018-03-09,2018-03-12,2,Weekend,47.0,False,11.83,11.83,-24.39,False,0.0,False
2018-03-12,2018-03-13,0,Overnight,0.0,False,47.28,47.28,-112.12,False,0.0,False
2018-03-13,2018-03-14,0,Overnight,0.0,False,39.31,39.31,-90.76,False,0.0,False
2018-03-14,2018-03-15,0,Overnight,0.0,False,21.05,21.05,-31.95,False,0.0,False
2018-03-15,2018-03-16,0,Overnight,0.0,False,-18.2,21.69,-10.93,True,39.89,False
2018-03-16,2018-03-19,2,Weekend,48.0,False,-31.05,-31.05,-105.18,False,0.0,False
2018-03-19,2018-03-20,0,Overnight,0.0,False,16.62,16.62,0.37,False,0.0,False
2018-03-20,2018-03-21,0,Overnight,0.0,False,-1.85,-1.85,-17.36,False,0.0,False
2018-03-21,2018-03-22,0,Overnight,0.0,False,-93.62,-93.62,-159.53,False,0.0,False
2018-03-22,2018-03-23,0,Overnight,0.0,False,18.95,18.95,-234.4,False,0.0,False
2018-03-23,2018-03-26,2,Weekend,48.0,False,156.87,156.87,113.04,False,0.0,False
2018-03-26,2018-03-27,0,Overnight,0.0,False,39.9,39.9,-211.49,False,0.0,False
2018-03-27,2018-03-28,0,Overnight,0.0,False,5.75,5.75,-35.35,False,0.0,False
2018-03-28,2018-03-29,0,Overnight,0.0,False,49.53,49.53,77.44,False,0.0,False
2018-03-29,2018-04-02,3,Long,72.0,False,-22.83,-22.83,-195.38,False,0.0,False
2018-04-02,2018-04-03,0,Overnight,0.0,False,54.23,54.23,73.13,False,0.0,False
2018-04-03,2018-04-04,0,Overnight,0.0,False,-155.36,-155.36,261.78,False,0.0,False
2018-04-04,2018-04-05,0,Overnight,0.0,False,75.22,75.22,3.39,False,0.0,False
2018-04-05,2018-04-06,0,Overnight,0.0,False,-83.92,-83.92,-141.46,False,0.0,False
2018-04-06,2018-04-09,2,Weekend,48.0,False,63.33,63.33,-14.17,False,0.0,False
2018-04-09,2018-04-10,0,Overnight,0.0,False,124.51,124.51,33.24,False,0.0,False
2018-04-10,2018-04-11,0,Overnight,0.0,False,-63.56,-63.56,11.0,False,0.0,False
2018-04-11,2018-04-12,0,Overnight,0.0,False,56.71,56.71,25.23,False,0.0,False
2018-04-12,2018-04-13,0,Overnight,0.0,False,55.5,55.5,-84.87,False,0.0,False
2018-04-13,2018-04-16,2,Weekend,48.0,False,69.53,69.53,12.35,False,0.0,False
2018-04-16,2018-04-17,0,Overnight,0.0,False,74.54,74.54,31.88,False,0.0,False
2018-04-17,2018-04-18,0,Overnight,0.0,False,18.49,18.49,-11.09,False,0.0,False
2018-04-18,2018-04-19,0,Overnight,0.0,False,-27.41,-27.41,-28.22,False,0.0,False
2018-04-19,2018-04-20,0,Overnight,0.0,False,-2.98,-2.98,-82.18,False,0.0,False
2018-04-20,2018-04-23,2,Weekend,48.0,False,24.35,24.35,-25.85,False,0.0,False
2018-04-23,2018-04-24,0,Overnight,0.0,False,43.42,43.42,-179.01,False,0.0,False
2018-04-24,2018-04-25,0,Overnight,0.0,False,-2.66,-2.66,27.35,False,0.0,False
2018-04-25,2018-04-26,0,Overnight,0.0,False,43.9,43.9,57.24,False,0.0,False
2018-04-26,2018-04-27,0,Overnight,0.0,False,25.88,25.88,-16.49,False,0.0,False
2018-04-27,2018-04-30,2,Weekend,48.0,False,26.23,26.23,-103.43,False,0.0,False
2018-04-30,2018-05-01,0,Overnight,0.0,False,-24.23,-24.23,41.98,False,0.0,False
2018-05-01,2018-05-02,0,Overnight,0.0,False,-8.31,-8.31,-59.1,False,0.0,False
2018-05-02,2018-05-03,0,Overnight,0.0,False,-35.78,-35.78,13.72,False,0.0,False
2018-05-03,2018-05-04,0,Overnight,0.0,False,-41.97,-41.97,170.61,False,0.0,False
2018-05-04,2018-05-07,2,Weekend,48.0,False,32.65,32.65,1.12,False,0.0,False
2018-05-07,2018-05-08,0,Overnight,0.0,False,-15.75,-15.75,15.75,False,0.0,False
2018-05-08,2018-05-09,0,Overnight,0.0,False,28.43,28.43,67.76,False,0.0,False
2018-05-09,2018-05-10,0,Overnight,0.0,False,31.12,31.12,61.95,False,0.0,False
2018-05-10,2018-05-11,0,Overnight,0.0,False,5.15,5.15,25.32,False,0.0,False
2018-05-11,2018-05-14,2,Weekend,48.0,False,17.94,17.94,-13.18,False,0.0,False
2018-05-14,2018-05-15,0,Overnight,0.0,False,-51.05,-51.05,-18.06,False,0.0,False
2018-05-15,2018-05-16,0,Overnight,0.0,False,1.48,1.48,40.49,False,0.0,False
2018-05-16,2018-05-17,0,Overnight,0.0,False,-11.03,-11.03,2.57,False,0.0,False
2018-05-17,2018-05-18,0,Overnight,0.0,False,-14.35,-14.35,-10.68,False,0.0,False
2018-05-18,2018-05-21,2,Weekend,48.0,False,61.73,61.73,13.18,False,0.0,False
2018-05-21,2018-05-22,0,Overnight,0.0,False,21.56,21.56,-49.4,False,0.0,False
2018-05-22,2018-05-23,0,Overnight,0.0,False,-52.96,-52.96,80.44,False,0.0,False
2018-05-23,2018-05-24,0,Overnight,0.0,False,-16.47,-16.47,-4.03,False,0.0,False
2018-05-24,2018-05-25,0,Overnight,0.0,False,-23.86,-23.86,0.0,False,0.0,False
2018-05-25,2018-05-29,3,Long,72.0,False,-67.84,-67.84,-47.84,False,0.0,False
2018-05-29,2018-05-30,0,Overnight,0.0,False,54.86,54.86,77.7,False,0.0,False
2018-05-30,2018-05-31,0,Overnight,0.0,False,-16.89,-16.89,-44.56,False,0.0,False
2018-05-31,2018-06-01,0,Overnight,0.0,False,54.11,54.11,43.59,False,0.0,False
2018-06-01,2018-06-04,2,Weekend,48.0,False,33.93,33.93,13.47,False,0.0,False
2018-06-04,2018-06-05,0,Overnight,0.0,False,5.45,5.45,1.82,False,0.0,False
2018-06-05,2018-06-06,0,Overnight,0.0,False,25.05,25.05,58.21,False,0.0,False
2018-06-06,2018-06-07,0,Overnight,0.0,False,19.81,19.81,-20.89,False,0.0,False
2018-06-07,2018-06-08,0,Overnight,0.0,False,-18.76,-18.76,48.28,False,0.0,False
2018-06-08,2018-06-11,2,Weekend,48.0,False,8.98,8.98,4.31,False,0.0,False
2018-06-11,2018-06-12,0,Overnight,0.0,False,16.86,16.86,-3.94,False,0.0,False
2018-06-12,2018-06-13,0,Overnight,0.0,False,9.68,9.68,-41.64,False,0.0,False
2018-06-13,2018-06-14,0,Overnight,0.0,False,35.19,35.19,-10.04,False,0.0,False
2018-06-14,2018-06-15,0,Overnight,0.0,False,-76.71,-31.77,19.14,True,44.7,False
2018-06-15,2018-06-18,2,Weekend,48.0,False,-59.35,-59.35,38.76,False,0.0,False
2018-06-18,2018-06-19,0,Overnight,0.0,False,-93.0,-93.0,54.6,False,0.0,False
2018-06-19,2018-06-20,0,Overnight,0.0,False,27.91,27.91,-10.86,False,0.0,False
2018-06-20,2018-06-21,0,Overnight,0.0,False,-0.36,-0.36,-62.52,False,0.0,False
2018-06-21,2018-06-22,0,Overnight,0.0,False,51.65,51.65,-33.43,False,0.0,False
2018-06-22,2018-06-25,2,Weekend,48.0,False,-47.43,-47.43,-89.63,False,0.0,False
2018-06-25,2018-06-26,0,Overnight,0.0,False,23.59,23.59,-1.47,False,0.0,False
2018-06-26,2018-06-27,0,Overnight,0.0,False,24.27,24.27,-107.46,False,0.0,False
2018-06-27,2018-06-28,0,Overnight,0.0,False,-2.23,-2.23,59.24,False,0.0,False
2018-06-28,2018-06-29,0,Overnight,0.0,False,45.3,45.3,-30.92,False,0.0,False
2018-06-29,2018-07-02,2,Weekend,48.0,False,-65.46,-65.46,86.82,False,0.0,False
2018-07-02,2018-07-03,0,Overnight,0.0,False,37.08,37.08,-72.46,False,0.0,False
2018-07-03,2018-07-05,1,Short,24.0,True,46.77,46.77,34.48,False,0.0,False
2018-07-05,2018-07-06,0,Overnight,0.0,False,1.1,1.1,83.13,False,0.0,False
2018-07-06,2018-07-09,2,Weekend,48.0,False,40.94,40.94,48.7,False,0.0,False
2018-07-09,2018-07-10,0,Overnight,0.0,False,18.34,18.34,17.58,False,0.0,False
2018-07-10,2018-07-11,0,Overnight,0.0,False,-62.94,-62.94,-10.47,False,0.0,False
2018-07-11,2018-07-12,0,Overnight,0.0,False,51.16,51.16,39.09,False,0.0,False
2018-07-12,2018-07-13,0,Overnight,0.0,False,-7.16,-7.16,15.03,False,0.0,False
2018-07-13,2018-07-16,2,Weekend,48.0,False,1.79,1.79,-10.73,False,0.0,False
2018-07-16,2018-07-17,0,Overnight,0.0,False,-31.19,-31.19,71.56,False,0.0,False
2018-07-17,2018-07-18,0,Overnight,0.0,False,3.21,3.21,17.81,False,0.0,False
2018-07-18,2018-07-19,0,Overnight,0.0,False,-26.72,-26.72,-11.07,False,0.0,False
2018-07-19,2018-07-20,0,Overnight,0.0,False,-8.22,-8.22,-3.22,False,0.0,False
2018-07-20,2018-07-23,2,Weekend,48.0,False,-8.23,-8.23,26.8,False,0.0,False
2018-07-23,2018-07-24,0,Overnight,0.0,False,56.58,56.58,-6.39,False,0.0,False
2018-07-24,2018-07-25,0,Overnight,0.0,False,-9.95,-9.95,94.81,False,0.0,False
2018-07-25,2018-07-26,0,Overnight,0.0,False,-28.56,-28.56,4.94,False,0.0,False
2018-07-26,2018-07-27,0,Overnight,0.0,False,13.05,13.05,-81.04,False,0.0,False
2018-07-27,2018-07-30,2,Weekend,48.0,False,3.2,3.2,-55.57,False,0.0,False
2018-07-30,2018-07-31,0,Overnight,0.0,False,30.67,30.67,18.5,False,0.0,False
2018-07-31,2018-08-01,0,Overnight,0.0,False,8.17,8.17,-24.89,False,0.0,False
2018-08-01,2018-08-02,0,Overnight,0.0,False,-52.48,-52.48,106.8,False,0.0,False
2018-08-02,2018-08-03,0,Overnight,0.0,False,4.96,4.96,37.8,False,0.0,False
2018-08-03,2018-08-06,2,Weekend,48.0,False,1.41,1.41,35.19,False,0.0,False
2018-08-06,2018-08-07,0,Overnight,0.0,False,26.31,26.31,6.65,False,0.0,False
2018-08-07,2018-08-08,0,Overnight,0.0,False,-6.65,-6.65,2.45,False,0.0,False
2018-08-08,2018-08-09,0,Overnight,0.0,False,2.45,2.45,-16.12,False,0.0,False
2018-08-09,2018-08-10,0,Overnight,0.0,False,-56.99,-56.99,-10.24,False,0.0,False
2018-08-10,2018-08-13,2,Weekend,48.0,False,10.94,10.94,-48.45,False,0.0,False
2018-08-13,2018-08-14,0,Overnight,0.0,False,29.03,29.03,34.58,False,0.0,False
2018-08-14,2018-08-15,0,Overnight,0.0,False,-53.68,-53.68,-21.27,False,0.0,False
2018-08-15,2018-08-16,0,Overnight,0.0,False,57.33,57.33,23.26,False,0.0,False
2018-08-16,2018-08-17,0,Overnight,0.0,False,-8.1,-8.1,43.24,False,0.0,False
2018-08-17,2018-08-20,2,Weekend,48.0,False,17.88,17.88,3.5,False,0.0,False
2018-08-20,2018-08-21,0,Overnight,0.0,False,20.28,20.28,3.14,False,0.0,False
2018-08-21,2018-08-22,0,Overnight,0.0,False,-16.08,-16.08,10.14,False,0.0,False
2018-08-22,2018-08-23,0,Overnight,0.0,False,-6.99,-6.99,-6.3,False,0.0,False
2018-08-23,2018-08-24,0,Overnight,0.0,False,22.72,22.72,37.29,False,0.0,False
2018-08-24,2018-08-27,2,Weekend,48.0,False,46.84,46.84,31.8,False,0.0,False
2018-08-27,2018-08-28,0,Overnight,0.0,False,17.93,17.93,-13.1,False,0.0,False
2018-08-28,2018-08-29,0,Overnight,0.0,False,8.27,8.27,45.39,False,0.0,False
2018-08-29,2018-08-30,0,Overnight,0.0,False,-18.54,-18.54,-22.02,False,0.0,False
2018-08-30,2018-08-31,0,Overnight,0.0,False,-15.86,-15.86,16.2,False,0.0,False
2018-08-31,2018-09-04,3,Long,72.0,False,-16.2,-16.2,-1.04,False,0.0,False
2018-09-04,2018-09-05,0,Overnight,0.0,False,-13.81,-13.81,-13.14,False,0.0,False
2018-09-05,2018-09-06,0,Overnight,0.0,False,4.15,4.15,-34.3,False,0.0,False
2018-09-06,2018-09-07,0,Overnight,0.0,False,-41.03,-41.03,21.58,False,0.0,False
2018-09-07,2018-09-10,2,Weekend,48.0,False,39.56,39.56,-22.19,False,0.0,False
2018-09-10,2018-09-11,0,Overnight,0.0,False,-25.37,-25.37,58.29,False,0.0,False
2018-09-11,2018-09-12,0,Overnight,0.0,False,0.35,0.35,2.08,False,0.0,False
2018-09-12,2018-09-13,0,Overnight,0.0,False,41.42,41.42,17.55,False,0.0,False
2018-09-13,2018-09-14,0,Overnight,0.0,False,7.91,7.91,-6.19,False,0.0,False
2018-09-14,2018-09-17,2,Weekend,48.0,False,-2.06,-2.06,-51.02,False,0.0,False
2018-09-17,2018-09-18,0,Overnight,0.0,False,8.29,8.29,45.82,False,0.0,False
2018-09-18,2018-09-19,0,Overnight,0.0,False,2.06,2.06,8.59,False,0.0,False
2018-09-19,2018-09-20,0,Overnight,0.0,False,48.64,48.64,32.07,False,0.0,False
2018-09-20,2018-09-21,0,Overnight,0.0,False,-16.7,28.33,-37.6,True,45.06,False
2018-09-21,2018-09-24,2,Weekend,48.0,False,-22.29,-22.29,-10.99,False,0.0,False
2018-09-24,2018-09-25,0,Overnight,0.0,False,17.51,17.51,-26.79,False,0.0,False
2018-09-25,2018-09-26,0,Overnight,0.0,False,5.5,5.5,-35.47,False,0.0,False
2018-09-26,2018-09-27,0,Overnight,0.0,False,18.27,18.27,9.64,False,0.0,False
2018-09-27,2018-09-28,0,Overnight,0.0,False,-24.11,-24.11,25.14,False,0.0,False
2018-09-28,2018-10-01,2,Weekend,48.0,False,47.7,47.7,-13.02,False,0.0,False
2018-10-01,2018-10-02,0,Overnight,0.0,False,-5.83,-5.83,0.0,False,0.0,False
2018-10-02,2018-10-03,0,Overnight,0.0,False,40.39,40.39,-34.9,False,0.0,False
2018-10-03,2018-10-04,0,Overnight,0.0,False,-18.53,-18.53,-59.94,False,0.0,False
2018-10-04,2018-10-05,0,Overnight,0.0,False,8.63,8.63,-64.76,False,0.0,False
2018-10-05,2018-10-08,2,Weekend,48.0,False,-26.79,-26.79,26.79,False,0.0,False
2018-10-08,2018-10-09,0,Overnight,0.0,False,-14.95,-14.95,0.35,False,0.0,False
2018-10-09,2018-10-10,0,Overnight,0.0,False,-19.85,-19.85,-301.9,False,0.0,False
2018-10-10,2018-10-11,0,Overnight,0.0,False,-43.93,-43.93,-178.79,False,0.0,False
2018-10-11,2018-10-12,0,Overnight,0.0,False,167.6,167.6,-29.67,False,0.0,False
2018-10-12,2018-10-15,2,Weekend,48.0,False,-14.51,-14.51,-41.82,False,0.0,False
2018-10-15,2018-10-16,0,Overnight,0.0,False,79.86,79.86,136.45,False,0.0,False
2018-10-16,2018-10-17,0,Overnight,0.0,False,1.43,1.43,0.36,False,0.0,False
2018-10-17,2018-10-18,0,Overnight,0.0,False,-37.51,-37.51,-107.95,False,0.0,False
2018-10-18,2018-10-19,0,Overnight,0.0,False,26.38,26.38,-31.8,False,0.0,False
2018-10-19,2018-10-22,2,Weekend,48.0,False,27.11,27.11,-72.1,False,0.0,False
2018-10-22,2018-10-23,0,Overnight,0.0,False,-148.73,-148.73,97.69,False,0.0,False
2018-10-23,2018-10-24,0,Overnight,0.0,False,-10.24,-10.24,-297.43,False,0.0,False
2018-10-24,2018-10-25,0,Overnight,0.0,False,77.34,77.34,100.47,False,0.0,False
2018-10-25,2018-10-26,0,Overnight,0.0,False,-155.23,-155.23,-22.21,False,0.0,False
2018-10-26,2018-10-29,2,Weekend,48.0,False,129.93,129.93,-185.49,False,0.0,False
2018-10-29,2018-10-30,0,Overnight,0.0,False,-7.2,-7.2,154.3,False,0.0,False
2018-10-30,2018-10-31,0,Overnight,0.0,False,106.98,106.98,-0.74,False,0.0,False
2018-10-31,2018-11-01,0,Overnight,0.0,False,35.78,35.78,70.08,False,0.0,False
2018-11-01,2018-11-02,0,Overnight,0.0,False,45.23,45.23,-104.64,False,0.0,False
2018-11-02,2018-11-05,2,Weekend,49.0,False,20.21,20.21,34.81,False,0.0,False
2018-11-05,2018-11-06,0,Overnight,0.0,False,-2.56,-2.56,65.64,False,0.0,False
2018-11-06,2018-11-07,0,Overnight,0.0,False,88.3,88.3,123.53,False,0.0,False
2018-11-07,2018-11-08,0,Overnight,0.0,False,-32.08,-32.08,13.91,False,0.0,False
2018-11-08,2018-11-09,0,Overnight,0.0,False,-52.54,-52.54,-45.62,False,0.0,False
2018-11-09,2018-11-12,2,Weekend,48.0,False,-20.54,-20.54,-168.08,False,0.0,False
2018-11-12,2018-11-13,0,Overnight,0.0,False,19.06,19.06,-37.79,False,0.0,False
2018-11-13,2018-11-14,0,Overnight,0.0,False,76.89,76.89,-145.49,False,0.0,False
2018-11-14,2018-11-15,0,Overnight,0.0,False,-52.69,-52.69,156.52,False,0.0,False
2018-11-15,2018-11-16,0,Overnight,0.0,False,-45.15,-45.15,71.13,False,0.0,False
2018-11-16,2018-11-19,2,Weekend,48.0,False,-24.87,-24.87,-145.72,False,0.0,False
2018-11-19,2018-11-20,0,Overnight,0.0,False,-139.96,-139.96,-46.84,False,0.0,False
2018-11-20,2018-11-21,0,Overnight,0.0,False,65.66,65.66,-31.65,False,0.0,False
2018-11-21,2018-11-23,1,Short,24.0,False,-69.67,-69.67,2.66,False,0.0,False
2018-11-23,2018-11-26,2,Weekend,48.0,True,95.65,95.65,64.51,False,0.0,False
2018-11-26,2018-11-27,0,Overnight,0.0,False,-43.46,-43.46,77.05,False,0.0,False
2018-11-27,2018-11-28,0,Overnight,0.0,False,44.61,44.61,183.03,False,0.0,False
2018-11-28,2018-11-29,0,Overnight,0.0,False,-31.73,-31.73,9.86,False,0.0,False
2018-11-29,2018-11-30,0,Overnight,0.0,False,-6.21,-6.21,66.97,False,0.0,False
2018-11-30,2018-12-03,2,Weekend,48.0,False,166.57,166.57,-35.03,False,0.0,False
2018-12-03,2018-12-04,0,Overnight,0.0,False,-33.35,-33.35,-296.04,False,0.0,False
2018-12-04,2018-12-06,1,Short,24.0,False,-161.52,-161.52,146.34,False,0.0,False
2018-12-06,2018-12-07,0,Overnight,0.0,False,-14.09,-14.09,-221.01,False,0.0,False
2018-12-07,2018-12-10,2,Weekend,48.0,False,-7.59,-7.59,26.54,False,0.0,False
2018-12-10,2018-12-11,0,Overnight,0.0,False,135.03,135.03,-132.76,False,0.0,False
2018-12-11,2018-12-12,0,Overnight,0.0,False,125.66,125.66,-75.43,False,0.0,False
2018-12-12,2018-12-13,0,Overnight,0.0,False,39.85,39.85,-43.24,False,0.0,False
2018-12-13,2018-12-14,0,Overnight,0.0,False,-91.23,-91.23,-95.14,False,0.0,False
2018-12-14,2018-12-17,2,Weekend,48.0,False,-41.16,-41.16,-156.97,False,0.0,False
2018-12-17,2018-12-18,0,Overnight,0.0,False,71.8,71.8,-82.77,False,0.0,False
2018-12-18,2018-12-19,0,Overnight,0.0,False,3.53,3.53,-154.42,False,0.0,False
2018-12-19,2018-12-20,0,Overnight,0.0,False,-55.87,-55.87,-108.24,False,0.0,False
2018-12-20,2018-12-21,0,Overnight,0.0,False,-17.41,40.58,-247.84,True,58.06,False
2018-12-21,2018-12-24,2,Weekend,48.0,False,-69.2,-69.2,-198.58,False,0.0,False
2018-12-24,2018-12-26,1,Short,24.0,True,69.32,69.32,423.58,False,0.0,False
2018-12-26,2018-12-27,0,Overnight,0.0,False,-147.73,-147.73,224.21,False,0.0,False
2018-12-27,2018-12-28,0,Overnight,0.0,False,60.69,60.69,-73.59,False,0.0,False
2018-12-28,2018-12-31,2,Weekend,48.0,False,72.79,72.79,14.41,False,0.0,False
2018-12-31,2019-01-02,1,Short,24.0,False,-158.91,-158.91,169.3,False,0.0,False
2019-01-02,2019-01-03,0,Overnight,0.0,False,-78.25,-78.25,-163.27,False,0.0,False
2019-01-03,2019-01-04,0,Overnight,0.0,False,137.46,137.46,192.01,False,0.0,False
2019-01-04,2019-01-07,2,Weekend,48.0,False,11.88,11.88,66.66,False,0.0,False
2019-01-07,2019-01-08,0,Overnight,0.0,False,95.46,95.46,-1.95,False,0.0,False
2019-01-08,2019-01-09,0,Overnight,0.0,False,30.72,30.72,15.91,False,0.0,False
2019-01-09,2019-01-10,0,Overnight,0.0,False,-66.51,-66.51,101.72,False,0.0,False
2019-01-10,2019-01-11,0,Overnight,0.0,False,-46.46,-46.46,50.32,False,0.0,False
2019-01-11,2019-01-14,2,Weekend,48.0,False,-82.2,-82.2,21.0,False,0.0,False
2019-01-14,2019-01-15,0,Overnight,0.0,False,16.3,16.3,97.65,False,0.0,False
2019-01-15,2019-01-16,0,Overnight,0.0,False,18.42,18.42,5.75,False,0.0,False
2019-01-16,2019-01-17,0,Overnight,0.0,False,-37.24,-37.24,112.82,False,0.0,False
2019-01-17,2019-01-18,0,Overnight,0.0,False,76.52,76.52,55.7,False,0.0,False
2019-01-18,2019-01-22,3,Long,72.0,False,-61.74,-61.74,-74.29,False,0.0,False
2019-01-22,2019-01-23,0,Overnight,0.0,False,43.66,43.66,-22.75,False,0.0,False
2019-01-23,2019-01-24,0,Overnight,0.0,False,-7.6,-7.6,12.91,False,0.0,False
2019-01-24,2019-01-25,0,Overnight,0.0,False,77.86,77.86,6.4,False,0.0,False
2019-01-25,2019-01-28,2,Weekend,48.0,False,-90.33,-90.33,14.04,False,0.0,False
2019-01-28,2019-01-29,0,Overnight,0.0,False,6.06,6.06,-19.34,False,0.0,False
2019-01-29,2019-01-30,0,Overnight,0.0,False,63.95,63.95,93.11,False,0.0,False
2019-01-30,2019-01-31,0,Overnight,0.0,False,-2.62,-2.62,90.06,False,0.0,False
2019-01-31,2019-02-01,0,Overnight,0.0,False,8.15,8.15,-3.33,False,0.0,False
2019-02-01,2019-02-04,2,Weekend,48.0,False,1.85,1.85,68.26,False,0.0,False
2019-02-04,2019-02-05,0,Overnight,0.0,False,17.63,17.63,24.2,False,0.0,False
2019-02-05,2019-02-06,0,Overnight,0.0,False,-11.36,-11.36,-1.83,False,0.0,False
2019-02-06,2019-02-07,0,Overnight,0.0,False,-66.22,-66.22,-29.57,False,0.0,False
2019-02-07,2019-02-08,0,Overnight,0.0,False,-51.59,-51.59,63.8,False,0.0,False
2019-02-08,2019-02-11,2,Weekend,48.0,False,26.95,26.95,-21.41,False,0.0,False
2019-02-11,2019-02-12,0,Overnight,0.0,False,66.29,66.29,61.48,False,0.0,False
2019-02-12,2019-02-13,0,Overnight,0.0,False,33.87,33.87,-1.45,False,0.0,False
2019-02-13,2019-02-14,0,Overnight,0.0,False,-44.1,-44.1,21.89,False,0.0,False
2019-02-14,2019-02-15,0,Overnight,0.0,False,71.9,71.9,36.48,False,0.0,False
2019-02-15,2019-02-19,3,Long,72.0,False,-32.14,-32.14,49.43,False,0.0,False
2019-02-19,2019-02-20,0,Overnight,0.0,False,-1.44,-1.44,21.57,False,0.0,False
2019-02-20,2019-02-21,0,Overnight,0.0,False,-25.53,-25.53,-10.09,False,0.0,False
2019-02-21,2019-02-22,0,Overnight,0.0,False,24.84,24.84,36.97,False,0.0,False
2019-02-22,2019-02-25,2,Weekend,48.0,False,56.8,56.8,-43.2,False,0.0,False
2019-02-25,2019-02-26,0,Overnight,0.0,False,-13.96,-13.96,6.8,False,0.0,False
2019-02-26,2019-02-27,0,Overnight,0.0,False,-28.68,-28.68,24.39,False,0.0,False
2019-02-27,2019-02-28,0,Overnight,0.0,False,-8.6,-8.6,-10.04,False,0.0,False
2019-02-28,2019-03-01,0,Overnight,0.0,False,62.96,62.96,-0.71,False,0.0,False
2019-03-01,2019-03-04,2,Weekend,48.0,False,41.99,41.99,-78.43,False,0.0,False
2019-03-04,2019-03-05,0,Overnight,0.0,False,5.01,5.01,-18.62,False,0.0,False
2019-03-05,2019-03-06,0,Overnight,0.0,False,4.66,4.66,-65.41,False,0.0,False
2019-03-06,2019-03-07,0,Overnight,0.0,False,-18.05,-18.05,-65.96,False,0.0,False
2019-03-07,2019-03-08,0,Overnight,0.0,False,-75.55,-75.55,55.53,False,0.0,False
2019-03-08,2019-03-11,2,Weekend,47.0,False,29.11,29.11,114.86,False,0.0,False
2019-03-11,2019-03-12,0,Overnight,0.0,False,22.24,22.24,15.4,False,0.0,False
2019-03-12,2019-03-13,0,Overnight,0.0,False,35.36,35.36,30.61,False,0.0,False
2019-03-13,2019-03-14,0,Overnight,0.0,False,1.07,1.07,-7.47,False,0.0,False
2019-03-14,2019-03-15,0,Overnight,0.0,False,-22.08,21.78,27.41,True,43.85,False
2019-03-15,2019-03-18,2,Weekend,48.0,False,8.53,8.53,27.67,False,0.0,False
2019-03-18,2019-03-19,0,Overnight,0.0,False,41.71,41.71,-39.23,False,0.0,False
2019-03-19,2019-03-20,0,Overnight,0.0,False,-8.5,-8.5,-21.64,False,0.0,False
2019-03-20,2019-03-21,0,Overnight,0.0,False,-32.37,-32.37,144.69,False,0.0,False
2019-03-21,2019-03-22,0,Overnight,0.0,False,-53.17,-53.17,-141.17,False,0.0,False
2019-03-22,2019-03-25,2,Weekend,48.0,False,-13.62,-13.62,6.09,False,0.0,False
2019-03-25,2019-03-26,0,Overnight,0.0,False,69.64,69.64,4.63,False,0.0,False
2019-03-26,2019-03-27,0,Overnight,0.0,False,-0.36,-0.36,-52.07,False,0.0,False
2019-03-27,2019-03-28,0,Overnight,0.0,False,25.0,25.0,12.83,False,0.0,False
2019-03-28,2019-03-29,0,Overnight,0.0,False,59.67,59.67,3.19,False,0.0,False
2019-03-29,2019-04-01,2,Weekend,48.0,False,78.28,78.28,39.61,False,0.0,False
2019-04-01,2019-04-02,0,Overnight,0.0,False,7.35,7.35,-2.45,False,0.0,False
2019-04-02,2019-04-03,0,Overnight,0.0,False,47.1,47.1,-31.37,False,0.0,False
2019-04-03,2019-04-04,0,Overnight,0.0,False,12.56,12.56,13.94,False,0.0,False
2019-04-04,2019-04-05,0,Overnight,0.0,False,25.74,25.74,22.55,False,0.0,False
2019-04-05,2019-04-08,2,Weekend,48.0,False,-16.3,-16.3,23.92,False,0.0,False
2019-04-08,2019-04-09,0,Overnight,0.0,False,-37.12,-37.12,-14.26,False,0.0,False
2019-04-09,2019-04-10,0,Overnight,0.0,False,16.0,16.0,18.05,False,0.0,False
2019-04-10,2019-04-11,0,Overnight,0.0,False,18.71,18.71,-21.49,False,0.0,False
2019-04-11,2019-04-12,0,Overnight,0.0,False,61.92,61.92,5.52,False,0.0,False
2019-04-12,2019-04-15,2,Weekend,48.0,False,2.76,2.76,-9.31,False,0.0,False
2019-04-15,2019-04-16,0,Overnight,0.0,False,33.74,33.74,-27.19,False,0.0,False
2019-04-16,2019-04-17,0,Overnight,0.0,False,42.64,42.64,-67.14,False,0.0,False
2019-04-17,2019-04-18,0,Overnight,0.0,False,22.43,22.43,-2.76,False,0.0,False
2019-04-18,2019-04-22,3,Long,72.0,False,-29.35,-29.35,37.97,False,0.0,False
2019-04-22,2019-04-23,0,Overnight,0.0,False,14.11,14.11,75.4,False,0.0,False
2019-04-23,2019-04-24,0,Overnight,0.0,False,-3.07,-3.07,-19.14,False,0.0,False
2019-04-24,2019-04-25,0,Overnight,0.0,False,-3.77,-3.77,-2.4,False,0.0,False
2019-04-25,2019-04-26,0,Overnight,0.0,False,1.71,1.71,44.75,False,0.0,False
2019-04-26,2019-04-29,2,Weekend,48.0,False,3.41,3.41,12.26,False,0.0,False
2019-04-29,2019-04-30,0,Overnight,0.0,False,-12.94,-12.94,18.04,False,0.0,False
2019-04-30,2019-05-01,0,Overnight,0.0,False,23.78,23.78,-99.23,False,0.0,False
2019-05-01,2019-05-02,0,Overnight,0.0,False,-4.46,-4.46,-17.16,False,0.0,False
2019-05-02,2019-05-03,0,Overnight,0.0,False,56.17,56.17,41.24,False,0.0,False
2019-05-03,2019-05-06,2,Weekend,48.0,False,-163.9,-163.9,122.67,False,0.0,False
2019-05-06,2019-05-07,0,Overnight,0.0,False,-91.6,-91.6,-76.81,False,0.0,False
2019-05-07,2019-05-08,0,Overnight,0.0,False,-13.9,-13.9,0.0,False,0.0,False
2019-05-08,2019-05-09,0,Overnight,0.0,False,-80.31,-80.31,50.01,False,0.0,False
2019-05-09,2019-05-10,0,Overnight,0.0,False,-36.35,-36.35,86.45,False,0.0,False
2019-05-10,2019-05-13,2,Weekend,48.0,False,-199.12,-199.12,-55.39,False,0.0,False
2019-05-13,2019-05-14,0,Overnight,0.0,False,40.15,40.15,49.88,False,0.0,False
2019-05-14,2019-05-15,0,Overnight,0.0,False,-64.07,-64.07,122.48,False,0.0,False
2019-05-15,2019-05-16,0,Overnight,0.0,False,27.33,27.33,64.86,False,0.0,False
2019-05-16,2019-05-17,0,Overnight,0.0,False,-89.38,-89.38,24.52,False,0.0,False
2019-05-17,2019-05-20,2,Weekend,48.0,False,-62.47,-62.47,-3.87,False,0.0,False
2019-05-20,2019-05-21,0,Overnight,0.0,False,65.99,65.99,23.76,False,0.0,False
2019-05-21,2019-05-22,0,Overnight,0.0,False,-37.07,-37.07,6.3,False,0.0,False
2019-05-22,2019-05-23,0,Overnight,0.0,False,-86.85,-86.85,-36.09,False,0.0,False
2019-05-23,2019-05-24,0,Overnight,0.0,False,56.55,56.55,-33.89,False,0.0,False
2019-05-24,2019-05-28,3,Long,72.0,False,10.96,10.96,-104.4,False,0.0,False
2019-05-28,2019-05-29,0,Overnight,0.0,False,-44.36,-44.36,-22.97,False,0.0,False
2019-05-29,2019-05-30,0,Overnight,0.0,False,30.14,30.14,-2.87,False,0.0,False
2019-05-30,2019-05-31,0,Overnight,0.0,False,-101.94,-101.94,-33.73,False,0.0,False
2019-05-31,2019-06-03,2,Weekend,48.0,False,1.45,1.45,-26.91,False,0.0,False
2019-06-03,2019-06-04,0,Overnight,0.0,False,92.44,92.44,122.3,False,0.0,False
2019-06-04,2019-06-05,0,Overnight,0.0,False,63.96,63.96,22.29,False,0.0,False
2019-06-05,2019-06-06,0,Overnight,0.0,False,11.66,11.66,53.16,False,0.0,False
2019-06-06,2019-06-07,0,Overnight,0.0,False,39.6,39.6,59.97,False,0.0,False
2019-06-07,2019-06-10,2,Weekend,48.0,False,59.62,59.62,-13.83,False,0.0,False
2019-06-10,2019-06-11,0,Overnight,0.0,False,69.66,69.66,-72.08,False,0.0,False
2019-06-11,2019-06-12,0,Overnight,0.0,False,-9.0,-9.0,-8.67,False,0.0,False
2019-06-12,2019-06-13,0,Overnight,0.0,False,34.96,34.96,6.22,False,0.0,False
2019-06-13,2019-06-14,0,Overnight,0.0,False,-11.06,-11.06,0.0,False,0.0,False
2019-06-14,2019-06-17,2,Weekend,48.0,False,8.98,8.98,-5.18,False,0.0,False
2019-06-17,2019-06-18,0,Overnight,0.0,False,69.56,69.56,34.6,False,0.0,False
2019-06-18,2019-06-19,0,Overnight,0.0,False,5.13,5.13,17.42,False,0.0,False
2019-06-19,2019-06-20,0,Overnight,0.0,False,101.17,101.17,-6.08,False,0.0,False
2019-06-20,2019-06-21,0,Overnight,0.0,False,-58.64,-10.08,-4.42,True,48.4,False
2019-06-21,2019-06-24,2,Weekend,48.0,False,7.82,7.82,-20.07,False,0.0,False
2019-06-24,2019-06-25,0,Overnight,0.0,False,2.04,2.04,-100.61,False,0.0,False
2019-06-25,2019-06-26,0,Overnight,0.0,False,33.99,33.99,-43.97,False,0.0,False
2019-06-26,2019-06-27,0,Overnight,0.0,False,28.88,28.88,6.52,False,0.0,False
2019-06-27,2019-06-28,0,Overnight,0.0,False,36.98,36.98,14.35,False,0.0,False
2019-06-28,2019-07-01,2,Weekend,48.0,False,124.81,124.81,-34.44,False,0.0,False
2019-07-01,2019-07-02,0,Overnight,0.0,False,-1.69,-1.69,27.7,False,0.0,False
2019-07-02,2019-07-03,0,Overnight,0.0,False,25.27,25.27,54.36,False,0.0,False
2019-07-03,2019-07-05,1,Short,24.0,True,-45.62,-45.62,34.23,False,0.0,False
2019-07-05,2019-07-08,2,Weekend,48.0,False,-48.7,-48.7,-6.4,False,0.0,False
2019-07-08,2019-07-09,0,Overnight,0.0,False,-43.22,-43.22,55.67,False,0.0,False
2019-07-09,2019-07-10,0,Overnight,0.0,False,39.63,39.63,8.04,False,0.0,False
2019-07-10,2019-07-11,0,Overnight,0.0,False,23.75,23.75,-0.33,False,0.0,False
2019-07-11,2019-07-12,0,Overnight,0.0,False,18.03,18.03,26.64,False,0.0,False
2019-07-12,2019-07-15,2,Weekend,48.0,False,15.95,15.95,-12.63,False,0.0,False
2019-07-15,2019-07-16,0,Overnight,0.0,False,-3.33,-3.33,-28.98,False,0.0,False
2019-07-16,2019-07-17,0,Overnight,0.0,False,-1.0,-1.0,-67.28,False,0.0,False
2019-07-17,2019-07-18,0,Overnight,0.0,False,-18.49,-18.49,55.03,False,0.0,False
2019-07-18,2019-07-19,0,Overnight,0.0,False,40.41,40.41,-96.11,False,0.0,False
2019-07-19,2019-07-22,2,Weekend,48.0,False,14.79,14.79,9.74,False,0.0,False
2019-07-22,2019-07-23,0,Overnight,0.0,False,41.54,41.54,29.71,False,0.0,False
2019-07-23,2019-07-24,0,Overnight,0.0,False,-28.04,-28.04,74.92,False,0.0,False
2019-07-24,2019-07-25,0,Overnight,0.0,False,-16.6,-16.6,-31.28,False,0.0,False
2019-07-25,2019-07-26,0,Overnight,0.0,False,25.3,25.3,41.48,False,0.0,False
2019-07-26,2019-07-29,2,Weekend,48.0,False,-4.31,-4.31,-13.92,False,0.0,False
2019-07-29,2019-07-30,0,Overnight,0.0,False,-51.55,-51.55,26.97,False,0.0,False
2019-07-30,2019-07-31,0,Overnight,0.0,False,8.97,8.97,-118.98,False,0.0,False
2019-07-31,2019-08-01,0,Overnight,0.0,False,5.71,5.71,-93.18,False,0.0,False
2019-08-01,2019-08-02,0,Overnight,0.0,False,-33.63,-33.63,-41.95,False,0.0,False
2019-08-02,2019-08-05,2,Weekend,48.0,False,-156.02,-156.02,-149.33,False,0.0,False
2019-08-05,2019-08-06,0,Overnight,0.0,False,73.37,73.37,65.89,False,0.0,False
2019-08-06,2019-08-07,0,Overnight,0.0,False,-118.84,-118.84,124.75,False,0.0,False
2019-08-07,2019-08-08,0,Overnight,0.0,False,57.13,57.13,137.17,False,0.0,False
2019-08-08,2019-08-09,0,Overnight,0.0,False,-35.48,-35.48,-32.87,False,0.0,False
2019-08-09,2019-08-12,2,Weekend,48.0,False,-57.09,-57.09,-65.39,False,0.0,False
2019-08-12,2019-08-13,0,Overnight,0.0,False,-11.46,-11.46,165.78,False,0.0,False
2019-08-13,2019-08-14,0,Overnight,0.0,False,-154.32,-154.32,-145.81,False,0.0,False
2019-08-14,2019-08-15,0,Overnight,0.0,False,34.46,34.46,-8.08,False,0.0,False
2019-08-15,2019-08-16,0,Overnight,0.0,False,64.08,64.08,82.39,False,0.0,False
2019-08-16,2019-08-19,2,Weekend,48.0,False,114.97,114.97,4.79,False,0.0,False
2019-08-19,2019-08-20,0,Overnight,0.0,False,-19.17,-19.17,-57.75,False,0.0,False
2019-08-20,2019-08-21,0,Overnight,0.0,False,82.05,82.05,-1.03,False,0.0,False
2019-08-21,2019-08-22,0,Overnight,0.0,False,26.64,26.64,-29.71,False,0.0,False
2019-08-22,2019-08-23,0,Overnight,0.0,False,-49.38,-49.38,-210.86,False,0.0,False
2019-08-23,2019-08-26,2,Weekend,48.0,False,84.6,84.6,25.38,False,0.0,False
2019-08-26,2019-08-27,0,Overnight,0.0,False,53.33,53.33,-92.64,False,0.0,False
2019-08-27,2019-08-28,0,Overnight,0.0,False,-25.48,-25.48,95.65,False,0.0,False
2019-08-28,2019-08-29,0,Overnight,0.0,False,97.48,97.48,29.44,False,0.0,False
2019-08-29,2019-08-30,0,Overnight,0.0,False,55.9,55.9,-60.34,False,0.0,False
2019-08-30,2019-09-03,3,Long,72.0,False,-64.49,-64.49,5.85,False,0.0,False
2019-09-03,2019-09-04,0,Overnight,0.0,False,82.21,82.21,30.65,False,0.0,False
2019-09-04,2019-09-05,0,Overnight,0.0,False,93.09,93.09,34.64,False,0.0,False
2019-09-05,2019-09-06,0,Overnight,0.0,False,11.75,11.75,-4.03,False,0.0,False
2019-09-06,2019-09-09,2,Weekend,48.0,False,36.51,36.51,-31.47,False,0.0,False
2019-09-09,2019-09-10,0,Overnight,0.0,False,-28.21,-28.21,25.86,False,0.0,False
2019-09-10,2019-09-11,0,Overnight,0.0,False,11.4,11.4,59.46,False,0.0,False
2019-09-11,2019-09-12,0,Overnight,0.0,False,33.25,33.25,1.33,False,0.0,False
2019-09-12,2019-09-13,0,Overnight,0.0,False,16.25,16.25,-22.89,False,0.0,False
2019-09-13,2019-09-16,2,Weekend,48.0,False,-41.6,-41.6,10.67,False,0.0,False
2019-09-16,2019-09-17,0,Overnight,0.0,False,-7.33,-7.33,32.62,False,0.0,False
2019-09-17,2019-09-18,0,Overnight,0.0,False,-14.3,-14.3,20.28,False,0.0,False
2019-09-18,2019-09-19,0,Overnight,0.0,False,14.27,14.27,-14.94,False,0.0,False
2019-09-19,2019-09-20,0,Overnight,0.0,False,-23.94,22.03,-69.49,True,45.97,False
2019-09-20,2019-09-23,2,Weekend,48.0,False,-24.5,-24.5,22.16,False,0.0,False
2019-09-23,2019-09-24,0,Overnight,0.0,False,40.16,40.16,-118.94,False,0.0,False
2019-09-24,2019-09-25,0,Overnight,0.0,False,3.04,3.04,55.93,False,0.0,False
2019-09-25,2019-09-26,0,Overnight,0.0,False,0.34,0.34,-21.19,False,0.0,False
2019-09-26,2019-09-27,0,Overnight,0.0,False,27.91,27.91,-81.92,False,0.0,False
2019-09-27,2019-09-30,2,Weekend,48.0,False,19.28,19.28,26.99,False,0.0,False
2019-09-30,2019-10-01,0,Overnight,0.0,False,32.63,32.63,-152.29,False,0.0,False
2019-10-01,2019-10-02,0,Overnight,0.0,False,-59.51,-59.51,-118.71,False,0.0,False
2019-10-02,2019-10-03,0,Overnight,0.0,False,-8.68,-8.68,90.28,False,0.0,False
2019-10-03,2019-10-04,0,Overnight,0.0,False,24.76,24.76,109.65,False,0.0,False
2019-10-04,2019-10-07,2,Weekend,48.0,False,-29.94,-29.94,-13.3,False,0.0,False
2019-10-07,2019-10-08,0,Overnight,0.0,False,-69.85,-69.85,-86.62,False,0.0,False
2019-10-08,2019-10-09,0,Overnight,0.0,False,76.65,76.65,17.87,False,0.0,False
2019-10-09,2019-10-10,0,Overnight,0.0,False,-3.09,-3.09,70.5,False,0.0,False
2019-10-10,2019-10-11,0,Overnight,0.0,False,102.8,102.8,0.34,False,0.0,False
2019-10-11,2019-10-14,2,Weekend,48.0,False,-11.82,-11.82,0.68,False,0.0,False
2019-10-14,2019-10-15,0,Overnight,0.0,False,38.78,38.78,59.73,False,0.0,False
2019-10-15,2019-10-16,0,Overnight,0.0,False,-17.08,-17.08,1.01,False,0.0,False
2019-10-16,2019-10-17,0,Overnight,0.0,False,42.8,42.8,-13.36,False,0.0,False
2019-10-17,2019-10-18,0,Overnight,0.0,False,-19.73,-19.73,-24.13,False,0.0,False
2019-10-18,2019-10-21,2,Weekend,48.0,False,48.54,48.54,19.02,False,0.0,False
2019-10-21,2019-10-22,0,Overnight,0.0,False,19.65,19.65,-52.37,False,0.0,False
2019-10-22,2019-10-23,0,Overnight,0.0,False,-9.37,-9.37,38.42,False,0.0,False
2019-10-23,2019-10-24,0,Overnight,0.0,False,34.29,34.29,-17.96,False,0.0,False
2019-10-24,2019-10-25,0,Overnight,0.0,False,-21.0,-21.0,61.86,False,0.0,False
2019-10-25,2019-10-28,2,Weekend,48.0,False,44.33,44.33,11.88,False,0.0,False
2019-10-28,2019-10-29,0,Overnight,0.0,False,-9.9,-9.9,6.93,False,0.0,False
2019-10-29,2019-10-30,0,Overnight,0.0,False,7.25,7.25,23.37,False,0.0,False
2019-10-30,2019-10-31,0,Overnight,0.0,False,-0.33,-0.33,-26.34,False,0.0,False
2019-10-31,2019-11-01,0,Overnight,0.0,False,52.28,52.28,39.93,False,0.0,False
2019-11-01,2019-11-04,2,Weekend,49.0,False,55.7,55.7,-15.6,False,0.0,False
2019-11-04,2019-11-05,0,Overnight,0.0,False,7.15,7.15,-18.22,False,0.0,False
2019-11-05,2019-11-06,0,Overnight,0.0,False,0.0,0.0,2.28,False,0.0,False
2019-11-06,2019-11-07,0,Overnight,0.0,False,47.75,47.75,-12.65,False,0.0,False
2019-11-07,2019-11-08,0,Overnight,0.0,False,-12.34,-12.34,36.97,False,0.0,False
2019-11-08,2019-11-11,2,Weekend,48.0,False,-49.32,-49.32,30.21,False,0.0,False
2019-11-11,2019-11-12,0,Overnight,0.0,False,12.96,12.96,8.09,False,0.0,False
2019-11-12,2019-11-13,0,Overnight,0.0,False,-35.34,-35.34,38.57,False,0.0,False
2019-11-13,2019-11-14,0,Overnight,0.0,False,-10.03,-10.03,24.58,False,0.0,False
2019-11-14,2019-11-15,0,Overnight,0.0,False,47.38,47.38,24.73,False,0.0,False
2019-11-15,2019-11-18,2,Weekend,48.0,False,-8.34,-8.34,15.72,False,0.0,False
2019-11-18,2019-11-19,0,Overnight,0.0,False,21.13,21.13,-24.01,False,0.0,False
2019-11-19,2019-11-20,0,Overnight,0.0,False,-20.86,-20.86,-16.4,False,0.0,False
2019-11-20,2019-11-21,0,Overnight,0.0,False,3.86,3.86,-19.96,False,0.0,False
2019-11-21,2019-11-22,0,Overnight,0.0,False,26.39,26.39,-4.18,False,0.0,False
2019-11-22,2019-11-25,2,Weekend,48.0,False,32.75,32.75,44.45,False,0.0,False
2019-11-25,2019-11-26,0,Overnight,0.0,False,1.28,1.28,21.35,False,0.0,False
2019-11-26,2019-11-27,0,Overnight,0.0,False,16.86,16.86,27.62,False,0.0,False
2019-11-27,2019-11-29,1,Short,24.0,False,-19.67,-19.67,-17.48,False,0.0,False
2019-11-29,2019-12-02,2,Weekend,48.0,True,8.9,8.9,-94.21,False,0.0,False
2019-12-02,2019-12-03,0,Overnight,0.0,False,-96.41,-96.41,29.12,False,0.0,False
2019-12-03,2019-12-04,0,Overnight,0.0,False,37.08,37.08,24.43,False,0.0,False
2019-12-04,2019-12-05,0,Overnight,0.0,False,24.69,24.69,-6.73,False,0.0,False
2019-12-05,2019-12-06,0,Overnight,0.0,False,67.08,67.08,23.85,False,0.0,False
2019-12-06,2019-12-09,2,Weekend,48.0,False,-13.67,-13.67,-17.83,False,0.0,False
2019-12-09,2019-12-10,0,Overnight,0.0,False,-1.91,-1.91,-9.25,False,0.0,False
2019-12-10,2019-12-11,0,Overnight,0.0,False,15.93,15.93,12.41,False,0.0,False
2019-12-11,2019-12-12,0,Overnight,0.0,False,0.32,0.32,85.5,False,0.0,False
2019-12-12,2019-12-13,0,Overnight,0.0,False,-8.2,-8.2,14.19,False,0.0,False
2019-12-13,2019-12-16,2,Weekend,48.0,False,59.7,59.7,8.77,False,0.0,False
2019-12-16,2019-12-17,0,Overnight,0.0,False,13.14,13.14,-10.95,False,0.0,False
2019-12-17,2019-12-18,0,Overnight,0.0,False,13.45,13.45,-12.82,False,0.0,False
2019-12-18,2019-12-19,0,Overnight,0.0,False,6.57,6.57,34.34,False,0.0,False
2019-12-19,2019-12-20,0,Overnight,0.0,False,-13.72,35.15,8.42,True,48.92,False
2019-12-20,2019-12-23,2,Weekend,48.0,False,26.78,26.78,-11.51,False,0.0,False
2019-12-23,2019-12-24,0,Overnight,0.0,False,7.78,7.78,-7.47,False,0.0,False
2019-12-24,2019-12-26,1,Short,24.0,True,13.07,13.07,40.03,False,0.0,False
2019-12-26,2019-12-27,0,Overnight,0.0,False,24.74,24.74,-27.22,False,0.0,False
2019-12-27,2019-12-30,2,Weekend,48.0,False,2.79,2.79,-58.07,False,0.0,False
2019-12-30,2019-12-31,0,Overnight,0.0,False,-17.14,-17.14,41.41,False,0.0,False
2019-12-31,2020-01-02,1,Short,24.0,False,52.06,52.06,41.02,False,0.0,False
2020-01-02,2020-01-03,0,Overnight,0.0,False,-114.86,-114.86,38.85,False,0.0,False
2020-01-03,2020-01-06,2,Weekend,48.0,False,-59.73,-59.73,97.81,False,0.0,False
2020-01-06,2020-01-07,0,Overnight,0.0,False,-19.18,-19.18,-8.98,False,0.0,False
2020-01-07,2020-01-08,0,Overnight,0.0,False,6.5,6.5,46.65,False,0.0,False
2020-01-08,2020-01-09,0,Overnight,0.0,False,52.57,52.57,15.01,False,0.0,False
2020-01-09,2020-01-10,0,Overnight,0.0,False,19.57,19.57,-48.39,False,0.0,False
2020-01-10,2020-01-13,2,Weekend,48.0,False,20.86,20.86,47.68,False,0.0,False
2020-01-13,2020-01-14,0,Overnight,0.0,False,-14.65,-14.65,-0.61,False,0.0,False
2020-01-14,2020-01-15,0,Overnight,0.0,False,-3.05,-3.05,25.63,False,0.0,False
2020-01-15,2020-01-16,0,Overnight,0.0,False,45.9,45.9,36.94,False,0.0,False
2020-01-16,2020-01-17,0,Overnight,0.0,False,23.54,23.54,7.53,False,0.0,False
2020-01-17,2020-01-21,3,Long,72.0,False,-31.68,-31.68,12.08,False,0.0,False
2020-01-21,2020-01-22,0,Overnight,0.0,False,28.33,28.33,-27.13,False,0.0,False
2020-01-22,2020-01-23,0,Overnight,0.0,False,-21.45,-21.45,32.91,False,0.0,False
2020-01-23,2020-01-24,0,Overnight,0.0,False,21.68,21.68,-111.01,False,0.0,False
2020-01-24,2020-01-27,2,Weekend,48.0,False,-176.13,-176.13,14.54,False,0.0,False
2020-01-27,2020-01-28,0,Overnight,0.0,False,48.11,48.11,56.14,False,0.0,False
2020-01-28,2020-01-29,0,Overnight,0.0,False,45.48,45.48,-53.74,False,0.0,False
2020-01-29,2020-01-30,0,Overnight,0.0,False,-69.43,-69.43,101.84,False,0.0,False
2020-01-30,2020-01-31,0,Overnight,0.0,False,-20.77,-20.77,-162.47,False,0.0,False
2020-01-31,2020-02-03,2,Weekend,48.0,False,50.23,50.23,23.78,False,0.0,False
2020-02-03,2020-02-04,0,Overnight,0.0,False,121.13,121.13,30.13,False,0.0,False
2020-02-04,2020-02-05,0,Overnight,0.0,False,97.08,97.08,17.74,False,0.0,False
2020-02-05,2020-02-06,0,Overnight,0.0,False,31.5,31.5,2.1,False,0.0,False
2020-02-06,2020-02-07,0,Overnight,0.0,False,-34.79,-34.79,-18.65,False,0.0,False
2020-02-07,2020-02-10,2,Weekend,48.0,False,-29.24,-29.24,103.62,False,0.0,False
2020-02-10,2020-02-11,0,Overnight,0.0,False,44.12,44.12,-26.81,False,0.0,False
2020-02-11,2020-02-12,0,Overnight,0.0,False,46.72,46.72,17.5,False,0.0,False
2020-02-12,2020-02-13,0,Overnight,0.0,False,-46.34,-46.34,35.67,False,0.0,False
2020-02-13,2020-02-14,0,Overnight,0.0,False,13.34,13.34,2.67,False,0.0,False
2020-02-14,2020-02-18,3,Long,72.0,False,-32.34,-32.34,6.54,False,0.0,False
2020-02-18,2020-02-19,0,Overnight,0.0,False,31.43,31.43,16.27,False,0.0,False
2020-02-19,2020-02-20,0,Overnight,0.0,False,-17.75,-17.75,-23.42,False,0.0,False
2020-02-20,2020-02-21,0,Overnight,0.0,False,-44.02,-44.02,-59.5,False,0.0,False
2020-02-21,2020-02-24,2,Weekend,48.0,False,-314.97,-314.97,-22.31,False,0.0,False
2020-02-24,2020-02-25,0,Overnight,0.0,False,47.03,47.03,-354.74,False,0.0,False
2020-02-25,2020-02-26,0,Overnight,0.0,False,48.82,48.82,-85.67,False,0.0,False
2020-02-26,2020-02-27,0,Overnight,0.0,False,-195.81,-195.81,-263.71,False,0.0,False
2020-02-27,2020-02-28,0,Overnight,0.0,False,-300.6,-300.6,258.49,False,0.0,False
2020-02-28,2020-03-02,2,Weekend,48.0,False,65.6,65.6,358.35,False,0.0,False
2020-03-02,2020-03-03,0,Overnight,0.0,False,13.26,13.26,-303.76,False,0.0,False
2020-03-03,2020-03-04,0,Overnight,0.0,False,193.95,193.95,217.79,False,0.0,False
2020-03-04,2020-03-05,0,Overnight,0.0,False,-255.1,-255.1,-82.97,False,0.0,False
2020-03-05,2020-03-06,0,Overnight,0.0,False,-312.65,-312.65,145.95,False,0.0,False
2020-03-06,2020-03-09,2,Weekend,47.0,False,-774.18,-774.18,-38.94,False,0.0,False
2020-03-09,2020-03-10,0,Overnight,0.0,False,372.58,372.58,131.93,False,0.0,False
2020-03-10,2020-03-11,0,Overnight,0.0,False,-271.31,-271.31,-228.45,False,0.0,False
2020-03-11,2020-03-12,0,Overnight,0.0,False,-692.64,-692.64,-313.05,False,0.0,False
2020-03-12,2020-03-13,0,Overnight,0.0,False,586.24,586.24,234.04,False,0.0,False
2020-03-13,2020-03-16,2,Weekend,48.0,False,-1103.57,-1103.57,-55.3,False,0.0,False
2020-03-16,2020-03-17,0,Overnight,0.0,False,214.08,214.08,311.77,False,0.0,False
2020-03-17,2020-03-18,0,Overnight,0.0,False,-677.08,-677.08,157.48,False,0.0,False
2020-03-18,2020-03-19,0,Overnight,0.0,False,-31.3,-31.3,52.53,False,0.0,False
2020-03-19,2020-03-20,0,Overnight,0.0,False,83.64,141.44,-582.77,True,58.46,False
2020-03-20,2020-03-23,2,Weekend,48.0,False,-26.7,-26.7,-232.31,False,0.0,False
2020-03-23,2020-03-24,0,Overnight,0.0,False,501.67,501.67,365.64,False,0.0,False
2020-03-24,2020-03-25,0,Overnight,0.0,False,70.49,70.49,78.1,False,0.0,False
2020-03-25,2020-03-26,0,Overnight,0.0,False,110.01,110.01,457.47,False,0.0,False
2020-03-26,2020-03-27,0,Overnight,0.0,False,-308.3,-308.3,5.92,False,0.0,False
2020-03-27,2020-03-30,2,Weekend,48.0,False,89.57,89.57,230.03,False,0.0,False
2020-03-30,2020-03-31,0,Overnight,0.0,False,-41.75,-41.75,-108.43,False,0.0,False
2020-03-31,2020-04-01,0,Overnight,0.0,False,-386.42,-386.42,-74.07,False,0.0,False
2020-04-01,2020-04-02,0,Overnight,0.0,False,-39.08,-39.08,267.21,False,0.0,False
2020-04-02,2020-04-03,0,Overnight,0.0,False,-42.58,-42.58,-103.02,False,0.0,False
2020-04-03,2020-04-06,2,Weekend,48.0,False,381.45,381.45,268.62,False,0.0,False
2020-04-06,2020-04-07,0,Overnight,0.0,False,346.93,346.93,-336.74,False,0.0,False
2020-04-07,2020-04-08,0,Overnight,0.0,False,106.17,106.17,224.0,False,0.0,False
2020-04-08,2020-04-09,0,Overnight,0.0,False,128.72,128.72,22.31,False,0.0,False
2020-04-09,2020-04-13,3,Long,72.0,False,-38.17,-38.17,-53.55,False,0.0,False
2020-04-13,2020-04-14,0,Overnight,0.0,False,191.15,191.15,99.51,False,0.0,False
2020-04-14,2020-04-15,0,Overnight,0.0,False,-221.61,-221.61,6.84,False,0.0,False
2020-04-15,2020-04-16,0,Overnight,0.0,False,49.92,49.92,-1.79,False,0.0,False
2020-04-16,2020-04-17,0,Overnight,0.0,False,222.51,222.51,44.05,False,0.0,False
2020-04-17,2020-04-20,2,Weekend,48.0,False,-141.59,-141.59,-36.16,False,0.0,False
2020-04-20,2020-04-21,0,Overnight,0.0,False,-174.1,-174.1,-134.24,False,0.0,False
2020-04-21,2020-04-22,0,Overnight,0.0,False,192.61,192.61,26.91,False,0.0,False
2020-04-22,2020-04-23,0,Overnight,0.0,False,49.68,49.68,-50.4,False,0.0,False
2020-04-23,2020-04-24,0,Overnight,0.0,False,58.95,58.95,79.47,False,0.0,False
2020-04-24,2020-04-27,2,Weekend,48.0,False,75.69,75.69,67.46,False,0.0,False
2020-04-27,2020-04-28,0,Overnight,0.0,False,137.36,137.36,-183.45,False,0.0,False
2020-04-28,2020-04-29,0,Overnight,0.0,False,200.96,200.96,57.46,False,0.0,False
2020-04-29,2020-04-30,0,Overnight,0.0,False,-51.29,-51.29,-42.25,False,0.0,False
2020-04-30,2020-05-01,0,Overnight,0.0,False,-179.58,-179.58,-88.72,False,0.0,False
2020-05-01,2020-05-04,2,Weekend,48.0,False,-72.76,-72.76,100.3,False,0.0,False
2020-05-04,2020-05-05,0,Overnight,0.0,False,107.68,107.68,-15.71,False,0.0,False
2020-05-05,2020-05-06,0,Overnight,0.0,False,64.43,64.43,-132.45,False,0.0,False
2020-05-06,2020-05-07,0,Overnight,0.0,False,122.38,122.38,-2.43,False,0.0,False
2020-05-07,2020-05-08,0,Overnight,0.0,False,117.84,117.84,46.27,False,0.0,False
2020-05-08,2020-05-11,2,Weekend,48.0,False,-72.07,-72.07,74.12,False,0.0,False
2020-05-11,2020-05-12,0,Overnight,0.0,False,44.01,44.01,-245.33,False,0.0,False
2020-05-12,2020-05-13,0,Overnight,0.0,False,-21.3,-21.3,-157.14,False,0.0,False
2020-05-13,2020-05-14,0,Overnight,0.0,False,-94.55,-94.55,213.51,False,0.0,False
2020-05-14,2020-05-15,0,Overnight,0.0,False,-91.66,-91.66,137.52,False,0.0,False
2020-05-15,2020-05-18,2,Weekend,48.0,False,233.73,233.73,66.32,False,0.0,False
2020-05-18,2020-05-19,0,Overnight,0.0,False,-22.06,-22.06,-81.18,False,0.0,False
2020-05-19,2020-05-20,0,Overnight,0.0,False,131.0,131.0,37.45,False,0.0,False
2020-05-20,2020-05-21,0,Overnight,0.0,False,-4.72,-4.72,-64.56,False,0.0,False
2020-05-21,2020-05-22,0,Overnight,0.0,False,-10.52,-10.52,29.49,False,0.0,False
2020-05-22,2020-05-26,3,Long,72.0,False,217.29,217.29,-94.84,False,0.0,False
2020-05-26,2020-05-27,0,Overnight,0.0,False,101.13,101.13,46.56,False,0.0,False
2020-05-27,2020-05-28,0,Overnight,0.0,False,36.83,36.83,-55.3,False,0.0,False
2020-05-28,2020-05-29,0,Overnight,0.0,False,-16.85,-16.85,61.31,False,0.0,False
2020-05-29,2020-06-01,2,Weekend,48.0,False,-23.03,-23.03,63.36,False,0.0,False
2020-06-01,2020-06-02,0,Overnight,0.0,False,32.67,32.67,49.79,False,0.0,False
2020-06-02,2020-06-03,0,Overnight,0.0,False,69.87,69.87,62.34,False,0.0,False
2020-06-03,2020-06-04,0,Overnight,0.0,False,-34.33,-34.33,8.03,False,0.0,False
2020-06-04,2020-06-05,0,Overnight,0.0,False,186.77,186.77,66.29,False,0.0,False
2020-06-05,2020-06-08,2,Weekend,48.0,False,27.52,27.52,92.63,False,0.0,False
2020-06-08,2020-06-09,0,Overnight,0.0,False,-90.13,-90.13,15.29,False,0.0,False
2020-06-09,2020-06-10,0,Overnight,0.0,False,19.62,19.62,-75.58,False,0.0,False
2020-06-10,2020-06-11,0,Overnight,0.0,False,-239.2,-239.2,-354.57,False,0.0,False
2020-06-11,2020-06-12,0,Overnight,0.0,False,250.65,250.65,-131.6,False,0.0,False
2020-06-12,2020-06-15,2,Weekend,48.0,False,-205.58,-205.58,298.5,False,0.0,False
2020-06-15,2020-06-16,0,Overnight,0.0,False,270.85,270.85,-80.2,False,0.0,False
2020-06-16,2020-06-17,0,Overnight,0.0,False,35.41,35.41,-77.03,False,0.0,False
2020-06-17,2020-06-18,0,Overnight,0.0,False,-53.08,-53.08,56.93,False,0.0,False
2020-06-18,2020-06-19,0,Overnight,0.0,False,76.36,119.75,-177.59,True,43.81,False
2020-06-19,2020-06-22,2,Weekend,48.0,False,-21.08,-21.08,85.03,False,0.0,False
2020-06-22,2020-06-23,0,Overnight,0.0,False,91.97,91.97,-46.04,False,0.0,False
2020-06-23,2020-06-24,0,Overnight,0.0,False,-71.07,-71.07,-187.32,False,0.0,False
2020-06-24,2020-06-25,0,Overnight,0.0,False,-20.41,-20.41,127.04,False,0.0,False
2020-06-25,2020-06-26,0,Overnight,0.0,False,-38.79,-38.79,-201.59,False,0.0,False
2020-06-26,2020-06-29,2,Weekend,48.0,False,45.22,45.22,100.68,False,0.0,False
2020-06-29,2020-06-30,0,Overnight,0.0,False,-15.45,-15.45,142.73,False,0.0,False
2020-06-30,2020-07-01,0,Overnight,0.0,False,39.16,39.16,30.64,False,0.0,False
2020-07-01,2020-07-02,0,Overnight,0.0,False,119.09,119.09,-64.17,False,0.0,False
2020-07-02,2020-07-06,3,Long,72.0,False,131.72,131.72,21.47,False,0.0,False
2020-07-06,2020-07-07,0,Overnight,0.0,False,-52.81,-52.81,-50.86,False,0.0,False
2020-07-07,2020-07-08,0,Overnight,0.0,False,26.42,26.42,49.78,False,0.0,False
2020-07-08,2020-07-09,0,Overnight,0.0,False,20.85,20.85,-77.94,False,0.0,False
2020-07-09,2020-07-10,0,Overnight,0.0,False,-2.23,-2.23,103.81,False,0.0,False
2020-07-10,2020-07-13,2,Weekend,48.0,False,79.66,79.66,-166.63,False,0.0,False
2020-07-13,2020-07-14,0,Overnight,0.0,False,-49.03,-49.03,177.79,False,0.0,False
2020-07-14,2020-07-15,0,Overnight,0.0,False,108.84,108.84,-17.38,False,0.0,False
2020-07-15,2020-07-16,0,Overnight,0.0,False,-64.21,-64.21,31.22,False,0.0,False
2020-07-16,2020-07-17,0,Overnight,0.0,False,33.92,33.92,-4.97,False,0.0,False
2020-07-17,2020-07-20,2,Weekend,48.0,False,-9.02,-9.02,89.51,False,0.0,False
2020-07-20,2020-07-21,0,Overnight,0.0,False,65.46,65.46,-44.21,False,0.0,False
2020-07-21,2020-07-22,0,Overnight,0.0,False,-12.01,-12.01,68.77,False,0.0,False
2020-07-22,2020-07-23,0,Overnight,0.0,False,-11.94,-11.94,-108.1,False,0.0,False
2020-07-23,2020-07-24,0,Overnight,0.0,False,-62.43,-62.43,-2.18,False,0.0,False
2020-07-24,2020-07-27,2,Weekend,48.0,False,23.35,23.35,49.31,False,0.0,False
2020-07-27,2020-07-28,0,Overnight,0.0,False,-24.47,-24.47,-39.15,False,0.0,False
2020-07-28,2020-07-29,0,Overnight,0.0,False,29.54,29.54,92.7,False,0.0,False
2020-07-29,2020-07-30,0,Overnight,0.0,False,-99.53,-99.53,63.79,False,0.0,False
2020-07-30,2020-07-31,0,Overnight,0.0,False,59.71,59.71,19.01,False,0.0,False
2020-07-31,2020-08-03,2,Weekend,48.0,False,54.98,54.98,14.31,False,0.0,False
2020-08-03,2020-08-04,0,Overnight,0.0,False,-28.33,-28.33,66.88,False,0.0,False
2020-08-04,2020-08-05,0,Overnight,0.0,False,42.63,42.63,19.29,False,0.0,False
2020-08-05,2020-08-06,0,Overnight,0.0,False,-18.99,-18.99,85.61,False,0.0,False
2020-08-06,2020-08-07,0,Overnight,0.0,False,-31.46,-31.46,38.63,False,0.0,False
2020-08-07,2020-08-10,2,Weekend,48.0,False,14.63,14.63,15.21,False,0.0,False
2020-08-10,2020-08-11,0,Overnight,0.0,False,38.07,38.07,-120.96,False,0.0,False
2020-08-11,2020-08-12,0,Overnight,0.0,False,79.01,79.01,59.45,False,0.0,False
2020-08-12,2020-08-13,0,Overnight,0.0,False,-24.63,-24.63,6.53,False,0.0,False
2020-08-13,2020-08-14,0,Overnight,0.0,False,-12.48,-12.48,12.77,False,0.0,False
2020-08-14,2020-08-17,2,Weekend,48.0,False,32.6,32.6,-0.89,False,0.0,False
2020-08-17,2020-08-18,0,Overnight,0.0,False,12.72,12.72,8.86,False,0.0,False
2020-08-18,2020-08-19,0,Overnight,0.0,False,12.1,12.1,-53.82,False,0.0,False
2020-08-19,2020-08-20,0,Overnight,0.0,False,-55.61,-55.61,86.69,False,0.0,False
2020-08-20,2020-08-21,0,Overnight,0.0,False,-10.65,-10.65,46.06,False,0.0,False
2020-08-21,2020-08-24,2,Weekend,48.0,False,77.46,77.46,23.36,False,0.0,False
2020-08-24,2020-08-25,0,Overnight,0.0,False,17.77,17.77,17.16,False,0.0,False
2020-08-25,2020-08-26,0,Overnight,0.0,False,18.58,18.58,81.18,False,0.0,False
2020-08-26,2020-08-27,0,Overnight,0.0,False,27.01,27.01,-5.17,False,0.0,False
2020-08-27,2020-08-28,0,Overnight,0.0,False,31.82,31.82,32.57,False,0.0,False
2020-08-28,2020-08-31,2,Weekend,48.0,False,-6.56,-6.56,-29.73,False,0.0,False
2020-08-31,2020-09-01,0,Overnight,0.0,False,25.73,25.73,68.01,False,0.0,False
2020-09-01,2020-09-02,0,Overnight,0.0,False,58.54,58.54,85.07,False,0.0,False
2020-09-02,2020-09-03,0,Overnight,0.0,False,-51.29,-51.29,-298.91,False,0.0,False
2020-09-03,2020-09-04,0,Overnight,0.0,False,21.4,21.4,-103.38,False,0.0,False
2020-09-04,2020-09-08,3,Long,72.0,False,-172.54,-172.54,-104.49,False,0.0,False
2020-09-08,2020-09-09,0,Overnight,0.0,False,129.41,129.41,66.14,False,0.0,False
2020-09-09,2020-09-10,0,Overnight,0.0,False,59.56,59.56,-234.73,False,0.0,False
2020-09-10,2020-09-11,0,Overnight,0.0,False,57.64,57.64,-52.55,False,0.0,False
2020-09-11,2020-09-14,2,Weekend,48.0,False,102.15,102.15,28.7,False,0.0,False
2020-09-14,2020-09-15,0,Overnight,0.0,False,78.28,78.28,-27.89,False,0.0,False
2020-09-15,2020-09-16,0,Overnight,0.0,False,39.31,39.31,-79.08,False,0.0,False
2020-09-16,2020-09-17,0,Overnight,0.0,False,-156.46,-156.46,68.12,False,0.0,False
2020-09-17,2020-09-18,0,Overnight,0.0,False,-14.0,25.84,-141.74,True,39.87,False
2020-09-18,2020-09-21,2,Weekend,48.0,False,-150.84,-150.84,38.92,False,0.0,False
2020-09-21,2020-09-22,0,Overnight,0.0,False,48.81,48.81,52.51,False,0.0,False
2020-09-22,2020-09-23,0,Overnight,0.0,False,18.15,18.15,-252.79,False,0.0,False
2020-09-23,2020-09-24,0,Overnight,0.0,False,-44.11,-44.11,70.73,False,0.0,False
2020-09-24,2020-09-25,0,Overnight,0.0,False,-28.48,-28.48,188.86,False,0.0,False
2020-09-25,2020-09-28,2,Weekend,48.0,False,135.66,135.66,29.07,False,0.0,False
2020-09-28,2020-09-29,0,Overnight,0.0,False,-6.59,-6.59,-48.02,False,0.0,False
2020-09-29,2020-09-30,0,Overnight,0.0,False,21.64,21.64,53.89,False,0.0,False
2020-09-30,2020-10-01,0,Overnight,0.0,False,83.26,83.26,-19.27,False,0.0,False
2020-10-01,2020-10-02,0,Overnight,0.0,False,-159.71,-159.71,64.31,False,0.0,False
2020-10-02,2020-10-05,2,Weekend,48.0,False,66.28,66.28,109.5,False,0.0,False
2020-10-05,2020-10-06,0,Overnight,0.0,False,4.41,4.41,-147.59,False,0.0,False
2020-10-06,2020-10-07,0,Overnight,0.0,False,94.79,94.79,77.78,False,0.0,False
2020-10-07,2020-10-08,0,Overnight,0.0,False,61.15,61.15,27.09,False,0.0,False
2020-10-08,2020-10-09,0,Overnight,0.0,False,51.64,51.64,37.26,False,0.0,False
2020-10-09,2020-10-12,2,Weekend,48.0,False,78.69,78.69,80.91,False,0.0,False
2020-10-12,2020-10-13,0,Overnight,0.0,False,-4.26,-4.26,-61.22,False,0.0,False
2020-10-13,2020-10-14,0,Overnight,0.0,False,17.69,17.69,-80.72,False,0.0,False
2020-10-14,2020-10-15,0,Overnight,0.0,False,-122.03,-122.03,109.66,False,0.0,False
2020-10-15,2020-10-16,0,Overnight,0.0,False,41.93,41.93,-47.97,False,0.0,False
2020-10-16,2020-10-19,2,Weekend,48.0,False,39.08,39.08,-192.29,False,0.0,False
2020-10-19,2020-10-20,0,Overnight,0.0,False,42.31,42.31,-2.33,False,0.0,False
2020-10-20,2020-10-21,0,Overnight,0.0,False,-1.46,-1.46,-17.49,False,0.0,False
2020-10-21,2020-10-22,0,Overnight,0.0,False,6.71,6.71,48.0,False,0.0,False
2020-10-22,2020-10-23,0,Overnight,0.0,False,38.23,38.23,-4.34,False,0.0,False
2020-10-23,2020-10-26,2,Weekend,48.0,False,-106.12,-106.12,-80.41,False,0.0,False
2020-10-26,2020-10-27,0,Overnight,0.0,False,10.9,10.9,-45.43,False,0.0,False
2020-10-27,2020-10-28,0,Overnight,0.0,False,-182.6,-182.6,-165.16,False,0.0,False
2020-10-28,2020-10-29,0,Overnight,0.0,False,7.65,7.65,93.47,False,0.0,False
2020-10-29,2020-10-30,0,Overnight,0.0,False,-51.65,-51.65,-53.14,False,0.0,False
2020-10-30,2020-11-02,2,Weekend,49.0,False,111.46,111.46,0.0,False,0.0,False
2020-11-02,2020-11-03,0,Overnight,0.0,False,105.14,105.14,69.88,False,0.0,False
2020-11-03,2020-11-04,0,Overnight,0.0,False,142.71,142.71,78.32,False,0.0,False
2020-11-04,2020-11-05,0,Overnight,0.0,False,164.56,164.56,28.59,False,0.0,False
2020-11-05,2020-11-06,0,Overnight,0.0,False,-8.85,-8.85,6.57,False,0.0,False
2020-11-06,2020-11-09,2,Weekend,48.0,False,386.81,386.81,-261.94,False,0.0,False
2020-11-09,2020-11-10,0,Overnight,0.0,False,-30.22,-30.22,15.55,False,0.0,False
2020-11-10,2020-11-11,0,Overnight,0.0,False,66.44,66.44,7.57,False,0.0,False
2020-11-11,2020-11-12,0,Overnight,0.0,False,-30.61,-30.61,-66.87,False,0.0,False
2020-11-12,2020-11-13,0,Overnight,0.0,False,58.15,58.15,79.34,False,0.0,False
2020-11-13,2020-11-16,2,Weekend,48.0,False,80.1,80.1,43.95,False,0.0,False
2020-11-16,2020-11-17,0,Overnight,0.0,False,-71.97,-71.97,18.04,False,0.0,False
2020-11-17,2020-11-18,0,Overnight,0.0,False,8.04,8.04,-129.12,False,0.0,False
2020-11-18,2020-11-19,0,Overnight,0.0,False,-19.1,-19.1,61.12,False,0.0,False
2020-11-19,2020-11-20,0,Overnight,0.0,False,-7.83,-7.83,-60.88,False,0.0,False
2020-11-20,2020-11-23,2,Weekend,48.0,False,54.73,54.73,5.04,False,0.0,False
2020-11-23,2020-11-24,0,Overnight,0.0,False,76.64,76.64,83.22,False,0.0,False
2020-11-24,2020-11-25,0,Overnight,0.0,False,-2.48,-2.48,-12.95,False,0.0,False
2020-11-25,2020-11-27,1,Short,24.0,False,32.48,32.48,-4.67,False,0.0,False
2020-11-27,2020-11-30,2,Weekend,48.0,True,-23.13,-23.13,-21.24,False,0.0,False
2020-11-30,2020-12-01,0,Overnight,0.0,False,96.48,96.48,12.3,False,0.0,False
2020-12-01,2020-12-02,0,Overnight,0.0,False,-32.84,-32.84,53.85,False,0.0,False
2020-12-02,2020-12-03,0,Overnight,0.0,False,-3.0,-3.0,0.27,False,0.0,False
2020-12-03,2020-12-04,0,Overnight,0.0,False,17.17,17.17,68.64,False,0.0,False
2020-12-04,2020-12-07,2,Weekend,48.0,False,-22.47,-22.47,1.9,False,0.0,False
2020-12-07,2020-12-08,0,Overnight,0.0,False,-37.19,-37.19,66.41,False,0.0,False
2020-12-08,2020-12-09,0,Overnight,0.0,False,19.16,19.16,-109.26,False,0.0,False
2020-12-09,2020-12-10,0,Overnight,0.0,False,-40.43,-40.43,37.15,False,0.0,False
2020-12-10,2020-12-11,0,Overnight,0.0,False,-50.03,-50.03,38.29,False,0.0,False
2020-12-11,2020-12-14,2,Weekend,48.0,False,63.68,63.68,-108.55,False,0.0,False
2020-12-14,2020-12-15,0,Overnight,0.0,False,74.86,74.86,59.43,False,0.0,False
2020-12-15,2020-12-16,0,Overnight,0.0,False,6.22,6.22,9.46,False,0.0,False
2020-12-16,2020-12-17,0,Overnight,0.0,False,47.7,47.7,8.06,False,0.0,False
2020-12-17,2020-12-18,0,Overnight,0.0,False,-34.18,8.32,-48.37,True,42.45,False
2020-12-18,2020-12-21,2,Weekend,48.0,False,-114.69,-114.69,78.87,False,0.0,False
2020-12-21,2020-12-22,0,Overnight,0.0,False,9.51,9.51,-26.38,False,0.0,False
2020-12-22,2020-12-23,0,Overnight,0.0,False,28.28,28.28,-19.3,False,0.0,False
2020-12-23,2020-12-24,0,Overnight,0.0,False,13.86,13.86,24.96,False,0.0,False
2020-12-24,2020-12-28,3,Long,72.0,True,73.98,73.98,11.56,False,0.0,False
2020-12-28,2020-12-29,0,Overnight,0.0,False,43.97,43.97,-63.06,False,0.0,False
2020-12-29,2020-12-30,0,Overnight,0.0,False,23.66,23.66,-9.4,False,0.0,False
2020-12-30,2020-12-31,0,Overnight,0.0,False,-5.65,-5.65,56.33,False,0.0,False
2020-12-31,2021-01-04,3,Long,72.0,False,38.17,38.17,-175.25,False,0.0,False
2021-01-04,2021-01-05,0,Overnight,0.0,False,-18.73,-18.73,87.36,False,0.0,False
2021-01-05,2021-01-06,0,Overnight,0.0,False,-43.72,-43.72,103.33,False,0.0,False
2021-01-06,2021-01-07,0,Overnight,0.0,False,68.03,68.03,79.45,False,0.0,False
2021-01-07,2021-01-08,0,Overnight,0.0,False,39.23,39.23,17.59,False,0.0,False
2021-01-08,2021-01-11,2,Weekend,48.0,False,-89.84,-89.84,22.21,False,0.0,False
2021-01-11,2021-01-12,0,Overnight,0.0,False,5.28,5.28,-3.17,False,0.0,False
2021-01-12,2021-01-13,0,Overnight,0.0,False,-2.11,-2.11,29.01,False,0.0,False
2021-01-13,2021-01-14,0,Overnight,0.0,False,21.04,21.04,-56.12,False,0.0,False
2021-01-14,2021-01-15,0,Overnight,0.0,False,-46.08,-46.08,-27.11,False,0.0,False
2021-01-15,2021-01-19,3,Long,72.0,False,70.02,70.02,8.19,False,0.0,False
2021-01-19,2021-01-20,0,Overnight,0.0,False,64.76,64.76,72.68,False,0.0,False
2021-01-20,2021-01-21,0,Overnight,0.0,False,15.62,15.62,-6.5,False,0.0,False
2021-01-21,2021-01-22,0,Overnight,0.0,False,-51.92,-51.92,16.47,False,0.0,False
2021-01-22,2021-01-25,2,Weekend,48.0,False,20.61,20.61,18.75,False,0.0,False
2021-01-25,2021-01-26,0,Overnight,0.0,False,26.5,26.5,-42.12,False,0.0,False
2021-01-26,2021-01-27,0,Overnight,0.0,False,-93.46,-93.46,-153.99,False,0.0,False
2021-01-27,2021-01-28,0,Overnight,0.0,False,51.95,51.95,33.69,False,0.0,False
2021-01-28,2021-01-29,0,Overnight,0.0,False,-53.1,-53.1,-149.12,False,0.0,False
2021-01-29,2021-02-01,2,Weekend,48.0,False,98.15,98.15,66.94,False,0.0,False
2021-02-01,2021-02-02,0,Overnight,0.0,False,90.49,90.49,49.92,False,0.0,False
2021-02-02,2021-02-03,0,Overnight,0.0,False,23.3,23.3,-15.44,False,0.0,False
2021-02-03,2021-02-04,0,Overnight,0.0,False,29.03,29.03,83.99,False,0.0,False
2021-02-04,2021-02-05,0,Overnight,0.0,False,51.91,51.91,-12.63,False,0.0,False
2021-02-05,2021-02-08,2,Weekend,48.0,False,40.16,40.16,31.8,False,0.0,False
2021-02-08,2021-02-09,0,Overnight,0.0,False,-23.07,-23.07,16.41,False,0.0,False
2021-02-09,2021-02-10,0,Overnight,0.0,False,47.8,47.8,-52.16,False,0.0,False
2021-02-10,2021-02-11,0,Overnight,0.0,False,29.69,29.69,-13.56,False,0.0,False
2021-02-11,2021-02-12,0,Overnight,0.0,False,-22.04,-22.04,71.31,False,0.0,False
2021-02-12,2021-02-16,3,Long,72.0,False,33.56,33.56,-42.23,False,0.0,False
2021-02-16,2021-02-17,0,Overnight,0.0,False,-48.04,-48.04,50.33,False,0.0,False
2021-02-17,2021-02-18,0,Overnight,0.0,False,-71.61,-71.61,28.96,False,0.0,False
2021-02-18,2021-02-19,0,Overnight,0.0,False,34.49,34.49,-52.17,False,0.0,False
2021-02-19,2021-02-22,2,Weekend,48.0,False,-76.44,-76.44,-0.78,False,0.0,False
2021-02-22,2021-02-23,0,Overnight,0.0,False,-61.42,-61.42,73.56,False,0.0,False
2021-02-23,2021-02-24,0,Overnight,0.0,False,-30.24,-30.24,139.83,False,0.0,False
2021-02-24,2021-02-25,0,Overnight,0.0,False,-34.77,-34.77,-209.13,False,0.0,False
2021-02-25,2021-02-26,0,Overnight,0.0,False,52.7,52.7,-104.35,False,0.0,False
2021-02-26,2021-03-01,2,Weekend,48.0,False,136.56,136.56,102.95,False,0.0,False
2021-03-01,2021-03-02,0,Overnight,0.0,False,6.16,6.16,-84.5,False,0.0,False
2021-03-02,2021-03-03,0,Overnight,0.0,False,-19.42,-19.42,-113.92,False,0.0,False
2021-03-03,2021-03-04,0,Overnight,0.0,False,-5.25,-5.25,-119.27,False,0.0,False
2021-03-04,2021-03-05,0,Overnight,0.0,False,99.32,99.32,82.98,False,0.0,False
2021-03-05,2021-03-08,2,Weekend,48.0,False,26.81,26.81,-76.72,False,0.0,False
2021-03-08,2021-03-09,0,Overnight,0.0,False,107.61,107.61,34.15,False,0.0,False
2021-03-09,2021-03-10,0,Overnight,0.0,False,64.88,64.88,-2.82,False,0.0,False
2021-03-10,2021-03-11,0,Overnight,0.0,False,67.79,67.79,33.09,False,0.0,False
2021-03-11,2021-03-12,0,Overnight,0.0,False,-37.17,-37.17,50.63,False,0.0,False
2021-03-12,2021-03-15,2,Weekend,47.0,False,6.85,6.85,52.61,False,0.0,False
2021-03-15,2021-03-16,0,Overnight,0.0,False,16.64,16.64,-29.26,False,0.0,False
2021-03-16,2021-03-17,0,Overnight,0.0,False,-34.92,-34.92,68.96,False,0.0,False
2021-03-17,2021-03-18,0,Overnight,0.0,False,-70.23,-70.23,-76.34,False,0.0,False
2021-03-18,2021-03-19,0,Overnight,0.0,False,-40.95,-8.23,-10.26,True,32.65,False
2021-03-19,2021-03-22,2,Weekend,48.0,False,14.11,14.11,65.42,False,0.0,False
2021-03-22,2021-03-23,0,Overnight,0.0,False,-17.34,-17.34,-61.68,False,0.0,False
2021-03-23,2021-03-24,0,Overnight,0.0,False,38.44,38.44,-89.4,False,0.0,False
2021-03-24,2021-03-25,0,Overnight,0.0,False,-39.82,-39.82,95.92,False,0.0,False
2021-03-25,2021-03-26,0,Overnight,0.0,False,31.51,31.51,128.35,False,0.0,False
2021-03-26,2021-03-29,2,Weekend,48.0,False,-39.98,-39.98,34.93,False,0.0,False
2021-03-29,2021-03-30,0,Overnight,0.0,False,-34.42,-34.42,7.86,False,0.0,False
2021-03-30,2021-03-31,0,Overnight,0.0,False,15.44,15.44,25.01,False,0.0,False
2021-03-31,2021-04-01,0,Overnight,0.0,False,52.09,52.09,55.32,False,0.0,False
2021-04-01,2021-04-05,3,Long,72.0,False,70.89,70.89,71.62,False,0.0,False
2021-04-05,2021-04-06,0,Overnight,0.0,False,-14.78,-14.78,8.87,False,0.0,False
2021-04-06,2021-04-07,0,Overnight,0.0,False,-4.43,-4.43,16.0,False,0.0,False
2021-04-07,2021-04-08,0,Overnight,0.0,False,32.9,32.9,14.45,False,0.0,False
2021-04-08,2021-04-09,0,Overnight,0.0,False,-3.18,-3.18,75.62,False,0.0,False
2021-04-09,2021-04-12,2,Weekend,48.0,False,-15.56,-15.56,19.21,False,0.0,False
2021-04-12,2021-04-13,0,Overnight,0.0,False,-2.67,-2.67,32.27,False,0.0,False
2021-04-13,2021-04-14,0,Overnight,0.0,False,-0.73,-0.73,-33.48,False,0.0,False
2021-04-14,2021-04-15,0,Overnight,0.0,False,55.5,55.5,51.35,False,0.0,False
2021-04-15,2021-04-16,0,Overnight,0.0,False,33.13,33.13,0.24,False,0.0,False
2021-04-16,2021-04-19,2,Weekend,48.0,False,-23.99,-23.99,-25.26,False,0.0,False
2021-04-19,2021-04-20,0,Overnight,0.0,False,-31.36,-31.36,-42.13,False,0.0,False
2021-04-20,2021-04-21,0,Overnight,0.0,False,-16.03,-16.03,110.2,False,0.0,False
2021-04-21,2021-04-22,0,Overnight,0.0,False,-4.33,-4.33,-87.42,False,0.0,False
2021-04-22,2021-04-23,0,Overnight,0.0,False,14.54,14.54,93.3,False,0.0,False
2021-04-23,2021-04-26,2,Weekend,48.0,False,16.78,16.78,4.07,False,0.0,False
2021-04-26,2021-04-27,0,Overnight,0.0,False,7.66,7.66,-9.82,False,0.0,False
2021-04-27,2021-04-28,0,Overnight,0.0,False,6.94,6.94,-9.82,False,0.0,False
2021-04-28,2021-04-29,0,Overnight,0.0,False,69.71,69.71,-6.19,False,0.0,False
2021-04-29,2021-04-30,0,Overnight,0.0,False,-58.02,-58.02,-7.91,False,0.0,False
2021-04-30,2021-05-03,2,Weekend,48.0,False,50.91,50.91,-29.37,False,0.0,False
2021-05-03,2021-05-04,0,Overnight,0.0,False,-51.06,-51.06,-10.82,False,0.0,False
2021-05-04,2021-05-05,0,Overnight,0.0,False,42.26,42.26,-39.13,False,0.0,False
2021-05-05,2021-05-06,0,Overnight,0.0,False,1.92,1.92,77.61,False,0.0,False
2021-05-06,2021-05-07,0,Overnight,0.0,False,19.55,19.55,52.97,False,0.0,False
2021-05-07,2021-05-10,2,Weekend,48.0,False,9.0,9.0,-108.52,False,0.0,False
2021-05-10,2021-05-11,0,Overnight,0.0,False,-116.48,-116.48,26.83,False,0.0,False
2021-05-11,2021-05-12,0,Overnight,0.0,False,-72.2,-72.2,-142.54,False,0.0,False
2021-05-12,2021-05-13,0,Overnight,0.0,False,40.86,40.86,78.55,False,0.0,False
2021-05-13,2021-05-14,0,Overnight,0.0,False,71.16,71.16,81.23,False,0.0,False
2021-05-14,2021-05-17,2,Weekend,48.0,False,-28.61,-28.61,3.13,False,0.0,False
2021-05-17,2021-05-18,0,Overnight,0.0,False,6.74,6.74,-93.27,False,0.0,False
2021-05-18,2021-05-19,0,Overnight,0.0,False,-122.61,-122.61,96.36,False,0.0,False
2021-05-19,2021-05-20,0,Overnight,0.0,False,22.85,22.85,84.15,False,0.0,False
2021-05-20,2021-05-21,0,Overnight,0.0,False,38.21,38.21,-46.4,False,0.0,False
2021-05-21,2021-05-24,2,Weekend,48.0,False,57.67,57.67,43.75,False,0.0,False
2021-05-24,2021-05-25,0,Overnight,0.0,False,27.63,27.63,-49.85,False,0.0,False
2021-05-25,2021-05-26,0,Overnight,0.0,False,15.05,15.05,4.77,False,0.0,False
2021-05-26,2021-05-27,0,Overnight,0.0,False,26.21,26.21,-20.97,False,0.0,False
2021-05-27,2021-05-28,0,Overnight,0.0,False,39.99,39.99,-22.12,False,0.0,False
2021-05-28,2021-06-01,3,Long,72.0,False,60.05,60.05,-68.86,False,0.0,False
2021-06-01,2021-06-02,0,Overnight,0.0,False,16.67,16.67,-0.95,False,0.0,False
2021-06-02,2021-06-03,0,Overnight,0.0,False,-59.18,-59.18,21.99,False,0.0,False
2021-06-03,2021-06-04,0,Overnight,0.0,False,47.17,47.17,43.87,False,0.0,False
2021-06-04,2021-06-07,2,Weekend,48.0,False,-0.24,-0.24,-9.47,False,0.0,False
2021-06-07,2021-06-08,0,Overnight,0.0,False,21.77,21.77,-19.64,False,0.0,False
2021-06-08,2021-06-09,0,Overnight,0.0,False,21.29,21.29,-36.22,False,0.0,False
2021-06-09,2021-06-10,0,Overnight,0.0,False,31.02,31.02,15.36,False,0.0,False
2021-06-10,2021-06-11,0,Overnight,0.0,False,13.92,13.92,2.59,False,0.0,False
2021-06-11,2021-06-14,2,Weekend,48.0,False,2.83,2.83,19.54,False,0.0,False
2021-06-14,2021-06-15,0,Overnight,0.0,False,3.76,3.76,-22.12,False,0.0,False
2021-06-15,2021-06-16,0,Overnight,0.0,False,3.53,3.53,-59.52,False,0.0,False
2021-06-16,2021-06-17,0,Overnight,0.0,False,-10.43,-10.43,7.11,False,0.0,False
2021-06-17,2021-06-18,0,Overnight,0.0,False,-116.32,-83.39,-52.16,True,32.61,False
2021-06-18,2021-06-21,2,Weekend,48.0,False,45.21,45.21,96.94,False,0.0,False
2021-06-21,2021-06-22,0,Overnight,0.0,False,-0.24,-0.24,53.56,False,0.0,False
2021-06-22,2021-06-23,0,Overnight,0.0,False,1.89,1.89,-13.95,False,0.0,False
2021-06-23,2021-06-24,0,Overnight,0.0,False,54.04,54.04,4.94,False,0.0,False
2021-06-24,2021-06-25,0,Overnight,0.0,False,18.8,18.8,16.66,False,0.0,False
2021-06-25,2021-06-28,2,Weekend,48.0,False,13.12,13.12,7.02,False,0.0,False
2021-06-28,2021-06-29,0,Overnight,0.0,False,9.59,9.59,-4.21,False,0.0,False
2021-06-29,2021-06-30,0,Overnight,0.0,False,-11.46,-11.46,19.88,False,0.0,False
2021-06-30,2021-07-01,0,Overnight,0.0,False,18.9,18.9,36.31,False,0.0,False
2021-07-01,2021-07-02,0,Overnight,0.0,False,28.77,28.77,47.38,False,0.0,False
2021-07-02,2021-07-06,3,Long,72.0,False,1.38,1.38,-19.61,False,0.0,False
2021-07-06,2021-07-07,0,Overnight,0.0,False,16.85,16.85,18.43,False,0.0,False
2021-07-07,2021-07-08,0,Overnight,0.0,False,-131.6,-131.6,49.79,False,0.0,False
2021-07-08,2021-07-09,0,Overnight,0.0,False,37.29,37.29,68.89,False,0.0,False
2021-07-09,2021-07-12,2,Weekend,48.0,False,-2.07,-2.07,37.82,False,0.0,False
2021-07-12,2021-07-13,0,Overnight,0.0,False,-19.24,-19.24,-14.91,False,0.0,False
2021-07-13,2021-07-14,0,Overnight,0.0,False,41.47,41.47,-26.56,False,0.0,False
2021-07-14,2021-07-15,0,Overnight,0.0,False,-32.83,-32.83,-1.38,False,0.0,False
2021-07-15,2021-07-16,0,Overnight,0.0,False,28.94,28.94,-107.69,False,0.0,False
2021-07-16,2021-07-19,2,Weekend,48.0,False,-120.11,-120.11,-28.67,False,0.0,False
2021-07-19,2021-07-20,0,Overnight,0.0,False,16.69,16.69,125.59,False,0.0,False
2021-07-20,2021-07-21,0,Overnight,0.0,False,29.65,29.65,50.99,False,0.0,False
2021-07-21,2021-07-22,0,Overnight,0.0,False,4.37,4.37,16.55,False,0.0,False
2021-07-22,2021-07-23,0,Overnight,0.0,False,47.19,47.19,55.16,False,0.0,False
2021-07-23,2021-07-26,2,Weekend,48.0,False,-14.33,-14.33,38.85,False,0.0,False
2021-07-26,2021-07-27,0,Overnight,0.0,False,-25.2,-25.2,-20.48,False,0.0,False
2021-07-27,2021-07-28,0,Overnight,0.0,False,15.25,15.25,-19.35,False,0.0,False
2021-07-28,2021-07-29,0,Overnight,0.0,False,22.54,22.54,18.85,False,0.0,False
2021-07-29,2021-07-30,0,Overnight,0.0,False,-62.37,-62.37,13.69,False,0.0,False
2021-07-30,2021-08-02,2,Weekend,48.0,False,41.65,41.65,-62.65,False,0.0,False
2021-08-02,2021-08-03,0,Overnight,0.0,False,19.41,19.41,61.62,False,0.0,False
2021-08-03,2021-08-04,0,Overnight,0.0,False,-31.1,-31.1,-18.21,False,0.0,False
2021-08-04,2021-08-05,0,Overnight,0.0,False,28.21,28.21,34.92,False,0.0,False
2021-08-05,2021-08-06,0,Overnight,0.0,False,7.69,7.69,8.82,False,0.0,False
2021-08-06,2021-08-09,2,Weekend,48.0,False,-0.68,-0.68,-7.46,False,0.0,False
2021-08-09,2021-08-10,0,Overnight,0.0,False,10.85,10.85,1.58,False,0.0,False
2021-08-10,2021-08-11,0,Overnight,0.0,False,25.72,25.72,-0.9,False,0.0,False
2021-08-11,2021-08-12,0,Overnight,0.0,False,-3.61,-3.61,33.53,False,0.0,False
2021-08-12,2021-08-13,0,Overnight,0.0,False,10.78,10.78,7.4,False,0.0,False
2021-08-13,2021-08-16,2,Weekend,48.0,False,-31.22,-31.22,54.74,False,0.0,False
2021-08-16,2021-08-17,0,Overnight,0.0,False,-61.27,-61.27,-4.5,False,0.0,False
2021-08-17,2021-08-18,0,Overnight,0.0,False,-24.35,-24.35,-85.7,False,0.0,False
2021-08-18,2021-08-19,0,Overnight,0.0,False,-66.48,-66.48,81.95,False,0.0,False
2021-08-19,2021-08-20,0,Overnight,0.0,False,8.41,8.41,70.85,False,0.0,False
2021-08-20,2021-08-23,2,Weekend,48.0,False,40.52,40.52,47.06,False,0.0,False
2021-08-23,2021-08-24,0,Overnight,0.0,False,15.86,15.86,0.0,False,0.0,False
2021-08-24,2021-08-25,0,Overnight,0.0,False,4.46,4.46,16.5,False,0.0,False
2021-08-25,2021-08-26,0,Overnight,0.0,False,-6.69,-6.69,-52.52,False,0.0,False
2021-08-26,2021-08-27,0,Overnight,0.0,False,19.25,19.25,69.76,False,0.0,False
2021-08-27,2021-08-30,2,Weekend,48.0,False,15.98,15.98,27.9,False,0.0,False
2021-08-30,2021-08-31,0,Overnight,0.0,False,-2.21,-2.21,-12.62,False,0.0,False
2021-08-31,2021-09-01,0,Overnight,0.0,False,22.12,22.12,-16.81,False,0.0,False
2021-09-01,2021-09-02,0,Overnight,0.0,False,33.59,33.59,-2.87,False,0.0,False
2021-09-02,2021-09-03,0,Overnight,0.0,False,-26.74,-26.74,24.31,False,0.0,False
2021-09-03,2021-09-07,3,Long,72.0,False,-8.17,-8.17,-27.65,False,0.0,False
2021-09-07,2021-09-08,0,Overnight,0.0,False,-12.63,-12.63,0.44,False,0.0,False
2021-09-08,2021-09-09,0,Overnight,0.0,False,-4.66,-4.66,-38.24,False,0.0,False
2021-09-09,2021-09-10,0,Overnight,0.0,False,45.78,45.78,-124.93,False,0.0,False
2021-09-10,2021-09-13,2,Weekend,48.0,False,71.58,71.58,-46.02,False,0.0,False
2021-09-13,2021-09-14,0,Overnight,0.0,False,34.43,34.43,-88.54,False,0.0,False
2021-09-14,2021-09-15,0,Overnight,0.0,False,10.13,10.13,73.05,False,0.0,False
2021-09-15,2021-09-16,0,Overnight,0.0,False,-12.51,-12.51,-3.35,False,0.0,False
2021-09-16,2021-09-17,0,Overnight,0.0,False,-50.44,-18.4,-79.43,True,31.93,False
2021-09-17,2021-09-20,2,Weekend,48.0,False,-148.81,-148.81,-19.33,False,0.0,False
2021-09-20,2021-09-21,0,Overnight,0.0,False,57.2,57.2,-66.65,False,0.0,False
2021-09-21,2021-09-22,0,Overnight,0.0,False,55.65,55.65,41.42,False,0.0,False
2021-09-22,2021-09-23,0,Overnight,0.0,False,45.35,45.35,75.42,False,0.0,False
2021-09-23,2021-09-24,0,Overnight,0.0,False,-39.34,-39.34,55.8,False,0.0,False
2021-09-24,2021-09-27,2,Weekend,48.0,False,-24.81,-24.81,-3.84,False,0.0,False
2021-09-27,2021-09-28,0,Overnight,0.0,False,-66.87,-66.87,-136.71,False,0.0,False
2021-09-28,2021-09-29,0,Overnight,0.0,False,33.84,33.84,-17.02,False,0.0,False
2021-09-29,2021-09-30,0,Overnight,0.0,False,36.07,36.07,-159.05,False,0.0,False
2021-09-30,2021-10-01,0,Overnight,0.0,False,42.78,42.78,75.36,False,0.0,False
2021-10-01,2021-10-04,2,Weekend,48.0,False,-28.6,-28.6,-101.2,False,0.0,False
2021-10-04,2021-10-05,0,Overnight,0.0,False,37.26,37.26,66.25,False,0.0,False
2021-10-05,2021-10-06,0,Overnight,0.0,False,-88.83,-88.83,130.3,False,0.0,False
2021-10-06,2021-10-07,0,Overnight,0.0,False,79.93,79.93,6.16,False,0.0,False
2021-10-07,2021-10-08,0,Overnight,0.0,False,18.68,18.68,-36.93,False,0.0,False
2021-10-08,2021-10-11,2,Weekend,48.0,False,-16.0,-16.0,-56.66,False,0.0,False
2021-10-11,2021-10-12,0,Overnight,0.0,False,22.52,22.52,-47.17,False,0.0,False
2021-10-12,2021-10-13,0,Overnight,0.0,False,25.11,25.11,10.81,False,0.0,False
2021-10-13,2021-10-14,0,Overnight,0.0,False,89.22,89.22,77.59,False,0.0,False
2021-10-14,2021-10-15,0,Overnight,0.0,False,50.72,50.72,25.15,False,0.0,False
2021-10-15,2021-10-18,2,Weekend,48.0,False,-42.7,-42.7,72.27,False,0.0,False
2021-10-18,2021-10-19,0,Overnight,0.0,False,38.61,38.61,38.24,False,0.0,False
2021-10-19,2021-10-20,0,Overnight,0.0,False,10.87,10.87,28.33,False,0.0,False
2021-10-20,2021-10-21,0,Overnight,0.0,False,-14.16,-14.16,40.21,False,0.0,False
2021-10-21,2021-10-22,0,Overnight,0.0,False,-10.15,-10.15,-0.22,False,0.0,False
2021-10-22,2021-10-25,2,Weekend,48.0,False,25.57,25.57,27.92,False,0.0,False
2021-10-25,2021-10-26,0,Overnight,0.0,False,36.16,36.16,-27.16,False,0.0,False
2021-10-26,2021-10-27,0,Overnight,0.0,False,10.74,10.74,-55.14,False,0.0,False
2021-10-27,2021-10-28,0,Overnight,0.0,False,33.43,33.43,62.6,False,0.0,False
2021-10-28,2021-10-29,0,Overnight,0.0,False,-53.6,-53.6,73.87,False,0.0,False
2021-10-29,2021-11-01,2,Weekend,48.0,False,22.84,22.84,-5.65,False,0.0,False
2021-11-01,2021-11-02,0,Overnight,0.0,False,3.91,3.91,36.44,False,0.0,False
2021-11-02,2021-11-03,0,Overnight,0.0,False,-13.0,-13.0,73.87,False,0.0,False
2021-11-03,2021-11-04,0,Overnight,0.0,False,13.76,13.76,33.25,False,0.0,False
2021-11-04,2021-11-05,0,Overnight,0.0,False,50.63,50.63,-15.99,False,0.0,False
2021-11-05,2021-11-08,2,Weekend,49.0,False,24.94,24.94,-16.41,False,0.0,False
2021-11-08,2021-11-09,0,Overnight,0.0,False,8.31,8.31,-41.42,False,0.0,False
2021-11-09,2021-11-10,0,Overnight,0.0,False,-38.59,-38.59,-42.19,False,0.0,False
2021-11-10,2021-11-11,0,Overnight,0.0,False,34.24,34.24,-31.0,False,0.0,False
2021-11-11,2021-11-12,0,Overnight,0.0,False,29.07,29.07,46.12,False,0.0,False
2021-11-12,2021-11-15,2,Weekend,48.0,False,29.28,29.28,-25.85,False,0.0,False
2021-11-15,2021-11-16,0,Overnight,0.0,False,-5.99,-5.99,45.49,False,0.0,False
2021-11-16,2021-11-17,0,Overnight,0.0,False,-5.97,-5.97,-18.35,False,0.0,False
2021-11-17,2021-11-18,0,Overnight,0.0,False,23.47,23.47,10.44,False,0.0,False
2021-11-18,2021-11-19,0,Overnight,0.0,False,-2.56,-2.56,-15.34,False,0.0,False
2021-11-19,2021-11-22,2,Weekend,48.0,False,42.56,42.56,-70.75,False,0.0,False
2021-11-22,2021-11-23,0,Overnight,0.0,False,-7.49,-7.49,20.74,False,0.0,False
2021-11-23,2021-11-24,0,Overnight,0.0,False,-45.6,-45.6,72.26,False,0.0,False
2021-11-24,2021-11-26,1,Short,24.0,False,-152.4,-152.4,-73.16,False,0.0,False
2021-11-26,2021-11-29,2,Weekend,48.0,True,110.51,110.51,11.41,False,0.0,False
2021-11-29,2021-11-30,0,Overnight,0.0,False,-56.12,-56.12,-140.37,False,0.0,False
2021-11-30,2021-12-01,0,Overnight,0.0,False,132.58,132.58,-244.27,False,0.0,False
2021-12-01,2021-12-02,0,Overnight,0.0,False,5.1,5.1,146.9,False,0.0,False
2021-12-02,2021-12-03,0,Overnight,0.0,False,38.62,38.62,-126.02,False,0.0,False
2021-12-03,2021-12-06,2,Weekend,48.0,False,59.59,59.59,58.15,False,0.0,False
2021-12-06,2021-12-07,0,Overnight,0.0,False,121.75,121.75,82.99,False,0.0,False
2021-12-07,2021-12-08,0,Overnight,0.0,False,8.97,8.97,17.48,False,0.0,False
2021-12-08,2021-12-09,0,Overnight,0.0,False,-29.22,-29.22,-38.52,False,0.0,False
2021-12-09,2021-12-10,0,Overnight,0.0,False,61.57,61.57,32.13,False,0.0,False
2021-12-10,2021-12-13,2,Weekend,48.0,False,-11.69,-11.69,-77.29,False,0.0,False
2021-12-13,2021-12-14,0,Overnight,0.0,False,-74.87,-74.87,5.83,False,0.0,False
2021-12-14,2021-12-15,0,Overnight,0.0,False,1.3,1.3,153.75,False,0.0,False
2021-12-15,2021-12-16,0,Overnight,0.0,False,41.77,41.77,-130.35,False,0.0,False
2021-12-16,2021-12-17,0,Overnight,0.0,False,-105.6,-70.29,-36.47,True,35.01,False
2021-12-17,2021-12-20,2,Weekend,48.0,False,-117.9,-117.9,11.0,False,0.0,False
2021-12-20,2021-12-21,0,Overnight,0.0,False,79.47,79.47,96.56,False,0.0,False
2021-12-21,2021-12-22,0,Overnight,0.0,False,-5.83,-5.83,105.32,False,0.0,False
2021-12-22,2021-12-23,0,Overnight,0.0,False,22.64,22.64,39.39,False,0.0,False
2021-12-23,2021-12-27,3,Long,72.0,False,30.98,30.98,109.55,False,0.0,False
2021-12-27,2021-12-28,0,Overnight,0.0,False,9.63,9.63,-17.81,False,0.0,False
2021-12-28,2021-12-29,0,Overnight,0.0,False,2.31,2.31,10.48,False,0.0,False
2021-12-29,2021-12-30,0,Overnight,0.0,False,9.42,9.42,-37.1,False,0.0,False
2021-12-30,2021-12-31,0,Overnight,0.0,False,-10.93,-10.93,-14.31,False,0.0,False
2021-12-31,2022-01-03,2,Weekend,48.0,False,28.17,28.17,29.56,False,0.0,False
2022-01-03,2022-01-04,0,Overnight,0.0,False,31.56,31.56,-34.91,False,0.0,False
2022-01-04,2022-01-05,0,Overnight,0.0,False,-8.17,-8.17,-185.72,False,0.0,False
2022-01-05,2022-01-06,0,Overnight,0.0,False,-10.47,-10.47,1.07,False,0.0,False
2022-01-06,2022-01-07,0,Overnight,0.0,False,0.21,0.21,-39.83,False,0.0,False
2022-01-07,2022-01-10,2,Weekend,48.0,False,-73.0,-73.0,60.55,False,0.0,False
2022-01-10,2022-01-11,0,Overnight,0.0,False,-6.02,-6.02,96.69,False,0.0,False
2022-01-11,2022-01-12,0,Overnight,0.0,False,39.09,39.09,-12.09,False,0.0,False
2022-01-12,2022-01-13,0,Overnight,0.0,False,24.81,24.81,-163.55,False,0.0,False
2022-01-13,2022-01-14,0,Overnight,0.0,False,-72.16,-72.16,76.25,False,0.0,False
2022-01-14,2022-01-18,3,Long,72.0,False,-107.74,-107.74,-70.94,False,0.0,False
2022-01-18,2022-01-19,0,Overnight,0.0,False,35.86,35.86,-140.24,False,0.0,False
2022-01-19,2022-01-20,0,Overnight,0.0,False,44.17,44.17,-155.47,False,0.0,False
2022-01-20,2022-01-21,0,Overnight,0.0,False,-26.67,-26.67,-171.59,False,0.0,False
2022-01-21,2022-01-24,2,Weekend,48.0,False,-136.78,-136.78,179.16,False,0.0,False
2022-01-24,2022-01-25,0,Overnight,0.0,False,-155.35,-155.35,32.51,False,0.0,False
2022-01-25,2022-01-26,0,Overnight,0.0,False,142.83,142.83,-167.95,False,0.0,False
2022-01-26,2022-01-27,0,Overnight,0.0,False,111.97,111.97,-161.48,False,0.0,False
2022-01-27,2022-01-28,0,Overnight,0.0,False,33.34,33.34,211.98,False,0.0,False
2022-01-28,2022-01-31,2,Weekend,48.0,False,-16.08,-16.08,194.59,False,0.0,False
2022-01-31,2022-02-01,0,Overnight,0.0,False,17.1,17.1,50.24,False,0.0,False
2022-02-01,2022-02-02,0,Overnight,0.0,False,56.14,56.14,40.53,False,0.0,False
2022-02-02,2022-02-03,0,Overnight,0.0,False,-140.92,-140.92,-96.93,False,0.0,False
2022-02-03,2022-02-04,0,Overnight,0.0,False,-5.6,-5.6,52.51,False,0.0,False
2022-02-04,2022-02-07,2,Weekend,48.0,False,18.04,18.04,-50.18,False,0.0,False
2022-02-07,2022-02-08,0,Overnight,0.0,False,-11.86,-11.86,93.8,False,0.0,False
2022-02-08,2022-02-09,0,Overnight,0.0,False,94.47,94.47,50.84,False,0.0,False
2022-02-09,2022-02-10,0,Overnight,0.0,False,-136.43,-136.43,-44.86,False,0.0,False
2022-02-10,2022-02-11,0,Overnight,0.0,False,2.0,2.0,-201.16,False,0.0,False
2022-02-11,2022-02-14,2,Weekend,48.0,False,-12.27,-12.27,-20.48,False,0.0,False
2022-02-14,2022-02-15,0,Overnight,0.0,False,106.71,106.71,53.27,False,0.0,False
2022-02-15,2022-02-16,0,Overnight,0.0,False,-48.76,-48.76,59.96,False,0.0,False
2022-02-16,2022-02-17,0,Overnight,0.0,False,-75.97,-75.97,-139.96,False,0.0,False
2022-02-17,2022-02-18,0,Overnight,0.0,False,6.18,6.18,-71.14,False,0.0,False
2022-02-18,2022-02-22,3,Long,72.0,False,-54.03,-54.03,-53.86,False,0.0,False
2022-02-22,2022-02-23,0,Overnight,0.0,False,71.67,71.67,-250.65,False,0.0,False
2022-02-23,2022-02-24,0,Overnight,0.0,False,-262.45,-262.45,411.82,False,0.0,False
2022-02-24,2022-02-25,0,Overnight,0.0,False,30.54,30.54,187.7,False,0.0,False
2022-02-25,2022-02-28,2,Weekend,48.0,False,-131.53,-131.53,105.91,False,0.0,False
2022-02-28,2022-03-01,0,Overnight,0.0,False,-36.48,-36.48,-116.99,False,0.0,False
2022-03-01,2022-03-02,0,Overnight,0.0,False,55.43,55.43,126.86,False,0.0,False
2022-03-02,2022-03-03,0,Overnight,0.0,False,58.75,58.75,-108.65,False,0.0,False
2022-03-03,2022-03-04,0,Overnight,0.0,False,-91.3,-91.3,9.72,False,0.0,False
2022-03-04,2022-03-07,2,Weekend,48.0,False,-14.36,-14.36,-284.87,False,0.0,False
2022-03-07,2022-03-08,0,Overnight,0.0,False,4.53,4.53,-80.63,False,0.0,False
2022-03-08,2022-03-09,0,Overnight,0.0,False,211.33,211.33,53.25,False,0.0,False
2022-03-09,2022-03-10,0,Overnight,0.0,False,-115.07,-115.07,69.81,False,0.0,False
2022-03-10,2022-03-11,0,Overnight,0.0,False,61.86,61.86,-189.82,False,0.0,False
2022-03-11,2022-03-14,2,Weekend,47.0,False,19.5,19.5,-92.85,False,0.0,False
2022-03-14,2022-03-15,0,Overnight,0.0,False,66.21,66.21,151.31,False,0.0,False
2022-03-15,2022-03-16,0,Overnight,0.0,False,86.91,86.91,132.41,False,0.0,False
2022-03-16,2022-03-17,0,Overnight,0.0,False,-46.71,-46.71,171.04,False,0.0,False
2022-03-17,2022-03-18,0,Overnight,0.0,False,-69.85,-38.71,147.76,True,30.97,False
2022-03-18,2022-03-21,2,Weekend,48.0,False,-4.05,-4.05,1.13,False,0.0,False
2022-03-21,2022-03-22,0,Overnight,0.0,False,33.02,33.02,83.31,False,0.0,False
2022-03-22,2022-03-23,0,Overnight,0.0,False,-59.79,-59.79,-69.83,False,0.0,False
2022-03-23,2022-03-24,0,Overnight,0.0,False,48.1,48.1,101.51,False,0.0,False
2022-03-24,2022-03-25,0,Overnight,0.0,False,14.86,14.86,33.86,False,0.0,False
2022-03-25,2022-03-28,2,Weekend,48.0,False,-13.93,-13.93,84.81,False,0.0,False
2022-03-28,2022-03-29,0,Overnight,0.0,False,89.75,89.75,33.2,False,0.0,False
2022-03-29,2022-03-30,0,Overnight,0.0,False,-26.25,-26.25,-35.69,False,0.0,False
2022-03-30,2022-03-31,0,Overnight,0.0,False,-17.67,-17.67,-137.44,False,0.0,False
2022-03-31,2022-04-01,0,Overnight,0.0,False,36.91,36.91,-8.61,False,0.0,False
2022-04-01,2022-04-04,2,Weekend,48.0,False,4.64,4.64,80.67,False,0.0,False
2022-04-04,2022-04-05,0,Overnight,0.0,False,-34.65,-34.65,-92.47,False,0.0,False
2022-04-05,2022-04-06,0,Overnight,0.0,False,-92.21,-92.21,-8.28,False,0.0,False
2022-04-06,2022-04-07,0,Overnight,0.0,False,-20.85,-20.85,71.11,False,0.0,False
2022-04-07,2022-04-08,0,Overnight,0.0,False,-17.84,-17.84,-8.93,False,0.0,False
2022-04-08,2022-04-11,2,Weekend,48.0,False,-77.61,-77.61,-94.79,False,0.0,False
2022-04-11,2022-04-12,0,Overnight,0.0,False,71.57,71.57,-108.69,False,0.0,False
2022-04-12,2022-04-13,0,Overnight,0.0,False,-5.93,-5.93,119.82,False,0.0,False
2022-04-13,2022-04-14,0,Overnight,0.0,False,5.41,5.41,-130.71,False,0.0,False
2022-04-14,2022-04-18,3,Long,72.0,False,-22.41,-22.41,26.52,False,0.0,False
2022-04-18,2022-04-19,0,Overnight,0.0,False,-2.51,-2.51,162.65,False,0.0,False
2022-04-19,2022-04-20,0,Overnight,0.0,False,42.15,42.15,-49.57,False,0.0,False
2022-04-20,2022-04-21,0,Overnight,0.0,False,85.76,85.76,-236.42,False,0.0,False
2022-04-21,2022-04-22,0,Overnight,0.0,False,-26.29,-26.29,-251.94,False,0.0,False
2022-04-22,2022-04-25,2,Weekend,48.0,False,-55.78,-55.78,113.59,False,0.0,False
2022-04-25,2022-04-26,0,Overnight,0.0,False,-62.74,-62.74,-231.15,False,0.0,False
2022-04-26,2022-04-27,0,Overnight,0.0,False,27.36,27.36,0.72,False,0.0,False
2022-04-27,2022-04-28,0,Overnight,0.0,False,119.59,119.59,129.87,False,0.0,False
2022-04-28,2022-04-29,0,Overnight,0.0,False,-99.13,-99.13,-277.43,False,0.0,False
2022-04-29,2022-05-02,2,Weekend,48.0,False,1.7,1.7,58.31,False,0.0,False
2022-05-02,2022-05-03,0,Overnight,0.0,False,12.78,12.78,32.96,False,0.0,False
2022-05-03,2022-05-04,0,Overnight,0.0,False,16.8,16.8,283.19,False,0.0,False
2022-05-04,2022-05-05,0,Overnight,0.0,False,-105.67,-105.67,-256.23,False,0.0,False
2022-05-05,2022-05-06,0,Overnight,0.0,False,-65.7,-65.7,5.84,False,0.0,False
2022-05-06,2022-05-09,2,Weekend,48.0,False,-152.86,-152.86,-172.55,False,0.0,False
2022-05-09,2022-05-10,0,Overnight,0.0,False,157.48,157.48,-134.4,False,0.0,False
2022-05-10,2022-05-11,0,Overnight,0.0,False,-25.59,-25.59,-134.55,False,0.0,False
2022-05-11,2022-05-12,0,Overnight,0.0,False,-86.43,-86.43,75.99,False,0.0,False
2022-05-12,2022-05-13,0,Overnight,0.0,False,110.77,110.77,125.5,False,0.0,False
2022-05-13,2022-05-16,2,Weekend,48.0,False,-43.41,-43.41,2.75,False,0.0,False
2022-05-16,2022-05-17,0,Overnight,0.0,False,159.68,159.68,43.93,False,0.0,False
2022-05-17,2022-05-18,0,Overnight,0.0,False,-118.75,-118.75,-292.72,False,0.0,False
2022-05-18,2022-05-19,0,Overnight,0.0,False,-83.03,-83.03,21.59,False,0.0,False
2022-05-19,2022-05-20,0,Overnight,0.0,False,96.84,96.84,-92.48,False,0.0,False
2022-05-20,2022-05-23,2,Weekend,48.0,False,81.79,81.79,103.58,False,0.0,False
2022-05-23,2022-05-24,0,Overnight,0.0,False,-110.45,-110.45,33.82,False,0.0,False
2022-05-24,2022-05-25,0,Overnight,0.0,False,-40.19,-40.19,128.15,False,0.0,False
2022-05-25,2022-05-26,0,Overnight,0.0,False,32.66,32.66,165.18,False,0.0,False
2022-05-26,2022-05-27,0,Overnight,0.0,False,63.94,63.94,178.58,False,0.0,False
2022-05-27,2022-05-31,3,Long,72.0,False,-41.26,-41.26,-15.0,False,0.0,False
2022-05-31,2022-06-01,0,Overnight,0.0,False,54.1,54.1,-135.31,False,0.0,False
2022-06-01,2022-06-02,0,Overnight,0.0,False,-4.15,-4.15,192.8,False,0.0,False
2022-06-02,2022-06-03,0,Overnight,0.0,False,-120.27,-120.27,-45.2,False,0.0,False
2022-06-03,2022-06-06,2,Weekend,48.0,False,102.75,102.75,-72.35,False,0.0,False
2022-06-06,2022-06-07,0,Overnight,0.0,False,-90.01,-90.01,185.48,False,0.0,False
2022-06-07,2022-06-08,0,Overnight,0.0,False,-43.63,-43.63,-65.69,False,0.0,False
2022-06-08,2022-06-09,0,Overnight,0.0,False,-45.82,-45.82,-194.88,False,0.0,False
2022-06-09,2022-06-10,0,Overnight,0.0,False,-164.76,-164.76,-129.48,False,0.0,False
2022-06-10,2022-06-13,2,Weekend,48.0,False,-258.57,-258.57,-128.5,False,0.0,False
2022-06-13,2022-06-14,0,Overnight,0.0,False,49.21,49.21,-79.39,False,0.0,False
2022-06-14,2022-06-15,0,Overnight,0.0,False,92.91,92.91,48.64,False,0.0,False
2022-06-15,2022-06-16,0,Overnight,0.0,False,-231.83,-231.83,-104.73,False,0.0,False
2022-06-16,2022-06-17,0,Overnight,0.0,False,-31.14,11.91,9.57,True,43.01,False
2022-06-17,2022-06-21,3,Long,72.0,False,163.47,163.47,85.15,False,0.0,False
2022-06-21,2022-06-22,0,Overnight,0.0,False,-119.35,-119.35,101.21,False,0.0,False
2022-06-22,2022-06-23,0,Overnight,0.0,False,59.92,59.92,37.63,False,0.0,False
2022-06-23,2022-06-24,0,Overnight,0.0,False,87.96,87.96,225.03,False,0.0,False
2022-06-24,2022-06-27,2,Weekend,48.0,False,24.84,24.84,-63.11,False,0.0,False
2022-06-27,2022-06-28,0,Overnight,0.0,False,42.12,42.12,-248.56,False,0.0,False
2022-06-28,2022-06-29,0,Overnight,0.0,False,15.23,15.23,-23.37,False,0.0,False
2022-06-29,2022-06-30,0,Overnight,0.0,False,-108.38,-108.38,26.81,False,0.0,False
2022-06-30,2022-07-01,0,Overnight,0.0,False,-18.31,-18.31,123.52,False,0.0,False
2022-07-01,2022-07-05,3,Long,72.0,False,-141.59,-141.59,160.46,False,0.0,False
2022-07-05,2022-07-06,0,Overnight,0.0,False,3.93,3.93,29.79,False,0.0,False
2022-07-06,2022-07-07,0,Overnight,0.0,False,48.67,48.67,99.99,False,0.0,False
2022-07-07,2022-07-08,0,Overnight,0.0,False,-44.32,-44.32,36.09,False,0.0,False
2022-07-08,2022-07-11,2,Weekend,48.0,False,-72.82,-72.82,-42.07,False,0.0,False
2022-07-11,2022-07-12,0,Overnight,0.0,False,-15.11,-15.11,-73.78,False,0.0,False
2022-07-12,2022-07-13,0,Overnight,0.0,False,-151.6,-151.6,98.95,False,0.0,False
2022-07-13,2022-07-14,0,Overnight,0.0,False,-138.75,-138.75,114.44,False,0.0,False
2022-07-14,2022-07-15,0,Overnight,0.0,False,122.03,122.03,67.22,False,0.0,False
2022-07-15,2022-07-18,2,Weekend,48.0,False,84.03,84.03,-166.95,False,0.0,False
2022-07-18,2022-07-19,0,Overnight,0.0,False,107.55,107.55,159.06,False,0.0,False
2022-07-19,2022-07-20,0,Overnight,0.0,False,5.1,5.1,58.43,False,0.0,False
2022-07-20,2022-07-21,0,Overnight,0.0,False,-15.46,-15.46,116.78,False,0.0,False
2022-07-21,2022-07-22,0,Overnight,0.0,False,3.26,3.26,-96.47,False,0.0,False
2022-07-22,2022-07-25,2,Weekend,48.0,False,16.69,16.69,-4.55,False,0.0,False
2022-07-25,2022-07-26,0,Overnight,0.0,False,-43.83,-43.83,-75.18,False,0.0,False
2022-07-26,2022-07-27,0,Overnight,0.0,False,88.38,88.38,167.97,False,0.0,False
2022-07-27,2022-07-28,0,Overnight,0.0,False,21.17,21.17,103.47,False,0.0,False
2022-07-28,2022-07-29,0,Overnight,0.0,False,37.12,37.12,107.62,False,0.0,False
2022-07-29,2022-08-01,2,Weekend,48.0,False,-69.17,-69.17,39.52,False,0.0,False
2022-08-01,2022-08-02,0,Overnight,0.0,False,-40.25,-40.25,-25.94,False,0.0,False
2022-08-02,2022-08-03,0,Overnight,0.0,False,54.74,54.74,100.64,False,0.0,False
2022-08-03,2022-08-04,0,Overnight,0.0,False,-1.93,-1.93,-4.83,False,0.0,False
2022-08-04,2022-08-05,0,Overnight,0.0,False,-109.49,-109.49,92.57,False,0.0,False
2022-08-05,2022-08-08,2,Weekend,48.0,False,42.96,42.96,-54.57,False,0.0,False
2022-08-08,2022-08-09,0,Overnight,0.0,False,-18.66,-18.66,-21.13,False,0.0,False
2022-08-09,2022-08-10,0,Overnight,0.0,False,179.01,179.01,28.85,False,0.0,False
2022-08-10,2022-08-11,0,Overnight,0.0,False,71.18,71.18,-71.18,False,0.0,False
2022-08-11,2022-08-12,0,Overnight,0.0,False,48.46,48.46,119.42,False,0.0,False
2022-08-12,2022-08-15,2,Weekend,48.0,False,-54.7,-54.7,95.83,False,0.0,False
2022-08-15,2022-08-16,0,Overnight,0.0,False,-26.38,-26.38,45.95,False,0.0,False
2022-08-16,2022-08-17,0,Overnight,0.0,False,-88.59,-88.59,17.36,False,0.0,False
2022-08-17,2022-08-18,0,Overnight,0.0,False,4.92,4.92,24.1,False,0.0,False
2022-08-18,2022-08-19,0,Overnight,0.0,False,-68.24,-68.24,-67.05,False,0.0,False
2022-08-19,2022-08-22,2,Weekend,48.0,False,-121.31,-121.31,-89.11,False,0.0,False
2022-08-22,2022-08-23,0,Overnight,0.0,False,-10.89,-10.89,-13.33,False,0.0,False
2022-08-23,2022-08-24,0,Overnight,0.0,False,-5.82,-5.82,37.78,False,0.0,False
2022-08-24,2022-08-25,0,Overnight,0.0,False,37.88,37.88,102.31,False,0.0,False
2022-08-25,2022-08-26,0,Overnight,0.0,False,-2.86,-2.86,-341.49,False,0.0,False
2022-08-26,2022-08-29,2,Weekend,48.0,False,-77.03,-77.03,10.69,False,0.0,False
2022-08-29,2022-08-30,0,Overnight,0.0,False,30.25,30.25,-140.64,False,0.0,False
2022-08-30,2022-08-31,0,Overnight,0.0,False,43.1,43.1,-119.48,False,0.0,False
2022-08-31,2022-09-01,0,Overnight,0.0,False,-58.12,-58.12,89.45,False,0.0,False
2022-09-01,2022-09-02,0,Overnight,0.0,False,96.9,96.9,-202.9,False,0.0,False
2022-09-02,2022-09-06,3,Long,72.0,False,22.66,22.66,-60.47,False,0.0,False
2022-09-06,2022-09-07,0,Overnight,0.0,False,-8.45,-8.45,186.5,False,0.0,False
2022-09-07,2022-09-08,0,Overnight,0.0,False,-60.26,-60.26,125.41,False,0.0,False
2022-09-08,2022-09-09,0,Overnight,0.0,False,58.77,58.77,95.39,False,0.0,False
2022-09-09,2022-09-12,2,Weekend,48.0,False,53.47,53.47,53.43,False,0.0,False
2022-09-12,2022-09-13,0,Overnight,0.0,False,-224.91,-224.91,-219.65,False,0.0,False
2022-09-13,2022-09-14,0,Overnight,0.0,False,34.79,34.79,3.3,False,0.0,False
2022-09-14,2022-09-15,0,Overnight,0.0,False,-41.65,-41.65,-72.53,False,0.0,False
2022-09-15,2022-09-16,0,Overnight,0.0,False,-154.47,-113.01,36.9,True,40.91,False
2022-09-16,2022-09-19,2,Weekend,48.0,False,-85.96,-85.96,163.21,False,0.0,False
2022-09-19,2022-09-20,0,Overnight,0.0,False,-90.23,-90.23,-25.22,False,0.0,False
2022-09-20,2022-09-21,0,Overnight,0.0,False,52.45,52.45,-228.43,False,0.0,False
2022-09-21,2022-09-22,0,Overnight,0.0,False,-21.49,-21.49,-62.87,False,0.0,False
2022-09-22,2022-09-23,0,Overnight,0.0,False,-97.75,-97.75,-71.22,False,0.0,False
2022-09-23,2022-09-26,2,Weekend,48.0,False,-41.94,-41.94,-57.48,False,0.0,False
2022-09-26,2022-09-27,0,Overnight,0.0,False,101.32,101.32,-126.88,False,0.0,False
2022-09-27,2022-09-28,0,Overnight,0.0,False,27.48,27.48,167.37,False,0.0,False
2022-09-28,2022-09-29,0,Overnight,0.0,False,-100.9,-100.9,-110.2,False,0.0,False
2022-09-29,2022-09-30,0,Overnight,0.0,False,-27.33,-27.33,-128.52,False,0.0,False
2022-09-30,2022-10-03,2,Weekend,48.0,False,108.6,108.6,151.99,False,0.0,False
2022-10-03,2022-10-04,0,Overnight,0.0,False,156.7,156.7,148.46,False,0.0,False
2022-10-04,2022-10-05,0,Overnight,0.0,False,-121.91,-121.91,98.6,False,0.0,False
2022-10-05,2022-10-06,0,Overnight,0.0,False,-39.06,-39.06,-64.63,False,0.0,False
2022-10-06,2022-10-07,0,Overnight,0.0,False,-113.99,-113.99,-168.91,False,0.0,False
2022-10-07,2022-10-10,2,Weekend,48.0,False,32.2,32.2,-108.84,False,0.0,False
2022-10-10,2022-10-11,0,Overnight,0.0,False,-49.56,-49.56,-13.97,False,0.0,False
2022-10-11,2022-10-12,0,Overnight,0.0,False,12.01,12.01,-45.05,False,0.0,False
2022-10-12,2022-10-13,0,Overnight,0.0,False,-208.29,-208.29,468.78,False,0.0,False
2022-10-13,2022-10-14,0,Overnight,0.0,False,70.25,70.25,-300.77,False,0.0,False
2022-10-14,2022-10-17,2,Weekend,48.0,False,176.82,176.82,76.9,False,0.0,False
2022-10-17,2022-10-18,0,Overnight,0.0,False,224.01,224.01,-107.2,False,0.0,False
2022-10-18,2022-10-19,0,Overnight,0.0,False,-57.83,-57.83,-13.29,False,0.0,False
2022-10-19,2022-10-20,0,Overnight,0.0,False,-12.76,-12.76,-71.44,False,0.0,False
2022-10-20,2022-10-21,0,Overnight,0.0,False,-7.94,-7.94,248.05,False,0.0,False
2022-10-21,2022-10-24,2,Weekend,48.0,False,42.66,42.66,78.97,False,0.0,False
2022-10-24,2022-10-25,0,Overnight,0.0,False,-2.11,-2.11,160.54,False,0.0,False
2022-10-25,2022-10-26,0,Overnight,0.0,False,-86.1,-86.1,10.48,False,0.0,False
2022-10-26,2022-10-27,0,Overnight,0.0,False,27.45,27.45,-80.99,False,0.0,False
2022-10-27,2022-10-28,0,Overnight,0.0,False,-2.9,-2.9,238.02,False,0.0,False
2022-10-28,2022-10-31,2,Weekend,48.0,False,-66.54,-66.54,-5.95,False,0.0,False
2022-10-31,2022-11-01,0,Overnight,0.0,False,101.24,101.24,-145.1,False,0.0,False
2022-11-01,2022-11-02,0,Overnight,0.0,False,-16.14,-16.14,-238.03,False,0.0,False
2022-11-02,2022-11-03,0,Overnight,0.0,False,-91.11,-91.11,-12.39,False,0.0,False
2022-11-03,2022-11-04,0,Overnight,0.0,False,160.16,160.16,-17.26,False,0.0,False
2022-11-04,2022-11-07,2,Weekend,49.0,False,36.07,36.07,59.13,False,0.0,False
2022-11-07,2022-11-08,0,Overnight,0.0,False,30.48,30.48,23.33,False,0.0,False
2022-11-08,2022-11-09,0,Overnight,0.0,False,-54.34,-54.34,-153.84,False,0.0,False
2022-11-09,2022-11-10,0,Overnight,0.0,False,365.31,365.31,169.66,False,0.0,False
2022-11-10,2022-11-11,0,Overnight,0.0,False,22.78,22.78,73.54,False,0.0,False
2022-11-11,2022-11-14,2,Weekend,48.0,False,-46.53,-46.53,-38.9,False,0.0,False
2022-11-14,2022-11-15,0,Overnight,0.0,False,151.46,151.46,-66.53,False,0.0,False
2022-11-15,2022-11-16,0,Overnight,0.0,False,-43.0,-43.0,-33.58,False,0.0,False
2022-11-16,2022-11-17,0,Overnight,0.0,False,-126.99,-126.99,96.34,False,0.0,False
2022-11-17,2022-11-18,0,Overnight,0.0,False,88.39,88.39,-43.09,False,0.0,False
2022-11-18,2022-11-21,2,Weekend,48.0,False,-35.16,-35.16,-1.27,False,0.0,False
2022-11-21,2022-11-22,0,Overnight,0.0,False,51.57,51.57,82.11,False,0.0,False
2022-11-22,2022-11-23,0,Overnight,0.0,False,-8.76,-8.76,71.57,False,0.0,False
2022-11-23,2022-11-25,1,Short,24.0,False,-14.67,-14.67,12.44,False,0.0,False
2022-11-25,2022-11-28,2,Weekend,48.0,True,-80.86,-80.86,-80.0,False,0.0,False
2022-11-28,2022-11-29,0,Overnight,0.0,False,3.54,3.54,-20.73,False,0.0,False
2022-11-29,2022-11-30,0,Overnight,0.0,False,6.58,6.58,303.57,False,0.0,False
2022-11-30,2022-12-01,0,Overnight,0.0,False,26.7,26.7,-34.06,False,0.0,False
2022-12-01,2022-12-02,0,Overnight,0.0,False,-126.73,-126.73,115.18,False,0.0,False
2022-12-02,2022-12-05,2,Weekend,48.0,False,-73.01,-73.01,-108.52,False,0.0,False
2022-12-05,2022-12-06,0,Overnight,0.0,False,-4.25,-4.25,-140.94,False,0.0,False
2022-12-06,2022-12-07,0,Overnight,0.0,False,-22.62,-22.62,5.6,False,0.0,False
2022-12-07,2022-12-08,0,Overnight,0.0,False,50.24,50.24,27.8,False,0.0,False
2022-12-08,2022-12-09,0,Overnight,0.0,False,-32.86,-32.86,-42.12,False,0.0,False
2022-12-09,2022-12-12,2,Weekend,48.0,False,21.08,21.08,122.06,False,0.0,False
2022-12-12,2022-12-13,0,Overnight,0.0,False,278.57,278.57,-203.16,False,0.0,False
2022-12-13,2022-12-14,0,Overnight,0.0,False,-8.96,-8.96,-55.18,False,0.0,False
2022-12-14,2022-12-15,0,Overnight,0.0,False,-128.51,-128.51,-119.14,False,0.0,False
2022-12-15,2022-12-16,0,Overnight,0.0,False,-114.87,-68.74,-49.71,True,45.71,False
2022-12-16,2022-12-19,2,Weekend,48.0,False,5.22,5.22,-90.38,False,0.0,False
2022-12-19,2022-12-20,0,Overnight,0.0,False,-20.81,-20.81,34.48,False,0.0,False
2022-12-20,2022-12-21,0,Overnight,0.0,False,70.96,70.96,77.46,False,0.0,False
2022-12-21,2022-12-22,0,Overnight,0.0,False,-82.68,-82.68,-61.01,False,0.0,False
2022-12-22,2022-12-23,0,Overnight,0.0,False,-28.14,-28.14,85.5,False,0.0,False
2022-12-23,2022-12-27,3,Long,72.0,False,-3.13,-3.13,-36.38,False,0.0,False
2022-12-27,2022-12-28,0,Overnight,0.0,False,-1.84,-1.84,-123.22,False,0.0,False
2022-12-28,2022-12-29,0,Overnight,0.0,False,78.54,78.54,99.86,False,0.0,False
2022-12-29,2022-12-30,0,Overnight,0.0,False,-73.29,-73.29,46.92,False,0.0,False
2022-12-30,2023-01-03,3,Long,72.0,False,50.6,50.6,-92.79,False,0.0,False
2023-01-03,2023-01-04,0,Overnight,0.0,False,61.78,61.78,15.13,False,0.0,False
2023-01-04,2023-01-05,0,Overnight,0.0,False,-53.3,-53.3,-61.49,False,0.0,False
2023-01-05,2023-01-06,0,Overnight,0.0,False,84.78,84.78,141.95,False,0.0,False
2023-01-06,2023-01-09,2,Weekend,48.0,False,58.84,58.84,-64.51,False,0.0,False
2023-01-09,2023-01-10,0,Overnight,0.0,False,-15.74,-15.74,85.62,False,0.0,False
2023-01-10,2023-01-11,0,Overnight,0.0,False,42.16,42.16,83.53,False,0.0,False
2023-01-11,2023-01-12,0,Overnight,0.0,False,29.03,29.03,7.31,False,0.0,False
2023-01-12,2023-01-13,0,Overnight,0.0,False,-84.5,-84.5,123.22,False,0.0,False
2023-01-13,2023-01-17,3,Long,72.0,False,-0.5,-0.5,-17.83,False,0.0,False
2023-01-17,2023-01-18,0,Overnight,0.0,False,31.13,31.13,-190.27,False,0.0,False
2023-01-18,2023-01-19,0,Overnight,0.0,False,-54.56,-54.56,-18.51,False,0.0,False
2023-01-19,2023-01-20,0,Overnight,0.0,False,37.5,37.5,147.08,False,0.0,False
2023-01-20,2023-01-23,2,Weekend,48.0,False,21.2,21.2,98.08,False,0.0,False
2023-01-23,2023-01-24,0,Overnight,0.0,False,-43.78,-43.78,33.04,False,0.0,False
2023-01-24,2023-01-25,0,Overnight,0.0,False,-106.76,-106.76,110.51,False,0.0,False
2023-01-25,2023-01-26,0,Overnight,0.0,False,69.2,69.2,40.1,False,0.0,False
2023-01-26,2023-01-27,0,Overnight,0.0,False,-26.97,-26.97,49.92,False,0.0,False
2023-01-27,2023-01-30,2,Weekend,48.0,False,-71.25,-71.25,-55.02,False,0.0,False
2023-01-30,2023-01-31,0,Overnight,0.0,False,13.47,13.47,132.49,False,0.0,False
2023-01-31,2023-02-01,0,Overnight,0.0,False,-31.29,-31.29,137.01,False,0.0,False
2023-02-01,2023-02-02,0,Overnight,0.0,False,98.35,98.35,46.17,False,0.0,False
2023-02-02,2023-02-03,0,Overnight,0.0,False,-125.31,-125.31,18.45,False,0.0,False
2023-02-03,2023-02-06,2,Weekend,48.0,False,-62.28,-62.28,0.98,False,0.0,False
2023-02-06,2023-02-07,0,Overnight,0.0,False,-23.45,-23.45,153.39,False,0.0,False
2023-02-07,2023-02-08,0,Overnight,0.0,False,-49.74,-49.74,-60.21,False,0.0,False
2023-02-08,2023-02-09,0,Overnight,0.0,False,91.15,91.15,-178.22,False,0.0,False
2023-02-09,2023-02-10,0,Overnight,0.0,False,-30.26,-30.26,53.57,False,0.0,False
2023-02-10,2023-02-13,2,Weekend,48.0,False,16.65,16.65,100.06,False,0.0,False
2023-02-13,2023-02-14,0,Overnight,0.0,False,-38.59,-38.59,33.99,False,0.0,False
2023-02-14,2023-02-15,0,Overnight,0.0,False,-55.65,-55.65,88.07,False,0.0,False
2023-02-15,2023-02-16,0,Overnight,0.0,False,-126.16,-126.16,-12.48,False,0.0,False
2023-02-16,2023-02-17,0,Overnight,0.0,False,-54.52,-54.52,29.51,False,0.0,False
2023-02-17,2023-02-21,3,Long,72.0,False,-103.66,-103.66,-98.98,False,0.0,False
2023-02-21,2023-02-22,0,Overnight,0.0,False,10.77,10.77,-24.56,False,0.0,False
2023-02-22,2023-02-23,0,Overnight,0.0,False,75.49,75.49,-22.44,False,0.0,False
2023-02-23,2023-02-24,0,Overnight,0.0,False,-131.65,-131.65,24.25,False,0.0,False
2023-02-24,2023-02-27,2,Weekend,48.0,False,87.66,87.66,-53.66,False,0.0,False
2023-02-27,2023-02-28,0,Overnight,0.0,False,-12.58,-12.58,-24.45,False,0.0,False
2023-02-28,2023-03-01,0,Overnight,0.0,False,-21.47,-21.47,-16.96,False,0.0,False
2023-03-01,2023-03-02,0,Overnight,0.0,False,-52.32,-52.32,129.79,False,0.0,False
2023-03-02,2023-03-03,0,Overnight,0.0,False,47.65,47.65,111.46,False,0.0,False
2023-03-03,2023-03-06,2,Weekend,48.0,False,21.25,21.25,-14.33,False,0.0,False
2023-03-06,2023-03-07,0,Overnight,0.0,False,-1.24,-1.24,-153.24,False,0.0,False
2023-03-07,2023-03-08,0,Overnight,0.0,False,3.01,3.01,13.29,False,0.0,False
2023-03-08,2023-03-09,0,Overnight,0.0,False,20.53,20.53,-206.76,False,0.0,False
2023-03-09,2023-03-10,0,Overnight,0.0,False,-14.57,-14.57,-130.78,False,0.0,False
2023-03-10,2023-03-13,2,Weekend,47.0,False,-106.81,-106.81,92.55,False,0.0,False
2023-03-13,2023-03-14,0,Overnight,0.0,False,132.5,132.5,31.45,False,0.0,False
2023-03-14,2023-03-15,0,Overnight,0.0,False,-150.2,-150.2,87.46,False,0.0,False
2023-03-15,2023-03-16,0,Overnight,0.0,False,-63.39,-63.39,237.32,False,0.0,False
2023-03-16,2023-03-17,0,Overnight,0.0,False,-73.23,-35.0,-82.48,True,38.02,False
2023-03-17,2023-03-20,2,Weekend,48.0,False,20.75,20.75,74.95,False,0.0,False
2023-03-20,2023-03-21,0,Overnight,0.0,False,88.5,88.5,41.95,False,0.0,False
2023-03-21,2023-03-22,0,Overnight,0.0,False,-4.51,-4.51,-167.42,False,0.0,False
2023-03-22,2023-03-23,0,Overnight,0.0,False,75.71,75.71,-48.71,False,0.0,False
2023-03-23,2023-03-24,0,Overnight,0.0,False,-33.89,-33.89,99.29,False,0.0,False
2023-03-24,2023-03-27,2,Weekend,48.0,False,59.71,59.71,-41.03,False,0.0,False
2023-03-27,2023-03-28,0,Overnight,0.0,False,-18.18,-18.18,-4.3,False,0.0,False
2023-03-28,2023-03-29,0,Overnight,0.0,False,108.86,108.86,35.44,False,0.0,False
2023-03-29,2023-03-30,0,Overnight,0.0,False,68.04,68.04,-9.66,False,0.0,False
2023-03-30,2023-03-31,0,Overnight,0.0,False,23.75,23.75,116.21,False,0.0,False
2023-03-31,2023-04-03,2,Weekend,48.0,False,-13.2,-13.2,51.23,False,0.0,False
2023-04-03,2023-04-04,0,Overnight,0.0,False,16.29,16.29,-71.93,False,0.0,False
2023-04-04,2023-04-05,0,Overnight,0.0,False,-18.61,-18.61,-7.6,False,0.0,False
2023-04-05,2023-04-06,0,Overnight,0.0,False,-20.38,-20.38,59.32,False,0.0,False
2023-04-06,2023-04-10,3,Long,72.0,False,-63.25,-63.25,73.51,False,0.0,False
2023-04-10,2023-04-11,0,Overnight,0.0,False,15.86,15.86,-13.17,False,0.0,False
2023-04-11,2023-04-12,0,Overnight,0.0,False,52.34,52.34,-93.18,False,0.0,False
2023-04-12,2023-04-13,0,Overnight,0.0,False,27.65,27.65,104.3,False,0.0,False
2023-04-13,2023-04-14,0,Overnight,0.0,False,-15.98,-15.98,-8.48,False,0.0,False
2023-04-14,2023-04-17,2,Weekend,48.0,False,-2.18,-2.18,38.0,False,0.0,False
2023-04-17,2023-04-18,0,Overnight,0.0,False,39.54,39.54,-33.02,False,0.0,False
2023-04-18,2023-04-19,0,Overnight,0.0,False,-48.16,-48.16,46.47,False,0.0,False
2023-04-19,2023-04-20,0,Overnight,0.0,False,-71.0,-71.0,16.28,False,0.0,False
2023-04-20,2023-04-21,0,Overnight,0.0,False,7.52,7.52,0.24,False,0.0,False
2023-04-21,2023-04-24,2,Weekend,48.0,False,-5.1,-5.1,15.52,False,0.0,False
2023-04-24,2023-04-25,0,Overnight,0.0,False,-49.81,-49.81,-110.21,False,0.0,False
2023-04-25,2023-04-26,0,Overnight,0.0,False,15.75,15.75,-58.19,False,0.0,False
2023-04-26,2023-04-27,0,Overnight,0.0,False,65.08,65.08,132.05,False,0.0,False
2023-04-27,2023-04-28,0,Overnight,0.0,False,-22.33,-22.33,107.32,False,0.0,False
2023-04-28,2023-05-01,2,Weekend,48.0,False,-11.07,-11.07,0.96,False,0.0,False
2023-05-01,2023-05-02,0,Overnight,0.0,False,-17.83,-17.83,-95.2,False,0.0,False
2023-05-02,2023-05-03,0,Overnight,0.0,False,12.65,12.65,-81.53,False,0.0,False
2023-05-03,2023-05-04,0,Overnight,0.0,False,-26.75,-26.75,-44.33,False,0.0,False
2023-05-04,2023-05-05,0,Overnight,0.0,False,92.87,92.87,90.56,False,0.0,False
2023-05-05,2023-05-08,2,Weekend,48.0,False,8.24,8.24,-5.57,False,0.0,False
2023-05-08,2023-05-09,0,Overnight,0.0,False,-39.08,-39.08,-4.87,False,0.0,False
2023-05-09,2023-05-10,0,Overnight,0.0,False,71.53,71.53,-24.92,False,0.0,False
2023-05-10,2023-05-11,0,Overnight,0.0,False,-21.82,-21.82,4.37,False,0.0,False
2023-05-11,2023-05-12,0,Overnight,0.0,False,31.25,31.25,-44.36,False,0.0,False
2023-05-12,2023-05-15,2,Weekend,48.0,False,15.29,15.29,19.15,False,0.0,False
2023-05-15,2023-05-16,0,Overnight,0.0,False,-27.88,-27.88,-39.17,False,0.0,False
2023-05-16,2023-05-17,0,Overnight,0.0,False,51.06,51.06,69.6,False,0.0,False
2023-05-17,2023-05-18,0,Overnight,0.0,False,-7.95,-7.95,103.82,False,0.0,False
2023-05-18,2023-05-19,0,Overnight,0.0,False,22.4,22.4,-36.96,False,0.0,False
2023-05-19,2023-05-22,2,Weekend,48.0,False,0.48,0.48,3.58,False,0.0,False
2023-05-22,2023-05-23,0,Overnight,0.0,False,-40.92,-40.92,-71.95,False,0.0,False
2023-05-23,2023-05-24,0,Overnight,0.0,False,-40.41,-40.41,-32.3,False,0.0,False
2023-05-24,2023-05-25,0,Overnight,0.0,False,88.4,88.4,-2.17,False,0.0,False
2023-05-25,2023-05-26,0,Overnight,0.0,False,16.39,16.39,112.29,False,0.0,False
2023-05-26,2023-05-30,3,Long,72.0,False,47.74,47.74,-43.93,False,0.0,False
2023-05-30,2023-05-31,0,Overnight,0.0,False,-45.32,-45.32,-10.29,False,0.0,False
2023-05-31,2023-06-01,0,Overnight,0.0,False,5.74,5.74,88.82,False,0.0,False
2023-06-01,2023-06-02,0,Overnight,0.0,False,63.33,63.33,80.24,False,0.0,False
2023-06-02,2023-06-05,2,Weekend,48.0,False,8.41,8.41,-27.59,False,0.0,False
2023-06-05,2023-06-06,0,Overnight,0.0,False,-10.07,-10.07,31.82,False,0.0,False
2023-06-06,2023-06-07,0,Overnight,0.0,False,9.57,9.57,-44.21,False,0.0,False
2023-06-07,2023-06-08,0,Overnight,0.0,False,1.64,1.64,58.66,False,0.0,False
2023-06-08,2023-06-09,0,Overnight,0.0,False,19.32,19.32,-1.4,False,0.0,False
2023-06-09,2023-06-12,2,Weekend,48.0,False,23.7,23.7,66.61,False,0.0,False
2023-06-12,2023-06-13,0,Overnight,0.0,False,34.98,34.98,30.73,False,0.0,False
2023-06-13,2023-06-14,0,Overnight,0.0,False,8.01,8.01,3.89,False,0.0,False
2023-06-14,2023-06-15,0,Overnight,0.0,False,-19.46,-19.46,142.68,False,0.0,False
2023-06-15,2023-06-16,0,Overnight,0.0,False,9.48,46.39,-80.68,True,37.01,False
2023-06-16,2023-06-20,3,Long,72.0,False,-45.84,-45.84,-6.17,False,0.0,False
2023-06-20,2023-06-21,0,Overnight,0.0,False,-23.36,-23.36,-28.01,False,0.0,False
2023-06-21,2023-06-22,0,Overnight,0.0,False,-22.79,-22.79,58.82,False,0.0,False
2023-06-22,2023-06-23,0,Overnight,0.0,False,-82.35,-82.35,6.47,False,0.0,False
2023-06-23,2023-06-26,2,Weekend,48.0,False,-13.63,-13.63,-27.31,False,0.0,False
2023-06-26,2023-06-27,0,Overnight,0.0,False,21.07,21.07,87.97,False,0.0,False
2023-06-27,2023-06-28,0,Overnight,0.0,False,-25.71,-25.71,30.75,False,0.0,False
2023-06-28,2023-06-29,0,Overnight,0.0,False,-9.86,-9.86,49.2,False,0.0,False
2023-06-29,2023-06-30,0,Overnight,0.0,False,75.72,75.72,41.6,False,0.0,False
2023-06-30,2023-07-03,2,Weekend,48.0,False,-8.12,-8.12,19.62,False,0.0,False
2023-07-03,2023-07-05,1,Short,24.0,True,-42.45,-42.45,27.57,False,0.0,False
2023-07-05,2023-07-06,0,Overnight,0.0,False,-84.07,-84.07,5.46,False,0.0,False
2023-07-06,2023-07-07,0,Overnight,0.0,False,-23.45,-23.45,-1.82,False,0.0,False
2023-07-07,2023-07-10,2,Weekend,48.0,False,-8.44,-8.44,33.72,False,0.0,False
2023-07-10,2023-07-11,0,Overnight,0.0,False,17.95,17.95,45.53,False,0.0,False
2023-07-11,2023-07-12,0,Overnight,0.0,False,88.43,88.43,-8.29,False,0.0,False
2023-07-12,2023-07-13,0,Overnight,0.0,False,42.06,42.06,36.99,False,0.0,False
2023-07-13,2023-07-14,0,Overnight,0.0,False,20.44,20.44,-26.67,False,0.0,False
2023-07-14,2023-07-17,2,Weekend,48.0,False,-3.34,-3.34,38.0,False,0.0,False
2023-07-17,2023-07-18,0,Overnight,0.0,False,-7.54,-7.54,81.58,False,0.0,False
2023-07-18,2023-07-19,0,Overnight,0.0,False,18.04,18.04,4.17,False,0.0,False
2023-07-19,2023-07-20,0,Overnight,0.0,False,-22.65,-22.65,-43.91,False,0.0,False
2023-07-20,2023-07-21,0,Overnight,0.0,False,39.29,39.29,-39.29,False,0.0,False
2023-07-21,2023-07-24,2,Weekend,48.0,False,26.28,26.28,18.29,False,0.0,False
2023-07-24,2023-07-25,0,Overnight,0.0,False,-6.17,-6.17,33.43,False,0.0,False
2023-07-25,2023-07-26,0,Overnight,0.0,False,-21.32,-21.32,22.86,False,0.0,False
2023-07-26,2023-07-27,0,Overnight,0.0,False,76.76,76.76,-143.28,False,0.0,False
2023-07-27,2023-07-28,0,Overnight,0.0,False,74.64,74.64,22.79,False,0.0,False
2023-07-28,2023-07-31,2,Weekend,48.0,False,10.72,10.72,8.3,False,0.0,False
2023-07-31,2023-08-01,0,Overnight,0.0,False,-33.26,-33.26,4.6,False,0.0,False
2023-08-01,2023-08-02,0,Overnight,0.0,False,-71.01,-71.01,-69.07,False,0.0,False
2023-08-02,2023-08-03,0,Overnight,0.0,False,-46.54,-46.54,17.84,False,0.0,False
2023-08-03,2023-08-04,0,Overnight,0.0,False,41.8,41.8,-87.13,False,0.0,False
2023-08-04,2023-08-07,2,Weekend,48.0,False,42.43,42.43,44.47,False,0.0,False
2023-08-07,2023-08-08,0,Overnight,0.0,False,-58.52,-58.52,14.94,False,0.0,False
2023-08-08,2023-08-09,0,Overnight,0.0,False,6.24,6.24,-73.31,False,0.0,False
2023-08-09,2023-08-10,0,Overnight,0.0,False,54.59,54.59,-51.0,False,0.0,False
2023-08-10,2023-08-11,0,Overnight,0.0,False,-43.6,-43.6,37.77,False,0.0,False
2023-08-11,2023-08-14,2,Weekend,48.0,False,-21.34,-21.34,76.39,False,0.0,False
2023-08-14,2023-08-15,0,Overnight,0.0,False,-41.15,-41.15,-76.03,False,0.0,False
2023-08-15,2023-08-16,0,Overnight,0.0,False,-9.71,-9.71,-63.94,False,0.0,False
2023-08-16,2023-08-17,0,Overnight,0.0,False,34.51,34.51,-111.0,False,0.0,False
2023-08-17,2023-08-18,0,Overnight,0.0,False,-67.15,-67.15,71.97,False,0.0,False
2023-08-18,2023-08-21,2,Weekend,48.0,False,24.03,24.03,40.83,False,0.0,False
2023-08-21,2023-08-22,0,Overnight,0.0,False,41.79,41.79,-68.92,False,0.0,False
2023-08-22,2023-08-23,0,Overnight,0.0,False,25.07,25.07,85.69,False,0.0,False
2023-08-23,2023-08-24,0,Overnight,0.0,False,37.4,37.4,-176.96,False,0.0,False
2023-08-24,2023-08-25,0,Overnight,0.0,False,40.89,40.89,29.36,False,0.0,False
2023-08-25,2023-08-28,2,Weekend,48.0,False,51.46,51.46,11.75,False,0.0,False
2023-08-28,2023-08-29,0,Overnight,0.0,False,-2.49,-2.49,146.0,False,0.0,False
2023-08-29,2023-08-30,0,Overnight,0.0,False,7.79,7.79,33.31,False,0.0,False
2023-08-30,2023-08-31,0,Overnight,0.0,False,14.18,14.18,-28.82,False,0.0,False
2023-08-31,2023-09-01,0,Overnight,0.0,False,62.42,62.42,-43.79,False,0.0,False
2023-09-01,2023-09-05,3,Long,72.0,False,-10.2,-10.2,-33.11,False,0.0,False
2023-09-05,2023-09-06,0,Overnight,0.0,False,-18.72,-18.72,-48.74,False,0.0,False
2023-09-06,2023-09-07,0,Overnight,0.0,False,-69.94,-69.94,39.19,False,0.0,False
2023-09-07,2023-09-08,0,Overnight,0.0,False,1.12,1.12,13.93,False,0.0,False
2023-09-08,2023-09-11,2,Weekend,48.0,False,60.87,60.87,4.68,False,0.0,False
2023-09-11,2023-09-12,0,Overnight,0.0,False,-33.5,-33.5,-21.5,False,0.0,False
2023-09-12,2023-09-13,0,Overnight,0.0,False,5.16,5.16,6.5,False,0.0,False
2023-09-13,2023-09-14,0,Overnight,0.0,False,57.17,57.17,28.68,False,0.0,False
2023-09-14,2023-09-15,0,Overnight,0.0,False,-71.75,-36.41,-84.67,True,35.15,False
2023-09-15,2023-09-18,2,Weekend,48.0,False,-7.22,-7.22,13.08,False,0.0,False
2023-09-18,2023-09-19,0,Overnight,0.0,False,-21.44,-21.44,0.68,False,0.0,False
2023-09-19,2023-09-20,0,Overnight,0.0,False,29.32,29.32,-121.68,False,0.0,False
2023-09-20,2023-09-21,0,Overnight,0.0,False,-67.25,-67.25,-99.41,False,0.0,False
2023-09-21,2023-09-22,0,Overnight,0.0,False,24.54,24.54,-47.05,False,0.0,False
2023-09-22,2023-09-25,2,Weekend,48.0,False,-29.08,-29.08,71.05,False,0.0,False
2023-09-25,2023-09-26,0,Overnight,0.0,False,-72.91,-72.91,-75.09,False,0.0,False
2023-09-26,2023-09-27,0,Overnight,0.0,False,28.37,28.37,-24.38,False,0.0,False
2023-09-27,2023-09-28,0,Overnight,0.0,False,-13.39,-13.39,71.19,False,0.0,False
2023-09-28,2023-09-29,0,Overnight,0.0,False,73.24,73.24,-97.54,False,0.0,False
2023-09-29,2023-10-02,2,Weekend,48.0,False,-20.14,-20.14,16.16,False,0.0,False
2023-10-02,2023-10-03,0,Overnight,0.0,False,-52.79,-52.79,-81.97,False,0.0,False
2023-10-03,2023-10-04,0,Overnight,0.0,False,11.38,11.38,61.18,False,0.0,False
2023-10-04,2023-10-05,0,Overnight,0.0,False,-7.07,-7.07,3.3,False,0.0,False
2023-10-05,2023-10-06,0,Overnight,0.0,False,-59.78,-59.78,177.81,False,0.0,False
2023-10-06,2023-10-09,2,Weekend,48.0,False,-45.74,-45.74,109.55,False,0.0,False
2023-10-09,2023-10-10,0,Overnight,0.0,False,15.02,15.02,36.89,False,0.0,False
2023-10-10,2023-10-11,0,Overnight,0.0,False,25.28,25.28,15.6,False,0.0,False
2023-10-11,2023-10-12,0,Overnight,0.0,False,14.43,14.43,-75.58,False,0.0,False
2023-10-12,2023-10-13,0,Overnight,0.0,False,35.68,35.68,-85.61,False,0.0,False
2023-10-13,2023-10-16,2,Weekend,48.0,False,53.62,53.62,51.04,False,0.0,False
2023-10-16,2023-10-17,0,Overnight,0.0,False,-74.35,-74.35,73.89,False,0.0,False
2023-10-17,2023-10-18,0,Overnight,0.0,False,-42.06,-42.06,-92.09,False,0.0,False
2023-10-18,2023-10-19,0,Overnight,0.0,False,17.19,17.19,-105.44,False,0.0,False
2023-10-19,2023-10-20,0,Overnight,0.0,False,-10.56,-10.56,-113.08,False,0.0,False
2023-10-20,2023-10-23,2,Weekend,48.0,False,-37.58,-37.58,20.24,False,0.0,False
2023-10-23,2023-10-24,0,Overnight,0.0,False,51.95,51.95,23.16,False,0.0,False
2023-10-24,2023-10-25,0,Overnight,0.0,False,-41.16,-41.16,-103.4,False,0.0,False
2023-10-25,2023-10-26,0,Overnight,0.0,False,-26.38,-26.38,-94.09,False,0.0,False
2023-10-26,2023-10-27,0,Overnight,0.0,False,39.67,39.67,-85.11,False,0.0,False
2023-10-27,2023-10-30,2,Weekend,48.0,False,69.88,69.88,48.97,False,0.0,False
2023-10-30,2023-10-31,0,Overnight,0.0,False,14.19,14.19,48.42,False,0.0,False
2023-10-31,2023-11-01,0,Overnight,0.0,False,23.88,23.88,82.2,False,0.0,False
2023-11-01,2023-11-02,0,Overnight,0.0,False,92.32,92.32,97.51,False,0.0,False
2023-11-02,2023-11-03,0,Overnight,0.0,False,55.1,55.1,35.72,False,0.0,False
2023-11-03,2023-11-06,2,Weekend,49.0,False,17.93,17.93,5.05,False,0.0,False
2023-11-06,2023-11-07,0,Overnight,0.0,False,0.0,0.0,28.42,False,0.0,False
2023-11-07,2023-11-08,0,Overnight,0.0,False,14.18,14.18,-6.86,False,0.0,False
2023-11-08,2023-11-09,0,Overnight,0.0,False,26.95,26.95,-105.24,False,0.0,False
2023-11-09,2023-11-10,0,Overnight,0.0,False,49.21,49.21,105.64,False,0.0,False
2023-11-10,2023-11-13,2,Weekend,48.0,False,-31.37,-31.37,21.83,False,0.0,False
2023-11-13,2023-11-14,0,Overnight,0.0,False,138.3,138.3,53.85,False,0.0,False
2023-11-14,2023-11-15,0,Overnight,0.0,False,30.71,30.71,-9.56,False,0.0,False
2023-11-15,2023-11-16,0,Overnight,0.0,False,-10.23,-10.23,22.46,False,0.0,False
2023-11-16,2023-11-17,0,Overnight,0.0,False,0.22,0.22,12.21,False,0.0,False
2023-11-17,2023-11-20,2,Weekend,48.0,False,-5.77,-5.77,82.45,False,0.0,False
2023-11-20,2023-11-21,0,Overnight,0.0,False,-23.8,-23.8,1.99,False,0.0,False
2023-11-21,2023-11-22,0,Overnight,0.0,False,37.66,37.66,0.88,False,0.0,False
2023-11-22,2023-11-24,1,Short,24.0,False,1.1,1.1,5.05,False,0.0,False
2023-11-24,2023-11-27,2,Weekend,48.0,True,-14.29,-14.29,-3.74,False,0.0,False
2023-11-27,2023-11-28,0,Overnight,0.0,False,-8.81,-8.81,18.7,False,0.0,False
2023-11-28,2023-11-29,0,Overnight,0.0,False,48.68,48.68,-55.72,False,0.0,False
2023-11-29,2023-11-30,0,Overnight,0.0,False,19.12,19.12,20.18,False,0.0,False
2023-11-30,2023-12-01,0,Overnight,0.0,False,-13.81,-13.81,72.8,False,0.0,False
2023-12-01,2023-12-04,2,Weekend,48.0,False,-76.53,-76.53,23.9,False,0.0,False
2023-12-04,2023-12-05,0,Overnight,0.0,False,-31.36,-31.36,29.39,False,0.0,False
2023-12-05,2023-12-06,0,Overnight,0.0,False,48.28,48.28,-88.66,False,0.0,False
2023-12-06,2023-12-07,0,Overnight,0.0,False,47.17,47.17,28.85,False,0.0,False
2023-12-07,2023-12-08,0,Overnight,0.0,False,-16.82,-16.82,59.72,False,0.0,False
2023-12-08,2023-12-11,2,Weekend,48.0,False,-11.09,-11.09,49.91,False,0.0,False
2023-12-11,2023-12-12,0,Overnight,0.0,False,-7.8,-7.8,53.36,False,0.0,False
2023-12-12,2023-12-13,0,Overnight,0.0,False,8.4,8.4,128.56,False,0.0,False
2023-12-13,2023-12-14,0,Overnight,0.0,False,42.42,42.42,-10.38,False,0.0,False
2023-12-14,2023-12-15,0,Overnight,0.0,False,-53.53,-13.02,-3.41,True,40.38,False
2023-12-15,2023-12-18,2,Weekend,48.0,False,35.1,35.1,21.0,False,0.0,False
2023-12-18,2023-12-19,0,Overnight,0.0,False,11.86,11.86,48.77,False,0.0,False
2023-12-19,2023-12-20,0,Overnight,0.0,False,-18.55,-18.55,-120.99,False,0.0,False
2023-12-20,2023-12-21,0,Overnight,0.0,False,65.35,65.35,29.03,False,0.0,False
2023-12-21,2023-12-22,0,Overnight,0.0,False,24.51,24.51,-4.43,False,0.0,False
2023-12-22,2023-12-26,3,Long,72.0,False,8.86,8.86,33.27,False,0.0,False
2023-12-26,2023-12-27,0,Overnight,0.0,False,-4.42,-4.42,22.48,False,0.0,False
2023-12-27,2023-12-28,0,Overnight,0.0,False,7.76,7.76,-3.99,False,0.0,False
2023-12-28,2023-12-29,0,Overnight,0.0,False,-4.2,-4.2,-24.79,False,0.0,False
2023-12-29,2024-01-02,3,Long,72.0,False,-66.49,-66.49,10.37,False,0.0,False
2024-01-02,2024-01-03,0,Overnight,0.0,False,-47.08,-47.08,-34.92,False,0.0,False
2024-01-03,2024-01-04,0,Overnight,0.0,False,-10.46,-10.46,-21.8,False,0.0,False
2024-01-04,2024-01-05,0,Overnight,0.0,False,4.49,4.49,9.19,False,0.0,False
2024-01-05,2024-01-08,2,Weekend,48.0,False,10.89,10.89,130.86,False,0.0,False
2024-01-08,2024-01-09,0,Overnight,0.0,False,-57.69,-57.69,42.51,False,0.0,False
2024-01-09,2024-01-10,0,Overnight,0.0,False,5.91,5.91,50.49,False,0.0,False
2024-01-10,2024-01-11,0,Overnight,0.0,False,21.59,21.59,-26.0,False,0.0,False
2024-01-11,2024-01-12,0,Overnight,0.0,False,31.23,31.23,-24.31,False,0.0,False
2024-01-12,2024-01-16,3,Long,72.0,False,-29.83,-29.83,-6.95,False,0.0,False
2024-01-16,2024-01-17,0,Overnight,0.0,False,-65.7,-65.7,9.96,False,0.0,False
2024-01-17,2024-01-18,0,Overnight,0.0,False,36.35,36.35,52.18,False,0.0,False
2024-01-18,2024-01-19,0,Overnight,0.0,False,24.32,24.32,99.58,False,0.0,False
2024-01-19,2024-01-22,2,Weekend,48.0,False,32.7,32.7,-11.58,False,0.0,False
2024-01-22,2024-01-23,0,Overnight,0.0,False,11.58,11.58,17.55,False,0.0,False
2024-01-23,2024-01-24,0,Overnight,0.0,False,60.66,60.66,-49.73,False,0.0,False
2024-01-24,2024-01-25,0,Overnight,0.0,False,45.02,45.02,9.23,False,0.0,False
2024-01-25,2024-01-26,0,Overnight,0.0,False,-9.02,-9.02,-3.69,False,0.0,False
2024-01-26,2024-01-29,2,Weekend,48.0,False,6.56,6.56,72.32,False,0.0,False
2024-01-29,2024-01-30,0,Overnight,0.0,False,-14.46,-14.46,6.73,False,0.0,False
2024-01-30,2024-01-31,0,Overnight,0.0,False,-46.35,-46.35,-118.17,False,0.0,False
2024-01-31,2024-02-01,0,Overnight,0.0,False,36.18,36.18,93.86,False,0.0,False
2024-02-01,2024-02-02,0,Overnight,0.0,False,9.19,9.19,95.53,False,0.0,False
2024-02-02,2024-02-05,2,Weekend,48.0,False,-13.16,-13.16,-23.32,False,0.0,False
2024-02-05,2024-02-06,0,Overnight,0.0,False,19.67,19.67,9.32,False,0.0,False
2024-02-06,2024-02-07,0,Overnight,0.0,False,46.65,46.65,36.4,False,0.0,False
2024-02-07,2024-02-08,0,Overnight,0.0,False,0.0,0.0,4.42,False,0.0,False
2024-02-08,2024-02-09,0,Overnight,0.0,False,10.43,10.43,47.2,False,0.0,False
2024-02-09,2024-02-12,2,Weekend,48.0,False,-0.6,-0.6,-3.79,False,0.0,False
2024-02-12,2024-02-13,0,Overnight,0.0,False,-129.58,-129.58,-9.1,False,0.0,False
2024-02-13,2024-02-14,0,Overnight,0.0,False,54.7,54.7,35.77,False,0.0,False
2024-02-14,2024-02-15,0,Overnight,0.0,False,14.43,14.43,54.33,False,0.0,False
2024-02-15,2024-02-16,0,Overnight,0.0,False,-6.18,-6.18,-43.75,False,0.0,False
2024-02-16,2024-02-20,3,Long,72.0,False,-35.9,-35.9,-19.31,False,0.0,False
2024-02-20,2024-02-21,0,Overnight,0.0,False,-27.01,-27.01,36.07,False,0.0,False
2024-02-21,2024-02-22,0,Overnight,0.0,False,135.84,135.84,69.01,False,0.0,False
2024-02-22,2024-02-23,0,Overnight,0.0,False,34.82,34.82,-27.92,False,0.0,False
2024-02-23,2024-02-26,2,Weekend,48.0,False,8.86,8.86,-45.55,False,0.0,False
2024-02-26,2024-02-27,0,Overnight,0.0,False,14.02,14.02,4.54,False,0.0,False
2024-02-27,2024-02-28,0,Overnight,0.0,False,-31.61,-31.61,18.39,False,0.0,False
2024-02-28,2024-02-29,0,Overnight,0.0,False,35.69,35.69,0.2,False,0.0,False
2024-02-29,2024-03-01,0,Overnight,0.0,False,17.7,17.7,75.75,False,0.0,False
2024-03-01,2024-03-04,2,Weekend,48.0,False,-16.0,-16.0,5.27,False,0.0,False
2024-03-04,2024-03-05,0,Overnight,0.0,False,-40.29,-40.29,-60.15,False,0.0,False
2024-03-05,2024-03-06,0,Overnight,0.0,False,66.23,66.23,-15.68,False,0.0,False
2024-03-06,2024-03-07,0,Overnight,0.0,False,66.28,66.28,32.49,False,0.0,False
2024-03-07,2024-03-08,0,Overnight,0.0,False,12.62,12.62,-72.82,False,0.0,False
2024-03-08,2024-03-11,2,Weekend,47.0,False,-24.26,-24.26,15.66,False,0.0,False
2024-03-11,2024-03-12,0,Overnight,0.0,False,42.35,42.35,64.65,False,0.0,False
2024-03-12,2024-03-13,0,Overnight,0.0,False,6.38,6.38,-22.07,False,0.0,False
2024-03-13,2024-03-14,0,Overnight,0.0,False,19.36,19.36,-39.15,False,0.0,False
2024-03-14,2024-03-15,0,Overnight,0.0,False,-92.47,-61.26,-7.45,True,30.97,False
2024-03-15,2024-03-18,2,Weekend,48.0,False,81.46,81.46,-22.2,False,0.0,False
2024-03-18,2024-03-19,0,Overnight,0.0,False,-13.85,-13.85,69.27,False,0.0,False
2024-03-19,2024-03-20,0,Overnight,0.0,False,1.16,1.16,90.9,False,0.0,False
2024-03-20,2024-03-21,0,Overnight,0.0,False,55.75,55.75,-22.76,False,0.0,False
2024-03-21,2024-03-22,0,Overnight,0.0,False,-1.72,-1.72,-17.25,False,0.0,False
2024-03-22,2024-03-25,2,Weekend,48.0,False,-27.09,-27.09,-0.58,False,0.0,False
2024-03-25,2024-03-26,0,Overnight,0.0,False,28.05,28.05,-46.54,False,0.0,False
2024-03-26,2024-03-27,0,Overnight,0.0,False,55.74,55.74,27.95,False,0.0,False
2024-03-27,2024-03-28,0,Overnight,0.0,False,0.77,0.77,-2.68,False,0.0,False
2024-03-28,2024-04-01,3,Long,72.0,False,14.52,14.52,-31.93,False,0.0,False
2024-04-01,2024-04-02,0,Overnight,0.0,False,-75.36,-75.36,11.57,False,0.0,False
2024-04-02,2024-04-03,0,Overnight,0.0,False,-21.61,-21.61,32.59,False,0.0,False
2024-04-03,2024-04-04,0,Overnight,0.0,False,78.82,78.82,-201.63,False,0.0,False
2024-04-04,2024-04-05,0,Overnight,0.0,False,27.06,27.06,76.87,False,0.0,False
2024-04-05,2024-04-08,2,Weekend,48.0,False,13.88,13.88,-8.29,False,0.0,False
2024-04-08,2024-04-09,0,Overnight,0.0,False,34.26,34.26,-22.7,False,0.0,False
2024-04-09,2024-04-10,0,Overnight,0.0,False,-113.09,-113.09,12.46,False,0.0,False
2024-04-10,2024-04-11,0,Overnight,0.0,False,30.3,30.3,44.89,False,0.0,False
2024-04-11,2024-04-12,0,Overnight,0.0,False,-70.32,-70.32,-68.67,False,0.0,False
2024-04-12,2024-04-15,2,Weekend,48.0,False,83.43,83.43,-209.51,False,0.0,False
2024-04-15,2024-04-16,0,Overnight,0.0,False,9.71,9.71,-27.96,False,0.0,False
2024-04-16,2024-04-17,0,Overnight,0.0,False,49.92,49.92,-109.28,False,0.0,False
2024-04-17,2024-04-18,0,Overnight,0.0,False,28.53,28.53,-49.13,False,0.0,False
2024-04-18,2024-04-19,0,Overnight,0.0,False,-1.6,-1.6,-86.07,False,0.0,False
2024-04-19,2024-04-22,2,Weekend,48.0,False,53.78,53.78,37.89,False,0.0,False
2024-04-22,2024-04-23,0,Overnight,0.0,False,41.14,41.14,76.83,False,0.0,False
2024-04-23,2024-04-24,0,Overnight,0.0,False,17.98,17.98,-22.73,False,0.0,False
2024-04-24,2024-04-25,0,Overnight,0.0,False,-124.03,-124.03,85.97,False,0.0,False
2024-04-25,2024-04-26,0,Overnight,0.0,False,56.64,56.64,37.65,False,0.0,False
2024-04-26,2024-04-29,2,Weekend,48.0,False,35.94,35.94,-0.59,False,0.0,False
2024-04-29,2024-04-30,0,Overnight,0.0,False,-29.45,-29.45,-130.23,False,0.0,False
2024-04-30,2024-05-01,0,Overnight,0.0,False,-11.96,-11.96,-20.56,False,0.0,False
2024-05-01,2024-05-02,0,Overnight,0.0,False,75.66,75.66,17.44,False,0.0,False
2024-05-02,2024-05-03,0,Overnight,0.0,False,120.65,120.65,2.54,False,0.0,False
2024-05-03,2024-05-06,2,Weekend,48.0,False,48.0,48.0,54.74,False,0.0,False
2024-05-06,2024-05-07,0,Overnight,0.0,False,19.15,19.15,-8.12,False,0.0,False
2024-05-07,2024-05-08,0,Overnight,0.0,False,-36.42,-36.42,37.39,False,0.0,False
2024-05-08,2024-05-09,0,Overnight,0.0,False,3.67,3.67,53.78,False,0.0,False
2024-05-09,2024-05-10,0,Overnight,0.0,False,31.48,31.48,-18.61,False,0.0,False
2024-05-10,2024-05-13,2,Weekend,48.0,False,32.97,32.97,-31.63,False,0.0,False
2024-05-13,2024-05-14,0,Overnight,0.0,False,3.84,3.84,41.94,False,0.0,False
2024-05-14,2024-05-15,0,Overnight,0.0,False,48.23,48.23,74.84,False,0.0,False
2024-05-15,2024-05-16,0,Overnight,0.0,False,1.89,1.89,-22.48,False,0.0,False
2024-05-16,2024-05-17,0,Overnight,0.0,False,2.27,2.27,12.1,False,0.0,False
2024-05-17,2024-05-20,2,Weekend,48.0,False,2.27,2.27,9.25,False,0.0,False
2024-05-20,2024-05-21,0,Overnight,0.0,False,-14.73,-14.73,39.22,False,0.0,False
2024-05-21,2024-05-22,0,Overnight,0.0,False,-13.37,-13.37,-15.46,False,0.0,False
2024-05-22,2024-05-23,0,Overnight,0.0,False,58.9,58.9,-132.21,False,0.0,False
2024-05-23,2024-05-24,0,Overnight,0.0,False,35.87,35.87,30.08,False,0.0,False
2024-05-24,2024-05-28,3,Long,72.0,False,15.67,15.67,-8.68,False,0.0,False
2024-05-28,2024-05-29,0,Overnight,0.0,False,-78.26,-78.26,7.99,False,0.0,False
2024-05-29,2024-05-30,0,Overnight,0.0,False,-30.08,-30.08,-36.48,False,0.0,False
2024-05-30,2024-05-31,0,Overnight,0.0,False,18.74,18.74,71.93,False,0.0,False
2024-05-31,2024-06-03,2,Weekend,48.0,False,31.24,31.24,-23.09,False,0.0,False
2024-06-03,2024-06-04,0,Overnight,0.0,False,-25.42,-25.42,36.59,False,0.0,False
2024-06-04,2024-06-05,0,Overnight,0.0,False,44.94,44.94,73.21,False,0.0,False
2024-06-05,2024-06-06,0,Overnight,0.0,False,5.8,5.8,-5.98,False,0.0,False
2024-06-06,2024-06-07,0,Overnight,0.0,False,-18.72,-18.72,6.56,False,0.0,False
2024-06-07,2024-06-10,2,Weekend,48.0,False,-15.56,-15.56,46.41,False,0.0,False
2024-06-10,2024-06-11,0,Overnight,0.0,False,-29.73,-29.73,53.78,False,0.0,False
2024-06-11,2024-06-12,0,Overnight,0.0,False,86.78,86.78,-4.99,False,0.0,False
2024-06-12,2024-06-13,0,Overnight,0.0,False,33.01,33.01,-12.9,False,0.0,False
2024-06-13,2024-06-14,0,Overnight,0.0,False,-28.98,-28.98,35.07,False,0.0,False
2024-06-14,2024-06-17,2,Weekend,48.0,False,-12.91,-12.91,92.18,False,0.0,False
2024-06-17,2024-06-18,0,Overnight,0.0,False,1.1,1.1,24.28,False,0.0,False
2024-06-18,2024-06-20,1,Short,24.0,False,17.31,17.31,-44.51,False,0.0,False
2024-06-20,2024-06-21,0,Overnight,0.0,False,-47.64,-15.39,2.02,True,32.16,False
2024-06-21,2024-06-24,2,Weekend,48.0,False,-3.31,-3.31,-29.25,False,0.0,False
2024-06-24,2024-06-25,0,Overnight,0.0,False,23.0,23.0,15.43,False,0.0,False
2024-06-25,2024-06-26,0,Overnight,0.0,False,-20.95,-20.95,33.42,False,0.0,False
2024-06-26,2024-06-27,0,Overnight,0.0,False,-2.57,-2.57,18.32,False,0.0,False
2024-06-27,2024-06-28,0,Overnight,0.0,False,14.45,14.45,-53.88,False,0.0,False
2024-06-28,2024-07-01,2,Weekend,48.0,False,25.88,25.88,-5.32,False,0.0,False
2024-07-01,2024-07-02,0,Overnight,0.0,False,-30.12,-30.12,97.19,False,0.0,False
2024-07-02,2024-07-03,0,Overnight,0.0,False,-5.83,-5.83,50.36,False,0.0,False
2024-07-03,2024-07-05,1,Short,24.0,True,5.62,5.62,51.88,False,0.0,False
2024-07-05,2024-07-08,2,Weekend,48.0,False,14.41,14.41,-2.88,False,0.0,False
2024-07-08,2024-07-09,0,Overnight,0.0,False,17.63,17.63,-7.91,False,0.0,False
2024-07-09,2024-07-10,0,Overnight,0.0,False,22.46,22.46,76.0,False,0.0,False
2024-07-10,2024-07-11,0,Overnight,0.0,False,2.14,2.14,-88.74,False,0.0,False
2024-07-11,2024-07-12,0,Overnight,0.0,False,20.64,20.64,42.23,False,0.0,False
2024-07-12,2024-07-15,2,Weekend,48.0,False,36.36,36.36,-8.9,False,0.0,False
2024-07-15,2024-07-16,0,Overnight,0.0,False,23.83,23.83,35.29,False,0.0,False
2024-07-16,2024-07-17,0,Overnight,0.0,False,-107.86,-107.86,-33.34,False,0.0,False
2024-07-17,2024-07-18,0,Overnight,0.0,False,28.15,28.15,-105.3,False,0.0,False
2024-07-18,2024-07-19,0,Overnight,0.0,False,-4.34,-4.34,-62.28,False,0.0,False
2024-07-19,2024-07-22,2,Weekend,48.0,False,72.78,72.78,29.79,False,0.0,False
2024-07-22,2024-07-23,0,Overnight,0.0,False,-1.98,-1.98,-13.71,False,0.0,False
2024-07-23,2024-07-24,0,Overnight,0.0,False,-89.24,-89.24,-139.99,False,0.0,False
2024-07-24,2024-07-25,0,Overnight,0.0,False,2.22,2.22,-54.46,False,0.0,False
2024-07-25,2024-07-26,0,Overnight,0.0,False,71.62,71.62,39.75,False,0.0,False
2024-07-26,2024-07-29,2,Weekend,48.0,False,28.98,28.98,-23.1,False,0.0,False
2024-07-29,2024-07-30,0,Overnight,0.0,False,27.5,27.5,-78.29,False,0.0,False
2024-07-30,2024-07-31,0,Overnight,0.0,False,127.96,127.96,33.28,False,0.0,False
2024-07-31,2024-08-01,0,Overnight,0.0,False,31.9,31.9,-174.52,False,0.0,False
2024-08-01,2024-08-02,0,Overnight,0.0,False,-134.6,-134.6,-53.34,False,0.0,False
2024-08-02,2024-08-05,2,Weekend,48.0,False,-407.13,-407.13,111.56,False,0.0,False
2024-08-05,2024-08-06,0,Overnight,0.0,False,35.5,35.5,56.27,False,0.0,False
2024-08-06,2024-08-07,0,Overnight,0.0,False,120.31,120.31,-187.37,False,0.0,False
2024-08-07,2024-08-08,0,Overnight,0.0,False,100.71,100.71,127.83,False,0.0,False
2024-08-08,2024-08-09,0,Overnight,0.0,False,-15.84,-15.84,59.84,False,0.0,False
2024-08-09,2024-08-12,2,Weekend,48.0,False,22.86,22.86,-17.61,False,0.0,False
2024-08-12,2024-08-13,0,Overnight,0.0,False,60.95,60.95,102.17,False,0.0,False
2024-08-13,2024-08-14,0,Overnight,0.0,False,14.93,14.93,16.57,False,0.0,False
2024-08-14,2024-08-15,0,Overnight,0.0,False,105.19,105.19,64.76,False,0.0,False
2024-08-15,2024-08-16,0,Overnight,0.0,False,-29.88,-29.88,52.27,False,0.0,False
2024-08-16,2024-08-19,2,Weekend,48.0,False,7.57,7.57,87.59,False,0.0,False
2024-08-19,2024-08-20,0,Overnight,0.0,False,-8.22,-8.22,-8.05,False,0.0,False
2024-08-20,2024-08-21,0,Overnight,0.0,False,19.13,19.13,15.17,False,0.0,False
2024-08-21,2024-08-22,0,Overnight,0.0,False,34.54,34.54,-113.34,False,0.0,False
2024-08-22,2024-08-23,0,Overnight,0.0,False,59.33,59.33,46.36,False,0.0,False
2024-08-23,2024-08-26,2,Weekend,48.0,False,18.66,18.66,-42.53,False,0.0,False
2024-08-26,2024-08-27,0,Overnight,0.0,False,-23.21,-23.21,36.93,False,0.0,False
2024-08-27,2024-08-28,0,Overnight,0.0,False,-6.23,-6.23,-51.99,False,0.0,False
2024-08-28,2024-08-29,0,Overnight,0.0,False,35.94,35.94,-35.04,False,0.0,False
2024-08-29,2024-08-30,0,Overnight,0.0,False,43.25,43.25,51.76,False,0.0,False
2024-08-30,2024-09-03,3,Long,72.0,False,-57.11,-57.11,-150.83,False,0.0,False
2024-09-03,2024-09-04,0,Overnight,0.0,False,-34.11,-34.11,13.62,False,0.0,False
2024-09-04,2024-09-05,0,Overnight,0.0,False,-1.09,-1.09,-23.26,False,0.0,False
2024-09-05,2024-09-06,0,Overnight,0.0,False,6.0,6.0,-175.74,False,0.0,False
2024-09-06,2024-09-09,2,Weekend,48.0,False,79.08,79.08,32.26,False,0.0,False
2024-09-09,2024-09-10,0,Overnight,0.0,False,35.62,35.62,7.84,False,0.0,False
2024-09-10,2024-09-11,0,Overnight,0.0,False,-1.64,-1.64,103.71,False,0.0,False
2024-09-11,2024-09-12,0,Overnight,0.0,False,10.64,10.64,73.24,False,0.0,False
2024-09-12,2024-09-13,0,Overnight,0.0,False,11.08,11.08,41.01,False,0.0,False
2024-09-13,2024-09-16,2,Weekend,48.0,False,-4.81,-4.81,19.56,False,0.0,False
2024-09-16,2024-09-17,0,Overnight,0.0,False,40.07,40.07,-35.99,False,0.0,False
2024-09-17,2024-09-18,0,Overnight,0.0,False,11.89,11.89,-41.59,False,0.0,False
2024-09-18,2024-09-19,0,Overnight,0.0,False,169.73,169.73,-0.53,False,0.0,False
2024-09-19,2024-09-20,0,Overnight,0.0,False,-55.14,-24.44,7.22,True,30.58,False
2024-09-20,2024-09-23,2,Weekend,48.0,False,19.16,19.16,5.79,False,0.0,False
2024-09-23,2024-09-24,0,Overnight,0.0,False,14.21,14.21,14.36,False,0.0,False
2024-09-24,2024-09-25,0,Overnight,0.0,False,-2.8,-2.8,-19.28,False,0.0,False
2024-09-25,2024-09-26,0,Overnight,0.0,False,75.85,75.85,-36.28,False,0.0,False
2024-09-26,2024-09-27,0,Overnight,0.0,False,19.03,19.03,-33.54,False,0.0,False
2024-09-27,2024-09-30,2,Weekend,48.0,False,-18.39,-18.39,58.38,False,0.0,False
2024-09-30,2024-10-01,0,Overnight,0.0,False,-6.28,-6.28,-83.71,False,0.0,False
2024-10-01,2024-10-02,0,Overnight,0.0,False,-16.02,-16.02,20.24,False,0.0,False
2024-10-02,2024-10-03,0,Overnight,0.0,False,-26.4,-26.4,8.1,False,0.0,False
2024-10-03,2024-10-04,0,Overnight,0.0,False,79.46,79.46,11.0,False,0.0,False
2024-10-04,2024-10-07,2,Weekend,48.0,False,-29.36,-29.36,-61.45,False,0.0,False
2024-10-07,2024-10-08,0,Overnight,0.0,False,46.04,46.04,48.09,False,0.0,False
2024-10-08,2024-10-09,0,Overnight,0.0,False,-0.17,-0.17,69.2,False,0.0,False
2024-10-09,2024-10-10,0,Overnight,0.0,False,-23.77,-23.77,6.25,False,0.0,False
2024-10-10,2024-10-11,0,Overnight,0.0,False,-1.39,-1.39,61.09,False,0.0,False
2024-10-11,2024-10-14,2,Weekend,48.0,False,28.26,28.26,53.19,False,0.0,False
2024-10-14,2024-10-15,0,Overnight,0.0,False,4.62,4.62,-82.62,False,0.0,False
2024-10-15,2024-10-16,0,Overnight,0.0,False,0.0,0.0,43.37,False,0.0,False
2024-10-16,2024-10-17,0,Overnight,0.0,False,61.8,61.8,-60.95,False,0.0,False
2024-10-17,2024-10-18,0,Overnight,0.0,False,29.49,29.49,8.9,False,0.0,False
2024-10-18,2024-10-21,2,Weekend,48.0,False,-12.67,-12.67,-3.77,False,0.0,False
2024-10-21,2024-10-22,0,Overnight,0.0,False,-44.3,-44.3,38.99,False,0.0,False
2024-10-22,2024-10-23,0,Overnight,0.0,False,-35.38,-35.38,-56.42,False,0.0,False
2024-10-23,2024-10-24,0,Overnight,0.0,False,34.37,34.37,-12.77,False,0.0,False
2024-10-24,2024-10-25,0,Overnight,0.0,False,39.11,39.11,-42.57,False,0.0,False
2024-10-25,2024-10-28,2,Weekend,48.0,False,60.95,60.95,-30.08,False,0.0,False
2024-10-28,2024-10-29,0,Overnight,0.0,False,-16.89,-16.89,33.06,False,0.0,False
2024-10-29,2024-10-30,0,Overnight,0.0,False,-8.25,-8.25,-22.04,False,0.0,False
2024-10-30,2024-10-31,0,Overnight,0.0,False,-77.02,-77.02,-120.96,False,0.0,False
2024-10-31,2024-11-01,0,Overnight,0.0,False,47.02,47.02,-4.9,False,0.0,False
2024-11-01,2024-11-04,2,Weekend,49.0,False,2.45,2.45,-24.01,False,0.0,False
2024-11-04,2024-11-05,0,Overnight,0.0,False,16.31,16.31,103.88,False,0.0,False
2024-11-05,2024-11-06,0,Overnight,0.0,False,214.43,214.43,31.18,False,0.0,False
2024-11-06,2024-11-07,0,Overnight,0.0,False,34.46,34.46,42.57,False,0.0,False
2024-11-07,2024-11-08,0,Overnight,0.0,False,9.4,9.4,33.83,False,0.0,False
2024-11-08,2024-11-11,2,Weekend,48.0,False,27.05,27.05,-17.52,False,0.0,False
2024-11-11,2024-11-12,0,Overnight,0.0,False,-1.34,-1.34,-29.78,False,0.0,False
2024-11-12,2024-11-13,0,Overnight,0.0,False,7.87,7.87,-3.01,False,0.0,False
2024-11-13,2024-11-14,0,Overnight,0.0,False,2.18,2.18,-66.69,False,0.0,False
2024-11-14,2024-11-15,0,Overnight,0.0,False,-61.37,-61.37,-67.55,False,0.0,False
2024-11-15,2024-11-18,2,Weekend,48.0,False,8.02,8.02,32.87,False,0.0,False
2024-11-18,2024-11-19,0,Overnight,0.0,False,-58.66,-58.66,95.15,False,0.0,False
2024-11-19,2024-11-20,0,Overnight,0.0,False,1.36,1.36,2.03,False,0.0,False
2024-11-20,2024-11-21,0,Overnight,0.0,False,48.99,48.99,4.55,False,0.0,False
2024-11-21,2024-11-22,0,Overnight,0.0,False,-0.17,-0.17,31.11,False,0.0,False
2024-11-22,2024-11-25,2,Weekend,48.0,False,67.11,67.11,-33.25,False,0.0,False
2024-11-25,2024-11-26,0,Overnight,0.0,False,21.23,21.23,30.85,False,0.0,False
2024-11-26,2024-11-27,0,Overnight,0.0,False,-3.16,-3.16,-27.18,False,0.0,False
2024-11-27,2024-11-29,1,Short,24.0,False,13.85,13.85,48.08,False,0.0,False
2024-11-29,2024-12-02,2,Weekend,48.0,True,6.97,6.97,10.94,False,0.0,False
2024-12-02,2024-12-03,0,Overnight,0.0,False,-3.98,-3.98,8.61,False,0.0,False
2024-12-03,2024-12-04,0,Overnight,0.0,False,28.44,28.44,33.46,False,0.0,False
2024-12-04,2024-12-05,0,Overnight,0.0,False,0.0,0.0,-16.47,False,0.0,False
2024-12-05,2024-12-06,0,Overnight,0.0,False,12.85,12.85,6.09,False,0.0,False
2024-12-06,2024-12-09,2,Weekend,48.0,False,-1.97,-1.97,-49.66,False,0.0,False
2024-12-09,2024-12-10,0,Overnight,0.0,False,11.4,11.4,-42.54,False,0.0,False
2024-12-10,2024-12-11,0,Overnight,0.0,False,49.31,49.31,27.69,False,0.0,False
2024-12-11,2024-12-12,0,Overnight,0.0,False,-14.5,-14.5,-37.16,False,0.0,False
2024-12-12,2024-12-13,0,Overnight,0.0,False,34.19,34.19,-36.18,False,0.0,False
2024-12-13,2024-12-16,2,Weekend,48.0,False,29.58,29.58,13.03,False,0.0,False
2024-12-16,2024-12-17,0,Overnight,0.0,False,-42.94,-42.94,1.65,False,0.0,False
2024-12-17,2024-12-18,0,Overnight,0.0,False,-5.13,-5.13,-297.44,False,0.0,False
2024-12-18,2024-12-19,0,Overnight,0.0,False,86.27,86.27,-89.35,False,0.0,False
2024-12-19,2024-12-20,0,Overnight,0.0,False,-74.15,-40.42,159.95,True,33.54,False
2024-12-20,2024-12-23,2,Weekend,48.0,False,-4.4,-4.4,64.1,False,0.0,False
2024-12-23,2024-12-24,0,Overnight,0.0,False,23.01,23.01,87.53,False,0.0,False
2024-12-24,2024-12-26,1,Short,24.0,True,-29.98,-29.98,30.65,False,0.0,False
2024-12-26,2024-12-27,0,Overnight,0.0,False,-63.39,-63.39,-42.43,False,0.0,False
2024-12-27,2024-12-30,2,Weekend,48.0,False,-120.38,-120.38,5.61,False,0.0,False
2024-12-30,2024-12-31,0,Overnight,0.0,False,28.69,28.69,-65.14,False,0.0,False
2024-12-31,2025-01-02,1,Short,24.0,False,56.32,56.32,-80.92,False,0.0,False
2025-01-02,2025-01-03,0,Overnight,0.0,False,49.31,49.31,74.95,False,0.0,False
2025-01-03,2025-01-06,2,Weekend,48.0,False,72.71,72.71,-15.27,False,0.0,False
2025-01-06,2025-01-07,0,Overnight,0.0,False,34.54,34.54,-148.23,False,0.0,False
2025-01-07,2025-01-08,0,Overnight,0.0,False,1.19,1.19,13.41,False,0.0,False
2025-01-08,2025-01-10,1,Short,24.0,False,-61.43,-61.43,-92.42,False,0.0,False
2025-01-10,2025-01-13,2,Weekend,48.0,False,-81.64,-81.64,97.14,False,0.0,False
2025-01-13,2025-01-14,0,Overnight,0.0,False,50.95,50.95,-37.2,False,0.0,False
2025-01-14,2025-01-15,0,Overnight,0.0,False,138.85,138.85,41.42,False,0.0,False
2025-01-15,2025-01-16,0,Overnight,0.0,False,23.42,23.42,-42.67,False,0.0,False
2025-01-16,2025-01-17,0,Overnight,0.0,False,89.52,89.52,10.38,False,0.0,False
2025-01-17,2025-01-21,3,Long,72.0,False,51.57,51.57,39.54,False,0.0,False
2025-01-21,2025-01-22,0,Overnight,0.0,False,47.48,47.48,8.58,False,0.0,False
2025-01-22,2025-01-23,0,Overnight,0.0,False,-10.56,-10.56,64.99,False,0.0,False
2025-01-23,2025-01-24,0,Overnight,0.0,False,0.98,0.98,-30.22,False,0.0,False
2025-01-24,2025-01-27,2,Weekend,48.0,False,-218.83,-218.83,76.37,False,0.0,False
2025-01-27,2025-01-28,0,Overnight,0.0,False,20.83,20.83,64.72,False,0.0,False
2025-01-28,2025-01-29,0,Overnight,0.0,False,-13.24,-13.24,-31.69,False,0.0,False
2025-01-29,2025-01-30,0,Overnight,0.0,False,35.66,35.66,17.87,False,0.0,False
2025-01-30,2025-01-31,0,Overnight,0.0,False,40.58,40.58,-93.94,False,0.0,False
2025-01-31,2025-02-03,2,Weekend,48.0,False,-153.21,-153.21,85.68,False,0.0,False
2025-02-03,2025-02-04,0,Overnight,0.0,False,1.0,1.0,65.86,False,0.0,False
2025-02-04,2025-02-05,0,Overnight,0.0,False,-18.96,-18.96,59.43,False,0.0,False
2025-02-05,2025-02-06,0,Overnight,0.0,False,29.25,29.25,5.44,False,0.0,False
2025-02-06,2025-02-07,0,Overnight,0.0,False,9.4,9.4,-101.35,False,0.0,False
2025-02-07,2025-02-10,2,Weekend,48.0,False,54.12,54.12,13.57,False,0.0,False
2025-02-10,2025-02-11,0,Overnight,0.0,False,-38.1,-38.1,45.7,False,0.0,False
2025-02-11,2025-02-12,0,Overnight,0.0,False,-101.45,-101.45,69.19,False,0.0,False
2025-02-12,2025-02-13,0,Overnight,0.0,False,18.55,18.55,86.48,False,0.0,False
2025-02-13,2025-02-14,0,Overnight,0.0,False,3.44,3.44,-3.94,False,0.0,False
2025-02-14,2025-02-18,3,Long,72.0,False,19.33,19.33,9.98,False,0.0,False
2025-02-18,2025-02-19,0,Overnight,0.0,False,-23.08,-23.08,46.61,False,0.0,False
2025-02-19,2025-02-20,0,Overnight,0.0,False,-22.7,-22.7,-18.99,False,0.0,False
2025-02-20,2025-02-21,0,Overnight,0.0,False,-3.61,-3.61,-168.92,False,0.0,False
2025-02-21,2025-02-24,2,Weekend,48.0,False,34.61,34.61,-80.22,False,0.0,False
2025-02-24,2025-02-25,0,Overnight,0.0,False,-1.0,-1.0,-48.85,False,0.0,False
2025-02-25,2025-02-26,0,Overnight,0.0,False,28.4,28.4,-23.35,False,0.0,False
2025-02-26,2025-02-27,0,Overnight,0.0,False,38.78,38.78,-199.68,False,0.0,False
2025-02-27,2025-02-28,0,Overnight,0.0,False,8.71,8.71,146.14,False,0.0,False
2025-02-28,2025-03-03,2,Weekend,48.0,False,33.6,33.6,-210.36,False,0.0,False
2025-03-03,2025-03-04,0,Overnight,0.0,False,-69.79,-69.79,-49.28,False,0.0,False
2025-03-04,2025-03-05,0,Overnight,0.0,False,-2.95,-2.95,109.85,False,0.0,False
2025-03-05,2025-03-06,0,Overnight,0.0,False,-130.86,-130.86,-48.25,False,0.0,False
2025-03-06,2025-03-07,0,Overnight,0.0,False,-31.65,-31.65,87.55,False,0.0,False
2025-03-07,2025-03-10,2,Weekend,47.0,False,-145.69,-145.69,-124.27,False,0.0,False
2025-03-10,2025-03-11,0,Overnight,0.0,False,-21.07,-21.07,-62.4,False,0.0,False
2025-03-11,2025-03-12,0,Overnight,0.0,False,111.8,111.8,-58.87,False,0.0,False
2025-03-12,2025-03-13,0,Overnight,0.0,False,-6.8,-6.8,-127.4,False,0.0,False
2025-03-13,2025-03-14,0,Overnight,0.0,False,84.69,84.69,119.76,False,0.0,False
2025-03-14,2025-03-17,2,Weekend,48.0,False,-0.36,-0.36,77.17,False,0.0,False
2025-03-17,2025-03-18,0,Overnight,0.0,False,-41.52,-41.52,-67.15,False,0.0,False
2025-03-18,2025-03-19,0,Overnight,0.0,False,32.21,32.21,76.11,False,0.0,False
2025-03-19,2025-03-20,0,Overnight,0.0,False,-67.23,-67.23,38.27,False,0.0,False
2025-03-20,2025-03-21,0,Overnight,0.0,False,-110.42,-80.14,83.68,True,29.99,False
2025-03-21,2025-03-24,2,Weekend,48.0,False,120.2,120.2,57.3,False,0.0,False
2025-03-24,2025-03-25,0,Overnight,0.0,False,21.23,21.23,2.78,False,0.0,False
2025-03-25,2025-03-26,0,Overnight,0.0,False,-4.69,-4.69,-115.41,False,0.0,False
2025-03-26,2025-03-27,0,Overnight,0.0,False,-24.83,-24.83,-1.76,False,0.0,False
2025-03-27,2025-03-28,0,Overnight,0.0,False,-27.37,-27.37,-176.07,False,0.0,False
2025-03-28,2025-03-31,2,Weekend,48.0,False,-105.47,-105.47,172.38,False,0.0,False
2025-03-31,2025-04-01,0,Overnight,0.0,False,-34.74,-34.74,62.95,False,0.0,False
2025-04-01,2025-04-02,0,Overnight,0.0,False,-106.09,-106.09,169.18,False,0.0,False
2025-04-02,2025-04-03,0,Overnight,0.0,False,-349.88,-349.88,-155.48,False,0.0,False
2025-04-03,2025-04-04,0,Overnight,0.0,False,-245.78,-245.78,-357.49,False,0.0,False
2025-04-04,2025-04-07,2,Weekend,48.0,False,-323.62,-323.62,305.79,False,0.0,False
2025-04-07,2025-04-08,0,Overnight,0.0,False,340.69,340.69,-498.56,False,0.0,False
2025-04-08,2025-04-09,0,Overnight,0.0,False,-61.42,-61.42,1060.05,False,0.0,False
2025-04-09,2025-04-10,0,Overnight,0.0,False,-304.43,-304.43,-143.65,False,0.0,False
2025-04-10,2025-04-11,0,Overnight,0.0,False,-29.97,-29.97,206.83,False,0.0,False
2025-04-11,2025-04-14,2,Weekend,48.0,False,187.58,187.58,-91.03,False,0.0,False
2025-04-14,2025-04-15,0,Overnight,0.0,False,10.2,10.2,-38.24,False,0.0,False
2025-04-15,2025-04-16,0,Overnight,0.0,False,-110.92,-110.92,-113.87,False,0.0,False
2025-04-16,2025-04-17,0,Overnight,0.0,False,37.6,37.6,-23.34,False,0.0,False
2025-04-17,2025-04-21,3,Long,72.0,False,-100.23,-100.23,-140.67,False,0.0,False
2025-04-21,2025-04-22,0,Overnight,0.0,False,121.08,121.08,135.77,False,0.0,False
2025-04-22,2025-04-23,0,Overnight,0.0,False,246.9,246.9,-93.14,False,0.0,False
2025-04-23,2025-04-24,0,Overnight,0.0,False,24.25,24.25,184.05,False,0.0,False
2025-04-24,2025-04-25,0,Overnight,0.0,False,-0.73,-0.73,72.72,False,0.0,False
2025-04-25,2025-04-28,2,Weekend,48.0,False,13.61,13.61,-9.8,False,0.0,False
2025-04-28,2025-04-29,0,Overnight,0.0,False,-35.28,-35.28,98.08,False,0.0,False
2025-04-29,2025-04-30,0,Overnight,0.0,False,-122.52,-122.52,126.49,False,0.0,False
2025-04-30,2025-05-01,0,Overnight,0.0,False,104.58,104.58,-33.96,False,0.0,False
2025-05-01,2025-05-02,0,Overnight,0.0,False,111.47,111.47,35.88,False,0.0,False
2025-05-02,2025-05-05,2,Weekend,48.0,False,-74.2,-74.2,16.7,False,0.0,False
2025-05-05,2025-05-06,0,Overnight,0.0,False,-99.52,-99.52,15.58,False,0.0,False
2025-05-06,2025-05-07,0,Overnight,0.0,False,24.13,24.13,17.84,False,0.0,False
2025-05-07,2025-05-08,0,Overnight,0.0,False,72.62,72.62,-3.18,False,0.0,False
2025-05-08,2025-05-09,0,Overnight,0.0,False,25.1,25.1,-37.85,False,0.0,False
2025-05-09,2025-05-12,2,Weekend,48.0,False,299.02,299.02,26.11,False,0.0,False
2025-05-12,2025-05-13,0,Overnight,0.0,False,7.2,7.2,58.62,False,0.0,False
2025-05-13,2025-05-14,0,Overnight,0.0,False,16.52,16.52,-3.74,False,0.0,False
2025-05-14,2025-05-15,0,Overnight,0.0,False,-34.61,-34.61,83.33,False,0.0,False
2025-05-15,2025-05-16,0,Overnight,0.0,False,13.37,13.37,49.77,False,0.0,False
2025-05-16,2025-05-19,2,Weekend,48.0,False,-103.19,-103.19,114.12,False,0.0,False
2025-05-19,2025-05-20,0,Overnight,0.0,False,-29.63,-29.63,-4.05,False,0.0,False
2025-05-20,2025-05-21,0,Overnight,0.0,False,-74.66,-74.66,-95.28,False,0.0,False
2025-05-21,2025-05-22,0,Overnight,0.0,False,-3.43,-3.43,7.38,False,0.0,False
2025-05-22,2025-05-23,0,Overnight,0.0,False,-122.69,-122.69,54.2,False,0.0,False
2025-05-23,2025-05-27,3,Long,72.0,False,119.47,119.47,86.31,False,0.0,False
2025-05-27,2025-05-28,0,Overnight,0.0,False,6.93,6.93,-64.95,False,0.0,False
2025-05-28,2025-05-29,0,Overnight,0.0,False,90.28,90.28,-50.88,False,0.0,False
2025-05-29,2025-05-30,0,Overnight,0.0,False,-19.0,-19.0,7.81,False,0.0,False
2025-05-30,2025-06-02,2,Weekend,48.0,False,-27.69,-27.69,83.87,False,0.0,False
2025-06-02,2025-06-03,0,Overnight,0.0,False,-6.24,-6.24,63.11,False,0.0,False
2025-06-03,2025-06-04,0,Overnight,0.0,False,14.58,14.58,-17.27,False,0.0,False
2025-06-04,2025-06-05,0,Overnight,0.0,False,28.49,28.49,-76.93,False,0.0,False
2025-06-05,2025-06-06,0,Overnight,0.0,False,94.15,94.15,8.02,False,0.0,False
2025-06-06,2025-06-09,2,Weekend,48.0,False,9.68,9.68,-0.67,False,0.0,False
2025-06-09,2025-06-10,0,Overnight,0.0,False,9.0,9.0,47.54,False,0.0,False
2025-06-10,2025-06-11,0,Overnight,0.0,False,18.39,18.39,-46.95,False,0.0,False
2025-06-11,2025-06-12,0,Overnight,0.0,False,-22.47,-22.47,62.14,False,0.0,False
2025-06-12,2025-06-13,0,Overnight,0.0,False,-87.34,-87.34,-25.09,False,0.0,False
2025-06-13,2025-06-16,2,Weekend,48.0,False,56.79,56.79,37.9,False,0.0,False
2025-06-16,2025-06-17,0,Overnight,0.0,False,-41.07,-41.07,-44.75,False,0.0,False
2025-06-17,2025-06-18,0,Overnight,0.0,False,15.22,15.22,-16.72,False,0.0,False
2025-06-18,2025-06-20,1,Short,24.0,False,15.72,45.11,-68.75,True,29.48,False
2025-06-20,2025-06-23,2,Weekend,48.0,False,12.78,12.78,85.51,False,0.0,False
2025-06-23,2025-06-24,0,Overnight,0.0,False,69.41,69.41,40.46,False,0.0,False
2025-06-24,2025-06-25,0,Overnight,0.0,False,18.6,18.6,-13.0,False,0.0,False
2025-06-25,2025-06-26,0,Overnight,0.0,False,30.75,30.75,47.18,False,0.0,False
2025-06-26,2025-06-27,0,Overnight,0.0,False,16.49,16.49,33.07,False,0.0,False
2025-06-27,2025-06-30,2,Weekend,48.0,False,40.09,40.09,7.61,False,0.0,False
2025-06-30,2025-07-01,0,Overnight,0.0,False,-24.14,-24.14,20.91,False,0.0,False
2025-07-01,2025-07-02,0,Overnight,0.0,False,-6.64,-6.64,51.87,False,0.0,False
2025-07-02,2025-07-03,0,Overnight,0.0,False,32.18,32.18,46.32,False,0.0,False
2025-07-03,2025-07-07,3,Long,72.0,True,-31.71,-31.71,-43.09,False,0.0,False
2025-07-07,2025-07-08,0,Overnight,0.0,False,10.79,10.79,-16.27,False,0.0,False
2025-07-08,2025-07-09,0,Overnight,0.0,False,39.1,39.1,20.69,False,0.0,False
2025-07-09,2025-07-10,0,Overnight,0.0,False,2.24,2.24,25.92,False,0.0,False
2025-07-10,2025-07-11,0,Overnight,0.0,False,-49.34,-49.34,14.12,False,0.0,False
2025-07-11,2025-07-14,2,Weekend,48.0,False,-7.38,-7.38,26.44,False,0.0,False
2025-07-14,2025-07-15,0,Overnight,0.0,False,43.28,43.28,-86.1,False,0.0,False
2025-07-15,2025-07-16,0,Overnight,0.0,False,25.68,25.68,7.69,False,0.0,False
2025-07-16,2025-07-17,0,Overnight,0.0,False,2.88,2.88,58.13,False,0.0,False
2025-07-17,2025-07-18,0,Overnight,0.0,False,20.04,20.04,-27.37,False,0.0,False
2025-07-18,2025-07-21,2,Weekend,48.0,False,18.94,18.94,0.0,False,0.0,False
2025-07-21,2025-07-22,0,Overnight,0.0,False,5.25,5.25,-3.82,False,0.0,False
2025-07-22,2025-07-23,0,Overnight,0.0,False,42.68,42.68,42.03,False,0.0,False
2025-07-23,2025-07-24,0,Overnight,0.0,False,6.15,6.15,-2.84,False,0.0,False
2025-07-24,2025-07-25,0,Overnight,0.0,False,10.56,10.56,31.6,False,0.0,False
2025-07-25,2025-07-28,2,Weekend,48.0,False,5.96,5.96,-8.47,False,0.0,False
2025-07-28,2025-07-29,0,Overnight,0.0,False,22.11,22.11,-48.52,False,0.0,False
2025-07-29,2025-07-30,0,Overnight,0.0,False,10.38,10.38,-22.98,False,0.0,False
2025-07-30,2025-07-31,0,Overnight,0.0,False,78.5,78.5,-116.08,False,0.0,False
2025-07-31,2025-08-01,0,Overnight,0.0,False,-91.87,-91.87,-73.4,False,0.0,False
2025-08-01,2025-08-04,2,Weekend,48.0,False,63.33,63.33,87.52,False,0.0,False
2025-08-04,2025-08-05,0,Overnight,0.0,False,9.82,9.82,-60.65,False,0.0,False
2025-08-05,2025-08-06,0,Overnight,0.0,False,17.18,17.18,59.12,False,0.0,False
2025-08-06,2025-08-07,0,Overnight,0.0,False,54.53,54.53,-62.91,False,0.0,False
2025-08-07,2025-08-08,0,Overnight,0.0,False,28.59,28.59,49.09,False,0.0,False
2025-08-08,2025-08-11,2,Weekend,48.0,False,4.39,4.39,-24.19,False,0.0,False
2025-08-11,2025-08-12,0,Overnight,0.0,False,37.2,37.2,68.7,False,0.0,False
2025-08-12,2025-08-13,0,Overnight,0.0,False,34.48,34.48,-0.31,False,0.0,False
2025-08-13,2025-08-14,0,Overnight,0.0,False,-32.62,-32.62,33.55,False,0.0,False
2025-08-14,2025-08-15,0,Overnight,0.0,False,16.11,16.11,-39.55,False,0.0,False
2025-08-15,2025-08-18,2,Weekend,48.0,False,-9.02,-9.02,6.84,False,0.0,False
2025-08-18,2025-08-19,0,Overnight,0.0,False,-2.8,-2.8,-51.6,False,0.0,False
2025-08-19,2025-08-20,0,Overnight,0.0,False,-6.41,-6.41,-20.2,False,0.0,False
2025-08-20,2025-08-21,0,Overnight,0.0,False,-28.72,-28.72,-11.48,False,0.0,False
2025-08-21,2025-08-22,0,Overnight,0.0,False,34.71,34.71,117.69,False,0.0,False
2025-08-22,2025-08-25,2,Weekend,48.0,False,-19.7,-19.7,-24.41,False,0.0,False
2025-08-25,2025-08-26,0,Overnight,0.0,False,-4.2,-4.2,45.99,False,0.0,False
2025-08-26,2025-08-27,0,Overnight,0.0,False,-9.15,-9.15,31.91,False,0.0,False
2025-08-27,2025-08-28,0,Overnight,0.0,False,9.43,9.43,25.92,False,0.0,False
2025-08-28,2025-08-29,0,Overnight,0.0,False,-22.37,-22.37,-37.45,False,0.0,False
2025-08-29,2025-09-02,3,Long,72.0,False,-117.74,-117.74,43.36,False,0.0,False
2025-09-02,2025-09-03,0,Overnight,0.0,False,37.41,37.41,16.64,False,0.0,False
2025-09-03,2025-09-04,0,Overnight,0.0,False,10.56,10.56,72.67,False,0.0,False
2025-09-04,2025-09-05,0,Overnight,0.0,False,36.29,36.29,-65.3,False,0.0,False
2025-09-05,2025-09-08,2,Weekend,48.0,False,21.3,21.3,3.24,False,0.0,False
2025-09-08,2025-09-09,0,Overnight,0.0,False,2.16,2.16,20.94,False,0.0,False
2025-09-09,2025-09-10,0,Overnight,0.0,False,50.46,50.46,-21.6,False,0.0,False
2025-09-10,2025-09-11,0,Overnight,0.0,False,30.16,30.16,52.6,False,0.0,False
2025-09-11,2025-09-12,0,Overnight,0.0,False,-0.46,-0.46,-2.89,False,0.0,False
2025-09-12,2025-09-15,2,Weekend,48.0,False,33.86,33.86,19.23,False,0.0,False
2025-09-15,2025-09-16,0,Overnight,0.0,False,8.47,8.47,-22.25,False,0.0,False
2025-09-16,2025-09-17,0,Overnight,0.0,False,0.15,0.15,-12.58,False,0.0,False
2025-09-17,2025-09-18,0,Overnight,0.0,False,41.03,41.03,5.59,False,0.0,False
2025-09-18,2025-09-19,0,Overnight,0.0,False,1.06,28.66,20.66,True,27.65,False
2025-09-19,2025-09-22,2,Weekend,48.0,False,-22.63,-22.63,69.83,False,0.0,False
2025-09-22,2025-09-23,0,Overnight,0.0,False,-1.8,-1.8,-52.78,False,0.0,False
2025-09-23,2025-09-24,0,Overnight,0.0,False,19.58,19.58,-51.45,False,0.0,False
2025-09-24,2025-09-25,0,Overnight,0.0,False,-47.91,-47.91,1.67,False,0.0,False
2025-09-25,2025-09-26,0,Overnight,0.0,False,22.16,22.16,34.96,False,0.0,False
2025-09-26,2025-09-29,2,Weekend,48.0,False,38.31,38.31,-10.24,False,0.0,False
2025-09-29,2025-09-30,0,Overnight,0.0,False,-11.31,-11.31,48.91,False,0.0,False
2025-09-30,2025-10-01,0,Overnight,0.0,False,-45.29,-45.29,79.3,False,0.0,False
2025-10-01,2025-10-02,0,Overnight,0.0,False,29.88,29.88,-18.36,False,0.0,False
2025-10-02,2025-10-03,0,Overnight,0.0,False,11.5,11.5,-11.65,False,0.0,False
2025-10-03,2025-10-06,2,Weekend,48.0,False,35.95,35.95,-0.15,False,0.0,False
2025-10-06,2025-10-07,0,Overnight,0.0,False,13.84,13.84,-50.98,False,0.0,False
2025-10-07,2025-10-08,0,Overnight,0.0,False,16.87,16.87,42.58,False,0.0,False
2025-10-08,2025-10-09,0,Overnight,0.0,False,6.24,6.24,-35.25,False,0.0,False
2025-10-09,2025-10-10,0,Overnight,0.0,False,14.44,14.44,-288.44,False,0.0,False
2025-10-10,2025-10-13,2,Weekend,48.0,False,116.16,116.16,36.11,False,0.0,False
2025-10-13,2025-10-14,0,Overnight,0.0,False,-88.93,-88.93,76.7,False,0.0,False
2025-10-14,2025-10-15,0,Overnight,0.0,False,69.07,69.07,-24.78,False,0.0,False
2025-10-15,2025-10-16,0,Overnight,0.0,False,24.78,24.78,-93.11,False,0.0,False
2025-10-16,2025-10-17,0,Overnight,0.0,False,-17.27,-17.27,73.87,False,0.0,False
2025-10-17,2025-10-20,2,Weekend,48.0,False,44.0,44.0,59.46,False,0.0,False
2025-10-20,2025-10-21,0,Overnight,0.0,False,2.09,2.09,-2.23,False,0.0,False
2025-10-21,2025-10-22,0,Overnight,0.0,False,10.57,10.57,-62.7,False,0.0,False
2025-10-22,2025-10-23,0,Overnight,0.0,False,4.79,4.79,54.33,False,0.0,False
2025-10-23,2025-10-24,0,Overnight,0.0,False,69.72,69.72,11.67,False,0.0,False
2025-10-24,2025-10-27,2,Weekend,48.0,False,80.59,80.59,36.7,False,0.0,False
2025-10-27,2025-10-28,0,Overnight,0.0,False,26.38,26.38,0.15,False,0.0,False
2025-10-28,2025-10-29,0,Overnight,0.0,False,24.13,24.13,-19.33,False,0.0,False
2025-10-29,2025-10-30,0,Overnight,0.0,False,-50.9,-50.9,-59.69,False,0.0,False
2025-10-30,2025-10-31,0,Overnight,0.0,False,76.34,76.34,-43.6,False,0.0,False
2025-10-31,2025-11-03,2,Weekend,49.0,False,52.79,52.79,-34.04,False,0.0,False
2025-11-03,2025-11-04,0,Overnight,0.0,False,-106.37,-106.37,-12.88,False,0.0,False
2025-11-04,2025-11-05,0,Overnight,0.0,False,-3.85,-3.85,38.45,False,0.0,False
2025-11-05,2025-11-06,0,Overnight,0.0,False,-16.4,-16.4,-91.48,False,0.0,False
2025-11-06,2025-11-07,0,Overnight,0.0,False,-35.87,-35.87,45.71,False,0.0,False
2025-11-07,2025-11-10,2,Weekend,48.0,False,93.01,93.01,61.83,False,0.0,False
2025-11-10,2025-11-11,0,Overnight,0.0,False,-21.89,-21.89,44.76,False,0.0,False
2025-11-11,2025-11-12,0,Overnight,0.0,False,26.17,26.17,-20.61,False,0.0,False
2025-11-12,2025-11-13,0,Overnight,0.0,False,-42.23,-42.23,-125.1,False,0.0,False
2025-11-13,2025-11-14,0,Overnight,0.0,False,-99.6,-99.6,97.96,False,0.0,False
2025-11-14,2025-11-17,2,Weekend,48.0,False,-33.24,-33.24,-60.36,False,0.0,False
2025-11-17,2025-11-18,0,Overnight,0.0,False,-53.77,-53.77,-30.56,False,0.0,False
2025-11-18,2025-11-19,0,Overnight,0.0,False,10.6,10.6,27.96,False,0.0,False
2025-11-19,2025-11-20,0,Overnight,0.0,False,153.95,153.95,-307.54,False,0.0,False
2025-11-20,2025-11-21,0,Overnight,0.0,False,38.54,38.54,60.58,False,0.0,False
2025-11-21,2025-11-24,2,Weekend,48.0,False,55.38,55.38,90.73,False,0.0,False
2025-11-24,2025-11-25,0,Overnight,0.0,False,-1.5,-1.5,95.11,False,0.0,False
2025-11-25,2025-11-26,0,Overnight,0.0,False,38.59,38.59,30.21,False,0.0,False
2025-11-26,2025-11-28,1,Short,24.0,False,17.35,17.35,37.09,False,0.0,False
2025-11-28,2025-12-01,2,Weekend,48.0,True,-67.24,-67.24,21.49,False,0.0,False
2025-12-01,2025-12-02,0,Overnight,0.0,False,24.23,24.23,-5.72,False,0.0,False
2025-12-02,2025-12-03,0,Overnight,0.0,False,-14.1,-14.1,48.66,False,0.0,False
2025-12-03,2025-12-04,0,Overnight,0.0,False,20.6,20.6,-13.29,False,0.0,False
2025-12-04,2025-12-05,0,Overnight,0.0,False,15.77,15.77,3.21,False,0.0,False
2025-12-05,2025-12-08,2,Weekend,48.0,False,13.12,13.12,-43.21,False,0.0,False
2025-12-08,2025-12-09,0,Overnight,0.0,False,-7.02,-7.02,-1.61,False,0.0,False
2025-12-09,2025-12-10,0,Overnight,0.0,False,-7.03,-7.03,73.13,False,0.0,False
2025-12-10,2025-12-11,0,Overnight,0.0,False,-35.4,-35.4,58.65,False,0.0,False
2025-12-11,2025-12-12,0,Overnight,0.0,False,-14.52,-14.52,-93.58,False,0.0,False
2025-12-12,2025-12-15,2,Weekend,48.0,False,58.21,58.21,-73.33,False,0.0,False
2025-12-15,2025-12-16,0,Overnight,0.0,False,-22.06,-22.06,-5.3,False,0.0,False
2025-12-16,2025-12-17,0,Overnight,0.0,False,15.01,15.01,-125.66,False,0.0,False
2025-12-17,2025-12-18,0,Overnight,0.0,False,91.92,91.92,-16.69,False,0.0,False
2025-12-18,2025-12-19,0,Overnight,0.0,False,1.77,31.19,58.95,True,29.46,False
2025-12-19,2025-12-22,2,Weekend,48.0,False,49.1,49.1,13.0,False,0.0,False
2025-12-22,2025-12-23,0,Overnight,0.0,False,-13.3,-13.3,58.9,False,0.0,False
2025-12-23,2025-12-24,0,Overnight,0.0,False,-0.15,-0.15,35.26,False,0.0,False
2025-12-24,2025-12-26,1,Short,24.0,True,3.77,3.77,-4.78,False,0.0,False
2025-12-26,2025-12-29,2,Weekend,48.0,False,-40.21,-40.21,4.51,False,0.0,False
2025-12-29,2025-12-30,0,Overnight,0.0,False,-5.82,-5.82,-6.4,False,0.0,False
2025-12-30,2025-12-31,0,Overnight,0.0,False,1.89,1.89,-76.26,False,0.0,False
2025-12-31,2026-01-02,1,Short,24.0,False,55.43,55.43,-37.11,False,0.0,False
2026-01-02,2026-01-05,2,Weekend,48.0,False,49.21,49.21,17.17,False,0.0,False
2026-01-05,2026-01-06,0,Overnight,0.0,False,3.05,3.05,56.24,False,0.0,False
2026-01-06,2026-01-07,0,Overnight,0.0,False,5.49,5.49,-37.78,False,0.0,False
2026-01-07,2026-01-08,0,Overnight,0.0,False,-11.03,-11.03,10.01,False,0.0,False
2026-01-08,2026-01-09,0,Overnight,0.0,False,16.23,16.23,49.69,False,0.0,False
2026-01-09,2026-01-12,2,Weekend,48.0,False,-48.96,-48.96,64.65,False,0.0,False
2026-01-12,2026-01-13,0,Overnight,0.0,False,4.75,4.75,-24.76,False,0.0,False
2026-01-13,2026-01-14,0,Overnight,0.0,False,-40.01,-40.01,-9.27,False,0.0,False
2026-01-14,2026-01-15,0,Overnight,0.0,False,60.8,60.8,-33.6,False,0.0,False
2026-01-15,2026-01-16,0,Overnight,0.0,False,20.49,20.49,-28.87,False,0.0,False
2026-01-16,2026-01-20,3,Long,72.0,False,-148.13,-148.13,-57.54,False,0.0,False
2026-01-20,2026-01-21,0,Overnight,0.0,False,30.5,30.5,84.25,False,0.0,False
2026-01-21,2026-01-22,0,Overnight,0.0,False,64.72,64.72,-12.62,False,0.0,False
2026-01-22,2026-01-23,0,Overnight,0.0,False,-12.05,-12.05,15.68,False,0.0,False
2026-01-23,2026-01-26,2,Weekend,48.0,False,18.26,18.26,32.39,False,0.0,False
2026-01-26,2026-01-27,0,Overnight,0.0,False,20.91,20.91,18.85,False,0.0,False
2026-01-27,2026-01-28,0,Overnight,0.0,False,22.41,22.41,-23.41,False,0.0,False
2026-01-28,2026-01-29,0,Overnight,0.0,False,13.94,13.94,-33.8,False,0.0,False
2026-01-29,2026-01-30,0,Overnight,0.0,False,-32.47,-32.47,2.6,False,0.0,False
2026-01-30,2026-02-02,2,Weekend,48.0,False,-34.6,-34.6,84.19,False,0.0,False
2026-02-02,2026-02-03,0,Overnight,0.0,False,11.5,11.5,-96.41,False,0.0,False
2026-02-03,2026-02-04,0,Overnight,0.0,False,11.88,11.88,-60.44,False,0.0,False
2026-02-04,2026-02-05,0,Overnight,0.0,False,-76.8,-76.8,-48.88,False,0.0,False
2026-02-05,2026-02-06,0,Overnight,0.0,False,56.51,56.51,133.52,False,0.0,False
2026-02-06,2026-02-09,2,Weekend,48.0,False,-17.39,-17.39,65.49,False,0.0,False
2026-02-09,2026-02-10,0,Overnight,0.0,False,14.4,14.4,-40.81,False,0.0,False
2026-02-10,2026-02-11,0,Overnight,0.0,False,61.51,61.51,-63.82,False,0.0,False
2026-02-11,2026-02-12,0,Overnight,0.0,False,32.9,32.9,-188.59,False,0.0,False
2026-02-12,2026-02-13,0,Overnight,0.0,False,6.16,6.16,0.88,False,0.0,False
2026-02-13,2026-02-17,3,Long,72.0,False,-23.64,-23.64,39.76,False,0.0,False
2026-02-17,2026-02-18,0,Overnight,0.0,False,17.12,17.12,33.13,False,0.0,False
2026-02-18,2026-02-19,0,Overnight,0.0,False,-35.76,-35.76,9.35,False,0.0,False
2026-02-19,2026-02-20,0,Overnight,0.0,False,-31.61,-31.61,103.66,False,0.0,False
2026-02-20,2026-02-23,2,Weekend,48.0,False,-23.23,-23.23,-79.4,False,0.0,False
2026-02-23,2026-02-24,0,Overnight,0.0,False,-7.18,-7.18,79.61,False,0.0,False
2026-02-24,2026-02-25,0,Overnight,0.0,False,41.09,41.09,42.94,False,0.0,False
2026-02-25,2026-02-26,0,Overnight,0.0,False,1.88,1.88,-57.57,False,0.0,False
2026-02-26,2026-02-27,0,Overnight,0.0,False,-90.5,-90.5,42.36,False,0.0,False
2026-02-27,2026-03-02,2,Weekend,48.0,False,-106.84,-106.84,112.52,False,0.0,False
2026-03-02,2026-03-03,0,Overnight,0.0,False,-166.3,-166.3,77.76,False,0.0,False
2026-03-03,2026-03-04,0,Overnight,0.0,False,19.09,19.09,51.22,False,0.0,False
2026-03-04,2026-03-05,0,Overnight,0.0,False,-44.62,-44.62,-11.3,False,0.0,False
2026-03-05,2026-03-06,0,Overnight,0.0,False,-116.63,-116.63,-15.31,False,0.0,False
2026-03-06,2026-03-09,2,Weekend,47.0,False,-89.49,-89.49,176.7,False,0.0,False
2026-03-09,2026-03-10,0,Overnight,0.0,False,-8.11,-8.11,-7.97,False,0.0,False
2026-03-10,2026-03-11,0,Overnight,0.0,False,5.91,5.91,-18.47,False,0.0,False
2026-03-11,2026-03-12,0,Overnight,0.0,False,-76.74,-76.74,-76.28,False,0.0,False
2026-03-12,2026-03-13,0,Overnight,0.0,False,48.08,48.08,-104.84,False,0.0,False
2026-03-13,2026-03-16,2,Weekend,48.0,False,91.53,91.53,9.72,False,0.0,False
2026-03-16,2026-03-17,0,Overnight,0.0,False,50.1,50.1,-23.82,False,0.0,False
2026-03-17,2026-03-18,0,Overnight,0.0,False,-36.29,-36.29,-104.23,False,0.0,False
2026-03-18,2026-03-19,0,Overnight,0.0,False,-67.66,-67.66,42.98,False,0.0,False
2026-03-19,2026-03-20,0,Overnight,0.0,False,-49.99,-22.65,-121.68,True,27.24,False
2026-03-20,2026-03-23,2,Weekend,48.0,False,145.41,145.41,-40.96,False,0.0,False
2026-03-23,2026-03-24,0,Overnight,0.0,False,-62.14,-62.14,28.52,False,0.0,False
2026-03-24,2026-03-25,0,Overnight,0.0,False,83.7,83.7,-28.13,False,0.0,False
2026-03-25,2026-03-26,0,Overnight,0.0,False,-72.73,-72.73,-107.47,False,0.0,False
2026-03-26,2026-03-27,0,Overnight,0.0,False,-40.23,-40.23,-131.76,False,0.0,False
2026-03-27,2026-03-30,2,Weekend,48.0,False,94.49,94.49,-127.98,False,0.0,False
2026-03-30,2026-03-31,0,Overnight,0.0,False,109.69,109.69,176.85,False,0.0,False
2026-03-31,2026-04-01,0,Overnight,0.0,False,54.59,54.59,20.47,False,0.0,False
2026-04-01,2026-04-02,0,Overnight,0.0,False,-135.52,-135.52,144.52,False,0.0,False
2026-04-02,2026-04-06,3,Long,72.0,False,0.46,0.46,46.7,False,0.0,False
2026-04-06,2026-04-07,0,Overnight,0.0,False,-34.66,-34.66,39.06,False,0.0,False
2026-04-07,2026-04-08,0,Overnight,0.0,False,257.13,257.13,-5.62,False,0.0,False
2026-04-08,2026-04-09,0,Overnight,0.0,False,-17.32,-17.32,74.85,False,0.0,False
2026-04-09,2026-04-10,0,Overnight,0.0,False,20.72,20.72,-27.34,False,0.0,False
2026-04-10,2026-04-13,2,Weekend,48.0,False,-30.22,-30.22,127.47,False,0.0,False
2026-04-13,2026-04-14,0,Overnight,0.0,False,23.15,23.15,97.96,False,0.0,False
2026-04-14,2026-04-15,0,Overnight,0.0,False,11.51,11.51,67.09,False,0.0,False
2026-04-15,2026-04-16,0,Overnight,0.0,False,15.99,15.99,8.55,False,0.0,False
2026-04-16,2026-04-17,0,Overnight,0.0,False,63.65,63.65,56.49,False,0.0,False
2026-04-17,2026-04-20,2,Weekend,48.0,False,-19.17,-19.17,-0.85,False,0.0,False
2026-04-20,2026-04-21,0,Overnight,0.0,False,21.99,21.99,-87.67,False,0.0,False
2026-04-21,2026-04-22,0,Overnight,0.0,False,71.75,71.75,29.01,False,0.0,False
2026-04-22,2026-04-23,0,Overnight,0.0,False,-24.07,-24.07,-14.81,False,0.0,False
2026-04-23,2026-04-24,0,Overnight,0.0,False,32.41,32.41,44.78,False,0.0,False
2026-04-24,2026-04-27,2,Weekend,48.0,False,-10.79,-10.79,28.0,False,0.0,False
2026-04-27,2026-04-28,0,Overnight,0.0,False,-46.95,-46.95,-1.83,False,0.0,False
2026-04-28,2026-04-29,0,Overnight,0.0,False,-9.7,-9.7,8.15,False,0.0,False
2026-04-29,2026-04-30,0,Overnight,0.0,False,42.77,42.77,56.23,False,0.0,False
2026-04-30,2026-05-01,0,Overnight,0.0,False,35.97,35.97,-8.32,False,0.0,False
2026-05-01,2026-05-04,2,Weekend,48.0,False,-8.05,-8.05,-28.65,False,0.0,False
2026-05-04,2026-05-05,0,Overnight,0.0,False,52.23,52.23,27.67,False,0.0,False
2026-05-05,2026-05-06,0,Overnight,0.0,False,60.47,60.47,77.57,False,0.0,False
2026-05-06,2026-05-07,0,Overnight,0.0,False,16.61,16.61,-47.32,False,0.0,False
2026-05-07,2026-05-08,0,Overnight,0.0,False,45.69,45.69,36.54,False,0.0,False
2026-05-08,2026-05-11,2,Weekend,48.0,False,-15.87,-15.87,38.62,False,0.0,False
2026-05-11,2026-05-12,0,Overnight,0.0,False,-32.65,-32.65,17.49,False,0.0,False
2026-05-12,2026-05-13,0,Overnight,0.0,False,3.93,3.93,51.87,False,0.0,False
2026-05-13,2026-05-14,0,Overnight,0.0,False,18.04,18.04,60.6,False,0.0,False
2026-05-14,2026-05-15,0,Overnight,0.0,False,-85.64,-85.64,-35.38,False,0.0,False
2026-05-15,2026-05-18,2,Weekend,48.0,False,8.93,8.93,-15.96,False,0.0,False
2026-05-18,2026-05-19,0,Overnight,0.0,False,-52.53,-52.53,-14.3,False,0.0,False
2026-05-19,2026-05-20,0,Overnight,0.0,False,26.95,26.95,75.02,False,0.0,False
2026-05-20,2026-05-21,0,Overnight,0.0,False,-35.27,-35.27,55.08,False,0.0,False
2026-05-21,2026-05-22,0,Overnight,0.0,False,47.28,47.28,-8.04,False,0.0,False
2026-05-22,2026-05-26,3,Long,72.0,False,58.44,58.44,7.73,False,0.0,False
2026-05-26,2026-05-27,0,Overnight,0.0,False,3.86,3.86,-5.59,False,0.0,False
2026-05-27,2026-05-28,0,Overnight,0.0,False,-2.8,-2.8,57.81,False,0.0,False
2026-05-28,2026-05-29,0,Overnight,0.0,False,17.21,17.21,7.67,False,0.0,False
2026-05-29,2026-06-01,2,Weekend,48.0,False,-14.82,-14.82,42.01,False,0.0,False
2026-06-01,2026-06-02,0,Overnight,0.0,False,-19.93,-19.93,33.5,False,0.0,False
2026-06-02,2026-06-03,0,Overnight,0.0,False,-18.71,-18.71,-51.71,False,0.0,False
2026-06-03,2026-06-04,0,Overnight,0.0,False,-28.41,-28.41,66.13,False,0.0,False
2026-06-04,2026-06-05,0,Overnight,0.0,False,-63.34,-63.34,-198.15,False,0.0,False
2026-06-05,2026-06-08,2,Weekend,48.0,False,78.47,78.47,-55.85,False,0.0,False
2026-06-08,2026-06-09,0,Overnight,0.0,False,59.48,59.48,-88.88,False,0.0,False
2026-06-09,2026-06-10,0,Overnight,0.0,False,-49.78,-49.78,-109.13,False,0.0,False
2026-06-10,2026-06-11,0,Overnight,0.0,False,45.8,45.8,122.74,False,0.0,False
2026-06-11,2026-06-12,0,Overnight,0.0,False,39.91,39.91,14.03,False,0.0,False
2026-06-12,2026-06-15,2,Weekend,48.0,False,135.25,135.25,39.56,False,0.0,False
2026-06-15,2026-06-16,0,Overnight,0.0,False,-3.71,-3.71,-56.08,False,0.0,False
2026-06-16,2026-06-17,0,Overnight,0.0,False,12.79,12.79,-138.45,False,0.0,False
2026-06-17,2026-06-18,0,Overnight,0.0,False,91.35,116.78,-13.65,True,25.7,False
2026-06-18,2026-06-22,3,Long,72.0,False,12.85,12.85,-44.37,False,0.0,False
2026-06-22,2026-06-23,0,Overnight,0.0,False,-143.15,-143.15,-3.13,False,0.0,False
2026-06-23,2026-06-24,0,Overnight,0.0,False,21.65,21.65,-26.29,False,0.0,False
2026-06-24,2026-06-25,0,Overnight,0.0,False,77.03,77.03,-62.58,False,0.0,False
2026-06-25,2026-06-26,0,Overnight,0.0,False,-73.12,-73.12,0.55,False,0.0,False
2026-06-26,2026-06-29,2,Weekend,48.0,False,102.9,102.9,60.51,False,0.0,False
2026-06-29,2026-06-30,0,Overnight,0.0,False,3.91,3.91,73.65,False,0.0,False
2026-06-30,2026-07-01,0,Overnight,0.0,False,-23.73,-23.73,10.2,False,0.0,False
2026-07-01,2026-07-02,0,Overnight,0.0,False,21.97,21.97,-35.12,False,0.0,False
2026-07-02,2026-07-06,3,Long,72.0,False,53.03,53.03,33.87,False,0.0,False
2026-07-06,2026-07-07,0,Overnight,0.0,False,-14.12,-14.12,-33.51,False,0.0,False
2026-07-07,2026-07-08,0,Overnight,0.0,False,-61.04,-61.04,30.1,False,0.0,False
2026-07-08,2026-07-09,0,Overnight,0.0,False,26.13,26.13,58.17,False,0.0,False
2026-07-09,2026-07-10,0,Overnight,0.0,False,4.52,4.52,38.49,False,0.0,False
2026-07-10,2026-07-13,2,Weekend,48.0,False,-32.9,-32.9,-43.95,False,0.0,False
2026-07-13,2026-07-14,0,Overnight,0.0,False,23.2,23.2,12.24,False,0.0,False
2026-07-14,2026-07-15,0,Overnight,0.0,False,32.0,32.0,7.55,False,0.0,False
2026-07-15,2026-07-16,0,Overnight,0.0,False,-27.2,-27.2,-27.14,False,0.0,False
2026-07-16,2026-07-17,0,Overnight,0.0,False,-115.76,-115.76,16.29,False,0.0,False
2026-07-17,2026-07-20,2,Weekend,48.0,False,50.59,50.59,-66.75,False,0.0,False
2026-07-20,2026-07-21,0,Overnight,0.0,False,56.44,56.44,26.63,False,0.0,False
2026-07-21,2026-07-22,0,Overnight,0.0,False,-22.21,-22.21,10.58,False,0.0,False
2026-07-22,2026-07-23,0,Overnight,0.0,False,-108.15,-108.15,-16.11,False,0.0,False
2026-07-23,2026-07-24,0,Overnight,0.0,False,4.47,4.47,5.69,False,0.0,False
2026-07-24,2026-07-27,2,Weekend,48.0,False,80.6,80.6,-78.44,False,0.0,False
2026-07-27,2026-07-28,0,Overnight,0.0,False,1.35,1.35,22.57,False,0.0,False
2026-07-28,2026-07-29,0,Overnight,0.0,False,-12.02,-12.02,-143.05,False,0.0,False
2026-07-29,2026-07-30,0,Overnight,0.0,False,89.93,89.93,76.33,False,0.0,False
2026-07-30,2026-07-31,0,Overnight,0.0,False,40.23,40.23,31.51,False,0.0,False
2026-07-31,2026-08-03,2,Weekend,48.0,False,32.21,32.21,109.22,False,0.0,False
2026-08-03,2026-08-04,0,Overnight,0.0,False,38.99,38.99,139.69,False,0.0,False
2026-08-04,2026-08-05,0,Overnight,0.0,False,58.43,58.43,-78.41,False,0.0,False
2026-08-05,2026-08-06,0,Overnight,0.0,False,5.46,5.46,-21.45,False,0.0,False
2026-08-06,2026-08-07,0,Overnight,0.0,False,31.96,31.96,29.01,False,0.0,False
2026-08-07,2026-08-10,2,Weekend,48.0,False,-8.54,-8.54,5.56,False,0.0,False
2026-08-10,2026-08-11,0,Overnight,0.0,False,19.39,19.39,-51.39,False,0.0,False
2026-08-11,2026-08-12,0,Overnight,0.0,False,53.71,53.71,-28.7,False,0.0,False
2026-08-12,2026-08-13,0,Overnight,0.0,False,30.76,30.76,38.77,False,0.0,False
2026-08-13,2026-08-14,0,Overnight,0.0,False,8.48,8.48,-28.3,False,0.0,False
2026-08-14,2026-08-17,2,Weekend,48.0,False,-2.06,-2.06,-45.32,False,0.0,False
2026-08-17,2026-08-18,0,Overnight,0.0,False,-51.51,-51.51,-16.27,False,0.0,False
2026-08-18,2026-08-19,0,Overnight,0.0,False,37.85,37.85,-16.89,False,0.0,False
2026-08-19,2026-08-20,0,Overnight,0.0,False,-40.39,-40.39,-43.96,False,0.0,False
2026-08-20,2026-08-21,0,Overnight,0.0,False,45.14,45.14,-4.31,False,0.0,False
2026-08-21,2026-08-24,2,Weekend,48.0,False,-12.28,-12.28,-17.14,False,0.0,False
2026-08-24,2026-08-25,0,Overnight,0.0,False,35.17,35.17,-3.26,False,0.0,False
2026-08-25,2026-08-26,0,Overnight,0.0,False,-15.42,-15.42,17.64,False,0.0,False
2026-08-26,2026-08-27,0,Overnight,0.0,False,31.54,31.54,33.77,False,0.0,False
2026-08-27,2026-08-28,0,Overnight,0.0,False,8.56,8.56,-31.28,False,0.0,False
2026-08-28,2026-08-31,2,Weekend,48.0,False,-26.29,-26.29,-3.65,False,0.0,False
2026-08-31,2026-09-01,0,Overnight,0.0,False,-65.92,-65.92,-3.02,False,0.0,False
2026-09-01,2026-09-02,0,Overnight,0.0,False,8.79,8.79,35.48,False,0.0,False
2026-09-02,2026-09-03,0,Overnight,0.0,False,35.75,35.75,68.39,False,0.0,False
2026-09-03,2026-09-04,0,Overnight,0.0,False,-15.01,-15.01,-23.6,False,0.0,False
2026-09-04,2026-09-08,3,Long,72.0,False,-14.55,-14.55,-40.52,False,0.0,False
2026-09-08,2026-09-09,0,Overnight,0.0,False,-24.57,-24.57,-22.01,False,0.0,False
2026-09-09,2026-09-10,0,Overnight,0.0,False,-57.48,-57.48,-2.64,False,0.0,False
2026-09-10,2026-09-11,0,Overnight,0.0,False,90.51,90.51,-5.62,False,0.0,False
2026-09-11,2026-09-14,2,Weekend,48.0,False,-69.45,-69.45,24.74,False,0.0,False
2026-09-14,2026-09-15,0,Overnight,0.0,False,-9.99,-9.99,-35.98,False,0.0,False
2026-09-15,2026-09-16,0,Overnight,0.0,False,27.82,27.82,-72.02,False,0.0,False
2026-09-16,2026-09-17,0,Overnight,0.0,False,119.96,119.96,-7.21,False,0.0,False
2026-09-17,2026-09-18,0,Overnight,0.0,False,-16.93,7.85,4.99,True,24.77,False
2026-09-18,2026-09-21,2,Weekend,48.0,False,59.69,59.69,94.17,False,0.0,False
2026-09-21,2026-09-22,0,Overnight,0.0,False,6.85,6.85,-8.4,False,0.0,False
2026-09-22,2026-09-23,0,Overnight,0.0,False,-7.63,-7.63,-64.65,False,0.0,False
2026-09-23,2026-09-24,0,Overnight,0.0,False,-48.83,-48.83,40.62,False,0.0,False
2026-09-24,2026-09-25,0,Overnight,0.0,False,20.83,20.83,33.37,False,0.0,False
2026-09-25,2026-09-28,2,Weekend,48.0,False,-38.97,-38.97,-35.72,False,0.0,False
2026-09-28,2026-09-29,0,Overnight,0.0,False,15.92,15.92,-34.36,False,0.0,False
2026-09-29,2026-09-30,0,Overnight,0.0,False,29.4,29.4,-49.96,False,0.0,False
2026-09-30,2026-10-01,0,Overnight,0.0,False,22.66,22.66,-4.84,False,0.0,False
