d1,d2,n_closed,cls,hours,d1_early_close,gap_bps,gap_divneutral_bps,oc_bps,exdiv,div_bps,split
2010-06-29,2010-06-30,0,Overnight,0.0,False,765.26,765.26,-790.41,False,0.0,False
2010-06-30,2010-07-01,0,Overnight,0.0,False,479.31,479.31,-1296.53,False,0.0,False
2010-07-01,2010-07-02,0,Overnight,0.0,False,462.71,462.71,-1805.84,False,0.0,False
2010-07-02,2010-07-06,3,Long,72.0,False,408.22,408.22,-2162.92,False,0.0,False
2010-07-06,2010-07-07,0,Overnight,0.0,False,178.41,178.41,-372.71,False,0.0,False
2010-07-07,2010-07-08,0,Overnight,0.0,False,212.91,212.91,786.12,False,0.0,False
2010-07-08,2010-07-09,0,Overnight,0.0,False,68.49,68.49,-102.92,False,0.0,False
2010-07-09,2010-07-12,2,Weekend,48.0,False,311.2,311.2,-514.4,False,0.0,False
2010-07-12,2010-07-13,0,Overnight,0.0,False,197.45,197.45,422.24,False,0.0,False
2010-07-13,2010-07-14,0,Overnight,0.0,False,-110.86,-110.86,1006.67,False,0.0,False
2010-07-14,2010-07-15,0,Overnight,0.0,False,50.27,50.27,-25.1,False,0.0,False
2010-07-15,2010-07-16,0,Overnight,0.0,False,399.17,399.17,-29.03,False,0.0,False
2010-07-16,2010-07-19,2,Weekend,48.0,False,347.57,347.57,249.55,False,0.0,False
2010-07-19,2010-07-20,0,Overnight,0.0,False,-27.42,-27.42,-735.81,False,0.0,False
2010-07-20,2010-07-21,0,Overnight,0.0,False,175.79,175.79,-215.27,False,0.0,False
2010-07-21,2010-07-22,0,Overnight,0.0,False,137.53,137.53,240.97,False,0.0,False
2010-07-22,2010-07-23,0,Overnight,0.0,False,90.07,90.07,47.08,False,0.0,False
2010-07-23,2010-07-26,2,Weekend,48.0,False,98.15,98.15,-259.14,False,0.0,False
2010-07-26,2010-07-27,0,Overnight,0.0,False,-19.11,-19.11,-173.67,False,0.0,False
2010-07-27,2010-07-28,0,Overnight,0.0,False,0.0,0.0,82.38,False,0.0,False
2010-07-28,2010-07-29,0,Overnight,0.0,False,24.11,24.11,-204.29,False,0.0,False
2010-07-29,2010-07-30,0,Overnight,0.0,False,-73.98,-73.98,-129.55,False,0.0,False
2010-07-30,2010-08-02,2,Weekend,48.0,False,276.98,276.98,202.81,False,0.0,False
2010-08-02,2010-08-03,0,Overnight,0.0,False,38.17,38.17,442.44,False,0.0,False
2010-08-03,2010-08-04,0,Overnight,0.0,False,0.0,0.0,-319.4,False,0.0,False
2010-08-04,2010-08-05,0,Overnight,0.0,False,130.85,130.85,-519.29,False,0.0,False
2010-08-05,2010-08-06,0,Overnight,0.0,False,-172.63,-172.63,-257.01,False,0.0,False
2010-08-06,2010-08-09,2,Weekend,48.0,False,157.01,157.01,-151.9,False,0.0,False
2010-08-09,2010-08-10,0,Overnight,0.0,False,25.48,25.48,-320.6,False,0.0,False
2010-08-10,2010-08-11,0,Overnight,0.0,False,-180.28,-180.28,-431.88,False,0.0,False
2010-08-11,2010-08-12,0,Overnight,0.0,False,-56.02,-56.02,-113.0,False,0.0,False
2010-08-12,2010-08-13,0,Overnight,0.0,False,324.23,324.23,76.71,False,0.0,False
2010-08-13,2010-08-16,2,Weekend,48.0,False,70.71,70.71,177.28,False,0.0,False
2010-08-16,2010-08-17,0,Overnight,0.0,False,95.39,95.39,99.71,False,0.0,False
2010-08-17,2010-08-18,0,Overnight,0.0,False,227.16,227.16,-427.6,False,0.0,False
2010-08-18,2010-08-19,0,Overnight,0.0,False,-123.29,-123.29,133.95,False,0.0,False
2010-08-19,2010-08-20,0,Overnight,0.0,False,-74.79,-74.79,238.42,False,0.0,False
2010-08-20,2010-08-23,2,Weekend,48.0,False,-5.23,-5.23,530.46,False,0.0,False
2010-08-23,2010-08-24,0,Overnight,0.0,False,-447.0,-447.0,-26.01,False,0.0,False
2010-08-24,2010-08-25,0,Overnight,0.0,False,-20.86,-20.86,378.95,False,0.0,False
2010-08-25,2010-08-26,0,Overnight,0.0,False,-5.03,-5.03,-70.63,False,0.0,False
2010-08-26,2010-08-27,0,Overnight,0.0,False,0.0,0.0,-25.35,False,0.0,False
2010-08-27,2010-08-30,2,Weekend,48.0,False,0.0,0.0,85.93,False,0.0,False
2010-08-30,2010-08-31,0,Overnight,0.0,False,-106.25,-106.25,-91.98,False,0.0,False
2010-08-31,2010-09-01,0,Overnight,0.0,False,71.61,71.61,414.33,False,0.0,False
2010-09-01,2010-09-02,0,Overnight,0.0,False,-39.19,-39.19,333.12,False,0.0,False
2010-09-02,2010-09-03,0,Overnight,0.0,False,-90.63,-90.63,85.88,False,0.0,False
2010-09-03,2010-09-07,3,Long,72.0,False,-211.24,-211.24,-34.02,False,0.0,False
2010-09-07,2010-09-08,0,Overnight,0.0,False,58.25,58.25,115.5,False,0.0,False
2010-09-08,2010-09-09,0,Overnight,0.0,False,47.74,47.74,-139.06,False,0.0,False
2010-09-09,2010-09-10,0,Overnight,0.0,False,19.29,19.29,-283.49,False,0.0,False
2010-09-10,2010-09-13,2,Weekend,48.0,False,350.74,350.74,-81.72,False,0.0,False
2010-09-13,2010-09-14,0,Overnight,0.0,False,-87.25,-87.25,278.46,False,0.0,False
2010-09-14,2010-09-15,0,Overnight,0.0,False,-66.51,-66.51,465.63,False,0.0,False
2010-09-15,2010-09-16,0,Overnight,0.0,False,77.05,77.05,-561.77,False,0.0,False
2010-09-16,2010-09-17,0,Overnight,0.0,False,38.13,38.13,-383.07,False,0.0,False
2010-09-17,2010-09-20,2,Weekend,48.0,False,215.16,215.16,186.92,False,0.0,False
2010-09-20,2010-09-21,0,Overnight,0.0,False,-81.05,-81.05,-57.61,False,0.0,False
2010-09-21,2010-09-22,0,Overnight,0.0,False,48.03,48.03,-491.01,False,0.0,False
2010-09-22,2010-09-23,0,Overnight,0.0,False,10.06,10.06,-167.3,False,0.0,False
2010-09-23,2010-09-24,0,Overnight,0.0,False,197.42,197.42,74.91,False,0.0,False
2010-09-24,2010-09-27,2,Weekend,48.0,False,148.15,148.15,63.53,False,0.0,False
2010-09-27,2010-09-28,0,Overnight,0.0,False,245.38,245.38,169.66,False,0.0,False
2010-09-28,2010-09-29,0,Overnight,0.0,False,-98.62,-98.62,366.03,False,0.0,False
2010-09-29,2010-09-30,0,Overnight,0.0,False,9.1,9.1,-750.17,False,0.0,False
2010-09-30,2010-10-01,0,Overnight,0.0,False,136.25,136.25,-43.59,False,0.0,False
2010-10-01,2010-10-04,2,Weekend,48.0,False,-82.86,-82.86,270.41,False,0.0,False
2010-10-04,2010-10-05,0,Overnight,0.0,False,75.94,75.94,-14.19,False,0.0,False
2010-10-05,2010-10-06,0,Overnight,0.0,False,-28.45,-28.45,-289.04,False,0.0,False
2010-10-06,2010-10-07,0,Overnight,0.0,False,53.62,53.62,-68.29,False,0.0,False
2010-10-07,2010-10-08,0,Overnight,0.0,False,0.0,0.0,0.0,False,0.0,False
2010-10-08,2010-10-11,2,Weekend,48.0,False,4.9,4.9,-98.33,False,0.0,False
2010-10-11,2010-10-12,0,Overnight,0.0,False,-19.78,-19.78,19.78,False,0.0,False
2010-10-12,2010-10-13,0,Overnight,0.0,False,195.7,195.7,-48.57,False,0.0,False
2010-10-13,2010-10-14,0,Overnight,0.0,False,221.48,221.48,-119.76,False,0.0,False
2010-10-14,2010-10-15,0,Overnight,0.0,False,67.25,67.25,-168.97,False,0.0,False
2010-10-15,2010-10-18,2,Weekend,48.0,False,-9.74,-9.74,-142.33,False,0.0,False
2010-10-18,2010-10-19,0,Overnight,0.0,False,-14.84,-14.84,-74.53,False,0.0,False
2010-10-19,2010-10-20,0,Overnight,0.0,False,54.71,54.71,240.15,False,0.0,False
2010-10-20,2010-10-21,0,Overnight,0.0,False,-19.39,-19.39,67.7,False,0.0,False
2010-10-21,2010-10-22,0,Overnight,0.0,False,-33.79,-33.79,19.32,False,0.0,False
2010-10-22,2010-10-25,2,Weekend,48.0,False,105.62,105.62,-43.07,False,0.0,False
2010-10-25,2010-10-26,0,Overnight,0.0,False,-24.01,-24.01,265.67,False,0.0,False
2010-10-26,2010-10-27,0,Overnight,0.0,False,-51.63,-51.63,-118.35,False,0.0,False
2010-10-27,2010-10-28,0,Overnight,0.0,False,184.01,184.01,-93.94,False,0.0,False
2010-10-28,2010-10-29,0,Overnight,0.0,False,-23.63,-23.63,325.76,False,0.0,False
2010-10-29,2010-11-01,2,Weekend,48.0,False,45.69,45.69,-244.54,False,0.0,False
2010-11-01,2010-11-02,0,Overnight,0.0,False,125.32,125.32,-200.33,False,0.0,False
2010-11-02,2010-11-03,0,Overnight,0.0,False,14.11,14.11,227.65,False,0.0,False
2010-11-03,2010-11-04,0,Overnight,0.0,False,374.17,374.17,969.18,False,0.0,False
2010-11-04,2010-11-05,0,Overnight,0.0,False,-12.06,-12.06,-174.41,False,0.0,False
2010-11-05,2010-11-08,2,Weekend,49.0,False,24.52,24.52,194.02,False,0.0,False
2010-11-08,2010-11-09,0,Overnight,0.0,False,8.01,8.01,-149.11,False,0.0,False
2010-11-09,2010-11-10,0,Overnight,0.0,False,-61.09,-61.09,1817.77,False,0.0,False
2010-11-10,2010-11-11,0,Overnight,0.0,False,-262.26,-262.26,-197.75,False,0.0,False
2010-11-11,2010-11-12,0,Overnight,0.0,False,74.61,74.61,547.56,False,0.0,False
2010-11-12,2010-11-15,2,Weekend,48.0,False,126.55,126.55,190.1,False,0.0,False
2010-11-15,2010-11-16,0,Overnight,0.0,False,64.73,64.73,-438.51,False,0.0,False
2010-11-16,2010-11-17,0,Overnight,0.0,False,177.05,177.05,-237.91,False,0.0,False
2010-11-17,2010-11-18,0,Overnight,0.0,False,392.34,392.34,-257.61,False,0.0,False
2010-11-18,2010-11-19,0,Overnight,0.0,False,89.93,89.93,271.48,False,0.0,False
2010-11-19,2010-11-22,2,Weekend,48.0,False,185.43,185.43,563.49,False,0.0,False
2010-11-22,2010-11-23,0,Overnight,0.0,False,-32.99,-32.99,377.29,False,0.0,False
2010-11-23,2010-11-24,0,Overnight,0.0,False,200.46,200.46,56.55,False,0.0,False
2010-11-24,2010-11-26,1,Short,24.0,False,36.58,36.58,-78.96,False,0.0,False
2010-11-26,2010-11-29,2,Weekend,48.0,True,25.45,25.45,-309.75,False,0.0,False
2010-11-29,2010-11-30,0,Overnight,0.0,False,-173.36,-173.36,460.48,False,0.0,False
2010-11-30,2010-12-01,0,Overnight,0.0,False,151.69,151.69,-432.99,False,0.0,False
2010-12-01,2010-12-02,0,Overnight,0.0,False,-99.48,-99.48,-500.4,False,0.0,False
2010-12-02,2010-12-03,0,Overnight,0.0,False,-105.66,-105.66,-163.78,False,0.0,False
2010-12-03,2010-12-06,2,Weekend,48.0,False,-44.56,-44.56,-337.36,False,0.0,False
2010-12-06,2010-12-07,0,Overnight,0.0,False,59.21,59.21,344.92,False,0.0,False
2010-12-07,2010-12-08,0,Overnight,0.0,False,287.34,287.34,-33.92,False,0.0,False
2010-12-08,2010-12-09,0,Overnight,0.0,False,43.16,43.16,-142.5,False,0.0,False
2010-12-09,2010-12-10,0,Overnight,0.0,False,0.0,0.0,-166.75,False,0.0,False
2010-12-10,2010-12-13,2,Weekend,48.0,False,38.0,38.0,-350.57,False,0.0,False
2010-12-13,2010-12-14,0,Overnight,0.0,False,-85.47,-85.47,-598.61,False,0.0,False
2010-12-14,2010-12-15,0,Overnight,0.0,False,48.95,48.95,319.23,False,0.0,False
2010-12-15,2010-12-16,0,Overnight,0.0,False,134.23,134.23,266.42,False,0.0,False
2010-12-16,2010-12-17,0,Overnight,0.0,False,170.56,170.56,6.38,False,0.0,False
2010-12-17,2010-12-20,2,Weekend,48.0,False,88.89,88.89,18.95,False,0.0,False
2010-12-20,2010-12-21,0,Overnight,0.0,False,31.5,31.5,143.62,False,0.0,False
2010-12-21,2010-12-22,0,Overnight,0.0,False,-3.1,-3.1,117.14,False,0.0,False
2010-12-22,2010-12-23,0,Overnight,0.0,False,-428.93,-428.93,-381.46,False,0.0,False
2010-12-23,2010-12-27,3,Long,72.0,False,-712.74,-712.74,-922.81,False,0.0,False
2010-12-27,2010-12-28,0,Overnight,0.0,False,116.73,116.73,214.33,False,0.0,False
2010-12-28,2010-12-29,0,Overnight,0.0,False,232.04,232.04,255.68,False,0.0,False
2010-12-29,2010-12-30,0,Overnight,0.0,False,-10.82,-10.82,-442.88,False,0.0,False
2010-12-30,2010-12-31,0,Overnight,0.0,False,26.38,26.38,22.56,False,0.0,False
2010-12-31,2011-01-03,2,Weekend,48.0,False,78.55,78.55,-82.3,False,0.0,False
2011-01-03,2011-01-04,0,Overnight,0.0,False,15.01,15.01,3.75,False,0.0,False
2011-01-04,2011-01-05,0,Overnight,0.0,False,-71.5,-71.5,131.31,False,0.0,False
2011-01-05,2011-01-06,0,Overnight,0.0,False,0.0,0.0,383.89,False,0.0,False
2011-01-06,2011-01-07,0,Overnight,0.0,False,42.95,42.95,85.35,False,0.0,False
2011-01-07,2011-01-10,2,Weekend,48.0,False,-24.82,-24.82,98.91,False,0.0,False
2011-01-10,2011-01-11,0,Overnight,0.0,False,49.09,49.09,-587.03,False,0.0,False
2011-01-11,2011-01-12,0,Overnight,0.0,False,18.53,18.53,-18.53,False,0.0,False
2011-01-12,2011-01-13,0,Overnight,0.0,False,0.0,0.0,-278.32,False,0.0,False
2011-01-13,2011-01-14,0,Overnight,0.0,False,-26.73,-26.73,-154.14,False,0.0,False
2011-01-14,2011-01-18,3,Long,72.0,False,-105.41,-105.41,62.59,False,0.0,False
2011-01-18,2011-01-19,0,Overnight,0.0,False,-145.35,-145.35,-503.15,False,0.0,False
2011-01-19,2011-01-20,0,Overnight,0.0,False,0.0,0.0,-604.69,False,0.0,False
2011-01-20,2011-01-21,0,Overnight,0.0,False,218.63,218.63,-34.66,False,0.0,False
2011-01-21,2011-01-24,2,Weekend,48.0,False,210.45,210.45,399.89,False,0.0,False
2011-01-24,2011-01-25,0,Overnight,0.0,False,65.12,65.12,12.16,False,0.0,False
2011-01-25,2011-01-26,0,Overnight,0.0,False,12.15,12.15,16.18,False,0.0,False
2011-01-26,2011-01-27,0,Overnight,0.0,False,-4.04,-4.04,72.49,False,0.0,False
2011-01-27,2011-01-28,0,Overnight,0.0,False,-16.06,-16.06,-355.94,False,0.0,False
2011-01-28,2011-01-31,2,Weekend,48.0,False,16.64,16.64,20.77,False,0.0,False
2011-01-31,2011-02-01,0,Overnight,0.0,False,86.76,86.76,-165.91,False,0.0,False
2011-02-01,2011-02-02,0,Overnight,0.0,False,104.02,104.02,-91.48,False,0.0,False
2011-02-02,2011-02-03,0,Overnight,0.0,False,-50.25,-50.25,-80.09,False,0.0,False
2011-02-03,2011-02-04,0,Overnight,0.0,False,-80.73,-80.73,8.53,False,0.0,False
2011-02-04,2011-02-07,2,Weekend,48.0,False,-85.61,-85.61,-82.02,False,0.0,False
2011-02-07,2011-02-08,0,Overnight,0.0,False,303.12,303.12,294.2,False,0.0,False
2011-02-08,2011-02-09,0,Overnight,0.0,False,-148.09,-148.09,-388.73,False,0.0,False
2011-02-09,2011-02-10,0,Overnight,0.0,False,21.52,21.52,-17.21,False,0.0,False
2011-02-10,2011-02-11,0,Overnight,0.0,False,12.91,12.91,0.0,False,0.0,False
2011-02-11,2011-02-14,2,Weekend,48.0,False,166.35,166.35,-239.74,False,0.0,False
2011-02-14,2011-02-15,0,Overnight,0.0,False,-30.38,-30.38,-74.15,False,0.0,False
2011-02-15,2011-02-16,0,Overnight,0.0,False,113.19,113.19,681.85,False,0.0,False
2011-02-16,2011-02-17,0,Overnight,0.0,False,-40.52,-40.52,-427.19,False,0.0,False
2011-02-17,2011-02-18,0,Overnight,0.0,False,-115.07,-115.07,-64.5,False,0.0,False
2011-02-18,2011-02-22,3,Long,72.0,False,-130.27,-130.27,-451.47,False,0.0,False
2011-02-22,2011-02-23,0,Overnight,0.0,False,140.75,140.75,-159.06,False,0.0,False
2011-02-23,2011-02-24,0,Overnight,0.0,False,-22.93,-22.93,338.56,False,0.0,False
2011-02-24,2011-02-25,0,Overnight,0.0,False,123.52,123.52,344.71,False,0.0,False
2011-02-25,2011-02-28,2,Weekend,48.0,False,54.91,54.91,62.99,False,0.0,False
2011-02-28,2011-03-01,0,Overnight,0.0,False,66.75,66.75,-45.84,False,0.0,False
2011-03-01,2011-03-02,0,Overnight,0.0,False,-50.25,-50.25,83.61,False,0.0,False
2011-03-02,2011-03-03,0,Overnight,0.0,False,189.7,189.7,-49.14,False,0.0,False
2011-03-03,2011-03-04,0,Overnight,0.0,False,49.14,49.14,190.17,False,0.0,False
2011-03-04,2011-03-07,2,Weekend,48.0,False,-8.02,-8.02,4.01,False,0.0,False
2011-03-07,2011-03-08,0,Overnight,0.0,False,-137.27,-137.27,24.36,False,0.0,False
2011-03-08,2011-03-09,0,Overnight,0.0,False,0.0,0.0,24.3,False,0.0,False
2011-03-09,2011-03-10,0,Overnight,0.0,False,-113.92,-113.92,-177.5,False,0.0,False
2011-03-10,2011-03-11,0,Overnight,0.0,False,-66.86,-66.86,91.82,False,0.0,False
2011-03-11,2011-03-14,2,Weekend,47.0,False,-104.41,-104.41,-242.2,False,0.0,False
2011-03-14,2011-03-15,0,Overnight,0.0,False,-462.13,-462.13,332.26,False,0.0,False
2011-03-15,2011-03-16,0,Overnight,0.0,False,-39.29,-39.29,-17.52,False,0.0,False
2011-03-16,2011-03-17,0,Overnight,0.0,False,182.38,182.38,-186.75,False,0.0,False
2011-03-17,2011-03-18,0,Overnight,0.0,False,165.22,165.22,-99.67,False,0.0,False
2011-03-18,2011-03-21,2,Weekend,48.0,False,39.12,39.12,-139.81,False,0.0,False
2011-03-21,2011-03-22,0,Overnight,0.0,False,0.0,0.0,-240.44,False,0.0,False
2011-03-22,2011-03-23,0,Overnight,0.0,False,-36.12,-36.12,45.13,False,0.0,False
2011-03-23,2011-03-24,0,Overnight,0.0,False,-31.57,-31.57,85.45,False,0.0,False
2011-03-24,2011-03-25,0,Overnight,0.0,False,44.68,44.68,141.66,False,0.0,False
2011-03-25,2011-03-28,2,Weekend,48.0,False,-22.01,-22.01,239.4,False,0.0,False
2011-03-28,2011-03-29,0,Overnight,0.0,False,21.48,21.48,262.62,False,0.0,False
2011-03-29,2011-03-30,0,Overnight,0.0,False,79.11,79.11,-167.29,False,0.0,False
2011-03-30,2011-03-31,0,Overnight,0.0,False,1131.33,1131.33,442.06,False,0.0,False
2011-03-31,2011-04-01,0,Overnight,0.0,False,-108.7,-108.7,-292.02,False,0.0,False
2011-04-01,2011-04-04,2,Weekend,48.0,False,63.57,63.57,-379.84,False,0.0,False
2011-04-04,2011-04-05,0,Overnight,0.0,False,27.07,27.07,304.2,False,0.0,False
2011-04-05,2011-04-06,0,Overnight,0.0,False,108.03,108.03,-186.99,False,0.0,False
2011-04-06,2011-04-07,0,Overnight,0.0,False,134.99,134.99,144.21,False,0.0,False
2011-04-07,2011-04-08,0,Overnight,0.0,False,124.05,124.05,-403.24,False,0.0,False
2011-04-08,2011-04-11,2,Weekend,48.0,False,-7.55,-7.55,-463.94,False,0.0,False
2011-04-11,2011-04-12,0,Overnight,0.0,False,-75.47,-75.47,-172.94,False,0.0,False
2011-04-12,2011-04-13,0,Overnight,0.0,False,192.85,192.85,-79.9,False,0.0,False
2011-04-13,2011-04-14,0,Overnight,0.0,False,-24.1,-24.1,107.98,False,0.0,False
2011-04-14,2011-04-15,0,Overnight,0.0,False,200.83,200.83,-27.33,False,0.0,False
2011-04-15,2011-04-18,2,Weekend,48.0,False,-177.48,-177.48,-39.87,False,0.0,False
2011-04-18,2011-04-19,0,Overnight,0.0,False,91.47,91.47,-39.67,False,0.0,False
2011-04-19,2011-04-20,0,Overnight,0.0,False,212.36,212.36,19.44,False,0.0,False
2011-04-20,2011-04-21,0,Overnight,0.0,False,38.76,38.76,338.5,False,0.0,False
2011-04-21,2011-04-25,3,Long,72.0,False,-14.97,-14.97,-116.79,False,0.0,False
2011-04-25,2011-04-26,0,Overnight,0.0,False,101.79,101.79,100.77,False,0.0,False
2011-04-26,2011-04-27,0,Overnight,0.0,False,0.0,0.0,55.55,False,0.0,False
2011-04-27,2011-04-28,0,Overnight,0.0,False,-3.69,-3.69,215.61,False,0.0,False
2011-04-28,2011-04-29,0,Overnight,0.0,False,10.84,10.84,-32.56,False,0.0,False
2011-04-29,2011-05-02,2,Weekend,48.0,False,0.0,0.0,-54.5,False,0.0,False
2011-05-02,2011-05-03,0,Overnight,0.0,False,-25.54,-25.54,-188.02,False,0.0,False
2011-05-03,2011-05-04,0,Overnight,0.0,False,-33.55,-33.55,-33.66,False,0.0,False
2011-05-04,2011-05-05,0,Overnight,0.0,False,189.28,189.28,-283.39,False,0.0,False
2011-05-05,2011-05-06,0,Overnight,0.0,False,172.48,172.48,81.45,False,0.0,False
2011-05-06,2011-05-09,2,Weekend,48.0,False,-44.35,-44.35,331.48,False,0.0,False
2011-05-09,2011-05-10,0,Overnight,0.0,False,117.54,117.54,31.82,False,0.0,False
2011-05-10,2011-05-11,0,Overnight,0.0,False,-46.0,-46.0,-408.96,False,0.0,False
2011-05-11,2011-05-12,0,Overnight,0.0,False,0.0,0.0,219.23,False,0.0,False
2011-05-12,2011-05-13,0,Overnight,0.0,False,118.56,118.56,-162.02,False,0.0,False
2011-05-13,2011-05-16,2,Weekend,48.0,False,158.45,158.45,-509.36,False,0.0,False
2011-05-16,2011-05-17,0,Overnight,0.0,False,149.26,149.26,-392.8,False,0.0,False
2011-05-17,2011-05-18,0,Overnight,0.0,False,53.78,53.78,95.33,False,0.0,False
2011-05-18,2011-05-19,0,Overnight,0.0,False,254.79,254.79,423.75,False,0.0,False
2011-05-19,2011-05-20,0,Overnight,0.0,False,21.25,21.25,-103.15,False,0.0,False
2011-05-20,2011-05-23,2,Weekend,48.0,False,-125.93,-125.93,-293.92,False,0.0,False
2011-05-23,2011-05-24,0,Overnight,0.0,False,74.29,74.29,-111.65,False,0.0,False
2011-05-24,2011-05-25,0,Overnight,0.0,False,67.14,67.14,744.8,False,0.0,False
2011-05-25,2011-05-26,0,Overnight,0.0,False,-55.37,-55.37,226.42,False,0.0,False
2011-05-26,2011-05-27,0,Overnight,0.0,False,20.33,20.33,3.39,False,0.0,False
2011-05-27,2011-05-31,3,Long,72.0,False,47.26,47.26,150.43,False,0.0,False
2011-05-31,2011-06-01,0,Overnight,0.0,False,-46.56,-46.56,-505.92,False,0.0,False
2011-06-01,2011-06-02,0,Overnight,0.0,False,0.0,0.0,83.8,False,0.0,False
2011-06-02,2011-06-03,0,Overnight,0.0,False,405.44,405.44,59.92,False,0.0,False
2011-06-03,2011-06-06,2,Weekend,48.0,False,-9.96,-9.96,-476.28,False,0.0,False
2011-06-06,2011-06-07,0,Overnight,0.0,False,83.28,83.28,-198.92,False,0.0,False
2011-06-07,2011-06-08,0,Overnight,0.0,False,24.65,24.65,-475.25,False,0.0,False
2011-06-08,2011-06-09,0,Overnight,0.0,False,113.66,113.66,69.02,False,0.0,False
2011-06-09,2011-06-10,0,Overnight,0.0,False,-36.27,-36.27,122.79,False,0.0,False
2011-06-10,2011-06-13,2,Weekend,48.0,False,75.09,75.09,127.44,False,0.0,False
2011-06-13,2011-06-14,0,Overnight,0.0,False,38.62,38.62,21.0,False,0.0,False
2011-06-14,2011-06-15,0,Overnight,0.0,False,-56.1,-56.1,-401.78,False,0.0,False
2011-06-15,2011-06-16,0,Overnight,0.0,False,127.3,127.3,-432.04,False,0.0,False
2011-06-16,2011-06-17,0,Overnight,0.0,False,138.65,138.65,-138.65,False,0.0,False
2011-06-17,2011-06-20,2,Weekend,48.0,False,-79.56,-79.56,-107.08,False,0.0,False
2011-06-20,2011-06-21,0,Overnight,0.0,False,88.04,88.04,479.91,False,0.0,False
2011-06-21,2011-06-22,0,Overnight,0.0,False,-58.28,-58.28,-58.63,False,0.0,False
2011-06-22,2011-06-23,0,Overnight,0.0,False,-3.68,-3.68,185.76,False,0.0,False
2011-06-23,2011-06-24,0,Overnight,0.0,False,-25.29,-25.29,-25.36,False,0.0,False
2011-06-24,2011-06-27,2,Weekend,48.0,False,57.87,57.87,-97.84,False,0.0,False
2011-06-27,2011-06-28,0,Overnight,0.0,False,119.46,119.46,114.49,False,0.0,False
2011-06-28,2011-06-29,0,Overnight,0.0,False,137.79,137.79,-73.96,False,0.0,False
2011-06-29,2011-06-30,0,Overnight,0.0,False,73.96,73.96,218.64,False,0.0,False
2011-06-30,2011-07-01,0,Overnight,0.0,False,-20.62,-20.62,-17.21,False,0.0,False
2011-07-01,2011-07-05,3,Long,72.0,False,0.0,0.0,41.27,False,0.0,False
2011-07-05,2011-07-06,0,Overnight,0.0,False,0.0,0.0,-61.96,False,0.0,False
2011-07-06,2011-07-07,0,Overnight,0.0,False,61.96,61.96,200.45,False,0.0,False
2011-07-07,2011-07-08,0,Overnight,0.0,False,53.68,53.68,-368.01,False,0.0,False
2011-07-08,2011-07-11,2,Weekend,48.0,False,-143.34,-143.34,-17.62,False,0.0,False
2011-07-11,2011-07-12,0,Overnight,0.0,False,7.05,7.05,-70.74,False,0.0,False
2011-07-12,2011-07-13,0,Overnight,0.0,False,91.87,91.87,73.59,False,0.0,False
2011-07-13,2011-07-14,0,Overnight,0.0,False,-38.48,-38.48,-327.78,False,0.0,False
2011-07-14,2011-07-15,0,Overnight,0.0,False,64.98,64.98,-75.85,False,0.0,False
2011-07-15,2011-07-18,2,Weekend,48.0,False,-87.4,-87.4,-40.32,False,0.0,False
2011-07-18,2011-07-19,0,Overnight,0.0,False,127.72,127.72,111.77,False,0.0,False
2011-07-19,2011-07-20,0,Overnight,0.0,False,39.37,39.37,243.44,False,0.0,False
2011-07-20,2011-07-21,0,Overnight,0.0,False,76.39,76.39,-72.9,False,0.0,False
2011-07-21,2011-07-22,0,Overnight,0.0,False,0.0,0.0,203.49,False,0.0,False
2011-07-22,2011-07-25,2,Weekend,48.0,False,-96.06,-96.06,-180.88,False,0.0,False
2011-07-25,2011-07-26,0,Overnight,0.0,False,-63.38,-63.38,-110.1,False,0.0,False
2011-07-26,2011-07-27,0,Overnight,0.0,False,176.99,176.99,-306.4,False,0.0,False
2011-07-27,2011-07-28,0,Overnight,0.0,False,-14.48,-14.48,204.42,False,0.0,False
2011-07-28,2011-07-29,0,Overnight,0.0,False,-132.22,-132.22,132.22,False,0.0,False
2011-07-29,2011-08-01,2,Weekend,48.0,False,175.94,175.94,34.82,False,0.0,False
2011-08-01,2011-08-02,0,Overnight,0.0,False,-27.84,-27.84,-481.98,False,0.0,False
2011-08-02,2011-08-03,0,Overnight,0.0,False,58.35,58.35,-109.69,False,0.0,False
2011-08-03,2011-08-04,0,Overnight,0.0,False,-256.95,-256.95,-686.96,False,0.0,False
2011-08-04,2011-08-05,0,Overnight,0.0,False,96.5,96.5,-304.72,False,0.0,False
2011-08-05,2011-08-08,2,Weekend,48.0,False,-481.72,-481.72,231.08,False,0.0,False
2011-08-08,2011-08-09,0,Overnight,0.0,False,213.44,213.44,369.89,False,0.0,False
2011-08-09,2011-08-10,0,Overnight,0.0,False,150.5,150.5,-657.97,False,0.0,False
2011-08-10,2011-08-11,0,Overnight,0.0,False,91.94,91.94,510.85,False,0.0,False
2011-08-11,2011-08-12,0,Overnight,0.0,False,117.88,117.88,273.57,False,0.0,False
2011-08-12,2011-08-15,2,Weekend,48.0,False,117.14,117.14,-147.59,False,0.0,False
2011-08-15,2011-08-16,0,Overnight,0.0,False,-38.2,-38.2,-11.49,False,0.0,False
2011-08-16,2011-08-17,0,Overnight,0.0,False,110.5,110.5,-214.48,False,0.0,False
2011-08-17,2011-08-18,0,Overnight,0.0,False,-326.61,-326.61,-300.47,False,0.0,False
2011-08-18,2011-08-19,0,Overnight,0.0,False,-166.25,-166.25,-676.17,False,0.0,False
2011-08-19,2011-08-22,2,Weekend,48.0,False,356.79,356.79,-514.99,False,0.0,False
2011-08-22,2011-08-23,0,Overnight,0.0,False,-9.11,-9.11,458.98,False,0.0,False
2011-08-23,2011-08-24,0,Overnight,0.0,False,60.79,60.79,327.9,False,0.0,False
2011-08-24,2011-08-25,0,Overnight,0.0,False,0.0,0.0,-323.57,False,0.0,False
2011-08-25,2011-08-26,0,Overnight,0.0,False,-174.6,-174.6,439.35,False,0.0,False
2011-08-26,2011-08-29,2,Weekend,48.0,False,204.39,204.39,200.29,False,0.0,False
2011-08-29,2011-08-30,0,Overnight,0.0,False,-85.35,-85.35,52.92,False,0.0,False
2011-08-30,2011-08-31,0,Overnight,0.0,False,68.78,68.78,-24.22,False,0.0,False
2011-08-31,2011-09-01,0,Overnight,0.0,False,-32.39,-32.39,-271.29,False,0.0,False
2011-09-01,2011-09-02,0,Overnight,0.0,False,-142.68,-142.68,-252.53,False,0.0,False
2011-09-02,2011-09-06,3,Long,72.0,False,-250.18,-250.18,193.67,False,0.0,False
2011-09-06,2011-09-07,0,Overnight,0.0,False,194.26,194.26,190.56,False,0.0,False
2011-09-07,2011-09-08,0,Overnight,0.0,False,-109.66,-109.66,12.71,False,0.0,False
2011-09-08,2011-09-09,0,Overnight,0.0,False,-102.17,-102.17,-172.64,False,0.0,False
2011-09-09,2011-09-12,2,Weekend,48.0,False,-206.73,-206.73,167.48,False,0.0,False
2011-09-12,2011-09-13,0,Overnight,0.0,False,56.66,56.66,454.53,False,0.0,False
2011-09-13,2011-09-14,0,Overnight,0.0,False,70.35,70.35,37.04,False,0.0,False
2011-09-14,2011-09-15,0,Overnight,0.0,False,98.12,98.12,97.17,False,0.0,False
2011-09-15,2011-09-16,0,Overnight,0.0,False,-16.13,-16.13,403.38,False,0.0,False
2011-09-16,2011-09-19,2,Weekend,48.0,False,-335.01,-335.01,323.37,False,0.0,False
2011-09-19,2011-09-20,0,Overnight,0.0,False,81.16,81.16,11.54,False,0.0,False
2011-09-20,2011-09-21,0,Overnight,0.0,False,-23.09,-23.09,-38.61,False,0.0,False
2011-09-21,2011-09-22,0,Overnight,0.0,False,-81.57,-81.57,-3.9,False,0.0,False
2011-09-22,2011-09-23,0,Overnight,0.0,False,-54.78,-54.78,343.2,False,0.0,False
2011-09-23,2011-09-26,2,Weekend,48.0,False,52.93,52.93,-384.37,False,0.0,False
2011-09-26,2011-09-27,0,Overnight,0.0,False,186.34,186.34,72.81,False,0.0,False
2011-09-27,2011-09-28,0,Overnight,0.0,False,-72.81,-72.81,-557.57,False,0.0,False
2011-09-28,2011-09-29,0,Overnight,0.0,False,449.29,449.29,-642.28,False,0.0,False
2011-09-29,2011-09-30,0,Overnight,0.0,False,278.02,278.02,-166.7,False,0.0,False
2011-09-30,2011-10-03,2,Weekend,48.0,False,227.0,227.0,-501.34,False,0.0,False
2011-10-03,2011-10-04,0,Overnight,0.0,False,-187.16,-187.16,157.61,False,0.0,False
2011-10-04,2011-10-05,0,Overnight,0.0,False,155.17,155.17,542.64,False,0.0,False
2011-10-05,2011-10-06,0,Overnight,0.0,False,0.0,0.0,607.87,False,0.0,False
2011-10-06,2011-10-07,0,Overnight,0.0,False,7.42,7.42,3.7,False,0.0,False
2011-10-07,2011-10-10,2,Weekend,48.0,False,117.87,117.87,206.57,False,0.0,False
2011-10-10,2011-10-11,0,Overnight,0.0,False,-133.6,-133.6,36.29,False,0.0,False
2011-10-11,2011-10-12,0,Overnight,0.0,False,-131.25,-131.25,199.82,False,0.0,False
2011-10-12,2011-10-13,0,Overnight,0.0,False,-61.34,-61.34,111.57,False,0.0,False
2011-10-13,2011-10-14,0,Overnight,0.0,False,21.45,21.45,17.84,False,0.0,False
2011-10-14,2011-10-17,2,Weekend,48.0,False,-67.97,-67.97,-159.19,False,0.0,False
2011-10-17,2011-10-18,0,Overnight,0.0,False,-43.86,-43.86,373.87,False,0.0,False
2011-10-18,2011-10-19,0,Overnight,0.0,False,-113.56,-113.56,-161.9,False,0.0,False
2011-10-19,2011-10-20,0,Overnight,0.0,False,-47.27,-47.27,-36.51,False,0.0,False
2011-10-20,2011-10-21,0,Overnight,0.0,False,21.92,21.92,227.32,False,0.0,False
2011-10-21,2011-10-24,2,Weekend,48.0,False,-57.25,-57.25,241.06,False,0.0,False
2011-10-24,2011-10-25,0,Overnight,0.0,False,-112.72,-112.72,7.08,False,0.0,False
2011-10-25,2011-10-26,0,Overnight,0.0,False,-21.26,-21.26,-74.77,False,0.0,False
2011-10-26,2011-10-27,0,Overnight,0.0,False,127.84,127.84,147.11,False,0.0,False
2011-10-27,2011-10-28,0,Overnight,0.0,False,-90.81,-90.81,469.5,False,0.0,False
2011-10-28,2011-10-31,2,Weekend,48.0,False,-124.64,-124.64,-44.17,False,0.0,False
2011-10-31,2011-11-01,0,Overnight,0.0,False,-339.37,-339.37,171.12,False,0.0,False
2011-11-01,2011-11-02,0,Overnight,0.0,False,41.47,41.47,-100.5,False,0.0,False
2011-11-02,2011-11-03,0,Overnight,0.0,False,439.52,439.52,788.11,False,0.0,False
2011-11-03,2011-11-04,0,Overnight,0.0,False,-312.92,-312.92,266.6,False,0.0,False
2011-11-04,2011-11-07,2,Weekend,49.0,False,-209.55,-209.55,-117.63,False,0.0,False
2011-11-07,2011-11-08,0,Overnight,0.0,False,31.93,31.93,148.72,False,0.0,False
2011-11-08,2011-11-09,0,Overnight,0.0,False,-309.39,-309.39,3.24,False,0.0,False
2011-11-09,2011-11-10,0,Overnight,0.0,False,19.41,19.41,125.26,False,0.0,False
2011-11-10,2011-11-11,0,Overnight,0.0,False,180.3,180.3,531.1,False,0.0,False
2011-11-11,2011-11-14,2,Weekend,48.0,False,-192.08,-192.08,66.45,False,0.0,False
2011-11-14,2011-11-15,0,Overnight,0.0,False,-90.72,-90.72,302.19,False,0.0,False
2011-11-15,2011-11-16,0,Overnight,0.0,False,-133.51,-133.51,426.84,False,0.0,False
2011-11-16,2011-11-17,0,Overnight,0.0,False,-126.73,-126.73,-240.55,False,0.0,False
2011-11-17,2011-11-18,0,Overnight,0.0,False,-11.88,-11.88,-314.04,False,0.0,False
2011-11-18,2011-11-21,2,Weekend,48.0,False,-49.2,-49.2,-211.85,False,0.0,False
2011-11-21,2011-11-22,0,Overnight,0.0,False,0.0,0.0,97.14,False,0.0,False
2011-11-22,2011-11-23,0,Overnight,0.0,False,-97.14,-97.14,-98.08,False,0.0,False
2011-11-23,2011-11-25,1,Short,24.0,False,31.74,31.74,34.81,False,0.0,False
2011-11-25,2011-11-28,2,Weekend,48.0,True,106.82,106.82,173.49,False,0.0,False
2011-11-28,2011-11-29,0,Overnight,0.0,False,-21.52,-21.52,-230.39,False,0.0,False
2011-11-29,2011-11-30,0,Overnight,0.0,False,233.47,233.47,73.57,False,0.0,False
2011-11-30,2011-12-01,0,Overnight,0.0,False,-52.06,-52.06,9.21,False,0.0,False
2011-12-01,2011-12-02,0,Overnight,0.0,False,70.31,70.31,142.15,False,0.0,False
2011-12-02,2011-12-05,2,Weekend,48.0,False,68.83,68.83,261.98,False,0.0,False
2011-12-05,2011-12-06,0,Overnight,0.0,False,-64.12,-64.12,194.01,False,0.0,False
2011-12-06,2011-12-07,0,Overnight,0.0,False,-69.07,-69.07,-127.87,False,0.0,False
2011-12-07,2011-12-08,0,Overnight,0.0,False,-1031.21,-1031.21,16.2,False,0.0,False
2011-12-08,2011-12-09,0,Overnight,0.0,False,-113.95,-113.95,162.39,False,0.0,False
2011-12-09,2011-12-12,2,Weekend,48.0,False,-195.19,-195.19,-9.86,False,0.0,False
2011-12-12,2011-12-13,0,Overnight,0.0,False,52.48,52.48,-373.25,False,0.0,False
2011-12-13,2011-12-14,0,Overnight,0.0,False,16.97,16.97,-334.34,False,0.0,False
2011-12-14,2011-12-15,0,Overnight,0.0,False,48.95,48.95,-17.45,False,0.0,False
2011-12-15,2011-12-16,0,Overnight,0.0,False,59.22,59.22,-278.23,False,0.0,False
2011-12-16,2011-12-19,2,Weekend,48.0,False,32.09,32.09,-121.78,False,0.0,False
2011-12-19,2011-12-20,0,Overnight,0.0,False,107.53,107.53,-53.62,False,0.0,False
2011-12-20,2011-12-21,0,Overnight,0.0,False,3.59,3.59,-122.57,False,0.0,False
2011-12-21,2011-12-22,0,Overnight,0.0,False,10.88,10.88,61.4,False,0.0,False
2011-12-22,2011-12-23,0,Overnight,0.0,False,82.49,82.49,-35.78,False,0.0,False
2011-12-23,2011-12-27,3,Long,72.0,False,-86.39,-86.39,323.7,False,0.0,False
2011-12-27,2011-12-28,0,Overnight,0.0,False,145.94,145.94,-166.96,False,0.0,False
2011-12-28,2011-12-29,0,Overnight,0.0,False,28.02,28.02,48.85,False,0.0,False
2011-12-29,2011-12-30,0,Overnight,0.0,False,-83.89,-83.89,24.54,False,0.0,False
2011-12-30,2012-01-03,3,Long,72.0,False,132.17,132.17,-301.67,False,0.0,False
2012-01-03,2012-01-04,0,Overnight,0.0,False,46.19,46.19,-178.84,False,0.0,False
2012-01-04,2012-01-05,0,Overnight,0.0,False,18.03,18.03,-233.25,False,0.0,False
2012-01-05,2012-01-06,0,Overnight,0.0,False,29.45,29.45,-107.19,False,0.0,False
2012-01-06,2012-01-09,2,Weekend,48.0,False,33.39,33.39,92.17,False,0.0,False
2012-01-09,2012-01-10,0,Overnight,0.0,False,69.48,69.48,65.38,False,0.0,False
2012-01-10,2012-01-11,0,Overnight,0.0,False,0.0,0.0,218.45,False,0.0,False
2012-01-11,2012-01-12,0,Overnight,0.0,False,88.17,88.17,-81.09,False,0.0,False
2012-01-12,2012-01-13,0,Overnight,0.0,False,52.96,52.96,-2200.67,False,0.0,False
2012-01-13,2012-01-17,3,Long,72.0,False,1553.41,1553.41,-7.52,False,0.0,False
2012-01-17,2012-01-18,0,Overnight,0.0,False,33.78,33.78,44.86,False,0.0,False
2012-01-18,2012-01-19,0,Overnight,0.0,False,140.75,140.75,-159.41,False,0.0,False
2012-01-19,2012-01-20,0,Overnight,0.0,False,52.18,52.18,-112.15,False,0.0,False
2012-01-20,2012-01-23,2,Weekend,48.0,False,78.64,78.64,-14.93,False,0.0,False
2012-01-23,2012-01-24,0,Overnight,0.0,False,-52.44,-52.44,292.34,False,0.0,False
2012-01-24,2012-01-25,0,Overnight,0.0,False,-54.85,-54.85,253.45,False,0.0,False
2012-01-25,2012-01-26,0,Overnight,0.0,False,35.69,35.69,305.23,False,0.0,False
2012-01-26,2012-01-27,0,Overnight,0.0,False,-153.2,-153.2,287.07,False,0.0,False
2012-01-27,2012-01-30,2,Weekend,48.0,False,54.41,54.41,27.09,False,0.0,False
2012-01-30,2012-01-31,0,Overnight,0.0,False,110.98,110.98,-281.52,False,0.0,False
2012-01-31,2012-02-01,0,Overnight,0.0,False,0.0,0.0,173.92,False,0.0,False
2012-02-01,2012-02-02,0,Overnight,0.0,False,47.22,47.22,176.76,False,0.0,False
2012-02-02,2012-02-03,0,Overnight,0.0,False,52.75,52.75,240.43,False,0.0,False
2012-02-03,2012-02-06,2,Weekend,48.0,False,-16.07,-16.07,222.59,False,0.0,False
2012-02-06,2012-02-07,0,Overnight,0.0,False,0.0,0.0,-63.09,False,0.0,False
2012-02-07,2012-02-08,0,Overnight,0.0,False,0.0,0.0,103.89,False,0.0,False
2012-02-08,2012-02-09,0,Overnight,0.0,False,21.9,21.9,179.63,False,0.0,False
2012-02-09,2012-02-10,0,Overnight,0.0,False,-98.7,-98.7,-366.21,False,0.0,False
2012-02-10,2012-02-13,2,Weekend,48.0,False,143.66,143.66,-19.04,False,0.0,False
2012-02-13,2012-02-14,0,Overnight,0.0,False,79.08,79.08,440.68,False,0.0,False
2012-02-14,2012-02-15,0,Overnight,0.0,False,-21.12,-21.12,149.93,False,0.0,False
2012-02-15,2012-02-16,0,Overnight,0.0,False,-29.81,-29.81,200.96,False,0.0,False
2012-02-16,2012-02-17,0,Overnight,0.0,False,-55.74,-55.74,284.24,False,0.0,False
2012-02-17,2012-02-21,3,Long,72.0,False,-28.63,-28.63,-106.68,False,0.0,False
2012-02-21,2012-02-22,0,Overnight,0.0,False,0.0,0.0,-81.49,False,0.0,False
2012-02-22,2012-02-23,0,Overnight,0.0,False,-67.44,-67.44,157.62,False,0.0,False
2012-02-23,2012-02-24,0,Overnight,0.0,False,-87.26,-87.26,-141.22,False,0.0,False
2012-02-24,2012-02-27,2,Weekend,48.0,False,-101.25,-101.25,62.66,False,0.0,False
2012-02-27,2012-02-28,0,Overnight,0.0,False,5.95,5.95,50.41,False,0.0,False
2012-02-28,2012-02-29,0,Overnight,0.0,False,0.0,0.0,-119.02,False,0.0,False
2012-02-29,2012-03-01,0,Overnight,0.0,False,29.89,29.89,265.03,False,0.0,False
2012-03-01,2012-03-02,0,Overnight,0.0,False,-2.91,-2.91,-105.2,False,0.0,False
2012-03-02,2012-03-05,2,Weekend,48.0,False,90.66,90.66,-170.29,False,0.0,False
2012-03-05,2012-03-06,0,Overnight,0.0,False,-155.18,-155.18,-42.2,False,0.0,False
2012-03-06,2012-03-07,0,Overnight,0.0,False,3.02,3.02,0.0,False,0.0,False
2012-03-07,2012-03-08,0,Overnight,0.0,False,-3.02,-3.02,-12.09,False,0.0,False
2012-03-08,2012-03-09,0,Overnight,0.0,False,39.23,39.23,453.42,False,0.0,False
2012-03-09,2012-03-12,2,Weekend,47.0,False,-14.4,-14.4,373.45,False,0.0,False
2012-03-12,2012-03-13,0,Overnight,0.0,False,137.89,137.89,-115.7,False,0.0,False
2012-03-13,2012-03-14,0,Overnight,0.0,False,-24.97,-24.97,-199.19,False,0.0,False
2012-03-14,2012-03-15,0,Overnight,0.0,False,-2.84,-2.84,-79.68,False,0.0,False
2012-03-15,2012-03-16,0,Overnight,0.0,False,-28.61,-28.61,119.63,False,0.0,False
2012-03-16,2012-03-19,2,Weekend,48.0,False,-17.0,-17.0,-79.73,False,0.0,False
2012-03-19,2012-03-20,0,Overnight,0.0,False,0.0,0.0,-5.72,False,0.0,False
2012-03-20,2012-03-21,0,Overnight,0.0,False,-5.73,-5.73,59.92,False,0.0,False
2012-03-21,2012-03-22,0,Overnight,0.0,False,-51.34,-51.34,-164.34,False,0.0,False
2012-03-22,2012-03-23,0,Overnight,0.0,False,-40.78,-40.78,-52.68,False,0.0,False
2012-03-23,2012-03-26,2,Weekend,48.0,False,433.54,433.54,496.06,False,0.0,False
2012-03-26,2012-03-27,0,Overnight,0.0,False,-64.38,-64.38,207.73,False,0.0,False
2012-03-27,2012-03-28,0,Overnight,0.0,False,-42.26,-42.26,18.51,False,0.0,False
2012-03-28,2012-03-29,0,Overnight,0.0,False,89.43,89.43,-227.76,False,0.0,False
2012-03-29,2012-03-30,0,Overnight,0.0,False,50.77,50.77,-74.9,False,0.0,False
2012-03-30,2012-04-02,2,Weekend,48.0,False,24.14,24.14,-202.96,False,0.0,False
2012-04-02,2012-04-03,0,Overnight,0.0,False,32.75,32.75,350.72,False,0.0,False
2012-04-03,2012-04-04,0,Overnight,0.0,False,-748.17,-748.17,-76.85,False,0.0,False
2012-04-04,2012-04-05,0,Overnight,0.0,False,28.53,28.53,-178.22,False,0.0,False
2012-04-05,2012-04-09,3,Long,72.0,False,-110.82,-110.82,-282.55,False,0.0,False
2012-04-09,2012-04-10,0,Overnight,0.0,False,0.0,0.0,-210.34,False,0.0,False
2012-04-10,2012-04-11,0,Overnight,0.0,False,237.45,237.45,-45.23,False,0.0,False
2012-04-11,2012-04-12,0,Overnight,0.0,False,203.42,203.42,-98.2,False,0.0,False
2012-04-12,2012-04-13,0,Overnight,0.0,False,148.42,148.42,-103.66,False,0.0,False
2012-04-13,2012-04-16,2,Weekend,48.0,False,-53.73,-53.73,-353.37,False,0.0,False
2012-04-16,2012-04-17,0,Overnight,0.0,False,55.66,55.66,-58.76,False,0.0,False
2012-04-17,2012-04-18,0,Overnight,0.0,False,-46.63,-46.63,176.07,False,0.0,False
2012-04-18,2012-04-19,0,Overnight,0.0,False,27.52,27.52,124.42,False,0.0,False
2012-04-19,2012-04-20,0,Overnight,0.0,False,-6.04,-6.04,6.04,False,0.0,False
2012-04-20,2012-04-23,2,Weekend,48.0,False,-90.88,-90.88,-283.97,False,0.0,False
2012-04-23,2012-04-24,0,Overnight,0.0,False,-37.64,-37.64,0.0,False,0.0,False
2012-04-24,2012-04-25,0,Overnight,0.0,False,78.26,78.26,258.56,False,0.0,False
2012-04-25,2012-04-26,0,Overnight,0.0,False,15.18,15.18,159.52,False,0.0,False
2012-04-26,2012-04-27,0,Overnight,0.0,False,32.79,32.79,-77.68,False,0.0,False
2012-04-27,2012-04-30,2,Weekend,48.0,False,-21.02,-21.02,-42.17,False,0.0,False
2012-04-30,2012-05-01,0,Overnight,0.0,False,0.0,0.0,194.3,False,0.0,False
2012-05-01,2012-05-02,0,Overnight,0.0,False,-83.24,-83.24,130.49,False,0.0,False
2012-05-02,2012-05-03,0,Overnight,0.0,False,-8.84,-8.84,-437.02,False,0.0,False
2012-05-03,2012-05-04,0,Overnight,0.0,False,-43.22,-43.22,-152.77,False,0.0,False
2012-05-04,2012-05-07,2,Weekend,48.0,False,40.76,40.76,158.31,False,0.0,False
2012-05-07,2012-05-08,0,Overnight,0.0,False,9.24,9.24,-737.29,False,0.0,False
2012-05-08,2012-05-09,0,Overnight,0.0,False,36.37,36.37,-79.52,False,0.0,False
2012-05-09,2012-05-10,0,Overnight,0.0,False,924.03,924.03,-3.04,False,0.0,False
2012-05-10,2012-05-11,0,Overnight,0.0,False,-143.62,-143.62,-74.14,False,0.0,False
2012-05-11,2012-05-14,2,Weekend,48.0,False,-102.85,-102.85,-600.37,False,0.0,False
2012-05-14,2012-05-15,0,Overnight,0.0,False,66.31,66.31,-278.12,False,0.0,False
2012-05-15,2012-05-16,0,Overnight,0.0,False,50.84,50.84,-136.15,False,0.0,False
2012-05-16,2012-05-17,0,Overnight,0.0,False,41.04,41.04,-252.3,False,0.0,False
2012-05-17,2012-05-18,0,Overnight,0.0,False,-70.25,-70.25,-289.67,False,0.0,False
2012-05-18,2012-05-21,2,Weekend,48.0,False,7.26,7.26,422.42,False,0.0,False
2012-05-21,2012-05-22,0,Overnight,0.0,False,451.92,451.92,229.89,False,0.0,False
2012-05-22,2012-05-23,0,Overnight,0.0,False,-78.23,-78.23,149.4,False,0.0,False
2012-05-23,2012-05-24,0,Overnight,0.0,False,73.87,73.87,-315.32,False,0.0,False
2012-05-24,2012-05-25,0,Overnight,0.0,False,-39.71,-39.71,-116.73,False,0.0,False
2012-05-25,2012-05-29,3,Long,72.0,False,66.87,66.87,544.71,False,0.0,False
2012-05-29,2012-05-30,0,Overnight,0.0,False,-194.37,-194.37,-217.93,False,0.0,False
2012-05-30,2012-05-31,0,Overnight,0.0,False,-112.43,-112.43,-191.38,False,0.0,False
2012-05-31,2012-06-01,0,Overnight,0.0,False,-334.34,-334.34,-134.09,False,0.0,False
2012-06-01,2012-06-04,2,Weekend,48.0,False,-42.72,-42.72,-53.66,False,0.0,False
2012-06-04,2012-06-05,0,Overnight,0.0,False,-14.36,-14.36,25.11,False,0.0,False
2012-06-05,2012-06-06,0,Overnight,0.0,False,103.37,103.37,355.31,False,0.0,False
2012-06-06,2012-06-07,0,Overnight,0.0,False,199.9,199.9,-299.64,False,0.0,False
2012-06-07,2012-06-08,0,Overnight,0.0,False,-24.23,-24.23,414.04,False,0.0,False
2012-06-08,2012-06-11,2,Weekend,48.0,False,76.18,76.18,-400.53,False,0.0,False
2012-06-11,2012-06-12,0,Overnight,0.0,False,37.71,37.71,146.03,False,0.0,False
2012-06-12,2012-06-13,0,Overnight,0.0,False,-37.15,-37.15,74.18,False,0.0,False
2012-06-13,2012-06-14,0,Overnight,0.0,False,136.78,136.78,-265.25,False,0.0,False
2012-06-14,2012-06-15,0,Overnight,0.0,False,0.0,0.0,175.39,False,0.0,False
2012-06-15,2012-06-18,2,Weekend,48.0,False,10.03,10.03,615.28,False,0.0,False
2012-06-18,2012-06-19,0,Overnight,0.0,False,56.37,56.37,21.83,False,0.0,False
2012-06-19,2012-06-20,0,Overnight,0.0,False,430.01,430.01,83.24,False,0.0,False
2012-06-20,2012-06-21,0,Overnight,0.0,False,141.1,141.1,-623.23,False,0.0,False
2012-06-21,2012-06-22,0,Overnight,0.0,False,126.56,126.56,358.53,False,0.0,False
2012-06-22,2012-06-25,2,Weekend,48.0,False,44.29,44.29,-247.59,False,0.0,False
2012-06-25,2012-06-26,0,Overnight,0.0,False,-325.38,-325.38,-138.24,False,0.0,False
2012-06-26,2012-06-27,0,Overnight,0.0,False,91.33,91.33,18.79,False,0.0,False
2012-06-27,2012-06-28,0,Overnight,0.0,False,-18.79,-18.79,-154.8,False,0.0,False
2012-06-28,2012-06-29,0,Overnight,0.0,False,433.02,433.02,-471.3,False,0.0,False
2012-06-29,2012-07-02,2,Weekend,48.0,False,19.16,19.16,-307.71,False,0.0,False
2012-07-02,2012-07-03,0,Overnight,0.0,False,65.57,65.57,19.59,False,0.0,False
2012-07-03,2012-07-05,1,Short,24.0,True,48.8,48.8,135.4,False,0.0,False
2012-07-05,2012-07-06,0,Overnight,0.0,False,-77.15,-77.15,0.0,False,0.0,False
2012-07-06,2012-07-09,2,Weekend,48.0,False,-16.15,-16.15,176.2,False,0.0,False
2012-07-09,2012-07-10,0,Overnight,0.0,False,15.87,15.87,-85.97,False,0.0,False
2012-07-10,2012-07-11,0,Overnight,0.0,False,95.48,95.48,-19.02,False,0.0,False
2012-07-11,2012-07-12,0,Overnight,0.0,False,-70.07,-70.07,440.77,False,0.0,False
2012-07-12,2012-07-13,0,Overnight,0.0,False,82.23,82.23,380.88,False,0.0,False
2012-07-13,2012-07-16,2,Weekend,48.0,False,20.42,20.42,466.79,False,0.0,False
2012-07-16,2012-07-17,0,Overnight,0.0,False,-270.59,-270.59,-482.9,False,0.0,False
2012-07-17,2012-07-18,0,Overnight,0.0,False,-596.13,-596.13,229.68,False,0.0,False
2012-07-18,2012-07-19,0,Overnight,0.0,False,175.74,175.74,-138.49,False,0.0,False
2012-07-19,2012-07-20,0,Overnight,0.0,False,-62.17,-62.17,-87.69,False,0.0,False
2012-07-20,2012-07-23,2,Weekend,48.0,False,-235.53,-235.53,-126.4,False,0.0,False
2012-07-23,2012-07-24,0,Overnight,0.0,False,0.0,0.0,-271.09,False,0.0,False
2012-07-24,2012-07-25,0,Overnight,0.0,False,26.78,26.78,-329.57,False,0.0,False
2012-07-25,2012-07-26,0,Overnight,0.0,False,322.88,322.88,-610.22,False,0.0,False
2012-07-26,2012-07-27,0,Overnight,0.0,False,204.09,204.09,274.84,False,0.0,False
2012-07-27,2012-07-30,2,Weekend,48.0,False,0.0,0.0,-760.13,False,0.0,False
2012-07-30,2012-07-31,0,Overnight,0.0,False,69.23,69.23,-43.67,False,0.0,False
2012-07-31,2012-08-01,0,Overnight,0.0,False,205.75,205.75,-641.81,False,0.0,False
2012-08-01,2012-08-02,0,Overnight,0.0,False,222.27,222.27,-279.58,False,0.0,False
2012-08-02,2012-08-03,0,Overnight,0.0,False,301.91,301.91,136.61,False,0.0,False
2012-08-03,2012-08-06,2,Weekend,48.0,False,102.16,102.16,257.99,False,0.0,False
2012-08-06,2012-08-07,0,Overnight,0.0,False,175.32,175.32,501.63,False,0.0,False
2012-08-07,2012-08-08,0,Overnight,0.0,False,-116.38,-116.38,-274.64,False,0.0,False
2012-08-08,2012-08-09,0,Overnight,0.0,False,146.74,146.74,-37.33,False,0.0,False
2012-08-09,2012-08-10,0,Overnight,0.0,False,-34.06,-34.06,212.67,False,0.0,False
2012-08-10,2012-08-13,2,Weekend,48.0,False,-83.85,-83.85,486.46,False,0.0,False
2012-08-13,2012-08-14,0,Overnight,0.0,False,-135.66,-135.66,-442.15,False,0.0,False
2012-08-14,2012-08-15,0,Overnight,0.0,False,-10.2,-10.2,3.4,False,0.0,False
2012-08-15,2012-08-16,0,Overnight,0.0,False,44.12,44.12,257.41,False,0.0,False
2012-08-16,2012-08-17,0,Overnight,0.0,False,-3.3,-3.3,-92.87,False,0.0,False
2012-08-17,2012-08-20,2,Weekend,48.0,False,46.54,46.54,-214.56,False,0.0,False
2012-08-20,2012-08-21,0,Overnight,0.0,False,23.69,23.69,-160.17,False,0.0,False
2012-08-21,2012-08-22,0,Overnight,0.0,False,-34.41,-34.41,318.89,False,0.0,False
2012-08-22,2012-08-23,0,Overnight,0.0,False,16.68,16.68,240.42,False,0.0,False
2012-08-23,2012-08-24,0,Overnight,0.0,False,-220.44,-220.44,-188.05,False,0.0,False
2012-08-24,2012-08-27,2,Weekend,48.0,False,23.7,23.7,-431.92,False,0.0,False
2012-08-27,2012-08-28,0,Overnight,0.0,False,28.21,28.21,101.6,False,0.0,False
2012-08-28,2012-08-29,0,Overnight,0.0,False,-69.96,-69.96,-28.12,False,0.0,False
2012-08-29,2012-08-30,0,Overnight,0.0,False,66.66,66.66,-66.66,False,0.0,False
2012-08-30,2012-08-31,0,Overnight,0.0,False,70.15,70.15,-31.51,False,0.0,False
2012-08-31,2012-09-04,3,Long,72.0,False,0.0,0.0,-134.13,False,0.0,False
2012-09-04,2012-09-05,0,Overnight,0.0,False,-46.31,-46.31,-25.02,False,0.0,False
2012-09-05,2012-09-06,0,Overnight,0.0,False,21.45,21.45,194.52,False,0.0,False
2012-09-06,2012-09-07,0,Overnight,0.0,False,0.0,0.0,276.36,False,0.0,False
2012-09-07,2012-09-10,2,Weekend,48.0,False,-51.24,-51.24,-647.21,False,0.0,False
2012-09-10,2012-09-11,0,Overnight,0.0,False,141.49,141.49,14.4,False,0.0,False
2012-09-11,2012-09-12,0,Overnight,0.0,False,35.91,35.91,135.28,False,0.0,False
2012-09-12,2012-09-13,0,Overnight,0.0,False,102.03,102.03,313.55,False,0.0,False
2012-09-13,2012-09-14,0,Overnight,0.0,False,174.85,174.85,129.16,False,0.0,False
2012-09-14,2012-09-17,2,Weekend,48.0,False,625.01,625.01,58.56,False,0.0,False
2012-09-17,2012-09-18,0,Overnight,0.0,False,-204.91,-204.91,-170.84,False,0.0,False
2012-09-18,2012-09-19,0,Overnight,0.0,False,-109.08,-109.08,16.11,False,0.0,False
2012-09-19,2012-09-20,0,Overnight,0.0,False,-38.72,-38.72,-9.7,False,0.0,False
2012-09-20,2012-09-21,0,Overnight,0.0,False,64.51,64.51,-353.44,False,0.0,False
2012-09-21,2012-09-24,2,Weekend,48.0,False,-171.35,-171.35,382.3,False,0.0,False
2012-09-24,2012-09-25,0,Overnight,0.0,False,-688.53,-688.53,-341.18,False,0.0,False
2012-09-25,2012-09-26,0,Overnight,0.0,False,0.0,0.0,-43.48,False,0.0,False
2012-09-26,2012-09-27,0,Overnight,0.0,False,101.16,101.16,237.98,False,0.0,False
2012-09-27,2012-09-28,0,Overnight,0.0,False,83.89,83.89,189.63,False,0.0,False
2012-09-28,2012-10-01,2,Weekend,48.0,False,74.86,74.86,-115.93,False,0.0,False
2012-10-01,2012-10-02,0,Overnight,0.0,False,41.07,41.07,176.04,False,0.0,False
2012-10-02,2012-10-03,0,Overnight,0.0,False,-16.8,-16.8,-152.42,False,0.0,False
2012-10-03,2012-10-04,0,Overnight,0.0,False,236.1,236.1,-202.03,False,0.0,False
2012-10-04,2012-10-05,0,Overnight,0.0,False,101.52,101.52,-276.52,False,0.0,False
2012-10-05,2012-10-08,2,Weekend,48.0,False,-10.39,-10.39,134.23,False,0.0,False
2012-10-08,2012-10-09,0,Overnight,0.0,False,-44.55,-44.55,-260.93,False,0.0,False
2012-10-09,2012-10-10,0,Overnight,0.0,False,7.05,7.05,3.52,False,0.0,False
2012-10-10,2012-10-11,0,Overnight,0.0,False,188.36,188.36,-216.56,False,0.0,False
2012-10-11,2012-10-12,0,Overnight,0.0,False,0.0,0.0,-243.04,False,0.0,False
2012-10-12,2012-10-15,2,Weekend,48.0,False,136.54,136.54,-249.34,False,0.0,False
2012-10-15,2012-10-16,0,Overnight,0.0,False,123.64,123.64,139.96,False,0.0,False
2012-10-16,2012-10-17,0,Overnight,0.0,False,67.48,67.48,199.76,False,0.0,False
2012-10-17,2012-10-18,0,Overnight,0.0,False,58.82,58.82,-333.19,False,0.0,False
2012-10-18,2012-10-19,0,Overnight,0.0,False,-75.17,-75.17,-32.39,False,0.0,False
2012-10-19,2012-10-22,2,Weekend,48.0,False,89.72,89.72,-50.14,False,0.0,False
2012-10-22,2012-10-23,0,Overnight,0.0,False,-170.21,-170.21,362.25,False,0.0,False
2012-10-23,2012-10-24,0,Overnight,0.0,False,45.68,45.68,-393.33,False,0.0,False
2012-10-24,2012-10-25,0,Overnight,0.0,False,137.63,137.63,-101.23,False,0.0,False
2012-10-25,2012-10-26,0,Overnight,0.0,False,3.63,3.63,-54.64,False,0.0,False
2012-10-26,2012-10-31,4,Long,96.0,False,116.2,116.2,154.04,False,0.0,False
2012-10-31,2012-11-01,0,Overnight,0.0,False,42.57,42.57,347.86,False,0.0,False
2012-11-01,2012-11-02,0,Overnight,0.0,False,6.83,6.83,-120.3,False,0.0,False
2012-11-02,2012-11-05,2,Weekend,49.0,False,299.75,299.75,554.79,False,0.0,False
2012-11-05,2012-11-06,0,Overnight,0.0,False,-286.61,-286.61,174.87,False,0.0,False
2012-11-06,2012-11-07,0,Overnight,0.0,False,-48.27,-48.27,172.69,False,0.0,False
2012-11-07,2012-11-08,0,Overnight,0.0,False,-169.47,-169.47,96.28,False,0.0,False
2012-11-08,2012-11-09,0,Overnight,0.0,False,-229.37,-229.37,-91.93,False,0.0,False
2012-11-09,2012-11-12,2,Weekend,48.0,False,-9.9,-9.9,254.25,False,0.0,False
2012-11-12,2012-11-13,0,Overnight,0.0,False,70.56,70.56,101.75,False,0.0,False
2012-11-13,2012-11-14,0,Overnight,0.0,False,110.12,110.12,-183.15,False,0.0,False
2012-11-14,2012-11-15,0,Overnight,0.0,False,-25.52,-25.52,-154.54,False,0.0,False
2012-11-15,2012-11-16,0,Overnight,0.0,False,106.5,106.5,219.09,False,0.0,False
2012-11-16,2012-11-19,2,Weekend,48.0,False,71.97,71.97,261.6,False,0.0,False
2012-11-19,2012-11-20,0,Overnight,0.0,False,-36.52,-36.52,60.79,False,0.0,False
2012-11-20,2012-11-21,0,Overnight,0.0,False,-118.89,-118.89,-43.02,False,0.0,False
2012-11-21,2012-11-23,1,Short,24.0,False,39.95,39.95,-145.22,False,0.0,False
2012-11-23,2012-11-26,2,Weekend,48.0,True,-9.34,-9.34,52.82,False,0.0,False
2012-11-26,2012-11-27,0,Overnight,0.0,False,-43.48,-43.48,6.22,False,0.0,False
2012-11-27,2012-11-28,0,Overnight,0.0,False,-46.77,-46.77,377.17,False,0.0,False
2012-11-28,2012-11-29,0,Overnight,0.0,False,63.0,63.0,74.48,False,0.0,False
2012-11-29,2012-11-30,0,Overnight,0.0,False,-17.83,-17.83,56.34,False,0.0,False
2012-11-30,2012-12-03,2,Weekend,48.0,False,20.67,20.67,213.12,False,0.0,False
2012-12-03,2012-12-04,0,Overnight,0.0,False,-157.21,-157.21,-52.96,False,0.0,False
2012-12-04,2012-12-05,0,Overnight,0.0,False,-23.63,-23.63,-32.58,False,0.0,False
2012-12-05,2012-12-06,0,Overnight,0.0,False,32.58,32.58,23.63,False,0.0,False
2012-12-06,2012-12-07,0,Overnight,0.0,False,117.3,117.3,-37.97,False,0.0,False
2012-12-07,2012-12-10,2,Weekend,48.0,False,75.8,75.8,40.58,False,0.0,False
2012-12-10,2012-12-11,0,Overnight,0.0,False,8.67,8.67,194.62,False,0.0,False
2012-12-11,2012-12-12,0,Overnight,0.0,False,-19.86,-19.86,14.19,False,0.0,False
2012-12-12,2012-12-13,0,Overnight,0.0,False,0.0,0.0,-479.26,False,0.0,False
2012-12-13,2012-12-14,0,Overnight,0.0,False,50.45,50.45,8.88,False,0.0,False
2012-12-14,2012-12-17,2,Weekend,48.0,False,-11.84,-11.84,184.84,False,0.0,False
2012-12-17,2012-12-18,0,Overnight,0.0,False,-40.78,-40.78,95.86,False,0.0,False
2012-12-18,2012-12-19,0,Overnight,0.0,False,46.15,46.15,-40.37,False,0.0,False
2012-12-19,2012-12-20,0,Overnight,0.0,False,-28.93,-28.93,-23.21,False,0.0,False
2012-12-20,2012-12-21,0,Overnight,0.0,False,-143.34,-143.34,17.66,False,0.0,False
2012-12-21,2012-12-24,2,Weekend,48.0,False,-106.45,-106.45,188.46,False,0.0,False
2012-12-24,2012-12-26,1,Short,24.0,True,-93.79,-93.79,-109.55,False,0.0,False
2012-12-26,2012-12-27,0,Overnight,0.0,False,-26.83,-26.83,56.56,False,0.0,False
2012-12-27,2012-12-28,0,Overnight,0.0,False,-92.44,-92.44,-48.05,False,0.0,False
2012-12-28,2012-12-31,2,Weekend,48.0,False,-66.45,-66.45,260.22,False,0.0,False
2012-12-31,2013-01-02,1,Short,24.0,False,328.18,328.18,102.33,False,0.0,False
2013-01-02,2013-01-03,0,Overnight,0.0,False,-51.03,-51.03,-117.23,False,0.0,False
2013-01-03,2013-01-04,0,Overnight,0.0,False,8.62,8.62,-115.61,False,0.0,False
2013-01-04,2013-01-07,2,Weekend,48.0,False,115.61,115.61,-133.07,False,0.0,False
2013-01-07,2013-01-08,0,Overnight,0.0,False,46.49,46.49,-240.55,False,0.0,False
2013-01-08,2013-01-09,0,Overnight,0.0,False,97.5,97.5,-109.38,False,0.0,False
2013-01-09,2013-01-10,0,Overnight,0.0,False,68.14,68.14,-100.89,False,0.0,False
2013-01-10,2013-01-11,0,Overnight,0.0,False,150.96,150.96,-337.6,False,0.0,False
2013-01-11,2013-01-14,2,Weekend,48.0,False,51.52,51.52,54.27,False,0.0,False
2013-01-14,2013-01-15,0,Overnight,0.0,False,-45.2,-45.2,235.8,False,0.0,False
2013-01-15,2013-01-16,0,Overnight,0.0,False,-14.76,-14.76,73.58,False,0.0,False
2013-01-16,2013-01-17,0,Overnight,0.0,False,17.58,17.58,64.2,False,0.0,False
2013-01-17,2013-01-18,0,Overnight,0.0,False,104.17,104.17,-63.53,False,0.0,False
2013-01-18,2013-01-22,3,Long,72.0,False,11.58,11.58,180.65,False,0.0,False
2013-01-22,2013-01-23,0,Overnight,0.0,False,-48.42,-48.42,275.99,False,0.0,False
2013-01-23,2013-01-24,0,Overnight,0.0,False,0.0,0.0,271.29,False,0.0,False
2013-01-24,2013-01-25,0,Overnight,0.0,False,2.7,2.7,-5.41,False,0.0,False
2013-01-25,2013-01-28,2,Weekend,48.0,False,-32.5,-32.5,312.48,False,0.0,False
2013-01-28,2013-01-29,0,Overnight,0.0,False,18.39,18.39,-39.45,False,0.0,False
2013-01-29,2013-01-30,0,Overnight,0.0,False,-26.39,-26.39,-87.57,False,0.0,False
2013-01-30,2013-01-31,0,Overnight,0.0,False,92.85,92.85,-95.52,False,0.0,False
2013-01-31,2013-02-01,0,Overnight,0.0,False,174.42,174.42,34.0,False,0.0,False
2013-02-01,2013-02-04,2,Weekend,48.0,False,26.08,26.08,-173.37,False,0.0,False
2013-02-04,2013-02-05,0,Overnight,0.0,False,68.65,68.65,34.15,False,0.0,False
2013-02-05,2013-02-06,0,Overnight,0.0,False,13.1,13.1,255.99,False,0.0,False
2013-02-06,2013-02-07,0,Overnight,0.0,False,5.11,5.11,73.72,False,0.0,False
2013-02-07,2013-02-08,0,Overnight,0.0,False,-7.6,-7.6,-53.37,False,0.0,False
2013-02-08,2013-02-11,2,Weekend,48.0,False,-326.37,-326.37,115.18,False,0.0,False
2013-02-11,2013-02-12,0,Overnight,0.0,False,7.81,7.81,-146.71,False,0.0,False
2013-02-12,2013-02-13,0,Overnight,0.0,False,107.63,107.63,39.09,False,0.0,False
2013-02-13,2013-02-14,0,Overnight,0.0,False,49.29,49.29,-96.22,False,0.0,False
2013-02-14,2013-02-15,0,Overnight,0.0,False,59.92,59.92,-386.6,False,0.0,False
2013-02-15,2013-02-19,3,Long,72.0,False,86.02,86.02,501.15,False,0.0,False
2013-02-19,2013-02-20,0,Overnight,0.0,False,5.09,5.09,-195.28,False,0.0,False
2013-02-20,2013-02-21,0,Overnight,0.0,False,-546.58,-546.58,-371.29,False,0.0,False
2013-02-21,2013-02-22,0,Overnight,0.0,False,158.02,158.02,108.59,False,0.0,False
2013-02-22,2013-02-25,2,Weekend,48.0,False,11.07,11.07,-502.02,False,0.0,False
2013-02-25,2013-02-26,0,Overnight,0.0,False,23.24,23.24,-8.71,False,0.0,False
2013-02-26,2013-02-27,0,Overnight,0.0,False,-5.81,-5.81,198.54,False,0.0,False
2013-02-27,2013-02-28,0,Overnight,0.0,False,222.58,222.58,-299.8,False,0.0,False
2013-02-28,2013-03-01,0,Overnight,0.0,False,48.69,48.69,-100.5,False,0.0,False
2013-03-01,2013-03-04,2,Weekend,48.0,False,34.57,34.57,230.29,False,0.0,False
2013-03-04,2013-03-05,0,Overnight,0.0,False,117.35,117.35,178.94,False,0.0,False
2013-03-05,2013-03-06,0,Overnight,0.0,False,97.75,97.75,182.07,False,0.0,False
2013-03-06,2013-03-07,0,Overnight,0.0,False,10.6,10.6,131.65,False,0.0,False
2013-03-07,2013-03-08,0,Overnight,0.0,False,-44.57,-44.57,107.15,False,0.0,False
2013-03-08,2013-03-11,2,Weekend,47.0,False,103.44,103.44,59.0,False,0.0,False
2013-03-11,2013-03-12,0,Overnight,0.0,False,-51.28,-51.28,56.4,False,0.0,False
2013-03-12,2013-03-13,0,Overnight,0.0,False,-30.72,-30.72,-5.13,False,0.0,False
2013-03-13,2013-03-14,0,Overnight,0.0,False,-20.55,-20.55,-541.38,False,0.0,False
2013-03-14,2013-03-15,0,Overnight,0.0,False,-57.15,-57.15,-375.41,False,0.0,False
2013-03-15,2013-03-18,2,Weekend,48.0,False,2.83,2.83,-42.58,False,0.0,False
2013-03-18,2013-03-19,0,Overnight,0.0,False,28.41,28.41,-48.34,False,0.0,False
2013-03-19,2013-03-20,0,Overnight,0.0,False,51.18,51.18,193.8,False,0.0,False
2013-03-20,2013-03-21,0,Overnight,0.0,False,0.0,0.0,16.68,False,0.0,False
2013-03-21,2013-03-22,0,Overnight,0.0,False,52.62,52.62,115.35,False,0.0,False
2013-03-22,2013-03-25,2,Weekend,48.0,False,130.22,130.22,115.24,False,0.0,False
2013-03-25,2013-03-26,0,Overnight,0.0,False,119.19,119.19,-31.65,False,0.0,False
2013-03-26,2013-03-27,0,Overnight,0.0,False,21.11,21.11,57.82,False,0.0,False
2013-03-27,2013-03-28,0,Overnight,0.0,False,18.33,18.33,-89.33,False,0.0,False
2013-03-28,2013-04-01,3,Long,72.0,False,1115.17,1115.17,363.93,False,0.0,False
2013-04-01,2013-04-02,0,Overnight,0.0,False,-75.4,-75.4,168.3,False,0.0,False
2013-04-02,2013-04-03,0,Overnight,0.0,False,-283.64,-283.64,-475.15,False,0.0,False
2013-04-03,2013-04-04,0,Overnight,0.0,False,2.43,2.43,216.56,False,0.0,False
2013-04-04,2013-04-05,0,Overnight,0.0,False,-2.38,-2.38,-151.14,False,0.0,False
2013-04-05,2013-04-08,2,Weekend,48.0,False,143.99,143.99,-33.41,False,0.0,False
2013-04-08,2013-04-09,0,Overnight,0.0,False,-7.17,-7.17,-315.94,False,0.0,False
2013-04-09,2013-04-10,0,Overnight,0.0,False,49.26,49.26,281.03,False,0.0,False
2013-04-10,2013-04-11,0,Overnight,0.0,False,47.66,47.66,357.31,False,0.0,False
2013-04-11,2013-04-12,0,Overnight,0.0,False,-78.31,-78.31,114.95,False,0.0,False
2013-04-12,2013-04-15,2,Weekend,48.0,False,-57.31,-57.31,-46.08,False,0.0,False
2013-04-15,2013-04-16,0,Overnight,0.0,False,203.46,203.46,311.9,False,0.0,False
2013-04-16,2013-04-17,0,Overnight,0.0,False,-19.76,-19.76,-10.99,False,0.0,False
2013-04-17,2013-04-18,0,Overnight,0.0,False,115.94,115.94,213.03,False,0.0,False
2013-04-18,2013-04-19,0,Overnight,0.0,False,103.78,103.78,77.66,False,0.0,False
2013-04-19,2013-04-22,2,Weekend,48.0,False,159.7,159.7,321.92,False,0.0,False
2013-04-22,2013-04-23,0,Overnight,0.0,False,160.1,160.1,1.96,False,0.0,False
2013-04-23,2013-04-24,0,Overnight,0.0,False,-21.59,-21.59,-92.77,False,0.0,False
2013-04-24,2013-04-25,0,Overnight,0.0,False,13.87,13.87,292.7,False,0.0,False
2013-04-25,2013-04-26,0,Overnight,0.0,False,214.98,214.98,-370.02,False,0.0,False
2013-04-26,2013-04-29,2,Weekend,48.0,False,108.78,108.78,596.24,False,0.0,False
2013-04-29,2013-04-30,0,Overnight,0.0,False,191.1,191.1,-365.53,False,0.0,False
2013-04-30,2013-05-01,0,Overnight,0.0,False,363.74,363.74,-496.12,False,0.0,False
2013-05-01,2013-05-02,0,Overnight,0.0,False,106.41,106.41,48.17,False,0.0,False
2013-05-02,2013-05-03,0,Overnight,0.0,False,426.91,426.91,-345.92,False,0.0,False
2013-05-03,2013-05-06,2,Weekend,48.0,False,331.74,331.74,536.85,False,0.0,False
2013-05-06,2013-05-07,0,Overnight,0.0,False,411.58,411.58,-1105.71,False,0.0,False
2013-05-07,2013-05-08,0,Overnight,0.0,False,352.22,352.22,-301.9,False,0.0,False
2013-05-08,2013-05-09,0,Overnight,0.0,False,2286.14,2286.14,-103.21,False,0.0,False
2013-05-09,2013-05-10,0,Overnight,0.0,False,35.96,35.96,972.01,False,0.0,False
2013-05-10,2013-05-13,2,Weekend,48.0,False,536.42,536.42,807.36,False,0.0,False
2013-05-13,2013-05-14,0,Overnight,0.0,False,705.71,705.71,-1239.04,False,0.0,False
2013-05-14,2013-05-15,0,Overnight,0.0,False,-174.51,-174.51,364.9,False,0.0,False
2013-05-15,2013-05-16,0,Overnight,0.0,False,1099.47,1099.47,-262.12,False,0.0,False
2013-05-16,2013-05-17,0,Overnight,0.0,False,27.06,27.06,-108.7,False,0.0,False
2013-05-17,2013-05-20,2,Weekend,48.0,False,-41.62,-41.62,-130.35,False,0.0,False
2013-05-20,2013-05-21,0,Overnight,0.0,False,-161.4,-161.4,-103.36,False,0.0,False
2013-05-21,2013-05-22,0,Overnight,0.0,False,-140.26,-140.26,100.23,False,0.0,False
2013-05-22,2013-05-23,0,Overnight,0.0,False,-282.49,-282.49,892.79,False,0.0,False
2013-05-23,2013-05-24,0,Overnight,0.0,False,-14.03,-14.03,472.46,False,0.0,False
2013-05-24,2013-05-28,3,Long,72.0,False,450.16,450.16,829.25,False,0.0,False
2013-05-28,2013-05-29,0,Overnight,0.0,False,287.67,287.67,-818.13,False,0.0,False
2013-05-29,2013-05-30,0,Overnight,0.0,False,-209.58,-209.58,240.12,False,0.0,False
2013-05-30,2013-05-31,0,Overnight,0.0,False,124.05,124.05,-833.73,False,0.0,False
2013-05-31,2013-06-03,2,Weekend,48.0,False,-14.33,-14.33,-529.01,False,0.0,False
2013-06-03,2013-06-04,0,Overnight,0.0,False,17.26,17.26,222.84,False,0.0,False
2013-06-04,2013-06-05,0,Overnight,0.0,False,-125.2,-125.2,180.93,False,0.0,False
2013-06-05,2013-06-06,0,Overnight,0.0,False,-12.59,-12.59,218.08,False,0.0,False
2013-06-06,2013-06-07,0,Overnight,0.0,False,66.55,66.55,403.98,False,0.0,False
2013-06-07,2013-06-10,2,Weekend,48.0,False,-309.52,-309.52,112.58,False,0.0,False
2013-06-10,2013-06-11,0,Overnight,0.0,False,-188.68,-188.68,-385.2,False,0.0,False
2013-06-11,2013-06-12,0,Overnight,0.0,False,243.65,243.65,95.62,False,0.0,False
2013-06-12,2013-06-13,0,Overnight,0.0,False,129.11,129.11,-83.17,False,0.0,False
2013-06-13,2013-06-14,0,Overnight,0.0,False,183.68,183.68,29.96,False,0.0,False
2013-06-14,2013-06-17,2,Weekend,48.0,False,323.72,323.72,-136.06,False,0.0,False
2013-06-17,2013-06-18,0,Overnight,0.0,False,-44.13,-44.13,159.9,False,0.0,False
2013-06-18,2013-06-19,0,Overnight,0.0,False,-129.47,-129.47,253.47,False,0.0,False
2013-06-19,2013-06-20,0,Overnight,0.0,False,-2.87,-2.87,-389.72,False,0.0,False
2013-06-20,2013-06-21,0,Overnight,0.0,False,298.53,298.53,-408.42,False,0.0,False
2013-06-21,2013-06-24,2,Weekend,48.0,False,-311.17,-311.17,504.17,False,0.0,False
2013-06-24,2013-06-25,0,Overnight,0.0,False,157.39,157.39,-68.13,False,0.0,False
2013-06-25,2013-06-26,0,Overnight,0.0,False,135.79,135.79,183.28,False,0.0,False
2013-06-26,2013-06-27,0,Overnight,0.0,False,96.96,96.96,231.49,False,0.0,False
2013-06-27,2013-06-28,0,Overnight,0.0,False,-62.44,-62.44,-112.07,False,0.0,False
2013-06-28,2013-07-01,2,Weekend,48.0,False,184.58,184.58,690.66,False,0.0,False
2013-07-01,2013-07-02,0,Overnight,0.0,False,90.9,90.9,-36.43,False,0.0,False
2013-07-02,2013-07-03,0,Overnight,0.0,False,15.27,15.27,-236.68,False,0.0,False
2013-07-03,2013-07-05,1,Short,24.0,True,263.76,263.76,148.49,False,0.0,False
2013-07-05,2013-07-08,2,Weekend,48.0,False,106.02,106.02,19.75,False,0.0,False
2013-07-08,2013-07-09,0,Overnight,0.0,False,246.1,246.1,-95.93,False,0.0,False
2013-07-09,2013-07-10,0,Overnight,0.0,False,-21.08,-21.08,-74.96,False,0.0,False
2013-07-10,2013-07-11,0,Overnight,0.0,False,211.22,211.22,58.29,False,0.0,False
2013-07-11,2013-07-12,0,Overnight,0.0,False,-8.76,-8.76,344.59,False,0.0,False
2013-07-12,2013-07-15,2,Weekend,48.0,False,238.1,238.1,-443.42,False,0.0,False
2013-07-15,2013-07-16,0,Overnight,0.0,False,-77.31,-77.31,-1466.95,False,0.0,False
2013-07-16,2013-07-17,0,Overnight,0.0,False,-234.74,-234.74,1212.4,False,0.0,False
2013-07-17,2013-07-18,0,Overnight,0.0,False,59.7,59.7,-161.67,False,0.0,False
2013-07-18,2013-07-19,0,Overnight,0.0,False,-44.63,-44.63,99.09,False,0.0,False
2013-07-19,2013-07-22,2,Weekend,48.0,False,17.53,17.53,209.65,False,0.0,False
2013-07-22,2013-07-23,0,Overnight,0.0,False,127.42,127.42,-102.13,False,0.0,False
2013-07-23,2013-07-24,0,Overnight,0.0,False,139.96,139.96,-225.06,False,0.0,False
2013-07-24,2013-07-25,0,Overnight,0.0,False,-107.39,-107.39,300.26,False,0.0,False
2013-07-25,2013-07-26,0,Overnight,0.0,False,322.78,322.78,97.08,False,0.0,False
2013-07-26,2013-07-29,2,Weekend,48.0,False,-5.41,-5.41,401.66,False,0.0,False
2013-07-29,2013-07-30,0,Overnight,0.0,False,13.36,13.36,-229.62,False,0.0,False
2013-07-30,2013-07-31,0,Overnight,0.0,False,62.8,62.8,128.16,False,0.0,False
2013-07-31,2013-08-01,0,Overnight,0.0,False,53.48,53.48,40.66,False,0.0,False
2013-08-01,2013-08-02,0,Overnight,0.0,False,-71.07,-71.07,250.21,False,0.0,False
2013-08-02,2013-08-05,2,Weekend,48.0,False,144.6,144.6,328.11,False,0.0,False
2013-08-05,2013-08-06,0,Overnight,0.0,False,4.84,4.84,-181.25,False,0.0,False
2013-08-06,2013-08-07,0,Overnight,0.0,False,-18.31,-18.31,-554.97,False,0.0,False
2013-08-07,2013-08-08,0,Overnight,0.0,False,1396.68,1396.68,-56.52,False,0.0,False
2013-08-08,2013-08-09,0,Overnight,0.0,False,-70.62,-70.62,39.29,False,0.0,False
2013-08-09,2013-08-12,2,Weekend,48.0,False,-236.1,-236.1,-138.14,False,0.0,False
2013-08-12,2013-08-13,0,Overnight,0.0,False,142.82,142.82,-276.02,False,0.0,False
2013-08-13,2013-08-14,0,Overnight,0.0,False,-188.1,-188.1,-238.24,False,0.0,False
2013-08-14,2013-08-15,0,Overnight,0.0,False,-212.49,-212.49,234.71,False,0.0,False
2013-08-15,2013-08-16,0,Overnight,0.0,False,139.36,139.36,26.09,False,0.0,False
2013-08-16,2013-08-19,2,Weekend,48.0,False,100.2,100.2,101.97,False,0.0,False
2013-08-19,2013-08-20,0,Overnight,0.0,False,255.51,255.51,62.37,False,0.0,False
2013-08-20,2013-08-21,0,Overnight,0.0,False,28.04,28.04,-143.69,False,0.0,False
2013-08-21,2013-08-22,0,Overnight,0.0,False,91.56,91.56,514.61,False,0.0,False
2013-08-22,2013-08-23,0,Overnight,0.0,False,-6.37,-6.37,303.62,False,0.0,False
2013-08-23,2013-08-26,2,Weekend,48.0,False,202.46,202.46,-56.47,False,0.0,False
2013-08-26,2013-08-27,0,Overnight,0.0,False,-117.61,-117.61,286.07,False,0.0,False
2013-08-27,2013-08-28,0,Overnight,0.0,False,122.0,122.0,-155.59,False,0.0,False
2013-08-28,2013-08-29,0,Overnight,0.0,False,-134.88,-134.88,111.42,False,0.0,False
2013-08-29,2013-08-30,0,Overnight,0.0,False,18.65,18.65,156.85,False,0.0,False
2013-08-30,2013-09-03,3,Long,72.0,False,257.02,257.02,-260.57,False,0.0,False
2013-09-03,2013-09-04,0,Overnight,0.0,False,49.01,49.01,49.94,False,0.0,False
2013-09-04,2013-09-05,0,Overnight,0.0,False,-30.52,-30.52,-10.0,False,0.0,False
2013-09-05,2013-09-06,0,Overnight,0.0,False,-80.36,-80.36,-95.37,False,0.0,False
2013-09-06,2013-09-09,2,Weekend,48.0,False,-233.28,-233.28,-149.47,False,0.0,False
2013-09-09,2013-09-10,0,Overnight,0.0,False,46.56,46.56,300.19,False,0.0,False
2013-09-10,2013-09-11,0,Overnight,0.0,False,2.4,2.4,-175.19,False,0.0,False
2013-09-11,2013-09-12,0,Overnight,0.0,False,29.31,29.31,56.55,False,0.0,False
2013-09-12,2013-09-13,0,Overnight,0.0,False,-131.83,-131.83,168.75,False,0.0,False
2013-09-13,2013-09-16,2,Weekend,48.0,False,147.51,147.51,-84.88,False,0.0,False
2013-09-16,2013-09-17,0,Overnight,0.0,False,-90.45,-90.45,69.42,False,0.0,False
2013-09-17,2013-09-18,0,Overnight,0.0,False,50.41,50.41,-51.01,False,0.0,False
2013-09-18,2013-09-19,0,Overnight,0.0,False,271.81,271.81,408.41,False,0.0,False
2013-09-19,2013-09-20,0,Overnight,0.0,False,54.93,54.93,247.88,False,0.0,False
2013-09-20,2013-09-23,2,Weekend,48.0,False,59.26,59.26,-184.37,False,0.0,False
2013-09-23,2013-09-24,0,Overnight,0.0,False,-109.37,-109.37,176.51,False,0.0,False
2013-09-24,2013-09-25,0,Overnight,0.0,False,67.23,67.23,91.11,False,0.0,False
2013-09-25,2013-09-26,0,Overnight,0.0,False,78.51,78.51,103.37,False,0.0,False
2013-09-26,2013-09-27,0,Overnight,0.0,False,-59.55,-59.55,178.64,False,0.0,False
2013-09-27,2013-09-30,2,Weekend,48.0,False,-100.03,-100.03,228.58,False,0.0,False
2013-09-30,2013-10-01,0,Overnight,0.0,False,30.47,30.47,-49.62,False,0.0,False
2013-10-01,2013-10-02,0,Overnight,0.0,False,-231.15,-231.15,-413.55,False,0.0,False
2013-10-02,2013-10-03,0,Overnight,0.0,False,-331.49,-331.49,-99.9,False,0.0,False
2013-10-03,2013-10-04,0,Overnight,0.0,False,176.72,176.72,256.32,False,0.0,False
2013-10-04,2013-10-07,2,Weekend,48.0,False,81.44,81.44,33.38,False,0.0,False
2013-10-07,2013-10-08,0,Overnight,0.0,False,72.39,72.39,-538.65,False,0.0,False
2013-10-08,2013-10-09,0,Overnight,0.0,False,0.0,0.0,-346.46,False,0.0,False
2013-10-09,2013-10-10,0,Overnight,0.0,False,252.16,252.16,-9.25,False,0.0,False
2013-10-10,2013-10-11,0,Overnight,0.0,False,-10.41,-10.41,338.63,False,0.0,False
2013-10-11,2013-10-14,2,Weekend,48.0,False,-209.22,-209.22,266.14,False,0.0,False
2013-10-14,2013-10-15,0,Overnight,0.0,False,304.68,304.68,-72.59,False,0.0,False
2013-10-15,2013-10-16,0,Overnight,0.0,False,52.06,52.06,-72.74,False,0.0,False
2013-10-16,2013-10-17,0,Overnight,0.0,False,-1.09,-1.09,-40.4,False,0.0,False
2013-10-17,2013-10-18,0,Overnight,0.0,False,73.58,73.58,-40.81,False,0.0,False
2013-10-18,2013-10-21,2,Weekend,48.0,False,-6.55,-6.55,-600.38,False,0.0,False
2013-10-21,2013-10-22,0,Overnight,0.0,False,-122.41,-122.41,60.81,False,0.0,False
2013-10-22,2013-10-23,0,Overnight,0.0,False,-154.5,-154.5,-264.55,False,0.0,False
2013-10-23,2013-10-24,0,Overnight,0.0,False,30.35,30.35,482.13,False,0.0,False
2013-10-24,2013-10-25,0,Overnight,0.0,False,61.03,61.03,-264.65,False,0.0,False
2013-10-25,2013-10-28,2,Weekend,48.0,False,30.6,30.6,-439.66,False,0.0,False
2013-10-28,2013-10-29,0,Overnight,0.0,False,-6.14,-6.14,104.51,False,0.0,False
2013-10-29,2013-10-30,0,Overnight,0.0,False,9.72,9.72,-334.14,False,0.0,False
2013-10-30,2013-10-31,0,Overnight,0.0,False,-225.49,-225.49,270.6,False,0.0,False
2013-10-31,2013-11-01,0,Overnight,0.0,False,189.51,189.51,-51.05,False,0.0,False
2013-11-01,2013-11-04,2,Weekend,49.0,False,173.0,173.0,599.83,False,0.0,False
2013-11-04,2013-11-05,0,Overnight,0.0,False,270.29,270.29,-178.81,False,0.0,False
2013-11-05,2013-11-06,0,Overnight,0.0,False,-1328.77,-1328.77,-238.6,False,0.0,False
2013-11-06,2013-11-07,0,Overnight,0.0,False,-472.07,-472.07,-311.34,False,0.0,False
2013-11-07,2013-11-08,0,Overnight,0.0,False,-238.2,-238.2,107.13,False,0.0,False
2013-11-08,2013-11-11,2,Weekend,48.0,False,218.69,218.69,259.03,False,0.0,False
2013-11-11,2013-11-12,0,Overnight,0.0,False,-0.69,-0.69,-487.9,False,0.0,False
2013-11-12,2013-11-13,0,Overnight,0.0,False,218.21,218.21,-153.11,False,0.0,False
2013-11-13,2013-11-14,0,Overnight,0.0,False,15.85,15.85,-95.47,False,0.0,False
2013-11-14,2013-11-15,0,Overnight,0.0,False,-54.65,-54.65,-102.83,False,0.0,False
2013-11-15,2013-11-18,2,Weekend,48.0,False,-13.3,-13.3,-1067.0,False,0.0,False
2013-11-18,2013-11-19,0,Overnight,0.0,False,-178.42,-178.42,542.66,False,0.0,False
2013-11-19,2013-11-20,0,Overnight,0.0,False,-0.79,-0.79,-402.17,False,0.0,False
2013-11-20,2013-11-21,0,Overnight,0.0,False,145.9,145.9,-64.49,False,0.0,False
2013-11-21,2013-11-22,0,Overnight,0.0,False,-42.68,-42.68,-16.46,False,0.0,False
2013-11-22,2013-11-25,2,Weekend,48.0,False,253.8,253.8,-298.38,False,0.0,False
2013-11-25,2013-11-26,0,Overnight,0.0,False,-121.56,-121.56,93.38,False,0.0,False
2013-11-26,2013-11-27,0,Overnight,0.0,False,67.0,67.0,453.65,False,0.0,False
2013-11-27,2013-11-29,1,Short,24.0,False,220.49,220.49,-193.74,False,0.0,False
2013-11-29,2013-12-02,2,Weekend,48.0,True,-73.34,-73.34,-174.04,False,0.0,False
2013-12-02,2013-12-03,0,Overnight,0.0,False,662.89,662.89,867.22,False,0.0,False
2013-12-03,2013-12-04,0,Overnight,0.0,False,-26.3,-26.3,-379.19,False,0.0,False
2013-12-04,2013-12-05,0,Overnight,0.0,False,85.99,85.99,23.52,False,0.0,False
2013-12-05,2013-12-06,0,Overnight,0.0,False,73.05,73.05,-297.65,False,0.0,False
2013-12-06,2013-12-09,2,Weekend,48.0,False,-26.24,-26.24,330.25,False,0.0,False
2013-12-09,2013-12-10,0,Overnight,0.0,False,-110.07,-110.07,151.65,False,0.0,False
2013-12-10,2013-12-11,0,Overnight,0.0,False,-21.82,-21.82,-158.42,False,0.0,False
2013-12-11,2013-12-12,0,Overnight,0.0,False,3.58,3.58,541.28,False,0.0,False
2013-12-12,2013-12-13,0,Overnight,0.0,False,39.25,39.25,-27.05,False,0.0,False
2013-12-13,2013-12-16,2,Weekend,48.0,False,56.06,56.06,-36.43,False,0.0,False
2013-12-16,2013-12-17,0,Overnight,0.0,False,-24.36,-24.36,325.32,False,0.0,False
2013-12-17,2013-12-18,0,Overnight,0.0,False,-14.44,-14.44,-283.81,False,0.0,False
2013-12-18,2013-12-19,0,Overnight,0.0,False,-73.25,-73.25,-429.8,False,0.0,False
2013-12-19,2013-12-20,0,Overnight,0.0,False,60.93,60.93,116.57,False,0.0,False
2013-12-20,2013-12-23,2,Weekend,48.0,False,111.77,111.77,-90.15,False,0.0,False
2013-12-23,2013-12-24,0,Overnight,0.0,False,439.52,439.52,93.56,False,0.0,False
2013-12-24,2013-12-26,1,Short,24.0,True,236.92,236.92,29.63,False,0.0,False
2013-12-26,2013-12-27,0,Overnight,0.0,False,-12.87,-12.87,-272.84,False,0.0,False
2013-12-27,2013-12-30,2,Weekend,48.0,False,0.0,0.0,86.97,False,0.0,False
2013-12-30,2013-12-31,0,Overnight,0.0,False,-7.88,-7.88,-124.86,False,0.0,False
2013-12-31,2014-01-02,1,Short,24.0,False,-41.97,-41.97,20.01,False,0.0,False
2014-01-02,2014-01-03,0,Overnight,0.0,False,-6.66,-6.66,-29.38,False,0.0,False
2014-01-03,2014-01-06,2,Weekend,48.0,False,29.38,29.38,-202.03,False,0.0,False
2014-01-06,2014-01-07,0,Overnight,0.0,False,42.09,42.09,117.18,False,0.0,False
2014-01-07,2014-01-08,0,Overnight,0.0,False,-34.2,-34.2,161.93,False,0.0,False
2014-01-08,2014-01-09,0,Overnight,0.0,False,80.32,80.32,-331.33,False,0.0,False
2014-01-09,2014-01-10,0,Overnight,0.0,False,62.84,62.84,-186.29,False,0.0,False
2014-01-10,2014-01-13,2,Weekend,48.0,False,4.12,4.12,-451.82,False,0.0,False
2014-01-13,2014-01-14,0,Overnight,0.0,False,82.91,82.91,1378.72,False,0.0,False
2014-01-14,2014-01-15,0,Overnight,0.0,False,435.59,435.59,-259.8,False,0.0,False
2014-01-15,2014-01-16,0,Overnight,0.0,False,-99.81,-99.81,508.1,False,0.0,False
2014-01-16,2014-01-17,0,Overnight,0.0,False,-45.73,-45.73,-10.58,False,0.0,False
2014-01-17,2014-01-21,3,Long,72.0,False,72.09,72.09,312.74,False,0.0,False
2014-01-21,2014-01-22,0,Overnight,0.0,False,63.75,63.75,42.09,False,0.0,False
2014-01-22,2014-01-23,0,Overnight,0.0,False,-74.76,-74.76,238.07,False,0.0,False
2014-01-23,2014-01-24,0,Overnight,0.0,False,-203.15,-203.15,-184.43,False,0.0,False
2014-01-24,2014-01-27,2,Weekend,48.0,False,32.02,32.02,-321.39,False,0.0,False
2014-01-27,2014-01-28,0,Overnight,0.0,False,110.23,110.23,393.33,False,0.0,False
2014-01-28,2014-01-29,0,Overnight,0.0,False,-174.17,-174.17,-3.99,False,0.0,False
2014-01-29,2014-01-30,0,Overnight,0.0,False,156.84,156.84,268.28,False,0.0,False
2014-01-30,2014-01-31,0,Overnight,0.0,False,-220.64,-220.64,142.12,False,0.0,False
2014-01-31,2014-02-03,2,Weekend,48.0,False,81.25,81.25,-321.14,False,0.0,False
2014-02-03,2014-02-04,0,Overnight,0.0,False,200.67,200.67,-109.62,False,0.0,False
2014-02-04,2014-02-05,0,Overnight,0.0,False,-24.09,-24.09,-220.01,False,0.0,False
2014-02-05,2014-02-06,0,Overnight,0.0,False,107.21,107.21,117.29,False,0.0,False
2014-02-06,2014-02-07,0,Overnight,0.0,False,146.36,146.36,300.4,False,0.0,False
2014-02-07,2014-02-10,2,Weekend,48.0,False,149.52,149.52,374.23,False,0.0,False
2014-02-10,2014-02-11,0,Overnight,0.0,False,121.86,121.86,-118.81,False,0.0,False
2014-02-11,2014-02-12,0,Overnight,0.0,False,-42.81,-42.81,-23.52,False,0.0,False
2014-02-12,2014-02-13,0,Overnight,0.0,False,-101.89,-101.89,320.15,False,0.0,False
2014-02-13,2014-02-14,0,Overnight,0.0,False,-76.94,-76.94,6.56,False,0.0,False
2014-02-14,2014-02-18,3,Long,72.0,False,347.52,347.52,-75.32,False,0.0,False
2014-02-18,2014-02-19,0,Overnight,0.0,False,0.0,0.0,-506.48,False,0.0,False
2014-02-19,2014-02-20,0,Overnight,0.0,False,1046.84,1046.84,-237.2,False,0.0,False
2014-02-20,2014-02-21,0,Overnight,0.0,False,79.22,79.22,-96.86,False,0.0,False
2014-02-21,2014-02-24,2,Weekend,48.0,False,-40.16,-40.16,417.03,False,0.0,False
2014-02-24,2014-02-25,0,Overnight,0.0,False,551.91,551.91,753.49,False,0.0,False
2014-02-25,2014-02-26,0,Overnight,0.0,False,417.76,417.76,-218.16,False,0.0,False
2014-02-26,2014-02-27,0,Overnight,0.0,False,320.88,320.88,-339.08,False,0.0,False
2014-02-27,2014-02-28,0,Overnight,0.0,False,-115.1,-115.1,-195.77,False,0.0,False
2014-02-28,2014-03-03,2,Weekend,48.0,False,-313.26,-313.26,545.42,False,0.0,False
2014-03-03,2014-03-04,0,Overnight,0.0,False,311.2,311.2,-141.83,False,0.0,False
2014-03-04,2014-03-05,0,Overnight,0.0,False,73.5,73.5,-159.41,False,0.0,False
2014-03-05,2014-03-06,0,Overnight,0.0,False,58.41,58.41,-47.33,False,0.0,False
2014-03-06,2014-03-07,0,Overnight,0.0,False,0.0,0.0,-269.67,False,0.0,False
2014-03-07,2014-03-10,2,Weekend,47.0,False,-143.59,-143.59,-160.32,False,0.0,False
2014-03-10,2014-03-11,0,Overnight,0.0,False,-98.46,-98.46,-88.77,False,0.0,False
2014-03-11,2014-03-12,0,Overnight,0.0,False,-124.92,-124.92,422.48,False,0.0,False
2014-03-12,2014-03-13,0,Overnight,0.0,False,94.79,94.79,-249.19,False,0.0,False
2014-03-13,2014-03-14,0,Overnight,0.0,False,-105.69,-105.69,-185.31,False,0.0,False
2014-03-14,2014-03-17,2,Weekend,48.0,False,170.85,170.85,-41.37,False,0.0,False
2014-03-17,2014-03-18,0,Overnight,0.0,False,126.14,126.14,129.56,False,0.0,False
2014-03-18,2014-03-19,0,Overnight,0.0,False,56.08,56.08,-232.6,False,0.0,False
2014-03-19,2014-03-20,0,Overnight,0.0,False,13.56,13.56,-53.07,False,0.0,False
2014-03-20,2014-03-21,0,Overnight,0.0,False,47.14,47.14,-306.75,False,0.0,False
2014-03-21,2014-03-24,2,Weekend,48.0,False,37.5,37.5,-425.92,False,0.0,False
2014-03-24,2014-03-25,0,Overnight,0.0,False,178.71,178.71,-166.45,False,0.0,False
2014-03-25,2014-03-26,0,Overnight,0.0,False,68.27,68.27,-413.48,False,0.0,False
2014-03-26,2014-03-27,0,Overnight,0.0,False,-27.74,-27.74,-240.67,False,0.0,False
2014-03-27,2014-03-28,0,Overnight,0.0,False,260.89,260.89,-20.23,False,0.0,False
2014-03-28,2014-03-31,2,Weekend,48.0,False,192.6,192.6,-378.91,False,0.0,False
2014-03-31,2014-04-01,0,Overnight,0.0,False,27.31,27.31,373.29,False,0.0,False
2014-04-01,2014-04-02,0,Overnight,0.0,False,138.68,138.68,457.12,False,0.0,False
2014-04-02,2014-04-03,0,Overnight,0.0,False,0.43,0.43,-215.06,False,0.0,False
2014-04-03,2014-04-04,0,Overnight,0.0,False,27.03,27.03,-629.09,False,0.0,False
2014-04-04,2014-04-07,2,Weekend,48.0,False,-307.17,-307.17,82.74,False,0.0,False
2014-04-07,2014-04-08,0,Overnight,0.0,False,121.18,121.18,254.3,False,0.0,False
2014-04-08,2014-04-09,0,Overnight,0.0,False,60.15,60.15,7.84,False,0.0,False
2014-04-09,2014-04-10,0,Overnight,0.0,False,-5.07,-5.07,-600.17,False,0.0,False
2014-04-10,2014-04-11,0,Overnight,0.0,False,-176.88,-176.88,156.78,False,0.0,False
2014-04-11,2014-04-14,2,Weekend,48.0,False,185.72,185.72,-468.92,False,0.0,False
2014-04-14,2014-04-15,0,Overnight,0.0,False,50.36,50.36,-263.63,False,0.0,False
2014-04-15,2014-04-16,0,Overnight,0.0,False,158.1,158.1,106.54,False,0.0,False
2014-04-16,2014-04-17,0,Overnight,0.0,False,25.08,25.08,-74.93,False,0.0,False
2014-04-17,2014-04-21,3,Long,72.0,False,-52.63,-52.63,363.71,False,0.0,False
2014-04-21,2014-04-22,0,Overnight,0.0,False,96.41,96.41,578.04,False,0.0,False
2014-04-22,2014-04-23,0,Overnight,0.0,False,-106.22,-106.22,-393.15,False,0.0,False
2014-04-23,2014-04-24,0,Overnight,0.0,False,134.67,134.67,-140.93,False,0.0,False
2014-04-24,2014-04-25,0,Overnight,0.0,False,-285.97,-285.97,-107.01,False,0.0,False
2014-04-25,2014-04-28,2,Weekend,48.0,False,7.5,7.5,-74.78,False,0.0,False
2014-04-28,2014-04-29,0,Overnight,0.0,False,-15.12,-15.12,430.05,False,0.0,False
2014-04-29,2014-04-30,0,Overnight,0.0,False,-161.75,-161.75,208.52,False,0.0,False
2014-04-30,2014-05-01,0,Overnight,0.0,False,-39.04,-39.04,31.34,False,0.0,False
2014-05-01,2014-05-02,0,Overnight,0.0,False,41.79,41.79,110.13,False,0.0,False
2014-05-02,2014-05-05,2,Weekend,48.0,False,-68.03,-68.03,334.7,False,0.0,False
2014-05-05,2014-05-06,0,Overnight,0.0,False,-0.46,-0.46,-439.82,False,0.0,False
2014-05-06,2014-05-07,0,Overnight,0.0,False,113.21,113.21,-403.47,False,0.0,False
2014-05-07,2014-05-08,0,Overnight,0.0,False,-1010.38,-1010.38,-189.14,False,0.0,False
2014-05-08,2014-05-09,0,Overnight,0.0,False,70.86,70.86,132.55,False,0.0,False
2014-05-09,2014-05-12,2,Weekend,48.0,False,87.95,87.95,43.41,False,0.0,False
2014-05-12,2014-05-13,0,Overnight,0.0,False,-49.4,-49.4,342.35,False,0.0,False
2014-05-13,2014-05-14,0,Overnight,0.0,False,-63.83,-63.83,87.99,False,0.0,False
2014-05-14,2014-05-15,0,Overnight,0.0,False,-33.63,-33.63,-73.43,False,0.0,False
2014-05-15,2014-05-16,0,Overnight,0.0,False,19.07,19.07,137.19,False,0.0,False
2014-05-16,2014-05-19,2,Weekend,48.0,False,-43.95,-43.95,277.67,False,0.0,False
2014-05-19,2014-05-20,0,Overnight,0.0,False,43.25,43.25,-83.62,False,0.0,False
2014-05-20,2014-05-21,0,Overnight,0.0,False,44.96,44.96,165.31,False,0.0,False
2014-05-21,2014-05-22,0,Overnight,0.0,False,45.02,45.02,223.59,False,0.0,False
2014-05-22,2014-05-23,0,Overnight,0.0,False,-17.1,-17.1,134.52,False,0.0,False
2014-05-23,2014-05-27,3,Long,72.0,False,58.68,58.68,144.74,False,0.0,False
2014-05-27,2014-05-28,0,Overnight,0.0,False,-73.06,-73.06,10.47,False,0.0,False
2014-05-28,2014-05-29,0,Overnight,0.0,False,15.68,15.68,-15.68,False,0.0,False
2014-05-29,2014-05-30,0,Overnight,0.0,False,2.85,2.85,-121.03,False,0.0,False
2014-05-30,2014-06-02,2,Weekend,48.0,False,-21.2,-21.2,-127.66,False,0.0,False
2014-06-02,2014-06-03,0,Overnight,0.0,False,-59.29,-59.29,71.0,False,0.0,False
2014-06-03,2014-06-04,0,Overnight,0.0,False,-28.83,-28.83,-17.63,False,0.0,False
2014-06-04,2014-06-05,0,Overnight,0.0,False,23.5,23.5,118.14,False,0.0,False
2014-06-05,2014-06-06,0,Overnight,0.0,False,136.81,136.81,-75.61,False,0.0,False
2014-06-06,2014-06-09,2,Weekend,48.0,False,-10.57,-10.57,-127.77,False,0.0,False
2014-06-09,2014-06-10,0,Overnight,0.0,False,-42.95,-42.95,-104.74,False,0.0,False
2014-06-10,2014-06-11,0,Overnight,0.0,False,-39.62,-39.62,146.32,False,0.0,False
2014-06-11,2014-06-12,0,Overnight,0.0,False,30.76,30.76,-77.33,False,0.0,False
2014-06-12,2014-06-13,0,Overnight,0.0,False,61.72,61.72,79.77,False,0.0,False
2014-06-13,2014-06-16,2,Weekend,48.0,False,16.46,16.46,828.07,False,0.0,False
2014-06-16,2014-06-17,0,Overnight,0.0,False,-22.29,-22.29,331.77,False,0.0,False
2014-06-17,2014-06-18,0,Overnight,0.0,False,-7.34,-7.34,-191.01,False,0.0,False
2014-06-18,2014-06-19,0,Overnight,0.0,False,77.19,77.19,-47.74,False,0.0,False
2014-06-19,2014-06-20,0,Overnight,0.0,False,32.0,32.0,46.71,False,0.0,False
2014-06-20,2014-06-23,2,Weekend,48.0,False,-3.48,-3.48,330.41,False,0.0,False
2014-06-23,2014-06-24,0,Overnight,0.0,False,73.5,73.5,-274.48,False,0.0,False
2014-06-24,2014-06-25,0,Overnight,0.0,False,23.63,23.63,163.43,False,0.0,False
2014-06-25,2014-06-26,0,Overnight,0.0,False,11.81,11.81,-66.42,False,0.0,False
2014-06-26,2014-06-27,0,Overnight,0.0,False,-38.7,-38.7,184.49,False,0.0,False
2014-06-27,2014-06-30,2,Weekend,48.0,False,20.48,20.48,21.27,False,0.0,False
2014-06-30,2014-07-01,0,Overnight,0.0,False,99.48,99.48,-113.65,False,0.0,False
2014-07-01,2014-07-02,0,Overnight,0.0,False,39.14,39.14,-477.87,False,0.0,False
2014-07-02,2014-07-03,0,Overnight,0.0,False,80.74,80.74,-88.59,False,0.0,False
2014-07-03,2014-07-07,3,Long,72.0,True,-76.63,-76.63,-215.04,False,0.0,False
2014-07-07,2014-07-08,0,Overnight,0.0,False,-181.74,-181.74,19.19,False,0.0,False
2014-07-08,2014-07-09,0,Overnight,0.0,False,99.92,99.92,80.57,False,0.0,False
2014-07-09,2014-07-10,0,Overnight,0.0,False,-267.14,-267.14,104.43,False,0.0,False
2014-07-10,2014-07-11,0,Overnight,0.0,False,52.26,52.26,-113.05,False,0.0,False
2014-07-11,2014-07-14,2,Weekend,48.0,False,84.91,84.91,300.45,False,0.0,False
2014-07-14,2014-07-15,0,Overnight,0.0,False,1.32,1.32,-320.43,False,0.0,False
2014-07-15,2014-07-16,0,Overnight,0.0,False,101.5,101.5,-212.32,False,0.0,False
2014-07-16,2014-07-17,0,Overnight,0.0,False,-46.15,-46.15,-35.22,False,0.0,False
2014-07-17,2014-07-18,0,Overnight,0.0,False,25.5,25.5,186.72,False,0.0,False
2014-07-18,2014-07-21,2,Weekend,48.0,False,-126.7,-126.7,150.3,False,0.0,False
2014-07-21,2014-07-22,0,Overnight,0.0,False,74.54,74.54,-118.16,False,0.0,False
2014-07-22,2014-07-23,0,Overnight,0.0,False,19.56,19.56,112.09,False,0.0,False
2014-07-23,2014-07-24,0,Overnight,0.0,False,34.1,34.1,12.98,False,0.0,False
2014-07-24,2014-07-25,0,Overnight,0.0,False,-36.75,-36.75,38.09,False,0.0,False
2014-07-25,2014-07-28,2,Weekend,48.0,False,30.37,30.37,25.39,False,0.0,False
2014-07-28,2014-07-29,0,Overnight,0.0,False,79.3,79.3,-70.86,False,0.0,False
2014-07-29,2014-07-30,0,Overnight,0.0,False,-138.28,-138.28,310.56,False,0.0,False
2014-07-30,2014-07-31,0,Overnight,0.0,False,14.84,14.84,-263.41,False,0.0,False
2014-07-31,2014-08-01,0,Overnight,0.0,False,124.17,124.17,312.63,False,0.0,False
2014-08-01,2014-08-04,2,Weekend,48.0,False,47.47,47.47,175.09,False,0.0,False
2014-08-04,2014-08-05,0,Overnight,0.0,False,-44.12,-44.12,42.86,False,0.0,False
2014-08-05,2014-08-06,0,Overnight,0.0,False,17.18,17.18,411.27,False,0.0,False
2014-08-06,2014-08-07,0,Overnight,0.0,False,47.69,47.69,90.35,False,0.0,False
2014-08-07,2014-08-08,0,Overnight,0.0,False,-48.85,-48.85,-121.37,False,0.0,False
2014-08-08,2014-08-11,2,Weekend,48.0,False,291.91,291.91,149.19,False,0.0,False
2014-08-11,2014-08-12,0,Overnight,0.0,False,-47.93,-47.93,72.58,False,0.0,False
2014-08-12,2014-08-13,0,Overnight,0.0,False,78.55,78.55,-65.09,False,0.0,False
2014-08-13,2014-08-14,0,Overnight,0.0,False,83.4,83.4,-42.38,False,0.0,False
2014-08-14,2014-08-15,0,Overnight,0.0,False,3.82,3.82,20.25,False,0.0,False
2014-08-15,2014-08-18,2,Weekend,48.0,False,47.21,47.21,-126.53,False,0.0,False
2014-08-18,2014-08-19,0,Overnight,0.0,False,-41.25,-41.25,-81.84,False,0.0,False
2014-08-19,2014-08-20,0,Overnight,0.0,False,-81.73,-81.73,40.75,False,0.0,False
2014-08-20,2014-08-21,0,Overnight,0.0,False,31.63,31.63,-85.35,False,0.0,False
2014-08-21,2014-08-22,0,Overnight,0.0,False,7.86,7.86,87.62,False,0.0,False
2014-08-22,2014-08-25,2,Weekend,48.0,False,54.76,54.76,167.46,False,0.0,False
2014-08-25,2014-08-26,0,Overnight,0.0,False,92.13,92.13,-123.03,False,0.0,False
2014-08-26,2014-08-27,0,Overnight,0.0,False,67.02,67.02,-9.49,False,0.0,False
2014-08-27,2014-08-28,0,Overnight,0.0,False,-51.8,-51.8,74.94,False,0.0,False
2014-08-28,2014-08-29,0,Overnight,0.0,False,181.77,181.77,37.15,False,0.0,False
2014-08-29,2014-09-02,3,Long,72.0,False,212.77,212.77,308.09,False,0.0,False
2014-09-02,2014-09-03,0,Overnight,0.0,False,124.17,124.17,-227.83,False,0.0,False
2014-09-03,2014-09-04,0,Overnight,0.0,False,99.79,99.79,71.22,False,0.0,False
2014-09-04,2014-09-05,0,Overnight,0.0,False,-122.76,-122.76,-184.31,False,0.0,False
2014-09-05,2014-09-08,2,Weekend,48.0,False,8.29,8.29,160.44,False,0.0,False
2014-09-08,2014-09-09,0,Overnight,0.0,False,31.14,31.14,-160.65,False,0.0,False
2014-09-09,2014-09-10,0,Overnight,0.0,False,36.56,36.56,57.08,False,0.0,False
2014-09-10,2014-09-11,0,Overnight,0.0,False,-22.79,-22.79,-5.35,False,0.0,False
2014-09-11,2014-09-12,0,Overnight,0.0,False,6.78,6.78,-46.45,False,0.0,False
2014-09-12,2014-09-15,2,Weekend,48.0,False,-174.51,-174.51,-776.95,False,0.0,False
2014-09-15,2014-09-16,0,Overnight,0.0,False,50.69,50.69,216.72,False,0.0,False
2014-09-16,2014-09-17,0,Overnight,0.0,False,63.84,63.84,-39.33,False,0.0,False
2014-09-17,2014-09-18,0,Overnight,0.0,False,75.47,75.47,17.45,False,0.0,False
2014-09-18,2014-09-19,0,Overnight,0.0,False,-223.46,-223.46,51.42,False,0.0,False
2014-09-19,2014-09-22,2,Weekend,48.0,False,-167.99,-167.99,-196.83,False,0.0,False
2014-09-22,2014-09-23,0,Overnight,0.0,False,-194.25,-194.25,209.44,False,0.0,False
2014-09-23,2014-09-24,0,Overnight,0.0,False,28.31,28.31,40.54,False,0.0,False
2014-09-24,2014-09-25,0,Overnight,0.0,False,15.06,15.06,-223.05,False,0.0,False
2014-09-25,2014-09-26,0,Overnight,0.0,False,52.5,52.5,-66.69,False,0.0,False
2014-09-26,2014-09-29,2,Weekend,48.0,False,-105.99,-105.99,51.51,False,0.0,False
2014-09-29,2014-09-30,0,Overnight,0.0,False,67.45,67.45,-173.21,False,0.0,False
2014-09-30,2014-10-01,0,Overnight,0.0,False,-19.8,-19.8,-81.25,False,0.0,False
2014-10-01,2014-10-02,0,Overnight,0.0,False,406.22,406.22,48.64,False,0.0,False
2014-10-02,2014-10-03,0,Overnight,0.0,False,65.02,65.02,84.6,False,0.0,False
2014-10-03,2014-10-06,2,Weekend,48.0,False,152.43,152.43,57.34,False,0.0,False
2014-10-06,2014-10-07,0,Overnight,0.0,False,-80.52,-80.52,40.15,False,0.0,False
2014-10-07,2014-10-08,0,Overnight,0.0,False,20.4,20.4,-31.58,False,0.0,False
2014-10-08,2014-10-09,0,Overnight,0.0,False,113.9,113.9,-201.83,False,0.0,False
2014-10-09,2014-10-10,0,Overnight,0.0,False,-493.27,-493.27,-321.07,False,0.0,False
2014-10-10,2014-10-13,2,Weekend,48.0,False,69.82,69.82,-603.86,False,0.0,False
2014-10-13,2014-10-14,0,Overnight,0.0,False,161.65,161.65,-52.27,False,0.0,False
2014-10-14,2014-10-15,0,Overnight,0.0,False,-315.87,-315.87,431.47,False,0.0,False
2014-10-15,2014-10-16,0,Overnight,0.0,False,-444.2,-444.2,297.28,False,0.0,False
2014-10-16,2014-10-17,0,Overnight,0.0,False,305.86,305.86,-256.06,False,0.0,False
2014-10-17,2014-10-20,2,Weekend,48.0,False,-33.47,-33.47,164.05,False,0.0,False
2014-10-20,2014-10-21,0,Overnight,0.0,False,163.54,163.54,45.57,False,0.0,False
2014-10-21,2014-10-22,0,Overnight,0.0,False,-91.78,-91.78,-90.03,False,0.0,False
2014-10-22,2014-10-23,0,Overnight,0.0,False,152.87,152.87,26.81,False,0.0,False
2014-10-23,2014-10-24,0,Overnight,0.0,False,41.56,41.56,-43.69,False,0.0,False
2014-10-24,2014-10-27,2,Weekend,48.0,False,-42.17,-42.17,-551.99,False,0.0,False
2014-10-27,2014-10-28,0,Overnight,0.0,False,351.49,351.49,557.76,False,0.0,False
2014-10-28,2014-10-29,0,Overnight,0.0,False,-67.78,-67.78,-126.45,False,0.0,False
2014-10-29,2014-10-30,0,Overnight,0.0,False,1.68,1.68,21.81,False,0.0,False
2014-10-30,2014-10-31,0,Overnight,0.0,False,160.03,160.03,-33.46,False,0.0,False
2014-10-31,2014-11-03,2,Weekend,49.0,False,53.64,53.64,-16.89,False,0.0,False
2014-11-03,2014-11-04,0,Overnight,0.0,False,-86.94,-86.94,-65.08,False,0.0,False
2014-11-04,2014-11-05,0,Overnight,0.0,False,86.26,86.26,-425.09,False,0.0,False
2014-11-05,2014-11-06,0,Overnight,0.0,False,151.25,151.25,282.96,False,0.0,False
2014-11-06,2014-11-07,0,Overnight,0.0,False,40.13,40.13,-82.51,False,0.0,False
2014-11-07,2014-11-10,2,Weekend,48.0,False,-45.48,-45.48,117.25,False,0.0,False
2014-11-10,2014-11-11,0,Overnight,0.0,False,25.59,25.59,345.64,False,0.0,False
2014-11-11,2014-11-12,0,Overnight,0.0,False,-54.31,-54.31,-24.86,False,0.0,False
2014-11-12,2014-11-13,0,Overnight,0.0,False,60.83,60.83,43.0,False,0.0,False
2014-11-13,2014-11-14,0,Overnight,0.0,False,-67.77,-67.77,341.31,False,0.0,False
2014-11-14,2014-11-17,2,Weekend,48.0,False,-46.11,-46.11,-137.25,False,0.0,False
2014-11-17,2014-11-18,0,Overnight,0.0,False,73.75,73.75,71.66,False,0.0,False
2014-11-18,2014-11-19,0,Overnight,0.0,False,-278.98,-278.98,-115.18,False,0.0,False
2014-11-19,2014-11-20,0,Overnight,0.0,False,8.47,8.47,30.6,False,0.0,False
2014-11-20,2014-11-21,0,Overnight,0.0,False,139.74,139.74,-381.06,False,0.0,False
2014-11-21,2014-11-24,2,Weekend,48.0,False,99.19,99.19,61.8,False,0.0,False
2014-11-24,2014-11-25,0,Overnight,0.0,False,25.5,25.5,29.87,False,0.0,False
2014-11-25,2014-11-26,0,Overnight,0.0,False,10.07,10.07,4.03,False,0.0,False
2014-11-26,2014-11-28,1,Short,24.0,False,-125.16,-125.16,-33.89,False,0.0,False
2014-11-28,2014-12-01,2,Weekend,48.0,True,-138.36,-138.36,-402.76,False,0.0,False
2014-12-01,2014-12-02,0,Overnight,0.0,False,125.7,125.7,-134.77,False,0.0,False
2014-12-02,2014-12-03,0,Overnight,0.0,False,-226.37,-226.37,133.91,False,0.0,False
2014-12-03,2014-12-04,0,Overnight,0.0,False,-30.57,-30.57,-14.01,False,0.0,False
2014-12-04,2014-12-05,0,Overnight,0.0,False,17.07,17.07,-219.29,False,0.0,False
2014-12-05,2014-12-08,2,Weekend,48.0,False,-97.47,-97.47,-329.46,False,0.0,False
2014-12-08,2014-12-09,0,Overnight,0.0,False,-236.97,-236.97,354.31,False,0.0,False
2014-12-09,2014-12-10,0,Overnight,0.0,False,-128.07,-128.07,-202.38,False,0.0,False
2014-12-10,2014-12-11,0,Overnight,0.0,False,32.83,32.83,-78.68,False,0.0,False
2014-12-11,2014-12-12,0,Overnight,0.0,False,-196.28,-196.28,105.87,False,0.0,False
2014-12-12,2014-12-15,2,Weekend,48.0,False,110.02,110.02,-254.05,False,0.0,False
2014-12-15,2014-12-16,0,Overnight,0.0,False,-155.59,-155.59,-154.51,False,0.0,False
2014-12-16,2014-12-17,0,Overnight,0.0,False,-243.06,-243.06,640.01,False,0.0,False
2014-12-17,2014-12-18,0,Overnight,0.0,False,313.75,313.75,273.1,False,0.0,False
2014-12-18,2014-12-19,0,Overnight,0.0,False,88.04,88.04,-40.96,False,0.0,False
2014-12-19,2014-12-22,2,Weekend,48.0,False,32.33,32.33,117.49,False,0.0,False
2014-12-22,2014-12-23,0,Overnight,0.0,False,54.21,54.21,-127.71,False,0.0,False
2014-12-23,2014-12-24,0,Overnight,0.0,False,-54.45,-54.45,112.66,False,0.0,False
2014-12-24,2014-12-26,1,Short,24.0,True,-33.8,-33.8,280.88,False,0.0,False
2014-12-26,2014-12-29,2,Weekend,48.0,False,-40.46,-40.46,-52.58,False,0.0,False
2014-12-29,2014-12-30,0,Overnight,0.0,False,-76.5,-76.5,-78.89,False,0.0,False
2014-12-30,2014-12-31,0,Overnight,0.0,False,38.62,38.62,-30.53,False,0.0,False
2014-12-31,2015-01-02,1,Short,24.0,False,20.66,20.66,-161.02,False,0.0,False
2015-01-02,2015-01-05,2,Weekend,48.0,False,-219.43,-219.43,-210.07,False,0.0,False
2015-01-05,2015-01-06,0,Overnight,0.0,False,-1.43,-1.43,57.91,False,0.0,False
2015-01-06,2015-01-07,0,Overnight,0.0,False,97.5,97.5,-113.13,False,0.0,False
2015-01-07,2015-01-08,0,Overnight,0.0,False,87.79,87.79,-103.44,False,0.0,False
2015-01-08,2015-01-09,0,Overnight,0.0,False,-81.04,-81.04,-108.76,False,0.0,False
2015-01-09,2015-01-12,2,Weekend,48.0,False,-176.23,-176.23,-41.45,False,0.0,False
2015-01-12,2015-01-13,0,Overnight,0.0,False,54.74,54.74,45.64,False,0.0,False
2015-01-13,2015-01-14,0,Overnight,0.0,False,-945.12,-945.12,362.5,False,0.0,False
2015-01-14,2015-01-15,0,Overnight,0.0,False,92.98,92.98,-135.63,False,0.0,False
2015-01-15,2015-01-16,0,Overnight,0.0,False,-61.17,-61.17,123.51,False,0.0,False
2015-01-16,2015-01-20,3,Long,72.0,False,41.35,41.35,-100.57,False,0.0,False
2015-01-20,2015-01-21,0,Overnight,0.0,False,-124.78,-124.78,363.66,False,0.0,False
2015-01-21,2015-01-22,0,Overnight,0.0,False,21.85,21.85,231.81,False,0.0,False
2015-01-22,2015-01-23,0,Overnight,0.0,False,-66.18,-66.18,49.8,False,0.0,False
2015-01-23,2015-01-26,2,Weekend,48.0,False,26.79,26.79,231.17,False,0.0,False
2015-01-26,2015-01-27,0,Overnight,0.0,False,-103.66,-103.66,76.02,False,0.0,False
2015-01-27,2015-01-28,0,Overnight,0.0,False,6.31,6.31,-332.48,False,0.0,False
2015-01-28,2015-01-29,0,Overnight,0.0,False,84.91,84.91,203.32,False,0.0,False
2015-01-29,2015-01-30,0,Overnight,0.0,False,-60.61,-60.61,-17.67,False,0.0,False
2015-01-30,2015-02-02,2,Weekend,48.0,False,18.16,18.16,336.01,False,0.0,False
2015-02-02,2015-02-03,0,Overnight,0.0,False,107.51,107.51,238.21,False,0.0,False
2015-02-03,2015-02-04,0,Overnight,0.0,False,-3.21,-3.21,11.9,False,0.0,False
2015-02-04,2015-02-05,0,Overnight,0.0,False,60.67,60.67,50.36,False,0.0,False
2015-02-05,2015-02-06,0,Overnight,0.0,False,45.6,45.6,-211.22,False,0.0,False
2015-02-06,2015-02-09,2,Weekend,48.0,False,-91.51,-91.51,97.03,False,0.0,False
2015-02-09,2015-02-10,0,Overnight,0.0,False,3.22,3.22,-58.09,False,0.0,False
2015-02-10,2015-02-11,0,Overnight,0.0,False,-190.44,-190.44,27.76,False,0.0,False
2015-02-11,2015-02-12,0,Overnight,0.0,False,-947.14,-947.14,469.75,False,0.0,False
2015-02-12,2015-02-13,0,Overnight,0.0,False,0.99,0.99,42.79,False,0.0,False
2015-02-13,2015-02-17,3,Long,72.0,False,94.27,94.27,-65.85,False,0.0,False
2015-02-17,2015-02-18,0,Overnight,0.0,False,-8.81,-8.81,14.19,False,0.0,False
2015-02-18,2015-02-19,0,Overnight,0.0,False,26.38,26.38,322.07,False,0.0,False
2015-02-19,2015-02-20,0,Overnight,0.0,False,-44.02,-44.02,295.89,False,0.0,False
2015-02-20,2015-02-23,2,Weekend,48.0,False,-67.01,-67.01,-393.43,False,0.0,False
2015-02-23,2015-02-24,0,Overnight,0.0,False,-2.41,-2.41,-154.6,False,0.0,False
2015-02-24,2015-02-25,0,Overnight,0.0,False,40.58,40.58,-57.74,False,0.0,False
2015-02-25,2015-02-26,0,Overnight,0.0,False,11.77,11.77,155.16,False,0.0,False
2015-02-26,2015-02-27,0,Overnight,0.0,False,-14.01,-14.01,-173.56,False,0.0,False
2015-02-27,2015-03-02,2,Weekend,48.0,False,-31.52,-31.52,-268.5,False,0.0,False
2015-03-02,2015-03-03,0,Overnight,0.0,False,-26.39,-26.39,138.76,False,0.0,False
2015-03-03,2015-03-04,0,Overnight,0.0,False,-15.55,-15.55,158.83,False,0.0,False
2015-03-04,2015-03-05,0,Overnight,0.0,False,20.23,20.23,-110.04,False,0.0,False
2015-03-05,2015-03-06,0,Overnight,0.0,False,-71.03,-71.03,-271.2,False,0.0,False
2015-03-06,2015-03-09,2,Weekend,47.0,False,26.27,26.27,-182.21,False,0.0,False
2015-03-09,2015-03-10,0,Overnight,0.0,False,-127.59,-127.59,98.21,False,0.0,False
2015-03-10,2015-03-11,0,Overnight,0.0,False,43.52,43.52,134.59,False,0.0,False
2015-03-11,2015-03-12,0,Overnight,0.0,False,0.52,0.52,-139.29,False,0.0,False
2015-03-12,2015-03-13,0,Overnight,0.0,False,-111.57,-111.57,-14.3,False,0.0,False
2015-03-13,2015-03-16,2,Weekend,48.0,False,174.43,174.43,190.88,False,0.0,False
2015-03-16,2015-03-17,0,Overnight,0.0,False,-13.81,-13.81,-35.88,False,0.0,False
2015-03-17,2015-03-18,0,Overnight,0.0,False,11.8,11.8,290.67,False,0.0,False
2015-03-18,2015-03-19,0,Overnight,0.0,False,64.07,64.07,-319.4,False,0.0,False
2015-03-19,2015-03-20,0,Overnight,0.0,False,91.58,91.58,31.86,False,0.0,False
2015-03-20,2015-03-23,2,Weekend,48.0,False,21.18,21.18,56.77,False,0.0,False
2015-03-23,2015-03-24,0,Overnight,0.0,False,97.21,97.21,6.94,False,0.0,False
2015-03-24,2015-03-25,0,Overnight,0.0,False,-172.51,-172.51,-202.26,False,0.0,False
2015-03-25,2015-03-26,0,Overnight,0.0,False,-19.58,-19.58,-182.66,False,0.0,False
2015-03-26,2015-03-27,0,Overnight,0.0,False,-70.62,-70.62,-217.62,False,0.0,False
2015-03-27,2015-03-30,2,Weekend,48.0,False,45.84,45.84,250.8,False,0.0,False
2015-03-30,2015-03-31,0,Overnight,0.0,False,154.13,154.13,-249.03,False,0.0,False
2015-03-31,2015-04-01,0,Overnight,0.0,False,-3.71,-3.71,-59.0,False,0.0,False
2015-04-01,2015-04-02,0,Overnight,0.0,False,139.75,139.75,40.4,False,0.0,False
2015-04-02,2015-04-06,3,Long,72.0,False,359.94,359.94,254.31,False,0.0,False
2015-04-06,2015-04-07,0,Overnight,0.0,False,-29.09,-29.09,36.47,False,0.0,False
2015-04-07,2015-04-08,0,Overnight,0.0,False,240.62,240.62,-25.49,False,0.0,False
2015-04-08,2015-04-09,0,Overnight,0.0,False,36.53,36.53,79.33,False,0.0,False
2015-04-09,2015-04-10,0,Overnight,0.0,False,-11.43,-11.43,49.91,False,0.0,False
2015-04-10,2015-04-13,2,Weekend,48.0,False,-21.84,-21.84,-31.41,False,0.0,False
2015-04-13,2015-04-14,0,Overnight,0.0,False,-57.85,-57.85,-53.36,False,0.0,False
2015-04-14,2015-04-15,0,Overnight,0.0,False,0.0,0.0,17.82,False,0.0,False
2015-04-15,2015-04-16,0,Overnight,0.0,False,-6.26,-6.26,-48.26,False,0.0,False
2015-04-16,2015-04-17,0,Overnight,0.0,False,-83.07,-83.07,87.43,False,0.0,False
2015-04-17,2015-04-20,2,Weekend,48.0,False,-0.48,-0.48,-73.29,False,0.0,False
2015-04-20,2015-04-21,0,Overnight,0.0,False,25.79,25.79,173.89,False,0.0,False
2015-04-21,2015-04-22,0,Overnight,0.0,False,146.48,146.48,321.37,False,0.0,False
2015-04-22,2015-04-23,0,Overnight,0.0,False,-53.46,-53.46,15.11,False,0.0,False
2015-04-23,2015-04-24,0,Overnight,0.0,False,86.54,86.54,-94.32,False,0.0,False
2015-04-24,2015-04-27,2,Weekend,48.0,False,187.31,187.31,395.99,False,0.0,False
2015-04-27,2015-04-28,0,Overnight,0.0,False,137.25,137.25,-183.57,False,0.0,False
2015-04-28,2015-04-29,0,Overnight,0.0,False,-18.67,-18.67,103.78,False,0.0,False
2015-04-29,2015-04-30,0,Overnight,0.0,False,-89.02,-89.02,-190.17,False,0.0,False
2015-04-30,2015-05-01,0,Overnight,0.0,False,170.62,170.62,-171.51,False,0.0,False
2015-05-01,2015-05-04,2,Weekend,48.0,False,94.67,94.67,101.59,False,0.0,False
2015-05-04,2015-05-05,0,Overnight,0.0,False,309.68,309.68,-204.38,False,0.0,False
2015-05-05,2015-05-06,0,Overnight,0.0,False,49.25,49.25,-158.01,False,0.0,False
2015-05-06,2015-05-07,0,Overnight,0.0,False,-417.84,-417.84,690.53,False,0.0,False
2015-05-07,2015-05-08,0,Overnight,0.0,False,-34.26,-34.26,26.24,False,0.0,False
2015-05-08,2015-05-11,2,Weekend,48.0,False,-13.53,-13.53,134.52,False,0.0,False
2015-05-11,2015-05-12,0,Overnight,0.0,False,25.86,25.86,190.99,False,0.0,False
2015-05-12,2015-05-13,0,Overnight,0.0,False,116.59,116.59,-180.53,False,0.0,False
2015-05-13,2015-05-14,0,Overnight,0.0,False,67.21,67.21,-29.45,False,0.0,False
2015-05-14,2015-05-15,0,Overnight,0.0,False,-6.97,-6.97,199.29,False,0.0,False
2015-05-15,2015-05-18,2,Weekend,48.0,False,-74.22,-74.22,70.6,False,0.0,False
2015-05-18,2015-05-19,0,Overnight,0.0,False,-12.87,-12.87,-52.06,False,0.0,False
2015-05-19,2015-05-20,0,Overnight,0.0,False,-0.41,-0.41,-113.13,False,0.0,False
2015-05-20,2015-05-21,0,Overnight,0.0,False,-54.17,-54.17,106.01,False,0.0,False
2015-05-21,2015-05-22,0,Overnight,0.0,False,-9.78,-9.78,95.31,False,0.0,False
2015-05-22,2015-05-26,3,Long,72.0,False,-2.02,-2.02,-8.89,False,0.0,False
2015-05-26,2015-05-27,0,Overnight,0.0,False,42.34,42.34,-43.55,False,0.0,False
2015-05-27,2015-05-28,0,Overnight,0.0,False,-16.18,-16.18,177.34,False,0.0,False
2015-05-28,2015-05-29,0,Overnight,0.0,False,-17.91,-17.91,-7.97,False,0.0,False
2015-05-29,2015-06-01,2,Weekend,48.0,False,24.29,24.29,-78.27,False,0.0,False
2015-06-01,2015-06-02,0,Overnight,0.0,False,-21.27,-21.27,-22.93,False,0.0,False
2015-06-02,2015-06-03,0,Overnight,0.0,False,-6.04,-6.04,31.78,False,0.0,False
2015-06-03,2015-06-04,0,Overnight,0.0,False,-60.02,-60.02,-64.04,False,0.0,False
2015-06-04,2015-06-05,0,Overnight,0.0,False,3.25,3.25,126.83,False,0.0,False
2015-06-05,2015-06-08,2,Weekend,48.0,False,68.4,68.4,214.54,False,0.0,False
2015-06-08,2015-06-09,0,Overnight,0.0,False,-34.79,-34.79,23.47,False,0.0,False
2015-06-09,2015-06-10,0,Overnight,0.0,False,-161.45,-161.45,-47.75,False,0.0,False
2015-06-10,2015-06-11,0,Overnight,0.0,False,101.6,101.6,-73.32,False,0.0,False
2015-06-11,2015-06-12,0,Overnight,0.0,False,-47.85,-47.85,19.16,False,0.0,False
2015-06-12,2015-06-15,2,Weekend,48.0,False,-39.57,-39.57,27.19,False,0.0,False
2015-06-15,2015-06-16,0,Overnight,0.0,False,-9.99,-9.99,118.83,False,0.0,False
2015-06-16,2015-06-17,0,Overnight,0.0,False,-37.6,-37.6,321.54,False,0.0,False
2015-06-17,2015-06-18,0,Overnight,0.0,False,60.87,60.87,-4.2,False,0.0,False
2015-06-18,2015-06-19,0,Overnight,0.0,False,19.46,19.46,4.19,False,0.0,False
2015-06-19,2015-06-22,2,Weekend,48.0,False,-13.72,-13.72,-90.43,False,0.0,False
2015-06-22,2015-06-23,0,Overnight,0.0,False,20.38,20.38,278.43,False,0.0,False
2015-06-23,2015-06-24,0,Overnight,0.0,False,-25.81,-25.81,-68.03,False,0.0,False
2015-06-24,2015-06-25,0,Overnight,0.0,False,48.15,48.15,87.44,False,0.0,False
2015-06-25,2015-06-26,0,Overnight,0.0,False,3.72,3.72,-67.17,False,0.0,False
2015-06-26,2015-06-29,2,Weekend,48.0,False,-194.32,-194.32,2.67,False,0.0,False
2015-06-29,2015-06-30,0,Overnight,0.0,False,105.54,105.54,129.82,False,0.0,False
2015-06-30,2015-07-01,0,Overnight,0.0,False,105.68,105.68,-72.56,False,0.0,False
2015-07-01,2015-07-02,0,Overnight,0.0,False,402.35,402.35,-6.43,False,0.0,False
2015-07-02,2015-07-06,3,Long,72.0,False,-40.79,-40.79,30.08,False,0.0,False
2015-07-06,2015-07-07,0,Overnight,0.0,False,-170.18,-170.18,-262.32,False,0.0,False
2015-07-07,2015-07-08,0,Overnight,0.0,False,-324.76,-324.76,-169.56,False,0.0,False
2015-07-08,2015-07-09,0,Overnight,0.0,False,160.3,160.3,-44.87,False,0.0,False
2015-07-09,2015-07-10,0,Overnight,0.0,False,165.34,165.34,-117.77,False,0.0,False
2015-07-10,2015-07-13,2,Weekend,48.0,False,118.91,118.91,-3.43,False,0.0,False
2015-07-13,2015-07-14,0,Overnight,0.0,False,-2.29,-2.29,134.54,False,0.0,False
2015-07-14,2015-07-15,0,Overnight,0.0,False,40.95,40.95,-135.88,False,0.0,False
2015-07-15,2015-07-16,0,Overnight,0.0,False,40.96,40.96,92.67,False,0.0,False
2015-07-16,2015-07-17,0,Overnight,0.0,False,215.89,215.89,78.95,False,0.0,False
2015-07-17,2015-07-20,2,Weekend,48.0,False,12.37,12.37,260.58,False,0.0,False
2015-07-20,2015-07-21,0,Overnight,0.0,False,-442.22,-442.22,-122.2,False,0.0,False
2015-07-21,2015-07-22,0,Overnight,0.0,False,-208.33,-208.33,249.47,False,0.0,False
2015-07-22,2015-07-23,0,Overnight,0.0,False,66.23,66.23,-91.27,False,0.0,False
2015-07-23,2015-07-24,0,Overnight,0.0,False,6.73,6.73,-73.95,False,0.0,False
2015-07-24,2015-07-27,2,Weekend,48.0,False,-112.91,-112.91,-365.55,False,0.0,False
2015-07-27,2015-07-28,0,Overnight,0.0,False,107.71,107.71,348.5,False,0.0,False
2015-07-28,2015-07-29,0,Overnight,0.0,False,-20.79,-20.79,-17.04,False,0.0,False
2015-07-29,2015-07-30,0,Overnight,0.0,False,-42.92,-42.92,154.87,False,0.0,False
2015-07-30,2015-07-31,0,Overnight,0.0,False,30.32,30.32,-54.33,False,0.0,False
2015-07-31,2015-08-03,2,Weekend,48.0,False,5.26,5.26,-239.43,False,0.0,False
2015-08-03,2015-08-04,0,Overnight,0.0,False,0.77,0.77,238.28,False,0.0,False
2015-08-04,2015-08-05,0,Overnight,0.0,False,-101.91,-101.91,245.46,False,0.0,False
2015-08-05,2015-08-06,0,Overnight,0.0,False,-792.84,-792.84,-137.59,False,0.0,False
2015-08-06,2015-08-07,0,Overnight,0.0,False,-104.14,-104.14,-44.02,False,0.0,False
2015-08-07,2015-08-10,2,Weekend,48.0,False,-181.42,-181.42,124.77,False,0.0,False
2015-08-10,2015-08-11,0,Overnight,0.0,False,-166.85,-166.85,9.27,False,0.0,False
2015-08-11,2015-08-12,0,Overnight,0.0,False,-100.35,-100.35,133.99,False,0.0,False
2015-08-12,2015-08-13,0,Overnight,0.0,False,70.71,70.71,109.88,False,0.0,False
2015-08-13,2015-08-14,0,Overnight,0.0,False,193.17,193.17,-166.81,False,0.0,False
2015-08-14,2015-08-17,2,Weekend,48.0,False,497.79,497.79,-22.33,False,0.0,False
2015-08-17,2015-08-18,0,Overnight,0.0,False,15.28,15.28,206.94,False,0.0,False
2015-08-18,2015-08-19,0,Overnight,0.0,False,-14.97,-14.97,-197.07,False,0.0,False
2015-08-19,2015-08-20,0,Overnight,0.0,False,-125.76,-125.76,-399.86,False,0.0,False
2015-08-20,2015-08-21,0,Overnight,0.0,False,-258.49,-258.49,-224.1,False,0.0,False
2015-08-21,2015-08-24,2,Weekend,48.0,False,-1292.51,-1292.51,763.07,False,0.0,False
2015-08-24,2015-08-25,0,Overnight,0.0,False,518.6,518.6,-465.74,False,0.0,False
2015-08-25,2015-08-26,0,Overnight,0.0,False,352.75,352.75,-136.5,False,0.0,False
2015-08-26,2015-08-27,0,Overnight,0.0,False,270.29,270.29,506.03,False,0.0,False
2015-08-27,2015-08-28,0,Overnight,0.0,False,-46.61,-46.61,270.03,False,0.0,False
2015-08-28,2015-08-31,2,Weekend,48.0,False,-115.77,-115.77,139.08,False,0.0,False
2015-08-31,2015-09-01,0,Overnight,0.0,False,-356.39,-356.39,-71.4,False,0.0,False
2015-09-01,2015-09-02,0,Overnight,0.0,False,275.68,275.68,96.96,False,0.0,False
2015-09-02,2015-09-03,0,Overnight,0.0,False,174.89,174.89,-260.85,False,0.0,False
2015-09-03,2015-09-04,0,Overnight,0.0,False,-192.42,-192.42,43.08,False,0.0,False
2015-09-04,2015-09-08,3,Long,72.0,False,128.14,128.14,126.52,False,0.0,False
2015-09-08,2015-09-09,0,Overnight,0.0,False,155.14,155.14,-125.36,False,0.0,False
2015-09-09,2015-09-10,0,Overnight,0.0,False,-67.72,-67.72,50.43,False,0.0,False
2015-09-10,2015-09-11,0,Overnight,0.0,False,-33.86,-33.86,104.44,False,0.0,False
2015-09-11,2015-09-14,2,Weekend,48.0,False,34.31,34.31,82.89,False,0.0,False
2015-09-14,2015-09-15,0,Overnight,0.0,False,-17.39,-17.39,32.39,False,0.0,False
2015-09-15,2015-09-16,0,Overnight,0.0,False,-20.92,-20.92,357.51,False,0.0,False
2015-09-16,2015-09-17,0,Overnight,0.0,False,64.99,64.99,-71.86,False,0.0,False
2015-09-17,2015-09-18,0,Overnight,0.0,False,-158.07,-158.07,102.59,False,0.0,False
2015-09-18,2015-09-21,2,Weekend,48.0,False,128.1,128.1,8.33,False,0.0,False
2015-09-21,2015-09-22,0,Overnight,0.0,False,-197.62,-197.62,73.47,False,0.0,False
2015-09-22,2015-09-23,0,Overnight,0.0,False,38.63,38.63,-34.03,False,0.0,False
2015-09-23,2015-09-24,0,Overnight,0.0,False,-58.78,-58.78,137.38,False,0.0,False
2015-09-24,2015-09-25,0,Overnight,0.0,False,131.77,131.77,-370.61,False,0.0,False
2015-09-25,2015-09-28,2,Weekend,48.0,False,17.11,17.11,-352.76,False,0.0,False
2015-09-28,2015-09-29,0,Overnight,0.0,False,81.38,81.38,-153.29,False,0.0,False
2015-09-29,2015-09-30,0,Overnight,0.0,False,214.59,214.59,-143.89,False,0.0,False
2015-09-30,2015-10-01,0,Overnight,0.0,False,-35.89,-35.89,-313.12,False,0.0,False
2015-10-01,2015-10-02,0,Overnight,0.0,False,-180.03,-180.03,495.58,False,0.0,False
2015-10-02,2015-10-05,2,Weekend,48.0,False,51.17,51.17,-108.69,False,0.0,False
2015-10-05,2015-10-06,0,Overnight,0.0,False,-253.02,-253.02,60.65,False,0.0,False
2015-10-06,2015-10-07,0,Overnight,0.0,False,-202.06,-202.06,-199.33,False,0.0,False
2015-10-07,2015-10-08,0,Overnight,0.0,False,-81.38,-81.38,-147.11,False,0.0,False
2015-10-08,2015-10-09,0,Overnight,0.0,False,-258.7,-258.7,-10.87,False,0.0,False
2015-10-09,2015-10-12,2,Weekend,48.0,False,103.68,103.68,-337.95,False,0.0,False
2015-10-12,2015-10-13,0,Overnight,0.0,False,-107.26,-107.26,276.07,False,0.0,False
2015-10-13,2015-10-14,0,Overnight,0.0,False,64.56,64.56,-173.24,False,0.0,False
2015-10-14,2015-10-15,0,Overnight,0.0,False,-20.77,-20.77,222.97,False,0.0,False
2015-10-15,2015-10-16,0,Overnight,0.0,False,77.87,77.87,176.43,False,0.0,False
2015-10-16,2015-10-19,2,Weekend,48.0,False,-22.49,-22.49,70.39,False,0.0,False
2015-10-19,2015-10-20,0,Overnight,0.0,False,-16.67,-16.67,-666.84,False,0.0,False
2015-10-20,2015-10-21,0,Overnight,0.0,False,-48.94,-48.94,-90.03,False,0.0,False
2015-10-21,2015-10-22,0,Overnight,0.0,False,69.73,69.73,7.56,False,0.0,False
2015-10-22,2015-10-23,0,Overnight,0.0,False,153.73,153.73,-278.73,False,0.0,False
2015-10-23,2015-10-26,2,Weekend,48.0,False,108.93,108.93,181.89,False,0.0,False
2015-10-26,2015-10-27,0,Overnight,0.0,False,-19.53,-19.53,-211.21,False,0.0,False
2015-10-27,2015-10-28,0,Overnight,0.0,False,45.53,45.53,77.78,False,0.0,False
2015-10-28,2015-10-29,0,Overnight,0.0,False,-56.98,-56.98,-5.67,False,0.0,False
2015-10-29,2015-10-30,0,Overnight,0.0,False,-58.29,-58.29,-166.3,False,0.0,False
2015-10-30,2015-11-02,2,Weekend,49.0,False,95.71,95.71,230.43,False,0.0,False
2015-11-02,2015-11-03,0,Overnight,0.0,False,2.81,2.81,-260.56,False,0.0,False
2015-11-03,2015-11-04,0,Overnight,0.0,False,857.31,857.31,201.91,False,0.0,False
2015-11-04,2015-11-05,0,Overnight,0.0,False,-45.43,-45.43,51.48,False,0.0,False
2015-11-05,2015-11-06,0,Overnight,0.0,False,-46.27,-46.27,71.7,False,0.0,False
2015-11-06,2015-11-09,2,Weekend,48.0,False,27.08,27.08,-334.3,False,0.0,False
2015-11-09,2015-11-10,0,Overnight,0.0,False,-82.44,-82.44,-317.31,False,0.0,False
2015-11-10,2015-11-11,0,Overnight,0.0,False,58.49,58.49,59.97,False,0.0,False
2015-11-11,2015-11-12,0,Overnight,0.0,False,-56.3,-56.3,-227.96,False,0.0,False
2015-11-12,2015-11-13,0,Overnight,0.0,False,0.47,0.47,-274.21,False,0.0,False
2015-11-13,2015-11-16,2,Weekend,48.0,False,-53.23,-53.23,391.11,False,0.0,False
2015-11-16,2015-11-17,0,Overnight,0.0,False,41.44,41.44,-55.92,False,0.0,False
2015-11-17,2015-11-18,0,Overnight,0.0,False,23.34,23.34,301.7,False,0.0,False
2015-11-18,2015-11-19,0,Overnight,0.0,False,-24.0,-24.0,56.97,False,0.0,False
2015-11-19,2015-11-20,0,Overnight,0.0,False,75.91,75.91,-156.94,False,0.0,False
2015-11-20,2015-11-23,2,Weekend,48.0,False,-121.64,-121.64,18.39,False,0.0,False
2015-11-23,2015-11-24,0,Overnight,0.0,False,-109.9,-109.9,132.84,False,0.0,False
2015-11-24,2015-11-25,0,Overnight,0.0,False,140.59,140.59,368.13,False,0.0,False
2015-11-25,2015-11-27,1,Short,24.0,False,61.65,61.65,23.78,False,0.0,False
2015-11-27,2015-11-30,2,Weekend,48.0,True,7.77,7.77,-66.23,False,0.0,False
2015-11-30,2015-12-01,0,Overnight,0.0,False,34.68,34.68,261.84,False,0.0,False
2015-12-01,2015-12-02,0,Overnight,0.0,False,-8.01,-8.01,-213.66,False,0.0,False
2015-12-02,2015-12-03,0,Overnight,0.0,False,149.32,149.32,-118.33,False,0.0,False
2015-12-03,2015-12-04,0,Overnight,0.0,False,-10.75,-10.75,-89.88,False,0.0,False
2015-12-04,2015-12-07,2,Weekend,48.0,False,-117.01,-117.01,149.51,False,0.0,False
2015-12-07,2015-12-08,0,Overnight,0.0,False,-157.42,-157.42,-35.22,False,0.0,False
2015-12-08,2015-12-09,0,Overnight,0.0,False,-0.88,-0.88,-96.63,False,0.0,False
2015-12-09,2015-12-10,0,Overnight,0.0,False,8.46,8.46,104.48,False,0.0,False
2015-12-10,2015-12-11,0,Overnight,0.0,False,-80.92,-80.92,-371.77,False,0.0,False
2015-12-11,2015-12-14,2,Weekend,48.0,False,22.55,22.55,49.07,False,0.0,False
2015-12-14,2015-12-15,0,Overnight,0.0,False,147.14,147.14,-32.96,False,0.0,False
2015-12-15,2015-12-16,0,Overnight,0.0,False,45.58,45.58,543.7,False,0.0,False
2015-12-16,2015-12-17,0,Overnight,0.0,False,-24.34,-24.34,-23.54,False,0.0,False
2015-12-17,2015-12-18,0,Overnight,0.0,False,-21.45,-21.45,-104.89,False,0.0,False
2015-12-18,2015-12-21,2,Weekend,48.0,False,53.23,53.23,37.48,False,0.0,False
2015-12-21,2015-12-22,0,Overnight,0.0,False,103.95,103.95,-216.81,False,0.0,False
2015-12-22,2015-12-23,0,Overnight,0.0,False,96.51,96.51,-107.39,False,0.0,False
2015-12-23,2015-12-24,0,Overnight,0.0,False,37.37,37.37,0.43,False,0.0,False
2015-12-24,2015-12-28,3,Long,72.0,True,39.82,39.82,-110.33,False,0.0,False
2015-12-28,2015-12-29,0,Overnight,0.0,False,48.37,48.37,305.21,False,0.0,False
2015-12-29,2015-12-30,0,Overnight,0.0,False,-24.91,-24.91,62.78,False,0.0,False
2015-12-30,2015-12-31,0,Overnight,0.0,False,17.62,17.62,62.69,False,0.0,False
2015-12-31,2016-01-04,3,Long,72.0,False,-394.76,-394.76,-321.96,False,0.0,False
2016-01-04,2016-01-05,0,Overnight,0.0,False,131.18,131.18,-130.29,False,0.0,False
2016-01-05,2016-01-06,0,Overnight,0.0,False,-154.71,-154.71,-43.73,False,0.0,False
2016-01-06,2016-01-07,0,Overnight,0.0,False,-223.91,-223.91,67.93,False,0.0,False
2016-01-07,2016-01-08,0,Overnight,0.0,False,101.96,101.96,-319.94,False,0.0,False
2016-01-08,2016-01-11,2,Weekend,48.0,False,141.65,141.65,-292.06,False,0.0,False
2016-01-11,2016-01-12,0,Overnight,0.0,False,178.81,178.81,-77.33,False,0.0,False
2016-01-12,2016-01-13,0,Overnight,0.0,False,96.69,96.69,-567.67,False,0.0,False
2016-01-13,2016-01-14,0,Overnight,0.0,False,94.41,94.41,194.43,False,0.0,False
2016-01-14,2016-01-15,0,Overnight,0.0,False,-355.95,-355.95,298.07,False,0.0,False
2016-01-15,2016-01-19,3,Long,72.0,False,179.85,179.85,-193.03,False,0.0,False
2016-01-19,2016-01-20,0,Overnight,0.0,False,-263.3,-263.3,-35.17,False,0.0,False
2016-01-20,2016-01-21,0,Overnight,0.0,False,142.41,142.41,-78.7,False,0.0,False
2016-01-21,2016-01-22,0,Overnight,0.0,False,238.67,238.67,-110.47,False,0.0,False
2016-01-22,2016-01-25,2,Weekend,48.0,False,-123.69,-123.69,-185.66,False,0.0,False
2016-01-25,2016-01-26,0,Overnight,0.0,False,16.28,16.28,-160.92,False,0.0,False
2016-01-26,2016-01-27,0,Overnight,0.0,False,-61.15,-61.15,-226.58,False,0.0,False
2016-01-27,2016-01-28,0,Overnight,0.0,False,143.59,143.59,-57.29,False,0.0,False
2016-01-28,2016-01-29,0,Overnight,0.0,False,13.17,13.17,65.59,False,0.0,False
2016-01-29,2016-02-01,2,Weekend,48.0,False,-128.44,-128.44,424.23,False,0.0,False
2016-02-01,2016-02-02,0,Overnight,0.0,False,-232.19,-232.19,-513.97,False,0.0,False
2016-02-02,2016-02-03,0,Overnight,0.0,False,44.22,44.22,-566.43,False,0.0,False
2016-02-03,2016-02-04,0,Overnight,0.0,False,-161.55,-161.55,267.62,False,0.0,False
2016-02-04,2016-02-05,0,Overnight,0.0,False,-232.54,-232.54,-521.23,False,0.0,False
2016-02-05,2016-02-08,2,Weekend,48.0,False,-344.11,-344.11,-597.38,False,0.0,False
2016-02-08,2016-02-09,0,Overnight,0.0,False,-390.67,-390.67,408.22,False,0.0,False
2016-02-09,2016-02-10,0,Overnight,0.0,False,150.63,150.63,-464.44,False,0.0,False
2016-02-10,2016-02-11,0,Overnight,0.0,False,563.61,563.61,-101.17,False,0.0,False
2016-02-11,2016-02-12,0,Overnight,0.0,False,296.61,296.61,-258.8,False,0.0,False
2016-02-12,2016-02-16,3,Long,72.0,False,494.71,494.71,-224.94,False,0.0,False
2016-02-16,2016-02-17,0,Overnight,0.0,False,243.83,243.83,590.99,False,0.0,False
2016-02-17,2016-02-18,0,Overnight,0.0,False,219.3,219.3,-333.18,False,0.0,False
2016-02-18,2016-02-19,0,Overnight,0.0,False,-188.24,-188.24,176.85,False,0.0,False
2016-02-19,2016-02-22,2,Weekend,48.0,False,210.28,210.28,438.18,False,0.0,False
2016-02-22,2016-02-23,0,Overnight,0.0,False,-89.29,-89.29,59.43,False,0.0,False
2016-02-23,2016-02-24,0,Overnight,0.0,False,-254.9,-254.9,355.4,False,0.0,False
2016-02-24,2016-02-25,0,Overnight,0.0,False,-19.57,-19.57,479.77,False,0.0,False
2016-02-25,2016-02-26,0,Overnight,0.0,False,67.53,67.53,86.53,False,0.0,False
2016-02-26,2016-02-29,2,Weekend,48.0,False,107.65,107.65,-24.46,False,0.0,False
2016-02-29,2016-03-01,0,Overnight,0.0,False,120.15,120.15,-415.19,False,0.0,False
2016-03-01,2016-03-02,0,Overnight,0.0,False,-141.59,-141.59,247.82,False,0.0,False
2016-03-02,2016-03-03,0,Overnight,0.0,False,-3.19,-3.19,388.57,False,0.0,False
2016-03-03,2016-03-04,0,Overnight,0.0,False,114.8,114.8,152.37,False,0.0,False
2016-03-04,2016-03-07,2,Weekend,48.0,False,-168.54,-168.54,377.74,False,0.0,False
2016-03-07,2016-03-08,0,Overnight,0.0,False,-87.58,-87.58,-44.32,False,0.0,False
2016-03-08,2016-03-09,0,Overnight,0.0,False,94.32,94.32,203.28,False,0.0,False
2016-03-09,2016-03-10,0,Overnight,0.0,False,61.14,61.14,-232.2,False,0.0,False
2016-03-10,2016-03-11,0,Overnight,0.0,False,133.14,133.14,-20.7,False,0.0,False
2016-03-11,2016-03-14,2,Weekend,47.0,False,245.16,245.16,116.88,False,0.0,False
2016-03-14,2016-03-15,0,Overnight,0.0,False,-40.99,-40.99,188.17,False,0.0,False
2016-03-15,2016-03-16,0,Overnight,0.0,False,-15.58,-15.58,178.67,False,0.0,False
2016-03-16,2016-03-17,0,Overnight,0.0,False,-20.75,-20.75,219.28,False,0.0,False
2016-03-17,2016-03-18,0,Overnight,0.0,False,119.44,119.44,157.63,False,0.0,False
2016-03-18,2016-03-21,2,Weekend,48.0,False,111.09,111.09,125.83,False,0.0,False
2016-03-21,2016-03-22,0,Overnight,0.0,False,-46.68,-46.68,-126.0,False,0.0,False
2016-03-22,2016-03-23,0,Overnight,0.0,False,-80.15,-80.15,-430.44,False,0.0,False
2016-03-23,2016-03-24,0,Overnight,0.0,False,-310.27,-310.27,539.89,False,0.0,False
2016-03-24,2016-03-28,3,Long,72.0,False,168.06,168.06,-58.46,False,0.0,False
2016-03-28,2016-03-29,0,Overnight,0.0,False,-16.08,-16.08,10.43,False,0.0,False
2016-03-29,2016-03-30,0,Overnight,0.0,False,213.24,213.24,-355.03,False,0.0,False
2016-03-30,2016-03-31,0,Overnight,0.0,False,107.4,107.4,18.73,False,0.0,False
2016-03-31,2016-04-01,0,Overnight,0.0,False,634.85,634.85,-300.18,False,0.0,False
2016-04-01,2016-04-04,2,Weekend,48.0,False,473.88,473.88,-85.87,False,0.0,False
2016-04-04,2016-04-05,0,Overnight,0.0,False,-266.28,-266.28,603.85,False,0.0,False
2016-04-05,2016-04-06,0,Overnight,0.0,False,-58.89,-58.89,440.97,False,0.0,False
2016-04-06,2016-04-07,0,Overnight,0.0,False,38.73,38.73,-353.33,False,0.0,False
2016-04-07,2016-04-08,0,Overnight,0.0,False,127.49,127.49,-408.62,False,0.0,False
2016-04-08,2016-04-11,2,Weekend,48.0,False,37.12,37.12,-43.12,False,0.0,False
2016-04-11,2016-04-12,0,Overnight,0.0,False,-16.82,-16.82,-67.56,False,0.0,False
2016-04-12,2016-04-13,0,Overnight,0.0,False,27.8,27.8,239.36,False,0.0,False
2016-04-13,2016-04-14,0,Overnight,0.0,False,-60.29,-60.29,-45.16,False,0.0,False
2016-04-14,2016-04-15,0,Overnight,0.0,False,-21.86,-21.86,126.53,False,0.0,False
2016-04-15,2016-04-18,2,Weekend,48.0,False,-89.99,-89.99,65.2,False,0.0,False
2016-04-18,2016-04-19,0,Overnight,0.0,False,-29.98,-29.98,-229.78,False,0.0,False
2016-04-19,2016-04-20,0,Overnight,0.0,False,-44.97,-44.97,149.53,False,0.0,False
2016-04-20,2016-04-21,0,Overnight,0.0,False,-39.28,-39.28,-28.15,False,0.0,False
2016-04-21,2016-04-22,0,Overnight,0.0,False,24.14,24.14,193.39,False,0.0,False
2016-04-22,2016-04-25,2,Weekend,48.0,False,-29.21,-29.21,-47.14,False,0.0,False
2016-04-25,2016-04-26,0,Overnight,0.0,False,9.13,9.13,66.83,False,0.0,False
2016-04-26,2016-04-27,0,Overnight,0.0,False,-39.09,-39.09,-50.77,False,0.0,False
2016-04-27,2016-04-28,0,Overnight,0.0,False,-64.63,-64.63,-86.02,False,0.0,False
2016-04-28,2016-04-29,0,Overnight,0.0,False,17.34,17.34,-301.93,False,0.0,False
2016-04-29,2016-05-02,2,Weekend,48.0,False,30.69,30.69,12.42,False,0.0,False
2016-05-02,2016-05-03,0,Overnight,0.0,False,-185.33,-185.33,-214.62,False,0.0,False
2016-05-03,2016-05-04,0,Overnight,0.0,False,-87.76,-87.76,-341.43,False,0.0,False
2016-05-04,2016-05-05,0,Overnight,0.0,False,261.64,261.64,-769.94,False,0.0,False
2016-05-05,2016-05-06,0,Overnight,0.0,False,-31.25,-31.25,190.71,False,0.0,False
2016-05-06,2016-05-09,2,Weekend,48.0,False,36.69,36.69,-320.3,False,0.0,False
2016-05-09,2016-05-10,0,Overnight,0.0,False,-65.79,-65.79,54.78,False,0.0,False
2016-05-10,2016-05-11,0,Overnight,0.0,False,-52.85,-52.85,65.78,False,0.0,False
2016-05-11,2016-05-12,0,Overnight,0.0,False,117.98,117.98,-198.71,False,0.0,False
2016-05-12,2016-05-13,0,Overnight,0.0,False,24.09,24.09,-8.18,False,0.0,False
2016-05-13,2016-05-16,2,Weekend,48.0,False,25.98,25.98,6.72,False,0.0,False
2016-05-16,2016-05-17,0,Overnight,0.0,False,36.42,36.42,-212.23,False,0.0,False
2016-05-17,2016-05-18,0,Overnight,0.0,False,217.02,217.02,96.12,False,0.0,False
2016-05-18,2016-05-19,0,Overnight,0.0,False,115.35,115.35,74.16,False,0.0,False
2016-05-19,2016-05-20,0,Overnight,0.0,False,82.37,82.37,150.48,False,0.0,False
2016-05-20,2016-05-23,2,Weekend,48.0,False,-18.63,-18.63,-167.4,False,0.0,False
2016-05-23,2016-05-24,0,Overnight,0.0,False,17.56,17.56,60.3,False,0.0,False
2016-05-24,2016-05-25,0,Overnight,0.0,False,0.0,0.0,76.35,False,0.0,False
2016-05-25,2016-05-26,0,Overnight,0.0,False,41.81,41.81,207.36,False,0.0,False
2016-05-26,2016-05-27,0,Overnight,0.0,False,-5.78,-5.78,-87.05,False,0.0,False
2016-05-27,2016-05-31,3,Long,72.0,False,0.0,0.0,8.52,False,0.0,False
2016-05-31,2016-06-01,0,Overnight,0.0,False,-78.7,-78.7,-87.07,False,0.0,False
2016-06-01,2016-06-02,0,Overnight,0.0,False,1.37,1.37,-28.73,False,0.0,False
2016-06-02,2016-06-03,0,Overnight,0.0,False,47.39,47.39,-46.02,False,0.0,False
2016-06-03,2016-06-06,2,Weekend,48.0,False,-45.31,-45.31,122.19,False,0.0,False
2016-06-06,2016-06-07,0,Overnight,0.0,False,70.44,70.44,444.44,False,0.0,False
2016-06-07,2016-06-08,0,Overnight,0.0,False,62.64,62.64,73.3,False,0.0,False
2016-06-08,2016-06-09,0,Overnight,0.0,False,-22.95,-22.95,-242.08,False,0.0,False
2016-06-09,2016-06-10,0,Overnight,0.0,False,-86.26,-86.26,-385.54,False,0.0,False
2016-06-10,2016-06-13,2,Weekend,48.0,False,32.4,32.4,-74.54,False,0.0,False
2016-06-13,2016-06-14,0,Overnight,0.0,False,46.25,46.25,-180.72,False,0.0,False
2016-06-14,2016-06-15,0,Overnight,0.0,False,92.15,92.15,34.51,False,0.0,False
2016-06-15,2016-06-16,0,Overnight,0.0,False,-12.87,-12.87,23.43,False,0.0,False
2016-06-16,2016-06-17,0,Overnight,0.0,False,-5.51,-5.51,-108.01,False,0.0,False
2016-06-17,2016-06-20,2,Weekend,48.0,False,185.3,185.3,9.11,False,0.0,False
2016-06-20,2016-06-21,0,Overnight,0.0,False,44.51,44.51,-48.6,False,0.0,False
2016-06-21,2016-06-22,0,Overnight,0.0,False,-961.89,-961.89,-141.87,False,0.0,False
2016-06-22,2016-06-23,0,Overnight,0.0,False,-49.45,-49.45,36.22,False,0.0,False
2016-06-23,2016-06-24,0,Overnight,0.0,False,-328.66,-328.66,161.8,False,0.0,False
2016-06-24,2016-06-27,2,Weekend,48.0,False,-119.27,-119.27,395.01,False,0.0,False
2016-06-27,2016-06-28,0,Overnight,0.0,False,166.82,166.82,-4.95,False,0.0,False
2016-06-28,2016-06-29,0,Overnight,0.0,False,164.16,164.16,243.68,False,0.0,False
2016-06-29,2016-06-30,0,Overnight,0.0,False,131.39,131.39,-32.45,False,0.0,False
2016-06-30,2016-07-01,0,Overnight,0.0,False,-293.51,-293.51,490.35,False,0.0,False
2016-07-01,2016-07-05,3,Long,72.0,False,-317.7,-317.7,200.62,False,0.0,False
2016-07-05,2016-07-06,0,Overnight,0.0,False,-187.75,-187.75,209.22,False,0.0,False
2016-07-06,2016-07-07,0,Overnight,0.0,False,-62.68,-62.68,132.39,False,0.0,False
2016-07-07,2016-07-08,0,Overnight,0.0,False,85.77,85.77,-46.94,False,0.0,False
2016-07-08,2016-07-11,2,Weekend,48.0,False,145.63,145.63,216.76,False,0.0,False
2016-07-11,2016-07-12,0,Overnight,0.0,False,-30.3,-30.3,24.51,False,0.0,False
2016-07-12,2016-07-13,0,Overnight,0.0,False,37.76,37.76,-132.58,False,0.0,False
2016-07-13,2016-07-14,0,Overnight,0.0,False,26.48,26.48,-71.52,False,0.0,False
2016-07-14,2016-07-15,0,Overnight,0.0,False,44.59,44.59,-95.73,False,0.0,False
2016-07-15,2016-07-18,2,Weekend,48.0,False,-34.54,-34.54,296.51,False,0.0,False
2016-07-18,2016-07-19,0,Overnight,0.0,False,-55.4,-55.4,11.55,False,0.0,False
2016-07-19,2016-07-20,0,Overnight,0.0,False,53.57,53.57,83.11,False,0.0,False
2016-07-20,2016-07-21,0,Overnight,0.0,False,-103.88,-103.88,-246.37,False,0.0,False
2016-07-21,2016-07-22,0,Overnight,0.0,False,67.35,67.35,12.61,False,0.0,False
2016-07-22,2016-07-25,2,Weekend,48.0,False,0.0,0.0,342.3,False,0.0,False
2016-07-25,2016-07-26,0,Overnight,0.0,False,-101.38,-101.38,79.62,False,0.0,False
2016-07-26,2016-07-27,0,Overnight,0.0,False,-7.41,-7.41,-37.13,False,0.0,False
2016-07-27,2016-07-28,0,Overnight,0.0,False,-23.66,-23.66,116.02,False,0.0,False
2016-07-28,2016-07-29,0,Overnight,0.0,False,3.9,3.9,175.73,False,0.0,False
2016-07-29,2016-08-01,2,Weekend,48.0,False,30.19,30.19,-235.88,False,0.0,False
2016-08-01,2016-08-02,0,Overnight,0.0,False,-27.86,-27.86,-95.06,False,0.0,False
2016-08-02,2016-08-03,0,Overnight,0.0,False,7.48,7.48,-69.73,False,0.0,False
2016-08-03,2016-08-04,0,Overnight,0.0,False,-4.43,-4.43,215.66,False,0.0,False
2016-08-04,2016-08-05,0,Overnight,0.0,False,-26.49,-26.49,1.3,False,0.0,False
2016-08-05,2016-08-08,2,Weekend,48.0,False,-88.64,-88.64,-81.03,False,0.0,False
2016-08-08,2016-08-09,0,Overnight,0.0,False,29.14,29.14,99.15,False,0.0,False
2016-08-09,2016-08-10,0,Overnight,0.0,False,-36.74,-36.74,-114.13,False,0.0,False
2016-08-10,2016-08-11,0,Overnight,0.0,False,23.02,23.02,-55.87,False,0.0,False
2016-08-11,2016-08-12,0,Overnight,0.0,False,22.21,22.21,8.87,False,0.0,False
2016-08-12,2016-08-15,2,Weekend,48.0,False,18.16,18.16,-19.04,False,0.0,False
2016-08-15,2016-08-16,0,Overnight,0.0,False,-4.43,-4.43,-83.72,False,0.0,False
2016-08-16,2016-08-17,0,Overnight,0.0,False,32.15,32.15,-48.71,False,0.0,False
2016-08-17,2016-08-18,0,Overnight,0.0,False,25.95,25.95,-13.86,False,0.0,False
2016-08-18,2016-08-19,0,Overnight,0.0,False,1.34,1.34,65.1,False,0.0,False
2016-08-19,2016-08-22,2,Weekend,48.0,False,-36.96,-36.96,-55.47,False,0.0,False
2016-08-22,2016-08-23,0,Overnight,0.0,False,62.16,62.16,23.15,False,0.0,False
2016-08-23,2016-08-24,0,Overnight,0.0,False,97.81,97.81,-197.04,False,0.0,False
2016-08-24,2016-08-25,0,Overnight,0.0,False,21.99,21.99,-96.83,False,0.0,False
2016-08-25,2016-08-26,0,Overnight,0.0,False,53.26,53.26,-97.26,False,0.0,False
2016-08-26,2016-08-29,2,Weekend,48.0,False,7.27,7.27,-227.41,False,0.0,False
2016-08-29,2016-08-30,0,Overnight,0.0,False,42.2,42.2,-223.19,False,0.0,False
2016-08-30,2016-08-31,0,Overnight,0.0,False,-43.15,-43.15,74.8,False,0.0,False
2016-08-31,2016-09-01,0,Overnight,0.0,False,-142.51,-142.51,-402.22,False,0.0,False
2016-09-01,2016-09-02,0,Overnight,0.0,False,77.4,77.4,-227.45,False,0.0,False
2016-09-02,2016-09-06,3,Long,72.0,False,62.5,62.5,189.63,False,0.0,False
2016-09-06,2016-09-07,0,Overnight,0.0,False,130.78,130.78,-186.15,False,0.0,False
2016-09-07,2016-09-08,0,Overnight,0.0,False,-107.66,-107.66,-110.35,False,0.0,False
2016-09-08,2016-09-09,0,Overnight,0.0,False,87.28,87.28,-234.79,False,0.0,False
2016-09-09,2016-09-12,2,Weekend,48.0,False,27.22,27.22,167.81,False,0.0,False
2016-09-12,2016-09-13,0,Overnight,0.0,False,-62.73,-62.73,-51.38,False,0.0,False
2016-09-13,2016-09-14,0,Overnight,0.0,False,-15.31,-15.31,33.66,False,0.0,False
2016-09-14,2016-09-15,0,Overnight,0.0,False,4.07,4.07,198.04,False,0.0,False
2016-09-15,2016-09-16,0,Overnight,0.0,False,0.0,0.0,245.44,False,0.0,False
2016-09-16,2016-09-19,2,Weekend,48.0,False,77.6,77.6,-31.93,False,0.0,False
2016-09-19,2016-09-20,0,Overnight,0.0,False,24.69,24.69,-107.42,False,0.0,False
2016-09-20,2016-09-21,0,Overnight,0.0,False,84.18,84.18,-55.88,False,0.0,False
2016-09-21,2016-09-22,0,Overnight,0.0,False,57.33,57.33,1.45,False,0.0,False
2016-09-22,2016-09-23,0,Overnight,0.0,False,-21.34,-21.34,70.63,False,0.0,False
2016-09-23,2016-09-26,2,Weekend,48.0,False,-45.9,-45.9,119.86,False,0.0,False
2016-09-26,2016-09-27,0,Overnight,0.0,False,31.53,31.53,-184.86,False,0.0,False
2016-09-27,2016-09-28,0,Overnight,0.0,False,82.26,82.26,-59.94,False,0.0,False
2016-09-28,2016-09-29,0,Overnight,0.0,False,-32.53,-32.53,-241.21,False,0.0,False
2016-09-29,2016-09-30,0,Overnight,0.0,False,74.96,74.96,89.6,False,0.0,False
2016-09-30,2016-10-03,2,Weekend,48.0,False,397.33,397.33,65.73,False,0.0,False
2016-10-03,2016-10-04,0,Overnight,0.0,False,-28.12,-28.12,-79.62,False,0.0,False
2016-10-04,2016-10-05,0,Overnight,0.0,False,39.18,39.18,-179.71,False,0.0,False
2016-10-05,2016-10-06,0,Overnight,0.0,False,-292.05,-292.05,-72.37,False,0.0,False
2016-10-06,2016-10-07,0,Overnight,0.0,False,0.0,0.0,-220.83,False,0.0,False
2016-10-07,2016-10-10,2,Weekend,48.0,False,238.23,238.23,-19.89,False,0.0,False
2016-10-10,2016-10-11,0,Overnight,0.0,False,44.69,44.69,-87.08,False,0.0,False
2016-10-11,2016-10-12,0,Overnight,0.0,False,42.39,42.39,27.83,False,0.0,False
2016-10-12,2016-10-13,0,Overnight,0.0,False,-50.25,-50.25,-12.98,False,0.0,False
2016-10-13,2016-10-14,0,Overnight,0.0,False,20.95,20.95,-208.99,False,0.0,False
2016-10-14,2016-10-17,2,Weekend,48.0,False,27.44,27.44,-158.06,False,0.0,False
2016-10-17,2016-10-18,0,Overnight,0.0,False,104.12,104.12,157.44,False,0.0,False
2016-10-18,2016-10-19,0,Overnight,0.0,False,32.09,32.09,189.44,False,0.0,False
2016-10-19,2016-10-20,0,Overnight,0.0,False,-70.99,-70.99,-150.54,False,0.0,False
2016-10-20,2016-10-21,0,Overnight,0.0,False,-25.14,-25.14,74.74,False,0.0,False
2016-10-21,2016-10-24,2,Weekend,48.0,False,45.38,45.38,87.18,False,0.0,False
2016-10-24,2016-10-25,0,Overnight,0.0,False,6.9,6.9,-27.64,False,0.0,False
2016-10-25,2016-10-26,0,Overnight,0.0,False,-66.45,-66.45,61.5,False,0.0,False
2016-10-26,2016-10-27,0,Overnight,0.0,False,440.13,440.13,-352.99,False,0.0,False
2016-10-27,2016-10-28,0,Overnight,0.0,False,-0.49,-0.49,-199.53,False,0.0,False
2016-10-28,2016-10-31,2,Weekend,48.0,False,125.23,125.23,-237.88,False,0.0,False
2016-10-31,2016-11-01,0,Overnight,0.0,False,15.67,15.67,-372.96,False,0.0,False
2016-11-01,2016-11-02,0,Overnight,0.0,False,-38.86,-38.86,-107.39,False,0.0,False
2016-11-02,2016-11-03,0,Overnight,0.0,False,51.99,51.99,-83.95,False,0.0,False
2016-11-03,2016-11-04,0,Overnight,0.0,False,83.95,83.95,82.2,False,0.0,False
2016-11-04,2016-11-07,2,Weekend,49.0,False,157.75,157.75,-19.65,False,0.0,False
2016-11-07,2016-11-08,0,Overnight,0.0,False,29.97,29.97,59.17,False,0.0,False
2016-11-08,2016-11-09,0,Overnight,0.0,False,-422.25,-422.25,168.73,False,0.0,False
2016-11-09,2016-11-10,0,Overnight,0.0,False,51.95,51.95,-302.89,False,0.0,False
2016-11-10,2016-11-11,0,Overnight,0.0,False,-60.07,-60.07,231.77,False,0.0,False
2016-11-11,2016-11-14,2,Weekend,48.0,False,-29.74,-29.74,-354.62,False,0.0,False
2016-11-14,2016-11-15,0,Overnight,0.0,False,73.03,73.03,54.02,False,0.0,False
2016-11-15,2016-11-16,0,Overnight,0.0,False,-61.13,-61.13,69.83,False,0.0,False
2016-11-16,2016-11-17,0,Overnight,0.0,False,-23.95,-23.95,277.86,False,0.0,False
2016-11-17,2016-11-18,0,Overnight,0.0,False,104.93,104.93,-299.75,False,0.0,False
2016-11-18,2016-11-21,2,Weekend,48.0,False,1.08,1.08,-28.14,False,0.0,False
2016-11-21,2016-11-22,0,Overnight,0.0,False,71.28,71.28,282.77,False,0.0,False
2016-11-22,2016-11-23,0,Overnight,0.0,False,-29.34,-29.34,131.86,False,0.0,False
2016-11-23,2016-11-25,1,Short,24.0,False,25.85,25.85,154.25,False,0.0,False
2016-11-25,2016-11-28,2,Weekend,48.0,True,-59.67,-59.67,32.69,False,0.0,False
2016-11-28,2016-11-29,0,Overnight,0.0,False,-28.6,-28.6,-311.09,False,0.0,False
2016-11-29,2016-11-30,0,Overnight,0.0,False,75.15,75.15,-84.12,False,0.0,False
2016-11-30,2016-12-01,0,Overnight,0.0,False,-60.9,-60.9,-344.24,False,0.0,False
2016-12-01,2016-12-02,0,Overnight,0.0,False,54.83,54.83,-77.4,False,0.0,False
2016-12-02,2016-12-05,2,Weekend,48.0,False,57.15,57.15,232.34,False,0.0,False
2016-12-05,2016-12-06,0,Overnight,0.0,False,-68.76,-68.76,17.77,False,0.0,False
2016-12-06,2016-12-07,0,Overnight,0.0,False,16.13,16.13,369.14,False,0.0,False
2016-12-07,2016-12-08,0,Overnight,0.0,False,-57.11,-57.11,12.49,False,0.0,False
2016-12-08,2016-12-09,0,Overnight,0.0,False,-74.12,-74.12,68.4,False,0.0,False
2016-12-09,2016-12-12,2,Weekend,48.0,False,32.21,32.21,-19.21,False,0.0,False
2016-12-12,2016-12-13,0,Overnight,0.0,False,38.9,38.9,254.02,False,0.0,False
2016-12-13,2016-12-14,0,Overnight,0.0,False,29.73,29.73,-2.52,False,0.0,False
2016-12-14,2016-12-15,0,Overnight,0.0,False,-14.1,-14.1,-41.92,False,0.0,False
2016-12-15,2016-12-16,0,Overnight,0.0,False,25.27,25.27,220.2,False,0.0,False
2016-12-16,2016-12-19,2,Weekend,48.0,False,0.0,0.0,11.85,False,0.0,False
2016-12-19,2016-12-20,0,Overnight,0.0,False,15.77,15.77,278.77,False,0.0,False
2016-12-20,2016-12-21,0,Overnight,0.0,False,-16.3,-16.3,-36.04,False,0.0,False
2016-12-21,2016-12-22,0,Overnight,0.0,False,25.0,25.0,11.04,False,0.0,False
2016-12-22,2016-12-23,0,Overnight,0.0,False,-21.61,-21.61,253.49,False,0.0,False
2016-12-23,2016-12-27,3,Long,72.0,False,71.93,71.93,214.09,False,0.0,False
2016-12-27,2016-12-28,0,Overnight,0.0,False,90.69,90.69,-81.13,False,0.0,False
2016-12-28,2016-12-29,0,Overnight,0.0,False,-53.84,-53.84,-179.12,False,0.0,False
2016-12-29,2016-12-30,0,Overnight,0.0,False,75.18,75.18,-121.4,False,0.0,False
2016-12-30,2017-01-03,3,Long,72.0,False,54.6,54.6,98.65,False,0.0,False
2017-01-03,2017-01-04,0,Overnight,0.0,False,-103.77,-103.77,554.31,False,0.0,False
2017-01-04,2017-01-05,0,Overnight,0.0,False,-25.14,-25.14,14.56,False,0.0,False
2017-01-05,2017-01-06,0,Overnight,0.0,False,7.94,7.94,91.24,False,0.0,False
2017-01-06,2017-01-09,2,Weekend,48.0,False,-1.75,-1.75,100.38,False,0.0,False
2017-01-09,2017-01-10,0,Overnight,0.0,False,31.08,31.08,-92.23,False,0.0,False
2017-01-10,2017-01-11,0,Overnight,0.0,False,-34.86,-34.86,28.77,False,0.0,False
2017-01-11,2017-01-12,0,Overnight,0.0,False,-29.21,-29.21,23.11,False,0.0,False
2017-01-12,2017-01-13,0,Overnight,0.0,False,17.84,17.84,331.4,False,0.0,False
2017-01-13,2017-01-17,3,Long,72.0,False,-44.26,-44.26,-47.43,False,0.0,False
2017-01-17,2017-01-18,0,Overnight,0.0,False,45.32,45.32,72.0,False,0.0,False
2017-01-18,2017-01-19,0,Overnight,0.0,False,366.18,366.18,-142.16,False,0.0,False
2017-01-19,2017-01-20,0,Overnight,0.0,False,69.5,69.5,-29.79,False,0.0,False
2017-01-20,2017-01-23,2,Weekend,48.0,False,45.66,45.66,124.1,False,0.0,False
2017-01-23,2017-01-24,0,Overnight,0.0,False,43.29,43.29,182.72,False,0.0,False
2017-01-24,2017-01-25,0,Overnight,0.0,False,105.49,105.49,-110.99,False,0.0,False
2017-01-25,2017-01-26,0,Overnight,0.0,False,-7.08,-7.08,-70.25,False,0.0,False
2017-01-26,2017-01-27,0,Overnight,0.0,False,-44.85,-44.85,62.26,False,0.0,False
2017-01-27,2017-01-30,2,Weekend,48.0,False,-16.62,-16.62,-75.52,False,0.0,False
2017-01-30,2017-01-31,0,Overnight,0.0,False,-55.62,-55.62,107.35,False,0.0,False
2017-01-31,2017-02-01,0,Overnight,0.0,False,44.36,44.36,-151.71,False,0.0,False
2017-02-01,2017-02-02,0,Overnight,0.0,False,-36.17,-36.17,128.43,False,0.0,False
2017-02-02,2017-02-03,0,Overnight,0.0,False,14.3,14.3,-23.05,False,0.0,False
2017-02-03,2017-02-06,2,Weekend,48.0,False,-13.14,-13.14,266.15,False,0.0,False
2017-02-06,2017-02-07,0,Overnight,0.0,False,16.28,16.28,-27.54,False,0.0,False
2017-02-07,2017-02-08,0,Overnight,0.0,False,-5.05,-5.05,182.13,False,0.0,False
2017-02-08,2017-02-09,0,Overnight,0.0,False,157.86,157.86,110.19,False,0.0,False
2017-02-09,2017-02-10,0,Overnight,0.0,False,21.89,21.89,-20.78,False,0.0,False
2017-02-10,2017-02-13,2,Weekend,48.0,False,55.93,55.93,357.71,False,0.0,False
2017-02-13,2017-02-14,0,Overnight,0.0,False,-56.11,-56.11,69.64,False,0.0,False
2017-02-14,2017-02-15,0,Overnight,0.0,False,-34.94,-34.94,-8.58,False,0.0,False
2017-02-15,2017-02-16,0,Overnight,0.0,False,-77.51,-77.51,-316.56,False,0.0,False
2017-02-16,2017-02-17,0,Overnight,0.0,False,-117.81,-117.81,239.03,False,0.0,False
2017-02-17,2017-02-21,3,Long,72.0,False,117.59,117.59,70.18,False,0.0,False
2017-02-21,2017-02-22,0,Overnight,0.0,False,104.72,104.72,-245.58,False,0.0,False
2017-02-22,2017-02-23,0,Overnight,0.0,False,-353.89,-353.89,-308.11,False,0.0,False
2017-02-23,2017-02-24,0,Overnight,0.0,False,-130.94,-130.94,170.31,False,0.0,False
2017-02-24,2017-02-27,2,Weekend,48.0,False,-349.62,-349.62,-78.48,False,0.0,False
2017-02-27,2017-02-28,0,Overnight,0.0,False,-83.19,-83.19,234.74,False,0.0,False
2017-02-28,2017-03-01,0,Overnight,0.0,False,166.22,166.22,-165.02,False,0.0,False
2017-03-01,2017-03-02,0,Overnight,0.0,False,-12.41,-12.41,30.79,False,0.0,False
2017-03-02,2017-03-03,0,Overnight,0.0,False,10.37,10.37,33.05,False,0.0,False
2017-03-03,2017-03-06,2,Weekend,48.0,False,-146.56,-146.56,132.24,False,0.0,False
2017-03-06,2017-03-07,0,Overnight,0.0,False,28.22,28.22,-133.07,False,0.0,False
2017-03-07,2017-03-08,0,Overnight,0.0,False,-64.17,-64.17,-5.26,False,0.0,False
2017-03-08,2017-03-09,0,Overnight,0.0,False,30.74,30.74,-110.86,False,0.0,False
2017-03-09,2017-03-10,0,Overnight,0.0,False,53.35,53.35,-102.88,False,0.0,False
2017-03-10,2017-03-13,2,Weekend,47.0,False,46.26,46.26,54.99,False,0.0,False
2017-03-13,2017-03-14,0,Overnight,0.0,False,-2.44,-2.44,471.81,False,0.0,False
2017-03-14,2017-03-15,0,Overnight,0.0,False,-38.84,-38.84,-49.54,False,0.0,False
2017-03-15,2017-03-16,0,Overnight,0.0,False,257.48,257.48,-13.35,False,0.0,False
2017-03-16,2017-03-17,0,Overnight,0.0,False,74.14,74.14,-95.15,False,0.0,False
2017-03-17,2017-03-20,2,Weekend,48.0,False,-34.48,-34.48,50.52,False,0.0,False
2017-03-20,2017-03-21,0,Overnight,0.0,False,34.68,34.68,-473.3,False,0.0,False
2017-03-21,2017-03-22,0,Overnight,0.0,False,35.04,35.04,136.21,False,0.0,False
2017-03-22,2017-03-23,0,Overnight,0.0,False,14.89,14.89,-23.91,False,0.0,False
2017-03-23,2017-03-24,0,Overnight,0.0,False,36.05,36.05,287.57,False,0.0,False
2017-03-24,2017-03-27,2,Weekend,48.0,False,-97.76,-97.76,362.5,False,0.0,False
2017-03-27,2017-03-28,0,Overnight,0.0,False,248.53,248.53,15.51,False,0.0,False
2017-03-28,2017-03-29,0,Overnight,0.0,False,32.03,32.03,-34.55,False,0.0,False
2017-03-29,2017-03-30,0,Overnight,0.0,False,23.76,23.76,-4.32,False,0.0,False
2017-03-30,2017-03-31,0,Overnight,0.0,False,29.1,29.1,-15.44,False,0.0,False
2017-03-31,2017-04-03,2,Weekend,48.0,False,304.34,304.34,397.03,False,0.0,False
2017-04-03,2017-04-04,0,Overnight,0.0,False,-54.75,-54.75,226.79,False,0.0,False
2017-04-04,2017-04-05,0,Overnight,0.0,False,-54.81,-54.81,-235.84,False,0.0,False
2017-04-05,2017-04-06,0,Overnight,0.0,False,63.53,63.53,61.12,False,0.0,False
2017-04-06,2017-04-07,0,Overnight,0.0,False,-40.26,-40.26,167.99,False,0.0,False
2017-04-07,2017-04-10,2,Weekend,48.0,False,216.13,216.13,104.26,False,0.0,False
2017-04-10,2017-04-11,0,Overnight,0.0,False,31.64,31.64,-150.14,False,0.0,False
2017-04-11,2017-04-12,0,Overnight,0.0,False,-77.07,-77.07,-315.02,False,0.0,False
2017-04-12,2017-04-13,0,Overnight,0.0,False,-4.72,-4.72,243.06,False,0.0,False
2017-04-13,2017-04-17,3,Long,72.0,False,-42.85,-42.85,-41.71,False,0.0,False
2017-04-17,2017-04-18,0,Overnight,0.0,False,-57.89,-57.89,18.33,False,0.0,False
2017-04-18,2017-04-19,0,Overnight,0.0,False,73.34,73.34,100.66,False,0.0,False
2017-04-19,2017-04-20,0,Overnight,0.0,False,32.35,32.35,-131.36,False,0.0,False
2017-04-20,2017-04-21,0,Overnight,0.0,False,-16.87,-16.87,118.5,False,0.0,False
2017-04-21,2017-04-24,2,Weekend,48.0,False,117.76,117.76,-38.56,False,0.0,False
2017-04-24,2017-04-25,0,Overnight,0.0,False,-0.97,-0.97,186.24,False,0.0,False
2017-04-25,2017-04-26,0,Overnight,0.0,False,-45.36,-45.36,-70.68,False,0.0,False
2017-04-26,2017-04-27,0,Overnight,0.0,False,48.89,48.89,-98.66,False,0.0,False
2017-04-27,2017-04-28,0,Overnight,0.0,False,38.81,38.81,135.92,False,0.0,False
2017-04-28,2017-05-01,2,Weekend,48.0,False,25.76,25.76,249.34,False,0.0,False
2017-05-01,2017-05-02,0,Overnight,0.0,False,36.18,36.18,-158.97,False,0.0,False
2017-05-02,2017-05-03,0,Overnight,0.0,False,-38.33,-38.33,-211.56,False,0.0,False
2017-05-03,2017-05-04,0,Overnight,0.0,False,-115.77,-115.77,-397.47,False,0.0,False
2017-05-04,2017-05-05,0,Overnight,0.0,False,85.6,85.6,341.42,False,0.0,False
2017-05-05,2017-05-08,2,Weekend,48.0,False,82.36,82.36,-120.05,False,0.0,False
2017-05-08,2017-05-09,0,Overnight,0.0,False,71.04,71.04,376.8,False,0.0,False
2017-05-09,2017-05-10,0,Overnight,0.0,False,9.33,9.33,113.18,False,0.0,False
2017-05-10,2017-05-11,0,Overnight,0.0,False,-56.12,-56.12,-9.28,False,0.0,False
2017-05-11,2017-05-12,0,Overnight,0.0,False,73.39,73.39,-20.61,False,0.0,False
2017-05-12,2017-05-15,2,Weekend,48.0,False,-199.95,-199.95,-78.83,False,0.0,False
2017-05-15,2017-05-16,0,Overnight,0.0,False,53.99,53.99,-18.28,False,0.0,False
2017-05-16,2017-05-17,0,Overnight,0.0,False,-82.99,-82.99,-266.9,False,0.0,False
2017-05-17,2017-05-18,0,Overnight,0.0,False,29.03,29.03,195.47,False,0.0,False
2017-05-18,2017-05-19,0,Overnight,0.0,False,77.64,77.64,-149.13,False,0.0,False
2017-05-19,2017-05-22,2,Weekend,48.0,False,63.18,63.18,-78.63,False,0.0,False
2017-05-22,2017-05-23,0,Overnight,0.0,False,3.54,3.54,-214.88,False,0.0,False
2017-05-23,2017-05-24,0,Overnight,0.0,False,86.83,86.83,120.31,False,0.0,False
2017-05-24,2017-05-25,0,Overnight,0.0,False,25.75,25.75,185.08,False,0.0,False
2017-05-25,2017-05-26,0,Overnight,0.0,False,14.19,14.19,244.71,False,0.0,False
2017-05-26,2017-05-30,3,Long,72.0,False,26.42,26.42,275.32,False,0.0,False
2017-05-30,2017-05-31,0,Overnight,0.0,False,76.99,76.99,97.83,False,0.0,False
2017-05-31,2017-06-01,0,Overnight,0.0,False,87.3,87.3,-106.08,False,0.0,False
2017-06-01,2017-06-02,0,Overnight,0.0,False,-17.64,-17.64,2.35,False,0.0,False
2017-06-02,2017-06-05,2,Weekend,48.0,False,-39.8,-39.8,257.22,False,0.0,False
2017-06-05,2017-06-06,0,Overnight,0.0,False,-75.72,-75.72,233.69,False,0.0,False
2017-06-06,2017-06-07,0,Overnight,0.0,False,98.42,98.42,92.46,False,0.0,False
2017-06-07,2017-06-08,0,Overnight,0.0,False,113.35,113.35,170.36,False,0.0,False
2017-06-08,2017-06-09,0,Overnight,0.0,False,118.75,118.75,-467.46,False,0.0,False
2017-06-09,2017-06-12,2,Weekend,48.0,False,18.73,18.73,28.45,False,0.0,False
2017-06-12,2017-06-13,0,Overnight,0.0,False,237.0,237.0,224.06,False,0.0,False
2017-06-13,2017-06-14,0,Overnight,0.0,False,135.79,135.79,-11.29,False,0.0,False
2017-06-14,2017-06-15,0,Overnight,0.0,False,-216.7,-216.7,75.95,False,0.0,False
2017-06-15,2017-06-16,0,Overnight,0.0,False,70.09,70.09,-175.62,False,0.0,False
2017-06-16,2017-06-19,2,Weekend,48.0,False,96.46,96.46,-139.64,False,0.0,False
2017-06-19,2017-06-20,0,Overnight,0.0,False,184.07,184.07,-118.31,False,0.0,False
2017-06-20,2017-06-21,0,Overnight,0.0,False,56.52,56.52,54.61,False,0.0,False
2017-06-21,2017-06-22,0,Overnight,0.0,False,42.15,42.15,121.48,False,0.0,False
2017-06-22,2017-06-23,0,Overnight,0.0,False,-4.18,-4.18,26.11,False,0.0,False
2017-06-23,2017-06-26,2,Weekend,48.0,False,84.14,84.14,-240.79,False,0.0,False
2017-06-26,2017-06-27,0,Overnight,0.0,False,-28.92,-28.92,-379.87,False,0.0,False
2017-06-27,2017-06-28,0,Overnight,0.0,False,118.24,118.24,123.59,False,0.0,False
2017-06-28,2017-06-29,0,Overnight,0.0,False,-16.98,-16.98,-269.65,False,0.0,False
2017-06-29,2017-06-30,0,Overnight,0.0,False,81.72,81.72,-57.91,False,0.0,False
2017-06-30,2017-07-03,2,Weekend,48.0,False,235.85,235.85,-487.61,False,0.0,False
2017-07-03,2017-07-05,1,Short,24.0,True,-154.9,-154.9,-596.66,False,0.0,False
2017-07-05,2017-07-06,0,Overnight,0.0,False,-305.14,-305.14,-269.31,False,0.0,False
2017-07-06,2017-07-07,0,Overnight,0.0,False,150.08,150.08,-8.94,False,0.0,False
2017-07-07,2017-07-10,2,Weekend,48.0,False,-10.22,-10.22,100.17,False,0.0,False
2017-07-10,2017-07-11,0,Overnight,0.0,False,-1.58,-1.58,348.9,False,0.0,False
2017-07-11,2017-07-12,0,Overnight,0.0,False,96.71,96.71,-26.67,False,0.0,False
2017-07-12,2017-07-13,0,Overnight,0.0,False,17.89,17.89,-205.05,False,0.0,False
2017-07-13,2017-07-14,0,Overnight,0.0,False,-6.8,-6.8,141.02,False,0.0,False
2017-07-14,2017-07-17,2,Weekend,48.0,False,-68.57,-68.57,-185.09,False,0.0,False
2017-07-17,2017-07-18,0,Overnight,0.0,False,-64.98,-64.98,332.67,False,0.0,False
2017-07-18,2017-07-19,0,Overnight,0.0,False,-0.31,-0.31,-90.9,False,0.0,False
2017-07-19,2017-07-20,0,Overnight,0.0,False,50.29,50.29,91.96,False,0.0,False
2017-07-20,2017-07-21,0,Overnight,0.0,False,-13.95,-13.95,-32.23,False,0.0,False
2017-07-21,2017-07-24,2,Weekend,48.0,False,55.87,55.87,365.1,False,0.0,False
2017-07-24,2017-07-25,0,Overnight,0.0,False,72.14,72.14,-157.76,False,0.0,False
2017-07-25,2017-07-26,0,Overnight,0.0,False,22.35,22.35,102.02,False,0.0,False
2017-07-26,2017-07-27,0,Overnight,0.0,False,62.33,62.33,-339.22,False,0.0,False
2017-07-27,2017-07-28,0,Overnight,0.0,False,72.39,72.39,-54.17,False,0.0,False
2017-07-28,2017-07-31,2,Weekend,48.0,False,12.83,12.83,-365.16,False,0.0,False
2017-07-31,2017-08-01,0,Overnight,0.0,False,-14.54,-14.54,-106.76,False,0.0,False
2017-08-01,2017-08-02,0,Overnight,0.0,False,-19.73,-19.73,215.57,False,0.0,False
2017-08-02,2017-08-03,0,Overnight,0.0,False,579.41,579.41,50.84,False,0.0,False
2017-08-03,2017-08-04,0,Overnight,0.0,False,-2.59,-2.59,281.59,False,0.0,False
2017-08-04,2017-08-07,2,Weekend,48.0,False,12.32,12.32,-61.19,False,0.0,False
2017-08-07,2017-08-08,0,Overnight,0.0,False,66.23,66.23,212.81,False,0.0,False
2017-08-08,2017-08-09,0,Overnight,0.0,False,-116.22,-116.22,69.84,False,0.0,False
2017-08-09,2017-08-10,0,Overnight,0.0,False,-53.23,-53.23,-172.95,False,0.0,False
2017-08-10,2017-08-11,0,Overnight,0.0,False,44.08,44.08,25.18,False,0.0,False
2017-08-11,2017-08-14,2,Weekend,48.0,False,187.13,187.13,-22.79,False,0.0,False
2017-08-14,2017-08-15,0,Overnight,0.0,False,38.41,38.41,-78.9,False,0.0,False
2017-08-15,2017-08-16,0,Overnight,0.0,False,18.47,18.47,-2.48,False,0.0,False
2017-08-16,2017-08-17,0,Overnight,0.0,False,-46.95,-46.95,-260.56,False,0.0,False
2017-08-17,2017-08-18,0,Overnight,0.0,False,28.09,28.09,-155.63,False,0.0,False
2017-08-18,2017-08-21,2,Weekend,48.0,False,-47.31,-47.31,-232.87,False,0.0,False
2017-08-21,2017-08-22,0,Overnight,0.0,False,96.32,96.32,6.45,False,0.0,False
2017-08-22,2017-08-23,0,Overnight,0.0,False,-69.38,-69.38,398.46,False,0.0,False
2017-08-23,2017-08-24,0,Overnight,0.0,False,-7.09,-7.09,11.62,False,0.0,False
2017-08-24,2017-08-25,0,Overnight,0.0,False,37.05,37.05,-176.28,False,0.0,False
2017-08-25,2017-08-28,2,Weekend,48.0,False,-22.15,-22.15,-46.76,False,0.0,False
2017-08-28,2017-08-29,0,Overnight,0.0,False,-180.41,-180.41,229.47,False,0.0,False
2017-08-29,2017-08-30,0,Overnight,0.0,False,66.28,66.28,99.88,False,0.0,False
2017-08-30,2017-08-31,0,Overnight,0.0,False,10.47,10.47,66.25,False,0.0,False
2017-08-31,2017-09-01,0,Overnight,0.0,False,6.18,6.18,-20.24,False,0.0,False
2017-09-01,2017-09-05,3,Long,72.0,False,-45.12,-45.12,-119.71,False,0.0,False
2017-09-05,2017-09-06,0,Overnight,0.0,False,-2.58,-2.58,-143.22,False,0.0,False
2017-09-06,2017-09-07,0,Overnight,0.0,False,42.0,42.0,132.94,False,0.0,False
2017-09-07,2017-09-08,0,Overnight,0.0,False,-46.31,-46.31,-161.47,False,0.0,False
2017-09-08,2017-09-11,2,Weekend,48.0,False,228.87,228.87,345.19,False,0.0,False
2017-09-11,2017-09-12,0,Overnight,0.0,False,21.97,21.97,-47.85,False,0.0,False
2017-09-12,2017-09-13,0,Overnight,0.0,False,29.45,29.45,66.02,False,0.0,False
2017-09-13,2017-09-14,0,Overnight,0.0,False,-52.01,-52.01,358.81,False,0.0,False
2017-09-14,2017-09-15,0,Overnight,0.0,False,-83.23,-83.23,140.53,False,0.0,False
2017-09-15,2017-09-18,2,Weekend,48.0,False,11.58,11.58,124.14,False,0.0,False
2017-09-18,2017-09-19,0,Overnight,0.0,False,-130.72,-130.72,-129.79,False,0.0,False
2017-09-19,2017-09-20,0,Overnight,0.0,False,-56.14,-56.14,24.37,False,0.0,False
2017-09-20,2017-09-21,0,Overnight,0.0,False,26.44,26.44,-227.15,False,0.0,False
2017-09-21,2017-09-22,0,Overnight,0.0,False,0.27,0.27,-429.29,False,0.0,False
2017-09-22,2017-09-25,2,Weekend,48.0,False,58.5,58.5,-233.78,False,0.0,False
2017-09-25,2017-09-26,0,Overnight,0.0,False,170.71,170.71,-163.18,False,0.0,False
2017-09-26,2017-09-27,0,Overnight,0.0,False,133.79,133.79,-258.53,False,0.0,False
2017-09-27,2017-09-28,0,Overnight,0.0,False,-32.02,-32.02,-8.24,False,0.0,False
2017-09-28,2017-09-29,0,Overnight,0.0,False,66.33,66.33,-22.26,False,0.0,False
2017-09-29,2017-10-02,2,Weekend,48.0,False,41.54,41.54,-28.95,False,0.0,False
2017-10-02,2017-10-03,0,Overnight,0.0,False,-166.22,-166.22,357.91,False,0.0,False
2017-10-03,2017-10-04,0,Overnight,0.0,False,88.94,88.94,106.48,False,0.0,False
2017-10-04,2017-10-05,0,Overnight,0.0,False,27.85,27.85,-18.84,False,0.0,False
2017-10-05,2017-10-06,0,Overnight,0.0,False,-62.96,-62.96,106.48,False,0.0,False
2017-10-06,2017-10-09,2,Weekend,48.0,False,-204.67,-204.67,-193.77,False,0.0,False
2017-10-09,2017-10-10,0,Overnight,0.0,False,111.93,111.93,250.3,False,0.0,False
2017-10-10,2017-10-11,0,Overnight,0.0,False,-47.92,-47.92,20.04,False,0.0,False
2017-10-11,2017-10-12,0,Overnight,0.0,False,-46.64,-46.64,77.05,False,0.0,False
2017-10-12,2017-10-13,0,Overnight,0.0,False,36.48,36.48,-39.58,False,0.0,False
2017-10-13,2017-10-16,2,Weekend,48.0,False,-51.03,-51.03,-89.73,False,0.0,False
2017-10-16,2017-10-17,0,Overnight,0.0,False,8.84,8.84,136.99,False,0.0,False
2017-10-17,2017-10-18,0,Overnight,0.0,False,6.18,6.18,102.85,False,0.0,False
2017-10-18,2017-10-19,0,Overnight,0.0,False,-114.37,-114.37,-106.03,False,0.0,False
2017-10-19,2017-10-20,0,Overnight,0.0,False,24.98,24.98,-217.55,False,0.0,False
2017-10-20,2017-10-23,2,Weekend,48.0,False,137.56,137.56,-374.48,False,0.0,False
2017-10-23,2017-10-24,0,Overnight,0.0,False,52.68,52.68,-43.19,False,0.0,False
2017-10-24,2017-10-25,0,Overnight,0.0,False,-18.99,-18.99,-327.86,False,0.0,False
2017-10-25,2017-10-26,0,Overnight,0.0,False,59.36,59.36,-49.24,False,0.0,False
2017-10-26,2017-10-27,0,Overnight,0.0,False,-198.79,-198.79,34.97,False,0.0,False
2017-10-27,2017-10-30,2,Weekend,48.0,False,-52.81,-52.81,28.16,False,0.0,False
2017-10-30,2017-10-31,0,Overnight,0.0,False,4.69,4.69,346.79,False,0.0,False
2017-10-31,2017-11-01,0,Overnight,0.0,False,21.69,21.69,-341.97,False,0.0,False
2017-11-01,2017-11-02,0,Overnight,0.0,False,-674.75,-674.75,-29.03,False,0.0,False
2017-11-02,2017-11-03,0,Overnight,0.0,False,8.02,8.02,217.65,False,0.0,False
2017-11-03,2017-11-06,2,Weekend,49.0,False,29.69,29.69,-138.41,False,0.0,False
2017-11-06,2017-11-07,0,Overnight,0.0,False,-58.3,-58.3,165.72,False,0.0,False
2017-11-07,2017-11-08,0,Overnight,0.0,False,-17.99,-17.99,-36.4,False,0.0,False
2017-11-08,2017-11-09,0,Overnight,0.0,False,-62.28,-62.28,16.18,False,0.0,False
2017-11-09,2017-11-10,0,Overnight,0.0,False,-16.18,-16.18,16.18,False,0.0,False
2017-11-10,2017-11-13,2,Weekend,48.0,False,-94.84,-94.84,496.26,False,0.0,False
2017-11-13,2017-11-14,0,Overnight,0.0,False,-12.69,-12.69,-202.03,False,0.0,False
2017-11-14,2017-11-15,0,Overnight,0.0,False,-87.52,-87.52,171.39,False,0.0,False
2017-11-15,2017-11-16,0,Overnight,0.0,False,86.04,86.04,-47.57,False,0.0,False
2017-11-16,2017-11-17,0,Overnight,0.0,False,412.8,412.8,-331.53,False,0.0,False
2017-11-17,2017-11-20,2,Weekend,48.0,False,-40.07,-40.07,-162.24,False,0.0,False
2017-11-20,2017-11-21,0,Overnight,0.0,False,68.43,68.43,221.11,False,0.0,False
2017-11-21,2017-11-22,0,Overnight,0.0,False,-32.78,-32.78,-132.52,False,0.0,False
2017-11-22,2017-11-24,1,Short,24.0,False,38.0,38.0,55.93,False,0.0,False
2017-11-24,2017-11-27,2,Weekend,48.0,True,-73.16,-73.16,113.01,False,0.0,False
2017-11-27,2017-11-28,0,Overnight,0.0,False,-14.21,-14.21,37.54,False,0.0,False
2017-11-28,2017-11-29,0,Overnight,0.0,False,-7.88,-7.88,-312.43,False,0.0,False
2017-11-29,2017-11-30,0,Overnight,0.0,False,33.11,33.11,9.39,False,0.0,False
2017-11-30,2017-12-01,0,Overnight,0.0,False,-111.02,-111.02,35.62,False,0.0,False
2017-12-01,2017-12-04,2,Weekend,48.0,False,-0.98,-0.98,-42.5,False,0.0,False
2017-12-04,2017-12-05,0,Overnight,0.0,False,-105.4,-105.4,56.13,False,0.0,False
2017-12-05,2017-12-06,0,Overnight,0.0,False,-119.25,-119.25,429.18,False,0.0,False
2017-12-06,2017-12-07,0,Overnight,0.0,False,-40.3,-40.3,-24.39,False,0.0,False
2017-12-07,2017-12-08,0,Overnight,0.0,False,107.38,107.38,16.83,False,0.0,False
2017-12-08,2017-12-11,2,Weekend,48.0,False,-15.88,-15.88,443.87,False,0.0,False
2017-12-11,2017-12-12,0,Overnight,0.0,False,46.71,46.71,315.15,False,0.0,False
2017-12-12,2017-12-13,0,Overnight,0.0,False,-2.93,-2.93,-55.89,False,0.0,False
2017-12-13,2017-12-14,0,Overnight,0.0,False,58.23,58.23,-91.91,False,0.0,False
2017-12-14,2017-12-15,0,Overnight,0.0,False,122.07,122.07,41.14,False,0.0,False
2017-12-15,2017-12-18,2,Weekend,48.0,False,42.13,42.13,-176.38,False,0.0,False
2017-12-18,2017-12-19,0,Overnight,0.0,False,40.93,40.93,-272.9,False,0.0,False
2017-12-19,2017-12-20,0,Overnight,0.0,False,47.91,47.91,-112.14,False,0.0,False
2017-12-20,2017-12-21,0,Overnight,0.0,False,18.53,18.53,62.61,False,0.0,False
2017-12-21,2017-12-22,0,Overnight,0.0,False,-65.04,-65.04,-131.66,False,0.0,False
2017-12-22,2017-12-26,3,Long,72.0,False,-42.22,-42.22,-204.03,False,0.0,False
2017-12-26,2017-12-27,0,Overnight,0.0,False,-40.74,-40.74,-138.94,False,0.0,False
2017-12-27,2017-12-28,0,Overnight,0.0,False,3.53,3.53,115.13,False,0.0,False
2017-12-28,2017-12-29,0,Overnight,0.0,False,25.97,25.97,-153.94,False,0.0,False
2017-12-29,2018-01-02,3,Long,72.0,False,20.85,20.85,269.73,False,0.0,False
2018-01-02,2018-01-03,0,Overnight,0.0,False,14.65,14.65,-117.51,False,0.0,False
2018-01-03,2018-01-04,0,Overnight,0.0,False,-139.02,-139.02,55.78,False,0.0,False
2018-01-04,2018-01-05,0,Overnight,0.0,False,63.37,63.37,-1.26,False,0.0,False
2018-01-05,2018-01-08,2,Weekend,48.0,False,-18.34,-18.34,625.88,False,0.0,False
2018-01-08,2018-01-09,0,Overnight,0.0,False,-37.23,-37.23,-43.96,False,0.0,False
2018-01-09,2018-01-10,0,Overnight,0.0,False,-44.75,-44.75,77.96,False,0.0,False
2018-01-10,2018-01-11,0,Overnight,0.0,False,13.13,13.13,80.51,False,0.0,False
2018-01-11,2018-01-12,0,Overnight,0.0,False,20.1,20.1,-71.42,False,0.0,False
2018-01-12,2018-01-16,3,Long,72.0,False,39.18,39.18,74.38,False,0.0,False
2018-01-16,2018-01-17,0,Overnight,0.0,False,12.05,12.05,194.59,False,0.0,False
2018-01-17,2018-01-18,0,Overnight,0.0,False,-43.01,-43.01,-31.87,False,0.0,False
2018-01-18,2018-01-19,0,Overnight,0.0,False,12.47,12.47,144.46,False,0.0,False
2018-01-19,2018-01-22,2,Weekend,48.0,False,-17.73,-17.73,61.63,False,0.0,False
2018-01-22,2018-01-23,0,Overnight,0.0,False,237.24,237.24,-202.31,False,0.0,False
2018-01-23,2018-01-24,0,Overnight,0.0,False,50.61,50.61,-248.13,False,0.0,False
2018-01-24,2018-01-25,0,Overnight,0.0,False,68.57,68.57,-309.98,False,0.0,False
2018-01-25,2018-01-26,0,Overnight,0.0,False,113.67,113.67,39.45,False,0.0,False
2018-01-26,2018-01-29,2,Weekend,48.0,False,-87.89,-87.89,280.85,False,0.0,False
2018-01-29,2018-01-30,0,Overnight,0.0,False,-126.39,-126.39,19.68,False,0.0,False
2018-01-30,2018-01-31,0,Overnight,0.0,False,48.75,48.75,193.79,False,0.0,False
2018-01-31,2018-02-01,0,Overnight,0.0,False,-93.86,-93.86,-49.98,False,0.0,False
2018-02-01,2018-02-02,0,Overnight,0.0,False,-23.22,-23.22,-135.51,False,0.0,False
2018-02-02,2018-02-05,2,Weekend,48.0,False,-169.58,-169.58,-144.24,False,0.0,False
2018-02-05,2018-02-06,0,Overnight,0.0,False,-240.62,-240.62,265.8,False,0.0,False
2018-02-06,2018-02-07,0,Overnight,0.0,False,149.19,149.19,175.74,False,0.0,False
2018-02-07,2018-02-08,0,Overnight,0.0,False,-49.11,-49.11,-853.31,False,0.0,False
2018-02-08,2018-02-09,0,Overnight,0.0,False,148.0,148.0,-301.76,False,0.0,False
2018-02-09,2018-02-12,2,Weekend,48.0,False,182.27,182.27,-12.66,False,0.0,False
2018-02-12,2018-02-13,0,Overnight,0.0,False,-22.51,-22.51,270.57,False,0.0,False
2018-02-13,2018-02-14,0,Overnight,0.0,False,-87.51,-87.51,45.71,False,0.0,False
2018-02-14,2018-02-15,0,Overnight,0.0,False,67.72,67.72,290.65,False,0.0,False
2018-02-15,2018-02-16,0,Overnight,0.0,False,-47.11,-47.11,89.52,False,0.0,False
2018-02-16,2018-02-20,3,Long,72.0,False,-30.45,-30.45,8.97,False,0.0,False
2018-02-20,2018-02-21,0,Overnight,0.0,False,37.57,37.57,-81.58,False,0.0,False
2018-02-21,2018-02-22,0,Overnight,0.0,False,66.68,66.68,312.19,False,0.0,False
2018-02-22,2018-02-23,0,Overnight,0.0,False,47.84,47.84,120.59,False,0.0,False
2018-02-23,2018-02-26,2,Weekend,48.0,False,41.1,41.1,110.28,False,0.0,False
2018-02-26,2018-02-27,0,Overnight,0.0,False,-32.79,-32.79,-148.75,False,0.0,False
2018-02-27,2018-02-28,0,Overnight,0.0,False,44.92,44.92,-273.44,False,0.0,False
2018-02-28,2018-03-01,0,Overnight,0.0,False,56.68,56.68,-416.67,False,0.0,False
2018-03-01,2018-03-02,0,Overnight,0.0,False,-120.08,-120.08,245.9,False,0.0,False
2018-03-02,2018-03-05,2,Weekend,48.0,False,-81.8,-81.8,28.84,False,0.0,False
2018-03-05,2018-03-06,0,Overnight,0.0,False,11.99,11.99,-167.69,False,0.0,False
2018-03-06,2018-03-07,0,Overnight,0.0,False,-84.45,-84.45,208.6,False,0.0,False
2018-03-07,2018-03-08,0,Overnight,0.0,False,16.84,16.84,-113.6,False,0.0,False
2018-03-08,2018-03-09,0,Overnight,0.0,False,-153.1,-153.1,94.28,False,0.0,False
2018-03-09,2018-03-12,2,Weekend,47.0,False,43.92,43.92,501.5,False,0.0,False
2018-03-12,2018-03-13,0,Overnight,0.0,False,-501.5,-501.5,394.71,False,0.0,False
2018-03-13,2018-03-14,0,Overnight,0.0,False,-149.72,-149.72,-305.42,False,0.0,False
2018-03-14,2018-03-15,0,Overnight,0.0,False,83.84,83.84,-115.43,False,0.0,False
2018-03-15,2018-03-16,0,Overnight,0.0,False,-82.34,-82.34,-49.05,False,0.0,False
2018-03-16,2018-03-19,2,Weekend,48.0,False,-152.08,-152.08,-93.33,False,0.0,False
2018-03-19,2018-03-20,0,Overnight,0.0,False,41.69,41.69,-138.15,False,0.0,False
2018-03-20,2018-03-21,0,Overnight,0.0,False,-9.67,-9.67,200.4,False,0.0,False
2018-03-21,2018-03-22,0,Overnight,0.0,False,-83.75,-83.75,-153.78,False,0.0,False
2018-03-22,2018-03-23,0,Overnight,0.0,False,69.32,69.32,-316.94,False,0.0,False
2018-03-23,2018-03-26,2,Weekend,48.0,False,190.52,190.52,-103.35,False,0.0,False
2018-03-26,2018-03-27,0,Overnight,0.0,False,-5.92,-5.92,-851.71,False,0.0,False
2018-03-27,2018-03-28,0,Overnight,0.0,False,-537.13,-537.13,-260.37,False,0.0,False
2018-03-28,2018-03-29,0,Overnight,0.0,False,-50.17,-50.17,368.95,False,0.0,False
2018-03-29,2018-04-02,3,Long,72.0,False,-377.92,-377.92,-148.6,False,0.0,False
2018-04-02,2018-04-03,0,Overnight,0.0,False,664.23,664.23,-85.23,False,0.0,False
2018-04-03,2018-04-04,0,Overnight,0.0,False,-567.12,-567.12,1267.54,False,0.0,False
2018-04-04,2018-04-05,0,Overnight,0.0,False,83.29,83.29,550.67,False,0.0,False
2018-04-05,2018-04-06,0,Overnight,0.0,False,-155.59,-155.59,-56.64,False,0.0,False
2018-04-06,2018-04-09,2,Weekend,48.0,False,35.69,35.69,-363.07,False,0.0,False
2018-04-09,2018-04-10,0,Overnight,0.0,False,316.35,316.35,189.84,False,0.0,False
2018-04-10,2018-04-11,0,Overnight,0.0,False,-130.82,-130.82,6.32,False,0.0,False
2018-04-11,2018-04-12,0,Overnight,0.0,False,46.08,46.08,-276.34,False,0.0,False
2018-04-12,2018-04-13,0,Overnight,0.0,False,318.59,318.59,-107.96,False,0.0,False
2018-04-13,2018-04-16,2,Weekend,48.0,False,-44.72,-44.72,-263.99,False,0.0,False
2018-04-16,2018-04-17,0,Overnight,0.0,False,-80.68,-80.68,-40.93,False,0.0,False
2018-04-17,2018-04-18,0,Overnight,0.0,False,117.15,117.15,77.68,False,0.0,False
2018-04-18,2018-04-19,0,Overnight,0.0,False,-77.68,-77.68,304.51,False,0.0,False
2018-04-19,2018-04-20,0,Overnight,0.0,False,-164.98,-164.98,-168.43,False,0.0,False
2018-04-20,2018-04-23,2,Weekend,48.0,False,36.11,36.11,-275.66,False,0.0,False
2018-04-23,2018-04-24,0,Overnight,0.0,False,57.36,57.36,-54.18,False,0.0,False
2018-04-24,2018-04-25,0,Overnight,0.0,False,1.41,1.41,-99.61,False,0.0,False
2018-04-25,2018-04-26,0,Overnight,0.0,False,-69.36,-69.36,238.57,False,0.0,False
2018-04-26,2018-04-27,0,Overnight,0.0,False,-3.85,-3.85,300.65,False,0.0,False
2018-04-27,2018-04-30,2,Weekend,48.0,False,-16.0,-16.0,9.87,False,0.0,False
2018-04-30,2018-05-01,0,Overnight,0.0,False,-13.28,-13.28,216.04,False,0.0,False
2018-05-01,2018-05-02,0,Overnight,0.0,False,-45.11,-45.11,86.04,False,0.0,False
2018-05-02,2018-05-03,0,Overnight,0.0,False,-771.5,-771.5,200.99,False,0.0,False
2018-05-03,2018-05-04,0,Overnight,0.0,False,-51.11,-51.11,384.39,False,0.0,False
2018-05-04,2018-05-07,2,Weekend,48.0,False,115.28,115.28,175.59,False,0.0,False
2018-05-07,2018-05-08,0,Overnight,0.0,False,-65.28,-65.28,38.82,False,0.0,False
2018-05-08,2018-05-09,0,Overnight,0.0,False,-51.79,-51.79,212.11,False,0.0,False
2018-05-09,2018-05-10,0,Overnight,0.0,False,21.16,21.16,-80.98,False,0.0,False
2018-05-10,2018-05-11,0,Overnight,0.0,False,87.48,87.48,-218.16,False,0.0,False
2018-05-11,2018-05-14,2,Weekend,48.0,False,74.79,74.79,-381.37,False,0.0,False
2018-05-14,2018-05-15,0,Overnight,0.0,False,-241.27,-241.27,-29.17,False,0.0,False
2018-05-15,2018-05-16,0,Overnight,0.0,False,-12.32,-12.32,92.93,False,0.0,False
2018-05-16,2018-05-17,0,Overnight,0.0,False,-20.27,-20.27,-47.68,False,0.0,False
2018-05-17,2018-05-18,0,Overnight,0.0,False,3.86,3.86,-278.93,False,0.0,False
2018-05-18,2018-05-21,2,Weekend,48.0,False,161.61,161.61,111.7,False,0.0,False
2018-05-21,2018-05-22,0,Overnight,0.0,False,114.29,114.29,-453.19,False,0.0,False
2018-05-22,2018-05-23,0,Overnight,0.0,False,99.5,99.5,47.05,False,0.0,False
2018-05-23,2018-05-24,0,Overnight,0.0,False,-24.04,-24.04,-19.77,False,0.0,False
2018-05-24,2018-05-25,0,Overnight,0.0,False,-7.92,-7.92,43.85,False,0.0,False
2018-05-25,2018-05-29,3,Long,72.0,False,-12.2,-12.2,186.75,False,0.0,False
2018-05-29,2018-05-30,0,Overnight,0.0,False,-16.58,-16.58,293.23,False,0.0,False
2018-05-30,2018-05-31,0,Overnight,0.0,False,-155.81,-155.81,-86.72,False,0.0,False
2018-05-31,2018-06-01,0,Overnight,0.0,False,39.61,39.61,206.35,False,0.0,False
2018-06-01,2018-06-04,2,Weekend,48.0,False,85.98,85.98,81.21,False,0.0,False
2018-06-04,2018-06-05,0,Overnight,0.0,False,32.3,32.3,-223.16,False,0.0,False
2018-06-05,2018-06-06,0,Overnight,0.0,False,316.78,316.78,613.09,False,0.0,False
2018-06-06,2018-06-07,0,Overnight,0.0,False,-105.4,-105.4,-1.9,False,0.0,False
2018-06-07,2018-06-08,0,Overnight,0.0,False,91.64,91.64,-42.09,False,0.0,False
2018-06-08,2018-06-11,2,Weekend,48.0,False,151.53,151.53,293.02,False,0.0,False
2018-06-11,2018-06-12,0,Overnight,0.0,False,372.38,372.38,-56.15,False,0.0,False
2018-06-12,2018-06-13,0,Overnight,0.0,False,114.29,114.29,-55.82,False,0.0,False
2018-06-13,2018-06-14,0,Overnight,0.0,False,82.32,82.32,286.12,False,0.0,False
2018-06-14,2018-06-15,0,Overnight,0.0,False,-109.06,-109.06,121.63,False,0.0,False
2018-06-15,2018-06-18,2,Weekend,48.0,False,-77.64,-77.64,425.0,False,0.0,False
2018-06-18,2018-06-19,0,Overnight,0.0,False,-154.08,-154.08,-351.43,False,0.0,False
2018-06-19,2018-06-20,0,Overnight,0.0,False,154.52,154.52,116.07,False,0.0,False
2018-06-20,2018-06-21,0,Overnight,0.0,False,-6.08,-6.08,-408.51,False,0.0,False
2018-06-21,2018-06-22,0,Overnight,0.0,False,115.3,115.3,-522.91,False,0.0,False
2018-06-22,2018-06-25,2,Weekend,48.0,False,-105.76,-105.76,87.16,False,0.0,False
2018-06-25,2018-06-26,0,Overnight,0.0,False,90.87,90.87,175.51,False,0.0,False
2018-06-26,2018-06-27,0,Overnight,0.0,False,87.34,87.34,-14.5,False,0.0,False
2018-06-27,2018-06-28,0,Overnight,0.0,False,120.03,120.03,36.36,False,0.0,False
2018-06-28,2018-06-29,0,Overnight,0.0,False,96.69,96.69,-298.18,False,0.0,False
2018-06-29,2018-07-02,2,Weekend,48.0,False,487.14,487.14,-719.59,False,0.0,False
2018-07-02,2018-07-03,0,Overnight,0.0,False,-99.58,-99.58,-650.39,False,0.0,False
2018-07-03,2018-07-05,1,Short,24.0,True,92.86,92.86,-147.69,False,0.0,False
2018-07-05,2018-07-06,0,Overnight,0.0,False,-137.11,-137.11,128.7,False,0.0,False
2018-07-06,2018-07-09,2,Weekend,48.0,False,99.54,99.54,206.83,False,0.0,False
2018-07-09,2018-07-10,0,Overnight,0.0,False,188.17,188.17,-64.6,False,0.0,False
2018-07-10,2018-07-11,0,Overnight,0.0,False,-209.01,-209.01,99.57,False,0.0,False
2018-07-11,2018-07-12,0,Overnight,0.0,False,77.14,77.14,-147.93,False,0.0,False
2018-07-12,2018-07-13,0,Overnight,0.0,False,-35.74,-35.74,103.71,False,0.0,False
2018-07-13,2018-07-16,2,Weekend,48.0,False,-227.1,-227.1,-51.78,False,0.0,False
2018-07-16,2018-07-17,0,Overnight,0.0,False,-41.69,-41.69,439.66,False,0.0,False
2018-07-17,2018-07-18,0,Overnight,0.0,False,71.33,71.33,-35.45,False,0.0,False
2018-07-18,2018-07-19,0,Overnight,0.0,False,-234.94,-234.94,122.54,False,0.0,False
2018-07-19,2018-07-20,0,Overnight,0.0,False,31.18,31.18,-241.03,False,0.0,False
2018-07-20,2018-07-23,2,Weekend,48.0,False,-381.57,-381.57,44.96,False,0.0,False
2018-07-23,2018-07-24,0,Overnight,0.0,False,40.16,40.16,-232.29,False,0.0,False
2018-07-24,2018-07-25,0,Overnight,0.0,False,-23.23,-23.23,396.43,False,0.0,False
2018-07-25,2018-07-26,0,Overnight,0.0,False,-126.8,-126.8,58.87,False,0.0,False
2018-07-26,2018-07-27,0,Overnight,0.0,False,19.55,19.55,-333.24,False,0.0,False
2018-07-27,2018-07-30,2,Weekend,48.0,False,-43.16,-43.16,-195.55,False,0.0,False
2018-07-30,2018-07-31,0,Overnight,0.0,False,71.43,71.43,199.53,False,0.0,False
2018-07-31,2018-08-01,0,Overnight,0.0,False,-5.03,-5.03,95.19,False,0.0,False
2018-08-01,2018-08-02,0,Overnight,0.0,False,877.76,877.76,622.64,False,0.0,False
2018-08-02,2018-08-03,0,Overnight,0.0,False,-49.62,-49.62,10.35,False,0.0,False
2018-08-03,2018-08-06,2,Weekend,48.0,False,-78.14,-78.14,-100.95,False,0.0,False
2018-08-06,2018-08-07,0,Overnight,0.0,False,53.95,53.95,988.63,False,0.0,False
2018-08-07,2018-08-08,0,Overnight,0.0,False,-279.98,-279.98,33.81,False,0.0,False
2018-08-08,2018-08-09,0,Overnight,0.0,False,-130.18,-130.18,-364.94,False,0.0,False
2018-08-09,2018-08-10,0,Overnight,0.0,False,43.88,43.88,42.0,False,0.0,False
2018-08-10,2018-08-13,2,Weekend,48.0,False,157.41,157.41,-131.56,False,0.0,False
2018-08-13,2018-08-14,0,Overnight,0.0,False,57.07,57.07,-306.22,False,0.0,False
2018-08-14,2018-08-15,0,Overnight,0.0,False,-166.2,-166.2,-94.62,False,0.0,False
2018-08-15,2018-08-16,0,Overnight,0.0,False,35.96,35.96,-132.08,False,0.0,False
2018-08-16,2018-08-17,0,Overnight,0.0,False,-362.74,-362.74,-572.49,False,0.0,False
2018-08-17,2018-08-20,2,Weekend,48.0,False,-462.24,-462.24,558.02,False,0.0,False
2018-08-20,2018-08-21,0,Overnight,0.0,False,70.11,70.11,357.03,False,0.0,False
2018-08-21,2018-08-22,0,Overnight,0.0,False,-32.05,-32.05,23.97,False,0.0,False
2018-08-22,2018-08-23,0,Overnight,0.0,False,-78.03,-78.03,30.04,False,0.0,False
2018-08-23,2018-08-24,0,Overnight,0.0,False,18.73,18.73,65.89,False,0.0,False
2018-08-24,2018-08-27,2,Weekend,48.0,False,-150.43,-150.43,39.86,False,0.0,False
2018-08-27,2018-08-28,0,Overnight,0.0,False,-26.97,-26.97,-207.85,False,0.0,False
2018-08-28,2018-08-29,0,Overnight,0.0,False,-51.11,-51.11,-170.98,False,0.0,False
2018-08-29,2018-08-30,0,Overnight,0.0,False,-90.57,-90.57,29.4,False,0.0,False
2018-08-30,2018-08-31,0,Overnight,0.0,False,-38.01,-38.01,-11.26,False,0.0,False
2018-08-31,2018-09-04,3,Long,72.0,False,-157.7,-157.7,-272.77,False,0.0,False
2018-09-04,2018-09-05,0,Overnight,0.0,False,-135.89,-135.89,-152.36,False,0.0,False
2018-09-05,2018-09-06,0,Overnight,0.0,False,143.58,143.58,-136.11,False,0.0,False
2018-09-06,2018-09-07,0,Overnight,0.0,False,-771.11,-771.11,120.0,False,0.0,False
2018-09-07,2018-09-10,2,Weekend,48.0,False,373.58,373.58,438.18,False,0.0,False
2018-09-10,2018-09-11,0,Overnight,0.0,False,-213.47,-213.47,-1.07,False,0.0,False
2018-09-11,2018-09-12,0,Overnight,0.0,False,71.32,71.32,318.22,False,0.0,False
2018-09-12,2018-09-13,0,Overnight,0.0,False,-87.11,-87.11,49.87,False,0.0,False
2018-09-13,2018-09-14,0,Overnight,0.0,False,-24.21,-24.21,220.57,False,0.0,False
2018-09-14,2018-09-17,2,Weekend,48.0,False,-176.34,-176.34,164.14,False,0.0,False
2018-09-17,2018-09-18,0,Overnight,0.0,False,62.55,62.55,-403.39,False,0.0,False
2018-09-18,2018-09-19,0,Overnight,0.0,False,-157.4,-157.4,639.01,False,0.0,False
2018-09-19,2018-09-20,0,Overnight,0.0,False,150.69,150.69,-173.79,False,0.0,False
2018-09-20,2018-09-21,0,Overnight,0.0,False,-21.14,-21.14,46.92,False,0.0,False
2018-09-21,2018-09-24,2,Weekend,48.0,False,-20.75,-20.75,40.12,False,0.0,False
2018-09-24,2018-09-25,0,Overnight,0.0,False,10.67,10.67,32.95,False,0.0,False
2018-09-25,2018-09-26,0,Overnight,0.0,False,30.52,30.52,250.88,False,0.0,False
2018-09-26,2018-09-27,0,Overnight,0.0,False,106.67,106.67,-173.44,False,0.0,False
2018-09-27,2018-09-28,0,Overnight,0.0,False,-1291.56,-1291.56,-205.23,False,0.0,False
2018-09-28,2018-10-01,2,Weekend,48.0,False,1439.72,1439.72,159.95,False,0.0,False
2018-10-01,2018-10-02,0,Overnight,0.0,False,104.06,104.06,-420.57,False,0.0,False
2018-10-02,2018-10-03,0,Overnight,0.0,False,76.45,76.45,-285.24,False,0.0,False
2018-10-03,2018-10-04,0,Overnight,0.0,False,-28.88,-28.88,-421.06,False,0.0,False
2018-10-04,2018-10-05,0,Overnight,0.0,False,-258.07,-258.07,-473.44,False,0.0,False
2018-10-05,2018-10-08,2,Weekend,48.0,False,97.63,97.63,-542.18,False,0.0,False
2018-10-08,2018-10-09,0,Overnight,0.0,False,185.45,185.45,291.5,False,0.0,False
2018-10-09,2018-10-10,0,Overnight,0.0,False,68.64,68.64,-296.48,False,0.0,False
2018-10-10,2018-10-11,0,Overnight,0.0,False,25.27,25.27,-207.95,False,0.0,False
2018-10-11,2018-10-12,0,Overnight,0.0,False,341.79,341.79,-85.42,False,0.0,False
2018-10-12,2018-10-15,2,Weekend,48.0,False,10.81,10.81,20.44,False,0.0,False
2018-10-15,2018-10-16,0,Overnight,0.0,False,232.64,232.64,401.68,False,0.0,False
2018-10-16,2018-10-17,0,Overnight,0.0,False,207.88,207.88,-383.32,False,0.0,False
2018-10-17,2018-10-18,0,Overnight,0.0,False,-92.04,-92.04,-201.81,False,0.0,False
2018-10-18,2018-10-19,0,Overnight,0.0,False,131.0,131.0,-280.27,False,0.0,False
2018-10-19,2018-10-22,2,Weekend,48.0,False,26.12,26.12,10.35,False,0.0,False
2018-10-22,2018-10-23,0,Overnight,0.0,False,111.28,111.28,1085.99,False,0.0,False
2018-10-23,2018-10-24,0,Overnight,0.0,False,232.21,232.21,-425.81,False,0.0,False
2018-10-24,2018-10-25,0,Overnight,0.0,False,949.0,949.0,-74.67,False,0.0,False
2018-10-25,2018-10-26,0,Overnight,0.0,False,-212.17,-212.17,709.05,False,0.0,False
2018-10-26,2018-10-29,2,Weekend,48.0,False,196.6,196.6,-77.94,False,0.0,False
2018-10-29,2018-10-30,0,Overnight,0.0,False,-194.81,-194.81,45.88,False,0.0,False
2018-10-30,2018-10-31,0,Overnight,0.0,False,79.71,79.71,142.72,False,0.0,False
2018-10-31,2018-11-01,0,Overnight,0.0,False,27.83,27.83,176.4,False,0.0,False
2018-11-01,2018-11-02,0,Overnight,0.0,False,-15.7,-15.7,77.37,False,0.0,False
2018-11-02,2018-11-05,2,Weekend,49.0,False,-172.08,-172.08,26.4,False,0.0,False
2018-11-05,2018-11-06,0,Overnight,0.0,False,-68.48,-68.48,58.52,False,0.0,False
2018-11-06,2018-11-07,0,Overnight,0.0,False,66.63,66.63,139.41,False,0.0,False
2018-11-07,2018-11-08,0,Overnight,0.0,False,9.76,9.76,82.87,False,0.0,False
2018-11-08,2018-11-09,0,Overnight,0.0,False,-68.53,-68.53,43.17,False,0.0,False
2018-11-09,2018-11-12,2,Weekend,48.0,False,-61.24,-61.24,-503.01,False,0.0,False
2018-11-12,2018-11-13,0,Overnight,0.0,False,56.59,56.59,165.81,False,0.0,False
2018-11-13,2018-11-14,0,Overnight,0.0,False,116.52,116.52,37.86,False,0.0,False
2018-11-14,2018-11-15,0,Overnight,0.0,False,-48.66,-48.66,176.91,False,0.0,False
2018-11-15,2018-11-16,0,Overnight,0.0,False,-93.71,-93.71,260.77,False,0.0,False
2018-11-16,2018-11-19,2,Weekend,48.0,False,57.13,57.13,-80.87,False,0.0,False
2018-11-19,2018-11-20,0,Overnight,0.0,False,-337.19,-337.19,166.56,False,0.0,False
2018-11-20,2018-11-21,0,Overnight,0.0,False,128.95,128.95,-400.23,False,0.0,False
2018-11-21,2018-11-23,1,Short,24.0,False,-114.19,-114.19,-258.13,False,0.0,False
2018-11-23,2018-11-26,2,Weekend,48.0,True,-25.51,-25.51,626.14,False,0.0,False
2018-11-26,2018-11-27,0,Overnight,0.0,False,-173.46,-173.46,113.16,False,0.0,False
2018-11-27,2018-11-28,0,Overnight,0.0,False,60.01,60.01,54.19,False,0.0,False
2018-11-28,2018-11-29,0,Overnight,0.0,False,-25.04,-25.04,-169.44,False,0.0,False
2018-11-29,2018-11-30,0,Overnight,0.0,False,19.33,19.33,249.9,False,0.0,False
2018-11-30,2018-12-03,2,Weekend,48.0,False,268.0,268.0,-42.03,False,0.0,False
2018-12-03,2018-12-04,0,Overnight,0.0,False,-68.29,-68.29,101.99,False,0.0,False
2018-12-04,2018-12-06,1,Short,24.0,False,-103.12,-103.12,196.09,False,0.0,False
2018-12-06,2018-12-07,0,Overnight,0.0,False,162.29,162.29,-303.47,False,0.0,False
2018-12-07,2018-12-10,2,Weekend,48.0,False,56.55,56.55,142.04,False,0.0,False
2018-12-10,2018-12-11,0,Overnight,0.0,False,129.52,129.52,-85.52,False,0.0,False
2018-12-11,2018-12-12,0,Overnight,0.0,False,72.27,72.27,-76.63,False,0.0,False
2018-12-12,2018-12-13,0,Overnight,0.0,False,96.37,96.37,177.8,False,0.0,False
2018-12-13,2018-12-14,0,Overnight,0.0,False,-47.62,-47.62,-250.85,False,0.0,False
2018-12-14,2018-12-17,2,Weekend,48.0,False,-101.96,-101.96,-382.36,False,0.0,False
2018-12-17,2018-12-18,0,Overnight,0.0,False,60.66,60.66,-393.03,False,0.0,False
2018-12-18,2018-12-19,0,Overnight,0.0,False,16.9,16.9,-138.09,False,0.0,False
2018-12-19,2018-12-20,0,Overnight,0.0,False,-179.39,-179.39,-363.35,False,0.0,False
2018-12-20,2018-12-21,0,Overnight,0.0,False,63.85,63.85,74.39,False,0.0,False
2018-12-21,2018-12-24,2,Weekend,48.0,False,-198.03,-198.03,-595.03,False,0.0,False
2018-12-24,2018-12-26,1,Short,24.0,True,154.86,154.86,833.91,False,0.0,False
2018-12-26,2018-12-27,0,Overnight,0.0,False,-193.53,-193.53,-116.67,False,0.0,False
2018-12-27,2018-12-28,0,Overnight,0.0,False,218.08,218.08,327.9,False,0.0,False
2018-12-28,2018-12-31,2,Weekend,48.0,False,116.73,116.73,-148.83,False,0.0,False
2018-12-31,2019-01-02,1,Short,24.0,False,-836.3,-836.3,130.47,False,0.0,False
2019-01-02,2019-01-03,0,Overnight,0.0,False,-101.12,-101.12,-218.66,False,0.0,False
2019-01-03,2019-01-04,0,Overnight,0.0,False,186.03,186.03,374.91,False,0.0,False
2019-01-04,2019-01-07,2,Weekend,48.0,False,126.06,126.06,403.3,False,0.0,False
2019-01-07,2019-01-08,0,Overnight,0.0,False,206.83,206.83,-195.19,False,0.0,False
2019-01-08,2019-01-09,0,Overnight,0.0,False,4.47,4.47,89.91,False,0.0,False
2019-01-09,2019-01-10,0,Overnight,0.0,False,-122.75,-122.75,311.2,False,0.0,False
2019-01-10,2019-01-11,0,Overnight,0.0,False,-83.84,-83.84,150.0,False,0.0,False
2019-01-11,2019-01-14,2,Weekend,48.0,False,-141.53,-141.53,-235.83,False,0.0,False
2019-01-14,2019-01-15,0,Overnight,0.0,False,17.93,17.93,277.6,False,0.0,False
2019-01-15,2019-01-16,0,Overnight,0.0,False,10.16,10.16,36.77,False,0.0,False
2019-01-16,2019-01-17,0,Overnight,0.0,False,4.62,4.62,31.72,False,0.0,False
2019-01-17,2019-01-18,0,Overnight,0.0,False,-725.65,-725.65,-663.65,False,0.0,False
2019-01-18,2019-01-22,3,Long,72.0,False,84.34,84.34,-195.45,False,0.0,False
2019-01-22,2019-01-23,0,Overnight,0.0,False,-217.11,-217.11,-169.29,False,0.0,False
2019-01-23,2019-01-24,0,Overnight,0.0,False,-159.83,-159.83,295.21,False,0.0,False
2019-01-24,2019-01-25,0,Overnight,0.0,False,98.31,98.31,89.62,False,0.0,False
2019-01-25,2019-01-28,2,Weekend,48.0,False,-140.02,-140.02,117.77,False,0.0,False
2019-01-28,2019-01-29,0,Overnight,0.0,False,-37.52,-37.52,73.9,False,0.0,False
2019-01-29,2019-01-30,0,Overnight,0.0,False,100.02,100.02,273.15,False,0.0,False
2019-01-30,2019-01-31,0,Overnight,0.0,False,-254.86,-254.86,198.03,False,0.0,False
2019-01-31,2019-02-01,0,Overnight,0.0,False,-52.25,-52.25,219.88,False,0.0,False
2019-02-01,2019-02-04,2,Weekend,48.0,False,24.63,24.63,-2.88,False,0.0,False
2019-02-04,2019-02-05,0,Overnight,0.0,False,-12.79,-12.79,279.58,False,0.0,False
2019-02-05,2019-02-06,0,Overnight,0.0,False,-54.92,-54.92,-74.43,False,0.0,False
2019-02-06,2019-02-07,0,Overnight,0.0,False,-124.34,-124.34,-186.54,False,0.0,False
2019-02-07,2019-02-08,0,Overnight,0.0,False,-22.14,-22.14,-33.63,False,0.0,False
2019-02-08,2019-02-11,2,Weekend,48.0,False,187.89,187.89,39.72,False,0.0,False
2019-02-11,2019-02-12,0,Overnight,0.0,False,106.83,106.83,-139.81,False,0.0,False
2019-02-12,2019-02-13,0,Overnight,0.0,False,17.3,17.3,-134.73,False,0.0,False
2019-02-13,2019-02-14,0,Overnight,0.0,False,-156.65,-156.65,12.85,False,0.0,False
2019-02-14,2019-02-15,0,Overnight,0.0,False,24.0,24.0,110.39,False,0.0,False
2019-02-15,2019-02-19,3,Long,72.0,False,-42.97,-42.97,-30.06,False,0.0,False
2019-02-19,2019-02-20,0,Overnight,0.0,False,-40.32,-40.32,-60.96,False,0.0,False
2019-02-20,2019-02-21,0,Overnight,0.0,False,-24.82,-24.82,-356.84,False,0.0,False
2019-02-21,2019-02-22,0,Overnight,0.0,False,111.32,111.32,7.47,False,0.0,False
2019-02-22,2019-02-25,2,Weekend,48.0,False,108.0,108.0,28.83,False,0.0,False
2019-02-25,2019-02-26,0,Overnight,0.0,False,-221.67,-221.67,191.17,False,0.0,False
2019-02-26,2019-02-27,0,Overnight,0.0,False,130.75,130.75,420.49,False,0.0,False
2019-02-27,2019-02-28,0,Overnight,0.0,False,131.93,131.93,30.06,False,0.0,False
2019-02-28,2019-03-01,0,Overnight,0.0,False,-412.94,-412.94,-403.89,False,0.0,False
2019-03-01,2019-03-04,2,Weekend,48.0,False,112.33,112.33,-437.45,False,0.0,False
2019-03-04,2019-03-05,0,Overnight,0.0,False,-118.45,-118.45,-195.51,False,0.0,False
2019-03-05,2019-03-06,0,Overnight,0.0,False,-2.17,-2.17,-8.68,False,0.0,False
2019-03-06,2019-03-07,0,Overnight,0.0,False,93.68,93.68,-81.02,False,0.0,False
2019-03-07,2019-03-08,0,Overnight,0.0,False,11.56,11.56,257.75,False,0.0,False
2019-03-08,2019-03-11,2,Weekend,47.0,False,-21.84,-21.84,257.66,False,0.0,False
2019-03-11,2019-03-12,0,Overnight,0.0,False,-153.45,-153.45,-109.85,False,0.0,False
2019-03-12,2019-03-13,0,Overnight,0.0,False,19.04,19.04,176.66,False,0.0,False
2019-03-13,2019-03-14,0,Overnight,0.0,False,120.06,120.06,-85.51,False,0.0,False
2019-03-14,2019-03-15,0,Overnight,0.0,False,-224.96,-224.96,-289.14,False,0.0,False
2019-03-15,2019-03-18,2,Weekend,48.0,False,20.67,20.67,-238.7,False,0.0,False
2019-03-18,2019-03-19,0,Overnight,0.0,False,-74.12,-74.12,-1.12,False,0.0,False
2019-03-19,2019-03-20,0,Overnight,0.0,False,82.66,82.66,143.94,False,0.0,False
2019-03-20,2019-03-21,0,Overnight,0.0,False,-36.62,-36.62,51.96,False,0.0,False
2019-03-21,2019-03-22,0,Overnight,0.0,False,-52.69,-52.69,-299.78,False,0.0,False
2019-03-22,2019-03-25,2,Weekend,48.0,False,-183.89,-183.89,27.3,False,0.0,False
2019-03-25,2019-03-26,0,Overnight,0.0,False,153.19,153.19,125.14,False,0.0,False
2019-03-26,2019-03-27,0,Overnight,0.0,False,36.53,36.53,223.71,False,0.0,False
2019-03-27,2019-03-28,0,Overnight,0.0,False,84.42,84.42,52.54,False,0.0,False
2019-03-28,2019-03-29,0,Overnight,0.0,False,2.87,2.87,41.54,False,0.0,False
2019-03-29,2019-04-01,2,Weekend,48.0,False,98.14,98.14,229.46,False,0.0,False
2019-04-01,2019-04-02,0,Overnight,0.0,False,-30.48,-30.48,-84.29,False,0.0,False
2019-04-02,2019-04-03,0,Overnight,0.0,False,50.24,50.24,155.06,False,0.0,False
2019-04-03,2019-04-04,0,Overnight,0.0,False,-1081.78,-1081.78,222.41,False,0.0,False
2019-04-04,2019-04-05,0,Overnight,0.0,False,77.38,77.38,187.22,False,0.0,False
2019-04-05,2019-04-08,2,Weekend,48.0,False,98.8,98.8,-163.01,False,0.0,False
2019-04-08,2019-04-09,0,Overnight,0.0,False,-56.9,-56.9,24.27,False,0.0,False
2019-04-09,2019-04-10,0,Overnight,0.0,False,161.37,161.37,-24.6,False,0.0,False
2019-04-10,2019-04-11,0,Overnight,0.0,False,-285.12,-285.12,4.47,False,0.0,False
2019-04-11,2019-04-12,0,Overnight,0.0,False,66.84,66.84,-93.7,False,0.0,False
2019-04-12,2019-04-15,2,Weekend,48.0,False,34.68,34.68,-84.11,False,0.0,False
2019-04-15,2019-04-16,0,Overnight,0.0,False,-23.68,-23.68,282.34,False,0.0,False
2019-04-16,2019-04-17,0,Overnight,0.0,False,50.72,50.72,-128.94,False,0.0,False
2019-04-17,2019-04-18,0,Overnight,0.0,False,0.0,0.0,74.56,False,0.0,False
2019-04-18,2019-04-22,3,Long,72.0,False,-157.12,-157.12,-235.08,False,0.0,False
2019-04-22,2019-04-23,0,Overnight,0.0,False,-99.45,-99.45,143.12,False,0.0,False
2019-04-23,2019-04-24,0,Overnight,0.0,False,-1.89,-1.89,-198.66,False,0.0,False
2019-04-24,2019-04-25,0,Overnight,0.0,False,-142.51,-142.51,-293.28,False,0.0,False
2019-04-25,2019-04-26,0,Overnight,0.0,False,-45.74,-45.74,-471.81,False,0.0,False
2019-04-26,2019-04-29,2,Weekend,48.0,False,30.57,30.57,235.07,False,0.0,False
2019-04-29,2019-04-30,0,Overnight,0.0,False,24.4,24.4,-140.2,False,0.0,False
2019-04-30,2019-05-01,0,Overnight,0.0,False,6.7,6.7,-204.72,False,0.0,False
2019-05-01,2019-05-02,0,Overnight,0.0,False,480.15,480.15,-58.0,False,0.0,False
2019-05-02,2019-05-03,0,Overnight,0.0,False,-9.84,-9.84,447.87,False,0.0,False
2019-05-03,2019-05-06,2,Weekend,48.0,False,-198.4,-198.4,210.55,False,0.0,False
2019-05-06,2019-05-07,0,Overnight,0.0,False,57.02,57.02,-386.66,False,0.0,False
2019-05-07,2019-05-08,0,Overnight,0.0,False,-4.86,-4.86,-85.41,False,0.0,False
2019-05-08,2019-05-09,0,Overnight,0.0,False,-116.67,-116.67,-0.83,False,0.0,False
2019-05-09,2019-05-10,0,Overnight,0.0,False,-92.58,-92.58,-9.6,False,0.0,False
2019-05-10,2019-05-13,2,Weekend,48.0,False,-318.56,-318.56,-217.86,False,0.0,False
2019-05-13,2019-05-14,0,Overnight,0.0,False,100.37,100.37,130.41,False,0.0,False
2019-05-14,2019-05-15,0,Overnight,0.0,False,-129.54,-129.54,114.03,False,0.0,False
2019-05-15,2019-05-16,0,Overnight,0.0,False,-106.62,-106.62,-50.67,False,0.0,False
2019-05-16,2019-05-17,0,Overnight,0.0,False,-282.95,-282.95,-504.97,False,0.0,False
2019-05-17,2019-05-20,2,Weekend,48.0,False,-397.8,-397.8,125.44,False,0.0,False
2019-05-20,2019-05-21,0,Overnight,0.0,False,-377.1,-377.1,363.46,False,0.0,False
2019-05-21,2019-05-22,0,Overnight,0.0,False,-295.93,-295.93,-325.17,False,0.0,False
2019-05-22,2019-05-23,0,Overnight,0.0,False,83.19,83.19,59.0,False,0.0,False
2019-05-23,2019-05-24,0,Overnight,0.0,False,219.58,219.58,-471.33,False,0.0,False
2019-05-24,2019-05-28,3,Long,72.0,False,29.86,29.86,-131.62,False,0.0,False
2019-05-28,2019-05-29,0,Overnight,0.0,False,-85.15,-85.15,146.44,False,0.0,False
2019-05-29,2019-05-30,0,Overnight,0.0,False,-58.64,-58.64,-28.12,False,0.0,False
2019-05-30,2019-05-31,0,Overnight,0.0,False,-167.15,-167.15,3.24,False,0.0,False
2019-05-31,2019-06-03,2,Weekend,48.0,False,18.88,18.88,-358.91,False,0.0,False
2019-06-03,2019-06-04,0,Overnight,0.0,False,118.31,118.31,667.45,False,0.0,False
2019-06-04,2019-06-05,0,Overnight,0.0,False,259.01,259.01,-105.75,False,0.0,False
2019-06-05,2019-06-06,0,Overnight,0.0,False,391.54,391.54,73.59,False,0.0,False
2019-06-06,2019-06-07,0,Overnight,0.0,False,-46.23,-46.23,-24.42,False,0.0,False
2019-06-07,2019-06-10,2,Weekend,48.0,False,277.29,277.29,124.31,False,0.0,False
2019-06-10,2019-06-11,0,Overnight,0.0,False,289.82,289.82,-93.53,False,0.0,False
2019-06-11,2019-06-12,0,Overnight,0.0,False,265.89,265.89,-633.7,False,0.0,False
2019-06-12,2019-06-13,0,Overnight,0.0,False,53.38,53.38,166.4,False,0.0,False
2019-06-13,2019-06-14,0,Overnight,0.0,False,-125.13,-125.13,172.24,False,0.0,False
2019-06-14,2019-06-17,2,Weekend,48.0,False,26.02,26.02,433.66,False,0.0,False
2019-06-17,2019-06-18,0,Overnight,0.0,False,162.65,162.65,-175.54,False,0.0,False
2019-06-18,2019-06-19,0,Overnight,0.0,False,16.45,16.45,58.47,False,0.0,False
2019-06-19,2019-06-20,0,Overnight,0.0,False,-152.64,-152.64,-152.73,False,0.0,False
2019-06-20,2019-06-21,0,Overnight,0.0,False,-156.02,-156.02,257.5,False,0.0,False
2019-06-21,2019-06-24,2,Weekend,48.0,False,62.01,62.01,17.9,False,0.0,False
2019-06-24,2019-06-25,0,Overnight,0.0,False,33.48,33.48,-208.5,False,0.0,False
2019-06-25,2019-06-26,0,Overnight,0.0,False,25.0,25.0,-47.32,False,0.0,False
2019-06-26,2019-06-27,0,Overnight,0.0,False,8.21,8.21,153.3,False,0.0,False
2019-06-27,2019-06-28,0,Overnight,0.0,False,-83.37,-83.37,111.15,False,0.0,False
2019-06-28,2019-07-01,2,Weekend,48.0,False,297.6,297.6,-132.93,False,0.0,False
2019-07-01,2019-07-02,0,Overnight,0.0,False,75.43,75.43,-191.43,False,0.0,False
2019-07-02,2019-07-03,0,Overnight,0.0,False,639.96,639.96,-189.34,False,0.0,False
2019-07-03,2019-07-05,1,Short,24.0,True,-14.06,-14.06,-62.87,False,0.0,False
2019-07-05,2019-07-08,2,Weekend,48.0,False,-80.11,-80.11,-39.0,False,0.0,False
2019-07-08,2019-07-09,0,Overnight,0.0,False,-59.65,-59.65,47.49,False,0.0,False
2019-07-09,2019-07-10,0,Overnight,0.0,False,176.22,176.22,201.67,False,0.0,False
2019-07-10,2019-07-11,0,Overnight,0.0,False,-32.7,-32.7,19.3,False,0.0,False
2019-07-11,2019-07-12,0,Overnight,0.0,False,48.08,48.08,219.88,False,0.0,False
2019-07-12,2019-07-15,2,Weekend,48.0,False,118.44,118.44,219.35,False,0.0,False
2019-07-15,2019-07-16,0,Overnight,0.0,False,-167.07,-167.07,122.79,False,0.0,False
2019-07-16,2019-07-17,0,Overnight,0.0,False,129.52,129.52,-31.73,False,0.0,False
2019-07-17,2019-07-18,0,Overnight,0.0,False,7.45,7.45,-59.38,False,0.0,False
2019-07-18,2019-07-19,0,Overnight,0.0,False,84.44,84.44,96.91,False,0.0,False
2019-07-19,2019-07-22,2,Weekend,48.0,False,22.05,22.05,-119.36,False,0.0,False
2019-07-22,2019-07-23,0,Overnight,0.0,False,40.2,40.2,133.88,False,0.0,False
2019-07-23,2019-07-24,0,Overnight,0.0,False,-38.51,-38.51,217.93,False,0.0,False
2019-07-24,2019-07-25,0,Overnight,0.0,False,-1260.95,-1260.95,-202.46,False,0.0,False
2019-07-25,2019-07-26,0,Overnight,0.0,False,-83.38,-83.38,49.24,False,0.0,False
2019-07-26,2019-07-29,2,Weekend,48.0,False,-41.75,-41.75,375.1,False,0.0,False
2019-07-29,2019-07-30,0,Overnight,0.0,False,-122.48,-122.48,394.02,False,0.0,False
2019-07-30,2019-07-31,0,Overnight,0.0,False,30.5,30.5,-57.37,False,0.0,False
2019-07-31,2019-08-01,0,Overnight,0.0,False,42.95,42.95,-369.4,False,0.0,False
2019-08-01,2019-08-02,0,Overnight,0.0,False,-107.48,-107.48,128.41,False,0.0,False
2019-08-02,2019-08-05,2,Weekend,48.0,False,-204.34,-204.34,-55.91,False,0.0,False
2019-08-05,2019-08-06,0,Overnight,0.0,False,154.72,154.72,-48.85,False,0.0,False
2019-08-06,2019-08-07,0,Overnight,0.0,False,-185.9,-185.9,300.94,False,0.0,False
2019-08-07,2019-08-08,0,Overnight,0.0,False,44.03,44.03,162.88,False,0.0,False
2019-08-08,2019-08-09,0,Overnight,0.0,False,-94.87,-94.87,-44.16,False,0.0,False
2019-08-09,2019-08-12,2,Weekend,48.0,False,-86.32,-86.32,-172.3,False,0.0,False
2019-08-12,2019-08-13,0,Overnight,0.0,False,-8.74,-8.74,266.94,False,0.0,False
2019-08-13,2019-08-14,0,Overnight,0.0,False,-162.59,-162.59,-514.28,False,0.0,False
2019-08-14,2019-08-15,0,Overnight,0.0,False,56.3,56.3,-239.19,False,0.0,False
2019-08-15,2019-08-16,0,Overnight,0.0,False,47.19,47.19,150.26,False,0.0,False
2019-08-16,2019-08-19,2,Weekend,48.0,False,192.28,192.28,116.18,False,0.0,False
2019-08-19,2019-08-20,0,Overnight,0.0,False,34.77,34.77,-77.62,False,0.0,False
2019-08-20,2019-08-21,0,Overnight,0.0,False,-171.93,-171.93,-53.29,False,0.0,False
2019-08-21,2019-08-22,0,Overnight,0.0,False,88.81,88.81,-29.22,False,0.0,False
2019-08-22,2019-08-23,0,Overnight,0.0,False,-98.62,-98.62,-397.39,False,0.0,False
2019-08-23,2019-08-26,2,Weekend,48.0,False,103.53,103.53,65.33,False,0.0,False
2019-08-26,2019-08-27,0,Overnight,0.0,False,34.36,34.36,-77.24,False,0.0,False
2019-08-27,2019-08-28,0,Overnight,0.0,False,-18.23,-18.23,88.52,False,0.0,False
2019-08-28,2019-08-29,0,Overnight,0.0,False,156.93,156.93,122.99,False,0.0,False
2019-08-29,2019-08-30,0,Overnight,0.0,False,330.07,330.07,-155.69,False,0.0,False
2019-08-30,2019-09-03,3,Long,72.0,False,-68.05,-68.05,41.42,False,0.0,False
2019-09-03,2019-09-04,0,Overnight,0.0,False,83.2,83.2,-277.52,False,0.0,False
2019-09-04,2019-09-05,0,Overnight,0.0,False,82.13,82.13,313.24,False,0.0,False
2019-09-05,2019-09-06,0,Overnight,0.0,False,-104.21,-104.21,11.0,False,0.0,False
2019-09-06,2019-09-09,2,Weekend,48.0,False,111.49,111.49,77.53,False,0.0,False
2019-09-09,2019-09-10,0,Overnight,0.0,False,-42.8,-42.8,203.29,False,0.0,False
2019-09-10,2019-09-11,0,Overnight,0.0,False,77.81,77.81,401.31,False,0.0,False
2019-09-11,2019-09-12,0,Overnight,0.0,False,24.25,24.25,-74.15,False,0.0,False
2019-09-12,2019-09-13,0,Overnight,0.0,False,44.24,44.24,-71.52,False,0.0,False
2019-09-13,2019-09-16,2,Weekend,48.0,False,32.57,32.57,-130.52,False,0.0,False
2019-09-16,2019-09-17,0,Overnight,0.0,False,-14.01,-14.01,95.23,False,0.0,False
2019-09-17,2019-09-18,0,Overnight,0.0,False,8.58,8.58,-61.82,False,0.0,False
2019-09-18,2019-09-19,0,Overnight,0.0,False,102.56,102.56,24.36,False,0.0,False
2019-09-19,2019-09-20,0,Overnight,0.0,False,-4.46,-4.46,-241.03,False,0.0,False
2019-09-20,2019-09-23,2,Weekend,48.0,False,-25.8,-25.8,51.12,False,0.0,False
2019-09-23,2019-09-24,0,Overnight,0.0,False,12.01,12.01,-788.39,False,0.0,False
2019-09-24,2019-09-25,0,Overnight,0.0,False,60.3,60.3,182.68,False,0.0,False
2019-09-25,2019-09-26,0,Overnight,0.0,False,85.34,85.34,503.04,False,0.0,False
2019-09-26,2019-09-27,0,Overnight,0.0,False,-14.85,-14.85,-2.89,False,0.0,False
2019-09-27,2019-09-30,2,Weekend,48.0,False,35.87,35.87,-88.04,False,0.0,False
2019-09-30,2019-10-01,0,Overnight,0.0,False,26.12,26.12,131.23,False,0.0,False
2019-10-01,2019-10-02,0,Overnight,0.0,False,-57.38,-57.38,-6.58,False,0.0,False
2019-10-02,2019-10-03,0,Overnight,0.0,False,-474.63,-474.63,50.33,False,0.0,False
2019-10-03,2019-10-04,0,Overnight,0.0,False,-61.12,-61.12,-7.77,False,0.0,False
2019-10-04,2019-10-07,2,Weekend,48.0,False,-70.68,-70.68,338.84,False,0.0,False
2019-10-07,2019-10-08,0,Overnight,0.0,False,-78.13,-78.13,175.66,False,0.0,False
2019-10-08,2019-10-09,0,Overnight,0.0,False,52.77,52.77,132.14,False,0.0,False
2019-10-09,2019-10-10,0,Overnight,0.0,False,30.62,30.62,-22.04,False,0.0,False
2019-10-10,2019-10-11,0,Overnight,0.0,False,97.99,97.99,29.9,False,0.0,False
2019-10-11,2019-10-14,2,Weekend,48.0,False,0.4,0.4,358.95,False,0.0,False
2019-10-14,2019-10-15,0,Overnight,0.0,False,28.76,28.76,7.37,False,0.0,False
2019-10-15,2019-10-16,0,Overnight,0.0,False,-19.41,-19.41,91.27,False,0.0,False
2019-10-16,2019-10-17,0,Overnight,0.0,False,105.31,105.31,-20.21,False,0.0,False
2019-10-17,2019-10-18,0,Overnight,0.0,False,-48.6,-48.6,-144.89,False,0.0,False
2019-10-18,2019-10-21,2,Weekend,48.0,False,53.56,53.56,-188.74,False,0.0,False
2019-10-21,2019-10-22,0,Overnight,0.0,False,32.29,32.29,49.42,False,0.0,False
2019-10-22,2019-10-23,0,Overnight,0.0,False,-42.35,-42.35,7.07,False,0.0,False
2019-10-23,2019-10-24,0,Overnight,0.0,False,1583.26,1583.26,43.81,False,0.0,False
2019-10-24,2019-10-25,0,Overnight,0.0,False,-65.62,-65.62,972.56,False,0.0,False
2019-10-25,2019-10-28,2,Weekend,48.0,False,-18.0,-18.0,5.19,False,0.0,False
2019-10-28,2019-10-29,0,Overnight,0.0,False,-238.39,-238.39,-118.52,False,0.0,False
2019-10-29,2019-10-30,0,Overnight,0.0,False,-102.35,-102.35,64.01,False,0.0,False
2019-10-30,2019-10-31,0,Overnight,0.0,False,-60.82,-60.82,57.96,False,0.0,False
2019-10-31,2019-11-01,0,Overnight,0.0,False,44.36,44.36,-95.61,False,0.0,False
2019-11-01,2019-11-04,2,Weekend,49.0,False,47.44,47.44,84.46,False,0.0,False
2019-11-04,2019-11-05,0,Overnight,0.0,False,67.49,67.49,-75.37,False,0.0,False
2019-11-05,2019-11-06,0,Overnight,0.0,False,24.56,24.56,266.23,False,0.0,False
2019-11-06,2019-11-07,0,Overnight,0.0,False,78.08,78.08,192.58,False,0.0,False
2019-11-07,2019-11-08,0,Overnight,0.0,False,-31.04,-31.04,78.61,False,0.0,False
2019-11-08,2019-11-11,2,Weekend,48.0,False,199.98,199.98,33.09,False,0.0,False
2019-11-11,2019-11-12,0,Overnight,0.0,False,52.31,52.31,86.97,False,0.0,False
2019-11-12,2019-11-13,0,Overnight,0.0,False,143.85,143.85,-253.61,False,0.0,False
2019-11-13,2019-11-14,0,Overnight,0.0,False,0.0,0.0,93.18,False,0.0,False
2019-11-14,2019-11-15,0,Overnight,0.0,False,36.86,36.86,43.54,False,0.0,False
2019-11-15,2019-11-18,2,Weekend,48.0,False,21.27,21.27,-83.37,False,0.0,False
2019-11-18,2019-11-19,0,Overnight,0.0,False,50.16,50.16,218.49,False,0.0,False
2019-11-19,2019-11-20,0,Overnight,0.0,False,13.34,13.34,-218.48,False,0.0,False
2019-11-20,2019-11-21,0,Overnight,0.0,False,64.81,64.81,9.02,False,0.0,False
2019-11-21,2019-11-22,0,Overnight,0.0,False,-422.23,-422.23,-211.54,False,0.0,False
2019-11-22,2019-11-25,2,Weekend,48.0,False,333.09,333.09,-234.49,False,0.0,False
2019-11-25,2019-11-26,0,Overnight,0.0,False,-31.86,-31.86,-191.22,False,0.0,False
2019-11-26,2019-11-27,0,Overnight,0.0,False,66.66,66.66,5.13,False,0.0,False
2019-11-27,2019-11-29,1,Short,24.0,False,-5.44,-5.44,-35.4,False,0.0,False
2019-11-29,2019-12-02,2,Weekend,48.0,True,-16.38,-16.38,164.7,False,0.0,False
2019-12-02,2019-12-03,0,Overnight,0.0,False,-67.42,-67.42,107.06,False,0.0,False
2019-12-03,2019-12-04,0,Overnight,0.0,False,46.0,46.0,-140.73,False,0.0,False
2019-12-04,2019-12-05,0,Overnight,0.0,False,-6.01,-6.01,-74.19,False,0.0,False
2019-12-05,2019-12-06,0,Overnight,0.0,False,139.17,139.17,26.53,False,0.0,False
2019-12-06,2019-12-09,2,Weekend,48.0,False,20.82,20.82,86.97,False,0.0,False
2019-12-09,2019-12-10,0,Overnight,0.0,False,12.66,12.66,257.85,False,0.0,False
2019-12-10,2019-12-11,0,Overnight,0.0,False,86.77,86.77,23.28,False,0.0,False
2019-12-11,2019-12-12,0,Overnight,0.0,False,62.75,62.75,133.22,False,0.0,False
2019-12-12,2019-12-13,0,Overnight,0.0,False,38.02,38.02,-73.95,False,0.0,False
2019-12-13,2019-12-16,2,Weekend,48.0,False,115.41,115.41,509.48,False,0.0,False
2019-12-16,2019-12-17,0,Overnight,0.0,False,-66.01,-66.01,0.0,False,0.0,False
2019-12-17,2019-12-18,0,Overnight,0.0,False,43.18,43.18,323.63,False,0.0,False
2019-12-18,2019-12-19,0,Overnight,0.0,False,105.51,105.51,167.72,False,0.0,False
2019-12-19,2019-12-20,0,Overnight,0.0,False,153.5,153.5,-115.21,False,0.0,False
2019-12-20,2019-12-23,2,Weekend,48.0,False,151.46,151.46,179.07,False,0.0,False
2019-12-23,2019-12-24,0,Overnight,0.0,False,-20.54,-20.54,163.35,False,0.0,False
2019-12-24,2019-12-26,1,Short,24.0,True,62.36,62.36,70.56,False,0.0,False
2019-12-26,2019-12-27,0,Overnight,0.0,False,93.77,93.77,-106.78,False,0.0,False
2019-12-27,2019-12-30,2,Weekend,48.0,False,-37.01,-37.01,-334.12,False,0.0,False
2019-12-30,2019-12-31,0,Overnight,0.0,False,-236.68,-236.68,323.84,False,0.0,False
2019-12-31,2020-01-02,1,Short,24.0,False,146.41,146.41,134.78,False,0.0,False
2020-01-02,2020-01-03,0,Overnight,0.0,False,235.21,235.21,56.82,False,0.0,False
2020-01-03,2020-01-06,2,Weekend,48.0,False,-57.5,-57.5,248.22,False,0.0,False
2020-01-06,2020-01-07,0,Overnight,0.0,False,216.01,216.01,164.65,False,0.0,False
2020-01-07,2020-01-08,0,Overnight,0.0,False,98.44,98.44,381.89,False,0.0,False
2020-01-08,2020-01-09,0,Overnight,0.0,False,100.28,100.28,-322.17,False,0.0,False
2020-01-09,2020-01-10,0,Overnight,0.0,False,9.34,9.34,-75.84,False,0.0,False
2020-01-10,2020-01-13,2,Weekend,48.0,False,315.98,315.98,616.09,False,0.0,False
2020-01-13,2020-01-14,0,Overnight,0.0,False,362.96,362.96,-117.17,False,0.0,False
2020-01-14,2020-01-15,0,Overnight,0.0,False,-152.86,-152.86,-214.84,False,0.0,False
2020-01-15,2020-01-16,0,Overnight,0.0,False,-489.11,-489.11,392.01,False,0.0,False
2020-01-16,2020-01-17,0,Overnight,0.0,False,-115.17,-115.17,56.77,False,0.0,False
2020-01-17,2020-01-21,3,Long,72.0,False,379.58,379.58,314.66,False,0.0,False
2020-01-21,2020-01-22,0,Overnight,0.0,False,441.32,441.32,-40.82,False,0.0,False
2020-01-22,2020-01-23,0,Overnight,0.0,False,-93.67,-93.67,139.91,False,0.0,False
2020-01-23,2020-01-24,0,Overnight,0.0,False,-27.48,-27.48,-102.34,False,0.0,False
2020-01-24,2020-01-27,2,Weekend,48.0,False,-412.6,-412.6,291.47,False,0.0,False
2020-01-27,2020-01-28,0,Overnight,0.0,False,185.89,185.89,-28.01,False,0.0,False
2020-01-28,2020-01-29,0,Overnight,0.0,False,153.86,153.86,91.64,False,0.0,False
2020-01-29,2020-01-30,0,Overnight,0.0,False,848.2,848.2,131.79,False,0.0,False
2020-01-30,2020-01-31,0,Overnight,0.0,False,-12.65,-12.65,163.81,False,0.0,False
2020-01-31,2020-02-03,2,Weekend,48.0,False,349.21,349.21,1465.24,False,0.0,False
2020-02-03,2020-02-04,0,Overnight,0.0,False,1239.86,1239.86,46.33,False,0.0,False
2020-02-04,2020-02-05,0,Overnight,0.0,False,-746.41,-746.41,-1138.1,False,0.0,False
2020-02-05,2020-02-06,0,Overnight,0.0,False,-484.96,-484.96,677.2,False,0.0,False
2020-02-06,2020-02-07,0,Overnight,0.0,False,-248.88,-248.88,236.99,False,0.0,False
2020-02-07,2020-02-10,2,Weekend,48.0,False,671.15,671.15,-365.6,False,0.0,False
2020-02-10,2020-02-11,0,Overnight,0.0,False,-32.34,-32.34,72.45,False,0.0,False
2020-02-11,2020-02-12,0,Overnight,0.0,False,44.97,44.97,-136.95,False,0.0,False
2020-02-12,2020-02-13,0,Overnight,0.0,False,-337.31,-337.31,804.66,False,0.0,False
2020-02-13,2020-02-14,0,Overnight,0.0,False,-210.91,-210.91,161.41,False,0.0,False
2020-02-14,2020-02-18,3,Long,72.0,False,506.56,506.56,197.65,False,0.0,False
2020-02-18,2020-02-19,0,Overnight,0.0,False,731.01,731.01,-66.05,False,0.0,False
2020-02-19,2020-02-20,0,Overnight,0.0,False,-59.8,-59.8,-138.46,False,0.0,False
2020-02-20,2020-02-21,0,Overnight,0.0,False,83.81,83.81,-66.15,False,0.0,False
2020-02-21,2020-02-24,2,Weekend,48.0,False,-712.95,-712.95,-62.29,False,0.0,False
2020-02-24,2020-02-25,0,Overnight,0.0,False,180.78,180.78,-595.6,False,0.0,False
2020-02-25,2020-02-26,0,Overnight,0.0,False,-220.05,-220.05,-47.4,False,0.0,False
2020-02-26,2020-02-27,0,Overnight,0.0,False,-647.1,-647.1,-724.23,False,0.0,False
2020-02-27,2020-02-28,0,Overnight,0.0,False,-753.78,-753.78,590.3,False,0.0,False
2020-02-28,2020-03-02,2,Weekend,48.0,False,627.65,627.65,444.92,False,0.0,False
2020-03-02,2020-03-03,0,Overnight,0.0,False,793.12,793.12,-767.74,False,0.0,False
2020-03-03,2020-03-04,0,Overnight,0.0,False,244.47,244.47,-191.09,False,0.0,False
2020-03-04,2020-03-05,0,Overnight,0.0,False,-349.33,-349.33,10.63,False,0.0,False
2020-03-05,2020-03-06,0,Overnight,0.0,False,-488.45,-488.45,193.48,False,0.0,False
2020-03-06,2020-03-09,2,Weekend,47.0,False,-1501.67,-1501.67,43.02,False,0.0,False
2020-03-09,2020-03-10,0,Overnight,0.0,False,812.01,812.01,-216.14,False,0.0,False
2020-03-10,2020-03-11,0,Overnight,0.0,False,-79.81,-79.81,-93.69,False,0.0,False
2020-03-11,2020-03-12,0,Overnight,0.0,False,-878.5,-878.5,-356.43,False,0.0,False
2020-03-12,2020-03-13,0,Overnight,0.0,False,596.43,596.43,-848.08,False,0.0,False
2020-03-13,2020-03-16,2,Weekend,48.0,False,-1520.86,-1520.86,-534.37,False,0.0,False
2020-03-16,2020-03-17,0,Overnight,0.0,False,-114.34,-114.34,-225.47,False,0.0,False
2020-03-17,2020-03-18,0,Overnight,0.0,False,-1006.71,-1006.71,-740.92,False,0.0,False
2020-03-18,2020-03-19,0,Overnight,0.0,False,366.39,366.39,1321.56,False,0.0,False
2020-03-19,2020-03-20,0,Overnight,0.0,False,243.94,243.94,-246.51,False,0.0,False
2020-03-20,2020-03-23,2,Weekend,48.0,False,140.98,140.98,15.9,False,0.0,False
2020-03-23,2020-03-24,0,Overnight,0.0,False,944.33,944.33,564.13,False,0.0,False
2020-03-24,2020-03-25,0,Overnight,0.0,False,766.86,766.86,-110.65,False,0.0,False
2020-03-25,2020-03-26,0,Overnight,0.0,False,149.82,149.82,-357.62,False,0.0,False
2020-03-26,2020-03-27,0,Overnight,0.0,False,-448.41,-448.41,183.65,False,0.0,False
2020-03-27,2020-03-30,2,Weekend,48.0,False,-80.03,-80.03,-160.61,False,0.0,False
2020-03-30,2020-03-31,0,Overnight,0.0,False,-17.54,-17.54,443.87,False,0.0,False
2020-03-31,2020-04-01,0,Overnight,0.0,False,-389.15,-389.15,-455.45,False,0.0,False
2020-04-01,2020-04-02,0,Overnight,0.0,False,-11.01,-11.01,-567.98,False,0.0,False
2020-04-02,2020-04-03,0,Overnight,0.0,False,1142.98,1142.98,-596.23,False,0.0,False
2020-04-03,2020-04-06,2,Weekend,48.0,False,629.54,629.54,98.11,False,0.0,False
2020-04-06,2020-04-07,0,Overnight,0.0,False,542.14,542.14,8.25,False,0.0,False
2020-04-07,2020-04-08,0,Overnight,0.0,False,159.14,159.14,-97.19,False,0.0,False
2020-04-08,2020-04-09,0,Overnight,0.0,False,238.55,238.55,192.24,False,0.0,False
2020-04-09,2020-04-13,3,Long,72.0,False,295.08,295.08,980.39,False,0.0,False
2020-04-13,2020-04-14,0,Overnight,0.0,False,711.75,711.75,155.02,False,0.0,False
2020-04-14,2020-04-15,0,Overnight,0.0,False,442.39,442.39,-165.38,False,0.0,False
2020-04-15,2020-04-16,0,Overnight,0.0,False,-178.19,-178.19,386.74,False,0.0,False
2020-04-16,2020-04-17,0,Overnight,0.0,False,356.81,356.81,-241.01,False,0.0,False
2020-04-17,2020-04-20,2,Weekend,48.0,False,-285.1,-285.1,184.72,False,0.0,False
2020-04-20,2020-04-21,0,Overnight,0.0,False,-219.99,-219.99,-612.82,False,0.0,False
2020-04-21,2020-04-22,0,Overnight,0.0,False,248.23,248.23,391.81,False,0.0,False
2020-04-22,2020-04-23,0,Overnight,0.0,False,-61.79,-61.79,-306.6,False,0.0,False
2020-04-23,2020-04-24,0,Overnight,0.0,False,73.14,73.14,199.73,False,0.0,False
2020-04-24,2020-04-27,2,Weekend,48.0,False,170.37,170.37,796.33,False,0.0,False
2020-04-27,2020-04-28,0,Overnight,0.0,False,-39.01,-39.01,-339.0,False,0.0,False
2020-04-28,2020-04-29,0,Overnight,0.0,False,270.01,270.01,130.01,False,0.0,False
2020-04-29,2020-04-30,0,Overnight,0.0,False,660.75,660.75,-896.22,False,0.0,False
2020-04-30,2020-05-01,0,Overnight,0.0,False,-349.84,-349.84,-737.53,False,0.0,False
2020-05-01,2020-05-04,2,Weekend,48.0,False,-4.56,-4.56,823.75,False,0.0,False
2020-05-04,2020-05-05,0,Overnight,0.0,False,368.84,368.84,-277.04,False,0.0,False
2020-05-05,2020-05-06,0,Overnight,0.0,False,107.33,107.33,78.0,False,0.0,False
2020-05-06,2020-05-07,0,Overnight,0.0,False,-68.86,-68.86,36.35,False,0.0,False
2020-05-07,2020-05-08,0,Overnight,0.0,False,174.49,174.49,318.03,False,0.0,False
2020-05-08,2020-05-11,2,Weekend,48.0,False,-359.18,-359.18,259.47,False,0.0,False
2020-05-11,2020-05-12,0,Overnight,0.0,False,191.79,191.79,-214.99,False,0.0,False
2020-05-12,2020-05-13,0,Overnight,0.0,False,140.1,140.1,-370.69,False,0.0,False
2020-05-13,2020-05-14,0,Overnight,0.0,False,-139.53,-139.53,294.72,False,0.0,False
2020-05-14,2020-05-15,0,Overnight,0.0,False,-162.9,-162.9,110.98,False,0.0,False
2020-05-15,2020-05-18,2,Weekend,48.0,False,351.74,351.74,-172.42,False,0.0,False
2020-05-18,2020-05-19,0,Overnight,0.0,False,18.91,18.91,-88.22,False,0.0,False
2020-05-19,2020-05-20,0,Overnight,0.0,False,153.4,153.4,-60.39,False,0.0,False
2020-05-20,2020-05-21,0,Overnight,0.0,False,5.39,5.39,141.16,False,0.0,False
2020-05-21,2020-05-22,0,Overnight,0.0,False,-65.83,-65.83,-64.55,False,0.0,False
2020-05-22,2020-05-26,3,Long,72.0,False,213.4,213.4,-189.07,False,0.0,False
2020-05-26,2020-05-27,0,Overnight,0.0,False,24.27,24.27,-7.68,False,0.0,False
2020-05-27,2020-05-28,0,Overnight,0.0,False,-82.27,-82.27,-95.1,False,0.0,False
2020-05-28,2020-05-29,0,Overnight,0.0,False,36.42,36.42,319.42,False,0.0,False
2020-05-29,2020-06-01,2,Weekend,48.0,False,271.72,271.72,456.77,False,0.0,False
2020-06-01,2020-06-02,0,Overnight,0.0,False,-37.93,-37.93,-147.95,False,0.0,False
2020-06-02,2020-06-03,0,Overnight,0.0,False,74.14,74.14,-58.27,False,0.0,False
2020-06-03,2020-06-04,0,Overnight,0.0,False,78.07,78.07,-290.74,False,0.0,False
2020-06-04,2020-06-05,0,Overnight,0.0,False,154.52,154.52,88.69,False,0.0,False
2020-06-05,2020-06-08,2,Weekend,48.0,False,369.53,369.53,330.92,False,0.0,False
2020-06-08,2020-06-09,0,Overnight,0.0,False,-104.87,-104.87,7.02,False,0.0,False
2020-06-09,2020-06-10,0,Overnight,0.0,False,530.1,530.1,328.95,False,0.0,False
2020-06-10,2020-06-11,0,Overnight,0.0,False,-345.9,-345.9,-176.87,False,0.0,False
2020-06-11,2020-06-12,0,Overnight,0.0,False,73.33,73.33,-467.07,False,0.0,False
2020-06-12,2020-06-15,2,Weekend,48.0,False,-188.77,-188.77,766.45,False,0.0,False
2020-06-15,2020-06-16,0,Overnight,0.0,False,209.22,209.22,-298.12,False,0.0,False
2020-06-16,2020-06-17,0,Overnight,0.0,False,56.65,56.65,41.22,False,0.0,False
2020-06-17,2020-06-18,0,Overnight,0.0,False,112.39,112.39,9.57,False,0.0,False
2020-06-18,2020-06-19,0,Overnight,0.0,False,87.47,87.47,-117.99,False,0.0,False
2020-06-19,2020-06-22,2,Weekend,48.0,False,-9.5,-9.5,-56.46,False,0.0,False
2020-06-22,2020-06-23,0,Overnight,0.0,False,45.76,45.76,28.99,False,0.0,False
2020-06-23,2020-06-24,0,Overnight,0.0,False,-76.86,-76.86,-340.3,False,0.0,False
2020-06-24,2020-06-25,0,Overnight,0.0,False,-68.72,-68.72,326.89,False,0.0,False
2020-06-25,2020-06-26,0,Overnight,0.0,False,88.85,88.85,-358.59,False,0.0,False
2020-06-26,2020-06-29,2,Weekend,48.0,False,96.13,96.13,407.87,False,0.0,False
2020-06-29,2020-06-30,0,Overnight,0.0,False,-28.28,-28.28,703.06,False,0.0,False
2020-06-30,2020-07-01,0,Overnight,0.0,False,29.5,29.5,332.63,False,0.0,False
2020-07-01,2020-07-02,0,Overnight,0.0,False,870.65,870.65,-105.51,False,0.0,False
2020-07-02,2020-07-06,3,Long,72.0,False,547.58,547.58,716.93,False,0.0,False
2020-07-06,2020-07-07,0,Overnight,0.0,False,240.81,240.81,-108.41,False,0.0,False
2020-07-07,2020-07-08,0,Overnight,0.0,False,108.34,108.34,-282.38,False,0.0,False
2020-07-08,2020-07-09,0,Overnight,0.0,False,225.21,225.21,-19.42,False,0.0,False
2020-07-09,2020-07-10,0,Overnight,0.0,False,12.33,12.33,1011.86,False,0.0,False
2020-07-10,2020-07-13,2,Weekend,48.0,False,714.18,714.18,-1027.12,False,0.0,False
2020-07-13,2020-07-14,0,Overnight,0.0,False,386.15,386.15,-255.16,False,0.0,False
2020-07-14,2020-07-15,0,Overnight,0.0,False,171.26,171.26,19.49,False,0.0,False
2020-07-15,2020-07-16,0,Overnight,0.0,False,-455.56,-455.56,157.7,False,0.0,False
2020-07-16,2020-07-17,0,Overnight,0.0,False,85.0,85.0,-83.67,False,0.0,False
2020-07-17,2020-07-20,2,Weekend,48.0,False,120.34,120.34,784.65,False,0.0,False
2020-07-20,2020-07-21,0,Overnight,0.0,False,-18.7,-18.7,-446.23,False,0.0,False
2020-07-21,2020-07-22,0,Overnight,0.0,False,193.48,193.48,-41.8,False,0.0,False
2020-07-22,2020-07-23,0,Overnight,0.0,False,529.7,529.7,-1040.28,False,0.0,False
2020-07-23,2020-07-24,0,Overnight,0.0,False,-662.98,-662.98,6.99,False,0.0,False
2020-07-24,2020-07-27,2,Weekend,48.0,False,126.23,126.23,703.58,False,0.0,False
2020-07-27,2020-07-28,0,Overnight,0.0,False,-233.94,-233.94,-184.61,False,0.0,False
2020-07-28,2020-07-29,0,Overnight,0.0,False,164.64,164.64,-12.6,False,0.0,False
2020-07-29,2020-07-30,0,Overnight,0.0,False,-74.39,-74.39,-3.43,False,0.0,False
2020-07-30,2020-07-31,0,Overnight,0.0,False,183.25,183.25,-572.1,False,0.0,False
2020-07-31,2020-08-03,2,Weekend,48.0,False,128.06,128.06,244.03,False,0.0,False
2020-08-03,2020-08-04,0,Overnight,0.0,False,67.18,67.18,-53.72,False,0.0,False
2020-08-04,2020-08-05,0,Overnight,0.0,False,40.2,40.2,-53.53,False,0.0,False
2020-08-05,2020-08-06,0,Overnight,0.0,False,39.05,39.05,-8.39,False,0.0,False
2020-08-06,2020-08-07,0,Overnight,0.0,False,66.64,66.64,-317.28,False,0.0,False
2020-08-07,2020-08-10,2,Weekend,48.0,False,-32.48,-32.48,-205.34,False,0.0,False
2020-08-10,2020-08-11,0,Overnight,0.0,False,-160.38,-160.38,-156.01,False,0.0,False
2020-08-11,2020-08-12,0,Overnight,0.0,False,672.52,672.52,560.59,False,0.0,False
2020-08-12,2020-08-13,0,Overnight,0.0,False,355.34,355.34,61.88,False,0.0,False
2020-08-13,2020-08-14,0,Overnight,0.0,False,267.76,267.76,-86.14,False,0.0,False
2020-08-14,2020-08-17,2,Weekend,48.0,False,158.01,158.01,903.87,False,0.0,False
2020-08-17,2020-08-18,0,Overnight,0.0,False,339.29,339.29,-62.86,False,0.0,False
2020-08-18,2020-08-19,0,Overnight,0.0,False,-117.75,-117.75,72.29,False,0.0,False
2020-08-19,2020-08-20,0,Overnight,0.0,False,-95.48,-95.48,731.2,False,0.0,False
2020-08-20,2020-08-21,0,Overnight,0.0,False,212.19,212.19,25.5,False,0.0,False
2020-08-21,2020-08-24,2,Weekend,48.0,False,365.44,365.44,-541.52,False,0.0,False
2020-08-24,2020-08-25,0,Overnight,0.0,False,-197.09,-197.09,242.37,False,0.0,False
2020-08-25,2020-08-26,0,Overnight,0.0,False,179.56,179.56,442.35,False,0.0,False
2020-08-26,2020-08-27,0,Overnight,0.0,False,125.95,125.95,263.82,False,0.0,False
2020-08-27,2020-08-28,0,Overnight,0.0,False,248.67,248.67,-362.55,False,0.0,False
2020-08-28,2020-08-31,2,Weekend,48.0,False,43.5,43.5,1140.45,False,0.0,True
2020-08-31,2020-09-01,0,Overnight,0.0,False,76.37,76.37,-554.59,False,0.0,False
2020-09-01,2020-09-02,0,Overnight,0.0,False,82.6,82.6,-682.94,False,0.0,False
2020-09-02,2020-09-03,0,Overnight,0.0,False,-940.08,-940.08,-5.65,False,0.0,False
2020-09-03,2020-09-04,0,Overnight,0.0,False,-103.48,-103.48,377.82,False,0.0,False
2020-09-04,2020-09-08,3,Long,72.0,False,-1613.16,-1613.16,-752.02,False,0.0,False
2020-09-08,2020-09-09,0,Overnight,0.0,False,768.86,768.86,267.83,False,0.0,False
2020-09-09,2020-09-10,0,Overnight,0.0,False,529.83,529.83,-392.63,False,0.0,False
2020-09-10,2020-09-11,0,Overnight,0.0,False,281.45,281.45,-244.36,False,0.0,False
2020-09-11,2020-09-14,2,Weekend,48.0,False,218.41,218.41,966.81,False,0.0,False
2020-09-14,2020-09-15,0,Overnight,0.0,False,395.76,395.76,297.88,False,0.0,False
2020-09-15,2020-09-16,0,Overnight,0.0,False,-222.35,-222.35,42.87,False,0.0,False
2020-09-16,2020-09-17,0,Overnight,0.0,False,-610.43,-610.43,186.65,False,0.0,False
2020-09-17,2020-09-18,0,Overnight,0.0,False,562.71,562.71,-130.1,False,0.0,False
2020-09-18,2020-09-21,2,Weekend,48.0,False,245.3,245.3,-82.88,False,0.0,False
2020-09-21,2020-09-22,0,Overnight,0.0,False,-450.37,-450.37,-125.79,False,0.0,False
2020-09-22,2020-09-23,0,Overnight,0.0,False,-459.94,-459.94,-631.64,False,0.0,False
2020-09-23,2020-09-24,0,Overnight,0.0,False,-445.14,-445.14,638.6,False,0.0,False
2020-09-24,2020-09-25,0,Overnight,0.0,False,145.41,145.41,346.43,False,0.0,False
2020-09-25,2020-09-28,2,Weekend,48.0,False,415.46,415.46,-80.87,False,0.0,False
2020-09-28,2020-09-29,0,Overnight,0.0,False,-124.22,-124.22,73.53,False,0.0,False
2020-09-29,2020-09-30,0,Overnight,0.0,False,53.55,53.55,180.88,False,0.0,False
2020-09-30,2020-10-01,0,Overnight,0.0,False,270.2,270.2,166.5,False,0.0,False
2020-10-01,2020-10-02,0,Overnight,0.0,False,-615.92,-615.92,-150.63,False,0.0,False
2020-10-02,2020-10-05,2,Weekend,48.0,False,197.04,197.04,54.89,False,0.0,False
2020-10-05,2020-10-06,0,Overnight,0.0,False,-44.5,-44.5,-234.2,False,0.0,False
2020-10-06,2020-10-07,0,Overnight,0.0,False,141.27,141.27,128.5,False,0.0,False
2020-10-07,2020-10-08,0,Overnight,0.0,False,304.28,304.28,-289.71,False,0.0,False
2020-10-08,2020-10-09,0,Overnight,0.0,False,98.36,98.36,89.57,False,0.0,False
2020-10-09,2020-10-12,2,Weekend,48.0,False,182.65,182.65,6.79,False,0.0,False
2020-10-12,2020-10-13,0,Overnight,0.0,False,23.71,23.71,74.16,False,0.0,False
2020-10-13,2020-10-14,0,Overnight,0.0,False,69.83,69.83,252.9,False,0.0,False
2020-10-14,2020-10-15,0,Overnight,0.0,False,-241.12,-241.12,-31.81,False,0.0,False
2020-10-15,2020-10-16,0,Overnight,0.0,False,123.1,123.1,-330.41,False,0.0,False
2020-10-16,2020-10-19,2,Weekend,48.0,False,148.32,148.32,-351.43,False,0.0,False
2020-10-19,2020-10-20,0,Overnight,0.0,False,21.33,21.33,-229.84,False,0.0,False
2020-10-20,2020-10-21,0,Overnight,0.0,False,18.0,18.0,-1.42,False,0.0,False
2020-10-21,2020-10-22,0,Overnight,0.0,False,446.08,446.08,-371.83,False,0.0,False
2020-10-22,2020-10-23,0,Overnight,0.0,False,-93.2,-93.2,-28.72,False,0.0,False
2020-10-23,2020-10-26,2,Weekend,48.0,False,-216.29,-216.29,207.96,False,0.0,False
2020-10-26,2020-10-27,0,Overnight,0.0,False,82.46,82.46,21.69,False,0.0,False
2020-10-27,2020-10-28,0,Overnight,0.0,False,-194.98,-194.98,-254.36,False,0.0,False
2020-10-28,2020-10-29,0,Overnight,0.0,False,96.57,96.57,21.2,False,0.0,False
2020-10-29,2020-10-30,0,Overnight,0.0,False,-96.12,-96.12,-474.59,False,0.0,False
2020-10-30,2020-11-02,2,Weekend,49.0,False,152.42,152.42,163.88,False,0.0,False
2020-11-02,2020-11-03,0,Overnight,0.0,False,227.6,227.6,339.99,False,0.0,False
2020-11-03,2020-11-04,0,Overnight,0.0,False,157.28,157.28,-226.41,False,0.0,False
2020-11-04,2020-11-05,0,Overnight,0.0,False,172.39,172.39,226.01,False,0.0,False
2020-11-05,2020-11-06,0,Overnight,0.0,False,-45.53,-45.53,-142.03,False,0.0,False
2020-11-06,2020-11-09,2,Weekend,48.0,False,219.69,219.69,-423.88,False,0.0,False
2020-11-09,2020-11-10,0,Overnight,0.0,False,-27.81,-27.81,-234.34,False,0.0,False
2020-11-10,2020-11-11,0,Overnight,0.0,False,147.32,147.32,16.32,False,0.0,False
2020-11-11,2020-11-12,0,Overnight,0.0,False,-49.99,-49.99,-79.58,False,0.0,False
2020-11-12,2020-11-13,0,Overnight,0.0,False,-22.12,-22.12,-57.36,False,0.0,False
2020-11-13,2020-11-16,2,Weekend,48.0,False,10.52,10.52,-20.56,False,0.0,False
2020-11-16,2020-11-17,0,Overnight,0.0,False,1201.08,1201.08,-411.69,False,0.0,False
2020-11-17,2020-11-18,0,Overnight,0.0,False,151.47,151.47,819.5,False,0.0,False
2020-11-18,2020-11-19,0,Overnight,0.0,False,109.54,109.54,146.68,False,0.0,False
2020-11-19,2020-11-20,0,Overnight,0.0,False,-25.67,-25.67,-169.71,False,0.0,False
2020-11-20,2020-11-23,2,Weekend,48.0,False,279.74,279.74,357.96,False,0.0,False
2020-11-23,2020-11-24,0,Overnight,0.0,False,349.29,349.29,273.43,False,0.0,False
2020-11-24,2020-11-25,0,Overnight,0.0,False,-96.25,-96.25,426.02,False,0.0,False
2020-11-25,2020-11-27,1,Short,24.0,False,123.97,123.97,78.84,False,0.0,False
2020-11-27,2020-11-30,2,Weekend,48.0,True,276.96,276.96,-591.89,False,0.0,False
2020-11-30,2020-12-01,0,Overnight,0.0,False,514.88,514.88,-217.03,False,0.0,False
2020-12-01,2020-12-02,0,Overnight,0.0,False,-496.42,-496.42,220.05,False,0.0,False
2020-12-02,2020-12-03,0,Overnight,0.0,False,365.92,365.92,56.79,False,0.0,False
2020-12-03,2020-12-04,0,Overnight,0.0,False,-40.02,-40.02,134.95,False,0.0,False
2020-12-04,2020-12-07,2,Weekend,48.0,False,97.68,97.68,591.18,False,0.0,False
2020-12-07,2020-12-08,0,Overnight,0.0,False,-256.47,-256.47,382.2,False,0.0,False
2020-12-08,2020-12-09,0,Overnight,0.0,False,58.46,58.46,-782.65,False,0.0,False
2020-12-09,2020-12-10,0,Overnight,0.0,False,-510.95,-510.95,877.84,False,0.0,False
2020-12-10,2020-12-11,0,Overnight,0.0,False,-194.2,-194.2,-81.96,False,0.0,False
2020-12-11,2020-12-14,2,Weekend,48.0,False,146.63,146.63,330.97,False,0.0,False
2020-12-14,2020-12-15,0,Overnight,0.0,False,53.78,53.78,-157.15,False,0.0,False
2020-12-15,2020-12-16,0,Overnight,0.0,False,-79.59,-79.59,-87.29,False,0.0,False
2020-12-16,2020-12-17,0,Overnight,0.0,False,86.65,86.65,431.66,False,0.0,False
2020-12-17,2020-12-18,0,Overnight,0.0,False,196.26,196.26,382.77,False,0.0,False
2020-12-18,2020-12-21,2,Weekend,48.0,False,-422.62,-422.62,-248.93,False,0.0,False
2020-12-21,2020-12-22,0,Overnight,0.0,False,-28.66,-28.66,-118.91,False,0.0,False
2020-12-22,2020-12-23,0,Overnight,0.0,False,-127.93,-127.93,215.63,False,0.0,False
2020-12-23,2020-12-24,0,Overnight,0.0,False,-46.39,-46.39,287.89,False,0.0,False
2020-12-24,2020-12-28,3,Long,72.0,True,190.68,190.68,-161.71,False,0.0,False
2020-12-28,2020-12-29,0,Overnight,0.0,False,-40.61,-40.61,75.21,False,0.0,False
2020-12-29,2020-12-30,0,Overnight,0.0,False,89.84,89.84,333.37,False,0.0,False
2020-12-30,2020-12-31,0,Overnight,0.0,False,74.71,74.71,80.82,False,0.0,False
2020-12-31,2021-01-04,3,Long,72.0,False,193.53,193.53,142.28,False,0.0,False
2021-01-04,2021-01-05,0,Overnight,0.0,False,-84.08,-84.08,156.98,False,0.0,False
2021-01-05,2021-01-06,0,Overnight,0.0,False,313.09,313.09,-33.15,False,0.0,False
2021-01-06,2021-01-07,0,Overnight,0.0,False,282.36,282.36,482.13,False,0.0,False
2021-01-07,2021-01-08,0,Overnight,0.0,False,478.07,478.07,276.74,False,0.0,False
2021-01-08,2021-01-11,2,Weekend,48.0,False,-354.14,-354.14,-460.28,False,0.0,False
2021-01-11,2021-01-12,0,Overnight,0.0,False,241.27,241.27,219.48,False,0.0,False
2021-01-12,2021-01-13,0,Overnight,0.0,False,39.01,39.01,19.33,False,0.0,False
2021-01-13,2021-01-14,0,Overnight,0.0,False,-129.82,-129.82,19.07,False,0.0,False
2021-01-14,2021-01-15,0,Overnight,0.0,False,82.5,82.5,-307.98,False,0.0,False
2021-01-15,2021-01-19,3,Long,72.0,False,139.91,139.91,80.25,False,0.0,False
2021-01-19,2021-01-20,0,Overnight,0.0,False,166.62,166.62,-97.01,False,0.0,False
2021-01-20,2021-01-21,0,Overnight,0.0,False,53.36,53.36,-117.77,False,0.0,False
2021-01-21,2021-01-22,0,Overnight,0.0,False,-127.2,-127.2,146.7,False,0.0,False
2021-01-22,2021-01-25,2,Weekend,48.0,False,98.26,98.26,297.29,False,0.0,False
2021-01-25,2021-01-26,0,Overnight,0.0,False,119.4,119.4,-93.44,False,0.0,False
2021-01-26,2021-01-27,0,Overnight,0.0,False,-145.32,-145.32,-71.37,False,0.0,False
2021-01-27,2021-01-28,0,Overnight,0.0,False,-524.54,-524.54,186.42,False,0.0,False
2021-01-28,2021-01-29,0,Overnight,0.0,False,-65.21,-65.21,-449.34,False,0.0,False
2021-01-29,2021-02-01,2,Weekend,48.0,False,258.25,258.25,308.59,False,0.0,False
2021-02-01,2021-02-02,0,Overnight,0.0,False,57.82,57.82,327.37,False,0.0,False
2021-02-02,2021-02-03,0,Overnight,0.0,False,48.35,48.35,-257.91,False,0.0,False
2021-02-03,2021-02-04,0,Overnight,0.0,False,3.63,3.63,-58.77,False,0.0,False
2021-02-04,2021-02-05,0,Overnight,0.0,False,-58.88,-58.88,85.2,False,0.0,False
2021-02-05,2021-02-08,2,Weekend,48.0,False,202.57,202.57,-72.13,False,0.0,False
2021-02-08,2021-02-09,0,Overnight,0.0,False,-96.59,-96.59,-66.41,False,0.0,False
2021-02-09,2021-02-10,0,Overnight,0.0,False,-68.75,-68.75,-471.07,False,0.0,False
2021-02-10,2021-02-11,0,Overnight,0.0,False,94.23,94.23,-9.6,False,0.0,False
2021-02-11,2021-02-12,0,Overnight,0.0,False,-128.96,-128.96,183.76,False,0.0,False
2021-02-12,2021-02-16,3,Long,72.0,False,23.01,23.01,-269.87,False,0.0,False
2021-02-16,2021-02-17,0,Overnight,0.0,False,-217.49,-217.49,241.7,False,0.0,False
2021-02-17,2021-02-18,0,Overnight,0.0,False,-218.49,-218.49,82.64,False,0.0,False
2021-02-18,2021-02-19,0,Overnight,0.0,False,96.31,96.31,-173.83,False,0.0,False
2021-02-19,2021-02-22,2,Weekend,48.0,False,-241.73,-241.73,-652.03,False,0.0,False
2021-02-22,2021-02-23,0,Overnight,0.0,False,-761.21,-761.21,539.6,False,0.0,False
2021-02-23,2021-02-24,0,Overnight,0.0,False,184.45,184.45,415.09,False,0.0,False
2021-02-24,2021-02-25,0,Overnight,0.0,False,-216.2,-216.2,-624.04,False,0.0,False
2021-02-25,2021-02-26,0,Overnight,0.0,False,257.28,257.28,-356.27,False,0.0,False
2021-02-26,2021-03-01,2,Weekend,48.0,False,213.98,213.98,402.17,False,0.0,False
2021-03-01,2021-03-02,0,Overnight,0.0,False,-2.09,-2.09,-453.41,False,0.0,False
2021-03-02,2021-03-03,0,Overnight,0.0,False,22.55,22.55,-518.91,False,0.0,False
2021-03-03,2021-03-04,0,Overnight,0.0,False,39.73,39.73,-538.17,False,0.0,False
2021-03-04,2021-03-05,0,Overnight,0.0,False,74.07,74.07,-459.39,False,0.0,False
2021-03-05,2021-03-08,2,Weekend,48.0,False,43.39,43.39,-645.66,False,0.0,False
2021-03-08,2021-03-09,0,Overnight,0.0,False,771.91,771.91,1021.36,False,0.0,False
2021-03-09,2021-03-10,0,Overnight,0.0,False,389.02,389.02,-471.31,False,0.0,False
2021-03-10,2021-03-11,0,Overnight,0.0,False,458.45,458.45,2.86,False,0.0,False
2021-03-11,2021-03-12,0,Overnight,0.0,False,-432.31,-432.31,348.05,False,0.0,False
2021-03-12,2021-03-15,2,Weekend,47.0,False,5.19,5.19,197.58,False,0.0,False
2021-03-15,2021-03-16,0,Overnight,0.0,False,-65.05,-65.05,-383.61,False,0.0,False
2021-03-16,2021-03-17,0,Overnight,0.0,False,-300.08,-300.08,661.77,False,0.0,False
2021-03-17,2021-03-18,0,Overnight,0.0,False,-252.81,-252.81,-465.6,False,0.0,False
2021-03-18,2021-03-19,0,Overnight,0.0,False,-100.94,-100.94,127.09,False,0.0,False
2021-03-19,2021-03-22,2,Weekend,48.0,False,443.83,443.83,-215.42,False,0.0,False
2021-03-22,2021-03-23,0,Overnight,0.0,False,85.75,85.75,-203.46,False,0.0,False
2021-03-23,2021-03-24,0,Overnight,0.0,False,86.46,86.46,-580.05,False,0.0,False
2021-03-24,2021-03-25,0,Overnight,0.0,False,-277.83,-277.83,437.12,False,0.0,False
2021-03-25,2021-03-26,0,Overnight,0.0,False,23.08,23.08,-367.49,False,0.0,False
2021-03-26,2021-03-29,2,Weekend,48.0,False,-49.74,-49.74,-70.91,False,0.0,False
2021-03-29,2021-03-30,0,Overnight,0.0,False,-157.29,-157.29,547.59,False,0.0,False
2021-03-30,2021-03-31,0,Overnight,0.0,False,171.58,171.58,324.25,False,0.0,False
2021-03-31,2021-04-01,0,Overnight,0.0,False,301.43,301.43,-394.39,False,0.0,False
2021-04-01,2021-04-05,3,Long,72.0,False,671.47,671.47,-238.22,False,0.0,False
2021-04-05,2021-04-06,0,Overnight,0.0,False,-10.86,-10.86,19.1,False,0.0,False
2021-04-06,2021-04-07,0,Overnight,0.0,False,-67.02,-67.02,-236.1,False,0.0,False
2021-04-07,2021-04-08,0,Overnight,0.0,False,95.08,95.08,94.33,False,0.0,False
2021-04-08,2021-04-09,0,Overnight,0.0,False,-88.57,-88.57,-11.07,False,0.0,False
2021-04-09,2021-04-12,2,Weekend,48.0,False,127.39,127.39,234.65,False,0.0,False
2021-04-12,2021-04-13,0,Overnight,0.0,False,151.56,151.56,673.06,False,0.0,False
2021-04-13,2021-04-14,0,Overnight,0.0,False,109.33,109.33,-512.05,False,0.0,False
2021-04-14,2021-04-15,0,Overnight,0.0,False,147.36,147.36,-57.36,False,0.0,False
2021-04-15,2021-04-16,0,Overnight,0.0,False,-139.01,-139.01,151.59,False,0.0,False
2021-04-16,2021-04-19,2,Weekend,48.0,False,-276.57,-276.57,-69.31,False,0.0,False
2021-04-19,2021-04-20,0,Overnight,0.0,False,38.96,38.96,21.86,False,0.0,False
2021-04-20,2021-04-21,0,Overnight,0.0,False,-199.76,-199.76,543.31,False,0.0,False
2021-04-21,2021-04-22,0,Overnight,0.0,False,-35.27,-35.27,-298.55,False,0.0,False
2021-04-22,2021-04-23,0,Overnight,0.0,False,1.53,1.53,132.49,False,0.0,False
2021-04-23,2021-04-26,2,Weekend,48.0,False,157.78,157.78,-37.86,False,0.0,False
2021-04-26,2021-04-27,0,Overnight,0.0,False,-278.01,-278.01,-185.85,False,0.0,False
2021-04-27,2021-04-28,0,Overnight,0.0,False,-118.9,-118.9,-28.9,False,0.0,False
2021-04-28,2021-04-29,0,Overnight,0.0,False,73.32,73.32,-327.09,False,0.0,False
2021-04-29,2021-04-30,0,Overnight,0.0,False,-139.97,-139.97,608.02,False,0.0,False
2021-04-30,2021-05-03,2,Weekend,48.0,False,-79.82,-79.82,-272.21,False,0.0,False
2021-05-03,2021-05-04,0,Overnight,0.0,False,-87.4,-87.4,-78.96,False,0.0,False
2021-05-04,2021-05-05,0,Overnight,0.0,False,110.14,110.14,-149.71,False,0.0,False
2021-05-05,2021-05-06,0,Overnight,0.0,False,145.3,145.3,-256.21,False,0.0,False
2021-05-06,2021-05-07,0,Overnight,0.0,False,34.0,34.0,98.19,False,0.0,False
2021-05-07,2021-05-10,2,Weekend,48.0,False,-111.72,-111.72,-554.42,False,0.0,False
2021-05-10,2021-05-11,0,Overnight,0.0,False,-485.33,-485.33,295.31,False,0.0,False
2021-05-11,2021-05-12,0,Overnight,0.0,False,-241.22,-241.22,-211.35,False,0.0,False
2021-05-12,2021-05-13,0,Overnight,0.0,False,195.57,195.57,-508.96,False,0.0,False
2021-05-13,2021-05-14,0,Overnight,0.0,False,202.93,202.93,107.92,False,0.0,False
2021-05-14,2021-05-17,2,Weekend,48.0,False,-243.56,-243.56,22.21,False,0.0,False
2021-05-17,2021-05-18,0,Overnight,0.0,False,-154.26,-154.26,172.28,False,0.0,False
2021-05-18,2021-05-19,0,Overnight,0.0,False,-448.05,-448.05,195.52,False,0.0,False
2021-05-19,2021-05-20,0,Overnight,0.0,False,202.74,202.74,202.8,False,0.0,False
2021-05-20,2021-05-21,0,Overnight,0.0,False,157.75,157.75,-258.81,False,0.0,False
2021-05-21,2021-05-24,2,Weekend,48.0,False,12.39,12.39,418.23,False,0.0,False
2021-05-24,2021-05-25,0,Overnight,0.0,False,14.34,14.34,-43.23,False,0.0,False
2021-05-25,2021-05-26,0,Overnight,0.0,False,47.35,47.35,188.64,False,0.0,False
2021-05-26,2021-05-27,0,Overnight,0.0,False,17.91,17.91,169.62,False,0.0,False
2021-05-27,2021-05-28,0,Overnight,0.0,False,-37.32,-37.32,-52.32,False,0.0,False
2021-05-28,2021-06-01,3,Long,72.0,False,41.18,41.18,-62.32,False,0.0,False
2021-06-01,2021-06-02,0,Overnight,0.0,False,-60.61,-60.61,-245.02,False,0.0,False
2021-06-02,2021-06-03,0,Overnight,0.0,False,-55.02,-55.02,-493.19,False,0.0,False
2021-06-03,2021-06-04,0,Overnight,0.0,False,119.21,119.21,328.17,False,0.0,False
2021-06-04,2021-06-07,2,Weekend,48.0,False,-121.26,-121.26,222.24,False,0.0,False
2021-06-07,2021-06-08,0,Overnight,0.0,False,291.19,291.19,-316.67,False,0.0,False
2021-06-08,2021-06-09,0,Overnight,0.0,False,-23.55,-23.55,-56.45,False,0.0,False
2021-06-09,2021-06-10,0,Overnight,0.0,False,84.81,84.81,102.8,False,0.0,False
2021-06-10,2021-06-11,0,Overnight,0.0,False,1.8,1.8,-5.57,False,0.0,False
2021-06-11,2021-06-14,2,Weekend,48.0,False,38.29,38.29,88.79,False,0.0,False
2021-06-14,2021-06-15,0,Overnight,0.0,False,-16.2,-16.2,-285.04,False,0.0,False
2021-06-15,2021-06-16,0,Overnight,0.0,False,-30.41,-30.41,121.92,False,0.0,False
2021-06-16,2021-06-17,0,Overnight,0.0,False,-49.39,-49.39,241.46,False,0.0,False
2021-06-17,2021-06-18,0,Overnight,0.0,False,-52.52,-52.52,160.76,False,0.0,False
2021-06-18,2021-06-21,2,Weekend,48.0,False,18.75,18.75,-58.62,False,0.0,False
2021-06-21,2021-06-22,0,Overnight,0.0,False,-41.64,-41.64,87.93,False,0.0,False
2021-06-22,2021-06-23,0,Overnight,0.0,False,132.04,132.04,381.4,False,0.0,False
2021-06-23,2021-06-24,0,Overnight,0.0,False,276.69,276.69,71.3,False,0.0,False
2021-06-24,2021-06-25,0,Overnight,0.0,False,142.55,142.55,-260.18,False,0.0,False
2021-06-25,2021-06-28,2,Weekend,48.0,False,-3.42,-3.42,251.12,False,0.0,False
2021-06-28,2021-06-29,0,Overnight,0.0,False,-59.27,-59.27,-56.98,False,0.0,False
2021-06-29,2021-06-30,0,Overnight,0.0,False,-14.55,-14.55,-1.03,False,0.0,False
2021-06-30,2021-07-01,0,Overnight,0.0,False,61.89,61.89,-88.12,False,0.0,False
2021-07-01,2021-07-02,0,Overnight,0.0,False,15.62,15.62,-1.18,False,0.0,False
2021-07-02,2021-07-06,3,Long,72.0,False,41.3,41.3,-330.01,False,0.0,False
2021-07-06,2021-07-07,0,Overnight,0.0,False,70.85,70.85,-299.81,False,0.0,False
2021-07-07,2021-07-08,0,Overnight,0.0,False,-255.78,-255.78,381.57,False,0.0,False
2021-07-08,2021-07-09,0,Overnight,0.0,False,5.67,5.67,57.55,False,0.0,False
2021-07-09,2021-07-12,2,Weekend,48.0,False,79.6,79.6,348.73,False,0.0,False
2021-07-12,2021-07-13,0,Overnight,0.0,False,9.04,9.04,-262.48,False,0.0,False
2021-07-13,2021-07-14,0,Overnight,0.0,False,33.0,33.0,-262.38,False,0.0,False
2021-07-14,2021-07-15,0,Overnight,0.0,False,76.39,76.39,-119.02,False,0.0,False
2021-07-15,2021-07-16,0,Overnight,0.0,False,62.52,62.52,-161.06,False,0.0,False
2021-07-16,2021-07-19,2,Weekend,48.0,False,-224.95,-224.95,255.95,False,0.0,False
2021-07-19,2021-07-20,0,Overnight,0.0,False,88.89,88.89,129.68,False,0.0,False
2021-07-20,2021-07-21,0,Overnight,0.0,False,-13.48,-13.48,-65.71,False,0.0,False
2021-07-21,2021-07-22,0,Overnight,0.0,False,17.53,17.53,-109.98,False,0.0,False
2021-07-22,2021-07-23,0,Overnight,0.0,False,-44.77,-44.77,-46.21,False,0.0,False
2021-07-23,2021-07-26,2,Weekend,48.0,False,117.28,117.28,101.64,False,0.0,False
2021-07-26,2021-07-27,0,Overnight,0.0,False,87.51,87.51,-284.69,False,0.0,False
2021-07-27,2021-07-28,0,Overnight,0.0,False,34.37,34.37,-0.31,False,0.0,False
2021-07-28,2021-07-29,0,Overnight,0.0,False,43.34,43.34,415.39,False,0.0,False
2021-07-29,2021-07-30,0,Overnight,0.0,False,-82.87,-82.87,227.24,False,0.0,False
2021-07-30,2021-08-02,2,Weekend,48.0,False,184.55,184.55,137.2,False,0.0,False
2021-08-02,2021-08-03,0,Overnight,0.0,False,130.61,130.61,-129.63,False,0.0,False
2021-08-03,2021-08-04,0,Overnight,0.0,False,17.74,17.74,-1.13,False,0.0,False
2021-08-04,2021-08-05,0,Overnight,0.0,False,71.2,71.2,-19.15,False,0.0,False
2021-08-05,2021-08-06,0,Overnight,0.0,False,-38.27,-38.27,-181.44,False,0.0,False
2021-08-06,2021-08-09,2,Weekend,48.0,False,157.11,157.11,50.42,False,0.0,False
2021-08-09,2021-08-10,0,Overnight,0.0,False,3.22,3.22,-56.18,False,0.0,False
2021-08-10,2021-08-11,0,Overnight,0.0,False,38.24,38.24,-68.85,False,0.0,False
2021-08-11,2021-08-12,0,Overnight,0.0,False,-20.93,-20.93,222.75,False,0.0,False
2021-08-12,2021-08-13,0,Overnight,0.0,False,20.19,20.19,-90.78,False,0.0,False
2021-08-13,2021-08-16,2,Weekend,48.0,False,-170.16,-170.16,-271.72,False,0.0,False
2021-08-16,2021-08-17,0,Overnight,0.0,False,-198.85,-198.85,-103.86,False,0.0,False
2021-08-17,2021-08-18,0,Overnight,0.0,False,60.5,60.5,283.22,False,0.0,False
2021-08-18,2021-08-19,0,Overnight,0.0,False,-157.7,-157.7,-70.14,False,0.0,False
2021-08-19,2021-08-20,0,Overnight,0.0,False,138.32,138.32,-38.0,False,0.0,False
2021-08-20,2021-08-23,2,Weekend,48.0,False,75.86,75.86,299.79,False,0.0,False
2021-08-23,2021-08-24,0,Overnight,0.0,False,61.82,61.82,-30.86,False,0.0,False
2021-08-24,2021-08-25,0,Overnight,0.0,False,-20.63,-20.63,58.81,False,0.0,False
2021-08-25,2021-08-26,0,Overnight,0.0,False,-40.72,-40.72,-101.46,False,0.0,False
2021-08-26,2021-08-27,0,Overnight,0.0,False,54.62,54.62,97.68,False,0.0,False
2021-08-27,2021-08-30,2,Weekend,48.0,False,39.25,39.25,223.99,False,0.0,False
2021-08-30,2021-08-31,0,Overnight,0.0,False,28.55,28.55,37.04,False,0.0,False
2021-08-31,2021-09-01,0,Overnight,0.0,False,-22.32,-22.32,0.14,False,0.0,False
2021-09-01,2021-09-02,0,Overnight,0.0,False,5.58,5.58,-28.77,False,0.0,False
2021-09-02,2021-09-03,0,Overnight,0.0,False,-1.91,-1.91,18.01,False,0.0,False
2021-09-03,2021-09-07,3,Long,72.0,False,87.27,87.27,173.09,False,0.0,False
2021-09-07,2021-09-08,0,Overnight,0.0,False,114.36,114.36,-101.75,False,0.0,False
2021-09-08,2021-09-09,0,Overnight,0.0,False,-6.1,-6.1,19.23,False,0.0,False
2021-09-09,2021-09-10,0,Overnight,0.0,False,62.6,62.6,-311.95,False,0.0,False
2021-09-10,2021-09-13,2,Weekend,48.0,False,53.37,53.37,37.62,False,0.0,False
2021-09-13,2021-09-14,0,Overnight,0.0,False,-5.79,-5.79,25.82,False,0.0,False
2021-09-14,2021-09-15,0,Overnight,0.0,False,6.85,6.85,144.32,False,0.0,False
2021-09-15,2021-09-16,0,Overnight,0.0,False,-39.77,-39.77,55.11,False,0.0,False
2021-09-16,2021-09-17,0,Overnight,0.0,False,2.11,2.11,30.86,False,0.0,False
2021-09-17,2021-09-20,2,Weekend,48.0,False,-333.75,-333.75,-59.94,False,0.0,False
2021-09-20,2021-09-21,0,Overnight,0.0,False,63.07,63.07,62.27,False,0.0,False
2021-09-21,2021-09-22,0,Overnight,0.0,False,55.97,55.97,112.47,False,0.0,False
2021-09-22,2021-09-23,0,Overnight,0.0,False,40.61,40.61,-18.03,False,0.0,False
2021-09-23,2021-09-24,0,Overnight,0.0,False,-103.37,-103.37,374.97,False,0.0,False
2021-09-24,2021-09-27,2,Weekend,48.0,False,-16.41,-16.41,233.19,False,0.0,False
2021-09-27,2021-09-28,0,Overnight,0.0,False,-52.71,-52.71,-123.21,False,0.0,False
2021-09-28,2021-09-29,0,Overnight,0.0,False,28.77,28.77,19.35,False,0.0,False
2021-09-29,2021-09-30,0,Overnight,0.0,False,-3.97,-3.97,-70.93,False,0.0,False
2021-09-30,2021-10-01,0,Overnight,0.0,False,37.58,37.58,-40.94,False,0.0,False
2021-10-01,2021-10-04,2,Weekend,48.0,False,270.8,270.8,-189.74,False,0.0,False
2021-10-04,2021-10-05,0,Overnight,0.0,False,41.75,41.75,-53.79,False,0.0,False
2021-10-05,2021-10-06,0,Overnight,0.0,False,-56.4,-56.4,84.03,False,0.0,False
2021-10-06,2021-10-07,0,Overnight,0.0,False,34.56,34.56,103.23,False,0.0,False
2021-10-07,2021-10-08,0,Overnight,0.0,False,32.71,32.71,-135.55,False,0.0,False
2021-10-08,2021-10-11,2,Weekend,48.0,False,27.46,27.46,54.32,False,0.0,False
2021-10-11,2021-10-12,0,Overnight,0.0,False,112.88,112.88,59.63,False,0.0,False
2021-10-12,2021-10-13,0,Overnight,0.0,False,58.78,58.78,7.52,False,0.0,False
2021-10-13,2021-10-14,0,Overnight,0.0,False,54.22,54.22,34.64,False,0.0,False
2021-10-14,2021-10-15,0,Overnight,0.0,False,66.01,66.01,231.48,False,0.0,False
2021-10-15,2021-10-18,2,Weekend,48.0,False,103.37,103.37,212.8,False,0.0,False
2021-10-18,2021-10-19,0,Overnight,0.0,False,84.91,84.91,-152.26,False,0.0,False
2021-10-19,2021-10-20,0,Overnight,0.0,False,12.49,12.49,5.2,False,0.0,False
2021-10-20,2021-10-21,0,Overnight,0.0,False,-113.84,-113.84,434.35,False,0.0,False
2021-10-21,2021-10-22,0,Overnight,0.0,False,16.76,16.76,157.11,False,0.0,False
2021-10-22,2021-10-25,2,Weekend,48.0,False,439.27,439.27,752.92,False,0.0,False
2021-10-25,2021-10-26,0,Overnight,0.0,False,-1.66,-1.66,-61.28,False,0.0,False
2021-10-26,2021-10-27,0,Overnight,0.0,False,206.32,206.32,-17.33,False,0.0,False
2021-10-27,2021-10-28,0,Overnight,0.0,False,289.17,289.17,81.39,False,0.0,False
2021-10-28,2021-10-29,0,Overnight,0.0,False,44.65,44.65,292.75,False,0.0,False
2021-10-29,2021-11-01,2,Weekend,48.0,False,274.47,274.47,540.5,False,0.0,False
2021-11-01,2021-11-02,0,Overnight,0.0,False,-415.86,-415.86,108.44,False,0.0,False
2021-11-02,2021-11-03,0,Overnight,0.0,False,45.37,45.37,305.56,False,0.0,False
2021-11-03,2021-11-04,0,Overnight,0.0,False,167.88,167.88,-36.52,False,0.0,False
2021-11-04,2021-11-05,0,Overnight,0.0,False,-15.54,-15.54,-48.24,False,0.0,False
2021-11-05,2021-11-08,2,Weekend,49.0,False,-609.83,-609.83,113.72,False,0.0,False
2021-11-08,2021-11-09,0,Overnight,0.0,False,91.25,91.25,-1368.48,False,0.0,False
2021-11-09,2021-11-10,0,Overnight,0.0,False,-128.72,-128.72,553.85,False,0.0,False
2021-11-10,2021-11-11,0,Overnight,0.0,False,320.84,320.84,-362.5,False,0.0,False
2021-11-11,2021-11-12,0,Overnight,0.0,False,-151.68,-151.68,-135.33,False,0.0,False
2021-11-12,2021-11-15,2,Weekend,48.0,False,-153.97,-153.97,-41.75,False,0.0,False
2021-11-15,2021-11-16,0,Overnight,0.0,False,-99.97,-99.97,499.8,False,0.0,False
2021-11-16,2021-11-17,0,Overnight,0.0,False,82.9,82.9,236.94,False,0.0,False
2021-11-17,2021-11-18,0,Overnight,0.0,False,159.78,159.78,-92.33,False,0.0,False
2021-11-18,2021-11-19,0,Overnight,0.0,False,22.69,22.69,341.64,False,0.0,False
2021-11-19,2021-11-22,2,Weekend,48.0,False,219.81,219.81,-47.09,False,0.0,False
2021-11-22,2021-11-23,0,Overnight,0.0,False,91.55,91.55,-513.88,False,0.0,False
2021-11-23,2021-11-24,0,Overnight,0.0,False,-261.64,-261.64,324.29,False,0.0,False
2021-11-24,2021-11-26,1,Short,24.0,False,-149.23,-149.23,-160.91,False,0.0,False
2021-11-26,2021-11-29,2,Weekend,48.0,True,174.73,174.73,321.75,False,0.0,False
2021-11-29,2021-11-30,0,Overnight,0.0,False,64.7,64.7,3.41,False,0.0,False
2021-11-30,2021-12-01,0,Overnight,0.0,False,138.28,138.28,-582.69,False,0.0,False
2021-12-01,2021-12-02,0,Overnight,0.0,False,37.01,37.01,-132.44,False,0.0,False
2021-12-02,2021-12-03,0,Overnight,0.0,False,1.75,1.75,-665.27,False,0.0,False
2021-12-03,2021-12-06,2,Weekend,48.0,False,-133.5,-133.5,74.61,False,0.0,False
2021-12-06,2021-12-07,0,Overnight,0.0,False,342.81,342.81,72.04,False,0.0,False
2021-12-07,2021-12-08,0,Overnight,0.0,False,9.12,9.12,153.18,False,0.0,False
2021-12-08,2021-12-09,0,Overnight,0.0,False,-78.14,-78.14,-550.8,False,0.0,False
2021-12-09,2021-12-10,0,Overnight,0.0,False,49.19,49.19,81.75,False,0.0,False
2021-12-10,2021-12-13,2,Weekend,48.0,False,-157.97,-157.97,-352.57,False,0.0,False
2021-12-13,2021-12-14,0,Overnight,0.0,False,-224.03,-224.03,141.95,False,0.0,False
2021-12-14,2021-12-15,0,Overnight,0.0,False,-55.45,-55.45,236.17,False,0.0,False
2021-12-15,2021-12-16,0,Overnight,0.0,False,187.88,187.88,-703.73,False,0.0,False
2021-12-16,2021-12-17,0,Overnight,0.0,False,-131.95,-131.95,192.72,False,0.0,False
2021-12-17,2021-12-20,2,Weekend,48.0,False,-237.31,-237.31,-118.85,False,0.0,False
2021-12-20,2021-12-21,0,Overnight,0.0,False,186.38,186.38,233.49,False,0.0,False
2021-12-21,2021-12-22,0,Overnight,0.0,False,284.97,284.97,437.74,False,0.0,False
2021-12-22,2021-12-23,0,Overnight,0.0,False,-20.54,-20.54,580.74,False,0.0,False
2021-12-23,2021-12-27,3,Long,72.0,False,62.32,62.32,187.03,False,0.0,False
2021-12-27,2021-12-28,0,Overnight,0.0,False,141.15,141.15,-191.27,False,0.0,False
2021-12-28,2021-12-29,0,Overnight,0.0,False,93.0,93.0,-113.97,False,0.0,False
2021-12-29,2021-12-30,0,Overnight,0.0,False,-231.53,-231.53,84.53,False,0.0,False
2021-12-30,2021-12-31,0,Overnight,0.0,False,28.92,28.92,-156.42,False,0.0,False
2021-12-31,2022-01-03,2,Weekend,48.0,False,825.77,825.77,443.35,False,0.0,False
2022-01-03,2022-01-04,0,Overnight,0.0,False,-85.63,-85.63,-341.7,False,0.0,False
2022-01-04,2022-01-05,0,Overnight,0.0,False,-25.61,-25.61,-523.93,False,0.0,False
2022-01-05,2022-01-06,0,Overnight,0.0,False,-102.72,-102.72,-114.86,False,0.0,False
2022-01-06,2022-01-07,0,Overnight,0.0,False,146.1,146.1,-507.01,False,0.0,False
2022-01-07,2022-01-10,2,Weekend,48.0,False,-266.03,-266.03,564.94,False,0.0,False
2022-01-10,2022-01-11,0,Overnight,0.0,False,-42.14,-42.14,101.32,False,0.0,False
2022-01-11,2022-01-12,0,Overnight,0.0,False,134.84,134.84,250.53,False,0.0,False
2022-01-12,2022-01-13,0,Overnight,0.0,False,25.73,25.73,-724.5,False,0.0,False
2022-01-13,2022-01-14,0,Overnight,0.0,False,-113.87,-113.87,287.34,False,0.0,False
2022-01-14,2022-01-18,3,Long,72.0,False,-221.57,-221.57,37.92,False,0.0,False
2022-01-18,2022-01-19,0,Overnight,0.0,False,108.1,108.1,-452.23,False,0.0,False
2022-01-19,2022-01-20,0,Overnight,0.0,False,140.42,140.42,-134.2,False,0.0,False
2022-01-20,2022-01-21,0,Overnight,0.0,False,0.7,0.7,-540.68,False,0.0,False
2022-01-21,2022-01-24,2,Weekend,48.0,False,-423.5,-423.5,275.15,False,0.0,False
2022-01-24,2022-01-25,0,Overnight,0.0,False,-171.35,-171.35,45.84,False,0.0,False
2022-01-25,2022-01-26,0,Overnight,0.0,False,363.84,363.84,-158.96,False,0.0,False
2022-01-26,2022-01-27,0,Overnight,0.0,False,-43.3,-43.3,-1184.5,False,0.0,False
2022-01-27,2022-01-28,0,Overnight,0.0,False,29.63,29.63,176.3,False,0.0,False
2022-01-28,2022-01-31,2,Weekend,48.0,False,306.7,306.7,707.81,False,0.0,False
2022-01-31,2022-02-01,0,Overnight,0.0,False,-16.13,-16.13,-42.43,False,0.0,False
2022-02-01,2022-02-02,0,Overnight,0.0,False,-33.02,-33.02,-245.62,False,0.0,False
2022-02-02,2022-02-03,0,Overnight,0.0,False,-264.72,-264.72,103.09,False,0.0,False
2022-02-03,2022-02-04,0,Overnight,0.0,False,68.0,68.0,286.75,False,0.0,False
2022-02-04,2022-02-07,2,Weekend,48.0,False,5.09,5.09,-179.68,False,0.0,False
2022-02-07,2022-02-08,0,Overnight,0.0,False,-19.97,-19.97,180.25,False,0.0,False
2022-02-08,2022-02-09,0,Overnight,0.0,False,140.01,140.01,-32.14,False,0.0,False
2022-02-09,2022-02-10,0,Overnight,0.0,False,-256.81,-256.81,-42.14,False,0.0,False
2022-02-10,2022-02-11,0,Overnight,0.0,False,56.0,56.0,-561.06,False,0.0,False
2022-02-11,2022-02-14,2,Weekend,48.0,False,18.24,18.24,163.36,False,0.0,False
2022-02-14,2022-02-15,0,Overnight,0.0,False,273.03,273.03,246.17,False,0.0,False
2022-02-15,2022-02-16,0,Overnight,0.0,False,-91.26,-91.26,101.66,False,0.0,False
2022-02-16,2022-02-17,0,Overnight,0.0,False,-110.31,-110.31,-412.55,False,0.0,False
2022-02-17,2022-02-18,0,Overnight,0.0,False,109.51,109.51,-333.02,False,0.0,False
2022-02-18,2022-02-22,3,Long,72.0,False,-270.25,-270.25,-152.21,False,0.0,False
2022-02-22,2022-02-23,0,Overnight,0.0,False,107.75,107.75,-833.24,False,0.0,False
2022-02-23,2022-02-24,0,Overnight,0.0,False,-869.83,-869.83,1339.36,False,0.0,False
2022-02-24,2022-02-25,0,Overnight,0.0,False,105.09,105.09,7.91,False,0.0,False
2022-02-25,2022-02-28,2,Weekend,48.0,False,63.27,63.27,657.87,False,0.0,False
2022-02-28,2022-03-01,0,Overnight,0.0,False,-8.62,-8.62,-61.24,False,0.0,False
2022-03-01,2022-03-02,0,Overnight,0.0,False,89.38,89.38,88.58,False,0.0,False
2022-03-02,2022-03-03,0,Overnight,0.0,False,-12.74,-12.74,-459.67,False,0.0,False
2022-03-03,2022-03-04,0,Overnight,0.0,False,116.21,116.21,-128.13,False,0.0,False
2022-03-04,2022-03-07,2,Weekend,48.0,False,212.57,212.57,-623.0,False,0.0,False
2022-03-07,2022-03-08,0,Overnight,0.0,False,-113.12,-113.12,356.47,False,0.0,False
2022-03-08,2022-03-09,0,Overnight,0.0,False,181.27,181.27,229.51,False,0.0,False
2022-03-09,2022-03-10,0,Overnight,0.0,False,-87.93,-87.93,-155.65,False,0.0,False
2022-03-10,2022-03-11,0,Overnight,0.0,False,22.64,22.64,-548.58,False,0.0,False
2022-03-11,2022-03-14,2,Weekend,47.0,False,-187.07,-187.07,-184.11,False,0.0,False
2022-03-14,2022-03-15,0,Overnight,0.0,False,115.46,115.46,337.6,False,0.0,False
2022-03-15,2022-03-16,0,Overnight,0.0,False,88.27,88.27,378.77,False,0.0,False
2022-03-16,2022-03-17,0,Overnight,0.0,False,-110.58,-110.58,477.13,False,0.0,False
2022-03-17,2022-03-18,0,Overnight,0.0,False,33.1,33.1,347.25,False,0.0,False
2022-03-18,2022-03-21,2,Weekend,48.0,False,105.36,105.36,67.32,False,0.0,False
2022-03-21,2022-03-22,0,Overnight,0.0,False,95.51,95.51,665.32,False,0.0,False
2022-03-22,2022-03-23,0,Overnight,0.0,False,-142.26,-142.26,193.74,False,0.0,False
2022-03-23,2022-03-24,0,Overnight,0.0,False,105.73,105.73,41.41,False,0.0,False
2022-03-24,2022-03-25,0,Overnight,0.0,False,-58.56,-58.56,26.16,False,0.0,False
2022-03-25,2022-03-28,2,Weekend,48.0,False,524.85,524.85,247.96,False,0.0,False
2022-03-28,2022-03-29,0,Overnight,0.0,False,146.83,146.83,-76.28,False,0.0,False
2022-03-29,2022-03-30,0,Overnight,0.0,False,-76.69,-76.69,25.81,False,0.0,False
2022-03-30,2022-03-31,0,Overnight,0.0,False,5.3,5.3,-156.25,False,0.0,False
2022-03-31,2022-04-01,0,Overnight,0.0,False,32.89,32.89,31.77,False,0.0,False
2022-04-01,2022-04-04,2,Weekend,48.0,False,44.07,44.07,501.89,False,0.0,False
2022-04-04,2022-04-05,0,Overnight,0.0,False,-80.2,-80.2,-404.44,False,0.0,False
2022-04-05,2022-04-06,0,Overnight,0.0,False,-164.37,-164.37,-261.52,False,0.0,False
2022-04-06,2022-04-07,0,Overnight,0.0,False,63.2,63.2,46.17,False,0.0,False
2022-04-07,2022-04-08,0,Overnight,0.0,False,-133.78,-133.78,-171.32,False,0.0,False
2022-04-08,2022-04-11,2,Weekend,48.0,False,-449.65,-449.65,-45.7,False,0.0,False
2022-04-11,2022-04-12,0,Overnight,0.0,False,220.02,220.02,-107.73,False,0.0,False
2022-04-12,2022-04-13,0,Overnight,0.0,False,-59.65,-59.65,412.25,False,0.0,False
2022-04-13,2022-04-14,0,Overnight,0.0,False,-228.34,-228.34,-144.03,False,0.0,False
2022-04-14,2022-04-18,3,Long,72.0,False,40.83,40.83,153.11,False,0.0,False
2022-04-18,2022-04-19,0,Overnight,0.0,False,7.66,7.66,227.14,False,0.0,False
2022-04-19,2022-04-20,0,Overnight,0.0,False,17.98,17.98,-526.23,False,0.0,False
2022-04-20,2022-04-21,0,Overnight,0.0,False,951.33,951.33,-633.28,False,0.0,False
2022-04-21,2022-04-22,0,Overnight,0.0,False,60.58,60.58,-97.63,False,0.0,False
2022-04-22,2022-04-25,2,Weekend,48.0,False,-262.92,-262.92,192.72,False,0.0,False
2022-04-25,2022-04-26,0,Overnight,0.0,False,-25.99,-25.99,-1273.29,False,0.0,False
2022-04-26,2022-04-27,0,Overnight,0.0,False,249.7,249.7,-191.79,False,0.0,False
2022-04-27,2022-04-28,0,Overnight,0.0,False,207.36,207.36,-252.84,False,0.0,False
2022-04-28,2022-04-29,0,Overnight,0.0,False,278.03,278.03,-355.25,False,0.0,False
2022-04-29,2022-05-02,2,Weekend,48.0,False,-115.39,-115.39,478.29,False,0.0,False
2022-05-02,2022-05-03,0,Overnight,0.0,False,2.66,2.66,66.98,False,0.0,False
2022-05-03,2022-05-04,0,Overnight,0.0,False,-58.57,-58.57,524.53,False,0.0,False
2022-05-04,2022-05-05,0,Overnight,0.0,False,-143.79,-143.79,-725.81,False,0.0,False
2022-05-05,2022-05-06,0,Overnight,0.0,False,155.89,155.89,-243.64,False,0.0,False
2022-05-06,2022-05-09,2,Weekend,48.0,False,-343.14,-343.14,-607.99,False,0.0,False
2022-05-09,2022-05-10,0,Overnight,0.0,False,400.95,400.95,-238.01,False,0.0,False
2022-05-10,2022-05-11,0,Overnight,0.0,False,-63.2,-63.2,-798.33,False,0.0,False
2022-05-11,2022-05-12,0,Overnight,0.0,False,-460.01,-460.01,377.93,False,0.0,False
2022-05-12,2022-05-13,0,Overnight,0.0,False,605.99,605.99,-50.42,False,0.0,False
2022-05-13,2022-05-16,2,Weekend,48.0,False,-31.63,-31.63,-573.93,False,0.0,False
2022-05-16,2022-05-17,0,Overnight,0.0,False,312.45,312.45,188.88,False,0.0,False
2022-05-17,2022-05-18,0,Overnight,0.0,False,-226.95,-226.95,-477.42,False,0.0,False
2022-05-18,2022-05-19,0,Overnight,0.0,False,-39.67,-39.67,34.17,False,0.0,False
2022-05-19,2022-05-20,0,Overnight,0.0,False,64.21,64.21,-727.37,False,0.0,False
2022-05-20,2022-05-23,2,Weekend,48.0,False,-134.66,-134.66,298.99,False,0.0,False
2022-05-23,2022-05-24,0,Overnight,0.0,False,-321.76,-321.76,-395.94,False,0.0,False
2022-05-24,2022-05-25,0,Overnight,0.0,False,-68.85,-68.85,545.1,False,0.0,False
2022-05-25,2022-05-26,0,Overnight,0.0,False,39.69,39.69,676.74,False,0.0,False
2022-05-26,2022-05-27,0,Overnight,0.0,False,216.92,216.92,490.77,False,0.0,False
2022-05-27,2022-05-31,3,Long,72.0,False,185.34,185.34,-203.39,False,0.0,False
2022-05-31,2022-06-01,0,Overnight,0.0,False,-40.97,-40.97,-197.8,False,0.0,False
2022-06-01,2022-06-02,0,Overnight,0.0,False,-107.28,-107.28,564.41,False,0.0,False
2022-06-02,2022-06-03,0,Overnight,0.0,False,-602.57,-602.57,-364.67,False,0.0,False
2022-06-03,2022-06-06,2,Weekend,48.0,False,410.89,410.89,-251.69,False,0.0,False
2022-06-06,2022-06-07,0,Overnight,0.0,False,-181.25,-181.25,206.68,False,0.0,False
2022-06-07,2022-06-08,0,Overnight,0.0,False,50.11,50.11,73.87,False,0.0,False
2022-06-08,2022-06-09,0,Overnight,0.0,False,304.31,304.31,-394.01,False,0.0,False
2022-06-09,2022-06-10,0,Overnight,0.0,False,-191.64,-191.64,-125.24,False,0.0,False
2022-06-10,2022-06-13,2,Weekend,48.0,False,-398.09,-398.09,-338.6,False,0.0,False
2022-06-13,2022-06-14,0,Overnight,0.0,False,117.51,117.51,118.56,False,0.0,False
2022-06-14,2022-06-15,0,Overnight,0.0,False,1.21,1.21,532.53,False,0.0,False
2022-06-15,2022-06-16,0,Overnight,0.0,False,-450.48,-450.48,-442.29,False,0.0,False
2022-06-16,2022-06-17,0,Overnight,0.0,False,15.63,15.63,154.66,False,0.0,False
2022-06-17,2022-06-21,3,Long,72.0,False,355.45,355.45,538.79,False,0.0,False
2022-06-21,2022-06-22,0,Overnight,0.0,False,-107.45,-107.45,67.29,False,0.0,False
2022-06-22,2022-06-23,0,Overnight,0.0,False,76.79,76.79,-119.95,False,0.0,False
2022-06-23,2022-06-24,0,Overnight,0.0,False,101.58,101.58,340.97,False,0.0,False
2022-06-24,2022-06-27,2,Weekend,48.0,False,147.86,147.86,-179.93,False,0.0,False
2022-06-27,2022-06-28,0,Overnight,0.0,False,-17.84,-17.84,-495.55,False,0.0,False
2022-06-28,2022-06-29,0,Overnight,0.0,False,-93.42,-93.42,-87.58,False,0.0,False
2022-06-29,2022-06-30,0,Overnight,0.0,False,-175.72,-175.72,-1.63,False,0.0,False
2022-06-30,2022-07-01,0,Overnight,0.0,False,111.93,111.93,11.59,False,0.0,False
2022-07-01,2022-07-05,3,Long,72.0,False,-189.38,-189.38,441.53,False,0.0,False
2022-07-05,2022-07-06,0,Overnight,0.0,False,-98.6,-98.6,41.22,False,0.0,False
2022-07-06,2022-07-07,0,Overnight,0.0,False,93.92,93.92,444.13,False,0.0,False
2022-07-07,2022-07-08,0,Overnight,0.0,False,-90.78,-90.78,341.95,False,0.0,False
2022-07-08,2022-07-11,2,Weekend,48.0,False,53.29,53.29,-730.52,False,0.0,False
2022-07-11,2022-07-12,0,Overnight,0.0,False,106.26,106.26,-160.74,False,0.0,False
2022-07-12,2022-07-13,0,Overnight,0.0,False,-330.19,-330.19,499.09,False,0.0,False
2022-07-13,2022-07-14,0,Overnight,0.0,False,-90.83,-90.83,144.41,False,0.0,False
2022-07-14,2022-07-15,0,Overnight,0.0,False,70.53,70.53,2.78,False,0.0,False
2022-07-15,2022-07-18,2,Weekend,48.0,False,200.83,200.83,-180.86,False,0.0,False
2022-07-18,2022-07-19,0,Overnight,0.0,False,183.44,183.44,21.61,False,0.0,False
2022-07-19,2022-07-20,0,Overnight,0.0,False,50.92,50.92,29.0,False,0.0,False
2022-07-20,2022-07-21,0,Overnight,0.0,False,302.71,302.71,630.41,False,0.0,False
2022-07-21,2022-07-22,0,Overnight,0.0,False,164.75,164.75,-145.01,False,0.0,False
2022-07-22,2022-07-25,2,Weekend,48.0,False,-0.98,-0.98,-139.96,False,0.0,False
2022-07-25,2022-07-26,0,Overnight,0.0,False,-71.78,-71.78,-291.37,False,0.0,False
2022-07-26,2022-07-27,0,Overnight,0.0,False,189.42,189.42,408.87,False,0.0,False
2022-07-27,2022-07-28,0,Overnight,0.0,False,189.11,189.11,29.71,False,0.0,False
2022-07-28,2022-07-29,0,Overnight,0.0,False,-7.12,-7.12,569.51,False,0.0,False
2022-07-29,2022-08-01,2,Weekend,48.0,False,137.92,137.92,-133.66,False,0.0,False
2022-08-01,2022-08-02,0,Overnight,0.0,False,-110.72,-110.72,221.45,False,0.0,False
2022-08-02,2022-08-03,0,Overnight,0.0,False,145.76,145.76,78.27,False,0.0,False
2022-08-03,2022-08-04,0,Overnight,0.0,False,116.54,116.54,-76.39,False,0.0,False
2022-08-04,2022-08-05,0,Overnight,0.0,False,-195.11,-195.11,-490.93,False,0.0,False
2022-08-05,2022-08-08,2,Weekend,48.0,False,234.25,234.25,-156.36,False,0.0,False
2022-08-08,2022-08-09,0,Overnight,0.0,False,-4.48,-4.48,-242.68,False,0.0,False
2022-08-09,2022-08-10,0,Overnight,0.0,False,473.33,473.33,-91.64,False,0.0,False
2022-08-10,2022-08-11,0,Overnight,0.0,False,73.0,73.0,-339.0,False,0.0,False
2022-08-11,2022-08-12,0,Overnight,0.0,False,96.75,96.75,360.15,False,0.0,False
2022-08-12,2022-08-15,2,Weekend,48.0,False,58.38,58.38,246.56,False,0.0,False
2022-08-15,2022-08-16,0,Overnight,0.0,False,75.58,75.58,-165.1,False,0.0,False
2022-08-16,2022-08-17,0,Overnight,0.0,False,-103.83,-103.83,19.76,False,0.0,False
2022-08-17,2022-08-18,0,Overnight,0.0,False,65.68,65.68,-102.81,False,0.0,False
2022-08-18,2022-08-19,0,Overnight,0.0,False,-128.6,-128.6,-78.34,False,0.0,False
2022-08-19,2022-08-22,2,Weekend,48.0,False,-161.52,-161.52,-68.75,False,0.0,False
2022-08-22,2022-08-23,0,Overnight,0.0,False,52.98,52.98,170.1,False,0.0,False
2022-08-23,2022-08-24,0,Overnight,0.0,False,37.37,37.37,-15.69,False,0.0,False
2022-08-24,2022-08-25,0,Overnight,0.0,False,175.61,175.61,-210.22,False,0.0,True
2022-08-25,2022-08-26,0,Overnight,0.0,False,45.83,45.83,-319.06,False,0.0,False
2022-08-26,2022-08-29,2,Weekend,48.0,False,-184.27,-184.27,70.11,False,0.0,False
2022-08-29,2022-08-30,0,Overnight,0.0,False,106.52,106.52,-359.68,False,0.0,False
2022-08-30,2022-08-31,0,Overnight,0.0,False,104.6,104.6,-180.15,False,0.0,False
2022-08-31,2022-09-01,0,Overnight,0.0,False,-110.55,-110.55,166.63,False,0.0,False
2022-09-01,2022-09-02,0,Overnight,0.0,False,140.09,140.09,-394.04,False,0.0,False
2022-09-02,2022-09-06,3,Long,72.0,False,91.0,91.0,63.61,False,0.0,False
2022-09-06,2022-09-07,0,Overnight,0.0,False,-48.22,-48.22,380.79,False,0.0,False
2022-09-07,2022-09-08,0,Overnight,0.0,False,-84.96,-84.96,279.04,False,0.0,False
2022-09-08,2022-09-09,0,Overnight,0.0,False,82.97,82.97,270.92,False,0.0,False
2022-09-09,2022-09-12,2,Weekend,48.0,False,34.64,34.64,122.29,False,0.0,False
2022-09-12,2022-09-13,0,Overnight,0.0,False,-385.77,-385.77,-26.32,False,0.0,False
2022-09-13,2022-09-14,0,Overnight,0.0,False,3.76,3.76,348.69,False,0.0,False
2022-09-14,2022-09-15,0,Overnight,0.0,False,-25.81,-25.81,63.41,False,0.0,False
2022-09-15,2022-09-16,0,Overnight,0.0,False,-137.23,-137.23,124.06,False,0.0,False
2022-09-16,2022-09-19,2,Weekend,48.0,False,-108.05,-108.05,294.85,False,0.0,False
2022-09-19,2022-09-20,0,Overnight,0.0,False,-70.13,-70.13,59.13,False,0.0,False
2022-09-20,2022-09-21,0,Overnight,0.0,False,-14.26,-14.26,-245.95,False,0.0,False
2022-09-21,2022-09-22,0,Overnight,0.0,False,-31.3,-31.3,-383.09,False,0.0,False
2022-09-22,2022-09-23,0,Overnight,0.0,False,-192.42,-192.42,-277.95,False,0.0,False
2022-09-23,2022-09-26,2,Weekend,48.0,False,-127.94,-127.94,152.6,False,0.0,False
2022-09-26,2022-09-27,0,Overnight,0.0,False,279.74,279.74,-31.76,False,0.0,False
2022-09-27,2022-09-28,0,Overnight,0.0,False,4.95,4.95,165.71,False,0.0,False
2022-09-28,2022-09-29,0,Overnight,0.0,False,-177.02,-177.02,-528.28,False,0.0,False
2022-09-29,2022-09-30,0,Overnight,0.0,False,-77.1,-77.1,-33.87,False,0.0,False
2022-09-30,2022-10-03,2,Weekend,48.0,False,-413.72,-413.72,-487.12,False,0.0,False
2022-10-03,2022-10-04,0,Overnight,0.0,False,329.5,329.5,-43.2,False,0.0,False
2022-10-04,2022-10-05,0,Overnight,0.0,False,-179.19,-179.19,-172.91,False,0.0,False
2022-10-05,2022-10-06,0,Overnight,0.0,False,-57.05,-57.05,-54.86,False,0.0,False
2022-10-06,2022-10-07,0,Overnight,0.0,False,-177.52,-177.52,-475.79,False,0.0,False
2022-10-07,2022-10-10,2,Weekend,48.0,False,38.48,38.48,-43.41,False,0.0,False
2022-10-10,2022-10-11,0,Overnight,0.0,False,-90.56,-90.56,-203.46,False,0.0,False
2022-10-11,2022-10-12,0,Overnight,0.0,False,-54.19,-54.19,88.31,False,0.0,False
2022-10-12,2022-10-13,0,Overnight,0.0,False,-420.23,-420.23,624.36,False,0.0,False
2022-10-13,2022-10-14,0,Overnight,0.0,False,102.75,102.75,-887.29,False,0.0,False
2022-10-14,2022-10-17,2,Weekend,48.0,False,243.37,243.37,433.71,False,0.0,False
2022-10-17,2022-10-18,0,Overnight,0.0,False,452.34,452.34,-414.12,False,0.0,False
2022-10-18,2022-10-19,0,Overnight,0.0,False,-17.73,-17.73,101.39,False,0.0,False
2022-10-19,2022-10-20,0,Overnight,0.0,False,-639.74,-639.74,-48.13,False,0.0,False
2022-10-20,2022-10-21,0,Overnight,0.0,False,-41.58,-41.58,381.17,False,0.0,False
2022-10-21,2022-10-24,2,Weekend,48.0,False,-410.28,-410.28,260.4,False,0.0,False
2022-10-24,2022-10-25,0,Overnight,0.0,False,-54.59,-54.59,569.84,False,0.0,False
2022-10-25,2022-10-26,0,Overnight,0.0,False,-136.71,-136.71,236.03,False,0.0,False
2022-10-26,2022-10-27,0,Overnight,0.0,False,225.8,225.8,-205.79,False,0.0,False
2022-10-27,2022-10-28,0,Overnight,0.0,False,13.76,13.76,137.47,False,0.0,False
2022-10-28,2022-10-31,2,Weekend,48.0,False,-102.48,-102.48,59.51,False,0.0,False
2022-10-31,2022-11-01,0,Overnight,0.0,False,282.09,282.09,-269.79,False,0.0,False
2022-11-01,2022-11-02,0,Overnight,0.0,False,-78.44,-78.44,-501.67,False,0.0,False
2022-11-02,2022-11-03,0,Overnight,0.0,False,-169.82,-169.82,185.16,False,0.0,False
2022-11-03,2022-11-04,0,Overnight,0.0,False,332.98,332.98,-703.9,False,0.0,False
2022-11-04,2022-11-07,2,Weekend,49.0,False,56.71,56.71,-570.48,False,0.0,False
2022-11-07,2022-11-08,0,Overnight,0.0,False,-156.48,-156.48,-141.18,False,0.0,False
2022-11-08,2022-11-09,0,Overnight,0.0,False,-27.22,-27.22,-716.43,False,0.0,False
2022-11-09,2022-11-10,0,Overnight,0.0,False,670.2,670.2,43.09,False,0.0,False
2022-11-10,2022-11-11,0,Overnight,0.0,False,-250.6,-250.6,522.15,False,0.0,False
2022-11-11,2022-11-14,2,Weekend,48.0,False,-164.64,-164.64,-94.86,False,0.0,False
2022-11-14,2022-11-15,0,Overnight,0.0,False,254.91,254.91,-74.81,False,0.0,False
2022-11-15,2022-11-16,0,Overnight,0.0,False,-150.81,-150.81,-242.59,False,0.0,False
2022-11-16,2022-11-17,0,Overnight,0.0,False,-159.62,-159.62,-43.04,False,0.0,False
2022-11-17,2022-11-18,0,Overnight,0.0,False,102.11,102.11,-266.14,False,0.0,False
2022-11-18,2022-11-21,2,Weekend,48.0,False,-243.8,-243.8,-464.42,False,0.0,False
2022-11-21,2022-11-22,0,Overnight,0.0,False,45.17,45.17,75.62,False,0.0,False
2022-11-22,2022-11-23,0,Overnight,0.0,False,213.12,213.12,539.97,False,0.0,False
2022-11-23,2022-11-25,1,Short,24.0,False,101.02,101.02,-119.59,False,0.0,False
2022-11-25,2022-11-28,2,Weekend,48.0,True,-159.86,-159.86,163.14,False,0.0,False
2022-11-28,2022-11-29,0,Overnight,0.0,False,112.53,112.53,-227.44,False,0.0,False
2022-11-29,2022-11-30,0,Overnight,0.0,False,88.09,88.09,650.93,False,0.0,False
2022-11-30,2022-12-01,0,Overnight,0.0,False,121.5,121.5,-121.5,False,0.0,False
2022-12-01,2022-12-02,0,Overnight,0.0,False,-151.11,-151.11,159.32,False,0.0,False
2022-12-02,2022-12-05,2,Weekend,48.0,False,-282.09,-282.09,-375.96,False,0.0,False
2022-12-05,2022-12-06,0,Overnight,0.0,False,-67.64,-67.64,-77.55,False,0.0,False
2022-12-06,2022-12-07,0,Overnight,0.0,False,-269.99,-269.99,-56.72,False,0.0,False
2022-12-07,2022-12-08,0,Overnight,0.0,False,-106.29,-106.29,71.75,False,0.0,False
2022-12-08,2022-12-09,0,Overnight,0.0,False,23.04,23.04,295.3,False,0.0,False
2022-12-09,2022-12-12,2,Weekend,48.0,False,-166.13,-166.13,-481.6,False,0.0,False
2022-12-12,2022-12-13,0,Overnight,0.0,False,411.51,411.51,-829.49,False,0.0,False
2022-12-13,2022-12-14,0,Overnight,0.0,False,-106.18,-106.18,-155.04,False,0.0,False
2022-12-14,2022-12-15,0,Overnight,0.0,False,-216.62,-216.62,271.95,False,0.0,False
2022-12-15,2022-12-16,0,Overnight,0.0,False,124.17,124.17,-607.54,False,0.0,False
2022-12-16,2022-12-19,2,Weekend,48.0,False,247.85,247.85,-271.84,False,0.0,False
2022-12-19,2022-12-20,0,Overnight,0.0,False,-258.19,-258.19,-581.46,False,0.0,False
2022-12-20,2022-12-21,0,Overnight,0.0,False,111.14,111.14,-127.84,False,0.0,False
2022-12-21,2022-12-22,0,Overnight,0.0,False,-114.78,-114.78,-815.45,False,0.0,False
2022-12-22,2022-12-23,0,Overnight,0.0,False,81.04,81.04,-258.11,False,0.0,False
2022-12-23,2022-12-27,3,Long,72.0,False,-469.65,-469.65,-741.73,False,0.0,False
2022-12-27,2022-12-28,0,Overnight,0.0,False,113.92,113.92,211.61,False,0.0,False
2022-12-28,2022-12-29,0,Overnight,0.0,False,659.18,659.18,118.08,False,0.0,False
2022-12-29,2022-12-30,0,Overnight,0.0,False,-154.7,-154.7,265.72,False,0.0,False
2022-12-30,2023-01-03,3,Long,72.0,False,-389.87,-389.87,-916.03,False,0.0,False
2023-01-03,2023-01-04,0,Overnight,0.0,False,93.0,93.0,406.79,False,0.0,False
2023-01-04,2023-01-05,0,Overnight,0.0,False,-279.3,-279.3,-15.4,False,0.0,False
2023-01-05,2023-01-06,0,Overnight,0.0,False,-688.37,-688.37,931.9,False,0.0,False
2023-01-06,2023-01-09,2,Weekend,48.0,False,508.69,508.69,67.86,False,0.0,False
2023-01-09,2023-01-10,0,Overnight,0.0,False,107.96,107.96,-185.07,False,0.0,False
2023-01-10,2023-01-11,0,Overnight,0.0,False,268.96,268.96,92.13,False,0.0,False
2023-01-11,2023-01-12,0,Overnight,0.0,False,-53.71,-53.71,81.26,False,0.0,False
2023-01-12,2023-01-13,0,Overnight,0.0,False,-584.06,-584.06,489.74,False,0.0,False
2023-01-13,2023-01-17,3,Long,72.0,False,266.04,266.04,450.33,False,0.0,False
2023-01-17,2023-01-18,0,Overnight,0.0,False,378.33,378.33,-586.59,False,0.0,False
2023-01-18,2023-01-19,0,Overnight,0.0,False,-118.73,-118.73,-7.07,False,0.0,False
2023-01-19,2023-01-20,0,Overnight,0.0,False,118.04,118.04,361.73,False,0.0,False
2023-01-20,2023-01-23,2,Weekend,48.0,False,181.96,181.96,563.77,False,0.0,False
2023-01-23,2023-01-24,0,Overnight,0.0,False,-52.31,-52.31,62.04,False,0.0,False
2023-01-24,2023-01-25,0,Overnight,0.0,False,-138.56,-138.56,176.02,False,0.0,False
2023-01-25,2023-01-26,0,Overnight,0.0,False,1021.91,1021.91,18.74,False,0.0,False
2023-01-26,2023-01-27,0,Overnight,0.0,False,133.87,133.87,909.74,False,0.0,False
2023-01-27,2023-01-30,2,Weekend,48.0,False,8.43,8.43,-661.09,False,0.0,False
2023-01-30,2023-01-31,0,Overnight,0.0,False,-126.2,-126.2,512.26,False,0.0,False
2023-01-31,2023-02-01,0,Overnight,0.0,False,38.6,38.6,423.37,False,0.0,False
2023-02-01,2023-02-02,0,Overnight,0.0,False,321.12,321.12,50.05,False,0.0,False
2023-02-02,2023-02-03,0,Overnight,0.0,False,-232.13,-232.13,322.55,False,0.0,False
2023-02-03,2023-02-06,2,Weekend,48.0,False,158.23,158.23,90.26,False,0.0,False
2023-02-06,2023-02-07,0,Overnight,0.0,False,85.38,85.38,19.33,False,0.0,False
2023-02-07,2023-02-08,0,Overnight,0.0,False,-36.14,-36.14,261.22,False,0.0,False
2023-02-08,2023-02-09,0,Overnight,0.0,False,317.33,317.33,-22.16,False,0.0,False
2023-02-09,2023-02-10,0,Overnight,0.0,False,-248.58,-248.58,-267.6,False,0.0,False
2023-02-10,2023-02-13,2,Weekend,48.0,False,-126.24,-126.24,11.31,False,0.0,False
2023-02-13,2023-02-14,0,Overnight,0.0,False,-139.69,-139.69,863.47,False,0.0,False
2023-02-14,2023-02-15,0,Overnight,0.0,False,119.24,119.24,116.43,False,0.0,False
2023-02-15,2023-02-16,0,Overnight,0.0,False,-162.82,-162.82,-423.49,False,0.0,False
2023-02-16,2023-02-17,0,Overnight,0.0,False,-101.98,-101.98,407.6,False,0.0,False
2023-02-17,2023-02-21,3,Long,72.0,False,-160.66,-160.66,-378.81,False,0.0,False
2023-02-21,2023-02-22,0,Overnight,0.0,False,28.33,28.33,146.95,False,0.0,False
2023-02-22,2023-02-23,0,Overnight,0.0,False,150.71,150.71,-90.65,False,0.0,False
2023-02-23,2023-02-24,0,Overnight,0.0,False,-288.17,-288.17,27.98,False,0.0,False
2023-02-24,2023-02-27,2,Weekend,48.0,False,258.22,258.22,273.41,False,0.0,False
2023-02-27,2023-02-28,0,Overnight,0.0,False,141.55,141.55,-234.46,False,0.0,False
2023-02-28,2023-03-01,0,Overnight,0.0,False,24.28,24.28,-168.23,False,0.0,False
2023-03-01,2023-03-02,0,Overnight,0.0,False,-823.55,-823.55,220.32,False,0.0,False
2023-03-02,2023-03-03,0,Overnight,0.0,False,202.24,202.24,152.32,False,0.0,False
2023-03-03,2023-03-06,2,Weekend,48.0,False,37.85,37.85,-241.12,False,0.0,False
2023-03-06,2023-03-07,0,Overnight,0.0,False,-126.17,-126.17,-193.63,False,0.0,False
2023-03-07,2023-03-08,0,Overnight,0.0,False,-143.26,-143.26,-165.65,False,0.0,False
2023-03-08,2023-03-09,0,Overnight,0.0,False,-96.62,-96.62,-415.16,False,0.0,False
2023-03-09,2023-03-10,0,Overnight,0.0,False,127.0,127.0,-96.97,False,0.0,False
2023-03-10,2023-03-13,2,Weekend,47.0,False,-350.87,-350.87,410.66,False,0.0,False
2023-03-13,2023-03-14,0,Overnight,0.0,False,160.9,160.9,330.06,False,0.0,False
2023-03-14,2023-03-15,0,Overnight,0.0,False,-135.14,-135.14,-19.38,False,0.0,False
2023-03-15,2023-03-16,0,Overnight,0.0,False,-4.43,-4.43,206.32,False,0.0,False
2023-03-16,2023-03-17,0,Overnight,0.0,False,21.16,21.16,-240.79,False,0.0,False
2023-03-17,2023-03-20,2,Weekend,48.0,False,-114.46,-114.46,286.18,False,0.0,False
2023-03-20,2023-03-21,0,Overnight,0.0,False,270.79,270.79,482.13,False,0.0,False
2023-03-21,2023-03-22,0,Overnight,0.0,False,86.68,86.68,-417.53,False,0.0,False
2023-03-22,2023-03-23,0,Overnight,0.0,False,212.74,212.74,-156.91,False,0.0,False
2023-03-23,2023-03-24,0,Overnight,0.0,False,-29.7,-29.7,-64.91,False,0.0,False
2023-03-24,2023-03-27,2,Weekend,48.0,False,208.41,208.41,-135.15,False,0.0,False
2023-03-27,2023-03-28,0,Overnight,0.0,False,9.9,9.9,-147.44,False,0.0,False
2023-03-28,2023-03-29,0,Overnight,0.0,False,206.12,206.12,38.76,False,0.0,False
2023-03-29,2023-03-30,0,Overnight,0.0,False,87.3,87.3,-15.35,False,0.0,False
2023-03-30,2023-03-31,0,Overnight,0.0,False,114.56,114.56,490.48,False,0.0,False
2023-03-31,2023-04-03,2,Weekend,48.0,False,-370.71,-370.71,-260.48,False,0.0,False
2023-04-03,2023-04-04,0,Overnight,0.0,False,130.07,130.07,-243.15,False,0.0,False
2023-04-04,2023-04-05,0,Overnight,0.0,False,-107.54,-107.54,-265.94,False,0.0,False
2023-04-05,2023-04-06,0,Overnight,0.0,False,-132.39,-132.39,107.57,False,0.0,False
2023-04-06,2023-04-10,3,Long,72.0,False,-280.57,-280.57,250.8,False,0.0,False
2023-04-10,2023-04-11,0,Overnight,0.0,False,117.46,117.46,5.35,False,0.0,False
2023-04-11,2023-04-12,0,Overnight,0.0,False,209.26,209.26,-549.59,False,0.0,False
2023-04-12,2023-04-13,0,Overnight,0.0,False,133.15,133.15,159.41,False,0.0,False
2023-04-13,2023-04-14,0,Overnight,0.0,False,-105.45,-105.45,56.92,False,0.0,False
2023-04-14,2023-04-17,2,Weekend,48.0,False,71.1,71.1,38.57,False,0.0,False
2023-04-17,2023-04-18,0,Overnight,0.0,False,5.88,5.88,-152.91,False,0.0,False
2023-04-18,2023-04-19,0,Overnight,0.0,False,-286.75,-286.75,82.85,False,0.0,False
2023-04-19,2023-04-20,0,Overnight,0.0,False,-832.18,-832.18,-193.22,False,0.0,False
2023-04-20,2023-04-21,0,Overnight,0.0,False,110.44,110.44,16.98,False,0.0,False
2023-04-21,2023-04-24,2,Weekend,48.0,False,-26.08,-26.08,-128.36,False,0.0,False
2023-04-24,2023-04-25,0,Overnight,0.0,False,-169.37,-169.37,53.04,False,0.0,False
2023-04-25,2023-04-26,0,Overnight,0.0,False,-23.68,-23.68,-416.57,False,0.0,False
2023-04-26,2023-04-27,0,Overnight,0.0,False,-72.46,-72.46,482.78,False,0.0,False
2023-04-27,2023-04-28,0,Overnight,0.0,False,44.22,44.22,209.72,False,0.0,False
2023-04-28,2023-05-01,2,Weekend,48.0,False,-69.62,-69.62,-82.46,False,0.0,False
2023-05-01,2023-05-02,0,Overnight,0.0,False,3.09,3.09,-97.46,False,0.0,False
2023-05-02,2023-05-03,0,Overnight,0.0,False,-18.73,-18.73,37.43,False,0.0,False
2023-05-03,2023-05-04,0,Overnight,0.0,False,129.9,129.9,-93.24,False,0.0,False
2023-05-04,2023-05-05,0,Overnight,0.0,False,170.38,170.38,364.68,False,0.0,False
2023-05-05,2023-05-08,2,Weekend,48.0,False,212.94,212.94,-111.72,False,0.0,False
2023-05-08,2023-05-09,0,Overnight,0.0,False,-166.7,-166.7,11.83,False,0.0,False
2023-05-09,2023-05-10,0,Overnight,0.0,False,199.01,199.01,-235.14,False,0.0,False
2023-05-10,2023-05-11,0,Overnight,0.0,False,9.49,9.49,198.38,False,0.0,False
2023-05-11,2023-05-12,0,Overnight,0.0,False,229.22,229.22,-470.37,False,0.0,False
2023-05-12,2023-05-15,2,Weekend,48.0,False,-19.07,-19.07,-78.44,False,0.0,False
2023-05-15,2023-05-16,0,Overnight,0.0,False,-42.17,-42.17,52.38,False,0.0,False
2023-05-16,2023-05-17,0,Overnight,0.0,False,112.86,112.86,318.49,False,0.0,False
2023-05-17,2023-05-18,0,Overnight,0.0,False,20.68,20.68,152.09,False,0.0,False
2023-05-18,2023-05-19,0,Overnight,0.0,False,15.82,15.82,166.25,False,0.0,False
2023-05-19,2023-05-22,2,Weekend,48.0,False,31.04,31.04,442.21,False,0.0,False
2023-05-22,2023-05-23,0,Overnight,0.0,False,-142.38,-142.38,-23.12,False,0.0,False
2023-05-23,2023-05-24,0,Overnight,0.0,False,-192.4,-192.4,36.7,False,0.0,False
2023-05-24,2023-05-25,0,Overnight,0.0,False,197.06,197.06,-111.59,False,0.0,False
2023-05-25,2023-05-26,0,Overnight,0.0,False,8.13,8.13,452.71,False,0.0,False
2023-05-26,2023-05-30,3,Long,72.0,False,352.47,352.47,52.83,False,0.0,False
2023-05-30,2023-05-31,0,Overnight,0.0,False,-68.84,-68.84,205.6,False,0.0,False
2023-05-31,2023-06-01,0,Overnight,0.0,False,-65.93,-65.93,240.44,False,0.0,False
2023-06-01,2023-06-02,0,Overnight,0.0,False,125.94,125.94,180.14,False,0.0,False
2023-06-02,2023-06-05,2,Weekend,48.0,False,177.41,177.41,-8.73,False,0.0,False
2023-06-05,2023-06-06,0,Overnight,0.0,False,-67.78,-67.78,236.38,False,0.0,False
2023-06-06,2023-06-07,0,Overnight,0.0,False,297.81,297.81,-151.58,False,0.0,False
2023-06-07,2023-06-08,0,Overnight,0.0,False,-15.6,-15.6,463.62,False,0.0,False
2023-06-08,2023-06-09,0,Overnight,0.0,False,587.44,587.44,-189.28,False,0.0,False
2023-06-09,2023-06-12,2,Weekend,48.0,False,143.81,143.81,75.94,False,0.0,False
2023-06-12,2023-06-13,0,Overnight,0.0,False,146.23,146.23,203.04,False,0.0,False
2023-06-13,2023-06-14,0,Overnight,0.0,False,56.28,56.28,-130.77,False,0.0,False
2023-06-14,2023-06-15,0,Overnight,0.0,False,-332.18,-332.18,297.46,False,0.0,False
2023-06-15,2023-06-16,0,Overnight,0.0,False,117.32,117.32,62.37,False,0.0,False
2023-06-16,2023-06-20,3,Long,72.0,False,36.78,36.78,483.35,False,0.0,False
2023-06-20,2023-06-21,0,Overnight,0.0,False,24.75,24.75,-586.41,False,0.0,False
2023-06-21,2023-06-22,0,Overnight,0.0,False,-340.66,-340.66,537.21,False,0.0,False
2023-06-22,2023-06-23,0,Overnight,0.0,False,-203.1,-203.1,-104.29,False,0.0,False
2023-06-23,2023-06-26,2,Weekend,48.0,False,-257.78,-257.78,-367.37,False,0.0,False
2023-06-26,2023-06-27,0,Overnight,0.0,False,90.44,90.44,282.52,False,0.0,False
2023-06-27,2023-06-28,0,Overnight,0.0,False,-20.4,-20.4,258.54,False,0.0,False
2023-06-28,2023-06-29,0,Overnight,0.0,False,69.61,69.61,-20.56,False,0.0,False
2023-06-29,2023-06-30,0,Overnight,0.0,False,119.67,119.67,44.8,False,0.0,False
2023-06-30,2023-07-03,2,Weekend,48.0,False,547.08,547.08,119.72,False,0.0,False
2023-07-03,2023-07-05,1,Short,24.0,True,-35.8,-35.8,130.41,False,0.0,False
2023-07-05,2023-07-06,0,Overnight,0.0,False,-156.63,-156.63,-55.89,False,0.0,False
2023-07-06,2023-07-07,0,Overnight,0.0,False,68.11,68.11,-144.7,False,0.0,False
2023-07-07,2023-07-10,2,Weekend,48.0,False,74.06,74.06,-251.26,False,0.0,False
2023-07-10,2023-07-11,0,Overnight,0.0,False,-35.67,-35.67,42.35,False,0.0,False
2023-07-11,2023-07-12,0,Overnight,0.0,False,239.52,239.52,-158.3,False,0.0,False
2023-07-12,2023-07-13,0,Overnight,0.0,False,95.14,95.14,119.82,False,0.0,False
2023-07-13,2023-07-14,0,Overnight,0.0,False,-32.08,-32.08,156.52,False,0.0,False
2023-07-14,2023-07-17,2,Weekend,48.0,False,184.86,184.86,129.98,False,0.0,False
2023-07-17,2023-07-18,0,Overnight,0.0,False,-7.92,-7.92,109.34,False,0.0,False
2023-07-18,2023-07-19,0,Overnight,0.0,False,91.62,91.62,-162.78,False,0.0,False
2023-07-19,2023-07-20,0,Overnight,0.0,False,-409.99,-409.99,-614.43,False,0.0,False
2023-07-20,2023-07-21,0,Overnight,0.0,False,192.13,192.13,-302.28,False,0.0,False
2023-07-21,2023-07-24,2,Weekend,48.0,False,-161.67,-161.67,503.43,False,0.0,False
2023-07-24,2023-07-25,0,Overnight,0.0,False,122.64,122.64,-264.12,False,0.0,False
2023-07-25,2023-07-26,0,Overnight,0.0,False,-76.82,-76.82,41.7,False,0.0,False
2023-07-26,2023-07-27,0,Overnight,0.0,False,148.69,148.69,-480.99,False,0.0,False
2023-07-27,2023-07-28,0,Overnight,0.0,False,160.99,160.99,250.06,False,0.0,False
2023-07-28,2023-07-31,2,Weekend,48.0,False,38.96,38.96,-1.87,False,0.0,False
2023-07-31,2023-08-01,0,Overnight,0.0,False,-43.85,-43.85,-196.85,False,0.0,False
2023-08-01,2023-08-02,0,Overnight,0.0,False,-212.92,-212.92,-57.29,False,0.0,False
2023-08-02,2023-08-03,0,Overnight,0.0,False,-81.79,-81.79,284.75,False,0.0,False
2023-08-03,2023-08-04,0,Overnight,0.0,False,63.43,63.43,-276.23,False,0.0,False
2023-08-04,2023-08-07,2,Weekend,48.0,False,-95.39,-95.39,0.0,False,0.0,False
2023-08-07,2023-08-08,0,Overnight,0.0,False,-160.36,-160.36,90.52,False,0.0,False
2023-08-08,2023-08-09,0,Overnight,0.0,False,46.75,46.75,-352.12,False,0.0,False
2023-08-09,2023-08-10,0,Overnight,0.0,False,131.67,131.67,-2.45,False,0.0,False
2023-08-10,2023-08-11,0,Overnight,0.0,False,-146.58,-146.58,36.33,False,0.0,False
2023-08-11,2023-08-14,2,Weekend,48.0,False,-290.6,-290.6,170.79,False,0.0,False
2023-08-14,2023-08-15,0,Overnight,0.0,False,-43.05,-43.05,-244.66,False,0.0,False
2023-08-15,2023-08-16,0,Overnight,0.0,False,-214.33,-214.33,-106.7,False,0.0,False
2023-08-16,2023-08-17,0,Overnight,0.0,False,20.37,20.37,-307.25,False,0.0,False
2023-08-17,2023-08-18,0,Overnight,0.0,False,-235.39,-235.39,63.78,False,0.0,False
2023-08-18,2023-08-21,2,Weekend,48.0,False,277.34,277.34,429.81,False,0.0,False
2023-08-21,2023-08-22,0,Overnight,0.0,False,380.51,380.51,-298.26,False,0.0,False
2023-08-22,2023-08-23,0,Overnight,0.0,False,-166.48,-166.48,322.64,False,0.0,False
2023-08-23,2023-08-24,0,Overnight,0.0,False,75.71,75.71,-367.87,False,0.0,False
2023-08-24,2023-08-25,0,Overnight,0.0,False,55.06,55.06,309.88,False,0.0,False
2023-08-25,2023-08-28,2,Weekend,48.0,False,165.85,165.85,-156.21,False,0.0,False
2023-08-28,2023-08-29,0,Overnight,0.0,False,-10.05,-10.05,750.72,False,0.0,False
2023-08-29,2023-08-30,0,Overnight,0.0,False,-116.55,-116.55,105.66,False,0.0,False
2023-08-30,2023-08-31,0,Overnight,0.0,False,-35.88,-35.88,81.7,False,0.0,False
2023-08-31,2023-09-01,0,Overnight,0.0,False,-31.82,-31.82,-487.88,False,0.0,False
2023-09-01,2023-09-05,3,Long,72.0,False,-0.41,-0.41,458.31,False,0.0,False
2023-09-05,2023-09-06,0,Overnight,0.0,False,-52.77,-52.77,-127.01,False,0.0,False
2023-09-06,2023-09-07,0,Overnight,0.0,False,-275.68,-275.68,258.59,False,0.0,False
2023-09-07,2023-09-08,0,Overnight,0.0,False,-10.74,-10.74,-108.86,False,0.0,False
2023-09-08,2023-09-11,2,Weekend,48.0,False,615.28,615.28,346.23,False,0.0,False
2023-09-11,2023-09-12,0,Overnight,0.0,False,-103.61,-103.61,-121.88,False,0.0,False
2023-09-12,2023-09-13,0,Overnight,0.0,False,96.36,96.36,45.44,False,0.0,False
2023-09-13,2023-09-14,0,Overnight,0.0,False,0.74,0.74,172.47,False,0.0,False
2023-09-14,2023-09-15,0,Overnight,0.0,False,54.55,54.55,-114.51,False,0.0,False
2023-09-15,2023-09-18,2,Weekend,48.0,False,-118.41,-118.41,-219.23,False,0.0,False
2023-09-18,2023-09-19,0,Overnight,0.0,False,-35.12,-35.12,81.0,False,0.0,False
2023-09-19,2023-09-20,0,Overnight,0.0,False,20.24,20.24,-168.05,False,0.0,False
2023-09-20,2023-09-21,0,Overnight,0.0,False,-182.16,-182.16,-83.73,False,0.0,False
2023-09-21,2023-09-22,0,Overnight,0.0,False,66.26,66.26,-498.63,False,0.0,False
2023-09-22,2023-09-25,2,Weekend,48.0,False,-61.44,-61.44,147.24,False,0.0,False
2023-09-25,2023-09-26,0,Overnight,0.0,False,-163.69,-163.69,46.81,False,0.0,False
2023-09-26,2023-09-27,0,Overnight,0.0,False,5.73,5.73,-155.13,False,0.0,False
2023-09-27,2023-09-28,0,Overnight,0.0,False,-19.98,-19.98,261.53,False,0.0,False
2023-09-28,2023-09-29,0,Overnight,0.0,False,145.86,145.86,8.8,False,0.0,False
2023-09-29,2023-10-02,2,Weekend,48.0,False,-218.58,-218.58,273.58,False,0.0,False
2023-10-02,2023-10-03,0,Overnight,0.0,False,-119.55,-119.55,-84.02,False,0.0,False
2023-10-03,2023-10-04,0,Overnight,0.0,False,65.09,65.09,511.4,False,0.0,False
2023-10-04,2023-10-05,0,Overnight,0.0,False,-44.52,-44.52,1.92,False,0.0,False
2023-10-05,2023-10-06,0,Overnight,0.0,False,-236.18,-236.18,254.63,False,0.0,False
2023-10-06,2023-10-09,2,Weekend,48.0,False,-202.4,-202.4,169.33,False,0.0,False
2023-10-09,2023-10-10,0,Overnight,0.0,False,-74.22,-74.22,225.19,False,0.0,False
2023-10-10,2023-10-11,0,Overnight,0.0,False,97.39,97.39,-121.32,False,0.0,False
2023-10-11,2023-10-12,0,Overnight,0.0,False,-2.66,-2.66,-155.24,False,0.0,False
2023-10-12,2023-10-13,0,Overnight,0.0,False,1.16,1.16,-305.11,False,0.0,False
2023-10-13,2023-10-16,2,Weekend,48.0,False,-42.7,-42.7,153.58,False,0.0,False
2023-10-16,2023-10-17,0,Overnight,0.0,False,-151.58,-151.58,188.14,False,0.0,False
2023-10-17,2023-10-18,0,Overnight,0.0,False,-84.72,-84.72,-404.59,False,0.0,False
2023-10-18,2023-10-19,0,Overnight,0.0,False,-714.3,-714.3,-261.86,False,0.0,False
2023-10-19,2023-10-20,0,Overnight,0.0,False,-141.84,-141.84,-234.04,False,0.0,False
2023-10-20,2023-10-23,2,Weekend,48.0,False,-94.32,-94.32,98.56,False,0.0,False
2023-10-23,2023-10-24,0,Overnight,0.0,False,206.27,206.27,0.92,False,0.0,False
2023-10-24,2023-10-25,0,Overnight,0.0,False,-29.6,-29.6,-161.57,False,0.0,False
2023-10-25,2023-10-26,0,Overnight,0.0,False,-51.92,-51.92,-266.63,False,0.0,False
2023-10-26,2023-10-27,0,Overnight,0.0,False,232.5,232.5,-157.94,False,0.0,False
2023-10-27,2023-10-30,2,Weekend,48.0,False,95.06,95.06,-586.44,False,0.0,False
2023-10-30,2023-10-31,0,Overnight,0.0,False,-63.03,-63.03,237.82,False,0.0,False
2023-10-31,2023-11-01,0,Overnight,0.0,False,158.07,158.07,79.08,False,0.0,False
2023-11-01,2023-11-02,0,Overnight,0.0,False,349.27,349.27,256.8,False,0.0,False
2023-11-02,2023-11-03,0,Overnight,0.0,False,120.09,120.09,-53.95,False,0.0,False
2023-11-03,2023-11-06,2,Weekend,49.0,False,181.11,181.11,-212.53,False,0.0,False
2023-11-06,2023-11-07,0,Overnight,0.0,False,32.33,32.33,99.51,False,0.0,False
2023-11-07,2023-11-08,0,Overnight,0.0,False,43.56,43.56,-46.71,False,0.0,False
2023-11-08,2023-11-09,0,Overnight,0.0,False,-106.82,-106.82,-454.78,False,0.0,False
2023-11-09,2023-11-10,0,Overnight,0.0,False,2.38,2.38,217.58,False,0.0,False
2023-11-10,2023-11-13,2,Weekend,48.0,False,44.16,44.16,369.26,False,0.0,False
2023-11-13,2023-11-14,0,Overnight,0.0,False,493.63,493.63,100.75,False,0.0,False
2023-11-14,2023-11-15,0,Overnight,0.0,False,78.88,78.88,147.27,False,0.0,False
2023-11-15,2023-11-16,0,Overnight,0.0,False,-138.91,-138.91,-249.44,False,0.0,False
2023-11-16,2023-11-17,0,Overnight,0.0,False,-68.3,-68.3,98.65,False,0.0,False
2023-11-17,2023-11-20,2,Weekend,48.0,False,-11.1,-11.1,66.43,False,0.0,False
2023-11-20,2023-11-21,0,Overnight,0.0,False,-23.8,-23.8,258.71,False,0.0,False
2023-11-21,2023-11-22,0,Overnight,0.0,False,34.77,34.77,-328.85,False,0.0,False
2023-11-22,2023-11-24,1,Short,24.0,False,-19.66,-19.66,72.46,False,0.0,False
2023-11-24,2023-11-27,2,Weekend,48.0,True,60.97,60.97,-34.25,False,0.0,False
2023-11-27,2023-11-28,0,Overnight,0.0,False,25.38,25.38,415.45,False,0.0,False
2023-11-28,2023-11-29,0,Overnight,0.0,False,100.42,100.42,-205.54,False,0.0,False
2023-11-29,2023-11-30,0,Overnight,0.0,False,40.88,40.88,-208.57,False,0.0,False
2023-11-30,2023-12-01,0,Overnight,0.0,False,-293.33,-293.33,241.13,False,0.0,False
2023-12-01,2023-12-04,2,Weekend,48.0,False,-129.8,-129.8,-7.21,False,0.0,False
2023-12-04,2023-12-05,0,Overnight,0.0,False,-72.85,-72.85,205.26,False,0.0,False
2023-12-05,2023-12-06,0,Overnight,0.0,False,174.41,174.41,-147.22,False,0.0,False
2023-12-06,2023-12-07,0,Overnight,0.0,False,90.66,90.66,45.02,False,0.0,False
2023-12-07,2023-12-08,0,Overnight,0.0,False,-98.16,-98.16,147.49,False,0.0,False
2023-12-08,2023-12-11,2,Weekend,48.0,False,-45.21,-45.21,-124.36,False,0.0,False
2023-12-11,2023-12-12,0,Overnight,0.0,False,-49.76,-49.76,-64.77,False,0.0,False
2023-12-12,2023-12-13,0,Overnight,0.0,False,-119.7,-119.7,215.43,False,0.0,False
2023-12-13,2023-12-14,0,Overnight,0.0,False,80.33,80.33,399.43,False,0.0,False
2023-12-14,2023-12-15,0,Overnight,0.0,False,6.37,6.37,90.75,False,0.0,False
2023-12-15,2023-12-18,2,Weekend,48.0,False,11.04,11.04,-67.21,False,0.0,False
2023-12-18,2023-12-19,0,Overnight,0.0,False,55.38,55.38,146.47,False,0.0,False
2023-12-19,2023-12-20,0,Overnight,0.0,False,-31.54,-31.54,-368.23,False,0.0,False
2023-12-20,2023-12-21,0,Overnight,0.0,False,190.77,190.77,102.69,False,0.0,False
2023-12-21,2023-12-22,0,Overnight,0.0,False,88.41,88.41,-165.72,False,0.0,False
2023-12-22,2023-12-26,3,Long,72.0,False,76.92,76.92,82.96,False,0.0,False
2023-12-26,2023-12-27,0,Overnight,0.0,False,67.58,67.58,118.9,False,0.0,False
2023-12-27,2023-12-28,0,Overnight,0.0,False,84.56,84.56,-405.6,False,0.0,False
2023-12-28,2023-12-29,0,Overnight,0.0,False,75.55,75.55,-262.93,False,0.0,False
2023-12-29,2024-01-02,3,Long,72.0,False,64.19,64.19,-66.6,False,0.0,False
2024-01-02,2024-01-03,0,Overnight,0.0,False,-139.44,-139.44,-270.17,False,0.0,False
2024-01-03,2024-01-04,0,Overnight,0.0,False,33.49,33.49,-55.33,False,0.0,False
2024-01-04,2024-01-05,0,Overnight,0.0,False,-45.07,-45.07,26.56,False,0.0,False
2024-01-05,2024-01-08,2,Weekend,48.0,False,-57.01,-57.01,180.87,False,0.0,False
2024-01-08,2024-01-09,0,Overnight,0.0,False,-97.79,-97.79,-133.17,False,0.0,False
2024-01-09,2024-01-10,0,Overnight,0.0,False,5.96,5.96,-49.46,False,0.0,False
2024-01-10,2024-01-11,0,Overnight,0.0,False,-145.1,-145.1,-146.36,False,0.0,False
2024-01-11,2024-01-12,0,Overnight,0.0,False,-319.28,-319.28,-54.22,False,0.0,False
2024-01-12,2024-01-16,3,Long,72.0,False,-174.66,-174.66,221.15,False,0.0,False
2024-01-16,2024-01-17,0,Overnight,0.0,False,-232.32,-232.32,32.06,False,0.0,False
2024-01-17,2024-01-18,0,Overnight,0.0,False,61.51,61.51,-233.24,False,0.0,False
2024-01-18,2024-01-19,0,Overnight,0.0,False,-89.6,-89.6,104.22,False,0.0,False
2024-01-19,2024-01-22,2,Weekend,48.0,False,3.3,3.3,-164.35,False,0.0,False
2024-01-22,2024-01-23,0,Overnight,0.0,False,119.02,119.02,-102.75,False,0.0,False
2024-01-23,2024-01-24,0,Overnight,0.0,False,130.16,130.16,-193.0,False,0.0,False
2024-01-24,2024-01-25,0,Overnight,0.0,False,-912.77,-912.77,-379.82,False,0.0,False
2024-01-25,2024-01-26,0,Overnight,0.0,False,155.93,155.93,-122.04,False,0.0,False
2024-01-26,2024-01-29,2,Weekend,48.0,False,129.04,129.04,281.51,False,0.0,False
2024-01-29,2024-01-30,0,Overnight,0.0,False,227.84,227.84,-193.33,False,0.0,False
2024-01-30,2024-01-31,0,Overnight,0.0,False,-242.49,-242.49,15.5,False,0.0,False
2024-01-31,2024-02-01,0,Overnight,0.0,False,64.4,64.4,19.08,False,0.0,False
2024-02-01,2024-02-02,0,Overnight,0.0,False,-204.34,-204.34,153.91,False,0.0,False
2024-02-02,2024-02-05,2,Weekend,48.0,False,-196.15,-196.15,-175.19,False,0.0,False
2024-02-05,2024-02-06,0,Overnight,0.0,False,-214.93,-214.93,435.61,False,0.0,False
2024-02-06,2024-02-07,0,Overnight,0.0,False,165.03,165.03,-31.93,False,0.0,False
2024-02-07,2024-02-08,0,Overnight,0.0,False,75.42,75.42,29.59,False,0.0,False
2024-02-08,2024-02-09,0,Overnight,0.0,False,32.65,32.65,176.68,False,0.0,False
2024-02-09,2024-02-12,2,Weekend,48.0,False,-75.71,-75.71,-209.35,False,0.0,False
2024-02-12,2024-02-13,0,Overnight,0.0,False,-222.52,-222.52,1.63,False,0.0,False
2024-02-13,2024-02-14,0,Overnight,0.0,False,69.32,69.32,182.35,False,0.0,False
2024-02-14,2024-02-15,0,Overnight,0.0,False,23.82,23.82,579.72,False,0.0,False
2024-02-15,2024-02-16,0,Overnight,0.0,False,80.0,80.0,-104.97,False,0.0,False
2024-02-16,2024-02-20,3,Long,72.0,False,-192.9,-192.9,-121.57,False,0.0,False
2024-02-20,2024-02-21,0,Overnight,0.0,False,-20.67,-20.67,72.66,False,0.0,False
2024-02-21,2024-02-22,0,Overnight,0.0,False,-39.61,-39.61,174.25,False,0.0,False
2024-02-22,2024-02-23,0,Overnight,0.0,False,-106.95,-106.95,-172.49,False,0.0,False
2024-02-23,2024-02-26,2,Weekend,48.0,False,16.65,16.65,363.08,False,0.0,False
2024-02-26,2024-02-27,0,Overnight,0.0,False,230.03,230.03,-213.5,False,0.0,False
2024-02-27,2024-02-28,0,Overnight,0.0,False,34.49,34.49,80.51,False,0.0,False
2024-02-28,2024-02-29,0,Overnight,0.0,False,105.36,105.36,-113.28,False,0.0,False
2024-02-29,2024-03-01,0,Overnight,0.0,False,-67.59,-67.59,105.17,False,0.0,False
2024-03-01,2024-03-04,2,Weekend,48.0,False,-194.84,-194.84,-547.61,False,0.0,False
2024-03-04,2024-03-05,0,Overnight,0.0,False,-274.27,-274.27,-127.0,False,0.0,False
2024-03-05,2024-03-06,0,Overnight,0.0,False,-41.58,-41.58,-193.54,False,0.0,False
2024-03-06,2024-03-07,0,Overnight,0.0,False,-124.83,-124.83,243.64,False,0.0,False
2024-03-07,2024-03-08,0,Overnight,0.0,False,158.27,158.27,-345.29,False,0.0,False
2024-03-08,2024-03-11,2,Weekend,47.0,False,6.27,6.27,131.37,False,0.0,False
2024-03-11,2024-03-12,0,Overnight,0.0,False,0.0,0.0,-12.95,False,0.0,False
2024-03-12,2024-03-13,0,Overnight,0.0,False,-256.15,-256.15,-208.46,False,0.0,False
2024-03-13,2024-03-14,0,Overnight,0.0,False,-101.41,-101.41,-319.16,False,0.0,False
2024-03-14,2024-03-15,0,Overnight,0.0,False,40.53,40.53,25.1,False,0.0,False
2024-03-15,2024-03-18,2,Weekend,48.0,False,386.75,386.75,219.89,False,0.0,False
2024-03-18,2024-03-19,0,Overnight,0.0,False,-83.2,-83.2,-60.52,False,0.0,False
2024-03-19,2024-03-20,0,Overnight,0.0,False,97.58,97.58,152.59,False,0.0,False
2024-03-20,2024-03-21,0,Overnight,0.0,False,41.47,41.47,-204.47,False,0.0,False
2024-03-21,2024-03-22,0,Overnight,0.0,False,-361.15,-361.15,245.33,False,0.0,False
2024-03-22,2024-03-25,2,Weekend,48.0,False,-121.91,-121.91,226.73,False,0.0,False
2024-03-25,2024-03-26,0,Overnight,0.0,False,338.86,338.86,-51.09,False,0.0,False
2024-03-26,2024-03-27,0,Overnight,0.0,False,208.32,208.32,-87.48,False,0.0,False
2024-03-27,2024-03-28,0,Overnight,0.0,False,-133.23,-133.23,-93.99,False,0.0,False
2024-03-28,2024-04-01,3,Long,72.0,False,21.59,21.59,-54.07,False,0.0,False
2024-04-01,2024-04-02,0,Overnight,0.0,False,-616.13,-616.13,113.47,False,0.0,False
2024-04-02,2024-04-03,0,Overnight,0.0,False,-157.87,-157.87,262.35,False,0.0,False
2024-04-03,2024-04-04,0,Overnight,0.0,False,99.87,99.87,60.96,False,0.0,False
2024-04-04,2024-04-05,0,Overnight,0.0,False,-119.35,-119.35,-250.33,False,0.0,False
2024-04-05,2024-04-08,2,Weekend,48.0,False,265.69,265.69,212.67,False,0.0,False
2024-04-08,2024-04-09,0,Overnight,0.0,False,-4.05,-4.05,227.0,False,0.0,False
2024-04-09,2024-04-10,0,Overnight,0.0,False,-219.49,-219.49,-74.25,False,0.0,False
2024-04-10,2024-04-11,0,Overnight,0.0,False,45.89,45.89,118.11,False,0.0,False
2024-04-11,2024-04-12,0,Overnight,0.0,False,-130.28,-130.28,-75.13,False,0.0,False
2024-04-12,2024-04-15,2,Weekend,48.0,False,-47.47,-47.47,-528.28,False,0.0,False
2024-04-15,2024-04-16,0,Overnight,0.0,False,-297.93,-297.93,23.58,False,0.0,False
2024-04-16,2024-04-17,0,Overnight,0.0,False,33.68,33.68,-139.9,False,0.0,False
2024-04-17,2024-04-18,0,Overnight,0.0,False,-273.9,-273.9,-87.66,False,0.0,False
2024-04-18,2024-04-19,0,Overnight,0.0,False,-64.24,-64.24,-129.72,False,0.0,False
2024-04-19,2024-04-22,2,Weekend,48.0,False,-451.38,-451.38,105.45,False,0.0,False
2024-04-22,2024-04-23,0,Overnight,0.0,False,89.71,89.71,93.75,False,0.0,False
2024-04-23,2024-04-24,0,Overnight,0.0,False,1182.44,1182.44,-43.7,False,0.0,False
2024-04-24,2024-04-25,0,Overnight,0.0,False,-197.46,-197.46,682.04,False,0.0,False
2024-04-25,2024-04-26,0,Overnight,0.0,False,-78.46,-78.46,-33.22,False,0.0,False
2024-04-26,2024-04-29,2,Weekend,48.0,False,1129.85,1129.85,294.42,False,0.0,False
2024-04-29,2024-04-30,0,Overnight,0.0,False,-371.14,-371.14,-199.87,False,0.0,False
2024-04-30,2024-05-01,0,Overnight,0.0,False,-70.08,-70.08,-111.05,False,0.0,False
2024-05-01,2024-05-02,0,Overnight,0.0,False,158.2,158.2,-157.08,False,0.0,False
2024-05-02,2024-05-03,0,Overnight,0.0,False,115.44,115.44,-50.1,False,0.0,False
2024-05-03,2024-05-06,2,Weekend,48.0,False,143.02,143.02,52.09,False,0.0,False
2024-05-06,2024-05-07,0,Overnight,0.0,False,-128.56,-128.56,-254.86,False,0.0,False
2024-05-07,2024-05-08,0,Overnight,0.0,False,-356.08,-356.08,180.77,False,0.0,False
2024-05-08,2024-05-09,0,Overnight,0.0,False,16.58,16.58,-175.23,False,0.0,False
2024-05-09,2024-05-10,0,Overnight,0.0,False,62.61,62.61,-268.23,False,0.0,False
2024-05-10,2024-05-13,2,Weekend,48.0,False,90.41,90.41,110.56,False,0.0,False
2024-05-13,2024-05-14,0,Overnight,0.0,False,150.7,150.7,173.28,False,0.0,False
2024-05-14,2024-05-15,0,Overnight,0.0,False,131.49,131.49,-334.03,False,0.0,False
2024-05-15,2024-05-16,0,Overnight,0.0,False,6.32,6.32,42.41,False,0.0,False
2024-05-16,2024-05-17,0,Overnight,0.0,False,-74.05,-74.05,222.8,False,0.0,False
2024-05-17,2024-05-20,2,Weekend,48.0,False,5.63,5.63,-148.08,False,0.0,False
2024-05-20,2024-05-21,0,Overnight,0.0,False,31.96,31.96,612.71,False,0.0,False
2024-05-21,2024-05-22,0,Overnight,0.0,False,-203.01,-203.01,-150.98,False,0.0,False
2024-05-22,2024-05-23,0,Overnight,0.0,False,93.39,93.39,-453.47,False,0.0,False
2024-05-23,2024-05-24,0,Overnight,0.0,False,63.11,63.11,248.54,False,0.0,False
2024-05-24,2024-05-28,3,Long,72.0,False,-159.72,-159.72,19.82,False,0.0,False
2024-05-28,2024-05-29,0,Overnight,0.0,False,-145.9,-145.9,114.16,False,0.0,False
2024-05-29,2024-05-30,0,Overnight,0.0,False,134.74,134.74,11.75,False,0.0,False
2024-05-30,2024-05-31,0,Overnight,0.0,False,-16.23,-16.23,-23.56,False,0.0,False
2024-05-31,2024-06-03,2,Weekend,48.0,False,2.81,2.81,-103.83,False,0.0,False
2024-06-03,2024-06-04,0,Overnight,0.0,False,-86.02,-86.02,-0.57,False,0.0,False
2024-06-04,2024-06-05,0,Overnight,0.0,False,33.13,33.13,-19.98,False,0.0,False
2024-06-05,2024-06-06,0,Overnight,0.0,False,-22.88,-22.88,189.49,False,0.0,False
2024-06-06,2024-06-07,0,Overnight,0.0,False,-102.24,-102.24,76.36,False,0.0,False
2024-06-07,2024-06-10,2,Weekend,48.0,False,-80.33,-80.33,-129.77,False,0.0,False
2024-06-10,2024-06-11,0,Overnight,0.0,False,7.48,7.48,-189.22,False,0.0,False
2024-06-11,2024-06-12,0,Overnight,0.0,False,26.92,26.92,354.22,False,0.0,False
2024-06-12,2024-06-13,0,Overnight,0.0,False,607.28,607.28,-319.28,False,0.0,False
2024-06-13,2024-06-14,0,Overnight,0.0,False,180.85,180.85,-428.31,False,0.0,False
2024-06-14,2024-06-17,2,Weekend,48.0,False,-5.06,-5.06,521.25,False,0.0,False
2024-06-17,2024-06-18,0,Overnight,0.0,False,-47.06,-47.06,-91.54,False,0.0,False
2024-06-18,2024-06-20,1,Short,24.0,False,-9.74,-9.74,-169.83,False,0.0,False
2024-06-20,2024-06-21,0,Overnight,0.0,False,40.12,40.12,38.87,False,0.0,False
2024-06-21,2024-06-24,2,Weekend,48.0,False,106.53,106.53,-130.05,False,0.0,False
2024-06-24,2024-06-25,0,Overnight,0.0,False,99.19,99.19,158.71,False,0.0,False
2024-06-25,2024-06-26,0,Overnight,0.0,False,-43.33,-43.33,513.55,False,0.0,False
2024-06-26,2024-06-27,0,Overnight,0.0,False,-61.3,-61.3,114.62,False,0.0,False
2024-06-27,2024-06-28,0,Overnight,0.0,False,107.31,107.31,-84.04,False,0.0,False
2024-06-28,2024-07-01,2,Weekend,48.0,False,157.44,157.44,430.36,False,0.0,False
2024-07-01,2024-07-02,0,Overnight,0.0,False,421.29,421.29,549.73,False,0.0,False
2024-07-02,2024-07-03,0,Overnight,0.0,False,141.69,141.69,492.04,False,0.0,False
2024-07-03,2024-07-05,1,Short,24.0,True,137.85,137.85,68.22,False,0.0,False
2024-07-05,2024-07-08,2,Weekend,48.0,False,-152.64,-152.64,208.94,False,0.0,False
2024-07-08,2024-07-09,0,Overnight,0.0,False,-76.99,-76.99,441.5,False,0.0,False
2024-07-09,2024-07-10,0,Overnight,0.0,False,17.9,17.9,17.49,False,0.0,False
2024-07-10,2024-07-11,0,Overnight,0.0,False,1.52,1.52,-883.73,False,0.0,False
2024-07-11,2024-07-12,0,Overnight,0.0,False,-219.37,-219.37,513.72,False,0.0,False
2024-07-12,2024-07-15,2,Weekend,48.0,False,307.05,307.05,-130.95,False,0.0,False
2024-07-15,2024-07-16,0,Overnight,0.0,False,105.13,105.13,48.84,False,0.0,False
2024-07-16,2024-07-17,0,Overnight,0.0,False,-150.41,-150.41,-168.79,False,0.0,False
2024-07-17,2024-07-18,0,Overnight,0.0,False,103.69,103.69,-74.35,False,0.0,False
2024-07-18,2024-07-19,0,Overnight,0.0,False,-57.95,-57.95,-352.82,False,0.0,False
2024-07-19,2024-07-22,2,Weekend,48.0,False,207.29,207.29,294.54,False,0.0,False
2024-07-22,2024-07-23,0,Overnight,0.0,False,82.76,82.76,-288.83,False,0.0,False
2024-07-23,2024-07-24,0,Overnight,0.0,False,-889.1,-889.1,-427.33,False,0.0,False
2024-07-24,2024-07-25,0,Overnight,0.0,False,37.43,37.43,157.88,False,0.0,False
2024-07-25,2024-07-26,0,Overnight,0.0,False,42.59,42.59,-63.04,False,0.0,False
2024-07-26,2024-07-29,2,Weekend,48.0,False,229.38,229.38,315.13,False,0.0,False
2024-07-29,2024-07-30,0,Overnight,0.0,False,6.46,6.46,-423.48,False,0.0,False
2024-07-30,2024-07-31,0,Overnight,0.0,False,234.41,234.41,181.32,False,0.0,False
2024-07-31,2024-08-01,0,Overnight,0.0,False,-190.54,-190.54,-487.33,False,0.0,False
2024-08-01,2024-08-02,0,Overnight,0.0,False,-91.72,-91.72,-341.29,False,0.0,False
2024-08-02,2024-08-05,2,Weekend,48.0,False,-1144.06,-1144.06,711.57,False,0.0,False
2024-08-05,2024-08-06,0,Overnight,0.0,False,93.59,93.59,-5.48,False,0.0,False
2024-08-06,2024-08-07,0,Overnight,0.0,False,6.48,6.48,-459.15,False,0.0,False
2024-08-07,2024-08-08,0,Overnight,0.0,False,203.38,203.38,159.18,False,0.0,False
2024-08-08,2024-08-09,0,Overnight,0.0,False,-90.43,-90.43,148.6,False,0.0,False
2024-08-09,2024-08-12,2,Weekend,48.0,False,-49.12,-49.12,-77.17,False,0.0,False
2024-08-12,2024-08-13,0,Overnight,0.0,False,49.5,49.5,460.82,False,0.0,False
2024-08-13,2024-08-14,0,Overnight,0.0,False,-21.19,-21.19,-294.07,False,0.0,False
2024-08-14,2024-08-15,0,Overnight,0.0,False,179.14,179.14,435.22,False,0.0,False
2024-08-15,2024-08-16,0,Overnight,0.0,False,-140.61,-140.61,232.65,False,0.0,False
2024-08-16,2024-08-19,2,Weekend,48.0,False,43.86,43.86,256.95,False,0.0,False
2024-08-19,2024-08-20,0,Overnight,0.0,False,96.52,96.52,-169.52,False,0.0,False
2024-08-20,2024-08-21,0,Overnight,0.0,False,70.76,70.76,26.91,False,0.0,False
2024-08-21,2024-08-22,0,Overnight,0.0,False,24.6,24.6,-605.97,False,0.0,False
2024-08-22,2024-08-23,0,Overnight,0.0,False,178.78,178.78,269.58,False,0.0,False
2024-08-23,2024-08-26,2,Weekend,48.0,False,-71.52,-71.52,-256.52,False,0.0,False
2024-08-26,2024-08-27,0,Overnight,0.0,False,1.88,1.88,-191.27,False,0.0,False
2024-08-27,2024-08-28,0,Overnight,0.0,False,24.35,24.35,-191.11,False,0.0,False
2024-08-28,2024-08-29,0,Overnight,0.0,False,194.93,194.93,-169.2,False,0.0,False
2024-08-29,2024-08-30,0,Overnight,0.0,False,113.28,113.28,259.28,False,0.0,False
2024-08-30,2024-09-03,3,Long,72.0,False,53.57,53.57,-218.86,False,0.0,False
2024-09-03,2024-09-04,0,Overnight,0.0,False,-0.48,-0.48,410.29,False,0.0,False
2024-09-04,2024-09-05,0,Overnight,0.0,False,184.25,184.25,294.51,False,0.0,False
2024-09-05,2024-09-06,0,Overnight,0.0,False,105.02,105.02,-987.43,False,0.0,False
2024-09-06,2024-09-09,2,Weekend,48.0,False,256.26,256.26,3.24,False,0.0,False
2024-09-09,2024-09-10,0,Overnight,0.0,False,174.18,174.18,273.41,False,0.0,False
2024-09-10,2024-09-11,0,Overnight,0.0,False,-71.89,-71.89,158.17,False,0.0,False
2024-09-11,2024-09-12,0,Overnight,0.0,False,-153.27,-153.27,226.65,False,0.0,False
2024-09-12,2024-09-13,0,Overnight,0.0,False,-79.07,-79.07,99.94,False,0.0,False
2024-09-13,2024-09-16,2,Weekend,48.0,False,-43.08,-43.08,-110.51,False,0.0,False
2024-09-16,2024-09-17,0,Overnight,0.0,False,117.05,117.05,-69.1,False,0.0,False
2024-09-17,2024-09-18,0,Overnight,0.0,False,96.95,96.95,-126.4,False,0.0,False
2024-09-18,2024-09-19,0,Overnight,0.0,False,294.9,294.9,415.19,False,0.0,False
2024-09-19,2024-09-20,0,Overnight,0.0,False,-98.88,-98.88,-136.32,False,0.0,False
2024-09-20,2024-09-23,2,Weekend,48.0,False,181.35,181.35,300.06,False,0.0,False
2024-09-23,2024-09-24,0,Overnight,0.0,False,161.88,161.88,7.48,False,0.0,False
2024-09-24,2024-09-25,0,Overnight,0.0,False,-68.27,-68.27,175.84,False,0.0,False
2024-09-25,2024-09-26,0,Overnight,0.0,False,138.33,138.33,-247.87,False,0.0,False
2024-09-26,2024-09-27,0,Overnight,0.0,False,123.54,123.54,118.96,False,0.0,False
2024-09-27,2024-09-30,2,Weekend,48.0,False,-54.67,-54.67,99.49,False,0.0,False
2024-09-30,2024-10-01,0,Overnight,0.0,False,39.67,39.67,-178.61,False,0.0,False
2024-10-01,2024-10-02,0,Overnight,0.0,False,-414.24,-414.24,59.21,False,0.0,False
2024-10-02,2024-10-03,0,Overnight,0.0,False,-184.0,-184.0,-157.48,False,0.0,False
2024-10-03,2024-10-04,0,Overnight,0.0,False,247.47,247.47,136.48,False,0.0,False
2024-10-04,2024-10-07,2,Weekend,48.0,False,-43.28,-43.28,-333.62,False,0.0,False
2024-10-07,2024-10-08,0,Overnight,0.0,False,112.72,112.72,38.52,False,0.0,False
2024-10-08,2024-10-09,0,Overnight,0.0,False,-27.85,-27.85,-114.26,False,0.0,False
2024-10-09,2024-10-10,0,Overnight,0.0,False,31.48,31.48,-126.52,False,0.0,False
2024-10-10,2024-10-11,0,Overnight,0.0,False,-812.82,-812.82,-106.41,False,0.0,False
2024-10-11,2024-10-14,2,Weekend,48.0,False,106.41,106.41,-44.16,False,0.0,False
2024-10-14,2024-10-15,0,Overnight,0.0,False,38.71,38.71,-20.02,False,0.0,False
2024-10-15,2024-10-16,0,Overnight,0.0,False,83.0,83.0,-3.16,False,0.0,False
2024-10-16,2024-10-17,0,Overnight,0.0,False,11.74,11.74,-31.64,False,0.0,False
2024-10-17,2024-10-18,0,Overnight,0.0,False,-8.15,-8.15,-0.45,False,0.0,False
2024-10-18,2024-10-21,2,Weekend,48.0,False,-81.89,-81.89,-2.28,False,0.0,False
2024-10-21,2024-10-22,0,Overnight,0.0,False,-70.62,-70.62,30.33,False,0.0,False
2024-10-22,2024-10-23,0,Overnight,0.0,False,-38.61,-38.61,-161.57,False,0.0,False
2024-10-23,2024-10-24,0,Overnight,0.0,False,1356.12,1356.12,625.75,False,0.0,False
2024-10-24,2024-10-25,0,Overnight,0.0,False,-173.1,-173.1,502.01,False,0.0,False
2024-10-25,2024-10-28,2,Weekend,48.0,False,30.05,30.05,-281.33,False,0.0,False
2024-10-28,2024-10-29,0,Overnight,0.0,False,75.9,75.9,-190.45,False,0.0,False
2024-10-29,2024-10-30,0,Overnight,0.0,False,-57.19,-57.19,-19.01,False,0.0,False
2024-10-30,2024-10-31,0,Overnight,0.0,False,17.07,17.07,-320.6,False,0.0,False
2024-10-31,2024-11-01,0,Overnight,0.0,False,87.27,87.27,-122.15,False,0.0,False
2024-11-01,2024-11-04,2,Weekend,49.0,False,-179.12,-179.12,-70.58,False,0.0,False
2024-11-04,2024-11-05,0,Overnight,0.0,False,183.61,183.61,164.41,False,0.0,False
2024-11-05,2024-11-06,0,Overnight,0.0,False,1241.26,1241.26,134.68,False,0.0,False
2024-11-06,2024-11-07,0,Overnight,0.0,False,12.47,12.47,273.83,False,0.0,False
2024-11-07,2024-11-08,0,Overnight,0.0,False,74.83,74.83,712.15,False,0.0,False
2024-11-08,2024-11-11,2,Weekend,48.0,False,751.79,751.79,106.28,False,0.0,False
2024-11-11,2024-11-12,0,Overnight,0.0,False,-209.61,-209.61,-424.66,False,0.0,False
2024-11-12,2024-11-13,0,Overnight,0.0,False,221.58,221.58,-168.45,False,0.0,False
2024-11-13,2024-11-14,0,Overnight,0.0,False,-77.52,-77.52,-516.97,False,0.0,False
2024-11-14,2024-11-15,0,Overnight,0.0,False,-19.62,-19.62,321.59,False,0.0,False
2024-11-15,2024-11-18,2,Weekend,48.0,False,605.22,605.22,-58.58,False,0.0,False
2024-11-18,2024-11-19,0,Overnight,0.0,False,-88.36,-88.36,300.42,False,0.0,False
2024-11-19,2024-11-20,0,Overnight,0.0,False,-28.94,-28.94,-86.46,False,0.0,False
2024-11-20,2024-11-21,0,Overnight,0.0,False,51.91,51.91,-122.03,False,0.0,False
2024-11-21,2024-11-22,0,Overnight,0.0,False,42.6,42.6,330.74,False,0.0,False
2024-11-22,2024-11-25,2,Weekend,48.0,False,212.72,212.72,-617.03,False,0.0,False
2024-11-25,2024-11-26,0,Overnight,0.0,False,70.93,70.93,-81.56,False,0.0,False
2024-11-26,2024-11-27,0,Overnight,0.0,False,105.0,105.0,-264.14,False,0.0,False
2024-11-27,2024-11-29,1,Short,24.0,False,95.37,95.37,266.59,False,0.0,False
2024-11-29,2024-12-02,2,Weekend,48.0,True,207.02,207.02,132.78,False,0.0,False
2024-12-02,2024-12-03,0,Overnight,0.0,False,-149.25,-149.25,-10.81,False,0.0,False
2024-12-03,2024-12-04,0,Overnight,0.0,False,44.86,44.86,138.69,False,0.0,False
2024-12-04,2024-12-05,0,Overnight,0.0,False,54.05,54.05,263.81,False,0.0,False
2024-12-05,2024-12-06,0,Overnight,0.0,False,212.35,212.35,307.86,False,0.0,False
2024-12-06,2024-12-09,2,Weekend,48.0,False,213.27,213.27,-198.63,False,0.0,False
2024-12-09,2024-12-10,0,Overnight,0.0,False,73.87,73.87,209.41,False,0.0,False
2024-12-10,2024-12-11,0,Overnight,0.0,False,214.89,214.89,361.23,False,0.0,False
2024-12-11,2024-12-12,0,Overnight,0.0,False,1.65,1.65,-159.92,False,0.0,False
2024-12-12,2024-12-13,0,Overnight,0.0,False,45.34,45.34,379.15,False,0.0,False
2024-12-13,2024-12-16,2,Weekend,48.0,False,110.79,110.79,485.21,False,0.0,False
2024-12-16,2024-12-17,0,Overnight,0.0,False,274.38,274.38,82.87,False,0.0,False
2024-12-17,2024-12-18,0,Overnight,0.0,False,-282.36,-282.36,-581.88,False,0.0,False
2024-12-18,2024-12-19,0,Overnight,0.0,False,263.47,263.47,-353.85,False,0.0,False
2024-12-19,2024-12-20,0,Overnight,0.0,False,-247.44,-247.44,-105.13,False,0.0,False
2024-12-20,2024-12-23,2,Weekend,48.0,False,233.33,233.33,-9.28,False,0.0,False
2024-12-23,2024-12-24,0,Overnight,0.0,False,122.33,122.33,587.58,False,0.0,False
2024-12-24,2024-12-26,1,Short,24.0,True,62.11,62.11,-239.98,False,0.0,False
2024-12-26,2024-12-27,0,Overnight,0.0,False,-102.03,-102.03,-405.42,False,0.0,False
2024-12-27,2024-12-30,2,Weekend,48.0,False,-288.13,-288.13,-47.56,False,0.0,False
2024-12-30,2024-12-31,0,Overnight,0.0,False,151.69,151.69,-482.19,False,0.0,False
2024-12-31,2025-01-02,1,Short,24.0,False,-346.16,-346.16,-281.28,False,0.0,False
2025-01-02,2025-01-03,0,Overnight,0.0,False,57.84,57.84,731.71,False,0.0,False
2025-01-03,2025-01-06,2,Weekend,48.0,False,306.15,306.15,-291.3,False,0.0,False
2025-01-06,2025-01-07,0,Overnight,0.0,False,-127.81,-127.81,-286.7,False,0.0,False
2025-01-07,2025-01-08,0,Overnight,0.0,False,-35.82,-35.82,50.51,False,0.0,False
2025-01-08,2025-01-10,1,Short,24.0,False,-90.04,-90.04,84.97,False,0.0,False
2025-01-10,2025-01-13,2,Weekend,48.0,False,-296.44,-296.44,511.22,False,0.0,False
2025-01-13,2025-01-14,0,Overnight,0.0,False,269.81,269.81,-443.64,False,0.0,False
2025-01-14,2025-01-15,0,Overnight,0.0,False,335.9,335.9,437.24,False,0.0,False
2025-01-15,2025-01-16,0,Overnight,0.0,False,-111.07,-111.07,-230.99,False,0.0,False
2025-01-16,2025-01-17,0,Overnight,0.0,False,183.89,183.89,117.93,False,0.0,False
2025-01-17,2025-01-21,3,Long,72.0,False,142.94,142.94,-200.07,False,0.0,False
2025-01-21,2025-01-22,0,Overnight,0.0,False,-172.68,-172.68,-40.87,False,0.0,False
2025-01-22,2025-01-23,0,Overnight,0.0,False,22.86,22.86,-88.84,False,0.0,False
2025-01-23,2025-01-24,0,Overnight,0.0,False,50.07,50.07,-191.72,False,0.0,False
2025-01-24,2025-01-27,2,Weekend,48.0,False,-294.01,-294.01,59.35,False,0.0,False
2025-01-27,2025-01-28,0,Overnight,0.0,False,-6.04,-6.04,29.69,False,0.0,False
2025-01-28,2025-01-29,0,Overnight,0.0,False,-72.61,-72.61,-155.81,False,0.0,False
2025-01-29,2025-01-30,0,Overnight,0.0,False,542.21,542.21,-258.93,False,0.0,False
2025-01-30,2025-01-31,0,Overnight,0.0,False,31.18,31.18,76.17,False,0.0,False
2025-01-31,2025-02-03,2,Weekend,48.0,False,-453.01,-453.01,-77.89,False,0.0,False
2025-02-03,2025-02-04,0,Overnight,0.0,False,-27.4,-27.4,247.29,False,0.0,False
2025-02-04,2025-02-05,0,Overnight,0.0,False,-120.56,-120.56,-243.98,False,0.0,False
2025-02-05,2025-02-06,0,Overnight,0.0,False,-136.85,-136.85,34.52,False,0.0,False
2025-02-06,2025-02-07,0,Overnight,0.0,False,-110.95,-110.95,-234.22,False,0.0,False
2025-02-07,2025-02-10,2,Weekend,48.0,False,-150.74,-150.74,-155.04,False,0.0,False
2025-02-10,2025-02-11,0,Overnight,0.0,False,-141.56,-141.56,-513.24,False,0.0,False
2025-02-11,2025-02-12,0,Overnight,0.0,False,43.74,43.74,197.17,False,0.0,False
2025-02-12,2025-02-13,0,Overnight,0.0,False,249.17,249.17,312.18,False,0.0,False
2025-02-13,2025-02-14,0,Overnight,0.0,False,130.63,130.63,-133.44,False,0.0,False
2025-02-14,2025-02-18,3,Long,72.0,False,-23.35,-23.35,-25.38,False,0.0,False
2025-02-18,2025-02-19,0,Overnight,0.0,False,-3.11,-3.11,183.61,False,0.0,False
2025-02-19,2025-02-20,0,Overnight,0.0,False,26.31,26.31,-198.64,False,0.0,False
2025-02-20,2025-02-21,0,Overnight,0.0,False,-27.12,-27.12,-452.6,False,0.0,False
2025-02-21,2025-02-24,2,Weekend,48.0,False,10.06,10.06,-227.63,False,0.0,False
2025-02-24,2025-02-25,0,Overnight,0.0,False,-106.76,-106.76,-769.49,False,0.0,False
2025-02-25,2025-02-26,0,Overnight,0.0,False,30.01,30.01,-434.38,False,0.0,False
2025-02-26,2025-02-27,0,Overnight,0.0,False,12.37,12.37,-321.43,False,0.0,False
2025-02-27,2025-02-28,0,Overnight,0.0,False,-87.28,-87.28,471.02,False,0.0,False
2025-02-28,2025-03-03,2,Weekend,48.0,False,248.11,248.11,-536.55,False,0.0,False
2025-03-03,2025-03-04,0,Overnight,0.0,False,-494.0,-494.0,40.89,False,0.0,False
2025-03-04,2025-03-05,0,Overnight,0.0,False,32.3,32.3,223.91,False,0.0,False
2025-03-05,2025-03-06,0,Overnight,0.0,False,-255.48,-255.48,-321.59,False,0.0,False
2025-03-06,2025-03-07,0,Overnight,0.0,False,-158.01,-158.01,128.36,False,0.0,False
2025-03-07,2025-03-10,2,Weekend,47.0,False,-393.29,-393.29,-1282.17,False,0.0,False
2025-03-10,2025-03-11,0,Overnight,0.0,False,141.24,141.24,231.21,False,0.0,False
2025-03-11,2025-03-12,0,Overnight,0.0,False,696.81,696.81,35.13,False,0.0,False
2025-03-12,2025-03-13,0,Overnight,0.0,False,1.61,1.61,-304.85,False,0.0,False
2025-03-13,2025-03-14,0,Overnight,0.0,False,271.74,271.74,107.38,False,0.0,False
2025-03-14,2025-03-17,2,Weekend,48.0,False,-198.78,-198.78,-291.9,False,0.0,False
2025-03-17,2025-03-18,0,Overnight,0.0,False,-422.66,-422.66,-125.7,False,0.0,False
2025-03-18,2025-03-19,0,Overnight,0.0,False,275.78,275.78,181.83,False,0.0,False
2025-03-19,2025-03-20,0,Overnight,0.0,False,-106.99,-106.99,123.93,False,0.0,False
2025-03-20,2025-03-21,0,Overnight,0.0,False,-53.9,-53.9,567.45,False,0.0,False
2025-03-21,2025-03-24,2,Weekend,48.0,False,369.82,369.82,757.53,False,0.0,False
2025-03-24,2025-03-25,0,Overnight,0.0,False,185.42,185.42,158.82,False,0.0,False
2025-03-25,2025-03-26,0,Overnight,0.0,False,-192.02,-192.02,-382.22,False,0.0,False
2025-03-26,2025-03-27,0,Overnight,0.0,False,15.43,15.43,23.83,False,0.0,False
2025-03-27,2025-03-28,0,Overnight,0.0,False,89.3,89.3,-446.35,False,0.0,False
2025-03-28,2025-03-31,2,Weekend,48.0,False,-555.46,-555.46,387.49,False,0.0,False
2025-03-31,2025-04-01,0,Overnight,0.0,False,177.46,177.46,175.11,False,0.0,False
2025-04-01,2025-04-02,0,Overnight,0.0,False,-530.08,-530.08,1049.05,False,0.0,False
2025-04-02,2025-04-03,0,Overnight,0.0,False,-637.75,-637.75,74.73,False,0.0,False
2025-04-03,2025-04-04,0,Overnight,0.0,False,-455.44,-455.44,-644.92,False,0.0,False
2025-04-04,2025-04-07,2,Weekend,48.0,False,-675.98,-675.98,416.19,False,0.0,False
2025-04-07,2025-04-08,0,Overnight,0.0,False,489.76,489.76,-992.12,False,0.0,False
2025-04-08,2025-04-09,0,Overnight,0.0,False,126.75,126.75,1918.15,False,0.0,False
2025-04-09,2025-04-10,0,Overnight,0.0,False,-458.56,-458.56,-296.67,False,0.0,False
2025-04-10,2025-04-11,0,Overnight,0.0,False,-22.21,-22.21,18.65,False,0.0,False
2025-04-11,2025-04-14,2,Weekend,48.0,False,236.95,236.95,-235.37,False,0.0,False
2025-04-14,2025-04-15,0,Overnight,0.0,False,-97.16,-97.16,166.66,False,0.0,False
2025-04-15,2025-04-16,0,Overnight,0.0,False,-259.12,-259.12,-247.78,False,0.0,False
2025-04-16,2025-04-17,0,Overnight,0.0,False,79.17,79.17,-86.63,False,0.0,False
2025-04-17,2025-04-21,3,Long,72.0,False,-471.22,-471.22,-120.59,False,0.0,False
2025-04-21,2025-04-22,0,Overnight,0.0,False,150.94,150.94,299.0,False,0.0,False
2025-04-22,2025-04-23,0,Overnight,0.0,False,685.7,685.7,-162.98,False,0.0,False
2025-04-23,2025-04-24,0,Overnight,0.0,False,-9.58,-9.58,353.36,False,0.0,False
2025-04-24,2025-04-25,0,Overnight,0.0,False,83.65,83.65,851.53,False,0.0,False
2025-04-25,2025-04-28,2,Weekend,48.0,False,140.44,140.44,-107.85,False,0.0,False
2025-04-28,2025-04-29,0,Overnight,0.0,False,-13.3,-13.3,226.15,False,0.0,False
2025-04-29,2025-04-30,0,Overnight,0.0,False,-424.24,-424.24,80.42,False,0.0,False
2025-04-30,2025-05-01,0,Overnight,0.0,False,-76.49,-76.49,18.2,False,0.0,False
2025-05-01,2025-05-02,0,Overnight,0.0,False,154.93,154.93,80.75,False,0.0,False
2025-05-02,2025-05-05,2,Weekend,48.0,False,-92.34,-92.34,-152.62,False,0.0,False
2025-05-05,2025-05-06,0,Overnight,0.0,False,-258.43,-258.43,81.68,False,0.0,False
2025-05-06,2025-05-07,0,Overnight,0.0,False,55.41,55.41,-23.87,False,0.0,False
2025-05-07,2025-05-08,0,Overnight,0.0,False,122.7,122.7,183.9,False,0.0,False
2025-05-08,2025-05-09,0,Overnight,0.0,False,187.47,187.47,273.61,False,0.0,False
2025-05-09,2025-05-12,2,Weekend,48.0,False,765.55,765.55,-112.75,False,0.0,False
2025-05-12,2025-05-13,0,Overnight,0.0,False,50.75,50.75,430.3,False,0.0,False
2025-05-13,2025-05-14,0,Overnight,0.0,False,249.21,249.21,150.11,False,0.0,False
2025-05-14,2025-05-15,0,Overnight,0.0,False,-213.37,-213.37,72.6,False,0.0,False
2025-05-15,2025-05-16,0,Overnight,0.0,False,99.27,99.27,107.44,False,0.0,False
2025-05-16,2025-05-19,2,Weekend,48.0,False,-398.72,-398.72,170.7,False,0.0,False
2025-05-19,2025-05-20,0,Overnight,0.0,False,167.55,167.55,-117.11,False,0.0,False
2025-05-20,2025-05-21,0,Overnight,0.0,False,17.73,17.73,-288.95,False,0.0,False
2025-05-21,2025-05-22,0,Overnight,0.0,False,-81.62,-81.62,271.66,False,0.0,False
2025-05-22,2025-05-23,0,Overnight,0.0,False,-91.91,-91.91,41.93,False,0.0,False
2025-05-23,2025-05-27,3,Long,72.0,False,233.3,233.3,437.67,False,0.0,False
2025-05-27,2025-05-28,0,Overnight,0.0,False,53.59,53.59,-220.03,False,0.0,False
2025-05-28,2025-05-29,0,Overnight,0.0,False,232.36,232.36,-189.58,False,0.0,False
2025-05-29,2025-05-30,0,Overnight,0.0,False,-81.52,-81.52,-258.14,False,0.0,False
2025-05-30,2025-06-02,2,Weekend,48.0,False,-85.8,-85.8,-23.61,False,0.0,False
2025-06-02,2025-06-03,0,Overnight,0.0,False,113.45,113.45,-67.45,False,0.0,False
2025-06-03,2025-06-04,0,Overnight,0.0,False,24.08,24.08,-385.49,False,0.0,False
2025-06-04,2025-06-05,0,Overnight,0.0,False,-292.13,-292.13,-1246.36,False,0.0,False
2025-06-05,2025-06-06,0,Overnight,0.0,False,484.39,484.39,-124.25,False,0.0,False
2025-06-06,2025-06-09,2,Weekend,48.0,False,-315.98,-315.98,761.29,False,0.0,False
2025-06-09,2025-06-10,0,Overnight,0.0,False,204.01,204.01,347.91,False,0.0,False
2025-06-10,2025-06-11,0,Overnight,0.0,False,251.64,251.64,-241.22,False,0.0,False
2025-06-11,2025-06-12,0,Overnight,0.0,False,-103.16,-103.16,-123.64,False,0.0,False
2025-06-12,2025-06-13,0,Overnight,0.0,False,-162.38,-162.38,354.81,False,0.0,False
2025-06-13,2025-06-16,2,Weekend,48.0,False,182.16,182.16,-65.41,False,0.0,False
2025-06-16,2025-06-17,0,Overnight,0.0,False,-92.79,-92.79,-303.24,False,0.0,False
2025-06-17,2025-06-18,0,Overnight,0.0,False,30.3,30.3,148.28,False,0.0,False
2025-06-18,2025-06-20,1,Short,24.0,False,181.54,181.54,-178.13,False,0.0,False
2025-06-20,2025-06-23,2,Weekend,48.0,False,165.62,165.62,625.44,False,0.0,False
2025-06-23,2025-06-24,0,Overnight,0.0,False,212.54,212.54,-450.81,False,0.0,False
2025-06-24,2025-06-25,0,Overnight,0.0,False,65.28,65.28,-452.15,False,0.0,False
2025-06-25,2025-06-26,0,Overnight,0.0,False,-90.16,-90.16,35.98,False,0.0,False
2025-06-26,2025-06-27,0,Overnight,0.0,False,-39.06,-39.06,-27.15,False,0.0,False
2025-06-27,2025-06-30,2,Weekend,48.0,False,-115.92,-115.92,-70.27,False,0.0,False
2025-06-30,2025-07-01,0,Overnight,0.0,False,-623.46,-623.46,75.1,False,0.0,False
2025-07-01,2025-07-02,0,Overnight,0.0,False,388.74,388.74,96.14,False,0.0,False
2025-07-02,2025-07-03,0,Overnight,0.0,False,73.86,73.86,-83.37,False,0.0,False
2025-07-03,2025-07-07,3,Long,72.0,True,-790.89,-790.89,87.82,False,0.0,False
2025-07-07,2025-07-08,0,Overnight,0.0,False,103.56,103.56,27.24,False,0.0,False
2025-07-08,2025-07-09,0,Overnight,0.0,False,-8.73,-8.73,-56.28,False,0.0,False
2025-07-09,2025-07-10,0,Overnight,0.0,False,139.95,139.95,322.04,False,0.0,False
2025-07-10,2025-07-11,0,Overnight,0.0,False,-64.1,-64.1,180.89,False,0.0,False
2025-07-11,2025-07-14,2,Weekend,48.0,False,133.71,133.71,-26.16,False,0.0,False
2025-07-14,2025-07-15,0,Overnight,0.0,False,87.34,87.34,-282.35,False,0.0,False
2025-07-15,2025-07-16,0,Overnight,0.0,False,64.79,64.79,279.62,False,0.0,False
2025-07-16,2025-07-17,0,Overnight,0.0,False,45.9,45.9,-116.41,False,0.0,False
2025-07-17,2025-07-18,0,Overnight,0.0,False,70.2,70.2,245.36,False,0.0,False
2025-07-18,2025-07-21,2,Weekend,48.0,False,143.06,143.06,-178.31,False,0.0,False
2025-07-21,2025-07-22,0,Overnight,0.0,False,37.98,37.98,71.62,False,0.0,False
2025-07-22,2025-07-23,0,Overnight,0.0,False,-36.5,-36.5,50.04,False,0.0,False
2025-07-23,2025-07-24,0,Overnight,0.0,False,-702.48,-702.48,-152.77,False,0.0,False
2025-07-24,2025-07-25,0,Overnight,0.0,False,112.05,112.05,234.33,False,0.0,False
2025-07-25,2025-07-28,2,Weekend,48.0,False,75.33,75.33,221.73,False,0.0,False
2025-07-28,2025-07-29,0,Overnight,0.0,False,-1.23,-1.23,-134.52,False,0.0,False
2025-07-29,2025-07-30,0,Overnight,0.0,False,30.46,30.46,-97.94,False,0.0,False
2025-07-30,2025-07-31,0,Overnight,0.0,False,17.85,17.85,-361.25,False,0.0,False
2025-07-31,2025-08-01,0,Overnight,0.0,False,-67.05,-67.05,-117.6,False,0.0,False
2025-08-01,2025-08-04,2,Weekend,48.0,False,210.89,210.89,5.82,False,0.0,False
2025-08-04,2025-08-05,0,Overnight,0.0,False,-10.03,-10.03,-7.45,False,0.0,False
2025-08-05,2025-08-06,0,Overnight,0.0,False,-26.92,-26.92,382.97,False,0.0,False
2025-08-06,2025-08-07,0,Overnight,0.0,False,-3.75,-3.75,77.25,False,0.0,False
2025-08-07,2025-08-08,0,Overnight,0.0,False,-26.1,-26.1,252.52,False,0.0,False
2025-08-08,2025-08-11,2,Weekend,48.0,False,160.99,160.99,119.58,False,0.0,False
2025-08-11,2025-08-12,0,Overnight,0.0,False,174.56,174.56,-121.31,False,0.0,False
2025-08-12,2025-08-13,0,Overnight,0.0,False,19.35,19.35,-62.27,False,0.0,False
2025-08-13,2025-08-14,0,Overnight,0.0,False,-107.24,-107.24,-5.36,False,0.0,False
2025-08-14,2025-08-15,0,Overnight,0.0,False,61.79,61.79,-212.51,False,0.0,False
2025-08-15,2025-08-18,2,Weekend,48.0,False,-28.48,-28.48,166.68,False,0.0,False
2025-08-18,2025-08-19,0,Overnight,0.0,False,18.78,18.78,-194.86,False,0.0,False
2025-08-19,2025-08-20,0,Overnight,0.0,False,-2.73,-2.73,-162.91,False,0.0,False
2025-08-20,2025-08-21,0,Overnight,0.0,False,-56.35,-56.35,-61.35,False,0.0,False
2025-08-21,2025-08-22,0,Overnight,0.0,False,48.3,48.3,554.8,False,0.0,False
2025-08-22,2025-08-25,2,Weekend,48.0,False,-32.7,-32.7,224.66,False,0.0,False
2025-08-25,2025-08-26,0,Overnight,0.0,False,-48.3,-48.3,193.52,False,0.0,False
2025-08-26,2025-08-27,0,Overnight,0.0,False,7.67,7.67,-66.71,False,0.0,False
2025-08-27,2025-08-28,0,Overnight,0.0,False,37.4,37.4,-141.49,False,0.0,False
2025-08-28,2025-08-29,0,Overnight,0.0,False,36.06,36.06,-392.36,False,0.0,False
2025-08-29,2025-09-02,3,Long,72.0,False,-170.37,-170.37,34.37,False,0.0,False
2025-09-02,2025-09-03,0,Overnight,0.0,False,175.76,175.76,-33.17,False,0.0,False
2025-09-03,2025-09-04,0,Overnight,0.0,False,61.47,61.47,70.55,False,0.0,False
2025-09-04,2025-09-05,0,Overnight,0.0,False,275.9,275.9,81.28,False,0.0,False
2025-09-05,2025-09-08,2,Weekend,48.0,False,107.73,107.73,-235.09,False,0.0,False
2025-09-08,2025-09-09,0,Overnight,0.0,False,58.72,58.72,-42.28,False,0.0,False
2025-09-09,2025-09-10,0,Overnight,0.0,False,102.65,102.65,-79.04,False,0.0,False
2025-09-10,2025-09-11,0,Overnight,0.0,False,68.2,68.2,518.63,False,0.0,False
2025-09-11,2025-09-12,0,Overnight,0.0,False,57.59,57.59,652.22,False,0.0,False
2025-09-12,2025-09-15,2,Weekend,48.0,False,664.17,664.17,-314.25,False,0.0,False
2025-09-15,2025-09-16,0,Overnight,0.0,False,108.18,108.18,170.31,False,0.0,False
2025-09-16,2025-09-17,0,Overnight,0.0,False,-140.2,-140.2,240.27,False,0.0,False
2025-09-17,2025-09-18,0,Overnight,0.0,False,70.43,70.43,-284.27,False,0.0,False
2025-09-18,2025-09-19,0,Overnight,0.0,False,118.52,118.52,100.25,False,0.0,False
2025-09-19,2025-09-22,2,Weekend,48.0,False,117.6,117.6,71.65,False,0.0,False
2025-09-22,2025-09-23,0,Overnight,0.0,False,129.74,129.74,-324.15,False,0.0,False
2025-09-23,2025-09-24,0,Overnight,0.0,False,93.03,93.03,297.06,False,0.0,False
2025-09-24,2025-09-25,0,Overnight,0.0,False,-171.98,-171.98,-276.04,False,0.0,False
2025-09-25,2025-09-26,0,Overnight,0.0,False,115.3,115.3,278.6,False,0.0,False
2025-09-26,2025-09-29,2,Weekend,48.0,False,89.29,89.29,-25.69,False,0.0,False
2025-09-29,2025-09-30,0,Overnight,0.0,False,-38.2,-38.2,72.22,False,0.0,False
2025-09-30,2025-10-01,0,Overnight,0.0,False,-20.71,-20.71,346.78,False,0.0,False
2025-10-01,2025-10-02,0,Overnight,0.0,False,238.29,238.29,-762.39,False,0.0,False
2025-10-02,2025-10-03,0,Overnight,0.0,False,165.82,165.82,-308.34,False,0.0,False
2025-10-03,2025-10-06,2,Weekend,48.0,False,250.88,250.88,279.66,False,0.0,False
2025-10-06,2025-10-07,0,Overnight,0.0,False,-120.52,-120.52,-334.46,False,0.0,False
2025-10-07,2025-10-08,0,Overnight,0.0,False,102.91,102.91,25.56,False,0.0,False
2025-10-08,2025-10-09,0,Overnight,0.0,False,-158.07,-158.07,86.01,False,0.0,False
2025-10-09,2025-10-10,0,Overnight,0.0,False,22.93,22.93,-542.47,False,0.0,False
2025-10-10,2025-10-13,2,Weekend,48.0,False,239.91,239.91,287.88,False,0.0,False
2025-10-13,2025-10-14,0,Overnight,0.0,False,-211.21,-211.21,57.24,False,0.0,False
2025-10-14,2025-10-15,0,Overnight,0.0,False,131.0,131.0,5.75,False,0.0,False
2025-10-15,2025-10-16,0,Overnight,0.0,False,-9.66,-9.66,-138.51,False,0.0,False
2025-10-16,2025-10-17,0,Overnight,0.0,False,-76.09,-76.09,319.4,False,0.0,False
2025-10-17,2025-10-20,2,Weekend,48.0,False,103.26,103.26,79.88,False,0.0,False
2025-10-20,2025-10-21,0,Overnight,0.0,False,-37.39,-37.39,-71.14,False,0.0,False
2025-10-21,2025-10-22,0,Overnight,0.0,False,19.19,19.19,-101.54,False,0.0,False
2025-10-22,2025-10-23,0,Overnight,0.0,False,-441.76,-441.76,667.24,False,0.0,False
2025-10-23,2025-10-24,0,Overnight,0.0,False,-48.0,-48.0,-297.79,False,0.0,False
2025-10-24,2025-10-27,2,Weekend,48.0,False,143.3,143.3,278.82,False,0.0,False
2025-10-27,2025-10-28,0,Overnight,0.0,False,52.03,52.03,126.08,False,0.0,False
2025-10-28,2025-10-29,0,Overnight,0.0,False,42.25,42.25,-21.43,False,0.0,False
2025-10-29,2025-10-30,0,Overnight,0.0,False,-229.26,-229.26,-245.76,False,0.0,False
2025-10-30,2025-10-31,0,Overnight,0.0,False,149.97,149.97,217.21,False,0.0,False
2025-10-31,2025-11-03,2,Weekend,49.0,False,-12.49,-12.49,267.88,False,0.0,False
2025-11-03,2025-11-04,0,Overnight,0.0,False,-301.49,-301.49,-227.0,False,0.0,False
2025-11-04,2025-11-05,0,Overnight,0.0,False,173.83,173.83,219.24,False,0.0,False
2025-11-05,2025-11-06,0,Overnight,0.0,False,-2.38,-2.38,-353.61,False,0.0,False
2025-11-06,2025-11-07,0,Overnight,0.0,False,-180.81,-180.81,-193.68,False,0.0,False
2025-11-07,2025-11-10,2,Weekend,48.0,False,231.97,231.97,127.26,False,0.0,False
2025-11-10,2025-11-11,0,Overnight,0.0,False,-131.81,-131.81,5.01,False,0.0,False
2025-11-11,2025-11-12,0,Overnight,0.0,False,57.38,57.38,-264.7,False,0.0,False
2025-11-12,2025-11-13,0,Overnight,0.0,False,-175.0,-175.0,-512.52,False,0.0,False
2025-11-13,2025-11-14,0,Overnight,0.0,False,-398.13,-398.13,456.67,False,0.0,False
2025-11-14,2025-11-17,2,Weekend,48.0,False,-139.71,-139.71,252.1,False,0.0,False
2025-11-17,2025-11-18,0,Overnight,0.0,False,-86.95,-86.95,-102.4,False,0.0,False
2025-11-18,2025-11-19,0,Overnight,0.0,False,122.12,122.12,-54.06,False,0.0,False
2025-11-19,2025-11-20,0,Overnight,0.0,False,259.96,259.96,-479.19,False,0.0,False
2025-11-20,2025-11-21,0,Overnight,0.0,False,177.8,177.8,-283.1,False,0.0,False
2025-11-21,2025-11-24,2,Weekend,48.0,False,279.37,279.37,380.8,False,0.0,False
2025-11-24,2025-11-25,0,Overnight,0.0,False,-80.75,-80.75,119.45,False,0.0,False
2025-11-25,2025-11-26,0,Overnight,0.0,False,107.9,107.9,61.84,False,0.0,False
2025-11-26,2025-11-28,1,Short,24.0,False,0.23,0.23,83.57,False,0.0,False
2025-11-28,2025-12-01,2,Weekend,48.0,True,-113.39,-113.39,112.69,False,0.0,False
2025-12-01,2025-12-02,0,Overnight,0.0,False,15.56,15.56,-36.51,False,0.0,False
2025-12-02,2025-12-03,0,Overnight,0.0,False,66.41,66.41,333.2,False,0.0,False
2025-12-03,2025-12-04,0,Overnight,0.0,False,71.37,71.37,101.5,False,0.0,False
2025-12-04,2025-12-05,0,Overnight,0.0,False,-33.06,-33.06,43.39,False,0.0,False
2025-12-05,2025-12-08,2,Weekend,48.0,False,-167.33,-167.33,-177.45,False,0.0,False
2025-12-08,2025-12-09,0,Overnight,0.0,False,-46.52,-46.52,172.88,False,0.0,False
2025-12-09,2025-12-10,0,Overnight,0.0,False,20.2,20.2,119.89,False,0.0,False
2025-12-10,2025-12-11,0,Overnight,0.0,False,-55.53,-55.53,-45.99,False,0.0,False
2025-12-11,2025-12-12,0,Overnight,0.0,False,26.82,26.82,239.69,False,0.0,False
2025-12-12,2025-12-15,2,Weekend,48.0,False,225.77,225.77,124.27,False,0.0,False
2025-12-15,2025-12-16,0,Overnight,0.0,False,-65.43,-65.43,367.37,False,0.0,False
2025-12-16,2025-12-17,0,Overnight,0.0,False,-33.94,-33.94,-438.8,False,0.0,False
2025-12-17,2025-12-18,0,Overnight,0.0,False,230.6,230.6,108.37,False,0.0,False
2025-12-18,2025-12-19,0,Overnight,0.0,False,97.79,97.79,-142.78,False,0.0,False
2025-12-19,2025-12-22,2,Weekend,48.0,False,178.77,178.77,-23.5,False,0.0,False
2025-12-22,2025-12-23,0,Overnight,0.0,False,13.7,13.7,-78.77,False,0.0,False
2025-12-23,2025-12-24,0,Overnight,0.0,False,59.96,59.96,-63.25,False,0.0,False
2025-12-24,2025-12-26,1,Short,24.0,True,-3.5,-3.5,-209.08,False,0.0,False
2025-12-26,2025-12-29,2,Weekend,48.0,False,-131.12,-131.12,-201.59,False,0.0,False
2025-12-29,2025-12-30,0,Overnight,0.0,False,31.5,31.5,-145.49,False,0.0,False
2025-12-30,2025-12-31,0,Overnight,0.0,False,36.68,36.68,-140.87,False,0.0,False
2025-12-31,2026-01-02,1,Short,24.0,False,178.07,178.07,-440.54,False,0.0,False
2026-01-02,2026-01-05,2,Weekend,48.0,False,223.92,223.92,81.81,False,0.0,False
2026-01-05,2026-01-06,0,Overnight,0.0,False,-117.81,-117.81,-305.25,False,0.0,False
2026-01-06,2026-01-07,0,Overnight,0.0,False,67.68,67.68,-103.54,False,0.0,False
2026-01-07,2026-01-08,0,Overnight,0.0,False,-81.93,-81.93,183.17,False,0.0,False
2026-01-08,2026-01-09,0,Overnight,0.0,False,3.44,3.44,205.69,False,0.0,False
2026-01-09,2026-01-12,2,Weekend,48.0,False,-85.3,-85.3,173.67,False,0.0,False
2026-01-12,2026-01-13,0,Overnight,0.0,False,27.58,27.58,-66.86,False,0.0,False
2026-01-13,2026-01-14,0,Overnight,0.0,False,-98.65,-98.65,-81.86,False,0.0,False
2026-01-14,2026-01-15,0,Overnight,0.0,False,43.85,43.85,-58.2,False,0.0,False
2026-01-15,2026-01-16,0,Overnight,0.0,False,21.18,21.18,-45.61,False,0.0,False
2026-01-16,2026-01-20,3,Long,72.0,False,-187.81,-187.81,-238.28,False,0.0,False
2026-01-20,2026-01-21,0,Overnight,0.0,False,57.32,57.32,229.29,False,0.0,False
2026-01-21,2026-01-22,0,Overnight,0.0,False,85.85,85.85,321.11,False,0.0,False
2026-01-22,2026-01-23,0,Overnight,0.0,False,-43.04,-43.04,36.36,False,0.0,False
2026-01-23,2026-01-26,2,Weekend,48.0,False,-90.82,-90.82,-222.69,False,0.0,False
2026-01-26,2026-01-27,0,Overnight,0.0,False,50.65,50.65,-149.95,False,0.0,False
2026-01-27,2026-01-28,0,Overnight,0.0,False,23.41,23.41,-10.42,False,0.0,False
2026-01-28,2026-01-29,0,Overnight,0.0,False,145.87,145.87,-497.32,False,0.0,False
2026-01-29,2026-01-30,0,Overnight,0.0,False,208.82,208.82,118.26,False,0.0,False
2026-01-30,2026-02-02,2,Weekend,48.0,False,-214.17,-214.17,12.34,False,0.0,False
2026-02-02,2026-02-03,0,Overnight,0.0,False,58.15,58.15,-54.6,False,0.0,False
2026-02-03,2026-02-04,0,Overnight,0.0,False,-35.61,-35.61,-349.72,False,0.0,False
2026-02-04,2026-02-05,0,Overnight,0.0,False,-223.91,-223.91,4.78,False,0.0,False
2026-02-05,2026-02-06,0,Overnight,0.0,False,91.72,91.72,252.24,False,0.0,False
2026-02-06,2026-02-09,2,Weekend,48.0,False,-29.23,-29.23,179.16,False,0.0,False
2026-02-09,2026-02-10,0,Overnight,0.0,False,18.19,18.19,169.1,False,0.0,False
2026-02-10,2026-02-11,0,Overnight,0.0,False,64.47,64.47,7.24,False,0.0,False
2026-02-11,2026-02-12,0,Overnight,0.0,False,47.29,47.29,-312.29,False,0.0,False
2026-02-12,2026-02-13,0,Overnight,0.0,False,-66.4,-66.4,75.26,False,0.0,False
2026-02-13,2026-02-17,3,Long,72.0,False,-122.44,-122.44,-42.04,False,0.0,False
2026-02-17,2026-02-18,0,Overnight,0.0,False,11.68,11.68,5.11,False,0.0,False
2026-02-18,2026-02-19,0,Overnight,0.0,False,-99.44,-99.44,108.92,False,0.0,False
2026-02-19,2026-02-20,0,Overnight,0.0,False,-83.17,-83.17,85.84,False,0.0,False
2026-02-20,2026-02-23,2,Weekend,48.0,False,-110.61,-110.61,-184.86,False,0.0,False
2026-02-23,2026-02-24,0,Overnight,0.0,False,-8.26,-8.26,244.3,False,0.0,False
2026-02-24,2026-02-25,0,Overnight,0.0,False,67.44,67.44,126.58,False,0.0,False
2026-02-25,2026-02-26,0,Overnight,0.0,False,-71.65,-71.65,-141.92,False,0.0,False
2026-02-26,2026-02-27,0,Overnight,0.0,False,-139.0,-139.0,-10.68,False,0.0,False
2026-02-27,2026-03-02,2,Weekend,48.0,False,-300.36,-300.36,320.46,False,0.0,False
2026-03-02,2026-03-03,0,Overnight,0.0,False,-206.17,-206.17,-67.55,False,0.0,False
2026-03-03,2026-03-04,0,Overnight,0.0,False,137.17,137.17,201.3,False,0.0,False
2026-03-04,2026-03-05,0,Overnight,0.0,False,-108.23,-108.23,98.62,False,0.0,False
2026-03-05,2026-03-06,0,Overnight,0.0,False,-185.66,-185.66,-34.22,False,0.0,False
2026-03-06,2026-03-09,2,Weekend,47.0,False,-169.81,-169.81,218.84,False,0.0,False
2026-03-09,2026-03-10,0,Overnight,0.0,False,88.4,88.4,-74.36,False,0.0,False
2026-03-10,2026-03-11,0,Overnight,0.0,False,75.86,75.86,136.78,False,0.0,False
2026-03-11,2026-03-12,0,Overnight,0.0,False,-64.95,-64.95,-254.2,False,0.0,False
2026-03-12,2026-03-13,0,Overnight,0.0,False,104.76,104.76,-201.68,False,0.0,False
2026-03-13,2026-03-16,2,Weekend,48.0,False,127.51,127.51,-16.67,False,0.0,False
2026-03-16,2026-03-17,0,Overnight,0.0,False,3.29,3.29,90.07,False,0.0,False
2026-03-17,2026-03-18,0,Overnight,0.0,False,-6.76,-6.76,-157.12,False,0.0,False
2026-03-18,2026-03-19,0,Overnight,0.0,False,-141.28,-141.28,-181.62,False,0.0,False
2026-03-19,2026-03-20,0,Overnight,0.0,False,-11.84,-11.84,-318.02,False,0.0,False
2026-03-20,2026-03-23,2,Weekend,48.0,False,138.45,138.45,205.86,False,0.0,False
2026-03-23,2026-03-24,0,Overnight,0.0,False,-113.28,-113.28,170.36,False,0.0,False
2026-03-24,2026-03-25,0,Overnight,0.0,False,180.08,180.08,-104.13,False,0.0,False
2026-03-25,2026-03-26,0,Overnight,0.0,False,-113.35,-113.35,-251.83,False,0.0,False
2026-03-26,2026-03-27,0,Overnight,0.0,False,-65.25,-65.25,-214.9,False,0.0,False
2026-03-27,2026-03-30,2,Weekend,48.0,False,110.76,110.76,-293.44,False,0.0,False
2026-03-30,2026-03-31,0,Overnight,0.0,False,173.84,173.84,279.32,False,0.0,False
2026-03-31,2026-04-01,0,Overnight,0.0,False,183.38,183.38,69.22,False,0.0,False
2026-04-01,2026-04-02,0,Overnight,0.0,False,-457.78,-457.78,-99.62,False,0.0,False
2026-04-02,2026-04-06,3,Long,72.0,False,55.31,55.31,-273.15,False,0.0,False
2026-04-06,2026-04-07,0,Overnight,0.0,False,-182.48,-182.48,6.06,False,0.0,False
2026-04-07,2026-04-08,0,Overnight,0.0,False,482.61,482.61,-581.18,False,0.0,False
2026-04-08,2026-04-09,0,Overnight,0.0,False,-2.91,-2.91,71.72,False,0.0,False
2026-04-09,2026-04-10,0,Overnight,0.0,False,19.37,19.37,76.52,False,0.0,False
2026-04-10,2026-04-13,2,Weekend,48.0,False,32.04,32.04,66.91,False,0.0,False
2026-04-13,2026-04-14,0,Overnight,0.0,False,147.87,147.87,180.92,False,0.0,False
2026-04-14,2026-04-15,0,Overnight,0.0,False,71.95,71.95,662.36,False,0.0,False
2026-04-15,2026-04-16,0,Overnight,0.0,False,47.34,47.34,-125.46,False,0.0,False
2026-04-16,2026-04-17,0,Overnight,0.0,False,178.9,178.9,118.01,False,0.0,False
2026-04-17,2026-04-20,2,Weekend,48.0,False,48.8,48.8,-253.57,False,0.0,False
2026-04-20,2026-04-21,0,Overnight,0.0,False,12.73,12.73,-168.85,False,0.0,False
2026-04-21,2026-04-22,0,Overnight,0.0,False,29.72,29.72,-1.55,False,0.0,False
2026-04-22,2026-04-23,0,Overnight,0.0,False,-320.69,-320.69,-41.66,False,0.0,False
2026-04-23,2026-04-24,0,Overnight,0.0,False,-5.89,-5.89,74.69,False,0.0,False
2026-04-24,2026-04-27,2,Weekend,48.0,False,-112.51,-112.51,175.29,False,0.0,False
2026-04-27,2026-04-28,0,Overnight,0.0,False,-105.93,-105.93,35.7,False,0.0,False
2026-04-28,2026-04-29,0,Overnight,0.0,False,-16.5,-16.5,-69.5,False,0.0,False
2026-04-29,2026-04-30,0,Overnight,0.0,False,-1.34,-1.34,235.44,False,0.0,False
2026-04-30,2026-05-01,0,Overnight,0.0,False,22.51,22.51,215.45,False,0.0,False
2026-05-01,2026-05-04,2,Weekend,48.0,False,-15.11,-15.11,58.26,False,0.0,False
2026-05-04,2026-05-05,0,Overnight,0.0,False,68.05,68.05,-148.37,False,0.0,False
2026-05-05,2026-05-06,0,Overnight,0.0,False,-80.45,-80.45,318.0,False,0.0,False
2026-05-06,2026-05-07,0,Overnight,0.0,False,217.07,217.07,105.22,False,0.0,False
2026-05-07,2026-05-08,0,Overnight,0.0,False,113.25,113.25,281.02,False,0.0,False
2026-05-08,2026-05-11,2,Weekend,48.0,False,-145.56,-145.56,526.9,False,0.0,False
2026-05-11,2026-05-12,0,Overnight,0.0,False,-81.0,-81.0,-181.98,False,0.0,False
2026-05-12,2026-05-13,0,Overnight,0.0,False,74.01,74.01,195.03,False,0.0,False
2026-05-13,2026-05-14,0,Overnight,0.0,False,27.36,27.36,-71.7,False,0.0,False
2026-05-14,2026-05-15,0,Overnight,0.0,False,-212.48,-212.48,-274.25,False,0.0,False
2026-05-15,2026-05-18,2,Weekend,48.0,False,-70.59,-70.59,-223.82,False,0.0,False
2026-05-18,2026-05-19,0,Overnight,0.0,False,-167.99,-167.99,23.54,False,0.0,False
2026-05-19,2026-05-20,0,Overnight,0.0,False,85.99,85.99,234.23,False,0.0,False
2026-05-20,2026-05-21,0,Overnight,0.0,False,117.22,117.22,-103.09,False,0.0,False
2026-05-21,2026-05-22,0,Overnight,0.0,False,114.69,114.69,78.71,False,0.0,False
2026-05-22,2026-05-26,3,Long,72.0,False,99.27,99.27,77.1,False,0.0,False
2026-05-26,2026-05-27,0,Overnight,0.0,False,212.22,212.22,-57.29,False,0.0,False
2026-05-27,2026-05-28,0,Overnight,0.0,False,-62.42,-62.42,101.85,False,0.0,False
2026-05-28,2026-05-29,0,Overnight,0.0,False,-51.02,-51.02,-92.73,False,0.0,False
2026-05-29,2026-06-01,2,Weekend,48.0,False,-192.3,-192.3,-275.34,False,0.0,False
2026-06-01,2026-06-02,0,Overnight,0.0,False,56.11,56.11,131.12,False,0.0,False
2026-06-02,2026-06-03,0,Overnight,0.0,False,-119.65,-119.65,118.71,False,0.0,False
2026-06-03,2026-06-04,0,Overnight,0.0,False,-91.52,-91.52,-33.16,False,0.0,False
2026-06-04,2026-06-05,0,Overnight,0.0,False,48.87,48.87,-727.37,False,0.0,False
2026-06-05,2026-06-08,2,Weekend,48.0,False,135.4,135.4,313.46,False,0.0,False
2026-06-08,2026-06-09,0,Overnight,0.0,False,50.73,50.73,-355.36,False,0.0,False
2026-06-09,2026-06-10,0,Overnight,0.0,False,-130.42,-130.42,-257.41,False,0.0,False
2026-06-10,2026-06-11,0,Overnight,0.0,False,173.8,173.8,276.11,False,0.0,False
2026-06-11,2026-06-12,0,Overnight,0.0,False,8.51,8.51,172.23,False,0.0,False
2026-06-12,2026-06-15,2,Weekend,48.0,False,145.09,145.09,-29.63,False,0.0,False
2026-06-15,2026-06-16,0,Overnight,0.0,False,-172.71,-172.71,13.6,False,0.0,False
2026-06-16,2026-06-17,0,Overnight,0.0,False,-77.65,-77.65,-129.09,False,0.0,False
2026-06-17,2026-06-18,0,Overnight,0.0,False,43.3,43.3,59.86,False,0.0,False
2026-06-18,2026-06-22,3,Long,72.0,False,-141.83,-141.83,255.05,False,0.0,False
2026-06-22,2026-06-23,0,Overnight,0.0,False,-311.94,-311.94,-284.18,False,0.0,False
2026-06-23,2026-06-24,0,Overnight,0.0,False,-40.17,-40.17,-120.43,False,0.0,False
2026-06-24,2026-06-25,0,Overnight,0.0,False,-6.93,-6.93,-4.0,False,0.0,False
2026-06-25,2026-06-26,0,Overnight,0.0,False,-133.38,-133.38,254.99,False,0.0,False
2026-06-26,2026-06-29,2,Weekend,48.0,False,54.63,54.63,757.64,False,0.0,False
2026-06-29,2026-06-30,0,Overnight,0.0,False,-142.82,-142.82,353.29,False,0.0,False
2026-06-30,2026-07-01,0,Overnight,0.0,False,20.43,20.43,90.7,False,0.0,False
2026-07-01,2026-07-02,0,Overnight,0.0,False,63.52,63.52,-841.93,False,0.0,False
2026-07-02,2026-07-06,3,Long,72.0,False,102.41,102.41,545.12,False,0.0,False
2026-07-06,2026-07-07,0,Overnight,0.0,False,-67.17,-67.17,-343.02,False,0.0,False
2026-07-07,2026-07-08,0,Overnight,0.0,False,-87.75,-87.75,-134.1,False,0.0,False
2026-07-08,2026-07-09,0,Overnight,0.0,False,-1.78,-1.78,313.81,False,0.0,False
2026-07-09,2026-07-10,0,Overnight,0.0,False,96.45,96.45,-66.73,False,0.0,False
2026-07-10,2026-07-13,2,Weekend,48.0,False,-77.55,-77.55,-246.46,False,0.0,False
2026-07-13,2026-07-14,0,Overnight,0.0,False,108.09,108.09,-72.18,False,0.0,False
2026-07-14,2026-07-15,0,Overnight,0.0,False,80.95,80.95,-124.46,False,0.0,False
2026-07-15,2026-07-16,0,Overnight,0.0,False,-53.63,-53.63,-32.93,False,0.0,False
2026-07-16,2026-07-17,0,Overnight,0.0,False,-240.16,-240.16,-24.65,False,0.0,False
2026-07-17,2026-07-20,2,Weekend,48.0,False,135.88,135.88,-436.27,False,0.0,False
2026-07-20,2026-07-21,0,Overnight,0.0,False,43.2,43.2,206.91,False,0.0,False
2026-07-21,2026-07-22,0,Overnight,0.0,False,-90.13,-90.13,-40.56,False,0.0,False
2026-07-22,2026-07-23,0,Overnight,0.0,False,-924.0,-924.0,-645.31,False,0.0,False
2026-07-23,2026-07-24,0,Overnight,0.0,False,32.17,32.17,-242.69,False,0.0,False
2026-07-24,2026-07-27,2,Weekend,48.0,False,6.71,6.71,-129.17,False,0.0,False
2026-07-27,2026-07-28,0,Overnight,0.0,False,-106.97,-106.97,49.24,False,0.0,False
2026-07-28,2026-07-29,0,Overnight,0.0,False,-9.76,-9.76,-291.37,False,0.0,False
2026-07-29,2026-07-30,0,Overnight,0.0,False,145.75,145.75,201.13,False,0.0,False
2026-07-30,2026-07-31,0,Overnight,0.0,False,27.16,27.16,48.96,False,0.0,False
2026-07-31,2026-08-03,2,Weekend,48.0,False,-8.04,-8.04,351.36,False,0.0,False
2026-08-03,2026-08-04,0,Overnight,0.0,False,59.44,59.44,102.86,False,0.0,False
2026-08-04,2026-08-05,0,Overnight,0.0,False,-120.78,-120.78,-57.99,False,0.0,False
2026-08-05,2026-08-06,0,Overnight,0.0,False,-140.94,-140.94,77.92,False,0.0,False
2026-08-06,2026-08-07,0,Overnight,0.0,False,87.56,87.56,191.73,False,0.0,False
2026-08-07,2026-08-10,2,Weekend,48.0,False,-60.44,-60.44,130.2,False,0.0,False
2026-08-10,2026-08-11,0,Overnight,0.0,False,57.86,57.86,0.3,False,0.0,False
2026-08-11,2026-08-12,0,Overnight,0.0,False,65.59,65.59,-226.12,False,0.0,False
2026-08-12,2026-08-13,0,Overnight,0.0,False,-9.47,-9.47,382.56,False,0.0,False
2026-08-13,2026-08-14,0,Overnight,0.0,False,69.47,69.47,-1.75,False,0.0,False
2026-08-14,2026-08-17,2,Weekend,48.0,False,-46.27,-46.27,-40.88,False,0.0,False
2026-08-17,2026-08-18,0,Overnight,0.0,False,-180.82,-180.82,108.94,False,0.0,False
2026-08-18,2026-08-19,0,Overnight,0.0,False,59.79,59.79,354.52,False,0.0,False
2026-08-19,2026-08-20,0,Overnight,0.0,False,-141.11,-141.11,-30.96,False,0.0,False
2026-08-20,2026-08-21,0,Overnight,0.0,False,136.69,136.69,364.27,False,0.0,False
2026-08-21,2026-08-24,2,Weekend,48.0,False,-40.04,-40.04,-350.84,False,0.0,False
2026-08-24,2026-08-25,0,Overnight,0.0,False,18.04,18.04,19.15,False,0.0,False
2026-08-25,2026-08-26,0,Overnight,0.0,False,-143.2,-143.2,15.92,False,0.0,False
2026-08-26,2026-08-27,0,Overnight,0.0,False,9.83,9.83,246.81,False,0.0,False
2026-08-27,2026-08-28,0,Overnight,0.0,False,64.33,64.33,-236.61,False,0.0,False
2026-08-28,2026-08-31,2,Weekend,48.0,False,-44.26,-44.26,580.17,False,0.0,False
2026-08-31,2026-09-01,0,Overnight,0.0,False,-193.46,-193.46,-134.17,False,0.0,False
2026-09-01,2026-09-02,0,Overnight,0.0,False,120.59,120.59,-94.78,False,0.0,False
2026-09-02,2026-09-03,0,Overnight,0.0,False,243.78,243.78,284.31,False,0.0,False
2026-09-03,2026-09-04,0,Overnight,0.0,False,-387.35,-387.35,-223.15,False,0.0,False
2026-09-04,2026-09-08,3,Long,72.0,False,84.93,84.93,305.02,False,0.0,False
2026-09-08,2026-09-09,0,Overnight,0.0,False,2.44,2.44,-11.96,False,0.0,False
2026-09-09,2026-09-10,0,Overnight,0.0,False,-197.97,-197.97,81.75,False,0.0,False
2026-09-10,2026-09-11,0,Overnight,0.0,False,17.59,17.59,33.99,False,0.0,False
2026-09-11,2026-09-14,2,Weekend,48.0,False,-156.09,-156.09,-22.54,False,0.0,False
2026-09-14,2026-09-15,0,Overnight,0.0,False,-6.13,-6.13,-60.67,False,0.0,False
2026-09-15,2026-09-16,0,Overnight,0.0,False,37.79,37.79,4.19,False,0.0,False
2026-09-16,2026-09-17,0,Overnight,0.0,False,259.13,259.13,-34.89,False,0.0,False
2026-09-17,2026-09-18,0,Overnight,0.0,False,76.17,76.17,-129.01,False,0.0,False
2026-09-18,2026-09-21,2,Weekend,48.0,False,200.3,200.3,98.0,False,0.0,False
2026-09-21,2026-09-22,0,Overnight,0.0,False,99.95,99.95,-4.49,False,0.0,False
2026-09-22,2026-09-23,0,Overnight,0.0,False,31.62,31.62,0.53,False,0.0,False
2026-09-23,2026-09-24,0,Overnight,0.0,False,-73.14,-73.14,15.62,False,0.0,False
2026-09-24,2026-09-25,0,Overnight,0.0,False,175.2,175.2,-330.66,False,0.0,False
2026-09-25,2026-09-28,2,Weekend,48.0,False,-109.44,-109.44,-292.5,False,0.0,False
2026-09-28,2026-09-29,0,Overnight,0.0,False,26.54,26.54,-156.35,False,0.0,False
2026-09-29,2026-09-30,0,Overnight,0.0,False,-20.71,-20.71,76.39,False,0.0,False
2026-09-30,2026-10-01,0,Overnight,0.0,False,56.21,56.21,-75.96,False,0.0,False
