d1,d2,n_closed,cls,hours,d1_early_close,gap_bps,gap_divneutral_bps,oc_bps,exdiv,div_bps,split
2010-01-04,2010-01-05,0,Overnight,0.0,False,5.78,5.78,33.19,False,0.0,False
2010-01-05,2010-01-06,0,Overnight,0.0,False,4.32,4.32,81.74,False,0.0,False
2010-01-06,2010-01-07,0,Overnight,0.0,False,-17.15,-17.15,-14.32,False,0.0,False
2010-01-07,2010-01-08,0,Overnight,0.0,False,-15.77,-15.77,-24.42,False,0.0,False
2010-01-08,2010-01-11,2,Weekend,48.0,False,60.23,60.23,51.34,False,0.0,False
2010-01-11,2010-01-12,0,Overnight,0.0,False,-82.85,-82.85,32.93,False,0.0,False
2010-01-12,2010-01-13,0,Overnight,0.0,False,1.43,1.43,-41.54,False,0.0,False
2010-01-13,2010-01-14,0,Overnight,0.0,False,-18.68,-18.68,20.11,False,0.0,False
2010-01-14,2010-01-15,0,Overnight,0.0,False,-4.31,-4.31,-77.83,False,0.0,False
2010-01-15,2010-01-19,3,Long,72.0,False,-53.68,-53.68,76.81,False,0.0,False
2010-01-19,2010-01-20,0,Overnight,0.0,False,-103.03,-103.03,-77.6,False,0.0,False
2010-01-20,2010-01-21,0,Overnight,0.0,False,13.22,13.22,-210.66,False,0.0,False
2010-01-21,2010-01-22,0,Overnight,0.0,False,-27.02,-27.02,-63.34,False,0.0,False
2010-01-22,2010-01-25,2,Weekend,48.0,False,67.85,67.85,-105.74,False,0.0,False
2010-01-25,2010-01-26,0,Overnight,0.0,False,-31.94,-31.94,42.57,False,0.0,False
2010-01-26,2010-01-27,0,Overnight,0.0,False,-39.52,-39.52,-18.29,False,0.0,False
2010-01-27,2010-01-28,0,Overnight,0.0,False,47.19,47.19,-136.08,False,0.0,False
2010-01-28,2010-01-29,0,Overnight,0.0,False,29.21,29.21,-111.13,False,0.0,False
2010-01-29,2010-02-01,2,Weekend,48.0,False,205.84,205.84,62.15,False,0.0,False
2010-02-01,2010-02-02,0,Overnight,0.0,False,82.76,82.76,34.41,False,0.0,False
2010-02-02,2010-02-03,0,Overnight,0.0,False,-11.95,-11.95,-41.95,False,0.0,False
2010-02-03,2010-02-04,0,Overnight,0.0,False,-49.67,-49.67,-236.67,False,0.0,False
2010-02-04,2010-02-05,0,Overnight,0.0,False,-3.09,-3.09,15.44,False,0.0,False
2010-02-05,2010-02-08,2,Weekend,48.0,False,16.96,81.46,-86.65,True,64.81,False
2010-02-08,2010-02-09,0,Overnight,0.0,False,117.41,117.41,13.81,False,0.0,False
2010-02-09,2010-02-10,0,Overnight,0.0,False,-18.42,-18.42,-35.4,False,0.0,False
2010-02-10,2010-02-11,0,Overnight,0.0,False,-24.7,-24.7,84.66,False,0.0,False
2010-02-11,2010-02-12,0,Overnight,0.0,False,-95.49,-95.49,27.82,False,0.0,False
2010-02-12,2010-02-16,3,Long,72.0,False,98.28,98.28,127.54,False,0.0,False
2010-02-16,2010-02-17,0,Overnight,0.0,False,9.05,9.05,-87.81,False,0.0,False
2010-02-17,2010-02-18,0,Overnight,0.0,False,6.08,6.08,24.29,False,0.0,False
2010-02-18,2010-02-19,0,Overnight,0.0,False,-56.25,-56.25,42.6,False,0.0,False
2010-02-19,2010-02-22,2,Weekend,48.0,False,34.86,34.86,-106.46,False,0.0,False
2010-02-22,2010-02-23,0,Overnight,0.0,False,-21.43,-21.43,-49.16,False,0.0,False
2010-02-23,2010-02-24,0,Overnight,0.0,False,10.77,10.77,82.72,False,0.0,False
2010-02-24,2010-02-25,0,Overnight,0.0,False,-144.44,-144.44,81.7,False,0.0,False
2010-02-25,2010-02-26,0,Overnight,0.0,False,18.41,18.41,-39.92,False,0.0,False
2010-02-26,2010-03-01,2,Weekend,48.0,False,55.23,55.23,6.12,False,0.0,False
2010-03-01,2010-03-02,0,Overnight,0.0,False,39.68,39.68,-25.93,False,0.0,False
2010-03-02,2010-03-03,0,Overnight,0.0,False,42.66,42.66,-51.83,False,0.0,False
2010-03-03,2010-03-04,0,Overnight,0.0,False,-12.23,-12.23,7.65,False,0.0,False
2010-03-04,2010-03-05,0,Overnight,0.0,False,85.26,85.26,77.02,False,0.0,False
2010-03-05,2010-03-08,2,Weekend,48.0,False,45.03,45.03,-43.53,False,0.0,False
2010-03-08,2010-03-09,0,Overnight,0.0,False,-24.1,-24.1,69.12,False,0.0,False
2010-03-09,2010-03-10,0,Overnight,0.0,False,56.74,56.74,8.93,False,0.0,False
2010-03-10,2010-03-11,0,Overnight,0.0,False,25.26,25.26,-25.26,False,0.0,False
2010-03-11,2010-03-12,0,Overnight,0.0,False,53.41,53.41,-116.09,False,0.0,False
2010-03-12,2010-03-15,2,Weekend,47.0,False,-19.48,-19.48,-55.65,False,0.0,False
2010-03-15,2010-03-16,0,Overnight,0.0,False,37.64,37.64,3.0,False,0.0,False
2010-03-16,2010-03-17,0,Overnight,0.0,False,50.94,50.94,67.03,False,0.0,False
2010-03-17,2010-03-18,0,Overnight,0.0,False,20.76,20.76,-16.31,False,0.0,False
2010-03-18,2010-03-19,0,Overnight,0.0,False,-52.07,-52.07,0.0,False,0.0,False
2010-03-19,2010-03-22,2,Weekend,48.0,False,-82.38,-82.38,71.93,False,0.0,False
2010-03-22,2010-03-23,0,Overnight,0.0,False,-4.48,-4.48,1.49,False,0.0,False
2010-03-23,2010-03-24,0,Overnight,0.0,False,-56.92,-56.92,-10.52,False,0.0,False
2010-03-24,2010-03-25,0,Overnight,0.0,False,46.51,46.51,-76.63,False,0.0,False
2010-03-25,2010-03-26,0,Overnight,0.0,False,21.09,21.09,15.04,False,0.0,False
2010-03-26,2010-03-29,2,Weekend,48.0,False,18.02,18.02,95.55,False,0.0,False
2010-03-29,2010-03-30,0,Overnight,0.0,False,-16.36,-16.36,-20.86,False,0.0,False
2010-03-30,2010-03-31,0,Overnight,0.0,False,-16.42,-16.42,5.97,False,0.0,False
2010-03-31,2010-04-01,0,Overnight,0.0,False,43.2,43.2,50.42,False,0.0,False
2010-04-01,2010-04-05,3,Long,72.0,False,33.96,33.96,51.46,False,0.0,False
2010-04-05,2010-04-06,0,Overnight,0.0,False,-29.37,-29.37,-13.25,False,0.0,False
2010-04-06,2010-04-07,0,Overnight,0.0,False,-10.31,-10.31,-72.5,False,0.0,False
2010-04-07,2010-04-08,0,Overnight,0.0,False,-49.12,-49.12,126.05,False,0.0,False
2010-04-08,2010-04-09,0,Overnight,0.0,False,36.77,36.77,94.98,False,0.0,False
2010-04-09,2010-04-12,2,Weekend,48.0,False,5.82,5.82,-13.09,False,0.0,False
2010-04-12,2010-04-13,0,Overnight,0.0,False,-34.99,-34.99,27.71,False,0.0,False
2010-04-13,2010-04-14,0,Overnight,0.0,False,8.73,8.73,-16.02,False,0.0,False
2010-04-14,2010-04-15,0,Overnight,0.0,False,-16.05,-16.05,-35.1,False,0.0,False
2010-04-15,2010-04-16,0,Overnight,0.0,False,-20.53,-20.53,-27.93,False,0.0,False
2010-04-16,2010-04-19,2,Weekend,48.0,False,-26.53,-26.53,70.6,False,0.0,False
2010-04-19,2010-04-20,0,Overnight,0.0,False,57.0,57.0,50.88,False,0.0,False
2010-04-20,2010-04-21,0,Overnight,0.0,False,4.35,4.35,-11.6,False,0.0,False
2010-04-21,2010-04-22,0,Overnight,0.0,False,-58.21,-58.21,5.84,False,0.0,False
2010-04-22,2010-04-23,0,Overnight,0.0,False,-8.75,-8.75,107.45,False,0.0,False
2010-04-23,2010-04-26,2,Weekend,48.0,False,-30.38,-30.38,37.59,False,0.0,False
2010-04-26,2010-04-27,0,Overnight,0.0,False,-40.49,-40.49,-107.81,False,0.0,False
2010-04-27,2010-04-28,0,Overnight,0.0,False,87.5,87.5,46.36,False,0.0,False
2010-04-28,2010-04-29,0,Overnight,0.0,False,-107.53,-107.53,30.63,False,0.0,False
2010-04-29,2010-04-30,0,Overnight,0.0,False,34.89,34.89,-165.37,False,0.0,False
2010-04-30,2010-05-03,2,Weekend,48.0,False,50.04,50.04,-39.72,False,0.0,False
2010-05-03,2010-05-04,0,Overnight,0.0,False,-102.23,-102.23,-101.78,False,0.0,False
2010-05-04,2010-05-05,0,Overnight,0.0,False,-80.05,-80.05,34.82,False,0.0,False
2010-05-05,2010-05-06,0,Overnight,0.0,False,-57.59,-57.59,-293.05,False,0.0,False
2010-05-06,2010-05-07,0,Overnight,0.0,False,95.02,95.02,-124.81,False,0.0,False
2010-05-07,2010-05-10,2,Weekend,48.0,False,266.43,266.43,-29.08,False,0.0,False
2010-05-10,2010-05-11,0,Overnight,0.0,False,-93.96,-26.1,-24.79,True,67.45,False
2010-05-11,2010-05-12,0,Overnight,0.0,False,27.89,27.89,41.68,False,0.0,False
2010-05-12,2010-05-13,0,Overnight,0.0,False,-6.16,-6.16,-20.06,False,0.0,False
2010-05-13,2010-05-14,0,Overnight,0.0,False,-37.14,-37.14,-140.52,False,0.0,False
2010-05-14,2010-05-17,2,Weekend,48.0,False,21.99,21.99,-74.01,False,0.0,False
2010-05-17,2010-05-18,0,Overnight,0.0,False,122.53,122.53,-198.68,False,0.0,False
2010-05-18,2010-05-19,0,Overnight,0.0,False,-52.7,-52.7,-1.6,False,0.0,False
2010-05-19,2010-05-20,0,Overnight,0.0,False,-158.17,-158.17,-187.2,False,0.0,False
2010-05-20,2010-05-21,0,Overnight,0.0,False,-195.84,-195.84,286.59,False,0.0,False
2010-05-21,2010-05-24,2,Weekend,48.0,False,-23.02,-23.02,-90.96,False,0.0,False
2010-05-24,2010-05-25,0,Overnight,0.0,False,-201.38,-201.38,121.32,False,0.0,False
2010-05-25,2010-05-26,0,Overnight,0.0,False,61.78,61.78,-128.99,False,0.0,False
2010-05-26,2010-05-27,0,Overnight,0.0,False,198.65,198.65,157.43,False,0.0,False
2010-05-27,2010-05-28,0,Overnight,0.0,False,-40.76,-40.76,-123.29,False,0.0,False
2010-05-28,2010-06-01,3,Long,72.0,False,-13.24,-13.24,-188.92,False,0.0,False
2010-06-01,2010-06-02,0,Overnight,0.0,False,43.79,43.79,209.52,False,0.0,False
2010-06-02,2010-06-03,0,Overnight,0.0,False,75.41,75.41,53.75,False,0.0,False
2010-06-03,2010-06-04,0,Overnight,0.0,False,-134.1,-134.1,-201.22,False,0.0,False
2010-06-04,2010-06-07,2,Weekend,48.0,False,75.31,75.31,-114.02,False,0.0,False
2010-06-07,2010-06-08,0,Overnight,0.0,False,53.82,53.82,268.1,False,0.0,False
2010-06-08,2010-06-09,0,Overnight,0.0,False,55.37,55.37,-254.93,False,0.0,False
2010-06-09,2010-06-10,0,Overnight,0.0,False,241.93,241.93,63.21,False,0.0,False
2010-06-10,2010-06-11,0,Overnight,0.0,False,-33.99,-33.99,29.14,False,0.0,False
2010-06-11,2010-06-14,2,Weekend,48.0,False,32.28,32.28,-111.81,False,0.0,False
2010-06-14,2010-06-15,0,Overnight,0.0,False,84.37,84.37,99.68,False,0.0,False
2010-06-15,2010-06-16,0,Overnight,0.0,False,-86.76,-86.76,86.76,False,0.0,False
2010-06-16,2010-06-17,0,Overnight,0.0,False,-14.41,-14.41,28.8,False,0.0,False
2010-06-17,2010-06-18,0,Overnight,0.0,False,28.71,28.71,50.84,False,0.0,False
2010-06-18,2010-06-21,2,Weekend,48.0,False,157.24,157.24,-152.48,False,0.0,False
2010-06-21,2010-06-22,0,Overnight,0.0,False,0.0,0.0,-190.3,False,0.0,False
2010-06-22,2010-06-23,0,Overnight,0.0,False,-37.2,-37.2,-99.34,False,0.0,False
2010-06-23,2010-06-24,0,Overnight,0.0,False,-45.93,-45.93,-124.08,False,0.0,False
2010-06-24,2010-06-25,0,Overnight,0.0,False,13.31,13.31,-176.11,False,0.0,False
2010-06-25,2010-06-28,2,Weekend,48.0,False,35.47,35.47,-142.64,False,0.0,False
2010-06-28,2010-06-29,0,Overnight,0.0,False,-80.71,-80.71,-123.17,False,0.0,False
2010-06-29,2010-06-30,0,Overnight,0.0,False,6.98,6.98,-45.45,False,0.0,False
2010-06-30,2010-07-01,0,Overnight,0.0,False,-15.78,-15.78,-65.15,False,0.0,False
2010-07-01,2010-07-02,0,Overnight,0.0,False,42.31,42.31,-49.37,False,0.0,False
2010-07-02,2010-07-06,3,Long,72.0,False,105.5,105.5,50.6,False,0.0,False
2010-07-06,2010-07-07,0,Overnight,0.0,False,-15.68,-15.68,183.08,False,0.0,False
2010-07-07,2010-07-08,0,Overnight,0.0,False,119.09,119.09,-54.27,False,0.0,False
2010-07-08,2010-07-09,0,Overnight,0.0,False,-8.51,-8.51,3.4,False,0.0,False
2010-07-09,2010-07-12,2,Weekend,48.0,False,-83.71,-83.71,110.89,False,0.0,False
2010-07-12,2010-07-13,0,Overnight,0.0,False,111.36,111.36,-30.25,False,0.0,False
2010-07-13,2010-07-14,0,Overnight,0.0,False,-33.71,-33.71,6.75,False,0.0,False
2010-07-14,2010-07-15,0,Overnight,0.0,False,16.86,16.86,-15.17,False,0.0,False
2010-07-15,2010-07-16,0,Overnight,0.0,False,-72.81,-72.81,-150.69,False,0.0,False
2010-07-16,2010-07-19,2,Weekend,48.0,False,63.63,63.63,17.13,False,0.0,False
2010-07-19,2010-07-20,0,Overnight,0.0,False,-129.19,-129.19,217.79,False,0.0,False
2010-07-20,2010-07-21,0,Overnight,0.0,False,30.49,30.49,-163.69,False,0.0,False
2010-07-21,2010-07-22,0,Overnight,0.0,False,92.4,92.4,113.47,False,0.0,False
2010-07-22,2010-07-23,0,Overnight,0.0,False,-20.23,-20.23,77.32,False,0.0,False
2010-07-23,2010-07-26,2,Weekend,48.0,False,-3.35,-3.35,114.91,False,0.0,False
2010-07-26,2010-07-27,0,Overnight,0.0,False,38.01,38.01,31.29,False,0.0,False
2010-07-27,2010-07-28,0,Overnight,0.0,False,-13.16,-13.16,29.6,False,0.0,False
2010-07-28,2010-07-29,0,Overnight,0.0,False,83.38,83.38,-177.4,False,0.0,False
2010-07-29,2010-07-30,0,Overnight,0.0,False,-31.54,-31.54,-78.45,False,0.0,False
2010-07-30,2010-08-02,2,Weekend,48.0,False,159.58,159.58,212.11,False,0.0,False
2010-08-02,2010-08-03,0,Overnight,0.0,False,6.46,6.46,118.69,False,0.0,False
2010-08-03,2010-08-04,0,Overnight,0.0,False,22.3,22.3,-22.3,False,0.0,False
2010-08-04,2010-08-05,0,Overnight,0.0,False,-70.4,-70.4,68.81,False,0.0,False
2010-08-05,2010-08-06,0,Overnight,0.0,False,-126.78,-126.78,8.07,False,0.0,False
2010-08-06,2010-08-09,2,Weekend,48.0,False,94.76,94.76,-17.6,False,0.0,False
2010-08-09,2010-08-10,0,Overnight,0.0,False,-96.54,-96.54,12.93,False,0.0,False
2010-08-10,2010-08-11,0,Overnight,0.0,False,-225.35,-152.95,-26.46,True,71.05,False
2010-08-11,2010-08-12,0,Overnight,0.0,False,-114.91,-114.91,88.39,False,0.0,False
2010-08-12,2010-08-13,0,Overnight,0.0,False,-44.93,-44.93,-8.34,False,0.0,False
2010-08-13,2010-08-16,2,Weekend,48.0,False,-51.88,-51.88,46.87,False,0.0,False
2010-08-16,2010-08-17,0,Overnight,0.0,False,101.36,101.36,54.41,False,0.0,False
2010-08-17,2010-08-18,0,Overnight,0.0,False,-24.69,-24.69,-86.08,False,0.0,False
2010-08-18,2010-08-19,0,Overnight,0.0,False,-36.64,-36.64,-107.37,False,0.0,False
2010-08-19,2010-08-20,0,Overnight,0.0,False,-45.64,-45.64,-22.05,False,0.0,False
2010-08-20,2010-08-23,2,Weekend,48.0,False,13.58,13.58,89.47,False,0.0,False
2010-08-23,2010-08-24,0,Overnight,0.0,False,-91.17,-91.17,-3.39,False,0.0,False
2010-08-24,2010-08-25,0,Overnight,0.0,False,-42.51,-42.51,37.42,False,0.0,False
2010-08-25,2010-08-26,0,Overnight,0.0,False,76.1,76.1,-149.36,False,0.0,False
2010-08-26,2010-08-27,0,Overnight,0.0,False,40.96,40.96,182.25,False,0.0,False
2010-08-27,2010-08-30,2,Weekend,48.0,False,-40.21,-40.21,-94.47,False,0.0,False
2010-08-30,2010-08-31,0,Overnight,0.0,False,-42.46,-42.46,61.09,False,0.0,False
2010-08-31,2010-09-01,0,Overnight,0.0,False,156.11,156.11,143.86,False,0.0,False
2010-09-01,2010-09-02,0,Overnight,0.0,False,-69.19,-69.19,93.79,False,0.0,False
2010-09-02,2010-09-03,0,Overnight,0.0,False,22.9,22.9,19.59,False,0.0,False
2010-09-03,2010-09-07,3,Long,72.0,False,-70.37,-70.37,-55.99,False,0.0,False
2010-09-07,2010-09-08,0,Overnight,0.0,False,18.15,18.15,14.83,False,0.0,False
2010-09-08,2010-09-09,0,Overnight,0.0,False,122.7,122.7,-73.44,False,0.0,False
2010-09-09,2010-09-10,0,Overnight,0.0,False,53.91,53.91,-29.37,False,0.0,False
2010-09-10,2010-09-13,2,Weekend,48.0,False,31.0,31.0,-63.73,False,0.0,False
2010-09-13,2010-09-14,0,Overnight,0.0,False,-26.26,-26.26,27.9,False,0.0,False
2010-09-14,2010-09-15,0,Overnight,0.0,False,-41.06,-41.06,39.42,False,0.0,False
2010-09-15,2010-09-16,0,Overnight,0.0,False,-24.62,-24.62,19.7,False,0.0,False
2010-09-16,2010-09-17,0,Overnight,0.0,False,36.02,36.02,-67.23,False,0.0,False
2010-09-17,2010-09-20,2,Weekend,48.0,False,42.69,42.69,83.2,False,0.0,False
2010-09-20,2010-09-21,0,Overnight,0.0,False,16.23,16.23,-17.86,False,0.0,False
2010-09-21,2010-09-22,0,Overnight,0.0,False,3.25,3.25,-17.88,False,0.0,False
2010-09-22,2010-09-23,0,Overnight,0.0,False,-75.14,-75.14,26.2,False,0.0,False
2010-09-23,2010-09-24,0,Overnight,0.0,False,58.7,58.7,38.94,False,0.0,False
2010-09-24,2010-09-27,2,Weekend,48.0,False,38.79,38.79,-45.27,False,0.0,False
2010-09-27,2010-09-28,0,Overnight,0.0,False,-12.97,-12.97,69.53,False,0.0,False
2010-09-28,2010-09-29,0,Overnight,0.0,False,-46.84,-46.84,-29.18,False,0.0,False
2010-09-29,2010-09-30,0,Overnight,0.0,False,58.28,58.28,-25.86,False,0.0,False
2010-09-30,2010-10-01,0,Overnight,0.0,False,85.41,85.41,35.24,False,0.0,False
2010-10-01,2010-10-04,2,Weekend,48.0,False,-3.2,-3.2,-52.92,False,0.0,False
2010-10-04,2010-10-05,0,Overnight,0.0,False,64.11,64.11,106.48,False,0.0,False
2010-10-05,2010-10-06,0,Overnight,0.0,False,-12.65,-12.65,119.57,False,0.0,False
2010-10-06,2010-10-07,0,Overnight,0.0,False,3.13,3.13,-17.21,False,0.0,False
2010-10-07,2010-10-08,0,Overnight,0.0,False,-6.27,-6.27,88.93,False,0.0,False
2010-10-08,2010-10-11,2,Weekend,48.0,False,-3.11,-3.11,29.48,False,0.0,False
2010-10-11,2010-10-12,0,Overnight,0.0,False,-37.25,-37.25,60.46,False,0.0,False
2010-10-12,2010-10-13,0,Overnight,0.0,False,21.61,21.61,30.8,False,0.0,False
2010-10-13,2010-10-14,0,Overnight,0.0,False,1.54,1.54,38.36,False,0.0,False
2010-10-14,2010-10-15,0,Overnight,0.0,False,51.93,51.93,-68.79,False,0.0,False
2010-10-15,2010-10-18,2,Weekend,48.0,False,0.0,0.0,165.82,False,0.0,False
2010-10-18,2010-10-19,0,Overnight,0.0,False,-104.65,-104.65,-71.91,False,0.0,False
2010-10-19,2010-10-20,0,Overnight,0.0,False,53.6,53.6,82.14,False,0.0,False
2010-10-20,2010-10-21,0,Overnight,0.0,False,42.33,42.33,4.52,False,0.0,False
2010-10-21,2010-10-22,0,Overnight,0.0,False,28.61,28.61,-25.59,False,0.0,False
2010-10-22,2010-10-25,2,Weekend,48.0,False,51.12,51.12,-72.25,False,0.0,False
2010-10-25,2010-10-26,0,Overnight,0.0,False,-36.32,-36.32,86.04,False,0.0,False
2010-10-26,2010-10-27,0,Overnight,0.0,False,-87.56,-87.56,-42.55,False,0.0,False
2010-10-27,2010-10-28,0,Overnight,0.0,False,115.07,115.07,-31.66,False,0.0,False
2010-10-28,2010-10-29,0,Overnight,0.0,False,-18.14,-18.14,58.83,False,0.0,False
2010-10-29,2010-11-01,2,Weekend,48.0,False,34.53,34.53,34.41,False,0.0,False
2010-11-01,2010-11-02,0,Overnight,0.0,False,55.11,55.11,76.95,False,0.0,False
2010-11-02,2010-11-03,0,Overnight,0.0,False,57.32,57.32,-38.18,False,0.0,False
2010-11-03,2010-11-04,0,Overnight,0.0,False,63.06,63.06,142.26,False,0.0,False
2010-11-04,2010-11-05,0,Overnight,0.0,False,8.65,8.65,80.32,False,0.0,False
2010-11-05,2010-11-08,2,Weekend,49.0,False,-73.12,-73.12,118.73,False,0.0,False
2010-11-08,2010-11-09,0,Overnight,0.0,False,-4.27,58.14,48.25,True,62.57,False
2010-11-09,2010-11-10,0,Overnight,0.0,False,46.61,46.61,23.93,False,0.0,False
2010-11-10,2010-11-11,0,Overnight,0.0,False,-18.29,-18.29,116.22,False,0.0,False
2010-11-11,2010-11-12,0,Overnight,0.0,False,-62.85,-62.85,-54.79,False,0.0,False
2010-11-12,2010-11-15,2,Weekend,48.0,False,2.82,2.82,-74.92,False,0.0,False
2010-11-15,2010-11-16,0,Overnight,0.0,False,-122.77,-122.77,-98.15,False,0.0,False
2010-11-16,2010-11-17,0,Overnight,0.0,False,-14.52,-14.52,24.67,False,0.0,False
2010-11-17,2010-11-18,0,Overnight,0.0,False,92.31,92.31,94.31,False,0.0,False
2010-11-18,2010-11-19,0,Overnight,0.0,False,-15.66,-15.66,48.32,False,0.0,False
2010-11-19,2010-11-22,2,Weekend,48.0,False,-62.57,-62.57,12.83,False,0.0,False
2010-11-22,2010-11-23,0,Overnight,0.0,False,-200.02,-200.02,26.13,False,0.0,False
2010-11-23,2010-11-24,0,Overnight,0.0,False,39.06,39.06,90.56,False,0.0,False
2010-11-24,2010-11-26,1,Short,24.0,False,-83.34,-83.34,-10.11,False,0.0,False
2010-11-26,2010-11-29,2,Weekend,48.0,True,-53.59,-53.59,85.32,False,0.0,False
2010-11-29,2010-11-30,0,Overnight,0.0,False,-130.44,-130.44,146.26,False,0.0,False
2010-11-30,2010-12-01,0,Overnight,0.0,False,117.19,117.19,134.08,False,0.0,False
2010-12-01,2010-12-02,0,Overnight,0.0,False,-19.65,-19.65,40.65,False,0.0,False
2010-12-02,2010-12-03,0,Overnight,0.0,False,-65.97,-65.97,25.32,False,0.0,False
2010-12-03,2010-12-06,2,Weekend,48.0,False,1.4,1.4,15.44,False,0.0,False
2010-12-06,2010-12-07,0,Overnight,0.0,False,83.79,83.79,-62.78,False,0.0,False
2010-12-07,2010-12-08,0,Overnight,0.0,False,57.21,57.21,-2.78,False,0.0,False
2010-12-08,2010-12-09,0,Overnight,0.0,False,27.8,27.8,-6.94,False,0.0,False
2010-12-09,2010-12-10,0,Overnight,0.0,False,24.97,24.97,0.0,False,0.0,False
2010-12-10,2010-12-13,2,Weekend,48.0,False,31.81,31.81,-6.91,False,0.0,False
2010-12-13,2010-12-14,0,Overnight,0.0,False,-17.98,-17.98,-6.93,False,0.0,False
2010-12-14,2010-12-15,0,Overnight,0.0,False,-43.04,-43.04,-2.78,False,0.0,False
2010-12-15,2010-12-16,0,Overnight,0.0,False,9.74,9.74,41.63,False,0.0,False
2010-12-16,2010-12-17,0,Overnight,0.0,False,-15.24,-15.24,8.32,False,0.0,False
2010-12-17,2010-12-20,2,Weekend,48.0,False,9.69,9.69,-2.77,False,0.0,False
2010-12-20,2010-12-21,0,Overnight,0.0,False,29.04,29.04,39.96,False,0.0,False
2010-12-21,2010-12-22,0,Overnight,0.0,False,30.21,30.21,-19.21,False,0.0,False
2010-12-22,2010-12-23,0,Overnight,0.0,False,19.21,19.21,35.58,False,0.0,False
2010-12-23,2010-12-27,3,Long,72.0,False,-53.42,-53.42,27.43,False,0.0,False
2010-12-27,2010-12-28,0,Overnight,0.0,False,25.99,25.99,30.01,False,0.0,False
2010-12-28,2010-12-29,0,Overnight,0.0,False,-1.36,-1.36,-5.45,False,0.0,False
2010-12-29,2010-12-30,0,Overnight,0.0,False,-10.91,-10.91,9.55,False,0.0,False
2010-12-30,2010-12-31,0,Overnight,0.0,False,-27.3,-27.3,-5.47,False,0.0,False
2010-12-31,2011-01-03,2,Weekend,48.0,False,81.72,81.72,111.96,False,0.0,False
2011-01-03,2011-01-04,0,Overnight,0.0,False,21.44,21.44,25.4,False,0.0,False
2011-01-04,2011-01-05,0,Overnight,0.0,False,-30.76,-30.76,4.02,False,0.0,False
2011-01-05,2011-01-06,0,Overnight,0.0,False,26.74,26.74,37.31,False,0.0,False
2011-01-06,2011-01-07,0,Overnight,0.0,False,3.99,3.99,50.4,False,0.0,False
2011-01-07,2011-01-10,2,Weekend,48.0,False,-61.04,-61.04,0.0,False,0.0,False
2011-01-10,2011-01-11,0,Overnight,0.0,False,-14.65,-14.65,88.91,False,0.0,False
2011-01-11,2011-01-12,0,Overnight,0.0,False,32.98,32.98,83.92,False,0.0,False
2011-01-12,2011-01-13,0,Overnight,0.0,False,9.14,9.14,7.82,False,0.0,False
2011-01-13,2011-01-14,0,Overnight,0.0,False,-5.22,-5.22,151.45,False,0.0,False
2011-01-14,2011-01-18,3,Long,72.0,False,-6.42,-6.42,117.57,False,0.0,False
2011-01-18,2011-01-19,0,Overnight,0.0,False,-10.17,-10.17,-49.72,False,0.0,False
2011-01-19,2011-01-20,0,Overnight,0.0,False,-33.29,-33.29,-29.54,False,0.0,False
2011-01-20,2011-01-21,0,Overnight,0.0,False,58.99,58.99,97.97,False,0.0,False
2011-01-21,2011-01-24,2,Weekend,48.0,False,-16.47,-16.47,-33.03,False,0.0,False
2011-01-24,2011-01-25,0,Overnight,0.0,False,-47.19,-47.19,58.64,False,0.0,False
2011-01-25,2011-01-26,0,Overnight,0.0,False,3.81,3.81,119.97,False,0.0,False
2011-01-26,2011-01-27,0,Overnight,0.0,False,22.57,22.57,5.01,False,0.0,False
2011-01-27,2011-01-28,0,Overnight,0.0,False,-12.53,-12.53,-99.52,False,0.0,False
2011-01-28,2011-01-31,2,Weekend,48.0,False,117.05,117.05,94.65,False,0.0,False
2011-01-31,2011-02-01,0,Overnight,0.0,False,56.85,56.85,335.69,False,0.0,False
2011-02-01,2011-02-02,0,Overnight,0.0,False,-38.21,-38.21,-21.56,False,0.0,False
2011-02-02,2011-02-03,0,Overnight,0.0,False,-42.05,-42.05,45.65,False,0.0,False
2011-02-03,2011-02-04,0,Overnight,0.0,False,-22.8,-22.8,3.6,False,0.0,False
2011-02-04,2011-02-07,2,Weekend,48.0,False,20.39,20.39,57.36,False,0.0,False
2011-02-07,2011-02-08,0,Overnight,0.0,False,-51.36,1.19,-62.47,True,52.42,False
2011-02-08,2011-02-09,0,Overnight,0.0,False,-65.29,-65.29,13.33,False,0.0,False
2011-02-09,2011-02-10,0,Overnight,0.0,False,-105.95,-105.95,184.38,False,0.0,False
2011-02-10,2011-02-11,0,Overnight,0.0,False,-117.27,-117.27,71.49,False,0.0,False
2011-02-11,2011-02-14,2,Weekend,48.0,False,-90.97,-90.97,340.19,False,0.0,False
2011-02-14,2011-02-15,0,Overnight,0.0,False,-14.14,-14.14,-216.99,False,0.0,False
2011-02-15,2011-02-16,0,Overnight,0.0,False,10.84,10.84,75.56,False,0.0,False
2011-02-16,2011-02-17,0,Overnight,0.0,False,33.4,33.4,-10.72,False,0.0,False
2011-02-17,2011-02-18,0,Overnight,0.0,False,3.58,3.58,70.07,False,0.0,False
2011-02-18,2011-02-22,3,Long,72.0,False,55.47,55.47,55.16,False,0.0,False
2011-02-22,2011-02-23,0,Overnight,0.0,False,65.33,65.33,123.65,False,0.0,False
2011-02-23,2011-02-24,0,Overnight,0.0,False,14.92,14.92,-142.06,False,0.0,False
2011-02-24,2011-02-25,0,Overnight,0.0,False,-20.96,-20.96,-52.59,False,0.0,False
2011-02-25,2011-02-28,2,Weekend,48.0,False,61.91,61.91,-39.67,False,0.0,False
2011-02-28,2011-03-01,0,Overnight,0.0,False,102.36,102.36,-188.08,False,0.0,False
2011-03-01,2011-03-02,0,Overnight,0.0,False,-24.8,-24.8,57.76,False,0.0,False
2011-03-02,2011-03-03,0,Overnight,0.0,False,44.56,44.56,42.04,False,0.0,False
2011-03-03,2011-03-04,0,Overnight,0.0,False,11.65,11.65,-98.25,False,0.0,False
2011-03-04,2011-03-07,2,Weekend,48.0,False,88.93,88.93,-131.33,False,0.0,False
2011-03-07,2011-03-08,0,Overnight,0.0,False,-14.17,-14.17,0.0,False,0.0,False
2011-03-08,2011-03-09,0,Overnight,0.0,False,-56.9,-56.9,30.86,False,0.0,False
2011-03-09,2011-03-10,0,Overnight,0.0,False,-68.97,-68.97,-293.04,False,0.0,False
2011-03-10,2011-03-11,0,Overnight,0.0,False,-44.34,-44.34,134.86,False,0.0,False
2011-03-11,2011-03-14,2,Weekend,47.0,False,-54.95,-54.95,86.56,False,0.0,False
2011-03-14,2011-03-15,0,Overnight,0.0,False,-271.93,-271.93,151.03,False,0.0,False
2011-03-15,2011-03-16,0,Overnight,0.0,False,-19.68,-19.68,-239.2,False,0.0,False
2011-03-16,2011-03-17,0,Overnight,0.0,False,134.01,134.01,96.57,False,0.0,False
2011-03-17,2011-03-18,0,Overnight,0.0,False,74.88,74.88,-113.15,False,0.0,False
2011-03-18,2011-03-21,2,Weekend,48.0,False,125.37,125.37,117.78,False,0.0,False
2011-03-21,2011-03-22,0,Overnight,0.0,False,31.34,31.34,-65.19,False,0.0,False
2011-03-22,2011-03-23,0,Overnight,0.0,False,10.9,10.9,-6.05,False,0.0,False
2011-03-23,2011-03-24,0,Overnight,0.0,False,21.77,21.77,-6.04,False,0.0,False
2011-03-24,2011-03-25,0,Overnight,0.0,False,31.38,31.38,75.63,False,0.0,False
2011-03-25,2011-03-28,2,Weekend,48.0,False,28.66,28.66,-46.61,False,0.0,False
2011-03-28,2011-03-29,0,Overnight,0.0,False,-37.21,-37.21,10.82,False,0.0,False
2011-03-29,2011-03-30,0,Overnight,0.0,False,65.85,65.85,82.0,False,0.0,False
2011-03-30,2011-03-31,0,Overnight,0.0,False,38.98,38.98,-81.68,False,0.0,False
2011-03-31,2011-04-01,0,Overnight,0.0,False,69.89,69.89,-4.72,False,0.0,False
2011-04-01,2011-04-04,2,Weekend,48.0,False,-49.72,-49.72,72.13,False,0.0,False
2011-04-04,2011-04-05,0,Overnight,0.0,False,-22.41,-22.41,87.01,False,0.0,False
2011-04-05,2011-04-06,0,Overnight,0.0,False,36.23,36.23,-64.36,False,0.0,False
2011-04-06,2011-04-07,0,Overnight,0.0,False,-2.35,-2.35,70.21,False,0.0,False
2011-04-07,2011-04-08,0,Overnight,0.0,False,27.95,27.95,-5.82,False,0.0,False
2011-04-08,2011-04-11,2,Weekend,48.0,False,0.0,0.0,-92.34,False,0.0,False
2011-04-11,2011-04-12,0,Overnight,0.0,False,-108.62,-108.62,-126.63,False,0.0,False
2011-04-12,2011-04-13,0,Overnight,0.0,False,47.97,47.97,-50.38,False,0.0,False
2011-04-13,2011-04-14,0,Overnight,0.0,False,-94.24,-94.24,127.85,False,0.0,False
2011-04-14,2011-04-15,0,Overnight,0.0,False,43.05,43.05,58.3,False,0.0,False
2011-04-15,2011-04-18,2,Weekend,48.0,False,-140.98,-140.98,-1.2,False,0.0,False
2011-04-18,2011-04-19,0,Overnight,0.0,False,-15.66,-15.66,99.54,False,0.0,False
2011-04-19,2011-04-20,0,Overnight,0.0,False,148.06,148.06,70.3,False,0.0,False
2011-04-20,2011-04-21,0,Overnight,0.0,False,14.0,14.0,68.55,False,0.0,False
2011-04-21,2011-04-25,3,Long,72.0,False,-8.11,-8.11,-8.12,False,0.0,False
2011-04-25,2011-04-26,0,Overnight,0.0,False,24.33,24.33,113.89,False,0.0,False
2011-04-26,2011-04-27,0,Overnight,0.0,False,6.86,6.86,34.23,False,0.0,False
2011-04-27,2011-04-28,0,Overnight,0.0,False,-85.81,-85.81,35.56,False,0.0,False
2011-04-28,2011-04-29,0,Overnight,0.0,False,10.3,10.3,62.71,False,0.0,False
2011-04-29,2011-05-02,2,Weekend,48.0,False,13.63,13.63,-129.09,False,0.0,False
2011-05-02,2011-05-03,0,Overnight,0.0,False,-43.79,-43.79,-112.65,False,0.0,False
2011-05-03,2011-05-04,0,Overnight,0.0,False,-50.35,-50.35,-44.71,False,0.0,False
2011-05-04,2011-05-05,0,Overnight,0.0,False,-153.27,-153.27,-108.34,False,0.0,False
2011-05-05,2011-05-06,0,Overnight,0.0,False,78.36,78.36,-69.9,False,0.0,False
2011-05-06,2011-05-09,2,Weekend,48.0,False,38.62,38.62,20.46,False,0.0,False
2011-05-09,2011-05-10,0,Overnight,0.0,False,-12.03,-12.03,31.25,False,0.0,False
2011-05-10,2011-05-11,0,Overnight,0.0,False,-100.09,-43.29,-169.9,True,56.4,False
2011-05-11,2011-05-12,0,Overnight,0.0,False,-61.83,-61.83,53.19,False,0.0,False
2011-05-12,2011-05-13,0,Overnight,0.0,False,29.57,29.57,-51.8,False,0.0,False
2011-05-13,2011-05-16,2,Weekend,48.0,False,-80.7,-80.7,2.49,False,0.0,False
2011-05-16,2011-05-17,0,Overnight,0.0,False,-31.21,-31.21,52.37,False,0.0,False
2011-05-17,2011-05-18,0,Overnight,0.0,False,58.28,58.28,105.77,False,0.0,False
2011-05-18,2011-05-19,0,Overnight,0.0,False,64.63,64.63,7.29,False,0.0,False
2011-05-19,2011-05-20,0,Overnight,0.0,False,-42.6,-42.6,-50.14,False,0.0,False
2011-05-20,2011-05-23,2,Weekend,48.0,False,-166.89,-166.89,55.94,False,0.0,False
2011-05-23,2011-05-24,0,Overnight,0.0,False,47.0,47.0,29.57,False,0.0,False
2011-05-24,2011-05-25,0,Overnight,0.0,False,-39.44,-39.44,121.53,False,0.0,False
2011-05-25,2011-05-26,0,Overnight,0.0,False,-44.02,-44.02,96.35,False,0.0,False
2011-05-26,2011-05-27,0,Overnight,0.0,False,42.39,42.39,-13.3,False,0.0,False
2011-05-27,2011-05-31,3,Long,72.0,False,78.36,78.36,22.79,False,0.0,False
2011-05-31,2011-06-01,0,Overnight,0.0,False,9.58,9.58,-183.6,False,0.0,False
2011-06-01,2011-06-02,0,Overnight,0.0,False,-31.75,-31.75,-53.95,False,0.0,False
2011-06-02,2011-06-03,0,Overnight,0.0,False,-134.93,-134.93,116.47,False,0.0,False
2011-06-03,2011-06-06,2,Weekend,48.0,False,-30.84,-30.84,-79.39,False,0.0,False
2011-06-06,2011-06-07,0,Overnight,0.0,False,39.78,39.78,-75.96,False,0.0,False
2011-06-07,2011-06-08,0,Overnight,0.0,False,75.96,75.96,18.59,False,0.0,False
2011-06-08,2011-06-09,0,Overnight,0.0,False,59.26,59.26,-7.39,False,0.0,False
2011-06-09,2011-06-10,0,Overnight,0.0,False,-28.37,-28.37,-145.59,False,0.0,False
2011-06-10,2011-06-13,2,Weekend,48.0,False,27.54,27.54,-96.72,False,0.0,False
2011-06-13,2011-06-14,0,Overnight,0.0,False,102.96,102.96,41.14,False,0.0,False
2011-06-14,2011-06-15,0,Overnight,0.0,False,-106.31,-106.31,-109.99,False,0.0,False
2011-06-15,2011-06-16,0,Overnight,0.0,False,-8.9,-8.9,79.84,False,0.0,False
2011-06-16,2011-06-17,0,Overnight,0.0,False,79.21,79.21,-104.49,False,0.0,False
2011-06-17,2011-06-20,2,Weekend,48.0,False,-46.93,-46.93,133.87,False,0.0,False
2011-06-20,2011-06-21,0,Overnight,0.0,False,65.03,65.03,42.29,False,0.0,False
2011-06-21,2011-06-22,0,Overnight,0.0,False,-51.02,-51.02,-42.51,False,0.0,False
2011-06-22,2011-06-23,0,Overnight,0.0,False,-136.23,-136.23,-38.17,False,0.0,False
2011-06-23,2011-06-24,0,Overnight,0.0,False,14.01,14.01,-227.91,False,0.0,False
2011-06-24,2011-06-27,2,Weekend,48.0,False,13.02,13.02,134.37,False,0.0,False
2011-06-27,2011-06-28,0,Overnight,0.0,False,83.07,83.07,134.01,False,0.0,False
2011-06-28,2011-06-29,0,Overnight,0.0,False,27.59,27.59,49.97,False,0.0,False
2011-06-29,2011-06-30,0,Overnight,0.0,False,17.43,17.43,122.4,False,0.0,False
2011-06-30,2011-07-01,0,Overnight,0.0,False,-23.37,-23.37,100.49,False,0.0,False
2011-07-01,2011-07-05,3,Long,72.0,False,-86.95,-86.95,36.83,False,0.0,False
2011-07-05,2011-07-06,0,Overnight,0.0,False,-24.54,-24.54,20.86,False,0.0,False
2011-07-06,2011-07-07,0,Overnight,0.0,False,85.45,85.45,10.93,False,0.0,False
2011-07-07,2011-07-08,0,Overnight,0.0,False,-95.16,-95.16,102.44,False,0.0,False
2011-07-08,2011-07-11,2,Weekend,48.0,False,-136.82,-136.82,73.53,False,0.0,False
2011-07-11,2011-07-12,0,Overnight,0.0,False,-47.73,-47.73,46.51,False,0.0,False
2011-07-12,2011-07-13,0,Overnight,0.0,False,46.3,46.3,25.49,False,0.0,False
2011-07-13,2011-07-14,0,Overnight,0.0,False,68.87,68.87,-98.01,False,0.0,False
2011-07-14,2011-07-15,0,Overnight,0.0,False,21.86,21.86,70.13,False,0.0,False
2011-07-15,2011-07-18,2,Weekend,48.0,False,-85.91,-85.91,43.65,False,0.0,False
2011-07-18,2011-07-19,0,Overnight,0.0,False,30.2,30.2,87.67,False,0.0,False
2011-07-19,2011-07-20,0,Overnight,0.0,False,25.08,25.08,-64.62,False,0.0,False
2011-07-20,2011-07-21,0,Overnight,0.0,False,67.0,67.0,137.38,False,0.0,False
2011-07-21,2011-07-22,0,Overnight,0.0,False,21.15,21.15,2.35,False,0.0,False
2011-07-22,2011-07-25,2,Weekend,48.0,False,-120.41,-120.41,43.85,False,0.0,False
2011-07-25,2011-07-26,0,Overnight,0.0,False,11.82,11.82,-35.49,False,0.0,False
2011-07-26,2011-07-27,0,Overnight,0.0,False,-68.98,-68.98,-57.45,False,0.0,False
2011-07-27,2011-07-28,0,Overnight,0.0,False,-190.25,-190.25,-34.31,False,0.0,False
2011-07-28,2011-07-29,0,Overnight,0.0,False,-82.59,-82.59,-124.55,False,0.0,False
2011-07-29,2011-08-01,2,Weekend,48.0,False,128.26,128.26,-152.1,False,0.0,False
2011-08-01,2011-08-02,0,Overnight,0.0,False,-88.33,-88.33,-135.26,False,0.0,False
2011-08-02,2011-08-03,0,Overnight,0.0,False,12.84,12.84,-28.27,False,0.0,False
2011-08-03,2011-08-04,0,Overnight,0.0,False,-134.72,-134.72,-377.4,False,0.0,False
2011-08-04,2011-08-05,0,Overnight,0.0,False,157.21,157.21,-25.36,False,0.0,False
2011-08-05,2011-08-08,2,Weekend,48.0,False,-281.94,-281.94,-356.86,False,0.0,False
2011-08-08,2011-08-09,0,Overnight,0.0,False,85.12,85.12,119.36,False,0.0,False
2011-08-09,2011-08-10,0,Overnight,0.0,False,-126.42,-60.2,-390.62,True,65.61,False
2011-08-10,2011-08-11,0,Overnight,0.0,False,114.0,114.0,394.67,False,0.0,False
2011-08-11,2011-08-12,0,Overnight,0.0,False,108.38,108.38,-49.88,False,0.0,False
2011-08-12,2011-08-15,2,Weekend,48.0,False,143.41,143.41,169.69,False,0.0,False
2011-08-15,2011-08-16,0,Overnight,0.0,False,-127.34,-127.34,20.43,False,0.0,False
2011-08-16,2011-08-17,0,Overnight,0.0,False,106.91,106.91,-17.51,False,0.0,False
2011-08-17,2011-08-18,0,Overnight,0.0,False,-238.81,-238.81,-205.1,False,0.0,False
2011-08-18,2011-08-19,0,Overnight,0.0,False,-123.4,-123.4,-38.61,False,0.0,False
2011-08-19,2011-08-22,2,Weekend,48.0,False,331.13,331.13,-276.84,False,0.0,False
2011-08-22,2011-08-23,0,Overnight,0.0,False,59.67,59.67,424.3,False,0.0,False
2011-08-23,2011-08-24,0,Overnight,0.0,False,-95.49,-95.49,79.18,False,0.0,False
2011-08-24,2011-08-25,0,Overnight,0.0,False,13.59,13.59,-257.22,False,0.0,False
2011-08-25,2011-08-26,0,Overnight,0.0,False,-124.78,-124.78,245.27,False,0.0,False
2011-08-26,2011-08-29,2,Weekend,48.0,False,94.54,94.54,107.16,False,0.0,False
2011-08-29,2011-08-30,0,Overnight,0.0,False,-71.76,-71.76,43.39,False,0.0,False
2011-08-30,2011-08-31,0,Overnight,0.0,False,60.7,60.7,-45.83,False,0.0,False
2011-08-31,2011-09-01,0,Overnight,0.0,False,17.55,17.55,-89.41,False,0.0,False
2011-09-01,2011-09-02,0,Overnight,0.0,False,-189.57,-189.57,4.16,False,0.0,False
2011-09-02,2011-09-06,3,Long,72.0,False,-281.15,-281.15,142.97,False,0.0,False
2011-09-06,2011-09-07,0,Overnight,0.0,False,152.04,152.04,193.3,False,0.0,False
2011-09-07,2011-09-08,0,Overnight,0.0,False,-35.36,-35.36,-77.97,False,0.0,False
2011-09-08,2011-09-09,0,Overnight,0.0,False,-89.66,-89.66,-162.04,False,0.0,False
2011-09-09,2011-09-12,2,Weekend,48.0,False,-94.8,-94.8,211.01,False,0.0,False
2011-09-12,2011-09-13,0,Overnight,0.0,False,-11.14,-11.14,-15.34,False,0.0,False
2011-09-13,2011-09-14,0,Overnight,0.0,False,43.17,43.17,94.05,False,0.0,False
2011-09-14,2011-09-15,0,Overnight,0.0,False,108.17,108.17,78.68,False,0.0,False
2011-09-15,2011-09-16,0,Overnight,0.0,False,68.67,68.67,4.03,False,0.0,False
2011-09-16,2011-09-19,2,Weekend,48.0,False,-222.44,-222.44,107.77,False,0.0,False
2011-09-19,2011-09-20,0,Overnight,0.0,False,23.04,23.04,18.93,False,0.0,False
2011-09-20,2011-09-21,0,Overnight,0.0,False,-17.58,-17.58,-261.93,False,0.0,False
2011-09-21,2011-09-22,0,Overnight,0.0,False,-286.12,-286.12,-100.59,False,0.0,False
2011-09-22,2011-09-23,0,Overnight,0.0,False,-113.29,-113.29,123.4,False,0.0,False
2011-09-23,2011-09-26,2,Weekend,48.0,False,100.49,100.49,241.32,False,0.0,False
2011-09-26,2011-09-27,0,Overnight,0.0,False,222.0,222.0,-57.44,False,0.0,False
2011-09-27,2011-09-28,0,Overnight,0.0,False,-66.05,-66.05,-49.83,False,0.0,False
2011-09-28,2011-09-29,0,Overnight,0.0,False,144.64,144.64,103.4,False,0.0,False
2011-09-29,2011-09-30,0,Overnight,0.0,False,-152.76,-152.76,-17.88,False,0.0,False
2011-09-30,2011-10-03,2,Weekend,48.0,False,-80.18,-80.18,-125.7,False,0.0,False
2011-10-03,2011-10-04,0,Overnight,0.0,False,-127.3,-127.3,360.68,False,0.0,False
2011-10-04,2011-10-05,0,Overnight,0.0,False,-21.99,-21.99,174.61,False,0.0,False
2011-10-05,2011-10-06,0,Overnight,0.0,False,-88.28,-88.28,80.17,False,0.0,False
2011-10-06,2011-10-07,0,Overnight,0.0,False,78.19,78.19,-122.95,False,0.0,False
2011-10-07,2011-10-10,2,Weekend,48.0,False,157.8,157.8,205.29,False,0.0,False
2011-10-10,2011-10-11,0,Overnight,0.0,False,-65.76,-65.76,64.45,False,0.0,False
2011-10-11,2011-10-12,0,Overnight,0.0,False,61.43,61.43,54.58,False,0.0,False
2011-10-12,2011-10-13,0,Overnight,0.0,False,-122.57,-122.57,19.66,False,0.0,False
2011-10-13,2011-10-14,0,Overnight,0.0,False,95.13,95.13,130.15,False,0.0,False
2011-10-14,2011-10-17,2,Weekend,48.0,False,-30.77,-30.77,-51.5,False,0.0,False
2011-10-17,2011-10-18,0,Overnight,0.0,False,12.9,12.9,168.74,False,0.0,False
2011-10-18,2011-10-19,0,Overnight,0.0,False,-40.65,-40.65,-17.83,False,0.0,False
2011-10-19,2011-10-20,0,Overnight,0.0,False,-14.04,-14.04,49.67,False,0.0,False
2011-10-20,2011-10-21,0,Overnight,0.0,False,111.18,111.18,67.62,False,0.0,False
2011-10-21,2011-10-24,2,Weekend,48.0,False,-26.24,-26.24,31.23,False,0.0,False
2011-10-24,2011-10-25,0,Overnight,0.0,False,-42.5,-42.5,-48.97,False,0.0,False
2011-10-25,2011-10-26,0,Overnight,0.0,False,90.23,90.23,112.88,False,0.0,False
2011-10-26,2011-10-27,0,Overnight,0.0,False,103.08,103.08,-3.66,False,0.0,False
2011-10-27,2011-10-28,0,Overnight,0.0,False,-109.29,-109.29,60.32,False,0.0,False
2011-10-28,2011-10-31,2,Weekend,48.0,False,-109.83,-109.83,-315.13,False,0.0,False
2011-10-31,2011-11-01,0,Overnight,0.0,False,-295.0,-295.0,15.81,False,0.0,False
2011-11-01,2011-11-02,0,Overnight,0.0,False,186.56,186.56,0.0,False,0.0,False
2011-11-02,2011-11-03,0,Overnight,0.0,False,105.43,105.43,85.32,False,0.0,False
2011-11-03,2011-11-04,0,Overnight,0.0,False,-100.68,-100.68,57.47,False,0.0,False
2011-11-04,2011-11-07,2,Weekend,49.0,False,38.13,38.13,67.02,False,0.0,False
2011-11-07,2011-11-08,0,Overnight,0.0,False,-12.61,46.52,64.15,True,59.23,False
2011-11-08,2011-11-09,0,Overnight,0.0,False,-235.96,-235.96,-65.68,False,0.0,False
2011-11-09,2011-11-10,0,Overnight,0.0,False,146.23,146.23,21.62,False,0.0,False
2011-11-10,2011-11-11,0,Overnight,0.0,False,117.48,117.48,11.3,False,0.0,False
2011-11-11,2011-11-14,2,Weekend,48.0,False,-23.86,-23.86,-71.93,False,0.0,False
2011-11-14,2011-11-15,0,Overnight,0.0,False,-12.67,-12.67,29.12,False,0.0,False
2011-11-15,2011-11-16,0,Overnight,0.0,False,-108.05,-108.05,1.28,False,0.0,False
2011-11-16,2011-11-17,0,Overnight,0.0,False,-16.63,-16.63,-33.34,False,0.0,False
2011-11-17,2011-11-18,0,Overnight,0.0,False,46.13,46.13,-40.99,False,0.0,False
2011-11-18,2011-11-21,2,Weekend,48.0,False,-177.43,-177.43,49.53,False,0.0,False
2011-11-21,2011-11-22,0,Overnight,0.0,False,-69.15,-69.15,-45.93,False,0.0,False
2011-11-22,2011-11-23,0,Overnight,0.0,False,-132.4,-132.4,-60.16,False,0.0,False
2011-11-23,2011-11-25,1,Short,24.0,False,-9.39,-9.39,-82.21,False,0.0,False
2011-11-25,2011-11-28,2,Weekend,48.0,True,259.13,259.13,0.0,False,0.0,False
2011-11-28,2011-11-29,0,Overnight,0.0,False,74.88,74.88,67.82,False,0.0,False
2011-11-29,2011-11-30,0,Overnight,0.0,False,191.83,191.83,254.33,False,0.0,False
2011-11-30,2011-12-01,0,Overnight,0.0,False,-29.88,-29.88,-51.25,False,0.0,False
2011-12-01,2011-12-02,0,Overnight,0.0,False,109.69,109.69,-109.69,False,0.0,False
2011-12-02,2011-12-05,2,Weekend,48.0,False,135.68,135.68,-53.31,False,0.0,False
2011-12-05,2011-12-06,0,Overnight,0.0,False,22.35,22.35,23.54,False,0.0,False
2011-12-06,2011-12-07,0,Overnight,0.0,False,-26.02,-26.02,58.14,False,0.0,False
2011-12-07,2011-12-08,0,Overnight,0.0,False,-40.78,-40.78,-109.58,False,0.0,False
2011-12-08,2011-12-09,0,Overnight,0.0,False,94.7,94.7,87.67,False,0.0,False
2011-12-09,2011-12-12,2,Weekend,48.0,False,-75.28,-75.28,-84.59,False,0.0,False
2011-12-12,2011-12-13,0,Overnight,0.0,False,69.71,69.71,-9.93,False,0.0,False
2011-12-13,2011-12-14,0,Overnight,0.0,False,-117.41,-117.41,-18.86,False,0.0,False
2011-12-14,2011-12-15,0,Overnight,0.0,False,61.49,61.49,12.5,False,0.0,False
2011-12-15,2011-12-16,0,Overnight,0.0,False,88.33,88.33,-72.09,False,0.0,False
2011-12-16,2011-12-19,2,Weekend,48.0,False,9.97,9.97,-88.88,False,0.0,False
2011-12-19,2011-12-20,0,Overnight,0.0,False,141.09,141.09,164.76,False,0.0,False
2011-12-20,2011-12-21,0,Overnight,0.0,False,2.44,2.44,133.22,False,0.0,False
2011-12-21,2011-12-22,0,Overnight,0.0,False,52.8,52.8,86.98,False,0.0,False
2011-12-22,2011-12-23,0,Overnight,0.0,False,-1.19,-1.19,110.92,False,0.0,False
2011-12-23,2011-12-27,3,Long,72.0,False,-29.38,-29.38,36.42,False,0.0,False
2011-12-27,2011-12-28,0,Overnight,0.0,False,-15.26,-15.26,-114.57,False,0.0,False
2011-12-28,2011-12-29,0,Overnight,0.0,False,-10.7,-10.7,139.35,False,0.0,False
2011-12-29,2011-12-30,0,Overnight,0.0,False,-12.91,-12.91,-47.08,False,0.0,False
2011-12-30,2012-01-03,3,Long,72.0,False,141.75,141.75,3.49,False,0.0,False
2012-01-03,2012-01-04,0,Overnight,0.0,False,-24.45,-24.45,26.77,False,0.0,False
2012-01-04,2012-01-05,0,Overnight,0.0,False,-44.27,-44.27,14.0,False,0.0,False
2012-01-05,2012-01-06,0,Overnight,0.0,False,18.64,18.64,-93.55,False,0.0,False
2012-01-06,2012-01-09,2,Weekend,48.0,False,-14.11,-14.11,58.65,False,0.0,False
2012-01-09,2012-01-10,0,Overnight,0.0,False,66.45,66.45,-40.75,False,0.0,False
2012-01-10,2012-01-11,0,Overnight,0.0,False,-72.59,-72.59,-2.35,False,0.0,False
2012-01-11,2012-01-12,0,Overnight,0.0,False,-81.43,-81.43,41.39,False,0.0,False
2012-01-12,2012-01-13,0,Overnight,0.0,False,-68.68,-68.68,85.19,False,0.0,False
2012-01-13,2012-01-17,3,Long,72.0,False,101.98,101.98,-7.0,False,0.0,False
2012-01-17,2012-01-18,0,Overnight,0.0,False,-45.62,-45.62,133.92,False,0.0,False
2012-01-18,2012-01-19,0,Overnight,0.0,False,-12.73,-12.73,79.6,False,0.0,False
2012-01-19,2012-01-20,0,Overnight,0.0,False,5.74,5.74,46.97,False,0.0,False
2012-01-20,2012-01-23,2,Weekend,48.0,False,1.14,1.14,-3.43,False,0.0,False
2012-01-23,2012-01-24,0,Overnight,0.0,False,-44.69,-44.69,11.48,False,0.0,False
2012-01-24,2012-01-25,0,Overnight,0.0,False,-47.14,-47.14,51.73,False,0.0,False
2012-01-25,2012-01-26,0,Overnight,0.0,False,48.04,48.04,-99.77,False,0.0,False
2012-01-26,2012-01-27,0,Overnight,0.0,False,-61.27,-61.27,-47.65,False,0.0,False
2012-01-27,2012-01-30,2,Weekend,48.0,False,-65.46,-65.46,25.77,False,0.0,False
2012-01-30,2012-01-31,0,Overnight,0.0,False,-66.9,-66.9,-139.93,False,0.0,False
2012-01-31,2012-02-01,0,Overnight,0.0,False,58.34,58.34,-30.92,False,0.0,False
2012-02-01,2012-02-02,0,Overnight,0.0,False,36.85,36.85,-89.39,False,0.0,False
2012-02-02,2012-02-03,0,Overnight,0.0,False,84.64,84.64,80.4,False,0.0,False
2012-02-03,2012-02-06,2,Weekend,48.0,False,-5.89,-5.89,103.15,False,0.0,False
2012-02-06,2012-02-07,0,Overnight,0.0,False,-62.0,-62.0,130.57,False,0.0,False
2012-02-07,2012-02-08,0,Overnight,0.0,False,-59.24,-4.63,-59.6,True,54.44,False
2012-02-08,2012-02-09,0,Overnight,0.0,False,1.17,1.17,-52.88,False,0.0,False
2012-02-09,2012-02-10,0,Overnight,0.0,False,-101.84,-101.84,-26.22,False,0.0,False
2012-02-10,2012-02-13,2,Weekend,48.0,False,64.23,64.23,9.48,False,0.0,False
2012-02-13,2012-02-14,0,Overnight,0.0,False,0.0,0.0,29.57,False,0.0,False
2012-02-14,2012-02-15,0,Overnight,0.0,False,22.42,22.42,-87.58,False,0.0,False
2012-02-15,2012-02-16,0,Overnight,0.0,False,39.15,39.15,113.04,False,0.0,False
2012-02-16,2012-02-17,0,Overnight,0.0,False,76.98,76.98,-52.42,False,0.0,False
2012-02-17,2012-02-21,3,Long,72.0,False,48.93,48.93,61.41,False,0.0,False
2012-02-21,2012-02-22,0,Overnight,0.0,False,31.14,31.14,9.21,False,0.0,False
2012-02-22,2012-02-23,0,Overnight,0.0,False,-39.19,-39.19,50.69,False,0.0,False
2012-02-23,2012-02-24,0,Overnight,0.0,False,40.14,40.14,-3.44,False,0.0,False
2012-02-24,2012-02-27,2,Weekend,48.0,False,-21.78,-21.78,9.18,False,0.0,False
2012-02-27,2012-02-28,0,Overnight,0.0,False,0.0,0.0,-10.32,False,0.0,False
2012-02-28,2012-02-29,0,Overnight,0.0,False,35.51,35.51,-109.23,False,0.0,False
2012-02-29,2012-03-01,0,Overnight,0.0,False,-3.47,-3.47,41.55,False,0.0,False
2012-03-01,2012-03-02,0,Overnight,0.0,False,-19.6,-19.6,-38.15,False,0.0,False
2012-03-02,2012-03-05,2,Weekend,48.0,False,-18.55,-18.55,97.01,False,0.0,False
2012-03-05,2012-03-06,0,Overnight,0.0,False,-88.89,-88.89,-44.16,False,0.0,False
2012-03-06,2012-03-07,0,Overnight,0.0,False,17.46,17.46,-20.95,False,0.0,False
2012-03-07,2012-03-08,0,Overnight,0.0,False,-97.17,-97.17,-20.02,False,0.0,False
2012-03-08,2012-03-09,0,Overnight,0.0,False,27.08,27.08,-89.75,False,0.0,False
2012-03-09,2012-03-12,2,Weekend,47.0,False,23.7,23.7,123.5,False,0.0,False
2012-03-12,2012-03-13,0,Overnight,0.0,False,39.66,39.66,112.3,False,0.0,False
2012-03-13,2012-03-14,0,Overnight,0.0,False,-31.13,-31.13,-66.04,False,0.0,False
2012-03-14,2012-03-15,0,Overnight,0.0,False,-15.12,-15.12,23.26,False,0.0,False
2012-03-15,2012-03-16,0,Overnight,0.0,False,12.77,12.77,27.8,False,0.0,False
2012-03-16,2012-03-19,2,Weekend,48.0,False,-41.73,-41.73,105.16,False,0.0,False
2012-03-19,2012-03-20,0,Overnight,0.0,False,-61.11,-61.11,16.18,False,0.0,False
2012-03-20,2012-03-21,0,Overnight,0.0,False,-1.16,-1.16,-67.21,False,0.0,False
2012-03-21,2012-03-22,0,Overnight,0.0,False,-61.81,-61.81,-17.56,False,0.0,False
2012-03-22,2012-03-23,0,Overnight,0.0,False,3.52,3.52,22.23,False,0.0,False
2012-03-23,2012-03-26,2,Weekend,48.0,False,73.37,73.37,98.15,False,0.0,False
2012-03-26,2012-03-27,0,Overnight,0.0,False,12.63,12.63,-59.85,False,0.0,False
2012-03-27,2012-03-28,0,Overnight,0.0,False,-30.06,-30.06,-58.07,False,0.0,False
2012-03-28,2012-03-29,0,Overnight,0.0,False,-63.09,-63.09,88.68,False,0.0,False
2012-03-29,2012-03-30,0,Overnight,0.0,False,46.36,46.36,28.87,False,0.0,False
2012-03-30,2012-04-02,2,Weekend,48.0,False,-15.0,-15.0,54.13,False,0.0,False
2012-04-02,2012-04-03,0,Overnight,0.0,False,-36.82,-36.82,-106.62,False,0.0,False
2012-04-03,2012-04-04,0,Overnight,0.0,False,-61.94,-61.94,-37.59,False,0.0,False
2012-04-04,2012-04-05,0,Overnight,0.0,False,-49.55,-49.55,30.7,False,0.0,False
2012-04-05,2012-04-09,3,Long,72.0,False,-99.53,-99.53,-11.92,False,0.0,False
2012-04-09,2012-04-10,0,Overnight,0.0,False,-15.51,-15.51,-190.46,False,0.0,False
2012-04-10,2012-04-11,0,Overnight,0.0,False,113.75,113.75,-49.45,False,0.0,False
2012-04-11,2012-04-12,0,Overnight,0.0,False,-6.05,-6.05,114.29,False,0.0,False
2012-04-12,2012-04-13,0,Overnight,0.0,False,-75.64,-75.64,-2.41,False,0.0,False
2012-04-13,2012-04-16,2,Weekend,48.0,False,34.9,34.9,92.08,False,0.0,False
2012-04-16,2012-04-17,0,Overnight,0.0,False,75.89,75.89,94.06,False,0.0,False
2012-04-17,2012-04-18,0,Overnight,0.0,False,-45.75,-45.75,80.79,False,0.0,False
2012-04-18,2012-04-19,0,Overnight,0.0,False,-28.03,-28.03,-26.93,False,0.0,False
2012-04-19,2012-04-20,0,Overnight,0.0,False,31.61,31.61,-29.27,False,0.0,False
2012-04-20,2012-04-23,2,Weekend,48.0,False,-90.68,-90.68,136.3,False,0.0,False
2012-04-23,2012-04-24,0,Overnight,0.0,False,-5.84,-5.84,77.93,False,0.0,False
2012-04-24,2012-04-25,0,Overnight,0.0,False,39.32,39.32,23.05,False,0.0,False
2012-04-25,2012-04-26,0,Overnight,0.0,False,-182.43,-182.43,92.21,False,0.0,False
2012-04-26,2012-04-27,0,Overnight,0.0,False,49.83,49.83,-48.67,False,0.0,False
2012-04-27,2012-04-30,2,Weekend,48.0,False,-13.95,-13.95,44.11,False,0.0,False
2012-04-30,2012-05-01,0,Overnight,0.0,False,13.89,13.89,66.86,False,0.0,False
2012-05-01,2012-05-02,0,Overnight,0.0,False,-55.3,-55.3,-41.68,False,0.0,False
2012-05-02,2012-05-03,0,Overnight,0.0,False,18.54,18.54,-82.55,False,0.0,False
2012-05-03,2012-05-04,0,Overnight,0.0,False,-63.25,-63.25,-63.65,False,0.0,False
2012-05-04,2012-05-07,2,Weekend,48.0,False,-33.16,-33.16,22.52,False,0.0,False
2012-05-07,2012-05-08,0,Overnight,0.0,False,-86.79,-86.79,32.19,False,0.0,False
2012-05-08,2012-05-09,0,Overnight,0.0,False,-117.32,-117.32,32.46,False,0.0,False
2012-05-09,2012-05-10,0,Overnight,0.0,False,7.2,75.34,-63.78,True,68.42,False
2012-05-10,2012-05-11,0,Overnight,0.0,False,-18.12,-18.12,49.46,False,0.0,False
2012-05-11,2012-05-14,2,Weekend,48.0,False,-100.38,-100.38,-18.25,False,0.0,False
2012-05-14,2012-05-15,0,Overnight,0.0,False,-14.62,-14.62,-25.64,False,0.0,False
2012-05-15,2012-05-16,0,Overnight,0.0,False,20.76,20.76,25.59,False,0.0,False
2012-05-16,2012-05-17,0,Overnight,0.0,False,-2.43,-2.43,-29.26,False,0.0,False
2012-05-17,2012-05-18,0,Overnight,0.0,False,56.0,56.0,-109.86,False,0.0,False
2012-05-18,2012-05-21,2,Weekend,48.0,False,-6.14,-6.14,75.86,False,0.0,False
2012-05-21,2012-05-22,0,Overnight,0.0,False,12.18,12.18,-23.16,False,0.0,False
2012-05-22,2012-05-23,0,Overnight,0.0,False,-19.54,-19.54,30.52,False,0.0,False
2012-05-23,2012-05-24,0,Overnight,0.0,False,30.43,30.43,38.81,False,0.0,False
2012-05-24,2012-05-25,0,Overnight,0.0,False,30.22,30.22,-94.58,False,0.0,False
2012-05-25,2012-05-29,3,Long,72.0,False,67.99,67.99,-86.29,False,0.0,False
2012-05-29,2012-05-30,0,Overnight,0.0,False,-104.29,-104.29,-160.38,False,0.0,False
2012-05-30,2012-05-31,0,Overnight,0.0,False,11.27,11.27,-157.72,False,0.0,False
2012-05-31,2012-06-01,0,Overnight,0.0,False,-97.12,-97.12,6.42,False,0.0,False
2012-06-01,2012-06-04,2,Weekend,48.0,False,21.79,21.79,-33.35,False,0.0,False
2012-06-04,2012-06-05,0,Overnight,0.0,False,-30.88,-30.88,1.29,False,0.0,False
2012-06-05,2012-06-06,0,Overnight,0.0,False,98.74,98.74,228.33,False,0.0,False
2012-06-06,2012-06-07,0,Overnight,0.0,False,99.28,99.28,-35.88,False,0.0,False
2012-06-07,2012-06-08,0,Overnight,0.0,False,-75.89,-75.89,94.46,False,0.0,False
2012-06-08,2012-06-11,2,Weekend,48.0,False,96.03,96.03,-166.78,False,0.0,False
2012-06-11,2012-06-12,0,Overnight,0.0,False,58.38,58.38,64.2,False,0.0,False
2012-06-12,2012-06-13,0,Overnight,0.0,False,-39.46,-39.46,-38.37,False,0.0,False
2012-06-13,2012-06-14,0,Overnight,0.0,False,28.49,28.49,155.84,False,0.0,False
2012-06-14,2012-06-15,0,Overnight,0.0,False,53.43,53.43,78.41,False,0.0,False
2012-06-15,2012-06-18,2,Weekend,48.0,False,-85.68,-85.68,72.46,False,0.0,False
2012-06-18,2012-06-19,0,Overnight,0.0,False,74.32,74.32,89.17,False,0.0,False
2012-06-19,2012-06-20,0,Overnight,0.0,False,-9.47,-9.47,67.31,False,0.0,False
2012-06-20,2012-06-21,0,Overnight,0.0,False,8.23,8.23,-350.62,False,0.0,False
2012-06-21,2012-06-22,0,Overnight,0.0,False,69.18,69.18,-69.18,False,0.0,False
2012-06-22,2012-06-25,2,Weekend,48.0,False,-108.98,-108.98,2.46,False,0.0,False
2012-06-25,2012-06-26,0,Overnight,0.0,False,33.18,33.18,108.6,False,0.0,False
2012-06-26,2012-06-27,0,Overnight,0.0,False,49.63,49.63,46.99,False,0.0,False
2012-06-27,2012-06-28,0,Overnight,0.0,False,-65.11,-65.11,53.09,False,0.0,False
2012-06-28,2012-06-29,0,Overnight,0.0,False,200.15,200.15,92.75,False,0.0,False
2012-06-29,2012-07-02,2,Weekend,48.0,False,-15.2,-15.2,-11.71,False,0.0,False
2012-07-02,2012-07-03,0,Overnight,0.0,False,40.93,40.93,68.62,False,0.0,False
2012-07-03,2012-07-05,1,Short,24.0,True,-110.72,-110.72,28.09,False,0.0,False
2012-07-05,2012-07-06,0,Overnight,0.0,False,-154.27,-154.27,63.88,False,0.0,False
2012-07-06,2012-07-09,2,Weekend,48.0,False,-33.07,-33.07,-103.47,False,0.0,False
2012-07-09,2012-07-10,0,Overnight,0.0,False,51.27,51.27,-116.04,False,0.0,False
2012-07-10,2012-07-11,0,Overnight,0.0,False,44.42,44.42,107.23,False,0.0,False
2012-07-11,2012-07-12,0,Overnight,0.0,False,-115.62,-115.62,84.76,False,0.0,False
2012-07-12,2012-07-13,0,Overnight,0.0,False,39.15,39.15,120.06,False,0.0,False
2012-07-13,2012-07-16,2,Weekend,48.0,False,-75.16,-75.16,25.9,False,0.0,False
2012-07-16,2012-07-17,0,Overnight,0.0,False,15.27,15.27,64.36,False,0.0,False
2012-07-17,2012-07-18,0,Overnight,0.0,False,-45.6,-45.6,101.43,False,0.0,False
2012-07-18,2012-07-19,0,Overnight,0.0,False,-22.06,-22.06,22.06,False,0.0,False
2012-07-19,2012-07-20,0,Overnight,0.0,False,-39.52,-39.52,9.31,False,0.0,False
2012-07-20,2012-07-23,2,Weekend,48.0,False,-134.7,-134.7,48.23,False,0.0,False
2012-07-23,2012-07-24,0,Overnight,0.0,False,0.0,0.0,-74.21,False,0.0,False
2012-07-24,2012-07-25,0,Overnight,0.0,False,65.99,65.99,11.74,False,0.0,False
2012-07-25,2012-07-26,0,Overnight,0.0,False,37.47,37.47,111.58,False,0.0,False
2012-07-26,2012-07-27,0,Overnight,0.0,False,8.09,8.09,98.83,False,0.0,False
2012-07-27,2012-07-30,2,Weekend,48.0,False,-19.46,-19.46,32.03,False,0.0,False
2012-07-30,2012-07-31,0,Overnight,0.0,False,-21.72,-21.72,-59.7,False,0.0,False
2012-07-31,2012-08-01,0,Overnight,0.0,False,19.55,19.55,-12.65,False,0.0,False
2012-08-01,2012-08-02,0,Overnight,0.0,False,-93.64,-93.64,-25.58,False,0.0,False
2012-08-02,2012-08-03,0,Overnight,0.0,False,137.61,137.61,54.98,False,0.0,False
2012-08-03,2012-08-06,2,Weekend,48.0,False,0.0,0.0,-11.43,False,0.0,False
2012-08-06,2012-08-07,0,Overnight,0.0,False,49.05,49.05,4.55,False,0.0,False
2012-08-07,2012-08-08,0,Overnight,0.0,False,-19.35,-19.35,60.22,False,0.0,False
2012-08-08,2012-08-09,0,Overnight,0.0,False,-49.97,14.71,40.9,True,64.57,False
2012-08-09,2012-08-10,0,Overnight,0.0,False,-60.27,-60.27,87.45,False,0.0,False
2012-08-10,2012-08-13,2,Weekend,48.0,False,-38.52,-38.52,4.54,False,0.0,False
2012-08-13,2012-08-14,0,Overnight,0.0,False,3.4,3.4,3.4,False,0.0,False
2012-08-14,2012-08-15,0,Overnight,0.0,False,-1.13,-1.13,-21.57,False,0.0,False
2012-08-15,2012-08-16,0,Overnight,0.0,False,21.57,21.57,54.28,False,0.0,False
2012-08-16,2012-08-17,0,Overnight,0.0,False,24.78,24.78,-55.28,False,0.0,False
2012-08-17,2012-08-20,2,Weekend,48.0,False,-37.4,-37.4,-13.64,False,0.0,False
2012-08-20,2012-08-21,0,Overnight,0.0,False,21.58,21.58,-77.45,False,0.0,False
2012-08-21,2012-08-22,0,Overnight,0.0,False,-29.77,-29.77,60.6,False,0.0,False
2012-08-22,2012-08-23,0,Overnight,0.0,False,6.84,6.84,-54.83,False,0.0,False
2012-08-23,2012-08-24,0,Overnight,0.0,False,-17.19,-17.19,101.59,False,0.0,False
2012-08-24,2012-08-27,2,Weekend,48.0,False,2.27,2.27,-37.54,False,0.0,False
2012-08-27,2012-08-28,0,Overnight,0.0,False,-19.39,-19.39,60.34,False,0.0,False
2012-08-28,2012-08-29,0,Overnight,0.0,False,-3.41,-3.41,-19.32,False,0.0,False
2012-08-29,2012-08-30,0,Overnight,0.0,False,-59.33,-59.33,-20.62,False,0.0,False
2012-08-30,2012-08-31,0,Overnight,0.0,False,46.91,46.91,-35.45,False,0.0,False
2012-08-31,2012-09-04,3,Long,72.0,False,3.44,3.44,-24.08,False,0.0,False
2012-09-04,2012-09-05,0,Overnight,0.0,False,45.81,45.81,-21.73,False,0.0,False
2012-09-05,2012-09-06,0,Overnight,0.0,False,63.92,63.92,124.38,False,0.0,False
2012-09-06,2012-09-07,0,Overnight,0.0,False,31.41,31.41,72.55,False,0.0,False
2012-09-07,2012-09-10,2,Weekend,48.0,False,-11.13,-11.13,-37.92,False,0.0,False
2012-09-10,2012-09-11,0,Overnight,0.0,False,30.13,30.13,-14.49,False,0.0,False
2012-09-11,2012-09-12,0,Overnight,0.0,False,1.12,1.12,-8.93,False,0.0,False
2012-09-12,2012-09-13,0,Overnight,0.0,False,17.85,17.85,168.02,False,0.0,False
2012-09-13,2012-09-14,0,Overnight,0.0,False,29.55,29.55,87.05,False,0.0,False
2012-09-14,2012-09-17,2,Weekend,48.0,False,-41.26,-41.26,-1.09,False,0.0,False
2012-09-17,2012-09-18,0,Overnight,0.0,False,-52.36,-52.36,24.03,False,0.0,False
2012-09-18,2012-09-19,0,Overnight,0.0,False,-18.57,-18.57,-99.97,False,0.0,False
2012-09-19,2012-09-20,0,Overnight,0.0,False,-47.59,-47.59,151.93,False,0.0,False
2012-09-20,2012-09-21,0,Overnight,0.0,False,55.57,55.57,-11.96,False,0.0,False
2012-09-21,2012-09-24,2,Weekend,48.0,False,-66.58,-66.58,62.23,False,0.0,False
2012-09-24,2012-09-25,0,Overnight,0.0,False,25.0,25.0,-40.25,False,0.0,False
2012-09-25,2012-09-26,0,Overnight,0.0,False,-2.18,-2.18,-53.57,False,0.0,False
2012-09-26,2012-09-27,0,Overnight,0.0,False,65.55,65.55,-3.27,False,0.0,False
2012-09-27,2012-09-28,0,Overnight,0.0,False,-34.92,-34.92,-3.28,False,0.0,False
2012-09-28,2012-10-01,2,Weekend,48.0,False,37.11,37.11,1.09,False,0.0,False
2012-10-01,2012-10-02,0,Overnight,0.0,False,34.8,34.8,-43.52,False,0.0,False
2012-10-02,2012-10-03,0,Overnight,0.0,False,-7.63,-7.63,5.45,False,0.0,False
2012-10-03,2012-10-04,0,Overnight,0.0,False,41.35,41.35,15.19,False,0.0,False
2012-10-04,2012-10-05,0,Overnight,0.0,False,40.04,40.04,-4.32,False,0.0,False
2012-10-05,2012-10-08,2,Weekend,48.0,False,-43.31,-43.31,57.35,False,0.0,False
2012-10-08,2012-10-09,0,Overnight,0.0,False,16.17,16.17,-75.69,False,0.0,False
2012-10-09,2012-10-10,0,Overnight,0.0,False,-35.88,-35.88,-84.23,False,0.0,False
2012-10-10,2012-10-11,0,Overnight,0.0,False,59.15,59.15,-43.78,False,0.0,False
2012-10-11,2012-10-12,0,Overnight,0.0,False,37.22,37.22,-52.59,False,0.0,False
2012-10-12,2012-10-15,2,Weekend,48.0,False,35.09,35.09,17.5,False,0.0,False
2012-10-15,2012-10-16,0,Overnight,0.0,False,41.44,41.44,53.18,False,0.0,False
2012-10-16,2012-10-17,0,Overnight,0.0,False,25.95,25.95,82.79,False,0.0,False
2012-10-17,2012-10-18,0,Overnight,0.0,False,-45.07,-45.07,54.71,False,0.0,False
2012-10-18,2012-10-19,0,Overnight,0.0,False,9.62,9.62,-152.92,False,0.0,False
2012-10-19,2012-10-22,2,Weekend,48.0,False,-52.23,-52.23,56.57,False,0.0,False
2012-10-22,2012-10-23,0,Overnight,0.0,False,-115.65,-115.65,-104.79,False,0.0,False
2012-10-23,2012-10-24,0,Overnight,0.0,False,31.0,31.0,-64.32,False,0.0,False
2012-10-24,2012-10-25,0,Overnight,0.0,False,83.1,83.1,-22.09,False,0.0,False
2012-10-25,2012-10-26,0,Overnight,0.0,False,14.37,14.37,6.62,False,0.0,False
2012-10-26,2012-10-31,4,Long,96.0,False,45.14,45.14,15.37,False,0.0,False
2012-10-31,2012-11-01,0,Overnight,0.0,False,-101.42,-101.42,148.48,False,0.0,False
2012-11-01,2012-11-02,0,Overnight,0.0,False,17.45,17.45,-163.71,False,0.0,False
2012-11-02,2012-11-05,2,Weekend,49.0,False,-25.51,-25.51,65.31,False,0.0,False
2012-11-05,2012-11-06,0,Overnight,0.0,False,25.35,25.35,82.21,False,0.0,False
2012-11-06,2012-11-07,0,Overnight,0.0,False,-150.68,-87.71,-230.93,True,62.22,False
2012-11-07,2012-11-08,0,Overnight,0.0,False,10.2,10.2,-136.88,False,0.0,False
2012-11-08,2012-11-09,0,Overnight,0.0,False,-52.97,-52.97,69.04,False,0.0,False
2012-11-09,2012-11-12,2,Weekend,48.0,False,6.88,6.88,5.73,False,0.0,False
2012-11-12,2012-11-13,0,Overnight,0.0,False,-65.49,-65.49,-32.33,False,0.0,False
2012-11-13,2012-11-14,0,Overnight,0.0,False,32.33,32.33,-78.7,False,0.0,False
2012-11-14,2012-11-15,0,Overnight,0.0,False,2.32,2.32,5.81,False,0.0,False
2012-11-15,2012-11-16,0,Overnight,0.0,False,0.0,0.0,35.92,False,0.0,False
2012-11-16,2012-11-19,2,Weekend,48.0,False,109.29,109.29,30.84,False,0.0,False
2012-11-19,2012-11-20,0,Overnight,0.0,False,-18.27,-18.27,-1.14,False,0.0,False
2012-11-20,2012-11-21,0,Overnight,0.0,False,35.37,35.37,22.75,False,0.0,False
2012-11-21,2012-11-23,1,Short,24.0,False,27.23,27.23,94.73,False,0.0,False
2012-11-23,2012-11-26,2,Weekend,48.0,True,-86.8,-86.8,33.91,False,0.0,False
2012-11-26,2012-11-27,0,Overnight,0.0,False,-24.86,-24.86,-119.49,False,0.0,False
2012-11-27,2012-11-28,0,Overnight,0.0,False,-94.32,-94.32,179.81,False,0.0,False
2012-11-28,2012-11-29,0,Overnight,0.0,False,30.6,30.6,-28.33,False,0.0,False
2012-11-29,2012-11-30,0,Overnight,0.0,False,-5.68,-5.68,7.94,False,0.0,False
2012-11-30,2012-12-03,2,Weekend,48.0,False,46.41,46.41,-106.72,False,0.0,False
2012-12-03,2012-12-04,0,Overnight,0.0,False,-26.29,-26.29,-21.77,False,0.0,False
2012-12-04,2012-12-05,0,Overnight,0.0,False,9.17,9.17,52.57,False,0.0,False
2012-12-05,2012-12-06,0,Overnight,0.0,False,3.42,3.42,27.31,False,0.0,False
2012-12-06,2012-12-07,0,Overnight,0.0,False,19.3,19.3,48.65,False,0.0,False
2012-12-07,2012-12-10,2,Weekend,48.0,False,-2.26,-2.26,-19.21,False,0.0,False
2012-12-10,2012-12-11,0,Overnight,0.0,False,22.6,22.6,42.79,False,0.0,False
2012-12-11,2012-12-12,0,Overnight,0.0,False,11.23,11.23,40.33,False,0.0,False
2012-12-12,2012-12-13,0,Overnight,0.0,False,-32.47,-32.47,-65.26,False,0.0,False
2012-12-13,2012-12-14,0,Overnight,0.0,False,-65.69,-65.69,9.09,False,0.0,False
2012-12-14,2012-12-17,2,Weekend,48.0,False,31.74,31.74,57.55,False,0.0,False
2012-12-17,2012-12-18,0,Overnight,0.0,False,-13.51,-13.51,90.85,False,0.0,False
2012-12-18,2012-12-19,0,Overnight,0.0,False,-2.23,-2.23,-123.61,False,0.0,False
2012-12-19,2012-12-20,0,Overnight,0.0,False,-6.79,-6.79,57.54,False,0.0,False
2012-12-20,2012-12-21,0,Overnight,0.0,False,-139.34,-139.34,-49.17,False,0.0,False
2012-12-21,2012-12-24,2,Weekend,48.0,False,-11.47,-11.47,-24.13,False,0.0,False
2012-12-24,2012-12-26,1,Short,24.0,True,33.31,33.31,-16.07,False,0.0,False
2012-12-26,2012-12-27,0,Overnight,0.0,False,-2.3,-2.3,-21.85,False,0.0,False
2012-12-27,2012-12-28,0,Overnight,0.0,False,-87.88,-87.88,-116.82,False,0.0,False
2012-12-28,2012-12-31,2,Weekend,48.0,False,-7.05,-7.05,176.01,False,0.0,False
2012-12-31,2013-01-02,1,Short,24.0,False,142.25,142.25,104.25,False,0.0,False
2013-01-02,2013-01-03,0,Overnight,0.0,False,-28.22,-28.22,10.17,False,0.0,False
2013-01-03,2013-01-04,0,Overnight,0.0,False,-5.65,-5.65,51.84,False,0.0,False
2013-01-04,2013-01-07,2,Weekend,48.0,False,-73.33,-73.33,-43.12,False,0.0,False
2013-01-07,2013-01-08,0,Overnight,0.0,False,-12.52,-12.52,74.87,False,0.0,False
2013-01-08,2013-01-09,0,Overnight,0.0,False,-9.05,-9.05,-29.46,False,0.0,False
2013-01-09,2013-01-10,0,Overnight,0.0,False,68.97,68.97,39.36,False,0.0,False
2013-01-10,2013-01-11,0,Overnight,0.0,False,-14.6,-14.6,71.68,False,0.0,False
2013-01-11,2013-01-14,2,Weekend,48.0,False,-16.75,-16.75,13.41,False,0.0,False
2013-01-14,2013-01-15,0,Overnight,0.0,False,-44.75,-44.75,39.17,False,0.0,False
2013-01-15,2013-01-16,0,Overnight,0.0,False,-41.41,-41.41,34.71,False,0.0,False
2013-01-16,2013-01-17,0,Overnight,0.0,False,32.36,32.36,48.9,False,0.0,False
2013-01-17,2013-01-18,0,Overnight,0.0,False,-12.2,-12.2,78.5,False,0.0,False
2013-01-18,2013-01-22,3,Long,72.0,False,-58.54,-58.54,71.75,False,0.0,False
2013-01-22,2013-01-23,0,Overnight,0.0,False,-46.3,-46.3,22.07,False,0.0,False
2013-01-23,2013-01-24,0,Overnight,0.0,False,19.83,19.83,51.58,False,0.0,False
2013-01-24,2013-01-25,0,Overnight,0.0,False,24.05,24.05,17.46,False,0.0,False
2013-01-25,2013-01-28,2,Weekend,48.0,False,-6.54,-6.54,-61.28,False,0.0,False
2013-01-28,2013-01-29,0,Overnight,0.0,False,10.97,10.97,60.12,False,0.0,False
2013-01-29,2013-01-30,0,Overnight,0.0,False,-64.51,-64.51,-54.99,False,0.0,False
2013-01-30,2013-01-31,0,Overnight,0.0,False,2.21,2.21,-79.71,False,0.0,False
2013-01-31,2013-02-01,0,Overnight,0.0,False,52.1,52.1,-44.33,False,0.0,False
2013-02-01,2013-02-04,2,Weekend,48.0,False,-70.21,-70.21,-29.12,False,0.0,False
2013-02-04,2013-02-05,0,Overnight,0.0,False,81.55,81.55,-15.59,False,0.0,False
2013-02-05,2013-02-06,0,Overnight,0.0,False,-41.31,-41.31,46.89,False,0.0,False
2013-02-06,2013-02-07,0,Overnight,0.0,False,-64.8,-1.11,-108.19,True,63.48,False
2013-02-07,2013-02-08,0,Overnight,0.0,False,28.29,28.29,12.42,False,0.0,False
2013-02-08,2013-02-11,2,Weekend,48.0,False,-29.39,-29.39,-7.93,False,0.0,False
2013-02-11,2013-02-12,0,Overnight,0.0,False,-3.4,-3.4,23.77,False,0.0,False
2013-02-12,2013-02-13,0,Overnight,0.0,False,0.0,0.0,23.71,False,0.0,False
2013-02-13,2013-02-14,0,Overnight,0.0,False,-37.29,-37.29,20.36,False,0.0,False
2013-02-14,2013-02-15,0,Overnight,0.0,False,5.65,5.65,-23.74,False,0.0,False
2013-02-15,2013-02-19,3,Long,72.0,False,20.35,20.35,87.71,False,0.0,False
2013-02-19,2013-02-20,0,Overnight,0.0,False,-20.17,-20.17,-19.09,False,0.0,False
2013-02-20,2013-02-21,0,Overnight,0.0,False,-20.25,-20.25,-22.55,False,0.0,False
2013-02-21,2013-02-22,0,Overnight,0.0,False,48.42,48.42,20.2,False,0.0,False
2013-02-22,2013-02-25,2,Weekend,48.0,False,75.94,75.94,-245.54,False,0.0,False
2013-02-25,2013-02-26,0,Overnight,0.0,False,90.81,90.81,1.13,False,0.0,False
2013-02-26,2013-02-27,0,Overnight,0.0,False,-1.13,-1.13,115.71,False,0.0,False
2013-02-27,2013-02-28,0,Overnight,0.0,False,15.62,15.62,-13.39,False,0.0,False
2013-02-28,2013-03-01,0,Overnight,0.0,False,-53.75,-53.75,40.34,False,0.0,False
2013-03-01,2013-03-04,2,Weekend,48.0,False,-33.6,-33.6,-20.22,False,0.0,False
2013-03-04,2013-03-05,0,Overnight,0.0,False,59.41,59.41,14.52,False,0.0,False
2013-03-05,2013-03-06,0,Overnight,0.0,False,-1.12,-1.12,-4.47,False,0.0,False
2013-03-06,2013-03-07,0,Overnight,0.0,False,7.81,7.81,-103.17,False,0.0,False
2013-03-07,2013-03-08,0,Overnight,0.0,False,33.76,33.76,-4.49,False,0.0,False
2013-03-08,2013-03-11,2,Weekend,47.0,False,4.49,4.49,16.84,False,0.0,False
2013-03-11,2013-03-12,0,Overnight,0.0,False,32.47,32.47,-32.47,False,0.0,False
2013-03-12,2013-03-13,0,Overnight,0.0,False,-15.72,-15.72,26.92,False,0.0,False
2013-03-13,2013-03-14,0,Overnight,0.0,False,16.79,16.79,46.86,False,0.0,False
2013-03-14,2013-03-15,0,Overnight,0.0,False,-70.38,-70.38,19.04,False,0.0,False
2013-03-15,2013-03-18,2,Weekend,48.0,False,-70.74,-70.74,3.38,False,0.0,False
2013-03-18,2013-03-19,0,Overnight,0.0,False,13.51,13.51,-34.94,False,0.0,False
2013-03-19,2013-03-20,0,Overnight,0.0,False,41.68,41.68,-36.04,False,0.0,False
2013-03-20,2013-03-21,0,Overnight,0.0,False,-57.71,-57.71,5.67,False,0.0,False
2013-03-21,2013-03-22,0,Overnight,0.0,False,26.05,26.05,100.18,False,0.0,False
2013-03-22,2013-03-25,2,Weekend,48.0,False,23.49,23.49,-53.78,False,0.0,False
2013-03-25,2013-03-26,0,Overnight,0.0,False,43.72,43.72,80.2,False,0.0,False
2013-03-26,2013-03-27,0,Overnight,0.0,False,-63.44,-63.44,113.25,False,0.0,False
2013-03-27,2013-03-28,0,Overnight,0.0,False,6.62,6.62,-58.64,False,0.0,False
2013-03-28,2013-04-01,3,Long,72.0,False,2.22,2.22,70.76,False,0.0,False
2013-04-01,2013-04-02,0,Overnight,0.0,False,-19.85,-19.85,-1.1,False,0.0,False
2013-04-02,2013-04-03,0,Overnight,0.0,False,7.72,7.72,-79.74,False,0.0,False
2013-04-03,2013-04-04,0,Overnight,0.0,False,18.89,18.89,-36.69,False,0.0,False
2013-04-04,2013-04-05,0,Overnight,0.0,False,-130.06,-130.06,45.04,False,0.0,False
2013-04-05,2013-04-08,2,Weekend,48.0,False,11.23,11.23,-57.4,False,0.0,False
2013-04-08,2013-04-09,0,Overnight,0.0,False,10.15,10.15,9.02,False,0.0,False
2013-04-09,2013-04-10,0,Overnight,0.0,False,-36.11,-36.11,25.97,False,0.0,False
2013-04-10,2013-04-11,0,Overnight,0.0,False,30.4,30.4,30.31,False,0.0,False
2013-04-11,2013-04-12,0,Overnight,0.0,False,-38.18,-38.18,12.37,False,0.0,False
2013-04-12,2013-04-15,2,Weekend,48.0,False,-78.97,-78.97,-205.98,False,0.0,False
2013-04-15,2013-04-16,0,Overnight,0.0,False,80.61,80.61,-66.74,False,0.0,False
2013-04-16,2013-04-17,0,Overnight,0.0,False,-46.29,-46.29,-15.09,False,0.0,False
2013-04-17,2013-04-18,0,Overnight,0.0,False,23.21,23.21,39.33,False,0.0,False
2013-04-18,2013-04-19,0,Overnight,0.0,False,74.76,74.76,20.6,False,0.0,False
2013-04-19,2013-04-22,2,Weekend,48.0,False,18.28,18.28,54.64,False,0.0,False
2013-04-22,2013-04-23,0,Overnight,0.0,False,34.0,34.0,102.43,False,0.0,False
2013-04-23,2013-04-24,0,Overnight,0.0,False,16.78,16.78,-2.24,False,0.0,False
2013-04-24,2013-04-25,0,Overnight,0.0,False,-60.57,-60.57,-92.68,False,0.0,False
2013-04-25,2013-04-26,0,Overnight,0.0,False,-29.57,-29.57,21.61,False,0.0,False
2013-04-26,2013-04-29,2,Weekend,48.0,False,29.5,29.5,-5.67,False,0.0,False
2013-04-29,2013-04-30,0,Overnight,0.0,False,5.67,5.67,82.37,False,0.0,False
2013-04-30,2013-05-01,0,Overnight,0.0,False,-52.96,-52.96,-114.75,False,0.0,False
2013-05-01,2013-05-02,0,Overnight,0.0,False,53.56,53.56,73.61,False,0.0,False
2013-05-02,2013-05-03,0,Overnight,0.0,False,41.66,41.66,113.95,False,0.0,False
2013-05-03,2013-05-06,2,Weekend,48.0,False,25.52,25.52,36.5,False,0.0,False
2013-05-06,2013-05-07,0,Overnight,0.0,False,4.42,4.42,58.32,False,0.0,False
2013-05-07,2013-05-08,0,Overnight,0.0,False,-10.98,-10.98,71.14,False,0.0,False
2013-05-08,2013-05-09,0,Overnight,0.0,False,-61.26,7.63,-12.08,True,68.7,False
2013-05-09,2013-05-10,0,Overnight,0.0,False,-17.59,-17.59,-80.66,False,0.0,False
2013-05-10,2013-05-13,2,Weekend,48.0,False,-37.79,-37.79,33.35,False,0.0,False
2013-05-13,2013-05-14,0,Overnight,0.0,False,5.55,5.55,105.93,False,0.0,False
2013-05-14,2013-05-15,0,Overnight,0.0,False,-51.72,-51.72,65.98,False,0.0,False
2013-05-15,2013-05-16,0,Overnight,0.0,False,-48.34,-48.34,-11.02,False,0.0,False
2013-05-16,2013-05-17,0,Overnight,0.0,False,40.71,40.71,75.48,False,0.0,False
2013-05-17,2013-05-20,2,Weekend,48.0,False,-16.36,-16.36,98.84,False,0.0,False
2013-05-20,2013-05-21,0,Overnight,0.0,False,16.2,16.2,14.02,False,0.0,False
2013-05-21,2013-05-22,0,Overnight,0.0,False,3.23,3.23,-69.18,False,0.0,False
2013-05-22,2013-05-23,0,Overnight,0.0,False,-68.57,-68.57,25.09,False,0.0,False
2013-05-23,2013-05-24,0,Overnight,0.0,False,-44.77,-44.77,16.4,False,0.0,False
2013-05-24,2013-05-28,3,Long,72.0,False,152.87,152.87,-60.44,False,0.0,False
2013-05-28,2013-05-29,0,Overnight,0.0,False,-67.34,-67.34,34.81,False,0.0,False
2013-05-29,2013-05-30,0,Overnight,0.0,False,-11.95,-11.95,13.04,False,0.0,False
2013-05-30,2013-05-31,0,Overnight,0.0,False,-15.21,-15.21,-162.27,False,0.0,False
2013-05-31,2013-06-03,2,Weekend,48.0,False,6.63,6.63,102.2,False,0.0,False
2013-06-03,2013-06-04,0,Overnight,0.0,False,-30.66,-30.66,-42.86,False,0.0,False
2013-06-04,2013-06-05,0,Overnight,0.0,False,-12.12,-12.12,-114.24,False,0.0,False
2013-06-05,2013-06-06,0,Overnight,0.0,False,-22.33,-22.33,86.82,False,0.0,False
2013-06-06,2013-06-07,0,Overnight,0.0,False,72.88,72.88,61.42,False,0.0,False
2013-06-07,2013-06-10,2,Weekend,48.0,False,52.35,52.35,-88.5,False,0.0,False
2013-06-10,2013-06-11,0,Overnight,0.0,False,-81.54,-81.54,8.85,False,0.0,False
2013-06-11,2013-06-12,0,Overnight,0.0,False,73.79,73.79,-153.7,False,0.0,False
2013-06-12,2013-06-13,0,Overnight,0.0,False,-12.27,-12.27,187.89,False,0.0,False
2013-06-13,2013-06-14,0,Overnight,0.0,False,-18.63,-18.63,-63.83,False,0.0,False
2013-06-14,2013-06-17,2,Weekend,48.0,False,42.96,42.96,59.18,False,0.0,False
2013-06-17,2013-06-18,0,Overnight,0.0,False,-16.41,-16.41,62.2,False,0.0,False
2013-06-18,2013-06-19,0,Overnight,0.0,False,-15.24,-15.24,-86.44,False,0.0,False
2013-06-19,2013-06-20,0,Overnight,0.0,False,-83.87,-83.87,-132.75,False,0.0,False
2013-06-20,2013-06-21,0,Overnight,0.0,False,79.41,79.41,-31.24,False,0.0,False
2013-06-21,2013-06-24,2,Weekend,48.0,False,-59.41,-59.41,-52.98,False,0.0,False
2013-06-24,2013-06-25,0,Overnight,0.0,False,123.56,123.56,-52.61,False,0.0,False
2013-06-25,2013-06-26,0,Overnight,0.0,False,34.73,34.73,42.41,False,0.0,False
2013-06-26,2013-06-27,0,Overnight,0.0,False,48.88,48.88,-22.19,False,0.0,False
2013-06-27,2013-06-28,0,Overnight,0.0,False,-21.12,-21.12,55.49,False,0.0,False
2013-06-28,2013-07-01,2,Weekend,48.0,False,4.43,4.43,-9.96,False,0.0,False
2013-07-01,2013-07-02,0,Overnight,0.0,False,7.75,7.75,29.83,False,0.0,False
2013-07-02,2013-07-03,0,Overnight,0.0,False,-1.1,-1.1,6.62,False,0.0,False
2013-07-03,2013-07-05,1,Short,24.0,True,45.11,45.11,51.46,False,0.0,False
2013-07-05,2013-07-08,2,Weekend,48.0,False,42.5,42.5,31.49,False,0.0,False
2013-07-08,2013-07-09,0,Overnight,0.0,False,42.19,42.19,75.28,False,0.0,False
2013-07-09,2013-07-10,0,Overnight,0.0,False,-6.43,-6.43,-49.44,False,0.0,False
2013-07-10,2013-07-11,0,Overnight,0.0,False,105.03,105.03,-56.66,False,0.0,False
2013-07-11,2013-07-12,0,Overnight,0.0,False,-2.14,-2.14,16.07,False,0.0,False
2013-07-12,2013-07-15,2,Weekend,48.0,False,-22.51,-22.51,6.44,False,0.0,False
2013-07-15,2013-07-16,0,Overnight,0.0,False,-6.44,-6.44,11.8,False,0.0,False
2013-07-16,2013-07-17,0,Overnight,0.0,False,27.83,27.83,-10.69,False,0.0,False
2013-07-17,2013-07-18,0,Overnight,0.0,False,36.31,36.31,61.64,False,0.0,False
2013-07-18,2013-07-19,0,Overnight,0.0,False,32.79,32.79,50.56,False,0.0,False
2013-07-19,2013-07-22,2,Weekend,48.0,False,-31.57,-31.57,-4.22,False,0.0,False
2013-07-22,2013-07-23,0,Overnight,0.0,False,3.16,3.16,35.78,False,0.0,False
2013-07-23,2013-07-24,0,Overnight,0.0,False,11.55,11.55,-33.63,False,0.0,False
2013-07-24,2013-07-25,0,Overnight,0.0,False,-31.63,-31.63,29.53,False,0.0,False
2013-07-25,2013-07-26,0,Overnight,0.0,False,-21.08,-21.08,2.11,False,0.0,False
2013-07-26,2013-07-29,2,Weekend,48.0,False,-29.58,-29.58,-50.92,False,0.0,False
2013-07-29,2013-07-30,0,Overnight,0.0,False,20.19,20.19,-43.61,False,0.0,False
2013-07-30,2013-07-31,0,Overnight,0.0,False,12.78,12.78,-19.18,False,0.0,False
2013-07-31,2013-08-01,0,Overnight,0.0,False,-113.71,-113.71,4.31,False,0.0,False
2013-08-01,2013-08-02,0,Overnight,0.0,False,-29.16,-29.16,-55.31,False,0.0,False
2013-08-02,2013-08-05,2,Weekend,48.0,False,-57.81,-57.81,18.58,False,0.0,False
2013-08-05,2013-08-06,0,Overnight,0.0,False,-28.43,-28.43,15.32,False,0.0,False
2013-08-06,2013-08-07,0,Overnight,0.0,False,-31.75,-31.75,17.53,False,0.0,False
2013-08-07,2013-08-08,0,Overnight,0.0,False,64.39,64.39,-16.33,False,0.0,False
2013-08-08,2013-08-09,0,Overnight,0.0,False,-63.4,5.45,-52.77,True,68.64,False
2013-08-09,2013-08-12,2,Weekend,48.0,False,-32.02,-32.02,-59.89,False,0.0,False
2013-08-12,2013-08-13,0,Overnight,0.0,False,-4.45,-4.45,-50.21,False,0.0,False
2013-08-13,2013-08-14,0,Overnight,0.0,False,-6.71,-6.71,-43.75,False,0.0,False
2013-08-14,2013-08-15,0,Overnight,0.0,False,-32.66,-32.66,-56.55,False,0.0,False
2013-08-15,2013-08-16,0,Overnight,0.0,False,-17.03,-17.03,-11.37,False,0.0,False
2013-08-16,2013-08-19,2,Weekend,48.0,False,-10.24,-10.24,-103.01,False,0.0,False
2013-08-19,2013-08-20,0,Overnight,0.0,False,24.13,24.13,-34.49,False,0.0,False
2013-08-20,2013-08-21,0,Overnight,0.0,False,13.81,13.81,-61.14,False,0.0,False
2013-08-21,2013-08-22,0,Overnight,0.0,False,18.5,18.5,46.09,False,0.0,False
2013-08-22,2013-08-23,0,Overnight,0.0,False,19.53,19.53,42.37,False,0.0,False
2013-08-23,2013-08-26,2,Weekend,48.0,False,-2.29,-2.29,-46.97,False,0.0,False
2013-08-26,2013-08-27,0,Overnight,0.0,False,-54.11,-54.11,23.06,False,0.0,False
2013-08-27,2013-08-28,0,Overnight,0.0,False,52.84,52.84,177.16,False,0.0,False
2013-08-28,2013-08-29,0,Overnight,0.0,False,-23.67,-23.67,-154.64,False,0.0,False
2013-08-29,2013-08-30,0,Overnight,0.0,False,13.74,13.74,-26.35,False,0.0,False
2013-08-30,2013-09-03,3,Long,72.0,False,61.76,61.76,-62.91,False,0.0,False
2013-09-03,2013-09-04,0,Overnight,0.0,False,-16.08,-16.08,85.83,False,0.0,False
2013-09-04,2013-09-05,0,Overnight,0.0,False,34.13,34.13,-80.95,False,0.0,False
2013-09-05,2013-09-06,0,Overnight,0.0,False,16.01,16.01,-27.47,False,0.0,False
2013-09-06,2013-09-09,2,Weekend,48.0,False,10.31,10.31,79.83,False,0.0,False
2013-09-09,2013-09-10,0,Overnight,0.0,False,40.81,40.81,-65.83,False,0.0,False
2013-09-10,2013-09-11,0,Overnight,0.0,False,6.83,6.83,108.65,False,0.0,False
2013-09-11,2013-09-12,0,Overnight,0.0,False,-28.18,-28.18,-69.09,False,0.0,False
2013-09-12,2013-09-13,0,Overnight,0.0,False,19.3,19.3,28.32,False,0.0,False
2013-09-13,2013-09-16,2,Weekend,48.0,False,54.15,54.15,-23.66,False,0.0,False
2013-09-16,2013-09-17,0,Overnight,0.0,False,4.51,4.51,25.89,False,0.0,False
2013-09-17,2013-09-18,0,Overnight,0.0,False,-3.37,-3.37,75.07,False,0.0,False
2013-09-18,2013-09-19,0,Overnight,0.0,False,6.7,6.7,-40.24,False,0.0,False
2013-09-19,2013-09-20,0,Overnight,0.0,False,27.96,27.96,-97.65,False,0.0,False
2013-09-20,2013-09-23,2,Weekend,48.0,False,-41.82,-41.82,-61.35,False,0.0,False
2013-09-23,2013-09-24,0,Overnight,0.0,False,-18.25,-18.25,-26.29,False,0.0,False
2013-09-24,2013-09-25,0,Overnight,0.0,False,26.29,26.29,-51.51,False,0.0,False
2013-09-25,2013-09-26,0,Overnight,0.0,False,29.79,29.79,-37.83,False,0.0,False
2013-09-26,2013-09-27,0,Overnight,0.0,False,-25.3,-25.3,5.76,False,0.0,False
2013-09-27,2013-09-30,2,Weekend,48.0,False,-97.13,-97.13,-2.32,False,0.0,False
2013-09-30,2013-10-01,0,Overnight,0.0,False,-5.81,-5.81,1.16,False,0.0,False
2013-10-01,2013-10-02,0,Overnight,0.0,False,-29.11,-29.11,38.41,False,0.0,False
2013-10-02,2013-10-03,0,Overnight,0.0,False,-4.65,-4.65,-62.96,False,0.0,False
2013-10-03,2013-10-04,0,Overnight,0.0,False,94.29,94.29,1.16,False,0.0,False
2013-10-04,2013-10-07,2,Weekend,48.0,False,-87.27,-87.27,38.49,False,0.0,False
2013-10-07,2013-10-08,0,Overnight,0.0,False,-4.66,-4.66,-40.85,False,0.0,False
2013-10-08,2013-10-09,0,Overnight,0.0,False,-18.73,-18.73,-22.29,False,0.0,False
2013-10-09,2013-10-10,0,Overnight,0.0,False,42.18,42.18,60.62,False,0.0,False
2013-10-10,2013-10-11,0,Overnight,0.0,False,-16.28,-16.28,121.49,False,0.0,False
2013-10-11,2013-10-14,2,Weekend,48.0,False,-50.73,-50.73,125.21,False,0.0,False
2013-10-14,2013-10-15,0,Overnight,0.0,False,-14.85,-14.85,-78.04,False,0.0,False
2013-10-15,2013-10-16,0,Overnight,0.0,False,79.19,79.19,-19.45,False,0.0,False
2013-10-16,2013-10-17,0,Overnight,0.0,False,-20.64,-20.64,40.09,False,0.0,False
2013-10-17,2013-10-18,0,Overnight,0.0,False,23.98,23.98,-15.98,False,0.0,False
2013-10-18,2013-10-21,2,Weekend,48.0,False,-5.71,-5.71,-30.9,False,0.0,False
2013-10-21,2013-10-22,0,Overnight,0.0,False,6.88,6.88,78.74,False,0.0,False
2013-10-22,2013-10-23,0,Overnight,0.0,False,-52.42,-52.42,10.28,False,0.0,False
2013-10-23,2013-10-24,0,Overnight,0.0,False,42.14,42.14,49.89,False,0.0,False
2013-10-24,2013-10-25,0,Overnight,0.0,False,-21.51,-21.51,-29.51,False,0.0,False
2013-10-25,2013-10-28,2,Weekend,48.0,False,-15.93,-15.93,45.44,False,0.0,False
2013-10-28,2013-10-29,0,Overnight,0.0,False,24.9,24.9,54.12,False,0.0,False
2013-10-29,2013-10-30,0,Overnight,0.0,False,4.5,4.5,-18.0,False,0.0,False
2013-10-30,2013-10-31,0,Overnight,0.0,False,71.81,71.81,18.99,False,0.0,False
2013-10-31,2013-11-01,0,Overnight,0.0,False,13.38,13.38,8.91,False,0.0,False
2013-11-01,2013-11-04,2,Weekend,49.0,False,20.02,20.02,230.65,False,0.0,False
2013-11-04,2013-11-05,0,Overnight,0.0,False,-82.86,-82.86,70.91,False,0.0,False
2013-11-05,2013-11-06,0,Overnight,0.0,False,46.64,46.64,86.19,False,0.0,False
2013-11-06,2013-11-07,0,Overnight,0.0,False,-62.41,5.36,-73.67,True,67.58,False
2013-11-07,2013-11-08,0,Overnight,0.0,False,-17.41,-17.41,100.8,False,0.0,False
2013-11-08,2013-11-11,2,Weekend,48.0,False,12.93,12.93,11.84,False,0.0,False
2013-11-11,2013-11-12,0,Overnight,0.0,False,-31.25,-31.25,0.0,False,0.0,False
2013-11-12,2013-11-13,0,Overnight,0.0,False,-48.68,-48.68,40.04,False,0.0,False
2013-11-13,2013-11-14,0,Overnight,0.0,False,9.72,9.72,58.1,False,0.0,False
2013-11-14,2013-11-15,0,Overnight,0.0,False,99.27,99.27,118.26,False,0.0,False
2013-11-15,2013-11-18,2,Weekend,48.0,False,74.25,74.25,-55.37,False,0.0,False
2013-11-18,2013-11-19,0,Overnight,0.0,False,-5.24,-5.24,2.1,False,0.0,False
2013-11-19,2013-11-20,0,Overnight,0.0,False,34.52,34.52,-112.38,False,0.0,False
2013-11-20,2013-11-21,0,Overnight,0.0,False,17.94,17.94,-16.88,False,0.0,False
2013-11-21,2013-11-22,0,Overnight,0.0,False,28.47,28.47,5.26,False,0.0,False
2013-11-22,2013-11-25,2,Weekend,48.0,False,21.03,21.03,-12.61,False,0.0,False
2013-11-25,2013-11-26,0,Overnight,0.0,False,-35.82,-35.82,-50.79,False,0.0,False
2013-11-26,2013-11-27,0,Overnight,0.0,False,9.54,9.54,-59.52,False,0.0,False
2013-11-27,2013-11-29,1,Short,24.0,False,-16.0,-16.0,-18.17,False,0.0,False
2013-11-29,2013-12-02,2,Weekend,48.0,True,-22.49,-22.49,26.77,False,0.0,False
2013-12-02,2013-12-03,0,Overnight,0.0,False,8.55,8.55,84.05,False,0.0,False
2013-12-03,2013-12-04,0,Overnight,0.0,False,-21.21,-21.21,50.83,False,0.0,False
2013-12-04,2013-12-05,0,Overnight,0.0,False,-63.58,-63.58,6.38,False,0.0,False
2013-12-05,2013-12-06,0,Overnight,0.0,False,88.84,88.84,71.35,False,0.0,False
2013-12-06,2013-12-09,2,Weekend,48.0,False,31.31,31.31,-11.47,False,0.0,False
2013-12-09,2013-12-10,0,Overnight,0.0,False,6.26,6.26,-19.83,False,0.0,False
2013-12-10,2013-12-11,0,Overnight,0.0,False,-34.54,-34.54,-118.12,False,0.0,False
2013-12-11,2013-12-12,0,Overnight,0.0,False,25.43,25.43,90.59,False,0.0,False
2013-12-12,2013-12-13,0,Overnight,0.0,False,-24.15,-24.15,18.9,False,0.0,False
2013-12-13,2013-12-16,2,Weekend,48.0,False,101.26,101.26,97.16,False,0.0,False
2013-12-16,2013-12-17,0,Overnight,0.0,False,-20.59,-20.59,-27.87,False,0.0,False
2013-12-17,2013-12-18,0,Overnight,0.0,False,70.04,70.04,214.25,False,0.0,False
2013-12-18,2013-12-19,0,Overnight,0.0,False,-4.02,-4.02,-7.04,False,0.0,False
2013-12-19,2013-12-20,0,Overnight,0.0,False,-4.02,-4.02,-71.69,False,0.0,False
2013-12-20,2013-12-23,2,Weekend,48.0,False,32.38,32.38,-49.62,False,0.0,False
2013-12-23,2013-12-24,0,Overnight,0.0,False,-18.29,-18.29,90.1,False,0.0,False
2013-12-24,2013-12-26,1,Short,24.0,True,20.14,20.14,147.77,False,0.0,False
2013-12-26,2013-12-27,0,Overnight,0.0,False,33.64,33.64,26.63,False,0.0,False
2013-12-27,2013-12-30,2,Weekend,48.0,False,1.97,1.97,-120.89,False,0.0,False
2013-12-30,2013-12-31,0,Overnight,0.0,False,17.93,17.93,70.41,False,0.0,False
2013-12-31,2014-01-02,1,Short,24.0,False,-59.46,-59.46,-84.85,False,0.0,False
2014-01-02,2014-01-03,0,Overnight,0.0,False,2.0,2.0,-26.09,False,0.0,False
2014-01-03,2014-01-06,2,Weekend,48.0,False,43.12,43.12,-28.06,False,0.0,False
2014-01-06,2014-01-07,0,Overnight,0.0,False,-5.02,-5.02,145.51,False,0.0,False
2014-01-07,2014-01-08,0,Overnight,0.0,False,11.87,11.87,-44.57,False,0.0,False
2014-01-08,2014-01-09,0,Overnight,0.0,False,-53.75,-53.75,-44.01,False,0.0,False
2014-01-09,2014-01-10,0,Overnight,0.0,False,23.03,23.03,52.87,False,0.0,False
2014-01-10,2014-01-13,2,Weekend,48.0,False,-60.87,-60.87,-137.06,False,0.0,False
2014-01-13,2014-01-14,0,Overnight,0.0,False,25.34,25.34,32.34,False,0.0,False
2014-01-14,2014-01-15,0,Overnight,0.0,False,4.03,4.03,-38.4,False,0.0,False
2014-01-15,2014-01-16,0,Overnight,0.0,False,1.01,1.01,15.17,False,0.0,False
2014-01-16,2014-01-17,0,Overnight,0.0,False,24.23,24.23,-2.02,False,0.0,False
2014-01-17,2014-01-21,3,Long,72.0,False,-59.68,-59.68,-7.1,False,0.0,False
2014-01-21,2014-01-22,0,Overnight,0.0,False,38.5,38.5,-101.65,False,0.0,False
2014-01-22,2014-01-23,0,Overnight,0.0,False,-64.57,-64.57,-28.83,False,0.0,False
2014-01-23,2014-01-24,0,Overnight,0.0,False,-81.8,-81.8,-139.25,False,0.0,False
2014-01-24,2014-01-27,2,Weekend,48.0,False,24.22,24.22,-16.84,False,0.0,False
2014-01-27,2014-01-28,0,Overnight,0.0,False,45.2,45.2,31.41,False,0.0,False
2014-01-28,2014-01-29,0,Overnight,0.0,False,-75.56,-75.56,18.94,False,0.0,False
2014-01-29,2014-01-30,0,Overnight,0.0,False,-117.39,-117.39,-1.06,False,0.0,False
2014-01-30,2014-01-31,0,Overnight,0.0,False,-122.03,-122.03,-74.59,False,0.0,False
2014-01-31,2014-02-03,2,Weekend,48.0,False,-26.08,-26.08,-205.54,False,0.0,False
2014-02-03,2014-02-04,0,Overnight,0.0,False,35.47,35.47,-38.81,False,0.0,False
2014-02-04,2014-02-05,0,Overnight,0.0,False,32.16,32.16,-81.16,False,0.0,False
2014-02-05,2014-02-06,0,Overnight,0.0,False,-7.82,62.32,32.35,True,70.33,False
2014-02-06,2014-02-07,0,Overnight,0.0,False,35.57,35.57,50.91,False,0.0,False
2014-02-07,2014-02-10,2,Weekend,48.0,False,-14.36,-14.36,-103.35,False,0.0,False
2014-02-10,2014-02-11,0,Overnight,0.0,False,4.47,4.47,141.91,False,0.0,False
2014-02-11,2014-02-12,0,Overnight,0.0,False,18.7,18.7,7.69,False,0.0,False
2014-02-12,2014-02-13,0,Overnight,0.0,False,-53.94,-53.94,92.3,False,0.0,False
2014-02-13,2014-02-14,0,Overnight,0.0,False,41.48,41.48,247.43,False,0.0,False
2014-02-14,2014-02-18,3,Long,72.0,False,-4.25,-4.25,0.0,False,0.0,False
2014-02-18,2014-02-19,0,Overnight,0.0,False,-28.74,-28.74,15.98,False,0.0,False
2014-02-19,2014-02-20,0,Overnight,0.0,False,-10.65,-10.65,160.66,False,0.0,False
2014-02-20,2014-02-21,0,Overnight,0.0,False,11.53,11.53,-47.24,False,0.0,False
2014-02-21,2014-02-24,2,Weekend,48.0,False,60.85,60.85,86.44,False,0.0,False
2014-02-24,2014-02-25,0,Overnight,0.0,False,10.36,10.36,-23.85,False,0.0,False
2014-02-25,2014-02-26,0,Overnight,0.0,False,25.92,25.92,-80.06,False,0.0,False
2014-02-26,2014-02-27,0,Overnight,0.0,False,-21.95,-21.95,27.16,False,0.0,False
2014-02-27,2014-02-28,0,Overnight,0.0,False,12.51,12.51,32.25,False,0.0,False
2014-02-28,2014-03-03,2,Weekend,48.0,False,-53.12,-53.12,-27.19,False,0.0,False
2014-03-03,2014-03-04,0,Overnight,0.0,False,113.49,113.49,-7.25,False,0.0,False
2014-03-04,2014-03-05,0,Overnight,0.0,False,-137.7,-137.7,-148.15,False,0.0,False
2014-03-05,2014-03-06,0,Overnight,0.0,False,-13.87,-13.87,9.6,False,0.0,False
2014-03-06,2014-03-07,0,Overnight,0.0,False,64.85,64.85,65.48,False,0.0,False
2014-03-07,2014-03-10,2,Weekend,47.0,False,16.83,16.83,36.72,False,0.0,False
2014-03-10,2014-03-11,0,Overnight,0.0,False,-14.67,-14.67,-142.58,False,0.0,False
2014-03-11,2014-03-12,0,Overnight,0.0,False,-39.44,-39.44,60.69,False,0.0,False
2014-03-12,2014-03-13,0,Overnight,0.0,False,24.38,24.38,-85.07,False,0.0,False
2014-03-13,2014-03-14,0,Overnight,0.0,False,-6.41,-6.41,-11.76,False,0.0,False
2014-03-14,2014-03-17,2,Weekend,48.0,False,51.22,51.22,39.31,False,0.0,False
2014-03-17,2014-03-18,0,Overnight,0.0,False,9.54,9.54,31.73,False,0.0,False
2014-03-18,2014-03-19,0,Overnight,0.0,False,-6.34,-6.34,-97.68,False,0.0,False
2014-03-19,2014-03-20,0,Overnight,0.0,False,-30.99,-30.99,121.27,False,0.0,False
2014-03-20,2014-03-21,0,Overnight,0.0,False,54.83,54.83,-83.42,False,0.0,False
2014-03-21,2014-03-24,2,Weekend,48.0,False,47.6,47.6,-12.67,False,0.0,False
2014-03-24,2014-03-25,0,Overnight,0.0,False,48.49,48.49,-20.0,False,0.0,False
2014-03-25,2014-03-26,0,Overnight,0.0,False,68.25,68.25,-90.4,False,0.0,False
2014-03-26,2014-03-27,0,Overnight,0.0,False,-9.51,-9.51,170.82,False,0.0,False
2014-03-27,2014-03-28,0,Overnight,0.0,False,23.87,23.87,126.69,False,0.0,False
2014-03-28,2014-03-31,2,Weekend,48.0,False,80.53,80.53,-82.58,False,0.0,False
2014-03-31,2014-04-01,0,Overnight,0.0,False,-3.07,-3.07,8.19,False,0.0,False
2014-04-01,2014-04-02,0,Overnight,0.0,False,-20.49,-20.49,42.97,False,0.0,False
2014-04-02,2014-04-03,0,Overnight,0.0,False,-12.26,-12.26,10.22,False,0.0,False
2014-04-03,2014-04-04,0,Overnight,0.0,False,37.71,37.71,-96.09,False,0.0,False
2014-04-04,2014-04-07,2,Weekend,48.0,False,-11.3,-11.3,-48.45,False,0.0,False
2014-04-07,2014-04-08,0,Overnight,0.0,False,23.74,23.74,45.25,False,0.0,False
2014-04-08,2014-04-09,0,Overnight,0.0,False,30.74,30.74,-43.06,False,0.0,False
2014-04-09,2014-04-10,0,Overnight,0.0,False,-36.02,-36.02,-20.64,False,0.0,False
2014-04-10,2014-04-11,0,Overnight,0.0,False,-27.94,-27.94,21.74,False,0.0,False
2014-04-11,2014-04-14,2,Weekend,48.0,False,79.3,79.3,37.88,False,0.0,False
2014-04-14,2014-04-15,0,Overnight,0.0,False,-28.65,-28.65,112.1,False,0.0,False
2014-04-15,2014-04-16,0,Overnight,0.0,False,37.43,37.43,89.45,False,0.0,False
2014-04-16,2014-04-17,0,Overnight,0.0,False,-25.05,-25.05,72.96,False,0.0,False
2014-04-17,2014-04-21,3,Long,72.0,False,-38.91,-38.91,89.57,False,0.0,False
2014-04-21,2014-04-22,0,Overnight,0.0,False,-39.71,-39.71,-15.93,False,0.0,False
2014-04-22,2014-04-23,0,Overnight,0.0,False,21.89,21.89,-8.95,False,0.0,False
2014-04-23,2014-04-24,0,Overnight,0.0,False,-1.99,-1.99,-46.89,False,0.0,False
2014-04-24,2014-04-25,0,Overnight,0.0,False,-2.0,-2.0,41.92,False,0.0,False
2014-04-25,2014-04-28,2,Weekend,48.0,False,30.83,30.83,44.58,False,0.0,False
2014-04-28,2014-04-29,0,Overnight,0.0,False,39.46,39.46,-11.82,False,0.0,False
2014-04-29,2014-04-30,0,Overnight,0.0,False,-31.59,-31.59,125.78,False,0.0,False
2014-04-30,2014-05-01,0,Overnight,0.0,False,-44.04,-44.04,-54.09,False,0.0,False
2014-05-01,2014-05-02,0,Overnight,0.0,False,-12.83,-12.83,71.82,False,0.0,False
2014-05-02,2014-05-05,2,Weekend,48.0,False,-31.42,-31.42,119.26,False,0.0,False
2014-05-05,2014-05-06,0,Overnight,0.0,False,-30.17,-30.17,6.82,False,0.0,False
2014-05-06,2014-05-07,0,Overnight,0.0,False,43.73,43.73,-0.97,False,0.0,False
2014-05-07,2014-05-08,0,Overnight,0.0,False,-1.94,-1.94,-74.97,False,0.0,False
2014-05-08,2014-05-09,0,Overnight,0.0,False,-59.8,7.82,23.57,True,67.44,False
2014-05-09,2014-05-12,2,Weekend,48.0,False,37.2,37.2,-9.78,False,0.0,False
2014-05-12,2014-05-13,0,Overnight,0.0,False,-4.89,-4.89,17.6,False,0.0,False
2014-05-13,2014-05-14,0,Overnight,0.0,False,0.0,0.0,-6.84,False,0.0,False
2014-05-14,2014-05-15,0,Overnight,0.0,False,-28.39,-28.39,-120.33,False,0.0,False
2014-05-15,2014-05-16,0,Overnight,0.0,False,-18.87,-18.87,14.9,False,0.0,False
2014-05-16,2014-05-19,2,Weekend,48.0,False,-31.82,-31.82,44.71,False,0.0,False
2014-05-19,2014-05-20,0,Overnight,0.0,False,-17.86,-17.86,-1.99,False,0.0,False
2014-05-20,2014-05-21,0,Overnight,0.0,False,17.86,17.86,116.33,False,0.0,False
2014-05-21,2014-05-22,0,Overnight,0.0,False,-21.59,-21.59,-30.5,False,0.0,False
2014-05-22,2014-05-23,0,Overnight,0.0,False,4.93,4.93,-22.67,False,0.0,False
2014-05-23,2014-05-27,3,Long,72.0,False,28.58,28.58,-24.63,False,0.0,False
2014-05-27,2014-05-28,0,Overnight,0.0,False,-12.83,-12.83,-16.81,False,0.0,False
2014-05-28,2014-05-29,0,Overnight,0.0,False,47.38,47.38,-26.63,False,0.0,False
2014-05-29,2014-05-30,0,Overnight,0.0,False,-46.52,-46.52,-26.82,False,0.0,False
2014-05-30,2014-06-02,2,Weekend,48.0,False,0.0,0.0,-58.86,False,0.0,False
2014-06-02,2014-06-03,0,Overnight,0.0,False,-35.08,-35.08,80.01,False,0.0,False
2014-06-03,2014-06-04,0,Overnight,0.0,False,-17.95,-17.95,-16.98,False,0.0,False
2014-06-04,2014-06-05,0,Overnight,0.0,False,6.0,6.0,44.85,False,0.0,False
2014-06-05,2014-06-06,0,Overnight,0.0,False,5.97,5.97,97.92,False,0.0,False
2014-06-06,2014-06-09,2,Weekend,48.0,False,-14.77,-14.77,6.9,False,0.0,False
2014-06-09,2014-06-10,0,Overnight,0.0,False,-3.94,-3.94,-1.97,False,0.0,False
2014-06-10,2014-06-11,0,Overnight,0.0,False,-26.65,-26.65,74.83,False,0.0,False
2014-06-11,2014-06-12,0,Overnight,0.0,False,49.9,49.9,-78.39,False,0.0,False
2014-06-12,2014-06-13,0,Overnight,0.0,False,26.52,26.52,70.39,False,0.0,False
2014-06-13,2014-06-16,2,Weekend,48.0,False,-7.8,-7.8,34.06,False,0.0,False
2014-06-16,2014-06-17,0,Overnight,0.0,False,-33.09,-33.09,-15.61,False,0.0,False
2014-06-17,2014-06-18,0,Overnight,0.0,False,14.64,14.64,15.59,False,0.0,False
2014-06-18,2014-06-19,0,Overnight,0.0,False,-11.69,-11.69,1.95,False,0.0,False
2014-06-19,2014-06-20,0,Overnight,0.0,False,63.13,63.13,53.11,False,0.0,False
2014-06-20,2014-06-23,2,Weekend,48.0,False,26.93,26.93,25.9,False,0.0,False
2014-06-23,2014-06-24,0,Overnight,0.0,False,-19.18,-19.18,-140.16,False,0.0,False
2014-06-24,2014-06-25,0,Overnight,0.0,False,-38.04,-38.04,-19.56,False,0.0,False
2014-06-25,2014-06-26,0,Overnight,0.0,False,-19.6,-19.6,8.82,False,0.0,False
2014-06-26,2014-06-27,0,Overnight,0.0,False,-35.35,-35.35,-45.35,False,0.0,False
2014-06-27,2014-06-30,2,Weekend,48.0,False,0.0,0.0,-52.5,False,0.0,False
2014-06-30,2014-07-01,0,Overnight,0.0,False,46.57,46.57,20.74,False,0.0,False
2014-07-01,2014-07-02,0,Overnight,0.0,False,-20.74,-20.74,41.44,False,0.0,False
2014-07-02,2014-07-03,0,Overnight,0.0,False,37.34,37.34,62.58,False,0.0,False
2014-07-03,2014-07-07,3,Long,72.0,True,-25.38,-25.38,31.22,False,0.0,False
2014-07-07,2014-07-08,0,Overnight,0.0,False,-31.22,-31.22,48.74,False,0.0,False
2014-07-08,2014-07-09,0,Overnight,0.0,False,12.63,12.63,57.14,False,0.0,False
2014-07-09,2014-07-10,0,Overnight,0.0,False,-64.91,-64.91,-30.18,False,0.0,False
2014-07-10,2014-07-11,0,Overnight,0.0,False,-16.59,-16.59,-64.66,False,0.0,False
2014-07-11,2014-07-14,2,Weekend,48.0,False,42.18,42.18,49.79,False,0.0,False
2014-07-14,2014-07-15,0,Overnight,0.0,False,-14.62,-14.62,-13.66,False,0.0,False
2014-07-15,2014-07-16,0,Overnight,0.0,False,16.59,16.59,117.29,False,0.0,False
2014-07-16,2014-07-17,0,Overnight,0.0,False,-37.65,-37.65,-104.04,False,0.0,False
2014-07-17,2014-07-18,0,Overnight,0.0,False,37.07,37.07,3.89,False,0.0,False
2014-07-18,2014-07-21,2,Weekend,48.0,False,-36.08,-36.08,70.09,False,0.0,False
2014-07-21,2014-07-22,0,Overnight,0.0,False,54.18,54.18,-9.65,False,0.0,False
2014-07-22,2014-07-23,0,Overnight,0.0,False,9.65,9.65,58.69,False,0.0,False
2014-07-23,2014-07-24,0,Overnight,0.0,False,16.29,16.29,-13.42,False,0.0,False
2014-07-24,2014-07-25,0,Overnight,0.0,False,-33.62,-33.62,-72.43,False,0.0,False
2014-07-25,2014-07-28,2,Weekend,48.0,False,10.66,10.66,104.02,False,0.0,False
2014-07-28,2014-07-29,0,Overnight,0.0,False,-15.34,-15.34,-63.53,False,0.0,False
2014-07-29,2014-07-30,0,Overnight,0.0,False,17.37,17.37,-46.38,False,0.0,False
2014-07-30,2014-07-31,0,Overnight,0.0,False,-123.76,-123.76,-302.63,False,0.0,False
2014-07-31,2014-08-01,0,Overnight,0.0,False,-32.4,-32.4,18.24,False,0.0,False
2014-08-01,2014-08-04,2,Weekend,48.0,False,-6.08,-6.08,139.79,False,0.0,False
2014-08-04,2014-08-05,0,Overnight,0.0,False,-65.13,-65.13,-129.5,False,0.0,False
2014-08-05,2014-08-06,0,Overnight,0.0,False,0.0,0.0,79.12,False,0.0,False
2014-08-06,2014-08-07,0,Overnight,0.0,False,79.5,79.5,-151.49,False,0.0,False
2014-08-07,2014-08-08,0,Overnight,0.0,False,54.8,54.8,93.68,False,0.0,False
2014-08-08,2014-08-11,2,Weekend,48.0,False,-46.23,23.03,-55.55,True,69.18,False
2014-08-11,2014-08-12,0,Overnight,0.0,False,-52.81,-52.81,28.47,False,0.0,False
2014-08-12,2014-08-13,0,Overnight,0.0,False,33.45,33.45,27.28,False,0.0,False
2014-08-13,2014-08-14,0,Overnight,0.0,False,1.01,1.01,-1.01,False,0.0,False
2014-08-14,2014-08-15,0,Overnight,0.0,False,15.13,15.13,-21.18,False,0.0,False
2014-08-15,2014-08-18,2,Weekend,48.0,False,25.21,25.21,24.14,False,0.0,False
2014-08-18,2014-08-19,0,Overnight,0.0,False,-2.01,-2.01,-1.01,False,0.0,False
2014-08-19,2014-08-20,0,Overnight,0.0,False,6.03,6.03,15.06,False,0.0,False
2014-08-20,2014-08-21,0,Overnight,0.0,False,10.03,10.03,-52.24,False,0.0,False
2014-08-21,2014-08-22,0,Overnight,0.0,False,-39.36,-39.36,-39.52,False,0.0,False
2014-08-22,2014-08-25,2,Weekend,48.0,False,31.42,31.42,-6.07,False,0.0,False
2014-08-25,2014-08-26,0,Overnight,0.0,False,37.4,37.4,52.32,False,0.0,False
2014-08-26,2014-08-27,0,Overnight,0.0,False,14.04,14.04,-25.09,False,0.0,False
2014-08-27,2014-08-28,0,Overnight,0.0,False,-49.35,-49.35,53.37,False,0.0,False
2014-08-28,2014-08-29,0,Overnight,0.0,False,-19.1,-19.1,8.05,False,0.0,False
2014-08-29,2014-09-02,3,Long,72.0,False,-3.02,-3.02,-94.99,False,0.0,False
2014-09-02,2014-09-03,0,Overnight,0.0,False,37.5,37.5,25.26,False,0.0,False
2014-09-03,2014-09-04,0,Overnight,0.0,False,-11.11,-11.11,-64.86,False,0.0,False
2014-09-04,2014-09-05,0,Overnight,0.0,False,38.56,38.56,52.53,False,0.0,False
2014-09-05,2014-09-08,2,Weekend,48.0,False,-34.31,-34.31,-116.94,False,0.0,False
2014-09-08,2014-09-09,0,Overnight,0.0,False,-8.19,-8.19,-30.76,False,0.0,False
2014-09-09,2014-09-10,0,Overnight,0.0,False,-3.08,-3.08,-56.65,False,0.0,False
2014-09-10,2014-09-11,0,Overnight,0.0,False,-50.74,-50.74,73.44,False,0.0,False
2014-09-11,2014-09-12,0,Overnight,0.0,False,-51.66,-51.66,-78.0,False,0.0,False
2014-09-12,2014-09-15,2,Weekend,48.0,False,-5.22,-5.22,58.33,False,0.0,False
2014-09-15,2014-09-16,0,Overnight,0.0,False,-6.23,-6.23,123.93,False,0.0,False
2014-09-16,2014-09-17,0,Overnight,0.0,False,49.15,49.15,-85.13,False,0.0,False
2014-09-17,2014-09-18,0,Overnight,0.0,False,7.21,7.21,-55.74,False,0.0,False
2014-09-18,2014-09-19,0,Overnight,0.0,False,48.53,48.53,4.12,False,0.0,False
2014-09-19,2014-09-22,2,Weekend,48.0,False,-22.68,-22.68,-37.22,False,0.0,False
2014-09-22,2014-09-23,0,Overnight,0.0,False,-26.97,-26.97,-26.0,False,0.0,False
2014-09-23,2014-09-24,0,Overnight,0.0,False,-16.67,-16.67,-5.22,False,0.0,False
2014-09-24,2014-09-25,0,Overnight,0.0,False,-16.71,-16.71,-148.49,False,0.0,False
2014-09-25,2014-09-26,0,Overnight,0.0,False,8.48,8.48,115.94,False,0.0,False
2014-09-26,2014-09-29,2,Weekend,48.0,False,-75.73,-75.73,-29.61,False,0.0,False
2014-09-29,2014-09-30,0,Overnight,0.0,False,-33.94,-33.94,-6.38,False,0.0,False
2014-09-30,2014-10-01,0,Overnight,0.0,False,6.38,6.38,-133.71,False,0.0,False
2014-10-01,2014-10-02,0,Overnight,0.0,False,-50.74,-50.74,98.01,False,0.0,False
2014-10-02,2014-10-03,0,Overnight,0.0,False,32.1,32.1,34.13,False,0.0,False
2014-10-03,2014-10-06,2,Weekend,48.0,False,9.58,9.58,54.1,False,0.0,False
2014-10-06,2014-10-07,0,Overnight,0.0,False,-26.48,-26.48,-95.93,False,0.0,False
2014-10-07,2014-10-08,0,Overnight,0.0,False,5.35,5.35,126.58,False,0.0,False
2014-10-08,2014-10-09,0,Overnight,0.0,False,-59.37,-59.37,-239.96,False,0.0,False
2014-10-09,2014-10-10,0,Overnight,0.0,False,67.3,67.3,-91.29,False,0.0,False
2014-10-10,2014-10-13,2,Weekend,48.0,False,-30.61,-30.61,-52.7,False,0.0,False
2014-10-13,2014-10-14,0,Overnight,0.0,False,71.3,71.3,-103.27,False,0.0,False
2014-10-14,2014-10-15,0,Overnight,0.0,False,-172.66,-172.66,136.15,False,0.0,False
2014-10-15,2014-10-16,0,Overnight,0.0,False,-183.45,-183.45,225.48,False,0.0,False
2014-10-16,2014-10-17,0,Overnight,0.0,False,58.33,58.33,8.78,False,0.0,False
2014-10-17,2014-10-20,2,Weekend,48.0,False,-63.79,-63.79,125.0,False,0.0,False
2014-10-20,2014-10-21,0,Overnight,0.0,False,118.08,118.08,84.71,False,0.0,False
2014-10-21,2014-10-22,0,Overnight,0.0,False,33.05,33.05,-88.73,False,0.0,False
2014-10-22,2014-10-23,0,Overnight,0.0,False,125.91,125.91,-21.23,False,0.0,False
2014-10-23,2014-10-24,0,Overnight,0.0,False,8.5,8.5,31.8,False,0.0,False
2014-10-24,2014-10-27,2,Weekend,48.0,False,-67.96,-67.96,-14.93,False,0.0,False
2014-10-27,2014-10-28,0,Overnight,0.0,False,77.6,77.6,69.64,False,0.0,False
2014-10-28,2014-10-29,0,Overnight,0.0,False,33.59,33.59,-87.36,False,0.0,False
2014-10-29,2014-10-30,0,Overnight,0.0,False,-76.41,-76.41,61.6,False,0.0,False
2014-10-30,2014-10-31,0,Overnight,0.0,False,57.01,57.01,179.45,False,0.0,False
2014-10-31,2014-11-03,2,Weekend,49.0,False,-15.52,-15.52,-135.55,False,0.0,False
2014-11-03,2014-11-04,0,Overnight,0.0,False,-80.1,-80.1,2.12,False,0.0,False
2014-11-04,2014-11-05,0,Overnight,0.0,False,88.48,88.48,-30.46,False,0.0,False
2014-11-05,2014-11-06,0,Overnight,0.0,False,11.56,11.56,112.83,False,0.0,False
2014-11-06,2014-11-07,0,Overnight,0.0,False,-47.9,23.87,82.12,True,71.68,False
2014-11-07,2014-11-10,2,Weekend,48.0,False,28.95,28.95,-61.09,False,0.0,False
2014-11-10,2014-11-11,0,Overnight,0.0,False,-52.07,-52.07,65.56,False,0.0,False
2014-11-11,2014-11-12,0,Overnight,0.0,False,-53.04,-53.04,-54.37,False,0.0,False
2014-11-12,2014-11-13,0,Overnight,0.0,False,-44.13,-44.13,-31.64,False,0.0,False
2014-11-13,2014-11-14,0,Overnight,0.0,False,22.16,22.16,23.16,False,0.0,False
2014-11-14,2014-11-17,2,Weekend,48.0,False,-25.27,-25.27,27.37,False,0.0,False
2014-11-17,2014-11-18,0,Overnight,0.0,False,-3.15,-3.15,-22.11,False,0.0,False
2014-11-18,2014-11-19,0,Overnight,0.0,False,22.11,22.11,55.59,False,0.0,False
2014-11-19,2014-11-20,0,Overnight,0.0,False,-25.13,-25.13,47.07,False,0.0,False
2014-11-20,2014-11-21,0,Overnight,0.0,False,142.99,142.99,-40.2,False,0.0,False
2014-11-21,2014-11-24,2,Weekend,48.0,False,-48.67,-48.67,-64.56,False,0.0,False
2014-11-24,2014-11-25,0,Overnight,0.0,False,30.25,30.25,-128.94,False,0.0,False
2014-11-25,2014-11-26,0,Overnight,0.0,False,-14.78,-14.78,-16.92,False,0.0,False
2014-11-26,2014-11-28,1,Short,24.0,False,-320.49,-320.49,-105.47,False,0.0,False
2014-11-28,2014-12-01,2,Weekend,48.0,True,-19.9,-19.9,217.84,False,0.0,False
2014-12-01,2014-12-02,0,Overnight,0.0,False,-3.25,-3.25,200.53,False,0.0,False
2014-12-02,2014-12-03,0,Overnight,0.0,False,50.83,50.83,29.53,False,0.0,False
2014-12-03,2014-12-04,0,Overnight,0.0,False,-86.74,-86.74,25.46,False,0.0,False
2014-12-04,2014-12-05,0,Overnight,0.0,False,-44.61,-44.61,-13.85,False,0.0,False
2014-12-05,2014-12-08,2,Weekend,48.0,False,-98.54,-98.54,-130.01,False,0.0,False
2014-12-08,2014-12-09,0,Overnight,0.0,False,-51.39,-51.39,16.43,False,0.0,False
2014-12-09,2014-12-10,0,Overnight,0.0,False,-72.49,-72.49,-228.56,False,0.0,False
2014-12-10,2014-12-11,0,Overnight,0.0,False,21.41,21.41,38.19,False,0.0,False
2014-12-11,2014-12-12,0,Overnight,0.0,False,-55.08,-55.08,-240.73,False,0.0,False
2014-12-12,2014-12-15,2,Weekend,48.0,False,106.82,106.82,-72.24,False,0.0,False
2014-12-15,2014-12-16,0,Overnight,0.0,False,-60.02,-60.02,3.47,False,0.0,False
2014-12-16,2014-12-17,0,Overnight,0.0,False,95.59,95.59,201.98,False,0.0,False
2014-12-17,2014-12-18,0,Overnight,0.0,False,150.51,150.51,87.04,False,0.0,False
2014-12-18,2014-12-19,0,Overnight,0.0,False,-104.76,-104.76,373.17,False,0.0,False
2014-12-19,2014-12-22,2,Weekend,48.0,False,-72.88,-72.88,39.72,False,0.0,False
2014-12-22,2014-12-23,0,Overnight,0.0,False,20.34,20.34,113.76,False,0.0,False
2014-12-23,2014-12-24,0,Overnight,0.0,False,-39.19,-39.19,-46.81,False,0.0,False
2014-12-24,2014-12-26,1,Short,24.0,True,22.37,22.37,-83.33,False,0.0,False
2014-12-26,2014-12-29,2,Weekend,48.0,False,12.87,12.87,-27.9,False,0.0,False
2014-12-29,2014-12-30,0,Overnight,0.0,False,-32.29,-32.29,26.91,False,0.0,False
2014-12-30,2014-12-31,0,Overnight,0.0,False,-64.71,-64.71,3.25,False,0.0,False
2014-12-31,2015-01-02,1,Short,24.0,False,-21.66,-21.66,62.68,False,0.0,False
2015-01-02,2015-01-05,2,Weekend,48.0,False,-78.95,-78.95,-198.48,False,0.0,False
2015-01-05,2015-01-06,0,Overnight,0.0,False,-5.54,-5.54,-47.76,False,0.0,False
2015-01-06,2015-01-07,0,Overnight,0.0,False,93.1,93.1,7.72,False,0.0,False
2015-01-07,2015-01-08,0,Overnight,0.0,False,58.25,58.25,106.82,False,0.0,False
2015-01-08,2015-01-09,0,Overnight,0.0,False,7.59,7.59,-21.69,False,0.0,False
2015-01-09,2015-01-12,2,Weekend,48.0,False,-93.82,-93.82,-100.24,False,0.0,False
2015-01-12,2015-01-13,0,Overnight,0.0,False,60.7,60.7,-97.3,False,0.0,False
2015-01-13,2015-01-14,0,Overnight,0.0,False,-117.35,-117.35,88.42,False,0.0,False
2015-01-14,2015-01-15,0,Overnight,0.0,False,76.59,76.59,-163.89,False,0.0,False
2015-01-15,2015-01-16,0,Overnight,0.0,False,2.25,2.25,237.66,False,0.0,False
2015-01-16,2015-01-20,3,Long,72.0,False,2.19,2.19,-5.49,False,0.0,False
2015-01-20,2015-01-21,0,Overnight,0.0,False,71.1,71.1,14.16,False,0.0,False
2015-01-21,2015-01-22,0,Overnight,0.0,False,47.78,47.78,60.48,False,0.0,False
2015-01-22,2015-01-23,0,Overnight,0.0,False,-63.73,-63.73,-151.77,False,0.0,False
2015-01-23,2015-01-26,2,Weekend,48.0,False,-30.85,-30.85,126.12,False,0.0,False
2015-01-26,2015-01-27,0,Overnight,0.0,False,-56.83,-56.83,-31.84,False,0.0,False
2015-01-27,2015-01-28,0,Overnight,0.0,False,-7.7,-7.7,-327.71,False,0.0,False
2015-01-28,2015-01-29,0,Overnight,0.0,False,30.65,30.65,-72.81,False,0.0,False
2015-01-29,2015-01-30,0,Overnight,0.0,False,-48.07,-48.07,29.79,False,0.0,False
2015-01-30,2015-02-02,2,Weekend,48.0,False,49.07,49.07,195.01,False,0.0,False
2015-02-02,2015-02-03,0,Overnight,0.0,False,146.28,146.28,147.42,False,0.0,False
2015-02-03,2015-02-04,0,Overnight,0.0,False,-66.34,-66.34,-19.66,False,0.0,False
2015-02-04,2015-02-05,0,Overnight,0.0,False,101.17,101.17,-3.25,False,0.0,False
2015-02-05,2015-02-06,0,Overnight,0.0,False,-28.19,46.45,-65.36,True,74.71,False
2015-02-06,2015-02-09,2,Weekend,48.0,False,-10.93,-10.93,17.49,False,0.0,False
2015-02-09,2015-02-10,0,Overnight,0.0,False,19.64,19.64,-79.89,False,0.0,False
2015-02-10,2015-02-11,0,Overnight,0.0,False,-109.38,-109.38,64.22,False,0.0,False
2015-02-11,2015-02-12,0,Overnight,0.0,False,94.48,94.48,99.01,False,0.0,False
2015-02-12,2015-02-13,0,Overnight,0.0,False,35.66,35.66,72.02,False,0.0,False
2015-02-13,2015-02-17,3,Long,72.0,False,-66.62,-66.62,32.29,False,0.0,False
2015-02-17,2015-02-18,0,Overnight,0.0,False,-114.57,-114.57,-107.1,False,0.0,False
2015-02-18,2015-02-19,0,Overnight,0.0,False,-151.68,-151.68,-22.34,False,0.0,False
2015-02-19,2015-02-20,0,Overnight,0.0,False,-4.47,-4.47,58.0,False,0.0,False
2015-02-20,2015-02-23,2,Weekend,48.0,False,-73.67,-73.67,-28.05,False,0.0,False
2015-02-23,2015-02-24,0,Overnight,0.0,False,35.89,35.89,10.07,False,0.0,False
2015-02-24,2015-02-25,0,Overnight,0.0,False,16.76,16.76,3.35,False,0.0,False
2015-02-25,2015-02-26,0,Overnight,0.0,False,-52.59,-52.59,-54.0,False,0.0,False
2015-02-26,2015-02-27,0,Overnight,0.0,False,27.04,27.04,-39.45,False,0.0,False
2015-02-27,2015-03-02,2,Weekend,48.0,False,-22.61,-22.61,-34.02,False,0.0,False
2015-03-02,2015-03-03,0,Overnight,0.0,False,-12.5,-12.5,-35.32,False,0.0,False
2015-03-03,2015-03-04,0,Overnight,0.0,False,38.73,38.73,-89.07,False,0.0,False
2015-03-04,2015-03-05,0,Overnight,0.0,False,-12.63,-12.63,-37.97,False,0.0,False
2015-03-05,2015-03-06,0,Overnight,0.0,False,-38.12,-38.12,-90.68,False,0.0,False
2015-03-06,2015-03-09,2,Weekend,47.0,False,57.06,57.06,-112.1,False,0.0,False
2015-03-09,2015-03-10,0,Overnight,0.0,False,-40.01,-40.01,-66.24,False,0.0,False
2015-03-10,2015-03-11,0,Overnight,0.0,False,79.2,79.2,-107.73,False,0.0,False
2015-03-11,2015-03-12,0,Overnight,0.0,False,48.68,48.68,-24.9,False,0.0,False
2015-03-12,2015-03-13,0,Overnight,0.0,False,-38.07,-38.07,-3.58,False,0.0,False
2015-03-13,2015-03-16,2,Weekend,48.0,False,-19.1,-19.1,124.65,False,0.0,False
2015-03-16,2015-03-17,0,Overnight,0.0,False,-25.99,-25.99,-54.56,False,0.0,False
2015-03-17,2015-03-18,0,Overnight,0.0,False,-64.43,-64.43,298.35,False,0.0,False
2015-03-18,2015-03-19,0,Overnight,0.0,False,-102.77,-102.77,-91.98,False,0.0,False
2015-03-19,2015-03-20,0,Overnight,0.0,False,30.75,30.75,-15.37,False,0.0,False
2015-03-20,2015-03-23,2,Weekend,48.0,False,56.62,56.62,48.11,False,0.0,False
2015-03-23,2015-03-24,0,Overnight,0.0,False,-15.23,-15.23,-91.86,False,0.0,False
2015-03-24,2015-03-25,0,Overnight,0.0,False,62.51,62.51,-22.37,False,0.0,False
2015-03-25,2015-03-26,0,Overnight,0.0,False,51.72,51.72,-115.55,False,0.0,False
2015-03-26,2015-03-27,0,Overnight,0.0,False,-33.26,-33.26,-54.89,False,0.0,False
2015-03-27,2015-03-30,2,Weekend,48.0,False,82.22,82.22,160.1,False,0.0,False
2015-03-30,2015-03-31,0,Overnight,0.0,False,-91.51,-91.51,17.66,False,0.0,False
2015-03-31,2015-04-01,0,Overnight,0.0,False,82.02,82.02,-145.75,False,0.0,False
2015-04-01,2015-04-02,0,Overnight,0.0,False,-43.9,-43.9,24.94,False,0.0,False
2015-04-02,2015-04-06,3,Long,72.0,False,100.33,100.33,-2.35,False,0.0,False
2015-04-06,2015-04-07,0,Overnight,0.0,False,-14.11,-14.11,86.67,False,0.0,False
2015-04-07,2015-04-08,0,Overnight,0.0,False,5.83,5.83,-204.88,False,0.0,False
2015-04-08,2015-04-09,0,Overnight,0.0,False,-7.14,-7.14,77.08,False,0.0,False
2015-04-09,2015-04-10,0,Overnight,0.0,False,84.7,84.7,22.23,False,0.0,False
2015-04-10,2015-04-13,2,Weekend,48.0,False,41.99,41.99,-67.73,False,0.0,False
2015-04-13,2015-04-14,0,Overnight,0.0,False,30.42,30.42,119.61,False,0.0,False
2015-04-14,2015-04-15,0,Overnight,0.0,False,58.7,58.7,107.3,False,0.0,False
2015-04-15,2015-04-16,0,Overnight,0.0,False,-22.73,-22.73,-17.08,False,0.0,False
2015-04-16,2015-04-17,0,Overnight,0.0,False,-67.48,-67.48,-24.13,False,0.0,False
2015-04-17,2015-04-20,2,Weekend,48.0,False,22.98,22.98,12.62,False,0.0,False
2015-04-20,2015-04-21,0,Overnight,0.0,False,16.03,16.03,-57.39,False,0.0,False
2015-04-21,2015-04-22,0,Overnight,0.0,False,18.4,18.4,48.14,False,0.0,False
2015-04-22,2015-04-23,0,Overnight,0.0,False,-11.44,-11.44,20.58,False,0.0,False
2015-04-23,2015-04-24,0,Overnight,0.0,False,-40.06,-40.06,-25.26,False,0.0,False
2015-04-24,2015-04-27,2,Weekend,48.0,False,50.46,50.46,-45.87,False,0.0,False
2015-04-27,2015-04-28,0,Overnight,0.0,False,24.11,24.11,66.28,False,0.0,False
2015-04-28,2015-04-29,0,Overnight,0.0,False,-34.23,-34.23,42.2,False,0.0,False
2015-04-29,2015-04-30,0,Overnight,0.0,False,90.63,90.63,-147.7,False,0.0,False
2015-04-30,2015-05-01,0,Overnight,0.0,False,54.79,54.79,113.19,False,0.0,False
2015-05-01,2015-05-04,2,Weekend,48.0,False,63.95,63.95,-34.73,False,0.0,False
2015-05-04,2015-05-05,0,Overnight,0.0,False,96.05,96.05,-152.32,False,0.0,False
2015-05-05,2015-05-06,0,Overnight,0.0,False,116.68,116.68,-164.2,False,0.0,False
2015-05-06,2015-05-07,0,Overnight,0.0,False,-21.57,-21.57,-45.56,False,0.0,False
2015-05-07,2015-05-08,0,Overnight,0.0,False,98.83,98.83,58.6,False,0.0,False
2015-05-08,2015-05-11,2,Weekend,48.0,False,-51.83,30.29,-199.65,True,82.03,False
2015-05-11,2015-05-12,0,Overnight,0.0,False,12.67,12.67,14.95,False,0.0,False
2015-05-12,2015-05-13,0,Overnight,0.0,False,29.83,29.83,-82.84,False,0.0,False
2015-05-13,2015-05-14,0,Overnight,0.0,False,42.65,42.65,4.6,False,0.0,False
2015-05-14,2015-05-15,0,Overnight,0.0,False,-19.57,-19.57,63.16,False,0.0,False
2015-05-15,2015-05-18,2,Weekend,48.0,False,-4.58,-4.58,-52.83,False,0.0,False
2015-05-18,2015-05-19,0,Overnight,0.0,False,-43.85,-43.85,59.96,False,0.0,False
2015-05-19,2015-05-20,0,Overnight,0.0,False,45.88,45.88,-29.8,False,0.0,False
2015-05-20,2015-05-21,0,Overnight,0.0,False,17.2,17.2,-8.02,False,0.0,False
2015-05-21,2015-05-22,0,Overnight,0.0,False,-25.26,-25.26,-54.18,False,0.0,False
2015-05-22,2015-05-26,3,Long,72.0,False,-55.63,-55.63,-80.52,False,0.0,False
2015-05-26,2015-05-27,0,Overnight,0.0,False,-5.86,-5.86,-22.3,False,0.0,False
2015-05-27,2015-05-28,0,Overnight,0.0,False,0.0,0.0,0.0,False,0.0,False
2015-05-28,2015-05-29,0,Overnight,0.0,False,-1.18,-1.18,11.74,False,0.0,False
2015-05-29,2015-06-01,2,Weekend,48.0,False,5.87,5.87,-14.09,False,0.0,False
2015-06-01,2015-06-02,0,Overnight,0.0,False,-1.17,-1.17,2.35,False,0.0,False
2015-06-02,2015-06-03,0,Overnight,0.0,False,10.57,10.57,-32.91,False,0.0,False
2015-06-03,2015-06-04,0,Overnight,0.0,False,-29.47,-29.47,-56.83,False,0.0,False
2015-06-04,2015-06-05,0,Overnight,0.0,False,-10.69,-10.69,17.81,False,0.0,False
2015-06-05,2015-06-08,2,Weekend,48.0,False,-11.87,-11.87,79.28,False,0.0,False
2015-06-08,2015-06-09,0,Overnight,0.0,False,51.72,51.72,-83.59,False,0.0,False
2015-06-09,2015-06-10,0,Overnight,0.0,False,147.87,147.87,-73.66,False,0.0,False
2015-06-10,2015-06-11,0,Overnight,0.0,False,10.56,10.56,-24.65,False,0.0,False
2015-06-11,2015-06-12,0,Overnight,0.0,False,-60.12,-60.12,-66.43,False,0.0,False
2015-06-12,2015-06-15,2,Weekend,48.0,False,-58.49,-58.49,22.72,False,0.0,False
2015-06-15,2015-06-16,0,Overnight,0.0,False,10.74,10.74,103.27,False,0.0,False
2015-06-16,2015-06-17,0,Overnight,0.0,False,41.25,41.25,-35.34,False,0.0,False
2015-06-17,2015-06-18,0,Overnight,0.0,False,8.26,8.26,79.87,False,0.0,False
2015-06-18,2015-06-19,0,Overnight,0.0,False,-65.73,-65.73,34.09,False,0.0,False
2015-06-19,2015-06-22,2,Weekend,48.0,False,21.1,21.1,-25.8,False,0.0,False
2015-06-22,2015-06-23,0,Overnight,0.0,False,5.87,5.87,-17.62,False,0.0,False
2015-06-23,2015-06-24,0,Overnight,0.0,False,-21.18,-21.18,-24.77,False,0.0,False
2015-06-24,2015-06-25,0,Overnight,0.0,False,20.06,20.06,-109.02,False,0.0,False
2015-06-25,2015-06-26,0,Overnight,0.0,False,-11.92,-11.92,3.58,False,0.0,False
2015-06-26,2015-06-29,2,Weekend,48.0,False,-97.06,-97.06,-27.73,False,0.0,False
2015-06-29,2015-06-30,0,Overnight,0.0,False,110.47,110.47,-64.69,False,0.0,False
2015-06-30,2015-07-01,0,Overnight,0.0,False,9.61,9.61,-109.87,False,0.0,False
2015-07-01,2015-07-02,0,Overnight,0.0,False,50.86,50.86,42.19,False,0.0,False
2015-07-02,2015-07-06,3,Long,72.0,False,-86.98,-86.98,13.34,False,0.0,False
2015-07-06,2015-07-07,0,Overnight,0.0,False,-41.28,-41.28,82.39,False,0.0,False
2015-07-07,2015-07-08,0,Overnight,0.0,False,-75.1,-75.1,-34.1,False,0.0,False
2015-07-08,2015-07-09,0,Overnight,0.0,False,109.2,109.2,-154.44,False,0.0,False
2015-07-09,2015-07-10,0,Overnight,0.0,False,59.87,59.87,15.82,False,0.0,False
2015-07-10,2015-07-13,2,Weekend,48.0,False,-13.39,-13.39,37.68,False,0.0,False
2015-07-13,2015-07-14,0,Overnight,0.0,False,-4.85,-4.85,88.22,False,0.0,False
2015-07-14,2015-07-15,0,Overnight,0.0,False,-60.34,-60.34,18.14,False,0.0,False
2015-07-15,2015-07-16,0,Overnight,0.0,False,50.62,50.62,-32.51,False,0.0,False
2015-07-16,2015-07-17,0,Overnight,0.0,False,-48.36,-48.36,12.11,False,0.0,False
2015-07-17,2015-07-20,2,Weekend,48.0,False,-55.84,-55.84,-47.59,False,0.0,False
2015-07-20,2015-07-21,0,Overnight,0.0,False,20.77,20.77,-33.01,False,0.0,False
2015-07-21,2015-07-22,0,Overnight,0.0,False,84.14,84.14,-68.23,False,0.0,False
2015-07-22,2015-07-23,0,Overnight,0.0,False,-7.34,-7.34,-72.45,False,0.0,False
2015-07-23,2015-07-24,0,Overnight,0.0,False,2.47,2.47,-151.46,False,0.0,False
2015-07-24,2015-07-27,2,Weekend,48.0,False,-89.21,-89.21,3.79,False,0.0,False
2015-07-27,2015-07-28,0,Overnight,0.0,False,55.36,55.36,342.86,False,0.0,False
2015-07-28,2015-07-29,0,Overnight,0.0,False,-36.44,-36.44,116.14,False,0.0,False
2015-07-29,2015-07-30,0,Overnight,0.0,False,4.81,4.81,-20.46,False,0.0,False
2015-07-30,2015-07-31,0,Overnight,0.0,False,-162.74,-162.74,-305.84,False,0.0,False
2015-07-31,2015-08-03,2,Weekend,48.0,False,-64.59,-64.59,-81.65,False,0.0,False
2015-08-03,2015-08-04,0,Overnight,0.0,False,-23.09,-23.09,-91.58,False,0.0,False
2015-08-04,2015-08-05,0,Overnight,0.0,False,90.3,90.3,-90.3,False,0.0,False
2015-08-05,2015-08-06,0,Overnight,0.0,False,-29.85,-29.85,148.36,False,0.0,False
2015-08-06,2015-08-07,0,Overnight,0.0,False,-69.39,-69.39,-93.28,False,0.0,False
2015-08-07,2015-08-10,2,Weekend,48.0,False,33.78,33.78,213.05,False,0.0,False
2015-08-10,2015-08-11,0,Overnight,0.0,False,-223.43,-129.08,62.14,True,92.7,False
2015-08-11,2015-08-12,0,Overnight,0.0,False,-6.45,-6.45,172.83,False,0.0,False
2015-08-12,2015-08-13,0,Overnight,0.0,False,-59.83,-59.83,42.05,False,0.0,False
2015-08-13,2015-08-14,0,Overnight,0.0,False,-1.27,-1.27,-35.67,False,0.0,False
2015-08-14,2015-08-17,2,Weekend,48.0,False,-55.03,-55.03,107.21,False,0.0,False
2015-08-17,2015-08-18,0,Overnight,0.0,False,-30.51,-30.51,-80.55,False,0.0,False
2015-08-18,2015-08-19,0,Overnight,0.0,False,-50.19,-50.19,-166.52,False,0.0,False
2015-08-19,2015-08-20,0,Overnight,0.0,False,-30.22,-30.22,-189.95,False,0.0,False
2015-08-20,2015-08-21,0,Overnight,0.0,False,-63.23,-63.23,-269.46,False,0.0,False
2015-08-21,2015-08-24,2,Weekend,48.0,False,-591.09,-591.09,106.8,False,0.0,False
2015-08-24,2015-08-25,0,Overnight,0.0,False,369.96,369.96,-371.42,False,0.0,False
2015-08-25,2015-08-26,0,Overnight,0.0,False,275.6,275.6,261.32,False,0.0,False
2015-08-26,2015-08-27,0,Overnight,0.0,False,177.72,177.72,141.27,False,0.0,False
2015-08-27,2015-08-28,0,Overnight,0.0,False,-18.72,-18.72,48.07,False,0.0,False
2015-08-28,2015-08-31,2,Weekend,48.0,False,-105.79,-105.79,128.41,False,0.0,False
2015-08-31,2015-09-01,0,Overnight,0.0,False,-261.22,-261.22,-167.84,False,0.0,False
2015-09-01,2015-09-02,0,Overnight,0.0,False,135.04,135.04,23.24,False,0.0,False
2015-09-02,2015-09-03,0,Overnight,0.0,False,55.83,55.83,20.35,False,0.0,False
2015-09-03,2015-09-04,0,Overnight,0.0,False,-117.23,-117.23,-64.65,False,0.0,False
2015-09-04,2015-09-08,3,Long,72.0,False,172.39,172.39,-29.89,False,0.0,False
2015-09-08,2015-09-09,0,Overnight,0.0,False,117.67,117.67,-323.87,False,0.0,False
2015-09-09,2015-09-10,0,Overnight,0.0,False,111.87,111.87,-39.91,False,0.0,False
2015-09-10,2015-09-11,0,Overnight,0.0,False,-16.56,-16.56,39.98,False,0.0,False
2015-09-11,2015-09-14,2,Weekend,48.0,False,-52.41,-52.41,24.86,False,0.0,False
2015-09-14,2015-09-15,0,Overnight,0.0,False,-6.9,-6.9,57.81,False,0.0,False
2015-09-15,2015-09-16,0,Overnight,0.0,False,88.82,88.82,106.9,False,0.0,False
2015-09-16,2015-09-17,0,Overnight,0.0,False,14.79,14.79,6.72,False,0.0,False
2015-09-17,2015-09-18,0,Overnight,0.0,False,-162.47,-162.47,-79.49,False,0.0,False
2015-09-18,2015-09-21,2,Weekend,48.0,False,57.62,57.62,39.59,False,0.0,False
2015-09-21,2015-09-22,0,Overnight,0.0,False,-142.72,-142.72,53.76,False,0.0,False
2015-09-22,2015-09-23,0,Overnight,0.0,False,17.86,17.86,-78.53,False,0.0,False
2015-09-23,2015-09-24,0,Overnight,0.0,False,-41.58,-41.58,100.88,False,0.0,False
2015-09-24,2015-09-25,0,Overnight,0.0,False,76.7,76.7,-8.19,False,0.0,False
2015-09-25,2015-09-28,2,Weekend,48.0,False,-83.65,-83.65,-2.76,False,0.0,False
2015-09-28,2015-09-29,0,Overnight,0.0,False,6.89,6.89,43.95,False,0.0,False
2015-09-29,2015-09-30,0,Overnight,0.0,False,58.76,58.76,128.6,False,0.0,False
2015-09-30,2015-10-01,0,Overnight,0.0,False,113.68,113.68,-152.76,False,0.0,False
2015-10-01,2015-10-02,0,Overnight,0.0,False,-90.88,-90.88,333.65,False,0.0,False
2015-10-02,2015-10-05,2,Weekend,48.0,False,100.97,100.97,20.85,False,0.0,False
2015-10-05,2015-10-06,0,Overnight,0.0,False,19.51,19.51,120.12,False,0.0,False
2015-10-06,2015-10-07,0,Overnight,0.0,False,137.7,137.7,29.08,False,0.0,False
2015-10-07,2015-10-08,0,Overnight,0.0,False,13.88,13.88,90.37,False,0.0,False
2015-10-08,2015-10-09,0,Overnight,0.0,False,2.5,2.5,-99.18,False,0.0,False
2015-10-09,2015-10-12,2,Weekend,48.0,False,41.55,41.55,-36.5,False,0.0,False
2015-10-12,2015-10-13,0,Overnight,0.0,False,-73.41,-73.41,55.74,False,0.0,False
2015-10-13,2015-10-14,0,Overnight,0.0,False,-24.03,-24.03,149.57,False,0.0,False
2015-10-14,2015-10-15,0,Overnight,0.0,False,3.74,3.74,159.59,False,0.0,False
2015-10-15,2015-10-16,0,Overnight,0.0,False,95.27,95.27,26.71,False,0.0,False
2015-10-16,2015-10-19,2,Weekend,48.0,False,-57.15,-57.15,-125.16,False,0.0,False
2015-10-19,2015-10-20,0,Overnight,0.0,False,-54.48,-54.48,34.7,False,0.0,False
2015-10-20,2015-10-21,0,Overnight,0.0,False,3.71,3.71,-80.71,False,0.0,False
2015-10-21,2015-10-22,0,Overnight,0.0,False,58.43,58.43,270.24,False,0.0,False
2015-10-22,2015-10-23,0,Overnight,0.0,False,-58.08,-58.08,68.93,False,0.0,False
2015-10-23,2015-10-26,2,Weekend,48.0,False,-55.59,-55.59,-158.79,False,0.0,False
2015-10-26,2015-10-27,0,Overnight,0.0,False,-80.35,-80.35,64.33,False,0.0,False
2015-10-27,2015-10-28,0,Overnight,0.0,False,27.09,27.09,118.59,False,0.0,False
2015-10-28,2015-10-29,0,Overnight,0.0,False,-59.73,-59.73,53.65,False,0.0,False
2015-10-29,2015-10-30,0,Overnight,0.0,False,29.14,29.14,32.69,False,0.0,False
2015-10-30,2015-11-02,2,Weekend,49.0,False,-53.32,-53.32,355.69,False,0.0,False
2015-11-02,2015-11-03,0,Overnight,0.0,False,44.46,44.46,137.96,False,0.0,False
2015-11-03,2015-11-04,0,Overnight,0.0,False,-9.22,-9.22,-91.46,False,0.0,False
2015-11-04,2015-11-05,0,Overnight,0.0,False,-50.14,-50.14,-86.88,False,0.0,False
2015-11-05,2015-11-06,0,Overnight,0.0,False,-104.3,-104.3,64.13,False,0.0,False
2015-11-06,2015-11-09,2,Weekend,48.0,False,-108.32,-21.33,-194.56,True,86.42,False
2015-11-09,2015-11-10,0,Overnight,0.0,False,-2.44,-2.44,51.13,False,0.0,False
2015-11-10,2015-11-11,0,Overnight,0.0,False,8.5,8.5,-97.54,False,0.0,False
2015-11-11,2015-11-12,0,Overnight,0.0,False,-129.48,-129.48,-145.02,False,0.0,False
2015-11-12,2015-11-13,0,Overnight,0.0,False,-16.38,-16.38,-149.96,False,0.0,False
2015-11-13,2015-11-16,2,Weekend,48.0,False,-20.51,-20.51,372.75,False,0.0,False
2015-11-16,2015-11-17,0,Overnight,0.0,False,-23.51,-23.51,-93.36,False,0.0,False
2015-11-17,2015-11-18,0,Overnight,0.0,False,-8.76,-8.76,105.83,False,0.0,False
2015-11-18,2015-11-19,0,Overnight,0.0,False,-28.53,-28.53,-26.12,False,0.0,False
2015-11-19,2015-11-20,0,Overnight,0.0,False,33.57,33.57,-97.28,False,0.0,False
2015-11-20,2015-11-23,2,Weekend,48.0,False,-23.84,-23.84,85.06,False,0.0,False
2015-11-23,2015-11-24,0,Overnight,0.0,False,8.72,8.72,188.63,False,0.0,False
2015-11-24,2015-11-25,0,Overnight,0.0,False,-71.09,-71.09,-6.15,False,0.0,False
2015-11-25,2015-11-27,1,Short,24.0,False,-82.8,-82.8,80.34,False,0.0,False
2015-11-27,2015-11-30,2,Weekend,48.0,True,23.36,23.36,29.43,False,0.0,False
2015-11-30,2015-12-01,0,Overnight,0.0,False,12.24,12.24,15.89,False,0.0,False
2015-12-01,2015-12-02,0,Overnight,0.0,False,-71.08,-71.08,-218.83,False,0.0,False
2015-12-02,2015-12-03,0,Overnight,0.0,False,21.35,21.35,-165.69,False,0.0,False
2015-12-03,2015-12-04,0,Overnight,0.0,False,-136.11,-136.11,193.34,False,0.0,False
2015-12-04,2015-12-07,2,Weekend,48.0,False,-195.92,-195.92,-68.77,False,0.0,False
2015-12-07,2015-12-08,0,Overnight,0.0,False,-201.23,-201.23,-85.39,False,0.0,False
2015-12-08,2015-12-09,0,Overnight,0.0,False,28.1,28.1,105.01,False,0.0,False
2015-12-09,2015-12-10,0,Overnight,0.0,False,22.45,22.45,-14.52,False,0.0,False
2015-12-10,2015-12-11,0,Overnight,0.0,False,-115.61,-115.61,-64.36,False,0.0,False
2015-12-11,2015-12-14,2,Weekend,48.0,False,-5.38,-5.38,230.17,False,0.0,False
2015-12-14,2015-12-15,0,Overnight,0.0,False,182.46,182.46,255.02,False,0.0,False
2015-12-15,2015-12-16,0,Overnight,0.0,False,-49.22,-49.22,13.91,False,0.0,False
2015-12-16,2015-12-17,0,Overnight,0.0,False,-16.44,-16.44,-135.05,False,0.0,False
2015-12-17,2015-12-18,0,Overnight,0.0,False,-50.15,-50.15,-37.46,False,0.0,False
2015-12-18,2015-12-21,2,Weekend,48.0,False,65.78,65.78,-68.37,False,0.0,False
2015-12-21,2015-12-22,0,Overnight,0.0,False,56.79,56.79,-6.44,False,0.0,False
2015-12-22,2015-12-23,0,Overnight,0.0,False,131.77,131.77,190.1,False,0.0,False
2015-12-23,2015-12-24,0,Overnight,0.0,False,9.97,9.97,-117.8,False,0.0,False
2015-12-24,2015-12-28,3,Long,72.0,True,-153.7,-153.7,79.05,False,0.0,False
2015-12-28,2015-12-29,0,Overnight,0.0,False,157.5,157.5,-104.3,False,0.0,False
2015-12-29,2015-12-30,0,Overnight,0.0,False,-106.68,-106.68,-26.85,False,0.0,False
2015-12-30,2015-12-31,0,Overnight,0.0,False,-77.11,-77.11,56.61,False,0.0,False
2015-12-31,2016-01-04,3,Long,72.0,False,-57.9,-57.9,-5.16,False,0.0,False
2016-01-04,2016-01-05,0,Overnight,0.0,False,-34.92,-34.92,119.76,False,0.0,False
2016-01-05,2016-01-06,0,Overnight,0.0,False,-191.27,-191.27,107.72,False,0.0,False
2016-01-06,2016-01-07,0,Overnight,0.0,False,-183.68,-183.68,22.33,False,0.0,False
2016-01-07,2016-01-08,0,Overnight,0.0,False,15.73,15.73,-219.82,False,0.0,False
2016-01-08,2016-01-11,2,Weekend,48.0,False,42.75,42.75,-177.54,False,0.0,False
2016-01-11,2016-01-12,0,Overnight,0.0,False,58.18,58.18,144.66,False,0.0,False
2016-01-12,2016-01-13,0,Overnight,0.0,False,86.06,86.06,-26.4,False,0.0,False
2016-01-13,2016-01-14,0,Overnight,0.0,False,73.75,73.75,374.73,False,0.0,False
2016-01-14,2016-01-15,0,Overnight,0.0,False,-359.0,-359.0,162.44,False,0.0,False
2016-01-15,2016-01-19,3,Long,72.0,False,45.01,45.01,-198.28,False,0.0,False
2016-01-19,2016-01-20,0,Overnight,0.0,False,-175.62,-175.62,-254.99,False,0.0,False
2016-01-20,2016-01-21,0,Overnight,0.0,False,-2.73,-2.73,127.67,False,0.0,False
2016-01-21,2016-01-22,0,Overnight,0.0,False,308.29,308.29,19.61,False,0.0,False
2016-01-22,2016-01-25,2,Weekend,48.0,False,-107.67,-107.67,-236.44,False,0.0,False
2016-01-25,2016-01-26,0,Overnight,0.0,False,106.22,106.22,254.85,False,0.0,False
2016-01-26,2016-01-27,0,Overnight,0.0,False,-91.68,-91.68,-93.86,False,0.0,False
2016-01-27,2016-01-28,0,Overnight,0.0,False,269.93,269.93,-46.65,False,0.0,False
2016-01-28,2016-01-29,0,Overnight,0.0,False,-33.83,-33.83,144.91,False,0.0,False
2016-01-29,2016-02-01,2,Weekend,48.0,False,-154.04,-154.04,-48.38,False,0.0,False
2016-02-01,2016-02-02,0,Overnight,0.0,False,-279.12,-279.12,53.77,False,0.0,False
2016-02-02,2016-02-03,0,Overnight,0.0,False,125.24,125.24,383.14,False,0.0,False
2016-02-03,2016-02-04,0,Overnight,0.0,False,12.73,12.73,157.82,False,0.0,False
2016-02-04,2016-02-05,0,Overnight,0.0,False,-54.01,-54.01,85.28,False,0.0,False
2016-02-05,2016-02-08,2,Weekend,48.0,False,-97.88,-97.88,231.84,False,0.0,False
2016-02-08,2016-02-09,0,Overnight,0.0,False,-146.46,-55.6,12.5,True,89.95,False
2016-02-09,2016-02-10,0,Overnight,0.0,False,-38.79,-38.79,-52.79,False,0.0,False
2016-02-10,2016-02-11,0,Overnight,0.0,False,-128.1,-128.1,159.56,False,0.0,False
2016-02-11,2016-02-12,0,Overnight,0.0,False,60.12,60.12,117.93,False,0.0,False
2016-02-12,2016-02-16,3,Long,72.0,False,82.35,82.35,-58.92,False,0.0,False
2016-02-16,2016-02-17,0,Overnight,0.0,False,52.8,52.8,42.77,False,0.0,False
2016-02-17,2016-02-18,0,Overnight,0.0,False,109.16,109.16,-54.43,False,0.0,False
2016-02-18,2016-02-19,0,Overnight,0.0,False,-31.58,-31.58,37.65,False,0.0,False
2016-02-19,2016-02-22,2,Weekend,48.0,False,0.0,0.0,-13.34,False,0.0,False
2016-02-22,2016-02-23,0,Overnight,0.0,False,-48.67,-48.67,-93.13,False,0.0,False
2016-02-23,2016-02-24,0,Overnight,0.0,False,-163.84,-163.84,199.47,False,0.0,False
2016-02-24,2016-02-25,0,Overnight,0.0,False,4.91,4.91,55.02,False,0.0,False
2016-02-25,2016-02-26,0,Overnight,0.0,False,106.73,106.73,-138.49,False,0.0,False
2016-02-26,2016-02-29,2,Weekend,48.0,False,15.89,15.89,-213.55,False,0.0,False
2016-02-29,2016-03-01,0,Overnight,0.0,False,51.02,51.02,88.98,False,0.0,False
2016-03-01,2016-03-02,0,Overnight,0.0,False,-40.68,-40.68,213.88,False,0.0,False
2016-03-02,2016-03-03,0,Overnight,0.0,False,-4.84,-4.84,-31.5,False,0.0,False
2016-03-03,2016-03-04,0,Overnight,0.0,False,31.5,31.5,-44.86,False,0.0,False
2016-03-04,2016-03-07,2,Weekend,48.0,False,2.43,2.43,257.85,False,0.0,False
2016-03-07,2016-03-08,0,Overnight,0.0,False,-54.61,-54.61,-164.44,False,0.0,False
2016-03-08,2016-03-09,0,Overnight,0.0,False,71.15,71.15,-99.02,False,0.0,False
2016-03-09,2016-03-10,0,Overnight,0.0,False,2.43,2.43,-29.16,False,0.0,False
2016-03-10,2016-03-11,0,Overnight,0.0,False,125.76,125.76,-124.54,False,0.0,False
2016-03-11,2016-03-14,2,Weekend,47.0,False,-86.76,-86.76,113.49,False,0.0,False
2016-03-14,2016-03-15,0,Overnight,0.0,False,-98.78,-98.78,148.4,False,0.0,False
2016-03-15,2016-03-16,0,Overnight,0.0,False,24.12,24.12,-18.08,False,0.0,False
2016-03-16,2016-03-17,0,Overnight,0.0,False,97.27,97.27,50.07,False,0.0,False
2016-03-17,2016-03-18,0,Overnight,0.0,False,58.09,58.09,-46.21,False,0.0,False
2016-03-18,2016-03-21,2,Weekend,48.0,False,-42.85,-42.85,-26.27,False,0.0,False
2016-03-21,2016-03-22,0,Overnight,0.0,False,-64.79,-64.79,124.4,False,0.0,False
2016-03-22,2016-03-23,0,Overnight,0.0,False,-30.96,-30.96,-13.13,False,0.0,False
2016-03-23,2016-03-24,0,Overnight,0.0,False,-97.19,-97.19,124.61,False,0.0,False
2016-03-24,2016-03-28,3,Long,72.0,False,5.95,5.95,22.59,False,0.0,False
2016-03-28,2016-03-29,0,Overnight,0.0,False,-65.52,-65.52,102.26,False,0.0,False
2016-03-29,2016-03-30,0,Overnight,0.0,False,58.98,58.98,-60.16,False,0.0,False
2016-03-30,2016-03-31,0,Overnight,0.0,False,-53.38,-53.38,-57.26,False,0.0,False
2016-03-31,2016-04-01,0,Overnight,0.0,False,-143.38,-143.38,67.73,False,0.0,False
2016-04-01,2016-04-04,2,Weekend,48.0,False,12.05,12.05,12.03,False,0.0,False
2016-04-04,2016-04-05,0,Overnight,0.0,False,-66.36,-66.36,-48.54,False,0.0,False
2016-04-05,2016-04-06,0,Overnight,0.0,False,58.22,58.22,74.7,False,0.0,False
2016-04-06,2016-04-07,0,Overnight,0.0,False,-66.24,-66.24,-47.24,False,0.0,False
2016-04-07,2016-04-08,0,Overnight,0.0,False,112.27,112.27,-10.81,False,0.0,False
2016-04-08,2016-04-11,2,Weekend,48.0,False,14.41,14.41,-1.2,False,0.0,False
2016-04-11,2016-04-12,0,Overnight,0.0,False,44.31,44.31,78.55,False,0.0,False
2016-04-12,2016-04-13,0,Overnight,0.0,False,17.77,17.77,38.98,False,0.0,False
2016-04-13,2016-04-14,0,Overnight,0.0,False,20.02,20.02,50.46,False,0.0,False
2016-04-14,2016-04-15,0,Overnight,0.0,False,-15.23,-15.23,-38.76,False,0.0,False
2016-04-15,2016-04-18,2,Weekend,48.0,False,0.0,0.0,94.88,False,0.0,False
2016-04-18,2016-04-19,0,Overnight,0.0,False,8.16,8.16,41.85,False,0.0,False
2016-04-19,2016-04-20,0,Overnight,0.0,False,2.32,2.32,65.88,False,0.0,False
2016-04-20,2016-04-21,0,Overnight,0.0,False,-24.22,-24.22,23.07,False,0.0,False
2016-04-21,2016-04-22,0,Overnight,0.0,False,51.71,51.71,33.19,False,0.0,False
2016-04-22,2016-04-25,2,Weekend,48.0,False,-50.4,-50.4,27.52,False,0.0,False
2016-04-25,2016-04-26,0,Overnight,0.0,False,47.98,47.98,-13.68,False,0.0,False
2016-04-26,2016-04-27,0,Overnight,0.0,False,36.45,36.45,57.82,False,0.0,False
2016-04-27,2016-04-28,0,Overnight,0.0,False,-68.06,-68.06,19.33,False,0.0,False
2016-04-28,2016-04-29,0,Overnight,0.0,False,73.57,73.57,-31.62,False,0.0,False
2016-04-29,2016-05-02,2,Weekend,48.0,False,-18.12,-18.12,100.36,False,0.0,False
2016-05-02,2016-05-03,0,Overnight,0.0,False,-82.24,-82.24,-32.86,False,0.0,False
2016-05-03,2016-05-04,0,Overnight,0.0,False,21.54,21.54,-40.85,False,0.0,False
2016-05-04,2016-05-05,0,Overnight,0.0,False,92.81,92.81,-81.45,False,0.0,False
2016-05-05,2016-05-06,0,Overnight,0.0,False,-66.1,-66.1,119.34,False,0.0,False
2016-05-06,2016-05-09,2,Weekend,48.0,False,10.16,10.16,-3.39,False,0.0,False
2016-05-09,2016-05-10,0,Overnight,0.0,False,37.19,37.19,121.86,False,0.0,False
2016-05-10,2016-05-11,0,Overnight,0.0,False,-92.66,-8.89,-39.33,True,83.34,False
2016-05-11,2016-05-12,0,Overnight,0.0,False,110.86,110.86,-14.49,False,0.0,False
2016-05-12,2016-05-13,0,Overnight,0.0,False,-43.59,-43.59,-69.69,False,0.0,False
2016-05-13,2016-05-16,2,Weekend,48.0,False,60.72,60.72,41.39,False,0.0,False
2016-05-16,2016-05-17,0,Overnight,0.0,False,-33.55,-33.55,29.08,False,0.0,False
2016-05-17,2016-05-18,0,Overnight,0.0,False,30.11,30.11,-50.24,False,0.0,False
2016-05-18,2016-05-19,0,Overnight,0.0,False,-83.16,-83.16,167.86,False,0.0,False
2016-05-19,2016-05-20,0,Overnight,0.0,False,31.02,31.02,-72.17,False,0.0,False
2016-05-20,2016-05-23,2,Weekend,48.0,False,-82.8,-82.8,67.19,False,0.0,False
2016-05-23,2016-05-24,0,Overnight,0.0,False,32.31,32.31,-24.5,False,0.0,False
2016-05-24,2016-05-25,0,Overnight,0.0,False,20.05,20.05,45.53,False,0.0,False
2016-05-25,2016-05-26,0,Overnight,0.0,False,-1.11,-1.11,-49.99,False,0.0,False
2016-05-26,2016-05-27,0,Overnight,0.0,False,-44.64,-44.64,68.0,False,0.0,False
2016-05-27,2016-05-31,3,Long,72.0,False,-1.11,-1.11,-109.49,False,0.0,False
2016-05-31,2016-06-01,0,Overnight,0.0,False,-66.5,-66.5,91.18,False,0.0,False
2016-06-01,2016-06-02,0,Overnight,0.0,False,-116.09,-116.09,36.21,False,0.0,False
2016-06-02,2016-06-03,0,Overnight,0.0,False,-10.17,-10.17,-7.92,False,0.0,False
2016-06-03,2016-06-06,2,Weekend,48.0,False,56.42,56.42,52.75,False,0.0,False
2016-06-06,2016-06-07,0,Overnight,0.0,False,45.79,45.79,106.4,False,0.0,False
2016-06-07,2016-06-08,0,Overnight,0.0,False,35.22,35.22,-26.4,False,0.0,False
2016-06-08,2016-06-09,0,Overnight,0.0,False,-67.41,-67.41,54.19,False,0.0,False
2016-06-09,2016-06-10,0,Overnight,0.0,False,-29.82,-29.82,-46.57,False,0.0,False
2016-06-10,2016-06-13,2,Weekend,48.0,False,-6.67,-6.67,74.23,False,0.0,False
2016-06-13,2016-06-14,0,Overnight,0.0,False,-15.47,-15.47,-2.21,False,0.0,False
2016-06-14,2016-06-15,0,Overnight,0.0,False,-22.14,-22.14,-7.76,False,0.0,False
2016-06-15,2016-06-16,0,Overnight,0.0,False,-51.15,-51.15,168.03,False,0.0,False
2016-06-16,2016-06-17,0,Overnight,0.0,False,29.55,29.55,-84.52,False,0.0,False
2016-06-17,2016-06-20,2,Weekend,48.0,False,62.63,62.63,-18.64,False,0.0,False
2016-06-20,2016-06-21,0,Overnight,0.0,False,-44.0,-44.0,88.89,False,0.0,False
2016-06-21,2016-06-22,0,Overnight,0.0,False,33.81,33.81,-73.22,False,0.0,False
2016-06-22,2016-06-23,0,Overnight,0.0,False,83.02,83.02,-14.15,False,0.0,False
2016-06-23,2016-06-24,0,Overnight,0.0,False,-211.37,-211.37,-54.67,False,0.0,False
2016-06-24,2016-06-27,2,Weekend,48.0,False,-54.97,-54.97,-4.5,False,0.0,False
2016-06-27,2016-06-28,0,Overnight,0.0,False,97.43,97.43,130.65,False,0.0,False
2016-06-28,2016-06-29,0,Overnight,0.0,False,54.85,54.85,114.21,False,0.0,False
2016-06-29,2016-06-30,0,Overnight,0.0,False,-14.07,-14.07,151.56,False,0.0,False
2016-06-30,2016-07-01,0,Overnight,0.0,False,-40.62,-40.62,51.28,False,0.0,False
2016-07-01,2016-07-05,3,Long,72.0,False,-77.02,-77.02,-10.75,False,0.0,False
2016-07-05,2016-07-06,0,Overnight,0.0,False,35.41,35.41,78.96,False,0.0,False
2016-07-06,2016-07-07,0,Overnight,0.0,False,26.54,26.54,-147.36,False,0.0,False
2016-07-07,2016-07-08,0,Overnight,0.0,False,46.15,46.15,16.05,False,0.0,False
2016-07-08,2016-07-11,2,Weekend,48.0,False,22.43,22.43,14.92,False,0.0,False
2016-07-11,2016-07-12,0,Overnight,0.0,False,82.73,82.73,29.53,False,0.0,False
2016-07-12,2016-07-13,0,Overnight,0.0,False,-31.65,-31.65,24.27,False,0.0,False
2016-07-13,2016-07-14,0,Overnight,0.0,False,17.9,17.9,-10.53,False,0.0,False
2016-07-14,2016-07-15,0,Overnight,0.0,False,51.47,51.47,-33.59,False,0.0,False
2016-07-15,2016-07-18,2,Weekend,48.0,False,-21.05,-21.05,-10.54,False,0.0,False
2016-07-18,2016-07-19,0,Overnight,0.0,False,-6.33,-6.33,-30.65,False,0.0,False
2016-07-19,2016-07-20,0,Overnight,0.0,False,-23.32,-23.32,-34.01,False,0.0,False
2016-07-20,2016-07-21,0,Overnight,0.0,False,-4.26,-4.26,-4.26,False,0.0,False
2016-07-21,2016-07-22,0,Overnight,0.0,False,27.67,27.67,-10.63,False,0.0,False
2016-07-22,2016-07-25,2,Weekend,48.0,False,-57.61,-57.61,-136.8,False,0.0,False
2016-07-25,2016-07-26,0,Overnight,0.0,False,-62.01,-62.01,-10.92,False,0.0,False
2016-07-26,2016-07-27,0,Overnight,0.0,False,-2.18,-2.18,-65.78,False,0.0,False
2016-07-27,2016-07-28,0,Overnight,0.0,False,-40.78,-40.78,-37.62,False,0.0,False
2016-07-28,2016-07-29,0,Overnight,0.0,False,-291.34,-291.34,151.79,False,0.0,False
2016-07-29,2016-08-01,2,Weekend,48.0,False,-98.29,-98.29,-255.27,False,0.0,False
2016-08-01,2016-08-02,0,Overnight,0.0,False,68.48,68.48,68.02,False,0.0,False
2016-08-02,2016-08-03,0,Overnight,0.0,False,-3.45,-3.45,55.01,False,0.0,False
2016-08-03,2016-08-04,0,Overnight,0.0,False,1.14,1.14,-2.29,False,0.0,False
2016-08-04,2016-08-05,0,Overnight,0.0,False,28.54,28.54,-19.4,False,0.0,False
2016-08-05,2016-08-08,2,Weekend,48.0,False,55.81,55.81,61.14,False,0.0,False
2016-08-08,2016-08-09,0,Overnight,0.0,False,3.39,3.39,9.02,False,0.0,False
2016-08-09,2016-08-10,0,Overnight,0.0,False,-104.26,-19.18,-157.3,True,84.55,False
2016-08-10,2016-08-11,0,Overnight,0.0,False,32.35,32.35,3.46,False,0.0,False
2016-08-11,2016-08-12,0,Overnight,0.0,False,27.64,27.64,101.83,False,0.0,False
2016-08-12,2016-08-15,2,Weekend,48.0,False,64.67,64.67,-69.23,False,0.0,False
2016-08-15,2016-08-16,0,Overnight,0.0,False,2.28,2.28,10.24,False,0.0,False
2016-08-16,2016-08-17,0,Overnight,0.0,False,0.0,0.0,21.59,False,0.0,False
2016-08-17,2016-08-18,0,Overnight,0.0,False,30.6,30.6,59.79,False,0.0,False
2016-08-18,2016-08-19,0,Overnight,0.0,False,-31.54,-31.54,-94.09,False,0.0,False
2016-08-19,2016-08-22,2,Weekend,48.0,False,-55.97,-55.97,77.58,False,0.0,False
2016-08-22,2016-08-23,0,Overnight,0.0,False,-17.06,-17.06,-13.67,False,0.0,False
2016-08-23,2016-08-24,0,Overnight,0.0,False,-25.11,-25.11,59.25,False,0.0,False
2016-08-24,2016-08-25,0,Overnight,0.0,False,0.0,0.0,-63.82,False,0.0,False
2016-08-25,2016-08-26,0,Overnight,0.0,False,19.42,19.42,-41.17,False,0.0,False
2016-08-26,2016-08-29,2,Weekend,48.0,False,-26.39,-26.39,91.49,False,0.0,False
2016-08-29,2016-08-30,0,Overnight,0.0,False,3.42,3.42,-39.91,False,0.0,False
2016-08-30,2016-08-31,0,Overnight,0.0,False,-43.51,-43.51,0.0,False,0.0,False
2016-08-31,2016-09-01,0,Overnight,0.0,False,-48.31,-48.31,13.83,False,0.0,False
2016-09-01,2016-09-02,0,Overnight,0.0,False,66.57,66.57,0.0,False,0.0,False
2016-09-02,2016-09-06,3,Long,72.0,False,47.93,47.93,82.76,False,0.0,False
2016-09-06,2016-09-07,0,Overnight,0.0,False,9.03,9.03,-46.36,False,0.0,False
2016-09-07,2016-09-08,0,Overnight,0.0,False,35.07,35.07,56.31,False,0.0,False
2016-09-08,2016-09-09,0,Overnight,0.0,False,-43.89,-43.89,-207.42,False,0.0,False
2016-09-09,2016-09-12,2,Weekend,48.0,False,-6.91,-6.91,58.6,False,0.0,False
2016-09-12,2016-09-13,0,Overnight,0.0,False,-95.54,-95.54,-145.63,False,0.0,False
2016-09-13,2016-09-14,0,Overnight,0.0,False,-19.97,-19.97,-51.88,False,0.0,False
2016-09-14,2016-09-15,0,Overnight,0.0,False,8.27,8.27,48.31,False,0.0,False
2016-09-15,2016-09-16,0,Overnight,0.0,False,-67.22,-67.22,-56.96,False,0.0,False
2016-09-16,2016-09-19,2,Weekend,48.0,False,65.24,65.24,-89.07,False,0.0,False
2016-09-19,2016-09-20,0,Overnight,0.0,False,-11.94,-11.94,-143.14,False,0.0,False
2016-09-20,2016-09-21,0,Overnight,0.0,False,33.87,33.87,57.79,False,0.0,False
2016-09-21,2016-09-22,0,Overnight,0.0,False,116.96,116.96,-88.19,False,0.0,False
2016-09-22,2016-09-23,0,Overnight,0.0,False,-103.48,-103.48,92.7,False,0.0,False
2016-09-23,2016-09-26,2,Weekend,48.0,False,8.38,8.38,-55.23,False,0.0,False
2016-09-26,2016-09-27,0,Overnight,0.0,False,-56.75,-56.75,78.39,False,0.0,False
2016-09-27,2016-09-28,0,Overnight,0.0,False,26.39,26.39,403.91,False,0.0,False
2016-09-28,2016-09-29,0,Overnight,0.0,False,8.05,8.05,-58.81,False,0.0,False
2016-09-29,2016-09-30,0,Overnight,0.0,False,43.85,43.85,50.54,False,0.0,False
2016-09-30,2016-10-03,2,Weekend,48.0,False,-39.03,-39.03,12.64,False,0.0,False
2016-10-03,2016-10-04,0,Overnight,0.0,False,37.84,37.84,-130.16,False,0.0,False
2016-10-04,2016-10-05,0,Overnight,0.0,False,67.02,67.02,19.56,False,0.0,False
2016-10-05,2016-10-06,0,Overnight,0.0,False,28.69,28.69,-24.1,False,0.0,False
2016-10-06,2016-10-07,0,Overnight,0.0,False,-10.35,-10.35,-24.18,False,0.0,False
2016-10-07,2016-10-10,2,Weekend,48.0,False,91.81,91.81,102.29,False,0.0,False
2016-10-10,2016-10-11,0,Overnight,0.0,False,-40.79,-40.79,-38.68,False,0.0,False
2016-10-11,2016-10-12,0,Overnight,0.0,False,-59.44,-59.44,-10.32,False,0.0,False
2016-10-12,2016-10-13,0,Overnight,0.0,False,-89.92,-89.92,24.29,False,0.0,False
2016-10-13,2016-10-14,0,Overnight,0.0,False,72.52,72.52,-74.83,False,0.0,False
2016-10-14,2016-10-17,2,Weekend,48.0,False,-6.94,-6.94,6.94,False,0.0,False
2016-10-17,2016-10-18,0,Overnight,0.0,False,72.53,72.53,-45.99,False,0.0,False
2016-10-18,2016-10-19,0,Overnight,0.0,False,48.29,48.29,-2.29,False,0.0,False
2016-10-19,2016-10-20,0,Overnight,0.0,False,-43.69,-43.69,48.28,False,0.0,False
2016-10-20,2016-10-21,0,Overnight,0.0,False,-91.0,-91.0,23.12,False,0.0,False
2016-10-21,2016-10-24,2,Weekend,48.0,False,13.84,13.84,19.58,False,0.0,False
2016-10-24,2016-10-25,0,Overnight,0.0,False,-27.65,-27.65,5.77,False,0.0,False
2016-10-25,2016-10-26,0,Overnight,0.0,False,-54.34,-54.34,96.92,False,0.0,False
2016-10-26,2016-10-27,0,Overnight,0.0,False,21.79,21.79,-41.33,False,0.0,False
2016-10-27,2016-10-28,0,Overnight,0.0,False,-190.48,-190.48,-58.8,False,0.0,False
2016-10-28,2016-10-31,2,Weekend,48.0,False,-106.72,-106.72,-66.99,False,0.0,False
2016-10-31,2016-11-01,0,Overnight,0.0,False,21.58,21.58,17.95,False,0.0,False
2016-11-01,2016-11-02,0,Overnight,0.0,False,-41.93,-41.93,17.99,False,0.0,False
2016-11-02,2016-11-03,0,Overnight,0.0,False,27.52,27.52,-2.39,False,0.0,False
2016-11-03,2016-11-04,0,Overnight,0.0,False,-3.59,-3.59,-7.18,False,0.0,False
2016-11-04,2016-11-07,2,Weekend,49.0,False,109.49,109.49,112.98,False,0.0,False
2016-11-07,2016-11-08,0,Overnight,0.0,False,-84.62,3.51,68.22,True,87.77,False
2016-11-08,2016-11-09,0,Overnight,0.0,False,-148.8,-148.8,258.38,False,0.0,False
2016-11-09,2016-11-10,0,Overnight,0.0,False,-39.5,-39.5,131.82,False,0.0,False
2016-11-10,2016-11-11,0,Overnight,0.0,False,-59.92,-59.92,-99.88,False,0.0,False
2016-11-11,2016-11-14,2,Weekend,48.0,False,-43.28,-43.28,-2.35,False,0.0,False
2016-11-14,2016-11-15,0,Overnight,0.0,False,57.29,57.29,121.68,False,0.0,False
2016-11-15,2016-11-16,0,Overnight,0.0,False,-9.22,-9.22,-114.79,False,0.0,False
2016-11-16,2016-11-17,0,Overnight,0.0,False,80.14,80.14,-140.97,False,0.0,False
2016-11-17,2016-11-18,0,Overnight,0.0,False,-2.35,-2.35,8.21,False,0.0,False
2016-11-18,2016-11-21,2,Weekend,48.0,False,135.11,135.11,5.78,False,0.0,False
2016-11-21,2016-11-22,0,Overnight,0.0,False,23.1,23.1,-1.15,False,0.0,False
2016-11-22,2016-11-23,0,Overnight,0.0,False,-16.16,-16.16,43.81,False,0.0,False
2016-11-23,2016-11-25,1,Short,24.0,False,-24.19,-24.19,47.17,False,0.0,False
2016-11-25,2016-11-28,2,Weekend,48.0,True,-19.53,-19.53,-55.36,False,0.0,False
2016-11-28,2016-11-29,0,Overnight,0.0,False,-122.17,-122.17,56.04,False,0.0,False
2016-11-29,2016-11-30,0,Overnight,0.0,False,195.97,195.97,-34.3,False,0.0,False
2016-11-30,2016-12-01,0,Overnight,0.0,False,77.59,77.59,-84.47,False,0.0,False
2016-12-01,2016-12-02,0,Overnight,0.0,False,-5.73,-5.73,-17.22,False,0.0,False
2016-12-02,2016-12-05,2,Weekend,48.0,False,40.13,40.13,10.29,False,0.0,False
2016-12-05,2016-12-06,0,Overnight,0.0,False,-24.04,-24.04,33.18,False,0.0,False
2016-12-06,2016-12-07,0,Overnight,0.0,False,7.99,7.99,50.09,False,0.0,False
2016-12-07,2016-12-08,0,Overnight,0.0,False,-2.27,-2.27,30.62,False,0.0,False
2016-12-08,2016-12-09,0,Overnight,0.0,False,36.17,36.17,40.53,False,0.0,False
2016-12-09,2016-12-12,2,Weekend,48.0,False,127.28,127.28,92.76,False,0.0,False
2016-12-12,2016-12-13,0,Overnight,0.0,False,99.52,99.52,74.81,False,0.0,False
2016-12-13,2016-12-14,0,Overnight,0.0,False,-34.62,-34.62,-183.77,False,0.0,False
2016-12-14,2016-12-15,0,Overnight,0.0,False,-53.13,-53.13,87.3,False,0.0,False
2016-12-15,2016-12-16,0,Overnight,0.0,False,69.08,69.08,-37.22,False,0.0,False
2016-12-16,2016-12-19,2,Weekend,48.0,False,21.91,21.91,-105.61,False,0.0,False
2016-12-19,2016-12-20,0,Overnight,0.0,False,9.95,9.95,-8.84,False,0.0,False
2016-12-20,2016-12-21,0,Overnight,0.0,False,27.61,27.61,-44.21,False,0.0,False
2016-12-21,2016-12-22,0,Overnight,0.0,False,-28.84,-28.84,93.98,False,0.0,False
2016-12-22,2016-12-23,0,Overnight,0.0,False,2.2,2.2,-19.82,False,0.0,False
2016-12-23,2016-12-27,3,Long,72.0,False,13.22,13.22,-8.81,False,0.0,False
2016-12-27,2016-12-28,0,Overnight,0.0,False,-7.72,-7.72,-41.99,False,0.0,False
2016-12-28,2016-12-29,0,Overnight,0.0,False,-22.17,-22.17,27.71,False,0.0,False
2016-12-29,2016-12-30,0,Overnight,0.0,False,-35.48,-35.48,25.51,False,0.0,False
2016-12-30,2017-01-03,3,Long,72.0,False,75.06,75.06,-5.5,False,0.0,False
2017-01-03,2017-01-04,0,Overnight,0.0,False,25.27,25.27,-135.91,False,0.0,False
2017-01-04,2017-01-05,0,Overnight,0.0,False,33.32,33.32,-183.51,False,0.0,False
2017-01-05,2017-01-06,0,Overnight,0.0,False,27.07,27.07,-32.71,False,0.0,False
2017-01-06,2017-01-09,2,Weekend,48.0,False,-31.69,-31.69,-134.66,False,0.0,False
2017-01-09,2017-01-10,0,Overnight,0.0,False,14.92,14.92,-143.27,False,0.0,False
2017-01-10,2017-01-11,0,Overnight,0.0,False,-3.49,-3.49,105.38,False,0.0,False
2017-01-11,2017-01-12,0,Overnight,0.0,False,52.85,52.85,-107.14,False,0.0,False
2017-01-12,2017-01-13,0,Overnight,0.0,False,-8.11,-8.11,9.27,False,0.0,False
2017-01-13,2017-01-17,3,Long,72.0,False,26.6,26.6,89.69,False,0.0,False
2017-01-17,2017-01-18,0,Overnight,0.0,False,-34.4,-34.4,-90.0,False,0.0,False
2017-01-18,2017-01-19,0,Overnight,0.0,False,-35.99,-35.99,-145.29,False,0.0,False
2017-01-19,2017-01-20,0,Overnight,0.0,False,83.45,83.45,52.53,False,0.0,False
2017-01-20,2017-01-23,2,Weekend,48.0,False,-24.48,-24.48,-83.21,False,0.0,False
2017-01-23,2017-01-24,0,Overnight,0.0,False,1.18,1.18,12.94,False,0.0,False
2017-01-24,2017-01-25,0,Overnight,0.0,False,29.34,29.34,0.0,False,0.0,False
2017-01-25,2017-01-26,0,Overnight,0.0,False,40.93,40.93,-10.51,False,0.0,False
2017-01-26,2017-01-27,0,Overnight,0.0,False,-35.11,-35.11,24.59,False,0.0,False
2017-01-27,2017-01-30,2,Weekend,48.0,False,-10.53,-10.53,-65.77,False,0.0,False
2017-01-30,2017-01-31,0,Overnight,0.0,False,21.19,21.19,-136.15,False,0.0,False
2017-01-31,2017-02-01,0,Overnight,0.0,False,13.1,13.1,-126.99,False,0.0,False
2017-02-01,2017-02-02,0,Overnight,0.0,False,32.5,32.5,28.8,False,0.0,False
2017-02-02,2017-02-03,0,Overnight,0.0,False,29.91,29.91,-19.13,False,0.0,False
2017-02-03,2017-02-06,2,Weekend,48.0,False,1.2,1.2,-28.77,False,0.0,False
2017-02-06,2017-02-07,0,Overnight,0.0,False,-9.61,-9.61,-55.42,False,0.0,False
2017-02-07,2017-02-08,0,Overnight,0.0,False,-94.68,-3.63,-62.4,True,90.61,False
2017-02-08,2017-02-09,0,Overnight,0.0,False,0.0,0.0,44.08,False,0.0,False
2017-02-09,2017-02-10,0,Overnight,0.0,False,51.19,51.19,31.56,False,0.0,False
2017-02-10,2017-02-13,2,Weekend,48.0,False,30.25,30.25,27.75,False,0.0,False
2017-02-13,2017-02-14,0,Overnight,0.0,False,-10.85,-10.85,-10.86,False,0.0,False
2017-02-14,2017-02-15,0,Overnight,0.0,False,-21.76,-21.76,62.73,False,0.0,False
2017-02-15,2017-02-16,0,Overnight,0.0,False,-4.81,-4.81,-99.14,False,0.0,False
2017-02-16,2017-02-17,0,Overnight,0.0,False,-25.55,-25.55,-40.28,False,0.0,False
2017-02-17,2017-02-21,3,Long,72.0,False,43.93,43.93,-28.05,False,0.0,False
2017-02-21,2017-02-22,0,Overnight,0.0,False,-29.35,-29.35,-88.57,False,0.0,False
2017-02-22,2017-02-23,0,Overnight,0.0,False,60.36,60.36,44.12,False,0.0,False
2017-02-23,2017-02-24,0,Overnight,0.0,False,-22.03,-22.03,-63.93,False,0.0,False
2017-02-24,2017-02-27,2,Weekend,48.0,False,6.16,6.16,50.41,False,0.0,False
2017-02-27,2017-02-28,0,Overnight,0.0,False,-1.23,-1.23,-25.79,False,0.0,False
2017-02-28,2017-03-01,0,Overnight,0.0,False,46.62,46.62,160.28,False,0.0,False
2017-03-01,2017-03-02,0,Overnight,0.0,False,-26.53,-26.53,60.2,False,0.0,False
2017-03-02,2017-03-03,0,Overnight,0.0,False,0.0,0.0,-101.35,False,0.0,False
2017-03-03,2017-03-06,2,Weekend,48.0,False,-2.43,-2.43,47.2,False,0.0,False
2017-03-06,2017-03-07,0,Overnight,0.0,False,33.75,33.75,-71.24,False,0.0,False
2017-03-07,2017-03-08,0,Overnight,0.0,False,-20.62,-20.62,-161.59,False,0.0,False
2017-03-08,2017-03-09,0,Overnight,0.0,False,-48.25,-48.25,126.92,False,0.0,False
2017-03-09,2017-03-10,0,Overnight,0.0,False,93.84,93.84,-101.19,False,0.0,False
2017-03-10,2017-03-13,2,Weekend,47.0,False,-13.49,-13.49,-9.82,False,0.0,False
2017-03-13,2017-03-14,0,Overnight,0.0,False,-51.72,-51.72,-1.23,False,0.0,False
2017-03-14,2017-03-15,0,Overnight,0.0,False,44.35,44.35,79.58,False,0.0,False
2017-03-15,2017-03-16,0,Overnight,0.0,False,3.66,3.66,4.88,False,0.0,False
2017-03-16,2017-03-17,0,Overnight,0.0,False,-4.88,-4.88,-3.66,False,0.0,False
2017-03-17,2017-03-20,2,Weekend,48.0,False,-34.2,-34.2,34.2,False,0.0,False
2017-03-20,2017-03-21,0,Overnight,0.0,False,19.49,19.49,-40.25,False,0.0,False
2017-03-21,2017-03-22,0,Overnight,0.0,False,15.87,15.87,-24.43,False,0.0,False
2017-03-22,2017-03-23,0,Overnight,0.0,False,-15.91,-15.91,28.14,False,0.0,False
2017-03-23,2017-03-24,0,Overnight,0.0,False,20.75,20.75,-98.0,False,0.0,False
2017-03-24,2017-03-27,2,Weekend,48.0,False,-50.6,-50.6,53.06,False,0.0,False
2017-03-27,2017-03-28,0,Overnight,0.0,False,8.61,8.61,63.74,False,0.0,False
2017-03-28,2017-03-29,0,Overnight,0.0,False,-18.34,-18.34,40.31,False,0.0,False
2017-03-29,2017-03-30,0,Overnight,0.0,False,1.22,1.22,201.54,False,0.0,False
2017-03-30,2017-03-31,0,Overnight,0.0,False,-52.71,-52.71,-151.27,False,0.0,False
2017-03-31,2017-04-03,2,Weekend,48.0,False,1.22,1.22,6.09,False,0.0,False
2017-04-03,2017-04-04,0,Overnight,0.0,False,3.65,3.65,32.83,False,0.0,False
2017-04-04,2017-04-05,0,Overnight,0.0,False,58.1,58.1,-38.7,False,0.0,False
2017-04-05,2017-04-06,0,Overnight,0.0,False,26.62,26.62,31.37,False,0.0,False
2017-04-06,2017-04-07,0,Overnight,0.0,False,27.67,27.67,-57.83,False,0.0,False
2017-04-07,2017-04-10,2,Weekend,48.0,False,43.41,43.41,1.2,False,0.0,False
2017-04-10,2017-04-11,0,Overnight,0.0,False,-6.02,-6.02,-28.93,False,0.0,False
2017-04-11,2017-04-12,0,Overnight,0.0,False,2.41,2.41,13.27,False,0.0,False
2017-04-12,2017-04-13,0,Overnight,0.0,False,-30.18,-30.18,-125.3,False,0.0,False
2017-04-13,2017-04-17,3,Long,72.0,False,19.57,19.57,-33.04,False,0.0,False
2017-04-17,2017-04-18,0,Overnight,0.0,False,-31.92,-31.92,-33.26,False,0.0,False
2017-04-18,2017-04-19,0,Overnight,0.0,False,14.79,14.79,-84.13,False,0.0,False
2017-04-19,2017-04-20,0,Overnight,0.0,False,56.99,56.99,7.41,False,0.0,False
2017-04-20,2017-04-21,0,Overnight,0.0,False,-9.88,-9.88,-29.7,False,0.0,False
2017-04-21,2017-04-24,2,Weekend,48.0,False,72.85,72.85,-20.94,False,0.0,False
2017-04-24,2017-04-25,0,Overnight,0.0,False,39.37,39.37,36.77,False,0.0,False
2017-04-25,2017-04-26,0,Overnight,0.0,False,-25.73,-25.73,-14.73,False,0.0,False
2017-04-26,2017-04-27,0,Overnight,0.0,False,-40.62,-40.62,23.41,False,0.0,False
2017-04-27,2017-04-28,0,Overnight,0.0,False,146.59,146.59,-98.71,False,0.0,False
2017-04-28,2017-05-01,2,Weekend,48.0,False,-17.16,-17.16,67.25,False,0.0,False
2017-05-01,2017-05-02,0,Overnight,0.0,False,9.74,9.74,-10.96,False,0.0,False
2017-05-02,2017-05-03,0,Overnight,0.0,False,-9.76,-9.76,88.66,False,0.0,False
2017-05-03,2017-05-04,0,Overnight,0.0,False,-49.7,-49.7,-79.3,False,0.0,False
2017-05-04,2017-05-05,0,Overnight,0.0,False,-1.23,-1.23,47.66,False,0.0,False
2017-05-05,2017-05-08,2,Weekend,48.0,False,-2.44,-2.44,107.95,False,0.0,False
2017-05-08,2017-05-09,0,Overnight,0.0,False,8.44,8.44,-78.66,False,0.0,False
2017-05-09,2017-05-10,0,Overnight,0.0,False,-23.11,70.22,-25.6,True,93.55,False
2017-05-10,2017-05-11,0,Overnight,0.0,False,82.67,82.67,2.42,False,0.0,False
2017-05-11,2017-05-12,0,Overnight,0.0,False,-26.67,-26.67,19.4,False,0.0,False
2017-05-12,2017-05-15,2,Weekend,48.0,False,54.36,54.36,-24.13,False,0.0,False
2017-05-15,2017-05-16,0,Overnight,0.0,False,12.07,12.07,-42.31,False,0.0,False
2017-05-16,2017-05-17,0,Overnight,0.0,False,0.0,0.0,-68.07,False,0.0,False
2017-05-17,2017-05-18,0,Overnight,0.0,False,-26.87,-26.87,-2.45,False,0.0,False
2017-05-18,2017-05-19,0,Overnight,0.0,False,30.53,30.53,-8.54,False,0.0,False
2017-05-19,2017-05-22,2,Weekend,48.0,False,21.95,21.95,21.9,False,0.0,False
2017-05-22,2017-05-23,0,Overnight,0.0,False,3.64,3.64,31.53,False,0.0,False
2017-05-23,2017-05-24,0,Overnight,0.0,False,-19.39,-19.39,-15.78,False,0.0,False
2017-05-24,2017-05-25,0,Overnight,0.0,False,4.86,4.86,-70.7,False,0.0,False
2017-05-25,2017-05-26,0,Overnight,0.0,False,-17.14,-17.14,-7.35,False,0.0,False
2017-05-26,2017-05-30,3,Long,72.0,False,-33.16,-33.16,-22.17,False,0.0,False
2017-05-30,2017-05-31,0,Overnight,0.0,False,-19.75,-19.75,-54.51,False,0.0,False
2017-05-31,2017-06-01,0,Overnight,0.0,False,-16.16,-16.16,40.98,False,0.0,False
2017-06-01,2017-06-02,0,Overnight,0.0,False,-13.64,-13.64,-136.18,False,0.0,False
2017-06-02,2017-06-05,2,Weekend,48.0,False,-7.55,-7.55,85.24,False,0.0,False
2017-06-05,2017-06-06,0,Overnight,0.0,False,22.44,22.44,112.69,False,0.0,False
2017-06-06,2017-06-07,0,Overnight,0.0,False,-19.72,-19.72,-17.29,False,0.0,False
2017-06-07,2017-06-08,0,Overnight,0.0,False,0.0,0.0,-35.91,False,0.0,False
2017-06-08,2017-06-09,0,Overnight,0.0,False,65.53,65.53,120.04,False,0.0,False
2017-06-09,2017-06-12,2,Weekend,48.0,False,0.0,0.0,96.94,False,0.0,False
2017-06-12,2017-06-13,0,Overnight,0.0,False,-9.65,-9.65,13.27,False,0.0,False
2017-06-13,2017-06-14,0,Overnight,0.0,False,-18.1,-18.1,-89.76,False,0.0,False
2017-06-14,2017-06-15,0,Overnight,0.0,False,-35.4,-35.4,58.52,False,0.0,False
2017-06-15,2017-06-16,0,Overnight,0.0,False,42.46,42.46,105.96,False,0.0,False
2017-06-16,2017-06-19,2,Weekend,48.0,False,0.0,0.0,-87.82,False,0.0,False
2017-06-19,2017-06-20,0,Overnight,0.0,False,-83.72,-83.72,29.2,False,0.0,False
2017-06-20,2017-06-21,0,Overnight,0.0,False,-32.86,-32.86,-73.4,False,0.0,False
2017-06-21,2017-06-22,0,Overnight,0.0,False,1.23,1.23,-45.53,False,0.0,False
2017-06-22,2017-06-23,0,Overnight,0.0,False,-28.41,-28.41,93.56,False,0.0,False
2017-06-23,2017-06-26,2,Weekend,48.0,False,-4.9,-4.9,-40.54,False,0.0,False
2017-06-26,2017-06-27,0,Overnight,0.0,False,25.82,25.82,-41.83,False,0.0,False
2017-06-27,2017-06-28,0,Overnight,0.0,False,36.92,36.92,14.73,False,0.0,False
2017-06-28,2017-06-29,0,Overnight,0.0,False,-19.64,-19.64,-82.68,False,0.0,False
2017-06-29,2017-06-30,0,Overnight,0.0,False,46.98,46.98,-43.26,False,0.0,False
2017-06-30,2017-07-03,2,Weekend,48.0,False,7.43,7.43,160.85,False,0.0,False
2017-07-03,2017-07-05,1,Short,24.0,True,-51.29,-51.29,-102.14,False,0.0,False
2017-07-05,2017-07-06,0,Overnight,0.0,False,1.24,1.24,-91.94,False,0.0,False
2017-07-06,2017-07-07,0,Overnight,0.0,False,9.98,9.98,2.49,False,0.0,False
2017-07-07,2017-07-10,2,Weekend,48.0,False,-27.46,-27.46,19.98,False,0.0,False
2017-07-10,2017-07-11,0,Overnight,0.0,False,21.18,21.18,33.55,False,0.0,False
2017-07-11,2017-07-12,0,Overnight,0.0,False,72.93,72.93,-28.37,False,0.0,False
2017-07-12,2017-07-13,0,Overnight,0.0,False,1.24,1.24,0.0,False,0.0,False
2017-07-13,2017-07-14,0,Overnight,0.0,False,3.7,3.7,34.51,False,0.0,False
2017-07-14,2017-07-17,2,Weekend,48.0,False,-34.51,-34.51,-17.3,False,0.0,False
2017-07-17,2017-07-18,0,Overnight,0.0,False,19.77,19.77,-51.97,False,0.0,False
2017-07-18,2017-07-19,0,Overnight,0.0,False,-19.87,-19.87,50.84,False,0.0,False
2017-07-19,2017-07-20,0,Overnight,0.0,False,14.83,14.83,-13.59,False,0.0,False
2017-07-20,2017-07-21,0,Overnight,0.0,False,-26.0,-26.0,-65.93,False,0.0,False
2017-07-21,2017-07-24,2,Weekend,48.0,False,-7.49,-7.49,-23.76,False,0.0,False
2017-07-24,2017-07-25,0,Overnight,0.0,False,112.05,112.05,-62.1,False,0.0,False
2017-07-25,2017-07-26,0,Overnight,0.0,False,38.55,38.55,-26.09,False,0.0,False
2017-07-26,2017-07-27,0,Overnight,0.0,False,-16.19,-16.19,73.26,False,0.0,False
2017-07-27,2017-07-28,0,Overnight,0.0,False,-147.06,-147.06,-6.28,False,0.0,False
2017-07-28,2017-07-31,2,Weekend,48.0,False,28.85,28.85,26.27,False,0.0,False
2017-07-31,2017-08-01,0,Overnight,0.0,False,14.98,14.98,1.25,False,0.0,False
2017-08-01,2017-08-02,0,Overnight,0.0,False,-33.73,-33.73,87.23,False,0.0,False
2017-08-02,2017-08-03,0,Overnight,0.0,False,-32.31,-32.31,18.65,False,0.0,False
2017-08-03,2017-08-04,0,Overnight,0.0,False,-6.21,-6.21,-28.63,False,0.0,False
2017-08-04,2017-08-07,2,Weekend,48.0,False,-4.99,-4.99,-1.25,False,0.0,False
2017-08-07,2017-08-08,0,Overnight,0.0,False,-17.48,-17.48,-7.5,False,0.0,False
2017-08-08,2017-08-09,0,Overnight,0.0,False,36.2,36.2,-4.99,False,0.0,False
2017-08-09,2017-08-10,0,Overnight,0.0,False,-56.26,39.82,-99.54,True,96.0,False
2017-08-10,2017-08-11,0,Overnight,0.0,False,30.34,30.34,-127.05,False,0.0,False
2017-08-11,2017-08-14,2,Weekend,48.0,False,52.29,52.29,-49.73,False,0.0,False
2017-08-14,2017-08-15,0,Overnight,0.0,False,-14.07,-14.07,-10.25,False,0.0,False
2017-08-15,2017-08-16,0,Overnight,0.0,False,0.0,0.0,-73.31,False,0.0,False
2017-08-16,2017-08-17,0,Overnight,0.0,False,-27.14,-27.14,-130.28,False,0.0,False
2017-08-17,2017-08-18,0,Overnight,0.0,False,-10.5,-10.5,60.2,False,0.0,False
2017-08-18,2017-08-21,2,Weekend,48.0,False,-22.21,-22.21,-11.78,False,0.0,False
2017-08-21,2017-08-22,0,Overnight,0.0,False,22.23,22.23,24.79,False,0.0,False
2017-08-22,2017-08-23,0,Overnight,0.0,False,-5.21,-5.21,-11.74,False,0.0,False
2017-08-23,2017-08-24,0,Overnight,0.0,False,-14.37,-14.37,-22.25,False,0.0,False
2017-08-24,2017-08-25,0,Overnight,0.0,False,30.09,30.09,20.88,False,0.0,False
2017-08-25,2017-08-28,2,Weekend,48.0,False,23.43,23.43,-56.07,False,0.0,False
2017-08-28,2017-08-29,0,Overnight,0.0,False,-34.06,-34.06,31.44,False,0.0,False
2017-08-29,2017-08-30,0,Overnight,0.0,False,-27.51,-27.51,-18.38,False,0.0,False
2017-08-30,2017-08-31,0,Overnight,0.0,False,22.31,22.31,7.86,False,0.0,False
2017-08-31,2017-09-01,0,Overnight,0.0,False,5.24,5.24,26.15,False,0.0,False
2017-09-01,2017-09-05,3,Long,72.0,False,9.14,9.14,70.21,False,0.0,False
2017-09-05,2017-09-06,0,Overnight,0.0,False,91.57,91.57,113.62,False,0.0,False
2017-09-06,2017-09-07,0,Overnight,0.0,False,30.42,30.42,1.27,False,0.0,False
2017-09-07,2017-09-08,0,Overnight,0.0,False,-2.53,-2.53,-24.08,False,0.0,False
2017-09-08,2017-09-11,2,Weekend,48.0,False,74.58,74.58,-20.17,False,0.0,False
2017-09-11,2017-09-12,0,Overnight,0.0,False,18.91,18.91,12.59,False,0.0,False
2017-09-12,2017-09-13,0,Overnight,0.0,False,0.0,0.0,33.9,False,0.0,False
2017-09-13,2017-09-14,0,Overnight,0.0,False,10.02,10.02,30.01,False,0.0,False
2017-09-14,2017-09-15,0,Overnight,0.0,False,3.75,3.75,-6.24,False,0.0,False
2017-09-15,2017-09-18,2,Weekend,48.0,False,-35.03,-35.03,37.53,False,0.0,False
2017-09-18,2017-09-19,0,Overnight,0.0,False,-3.75,-3.75,19.97,False,0.0,False
2017-09-19,2017-09-20,0,Overnight,0.0,False,7.48,7.48,33.58,False,0.0,False
2017-09-20,2017-09-21,0,Overnight,0.0,False,-7.45,-7.45,-74.82,False,0.0,False
2017-09-21,2017-09-22,0,Overnight,0.0,False,-21.3,-21.3,25.06,False,0.0,False
2017-09-22,2017-09-25,2,Weekend,48.0,False,13.75,13.75,118.01,False,0.0,False
2017-09-25,2017-09-26,0,Overnight,0.0,False,-33.4,-33.4,22.28,False,0.0,False
2017-09-26,2017-09-27,0,Overnight,0.0,False,0.0,0.0,66.54,False,0.0,False
2017-09-27,2017-09-28,0,Overnight,0.0,False,24.53,24.53,68.37,False,0.0,False
2017-09-28,2017-09-29,0,Overnight,0.0,False,-30.46,-30.46,4.88,False,0.0,False
2017-09-29,2017-10-02,2,Weekend,48.0,False,-83.29,-83.29,40.51,False,0.0,False
2017-10-02,2017-10-03,0,Overnight,0.0,False,-26.99,-26.99,42.9,False,0.0,False
2017-10-03,2017-10-04,0,Overnight,0.0,False,4.89,4.89,-1.22,False,0.0,False
2017-10-04,2017-10-05,0,Overnight,0.0,False,-8.56,-8.56,36.64,False,0.0,False
2017-10-05,2017-10-06,0,Overnight,0.0,False,-30.53,-30.53,-7.34,False,0.0,False
2017-10-06,2017-10-09,2,Weekend,48.0,False,15.9,15.9,23.19,False,0.0,False
2017-10-09,2017-10-10,0,Overnight,0.0,False,37.72,37.72,-9.72,False,0.0,False
2017-10-10,2017-10-11,0,Overnight,0.0,False,-12.16,-12.16,53.41,False,0.0,False
2017-10-11,2017-10-12,0,Overnight,0.0,False,-35.17,-35.17,14.57,False,0.0,False
2017-10-12,2017-10-13,0,Overnight,0.0,False,36.33,36.33,-38.75,False,0.0,False
2017-10-13,2017-10-16,2,Weekend,48.0,False,35.13,35.13,13.29,False,0.0,False
2017-10-16,2017-10-17,0,Overnight,0.0,False,-21.76,-21.76,39.86,False,0.0,False
2017-10-17,2017-10-18,0,Overnight,0.0,False,0.0,0.0,-24.14,False,0.0,False
2017-10-18,2017-10-19,0,Overnight,0.0,False,-49.66,-49.66,47.25,False,0.0,False
2017-10-19,2017-10-20,0,Overnight,0.0,False,13.29,13.29,31.33,False,0.0,False
2017-10-20,2017-10-23,2,Weekend,48.0,False,4.81,4.81,10.82,False,0.0,False
2017-10-23,2017-10-24,0,Overnight,0.0,False,37.17,37.17,-9.58,False,0.0,False
2017-10-24,2017-10-25,0,Overnight,0.0,False,-2.4,-2.4,-33.61,False,0.0,False
2017-10-25,2017-10-26,0,Overnight,0.0,False,24.02,24.02,11.99,False,0.0,False
2017-10-26,2017-10-27,0,Overnight,0.0,False,-56.47,-56.47,85.18,False,0.0,False
2017-10-27,2017-10-30,2,Weekend,48.0,False,0.0,0.0,-20.33,False,0.0,False
2017-10-30,2017-10-31,0,Overnight,0.0,False,13.16,13.16,-35.93,False,0.0,False
2017-10-31,2017-11-01,0,Overnight,0.0,False,4.8,4.8,57.4,False,0.0,False
2017-11-01,2017-11-02,0,Overnight,0.0,False,-32.25,-32.25,-8.38,False,0.0,False
2017-11-02,2017-11-03,0,Overnight,0.0,False,-13.18,-13.18,-28.81,False,0.0,False
2017-11-03,2017-11-06,2,Weekend,49.0,False,14.42,14.42,53.88,False,0.0,False
2017-11-06,2017-11-07,0,Overnight,0.0,False,-1.19,-1.19,-19.12,False,0.0,False
2017-11-07,2017-11-08,0,Overnight,0.0,False,-26.36,-26.36,13.19,False,0.0,False
2017-11-08,2017-11-09,0,Overnight,0.0,False,-20.39,-20.39,80.11,False,0.0,False
2017-11-09,2017-11-10,0,Overnight,0.0,False,-114.98,-22.65,-8.44,True,91.7,False
2017-11-10,2017-11-13,2,Weekend,48.0,False,-35.03,-35.03,29.0,False,0.0,False
2017-11-13,2017-11-14,0,Overnight,0.0,False,-56.86,-56.86,-21.86,False,0.0,False
2017-11-14,2017-11-15,0,Overnight,0.0,False,-59.76,-59.76,-66.27,False,0.0,False
2017-11-15,2017-11-16,0,Overnight,0.0,False,-95.27,-95.27,14.91,False,0.0,False
2017-11-16,2017-11-17,0,Overnight,0.0,False,-29.84,-29.84,-9.97,False,0.0,False
2017-11-17,2017-11-20,2,Weekend,48.0,False,-1.25,-1.25,39.81,False,0.0,False
2017-11-20,2017-11-21,0,Overnight,0.0,False,17.37,17.37,22.28,False,0.0,False
2017-11-21,2017-11-22,0,Overnight,0.0,False,35.8,35.8,-7.4,False,0.0,False
2017-11-22,2017-11-24,1,Short,24.0,False,41.84,41.84,-2.46,False,0.0,False
2017-11-24,2017-11-27,2,Weekend,48.0,True,-12.29,-12.29,-25.86,False,0.0,False
2017-11-27,2017-11-28,0,Overnight,0.0,False,36.92,36.92,31.89,False,0.0,False
2017-11-28,2017-11-29,0,Overnight,0.0,False,-2.45,-2.45,75.65,False,0.0,False
2017-11-29,2017-11-30,0,Overnight,0.0,False,21.86,21.86,101.36,False,0.0,False
2017-11-30,2017-12-01,0,Overnight,0.0,False,17.99,17.99,2.4,False,0.0,False
2017-12-01,2017-12-04,2,Weekend,48.0,False,-30.0,-30.0,43.17,False,0.0,False
2017-12-04,2017-12-05,0,Overnight,0.0,False,-19.16,-19.16,-62.54,False,0.0,False
2017-12-05,2017-12-06,0,Overnight,0.0,False,-4.83,-4.83,-69.04,False,0.0,False
2017-12-06,2017-12-07,0,Overnight,0.0,False,14.57,14.57,18.19,False,0.0,False
2017-12-07,2017-12-08,0,Overnight,0.0,False,-7.27,-7.27,20.59,False,0.0,False
2017-12-08,2017-12-11,2,Weekend,48.0,False,45.87,45.87,-1.2,False,0.0,False
2017-12-11,2017-12-12,0,Overnight,0.0,False,-16.88,-16.88,-15.7,False,0.0,False
2017-12-12,2017-12-13,0,Overnight,0.0,False,-18.14,-18.14,61.55,False,0.0,False
2017-12-13,2017-12-14,0,Overnight,0.0,False,-10.83,-10.83,-15.67,False,0.0,False
2017-12-14,2017-12-15,0,Overnight,0.0,False,31.31,31.31,-15.65,False,0.0,False
2017-12-15,2017-12-18,2,Weekend,48.0,False,18.05,18.05,-28.89,False,0.0,False
2017-12-18,2017-12-19,0,Overnight,0.0,False,10.84,10.84,-71.31,False,0.0,False
2017-12-19,2017-12-20,0,Overnight,0.0,False,19.39,19.39,32.63,False,0.0,False
2017-12-20,2017-12-21,0,Overnight,0.0,False,57.75,57.75,59.81,False,0.0,False
2017-12-21,2017-12-22,0,Overnight,0.0,False,3.58,3.58,10.72,False,0.0,False
2017-12-22,2017-12-26,3,Long,72.0,False,-1.19,-1.19,2.38,False,0.0,False
2017-12-26,2017-12-27,0,Overnight,0.0,False,1.19,1.19,-10.72,False,0.0,False
2017-12-27,2017-12-28,0,Overnight,0.0,False,9.53,9.53,4.76,False,0.0,False
2017-12-28,2017-12-29,0,Overnight,0.0,False,-2.38,-2.38,-42.95,False,0.0,False
2017-12-29,2018-01-02,3,Long,72.0,False,21.5,21.5,143.32,False,0.0,False
2018-01-02,2018-01-03,0,Overnight,0.0,False,15.28,15.28,179.22,False,0.0,False
2018-01-03,2018-01-04,0,Overnight,0.0,False,10.38,10.38,3.46,False,0.0,False
2018-01-04,2018-01-05,0,Overnight,0.0,False,-8.07,-8.07,0.0,False,0.0,False
2018-01-05,2018-01-08,2,Weekend,48.0,False,-5.77,-5.77,50.62,False,0.0,False
2018-01-08,2018-01-09,0,Overnight,0.0,False,-22.98,-22.98,-19.57,False,0.0,False
2018-01-09,2018-01-10,0,Overnight,0.0,False,26.47,26.47,-106.31,False,0.0,False
2018-01-10,2018-01-11,0,Overnight,0.0,False,32.47,32.47,65.79,False,0.0,False
2018-01-11,2018-01-12,0,Overnight,0.0,False,31.01,31.01,36.63,False,0.0,False
2018-01-12,2018-01-16,3,Long,72.0,False,25.11,25.11,-88.15,False,0.0,False
2018-01-16,2018-01-17,0,Overnight,0.0,False,26.41,26.41,91.33,False,0.0,False
2018-01-17,2018-01-18,0,Overnight,0.0,False,-26.17,-26.17,-38.81,False,0.0,False
2018-01-18,2018-01-19,0,Overnight,0.0,False,16.0,16.0,-48.08,False,0.0,False
2018-01-19,2018-01-22,2,Weekend,48.0,False,2.29,2.29,123.13,False,0.0,False
2018-01-22,2018-01-23,0,Overnight,0.0,False,0.0,0.0,5.66,False,0.0,False
2018-01-23,2018-01-24,0,Overnight,0.0,False,21.49,21.49,4.52,False,0.0,False
2018-01-24,2018-01-25,0,Overnight,0.0,False,2.26,2.26,-20.35,False,0.0,False
2018-01-25,2018-01-26,0,Overnight,0.0,False,30.51,30.51,40.53,False,0.0,False
2018-01-26,2018-01-29,2,Weekend,48.0,False,-46.17,-46.17,-65.68,False,0.0,False
2018-01-29,2018-01-30,0,Overnight,0.0,False,-53.55,-53.55,-87.2,False,0.0,False
2018-01-30,2018-01-31,0,Overnight,0.0,False,-25.38,-25.38,85.13,False,0.0,False
2018-01-31,2018-02-01,0,Overnight,0.0,False,22.88,22.88,177.84,False,0.0,False
2018-02-01,2018-02-02,0,Overnight,0.0,False,-452.43,-452.43,-70.73,False,0.0,False
2018-02-02,2018-02-05,2,Weekend,48.0,False,-148.98,-148.98,-436.88,False,0.0,False
2018-02-05,2018-02-06,0,Overnight,0.0,False,-152.94,-152.94,-20.4,False,0.0,False
2018-02-06,2018-02-07,0,Overnight,0.0,False,11.48,11.48,-193.08,False,0.0,False
2018-02-07,2018-02-08,0,Overnight,0.0,False,64.78,64.78,-178.49,False,0.0,False
2018-02-08,2018-02-09,0,Overnight,0.0,False,23.63,124.11,-61.83,True,101.22,False
2018-02-09,2018-02-12,2,Weekend,48.0,False,166.2,166.2,-82.1,False,0.0,False
2018-02-12,2018-02-13,0,Overnight,0.0,False,-41.96,-41.96,26.25,False,0.0,False
2018-02-13,2018-02-14,0,Overnight,0.0,False,-67.07,-67.07,88.01,False,0.0,False
2018-02-14,2018-02-15,0,Overnight,0.0,False,20.9,20.9,-53.66,False,0.0,False
2018-02-15,2018-02-16,0,Overnight,0.0,False,-7.88,-7.88,51.08,False,0.0,False
2018-02-16,2018-02-20,3,Long,72.0,False,-9.15,-9.15,-94.6,False,0.0,False
2018-02-20,2018-02-21,0,Overnight,0.0,False,9.24,9.24,-123.42,False,0.0,False
2018-02-21,2018-02-22,0,Overnight,0.0,False,54.6,54.6,74.09,False,0.0,False
2018-02-22,2018-02-23,0,Overnight,0.0,False,30.27,30.27,187.48,False,0.0,False
2018-02-23,2018-02-26,2,Weekend,48.0,False,27.05,27.05,140.51,False,0.0,False
2018-02-26,2018-02-27,0,Overnight,0.0,False,20.27,20.27,-191.7,False,0.0,False
2018-02-27,2018-02-28,0,Overnight,0.0,False,84.8,84.8,-314.52,False,0.0,False
2018-02-28,2018-03-01,0,Overnight,0.0,False,-27.76,-27.76,-43.79,False,0.0,False
2018-03-01,2018-03-02,0,Overnight,0.0,False,-41.31,-41.31,87.74,False,0.0,False
2018-03-02,2018-03-05,2,Weekend,48.0,False,-42.45,-42.45,137.3,False,0.0,False
2018-03-05,2018-03-06,0,Overnight,0.0,False,52.31,52.31,-64.12,False,0.0,False
2018-03-06,2018-03-07,0,Overnight,0.0,False,-156.11,-156.11,-99.16,False,0.0,False
2018-03-07,2018-03-08,0,Overnight,0.0,False,32.27,32.27,-51.14,False,0.0,False
2018-03-08,2018-03-09,0,Overnight,0.0,False,94.0,94.0,-34.81,False,0.0,False
2018-03-09,2018-03-12,2,Weekend,47.0,False,41.49,41.49,49.3,False,0.0,False
2018-03-12,2018-03-13,0,Overnight,0.0,False,11.96,11.96,-106.77,False,0.0,False
2018-03-13,2018-03-14,0,Overnight,0.0,False,14.75,14.75,-140.32,False,0.0,False
2018-03-14,2018-03-15,0,Overnight,0.0,False,101.39,101.39,9.41,False,0.0,False
2018-03-15,2018-03-16,0,Overnight,0.0,False,-8.07,-8.07,101.69,False,0.0,False
2018-03-16,2018-03-19,2,Weekend,48.0,False,-15.99,-15.99,-113.98,False,0.0,False
2018-03-19,2018-03-20,0,Overnight,0.0,False,9.44,9.44,-31.04,False,0.0,False
2018-03-20,2018-03-21,0,Overnight,0.0,False,32.38,32.38,108.53,False,0.0,False
2018-03-21,2018-03-22,0,Overnight,0.0,False,-82.97,-82.97,-124.39,False,0.0,False
2018-03-22,2018-03-23,0,Overnight,0.0,False,42.09,42.09,-125.43,False,0.0,False
2018-03-23,2018-03-26,2,Weekend,48.0,False,103.73,103.73,47.41,False,0.0,False
2018-03-26,2018-03-27,0,Overnight,0.0,False,0.0,0.0,-40.62,False,0.0,False
2018-03-27,2018-03-28,0,Overnight,0.0,False,5.43,5.43,-126.92,False,0.0,False
2018-03-28,2018-03-29,0,Overnight,0.0,False,71.17,71.17,173.05,False,0.0,False
2018-03-29,2018-04-02,3,Long,72.0,False,-45.67,-45.67,-142.38,False,0.0,False
2018-04-02,2018-04-03,0,Overnight,0.0,False,31.36,31.36,211.5,False,0.0,False
2018-04-03,2018-04-04,0,Overnight,0.0,False,-130.14,-130.14,110.13,False,0.0,False
2018-04-04,2018-04-05,0,Overnight,0.0,False,25.34,25.34,127.09,False,0.0,False
2018-04-05,2018-04-06,0,Overnight,0.0,False,-50.11,-50.11,-102.32,False,0.0,False
2018-04-06,2018-04-09,2,Weekend,48.0,False,46.64,46.64,-46.64,False,0.0,False
2018-04-09,2018-04-10,0,Overnight,0.0,False,160.32,160.32,129.29,False,0.0,False
2018-04-10,2018-04-11,0,Overnight,0.0,False,5.19,5.19,41.41,False,0.0,False
2018-04-11,2018-04-12,0,Overnight,0.0,False,55.38,55.38,-82.54,False,0.0,False
2018-04-12,2018-04-13,0,Overnight,0.0,False,74.83,74.83,5.14,False,0.0,False
2018-04-13,2018-04-16,2,Weekend,48.0,False,35.91,35.91,53.62,False,0.0,False
2018-04-16,2018-04-17,0,Overnight,0.0,False,0.0,0.0,-26.77,False,0.0,False
2018-04-17,2018-04-18,0,Overnight,0.0,False,90.23,90.23,22.75,False,0.0,False
2018-04-18,2018-04-19,0,Overnight,0.0,False,12.61,12.61,12.6,False,0.0,False
2018-04-19,2018-04-20,0,Overnight,0.0,False,-12.6,-12.6,-40.42,False,0.0,False
2018-04-20,2018-04-23,2,Weekend,48.0,False,-10.13,-10.13,82.02,False,0.0,False
2018-04-23,2018-04-24,0,Overnight,0.0,False,28.86,28.86,-183.38,False,0.0,False
2018-04-24,2018-04-25,0,Overnight,0.0,False,-19.16,-19.16,164.87,False,0.0,False
2018-04-25,2018-04-26,0,Overnight,0.0,False,12.57,12.57,157.05,False,0.0,False
2018-04-26,2018-04-27,0,Overnight,0.0,False,-495.63,-495.63,108.57,False,0.0,False
2018-04-27,2018-04-30,2,Weekend,48.0,False,15.41,15.41,-20.56,False,0.0,False
2018-04-30,2018-05-01,0,Overnight,0.0,False,-63.22,-63.22,-40.21,False,0.0,False
2018-05-01,2018-05-02,0,Overnight,0.0,False,-65.19,-65.19,45.68,False,0.0,False
2018-05-02,2018-05-03,0,Overnight,0.0,False,-53.53,-53.53,19.62,False,0.0,False
2018-05-03,2018-05-04,0,Overnight,0.0,False,-53.71,-53.71,100.64,False,0.0,False
2018-05-04,2018-05-07,2,Weekend,48.0,False,108.64,108.64,0.0,False,0.0,False
2018-05-07,2018-05-08,0,Overnight,0.0,False,7.72,7.72,37.2,False,0.0,False
2018-05-08,2018-05-09,0,Overnight,0.0,False,113.33,113.33,119.57,False,0.0,False
2018-05-09,2018-05-10,0,Overnight,0.0,False,88.44,88.44,133.04,False,0.0,False
2018-05-10,2018-05-11,0,Overnight,0.0,False,-66.3,34.2,12.31,True,100.34,False
2018-05-11,2018-05-14,2,Weekend,48.0,False,51.54,51.54,15.9,False,0.0,False
2018-05-14,2018-05-15,0,Overnight,0.0,False,2.44,2.44,-7.33,False,0.0,False
2018-05-15,2018-05-16,0,Overnight,0.0,False,-3.67,-3.67,31.75,False,0.0,False
2018-05-16,2018-05-17,0,Overnight,0.0,False,21.92,21.92,-39.01,False,0.0,False
2018-05-17,2018-05-18,0,Overnight,0.0,False,-40.38,-40.38,-30.7,False,0.0,False
2018-05-18,2018-05-21,2,Weekend,48.0,False,52.75,52.75,67.07,False,0.0,False
2018-05-21,2018-05-22,0,Overnight,0.0,False,19.43,19.43,-97.51,False,0.0,False
2018-05-22,2018-05-23,0,Overnight,0.0,False,-84.88,-84.88,147.15,False,0.0,False
2018-05-23,2018-05-24,0,Overnight,0.0,False,-97.86,-97.86,-133.65,False,0.0,False
2018-05-24,2018-05-25,0,Overnight,0.0,False,-124.1,-124.1,-72.16,False,0.0,False
2018-05-25,2018-05-29,3,Long,72.0,False,-71.4,-71.4,34.49,False,0.0,False
2018-05-29,2018-05-30,0,Overnight,0.0,False,105.28,105.28,279.96,False,0.0,False
2018-05-30,2018-05-31,0,Overnight,0.0,False,-85.02,-85.02,53.07,False,0.0,False
2018-05-31,2018-06-01,0,Overnight,0.0,False,77.25,77.25,-4.89,False,0.0,False
2018-06-01,2018-06-04,2,Weekend,48.0,False,26.85,26.85,-132.5,False,0.0,False
2018-06-04,2018-06-05,0,Overnight,0.0,False,-47.04,-47.04,11.16,False,0.0,False
2018-06-05,2018-06-06,0,Overnight,0.0,False,98.67,98.67,70.93,False,0.0,False
2018-06-06,2018-06-07,0,Overnight,0.0,False,81.32,81.32,18.11,False,0.0,False
2018-06-07,2018-06-08,0,Overnight,0.0,False,27.71,27.71,58.78,False,0.0,False
2018-06-08,2018-06-11,2,Weekend,48.0,False,14.34,14.34,-74.33,False,0.0,False
2018-06-11,2018-06-12,0,Overnight,0.0,False,1.2,1.2,-83.37,False,0.0,False
2018-06-12,2018-06-13,0,Overnight,0.0,False,2.43,2.43,-113.45,False,0.0,False
2018-06-13,2018-06-14,0,Overnight,0.0,False,52.62,52.62,-6.1,False,0.0,False
2018-06-14,2018-06-15,0,Overnight,0.0,False,-20.78,-20.78,-130.56,False,0.0,False
2018-06-15,2018-06-18,2,Weekend,48.0,False,-32.29,-32.29,52.1,False,0.0,False
2018-06-18,2018-06-19,0,Overnight,0.0,False,-115.74,-115.74,100.88,False,0.0,False
2018-06-19,2018-06-20,0,Overnight,0.0,False,18.57,18.57,-49.6,False,0.0,False
2018-06-20,2018-06-21,0,Overnight,0.0,False,-53.59,-53.59,-41.32,False,0.0,False
2018-06-21,2018-06-22,0,Overnight,0.0,False,182.78,182.78,27.07,False,0.0,False
2018-06-22,2018-06-25,2,Weekend,48.0,False,-74.0,-74.0,-129.58,False,0.0,False
2018-06-25,2018-06-26,0,Overnight,0.0,False,51.29,51.29,60.95,False,0.0,False
2018-06-26,2018-06-27,0,Overnight,0.0,False,51.95,51.95,79.87,False,0.0,False
2018-06-27,2018-06-28,0,Overnight,0.0,False,2.45,2.45,29.32,False,0.0,False
2018-06-28,2018-06-29,0,Overnight,0.0,False,58.39,58.39,33.9,False,0.0,False
2018-06-29,2018-07-02,2,Weekend,48.0,False,-102.05,-102.05,-15.89,False,0.0,False
2018-07-02,2018-07-03,0,Overnight,0.0,False,99.79,99.79,-41.26,False,0.0,False
2018-07-03,2018-07-05,1,Short,24.0,True,42.47,42.47,-33.96,False,0.0,False
2018-07-05,2018-07-06,0,Overnight,0.0,False,-42.61,-42.61,45.04,False,0.0,False
2018-07-06,2018-07-09,2,Weekend,48.0,False,58.13,58.13,10.86,False,0.0,False
2018-07-09,2018-07-10,0,Overnight,0.0,False,96.04,96.04,-4.78,False,0.0,False
2018-07-10,2018-07-11,0,Overnight,0.0,False,-75.59,-75.59,-53.13,False,0.0,False
2018-07-11,2018-07-12,0,Overnight,0.0,False,50.73,50.73,-38.62,False,0.0,False
2018-07-12,2018-07-13,0,Overnight,0.0,False,-1.21,-1.21,75.91,False,0.0,False
2018-07-13,2018-07-16,2,Weekend,48.0,False,-95.28,-95.28,-3.64,False,0.0,False
2018-07-16,2018-07-17,0,Overnight,0.0,False,-27.92,-27.92,6.08,False,0.0,False
2018-07-17,2018-07-18,0,Overnight,0.0,False,-62.15,-62.15,51.21,False,0.0,False
2018-07-18,2018-07-19,0,Overnight,0.0,False,-2.43,-2.43,-23.14,False,0.0,False
2018-07-19,2018-07-20,0,Overnight,0.0,False,-35.42,-35.42,-39.23,False,0.0,False
2018-07-20,2018-07-23,2,Weekend,48.0,False,67.34,67.34,-67.34,False,0.0,False
2018-07-23,2018-07-24,0,Overnight,0.0,False,14.73,14.73,181.13,False,0.0,False
2018-07-24,2018-07-25,0,Overnight,0.0,False,0.0,0.0,69.63,False,0.0,False
2018-07-25,2018-07-26,0,Overnight,0.0,False,28.67,28.67,48.79,False,0.0,False
2018-07-26,2018-07-27,0,Overnight,0.0,False,-395.91,-395.91,116.64,False,0.0,False
2018-07-27,2018-07-30,2,Weekend,48.0,False,25.6,25.6,-47.6,False,0.0,False
2018-07-30,2018-07-31,0,Overnight,0.0,False,-12.24,-12.24,-15.94,False,0.0,False
2018-07-31,2018-08-01,0,Overnight,0.0,False,-76.36,-76.36,-62.0,False,0.0,False
2018-08-01,2018-08-02,0,Overnight,0.0,False,-62.39,-62.39,2.5,False,0.0,False
2018-08-02,2018-08-03,0,Overnight,0.0,False,7.51,7.51,28.72,False,0.0,False
2018-08-03,2018-08-06,2,Weekend,48.0,False,6.23,6.23,-8.73,False,0.0,False
2018-08-06,2018-08-07,0,Overnight,0.0,False,90.63,90.63,44.39,False,0.0,False
2018-08-07,2018-08-08,0,Overnight,0.0,False,-30.81,-30.81,-35.86,False,0.0,False
2018-08-08,2018-08-09,0,Overnight,0.0,False,0.0,0.0,-50.92,False,0.0,False
2018-08-09,2018-08-10,0,Overnight,0.0,False,-101.36,1.25,-11.33,True,102.09,False
2018-08-10,2018-08-13,2,Weekend,48.0,False,3.78,3.78,-112.65,False,0.0,False
2018-08-13,2018-08-14,0,Overnight,0.0,False,54.59,54.59,-86.46,False,0.0,False
2018-08-14,2018-08-15,0,Overnight,0.0,False,-67.91,-67.91,-108.58,False,0.0,False
2018-08-15,2018-08-16,0,Overnight,0.0,False,44.09,44.09,92.74,False,0.0,False
2018-08-16,2018-08-17,0,Overnight,0.0,False,43.49,43.49,-10.22,False,0.0,False
2018-08-17,2018-08-20,2,Weekend,48.0,False,0.0,0.0,70.03,False,0.0,False
2018-08-20,2018-08-21,0,Overnight,0.0,False,30.41,30.41,-27.87,False,0.0,False
2018-08-21,2018-08-22,0,Overnight,0.0,False,35.46,35.46,106.87,False,0.0,False
2018-08-22,2018-08-23,0,Overnight,0.0,False,-50.15,-50.15,-60.51,False,0.0,False
2018-08-23,2018-08-24,0,Overnight,0.0,False,55.49,55.49,12.57,False,0.0,False
2018-08-24,2018-08-27,2,Weekend,48.0,False,36.36,36.36,61.13,False,0.0,False
2018-08-27,2018-08-28,0,Overnight,0.0,False,22.36,22.36,-37.3,False,0.0,False
2018-08-28,2018-08-29,0,Overnight,0.0,False,19.91,19.91,52.08,False,0.0,False
2018-08-29,2018-08-30,0,Overnight,0.0,False,-50.83,-50.83,7.46,False,0.0,False
2018-08-30,2018-08-31,0,Overnight,0.0,False,-33.59,-33.59,-8.73,False,0.0,False
2018-08-31,2018-09-04,3,Long,72.0,False,29.89,29.89,-14.94,False,0.0,False
2018-09-04,2018-09-05,0,Overnight,0.0,False,-48.69,-48.69,181.08,False,0.0,False
2018-09-05,2018-09-06,0,Overnight,0.0,False,-30.77,-30.77,-80.46,False,0.0,False
2018-09-06,2018-09-07,0,Overnight,0.0,False,-38.6,-38.6,207.44,False,0.0,False
2018-09-07,2018-09-10,2,Weekend,48.0,False,49.98,49.98,-64.65,False,0.0,False
2018-09-10,2018-09-11,0,Overnight,0.0,False,30.55,30.55,109.21,False,0.0,False
2018-09-11,2018-09-12,0,Overnight,0.0,False,46.96,46.96,-14.43,False,0.0,False
2018-09-12,2018-09-13,0,Overnight,0.0,False,2.41,2.41,-100.32,False,0.0,False
2018-09-13,2018-09-14,0,Overnight,0.0,False,12.14,12.14,60.48,False,0.0,False
2018-09-14,2018-09-17,2,Weekend,48.0,False,9.64,9.64,49.28,False,0.0,False
2018-09-17,2018-09-18,0,Overnight,0.0,False,58.57,58.57,-32.23,False,0.0,False
2018-09-18,2018-09-19,0,Overnight,0.0,False,1.2,1.2,117.67,False,0.0,False
2018-09-19,2018-09-20,0,Overnight,0.0,False,27.14,27.14,-4.71,False,0.0,False
2018-09-20,2018-09-21,0,Overnight,0.0,False,22.38,22.38,18.8,False,0.0,False
2018-09-21,2018-09-24,2,Weekend,48.0,False,72.53,72.53,93.97,False,0.0,False
2018-09-24,2018-09-25,0,Overnight,0.0,False,49.53,49.53,-61.08,False,0.0,False
2018-09-25,2018-09-26,0,Overnight,0.0,False,-55.65,-55.65,-27.94,False,0.0,False
2018-09-26,2018-09-27,0,Overnight,0.0,False,36.07,36.07,-37.24,False,0.0,False
2018-09-27,2018-09-28,0,Overnight,0.0,False,-60.81,-60.81,-27.02,False,0.0,False
2018-09-28,2018-10-01,2,Weekend,48.0,False,38.74,38.74,53.75,False,0.0,False
2018-10-01,2018-10-02,0,Overnight,0.0,False,-1.16,-1.16,76.63,False,0.0,False
2018-10-02,2018-10-03,0,Overnight,0.0,False,5.78,5.78,-41.7,False,0.0,False
2018-10-03,2018-10-04,0,Overnight,0.0,False,-75.74,-75.74,9.35,False,0.0,False
2018-10-04,2018-10-05,0,Overnight,0.0,False,-31.6,-31.6,3.52,False,0.0,False
2018-10-05,2018-10-08,2,Weekend,48.0,False,-64.66,-64.66,156.8,False,0.0,False
2018-10-08,2018-10-09,0,Overnight,0.0,False,28.98,28.98,15.04,False,0.0,False
2018-10-09,2018-10-10,0,Overnight,0.0,False,25.4,25.4,-258.12,False,0.0,False
2018-10-10,2018-10-11,0,Overnight,0.0,False,-68.86,-68.86,-282.73,False,0.0,False
2018-10-11,2018-10-12,0,Overnight,0.0,False,64.74,64.74,-91.74,False,0.0,False
2018-10-12,2018-10-15,2,Weekend,48.0,False,0.0,0.0,-69.05,False,0.0,False
2018-10-15,2018-10-16,0,Overnight,0.0,False,-38.43,-38.43,85.34,False,0.0,False
2018-10-16,2018-10-17,0,Overnight,0.0,False,-32.07,-32.07,68.95,False,0.0,False
2018-10-17,2018-10-18,0,Overnight,0.0,False,-36.88,-36.88,79.73,False,0.0,False
2018-10-18,2018-10-19,0,Overnight,0.0,False,-23.24,-23.24,37.89,False,0.0,False
2018-10-19,2018-10-22,2,Weekend,48.0,False,3.66,3.66,-104.2,False,0.0,False
2018-10-22,2018-10-23,0,Overnight,0.0,False,-135.23,-135.23,-27.52,False,0.0,False
2018-10-23,2018-10-24,0,Overnight,0.0,False,36.26,36.26,-318.25,False,0.0,False
2018-10-24,2018-10-25,0,Overnight,0.0,False,111.46,111.46,-22.96,False,0.0,False
2018-10-25,2018-10-26,0,Overnight,0.0,False,-56.34,-56.34,-43.76,False,0.0,False
2018-10-26,2018-10-29,2,Weekend,48.0,False,69.41,69.41,-131.51,False,0.0,False
2018-10-29,2018-10-30,0,Overnight,0.0,False,73.71,73.71,148.34,False,0.0,False
2018-10-30,2018-10-31,0,Overnight,0.0,False,70.83,70.83,42.76,False,0.0,False
2018-10-31,2018-11-01,0,Overnight,0.0,False,18.81,18.81,104.67,False,0.0,False
2018-11-01,2018-11-02,0,Overnight,0.0,False,134.21,134.21,23.21,False,0.0,False
2018-11-02,2018-11-05,2,Weekend,49.0,False,66.89,66.89,-104.79,False,0.0,False
2018-11-05,2018-11-06,0,Overnight,0.0,False,12.24,12.24,30.54,False,0.0,False
2018-11-06,2018-11-07,0,Overnight,0.0,False,26.8,26.8,99.25,False,0.0,False
2018-11-07,2018-11-08,0,Overnight,0.0,False,12.04,12.04,-172.29,False,0.0,False
2018-11-08,2018-11-09,0,Overnight,0.0,False,-179.05,-77.4,75.72,True,100.35,False
2018-11-09,2018-11-12,2,Weekend,48.0,False,97.21,97.21,-226.65,False,0.0,False
2018-11-12,2018-11-13,0,Overnight,0.0,False,-3.76,-3.76,-228.15,False,0.0,False
2018-11-13,2018-11-14,0,Overnight,0.0,False,109.65,109.65,-188.17,False,0.0,False
2018-11-14,2018-11-15,0,Overnight,0.0,False,-93.47,-93.47,196.31,False,0.0,False
2018-11-15,2018-11-16,0,Overnight,0.0,False,22.99,22.99,75.0,False,0.0,False
2018-11-16,2018-11-19,2,Weekend,48.0,False,-63.52,-63.52,96.4,False,0.0,False
2018-11-19,2018-11-20,0,Overnight,0.0,False,-101.5,-101.5,-186.63,False,0.0,False
2018-11-20,2018-11-21,0,Overnight,0.0,False,59.59,59.59,16.78,False,0.0,False
2018-11-21,2018-11-23,1,Short,24.0,False,-196.61,-196.61,-73.91,False,0.0,False
2018-11-23,2018-11-26,2,Weekend,48.0,True,98.86,98.86,96.59,False,0.0,False
2018-11-26,2018-11-27,0,Overnight,0.0,False,-53.4,-53.4,62.49,False,0.0,False
2018-11-27,2018-11-28,0,Overnight,0.0,False,-1.3,-1.3,181.37,False,0.0,False
2018-11-28,2018-11-29,0,Overnight,0.0,False,-29.36,-29.36,106.82,False,0.0,False
2018-11-29,2018-11-30,0,Overnight,0.0,False,-77.46,-77.46,132.96,False,0.0,False
2018-11-30,2018-12-03,2,Weekend,48.0,False,92.65,92.65,121.39,False,0.0,False
2018-12-03,2018-12-04,0,Overnight,0.0,False,19.68,19.68,-242.53,False,0.0,False
2018-12-04,2018-12-06,1,Short,24.0,False,-181.67,-181.67,49.88,False,0.0,False
2018-12-06,2018-12-07,0,Overnight,0.0,False,126.76,126.76,-222.9,False,0.0,False
2018-12-07,2018-12-10,2,Weekend,48.0,False,28.3,28.3,-170.99,False,0.0,False
2018-12-10,2018-12-11,0,Overnight,0.0,False,150.42,150.42,-132.14,False,0.0,False
2018-12-11,2018-12-12,0,Overnight,0.0,False,175.81,175.81,-262.25,False,0.0,False
2018-12-12,2018-12-13,0,Overnight,0.0,False,1.32,1.32,124.18,False,0.0,False
2018-12-13,2018-12-14,0,Overnight,0.0,False,-33.83,-33.83,-149.71,False,0.0,False
2018-12-14,2018-12-17,2,Weekend,48.0,False,-42.43,-42.43,-163.43,False,0.0,False
2018-12-17,2018-12-18,0,Overnight,0.0,False,-55.53,-55.53,-223.86,False,0.0,False
2018-12-18,2018-12-19,0,Overnight,0.0,False,62.31,62.31,-233.2,False,0.0,False
2018-12-19,2018-12-20,0,Overnight,0.0,False,-97.96,-97.96,-210.5,False,0.0,False
2018-12-20,2018-12-21,0,Overnight,0.0,False,-71.65,-71.65,-2.93,False,0.0,False
2018-12-21,2018-12-24,2,Weekend,48.0,False,-185.2,-185.2,-205.48,False,0.0,False
2018-12-24,2018-12-26,1,Short,24.0,True,101.75,101.75,364.97,False,0.0,False
2018-12-26,2018-12-27,0,Overnight,0.0,False,-131.99,-131.99,175.6,False,0.0,False
2018-12-27,2018-12-28,0,Overnight,0.0,False,34.75,34.75,-147.07,False,0.0,False
2018-12-28,2018-12-31,2,Weekend,48.0,False,21.98,21.98,-19.05,False,0.0,False
2018-12-31,2019-01-02,1,Short,24.0,False,-123.95,-123.95,341.54,False,0.0,False
2019-01-02,2019-01-03,0,Overnight,0.0,False,44.38,44.38,-199.11,False,0.0,False
2019-01-03,2019-01-04,0,Overnight,0.0,False,147.55,147.55,214.51,False,0.0,False
2019-01-04,2019-01-07,2,Weekend,48.0,False,14.04,14.04,37.82,False,0.0,False
2019-01-07,2019-01-08,0,Overnight,0.0,False,141.61,141.61,-69.17,False,0.0,False
2019-01-08,2019-01-09,0,Overnight,0.0,False,77.43,77.43,-24.82,False,0.0,False
2019-01-09,2019-01-10,0,Overnight,0.0,False,-48.45,-48.45,-2.78,False,0.0,False
2019-01-10,2019-01-11,0,Overnight,0.0,False,-27.8,-27.8,-18.11,False,0.0,False
2019-01-11,2019-01-14,2,Weekend,48.0,False,-71.36,-71.36,58.81,False,0.0,False
2019-01-14,2019-01-15,0,Overnight,0.0,False,44.57,44.57,-38.99,False,0.0,False
2019-01-15,2019-01-16,0,Overnight,0.0,False,-34.94,-34.94,30.76,False,0.0,False
2019-01-16,2019-01-17,0,Overnight,0.0,False,-63.01,-63.01,131.18,False,0.0,False
2019-01-17,2019-01-18,0,Overnight,0.0,False,156.81,156.81,-38.29,False,0.0,False
2019-01-18,2019-01-22,3,Long,72.0,False,-82.54,-82.54,-69.31,False,0.0,False
2019-01-22,2019-01-23,0,Overnight,0.0,False,16.68,16.68,-99.09,False,0.0,False
2019-01-23,2019-01-24,0,Overnight,0.0,False,-28.09,-28.09,42.11,False,0.0,False
2019-01-24,2019-01-25,0,Overnight,0.0,False,93.4,93.4,-48.68,False,0.0,False
2019-01-25,2019-01-28,2,Weekend,48.0,False,-98.08,-98.08,30.93,False,0.0,False
2019-01-28,2019-01-29,0,Overnight,0.0,False,64.36,64.36,-26.53,False,0.0,False
2019-01-29,2019-01-30,0,Overnight,0.0,False,36.29,36.29,72.19,False,0.0,False
2019-01-30,2019-01-31,0,Overnight,0.0,False,0.0,0.0,136.02,False,0.0,False
2019-01-31,2019-02-01,0,Overnight,0.0,False,221.33,221.33,132.59,False,0.0,False
2019-02-01,2019-02-04,2,Weekend,48.0,False,-21.1,-21.1,-124.85,False,0.0,False
2019-02-04,2019-02-05,0,Overnight,0.0,False,48.0,48.0,54.39,False,0.0,False
2019-02-05,2019-02-06,0,Overnight,0.0,False,-1.32,-1.32,-42.43,False,0.0,False
2019-02-06,2019-02-07,0,Overnight,0.0,False,-41.28,-41.28,-36.09,False,0.0,False
2019-02-07,2019-02-08,0,Overnight,0.0,False,-123.96,-13.4,29.78,True,109.8,False
2019-02-08,2019-02-11,2,Weekend,48.0,False,-13.53,-13.53,29.73,False,0.0,False
2019-02-11,2019-02-12,0,Overnight,0.0,False,131.39,131.39,42.53,False,0.0,False
2019-02-12,2019-02-13,0,Overnight,0.0,False,23.84,23.84,88.26,False,0.0,False
2019-02-13,2019-02-14,0,Overnight,0.0,False,1.31,1.31,1.31,False,0.0,False
2019-02-14,2019-02-15,0,Overnight,0.0,False,87.46,87.46,99.58,False,0.0,False
2019-02-15,2019-02-19,3,Long,72.0,False,-19.32,-19.32,86.01,False,0.0,False
2019-02-19,2019-02-20,0,Overnight,0.0,False,8.94,8.94,29.33,False,0.0,False
2019-02-20,2019-02-21,0,Overnight,0.0,False,-40.83,-40.83,-49.99,False,0.0,False
2019-02-21,2019-02-22,0,Overnight,0.0,False,113.72,113.72,-36.91,False,0.0,False
2019-02-22,2019-02-25,2,Weekend,48.0,False,1.28,1.28,8.92,False,0.0,False
2019-02-25,2019-02-26,0,Overnight,0.0,False,22.9,22.9,-2.54,False,0.0,False
2019-02-26,2019-02-27,0,Overnight,0.0,False,27.93,27.93,74.52,False,0.0,False
2019-02-27,2019-02-28,0,Overnight,0.0,False,-2.52,-2.52,-53.0,False,0.0,False
2019-02-28,2019-03-01,0,Overnight,0.0,False,44.19,44.19,77.8,False,0.0,False
2019-03-01,2019-03-04,2,Weekend,48.0,False,29.95,29.95,8.72,False,0.0,False
2019-03-04,2019-03-05,0,Overnight,0.0,False,-23.69,-23.69,8.73,False,0.0,False
2019-03-05,2019-03-06,0,Overnight,0.0,False,-168.52,-168.52,54.39,False,0.0,False
2019-03-06,2019-03-07,0,Overnight,0.0,False,34.0,34.0,76.39,False,0.0,False
2019-03-07,2019-03-08,0,Overnight,0.0,False,-159.7,-159.7,15.2,False,0.0,False
2019-03-08,2019-03-11,2,Weekend,47.0,False,122.02,122.02,-25.04,False,0.0,False
2019-03-11,2019-03-12,0,Overnight,0.0,False,41.28,41.28,-13.74,False,0.0,False
2019-03-12,2019-03-13,0,Overnight,0.0,False,73.48,73.48,14.88,False,0.0,False
2019-03-13,2019-03-14,0,Overnight,0.0,False,11.15,11.15,-44.65,False,0.0,False
2019-03-14,2019-03-15,0,Overnight,0.0,False,-32.37,-32.37,-3.74,False,0.0,False
2019-03-15,2019-03-18,2,Weekend,48.0,False,36.12,36.12,79.25,False,0.0,False
2019-03-18,2019-03-19,0,Overnight,0.0,False,61.48,61.48,-87.41,False,0.0,False
2019-03-19,2019-03-20,0,Overnight,0.0,False,-14.85,-14.85,70.34,False,0.0,False
2019-03-20,2019-03-21,0,Overnight,0.0,False,-62.91,-62.91,120.54,False,0.0,False
2019-03-21,2019-03-22,0,Overnight,0.0,False,-68.7,-68.7,-92.76,False,0.0,False
2019-03-22,2019-03-25,2,Weekend,48.0,False,-59.82,-59.82,-10.01,False,0.0,False
2019-03-25,2019-03-26,0,Overnight,0.0,False,51.17,51.17,78.12,False,0.0,False
2019-03-26,2019-03-27,0,Overnight,0.0,False,1.24,1.24,-78.11,False,0.0,False
2019-03-27,2019-03-28,0,Overnight,0.0,False,-38.66,-38.66,88.33,False,0.0,False
2019-03-28,2019-03-29,0,Overnight,0.0,False,72.81,72.81,-65.38,False,0.0,False
2019-03-29,2019-04-01,2,Weekend,48.0,False,53.08,53.08,61.36,False,0.0,False
2019-04-01,2019-04-02,0,Overnight,0.0,False,2.45,2.45,-45.36,False,0.0,False
2019-04-02,2019-04-03,0,Overnight,0.0,False,47.81,47.81,-106.97,False,0.0,False
2019-04-03,2019-04-04,0,Overnight,0.0,False,27.16,27.16,113.99,False,0.0,False
2019-04-04,2019-04-05,0,Overnight,0.0,False,12.18,12.18,41.3,False,0.0,False
2019-04-05,2019-04-08,2,Weekend,48.0,False,21.8,21.8,39.84,False,0.0,False
2019-04-08,2019-04-09,0,Overnight,0.0,False,-58.0,-58.0,-71.75,False,0.0,False
2019-04-09,2019-04-10,0,Overnight,0.0,False,-1.22,-1.22,-44.04,False,0.0,False
2019-04-10,2019-04-11,0,Overnight,0.0,False,-2.45,-2.45,50.16,False,0.0,False
2019-04-11,2019-04-12,0,Overnight,0.0,False,104.4,104.4,-230.88,False,0.0,False
2019-04-12,2019-04-15,2,Weekend,48.0,False,-3.71,-3.71,-29.71,False,0.0,False
2019-04-15,2019-04-16,0,Overnight,0.0,False,19.82,19.82,48.15,False,0.0,False
2019-04-16,2019-04-17,0,Overnight,0.0,False,43.01,43.01,-14.73,False,0.0,False
2019-04-17,2019-04-18,0,Overnight,0.0,False,15.95,15.95,-52.86,False,0.0,False
2019-04-18,2019-04-22,3,Long,72.0,False,90.8,90.8,125.02,False,0.0,False
2019-04-22,2019-04-23,0,Overnight,0.0,False,34.92,34.92,22.81,False,0.0,False
2019-04-23,2019-04-24,0,Overnight,0.0,False,-44.47,-44.47,-151.73,False,0.0,False
2019-04-24,2019-04-25,0,Overnight,0.0,False,-13.46,-13.46,69.57,False,0.0,False
2019-04-25,2019-04-26,0,Overnight,0.0,False,-240.03,-240.03,27.37,False,0.0,False
2019-04-26,2019-04-29,2,Weekend,48.0,False,-46.07,-46.07,-18.74,False,0.0,False
2019-04-29,2019-04-30,0,Overnight,0.0,False,49.89,49.89,-11.2,False,0.0,False
2019-04-30,2019-05-01,0,Overnight,0.0,False,-42.44,-42.44,-160.15,False,0.0,False
2019-05-01,2019-05-02,0,Overnight,0.0,False,-49.7,-49.7,-127.28,False,0.0,False
2019-05-02,2019-05-03,0,Overnight,0.0,False,64.48,64.48,-41.22,False,0.0,False
2019-05-03,2019-05-06,2,Weekend,48.0,False,-71.25,-71.25,27.26,False,0.0,False
2019-05-06,2019-05-07,0,Overnight,0.0,False,-82.02,-82.02,28.72,False,0.0,False
2019-05-07,2019-05-08,0,Overnight,0.0,False,-23.49,-23.49,39.12,False,0.0,False
2019-05-08,2019-05-09,0,Overnight,0.0,False,-63.97,-63.97,54.86,False,0.0,False
2019-05-09,2019-05-10,0,Overnight,0.0,False,-77.15,36.41,49.76,True,113.33,False
2019-05-10,2019-05-13,2,Weekend,48.0,False,-119.57,-119.57,7.93,False,0.0,False
2019-05-13,2019-05-14,0,Overnight,0.0,False,55.32,55.32,-42.12,False,0.0,False
2019-05-14,2019-05-15,0,Overnight,0.0,False,-31.71,-31.71,105.31,False,0.0,False
2019-05-15,2019-05-16,0,Overnight,0.0,False,3.93,3.93,-5.24,False,0.0,False
2019-05-16,2019-05-17,0,Overnight,0.0,False,-93.42,-93.42,34.31,False,0.0,False
2019-05-17,2019-05-20,2,Weekend,48.0,False,18.43,18.43,-19.74,False,0.0,False
2019-05-20,2019-05-21,0,Overnight,0.0,False,48.63,48.63,-2.62,False,0.0,False
2019-05-21,2019-05-22,0,Overnight,0.0,False,-30.21,-30.21,-60.69,False,0.0,False
2019-05-22,2019-05-23,0,Overnight,0.0,False,-105.1,-105.1,-131.93,False,0.0,False
2019-05-23,2019-05-24,0,Overnight,0.0,False,47.32,47.32,-5.4,False,0.0,False
2019-05-24,2019-05-28,3,Long,72.0,False,18.88,18.88,-222.0,False,0.0,False
2019-05-28,2019-05-29,0,Overnight,0.0,False,-99.66,-99.66,37.49,False,0.0,False
2019-05-29,2019-05-30,0,Overnight,0.0,False,-19.42,-19.42,-6.94,False,0.0,False
2019-05-30,2019-05-31,0,Overnight,0.0,False,-108.97,-108.97,-59.17,False,0.0,False
2019-05-31,2019-06-03,2,Weekend,48.0,False,45.11,45.11,110.51,False,0.0,False
2019-06-03,2019-06-04,0,Overnight,0.0,False,78.99,78.99,156.12,False,0.0,False
2019-06-04,2019-06-05,0,Overnight,0.0,False,6.79,6.79,-90.03,False,0.0,False
2019-06-05,2019-06-06,0,Overnight,0.0,False,99.53,99.53,81.07,False,0.0,False
2019-06-06,2019-06-07,0,Overnight,0.0,False,26.88,26.88,9.39,False,0.0,False
2019-06-07,2019-06-10,2,Weekend,48.0,False,81.46,81.46,-37.31,False,0.0,False
2019-06-10,2019-06-11,0,Overnight,0.0,False,79.78,79.78,-89.13,False,0.0,False
2019-06-11,2019-06-12,0,Overnight,0.0,False,-48.22,-48.22,-60.6,False,0.0,False
2019-06-12,2019-06-13,0,Overnight,0.0,False,90.1,90.1,-2.68,False,0.0,False
2019-06-13,2019-06-14,0,Overnight,0.0,False,0.0,0.0,-44.29,False,0.0,False
2019-06-14,2019-06-17,2,Weekend,48.0,False,-25.59,-25.59,124.62,False,0.0,False
2019-06-17,2019-06-18,0,Overnight,0.0,False,43.85,43.85,42.34,False,0.0,False
2019-06-18,2019-06-19,0,Overnight,0.0,False,-44.99,-44.99,-10.62,False,0.0,False
2019-06-19,2019-06-20,0,Overnight,0.0,False,121.41,121.41,48.41,False,0.0,False
2019-06-20,2019-06-21,0,Overnight,0.0,False,68.94,68.94,71.05,False,0.0,False
2019-06-21,2019-06-24,2,Weekend,48.0,False,-20.62,-20.62,-75.09,False,0.0,False
2019-06-24,2019-06-25,0,Overnight,0.0,False,16.88,16.88,-105.64,False,0.0,False
2019-06-25,2019-06-26,0,Overnight,0.0,False,53.61,53.61,-10.44,False,0.0,False
2019-06-26,2019-06-27,0,Overnight,0.0,False,-1.31,-1.31,-101.04,False,0.0,False
2019-06-27,2019-06-28,0,Overnight,0.0,False,48.68,48.68,57.58,False,0.0,False
2019-06-28,2019-07-01,2,Weekend,48.0,False,65.04,65.04,-74.18,False,0.0,False
2019-07-01,2019-07-02,0,Overnight,0.0,False,-55.01,-55.01,-55.31,False,0.0,False
2019-07-02,2019-07-03,0,Overnight,0.0,False,13.2,13.2,81.44,False,0.0,False
2019-07-03,2019-07-05,1,Short,24.0,True,-32.76,-32.76,-7.88,False,0.0,False
2019-07-05,2019-07-08,2,Weekend,48.0,False,1.31,1.31,44.56,False,0.0,False
2019-07-08,2019-07-09,0,Overnight,0.0,False,-3.92,-3.92,-2.62,False,0.0,False
2019-07-09,2019-07-10,0,Overnight,0.0,False,48.29,48.29,92.02,False,0.0,False
2019-07-10,2019-07-11,0,Overnight,0.0,False,-12.91,-12.91,20.65,False,0.0,False
2019-07-11,2019-07-12,0,Overnight,0.0,False,23.18,23.18,-15.45,False,0.0,False
2019-07-12,2019-07-15,2,Weekend,48.0,False,0.0,0.0,-71.1,False,0.0,False
2019-07-15,2019-07-16,0,Overnight,0.0,False,-20.78,-20.78,-129.54,False,0.0,False
2019-07-16,2019-07-17,0,Overnight,0.0,False,-25.05,-25.05,-34.39,False,0.0,False
2019-07-17,2019-07-18,0,Overnight,0.0,False,-59.8,-59.8,-25.36,False,0.0,False
2019-07-18,2019-07-19,0,Overnight,0.0,False,8.01,8.01,12.01,False,0.0,False
2019-07-19,2019-07-22,2,Weekend,48.0,False,33.28,33.28,-22.62,False,0.0,False
2019-07-22,2019-07-23,0,Overnight,0.0,False,10.65,10.65,29.23,False,0.0,False
2019-07-23,2019-07-24,0,Overnight,0.0,False,2.65,2.65,-3.98,False,0.0,False
2019-07-24,2019-07-25,0,Overnight,0.0,False,55.58,55.58,-112.8,False,0.0,False
2019-07-25,2019-07-26,0,Overnight,0.0,False,-8.01,-8.01,-8.02,False,0.0,False
2019-07-26,2019-07-29,2,Weekend,48.0,False,9.35,9.35,61.24,False,0.0,False
2019-07-29,2019-07-30,0,Overnight,0.0,False,-37.23,-37.23,38.56,False,0.0,False
2019-07-30,2019-07-31,0,Overnight,0.0,False,-41.23,-41.23,-91.03,False,0.0,False
2019-07-31,2019-08-01,0,Overnight,0.0,False,-83.73,-83.73,-175.11,False,0.0,False
2019-08-01,2019-08-02,0,Overnight,0.0,False,20.68,20.68,-119.15,False,0.0,False
2019-08-02,2019-08-05,2,Weekend,48.0,False,-136.11,-136.11,-70.89,False,0.0,False
2019-08-05,2019-08-06,0,Overnight,0.0,False,1.42,1.42,94.87,False,0.0,False
2019-08-06,2019-08-07,0,Overnight,0.0,False,-156.23,-156.23,91.19,False,0.0,False
2019-08-07,2019-08-08,0,Overnight,0.0,False,49.52,49.52,213.65,False,0.0,False
2019-08-08,2019-08-09,0,Overnight,0.0,False,-34.6,-34.6,-180.46,False,0.0,False
2019-08-09,2019-08-12,2,Weekend,48.0,False,-110.72,12.7,-61.57,True,122.81,False
2019-08-12,2019-08-13,0,Overnight,0.0,False,-51.84,-51.84,174.59,False,0.0,False
2019-08-13,2019-08-14,0,Overnight,0.0,False,-203.5,-203.5,-207.73,False,0.0,False
2019-08-14,2019-08-15,0,Overnight,0.0,False,-28.13,-28.13,-31.18,False,0.0,False
2019-08-15,2019-08-16,0,Overnight,0.0,False,78.5,78.5,76.43,False,0.0,False
2019-08-16,2019-08-19,2,Weekend,48.0,False,97.62,97.62,69.35,False,0.0,False
2019-08-19,2019-08-20,0,Overnight,0.0,False,-21.62,-21.62,-39.04,False,0.0,False
2019-08-20,2019-08-21,0,Overnight,0.0,False,133.82,133.82,-34.36,False,0.0,False
2019-08-21,2019-08-22,0,Overnight,0.0,False,27.22,27.22,-48.75,False,0.0,False
2019-08-22,2019-08-23,0,Overnight,0.0,False,-108.39,-108.39,-195.15,False,0.0,False
2019-08-23,2019-08-26,2,Weekend,48.0,False,92.91,92.91,-39.72,False,0.0,False
2019-08-26,2019-08-27,0,Overnight,0.0,False,41.18,41.18,-138.93,False,0.0,False
2019-08-27,2019-08-28,0,Overnight,0.0,False,50.47,50.47,22.19,False,0.0,False
2019-08-28,2019-08-29,0,Overnight,0.0,False,91.19,91.19,19.02,False,0.0,False
2019-08-29,2019-08-30,0,Overnight,0.0,False,26.27,26.27,-18.97,False,0.0,False
2019-08-30,2019-09-03,3,Long,72.0,False,-86.53,-86.53,98.21,False,0.0,False
2019-09-03,2019-09-04,0,Overnight,0.0,False,136.18,136.18,-30.26,False,0.0,False
2019-09-04,2019-09-05,0,Overnight,0.0,False,79.06,79.06,61.38,False,0.0,False
2019-09-05,2019-09-06,0,Overnight,0.0,False,11.38,11.38,82.11,False,0.0,False
2019-09-06,2019-09-09,2,Weekend,48.0,False,32.37,32.37,46.27,False,0.0,False
2019-09-09,2019-09-10,0,Overnight,0.0,False,90.51,90.51,-9.71,False,0.0,False
2019-09-10,2019-09-11,0,Overnight,0.0,False,98.03,98.03,-117.48,False,0.0,False
2019-09-11,2019-09-12,0,Overnight,0.0,False,-132.95,-132.95,139.9,False,0.0,False
2019-09-12,2019-09-13,0,Overnight,0.0,False,38.82,38.82,52.45,False,0.0,False
2019-09-13,2019-09-16,2,Weekend,48.0,False,325.06,325.06,-176.12,False,0.0,False
2019-09-16,2019-09-17,0,Overnight,0.0,False,12.2,12.2,-88.44,False,0.0,False
2019-09-17,2019-09-18,0,Overnight,0.0,False,-71.32,-71.32,23.37,False,0.0,False
2019-09-18,2019-09-19,0,Overnight,0.0,False,20.58,20.58,-88.09,False,0.0,False
2019-09-19,2019-09-20,0,Overnight,0.0,False,22.1,22.1,-56.72,False,0.0,False
2019-09-20,2019-09-23,2,Weekend,48.0,False,-78.0,-78.0,84.93,False,0.0,False
2019-09-23,2019-09-24,0,Overnight,0.0,False,-44.46,-44.46,-93.74,False,0.0,False
2019-09-24,2019-09-25,0,Overnight,0.0,False,-22.52,-22.52,51.99,False,0.0,False
2019-09-25,2019-09-26,0,Overnight,0.0,False,-18.24,-18.24,-35.16,False,0.0,False
2019-09-26,2019-09-27,0,Overnight,0.0,False,-38.12,-38.12,109.72,False,0.0,False
2019-09-27,2019-09-30,2,Weekend,48.0,False,-33.63,-33.63,-88.83,False,0.0,False
2019-09-30,2019-10-01,0,Overnight,0.0,False,31.11,31.11,-269.01,False,0.0,False
2019-10-01,2019-10-02,0,Overnight,0.0,False,-99.11,-99.11,-165.41,False,0.0,False
2019-10-02,2019-10-03,0,Overnight,0.0,False,-22.36,-22.36,145.21,False,0.0,False
2019-10-03,2019-10-04,0,Overnight,0.0,False,19.1,19.1,125.48,False,0.0,False
2019-10-04,2019-10-07,2,Weekend,48.0,False,-39.22,-39.22,-99.47,False,0.0,False
2019-10-07,2019-10-08,0,Overnight,0.0,False,-70.82,-70.82,-125.15,False,0.0,False
2019-10-08,2019-10-09,0,Overnight,0.0,False,89.55,89.55,20.78,False,0.0,False
2019-10-09,2019-10-10,0,Overnight,0.0,False,-1.48,-1.48,120.87,False,0.0,False
2019-10-10,2019-10-11,0,Overnight,0.0,False,106.39,106.39,0.0,False,0.0,False
2019-10-11,2019-10-14,2,Weekend,48.0,False,-55.24,-55.24,84.19,False,0.0,False
2019-10-14,2019-10-15,0,Overnight,0.0,False,-17.36,-17.36,51.99,False,0.0,False
2019-10-15,2019-10-16,0,Overnight,0.0,False,-30.3,-30.3,-142.61,False,0.0,False
2019-10-16,2019-10-17,0,Overnight,0.0,False,36.57,36.57,-49.77,False,0.0,False
2019-10-17,2019-10-18,0,Overnight,0.0,False,-39.7,-39.7,-38.38,False,0.0,False
2019-10-18,2019-10-21,2,Weekend,48.0,False,31.01,31.01,134.74,False,0.0,False
2019-10-21,2019-10-22,0,Overnight,0.0,False,5.82,5.82,44.97,False,0.0,False
2019-10-22,2019-10-23,0,Overnight,0.0,False,-18.83,-18.83,113.91,False,0.0,False
2019-10-23,2019-10-24,0,Overnight,0.0,False,30.06,30.06,-125.14,False,0.0,False
2019-10-24,2019-10-25,0,Overnight,0.0,False,-27.54,-27.54,50.67,False,0.0,False
2019-10-25,2019-10-28,2,Weekend,48.0,False,30.28,30.28,-118.76,False,0.0,False
2019-10-28,2019-10-29,0,Overnight,0.0,False,-23.34,-23.34,-5.84,False,0.0,False
2019-10-29,2019-10-30,0,Overnight,0.0,False,-10.23,-10.23,-95.53,False,0.0,False
2019-10-30,2019-10-31,0,Overnight,0.0,False,-38.47,-38.47,16.29,False,0.0,False
2019-10-31,2019-11-01,0,Overnight,0.0,False,120.63,120.63,175.38,False,0.0,False
2019-11-01,2019-11-04,2,Weekend,49.0,False,67.3,67.3,225.77,False,0.0,False
2019-11-04,2019-11-05,0,Overnight,0.0,False,51.49,51.49,144.7,False,0.0,False
2019-11-05,2019-11-06,0,Overnight,0.0,False,-49.38,-49.38,-171.96,False,0.0,False
2019-11-06,2019-11-07,0,Overnight,0.0,False,75.25,75.25,135.14,False,0.0,False
2019-11-07,2019-11-08,0,Overnight,0.0,False,-193.62,-72.86,-118.0,True,119.16,False
2019-11-08,2019-11-11,2,Weekend,48.0,False,-79.44,-79.44,18.5,False,0.0,False
2019-11-11,2019-11-12,0,Overnight,0.0,False,-9.96,-9.96,-128.9,False,0.0,False
2019-11-12,2019-11-13,0,Overnight,0.0,False,-50.58,-50.58,-31.92,False,0.0,False
2019-11-13,2019-11-14,0,Overnight,0.0,False,8.72,8.72,-52.42,False,0.0,False
2019-11-14,2019-11-15,0,Overnight,0.0,False,30.61,30.61,69.62,False,0.0,False
2019-11-15,2019-11-18,2,Weekend,48.0,False,-71.07,-71.07,-26.24,False,0.0,False
2019-11-18,2019-11-19,0,Overnight,0.0,False,-17.53,-17.53,-85.16,False,0.0,False
2019-11-19,2019-11-20,0,Overnight,0.0,False,-22.14,-22.14,53.06,False,0.0,False
2019-11-20,2019-11-21,0,Overnight,0.0,False,-1.47,-1.47,239.68,False,0.0,False
2019-11-21,2019-11-22,0,Overnight,0.0,False,5.74,5.74,-48.89,False,0.0,False
2019-11-22,2019-11-25,2,Weekend,48.0,False,0.0,0.0,-66.53,False,0.0,False
2019-11-25,2019-11-26,0,Overnight,0.0,False,1.45,1.45,-26.15,False,0.0,False
2019-11-26,2019-11-27,0,Overnight,0.0,False,2.91,2.91,-8.73,False,0.0,False
2019-11-27,2019-11-29,1,Short,24.0,False,-54.0,-54.0,-29.31,False,0.0,False
2019-11-29,2019-12-02,2,Weekend,48.0,True,54.16,54.16,-11.69,False,0.0,False
2019-12-02,2019-12-03,0,Overnight,0.0,False,-61.57,-61.57,-17.66,False,0.0,False
2019-12-03,2019-12-04,0,Overnight,0.0,False,54.36,54.36,58.44,False,0.0,False
2019-12-04,2019-12-05,0,Overnight,0.0,False,34.9,34.9,-69.92,False,0.0,False
2019-12-05,2019-12-06,0,Overnight,0.0,False,51.03,51.03,108.48,False,0.0,False
2019-12-06,2019-12-09,2,Weekend,48.0,False,-62.05,-62.05,83.61,False,0.0,False
2019-12-09,2019-12-10,0,Overnight,0.0,False,0.0,0.0,-86.51,False,0.0,False
2019-12-10,2019-12-11,0,Overnight,0.0,False,-46.44,-46.44,31.95,False,0.0,False
2019-12-11,2019-12-12,0,Overnight,0.0,False,0.0,0.0,198.14,False,0.0,False
2019-12-12,2019-12-13,0,Overnight,0.0,False,19.88,19.88,-178.95,False,0.0,False
2019-12-13,2019-12-16,2,Weekend,48.0,False,67.66,67.66,42.95,False,0.0,False
2019-12-16,2019-12-17,0,Overnight,0.0,False,-2.86,-2.86,-42.96,False,0.0,False
2019-12-17,2019-12-18,0,Overnight,0.0,False,-7.18,-7.18,34.41,False,0.0,False
2019-12-18,2019-12-19,0,Overnight,0.0,False,17.16,17.16,-86.1,False,0.0,False
2019-12-19,2019-12-20,0,Overnight,0.0,False,67.51,67.51,11.45,False,0.0,False
2019-12-20,2019-12-23,2,Weekend,48.0,False,-11.45,-11.45,61.36,False,0.0,False
2019-12-23,2019-12-24,0,Overnight,0.0,False,8.53,8.53,-47.02,False,0.0,False
2019-12-24,2019-12-26,1,Short,24.0,True,24.25,24.25,-8.55,False,0.0,False
2019-12-26,2019-12-27,0,Overnight,0.0,False,9.98,9.98,-44.26,False,0.0,False
2019-12-27,2019-12-30,2,Weekend,48.0,False,28.58,28.58,-87.41,False,0.0,False
2019-12-30,2019-12-31,0,Overnight,0.0,False,-66.43,-66.43,109.51,False,0.0,False
2019-12-31,2020-01-02,1,Short,24.0,False,65.7,65.7,93.53,False,0.0,False
2020-01-02,2020-01-03,0,Overnight,0.0,False,61.87,61.87,-142.59,False,0.0,False
2020-01-03,2020-01-06,2,Weekend,48.0,False,-1.42,-1.42,77.91,False,0.0,False
2020-01-06,2020-01-07,0,Overnight,0.0,False,-52.35,-52.35,-29.83,False,0.0,False
2020-01-07,2020-01-08,0,Overnight,0.0,False,-25.64,-25.64,-126.31,False,0.0,False
2020-01-08,2020-01-09,0,Overnight,0.0,False,-13.01,-13.01,89.27,False,0.0,False
2020-01-09,2020-01-10,0,Overnight,0.0,False,24.34,24.34,-113.61,False,0.0,False
2020-01-10,2020-01-13,2,Weekend,48.0,False,8.67,8.67,86.33,False,0.0,False
2020-01-13,2020-01-14,0,Overnight,0.0,False,-60.35,-60.35,-25.98,False,0.0,False
2020-01-14,2020-01-15,0,Overnight,0.0,False,0.0,0.0,-15.91,False,0.0,False
2020-01-15,2020-01-16,0,Overnight,0.0,False,30.35,30.35,-69.51,False,0.0,False
2020-01-16,2020-01-17,0,Overnight,0.0,False,-10.18,-10.18,-27.67,False,0.0,False
2020-01-17,2020-01-21,3,Long,72.0,False,-26.29,-26.29,-117.68,False,0.0,False
2020-01-21,2020-01-22,0,Overnight,0.0,False,-2.96,-2.96,-54.92,False,0.0,False
2020-01-22,2020-01-23,0,Overnight,0.0,False,-71.7,-71.7,8.99,False,0.0,False
2020-01-23,2020-01-24,0,Overnight,0.0,False,-34.51,-34.51,-33.12,False,0.0,False
2020-01-24,2020-01-27,2,Weekend,48.0,False,-136.64,-136.64,-104.49,False,0.0,False
2020-01-27,2020-01-28,0,Overnight,0.0,False,56.99,56.99,-70.9,False,0.0,False
2020-01-28,2020-01-29,0,Overnight,0.0,False,58.61,58.61,-142.48,False,0.0,False
2020-01-29,2020-01-30,0,Overnight,0.0,False,-51.61,-51.61,157.12,False,0.0,False
2020-01-30,2020-01-31,0,Overnight,0.0,False,-248.47,-248.47,-172.36,False,0.0,False
2020-01-31,2020-02-03,2,Weekend,48.0,False,-119.84,-119.84,-106.46,False,0.0,False
2020-02-03,2020-02-04,0,Overnight,0.0,False,117.86,117.86,-243.79,False,0.0,False
2020-02-04,2020-02-05,0,Overnight,0.0,False,129.23,129.23,320.73,False,0.0,False
2020-02-05,2020-02-06,0,Overnight,0.0,False,31.83,31.83,-168.26,False,0.0,False
2020-02-06,2020-02-07,0,Overnight,0.0,False,-76.24,-76.24,9.77,False,0.0,False
2020-02-07,2020-02-10,2,Weekend,48.0,False,-162.37,-19.54,-86.35,True,141.53,False
2020-02-10,2020-02-11,0,Overnight,0.0,False,102.87,102.87,-8.26,False,0.0,False
2020-02-11,2020-02-12,0,Overnight,0.0,False,132.93,132.93,-11.42,False,0.0,False
2020-02-12,2020-02-13,0,Overnight,0.0,False,-34.33,-34.33,-21.31,False,0.0,False
2020-02-13,2020-02-14,0,Overnight,0.0,False,36.04,36.04,-82.1,False,0.0,False
2020-02-14,2020-02-18,3,Long,72.0,False,-82.78,-82.78,-44.99,False,0.0,False
2020-02-18,2020-02-19,0,Overnight,0.0,False,38.34,38.34,38.19,False,0.0,False
2020-02-19,2020-02-20,0,Overnight,0.0,False,-18.25,-18.25,-61.62,False,0.0,False
2020-02-20,2020-02-21,0,Overnight,0.0,False,-58.64,-58.64,-64.06,False,0.0,False
2020-02-21,2020-02-24,2,Weekend,48.0,False,-258.69,-258.69,-221.1,False,0.0,False
2020-02-24,2020-02-25,0,Overnight,0.0,False,68.96,68.96,-459.75,False,0.0,False
2020-02-25,2020-02-26,0,Overnight,0.0,False,64.37,64.37,-286.37,False,0.0,False
2020-02-26,2020-02-27,0,Overnight,0.0,False,-248.29,-248.29,-372.35,False,0.0,False
2020-02-27,2020-02-28,0,Overnight,0.0,False,-213.01,-213.01,533.01,False,0.0,False
2020-02-28,2020-03-02,2,Weekend,48.0,False,221.1,221.1,242.33,False,0.0,False
2020-03-02,2020-03-03,0,Overnight,0.0,False,12.98,12.98,-503.67,False,0.0,False
2020-03-03,2020-03-04,0,Overnight,0.0,False,179.66,179.66,36.31,False,0.0,False
2020-03-04,2020-03-05,0,Overnight,0.0,False,-389.0,-389.0,-61.67,False,0.0,False
2020-03-05,2020-03-06,0,Overnight,0.0,False,-256.71,-256.71,-238.28,False,0.0,False
2020-03-06,2020-03-09,2,Weekend,47.0,False,-1339.81,-1339.81,35.9,False,0.0,False
2020-03-09,2020-03-10,0,Overnight,0.0,False,979.99,979.99,-616.4,False,0.0,False
2020-03-10,2020-03-11,0,Overnight,0.0,False,-237.77,-237.77,-97.19,False,0.0,False
2020-03-11,2020-03-12,0,Overnight,0.0,False,-508.17,-508.17,-706.05,False,0.0,False
2020-03-12,2020-03-13,0,Overnight,0.0,False,733.58,733.58,-483.9,False,0.0,False
2020-03-13,2020-03-16,2,Weekend,48.0,False,-1026.82,-1026.82,26.13,False,0.0,False
2020-03-16,2020-03-17,0,Overnight,0.0,False,206.61,206.61,444.39,False,0.0,False
2020-03-17,2020-03-18,0,Overnight,0.0,False,-633.62,-633.62,-422.7,False,0.0,False
2020-03-18,2020-03-19,0,Overnight,0.0,False,182.5,182.5,205.41,False,0.0,False
2020-03-19,2020-03-20,0,Overnight,0.0,False,118.38,118.38,-621.69,False,0.0,False
2020-03-20,2020-03-23,2,Weekend,48.0,False,-64.35,-64.35,-337.64,False,0.0,False
2020-03-23,2020-03-24,0,Overnight,0.0,False,902.39,902.39,292.03,False,0.0,False
2020-03-24,2020-03-25,0,Overnight,0.0,False,297.45,297.45,211.39,False,0.0,False
2020-03-25,2020-03-26,0,Overnight,0.0,False,56.16,56.16,345.95,False,0.0,False
2020-03-26,2020-03-27,0,Overnight,0.0,False,-445.1,-445.1,-48.6,False,0.0,False
2020-03-27,2020-03-30,2,Weekend,48.0,False,-196.78,-196.78,344.53,False,0.0,False
2020-03-30,2020-03-31,0,Overnight,0.0,False,221.53,221.53,-96.97,False,0.0,False
2020-03-31,2020-04-01,0,Overnight,0.0,False,-296.69,-296.69,180.14,False,0.0,False
2020-04-01,2020-04-02,0,Overnight,0.0,False,317.32,317.32,419.57,False,0.0,False
2020-04-02,2020-04-03,0,Overnight,0.0,False,256.58,256.58,-555.56,False,0.0,False
2020-04-03,2020-04-06,2,Weekend,48.0,False,169.43,169.43,146.86,False,0.0,False
2020-04-06,2020-04-07,0,Overnight,0.0,False,583.11,583.11,-394.63,False,0.0,False
2020-04-07,2020-04-08,0,Overnight,0.0,False,170.7,170.7,442.96,False,0.0,False
2020-04-08,2020-04-09,0,Overnight,0.0,False,360.58,360.58,-526.14,False,0.0,False
2020-04-09,2020-04-13,3,Long,72.0,False,301.46,301.46,-387.62,False,0.0,False
2020-04-13,2020-04-14,0,Overnight,0.0,False,55.97,55.97,-133.44,False,0.0,False
2020-04-14,2020-04-15,0,Overnight,0.0,False,-342.84,-342.84,-127.64,False,0.0,False
2020-04-15,2020-04-16,0,Overnight,0.0,False,0.0,0.0,-334.08,False,0.0,False
2020-04-16,2020-04-17,0,Overnight,0.0,False,184.74,184.74,804.28,False,0.0,False
2020-04-17,2020-04-20,2,Weekend,48.0,False,-588.48,-588.48,104.97,False,0.0,False
2020-04-20,2020-04-21,0,Overnight,0.0,False,-191.23,-191.23,137.66,False,0.0,False
2020-04-21,2020-04-22,0,Overnight,0.0,False,392.58,392.58,-110.94,False,0.0,False
2020-04-22,2020-04-23,0,Overnight,0.0,False,234.59,234.59,73.92,False,0.0,False
2020-04-23,2020-04-24,0,Overnight,0.0,False,216.29,216.29,-152.05,False,0.0,False
2020-04-24,2020-04-27,2,Weekend,48.0,False,-32.07,-32.07,79.97,False,0.0,False
2020-04-27,2020-04-28,0,Overnight,0.0,False,97.38,97.38,134.32,False,0.0,False
2020-04-28,2020-04-29,0,Overnight,0.0,False,282.82,282.82,256.1,False,0.0,False
2020-04-29,2020-04-30,0,Overnight,0.0,False,46.25,46.25,-257.05,False,0.0,False
2020-04-30,2020-05-01,0,Overnight,0.0,False,-182.42,-182.42,-561.15,False,0.0,False
2020-05-01,2020-05-04,2,Weekend,48.0,False,-147.11,-147.11,542.53,False,0.0,False
2020-05-04,2020-05-05,0,Overnight,0.0,False,302.85,302.85,-314.0,False,0.0,False
2020-05-05,2020-05-06,0,Overnight,0.0,False,22.28,22.28,-211.43,False,0.0,False
2020-05-06,2020-05-07,0,Overnight,0.0,False,218.11,218.11,-161.44,False,0.0,False
2020-05-07,2020-05-08,0,Overnight,0.0,False,238.98,238.98,190.19,False,0.0,False
2020-05-08,2020-05-11,2,Weekend,48.0,False,-15.17,-15.17,-80.57,False,0.0,False
2020-05-11,2020-05-12,0,Overnight,0.0,False,-70.21,119.53,-290.39,True,190.21,False
2020-05-12,2020-05-13,0,Overnight,0.0,False,-86.5,-86.5,-422.61,False,0.0,False
2020-05-13,2020-05-14,0,Overnight,0.0,False,-207.24,-207.24,295.09,False,0.0,False
2020-05-14,2020-05-15,0,Overnight,0.0,False,18.9,18.9,-90.07,False,0.0,False
2020-05-15,2020-05-18,2,Weekend,48.0,False,555.7,555.7,209.5,False,0.0,False
2020-05-18,2020-05-19,0,Overnight,0.0,False,46.21,46.21,-359.86,False,0.0,False
2020-05-19,2020-05-20,0,Overnight,0.0,False,153.57,153.57,166.69,False,0.0,False
2020-05-20,2020-05-21,0,Overnight,0.0,False,15.42,15.42,-195.56,False,0.0,False
2020-05-21,2020-05-22,0,Overnight,0.0,False,-115.11,-115.11,124.08,False,0.0,False
2020-05-22,2020-05-26,3,Long,72.0,False,252.39,252.39,37.1,False,0.0,False
2020-05-26,2020-05-27,0,Overnight,0.0,False,162.04,162.04,-90.42,False,0.0,False
2020-05-27,2020-05-28,0,Overnight,0.0,False,41.01,41.01,-303.95,False,0.0,False
2020-05-28,2020-05-29,0,Overnight,0.0,False,-48.97,-48.97,143.98,False,0.0,False
2020-05-29,2020-06-01,2,Weekend,48.0,False,-33.04,-33.04,209.61,False,0.0,False
2020-06-01,2020-06-02,0,Overnight,0.0,False,124.55,124.55,95.57,False,0.0,False
2020-06-02,2020-06-03,0,Overnight,0.0,False,144.79,144.79,255.05,False,0.0,False
2020-06-03,2020-06-04,0,Overnight,0.0,False,-73.38,-73.38,44.91,False,0.0,False
2020-06-04,2020-06-05,0,Overnight,0.0,False,506.31,506.31,273.1,False,0.0,False
2020-06-05,2020-06-08,2,Weekend,48.0,False,304.29,304.29,3.65,False,0.0,False
2020-06-08,2020-06-09,0,Overnight,0.0,False,-345.7,-345.7,120.3,False,0.0,False
2020-06-09,2020-06-10,0,Overnight,0.0,False,-3.74,-3.74,-547.42,False,0.0,False
2020-06-10,2020-06-11,0,Overnight,0.0,False,-635.78,-635.78,-288.14,False,0.0,False
2020-06-11,2020-06-12,0,Overnight,0.0,False,394.87,394.87,-182.76,False,0.0,False
2020-06-12,2020-06-15,2,Weekend,48.0,False,-393.48,-393.48,387.12,False,0.0,False
2020-06-15,2020-06-16,0,Overnight,0.0,False,502.64,502.64,-280.27,False,0.0,False
2020-06-16,2020-06-17,0,Overnight,0.0,False,-41.58,-41.58,-289.57,False,0.0,False
2020-06-17,2020-06-18,0,Overnight,0.0,False,-112.14,-112.14,174.14,False,0.0,False
2020-06-18,2020-06-19,0,Overnight,0.0,False,273.3,273.3,-475.67,False,0.0,False
2020-06-19,2020-06-22,2,Weekend,48.0,False,-63.27,-63.27,158.51,False,0.0,False
2020-06-22,2020-06-23,0,Overnight,0.0,False,102.87,102.87,-42.74,False,0.0,False
2020-06-23,2020-06-24,0,Overnight,0.0,False,-170.61,-170.61,-311.94,False,0.0,False
2020-06-24,2020-06-25,0,Overnight,0.0,False,-101.64,-101.64,251.08,False,0.0,False
2020-06-25,2020-06-26,0,Overnight,0.0,False,-64.41,-64.41,-284.77,False,0.0,False
2020-06-26,2020-06-29,2,Weekend,48.0,False,43.46,43.46,115.74,False,0.0,False
2020-06-29,2020-06-30,0,Overnight,0.0,False,-202.86,-202.86,292.7,False,0.0,False
2020-06-30,2020-07-01,0,Overnight,0.0,False,-51.56,-51.56,-176.88,False,0.0,False
2020-07-01,2020-07-02,0,Overnight,0.0,False,206.05,206.05,-121.76,False,0.0,False
2020-07-02,2020-07-06,3,Long,72.0,False,132.96,132.96,-62.88,False,0.0,False
2020-07-06,2020-07-07,0,Overnight,0.0,False,-111.0,-111.0,-151.48,False,0.0,False
2020-07-07,2020-07-08,0,Overnight,0.0,False,-20.84,-20.84,-2.32,False,0.0,False
2020-07-08,2020-07-09,0,Overnight,0.0,False,-55.79,-55.79,-365.58,False,0.0,False
2020-07-09,2020-07-10,0,Overnight,0.0,False,-58.2,-58.2,365.33,False,0.0,False
2020-07-10,2020-07-13,2,Weekend,48.0,False,77.08,77.08,-74.73,False,0.0,False
2020-07-13,2020-07-14,0,Overnight,0.0,False,-30.52,-30.52,355.7,False,0.0,False
2020-07-14,2020-07-15,0,Overnight,0.0,False,215.5,215.5,-89.23,False,0.0,False
2020-07-15,2020-07-16,0,Overnight,0.0,False,-71.96,-71.96,-6.77,False,0.0,False
2020-07-16,2020-07-17,0,Overnight,0.0,False,11.29,11.29,-184.41,False,0.0,False
2020-07-17,2020-07-20,2,Weekend,48.0,False,-71.49,-71.49,-165.68,False,0.0,False
2020-07-20,2020-07-21,0,Overnight,0.0,False,151.78,151.78,341.72,False,0.0,False
2020-07-21,2020-07-22,0,Overnight,0.0,False,-112.61,-112.61,-123.06,False,0.0,False
2020-07-22,2020-07-23,0,Overnight,0.0,False,-48.27,-48.27,68.89,False,0.0,False
2020-07-23,2020-07-24,0,Overnight,0.0,False,41.11,41.11,-103.08,False,0.0,False
2020-07-24,2020-07-27,2,Weekend,48.0,False,-46.16,-46.16,192.45,False,0.0,False
2020-07-27,2020-07-28,0,Overnight,0.0,False,-36.37,-36.37,-82.32,False,0.0,False
2020-07-28,2020-07-29,0,Overnight,0.0,False,36.67,36.67,72.94,False,0.0,False
2020-07-29,2020-07-30,0,Overnight,0.0,False,-206.52,-206.52,-296.49,False,0.0,False
2020-07-30,2020-07-31,0,Overnight,0.0,False,-171.03,-171.03,221.06,False,0.0,False
2020-07-31,2020-08-03,2,Weekend,48.0,False,-7.13,-7.13,47.45,False,0.0,False
2020-08-03,2020-08-04,0,Overnight,0.0,False,21.28,21.28,263.39,False,0.0,False
2020-08-04,2020-08-05,0,Overnight,0.0,False,155.22,155.22,-68.18,False,0.0,False
2020-08-05,2020-08-06,0,Overnight,0.0,False,-103.15,-103.15,55.15,False,0.0,False
2020-08-06,2020-08-07,0,Overnight,0.0,False,-94.39,-94.39,48.46,False,0.0,False
2020-08-07,2020-08-10,2,Weekend,48.0,False,125.82,125.82,117.51,False,0.0,False
2020-08-10,2020-08-11,0,Overnight,0.0,False,219.98,219.98,-117.17,False,0.0,False
2020-08-11,2020-08-12,0,Overnight,0.0,False,-114.06,79.73,-83.57,True,193.46,False
2020-08-12,2020-08-13,0,Overnight,0.0,False,-134.72,-134.72,-113.28,False,0.0,False
2020-08-13,2020-08-14,0,Overnight,0.0,False,-95.78,-95.78,139.86,False,0.0,False
2020-08-14,2020-08-17,2,Weekend,48.0,False,-6.95,-6.95,-123.53,False,0.0,False
2020-08-17,2020-08-18,0,Overnight,0.0,False,-11.73,-11.73,-37.64,False,0.0,False
2020-08-18,2020-08-19,0,Overnight,0.0,False,-18.87,-18.87,-92.52,False,0.0,False
2020-08-19,2020-08-20,0,Overnight,0.0,False,-64.55,-64.55,-89.15,False,0.0,False
2020-08-20,2020-08-21,0,Overnight,0.0,False,-4.84,-4.84,-70.47,False,0.0,False
2020-08-21,2020-08-24,2,Weekend,48.0,False,65.62,65.62,225.16,False,0.0,False
2020-08-24,2020-08-25,0,Overnight,0.0,False,-133.53,-133.53,-189.0,False,0.0,False
2020-08-25,2020-08-26,0,Overnight,0.0,False,-58.88,-58.88,-156.23,False,0.0,False
2020-08-26,2020-08-27,0,Overnight,0.0,False,-2.5,-2.5,-65.21,False,0.0,False
2020-08-27,2020-08-28,0,Overnight,0.0,False,25.13,25.13,211.11,False,0.0,False
2020-08-28,2020-08-31,2,Weekend,48.0,False,-12.3,-12.3,-173.74,False,0.0,False
2020-08-31,2020-09-01,0,Overnight,0.0,False,-47.68,-47.68,-80.83,False,0.0,False
2020-09-01,2020-09-02,0,Overnight,0.0,False,-50.85,-50.85,-10.2,False,0.0,False
2020-09-02,2020-09-03,0,Overnight,0.0,False,2.55,2.55,-22.99,False,0.0,False
2020-09-03,2020-09-04,0,Overnight,0.0,False,89.09,89.09,-96.77,False,0.0,False
2020-09-04,2020-09-08,3,Long,72.0,False,-214.67,-214.67,-18.32,False,0.0,False
2020-09-08,2020-09-09,0,Overnight,0.0,False,44.43,44.43,-104.85,False,0.0,False
2020-09-09,2020-09-10,0,Overnight,0.0,False,83.97,83.97,-337.48,False,0.0,False
2020-09-10,2020-09-11,0,Overnight,0.0,False,35.07,35.07,-62.14,False,0.0,False
2020-09-11,2020-09-14,2,Weekend,48.0,False,2.71,2.71,-67.96,False,0.0,False
2020-09-14,2020-09-15,0,Overnight,0.0,False,38.12,38.12,-145.07,False,0.0,False
2020-09-15,2020-09-16,0,Overnight,0.0,False,52.25,52.25,363.58,False,0.0,False
2020-09-16,2020-09-17,0,Overnight,0.0,False,-122.41,-122.41,119.76,False,0.0,False
2020-09-17,2020-09-18,0,Overnight,0.0,False,-71.68,-71.68,-91.01,False,0.0,False
2020-09-18,2020-09-21,2,Weekend,48.0,False,-206.47,-206.47,0.0,False,0.0,False
2020-09-21,2020-09-22,0,Overnight,0.0,False,8.23,8.23,-258.38,False,0.0,False
2020-09-22,2020-09-23,0,Overnight,0.0,False,33.72,33.72,-359.83,False,0.0,False
2020-09-23,2020-09-24,0,Overnight,0.0,False,2.91,2.91,-23.28,False,0.0,False
2020-09-24,2020-09-25,0,Overnight,0.0,False,-93.68,-93.68,186.49,False,0.0,False
2020-09-25,2020-09-28,2,Weekend,48.0,False,143.31,143.31,48.26,False,0.0,False
2020-09-28,2020-09-29,0,Overnight,0.0,False,-88.18,-88.18,-207.86,False,0.0,False
2020-09-29,2020-09-30,0,Overnight,0.0,False,104.47,104.47,-89.89,False,0.0,False
2020-09-30,2020-10-01,0,Overnight,0.0,False,-158.55,-158.55,-197.26,False,0.0,False
2020-10-01,2020-10-02,0,Overnight,0.0,False,-269.21,-269.21,223.83,False,0.0,False
2020-10-02,2020-10-05,2,Weekend,48.0,False,102.57,102.57,125.26,False,0.0,False
2020-10-05,2020-10-06,0,Overnight,0.0,False,112.0,112.0,-216.27,False,0.0,False
2020-10-06,2020-10-07,0,Overnight,0.0,False,74.59,74.59,-41.7,False,0.0,False
2020-10-07,2020-10-08,0,Overnight,0.0,False,112.79,112.79,399.24,False,0.0,False
2020-10-08,2020-10-09,0,Overnight,0.0,False,118.41,118.41,-266.98,False,0.0,False
2020-10-09,2020-10-12,2,Weekend,48.0,False,-57.74,-57.74,26.02,False,0.0,False
2020-10-12,2020-10-13,0,Overnight,0.0,False,28.83,28.83,-147.94,False,0.0,False
2020-10-13,2020-10-14,0,Overnight,0.0,False,-46.87,-46.87,26.39,False,0.0,False
2020-10-14,2020-10-15,0,Overnight,0.0,False,-132.65,-132.65,220.11,False,0.0,False
2020-10-15,2020-10-16,0,Overnight,0.0,False,-23.25,-23.25,-78.87,False,0.0,False
2020-10-16,2020-10-19,2,Weekend,48.0,False,0.0,0.0,-201.43,False,0.0,False
2020-10-19,2020-10-20,0,Overnight,0.0,False,71.56,71.56,11.88,False,0.0,False
2020-10-20,2020-10-21,0,Overnight,0.0,False,-56.54,-56.54,-105.0,False,0.0,False
2020-10-21,2020-10-22,0,Overnight,0.0,False,6.03,6.03,493.93,False,0.0,False
2020-10-22,2020-10-23,0,Overnight,0.0,False,31.51,31.51,-234.35,False,0.0,False
2020-10-23,2020-10-26,2,Weekend,48.0,False,-162.32,-162.32,-77.66,False,0.0,False
2020-10-26,2020-10-27,0,Overnight,0.0,False,-60.15,-60.15,-100.05,False,0.0,False
2020-10-27,2020-10-28,0,Overnight,0.0,False,-221.82,-221.82,-166.49,False,0.0,False
2020-10-28,2020-10-29,0,Overnight,0.0,False,-50.81,-50.81,484.72,False,0.0,False
2020-10-29,2020-10-30,0,Overnight,0.0,False,-171.31,-171.31,64.59,False,0.0,False
2020-10-30,2020-11-02,2,Weekend,49.0,False,158.15,158.15,253.25,False,0.0,False
2020-11-02,2020-11-03,0,Overnight,0.0,False,146.03,146.03,-318.14,False,0.0,False
2020-11-03,2020-11-04,0,Overnight,0.0,False,-41.99,-41.99,-12.03,False,0.0,False
2020-11-04,2020-11-05,0,Overnight,0.0,False,42.04,42.04,-60.11,False,0.0,False
2020-11-05,2020-11-06,0,Overnight,0.0,False,-21.13,-21.13,-97.15,False,0.0,False
2020-11-06,2020-11-09,2,Weekend,48.0,False,1052.99,1052.99,139.06,False,0.0,False
2020-11-09,2020-11-10,0,Overnight,0.0,False,32.44,264.54,-51.41,True,235.58,False
2020-11-10,2020-11-11,0,Overnight,0.0,False,62.2,62.2,-165.83,False,0.0,False
2020-11-11,2020-11-12,0,Overnight,0.0,False,-171.42,-171.42,-177.25,False,0.0,False
2020-11-12,2020-11-13,0,Overnight,0.0,False,48.14,48.14,190.27,False,0.0,False
2020-11-13,2020-11-16,2,Weekend,48.0,False,409.99,409.99,150.5,False,0.0,False
2020-11-16,2020-11-17,0,Overnight,0.0,False,-92.14,-92.14,224.9,False,0.0,False
2020-11-17,2020-11-18,0,Overnight,0.0,False,90.1,90.1,-474.97,False,0.0,False
2020-11-18,2020-11-19,0,Overnight,0.0,False,-94.51,-94.51,145.44,False,0.0,False
2020-11-19,2020-11-20,0,Overnight,0.0,False,-13.38,-13.38,-110.38,False,0.0,False
2020-11-20,2020-11-23,2,Weekend,48.0,False,150.46,150.46,484.09,False,0.0,False
2020-11-23,2020-11-24,0,Overnight,0.0,False,287.99,287.99,356.45,False,0.0,False
2020-11-24,2020-11-25,0,Overnight,0.0,False,-74.12,-74.12,-208.54,False,0.0,False
2020-11-25,2020-11-27,1,Short,24.0,False,-26.99,-26.99,-126.1,False,0.0,False
2020-11-27,2020-11-30,2,Weekend,48.0,True,-97.51,-97.51,-428.65,False,0.0,False
2020-11-30,2020-12-01,0,Overnight,0.0,False,215.34,215.34,-118.77,False,0.0,False
2020-12-01,2020-12-02,0,Overnight,0.0,False,-28.61,-28.61,395.81,False,0.0,False
2020-12-02,2020-12-03,0,Overnight,0.0,False,32.5,32.5,34.88,False,0.0,False
2020-12-03,2020-12-04,0,Overnight,0.0,False,138.31,138.31,220.75,False,0.0,False
2020-12-04,2020-12-07,2,Weekend,48.0,False,-62.58,-62.58,-126.34,False,0.0,False
2020-12-07,2020-12-08,0,Overnight,0.0,False,-90.88,-90.88,413.25,False,0.0,False
2020-12-08,2020-12-09,0,Overnight,0.0,False,110.65,110.65,21.05,False,0.0,False
2020-12-09,2020-12-10,0,Overnight,0.0,False,93.02,93.02,185.76,False,0.0,False
2020-12-10,2020-12-11,0,Overnight,0.0,False,-70.69,-70.69,22.86,False,0.0,False
2020-12-11,2020-12-14,2,Weekend,48.0,False,122.53,122.53,-489.93,False,0.0,False
2020-12-14,2020-12-15,0,Overnight,0.0,False,51.97,51.97,140.39,False,0.0,False
2020-12-15,2020-12-16,0,Overnight,0.0,False,163.62,163.62,-11.43,False,0.0,False
2020-12-16,2020-12-17,0,Overnight,0.0,False,68.42,68.42,-118.89,False,0.0,False
2020-12-17,2020-12-18,0,Overnight,0.0,False,-48.42,-48.42,-125.58,False,0.0,False
2020-12-18,2020-12-21,2,Weekend,48.0,False,-386.5,-386.5,202.27,False,0.0,False
2020-12-21,2020-12-22,0,Overnight,0.0,False,-88.59,-88.59,-82.11,False,0.0,False
2020-12-22,2020-12-23,0,Overnight,0.0,False,65.26,65.26,62.44,False,0.0,False
2020-12-23,2020-12-24,0,Overnight,0.0,False,-28.77,-28.77,-12.01,False,0.0,False
2020-12-24,2020-12-28,3,Long,72.0,True,21.61,21.61,11.99,False,0.0,False
2020-12-28,2020-12-29,0,Overnight,0.0,False,71.62,71.62,-184.86,False,0.0,False
2020-12-29,2020-12-30,0,Overnight,0.0,False,14.53,14.53,65.11,False,0.0,False
2020-12-30,2020-12-31,0,Overnight,0.0,False,-31.3,-31.3,-60.47,False,0.0,False
2020-12-31,2021-01-04,3,Long,72.0,False,55.64,55.64,12.06,False,0.0,False
2021-01-04,2021-01-05,0,Overnight,0.0,False,81.59,81.59,389.08,False,0.0,False
2021-01-05,2021-01-06,0,Overnight,0.0,False,207.04,207.04,44.93,False,0.0,False
2021-01-06,2021-01-07,0,Overnight,0.0,False,87.04,87.04,-8.89,False,0.0,False
2021-01-07,2021-01-08,0,Overnight,0.0,False,53.24,53.24,57.36,False,0.0,False
2021-01-08,2021-01-11,2,Weekend,48.0,False,-92.82,-92.82,391.87,False,0.0,False
2021-01-11,2021-01-12,0,Overnight,0.0,False,131.5,131.5,88.11,False,0.0,False
2021-01-12,2021-01-13,0,Overnight,0.0,False,134.84,134.84,-22.69,False,0.0,False
2021-01-13,2021-01-14,0,Overnight,0.0,False,16.51,16.51,366.4,False,0.0,False
2021-01-14,2021-01-15,0,Overnight,0.0,False,-282.22,-282.22,-210.75,False,0.0,False
2021-01-15,2021-01-19,3,Long,72.0,False,116.26,116.26,80.17,False,0.0,False
2021-01-19,2021-01-20,0,Overnight,0.0,False,55.13,55.13,85.16,False,0.0,False
2021-01-20,2021-01-21,0,Overnight,0.0,False,-40.46,-40.46,-250.42,False,0.0,False
2021-01-21,2021-01-22,0,Overnight,0.0,False,-231.3,-231.3,88.95,False,0.0,False
2021-01-22,2021-01-25,2,Weekend,48.0,False,-112.37,-112.37,0.0,False,0.0,False
2021-01-25,2021-01-26,0,Overnight,0.0,False,76.47,76.47,-298.53,False,0.0,False
2021-01-26,2021-01-27,0,Overnight,0.0,False,-191.49,-191.49,77.48,False,0.0,False
2021-01-27,2021-01-28,0,Overnight,0.0,False,129.26,129.26,26.09,False,0.0,False
2021-01-28,2021-01-29,0,Overnight,0.0,False,-111.34,-111.34,-157.1,False,0.0,False
2021-01-29,2021-02-01,2,Weekend,48.0,False,163.68,163.68,-145.86,False,0.0,False
2021-02-01,2021-02-02,0,Overnight,0.0,False,196.19,196.19,-39.37,False,0.0,False
2021-02-02,2021-02-03,0,Overnight,0.0,False,0.0,0.0,384.79,False,0.0,False
2021-02-03,2021-02-04,0,Overnight,0.0,False,96.54,96.54,93.55,False,0.0,False
2021-02-04,2021-02-05,0,Overnight,0.0,False,174.35,174.35,155.35,False,0.0,False
2021-02-05,2021-02-08,2,Weekend,48.0,False,192.33,192.33,229.09,False,0.0,False
2021-02-08,2021-02-09,0,Overnight,0.0,False,-278.31,-108.07,-7.9,True,166.99,False
2021-02-09,2021-02-10,0,Overnight,0.0,False,0.0,0.0,96.31,False,0.0,False
2021-02-10,2021-02-11,0,Overnight,0.0,False,-45.09,-45.09,-208.49,False,0.0,False
2021-02-11,2021-02-12,0,Overnight,0.0,False,-82.6,-82.6,218.12,False,0.0,False
2021-02-12,2021-02-16,3,Long,72.0,False,281.05,281.05,15.39,False,0.0,False
2021-02-16,2021-02-17,0,Overnight,0.0,False,59.39,59.39,95.06,False,0.0,False
2021-02-17,2021-02-18,0,Overnight,0.0,False,-7.57,-7.57,-150.72,False,0.0,False
2021-02-18,2021-02-19,0,Overnight,0.0,False,17.29,17.29,49.77,False,0.0,False
2021-02-19,2021-02-22,2,Weekend,48.0,False,41.92,41.92,319.98,False,0.0,False
2021-02-22,2021-02-23,0,Overnight,0.0,False,124.45,124.45,12.72,False,0.0,False
2021-02-23,2021-02-24,0,Overnight,0.0,False,25.4,25.4,269.92,False,0.0,False
2021-02-24,2021-02-25,0,Overnight,0.0,False,49.26,49.26,-216.44,False,0.0,False
2021-02-25,2021-02-26,0,Overnight,0.0,False,-245.09,-245.09,-7.35,False,0.0,False
2021-02-26,2021-03-01,2,Weekend,48.0,False,378.97,378.97,-12.4,False,0.0,False
2021-03-01,2021-03-02,0,Overnight,0.0,False,44.23,44.23,-102.91,False,0.0,False
2021-03-02,2021-03-03,0,Overnight,0.0,False,62.23,62.23,17.71,False,0.0,False
2021-03-03,2021-03-04,0,Overnight,0.0,False,105.6,105.6,274.56,False,0.0,False
2021-03-04,2021-03-05,0,Overnight,0.0,False,188.97,188.97,182.18,False,0.0,False
2021-03-05,2021-03-08,2,Weekend,48.0,False,106.12,106.12,-115.97,False,0.0,False
2021-03-08,2021-03-09,0,Overnight,0.0,False,-42.81,-42.81,-112.83,False,0.0,False
2021-03-09,2021-03-10,0,Overnight,0.0,False,97.97,97.97,204.44,False,0.0,False
2021-03-10,2021-03-11,0,Overnight,0.0,False,1.62,1.62,-76.37,False,0.0,False
2021-03-11,2021-03-12,0,Overnight,0.0,False,39.07,39.07,68.01,False,0.0,False
2021-03-12,2021-03-15,2,Weekend,47.0,False,-77.76,-77.76,-180.51,False,0.0,False
2021-03-15,2021-03-16,0,Overnight,0.0,False,-141.75,-141.75,-72.48,False,0.0,False
2021-03-16,2021-03-17,0,Overnight,0.0,False,-71.31,-71.31,115.2,False,0.0,False
2021-03-17,2021-03-18,0,Overnight,0.0,False,-94.77,-94.77,-346.0,False,0.0,False
2021-03-18,2021-03-19,0,Overnight,0.0,False,-17.62,-17.62,-38.87,False,0.0,False
2021-03-19,2021-03-22,2,Weekend,48.0,False,1.77,1.77,-104.97,False,0.0,False
2021-03-22,2021-03-23,0,Overnight,0.0,False,-175.02,-175.02,50.84,False,0.0,False
2021-03-23,2021-03-24,0,Overnight,0.0,False,154.54,154.54,46.25,False,0.0,False
2021-03-24,2021-03-25,0,Overnight,0.0,False,-202.61,-202.61,174.17,False,0.0,False
2021-03-25,2021-03-26,0,Overnight,0.0,False,197.4,197.4,71.3,False,0.0,False
2021-03-26,2021-03-29,2,Weekend,48.0,False,-64.32,-64.32,10.46,False,0.0,False
2021-03-29,2021-03-30,0,Overnight,0.0,False,-94.52,-94.52,-29.94,False,0.0,False
2021-03-30,2021-03-31,0,Overnight,0.0,False,-60.16,-60.16,-92.71,False,0.0,False
2021-03-31,2021-04-01,0,Overnight,0.0,False,87.38,87.38,188.2,False,0.0,False
2021-04-01,2021-04-05,3,Long,72.0,False,-15.69,-15.69,-140.6,False,0.0,False
2021-04-05,2021-04-06,0,Overnight,0.0,False,60.0,60.0,-88.36,False,0.0,False
2021-04-06,2021-04-07,0,Overnight,0.0,False,8.87,8.87,35.4,False,0.0,False
2021-04-07,2021-04-08,0,Overnight,0.0,False,-117.31,-117.31,12.51,False,0.0,False
2021-04-08,2021-04-09,0,Overnight,0.0,False,0.0,0.0,-23.24,False,0.0,False
2021-04-09,2021-04-12,2,Weekend,48.0,False,158.04,158.04,-224.49,False,0.0,False
2021-04-12,2021-04-13,0,Overnight,0.0,False,-36.1,-36.1,73.87,False,0.0,False
2021-04-13,2021-04-14,0,Overnight,0.0,False,124.87,124.87,160.03,False,0.0,False
2021-04-14,2021-04-15,0,Overnight,0.0,False,17.43,17.43,-76.92,False,0.0,False
2021-04-15,2021-04-16,0,Overnight,0.0,False,66.47,66.47,-122.79,False,0.0,False
2021-04-16,2021-04-19,2,Weekend,48.0,False,15.87,15.87,-47.69,False,0.0,False
2021-04-19,2021-04-20,0,Overnight,0.0,False,-1.77,-1.77,-211.17,False,0.0,False
2021-04-20,2021-04-21,0,Overnight,0.0,False,-143.91,-143.91,271.51,False,0.0,False
2021-04-21,2021-04-22,0,Overnight,0.0,False,-1.79,-1.79,-129.43,False,0.0,False
2021-04-22,2021-04-23,0,Overnight,0.0,False,0.0,0.0,54.13,False,0.0,False
2021-04-23,2021-04-26,2,Weekend,48.0,False,-18.01,-18.01,37.79,False,0.0,False
2021-04-26,2021-04-27,0,Overnight,0.0,False,59.09,59.09,71.16,False,0.0,False
2021-04-27,2021-04-28,0,Overnight,0.0,False,88.25,88.25,208.67,False,0.0,False
2021-04-28,2021-04-29,0,Overnight,0.0,False,138.43,138.43,3.39,False,0.0,False
2021-04-29,2021-04-30,0,Overnight,0.0,False,-104.03,-104.03,-188.64,False,0.0,False
2021-04-30,2021-05-03,2,Weekend,48.0,False,128.45,128.45,143.84,False,0.0,False
2021-05-03,2021-05-04,0,Overnight,0.0,False,30.56,30.56,32.15,False,0.0,False
2021-05-04,2021-05-05,0,Overnight,0.0,False,97.51,97.51,198.78,False,0.0,False
2021-05-05,2021-05-06,0,Overnight,0.0,False,-18.06,-18.06,112.74,False,0.0,False
2021-05-06,2021-05-07,0,Overnight,0.0,False,-78.29,-78.29,220.25,False,0.0,False
2021-05-07,2021-05-10,2,Weekend,48.0,False,128.91,128.91,-104.91,False,0.0,False
2021-05-10,2021-05-11,0,Overnight,0.0,False,-152.97,-152.97,-170.19,False,0.0,False
2021-05-11,2021-05-12,0,Overnight,0.0,False,-96.19,47.75,5.0,True,143.59,False
2021-05-12,2021-05-13,0,Overnight,0.0,False,-174.74,-174.74,50.72,False,0.0,False
2021-05-13,2021-05-14,0,Overnight,0.0,False,105.68,105.68,139.19,False,0.0,False
2021-05-14,2021-05-17,2,Weekend,48.0,False,-37.92,-37.92,268.9,False,0.0,False
2021-05-17,2021-05-18,0,Overnight,0.0,False,-30.6,-30.6,-256.49,False,0.0,False
2021-05-18,2021-05-19,0,Overnight,0.0,False,-222.55,-222.55,-20.32,False,0.0,False
2021-05-19,2021-05-20,0,Overnight,0.0,False,-5.09,-5.09,-18.68,False,0.0,False
2021-05-20,2021-05-21,0,Overnight,0.0,False,98.09,98.09,-84.5,False,0.0,False
2021-05-21,2021-05-24,2,Weekend,48.0,False,27.12,27.12,89.31,False,0.0,False
2021-05-24,2021-05-25,0,Overnight,0.0,False,-18.47,-18.47,-210.61,False,0.0,False
2021-05-25,2021-05-26,0,Overnight,0.0,False,-1.72,-1.72,117.76,False,0.0,False
2021-05-26,2021-05-27,0,Overnight,0.0,False,49.08,49.08,-113.76,False,0.0,False
2021-05-27,2021-05-28,0,Overnight,0.0,False,28.99,28.99,-61.49,False,0.0,False
2021-05-28,2021-06-01,3,Long,72.0,False,183.34,183.34,168.46,False,0.0,False
2021-06-01,2021-06-02,0,Overnight,0.0,False,47.85,47.85,31.23,False,0.0,False
2021-06-02,2021-06-03,0,Overnight,0.0,False,-64.2,-64.2,103.51,False,0.0,False
2021-06-03,2021-06-04,0,Overnight,0.0,False,45.66,45.66,-1.63,False,0.0,False
2021-06-04,2021-06-07,2,Weekend,48.0,False,-19.55,-19.55,-45.76,False,0.0,False
2021-06-07,2021-06-08,0,Overnight,0.0,False,73.44,73.44,101.92,False,0.0,False
2021-06-08,2021-06-09,0,Overnight,0.0,False,86.54,86.54,-3.19,False,0.0,False
2021-06-09,2021-06-10,0,Overnight,0.0,False,152.07,152.07,-136.12,False,0.0,False
2021-06-10,2021-06-11,0,Overnight,0.0,False,41.35,41.35,-134.21,False,0.0,False
2021-06-11,2021-06-14,2,Weekend,48.0,False,20.89,20.89,-36.99,False,0.0,False
2021-06-14,2021-06-15,0,Overnight,0.0,False,65.84,65.84,291.8,False,0.0,False
2021-06-15,2021-06-16,0,Overnight,0.0,False,-1.55,-1.55,-34.26,False,0.0,False
2021-06-16,2021-06-17,0,Overnight,0.0,False,-37.51,-37.51,-297.2,False,0.0,False
2021-06-17,2021-06-18,0,Overnight,0.0,False,-160.99,-160.99,-98.85,False,0.0,False
2021-06-18,2021-06-21,2,Weekend,48.0,False,87.37,87.37,268.8,False,0.0,False
2021-06-21,2021-06-22,0,Overnight,0.0,False,41.45,41.45,148.46,False,0.0,False
2021-06-22,2021-06-23,0,Overnight,0.0,False,40.68,40.68,32.73,False,0.0,False
2021-06-23,2021-06-24,0,Overnight,0.0,False,-17.13,-17.13,57.51,False,0.0,False
2021-06-24,2021-06-25,0,Overnight,0.0,False,13.94,13.94,7.74,False,0.0,False
2021-06-25,2021-06-28,2,Weekend,48.0,False,-15.48,-15.48,-243.02,False,0.0,False
2021-06-28,2021-06-29,0,Overnight,0.0,False,31.69,31.69,-93.78,False,0.0,False
2021-06-29,2021-06-30,0,Overnight,0.0,False,12.77,12.77,60.42,False,0.0,False
2021-06-30,2021-07-01,0,Overnight,0.0,False,196.22,196.22,-167.73,False,0.0,False
2021-07-01,2021-07-02,0,Overnight,0.0,False,-39.6,-39.6,25.36,False,0.0,False
2021-07-02,2021-07-06,3,Long,72.0,False,-66.71,-66.71,-222.37,False,0.0,False
2021-07-06,2021-07-07,0,Overnight,0.0,False,-31.01,-31.01,-126.66,False,0.0,False
2021-07-07,2021-07-08,0,Overnight,0.0,False,-160.19,-160.19,115.4,False,0.0,False
2021-07-08,2021-07-09,0,Overnight,0.0,False,92.69,92.69,86.94,False,0.0,False
2021-07-09,2021-07-12,2,Weekend,48.0,False,-133.17,-133.17,123.37,False,0.0,False
2021-07-12,2021-07-13,0,Overnight,0.0,False,-27.83,-27.83,-19.69,False,0.0,False
2021-07-13,2021-07-14,0,Overnight,0.0,False,47.52,47.52,-271.76,False,0.0,False
2021-07-14,2021-07-15,0,Overnight,0.0,False,-60.66,-60.66,-37.25,False,0.0,False
2021-07-15,2021-07-16,0,Overnight,0.0,False,38.94,38.94,-319.34,False,0.0,False
2021-07-16,2021-07-19,2,Weekend,48.0,False,-297.47,-297.47,-52.26,False,0.0,False
2021-07-19,2021-07-20,0,Overnight,0.0,False,27.06,27.06,82.54,False,0.0,False
2021-07-20,2021-07-21,0,Overnight,0.0,False,159.55,159.55,157.04,False,0.0,False
2021-07-21,2021-07-22,0,Overnight,0.0,False,-5.19,-5.19,-107.98,False,0.0,False
2021-07-22,2021-07-23,0,Overnight,0.0,False,31.47,31.47,-43.73,False,0.0,False
2021-07-23,2021-07-26,2,Weekend,48.0,False,21.02,21.02,228.3,False,0.0,False
2021-07-26,2021-07-27,0,Overnight,0.0,False,-80.69,-80.69,-31.08,False,0.0,False
2021-07-27,2021-07-28,0,Overnight,0.0,False,29.35,29.35,37.86,False,0.0,False
2021-07-28,2021-07-29,0,Overnight,0.0,False,133.08,133.08,-11.87,False,0.0,False
2021-07-29,2021-07-30,0,Overnight,0.0,False,-8.49,-8.49,-225.0,False,0.0,False
2021-07-30,2021-08-02,2,Weekend,48.0,False,-3.47,-3.47,5.21,False,0.0,False
2021-08-02,2021-08-03,0,Overnight,0.0,False,-1.74,-1.74,108.84,False,0.0,False
2021-08-03,2021-08-04,0,Overnight,0.0,False,-175.06,-175.06,-61.39,False,0.0,False
2021-08-04,2021-08-05,0,Overnight,0.0,False,50.89,50.89,12.25,False,0.0,False
2021-08-05,2021-08-06,0,Overnight,0.0,False,80.1,80.1,34.63,False,0.0,False
2021-08-06,2021-08-09,2,Weekend,48.0,False,-126.97,-126.97,12.25,False,0.0,False
2021-08-09,2021-08-10,0,Overnight,0.0,False,38.39,38.39,131.49,False,0.0,False
2021-08-10,2021-08-11,0,Overnight,0.0,False,1.72,1.72,27.46,False,0.0,False
2021-08-11,2021-08-12,0,Overnight,0.0,False,-164.15,-13.72,-8.72,True,149.1,False
2021-08-12,2021-08-13,0,Overnight,0.0,False,-55.95,-55.95,-45.69,False,0.0,False
2021-08-13,2021-08-16,2,Weekend,48.0,False,-132.99,-132.99,-14.29,False,0.0,False
2021-08-16,2021-08-17,0,Overnight,0.0,False,-78.97,-78.97,10.81,False,0.0,False
2021-08-17,2021-08-18,0,Overnight,0.0,False,-25.23,-25.23,-187.6,False,0.0,False
2021-08-18,2021-08-19,0,Overnight,0.0,False,-170.6,-170.6,-139.36,False,0.0,False
2021-08-19,2021-08-20,0,Overnight,0.0,False,-87.62,-87.62,89.52,False,0.0,False
2021-08-20,2021-08-23,2,Weekend,48.0,False,226.83,226.83,176.38,False,0.0,False
2021-08-23,2021-08-24,0,Overnight,0.0,False,68.97,68.97,12.65,False,0.0,False
2021-08-24,2021-08-25,0,Overnight,0.0,False,-21.7,-21.7,39.75,False,0.0,False
2021-08-25,2021-08-26,0,Overnight,0.0,False,-46.99,-46.99,-89.16,False,0.0,False
2021-08-26,2021-08-27,0,Overnight,0.0,False,125.33,125.33,66.56,False,0.0,False
2021-08-27,2021-08-30,2,Weekend,48.0,False,83.92,83.92,-193.9,False,0.0,False
2021-08-30,2021-08-31,0,Overnight,0.0,False,-41.78,-41.78,-74.92,False,0.0,False
2021-08-31,2021-09-01,0,Overnight,0.0,False,-5.5,-5.5,-133.02,False,0.0,False
2021-09-01,2021-09-02,0,Overnight,0.0,False,96.24,96.24,144.47,False,0.0,False
2021-09-02,2021-09-03,0,Overnight,0.0,False,7.26,7.26,-45.46,False,0.0,False
2021-09-03,2021-09-07,3,Long,72.0,False,-36.52,-36.52,-21.97,False,0.0,False
2021-09-07,2021-09-08,0,Overnight,0.0,False,43.9,43.9,-135.98,False,0.0,False
2021-09-08,2021-09-09,0,Overnight,0.0,False,-79.87,-79.87,87.27,False,0.0,False
2021-09-09,2021-09-10,0,Overnight,0.0,False,201.32,201.32,-221.68,False,0.0,False
2021-09-10,2021-09-13,2,Weekend,48.0,False,123.36,123.36,130.89,False,0.0,False
2021-09-13,2021-09-14,0,Overnight,0.0,False,57.63,57.63,-201.33,False,0.0,False
2021-09-14,2021-09-15,0,Overnight,0.0,False,143.7,143.7,187.86,False,0.0,False
2021-09-15,2021-09-16,0,Overnight,0.0,False,7.09,7.09,-114.0,False,0.0,False
2021-09-16,2021-09-17,0,Overnight,0.0,False,-86.36,-86.36,-32.58,False,0.0,False
2021-09-17,2021-09-20,2,Weekend,48.0,False,-253.36,-253.36,-16.75,False,0.0,False
2021-09-20,2021-09-21,0,Overnight,0.0,False,125.86,125.86,-135.17,False,0.0,False
2021-09-21,2021-09-22,0,Overnight,0.0,False,146.2,146.2,142.29,False,0.0,False
2021-09-22,2021-09-23,0,Overnight,0.0,False,37.96,37.96,295.13,False,0.0,False
2021-09-23,2021-09-24,0,Overnight,0.0,False,-66.8,-66.8,155.75,False,0.0,False
2021-09-24,2021-09-27,2,Weekend,48.0,False,216.43,216.43,76.17,False,0.0,False
2021-09-27,2021-09-28,0,Overnight,0.0,False,100.67,100.67,3.34,False,0.0,False
2021-09-28,2021-09-29,0,Overnight,0.0,False,-13.36,-13.36,6.68,False,0.0,False
2021-09-29,2021-09-30,0,Overnight,0.0,False,40.0,40.0,-218.61,False,0.0,False
2021-09-30,2021-10-01,0,Overnight,0.0,False,99.81,99.81,252.63,False,0.0,False
2021-10-01,2021-10-04,2,Weekend,48.0,False,63.8,63.8,65.02,False,0.0,False
2021-10-04,2021-10-05,0,Overnight,0.0,False,128.78,128.78,-145.0,False,0.0,False
2021-10-05,2021-10-06,0,Overnight,0.0,False,-188.39,-188.39,3.31,False,0.0,False
2021-10-06,2021-10-07,0,Overnight,0.0,False,19.82,19.82,8.25,False,0.0,False
2021-10-07,2021-10-08,0,Overnight,0.0,False,96.79,96.79,150.7,False,0.0,False
2021-10-08,2021-10-11,2,Weekend,48.0,False,135.77,135.77,-235.98,False,0.0,False
2021-10-11,2021-10-12,0,Overnight,0.0,False,1.62,1.62,-53.74,False,0.0,False
2021-10-12,2021-10-13,0,Overnight,0.0,False,-75.4,-75.4,47.6,False,0.0,False
2021-10-13,2021-10-14,0,Overnight,0.0,False,104.25,104.25,46.88,False,0.0,False
2021-10-14,2021-10-15,0,Overnight,0.0,False,117.05,117.05,-22.34,False,0.0,False
2021-10-15,2021-10-18,2,Weekend,48.0,False,79.57,79.57,-84.36,False,0.0,False
2021-10-18,2021-10-19,0,Overnight,0.0,False,49.43,49.43,99.71,False,0.0,False
2021-10-19,2021-10-20,0,Overnight,0.0,False,-96.53,-96.53,151.49,False,0.0,False
2021-10-20,2021-10-21,0,Overnight,0.0,False,-59.69,-59.69,-123.65,False,0.0,False
2021-10-21,2021-10-22,0,Overnight,0.0,False,12.75,12.75,55.6,False,0.0,False
2021-10-22,2021-10-25,2,Weekend,48.0,False,94.61,94.61,98.38,False,0.0,False
2021-10-25,2021-10-26,0,Overnight,0.0,False,21.73,21.73,207.17,False,0.0,False
2021-10-26,2021-10-27,0,Overnight,0.0,False,-103.82,-103.82,-159.34,False,0.0,False
2021-10-27,2021-10-28,0,Overnight,0.0,False,-48.46,-48.46,76.48,False,0.0,False
2021-10-28,2021-10-29,0,Overnight,0.0,False,114.41,114.41,-89.56,False,0.0,False
2021-10-29,2021-11-01,2,Weekend,48.0,False,92.64,92.64,85.69,False,0.0,False
2021-11-01,2021-11-02,0,Overnight,0.0,False,-91.84,-91.84,-32.34,False,0.0,False
2021-11-02,2021-11-03,0,Overnight,0.0,False,-121.06,-121.06,-17.19,False,0.0,False
2021-11-03,2021-11-04,0,Overnight,0.0,False,116.63,116.63,-41.83,False,0.0,False
2021-11-04,2021-11-05,0,Overnight,0.0,False,98.87,98.87,-4.61,False,0.0,False
2021-11-05,2021-11-08,2,Weekend,49.0,False,81.18,81.18,25.9,False,0.0,False
2021-11-08,2021-11-09,0,Overnight,0.0,False,7.6,7.6,89.31,False,0.0,False
2021-11-09,2021-11-10,0,Overnight,0.0,False,-157.96,-24.14,-174.51,True,132.61,False
2021-11-10,2021-11-11,0,Overnight,0.0,False,0.0,0.0,18.68,False,0.0,False
2021-11-11,2021-11-12,0,Overnight,0.0,False,-54.57,-54.57,-21.91,False,0.0,False
2021-11-12,2021-11-15,2,Weekend,48.0,False,-9.41,-9.41,95.22,False,0.0,False
2021-11-15,2021-11-16,0,Overnight,0.0,False,-4.66,-4.66,105.13,False,0.0,False
2021-11-16,2021-11-17,0,Overnight,0.0,False,-98.92,-98.92,-10.88,False,0.0,False
2021-11-17,2021-11-18,0,Overnight,0.0,False,-23.35,-23.35,-86.09,False,0.0,False
2021-11-18,2021-11-19,0,Overnight,0.0,False,-274.12,-274.12,-199.09,False,0.0,False
2021-11-19,2021-11-22,2,Weekend,48.0,False,-57.86,-57.86,195.36,False,0.0,False
2021-11-22,2021-11-23,0,Overnight,0.0,False,109.94,109.94,150.02,False,0.0,False
2021-11-23,2021-11-24,0,Overnight,0.0,False,-87.5,-87.5,142.79,False,0.0,False
2021-11-24,2021-11-26,1,Short,24.0,False,-477.51,-477.51,119.9,False,0.0,False
2021-11-26,2021-11-29,2,Weekend,48.0,True,213.22,213.22,-157.86,False,0.0,False
2021-11-29,2021-11-30,0,Overnight,0.0,False,-185.18,-185.18,-103.08,False,0.0,False
2021-11-30,2021-12-01,0,Overnight,0.0,False,175.59,175.59,-183.95,False,0.0,False
2021-12-01,2021-12-02,0,Overnight,0.0,False,-8.37,-8.37,254.52,False,0.0,False
2021-12-02,2021-12-03,0,Overnight,0.0,False,103.9,103.9,-167.74,False,0.0,False
2021-12-03,2021-12-06,2,Weekend,48.0,False,135.39,135.39,-22.71,False,0.0,False
2021-12-06,2021-12-07,0,Overnight,0.0,False,122.66,122.66,-11.24,False,0.0,False
2021-12-07,2021-12-08,0,Overnight,0.0,False,54.45,54.45,-25.59,False,0.0,False
2021-12-08,2021-12-09,0,Overnight,0.0,False,-64.26,-64.26,89.85,False,0.0,False
2021-12-09,2021-12-10,0,Overnight,0.0,False,104.86,104.86,-41.18,False,0.0,False
2021-12-10,2021-12-13,2,Weekend,48.0,False,-86.07,-86.07,-135.38,False,0.0,False
2021-12-13,2021-12-14,0,Overnight,0.0,False,-60.22,-60.22,45.6,False,0.0,False
2021-12-14,2021-12-15,0,Overnight,0.0,False,-57.04,-57.04,13.07,False,0.0,False
2021-12-15,2021-12-16,0,Overnight,0.0,False,27.71,27.71,-11.4,False,0.0,False
2021-12-16,2021-12-17,0,Overnight,0.0,False,-68.67,-68.67,-152.09,False,0.0,False
2021-12-17,2021-12-20,2,Weekend,48.0,False,-208.73,-208.73,62.74,False,0.0,False
2021-12-20,2021-12-21,0,Overnight,0.0,False,99.24,99.24,124.74,False,0.0,False
2021-12-21,2021-12-22,0,Overnight,0.0,False,-26.48,-26.48,107.15,False,0.0,False
2021-12-22,2021-12-23,0,Overnight,0.0,False,29.47,29.47,-24.55,False,0.0,False
2021-12-23,2021-12-27,3,Long,72.0,False,-14.76,-14.76,156.33,False,0.0,False
2021-12-27,2021-12-28,0,Overnight,0.0,False,3.23,3.23,-35.6,False,0.0,False
2021-12-28,2021-12-29,0,Overnight,0.0,False,-34.1,-34.1,-53.82,False,0.0,False
2021-12-29,2021-12-30,0,Overnight,0.0,False,11.44,11.44,-70.49,False,0.0,False
2021-12-30,2021-12-31,0,Overnight,0.0,False,-8.23,-8.23,73.81,False,0.0,False
2021-12-31,2022-01-03,2,Weekend,48.0,False,8.17,8.17,368.69,False,0.0,False
2022-01-03,2022-01-04,0,Overnight,0.0,False,92.43,92.43,276.81,False,0.0,False
2022-01-04,2022-01-05,0,Overnight,0.0,False,86.08,86.08,37.52,False,0.0,False
2022-01-05,2022-01-06,0,Overnight,0.0,False,185.53,185.53,46.95,False,0.0,False
2022-01-06,2022-01-07,0,Overnight,0.0,False,29.23,29.23,52.4,False,0.0,False
2022-01-07,2022-01-10,2,Weekend,48.0,False,13.06,13.06,-72.76,False,0.0,False
2022-01-10,2022-01-11,0,Overnight,0.0,False,61.15,61.15,350.86,False,0.0,False
2022-01-11,2022-01-12,0,Overnight,0.0,False,-29.48,-29.48,0.0,False,0.0,False
2022-01-12,2022-01-13,0,Overnight,0.0,False,-2.81,-2.81,-69.14,False,0.0,False
2022-01-13,2022-01-14,0,Overnight,0.0,False,2.83,2.83,171.21,False,0.0,False
2022-01-14,2022-01-18,3,Long,72.0,False,131.32,131.32,35.64,False,0.0,False
2022-01-18,2022-01-19,0,Overnight,0.0,False,91.26,91.26,-87.16,False,0.0,False
2022-01-19,2022-01-20,0,Overnight,0.0,False,-83.79,-83.79,105.65,False,0.0,False
2022-01-20,2022-01-21,0,Overnight,0.0,False,-12.29,-12.29,-138.98,False,0.0,False
2022-01-21,2022-01-24,2,Weekend,48.0,False,-180.36,-180.36,265.9,False,0.0,False
2022-01-24,2022-01-25,0,Overnight,0.0,False,-27.51,-27.51,317.27,False,0.0,False
2022-01-25,2022-01-26,0,Overnight,0.0,False,66.51,66.51,-168.45,False,0.0,False
2022-01-26,2022-01-27,0,Overnight,0.0,False,172.43,172.43,-45.16,False,0.0,False
2022-01-27,2022-01-28,0,Overnight,0.0,False,-19.99,-19.99,41.26,False,0.0,False
2022-01-28,2022-01-31,2,Weekend,48.0,False,-41.26,-41.26,131.19,False,0.0,False
2022-01-31,2022-02-01,0,Overnight,0.0,False,64.3,64.3,557.11,False,0.0,False
2022-02-01,2022-02-02,0,Overnight,0.0,False,-95.72,-95.72,69.7,False,0.0,False
2022-02-02,2022-02-03,0,Overnight,0.0,False,-65.96,-65.96,-51.32,False,0.0,False
2022-02-03,2022-02-04,0,Overnight,0.0,False,148.24,148.24,66.55,False,0.0,False
2022-02-04,2022-02-07,2,Weekend,48.0,False,-33.22,-33.22,152.88,False,0.0,False
2022-02-07,2022-02-08,0,Overnight,0.0,False,-14.58,-14.58,-247.35,False,0.0,False
2022-02-08,2022-02-09,0,Overnight,0.0,False,-85.09,24.89,-73.15,True,109.64,False
2022-02-09,2022-02-10,0,Overnight,0.0,False,-35.51,-35.51,-61.16,False,0.0,False
2022-02-10,2022-02-11,0,Overnight,0.0,False,48.45,48.45,200.22,False,0.0,False
2022-02-11,2022-02-14,2,Weekend,48.0,False,-78.85,-78.85,-75.68,False,0.0,False
2022-02-14,2022-02-15,0,Overnight,0.0,False,-266.89,-266.89,140.75,False,0.0,False
2022-02-15,2022-02-16,0,Overnight,0.0,False,102.06,102.06,-56.0,False,0.0,False
2022-02-16,2022-02-17,0,Overnight,0.0,False,16.58,16.58,-31.91,False,0.0,False
2022-02-17,2022-02-18,0,Overnight,0.0,False,-137.72,-137.72,25.89,False,0.0,False
2022-02-18,2022-02-22,3,Long,72.0,False,294.23,294.23,-411.25,False,0.0,False
2022-02-22,2022-02-23,0,Overnight,0.0,False,0.0,0.0,40.46,False,0.0,False
2022-02-23,2022-02-24,0,Overnight,0.0,False,286.34,286.34,-413.5,False,0.0,False
2022-02-24,2022-02-25,0,Overnight,0.0,False,116.73,116.73,148.84,False,0.0,False
2022-02-25,2022-02-28,2,Weekend,48.0,False,-172.34,-172.34,246.57,False,0.0,False
2022-02-28,2022-03-01,0,Overnight,0.0,False,44.53,44.53,50.65,False,0.0,False
2022-03-01,2022-03-02,0,Overnight,0.0,False,179.01,179.01,-8.69,False,0.0,False
2022-03-02,2022-03-03,0,Overnight,0.0,False,-83.55,-83.55,146.68,False,0.0,False
2022-03-03,2022-03-04,0,Overnight,0.0,False,1.23,1.23,368.21,False,0.0,False
2022-03-04,2022-03-07,2,Weekend,48.0,False,98.22,98.22,255.77,False,0.0,False
2022-03-07,2022-03-08,0,Overnight,0.0,False,219.12,219.12,-143.64,False,0.0,False
2022-03-08,2022-03-09,0,Overnight,0.0,False,-436.6,-436.6,-148.67,False,0.0,False
2022-03-09,2022-03-10,0,Overnight,0.0,False,146.29,146.29,159.42,False,0.0,False
2022-03-10,2022-03-11,0,Overnight,0.0,False,-152.28,-152.28,100.6,False,0.0,False
2022-03-11,2022-03-14,2,Weekend,47.0,False,-221.46,-221.46,-143.08,False,0.0,False
2022-03-14,2022-03-15,0,Overnight,0.0,False,-380.88,-380.88,-205.08,False,0.0,False
2022-03-15,2022-03-16,0,Overnight,0.0,False,76.11,76.11,-113.74,False,0.0,False
2022-03-16,2022-03-17,0,Overnight,0.0,False,161.18,161.18,101.81,False,0.0,False
2022-03-17,2022-03-18,0,Overnight,0.0,False,10.12,10.12,-49.45,False,0.0,False
2022-03-18,2022-03-21,2,Weekend,48.0,False,182.64,182.64,256.3,False,0.0,False
2022-03-21,2022-03-22,0,Overnight,0.0,False,-69.58,-69.58,25.69,False,0.0,False
2022-03-22,2022-03-23,0,Overnight,0.0,False,181.63,181.63,-25.23,False,0.0,False
2022-03-23,2022-03-24,0,Overnight,0.0,False,39.62,39.62,-9.59,False,0.0,False
2022-03-24,2022-03-25,0,Overnight,0.0,False,-55.32,-55.32,271.25,False,0.0,False
2022-03-25,2022-03-28,2,Weekend,48.0,False,-241.15,-241.15,-43.38,False,0.0,False
2022-03-28,2022-03-29,0,Overnight,0.0,False,-244.48,-244.48,191.21,False,0.0,False
2022-03-29,2022-03-30,0,Overnight,0.0,False,83.42,83.42,86.31,False,0.0,False
2022-03-30,2022-03-31,0,Overnight,0.0,False,-109.21,-109.21,-33.85,False,0.0,False
2022-03-31,2022-04-01,0,Overnight,0.0,False,-72.91,-72.91,136.88,False,0.0,False
2022-04-01,2022-04-04,2,Weekend,48.0,False,52.8,52.8,-47.98,False,0.0,False
2022-04-04,2022-04-05,0,Overnight,0.0,False,40.8,40.8,-92.64,False,0.0,False
2022-04-05,2022-04-06,0,Overnight,0.0,False,83.06,83.06,27.53,False,0.0,False
2022-04-06,2022-04-07,0,Overnight,0.0,False,21.5,21.5,144.48,False,0.0,False
2022-04-07,2022-04-08,0,Overnight,0.0,False,14.1,14.1,194.18,False,0.0,False
2022-04-08,2022-04-11,2,Weekend,48.0,False,-122.81,-122.81,-227.56,False,0.0,False
2022-04-11,2022-04-12,0,Overnight,0.0,False,219.4,219.4,-12.84,False,0.0,False
2022-04-12,2022-04-13,0,Overnight,0.0,False,117.3,117.3,23.07,False,0.0,False
2022-04-13,2022-04-14,0,Overnight,0.0,False,-16.14,-16.14,132.95,False,0.0,False
2022-04-14,2022-04-18,3,Long,72.0,False,75.99,75.99,5.65,False,0.0,False
2022-04-18,2022-04-19,0,Overnight,0.0,False,-61.17,-61.17,-28.45,False,0.0,False
2022-04-19,2022-04-20,0,Overnight,0.0,False,23.9,23.9,-1.14,False,0.0,False
2022-04-20,2022-04-21,0,Overnight,0.0,False,111.92,111.92,-218.22,False,0.0,False
2022-04-21,2022-04-22,0,Overnight,0.0,False,-42.6,-42.6,-178.13,False,0.0,False
2022-04-22,2022-04-25,2,Weekend,48.0,False,-329.58,-329.58,-13.36,False,0.0,False
2022-04-25,2022-04-26,0,Overnight,0.0,False,56.97,56.97,-53.33,False,0.0,False
2022-04-26,2022-04-27,0,Overnight,0.0,False,132.79,132.79,148.79,False,0.0,False
2022-04-27,2022-04-28,0,Overnight,0.0,False,28.32,28.32,269.66,False,0.0,False
2022-04-28,2022-04-29,0,Overnight,0.0,False,107.22,107.22,-333.38,False,0.0,False
2022-04-29,2022-05-02,2,Weekend,48.0,False,-28.19,-28.19,163.35,False,0.0,False
2022-05-02,2022-05-03,0,Overnight,0.0,False,-17.37,-17.37,221.28,False,0.0,False
2022-05-03,2022-05-04,0,Overnight,0.0,False,147.45,147.45,242.84,False,0.0,False
2022-05-04,2022-05-05,0,Overnight,0.0,False,37.01,37.01,-189.75,False,0.0,False
2022-05-05,2022-05-06,0,Overnight,0.0,False,73.92,73.92,77.74,False,0.0,False
2022-05-06,2022-05-09,2,Weekend,48.0,False,-248.45,-248.45,-572.9,False,0.0,False
2022-05-09,2022-05-10,0,Overnight,0.0,False,138.74,138.74,-72.66,False,0.0,False
2022-05-10,2022-05-11,0,Overnight,0.0,False,164.48,164.48,41.57,False,0.0,False
2022-05-11,2022-05-12,0,Overnight,0.0,False,-97.26,4.61,40.64,True,101.39,False
2022-05-12,2022-05-13,0,Overnight,0.0,False,122.08,122.08,170.25,False,0.0,False
2022-05-13,2022-05-16,2,Weekend,48.0,False,13.5,13.5,218.98,False,0.0,False
2022-05-16,2022-05-17,0,Overnight,0.0,False,85.4,85.4,41.34,False,0.0,False
2022-05-17,2022-05-18,0,Overnight,0.0,False,43.33,43.33,-203.11,False,0.0,False
2022-05-18,2022-05-19,0,Overnight,0.0,False,-183.7,-183.7,237.6,False,0.0,False
2022-05-19,2022-05-20,0,Overnight,0.0,False,86.31,86.31,-7.62,False,0.0,False
2022-05-20,2022-05-23,2,Weekend,48.0,False,86.71,86.71,131.87,False,0.0,False
2022-05-23,2022-05-24,0,Overnight,0.0,False,-114.62,-114.62,168.79,False,0.0,False
2022-05-24,2022-05-25,0,Overnight,0.0,False,19.05,19.05,180.22,False,0.0,False
2022-05-25,2022-05-26,0,Overnight,0.0,False,31.1,31.1,4.14,False,0.0,False
2022-05-26,2022-05-27,0,Overnight,0.0,False,-71.66,-71.66,169.48,False,0.0,False
2022-05-27,2022-05-31,3,Long,72.0,False,98.9,98.9,-263.17,False,0.0,False
2022-05-31,2022-06-01,0,Overnight,0.0,False,105.69,105.69,84.16,False,0.0,False
2022-06-01,2022-06-02,0,Overnight,0.0,False,-56.37,-56.37,38.98,False,0.0,False
2022-06-02,2022-06-03,0,Overnight,0.0,False,23.52,23.52,120.82,False,0.0,False
2022-06-03,2022-06-06,2,Weekend,48.0,False,9.08,9.08,-34.34,False,0.0,False
2022-06-06,2022-06-07,0,Overnight,0.0,False,86.63,86.63,361.49,False,0.0,False
2022-06-07,2022-06-08,0,Overnight,0.0,False,11.6,11.6,105.73,False,0.0,False
2022-06-08,2022-06-09,0,Overnight,0.0,False,-112.5,-112.5,-105.95,False,0.0,False
2022-06-09,2022-06-10,0,Overnight,0.0,False,-38.18,-38.18,-146.25,False,0.0,False
2022-06-10,2022-06-13,2,Weekend,48.0,False,-297.02,-297.02,-172.73,False,0.0,False
2022-06-13,2022-06-14,0,Overnight,0.0,False,161.44,161.44,-135.4,False,0.0,False
2022-06-14,2022-06-15,0,Overnight,0.0,False,-11.45,-11.45,-115.26,False,0.0,False
2022-06-15,2022-06-16,0,Overnight,0.0,False,-264.83,-264.83,-110.99,False,0.0,False
2022-06-16,2022-06-17,0,Overnight,0.0,False,-47.16,-47.16,-546.78,False,0.0,False
2022-06-17,2022-06-21,3,Long,72.0,False,281.64,281.64,322.14,False,0.0,False
2022-06-21,2022-06-22,0,Overnight,0.0,False,-440.25,-440.25,36.49,False,0.0,False
2022-06-22,2022-06-23,0,Overnight,0.0,False,90.64,90.64,-396.9,False,0.0,False
2022-06-23,2022-06-24,0,Overnight,0.0,False,202.14,202.14,-5.75,False,0.0,False
2022-06-24,2022-06-27,2,Weekend,48.0,False,104.17,104.17,137.98,False,0.0,False
2022-06-27,2022-06-28,0,Overnight,0.0,False,232.04,232.04,41.62,False,0.0,False
2022-06-28,2022-06-29,0,Overnight,0.0,False,160.45,160.45,-536.85,False,0.0,False
2022-06-29,2022-06-30,0,Overnight,0.0,False,-227.26,-227.26,-58.21,False,0.0,False
2022-06-30,2022-07-01,0,Overnight,0.0,False,127.63,127.63,92.95,False,0.0,False
2022-07-01,2022-07-05,3,Long,72.0,False,-139.17,-139.17,-178.8,False,0.0,False
2022-07-05,2022-07-06,0,Overnight,0.0,False,-124.58,-124.58,-57.47,False,0.0,False
2022-07-06,2022-07-07,0,Overnight,0.0,False,249.03,249.03,65.38,False,0.0,False
2022-07-07,2022-07-08,0,Overnight,0.0,False,116.84,116.84,-100.56,False,0.0,False
2022-07-08,2022-07-11,2,Weekend,48.0,False,-106.28,-106.28,55.03,False,0.0,False
2022-07-11,2022-07-12,0,Overnight,0.0,False,-219.58,-219.58,85.57,False,0.0,False
2022-07-12,2022-07-13,0,Overnight,0.0,False,-133.43,-133.43,173.59,False,0.0,False
2022-07-13,2022-07-14,0,Overnight,0.0,False,-358.79,-358.79,156.38,False,0.0,False
2022-07-14,2022-07-15,0,Overnight,0.0,False,197.7,197.7,-30.71,False,0.0,False
2022-07-15,2022-07-18,2,Weekend,48.0,False,238.44,238.44,-55.59,False,0.0,False
2022-07-18,2022-07-19,0,Overnight,0.0,False,37.1,37.1,211.81,False,0.0,False
2022-07-19,2022-07-20,0,Overnight,0.0,False,-78.48,-78.48,187.77,False,0.0,False
2022-07-20,2022-07-21,0,Overnight,0.0,False,-262.26,-262.26,93.89,False,0.0,False
2022-07-21,2022-07-22,0,Overnight,0.0,False,-22.82,-22.82,-53.83,False,0.0,False
2022-07-22,2022-07-25,2,Weekend,48.0,False,123.26,123.26,204.34,False,0.0,False
2022-07-25,2022-07-26,0,Overnight,0.0,False,127.0,127.0,-165.97,False,0.0,False
2022-07-26,2022-07-27,0,Overnight,0.0,False,72.26,72.26,141.88,False,0.0,False
2022-07-27,2022-07-28,0,Overnight,0.0,False,66.39,66.39,49.78,False,0.0,False
2022-07-28,2022-07-29,0,Overnight,0.0,False,193.5,193.5,259.19,False,0.0,False
2022-07-29,2022-08-01,2,Weekend,48.0,False,-223.25,-223.25,-32.76,False,0.0,False
2022-08-01,2022-08-02,0,Overnight,0.0,False,22.2,22.2,-65.69,False,0.0,False
2022-08-02,2022-08-03,0,Overnight,0.0,False,37.14,37.14,-366.74,False,0.0,False
2022-08-03,2022-08-04,0,Overnight,0.0,False,-78.31,-78.31,-351.59,False,0.0,False
2022-08-04,2022-08-05,0,Overnight,0.0,False,-95.65,-95.65,239.13,False,0.0,False
2022-08-05,2022-08-08,2,Weekend,48.0,False,18.07,18.07,38.3,False,0.0,False
2022-08-08,2022-08-09,0,Overnight,0.0,False,122.91,122.91,59.79,False,0.0,False
2022-08-09,2022-08-10,0,Overnight,0.0,False,9.93,9.93,84.56,False,0.0,False
2022-08-10,2022-08-11,0,Overnight,0.0,False,42.56,137.92,145.93,True,96.23,False
2022-08-11,2022-08-12,0,Overnight,0.0,False,-76.48,-76.48,163.02,False,0.0,False
2022-08-12,2022-08-15,2,Weekend,48.0,False,-376.14,-376.14,195.8,False,0.0,False
2022-08-15,2022-08-16,0,Overnight,0.0,False,-31.46,-31.46,-62.13,False,0.0,False
2022-08-16,2022-08-17,0,Overnight,0.0,False,-20.8,-20.8,101.38,False,0.0,False
2022-08-17,2022-08-18,0,Overnight,0.0,False,102.51,102.51,131.18,False,0.0,False
2022-08-18,2022-08-19,0,Overnight,0.0,False,-23.34,-23.34,-8.5,False,0.0,False
2022-08-19,2022-08-22,2,Weekend,48.0,False,-70.4,-70.4,62.96,False,0.0,False
2022-08-22,2022-08-23,0,Overnight,0.0,False,162.49,162.49,253.18,False,0.0,False
2022-08-23,2022-08-24,0,Overnight,0.0,False,1.02,1.02,57.99,False,0.0,False
2022-08-24,2022-08-25,0,Overnight,0.0,False,34.43,34.43,17.17,False,0.0,False
2022-08-25,2022-08-26,0,Overnight,0.0,False,-32.35,-32.35,-91.54,False,0.0,False
2022-08-26,2022-08-29,2,Weekend,48.0,False,31.62,31.62,195.67,False,0.0,False
2022-08-29,2022-08-30,0,Overnight,0.0,False,-177.35,-177.35,-210.62,False,0.0,False
2022-08-30,2022-08-31,0,Overnight,0.0,False,-239.58,-239.58,164.54,False,0.0,False
2022-08-31,2022-09-01,0,Overnight,0.0,False,-123.15,-123.15,-58.42,False,0.0,False
2022-09-01,2022-09-02,0,Overnight,0.0,False,260.76,260.76,-79.19,False,0.0,False
2022-09-02,2022-09-06,3,Long,72.0,False,59.45,59.45,-126.63,False,0.0,False
2022-09-06,2022-09-07,0,Overnight,0.0,False,-187.1,-187.1,101.43,False,0.0,False
2022-09-07,2022-09-08,0,Overnight,0.0,False,55.09,55.09,26.38,False,0.0,False
2022-09-08,2022-09-09,0,Overnight,0.0,False,168.21,168.21,-2.07,False,0.0,False
2022-09-09,2022-09-12,2,Weekend,48.0,False,118.47,118.47,-4.1,False,0.0,False
2022-09-12,2022-09-13,0,Overnight,0.0,False,-102.98,-102.98,-133.38,False,0.0,False
2022-09-13,2022-09-14,0,Overnight,0.0,False,89.81,89.81,152.69,False,0.0,False
2022-09-14,2022-09-15,0,Overnight,0.0,False,-149.57,-149.57,-145.51,False,0.0,False
2022-09-15,2022-09-16,0,Overnight,0.0,False,25.28,25.28,-197.58,False,0.0,False
2022-09-16,2022-09-19,2,Weekend,48.0,False,-238.86,-238.86,237.78,False,0.0,False
2022-09-19,2022-09-20,0,Overnight,0.0,False,-50.56,-50.56,-31.32,False,0.0,False
2022-09-20,2022-09-21,0,Overnight,0.0,False,121.5,121.5,-284.0,False,0.0,False
2022-09-21,2022-09-22,0,Overnight,0.0,False,136.5,136.5,-178.37,False,0.0,False
2022-09-22,2022-09-23,0,Overnight,0.0,False,-344.84,-344.84,-202.03,False,0.0,False
2022-09-23,2022-09-26,2,Weekend,48.0,False,-99.62,-99.62,-108.95,False,0.0,False
2022-09-26,2022-09-27,0,Overnight,0.0,False,192.23,192.23,15.17,False,0.0,False
2022-09-27,2022-09-28,0,Overnight,0.0,False,44.22,44.22,313.2,False,0.0,False
2022-09-28,2022-09-29,0,Overnight,0.0,False,-76.82,-76.82,56.54,False,0.0,False
2022-09-29,2022-09-30,0,Overnight,0.0,False,-57.68,-57.68,-98.02,False,0.0,False
2022-09-30,2022-10-03,2,Weekend,48.0,False,307.89,307.89,206.65,False,0.0,False
2022-10-03,2022-10-04,0,Overnight,0.0,False,142.58,142.58,215.38,False,0.0,False
2022-10-04,2022-10-05,0,Overnight,0.0,False,50.26,50.26,345.91,False,0.0,False
2022-10-05,2022-10-06,0,Overnight,0.0,False,-65.79,-65.79,358.09,False,0.0,False
2022-10-06,2022-10-07,0,Overnight,0.0,False,12.73,12.73,-114.16,False,0.0,False
2022-10-07,2022-10-10,2,Weekend,48.0,False,45.43,45.43,-264.58,False,0.0,False
2022-10-10,2022-10-11,0,Overnight,0.0,False,-165.26,-165.26,79.91,False,0.0,False
2022-10-11,2022-10-12,0,Overnight,0.0,False,-51.15,-51.15,94.93,False,0.0,False
2022-10-12,2022-10-13,0,Overnight,0.0,False,-89.81,-89.81,433.32,False,0.0,False
2022-10-13,2022-10-14,0,Overnight,0.0,False,-73.9,-73.9,-192.71,False,0.0,False
2022-10-14,2022-10-17,2,Weekend,48.0,False,187.76,187.76,-44.62,False,0.0,False
2022-10-17,2022-10-18,0,Overnight,0.0,False,91.02,91.02,-73.14,False,0.0,False
2022-10-18,2022-10-19,0,Overnight,0.0,False,44.54,44.54,247.77,False,0.0,False
2022-10-19,2022-10-20,0,Overnight,0.0,False,50.93,50.93,-37.46,False,0.0,False
2022-10-20,2022-10-21,0,Overnight,0.0,False,49.91,49.91,134.09,False,0.0,False
2022-10-21,2022-10-24,2,Weekend,48.0,False,-18.91,-18.91,88.57,False,0.0,False
2022-10-24,2022-10-25,0,Overnight,0.0,False,-17.84,-17.84,-49.93,False,0.0,False
2022-10-25,2022-10-26,0,Overnight,0.0,False,35.83,35.83,82.47,False,0.0,False
2022-10-26,2022-10-27,0,Overnight,0.0,False,117.84,117.84,-79.64,False,0.0,False
2022-10-27,2022-10-28,0,Overnight,0.0,False,176.03,176.03,112.65,False,0.0,False
2022-10-28,2022-10-31,2,Weekend,48.0,False,-108.99,-108.99,118.92,False,0.0,False
2022-10-31,2022-11-01,0,Overnight,0.0,False,139.8,139.8,-41.02,False,0.0,False
2022-11-01,2022-11-02,0,Overnight,0.0,False,-29.53,-29.53,-178.13,False,0.0,False
2022-11-02,2022-11-03,0,Overnight,0.0,False,-94.41,-94.41,229.43,False,0.0,False
2022-11-03,2022-11-04,0,Overnight,0.0,False,169.57,169.57,-61.25,False,0.0,False
2022-11-04,2022-11-07,2,Weekend,49.0,False,8.9,8.9,108.83,False,0.0,False
2022-11-07,2022-11-08,0,Overnight,0.0,False,-14.09,-14.09,45.72,False,0.0,False
2022-11-08,2022-11-09,0,Overnight,0.0,False,-79.26,-79.26,-378.42,False,0.0,False
2022-11-09,2022-11-10,0,Overnight,0.0,False,117.76,117.76,28.09,False,0.0,False
2022-11-10,2022-11-11,0,Overnight,0.0,False,186.49,186.49,120.96,False,0.0,False
2022-11-11,2022-11-14,2,Weekend,48.0,False,-116.52,-36.05,65.49,True,79.86,False
2022-11-14,2022-11-15,0,Overnight,0.0,False,37.86,37.86,28.96,False,0.0,False
2022-11-15,2022-11-16,0,Overnight,0.0,False,-60.64,-60.64,-46.83,False,0.0,False
2022-11-16,2022-11-17,0,Overnight,0.0,False,-144.52,-144.52,157.79,False,0.0,False
2022-11-17,2022-11-18,0,Overnight,0.0,False,-192.9,-192.9,105.84,False,0.0,False
2022-11-18,2022-11-21,2,Weekend,48.0,False,-188.23,-188.23,88.7,False,0.0,False
2022-11-21,2022-11-22,0,Overnight,0.0,False,111.12,111.12,174.04,False,0.0,False
2022-11-22,2022-11-23,0,Overnight,0.0,False,-164.24,-164.24,114.2,False,0.0,False
2022-11-23,2022-11-25,1,Short,24.0,False,23.74,23.74,-59.01,False,0.0,False
2022-11-25,2022-11-28,2,Weekend,48.0,True,-227.82,-227.82,-77.11,False,0.0,False
2022-11-28,2022-11-29,0,Overnight,0.0,False,72.59,72.59,-6.33,False,0.0,False
2022-11-29,2022-11-30,0,Overnight,0.0,False,90.06,90.06,-17.95,False,0.0,False
2022-11-30,2022-12-01,0,Overnight,0.0,False,26.91,26.91,-75.53,False,0.0,False
2022-12-01,2022-12-02,0,Overnight,0.0,False,-117.11,-117.11,31.91,False,0.0,False
2022-12-02,2022-12-05,2,Weekend,48.0,False,76.17,76.17,-353.98,False,0.0,False
2022-12-05,2022-12-06,0,Overnight,0.0,False,-89.31,-89.31,-192.59,False,0.0,False
2022-12-06,2022-12-07,0,Overnight,0.0,False,-9.63,-9.63,-12.53,False,0.0,False
2022-12-07,2022-12-08,0,Overnight,0.0,False,250.57,250.57,-176.56,False,0.0,False
2022-12-08,2022-12-09,0,Overnight,0.0,False,16.27,16.27,-100.9,False,0.0,False
2022-12-09,2022-12-12,2,Weekend,48.0,False,27.97,27.97,215.33,False,0.0,False
2022-12-12,2022-12-13,0,Overnight,0.0,False,159.9,159.9,-51.15,False,0.0,False
2022-12-13,2022-12-14,0,Overnight,0.0,False,68.76,68.76,-142.69,False,0.0,False
2022-12-14,2022-12-15,0,Overnight,0.0,False,-106.71,-106.71,10.44,False,0.0,False
2022-12-15,2022-12-16,0,Overnight,0.0,False,-167.36,-167.36,96.93,False,0.0,False
2022-12-16,2022-12-19,2,Weekend,48.0,False,53.34,53.34,-8.55,False,0.0,False
2022-12-19,2022-12-20,0,Overnight,0.0,False,0.0,0.0,143.49,False,0.0,False
2022-12-20,2022-12-21,0,Overnight,0.0,False,148.85,148.85,-21.26,False,0.0,False
2022-12-21,2022-12-22,0,Overnight,0.0,False,-15.74,-15.74,-188.06,False,0.0,False
2022-12-22,2022-12-23,0,Overnight,0.0,False,100.55,100.55,160.46,False,0.0,False
2022-12-23,2022-12-27,3,Long,72.0,False,54.14,54.14,83.84,False,0.0,False
2022-12-27,2022-12-28,0,Overnight,0.0,False,-25.44,-25.44,-140.18,False,0.0,False
2022-12-28,2022-12-29,0,Overnight,0.0,False,-36.05,-36.05,111.42,False,0.0,False
2022-12-29,2022-12-30,0,Overnight,0.0,False,-54.18,-54.18,154.4,False,0.0,False
2022-12-30,2023-01-03,3,Long,72.0,False,-47.26,-47.26,-302.39,False,0.0,False
2023-01-03,2023-01-04,0,Overnight,0.0,False,-161.85,-161.85,190.91,False,0.0,False
2023-01-04,2023-01-05,0,Overnight,0.0,False,-45.04,-45.04,266.31,False,0.0,False
2023-01-05,2023-01-06,0,Overnight,0.0,False,79.35,79.35,40.8,False,0.0,False
2023-01-06,2023-01-09,2,Weekend,48.0,False,99.92,99.92,-288.06,False,0.0,False
2023-01-09,2023-01-10,0,Overnight,0.0,False,120.96,120.96,27.29,False,0.0,False
2023-01-10,2023-01-11,0,Overnight,0.0,False,81.42,81.42,34.18,False,0.0,False
2023-01-11,2023-01-12,0,Overnight,0.0,False,40.32,40.32,124.42,False,0.0,False
2023-01-12,2023-01-13,0,Overnight,0.0,False,-9.72,-9.72,3.54,False,0.0,False
2023-01-13,2023-01-17,3,Long,72.0,False,22.95,22.95,-42.41,False,0.0,False
2023-01-17,2023-01-18,0,Overnight,0.0,False,29.18,29.18,-236.76,False,0.0,False
2023-01-18,2023-01-19,0,Overnight,0.0,False,-48.94,-48.94,112.92,False,0.0,False
2023-01-19,2023-01-20,0,Overnight,0.0,False,3.59,3.59,177.12,False,0.0,False
2023-01-20,2023-01-23,2,Weekend,48.0,False,25.55,25.55,-77.74,False,0.0,False
2023-01-23,2023-01-24,0,Overnight,0.0,False,-324.47,-324.47,417.16,False,0.0,False
2023-01-24,2023-01-25,0,Overnight,0.0,False,-51.09,-51.09,-1.77,False,0.0,False
2023-01-25,2023-01-26,0,Overnight,0.0,False,132.5,132.5,261.54,False,0.0,False
2023-01-26,2023-01-27,0,Overnight,0.0,False,-69.02,-69.02,-115.24,False,0.0,False
2023-01-27,2023-01-30,2,Weekend,48.0,False,-45.08,-45.08,-133.83,False,0.0,False
2023-01-30,2023-01-31,0,Overnight,0.0,False,-129.4,-129.4,342.85,False,0.0,False
2023-01-31,2023-02-01,0,Overnight,0.0,False,-15.53,-15.53,-94.55,False,0.0,False
2023-02-01,2023-02-02,0,Overnight,0.0,False,9.58,9.58,-327.46,False,0.0,False
2023-02-02,2023-02-03,0,Overnight,0.0,False,67.25,67.25,1.79,False,0.0,False
2023-02-03,2023-02-06,2,Weekend,48.0,False,39.24,39.24,-56.23,False,0.0,False
2023-02-06,2023-02-07,0,Overnight,0.0,False,58.9,58.9,222.61,False,0.0,False
2023-02-07,2023-02-08,0,Overnight,0.0,False,11.31,11.31,-98.7,False,0.0,False
2023-02-08,2023-02-09,0,Overnight,0.0,False,61.26,61.26,-23.58,False,0.0,False
2023-02-09,2023-02-10,0,Overnight,0.0,False,187.13,187.13,225.74,False,0.0,False
2023-02-10,2023-02-13,2,Weekend,48.0,False,-122.42,-45.42,6.79,True,76.36,False
2023-02-13,2023-02-14,0,Overnight,0.0,False,-67.29,-67.29,-50.55,False,0.0,False
2023-02-14,2023-02-15,0,Overnight,0.0,False,-60.31,-60.31,30.2,False,0.0,False
2023-02-15,2023-02-16,0,Overnight,0.0,False,-65.69,-65.69,36.36,False,0.0,False
2023-02-16,2023-02-17,0,Overnight,0.0,False,-133.96,-133.96,-258.14,False,0.0,False
2023-02-17,2023-02-21,3,Long,72.0,False,-42.33,-42.33,32.44,False,0.0,False
2023-02-21,2023-02-22,0,Overnight,0.0,False,-62.26,-62.26,-68.12,False,0.0,False
2023-02-22,2023-02-23,0,Overnight,0.0,False,90.72,90.72,0.9,False,0.0,False
2023-02-23,2023-02-24,0,Overnight,0.0,False,-128.14,-128.14,129.05,False,0.0,False
2023-02-24,2023-02-27,2,Weekend,48.0,False,4.51,4.51,-22.59,False,0.0,False
2023-02-27,2023-02-28,0,Overnight,0.0,False,62.22,62.22,-120.28,False,0.0,False
2023-02-28,2023-03-01,0,Overnight,0.0,False,-54.74,-54.74,143.51,False,0.0,False
2023-03-01,2023-03-02,0,Overnight,0.0,False,-24.38,-24.38,70.26,False,0.0,False
2023-03-02,2023-03-03,0,Overnight,0.0,False,-121.93,-121.93,247.7,False,0.0,False
2023-03-03,2023-03-06,2,Weekend,48.0,False,-72.95,-72.95,161.21,False,0.0,False
2023-03-06,2023-03-07,0,Overnight,0.0,False,-88.25,-88.25,-106.94,False,0.0,False
2023-03-07,2023-03-08,0,Overnight,0.0,False,-34.11,-34.11,-113.02,False,0.0,False
2023-03-08,2023-03-09,0,Overnight,0.0,False,80.6,80.6,-158.19,False,0.0,False
2023-03-09,2023-03-10,0,Overnight,0.0,False,39.33,39.33,-163.8,False,0.0,False
2023-03-10,2023-03-13,2,Weekend,47.0,False,-228.99,-228.99,113.27,False,0.0,False
2023-03-13,2023-03-14,0,Overnight,0.0,False,-17.85,-17.85,55.32,False,0.0,False
2023-03-14,2023-03-15,0,Overnight,0.0,False,-392.88,-392.88,-117.39,False,0.0,False
2023-03-15,2023-03-16,0,Overnight,0.0,False,-250.1,-250.1,191.87,False,0.0,False
2023-03-16,2023-03-17,0,Overnight,0.0,False,-42.65,-42.65,-75.83,False,0.0,False
2023-03-17,2023-03-20,2,Weekend,48.0,False,-21.06,-21.06,279.12,False,0.0,False
2023-03-20,2023-03-21,0,Overnight,0.0,False,166.49,166.49,271.78,False,0.0,False
2023-03-21,2023-03-22,0,Overnight,0.0,False,-22.45,-22.45,-209.1,False,0.0,False
2023-03-22,2023-03-23,0,Overnight,0.0,False,73.35,73.35,-186.81,False,0.0,False
2023-03-23,2023-03-24,0,Overnight,0.0,False,-189.39,-189.39,200.98,False,0.0,False
2023-03-24,2023-03-27,2,Weekend,48.0,False,116.2,116.2,100.69,False,0.0,False
2023-03-27,2023-03-28,0,Overnight,0.0,False,-34.08,-34.08,158.08,False,0.0,False
2023-03-28,2023-03-29,0,Overnight,0.0,False,87.37,87.37,82.94,False,0.0,False
2023-03-29,2023-03-30,0,Overnight,0.0,False,54.0,54.0,-5.48,False,0.0,False
2023-03-30,2023-03-31,0,Overnight,0.0,False,17.34,17.34,-1.82,False,0.0,False
2023-03-31,2023-04-03,2,Weekend,48.0,False,334.48,334.48,238.77,False,0.0,False
2023-04-03,2023-04-04,0,Overnight,0.0,False,11.19,11.19,-107.23,False,0.0,False
2023-04-04,2023-04-05,0,Overnight,0.0,False,28.65,28.65,141.17,False,0.0,False
2023-04-05,2023-04-06,0,Overnight,0.0,False,-11.12,-11.12,-156.1,False,0.0,False
2023-04-06,2023-04-10,3,Long,72.0,False,-23.5,-23.5,-20.93,False,0.0,False
2023-04-10,2023-04-11,0,Overnight,0.0,False,36.6,36.6,33.87,False,0.0,False
2023-04-11,2023-04-12,0,Overnight,0.0,False,69.98,69.98,-80.38,False,0.0,False
2023-04-12,2023-04-13,0,Overnight,0.0,False,-54.82,-54.82,101.58,False,0.0,False
2023-04-13,2023-04-14,0,Overnight,0.0,False,11.22,11.22,12.93,False,0.0,False
2023-04-14,2023-04-17,2,Weekend,48.0,False,-48.37,-48.37,-68.64,False,0.0,False
2023-04-17,2023-04-18,0,Overnight,0.0,False,-27.06,-27.06,220.47,False,0.0,False
2023-04-18,2023-04-19,0,Overnight,0.0,False,-73.81,-73.81,42.12,False,0.0,False
2023-04-19,2023-04-20,0,Overnight,0.0,False,-124.3,-124.3,44.2,False,0.0,False
2023-04-20,2023-04-21,0,Overnight,0.0,False,73.24,73.24,-41.29,False,0.0,False
2023-04-21,2023-04-24,2,Weekend,48.0,False,-7.76,-7.76,194.78,False,0.0,False
2023-04-24,2023-04-25,0,Overnight,0.0,False,-55.14,-55.14,-88.01,False,0.0,False
2023-04-25,2023-04-26,0,Overnight,0.0,False,-42.14,-42.14,-50.11,False,0.0,False
2023-04-26,2023-04-27,0,Overnight,0.0,False,14.71,14.71,104.11,False,0.0,False
2023-04-27,2023-04-28,0,Overnight,0.0,False,35.89,35.89,92.53,False,0.0,False
2023-04-28,2023-05-01,2,Weekend,48.0,False,-200.58,-200.58,-114.46,False,0.0,False
2023-05-01,2023-05-02,0,Overnight,0.0,False,-63.86,-63.86,-342.83,False,0.0,False
2023-05-02,2023-05-03,0,Overnight,0.0,False,-93.07,-93.07,-105.99,False,0.0,False
2023-05-03,2023-05-04,0,Overnight,0.0,False,-2.78,-2.78,-173.88,False,0.0,False
2023-05-04,2023-05-05,0,Overnight,0.0,False,233.95,233.95,11.97,False,0.0,False
2023-05-05,2023-05-08,2,Weekend,48.0,False,166.08,166.08,-126.59,False,0.0,False
2023-05-08,2023-05-09,0,Overnight,0.0,False,-70.82,-70.82,73.57,False,0.0,False
2023-05-09,2023-05-10,0,Overnight,0.0,False,54.82,54.82,-183.93,False,0.0,False
2023-05-10,2023-05-11,0,Overnight,0.0,False,-116.7,-116.7,-65.95,False,0.0,False
2023-05-11,2023-05-12,0,Overnight,0.0,False,49.03,49.03,-49.98,False,0.0,False
2023-05-12,2023-05-15,2,Weekend,48.0,False,-25.56,60.32,-41.79,True,86.03,False
2023-05-15,2023-05-16,0,Overnight,0.0,False,-41.97,-41.97,-203.72,False,0.0,False
2023-05-16,2023-05-17,0,Overnight,0.0,False,84.5,84.5,137.36,False,0.0,False
2023-05-17,2023-05-18,0,Overnight,0.0,False,-25.79,-25.79,116.01,False,0.0,False
2023-05-18,2023-05-19,0,Overnight,0.0,False,75.35,75.35,-29.13,False,0.0,False
2023-05-19,2023-05-22,2,Weekend,48.0,False,-39.6,-39.6,-82.54,False,0.0,False
2023-05-22,2023-05-23,0,Overnight,0.0,False,96.7,96.7,38.61,False,0.0,False
2023-05-23,2023-05-24,0,Overnight,0.0,False,91.68,91.68,19.54,False,0.0,False
2023-05-24,2023-05-25,0,Overnight,0.0,False,-154.55,-154.55,-26.46,False,0.0,False
2023-05-25,2023-05-26,0,Overnight,0.0,False,76.37,76.37,-141.89,False,0.0,False
2023-05-26,2023-05-30,3,Long,72.0,False,-161.34,-161.34,72.35,False,0.0,False
2023-05-30,2023-05-31,0,Overnight,0.0,False,-169.64,-169.64,-10.76,False,0.0,False
2023-05-31,2023-06-01,0,Overnight,0.0,False,-42.17,-42.17,156.99,False,0.0,False
2023-06-01,2023-06-02,0,Overnight,0.0,False,172.65,172.65,56.89,False,0.0,False
2023-06-02,2023-06-05,2,Weekend,48.0,False,134.31,134.31,-178.85,False,0.0,False
2023-06-05,2023-06-06,0,Overnight,0.0,False,-108.86,-108.86,190.21,False,0.0,False
2023-06-06,2023-06-07,0,Overnight,0.0,False,60.11,60.11,161.62,False,0.0,False
2023-06-07,2023-06-08,0,Overnight,0.0,False,22.09,22.09,-53.47,False,0.0,False
2023-06-08,2023-06-09,0,Overnight,0.0,False,24.92,24.92,-99.14,False,0.0,False
2023-06-09,2023-06-12,2,Weekend,48.0,False,-148.22,-148.22,57.48,False,0.0,False
2023-06-12,2023-06-13,0,Overnight,0.0,False,89.8,89.8,-87.92,False,0.0,False
2023-06-13,2023-06-14,0,Overnight,0.0,False,94.44,94.44,-215.43,False,0.0,False
2023-06-14,2023-06-15,0,Overnight,0.0,False,32.28,32.28,36.9,False,0.0,False
2023-06-15,2023-06-16,0,Overnight,0.0,False,44.29,44.29,-116.32,False,0.0,False
2023-06-16,2023-06-20,3,Long,72.0,False,-42.9,-42.9,-189.01,False,0.0,False
2023-06-20,2023-06-21,0,Overnight,0.0,False,-21.44,-21.44,132.77,False,0.0,False
2023-06-21,2023-06-22,0,Overnight,0.0,False,-99.66,-99.66,44.63,False,0.0,False
2023-06-22,2023-06-23,0,Overnight,0.0,False,-68.97,-68.97,-18.54,False,0.0,False
2023-06-23,2023-06-26,2,Weekend,48.0,False,-19.55,-19.55,202.44,False,0.0,False
2023-06-26,2023-06-27,0,Overnight,0.0,False,-23.04,-23.04,47.94,False,0.0,False
2023-06-27,2023-06-28,0,Overnight,0.0,False,-22.98,-22.98,103.95,False,0.0,False
2023-06-28,2023-06-29,0,Overnight,0.0,False,24.64,24.64,97.95,False,0.0,False
2023-06-29,2023-06-30,0,Overnight,0.0,False,57.94,57.94,-6.52,False,0.0,False
2023-06-30,2023-07-03,2,Weekend,48.0,False,22.35,22.35,-2.79,False,0.0,False
2023-07-03,2023-07-05,1,Short,24.0,True,15.81,15.81,-67.12,False,0.0,False
2023-07-05,2023-07-06,0,Overnight,0.0,False,-171.7,-171.7,-208.65,False,0.0,False
2023-07-06,2023-07-07,0,Overnight,0.0,False,-97.64,-97.64,120.93,False,0.0,False
2023-07-07,2023-07-10,2,Weekend,48.0,False,-18.44,-18.44,165.66,False,0.0,False
2023-07-10,2023-07-11,0,Overnight,0.0,False,54.3,54.3,67.23,False,0.0,False
2023-07-11,2023-07-12,0,Overnight,0.0,False,96.73,96.73,-47.78,False,0.0,False
2023-07-12,2023-07-13,0,Overnight,0.0,False,-48.95,-48.95,-135.86,False,0.0,False
2023-07-13,2023-07-14,0,Overnight,0.0,False,-46.98,-46.98,-303.45,False,0.0,False
2023-07-14,2023-07-17,2,Weekend,48.0,False,-21.82,-21.82,65.31,False,0.0,False
2023-07-17,2023-07-18,0,Overnight,0.0,False,-45.48,-45.48,0.0,False,0.0,False
2023-07-18,2023-07-19,0,Overnight,0.0,False,12.87,12.87,56.25,False,0.0,False
2023-07-19,2023-07-20,0,Overnight,0.0,False,90.13,90.13,84.49,False,0.0,False
2023-07-20,2023-07-21,0,Overnight,0.0,False,72.27,72.27,-25.96,False,0.0,False
2023-07-21,2023-07-24,2,Weekend,48.0,False,45.14,45.14,110.54,False,0.0,False
2023-07-24,2023-07-25,0,Overnight,0.0,False,-43.69,-43.69,58.84,False,0.0,False
2023-07-25,2023-07-26,0,Overnight,0.0,False,-54.08,-54.08,-1.9,False,0.0,False
2023-07-26,2023-07-27,0,Overnight,0.0,False,86.22,86.22,-54.87,False,0.0,False
2023-07-27,2023-07-28,0,Overnight,0.0,False,-29.45,-29.45,-90.79,False,0.0,False
2023-07-28,2023-07-31,2,Weekend,48.0,False,98.4,98.4,193.01,False,0.0,False
2023-07-31,2023-08-01,0,Overnight,0.0,False,-27.08,-27.08,-30.9,False,0.0,False
2023-08-01,2023-08-02,0,Overnight,0.0,False,-33.82,-33.82,-91.7,False,0.0,False
2023-08-02,2023-08-03,0,Overnight,0.0,False,56.82,56.82,115.49,False,0.0,False
2023-08-03,2023-08-04,0,Overnight,0.0,False,78.11,78.11,-50.14,False,0.0,False
2023-08-04,2023-08-07,2,Weekend,48.0,False,44.59,44.59,-65.09,False,0.0,False
2023-08-07,2023-08-08,0,Overnight,0.0,False,-108.8,-108.8,158.12,False,0.0,False
2023-08-08,2023-08-09,0,Overnight,0.0,False,90.56,90.56,77.89,False,0.0,False
2023-08-09,2023-08-10,0,Overnight,0.0,False,57.34,57.34,-6.35,False,0.0,False
2023-08-10,2023-08-11,0,Overnight,0.0,False,22.68,22.68,131.41,False,0.0,False
2023-08-11,2023-08-14,2,Weekend,48.0,False,-13.42,-13.42,21.47,False,0.0,False
2023-08-14,2023-08-15,0,Overnight,0.0,False,-105.09,-23.26,-236.64,True,81.31,False
2023-08-15,2023-08-16,0,Overnight,0.0,False,11.09,11.09,-180.79,False,0.0,False
2023-08-16,2023-08-17,0,Overnight,0.0,False,101.05,101.05,90.82,False,0.0,False
2023-08-17,2023-08-18,0,Overnight,0.0,False,-70.36,-70.36,220.52,False,0.0,False
2023-08-18,2023-08-21,2,Weekend,48.0,False,29.04,29.04,-150.64,False,0.0,False
2023-08-21,2023-08-22,0,Overnight,0.0,False,42.23,42.23,-98.5,False,0.0,False
2023-08-22,2023-08-23,0,Overnight,0.0,False,-98.54,-98.54,10.27,False,0.0,False
2023-08-23,2023-08-24,0,Overnight,0.0,False,-68.36,-68.36,-6.58,False,0.0,False
2023-08-24,2023-08-25,0,Overnight,0.0,False,101.04,101.04,76.04,False,0.0,False
2023-08-25,2023-08-28,2,Weekend,48.0,False,18.46,18.46,65.26,False,0.0,False
2023-08-28,2023-08-29,0,Overnight,0.0,False,45.7,45.7,13.67,False,0.0,False
2023-08-29,2023-08-30,0,Overnight,0.0,False,57.21,57.21,39.76,False,0.0,False
2023-08-30,2023-08-31,0,Overnight,0.0,False,21.62,21.62,6.3,False,0.0,False
2023-08-31,2023-09-01,0,Overnight,0.0,False,90.42,90.42,116.96,False,0.0,False
2023-09-01,2023-09-05,3,Long,72.0,False,50.96,50.96,-50.08,False,0.0,False
2023-09-05,2023-09-06,0,Overnight,0.0,False,-4.4,-4.4,90.36,False,0.0,False
2023-09-06,2023-09-07,0,Overnight,0.0,False,12.22,12.22,-61.24,False,0.0,False
2023-09-07,2023-09-08,0,Overnight,0.0,False,50.77,50.77,93.86,False,0.0,False
2023-09-08,2023-09-11,2,Weekend,48.0,False,49.18,49.18,-175.4,False,0.0,False
2023-09-11,2023-09-12,0,Overnight,0.0,False,102.83,102.83,184.69,False,0.0,False
2023-09-12,2023-09-13,0,Overnight,0.0,False,-6.81,-6.81,-82.96,False,0.0,False
2023-09-13,2023-09-14,0,Overnight,0.0,False,94.88,94.88,82.18,False,0.0,False
2023-09-14,2023-09-15,0,Overnight,0.0,False,-52.45,-52.45,-102.3,False,0.0,False
2023-09-15,2023-09-18,2,Weekend,48.0,False,70.87,70.87,9.35,False,0.0,False
2023-09-18,2023-09-19,0,Overnight,0.0,False,82.96,82.96,-109.35,False,0.0,False
2023-09-19,2023-09-20,0,Overnight,0.0,False,-67.56,-67.56,-12.02,False,0.0,False
2023-09-20,2023-09-21,0,Overnight,0.0,False,49.7,49.7,-191.6,False,0.0,False
2023-09-21,2023-09-22,0,Overnight,0.0,False,82.44,82.44,-66.77,False,0.0,False
2023-09-22,2023-09-25,2,Weekend,48.0,False,13.04,13.04,98.57,False,0.0,False
2023-09-25,2023-09-26,0,Overnight,0.0,False,-63.0,-63.0,78.48,False,0.0,False
2023-09-26,2023-09-27,0,Overnight,0.0,False,126.34,126.34,194.05,False,0.0,False
2023-09-27,2023-09-28,0,Overnight,0.0,False,-18.32,-18.32,-42.6,False,0.0,False
2023-09-28,2023-09-29,0,Overnight,0.0,False,-31.02,-31.02,-128.44,False,0.0,False
2023-09-29,2023-10-02,2,Weekend,48.0,False,-4.25,-4.25,-162.98,False,0.0,False
2023-10-02,2023-10-03,0,Overnight,0.0,False,-16.44,-16.44,33.73,False,0.0,False
2023-10-03,2023-10-04,0,Overnight,0.0,False,-154.87,-154.87,-226.12,False,0.0,False
2023-10-04,2023-10-05,0,Overnight,0.0,False,-153.64,-153.64,-74.04,False,0.0,False
2023-10-05,2023-10-06,0,Overnight,0.0,False,-303.67,-303.67,135.28,False,0.0,False
2023-10-06,2023-10-09,2,Weekend,48.0,False,300.56,300.56,43.37,False,0.0,False
2023-10-09,2023-10-10,0,Overnight,0.0,False,9.01,9.01,-51.47,False,0.0,False
2023-10-10,2023-10-11,0,Overnight,0.0,False,-321.08,-321.08,-44.04,False,0.0,False
2023-10-11,2023-10-12,0,Overnight,0.0,False,102.77,102.77,-104.64,False,0.0,False
2023-10-12,2023-10-13,0,Overnight,0.0,False,145.46,145.46,168.89,False,0.0,False
2023-10-13,2023-10-16,2,Weekend,48.0,False,57.18,57.18,-49.9,False,0.0,False
2023-10-16,2023-10-17,0,Overnight,0.0,False,-20.03,-20.03,150.15,False,0.0,False
2023-10-17,2023-10-18,0,Overnight,0.0,False,38.53,38.53,100.55,False,0.0,False
2023-10-18,2023-10-19,0,Overnight,0.0,False,-20.38,-20.38,26.58,False,0.0,False
2023-10-19,2023-10-20,0,Overnight,0.0,False,-8.85,-8.85,-164.29,False,0.0,False
2023-10-20,2023-10-23,2,Weekend,48.0,False,-40.59,-40.59,-107.23,False,0.0,False
2023-10-23,2023-10-24,0,Overnight,0.0,False,22.82,22.82,-120.14,False,0.0,False
2023-10-24,2023-10-25,0,Overnight,0.0,False,11.99,11.99,6.45,False,0.0,False
2023-10-25,2023-10-26,0,Overnight,0.0,False,-105.54,-105.54,13.95,False,0.0,False
2023-10-26,2023-10-27,0,Overnight,0.0,False,119.18,119.18,-311.53,False,0.0,False
2023-10-27,2023-10-30,2,Weekend,48.0,False,17.98,17.98,13.23,False,0.0,False
2023-10-30,2023-10-31,0,Overnight,0.0,False,-28.37,-28.37,25.54,False,0.0,False
2023-10-31,2023-11-01,0,Overnight,0.0,False,64.04,64.04,-83.9,False,0.0,False
2023-11-01,2023-11-02,0,Overnight,0.0,False,22.69,22.69,300.5,False,0.0,False
2023-11-02,2023-11-03,0,Overnight,0.0,False,-65.28,-65.28,-57.36,False,0.0,False
2023-11-03,2023-11-06,2,Weekend,49.0,False,36.12,36.12,-214.92,False,0.0,False
2023-11-06,2023-11-07,0,Overnight,0.0,False,-133.12,-133.12,-24.92,False,0.0,False
2023-11-07,2023-11-08,0,Overnight,0.0,False,-46.17,-46.17,-77.42,False,0.0,False
2023-11-08,2023-11-09,0,Overnight,0.0,False,71.64,71.64,-68.72,False,0.0,False
2023-11-09,2023-11-10,0,Overnight,0.0,False,93.77,93.77,-17.33,False,0.0,False
2023-11-10,2023-11-13,2,Weekend,48.0,False,28.87,28.87,75.64,False,0.0,False
2023-11-13,2023-11-14,0,Overnight,0.0,False,-51.64,39.03,-0.96,True,90.61,False
2023-11-14,2023-11-15,0,Overnight,0.0,False,-31.69,-31.69,-28.9,False,0.0,False
2023-11-15,2023-11-16,0,Overnight,0.0,False,-73.59,-73.59,-42.85,False,0.0,False
2023-11-16,2023-11-17,0,Overnight,0.0,False,58.39,58.39,182.68,False,0.0,False
2023-11-17,2023-11-20,2,Weekend,48.0,False,39.94,39.94,-83.86,False,0.0,False
2023-11-20,2023-11-21,0,Overnight,0.0,False,-27.79,-27.79,23.96,False,0.0,False
2023-11-21,2023-11-22,0,Overnight,0.0,False,-181.61,-181.61,138.44,False,0.0,False
2023-11-22,2023-11-24,1,Short,24.0,False,0.96,0.96,52.74,False,0.0,False
2023-11-24,2023-11-27,2,Weekend,48.0,True,-45.05,-45.05,-13.46,False,0.0,False
2023-11-27,2023-11-28,0,Overnight,0.0,False,26.9,26.9,-32.67,False,0.0,False
2023-11-28,2023-11-29,0,Overnight,0.0,False,35.55,35.55,-186.83,False,0.0,False
2023-11-29,2023-11-30,0,Overnight,0.0,False,74.96,74.96,-35.95,False,0.0,False
2023-11-30,2023-12-01,0,Overnight,0.0,False,-23.39,-23.39,47.69,False,0.0,False
2023-12-01,2023-12-04,2,Weekend,48.0,False,-83.85,-83.85,29.33,False,0.0,False
2023-12-04,2023-12-05,0,Overnight,0.0,False,-15.63,-15.63,-180.56,False,0.0,False
2023-12-05,2023-12-06,0,Overnight,0.0,False,-43.9,-43.9,-89.4,False,0.0,False
2023-12-06,2023-12-07,0,Overnight,0.0,False,75.39,75.39,-145.25,False,0.0,False
2023-12-07,2023-12-08,0,Overnight,0.0,False,60.78,60.78,53.38,False,0.0,False
2023-12-08,2023-12-11,2,Weekend,48.0,False,25.08,25.08,-18.05,False,0.0,False
2023-12-11,2023-12-12,0,Overnight,0.0,False,-94.81,-94.81,-64.05,False,0.0,False
2023-12-12,2023-12-13,0,Overnight,0.0,False,-1.02,-1.02,89.36,False,0.0,False
2023-12-13,2023-12-14,0,Overnight,0.0,False,93.58,93.58,171.78,False,0.0,False
2023-12-14,2023-12-15,0,Overnight,0.0,False,-97.94,-97.94,30.77,False,0.0,False
2023-12-15,2023-12-18,2,Weekend,48.0,False,121.17,121.17,-47.11,False,0.0,False
2023-12-18,2023-12-19,0,Overnight,0.0,False,34.37,34.37,96.59,False,0.0,False
2023-12-19,2023-12-20,0,Overnight,0.0,False,49.4,49.4,-217.81,False,0.0,False
2023-12-20,2023-12-21,0,Overnight,0.0,False,19.73,19.73,25.59,False,0.0,False
2023-12-21,2023-12-22,0,Overnight,0.0,False,56.85,56.85,-39.17,False,0.0,False
2023-12-22,2023-12-26,3,Long,72.0,False,81.11,81.11,-58.57,False,0.0,False
2023-12-26,2023-12-27,0,Overnight,0.0,False,-9.8,-9.8,-37.31,False,0.0,False
2023-12-27,2023-12-28,0,Overnight,0.0,False,-26.59,-26.59,-119.06,False,0.0,False
2023-12-28,2023-12-29,0,Overnight,0.0,False,17.95,17.95,-38.93,False,0.0,False
2023-12-29,2024-01-02,3,Long,72.0,False,93.58,93.58,141.68,False,0.0,False
2024-01-02,2024-01-03,0,Overnight,0.0,False,-8.8,-8.8,92.46,False,0.0,False
2024-01-03,2024-01-04,0,Overnight,0.0,False,82.97,82.97,-170.55,False,0.0,False
2024-01-04,2024-01-05,0,Overnight,0.0,False,82.73,82.73,-52.48,False,0.0,False
2024-01-05,2024-01-08,2,Weekend,48.0,False,-186.87,-186.87,18.84,False,0.0,False
2024-01-08,2024-01-09,0,Overnight,0.0,False,36.6,36.6,-161.23,False,0.0,False
2024-01-09,2024-01-10,0,Overnight,0.0,False,13.04,13.04,-111.85,False,0.0,False
2024-01-10,2024-01-11,0,Overnight,0.0,False,35.4,35.4,-37.43,False,0.0,False
2024-01-11,2024-01-12,0,Overnight,0.0,False,147.88,147.88,-18.99,False,0.0,False
2024-01-12,2024-01-16,3,Long,72.0,False,-13.01,-13.01,-215.69,False,0.0,False
2024-01-16,2024-01-17,0,Overnight,0.0,False,-112.2,-112.2,39.26,False,0.0,False
2024-01-17,2024-01-18,0,Overnight,0.0,False,2.06,2.06,-20.64,False,0.0,False
2024-01-18,2024-01-19,0,Overnight,0.0,False,-8.27,-8.27,23.75,False,0.0,False
2024-01-19,2024-01-22,2,Weekend,48.0,False,-25.82,-25.82,12.4,False,0.0,False
2024-01-22,2024-01-23,0,Overnight,0.0,False,-1.03,-1.03,112.98,False,0.0,False
2024-01-23,2024-01-24,0,Overnight,0.0,False,41.79,41.79,129.35,False,0.0,False
2024-01-24,2024-01-25,0,Overnight,0.0,False,71.03,71.03,179.81,False,0.0,False
2024-01-25,2024-01-26,0,Overnight,0.0,False,-15.68,-15.68,100.5,False,0.0,False
2024-01-26,2024-01-29,2,Weekend,48.0,False,-1.94,-1.94,14.55,False,0.0,False
2024-01-29,2024-01-30,0,Overnight,0.0,False,-70.06,-70.06,235.46,False,0.0,False
2024-01-30,2024-01-31,0,Overnight,0.0,False,-10.5,-10.5,-185.98,False,0.0,False
2024-01-31,2024-02-01,0,Overnight,0.0,False,73.65,73.65,-114.59,False,0.0,False
2024-02-01,2024-02-02,0,Overnight,0.0,False,131.95,131.95,-173.05,False,0.0,False
2024-02-02,2024-02-05,2,Weekend,48.0,False,-51.13,-51.13,9.85,False,0.0,False
2024-02-05,2024-02-06,0,Overnight,0.0,False,51.08,51.08,17.62,False,0.0,False
2024-02-06,2024-02-07,0,Overnight,0.0,False,0.0,0.0,-2.93,False,0.0,False
2024-02-07,2024-02-08,0,Overnight,0.0,False,11.73,11.73,158.02,False,0.0,False
2024-02-08,2024-02-09,0,Overnight,0.0,False,12.5,12.5,-226.37,False,0.0,False
2024-02-09,2024-02-12,2,Weekend,48.0,False,38.25,38.25,98.38,False,0.0,False
2024-02-12,2024-02-13,0,Overnight,0.0,False,-39.82,52.2,-139.15,True,92.08,False
2024-02-13,2024-02-14,0,Overnight,0.0,False,52.16,52.16,-101.62,False,0.0,False
2024-02-14,2024-02-15,0,Overnight,0.0,False,-23.83,-23.83,306.39,False,0.0,False
2024-02-15,2024-02-16,0,Overnight,0.0,False,26.96,26.96,-26.96,False,0.0,False
2024-02-16,2024-02-20,3,Long,72.0,False,10.6,10.6,-105.52,False,0.0,False
2024-02-20,2024-02-21,0,Overnight,0.0,False,26.24,26.24,176.08,False,0.0,False
2024-02-21,2024-02-22,0,Overnight,0.0,False,-66.03,-66.03,57.44,False,0.0,False
2024-02-22,2024-02-23,0,Overnight,0.0,False,-84.36,-84.36,-3.85,False,0.0,False
2024-02-23,2024-02-26,2,Weekend,48.0,False,-11.56,-11.56,50.97,False,0.0,False
2024-02-26,2024-02-27,0,Overnight,0.0,False,41.16,41.16,-62.29,False,0.0,False
2024-02-27,2024-02-28,0,Overnight,0.0,False,42.21,42.21,-14.37,False,0.0,False
2024-02-28,2024-02-29,0,Overnight,0.0,False,34.45,34.45,-15.3,False,0.0,False
2024-02-29,2024-03-01,0,Overnight,0.0,False,114.16,114.16,11.34,False,0.0,False
2024-03-01,2024-03-04,2,Weekend,48.0,False,-17.02,-17.02,-123.8,False,0.0,False
2024-03-04,2024-03-05,0,Overnight,0.0,False,16.28,16.28,105.63,False,0.0,False
2024-03-05,2024-03-06,0,Overnight,0.0,False,92.34,92.34,14.06,False,0.0,False
2024-03-06,2024-03-07,0,Overnight,0.0,False,-15.93,-15.93,71.97,False,0.0,False
2024-03-07,2024-03-08,0,Overnight,0.0,False,-13.05,-13.05,106.67,False,0.0,False
2024-03-08,2024-03-11,2,Weekend,47.0,False,-12.0,-12.0,70.88,False,0.0,False
2024-03-11,2024-03-12,0,Overnight,0.0,False,3.67,3.67,-68.08,False,0.0,False
2024-03-12,2024-03-13,0,Overnight,0.0,False,75.42,75.42,35.67,False,0.0,False
2024-03-13,2024-03-14,0,Overnight,0.0,False,27.35,27.35,148.22,False,0.0,False
2024-03-14,2024-03-15,0,Overnight,0.0,False,-55.78,-55.78,37.82,False,0.0,False
2024-03-15,2024-03-18,2,Weekend,48.0,False,46.62,46.62,45.52,False,0.0,False
2024-03-18,2024-03-19,0,Overnight,0.0,False,-7.13,-7.13,77.23,False,0.0,False
2024-03-19,2024-03-20,0,Overnight,0.0,False,-32.77,-32.77,23.92,False,0.0,False
2024-03-20,2024-03-21,0,Overnight,0.0,False,-6.2,-6.2,50.35,False,0.0,False
2024-03-21,2024-03-22,0,Overnight,0.0,False,-0.88,-0.88,0.88,False,0.0,False
2024-03-22,2024-03-25,2,Weekend,48.0,False,29.91,29.91,71.78,False,0.0,False
2024-03-25,2024-03-26,0,Overnight,0.0,False,0.87,0.87,-76.17,False,0.0,False
2024-03-26,2024-03-27,0,Overnight,0.0,False,-27.28,-27.28,130.45,False,0.0,False
2024-03-27,2024-03-28,0,Overnight,0.0,False,48.59,48.59,61.27,False,0.0,False
2024-03-28,2024-04-01,3,Long,72.0,False,14.61,14.61,49.7,False,0.0,False
2024-04-01,2024-04-02,0,Overnight,0.0,False,79.18,79.18,114.67,False,0.0,False
2024-04-02,2024-04-03,0,Overnight,0.0,False,16.75,16.75,-15.08,False,0.0,False
2024-04-03,2024-04-04,0,Overnight,0.0,False,-20.98,-20.98,56.12,False,0.0,False
2024-04-04,2024-04-05,0,Overnight,0.0,False,21.69,21.69,115.19,False,0.0,False
2024-04-05,2024-04-08,2,Weekend,48.0,False,-23.92,-23.92,-43.87,False,0.0,False
2024-04-08,2024-04-09,0,Overnight,0.0,False,37.26,37.26,14.86,False,0.0,False
2024-04-09,2024-04-10,0,Overnight,0.0,False,3.3,3.3,80.52,False,0.0,False
2024-04-10,2024-04-11,0,Overnight,0.0,False,40.02,40.02,-73.63,False,0.0,False
2024-04-11,2024-04-12,0,Overnight,0.0,False,94.79,94.79,-212.07,False,0.0,False
2024-04-12,2024-04-15,2,Weekend,48.0,False,59.64,59.64,-117.13,False,0.0,False
2024-04-15,2024-04-16,0,Overnight,0.0,False,-10.03,-10.03,-73.03,False,0.0,False
2024-04-16,2024-04-17,0,Overnight,0.0,False,-11.8,-11.8,6.75,False,0.0,False
2024-04-17,2024-04-18,0,Overnight,0.0,False,31.14,31.14,-40.42,False,0.0,False
2024-04-18,2024-04-19,0,Overnight,0.0,False,53.85,53.85,60.24,False,0.0,False
2024-04-19,2024-04-22,2,Weekend,48.0,False,-51.85,-51.85,108.42,False,0.0,False
2024-04-22,2024-04-23,0,Overnight,0.0,False,-46.56,-46.56,85.47,False,0.0,False
2024-04-23,2024-04-24,0,Overnight,0.0,False,-60.5,-60.5,62.15,False,0.0,False
2024-04-24,2024-04-25,0,Overnight,0.0,False,-1.65,-1.65,24.76,False,0.0,False
2024-04-25,2024-04-26,0,Overnight,0.0,False,-193.91,-193.91,-87.78,False,0.0,False
2024-04-26,2024-04-29,2,Weekend,48.0,False,-16.97,-16.97,158.39,False,0.0,False
2024-04-29,2024-04-30,0,Overnight,0.0,False,-44.4,-44.4,-70.77,False,0.0,False
2024-04-30,2024-05-01,0,Overnight,0.0,False,0.85,0.85,-192.06,False,0.0,False
2024-05-01,2024-05-02,0,Overnight,0.0,False,19.8,19.8,-1.72,False,0.0,False
2024-05-02,2024-05-03,0,Overnight,0.0,False,-20.67,-20.67,0.0,False,0.0,False
2024-05-03,2024-05-06,2,Weekend,48.0,False,57.59,57.59,6.85,False,0.0,False
2024-05-06,2024-05-07,0,Overnight,0.0,False,45.29,45.29,-95.1,False,0.0,False
2024-05-07,2024-05-08,0,Overnight,0.0,False,-39.68,-39.68,37.95,False,0.0,False
2024-05-08,2024-05-09,0,Overnight,0.0,False,4.3,4.3,190.94,False,0.0,False
2024-05-09,2024-05-10,0,Overnight,0.0,False,8.44,8.44,-49.05,False,0.0,False
2024-05-10,2024-05-13,2,Weekend,48.0,False,38.92,38.92,-43.16,False,0.0,False
2024-05-13,2024-05-14,0,Overnight,0.0,False,-95.44,-14.43,75.07,True,80.57,False
2024-05-14,2024-05-15,0,Overnight,0.0,False,-5.1,-5.1,82.14,False,0.0,False
2024-05-15,2024-05-16,0,Overnight,0.0,False,-3.37,-3.37,-56.68,False,0.0,False
2024-05-16,2024-05-17,0,Overnight,0.0,False,36.41,36.41,112.63,False,0.0,False
2024-05-17,2024-05-20,2,Weekend,48.0,False,7.52,7.52,-88.93,False,0.0,False
2024-05-20,2024-05-21,0,Overnight,0.0,False,-22.78,-22.78,-46.56,False,0.0,False
2024-05-21,2024-05-22,0,Overnight,0.0,False,-33.15,-33.15,-170.0,False,0.0,False
2024-05-22,2024-05-23,0,Overnight,0.0,False,10.39,10.39,-182.45,False,0.0,False
2024-05-23,2024-05-24,0,Overnight,0.0,False,116.49,116.49,-124.42,False,0.0,False
2024-05-24,2024-05-28,3,Long,72.0,False,8.81,8.81,117.35,False,0.0,False
2024-05-28,2024-05-29,0,Overnight,0.0,False,-28.77,-28.77,-78.89,False,0.0,False
2024-05-29,2024-05-30,0,Overnight,0.0,False,-31.73,-31.73,63.36,False,0.0,False
2024-05-30,2024-05-31,0,Overnight,0.0,False,11.4,11.4,271.43,False,0.0,False
2024-05-31,2024-06-03,2,Weekend,48.0,False,-82.21,-82.21,-160.35,False,0.0,False
2024-06-03,2024-06-04,0,Overnight,0.0,False,-127.5,-127.5,-29.25,False,0.0,False
2024-06-04,2024-06-05,0,Overnight,0.0,False,19.51,19.51,20.35,False,0.0,False
2024-06-05,2024-06-06,0,Overnight,0.0,False,-32.76,-32.76,107.62,False,0.0,False
2024-06-06,2024-06-07,0,Overnight,0.0,False,-15.81,-15.81,-91.82,False,0.0,False
2024-06-07,2024-06-10,2,Weekend,48.0,False,27.46,27.46,1.77,False,0.0,False
2024-06-10,2024-06-11,0,Overnight,0.0,False,-52.31,-52.31,-28.49,False,0.0,False
2024-06-11,2024-06-12,0,Overnight,0.0,False,100.24,100.24,-211.4,False,0.0,False
2024-06-12,2024-06-13,0,Overnight,0.0,False,-8.12,-8.12,-72.44,False,0.0,False
2024-06-13,2024-06-14,0,Overnight,0.0,False,-1.82,-1.82,-83.06,False,0.0,False
2024-06-14,2024-06-17,2,Weekend,48.0,False,5.5,5.5,-74.47,False,0.0,False
2024-06-17,2024-06-18,0,Overnight,0.0,False,61.64,61.64,32.05,False,0.0,False
2024-06-18,2024-06-20,1,Short,24.0,False,48.34,48.34,165.13,False,0.0,False
2024-06-20,2024-06-21,0,Overnight,0.0,False,14.31,14.31,-102.4,False,0.0,False
2024-06-21,2024-06-24,2,Weekend,48.0,False,79.14,79.14,213.58,False,0.0,False
2024-06-24,2024-06-25,0,Overnight,0.0,False,5.26,5.26,22.76,False,0.0,False
2024-06-25,2024-06-26,0,Overnight,0.0,False,1.75,1.75,1.75,False,0.0,False
2024-06-26,2024-06-27,0,Overnight,0.0,False,50.57,50.57,-7.83,False,0.0,False
2024-06-27,2024-06-28,0,Overnight,0.0,False,83.2,83.2,-64.07,False,0.0,False
2024-06-28,2024-07-01,2,Weekend,48.0,False,51.12,51.12,-65.03,False,0.0,False
2024-07-01,2024-07-02,0,Overnight,0.0,False,81.44,81.44,-149.52,False,0.0,False
2024-07-02,2024-07-03,0,Overnight,0.0,False,7.88,7.88,42.79,False,0.0,False
2024-07-03,2024-07-05,1,Short,24.0,True,-13.08,-13.08,-108.78,False,0.0,False
2024-07-05,2024-07-08,2,Weekend,48.0,False,-86.82,-86.82,-18.7,False,0.0,False
2024-07-08,2024-07-09,0,Overnight,0.0,False,-95.84,-95.84,-15.31,False,0.0,False
2024-07-09,2024-07-10,0,Overnight,0.0,False,-1.8,-1.8,89.75,False,0.0,False
2024-07-10,2024-07-11,0,Overnight,0.0,False,-43.88,-43.88,162.01,False,0.0,False
2024-07-11,2024-07-12,0,Overnight,0.0,False,65.13,65.13,-63.36,False,0.0,False
2024-07-12,2024-07-15,2,Weekend,48.0,False,87.9,87.9,81.92,False,0.0,False
2024-07-15,2024-07-16,0,Overnight,0.0,False,-74.93,-74.93,146.71,False,0.0,False
2024-07-16,2024-07-17,0,Overnight,0.0,False,60.14,60.14,76.8,False,0.0,False
2024-07-17,2024-07-18,0,Overnight,0.0,False,26.32,26.32,71.81,False,0.0,False
2024-07-18,2024-07-19,0,Overnight,0.0,False,-17.69,-17.69,-214.79,False,0.0,False
2024-07-19,2024-07-22,2,Weekend,48.0,False,-76.97,-76.97,7.81,False,0.0,False
2024-07-22,2024-07-23,0,Overnight,0.0,False,-39.99,-39.99,-122.69,False,0.0,False
2024-07-23,2024-07-24,0,Overnight,0.0,False,31.69,31.69,108.4,False,0.0,False
2024-07-24,2024-07-25,0,Overnight,0.0,False,13.9,13.9,194.33,False,0.0,False
2024-07-25,2024-07-26,0,Overnight,0.0,False,-56.36,-56.36,47.84,False,0.0,False
2024-07-26,2024-07-29,2,Weekend,48.0,False,-0.85,-0.85,-104.53,False,0.0,False
2024-07-29,2024-07-30,0,Overnight,0.0,False,22.37,22.37,154.35,False,0.0,False
2024-07-30,2024-07-31,0,Overnight,0.0,False,123.63,123.63,-88.15,False,0.0,False
2024-07-31,2024-08-01,0,Overnight,0.0,False,-20.26,-20.26,-119.0,False,0.0,False
2024-08-01,2024-08-02,0,Overnight,0.0,False,-84.15,-84.15,78.16,False,0.0,False
2024-08-02,2024-08-05,2,Weekend,48.0,False,-115.31,-115.31,-66.87,False,0.0,False
2024-08-05,2024-08-06,0,Overnight,0.0,False,-27.92,-27.92,-25.37,False,0.0,False
2024-08-06,2024-08-07,0,Overnight,0.0,False,112.37,112.37,19.9,False,0.0,False
2024-08-07,2024-08-08,0,Overnight,0.0,False,34.52,34.52,154.72,False,0.0,False
2024-08-08,2024-08-09,0,Overnight,0.0,False,0.0,0.0,81.1,False,0.0,False
2024-08-09,2024-08-12,2,Weekend,48.0,False,58.73,58.73,-46.11,False,0.0,False
2024-08-12,2024-08-13,0,Overnight,0.0,False,-60.69,-60.69,-35.57,False,0.0,False
2024-08-13,2024-08-14,0,Overnight,0.0,False,20.34,20.34,71.72,False,0.0,False
2024-08-14,2024-08-15,0,Overnight,0.0,False,-59.02,21.0,40.51,True,79.87,False
2024-08-15,2024-08-16,0,Overnight,0.0,False,-62.52,-62.52,15.24,False,0.0,False
2024-08-16,2024-08-19,2,Weekend,48.0,False,19.44,19.44,10.97,False,0.0,False
2024-08-19,2024-08-20,0,Overnight,0.0,False,10.12,10.12,-349.05,False,0.0,False
2024-08-20,2024-08-21,0,Overnight,0.0,False,37.46,37.46,-101.37,False,0.0,False
2024-08-21,2024-08-22,0,Overnight,0.0,False,-6.15,-6.15,83.15,False,0.0,False
2024-08-22,2024-08-23,0,Overnight,0.0,False,26.11,26.11,111.52,False,0.0,False
2024-08-23,2024-08-26,2,Weekend,48.0,False,123.04,123.04,88.77,False,0.0,False
2024-08-26,2024-08-27,0,Overnight,0.0,False,12.62,12.62,-108.18,False,0.0,False
2024-08-27,2024-08-28,0,Overnight,0.0,False,-57.95,-57.95,-41.11,False,0.0,False
2024-08-28,2024-08-29,0,Overnight,0.0,False,58.19,58.19,79.04,False,0.0,False
2024-08-29,2024-08-30,0,Overnight,0.0,False,-114.08,-114.08,97.99,False,0.0,False
2024-08-30,2024-09-03,3,Long,72.0,False,-179.66,-179.66,-31.99,False,0.0,False
2024-09-03,2024-09-04,0,Overnight,0.0,False,-15.6,-15.6,-107.26,False,0.0,False
2024-09-04,2024-09-05,0,Overnight,0.0,False,88.16,88.16,-166.5,False,0.0,False
2024-09-05,2024-09-06,0,Overnight,0.0,False,37.04,37.04,-83.99,False,0.0,False
2024-09-06,2024-09-09,2,Weekend,48.0,False,20.4,20.4,187.82,False,0.0,False
2024-09-09,2024-09-10,0,Overnight,0.0,False,7.82,7.82,-378.94,False,0.0,False
2024-09-10,2024-09-11,0,Overnight,0.0,False,-3.61,-3.61,-96.15,False,0.0,False
2024-09-11,2024-09-12,0,Overnight,0.0,False,16.39,16.39,120.29,False,0.0,False
2024-09-12,2024-09-13,0,Overnight,0.0,False,21.55,21.55,-28.75,False,0.0,False
2024-09-13,2024-09-16,2,Weekend,48.0,False,80.65,80.65,58.73,False,0.0,False
2024-09-16,2024-09-17,0,Overnight,0.0,False,-34.66,-34.66,164.24,False,0.0,False
2024-09-17,2024-09-18,0,Overnight,0.0,False,-6.13,-6.13,41.1,False,0.0,False
2024-09-18,2024-09-19,0,Overnight,0.0,False,136.95,136.95,-13.78,False,0.0,False
2024-09-19,2024-09-20,0,Overnight,0.0,False,-46.66,-46.66,-16.47,False,0.0,False
2024-09-20,2024-09-23,2,Weekend,48.0,False,5.2,5.2,174.49,False,0.0,False
2024-09-23,2024-09-24,0,Overnight,0.0,False,40.82,40.82,-67.27,False,0.0,False
2024-09-24,2024-09-25,0,Overnight,0.0,False,-47.96,-47.96,-148.75,False,0.0,False
2024-09-25,2024-09-26,0,Overnight,0.0,False,-321.39,-321.39,148.26,False,0.0,False
2024-09-26,2024-09-27,0,Overnight,0.0,False,84.75,84.75,179.46,False,0.0,False
2024-09-27,2024-09-30,2,Weekend,48.0,False,-31.13,-31.13,151.28,False,0.0,False
2024-09-30,2024-10-01,0,Overnight,0.0,False,-101.18,-101.18,329.73,False,0.0,False
2024-10-01,2024-10-02,0,Overnight,0.0,False,165.39,165.39,-33.68,False,0.0,False
2024-10-02,2024-10-03,0,Overnight,0.0,False,31.22,31.22,55.63,False,0.0,False
2024-10-03,2024-10-04,0,Overnight,0.0,False,50.45,50.45,131.44,False,0.0,False
2024-10-04,2024-10-07,2,Weekend,48.0,False,33.59,33.59,9.58,False,0.0,False
2024-10-07,2024-10-08,0,Overnight,0.0,False,-119.56,-119.56,-149.64,False,0.0,False
2024-10-08,2024-10-09,0,Overnight,0.0,False,-93.85,-93.85,97.95,False,0.0,False
2024-10-09,2024-10-10,0,Overnight,0.0,False,87.26,87.26,-1.62,False,0.0,False
2024-10-10,2024-10-11,0,Overnight,0.0,False,-3.25,-3.25,41.34,False,0.0,False
2024-10-11,2024-10-14,2,Weekend,48.0,False,-29.98,-29.98,67.93,False,0.0,False
2024-10-14,2024-10-15,0,Overnight,0.0,False,-266.25,-266.25,-38.98,False,0.0,False
2024-10-15,2024-10-16,0,Overnight,0.0,False,44.77,44.77,-19.04,False,0.0,False
2024-10-16,2024-10-17,0,Overnight,0.0,False,8.28,8.28,-34.01,False,0.0,False
2024-10-17,2024-10-18,0,Overnight,0.0,False,7.48,7.48,-35.77,False,0.0,False
2024-10-18,2024-10-21,2,Weekend,48.0,False,80.5,80.5,-74.67,False,0.0,False
2024-10-21,2024-10-22,0,Overnight,0.0,False,14.98,14.98,36.52,False,0.0,False
2024-10-22,2024-10-23,0,Overnight,0.0,False,-60.66,-60.66,24.97,False,0.0,False
2024-10-23,2024-10-24,0,Overnight,0.0,False,-22.47,-22.47,-34.23,False,0.0,False
2024-10-24,2024-10-25,0,Overnight,0.0,False,50.88,50.88,-59.24,False,0.0,False
2024-10-25,2024-10-28,2,Weekend,48.0,False,-228.55,-228.55,179.05,False,0.0,False
2024-10-28,2024-10-29,0,Overnight,0.0,False,-26.95,-26.95,-110.24,False,0.0,False
2024-10-29,2024-10-30,0,Overnight,0.0,False,32.35,32.35,-82.78,False,0.0,False
2024-10-30,2024-10-31,0,Overnight,0.0,False,39.34,39.34,-31.63,False,0.0,False
2024-10-31,2024-11-01,0,Overnight,0.0,False,266.16,266.16,-424.11,False,0.0,False
2024-11-01,2024-11-04,2,Weekend,49.0,False,96.96,96.96,216.47,False,0.0,False
2024-11-04,2024-11-05,0,Overnight,0.0,False,39.55,39.55,-10.08,False,0.0,False
2024-11-05,2024-11-06,0,Overnight,0.0,False,182.42,182.42,-12.39,False,0.0,False
2024-11-06,2024-11-07,0,Overnight,0.0,False,24.76,24.76,-12.37,False,0.0,False
2024-11-07,2024-11-08,0,Overnight,0.0,False,-14.04,-14.04,10.74,False,0.0,False
2024-11-08,2024-11-11,2,Weekend,48.0,False,-9.09,-9.09,-43.9,False,0.0,False
2024-11-11,2024-11-12,0,Overnight,0.0,False,54.64,54.64,-64.6,False,0.0,False
2024-11-12,2024-11-13,0,Overnight,0.0,False,18.26,18.26,74.37,False,0.0,False
2024-11-13,2024-11-14,0,Overnight,0.0,False,15.63,96.67,-90.83,True,81.5,False
2024-11-14,2024-11-15,0,Overnight,0.0,False,-13.28,-13.28,-90.94,False,0.0,False
2024-11-15,2024-11-18,2,Weekend,48.0,False,40.15,40.15,43.32,False,0.0,False
2024-11-18,2024-11-19,0,Overnight,0.0,False,-46.65,-46.65,-93.97,False,0.0,False
2024-11-19,2024-11-20,0,Overnight,0.0,False,45.42,45.42,96.04,False,0.0,False
2024-11-20,2024-11-21,0,Overnight,0.0,False,62.97,62.97,69.96,False,0.0,False
2024-11-21,2024-11-22,0,Overnight,0.0,False,-9.03,-9.03,-2.46,False,0.0,False
2024-11-22,2024-11-25,2,Weekend,48.0,False,-29.6,-29.6,-120.96,False,0.0,False
2024-11-25,2024-11-26,0,Overnight,0.0,False,-36.74,-36.74,-131.37,False,0.0,False
2024-11-26,2024-11-27,0,Overnight,0.0,False,10.17,10.17,-36.48,False,0.0,False
2024-11-27,2024-11-29,1,Short,24.0,False,-18.72,-18.72,44.18,False,0.0,False
2024-11-29,2024-12-02,2,Weekend,48.0,True,7.63,7.63,-16.96,False,0.0,False
2024-12-02,2024-12-03,0,Overnight,0.0,False,73.55,73.55,-88.84,False,0.0,False
2024-12-03,2024-12-04,0,Overnight,0.0,False,-14.46,-14.46,-277.87,False,0.0,False
2024-12-04,2024-12-05,0,Overnight,0.0,False,37.56,37.56,6.1,False,0.0,False
2024-12-05,2024-12-06,0,Overnight,0.0,False,-20.93,-20.93,-85.05,False,0.0,False
2024-12-06,2024-12-09,2,Weekend,48.0,False,93.77,93.77,-152.94,False,0.0,False
2024-12-09,2024-12-10,0,Overnight,0.0,False,60.93,60.93,-81.32,False,0.0,False
2024-12-10,2024-12-11,0,Overnight,0.0,False,-59.64,-59.64,-7.15,False,0.0,False
2024-12-11,2024-12-12,0,Overnight,0.0,False,-29.53,-29.53,20.59,False,0.0,False
2024-12-12,2024-12-13,0,Overnight,0.0,False,7.15,7.15,-95.18,False,0.0,False
2024-12-13,2024-12-16,2,Weekend,48.0,False,-57.91,-57.91,-158.23,False,0.0,False
2024-12-16,2024-12-17,0,Overnight,0.0,False,-114.04,-114.04,71.55,False,0.0,False
2024-12-17,2024-12-18,0,Overnight,0.0,False,-40.82,-40.82,-107.48,False,0.0,False
2024-12-18,2024-12-19,0,Overnight,0.0,False,90.74,90.74,-176.61,False,0.0,False
2024-12-19,2024-12-20,0,Overnight,0.0,False,-5.69,-5.69,39.75,False,0.0,False
2024-12-20,2024-12-23,2,Weekend,48.0,False,-53.04,-53.04,93.57,False,0.0,False
2024-12-23,2024-12-24,0,Overnight,0.0,False,20.67,20.67,-11.27,False,0.0,False
2024-12-24,2024-12-26,1,Short,24.0,True,11.27,11.27,-2.82,False,0.0,False
2024-12-26,2024-12-27,0,Overnight,0.0,False,-17.86,-17.86,16.92,False,0.0,False
2024-12-27,2024-12-30,2,Weekend,48.0,False,-16.92,-16.92,-50.93,False,0.0,False
2024-12-30,2024-12-31,0,Overnight,0.0,False,38.69,38.69,131.0,False,0.0,False
2024-12-31,2025-01-02,1,Short,24.0,False,65.79,65.79,-89.99,False,0.0,False
2025-01-02,2025-01-03,0,Overnight,0.0,False,64.09,64.09,-12.97,False,0.0,False
2025-01-03,2025-01-06,2,Weekend,48.0,False,35.17,35.17,-46.3,False,0.0,False
2025-01-06,2025-01-07,0,Overnight,0.0,False,110.76,110.76,-17.46,False,0.0,False
2025-01-07,2025-01-08,0,Overnight,0.0,False,-133.3,-133.3,-35.47,False,0.0,False
2025-01-08,2025-01-10,1,Short,24.0,False,164.17,164.17,-200.71,False,0.0,False
2025-01-10,2025-01-13,2,Weekend,48.0,False,55.23,55.23,199.62,False,0.0,False
2025-01-13,2025-01-14,0,Overnight,0.0,False,-45.85,-45.85,85.12,False,0.0,False
2025-01-14,2025-01-15,0,Overnight,0.0,False,30.03,30.03,131.79,False,0.0,False
2025-01-15,2025-01-16,0,Overnight,0.0,False,-28.74,-28.74,11.68,False,0.0,False
2025-01-16,2025-01-17,0,Overnight,0.0,False,-26.09,-26.09,115.52,False,0.0,False
2025-01-17,2025-01-21,3,Long,72.0,False,-24.07,-24.07,-51.9,False,0.0,False
2025-01-21,2025-01-22,0,Overnight,0.0,False,-24.25,-24.25,-151.32,False,0.0,False
2025-01-22,2025-01-23,0,Overnight,0.0,False,70.96,70.96,-14.51,False,0.0,False
2025-01-23,2025-01-24,0,Overnight,0.0,False,8.17,8.17,-144.36,False,0.0,False
2025-01-24,2025-01-27,2,Weekend,48.0,False,32.16,32.16,105.85,False,0.0,False
2025-01-27,2025-01-28,0,Overnight,0.0,False,21.76,21.76,-216.99,False,0.0,False
2025-01-28,2025-01-29,0,Overnight,0.0,False,-30.59,-30.59,88.73,False,0.0,False
2025-01-29,2025-01-30,0,Overnight,0.0,False,52.32,52.32,30.16,False,0.0,False
2025-01-30,2025-01-31,0,Overnight,0.0,False,89.04,89.04,-342.29,False,0.0,False
2025-01-31,2025-02-03,2,Weekend,48.0,False,-17.8,-17.8,42.11,False,0.0,False
2025-02-03,2025-02-04,0,Overnight,0.0,False,-35.55,-35.55,300.02,False,0.0,False
2025-02-04,2025-02-05,0,Overnight,0.0,False,-20.03,-20.03,12.75,False,0.0,False
2025-02-05,2025-02-06,0,Overnight,0.0,False,80.67,80.67,-213.51,False,0.0,False
2025-02-06,2025-02-07,0,Overnight,0.0,False,32.23,32.23,10.11,False,0.0,False
2025-02-07,2025-02-10,2,Weekend,48.0,False,102.33,102.33,86.89,False,0.0,False
2025-02-10,2025-02-11,0,Overnight,0.0,False,56.61,56.61,6.27,False,0.0,False
2025-02-11,2025-02-12,0,Overnight,0.0,False,-146.13,-56.58,-248.4,True,88.65,False
2025-02-12,2025-02-13,0,Overnight,0.0,False,-18.65,-18.65,91.04,False,0.0,False
2025-02-13,2025-02-14,0,Overnight,0.0,False,36.0,36.0,-25.83,False,0.0,False
2025-02-14,2025-02-18,3,Long,72.0,False,35.97,35.97,138.05,False,0.0,False
2025-02-18,2025-02-19,0,Overnight,0.0,False,56.13,56.13,-41.62,False,0.0,False
2025-02-19,2025-02-20,0,Overnight,0.0,False,24.45,24.45,128.5,False,0.0,False
2025-02-20,2025-02-21,0,Overnight,0.0,False,-60.9,-60.9,-56.75,False,0.0,False
2025-02-21,2025-02-24,2,Weekend,48.0,False,21.66,21.66,30.6,False,0.0,False
2025-02-24,2025-02-25,0,Overnight,0.0,False,2.7,2.7,-142.06,False,0.0,False
2025-02-25,2025-02-26,0,Overnight,0.0,False,0.91,0.91,-25.55,False,0.0,False
2025-02-26,2025-02-27,0,Overnight,0.0,False,50.12,50.12,12.72,False,0.0,False
2025-02-27,2025-02-28,0,Overnight,0.0,False,-3.63,-3.63,110.19,False,0.0,False
2025-02-28,2025-03-03,2,Weekend,48.0,False,33.18,33.18,-359.1,False,0.0,False
2025-03-03,2025-03-04,0,Overnight,0.0,False,-130.77,-130.77,110.33,False,0.0,False
2025-03-04,2025-03-05,0,Overnight,0.0,False,-159.34,-159.34,-37.86,False,0.0,False
2025-03-05,2025-03-06,0,Overnight,0.0,False,-0.95,-0.95,205.59,False,0.0,False
2025-03-06,2025-03-07,0,Overnight,0.0,False,73.14,73.14,56.11,False,0.0,False
2025-03-07,2025-03-10,2,Weekend,47.0,False,23.82,23.82,227.98,False,0.0,False
2025-03-10,2025-03-11,0,Overnight,0.0,False,10.73,10.73,-249.7,False,0.0,False
2025-03-11,2025-03-12,0,Overnight,0.0,False,-10.08,-10.08,7.33,False,0.0,False
2025-03-12,2025-03-13,0,Overnight,0.0,False,-73.58,-73.58,31.34,False,0.0,False
2025-03-13,2025-03-14,0,Overnight,0.0,False,24.82,24.82,268.08,False,0.0,False
2025-03-14,2025-03-17,2,Weekend,48.0,False,-8.94,-8.94,173.79,False,0.0,False
2025-03-17,2025-03-18,0,Overnight,0.0,False,28.97,28.97,-39.52,False,0.0,False
2025-03-18,2025-03-19,0,Overnight,0.0,False,49.16,49.16,105.4,False,0.0,False
2025-03-19,2025-03-20,0,Overnight,0.0,False,-59.97,-59.97,102.33,False,0.0,False
2025-03-20,2025-03-21,0,Overnight,0.0,False,-34.57,-34.57,0.0,False,0.0,False
2025-03-21,2025-03-24,2,Weekend,48.0,False,15.57,15.57,10.37,False,0.0,False
2025-03-24,2025-03-25,0,Overnight,0.0,False,54.26,54.26,13.73,False,0.0,False
2025-03-25,2025-03-26,0,Overnight,0.0,False,93.06,93.06,50.01,False,0.0,False
2025-03-26,2025-03-27,0,Overnight,0.0,False,-14.38,-14.38,-17.8,False,0.0,False
2025-03-27,2025-03-28,0,Overnight,0.0,False,17.8,17.8,-31.38,False,0.0,False
2025-03-28,2025-03-31,2,Weekend,48.0,False,5.09,5.09,96.32,False,0.0,False
2025-03-31,2025-04-01,0,Overnight,0.0,False,24.35,24.35,-15.11,False,0.0,False
2025-04-01,2025-04-02,0,Overnight,0.0,False,-54.75,-54.75,23.62,False,0.0,False
2025-04-02,2025-04-03,0,Overnight,0.0,False,-369.08,-369.08,-171.08,False,0.0,False
2025-04-03,2025-04-04,0,Overnight,0.0,False,-230.33,-230.33,-516.43,False,0.0,False
2025-04-04,2025-04-07,2,Weekend,48.0,False,-385.92,-385.92,250.84,False,0.0,False
2025-04-07,2025-04-08,0,Overnight,0.0,False,241.85,241.85,-454.91,False,0.0,False
2025-04-08,2025-04-09,0,Overnight,0.0,False,-139.9,-139.9,627.0,False,0.0,False
2025-04-09,2025-04-10,0,Overnight,0.0,False,-199.52,-199.52,-371.29,False,0.0,False
2025-04-10,2025-04-11,0,Overnight,0.0,False,36.96,36.96,279.22,False,0.0,False
2025-04-11,2025-04-14,2,Weekend,48.0,False,181.59,181.59,-157.38,False,0.0,False
2025-04-14,2025-04-15,0,Overnight,0.0,False,24.15,24.15,-52.24,False,0.0,False
2025-04-15,2025-04-16,0,Overnight,0.0,False,82.11,82.11,23.06,False,0.0,False
2025-04-16,2025-04-17,0,Overnight,0.0,False,47.87,47.87,210.77,False,0.0,False
2025-04-17,2025-04-21,3,Long,72.0,False,-123.28,-123.28,-24.65,False,0.0,False
2025-04-21,2025-04-22,0,Overnight,0.0,False,74.71,74.71,201.46,False,0.0,False
2025-04-22,2025-04-23,0,Overnight,0.0,False,46.98,46.98,-133.22,False,0.0,False
2025-04-23,2025-04-24,0,Overnight,0.0,False,55.73,55.73,60.94,False,0.0,False
2025-04-24,2025-04-25,0,Overnight,0.0,False,-45.21,-45.21,39.68,False,0.0,False
2025-04-25,2025-04-28,2,Weekend,48.0,False,16.57,16.57,-11.04,False,0.0,False
2025-04-28,2025-04-29,0,Overnight,0.0,False,-82.27,-82.27,57.38,False,0.0,False
2025-04-29,2025-04-30,0,Overnight,0.0,False,-87.13,-87.13,-168.04,False,0.0,False
2025-04-30,2025-05-01,0,Overnight,0.0,False,-50.3,-50.3,64.49,False,0.0,False
2025-05-01,2025-05-02,0,Overnight,0.0,False,181.74,181.74,-141.17,False,0.0,False
2025-05-02,2025-05-05,2,Weekend,48.0,False,-147.97,-147.97,-132.75,False,0.0,False
2025-05-05,2025-05-06,0,Overnight,0.0,False,59.86,59.86,78.62,False,0.0,False
2025-05-06,2025-05-07,0,Overnight,0.0,False,26.7,26.7,-36.26,False,0.0,False
2025-05-07,2025-05-08,0,Overnight,0.0,False,69.54,69.54,69.06,False,0.0,False
2025-05-08,2025-05-09,0,Overnight,0.0,False,100.37,100.37,15.85,False,0.0,False
2025-05-09,2025-05-12,2,Weekend,48.0,False,272.1,272.1,-101.17,False,0.0,False
2025-05-12,2025-05-13,0,Overnight,0.0,False,14.65,14.65,12.8,False,0.0,False
2025-05-13,2025-05-14,0,Overnight,0.0,False,-54.97,-54.97,-34.97,False,0.0,False
2025-05-14,2025-05-15,0,Overnight,0.0,False,-185.15,-92.61,194.36,True,91.26,False
2025-05-15,2025-05-16,0,Overnight,0.0,False,6.44,6.44,-42.43,False,0.0,False
2025-05-16,2025-05-19,2,Weekend,48.0,False,-57.47,-57.47,-102.79,False,0.0,False
2025-05-19,2025-05-20,0,Overnight,0.0,False,-7.52,-7.52,-136.28,False,0.0,False
2025-05-20,2025-05-21,0,Overnight,0.0,False,-40.1,-40.1,-83.58,False,0.0,False
2025-05-21,2025-05-22,0,Overnight,0.0,False,-58.05,-58.05,-8.74,False,0.0,False
2025-05-22,2025-05-23,0,Overnight,0.0,False,-36.0,-36.0,41.82,False,0.0,False
2025-05-23,2025-05-27,3,Long,72.0,False,44.55,44.55,2.9,False,0.0,False
2025-05-27,2025-05-28,0,Overnight,0.0,False,74.11,74.11,-211.25,False,0.0,False
2025-05-28,2025-05-29,0,Overnight,0.0,False,16.63,16.63,40.01,False,0.0,False
2025-05-29,2025-05-30,0,Overnight,0.0,False,-51.75,-51.75,13.69,False,0.0,False
2025-05-30,2025-06-02,2,Weekend,48.0,False,140.74,140.74,-67.7,False,0.0,False
2025-06-02,2025-06-03,0,Overnight,0.0,False,-14.57,-14.57,87.08,False,0.0,False
2025-06-03,2025-06-04,0,Overnight,0.0,False,11.55,11.55,-157.12,False,0.0,False
2025-06-04,2025-06-05,0,Overnight,0.0,False,66.25,66.25,-112.3,False,0.0,False
2025-06-05,2025-06-06,0,Overnight,0.0,False,90.91,90.91,145.87,False,0.0,False
2025-06-06,2025-06-09,2,Weekend,48.0,False,5.75,5.75,61.16,False,0.0,False
2025-06-09,2025-06-10,0,Overnight,0.0,False,105.19,105.19,106.89,False,0.0,False
2025-06-10,2025-06-11,0,Overnight,0.0,False,50.24,50.24,142.81,False,0.0,False
2025-06-11,2025-06-12,0,Overnight,0.0,False,-35.74,-35.74,74.09,False,0.0,False
2025-06-12,2025-06-13,0,Overnight,0.0,False,235.96,235.96,-20.49,False,0.0,False
2025-06-13,2025-06-16,2,Weekend,48.0,False,-26.79,-26.79,58.85,False,0.0,False
2025-06-16,2025-06-17,0,Overnight,0.0,False,129.84,129.84,4.39,False,0.0,False
2025-06-17,2025-06-18,0,Overnight,0.0,False,53.37,53.37,-124.67,False,0.0,False
2025-06-18,2025-06-20,1,Short,24.0,False,22.94,22.94,109.58,False,0.0,False
2025-06-20,2025-06-23,2,Weekend,48.0,False,172.87,172.87,-434.32,False,0.0,False
2025-06-23,2025-06-24,0,Overnight,0.0,False,-225.36,-225.36,-83.64,False,0.0,False
2025-06-24,2025-06-25,0,Overnight,0.0,False,-21.25,-21.25,24.02,False,0.0,False
2025-06-25,2025-06-26,0,Overnight,0.0,False,52.46,52.46,95.92,False,0.0,False
2025-06-26,2025-06-27,0,Overnight,0.0,False,-4.55,-4.55,-51.07,False,0.0,False
2025-06-27,2025-06-30,2,Weekend,48.0,False,-67.88,-67.88,-77.62,False,0.0,False
2025-06-30,2025-07-01,0,Overnight,0.0,False,30.56,30.56,102.13,False,0.0,False
2025-07-01,2025-07-02,0,Overnight,0.0,False,69.33,69.33,95.0,False,0.0,False
2025-07-02,2025-07-03,0,Overnight,0.0,False,-17.12,-17.12,120.15,False,0.0,False
2025-07-03,2025-07-07,3,Long,72.0,True,-59.0,-59.0,-38.63,False,0.0,False
2025-07-07,2025-07-08,0,Overnight,0.0,False,-19.82,-19.82,293.25,False,0.0,False
2025-07-08,2025-07-09,0,Overnight,0.0,False,-23.67,-23.67,-10.54,False,0.0,False
2025-07-09,2025-07-10,0,Overnight,0.0,False,-7.91,-7.91,106.72,False,0.0,False
2025-07-10,2025-07-11,0,Overnight,0.0,False,-6.96,-6.96,50.37,False,0.0,False
2025-07-11,2025-07-14,2,Weekend,48.0,False,-17.34,-17.34,-114.34,False,0.0,False
2025-07-14,2025-07-15,0,Overnight,0.0,False,-22.85,-22.85,-66.2,False,0.0,False
2025-07-15,2025-07-16,0,Overnight,0.0,False,-2.66,-2.66,-57.75,False,0.0,False
2025-07-16,2025-07-17,0,Overnight,0.0,False,-66.15,-66.15,15.24,False,0.0,False
2025-07-17,2025-07-18,0,Overnight,0.0,False,-49.38,-49.38,-305.21,False,0.0,False
2025-07-18,2025-07-21,2,Weekend,48.0,False,-15.79,-15.79,41.73,False,0.0,False
2025-07-21,2025-07-22,0,Overnight,0.0,False,-6.48,-6.48,51.73,False,0.0,False
2025-07-22,2025-07-23,0,Overnight,0.0,False,35.87,35.87,91.38,False,0.0,False
2025-07-23,2025-07-24,0,Overnight,0.0,False,-24.59,-24.59,102.52,False,0.0,False
2025-07-24,2025-07-25,0,Overnight,0.0,False,-5.42,-5.42,-29.85,False,0.0,False
2025-07-25,2025-07-28,2,Weekend,48.0,False,54.2,54.2,39.56,False,0.0,False
2025-07-28,2025-07-29,0,Overnight,0.0,False,41.19,41.19,87.2,False,0.0,False
2025-07-29,2025-07-30,0,Overnight,0.0,False,-41.72,-41.72,-45.47,False,0.0,False
2025-07-30,2025-07-31,0,Overnight,0.0,False,-138.58,-138.58,115.32,False,0.0,False
2025-07-31,2025-08-01,0,Overnight,0.0,False,32.19,32.19,-212.97,False,0.0,False
2025-08-01,2025-08-04,2,Weekend,48.0,False,-38.38,-38.38,-170.83,False,0.0,False
2025-08-04,2025-08-05,0,Overnight,0.0,False,-13.98,-13.98,1.86,False,0.0,False
2025-08-05,2025-08-06,0,Overnight,0.0,False,99.28,99.28,-167.59,False,0.0,False
2025-08-06,2025-08-07,0,Overnight,0.0,False,58.97,58.97,-111.69,False,0.0,False
2025-08-07,2025-08-08,0,Overnight,0.0,False,51.78,51.78,28.13,False,0.0,False
2025-08-08,2025-08-11,2,Weekend,48.0,False,28.98,28.98,-120.22,False,0.0,False
2025-08-11,2025-08-12,0,Overnight,0.0,False,48.07,48.07,-19.77,False,0.0,False
2025-08-12,2025-08-13,0,Overnight,0.0,False,-12.26,-12.26,149.82,False,0.0,False
2025-08-13,2025-08-14,0,Overnight,0.0,False,-4.65,-4.65,-15.82,False,0.0,False
2025-08-14,2025-08-15,0,Overnight,0.0,False,-111.44,-18.64,28.21,True,92.2,False
2025-08-15,2025-08-18,2,Weekend,48.0,False,-36.69,-36.69,58.27,False,0.0,False
2025-08-18,2025-08-19,0,Overnight,0.0,False,-48.85,-48.85,114.22,False,0.0,False
2025-08-19,2025-08-20,0,Overnight,0.0,False,42.73,42.73,60.07,False,0.0,False
2025-08-20,2025-08-21,0,Overnight,0.0,False,-10.14,-10.14,74.43,False,0.0,False
2025-08-21,2025-08-22,0,Overnight,0.0,False,33.82,33.82,152.12,False,0.0,False
2025-08-22,2025-08-25,2,Weekend,48.0,False,-34.21,-34.21,75.46,False,0.0,False
2025-08-25,2025-08-26,0,Overnight,0.0,False,-33.17,-33.17,10.77,False,0.0,False
2025-08-26,2025-08-27,0,Overnight,0.0,False,-6.28,-6.28,118.66,False,0.0,False
2025-08-27,2025-08-28,0,Overnight,0.0,False,10.64,10.64,42.44,False,0.0,False
2025-08-28,2025-08-29,0,Overnight,0.0,False,32.59,32.59,50.0,False,0.0,False
2025-08-29,2025-09-02,3,Long,72.0,False,-9.63,-9.63,44.57,False,0.0,False
2025-09-02,2025-09-03,0,Overnight,0.0,False,-62.98,-62.98,-182.4,False,0.0,False
2025-09-03,2025-09-04,0,Overnight,0.0,False,17.86,17.86,25.83,False,0.0,False
2025-09-04,2025-09-05,0,Overnight,0.0,False,-71.43,-71.43,-214.65,False,0.0,False
2025-09-05,2025-09-08,2,Weekend,48.0,False,45.67,45.67,10.93,False,0.0,False
2025-09-08,2025-09-09,0,Overnight,0.0,False,61.71,61.71,10.85,False,0.0,False
2025-09-09,2025-09-10,0,Overnight,0.0,False,45.99,45.99,119.83,False,0.0,False
2025-09-10,2025-09-11,0,Overnight,0.0,False,-98.26,-98.26,66.21,False,0.0,False
2025-09-11,2025-09-12,0,Overnight,0.0,False,64.0,64.0,-62.22,False,0.0,False
2025-09-12,2025-09-15,2,Weekend,48.0,False,1.78,1.78,15.14,False,0.0,False
2025-09-15,2025-09-16,0,Overnight,0.0,False,54.15,54.15,151.12,False,0.0,False
2025-09-16,2025-09-17,0,Overnight,0.0,False,-13.09,-13.09,66.14,False,0.0,False
2025-09-17,2025-09-18,0,Overnight,0.0,False,-10.41,-10.41,-108.25,False,0.0,False
2025-09-18,2025-09-19,0,Overnight,0.0,False,-2.63,-2.63,-95.27,False,0.0,False
2025-09-19,2025-09-22,2,Weekend,48.0,False,-32.85,-32.85,-38.31,False,0.0,False
2025-09-22,2025-09-23,0,Overnight,0.0,False,62.29,62.29,108.53,False,0.0,False
2025-09-23,2025-09-24,0,Overnight,0.0,False,54.26,54.26,-0.87,False,0.0,False
2025-09-24,2025-09-25,0,Overnight,0.0,False,6.98,6.98,82.53,False,0.0,False
2025-09-25,2025-09-26,0,Overnight,0.0,False,31.96,31.96,108.07,False,0.0,False
2025-09-26,2025-09-29,2,Weekend,48.0,False,-99.45,-99.45,-159.81,False,0.0,False
2025-09-29,2025-09-30,0,Overnight,0.0,False,-76.46,-76.46,-53.07,False,0.0,False
2025-09-30,2025-10-01,0,Overnight,0.0,False,-16.87,-16.87,-50.77,False,0.0,False
2025-10-01,2025-10-02,0,Overnight,0.0,False,-1.79,-1.79,-60.92,False,0.0,False
2025-10-02,2025-10-03,0,Overnight,0.0,False,54.66,54.66,120.8,False,0.0,False
2025-10-03,2025-10-06,2,Weekend,48.0,False,2.65,2.65,80.0,False,0.0,False
2025-10-06,2025-10-07,0,Overnight,0.0,False,-11.39,-11.39,16.64,False,0.0,False
2025-10-07,2025-10-08,0,Overnight,0.0,False,10.5,10.5,-31.52,False,0.0,False
2025-10-08,2025-10-09,0,Overnight,0.0,False,35.89,35.89,-133.72,False,0.0,False
2025-10-09,2025-10-10,0,Overnight,0.0,False,-57.73,-57.73,-137.23,False,0.0,False
2025-10-10,2025-10-13,2,Weekend,48.0,False,72.88,72.88,62.56,False,0.0,False
2025-10-13,2025-10-14,0,Overnight,0.0,False,-132.74,-132.74,137.19,False,0.0,False
2025-10-14,2025-10-15,0,Overnight,0.0,False,45.32,45.32,-106.06,False,0.0,False
2025-10-15,2025-10-16,0,Overnight,0.0,False,24.16,24.16,-111.45,False,0.0,False
2025-10-16,2025-10-17,0,Overnight,0.0,False,89.08,89.08,54.5,False,0.0,False
2025-10-17,2025-10-20,2,Weekend,48.0,False,-21.41,-21.41,62.31,False,0.0,False
2025-10-20,2025-10-21,0,Overnight,0.0,False,16.84,16.84,-15.96,False,0.0,False
2025-10-21,2025-10-22,0,Overnight,0.0,False,65.44,65.44,110.45,False,0.0,False
2025-10-22,2025-10-23,0,Overnight,0.0,False,165.99,165.99,-55.89,False,0.0,False
2025-10-23,2025-10-24,0,Overnight,0.0,False,31.85,31.85,-82.85,False,0.0,False
2025-10-24,2025-10-27,2,Weekend,48.0,False,26.83,26.83,20.72,False,0.0,False
2025-10-27,2025-10-28,0,Overnight,0.0,False,-38.89,-38.89,-39.91,False,0.0,False
2025-10-28,2025-10-29,0,Overnight,0.0,False,-9.57,-9.57,132.26,False,0.0,False
2025-10-29,2025-10-30,0,Overnight,0.0,False,-1.72,-1.72,-150.57,False,0.0,False
2025-10-30,2025-10-31,0,Overnight,0.0,False,-62.1,-62.1,33.28,False,0.0,False
2025-10-31,2025-11-03,2,Weekend,49.0,False,12.23,12.23,-64.84,False,0.0,False
2025-11-03,2025-11-04,0,Overnight,0.0,False,-33.46,-33.46,66.81,False,0.0,False
2025-11-04,2025-11-05,0,Overnight,0.0,False,-4.38,-4.38,-36.0,False,0.0,False
2025-11-05,2025-11-06,0,Overnight,0.0,False,-3.52,-3.52,75.39,False,0.0,False
2025-11-06,2025-11-07,0,Overnight,0.0,False,61.82,61.82,172.96,False,0.0,False
2025-11-07,2025-11-10,2,Weekend,48.0,False,18.75,18.75,66.2,False,0.0,False
2025-11-10,2025-11-11,0,Overnight,0.0,False,51.47,51.47,79.63,False,0.0,False
2025-11-11,2025-11-12,0,Overnight,0.0,False,-56.93,-56.93,-82.62,False,0.0,False
2025-11-12,2025-11-13,0,Overnight,0.0,False,43.08,43.08,13.48,False,0.0,False
2025-11-13,2025-11-14,0,Overnight,0.0,False,-28.66,57.92,70.67,True,86.71,False
2025-11-14,2025-11-17,2,Weekend,48.0,False,-26.86,-26.86,-109.02,False,0.0,False
2025-11-17,2025-11-18,0,Overnight,0.0,False,-35.75,-35.75,149.82,False,0.0,False
2025-11-18,2025-11-19,0,Overnight,0.0,False,-184.85,-184.85,42.7,False,0.0,False
2025-11-19,2025-11-20,0,Overnight,0.0,False,53.54,53.54,-81.7,False,0.0,False
2025-11-20,2025-11-21,0,Overnight,0.0,False,-2.56,-2.56,7.69,False,0.0,False
2025-11-21,2025-11-24,2,Weekend,48.0,False,10.24,10.24,-105.5,False,0.0,False
2025-11-24,2025-11-25,0,Overnight,0.0,False,-68.35,-68.35,-58.34,False,0.0,False
2025-11-25,2025-11-26,0,Overnight,0.0,False,-8.74,-8.74,31.42,False,0.0,False
2025-11-26,2025-11-28,1,Short,24.0,False,15.67,15.67,84.03,False,0.0,False
2025-11-28,2025-12-01,2,Weekend,48.0,True,15.52,15.52,45.55,False,0.0,False
2025-12-01,2025-12-02,0,Overnight,0.0,False,-16.3,-16.3,-91.45,False,0.0,False
2025-12-02,2025-12-03,0,Overnight,0.0,False,49.28,49.28,158.29,False,0.0,False
2025-12-03,2025-12-04,0,Overnight,0.0,False,-25.5,-25.5,-30.69,False,0.0,False
2025-12-04,2025-12-05,0,Overnight,0.0,False,-33.35,-33.35,-18.0,False,0.0,False
2025-12-05,2025-12-08,2,Weekend,48.0,False,-61.11,-61.11,12.94,False,0.0,False
2025-12-08,2025-12-09,0,Overnight,0.0,False,79.01,79.01,114.82,False,0.0,False
2025-12-09,2025-12-10,0,Overnight,0.0,False,40.51,40.51,67.99,False,0.0,False
2025-12-10,2025-12-11,0,Overnight,0.0,False,-36.04,-36.04,36.04,False,0.0,False
2025-12-11,2025-12-12,0,Overnight,0.0,False,-8.37,-8.37,-52.04,False,0.0,False
2025-12-12,2025-12-15,2,Weekend,48.0,False,15.98,15.98,-105.59,False,0.0,False
2025-12-15,2025-12-16,0,Overnight,0.0,False,-84.43,-84.43,-180.61,False,0.0,False
2025-12-16,2025-12-17,0,Overnight,0.0,False,46.11,46.11,189.16,False,0.0,False
2025-12-17,2025-12-18,0,Overnight,0.0,False,-35.84,-35.84,-38.54,False,0.0,False
2025-12-18,2025-12-19,0,Overnight,0.0,False,18.0,18.0,-5.14,False,0.0,False
2025-12-19,2025-12-22,2,Weekend,48.0,False,55.55,55.55,68.79,False,0.0,False
2025-12-22,2025-12-23,0,Overnight,0.0,False,27.05,27.05,79.87,False,0.0,False
2025-12-23,2025-12-24,0,Overnight,0.0,False,-7.54,-7.54,-9.22,False,0.0,False
2025-12-24,2025-12-26,1,Short,24.0,True,-27.72,-27.72,18.49,False,0.0,False
2025-12-26,2025-12-29,2,Weekend,48.0,False,86.94,86.94,31.58,False,0.0,False
2025-12-29,2025-12-30,0,Overnight,0.0,False,47.18,47.18,-9.09,False,0.0,False
2025-12-30,2025-12-31,0,Overnight,0.0,False,15.69,15.69,-69.56,False,0.0,False
2025-12-31,2026-01-02,1,Short,24.0,False,-20.8,-20.8,210.93,False,0.0,False
2026-01-02,2026-01-05,2,Weekend,48.0,False,206.58,206.58,11.97,False,0.0,False
2026-01-05,2026-01-06,0,Overnight,0.0,False,-0.8,-0.8,-349.06,False,0.0,False
2026-01-06,2026-01-07,0,Overnight,0.0,False,-103.8,-103.8,-109.95,False,0.0,False
2026-01-07,2026-01-08,0,Overnight,0.0,False,41.27,41.27,324.97,False,0.0,False
2026-01-08,2026-01-09,0,Overnight,0.0,False,26.0,26.0,111.36,False,0.0,False
2026-01-09,2026-01-12,2,Weekend,48.0,False,-12.04,-12.04,-34.61,False,0.0,False
2026-01-12,2026-01-13,0,Overnight,0.0,False,77.9,77.9,122.45,False,0.0,False
2026-01-13,2026-01-14,0,Overnight,0.0,False,63.81,63.81,221.33,False,0.0,False
2026-01-14,2026-01-15,0,Overnight,0.0,False,-82.52,-82.52,0.0,False,0.0,False
2026-01-15,2026-01-16,0,Overnight,0.0,False,-17.05,-17.05,75.73,False,0.0,False
2026-01-16,2026-01-20,3,Long,72.0,False,123.95,123.95,-80.16,False,0.0,False
2026-01-20,2026-01-21,0,Overnight,0.0,False,110.53,110.53,128.05,False,0.0,False
2026-01-21,2026-01-22,0,Overnight,0.0,False,-42.0,-42.0,44.25,False,0.0,False
2026-01-22,2026-01-23,0,Overnight,0.0,False,107.92,107.92,-8.89,False,0.0,False
2026-01-23,2026-01-26,2,Weekend,48.0,False,144.17,144.17,-153.81,False,0.0,False
2026-01-26,2026-01-27,0,Overnight,0.0,False,30.36,30.36,116.14,False,0.0,False
2026-01-27,2026-01-28,0,Overnight,0.0,False,62.66,62.66,-7.99,False,0.0,False
2026-01-28,2026-01-29,0,Overnight,0.0,False,197.2,197.2,13.53,False,0.0,False
2026-01-29,2026-01-30,0,Overnight,0.0,False,-126.77,-126.77,189.91,False,0.0,False
2026-01-30,2026-02-02,2,Weekend,48.0,False,-111.65,-111.65,-102.79,False,0.0,False
2026-02-02,2026-02-03,0,Overnight,0.0,False,17.33,17.33,360.56,False,0.0,False
2026-02-03,2026-02-04,0,Overnight,0.0,False,27.1,27.1,237.92,False,0.0,False
2026-02-04,2026-02-05,0,Overnight,0.0,False,-68.67,-68.67,-34.17,False,0.0,False
2026-02-05,2026-02-06,0,Overnight,0.0,False,36.9,36.9,164.38,False,0.0,False
2026-02-06,2026-02-09,2,Weekend,48.0,False,14.08,14.08,129.8,False,0.0,False
2026-02-09,2026-02-10,0,Overnight,0.0,False,9.25,9.25,15.84,False,0.0,False
2026-02-10,2026-02-11,0,Overnight,0.0,False,155.78,155.78,102.74,False,0.0,False
2026-02-11,2026-02-12,0,Overnight,0.0,False,-107.93,-41.23,-260.7,True,66.21,False
2026-02-12,2026-02-13,0,Overnight,0.0,False,41.27,41.27,-140.47,False,0.0,False
2026-02-13,2026-02-17,3,Long,72.0,False,-16.85,-16.85,-136.56,False,0.0,False
2026-02-17,2026-02-18,0,Overnight,0.0,False,133.18,133.18,169.33,False,0.0,False
2026-02-18,2026-02-19,0,Overnight,0.0,False,100.37,100.37,-81.14,False,0.0,False
2026-02-19,2026-02-20,0,Overnight,0.0,False,-31.84,-31.84,-215.61,False,0.0,False
2026-02-20,2026-02-23,2,Weekend,48.0,False,58.9,58.9,174.64,False,0.0,False
2026-02-23,2026-02-24,0,Overnight,0.0,False,-22.58,-22.58,-77.42,False,0.0,False
2026-02-24,2026-02-25,0,Overnight,0.0,False,43.45,43.45,-56.86,False,0.0,False
2026-02-25,2026-02-26,0,Overnight,0.0,False,-84.21,-84.21,49.27,False,0.0,False
2026-02-26,2026-02-27,0,Overnight,0.0,False,164.26,164.26,98.85,False,0.0,False
2026-02-27,2026-03-02,2,Weekend,48.0,False,439.38,439.38,-327.23,False,0.0,False
2026-03-02,2026-03-03,0,Overnight,0.0,False,78.15,78.15,-234.34,False,0.0,False
2026-03-03,2026-03-04,0,Overnight,0.0,False,-73.38,-73.38,-59.89,False,0.0,False
2026-03-04,2026-03-05,0,Overnight,0.0,False,78.45,78.45,-15.91,False,0.0,False
2026-03-05,2026-03-06,0,Overnight,0.0,False,157.29,157.29,-127.48,False,0.0,False
2026-03-06,2026-03-09,2,Weekend,47.0,False,53.42,53.42,-104.48,False,0.0,False
2026-03-09,2026-03-10,0,Overnight,0.0,False,-79.42,-79.42,-75.32,False,0.0,False
2026-03-10,2026-03-11,0,Overnight,0.0,False,-9.46,-9.46,239.69,False,0.0,False
2026-03-11,2026-03-12,0,Overnight,0.0,False,45.42,45.42,82.41,False,0.0,False
2026-03-12,2026-03-13,0,Overnight,0.0,False,50.03,50.03,117.26,False,0.0,False
2026-03-13,2026-03-16,2,Weekend,48.0,False,-7.69,-7.69,78.54,False,0.0,False
2026-03-16,2026-03-17,0,Overnight,0.0,False,64.66,64.66,35.32,False,0.0,False
2026-03-17,2026-03-18,0,Overnight,0.0,False,53.38,53.38,-130.5,False,0.0,False
2026-03-18,2026-03-19,0,Overnight,0.0,False,42.43,42.43,-6.32,False,0.0,False
2026-03-19,2026-03-20,0,Overnight,0.0,False,74.96,74.96,20.06,False,0.0,False
2026-03-20,2026-03-23,2,Weekend,48.0,False,-224.84,-224.84,315.87,False,0.0,False
2026-03-23,2026-03-24,0,Overnight,0.0,False,35.93,35.93,224.41,False,0.0,False
2026-03-24,2026-03-25,0,Overnight,0.0,False,-91.72,-91.72,-37.29,False,0.0,False
2026-03-25,2026-03-26,0,Overnight,0.0,False,50.71,50.71,81.33,False,0.0,False
2026-03-26,2026-03-27,0,Overnight,0.0,False,9.06,9.06,321.51,False,0.0,False
2026-03-27,2026-03-30,2,Weekend,48.0,False,88.5,88.5,-60.47,False,0.0,False
2026-03-30,2026-03-31,0,Overnight,0.0,False,69.74,69.74,-175.86,False,0.0,False
2026-03-31,2026-04-01,0,Overnight,0.0,False,-231.95,-231.95,-305.64,False,0.0,False
2026-04-01,2026-04-02,0,Overnight,0.0,False,228.13,228.13,-233.73,False,0.0,False
2026-04-02,2026-04-06,3,Long,72.0,False,-7.47,-7.47,172.88,False,0.0,False
2026-04-06,2026-04-07,0,Overnight,0.0,False,51.89,51.89,-18.89,False,0.0,False
2026-04-07,2026-04-08,0,Overnight,0.0,False,-654.87,-654.87,174.34,False,0.0,False
2026-04-08,2026-04-09,0,Overnight,0.0,False,40.88,40.88,-116.71,False,0.0,False
2026-04-09,2026-04-10,0,Overnight,0.0,False,-64.71,-64.71,-99.82,False,0.0,False
2026-04-10,2026-04-13,2,Weekend,48.0,False,114.74,114.74,-106.22,False,0.0,False
2026-04-13,2026-04-14,0,Overnight,0.0,False,-169.8,-169.8,-55.46,False,0.0,False
2026-04-14,2026-04-15,0,Overnight,0.0,False,-42.98,-42.98,27.55,False,0.0,False
2026-04-15,2026-04-16,0,Overnight,0.0,False,34.84,34.84,162.52,False,0.0,False
2026-04-16,2026-04-17,0,Overnight,0.0,False,-479.81,-479.81,108.48,False,0.0,False
2026-04-17,2026-04-20,2,Weekend,48.0,False,63.99,63.99,20.33,False,0.0,False
2026-04-20,2026-04-21,0,Overnight,0.0,False,-21.01,-21.01,66.95,False,0.0,False
2026-04-21,2026-04-22,0,Overnight,0.0,False,67.85,67.85,8.7,False,0.0,False
2026-04-22,2026-04-23,0,Overnight,0.0,False,23.38,23.38,45.28,False,0.0,False
2026-04-23,2026-04-24,0,Overnight,0.0,False,-59.3,-59.3,-48.9,False,0.0,False
2026-04-24,2026-04-27,2,Weekend,48.0,False,16.77,16.77,-65.24,False,0.0,False
2026-04-27,2026-04-28,0,Overnight,0.0,False,222.88,222.88,-64.22,False,0.0,False
2026-04-28,2026-04-29,0,Overnight,0.0,False,96.5,96.5,172.82,False,0.0,False
2026-04-29,2026-04-30,0,Overnight,0.0,False,-145.88,-145.88,123.88,False,0.0,False
2026-04-30,2026-05-01,0,Overnight,0.0,False,-112.08,-112.08,9.17,False,0.0,False
2026-05-01,2026-05-04,2,Weekend,48.0,False,-5.24,-5.24,66.59,False,0.0,False
2026-05-04,2026-05-05,0,Overnight,0.0,False,-38.46,-38.46,115.59,False,0.0,False
2026-05-05,2026-05-06,0,Overnight,0.0,False,-382.35,-382.35,-25.52,False,0.0,False
2026-05-06,2026-05-07,0,Overnight,0.0,False,-127.92,-127.92,-15.0,False,0.0,False
2026-05-07,2026-05-08,0,Overnight,0.0,False,-49.93,-49.93,-88.15,False,0.0,False
2026-05-08,2026-05-11,2,Weekend,48.0,False,99.8,99.8,247.56,False,0.0,False
2026-05-11,2026-05-12,0,Overnight,0.0,False,104.34,104.34,-41.08,False,0.0,False
2026-05-12,2026-05-13,0,Overnight,0.0,False,-37.91,-37.91,100.12,False,0.0,False
2026-05-13,2026-05-14,0,Overnight,0.0,False,21.75,21.75,57.77,False,0.0,False
2026-05-14,2026-05-15,0,Overnight,0.0,False,63.29,130.06,267.61,True,67.42,False
2026-05-15,2026-05-18,2,Weekend,48.0,False,-38.07,-38.07,199.5,False,0.0,False
2026-05-18,2026-05-19,0,Overnight,0.0,False,62.73,62.73,64.81,False,0.0,False
2026-05-19,2026-05-20,0,Overnight,0.0,False,-58.0,-58.0,-335.37,False,0.0,False
2026-05-20,2026-05-21,0,Overnight,0.0,False,136.0,136.0,-199.55,False,0.0,False
2026-05-21,2026-05-22,0,Overnight,0.0,False,-81.47,-81.47,57.61,False,0.0,False
2026-05-22,2026-05-26,3,Long,72.0,False,-92.08,-92.08,-243.33,False,0.0,False
2026-05-26,2026-05-27,0,Overnight,0.0,False,-173.72,-173.72,45.4,False,0.0,False
2026-05-27,2026-05-28,0,Overnight,0.0,False,96.89,96.89,-160.65,False,0.0,False
2026-05-28,2026-05-29,0,Overnight,0.0,False,-52.53,-52.53,-63.82,False,0.0,False
2026-05-29,2026-06-01,2,Weekend,48.0,False,120.43,120.43,159.25,False,0.0,False
2026-06-01,2026-06-02,0,Overnight,0.0,False,-23.46,-23.46,35.5,False,0.0,False
2026-06-02,2026-06-03,0,Overnight,0.0,False,69.96,69.96,126.68,False,0.0,False
2026-06-03,2026-06-04,0,Overnight,0.0,False,-31.52,-31.52,-0.66,False,0.0,False
2026-06-04,2026-06-05,0,Overnight,0.0,False,-1.97,-1.97,-138.44,False,0.0,False
2026-06-05,2026-06-08,2,Weekend,48.0,False,82.37,82.37,38.96,False,0.0,False
2026-06-08,2026-06-09,0,Overnight,0.0,False,-55.51,-55.51,-133.42,False,0.0,False
2026-06-09,2026-06-10,0,Overnight,0.0,False,154.6,154.6,-40.42,False,0.0,False
2026-06-10,2026-06-11,0,Overnight,0.0,False,110.92,110.92,-381.44,False,0.0,False
2026-06-11,2026-06-12,0,Overnight,0.0,False,-66.39,-66.39,94.31,False,0.0,False
2026-06-12,2026-06-15,2,Weekend,48.0,False,-507.17,-507.17,84.09,False,0.0,False
2026-06-15,2026-06-16,0,Overnight,0.0,False,-51.94,-51.94,118.42,False,0.0,False
2026-06-16,2026-06-17,0,Overnight,0.0,False,-45.22,-45.22,-34.05,False,0.0,False
2026-06-17,2026-06-18,0,Overnight,0.0,False,-173.44,-173.44,-36.94,False,0.0,False
2026-06-18,2026-06-22,3,Long,72.0,False,52.83,52.83,-5.05,False,0.0,False
2026-06-22,2026-06-23,0,Overnight,0.0,False,71.24,71.24,19.34,False,0.0,False
2026-06-23,2026-06-24,0,Overnight,0.0,False,-188.56,-188.56,-16.06,False,0.0,False
2026-06-24,2026-06-25,0,Overnight,0.0,False,-92.46,-92.46,139.83,False,0.0,False
2026-06-25,2026-06-26,0,Overnight,0.0,False,-42.26,-42.26,-31.44,False,0.0,False
2026-06-26,2026-06-29,2,Weekend,48.0,False,2.93,2.93,-38.15,False,0.0,False
2026-06-29,2026-06-30,0,Overnight,0.0,False,30.82,30.82,17.57,False,0.0,False
2026-06-30,2026-07-01,0,Overnight,0.0,False,-13.91,-13.91,-18.33,False,0.0,False
2026-07-01,2026-07-02,0,Overnight,0.0,False,63.64,63.64,-4.38,False,0.0,False
2026-07-02,2026-07-06,3,Long,72.0,False,-39.47,-39.47,-8.06,False,0.0,False
2026-07-06,2026-07-07,0,Overnight,0.0,False,154.18,154.18,223.38,False,0.0,False
2026-07-07,2026-07-08,0,Overnight,0.0,False,122.75,122.75,-162.35,False,0.0,False
2026-07-08,2026-07-09,0,Overnight,0.0,False,-104.71,-104.71,-158.78,False,0.0,False
2026-07-09,2026-07-10,0,Overnight,0.0,False,31.96,31.96,70.82,False,0.0,False
2026-07-10,2026-07-13,2,Weekend,48.0,False,145.82,145.82,251.56,False,0.0,False
2026-07-13,2026-07-14,0,Overnight,0.0,False,68.96,68.96,-28.91,False,0.0,False
2026-07-14,2026-07-15,0,Overnight,0.0,False,0.0,0.0,-40.06,False,0.0,False
2026-07-15,2026-07-16,0,Overnight,0.0,False,53.14,53.14,46.01,False,0.0,False
2026-07-16,2026-07-17,0,Overnight,0.0,False,208.84,208.84,-112.69,False,0.0,False
2026-07-17,2026-07-20,2,Weekend,48.0,False,-58.53,-58.53,126.16,False,0.0,False
2026-07-20,2026-07-21,0,Overnight,0.0,False,43.72,43.72,179.57,False,0.0,False
2026-07-21,2026-07-22,0,Overnight,0.0,False,140.72,140.72,38.27,False,0.0,False
2026-07-22,2026-07-23,0,Overnight,0.0,False,138.24,138.24,18.5,False,0.0,False
2026-07-23,2026-07-24,0,Overnight,0.0,False,6.37,6.37,-3.19,False,0.0,False
2026-07-24,2026-07-27,2,Weekend,48.0,False,-249.68,-249.68,110.45,False,0.0,False
2026-07-27,2026-07-28,0,Overnight,0.0,False,-38.84,-38.84,-73.57,False,0.0,False
2026-07-28,2026-07-29,0,Overnight,0.0,False,301.22,301.22,-61.69,False,0.0,False
2026-07-29,2026-07-30,0,Overnight,0.0,False,-106.47,-106.47,120.49,False,0.0,False
2026-07-30,2026-07-31,0,Overnight,0.0,False,-207.92,-207.92,109.97,False,0.0,False
2026-07-31,2026-08-03,2,Weekend,48.0,False,-128.2,-128.2,103.72,False,0.0,False
2026-08-03,2026-08-04,0,Overnight,0.0,False,-224.35,-224.35,153.16,False,0.0,False
2026-08-04,2026-08-05,0,Overnight,0.0,False,69.9,69.9,-222.4,False,0.0,False
2026-08-05,2026-08-06,0,Overnight,0.0,False,169.37,169.37,40.12,False,0.0,False
2026-08-06,2026-08-07,0,Overnight,0.0,False,-143.1,-143.1,26.17,False,0.0,False
2026-08-07,2026-08-10,2,Weekend,48.0,False,94.95,94.95,336.66,False,0.0,False
2026-08-10,2026-08-11,0,Overnight,0.0,False,-8.14,-8.14,8.76,False,0.0,False
2026-08-11,2026-08-12,0,Overnight,0.0,False,-78.53,-78.53,75.4,False,0.0,False
2026-08-12,2026-08-13,0,Overnight,0.0,False,-108.25,-108.25,36.63,False,0.0,False
2026-08-13,2026-08-14,0,Overnight,0.0,False,69.11,69.11,24.39,False,0.0,False
2026-08-14,2026-08-17,2,Weekend,48.0,False,0.0,64.13,84.59,True,64.33,False
2026-08-17,2026-08-18,0,Overnight,0.0,False,177.41,177.41,73.35,False,0.0,False
2026-08-18,2026-08-19,0,Overnight,0.0,False,30.76,30.76,-78.59,False,0.0,False
2026-08-19,2026-08-20,0,Overnight,0.0,False,135.63,135.63,-52.23,False,0.0,False
2026-08-20,2026-08-21,0,Overnight,0.0,False,23.45,23.45,-86.24,False,0.0,False
2026-08-21,2026-08-24,2,Weekend,48.0,False,-75.39,-75.39,10.98,False,0.0,False
2026-08-24,2026-08-25,0,Overnight,0.0,False,-159.76,-159.76,-50.3,False,0.0,False
2026-08-25,2026-08-26,0,Overnight,0.0,False,-165.71,-165.71,12.02,False,0.0,False
2026-08-26,2026-08-27,0,Overnight,0.0,False,-35.46,-35.46,-75.78,False,0.0,False
2026-08-27,2026-08-28,0,Overnight,0.0,False,10.22,10.22,7.02,False,0.0,False
2026-08-28,2026-08-31,2,Weekend,48.0,False,204.02,204.02,62.95,False,0.0,False
2026-08-31,2026-09-01,0,Overnight,0.0,False,163.31,163.31,57.9,False,0.0,False
2026-09-01,2026-09-02,0,Overnight,0.0,False,-37.75,-37.75,13.41,False,0.0,False
2026-09-02,2026-09-03,0,Overnight,0.0,False,17.04,17.04,-135.93,False,0.0,False
2026-09-03,2026-09-04,0,Overnight,0.0,False,-73.63,-73.63,-96.73,False,0.0,False
2026-09-04,2026-09-08,3,Long,72.0,False,71.23,71.23,3.11,False,0.0,False
2026-09-08,2026-09-09,0,Overnight,0.0,False,137.23,137.23,82.54,False,0.0,False
2026-09-09,2026-09-10,0,Overnight,0.0,False,167.26,167.26,-106.55,False,0.0,False
2026-09-10,2026-09-11,0,Overnight,0.0,False,-9.69,-9.69,55.58,False,0.0,False
2026-09-11,2026-09-14,2,Weekend,48.0,False,161.94,161.94,-216.92,False,0.0,False
2026-09-14,2026-09-15,0,Overnight,0.0,False,16.95,16.95,236.66,False,0.0,False
2026-09-15,2026-09-16,0,Overnight,0.0,False,-124.2,-124.2,-236.59,False,0.0,False
2026-09-16,2026-09-17,0,Overnight,0.0,False,-91.65,-91.65,88.59,False,0.0,False
2026-09-17,2026-09-18,0,Overnight,0.0,False,-47.27,-47.27,63.8,False,0.0,False
2026-09-18,2026-09-21,2,Weekend,48.0,False,-159.02,-159.02,-166.64,False,0.0,False
2026-09-21,2026-09-22,0,Overnight,0.0,False,-48.76,-48.76,74.63,False,0.0,False
2026-09-22,2026-09-23,0,Overnight,0.0,False,57.17,57.17,100.36,False,0.0,False
2026-09-23,2026-09-24,0,Overnight,0.0,False,112.86,112.86,-56.58,False,0.0,False
2026-09-24,2026-09-25,0,Overnight,0.0,False,-118.5,-118.5,22.44,False,0.0,False
2026-09-25,2026-09-28,2,Weekend,48.0,False,136.68,136.68,-17.21,False,0.0,False
2026-09-28,2026-09-29,0,Overnight,0.0,False,-142.53,-142.53,70.28,False,0.0,False
2026-09-29,2026-09-30,0,Overnight,0.0,False,54.39,54.39,32.0,False,0.0,False
2026-09-30,2026-10-01,0,Overnight,0.0,False,-77.1,-77.1,142.63,False,0.0,False
