group,control,kind,lltv,bonus,scenario,arm,events,bad_debt_pct_of_outstanding,liquidated_pct_of_outstanding,events_with_bad_debt_pct,lender_loss_p99_pct,lender_loss_p999_pct,lender_loss_max_pct,annualised_bad_debt_bps,cap_reduction_at_window_pct,forced_delev_share_pct,capacity_given_up_time_avg_pct
DEPLOY4,morpho_38.5,in_the_wild,0.385,0.15,blind,control,1924,0,4.61637,0,0,0,0,0,0,0,0
DEPLOY4,morpho_38.5,in_the_wild,0.385,0.15,blind,treat_e1,1924,0,4.61637,0,0,0,0,0,0,0,0
DEPLOY4,morpho_38.5,in_the_wild,0.385,0.15,blind,treat_e0.5,1924,0,4.61637,0,0,0,0,0,0,0,0
DEPLOY4,morpho_38.5,in_the_wild,0.385,0.15,Short,control,96,0,5.15377,0,0,0,0,0,0,0,0
DEPLOY4,morpho_38.5,in_the_wild,0.385,0.15,Short,treat_e1,96,0,5.15377,0,0,0,0,0,0,0,0
DEPLOY4,morpho_38.5,in_the_wild,0.385,0.15,Short,treat_e0.5,96,0,5.15377,0,0,0,0,0,0,0,0
DEPLOY4,morpho_38.5,in_the_wild,0.385,0.15,Weekend,control,1584,0,4.50307,0,0,0,0,0,0,0,0
DEPLOY4,morpho_38.5,in_the_wild,0.385,0.15,Weekend,treat_e1,1584,0,4.50307,0,0,0,0,0,0,0,0
DEPLOY4,morpho_38.5,in_the_wild,0.385,0.15,Weekend,treat_e0.5,1584,0,4.50307,0,0,0,0,0,0,0,0
DEPLOY4,morpho_38.5,in_the_wild,0.385,0.15,Long,control,244,0,5.14052,0,0,0,0,0,0,0,0
DEPLOY4,morpho_38.5,in_the_wild,0.385,0.15,Long,treat_e1,244,0,5.14052,0,0,0,0,0,0,0,0
DEPLOY4,morpho_38.5,in_the_wild,0.385,0.15,Long,treat_e0.5,244,0,5.14052,0,0,0,0,0,0,0,0
DEPLOY4,morpho_38.5,in_the_wild,0.385,0.15,regular,control,8796,0,4.70333,0,0,0,0,0,0,0,
DEPLOY4,morpho_38.5,in_the_wild,0.385,0.15,regular,treat_e1,8796,0,4.70333,0,0,0,0,0,0,0,
DEPLOY4,morpho_38.5,in_the_wild,0.385,0.15,regular,treat_e0.5,8796,0,4.70333,0,0,0,0,0,0,0,
DEPLOY4,morpho_62.5,in_the_wild,0.625,0.126761,blind,control,1924,0,4.61637,0,0,0,0,0,0,0,0
DEPLOY4,morpho_62.5,in_the_wild,0.625,0.126761,blind,treat_e1,1924,0,4.61637,0,0,0,0,0,0,0,0
DEPLOY4,morpho_62.5,in_the_wild,0.625,0.126761,blind,treat_e0.5,1924,0,4.61637,0,0,0,0,0,0,0,0
DEPLOY4,morpho_62.5,in_the_wild,0.625,0.126761,Short,control,96,0,5.15377,0,0,0,0,0,0,0,0
DEPLOY4,morpho_62.5,in_the_wild,0.625,0.126761,Short,treat_e1,96,0,5.15377,0,0,0,0,0,0,0,0
DEPLOY4,morpho_62.5,in_the_wild,0.625,0.126761,Short,treat_e0.5,96,0,5.15377,0,0,0,0,0,0,0,0
DEPLOY4,morpho_62.5,in_the_wild,0.625,0.126761,Weekend,control,1584,0,4.50307,0,0,0,0,0,0,0,0
DEPLOY4,morpho_62.5,in_the_wild,0.625,0.126761,Weekend,treat_e1,1584,0,4.50307,0,0,0,0,0,0,0,0
DEPLOY4,morpho_62.5,in_the_wild,0.625,0.126761,Weekend,treat_e0.5,1584,0,4.50307,0,0,0,0,0,0,0,0
DEPLOY4,morpho_62.5,in_the_wild,0.625,0.126761,Long,control,244,0,5.14052,0,0,0,0,0,0,0,0
DEPLOY4,morpho_62.5,in_the_wild,0.625,0.126761,Long,treat_e1,244,0,5.14052,0,0,0,0,0,0,0,0
DEPLOY4,morpho_62.5,in_the_wild,0.625,0.126761,Long,treat_e0.5,244,0,5.14052,0,0,0,0,0,0,0,0
DEPLOY4,morpho_62.5,in_the_wild,0.625,0.126761,regular,control,8796,0,4.70333,0,0,0,0,0,0,0,
DEPLOY4,morpho_62.5,in_the_wild,0.625,0.126761,regular,treat_e1,8796,0,4.70333,0,0,0,0,0,0,0,
DEPLOY4,morpho_62.5,in_the_wild,0.625,0.126761,regular,treat_e0.5,8796,0,4.70333,0,0,0,0,0,0,0,
DEPLOY4,morpho_77,in_the_wild,0.77,0.0741139,blind,control,1924,0,4.61637,0,0,0,0,0,0,0,0
DEPLOY4,morpho_77,in_the_wild,0.77,0.0741139,blind,treat_e1,1924,0,4.61144,0,0,0,0,0,0.00245161,0.000233486,0.00112064
DEPLOY4,morpho_77,in_the_wild,0.77,0.0741139,blind,treat_e0.5,1924,0,4.61634,0,0,0,0,0,0.00245161,0.000116743,0.00112064
DEPLOY4,morpho_77,in_the_wild,0.77,0.0741139,Short,control,96,0,5.15377,0,0,0,0,0,0,0,0
DEPLOY4,morpho_77,in_the_wild,0.77,0.0741139,Short,treat_e1,96,0,5.15377,0,0,0,0,0,0,0,0
DEPLOY4,morpho_77,in_the_wild,0.77,0.0741139,Short,treat_e0.5,96,0,5.15377,0,0,0,0,0,0,0,0
DEPLOY4,morpho_77,in_the_wild,0.77,0.0741139,Weekend,control,1584,0,4.50307,0,0,0,0,0,0,0,0
DEPLOY4,morpho_77,in_the_wild,0.77,0.0741139,Weekend,treat_e1,1584,0,4.49707,0,0,0,0,0,0.00287829,0.000274123,0.00107124
DEPLOY4,morpho_77,in_the_wild,0.77,0.0741139,Weekend,treat_e0.5,1584,0,4.50303,0,0,0,0,0,0.00287829,0.000137061,0.00107124
DEPLOY4,morpho_77,in_the_wild,0.77,0.0741139,Long,control,244,0,5.14052,0,0,0,0,0,0,0,0
DEPLOY4,morpho_77,in_the_wild,0.77,0.0741139,Long,treat_e1,244,0,5.14052,0,0,0,0,0,0.000646225,6.15452e-05,4.93981e-05
DEPLOY4,morpho_77,in_the_wild,0.77,0.0741139,Long,treat_e0.5,244,0,5.14052,0,0,0,0,0,0.000646225,3.07726e-05,4.93981e-05
DEPLOY4,morpho_77,in_the_wild,0.77,0.0741139,regular,control,8796,0,4.70333,0,0,0,0,0,0,0,
DEPLOY4,morpho_77,in_the_wild,0.77,0.0741139,regular,treat_e1,8796,0,4.70333,0,0,0,0,0,0,0,
DEPLOY4,morpho_77,in_the_wild,0.77,0.0741139,regular,treat_e0.5,8796,0,4.70333,0,0,0,0,0,0,0,
DEPLOY4,morpho_86,in_the_wild,0.86,0.0438413,blind,control,1924,0.000937557,4.61637,0.259875,0,0.423555,0.495237,5.16024,0,0,0
DEPLOY4,morpho_86,in_the_wild,0.86,0.0438413,blind,treat_e1,1924,0.000723779,4.52196,0.259875,0,0.423555,0.495237,3.98303,0.131207,0.0149789,0.0618751
DEPLOY4,morpho_86,in_the_wild,0.86,0.0438413,blind,treat_e0.5,1924,0.000723725,4.54158,0.2079,0,0.423555,0.495237,3.98303,0.131207,0.00748947,0.0618751
DEPLOY4,morpho_86,in_the_wild,0.86,0.0438413,Short,control,96,0,5.15377,0,0,0,0,0,0,0,0
DEPLOY4,morpho_86,in_the_wild,0.86,0.0438413,Short,treat_e1,96,0,5.15377,0,0,0,0,0,0,0,0
DEPLOY4,morpho_86,in_the_wild,0.86,0.0438413,Short,treat_e0.5,96,0,5.15377,0,0,0,0,0,0,0,0
DEPLOY4,morpho_86,in_the_wild,0.86,0.0438413,Weekend,control,1584,0.000826151,4.50307,0.252525,0,0.414639,0.478102,3.74354,0,0,0
DEPLOY4,morpho_86,in_the_wild,0.86,0.0438413,Weekend,treat_e1,1584,0.000566445,4.40041,0.252525,0,0.174725,0.478102,2.56632,0.138727,0.0158499,0.0516313
DEPLOY4,morpho_86,in_the_wild,0.86,0.0438413,Weekend,treat_e0.5,1584,0.0005664,4.42424,0.189394,0,0.174725,0.478102,2.56632,0.138727,0.00792493,0.0516313
DEPLOY4,morpho_86,in_the_wild,0.86,0.0438413,Long,control,244,0.00202966,5.14052,0.409836,0,0.374894,0.495237,1.41671,0,0,0
DEPLOY4,morpho_86,in_the_wild,0.86,0.0438413,Long,treat_e1,244,0.00202997,5.06241,0.409836,0,0.374894,0.495237,1.41671,0.134009,0.0152185,0.0102438
DEPLOY4,morpho_86,in_the_wild,0.86,0.0438413,Long,treat_e0.5,244,0.00202981,5.06243,0.409836,0,0.374894,0.495237,1.41671,0.134009,0.00760925,0.0102438
DEPLOY4,morpho_86,in_the_wild,0.86,0.0438413,regular,control,8796,1.39777e-19,4.70333,0.0113688,0,0,1.22948e-15,3.51714e-15,0,0,
DEPLOY4,morpho_86,in_the_wild,0.86,0.0438413,regular,treat_e1,8796,1.39777e-19,4.70333,0.0113688,0,0,1.22948e-15,3.51714e-15,0,0,
DEPLOY4,morpho_86,in_the_wild,0.86,0.0438413,regular,treat_e0.5,8796,1.39777e-19,4.70333,0.0113688,0,0,1.22948e-15,3.51714e-15,0,0,
DEPLOY4,aave_65,in_the_wild,0.65,0.055,blind,control,1924,0,4.61637,0,0,0,0,0,0,0,0
DEPLOY4,aave_65,in_the_wild,0.65,0.055,blind,treat_e1,1924,0,4.61637,0,0,0,0,0,0,0,0
DEPLOY4,aave_65,in_the_wild,0.65,0.055,blind,treat_e0.5,1924,0,4.61637,0,0,0,0,0,0,0,0
DEPLOY4,aave_65,in_the_wild,0.65,0.055,Short,control,96,0,5.15377,0,0,0,0,0,0,0,0
DEPLOY4,aave_65,in_the_wild,0.65,0.055,Short,treat_e1,96,0,5.15377,0,0,0,0,0,0,0,0
DEPLOY4,aave_65,in_the_wild,0.65,0.055,Short,treat_e0.5,96,0,5.15377,0,0,0,0,0,0,0,0
DEPLOY4,aave_65,in_the_wild,0.65,0.055,Weekend,control,1584,0,4.50307,0,0,0,0,0,0,0,0
DEPLOY4,aave_65,in_the_wild,0.65,0.055,Weekend,treat_e1,1584,0,4.50307,0,0,0,0,0,0,0,0
DEPLOY4,aave_65,in_the_wild,0.65,0.055,Weekend,treat_e0.5,1584,0,4.50307,0,0,0,0,0,0,0,0
DEPLOY4,aave_65,in_the_wild,0.65,0.055,Long,control,244,0,5.14052,0,0,0,0,0,0,0,0
DEPLOY4,aave_65,in_the_wild,0.65,0.055,Long,treat_e1,244,0,5.14052,0,0,0,0,0,0,0,0
DEPLOY4,aave_65,in_the_wild,0.65,0.055,Long,treat_e0.5,244,0,5.14052,0,0,0,0,0,0,0,0
DEPLOY4,aave_65,in_the_wild,0.65,0.055,regular,control,8796,0,4.70333,0,0,0,0,0,0,0,
DEPLOY4,aave_65,in_the_wild,0.65,0.055,regular,treat_e1,8796,0,4.70333,0,0,0,0,0,0,0,
DEPLOY4,aave_65,in_the_wild,0.65,0.055,regular,treat_e0.5,8796,0,4.70333,0,0,0,0,0,0,0,
DEPLOY4,aave_79,in_the_wild,0.79,0.055,blind,control,1924,0,4.61637,0,0,0,0,0,0,0,0
DEPLOY4,aave_79,in_the_wild,0.79,0.055,blind,treat_e1,1924,0,4.6114,0,0,0,0,0,0.00830973,0.000815795,0.00396688
DEPLOY4,aave_79,in_the_wild,0.79,0.055,blind,treat_e0.5,1924,0,4.61141,0,0,0,0,0,0.00830973,0.000407898,0.00396688
DEPLOY4,aave_79,in_the_wild,0.79,0.055,Short,control,96,0,5.15377,0,0,0,0,0,0,0,0
DEPLOY4,aave_79,in_the_wild,0.79,0.055,Short,treat_e1,96,0,5.15377,0,0,0,0,0,0,0,0
DEPLOY4,aave_79,in_the_wild,0.79,0.055,Short,treat_e0.5,96,0,5.15377,0,0,0,0,0,0,0,0
DEPLOY4,aave_79,in_the_wild,0.79,0.055,Weekend,control,1584,0,4.50307,0,0,0,0,0,0,0,0
DEPLOY4,aave_79,in_the_wild,0.79,0.055,Weekend,treat_e1,1584,0,4.49702,0,0,0,0,0,0.0083981,0.000829447,0.00312561
DEPLOY4,aave_79,in_the_wild,0.79,0.055,Weekend,treat_e0.5,1584,0,4.49704,0,0,0,0,0,0.0083981,0.000414724,0.00312561
DEPLOY4,aave_79,in_the_wild,0.79,0.055,Long,control,244,0,5.14052,0,0,0,0,0,0,0,0
DEPLOY4,aave_79,in_the_wild,0.79,0.055,Long,treat_e1,244,0,5.14057,0,0,0,0,0,0.0110055,0.00104814,0.00084127
DEPLOY4,aave_79,in_the_wild,0.79,0.055,Long,treat_e0.5,244,0,5.14054,0,0,0,0,0,0.0110055,0.00052407,0.00084127
DEPLOY4,aave_79,in_the_wild,0.79,0.055,regular,control,8796,0,4.70333,0,0,0,0,0,0,0,
DEPLOY4,aave_79,in_the_wild,0.79,0.055,regular,treat_e1,8796,0,4.70333,0,0,0,0,0,0,0,
DEPLOY4,aave_79,in_the_wild,0.79,0.055,regular,treat_e0.5,8796,0,4.70333,0,0,0,0,0,0,0,
DEPLOY4,cf_90,counterfactual,0.9,0.0309278,blind,control,1924,0.00342183,4.61637,0.571726,0,0.741853,1.10069,18.8335,0,0,0
DEPLOY4,cf_90,counterfactual,0.9,0.0309278,blind,treat_e1,1924,0.00216065,4.22894,0.4158,0,0.724891,1.06753,11.8936,0.504891,0.0596739,0.238549
DEPLOY4,cf_90,counterfactual,0.9,0.0309278,blind,treat_e0.5,1924,0.00254209,4.30764,0.467775,0,0.734661,1.06753,13.9958,0.504891,0.029837,0.238549
DEPLOY4,cf_90,counterfactual,0.9,0.0309278,Short,control,96,0,5.15377,0,0,0,0,0,0,0,0
DEPLOY4,cf_90,counterfactual,0.9,0.0309278,Short,treat_e1,96,0,5.15377,0,0,0,0,0,0,0,0
DEPLOY4,cf_90,counterfactual,0.9,0.0309278,Short,treat_e0.5,96,0,5.15377,0,0,0,0,0,0,0,0
DEPLOY4,cf_90,counterfactual,0.9,0.0309278,Weekend,control,1584,0.00346143,4.50307,0.568182,0,0.71046,1.06753,15.6848,0,0,0
DEPLOY4,cf_90,counterfactual,0.9,0.0309278,Weekend,treat_e1,1584,0.00209065,4.0987,0.441919,0,0.613884,1.06753,9.46993,0.530085,0.0627126,0.197272
DEPLOY4,cf_90,counterfactual,0.9,0.0309278,Weekend,treat_e0.5,1584,0.0024734,4.17052,0.505051,0,0.613884,1.06753,11.2092,0.530085,0.0313563,0.197272
DEPLOY4,cf_90,counterfactual,0.9,0.0309278,Long,control,244,0.00451102,5.14052,0.819672,0,0.833222,1.10069,3.14871,0,0,0
DEPLOY4,cf_90,counterfactual,0.9,0.0309278,Long,treat_e1,244,0.00346566,4.71033,0.409836,0,0.641368,0.847249,2.4237,0.539983,0.0634257,0.0412769
DEPLOY4,cf_90,counterfactual,0.9,0.0309278,Long,treat_e0.5,244,0.00398851,4.86478,0.409836,0,0.737418,0.974132,2.78667,0.539983,0.0317128,0.0412769
DEPLOY4,cf_90,counterfactual,0.9,0.0309278,regular,control,8796,0.000399753,4.70333,0.19327,0,1.17484e-15,0.572067,10.0588,0,0,
DEPLOY4,cf_90,counterfactual,0.9,0.0309278,regular,treat_e1,8796,0.000399753,4.70333,0.19327,0,1.17484e-15,0.572067,10.0588,0,0,
DEPLOY4,cf_90,counterfactual,0.9,0.0309278,regular,treat_e0.5,8796,0.000399753,4.70333,0.19327,0,1.17484e-15,0.572067,10.0588,0,0,
DEPLOY4,cf_93,counterfactual,0.93,0.0214505,blind,control,1924,0.00743628,4.61637,1.19543,0.156708,1.37191,1.50739,40.9287,0,0,0
DEPLOY4,cf_93,counterfactual,0.93,0.0214505,blind,treat_e1,1924,0.00364153,3.61481,0.727651,0,0.917207,1.39223,20.049,1.27356,0.153449,0.599973
DEPLOY4,cf_93,counterfactual,0.93,0.0214505,blind,treat_e0.5,1924,0.0050248,3.90297,0.987526,0,1.20767,1.43363,27.6879,1.27356,0.0767244,0.599973
DEPLOY4,cf_93,counterfactual,0.93,0.0214505,Short,control,96,0.00315153,5.15377,1.04167,0.0151273,0.273805,0.302547,0.865486,0,0,0
DEPLOY4,cf_93,counterfactual,0.93,0.0214505,Short,treat_e1,96,0.00315194,4.7561,1.04167,0.0151273,0.273805,0.302547,0.865486,0.135527,0.0129074,0.002038
DEPLOY4,cf_93,counterfactual,0.93,0.0214505,Short,treat_e0.5,96,0.00315173,4.9533,1.04167,0.0151273,0.273805,0.302547,0.865486,0.135527,0.00645368,0.002038
DEPLOY4,cf_93,counterfactual,0.93,0.0214505,Weekend,control,1584,0.00759683,4.50307,1.13636,0.0384877,1.35506,1.47501,34.4235,0,0,0
DEPLOY4,cf_93,counterfactual,0.93,0.0214505,Weekend,treat_e1,1584,0.00367927,3.4672,0.757576,0,1.06611,1.39223,16.6662,1.33497,0.161069,0.49683
DEPLOY4,cf_93,counterfactual,0.93,0.0214505,Weekend,treat_e0.5,1584,0.00515999,3.74583,1.0101,1.9328e-16,1.1163,1.43363,23.4048,1.33497,0.0805346,0.49683
DEPLOY4,cf_93,counterfactual,0.93,0.0214505,Long,control,244,0.00807986,5.14052,1.63934,0.116005,1.20442,1.50739,5.63977,0,0,0
DEPLOY4,cf_93,counterfactual,0.93,0.0214505,Long,treat_e1,244,0.00358941,4.12334,0.409836,0,0.666153,0.879991,2.51736,1.32265,0.159273,0.101105
DEPLOY4,cf_93,counterfactual,0.93,0.0214505,Long,treat_e0.5,244,0.00488465,4.50953,0.819672,0,0.904378,1.19469,3.4176,1.32265,0.0796366,0.101105
DEPLOY4,cf_93,counterfactual,0.93,0.0214505,regular,control,8796,0.00229957,4.70333,0.95498,0,0.479278,1.08472,57.8628,0,0,
DEPLOY4,cf_93,counterfactual,0.93,0.0214505,regular,treat_e1,8796,0.00229957,4.70333,0.95498,0,0.479278,1.08472,57.8628,0,0,
DEPLOY4,cf_93,counterfactual,0.93,0.0214505,regular,treat_e0.5,8796,0.00229957,4.70333,0.95498,0,0.479278,1.08472,57.8628,0,0,
DEPLOY4,cf_95,counterfactual,0.95,0.0152284,blind,control,1924,0.0108189,4.61637,1.4553,0.340322,1.64251,1.9321,59.5463,0,0,0
DEPLOY4,cf_95,counterfactual,0.95,0.0152284,blind,treat_e1,1924,0.00414124,2.78812,0.675676,0,0.970336,1.60611,22.8141,2.19321,0.269194,1.02918
DEPLOY4,cf_95,counterfactual,0.95,0.0152284,blind,treat_e0.5,1924,0.00644142,3.25622,1.19543,1.11474e-15,1.44164,1.74538,35.5118,2.19321,0.134597,1.02918
DEPLOY4,cf_95,counterfactual,0.95,0.0152284,Short,control,96,0.00459744,5.15377,1.04167,0.0220677,0.399425,0.441354,1.26257,0,0,0
DEPLOY4,cf_95,counterfactual,0.95,0.0152284,Short,treat_e1,96,0.00279019,3.95646,1.04167,0.0134075,0.242676,0.26815,0.767088,0.681842,0.0649373,0.0102533
DEPLOY4,cf_95,counterfactual,0.95,0.0152284,Short,treat_e0.5,96,0.00369411,4.15613,1.04167,0.0177414,0.321119,0.354827,1.01504,0.681842,0.0324687,0.0102533
DEPLOY4,cf_95,counterfactual,0.95,0.0152284,Weekend,control,1584,0.0110334,4.50307,1.45202,0.335041,1.61422,1.88425,49.9955,0,0,0
DEPLOY4,cf_95,counterfactual,0.95,0.0152284,Weekend,treat_e1,1584,0.00427786,2.64469,0.694444,0,1.13979,1.60611,19.3841,2.2773,0.280211,0.847547
DEPLOY4,cf_95,counterfactual,0.95,0.0152284,Weekend,treat_e0.5,1584,0.0065812,3.11743,1.26263,0.0379989,1.28433,1.74538,29.8636,2.2773,0.140105,0.847547
DEPLOY4,cf_95,counterfactual,0.95,0.0152284,Long,control,244,0.0118743,5.14052,1.63934,0.291172,1.5598,1.9321,8.28827,0,0,0
DEPLOY4,cf_95,counterfactual,0.95,0.0152284,Long,treat_e1,244,0.00378707,3.25852,0.409836,0,0.704679,0.930883,2.66295,2.24196,0.278041,0.171378
DEPLOY4,cf_95,counterfactual,0.95,0.0152284,Long,treat_e0.5,244,0.00661603,3.80277,0.819672,0,1.13066,1.43403,4.63316,2.24196,0.13902,0.171378
DEPLOY4,cf_95,counterfactual,0.95,0.0152284,regular,control,8796,0.00621694,4.70333,2.48977,0.256215,0.754659,1.34795,156.433,0,0,
DEPLOY4,cf_95,counterfactual,0.95,0.0152284,regular,treat_e1,8796,0.00621694,4.70333,2.48977,0.256215,0.754659,1.34795,156.433,0,0,
DEPLOY4,cf_95,counterfactual,0.95,0.0152284,regular,treat_e0.5,8796,0.00621694,4.70333,2.48977,0.256215,0.754659,1.34795,156.433,0,0,
UNIVERSE12,morpho_38.5,in_the_wild,0.385,0.15,blind,control,5772,0,4.61456,0,0,0,0,0,0,0,0
UNIVERSE12,morpho_38.5,in_the_wild,0.385,0.15,blind,treat_e1,5772,0,4.61456,0,0,0,0,0,0,0,0
UNIVERSE12,morpho_38.5,in_the_wild,0.385,0.15,blind,treat_e0.5,5772,0,4.61456,0,0,0,0,0,0,0,0
UNIVERSE12,morpho_38.5,in_the_wild,0.385,0.15,Short,control,288,0,4.72718,0,0,0,0,0,0,0,0
UNIVERSE12,morpho_38.5,in_the_wild,0.385,0.15,Short,treat_e1,288,0,4.72718,0,0,0,0,0,0,0,0
UNIVERSE12,morpho_38.5,in_the_wild,0.385,0.15,Short,treat_e0.5,288,0,4.72718,0,0,0,0,0,0,0,0
UNIVERSE12,morpho_38.5,in_the_wild,0.385,0.15,Weekend,control,4752,0,4.50758,0,0,0,0,0,0,0,0
UNIVERSE12,morpho_38.5,in_the_wild,0.385,0.15,Weekend,treat_e1,4752,0,4.50758,0,0,0,0,0,0,0,0
UNIVERSE12,morpho_38.5,in_the_wild,0.385,0.15,Weekend,treat_e0.5,4752,0,4.50758,0,0,0,0,0,0,0,0
UNIVERSE12,morpho_38.5,in_the_wild,0.385,0.15,Long,control,732,0,5.26477,0,0,0,0,0,0,0,0
UNIVERSE12,morpho_38.5,in_the_wild,0.385,0.15,Long,treat_e1,732,0,5.26477,0,0,0,0,0,0,0,0
UNIVERSE12,morpho_38.5,in_the_wild,0.385,0.15,Long,treat_e0.5,732,0,5.26477,0,0,0,0,0,0,0,0
UNIVERSE12,morpho_38.5,in_the_wild,0.385,0.15,regular,control,26388,0,4.65646,0,0,0,0,0,0,0,
UNIVERSE12,morpho_38.5,in_the_wild,0.385,0.15,regular,treat_e1,26388,0,4.65646,0,0,0,0,0,0,0,
UNIVERSE12,morpho_38.5,in_the_wild,0.385,0.15,regular,treat_e0.5,26388,0,4.65646,0,0,0,0,0,0,0,
UNIVERSE12,morpho_62.5,in_the_wild,0.625,0.126761,blind,control,5772,0,4.61456,0,0,0,0,0,0,0,0
UNIVERSE12,morpho_62.5,in_the_wild,0.625,0.126761,blind,treat_e1,5772,0,4.61456,0,0,0,0,0,0,0,0
UNIVERSE12,morpho_62.5,in_the_wild,0.625,0.126761,blind,treat_e0.5,5772,0,4.61456,0,0,0,0,0,0,0,0
UNIVERSE12,morpho_62.5,in_the_wild,0.625,0.126761,Short,control,288,0,4.72718,0,0,0,0,0,0,0,0
UNIVERSE12,morpho_62.5,in_the_wild,0.625,0.126761,Short,treat_e1,288,0,4.72718,0,0,0,0,0,0,0,0
UNIVERSE12,morpho_62.5,in_the_wild,0.625,0.126761,Short,treat_e0.5,288,0,4.72718,0,0,0,0,0,0,0,0
UNIVERSE12,morpho_62.5,in_the_wild,0.625,0.126761,Weekend,control,4752,0,4.50758,0,0,0,0,0,0,0,0
UNIVERSE12,morpho_62.5,in_the_wild,0.625,0.126761,Weekend,treat_e1,4752,0,4.50758,0,0,0,0,0,0,0,0
UNIVERSE12,morpho_62.5,in_the_wild,0.625,0.126761,Weekend,treat_e0.5,4752,0,4.50758,0,0,0,0,0,0,0,0
UNIVERSE12,morpho_62.5,in_the_wild,0.625,0.126761,Long,control,732,0,5.26477,0,0,0,0,0,0,0,0
UNIVERSE12,morpho_62.5,in_the_wild,0.625,0.126761,Long,treat_e1,732,0,5.26477,0,0,0,0,0,0,0,0
UNIVERSE12,morpho_62.5,in_the_wild,0.625,0.126761,Long,treat_e0.5,732,0,5.26477,0,0,0,0,0,0,0,0
UNIVERSE12,morpho_62.5,in_the_wild,0.625,0.126761,regular,control,26388,0,4.65646,0,0,0,0,0,0,0,
UNIVERSE12,morpho_62.5,in_the_wild,0.625,0.126761,regular,treat_e1,26388,0,4.65646,0,0,0,0,0,0,0,
UNIVERSE12,morpho_62.5,in_the_wild,0.625,0.126761,regular,treat_e0.5,26388,0,4.65646,0,0,0,0,0,0,0,
UNIVERSE12,morpho_77,in_the_wild,0.77,0.0741139,blind,control,5772,0,4.61456,0,0,0,0,0,0,0,0
UNIVERSE12,morpho_77,in_the_wild,0.77,0.0741139,blind,treat_e1,5772,0,4.61126,0,0,0,0,0,0.00112996,0.000107616,0.000514937
UNIVERSE12,morpho_77,in_the_wild,0.77,0.0741139,blind,treat_e0.5,5772,0,4.61453,0,0,0,0,0,0.00112996,5.38078e-05,0.000514937
UNIVERSE12,morpho_77,in_the_wild,0.77,0.0741139,Short,control,288,0,4.72718,0,0,0,0,0,0,0,0
UNIVERSE12,morpho_77,in_the_wild,0.77,0.0741139,Short,treat_e1,288,0,4.72718,0,0,0,0,0,0,0,0
UNIVERSE12,morpho_77,in_the_wild,0.77,0.0741139,Short,treat_e0.5,288,0,4.72718,0,0,0,0,0,0,0,0
UNIVERSE12,morpho_77,in_the_wild,0.77,0.0741139,Weekend,control,4752,0,4.50758,0,0,0,0,0,0,0,0
UNIVERSE12,morpho_77,in_the_wild,0.77,0.0741139,Weekend,treat_e1,4752,0,4.50357,0,0,0,0,0,0.00133933,0.000127555,0.000498471
UNIVERSE12,morpho_77,in_the_wild,0.77,0.0741139,Weekend,treat_e0.5,4752,0,4.50755,0,0,0,0,0,0.00133933,6.37774e-05,0.000498471
UNIVERSE12,morpho_77,in_the_wild,0.77,0.0741139,Long,control,732,0,5.26477,0,0,0,0,0,0,0,0
UNIVERSE12,morpho_77,in_the_wild,0.77,0.0741139,Long,treat_e1,732,0,5.26477,0,0,0,0,0,0.000215408,2.05151e-05,1.6466e-05
UNIVERSE12,morpho_77,in_the_wild,0.77,0.0741139,Long,treat_e0.5,732,0,5.26477,0,0,0,0,0,0.000215408,1.02575e-05,1.6466e-05
UNIVERSE12,morpho_77,in_the_wild,0.77,0.0741139,regular,control,26388,0,4.65646,0,0,0,0,0,0,0,
UNIVERSE12,morpho_77,in_the_wild,0.77,0.0741139,regular,treat_e1,26388,0,4.65646,0,0,0,0,0,0,0,
UNIVERSE12,morpho_77,in_the_wild,0.77,0.0741139,regular,treat_e0.5,26388,0,4.65646,0,0,0,0,0,0,0,
UNIVERSE12,morpho_86,in_the_wild,0.86,0.0438413,blind,control,5772,0.00045545,4.61456,0.121275,0,1.22948e-15,0.824999,2.50676,0,0,0
UNIVERSE12,morpho_86,in_the_wild,0.86,0.0438413,blind,treat_e1,5772,0.000384183,4.55836,0.121275,0,1.22948e-15,0.824999,2.11436,0.0643815,0.00744566,0.0304346
UNIVERSE12,morpho_86,in_the_wild,0.86,0.0438413,blind,treat_e0.5,5772,0.000384169,4.5698,0.10395,0,2.81552e-16,0.824999,2.11436,0.0643815,0.00372283,0.0304346
UNIVERSE12,morpho_86,in_the_wild,0.86,0.0438413,Short,control,288,0,4.72718,0,0,0,0,0,0,0,0
UNIVERSE12,morpho_86,in_the_wild,0.86,0.0438413,Short,treat_e1,288,0,4.72718,0,0,0,0,0,0,0,0
UNIVERSE12,morpho_86,in_the_wild,0.86,0.0438413,Short,treat_e0.5,288,0,4.72718,0,0,0,0,0,0,0,0
UNIVERSE12,morpho_86,in_the_wild,0.86,0.0438413,Weekend,control,4752,0.000448995,4.50758,0.126263,0,1.22948e-15,0.824999,2.03453,0,0,0
UNIVERSE12,morpho_86,in_the_wild,0.86,0.0438413,Weekend,treat_e1,4752,0.000362424,4.4453,0.126263,0,1.22948e-15,0.824999,1.64212,0.0674808,0.00780968,0.0251149
UNIVERSE12,morpho_86,in_the_wild,0.86,0.0438413,Weekend,treat_e0.5,4752,0.00036241,4.45922,0.105219,0,3.06141e-16,0.824999,1.64212,0.0674808,0.00390484,0.0251149
UNIVERSE12,morpho_86,in_the_wild,0.86,0.0438413,Long,control,732,0.000676553,5.26477,0.136612,0,0.133219,0.495237,0.472236,0,0,0
UNIVERSE12,morpho_86,in_the_wild,0.86,0.0438413,Long,treat_e1,732,0.000676607,5.22588,0.136612,0,0.133219,0.495237,0.472236,0.0695916,0.00801196,0.00531966
UNIVERSE12,morpho_86,in_the_wild,0.86,0.0438413,Long,treat_e0.5,732,0.00067658,5.22581,0.136612,0,0.133219,0.495237,0.472236,0.0695916,0.00400598,0.00531966
UNIVERSE12,morpho_86,in_the_wild,0.86,0.0438413,regular,control,26388,4.65925e-20,4.65646,0.0037896,0,0,1.22948e-15,1.17238e-15,0,0,
UNIVERSE12,morpho_86,in_the_wild,0.86,0.0438413,regular,treat_e1,26388,4.65925e-20,4.65646,0.0037896,0,0,1.22948e-15,1.17238e-15,0,0,
UNIVERSE12,morpho_86,in_the_wild,0.86,0.0438413,regular,treat_e0.5,26388,4.65925e-20,4.65646,0.0037896,0,0,1.22948e-15,1.17238e-15,0,0,
UNIVERSE12,aave_65,in_the_wild,0.65,0.055,blind,control,5772,0,4.61456,0,0,0,0,0,0,0,0
UNIVERSE12,aave_65,in_the_wild,0.65,0.055,blind,treat_e1,5772,0,4.61456,0,0,0,0,0,0,0,0
UNIVERSE12,aave_65,in_the_wild,0.65,0.055,blind,treat_e0.5,5772,0,4.61456,0,0,0,0,0,0,0,0
UNIVERSE12,aave_65,in_the_wild,0.65,0.055,Short,control,288,0,4.72718,0,0,0,0,0,0,0,0
UNIVERSE12,aave_65,in_the_wild,0.65,0.055,Short,treat_e1,288,0,4.72718,0,0,0,0,0,0,0,0
UNIVERSE12,aave_65,in_the_wild,0.65,0.055,Short,treat_e0.5,288,0,4.72718,0,0,0,0,0,0,0,0
UNIVERSE12,aave_65,in_the_wild,0.65,0.055,Weekend,control,4752,0,4.50758,0,0,0,0,0,0,0,0
UNIVERSE12,aave_65,in_the_wild,0.65,0.055,Weekend,treat_e1,4752,0,4.50758,0,0,0,0,0,0,0,0
UNIVERSE12,aave_65,in_the_wild,0.65,0.055,Weekend,treat_e0.5,4752,0,4.50758,0,0,0,0,0,0,0,0
UNIVERSE12,aave_65,in_the_wild,0.65,0.055,Long,control,732,0,5.26477,0,0,0,0,0,0,0,0
UNIVERSE12,aave_65,in_the_wild,0.65,0.055,Long,treat_e1,732,0,5.26477,0,0,0,0,0,0,0,0
UNIVERSE12,aave_65,in_the_wild,0.65,0.055,Long,treat_e0.5,732,0,5.26477,0,0,0,0,0,0,0,0
UNIVERSE12,aave_65,in_the_wild,0.65,0.055,regular,control,26388,0,4.65646,0,0,0,0,0,0,0,
UNIVERSE12,aave_65,in_the_wild,0.65,0.055,regular,treat_e1,26388,0,4.65646,0,0,0,0,0,0,0,
UNIVERSE12,aave_65,in_the_wild,0.65,0.055,regular,treat_e0.5,26388,0,4.65646,0,0,0,0,0,0,0,
UNIVERSE12,aave_79,in_the_wild,0.79,0.055,blind,control,5772,0,4.61456,0,0,0,0,0,0,0,0
UNIVERSE12,aave_79,in_the_wild,0.79,0.055,blind,treat_e1,5772,0,4.60961,0,0,0,0,0,0.00440326,0.000427489,0.002095
UNIVERSE12,aave_79,in_the_wild,0.79,0.055,blind,treat_e0.5,5772,0,4.60961,0,0,0,0,0,0.00440326,0.000213745,0.002095
UNIVERSE12,aave_79,in_the_wild,0.79,0.055,Short,control,288,0,4.72718,0,0,0,0,0,0,0,0
UNIVERSE12,aave_79,in_the_wild,0.79,0.055,Short,treat_e1,288,0,4.72718,0,0,0,0,0,0,0,0
UNIVERSE12,aave_79,in_the_wild,0.79,0.055,Short,treat_e0.5,288,0,4.72718,0,0,0,0,0,0,0,0
UNIVERSE12,aave_79,in_the_wild,0.79,0.055,Weekend,control,4752,0,4.50758,0,0,0,0,0,0,0,0
UNIVERSE12,aave_79,in_the_wild,0.79,0.055,Weekend,treat_e1,4752,0,4.50156,0,0,0,0,0,0.00450666,0.000439082,0.00167729
UNIVERSE12,aave_79,in_the_wild,0.79,0.055,Weekend,treat_e0.5,4752,0,4.50156,0,0,0,0,0,0.00450666,0.000219541,0.00167729
UNIVERSE12,aave_79,in_the_wild,0.79,0.055,Long,control,732,0,5.26477,0,0,0,0,0,0,0,0
UNIVERSE12,aave_79,in_the_wild,0.79,0.055,Long,treat_e1,732,0,5.26479,0,0,0,0,0,0.00546446,0.000520425,0.00041771
UNIVERSE12,aave_79,in_the_wild,0.79,0.055,Long,treat_e0.5,732,0,5.26478,0,0,0,0,0,0.00546446,0.000260213,0.00041771
UNIVERSE12,aave_79,in_the_wild,0.79,0.055,regular,control,26388,0,4.65646,0,0,0,0,0,0,0,
UNIVERSE12,aave_79,in_the_wild,0.79,0.055,regular,treat_e1,26388,0,4.65646,0,0,0,0,0,0,0,
UNIVERSE12,aave_79,in_the_wild,0.79,0.055,regular,treat_e0.5,26388,0,4.65646,0,0,0,0,0,0,0,
UNIVERSE12,cf_90,counterfactual,0.9,0.0309278,blind,control,5772,0.00179353,4.61456,0.329175,0,0.612524,1.7388,9.87145,0,0,0
UNIVERSE12,cf_90,counterfactual,0.9,0.0309278,blind,treat_e1,5772,0.00129603,4.39984,0.2772,0,0.428332,1.39134,7.13906,0.245882,0.0292018,0.116401
UNIVERSE12,cf_90,counterfactual,0.9,0.0309278,blind,treat_e0.5,5772,0.00146171,4.44552,0.294525,0,0.475594,1.56537,8.04965,0.245882,0.0146009,0.116401
UNIVERSE12,cf_90,counterfactual,0.9,0.0309278,Short,control,288,0,4.72718,0,0,0,0,0,0,0,0
UNIVERSE12,cf_90,counterfactual,0.9,0.0309278,Short,treat_e1,288,0,4.72718,0,0,0,0,0,0,0,0
UNIVERSE12,cf_90,counterfactual,0.9,0.0309278,Short,treat_e0.5,288,0,4.72718,0,0,0,0,0,0,0,0
UNIVERSE12,cf_90,counterfactual,0.9,0.0309278,Weekend,control,4752,0.00194688,4.50758,0.3367,0,0.614547,1.7388,8.82188,0,0,0
UNIVERSE12,cf_90,counterfactual,0.9,0.0309278,Weekend,treat_e1,4752,0.00139634,4.27877,0.294613,0,0.431275,1.39134,6.33116,0.256333,0.0304612,0.0953969
UNIVERSE12,cf_90,counterfactual,0.9,0.0309278,Weekend,treat_e0.5,4752,0.00157071,4.32638,0.315657,0,0.477311,1.56537,7.12077,0.256333,0.0152306,0.0953969
UNIVERSE12,cf_90,counterfactual,0.9,0.0309278,Long,control,732,0.00150367,5.26477,0.409836,0,0.296086,1.10069,1.04957,0,0,0
UNIVERSE12,cf_90,counterfactual,0.9,0.0309278,Long,treat_e1,732,0.00115486,5.05697,0.273224,0,0.22791,0.847249,0.807899,0.27478,0.032515,0.0210045
UNIVERSE12,cf_90,counterfactual,0.9,0.0309278,Long,treat_e0.5,732,0.0013293,5.10812,0.273224,0,0.262041,0.974132,0.928889,0.27478,0.0162575,0.0210045
UNIVERSE12,cf_90,counterfactual,0.9,0.0309278,regular,control,26388,0.000133251,4.65646,0.0682128,0,0,0.572067,3.35292,0,0,
UNIVERSE12,cf_90,counterfactual,0.9,0.0309278,regular,treat_e1,26388,0.000133251,4.65646,0.0682128,0,0,0.572067,3.35292,0,0,
UNIVERSE12,cf_90,counterfactual,0.9,0.0309278,regular,treat_e0.5,26388,0.000133251,4.65646,0.0682128,0,0,0.572067,3.35292,0,0,
UNIVERSE12,cf_93,counterfactual,0.93,0.0214505,blind,control,5772,0.00396585,4.61456,0.710326,0,1.16375,2.48168,21.8278,0,0,0
UNIVERSE12,cf_93,counterfactual,0.93,0.0214505,blind,treat_e1,5772,0.00218251,4.07966,0.519751,0,0.63176,1.67518,12.0321,0.618593,0.0748038,0.292271
UNIVERSE12,cf_93,counterfactual,0.93,0.0214505,blind,treat_e0.5,5772,0.00284807,4.20824,0.606376,0,0.828152,2.08009,15.6983,0.618593,0.0374019,0.292271
UNIVERSE12,cf_93,counterfactual,0.93,0.0214505,Short,control,288,0.00105051,4.72718,0.347222,0,0.215716,0.302547,0.288495,0,0,0
UNIVERSE12,cf_93,counterfactual,0.93,0.0214505,Short,treat_e1,288,0.00105057,4.52853,0.347222,0,0.215716,0.302547,0.288495,0.0579934,0.00552318,0.000872081
UNIVERSE12,cf_93,counterfactual,0.93,0.0214505,Short,treat_e0.5,288,0.00105054,4.59424,0.347222,0,0.215716,0.302547,0.288495,0.0579934,0.00276159,0.000872081
UNIVERSE12,cf_93,counterfactual,0.93,0.0214505,Weekend,control,4752,0.00428731,4.50758,0.736532,0,1.1677,2.48168,19.4271,0,0,0
UNIVERSE12,cf_93,counterfactual,0.93,0.0214505,Weekend,treat_e1,4752,0.00235189,3.95202,0.568182,0,0.637513,1.67518,10.6722,0.642496,0.0778232,0.239114
UNIVERSE12,cf_93,counterfactual,0.93,0.0214505,Weekend,treat_e0.5,4752,0.00309377,4.0805,0.652357,0,0.831043,2.08009,14.0383,0.642496,0.0389116,0.239114
UNIVERSE12,cf_93,counterfactual,0.93,0.0214505,Long,control,732,0.00302604,5.26477,0.68306,0,0.595971,1.50739,2.11218,0,0,0
UNIVERSE12,cf_93,counterfactual,0.93,0.0214505,Long,treat_e1,732,0.00152858,4.73156,0.273224,0,0.41477,0.879991,1.07138,0.683983,0.0824604,0.0522844
UNIVERSE12,cf_93,counterfactual,0.93,0.0214505,Long,treat_e0.5,732,0.00196048,4.88562,0.409836,0,0.499423,1.19469,1.37146,0.683983,0.0412302,0.0522844
UNIVERSE12,cf_93,counterfactual,0.93,0.0214505,regular,control,26388,0.000804518,4.65646,0.394119,0,0.31121,1.08472,20.2436,0,0,
UNIVERSE12,cf_93,counterfactual,0.93,0.0214505,regular,treat_e1,26388,0.000804518,4.65646,0.394119,0,0.31121,1.08472,20.2436,0,0,
UNIVERSE12,cf_93,counterfactual,0.93,0.0214505,regular,treat_e0.5,26388,0.000804518,4.65646,0.394119,0,0.31121,1.08472,20.2436,0,0,
UNIVERSE12,cf_95,counterfactual,0.95,0.0152284,blind,control,5772,0.00604903,4.61456,0.970201,0,1.42579,2.8529,33.2934,0,0,0
UNIVERSE12,cf_95,counterfactual,0.95,0.0152284,blind,treat_e1,5772,0.00279888,3.419,0.606376,0,0.894039,1.679,15.4381,1.18774,0.142575,0.559392
UNIVERSE12,cf_95,counterfactual,0.95,0.0152284,blind,treat_e0.5,5772,0.00395762,3.74378,0.796951,0,0.951463,2.26948,21.8234,1.18774,0.0712873,0.559392
UNIVERSE12,cf_95,counterfactual,0.95,0.0152284,Short,control,288,0.00153248,4.72718,0.694444,0,0.314685,0.441354,0.420856,0,0,0
UNIVERSE12,cf_95,counterfactual,0.95,0.0152284,Short,treat_e1,288,0.000929703,4.26183,0.694444,0,0.191191,0.26815,0.255696,0.27411,0.0261057,0.00412195
UNIVERSE12,cf_95,counterfactual,0.95,0.0152284,Short,treat_e0.5,288,0.00123113,4.32843,0.694444,0,0.252992,0.354827,0.338348,0.27411,0.0130529,0.00412195
UNIVERSE12,cf_95,counterfactual,0.95,0.0152284,Weekend,control,4752,0.0065642,4.50758,1.0101,5.45373e-16,1.42968,2.8529,29.7443,0,0,0
UNIVERSE12,cf_95,counterfactual,0.95,0.0152284,Weekend,treat_e1,4752,0.00306844,3.27847,0.652357,0,0.894783,1.679,13.9293,1.22834,0.147685,0.45715
UNIVERSE12,cf_95,counterfactual,0.95,0.0152284,Weekend,treat_e0.5,4752,0.00431236,3.60715,0.862795,0,0.955486,2.26948,19.5752,1.22834,0.0738423,0.45715
UNIVERSE12,cf_95,counterfactual,0.95,0.0152284,Long,control,732,0.00448168,5.26477,0.819672,0,0.812147,1.9321,3.12822,0,0,0
UNIVERSE12,cf_95,counterfactual,0.95,0.0152284,Long,treat_e1,732,0.00178521,3.99936,0.273224,0,0.530577,0.930883,1.25312,1.2836,0.155226,0.0981201
UNIVERSE12,cf_95,counterfactual,0.95,0.0152284,Long,treat_e0.5,732,0.00272798,4.40066,0.409836,0,0.665924,1.43403,1.90985,1.2836,0.0776131,0.0981201
UNIVERSE12,cf_95,counterfactual,0.95,0.0152284,regular,control,26388,0.00257441,4.65646,1.22783,1.11301e-15,0.449887,1.34795,64.7785,0,0,
UNIVERSE12,cf_95,counterfactual,0.95,0.0152284,regular,treat_e1,26388,0.00257441,4.65646,1.22783,1.11301e-15,0.449887,1.34795,64.7785,0,0,
UNIVERSE12,cf_95,counterfactual,0.95,0.0152284,regular,treat_e0.5,26388,0.00257441,4.65646,1.22783,1.11301e-15,0.449887,1.34795,64.7785,0,0,
AAPL,morpho_38.5,in_the_wild,0.385,0.15,blind,control,481,0,5.02129,0,0,0,0,0,0,0,0
AAPL,morpho_38.5,in_the_wild,0.385,0.15,blind,treat_e1,481,0,5.02129,0,0,0,0,0,0,0,0
AAPL,morpho_38.5,in_the_wild,0.385,0.15,blind,treat_e0.5,481,0,5.02129,0,0,0,0,0,0,0,0
AAPL,morpho_38.5,in_the_wild,0.385,0.15,Short,control,24,0,5.95238,0,0,0,0,0,0,0,0
AAPL,morpho_38.5,in_the_wild,0.385,0.15,Short,treat_e1,24,0,5.95238,0,0,0,0,0,0,0,0
AAPL,morpho_38.5,in_the_wild,0.385,0.15,Short,treat_e0.5,24,0,5.95238,0,0,0,0,0,0,0,0
AAPL,morpho_38.5,in_the_wild,0.385,0.15,Weekend,control,396,0,4.87374,0,0,0,0,0,0,0,0
AAPL,morpho_38.5,in_the_wild,0.385,0.15,Weekend,treat_e1,396,0,4.87374,0,0,0,0,0,0,0,0
AAPL,morpho_38.5,in_the_wild,0.385,0.15,Weekend,treat_e0.5,396,0,4.87374,0,0,0,0,0,0,0,0
AAPL,morpho_38.5,in_the_wild,0.385,0.15,Long,control,61,0,5.6128,0,0,0,0,0,0,0,0
AAPL,morpho_38.5,in_the_wild,0.385,0.15,Long,treat_e1,61,0,5.6128,0,0,0,0,0,0,0,0
AAPL,morpho_38.5,in_the_wild,0.385,0.15,Long,treat_e0.5,61,0,5.6128,0,0,0,0,0,0,0,0
AAPL,morpho_38.5,in_the_wild,0.385,0.15,regular,control,2199,0,4.42106,0,0,0,0,0,0,0,
AAPL,morpho_38.5,in_the_wild,0.385,0.15,regular,treat_e1,2199,0,4.42106,0,0,0,0,0,0,0,
AAPL,morpho_38.5,in_the_wild,0.385,0.15,regular,treat_e0.5,2199,0,4.42106,0,0,0,0,0,0,0,
AAPL,morpho_62.5,in_the_wild,0.625,0.126761,blind,control,481,0,5.02129,0,0,0,0,0,0,0,0
AAPL,morpho_62.5,in_the_wild,0.625,0.126761,blind,treat_e1,481,0,5.02129,0,0,0,0,0,0,0,0
AAPL,morpho_62.5,in_the_wild,0.625,0.126761,blind,treat_e0.5,481,0,5.02129,0,0,0,0,0,0,0,0
AAPL,morpho_62.5,in_the_wild,0.625,0.126761,Short,control,24,0,5.95238,0,0,0,0,0,0,0,0
AAPL,morpho_62.5,in_the_wild,0.625,0.126761,Short,treat_e1,24,0,5.95238,0,0,0,0,0,0,0,0
AAPL,morpho_62.5,in_the_wild,0.625,0.126761,Short,treat_e0.5,24,0,5.95238,0,0,0,0,0,0,0,0
AAPL,morpho_62.5,in_the_wild,0.625,0.126761,Weekend,control,396,0,4.87374,0,0,0,0,0,0,0,0
AAPL,morpho_62.5,in_the_wild,0.625,0.126761,Weekend,treat_e1,396,0,4.87374,0,0,0,0,0,0,0,0
AAPL,morpho_62.5,in_the_wild,0.625,0.126761,Weekend,treat_e0.5,396,0,4.87374,0,0,0,0,0,0,0,0
AAPL,morpho_62.5,in_the_wild,0.625,0.126761,Long,control,61,0,5.6128,0,0,0,0,0,0,0,0
AAPL,morpho_62.5,in_the_wild,0.625,0.126761,Long,treat_e1,61,0,5.6128,0,0,0,0,0,0,0,0
AAPL,morpho_62.5,in_the_wild,0.625,0.126761,Long,treat_e0.5,61,0,5.6128,0,0,0,0,0,0,0,0
AAPL,morpho_62.5,in_the_wild,0.625,0.126761,regular,control,2199,0,4.42106,0,0,0,0,0,0,0,
AAPL,morpho_62.5,in_the_wild,0.625,0.126761,regular,treat_e1,2199,0,4.42106,0,0,0,0,0,0,0,
AAPL,morpho_62.5,in_the_wild,0.625,0.126761,regular,treat_e0.5,2199,0,4.42106,0,0,0,0,0,0,0,
AAPL,morpho_77,in_the_wild,0.77,0.0741139,blind,control,481,0,5.02129,0,0,0,0,0,0,0,0
AAPL,morpho_77,in_the_wild,0.77,0.0741139,blind,treat_e1,481,0,5.02129,0,0,0,0,0,0,0,0
AAPL,morpho_77,in_the_wild,0.77,0.0741139,blind,treat_e0.5,481,0,5.02129,0,0,0,0,0,0,0,0
AAPL,morpho_77,in_the_wild,0.77,0.0741139,Short,control,24,0,5.95238,0,0,0,0,0,0,0,0
AAPL,morpho_77,in_the_wild,0.77,0.0741139,Short,treat_e1,24,0,5.95238,0,0,0,0,0,0,0,0
AAPL,morpho_77,in_the_wild,0.77,0.0741139,Short,treat_e0.5,24,0,5.95238,0,0,0,0,0,0,0,0
AAPL,morpho_77,in_the_wild,0.77,0.0741139,Weekend,control,396,0,4.87374,0,0,0,0,0,0,0,0
AAPL,morpho_77,in_the_wild,0.77,0.0741139,Weekend,treat_e1,396,0,4.87374,0,0,0,0,0,0,0,0
AAPL,morpho_77,in_the_wild,0.77,0.0741139,Weekend,treat_e0.5,396,0,4.87374,0,0,0,0,0,0,0,0
AAPL,morpho_77,in_the_wild,0.77,0.0741139,Long,control,61,0,5.6128,0,0,0,0,0,0,0,0
AAPL,morpho_77,in_the_wild,0.77,0.0741139,Long,treat_e1,61,0,5.6128,0,0,0,0,0,0,0,0
AAPL,morpho_77,in_the_wild,0.77,0.0741139,Long,treat_e0.5,61,0,5.6128,0,0,0,0,0,0,0,0
AAPL,morpho_77,in_the_wild,0.77,0.0741139,regular,control,2199,0,4.42106,0,0,0,0,0,0,0,
AAPL,morpho_77,in_the_wild,0.77,0.0741139,regular,treat_e1,2199,0,4.42106,0,0,0,0,0,0,0,
AAPL,morpho_77,in_the_wild,0.77,0.0741139,regular,treat_e0.5,2199,0,4.42106,0,0,0,0,0,0,0,
AAPL,morpho_86,in_the_wild,0.86,0.0438413,blind,control,481,0,5.02129,0,0,0,0,0,0,0,0
AAPL,morpho_86,in_the_wild,0.86,0.0438413,blind,treat_e1,481,0,4.96209,0,0,0,0,0,0.0499191,0.00492872,0.0237402
AAPL,morpho_86,in_the_wild,0.86,0.0438413,blind,treat_e0.5,481,0,4.98153,0,0,0,0,0,0.0499191,0.00246436,0.0237402
AAPL,morpho_86,in_the_wild,0.86,0.0438413,Short,control,24,0,5.95238,0,0,0,0,0,0,0,0
AAPL,morpho_86,in_the_wild,0.86,0.0438413,Short,treat_e1,24,0,5.95238,0,0,0,0,0,0,0,0
AAPL,morpho_86,in_the_wild,0.86,0.0438413,Short,treat_e0.5,24,0,5.95238,0,0,0,0,0,0,0,0
AAPL,morpho_86,in_the_wild,0.86,0.0438413,Weekend,control,396,0,4.87374,0,0,0,0,0,0,0,0
AAPL,morpho_86,in_the_wild,0.86,0.0438413,Weekend,treat_e1,396,0,4.80178,0,0,0,0,0,0.0511758,0.00508587,0.0190466
AAPL,morpho_86,in_the_wild,0.86,0.0438413,Weekend,treat_e0.5,396,0,4.82542,0,0,0,0,0,0.0511758,0.00254293,0.0190466
AAPL,morpho_86,in_the_wild,0.86,0.0438413,Long,control,61,0,5.6128,0,0,0,0,0,0,0,0
AAPL,morpho_86,in_the_wild,0.86,0.0438413,Long,treat_e1,61,0,5.61313,0,0,0,0,0,0.0614014,0.00584775,0.00469359
AAPL,morpho_86,in_the_wild,0.86,0.0438413,Long,treat_e0.5,61,0,5.61297,0,0,0,0,0,0.0614014,0.00292387,0.00469359
AAPL,morpho_86,in_the_wild,0.86,0.0438413,regular,control,2199,0,4.42106,0,0,0,0,0,0,0,
AAPL,morpho_86,in_the_wild,0.86,0.0438413,regular,treat_e1,2199,0,4.42106,0,0,0,0,0,0,0,
AAPL,morpho_86,in_the_wild,0.86,0.0438413,regular,treat_e0.5,2199,0,4.42106,0,0,0,0,0,0,0,
AAPL,aave_65,in_the_wild,0.65,0.055,blind,control,481,0,5.02129,0,0,0,0,0,0,0,0
AAPL,aave_65,in_the_wild,0.65,0.055,blind,treat_e1,481,0,5.02129,0,0,0,0,0,0,0,0
AAPL,aave_65,in_the_wild,0.65,0.055,blind,treat_e0.5,481,0,5.02129,0,0,0,0,0,0,0,0
AAPL,aave_65,in_the_wild,0.65,0.055,Short,control,24,0,5.95238,0,0,0,0,0,0,0,0
AAPL,aave_65,in_the_wild,0.65,0.055,Short,treat_e1,24,0,5.95238,0,0,0,0,0,0,0,0
AAPL,aave_65,in_the_wild,0.65,0.055,Short,treat_e0.5,24,0,5.95238,0,0,0,0,0,0,0,0
AAPL,aave_65,in_the_wild,0.65,0.055,Weekend,control,396,0,4.87374,0,0,0,0,0,0,0,0
AAPL,aave_65,in_the_wild,0.65,0.055,Weekend,treat_e1,396,0,4.87374,0,0,0,0,0,0,0,0
AAPL,aave_65,in_the_wild,0.65,0.055,Weekend,treat_e0.5,396,0,4.87374,0,0,0,0,0,0,0,0
AAPL,aave_65,in_the_wild,0.65,0.055,Long,control,61,0,5.6128,0,0,0,0,0,0,0,0
AAPL,aave_65,in_the_wild,0.65,0.055,Long,treat_e1,61,0,5.6128,0,0,0,0,0,0,0,0
AAPL,aave_65,in_the_wild,0.65,0.055,Long,treat_e0.5,61,0,5.6128,0,0,0,0,0,0,0,0
AAPL,aave_65,in_the_wild,0.65,0.055,regular,control,2199,0,4.42106,0,0,0,0,0,0,0,
AAPL,aave_65,in_the_wild,0.65,0.055,regular,treat_e1,2199,0,4.42106,0,0,0,0,0,0,0,
AAPL,aave_65,in_the_wild,0.65,0.055,regular,treat_e0.5,2199,0,4.42106,0,0,0,0,0,0,0,
AAPL,aave_79,in_the_wild,0.79,0.055,blind,control,481,0,5.02129,0,0,0,0,0,0,0,0
AAPL,aave_79,in_the_wild,0.79,0.055,blind,treat_e1,481,0,5.02129,0,0,0,0,0,0,0,0
AAPL,aave_79,in_the_wild,0.79,0.055,blind,treat_e0.5,481,0,5.02129,0,0,0,0,0,0,0,0
AAPL,aave_79,in_the_wild,0.79,0.055,Short,control,24,0,5.95238,0,0,0,0,0,0,0,0
AAPL,aave_79,in_the_wild,0.79,0.055,Short,treat_e1,24,0,5.95238,0,0,0,0,0,0,0,0
AAPL,aave_79,in_the_wild,0.79,0.055,Short,treat_e0.5,24,0,5.95238,0,0,0,0,0,0,0,0
AAPL,aave_79,in_the_wild,0.79,0.055,Weekend,control,396,0,4.87374,0,0,0,0,0,0,0,0
AAPL,aave_79,in_the_wild,0.79,0.055,Weekend,treat_e1,396,0,4.87374,0,0,0,0,0,0,0,0
AAPL,aave_79,in_the_wild,0.79,0.055,Weekend,treat_e0.5,396,0,4.87374,0,0,0,0,0,0,0,0
AAPL,aave_79,in_the_wild,0.79,0.055,Long,control,61,0,5.6128,0,0,0,0,0,0,0,0
AAPL,aave_79,in_the_wild,0.79,0.055,Long,treat_e1,61,0,5.6128,0,0,0,0,0,0,0,0
AAPL,aave_79,in_the_wild,0.79,0.055,Long,treat_e0.5,61,0,5.6128,0,0,0,0,0,0,0,0
AAPL,aave_79,in_the_wild,0.79,0.055,regular,control,2199,0,4.42106,0,0,0,0,0,0,0,
AAPL,aave_79,in_the_wild,0.79,0.055,regular,treat_e1,2199,0,4.42106,0,0,0,0,0,0,0,
AAPL,aave_79,in_the_wild,0.79,0.055,regular,treat_e0.5,2199,0,4.42106,0,0,0,0,0,0,0,
AAPL,cf_90,counterfactual,0.9,0.0309278,blind,control,481,0.00122529,5.02129,0.2079,0,0.306469,0.589363,6.74388,0,0,0
AAPL,cf_90,counterfactual,0.9,0.0309278,blind,treat_e1,481,0.00059235,4.78327,0.2079,0,0.14858,0.28573,3.26951,0.182533,0.0211306,0.0870643
AAPL,cf_90,counterfactual,0.9,0.0309278,blind,treat_e0.5,481,0.000908851,4.78348,0.2079,0,0.227644,0.437778,5.00935,0.182533,0.0105653,0.0870643
AAPL,cf_90,counterfactual,0.9,0.0309278,Short,control,24,0,5.95238,0,0,0,0,0,0,0,0
AAPL,cf_90,counterfactual,0.9,0.0309278,Short,treat_e1,24,0,5.95238,0,0,0,0,0,0,0,0
AAPL,cf_90,counterfactual,0.9,0.0309278,Short,treat_e0.5,24,0,5.95238,0,0,0,0,0,0,0,0
AAPL,cf_90,counterfactual,0.9,0.0309278,Weekend,control,396,0.00148829,4.87374,0.252525,0,0.356564,0.589363,6.74388,0,0,0
AAPL,cf_90,counterfactual,0.9,0.0309278,Weekend,treat_e1,396,0.000719498,4.60867,0.252525,0,0.172867,0.28573,3.26951,0.18506,0.0214483,0.0688757
AAPL,cf_90,counterfactual,0.9,0.0309278,Weekend,treat_e0.5,396,0.00110393,4.60893,0.252525,0,0.264856,0.437778,5.00935,0.18506,0.0107242,0.0688757
AAPL,cf_90,counterfactual,0.9,0.0309278,Long,control,61,0,5.6128,0,0,0,0,0,0,0,0
AAPL,cf_90,counterfactual,0.9,0.0309278,Long,treat_e1,61,0,5.45666,0,0,0,0,0,0.237943,0.0273817,0.0181886
AAPL,cf_90,counterfactual,0.9,0.0309278,Long,treat_e0.5,61,0,5.45667,0,0,0,0,0,0.237943,0.0136908,0.0181886
AAPL,cf_90,counterfactual,0.9,0.0309278,regular,control,2199,0,4.42106,0,0,0,0,0,0,0,
AAPL,cf_90,counterfactual,0.9,0.0309278,regular,treat_e1,2199,0,4.42106,0,0,0,0,0,0,0,
AAPL,cf_90,counterfactual,0.9,0.0309278,regular,treat_e0.5,2199,0,4.42106,0,0,0,0,0,0,0,
AAPL,cf_93,counterfactual,0.93,0.0214505,blind,control,481,0.00403102,5.02129,1.0395,2.27388e-16,0.795376,1.11851,22.1864,0,0,0
AAPL,cf_93,counterfactual,0.93,0.0214505,blind,treat_e1,481,0.00216803,4.46647,0.831601,0,0.420571,0.445319,11.962,0.537192,0.0622673,0.254799
AAPL,cf_93,counterfactual,0.93,0.0214505,blind,treat_e0.5,481,0.00309982,4.5255,0.831601,0,0.60763,0.757456,17.0902,0.537192,0.0311337,0.254799
AAPL,cf_93,counterfactual,0.93,0.0214505,Short,control,24,0,5.95238,0,0,0,0,0,0,0,0
AAPL,cf_93,counterfactual,0.93,0.0214505,Short,treat_e1,24,0,5.95238,0,0,0,0,0,0,0,0
AAPL,cf_93,counterfactual,0.93,0.0214505,Short,treat_e0.5,24,0,5.95238,0,0,0,0,0,0,0,0
AAPL,cf_93,counterfactual,0.93,0.0214505,Weekend,control,396,0.00489627,4.87374,1.0101,5.68471e-17,0.852596,1.11851,22.1864,0,0,0
AAPL,cf_93,counterfactual,0.93,0.0214505,Weekend,treat_e1,396,0.00263345,4.29587,1.0101,5.68471e-17,0.424953,0.445319,11.962,0.556228,0.0643827,0.207026
AAPL,cf_93,counterfactual,0.93,0.0214505,Weekend,treat_e0.5,396,0.00376522,4.36765,1.0101,5.68471e-17,0.634162,0.757456,17.0902,0.556228,0.0321914,0.207026
AAPL,cf_93,counterfactual,0.93,0.0214505,Long,control,61,1.86384e-17,5.6128,1.63934,4.54776e-16,1.06872e-15,1.13694e-15,1.30096e-14,0,0,0
AAPL,cf_93,counterfactual,0.93,0.0214505,Long,treat_e1,61,0,4.98903,0,0,0,0,0,0.62497,0.0730331,0.0477734
AAPL,cf_93,counterfactual,0.93,0.0214505,Long,treat_e0.5,61,0,4.98866,0,0,0,0,0,0.62497,0.0365165,0.0477734
AAPL,cf_93,counterfactual,0.93,0.0214505,regular,control,2199,0.00022323,4.42106,0.136426,0,9.11827e-16,0.265032,5.617,0,0,
AAPL,cf_93,counterfactual,0.93,0.0214505,regular,treat_e1,2199,0.00022323,4.42106,0.136426,0,9.11827e-16,0.265032,5.617,0,0,
AAPL,cf_93,counterfactual,0.93,0.0214505,regular,treat_e0.5,2199,0.00022323,4.42106,0.136426,0,9.11827e-16,0.265032,5.617,0,0,
AAPL,cf_95,counterfactual,0.95,0.0152284,blind,control,481,0.00640284,5.02129,1.2474,0.162035,0.997585,1.38122,35.2407,0,0,0
AAPL,cf_95,counterfactual,0.95,0.0152284,blind,treat_e1,481,0.00257829,3.79199,0.831601,0,0.437535,0.581977,14.2148,1.08225,0.124681,0.5108
AAPL,cf_95,counterfactual,0.95,0.0152284,blind,treat_e0.5,481,0.00410837,4.02846,1.0395,2.2272e-16,0.713128,0.834191,22.6577,1.08225,0.0623405,0.5108
AAPL,cf_95,counterfactual,0.95,0.0152284,Short,control,24,0,5.95238,0,0,0,0,0,0,0,0
AAPL,cf_95,counterfactual,0.95,0.0152284,Short,treat_e1,24,0,5.95193,0,0,0,0,0,0.108525,0.0103357,0.00163195
AAPL,cf_95,counterfactual,0.95,0.0152284,Short,treat_e0.5,24,0,5.95215,0,0,0,0,0,0.108525,0.00516785,0.00163195
AAPL,cf_95,counterfactual,0.95,0.0152284,Weekend,control,396,0.00721812,4.87374,1.26263,0.151595,1.06552,1.38122,32.7074,0,0,0
AAPL,cf_95,counterfactual,0.95,0.0152284,Weekend,treat_e1,396,0.00313186,3.57351,1.0101,0.00736365,0.463113,0.581977,14.2148,1.12788,0.129289,0.419797
AAPL,cf_95,counterfactual,0.95,0.0152284,Weekend,treat_e0.5,396,0.00499033,3.81267,1.26263,0.011678,0.734566,0.834191,22.6577,1.12788,0.0646447,0.419797
AAPL,cf_95,counterfactual,0.95,0.0152284,Long,control,61,0.00362934,5.6128,1.63934,0.0885558,0.208106,0.221389,2.53329,0,0,0
AAPL,cf_95,counterfactual,0.95,0.0152284,Long,treat_e1,61,0,4.35958,0,0,0,0,0,1.16914,0.139752,0.0893704
AAPL,cf_95,counterfactual,0.95,0.0152284,Long,treat_e0.5,61,0,4.6721,0,0,0,0,0,1.16914,0.0698762,0.0893704
AAPL,cf_95,counterfactual,0.95,0.0152284,regular,control,2199,0.000513288,4.42106,0.318327,0,0.199492,0.404404,12.9156,0,0,
AAPL,cf_95,counterfactual,0.95,0.0152284,regular,treat_e1,2199,0.000513288,4.42106,0.318327,0,0.199492,0.404404,12.9156,0,0,
AAPL,cf_95,counterfactual,0.95,0.0152284,regular,treat_e0.5,2199,0.000513288,4.42106,0.318327,0,0.199492,0.404404,12.9156,0,0,
NVDA,morpho_38.5,in_the_wild,0.385,0.15,blind,control,481,0,4.61538,0,0,0,0,0,0,0,0
NVDA,morpho_38.5,in_the_wild,0.385,0.15,blind,treat_e1,481,0,4.61538,0,0,0,0,0,0,0,0
NVDA,morpho_38.5,in_the_wild,0.385,0.15,blind,treat_e0.5,481,0,4.61538,0,0,0,0,0,0,0,0
NVDA,morpho_38.5,in_the_wild,0.385,0.15,Short,control,24,0,5.55556,0,0,0,0,0,0,0,0
NVDA,morpho_38.5,in_the_wild,0.385,0.15,Short,treat_e1,24,0,5.55556,0,0,0,0,0,0,0,0
NVDA,morpho_38.5,in_the_wild,0.385,0.15,Short,treat_e0.5,24,0,5.55556,0,0,0,0,0,0,0,0
NVDA,morpho_38.5,in_the_wild,0.385,0.15,Weekend,control,396,0,4.47691,0,0,0,0,0,0,0,0
NVDA,morpho_38.5,in_the_wild,0.385,0.15,Weekend,treat_e1,396,0,4.47691,0,0,0,0,0,0,0,0
NVDA,morpho_38.5,in_the_wild,0.385,0.15,Weekend,treat_e0.5,396,0,4.47691,0,0,0,0,0,0,0,0
NVDA,morpho_38.5,in_the_wild,0.385,0.15,Long,control,61,0,5.14442,0,0,0,0,0,0,0,0
NVDA,morpho_38.5,in_the_wild,0.385,0.15,Long,treat_e1,61,0,5.14442,0,0,0,0,0,0,0,0
NVDA,morpho_38.5,in_the_wild,0.385,0.15,Long,treat_e0.5,61,0,5.14442,0,0,0,0,0,0,0,0
NVDA,morpho_38.5,in_the_wild,0.385,0.15,regular,control,2199,0,4.84138,0,0,0,0,0,0,0,
NVDA,morpho_38.5,in_the_wild,0.385,0.15,regular,treat_e1,2199,0,4.84138,0,0,0,0,0,0,0,
NVDA,morpho_38.5,in_the_wild,0.385,0.15,regular,treat_e0.5,2199,0,4.84138,0,0,0,0,0,0,0,
NVDA,morpho_62.5,in_the_wild,0.625,0.126761,blind,control,481,0,4.61538,0,0,0,0,0,0,0,0
NVDA,morpho_62.5,in_the_wild,0.625,0.126761,blind,treat_e1,481,0,4.61538,0,0,0,0,0,0,0,0
NVDA,morpho_62.5,in_the_wild,0.625,0.126761,blind,treat_e0.5,481,0,4.61538,0,0,0,0,0,0,0,0
NVDA,morpho_62.5,in_the_wild,0.625,0.126761,Short,control,24,0,5.55556,0,0,0,0,0,0,0,0
NVDA,morpho_62.5,in_the_wild,0.625,0.126761,Short,treat_e1,24,0,5.55556,0,0,0,0,0,0,0,0
NVDA,morpho_62.5,in_the_wild,0.625,0.126761,Short,treat_e0.5,24,0,5.55556,0,0,0,0,0,0,0,0
NVDA,morpho_62.5,in_the_wild,0.625,0.126761,Weekend,control,396,0,4.47691,0,0,0,0,0,0,0,0
NVDA,morpho_62.5,in_the_wild,0.625,0.126761,Weekend,treat_e1,396,0,4.47691,0,0,0,0,0,0,0,0
NVDA,morpho_62.5,in_the_wild,0.625,0.126761,Weekend,treat_e0.5,396,0,4.47691,0,0,0,0,0,0,0,0
NVDA,morpho_62.5,in_the_wild,0.625,0.126761,Long,control,61,0,5.14442,0,0,0,0,0,0,0,0
NVDA,morpho_62.5,in_the_wild,0.625,0.126761,Long,treat_e1,61,0,5.14442,0,0,0,0,0,0,0,0
NVDA,morpho_62.5,in_the_wild,0.625,0.126761,Long,treat_e0.5,61,0,5.14442,0,0,0,0,0,0,0,0
NVDA,morpho_62.5,in_the_wild,0.625,0.126761,regular,control,2199,0,4.84138,0,0,0,0,0,0,0,
NVDA,morpho_62.5,in_the_wild,0.625,0.126761,regular,treat_e1,2199,0,4.84138,0,0,0,0,0,0,0,
NVDA,morpho_62.5,in_the_wild,0.625,0.126761,regular,treat_e0.5,2199,0,4.84138,0,0,0,0,0,0,0,
NVDA,morpho_77,in_the_wild,0.77,0.0741139,blind,control,481,0,4.61538,0,0,0,0,0,0,0,0
NVDA,morpho_77,in_the_wild,0.77,0.0741139,blind,treat_e1,481,0,4.61538,0,0,0,0,0,0,0,0
NVDA,morpho_77,in_the_wild,0.77,0.0741139,blind,treat_e0.5,481,0,4.61538,0,0,0,0,0,0,0,0
NVDA,morpho_77,in_the_wild,0.77,0.0741139,Short,control,24,0,5.55556,0,0,0,0,0,0,0,0
NVDA,morpho_77,in_the_wild,0.77,0.0741139,Short,treat_e1,24,0,5.55556,0,0,0,0,0,0,0,0
NVDA,morpho_77,in_the_wild,0.77,0.0741139,Short,treat_e0.5,24,0,5.55556,0,0,0,0,0,0,0,0
NVDA,morpho_77,in_the_wild,0.77,0.0741139,Weekend,control,396,0,4.47691,0,0,0,0,0,0,0,0
NVDA,morpho_77,in_the_wild,0.77,0.0741139,Weekend,treat_e1,396,0,4.47691,0,0,0,0,0,0,0,0
NVDA,morpho_77,in_the_wild,0.77,0.0741139,Weekend,treat_e0.5,396,0,4.47691,0,0,0,0,0,0,0,0
NVDA,morpho_77,in_the_wild,0.77,0.0741139,Long,control,61,0,5.14442,0,0,0,0,0,0,0,0
NVDA,morpho_77,in_the_wild,0.77,0.0741139,Long,treat_e1,61,0,5.14442,0,0,0,0,0,0,0,0
NVDA,morpho_77,in_the_wild,0.77,0.0741139,Long,treat_e0.5,61,0,5.14442,0,0,0,0,0,0,0,0
NVDA,morpho_77,in_the_wild,0.77,0.0741139,regular,control,2199,0,4.84138,0,0,0,0,0,0,0,
NVDA,morpho_77,in_the_wild,0.77,0.0741139,regular,treat_e1,2199,0,4.84138,0,0,0,0,0,0,0,
NVDA,morpho_77,in_the_wild,0.77,0.0741139,regular,treat_e0.5,2199,0,4.84138,0,0,0,0,0,0,0,
NVDA,morpho_86,in_the_wild,0.86,0.0438413,blind,control,481,0.00186509,4.61538,0.4158,0,0.449735,0.478102,10.2653,0,0,0
NVDA,morpho_86,in_the_wild,0.86,0.0438413,blind,treat_e1,481,0.00186536,4.4562,0.623701,0,0.449735,0.478102,10.2653,0.151638,0.0148987,0.0723987
NVDA,morpho_86,in_the_wild,0.86,0.0438413,blind,treat_e0.5,481,0.00186523,4.47606,0.4158,0,0.449735,0.478102,10.2653,0.151638,0.00744935,0.0723987
NVDA,morpho_86,in_the_wild,0.86,0.0438413,Short,control,24,0,5.55556,0,0,0,0,0,0,0,0
NVDA,morpho_86,in_the_wild,0.86,0.0438413,Short,treat_e1,24,0,5.55556,0,0,0,0,0,0,0,0
NVDA,morpho_86,in_the_wild,0.86,0.0438413,Short,treat_e0.5,24,0,5.55556,0,0,0,0,0,0,0,0
NVDA,morpho_86,in_the_wild,0.86,0.0438413,Weekend,control,396,0.00226542,4.47691,0.505051,0,0.454759,0.478102,10.2653,0,0,0
NVDA,morpho_86,in_the_wild,0.86,0.0438413,Weekend,treat_e1,396,0.00226576,4.33201,0.757576,0,0.454759,0.478102,10.2653,0.153071,0.0151333,0.0569579
NVDA,morpho_86,in_the_wild,0.86,0.0438413,Weekend,treat_e0.5,396,0.00226559,4.35596,0.505051,0,0.454759,0.478102,10.2653,0.153071,0.00756663,0.0569579
NVDA,morpho_86,in_the_wild,0.86,0.0438413,Long,control,61,0,5.14442,0,0,0,0,0,0,0,0
NVDA,morpho_86,in_the_wild,0.86,0.0438413,Long,treat_e1,61,0,4.82986,0,0,0,0,0,0.201996,0.0192378,0.0154408
NVDA,morpho_86,in_the_wild,0.86,0.0438413,Long,treat_e0.5,61,0,4.83101,0,0,0,0,0,0.201996,0.00961888,0.0154408
NVDA,morpho_86,in_the_wild,0.86,0.0438413,regular,control,2199,0,4.84138,0,0,0,0,0,0,0,
NVDA,morpho_86,in_the_wild,0.86,0.0438413,regular,treat_e1,2199,0,4.84138,0,0,0,0,0,0,0,
NVDA,morpho_86,in_the_wild,0.86,0.0438413,regular,treat_e0.5,2199,0,4.84138,0,0,0,0,0,0,0,
NVDA,aave_65,in_the_wild,0.65,0.055,blind,control,481,0,4.61538,0,0,0,0,0,0,0,0
NVDA,aave_65,in_the_wild,0.65,0.055,blind,treat_e1,481,0,4.61538,0,0,0,0,0,0,0,0
NVDA,aave_65,in_the_wild,0.65,0.055,blind,treat_e0.5,481,0,4.61538,0,0,0,0,0,0,0,0
NVDA,aave_65,in_the_wild,0.65,0.055,Short,control,24,0,5.55556,0,0,0,0,0,0,0,0
NVDA,aave_65,in_the_wild,0.65,0.055,Short,treat_e1,24,0,5.55556,0,0,0,0,0,0,0,0
NVDA,aave_65,in_the_wild,0.65,0.055,Short,treat_e0.5,24,0,5.55556,0,0,0,0,0,0,0,0
NVDA,aave_65,in_the_wild,0.65,0.055,Weekend,control,396,0,4.47691,0,0,0,0,0,0,0,0
NVDA,aave_65,in_the_wild,0.65,0.055,Weekend,treat_e1,396,0,4.47691,0,0,0,0,0,0,0,0
NVDA,aave_65,in_the_wild,0.65,0.055,Weekend,treat_e0.5,396,0,4.47691,0,0,0,0,0,0,0,0
NVDA,aave_65,in_the_wild,0.65,0.055,Long,control,61,0,5.14442,0,0,0,0,0,0,0,0
NVDA,aave_65,in_the_wild,0.65,0.055,Long,treat_e1,61,0,5.14442,0,0,0,0,0,0,0,0
NVDA,aave_65,in_the_wild,0.65,0.055,Long,treat_e0.5,61,0,5.14442,0,0,0,0,0,0,0,0
NVDA,aave_65,in_the_wild,0.65,0.055,regular,control,2199,0,4.84138,0,0,0,0,0,0,0,
NVDA,aave_65,in_the_wild,0.65,0.055,regular,treat_e1,2199,0,4.84138,0,0,0,0,0,0,0,
NVDA,aave_65,in_the_wild,0.65,0.055,regular,treat_e0.5,2199,0,4.84138,0,0,0,0,0,0,0,
NVDA,aave_79,in_the_wild,0.79,0.055,blind,control,481,0,4.61538,0,0,0,0,0,0,0,0
NVDA,aave_79,in_the_wild,0.79,0.055,blind,treat_e1,481,0,4.61538,0,0,0,0,0,0,0,0
NVDA,aave_79,in_the_wild,0.79,0.055,blind,treat_e0.5,481,0,4.61538,0,0,0,0,0,0,0,0
NVDA,aave_79,in_the_wild,0.79,0.055,Short,control,24,0,5.55556,0,0,0,0,0,0,0,0
NVDA,aave_79,in_the_wild,0.79,0.055,Short,treat_e1,24,0,5.55556,0,0,0,0,0,0,0,0
NVDA,aave_79,in_the_wild,0.79,0.055,Short,treat_e0.5,24,0,5.55556,0,0,0,0,0,0,0,0
NVDA,aave_79,in_the_wild,0.79,0.055,Weekend,control,396,0,4.47691,0,0,0,0,0,0,0,0
NVDA,aave_79,in_the_wild,0.79,0.055,Weekend,treat_e1,396,0,4.47691,0,0,0,0,0,0,0,0
NVDA,aave_79,in_the_wild,0.79,0.055,Weekend,treat_e0.5,396,0,4.47691,0,0,0,0,0,0,0,0
NVDA,aave_79,in_the_wild,0.79,0.055,Long,control,61,0,5.14442,0,0,0,0,0,0,0,0
NVDA,aave_79,in_the_wild,0.79,0.055,Long,treat_e1,61,0,5.14442,0,0,0,0,0,0,0,0
NVDA,aave_79,in_the_wild,0.79,0.055,Long,treat_e0.5,61,0,5.14442,0,0,0,0,0,0,0,0
NVDA,aave_79,in_the_wild,0.79,0.055,regular,control,2199,0,4.84138,0,0,0,0,0,0,0,
NVDA,aave_79,in_the_wild,0.79,0.055,regular,treat_e1,2199,0,4.84138,0,0,0,0,0,0,0,
NVDA,aave_79,in_the_wild,0.79,0.055,regular,treat_e0.5,2199,0,4.84138,0,0,0,0,0,0,0,
NVDA,cf_90,counterfactual,0.9,0.0309278,blind,control,481,0.00581068,4.61538,0.831601,0,0.898166,1.06753,31.9816,0,0,0
NVDA,cf_90,counterfactual,0.9,0.0309278,blind,treat_e1,481,0.00483521,4.0403,0.831601,0,0.898166,1.06753,26.5928,0.66731,0.0744473,0.316138
NVDA,cf_90,counterfactual,0.9,0.0309278,blind,treat_e0.5,481,0.00483341,4.19624,0.623701,0,0.898166,1.06753,26.5928,0.66731,0.0372236,0.316138
NVDA,cf_90,counterfactual,0.9,0.0309278,Short,control,24,0,5.55556,0,0,0,0,0,0,0,0
NVDA,cf_90,counterfactual,0.9,0.0309278,Short,treat_e1,24,0,5.55556,0,0,0,0,0,0,0,0
NVDA,cf_90,counterfactual,0.9,0.0309278,Short,treat_e0.5,24,0,5.55556,0,0,0,0,0,0,0,0
NVDA,cf_90,counterfactual,0.9,0.0309278,Weekend,control,396,0.00705793,4.47691,1.0101,0.0235468,0.928158,1.06753,31.9816,0,0,0
NVDA,cf_90,counterfactual,0.9,0.0309278,Weekend,treat_e1,396,0.00587322,3.89799,1.0101,5.88188e-17,0.928158,1.06753,26.5928,0.69289,0.0770284,0.257752
NVDA,cf_90,counterfactual,0.9,0.0309278,Weekend,treat_e0.5,396,0.00587096,4.06424,0.757576,0,0.928158,1.06753,26.5928,0.69289,0.0385142,0.257752
NVDA,cf_90,counterfactual,0.9,0.0309278,Long,control,61,0,5.14442,0,0,0,0,0,0,0,0
NVDA,cf_90,counterfactual,0.9,0.0309278,Long,treat_e1,61,0,4.36758,0,0,0,0,0,0.763796,0.0869815,0.0583854
NVDA,cf_90,counterfactual,0.9,0.0309278,Long,treat_e0.5,61,0,4.51813,0,0,0,0,0,0.763796,0.0434907,0.0583854
NVDA,cf_90,counterfactual,0.9,0.0309278,regular,control,2199,0.000332823,4.84138,0.227376,0,1.17484e-15,0.388361,8.37463,0,0,
NVDA,cf_90,counterfactual,0.9,0.0309278,regular,treat_e1,2199,0.000332823,4.84138,0.227376,0,1.17484e-15,0.388361,8.37463,0,0,
NVDA,cf_90,counterfactual,0.9,0.0309278,regular,treat_e0.5,2199,0.000332823,4.84138,0.227376,0,1.17484e-15,0.388361,8.37463,0,0,
NVDA,cf_93,counterfactual,0.93,0.0214505,blind,control,481,0.0130143,4.61538,1.8711,0.346525,1.42139,1.47501,71.6298,0,0,0
NVDA,cf_93,counterfactual,0.93,0.0214505,blind,treat_e1,481,0.00816256,3.3247,1.0395,4.56757e-16,1.37835,1.39223,44.8713,1.58292,0.189476,0.746156
NVDA,cf_93,counterfactual,0.93,0.0214505,blind,treat_e0.5,481,0.00950623,3.60048,1.2474,0.258029,1.39988,1.43363,52.3129,1.58292,0.0947382,0.746156
NVDA,cf_93,counterfactual,0.93,0.0214505,Short,control,24,0,5.55556,0,0,0,0,0,0,0,0
NVDA,cf_93,counterfactual,0.93,0.0214505,Short,treat_e1,24,0,5.15808,0,0,0,0,0,0.0375481,0.00357601,0.000564633
NVDA,cf_93,counterfactual,0.93,0.0214505,Short,treat_e0.5,24,0,5.15841,0,0,0,0,0,0.0375481,0.00178801,0.000564633
NVDA,cf_93,counterfactual,0.93,0.0214505,Weekend,control,396,0.0152939,4.47691,2.0202,0.503481,1.43089,1.47501,69.301,0,0,0
NVDA,cf_93,counterfactual,0.93,0.0214505,Weekend,treat_e1,396,0.00991556,3.17293,1.26263,0.0156167,1.3808,1.39223,44.8713,1.67052,0.198853,0.621584
NVDA,cf_93,counterfactual,0.93,0.0214505,Weekend,treat_e0.5,396,0.0115472,3.41288,1.51515,0.269326,1.40586,1.43363,52.3129,1.67052,0.0994264,0.621584
NVDA,cf_93,counterfactual,0.93,0.0214505,Long,control,61,0.00333635,5.14442,1.63934,0.0814069,0.191306,0.203517,2.32878,0,0,0
NVDA,cf_93,counterfactual,0.93,0.0214505,Long,treat_e1,61,0,3.58729,0,0,0,0,0,1.62227,0.201749,0.124008
NVDA,cf_93,counterfactual,0.93,0.0214505,Long,treat_e0.5,61,0,4.2048,0,0,0,0,0,1.62227,0.100874,0.124008
NVDA,cf_93,counterfactual,0.93,0.0214505,regular,control,2199,0.00279911,4.84138,1.22783,1.13694e-15,0.413223,0.601026,70.4324,0,0,
NVDA,cf_93,counterfactual,0.93,0.0214505,regular,treat_e1,2199,0.00279911,4.84138,1.22783,1.13694e-15,0.413223,0.601026,70.4324,0,0,
NVDA,cf_93,counterfactual,0.93,0.0214505,regular,treat_e0.5,2199,0.00279911,4.84138,1.22783,1.13694e-15,0.413223,0.601026,70.4324,0,0,
NVDA,cf_95,counterfactual,0.95,0.0152284,blind,control,481,0.0176955,4.61538,2.079,0.513307,1.75854,1.88425,97.3944,0,0,0
NVDA,cf_95,counterfactual,0.95,0.0152284,blind,treat_e1,481,0.00879277,2.13012,0.831601,0,1.52794,1.60611,48.3541,2.84363,0.346063,1.33567
NVDA,cf_95,counterfactual,0.95,0.0152284,blind,treat_e0.5,481,0.0119589,2.7808,2.079,0.30046,1.64338,1.74538,65.8293,2.84363,0.173031,1.33567
NVDA,cf_95,counterfactual,0.95,0.0152284,Short,control,24,0,5.55556,0,0,0,0,0,0,0,0
NVDA,cf_95,counterfactual,0.95,0.0152284,Short,treat_e1,24,0,4.34865,0,0,0,0,0,0.672852,0.0640812,0.0101181
NVDA,cf_95,counterfactual,0.95,0.0152284,Short,treat_e0.5,24,0,4.74923,0,0,0,0,0,0.672852,0.0320406,0.0101181
NVDA,cf_95,counterfactual,0.95,0.0152284,Weekend,control,396,0.0206255,4.47691,2.27273,0.782097,1.7808,1.88425,93.4603,0,0,0
NVDA,cf_95,counterfactual,0.95,0.0152284,Weekend,treat_e1,396,0.0106817,2.01371,1.0101,0.0126837,1.54178,1.60611,48.3541,2.96692,0.360556,1.10408
NVDA,cf_95,counterfactual,0.95,0.0152284,Weekend,treat_e0.5,396,0.0140581,2.65962,2.27273,0.310293,1.66144,1.74538,63.7058,2.96692,0.180278,1.10408
NVDA,cf_95,counterfactual,0.95,0.0152284,Long,control,61,0.00563631,5.14442,1.63934,0.137526,0.323186,0.343815,3.93416,0,0,0
NVDA,cf_95,counterfactual,0.95,0.0152284,Long,treat_e1,61,0,2.01033,0,0,0,0,0,2.89728,0.36292,0.221471
NVDA,cf_95,counterfactual,0.95,0.0152284,Long,treat_e0.5,61,0.0030429,2.7919,1.63934,0.0742297,0.17444,0.185574,2.12347,2.89728,0.18146,0.221471
NVDA,cf_95,counterfactual,0.95,0.0152284,regular,control,2199,0.00864259,4.84138,3.41064,0.329581,0.550364,0.994489,217.469,0,0,
NVDA,cf_95,counterfactual,0.95,0.0152284,regular,treat_e1,2199,0.00864259,4.84138,3.41064,0.329581,0.550364,0.994489,217.469,0,0,
NVDA,cf_95,counterfactual,0.95,0.0152284,regular,treat_e0.5,2199,0.00864259,4.84138,3.41064,0.329581,0.550364,0.994489,217.469,0,0,
TSLA,morpho_38.5,in_the_wild,0.385,0.15,blind,control,481,0,4.43718,0,0,0,0,0,0,0,0
TSLA,morpho_38.5,in_the_wild,0.385,0.15,blind,treat_e1,481,0,4.43718,0,0,0,0,0,0,0,0
TSLA,morpho_38.5,in_the_wild,0.385,0.15,blind,treat_e0.5,481,0,4.43718,0,0,0,0,0,0,0,0
TSLA,morpho_38.5,in_the_wild,0.385,0.15,Short,control,24,0,5.13889,0,0,0,0,0,0,0,0
TSLA,morpho_38.5,in_the_wild,0.385,0.15,Short,treat_e1,24,0,5.13889,0,0,0,0,0,0,0,0
TSLA,morpho_38.5,in_the_wild,0.385,0.15,Short,treat_e0.5,24,0,5.13889,0,0,0,0,0,0,0,0
TSLA,morpho_38.5,in_the_wild,0.385,0.15,Weekend,control,396,0,4.38552,0,0,0,0,0,0,0,0
TSLA,morpho_38.5,in_the_wild,0.385,0.15,Weekend,treat_e1,396,0,4.38552,0,0,0,0,0,0,0,0
TSLA,morpho_38.5,in_the_wild,0.385,0.15,Weekend,treat_e0.5,396,0,4.38552,0,0,0,0,0,0,0,0
TSLA,morpho_38.5,in_the_wild,0.385,0.15,Long,control,61,0,4.49649,0,0,0,0,0,0,0,0
TSLA,morpho_38.5,in_the_wild,0.385,0.15,Long,treat_e1,61,0,4.49649,0,0,0,0,0,0,0,0
TSLA,morpho_38.5,in_the_wild,0.385,0.15,Long,treat_e0.5,61,0,4.49649,0,0,0,0,0,0,0,0
TSLA,morpho_38.5,in_the_wild,0.385,0.15,regular,control,2199,0,5.14216,0,0,0,0,0,0,0,
TSLA,morpho_38.5,in_the_wild,0.385,0.15,regular,treat_e1,2199,0,5.14216,0,0,0,0,0,0,0,
TSLA,morpho_38.5,in_the_wild,0.385,0.15,regular,treat_e0.5,2199,0,5.14216,0,0,0,0,0,0,0,
TSLA,morpho_62.5,in_the_wild,0.625,0.126761,blind,control,481,0,4.43718,0,0,0,0,0,0,0,0
TSLA,morpho_62.5,in_the_wild,0.625,0.126761,blind,treat_e1,481,0,4.43718,0,0,0,0,0,0,0,0
TSLA,morpho_62.5,in_the_wild,0.625,0.126761,blind,treat_e0.5,481,0,4.43718,0,0,0,0,0,0,0,0
TSLA,morpho_62.5,in_the_wild,0.625,0.126761,Short,control,24,0,5.13889,0,0,0,0,0,0,0,0
TSLA,morpho_62.5,in_the_wild,0.625,0.126761,Short,treat_e1,24,0,5.13889,0,0,0,0,0,0,0,0
TSLA,morpho_62.5,in_the_wild,0.625,0.126761,Short,treat_e0.5,24,0,5.13889,0,0,0,0,0,0,0,0
TSLA,morpho_62.5,in_the_wild,0.625,0.126761,Weekend,control,396,0,4.38552,0,0,0,0,0,0,0,0
TSLA,morpho_62.5,in_the_wild,0.625,0.126761,Weekend,treat_e1,396,0,4.38552,0,0,0,0,0,0,0,0
TSLA,morpho_62.5,in_the_wild,0.625,0.126761,Weekend,treat_e0.5,396,0,4.38552,0,0,0,0,0,0,0,0
TSLA,morpho_62.5,in_the_wild,0.625,0.126761,Long,control,61,0,4.49649,0,0,0,0,0,0,0,0
TSLA,morpho_62.5,in_the_wild,0.625,0.126761,Long,treat_e1,61,0,4.49649,0,0,0,0,0,0,0,0
TSLA,morpho_62.5,in_the_wild,0.625,0.126761,Long,treat_e0.5,61,0,4.49649,0,0,0,0,0,0,0,0
TSLA,morpho_62.5,in_the_wild,0.625,0.126761,regular,control,2199,0,5.14216,0,0,0,0,0,0,0,
TSLA,morpho_62.5,in_the_wild,0.625,0.126761,regular,treat_e1,2199,0,5.14216,0,0,0,0,0,0,0,
TSLA,morpho_62.5,in_the_wild,0.625,0.126761,regular,treat_e0.5,2199,0,5.14216,0,0,0,0,0,0,0,
TSLA,morpho_77,in_the_wild,0.77,0.0741139,blind,control,481,0,4.43718,0,0,0,0,0,0,0,0
TSLA,morpho_77,in_the_wild,0.77,0.0741139,blind,treat_e1,481,0,4.41743,0,0,0,0,0,0.00980642,0.000933945,0.00448256
TSLA,morpho_77,in_the_wild,0.77,0.0741139,blind,treat_e0.5,481,0,4.43706,0,0,0,0,0,0.00980642,0.000466972,0.00448256
TSLA,morpho_77,in_the_wild,0.77,0.0741139,Short,control,24,0,5.13889,0,0,0,0,0,0,0,0
TSLA,morpho_77,in_the_wild,0.77,0.0741139,Short,treat_e1,24,0,5.13889,0,0,0,0,0,0,0,0
TSLA,morpho_77,in_the_wild,0.77,0.0741139,Short,treat_e0.5,24,0,5.13889,0,0,0,0,0,0,0,0
TSLA,morpho_77,in_the_wild,0.77,0.0741139,Weekend,control,396,0,4.38552,0,0,0,0,0,0,0,0
TSLA,morpho_77,in_the_wild,0.77,0.0741139,Weekend,treat_e1,396,0,4.36152,0,0,0,0,0,0.0115132,0.00109649,0.00428497
TSLA,morpho_77,in_the_wild,0.77,0.0741139,Weekend,treat_e0.5,396,0,4.38536,0,0,0,0,0,0.0115132,0.000548246,0.00428497
TSLA,morpho_77,in_the_wild,0.77,0.0741139,Long,control,61,0,4.49649,0,0,0,0,0,0,0,0
TSLA,morpho_77,in_the_wild,0.77,0.0741139,Long,treat_e1,61,0,4.4965,0,0,0,0,0,0.0025849,0.000246181,0.000197592
TSLA,morpho_77,in_the_wild,0.77,0.0741139,Long,treat_e0.5,61,0,4.49649,0,0,0,0,0,0.0025849,0.00012309,0.000197592
TSLA,morpho_77,in_the_wild,0.77,0.0741139,regular,control,2199,0,5.14216,0,0,0,0,0,0,0,
TSLA,morpho_77,in_the_wild,0.77,0.0741139,regular,treat_e1,2199,0,5.14216,0,0,0,0,0,0,0,
TSLA,morpho_77,in_the_wild,0.77,0.0741139,regular,treat_e0.5,2199,0,5.14216,0,0,0,0,0,0,0,
TSLA,morpho_86,in_the_wild,0.86,0.0438413,blind,control,481,0.00188514,4.43718,0.623701,0,0.455051,0.495237,10.3757,0,0,0
TSLA,morpho_86,in_the_wild,0.86,0.0438413,blind,treat_e1,481,0.00103001,4.29762,0.4158,0,0.257523,0.495237,5.66683,0.319628,0.0397413,0.149714
TSLA,morpho_86,in_the_wild,0.86,0.0438413,blind,treat_e0.5,481,0.0010298,4.33682,0.4158,0,0.257523,0.495237,5.66683,0.319628,0.0198707,0.149714
TSLA,morpho_86,in_the_wild,0.86,0.0438413,Short,control,24,0,5.13889,0,0,0,0,0,0,0,0
TSLA,morpho_86,in_the_wild,0.86,0.0438413,Short,treat_e1,24,0,5.13889,0,0,0,0,0,0,0,0
TSLA,morpho_86,in_the_wild,0.86,0.0438413,Short,treat_e0.5,24,0,5.13889,0,0,0,0,0,0,0,0
TSLA,morpho_86,in_the_wild,0.86,0.0438413,Weekend,control,396,0.00103918,4.38552,0.505051,0,0.248968,0.411517,4.70885,0,0,0
TSLA,morpho_86,in_the_wild,0.86,0.0438413,Weekend,treat_e1,396,3.10608e-18,4.21572,0.252525,0,7.43837e-16,1.22948e-15,1.40686e-14,0.346237,0.0427588,0.128874
TSLA,morpho_86,in_the_wild,0.86,0.0438413,Weekend,treat_e0.5,396,3.10542e-18,4.26348,0.252525,0,7.43837e-16,1.22948e-15,1.40686e-14,0.346237,0.0213794,0.128874
TSLA,morpho_86,in_the_wild,0.86,0.0438413,Long,control,61,0.00811863,4.49649,1.63934,0.198095,0.465522,0.495237,5.66683,0,0,0
TSLA,morpho_86,in_the_wild,0.86,0.0438413,Long,treat_e1,61,0.00812154,4.4981,1.63934,0.198095,0.465522,0.495237,5.66683,0.272637,0.0357885,0.0208407
TSLA,morpho_86,in_the_wild,0.86,0.0438413,Long,treat_e0.5,61,0.00812009,4.49729,1.63934,0.198095,0.465522,0.495237,5.66683,0.272637,0.0178942,0.0208407
TSLA,morpho_86,in_the_wild,0.86,0.0438413,regular,control,2199,5.5911e-19,5.14216,0.0454752,0,0,1.22948e-15,1.40686e-14,0,0,
TSLA,morpho_86,in_the_wild,0.86,0.0438413,regular,treat_e1,2199,5.5911e-19,5.14216,0.0454752,0,0,1.22948e-15,1.40686e-14,0,0,
TSLA,morpho_86,in_the_wild,0.86,0.0438413,regular,treat_e0.5,2199,5.5911e-19,5.14216,0.0454752,0,0,1.22948e-15,1.40686e-14,0,0,
TSLA,aave_65,in_the_wild,0.65,0.055,blind,control,481,0,4.43718,0,0,0,0,0,0,0,0
TSLA,aave_65,in_the_wild,0.65,0.055,blind,treat_e1,481,0,4.43718,0,0,0,0,0,0,0,0
TSLA,aave_65,in_the_wild,0.65,0.055,blind,treat_e0.5,481,0,4.43718,0,0,0,0,0,0,0,0
TSLA,aave_65,in_the_wild,0.65,0.055,Short,control,24,0,5.13889,0,0,0,0,0,0,0,0
TSLA,aave_65,in_the_wild,0.65,0.055,Short,treat_e1,24,0,5.13889,0,0,0,0,0,0,0,0
TSLA,aave_65,in_the_wild,0.65,0.055,Short,treat_e0.5,24,0,5.13889,0,0,0,0,0,0,0,0
TSLA,aave_65,in_the_wild,0.65,0.055,Weekend,control,396,0,4.38552,0,0,0,0,0,0,0,0
TSLA,aave_65,in_the_wild,0.65,0.055,Weekend,treat_e1,396,0,4.38552,0,0,0,0,0,0,0,0
TSLA,aave_65,in_the_wild,0.65,0.055,Weekend,treat_e0.5,396,0,4.38552,0,0,0,0,0,0,0,0
TSLA,aave_65,in_the_wild,0.65,0.055,Long,control,61,0,4.49649,0,0,0,0,0,0,0,0
TSLA,aave_65,in_the_wild,0.65,0.055,Long,treat_e1,61,0,4.49649,0,0,0,0,0,0,0,0
TSLA,aave_65,in_the_wild,0.65,0.055,Long,treat_e0.5,61,0,4.49649,0,0,0,0,0,0,0,0
TSLA,aave_65,in_the_wild,0.65,0.055,regular,control,2199,0,5.14216,0,0,0,0,0,0,0,
TSLA,aave_65,in_the_wild,0.65,0.055,regular,treat_e1,2199,0,5.14216,0,0,0,0,0,0,0,
TSLA,aave_65,in_the_wild,0.65,0.055,regular,treat_e0.5,2199,0,5.14216,0,0,0,0,0,0,0,
TSLA,aave_79,in_the_wild,0.79,0.055,blind,control,481,0,4.43718,0,0,0,0,0,0,0,0
TSLA,aave_79,in_the_wild,0.79,0.055,blind,treat_e1,481,0,4.4173,0,0,0,0,0,0.0332389,0.00326318,0.0158675
TSLA,aave_79,in_the_wild,0.79,0.055,blind,treat_e0.5,481,0,4.41734,0,0,0,0,0,0.0332389,0.00163159,0.0158675
TSLA,aave_79,in_the_wild,0.79,0.055,Short,control,24,0,5.13889,0,0,0,0,0,0,0,0
TSLA,aave_79,in_the_wild,0.79,0.055,Short,treat_e1,24,0,5.13889,0,0,0,0,0,0,0,0
TSLA,aave_79,in_the_wild,0.79,0.055,Short,treat_e0.5,24,0,5.13889,0,0,0,0,0,0,0,0
TSLA,aave_79,in_the_wild,0.79,0.055,Weekend,control,396,0,4.38552,0,0,0,0,0,0,0,0
TSLA,aave_79,in_the_wild,0.79,0.055,Weekend,treat_e1,396,0,4.36134,0,0,0,0,0,0.0335924,0.00331779,0.0125024
TSLA,aave_79,in_the_wild,0.79,0.055,Weekend,treat_e0.5,396,0,4.3614,0,0,0,0,0,0.0335924,0.00165889,0.0125024
TSLA,aave_79,in_the_wild,0.79,0.055,Long,control,61,0,4.49649,0,0,0,0,0,0,0,0
TSLA,aave_79,in_the_wild,0.79,0.055,Long,treat_e1,61,0,4.49668,0,0,0,0,0,0.0440218,0.00419256,0.00336508
TSLA,aave_79,in_the_wild,0.79,0.055,Long,treat_e0.5,61,0,4.49658,0,0,0,0,0,0.0440218,0.00209628,0.00336508
TSLA,aave_79,in_the_wild,0.79,0.055,regular,control,2199,0,5.14216,0,0,0,0,0,0,0,
TSLA,aave_79,in_the_wild,0.79,0.055,regular,treat_e1,2199,0,5.14216,0,0,0,0,0,0,0,
TSLA,aave_79,in_the_wild,0.79,0.055,regular,treat_e0.5,2199,0,5.14216,0,0,0,0,0,0,0,
TSLA,cf_90,counterfactual,0.9,0.0309278,blind,control,481,0.00596161,4.43718,1.0395,2.34968e-16,0.91193,1.10069,32.8122,0,0,0
TSLA,cf_90,counterfactual,0.9,0.0309278,blind,treat_e1,481,0.00252733,3.81849,0.4158,0,0.617642,0.847249,13.916,1.10188,0.136524,0.518618
TSLA,cf_90,counterfactual,0.9,0.0309278,blind,treat_e0.5,481,0.00373778,3.97764,0.831601,0,0.725396,0.974132,20.585,1.10188,0.068262,0.518618
TSLA,cf_90,counterfactual,0.9,0.0309278,Short,control,24,0,5.13889,0,0,0,0,0,0,0,0
TSLA,cf_90,counterfactual,0.9,0.0309278,Short,treat_e1,24,0,5.13889,0,0,0,0,0,0,0,0
TSLA,cf_90,counterfactual,0.9,0.0309278,Short,treat_e0.5,24,0,5.13889,0,0,0,0,0,0,0,0
TSLA,cf_90,counterfactual,0.9,0.0309278,Weekend,control,396,0.00446173,4.38552,0.757576,0,0.70075,0.707439,20.2174,0,0,0
TSLA,cf_90,counterfactual,0.9,0.0309278,Weekend,treat_e1,396,0.000932926,3.73145,0.252525,0,0.223185,0.368901,4.22121,1.17373,0.145674,0.436908
TSLA,cf_90,counterfactual,0.9,0.0309278,Weekend,treat_e0.5,396,0.00208172,3.8527,0.757576,0,0.421555,0.455933,9.4383,1.17373,0.0728371,0.436908
TSLA,cf_90,counterfactual,0.9,0.0309278,Long,control,61,0.0180441,4.49649,3.27869,0.440276,1.03465,1.10069,12.5948,0,0,0
TSLA,cf_90,counterfactual,0.9,0.0309278,Long,treat_e1,61,0.013872,3.86325,1.63934,0.3389,0.796414,0.847249,9.69479,1.06893,0.130838,0.0817103
TSLA,cf_90,counterfactual,0.9,0.0309278,Long,treat_e0.5,61,0.0159594,4.33146,1.63934,0.389653,0.915684,0.974132,11.1467,1.06893,0.0654192,0.0817103
TSLA,cf_90,counterfactual,0.9,0.0309278,regular,control,2199,0.00126619,5.14216,0.545703,0,0.481623,0.572067,31.8604,0,0,
TSLA,cf_90,counterfactual,0.9,0.0309278,regular,treat_e1,2199,0.00126619,5.14216,0.545703,0,0.481623,0.572067,31.8604,0,0,
TSLA,cf_90,counterfactual,0.9,0.0309278,regular,treat_e0.5,2199,0.00126619,5.14216,0.545703,0,0.481623,0.572067,31.8604,0,0,
TSLA,cf_93,counterfactual,0.93,0.0214505,blind,control,481,0.0110557,4.43718,1.4553,0.268972,1.43144,1.50739,60.8495,0,0,0
TSLA,cf_93,counterfactual,0.93,0.0214505,blind,treat_e1,481,0.00321743,2.4505,0.623701,0,0.633333,0.879991,17.7208,2.79156,0.341797,1.31211
TSLA,cf_93,counterfactual,0.93,0.0214505,blind,treat_e0.5,481,0.00616439,3.25165,1.4553,0.0409836,1.00286,1.19469,34.0005,2.79156,0.170898,1.31211
TSLA,cf_93,counterfactual,0.93,0.0214505,Short,control,24,0.0126061,5.13889,4.16667,0.232961,0.295588,0.302547,3.46194,0,0,0
TSLA,cf_93,counterfactual,0.93,0.0214505,Short,treat_e1,24,0.0126122,3.94532,4.16667,0.232961,0.295588,0.302547,3.46194,0.504561,0.0480534,0.00758738
TSLA,cf_93,counterfactual,0.93,0.0214505,Short,treat_e0.5,24,0.0126091,4.73412,4.16667,0.232961,0.295588,0.302547,3.46194,0.504561,0.0240267,0.00758738
TSLA,cf_93,counterfactual,0.93,0.0214505,Weekend,control,396,0.00820015,4.38552,1.0101,5.68471e-17,1.33609,1.34916,37.1573,0,0,0
TSLA,cf_93,counterfactual,0.93,0.0214505,Weekend,treat_e1,396,0.000925876,2.31213,0.252525,0,0.221502,0.366119,4.18938,2.92598,0.360318,1.08906
TSLA,cf_93,counterfactual,0.93,0.0214505,Weekend,treat_e0.5,396,0.0037101,3.09407,1.0101,5.68847e-17,0.668304,0.795043,16.8682,2.92598,0.180159,1.08906
TSLA,cf_93,counterfactual,0.93,0.0214505,Long,control,61,0.0289831,4.49649,3.27869,0.759303,1.43258,1.50739,20.2303,0,0,0
TSLA,cf_93,counterfactual,0.93,0.0214505,Long,treat_e1,61,0.0143833,2.75872,1.63934,0.351997,0.827192,0.879991,10.0694,2.81874,0.337131,0.215468
TSLA,cf_93,counterfactual,0.93,0.0214505,Long,treat_e0.5,61,0.019556,3.69036,3.27869,0.477875,1.12301,1.19469,13.6704,2.81874,0.168565,0.215468
TSLA,cf_93,counterfactual,0.93,0.0214505,regular,control,2199,0.00617595,5.14216,2.45566,0.258446,0.908042,1.08472,155.402,0,0,
TSLA,cf_93,counterfactual,0.93,0.0214505,regular,treat_e1,2199,0.00617595,5.14216,2.45566,0.258446,0.908042,1.08472,155.402,0,0,
TSLA,cf_93,counterfactual,0.93,0.0214505,regular,treat_e0.5,2199,0.00617595,5.14216,2.45566,0.258446,0.908042,1.08472,155.402,0,0,
TSLA,cf_95,counterfactual,0.95,0.0152284,blind,control,481,0.0165362,4.43718,2.079,0.408284,1.77673,1.9321,91.0142,0,0,0
TSLA,cf_95,counterfactual,0.95,0.0152284,blind,treat_e1,481,0.00362463,1.12613,0.623701,0,0.746461,0.930883,19.9755,4.50052,0.566133,2.10588
TSLA,cf_95,counterfactual,0.95,0.0152284,blind,treat_e0.5,481,0.00759856,2.07827,1.2474,0.0501496,1.16443,1.43403,41.9289,4.50052,0.283066,2.10588
TSLA,cf_95,counterfactual,0.95,0.0152284,Short,control,24,0.0183898,5.13889,4.16667,0.339843,0.431203,0.441354,5.05027,0,0,0
TSLA,cf_95,counterfactual,0.95,0.0152284,Short,treat_e1,24,0.0111742,1.55303,4.16667,0.206476,0.261983,0.26815,3.06835,1.94599,0.185332,0.029263
TSLA,cf_95,counterfactual,0.95,0.0152284,Short,treat_e0.5,24,0.0147853,1.95311,4.16667,0.273217,0.346666,0.354827,4.06017,1.94599,0.0926662,0.029263
TSLA,cf_95,counterfactual,0.95,0.0152284,Weekend,control,396,0.013082,4.38552,1.76768,0.296274,1.59554,1.60841,59.2783,0,0,0
TSLA,cf_95,counterfactual,0.95,0.0152284,Weekend,treat_e1,396,0.00138294,1.01838,0.252525,0,0.330735,0.54667,6.25537,4.65603,0.589847,1.73294
TSLA,cf_95,counterfactual,0.95,0.0152284,Weekend,treat_e0.5,396,0.00471911,2.00683,1.0101,5.57422e-17,0.824936,0.87237,21.4596,4.65603,0.294924,1.73294
TSLA,cf_95,counterfactual,0.95,0.0152284,Long,control,61,0.0382314,4.49649,3.27869,1.01285,1.84017,1.9321,26.6856,0,0,0
TSLA,cf_95,counterfactual,0.95,0.0152284,Long,treat_e1,61,0.0151915,1.65685,1.63934,0.372353,0.87503,0.930883,10.6518,4.49604,0.562008,0.343683
TSLA,cf_95,counterfactual,0.95,0.0152284,Long,treat_e0.5,61,0.0234559,2.59131,1.63934,0.573613,1.34799,1.43403,16.4092,4.49604,0.281004,0.343683
TSLA,cf_95,counterfactual,0.95,0.0152284,regular,control,2199,0.0156172,5.14216,6.18463,0.397917,1.17393,1.34795,392.967,0,0,
TSLA,cf_95,counterfactual,0.95,0.0152284,regular,treat_e1,2199,0.0156172,5.14216,6.18463,0.397917,1.17393,1.34795,392.967,0,0,
TSLA,cf_95,counterfactual,0.95,0.0152284,regular,treat_e0.5,2199,0.0156172,5.14216,6.18463,0.397917,1.17393,1.34795,392.967,0,0,
SPY,morpho_38.5,in_the_wild,0.385,0.15,blind,control,481,0,4.39164,0,0,0,0,0,0,0,0
SPY,morpho_38.5,in_the_wild,0.385,0.15,blind,treat_e1,481,0,4.39164,0,0,0,0,0,0,0,0
SPY,morpho_38.5,in_the_wild,0.385,0.15,blind,treat_e0.5,481,0,4.39164,0,0,0,0,0,0,0,0
SPY,morpho_38.5,in_the_wild,0.385,0.15,Short,control,24,0,3.96825,0,0,0,0,0,0,0,0
SPY,morpho_38.5,in_the_wild,0.385,0.15,Short,treat_e1,24,0,3.96825,0,0,0,0,0,0,0,0
SPY,morpho_38.5,in_the_wild,0.385,0.15,Short,treat_e0.5,24,0,3.96825,0,0,0,0,0,0,0,0
SPY,morpho_38.5,in_the_wild,0.385,0.15,Weekend,control,396,0,4.27609,0,0,0,0,0,0,0,0
SPY,morpho_38.5,in_the_wild,0.385,0.15,Weekend,treat_e1,396,0,4.27609,0,0,0,0,0,0,0,0
SPY,morpho_38.5,in_the_wild,0.385,0.15,Weekend,treat_e0.5,396,0,4.27609,0,0,0,0,0,0,0,0
SPY,morpho_38.5,in_the_wild,0.385,0.15,Long,control,61,0,5.30835,0,0,0,0,0,0,0,0
SPY,morpho_38.5,in_the_wild,0.385,0.15,Long,treat_e1,61,0,5.30835,0,0,0,0,0,0,0,0
SPY,morpho_38.5,in_the_wild,0.385,0.15,Long,treat_e0.5,61,0,5.30835,0,0,0,0,0,0,0,0
SPY,morpho_38.5,in_the_wild,0.385,0.15,regular,control,2199,0,4.40871,0,0,0,0,0,0,0,
SPY,morpho_38.5,in_the_wild,0.385,0.15,regular,treat_e1,2199,0,4.40871,0,0,0,0,0,0,0,
SPY,morpho_38.5,in_the_wild,0.385,0.15,regular,treat_e0.5,2199,0,4.40871,0,0,0,0,0,0,0,
SPY,morpho_62.5,in_the_wild,0.625,0.126761,blind,control,481,0,4.39164,0,0,0,0,0,0,0,0
SPY,morpho_62.5,in_the_wild,0.625,0.126761,blind,treat_e1,481,0,4.39164,0,0,0,0,0,0,0,0
SPY,morpho_62.5,in_the_wild,0.625,0.126761,blind,treat_e0.5,481,0,4.39164,0,0,0,0,0,0,0,0
SPY,morpho_62.5,in_the_wild,0.625,0.126761,Short,control,24,0,3.96825,0,0,0,0,0,0,0,0
SPY,morpho_62.5,in_the_wild,0.625,0.126761,Short,treat_e1,24,0,3.96825,0,0,0,0,0,0,0,0
SPY,morpho_62.5,in_the_wild,0.625,0.126761,Short,treat_e0.5,24,0,3.96825,0,0,0,0,0,0,0,0
SPY,morpho_62.5,in_the_wild,0.625,0.126761,Weekend,control,396,0,4.27609,0,0,0,0,0,0,0,0
SPY,morpho_62.5,in_the_wild,0.625,0.126761,Weekend,treat_e1,396,0,4.27609,0,0,0,0,0,0,0,0
SPY,morpho_62.5,in_the_wild,0.625,0.126761,Weekend,treat_e0.5,396,0,4.27609,0,0,0,0,0,0,0,0
SPY,morpho_62.5,in_the_wild,0.625,0.126761,Long,control,61,0,5.30835,0,0,0,0,0,0,0,0
SPY,morpho_62.5,in_the_wild,0.625,0.126761,Long,treat_e1,61,0,5.30835,0,0,0,0,0,0,0,0
SPY,morpho_62.5,in_the_wild,0.625,0.126761,Long,treat_e0.5,61,0,5.30835,0,0,0,0,0,0,0,0
SPY,morpho_62.5,in_the_wild,0.625,0.126761,regular,control,2199,0,4.40871,0,0,0,0,0,0,0,
SPY,morpho_62.5,in_the_wild,0.625,0.126761,regular,treat_e1,2199,0,4.40871,0,0,0,0,0,0,0,
SPY,morpho_62.5,in_the_wild,0.625,0.126761,regular,treat_e0.5,2199,0,4.40871,0,0,0,0,0,0,0,
SPY,morpho_77,in_the_wild,0.77,0.0741139,blind,control,481,0,4.39164,0,0,0,0,0,0,0,0
SPY,morpho_77,in_the_wild,0.77,0.0741139,blind,treat_e1,481,0,4.39164,0,0,0,0,0,0,0,0
SPY,morpho_77,in_the_wild,0.77,0.0741139,blind,treat_e0.5,481,0,4.39164,0,0,0,0,0,0,0,0
SPY,morpho_77,in_the_wild,0.77,0.0741139,Short,control,24,0,3.96825,0,0,0,0,0,0,0,0
SPY,morpho_77,in_the_wild,0.77,0.0741139,Short,treat_e1,24,0,3.96825,0,0,0,0,0,0,0,0
SPY,morpho_77,in_the_wild,0.77,0.0741139,Short,treat_e0.5,24,0,3.96825,0,0,0,0,0,0,0,0
SPY,morpho_77,in_the_wild,0.77,0.0741139,Weekend,control,396,0,4.27609,0,0,0,0,0,0,0,0
SPY,morpho_77,in_the_wild,0.77,0.0741139,Weekend,treat_e1,396,0,4.27609,0,0,0,0,0,0,0,0
SPY,morpho_77,in_the_wild,0.77,0.0741139,Weekend,treat_e0.5,396,0,4.27609,0,0,0,0,0,0,0,0
SPY,morpho_77,in_the_wild,0.77,0.0741139,Long,control,61,0,5.30835,0,0,0,0,0,0,0,0
SPY,morpho_77,in_the_wild,0.77,0.0741139,Long,treat_e1,61,0,5.30835,0,0,0,0,0,0,0,0
SPY,morpho_77,in_the_wild,0.77,0.0741139,Long,treat_e0.5,61,0,5.30835,0,0,0,0,0,0,0,0
SPY,morpho_77,in_the_wild,0.77,0.0741139,regular,control,2199,0,4.40871,0,0,0,0,0,0,0,
SPY,morpho_77,in_the_wild,0.77,0.0741139,regular,treat_e1,2199,0,4.40871,0,0,0,0,0,0,0,
SPY,morpho_77,in_the_wild,0.77,0.0741139,regular,treat_e0.5,2199,0,4.40871,0,0,0,0,0,0,0,
SPY,morpho_86,in_the_wild,0.86,0.0438413,blind,control,481,0,4.39164,0,0,0,0,0,0,0,0
SPY,morpho_86,in_the_wild,0.86,0.0438413,blind,treat_e1,481,0,4.37186,0,0,0,0,0,0.00364376,0.000347025,0.00164723
SPY,morpho_86,in_the_wild,0.86,0.0438413,blind,treat_e0.5,481,0,4.37185,0,0,0,0,0,0.00364376,0.000173512,0.00164723
SPY,morpho_86,in_the_wild,0.86,0.0438413,Short,control,24,0,3.96825,0,0,0,0,0,0,0,0
SPY,morpho_86,in_the_wild,0.86,0.0438413,Short,treat_e1,24,0,3.96825,0,0,0,0,0,0,0,0
SPY,morpho_86,in_the_wild,0.86,0.0438413,Short,treat_e0.5,24,0,3.96825,0,0,0,0,0,0,0,0
SPY,morpho_86,in_the_wild,0.86,0.0438413,Weekend,control,396,0,4.27609,0,0,0,0,0,0,0,0
SPY,morpho_86,in_the_wild,0.86,0.0438413,Weekend,treat_e1,396,0,4.25206,0,0,0,0,0,0.00442588,0.000421512,0.00164723
SPY,morpho_86,in_the_wild,0.86,0.0438413,Weekend,treat_e0.5,396,0,4.25205,0,0,0,0,0,0.00442588,0.000210756,0.00164723
SPY,morpho_86,in_the_wild,0.86,0.0438413,Long,control,61,0,5.30835,0,0,0,0,0,0,0,0
SPY,morpho_86,in_the_wild,0.86,0.0438413,Long,treat_e1,61,0,5.30835,0,0,0,0,0,0,0,0
SPY,morpho_86,in_the_wild,0.86,0.0438413,Long,treat_e0.5,61,0,5.30835,0,0,0,0,0,0,0,0
SPY,morpho_86,in_the_wild,0.86,0.0438413,regular,control,2199,0,4.40871,0,0,0,0,0,0,0,
SPY,morpho_86,in_the_wild,0.86,0.0438413,regular,treat_e1,2199,0,4.40871,0,0,0,0,0,0,0,
SPY,morpho_86,in_the_wild,0.86,0.0438413,regular,treat_e0.5,2199,0,4.40871,0,0,0,0,0,0,0,
SPY,aave_65,in_the_wild,0.65,0.055,blind,control,481,0,4.39164,0,0,0,0,0,0,0,0
SPY,aave_65,in_the_wild,0.65,0.055,blind,treat_e1,481,0,4.39164,0,0,0,0,0,0,0,0
SPY,aave_65,in_the_wild,0.65,0.055,blind,treat_e0.5,481,0,4.39164,0,0,0,0,0,0,0,0
SPY,aave_65,in_the_wild,0.65,0.055,Short,control,24,0,3.96825,0,0,0,0,0,0,0,0
SPY,aave_65,in_the_wild,0.65,0.055,Short,treat_e1,24,0,3.96825,0,0,0,0,0,0,0,0
SPY,aave_65,in_the_wild,0.65,0.055,Short,treat_e0.5,24,0,3.96825,0,0,0,0,0,0,0,0
SPY,aave_65,in_the_wild,0.65,0.055,Weekend,control,396,0,4.27609,0,0,0,0,0,0,0,0
SPY,aave_65,in_the_wild,0.65,0.055,Weekend,treat_e1,396,0,4.27609,0,0,0,0,0,0,0,0
SPY,aave_65,in_the_wild,0.65,0.055,Weekend,treat_e0.5,396,0,4.27609,0,0,0,0,0,0,0,0
SPY,aave_65,in_the_wild,0.65,0.055,Long,control,61,0,5.30835,0,0,0,0,0,0,0,0
SPY,aave_65,in_the_wild,0.65,0.055,Long,treat_e1,61,0,5.30835,0,0,0,0,0,0,0,0
SPY,aave_65,in_the_wild,0.65,0.055,Long,treat_e0.5,61,0,5.30835,0,0,0,0,0,0,0,0
SPY,aave_65,in_the_wild,0.65,0.055,regular,control,2199,0,4.40871,0,0,0,0,0,0,0,
SPY,aave_65,in_the_wild,0.65,0.055,regular,treat_e1,2199,0,4.40871,0,0,0,0,0,0,0,
SPY,aave_65,in_the_wild,0.65,0.055,regular,treat_e0.5,2199,0,4.40871,0,0,0,0,0,0,0,
SPY,aave_79,in_the_wild,0.79,0.055,blind,control,481,0,4.39164,0,0,0,0,0,0,0,0
SPY,aave_79,in_the_wild,0.79,0.055,blind,treat_e1,481,0,4.39164,0,0,0,0,0,0,0,0
SPY,aave_79,in_the_wild,0.79,0.055,blind,treat_e0.5,481,0,4.39164,0,0,0,0,0,0,0,0
SPY,aave_79,in_the_wild,0.79,0.055,Short,control,24,0,3.96825,0,0,0,0,0,0,0,0
SPY,aave_79,in_the_wild,0.79,0.055,Short,treat_e1,24,0,3.96825,0,0,0,0,0,0,0,0
SPY,aave_79,in_the_wild,0.79,0.055,Short,treat_e0.5,24,0,3.96825,0,0,0,0,0,0,0,0
SPY,aave_79,in_the_wild,0.79,0.055,Weekend,control,396,0,4.27609,0,0,0,0,0,0,0,0
SPY,aave_79,in_the_wild,0.79,0.055,Weekend,treat_e1,396,0,4.27609,0,0,0,0,0,0,0,0
SPY,aave_79,in_the_wild,0.79,0.055,Weekend,treat_e0.5,396,0,4.27609,0,0,0,0,0,0,0,0
SPY,aave_79,in_the_wild,0.79,0.055,Long,control,61,0,5.30835,0,0,0,0,0,0,0,0
SPY,aave_79,in_the_wild,0.79,0.055,Long,treat_e1,61,0,5.30835,0,0,0,0,0,0,0,0
SPY,aave_79,in_the_wild,0.79,0.055,Long,treat_e0.5,61,0,5.30835,0,0,0,0,0,0,0,0
SPY,aave_79,in_the_wild,0.79,0.055,regular,control,2199,0,4.40871,0,0,0,0,0,0,0,
SPY,aave_79,in_the_wild,0.79,0.055,regular,treat_e1,2199,0,4.40871,0,0,0,0,0,0,0,
SPY,aave_79,in_the_wild,0.79,0.055,regular,treat_e0.5,2199,0,4.40871,0,0,0,0,0,0,0,
SPY,cf_90,counterfactual,0.9,0.0309278,blind,control,481,0.000689724,4.39164,0.2079,0,0.172514,0.331757,3.79619,0,0,0
SPY,cf_90,counterfactual,0.9,0.0309278,blind,treat_e1,481,0.000689769,4.27313,0.2079,0,0.172514,0.331757,3.79619,0.0678455,0.00659375,0.0323766
SPY,cf_90,counterfactual,0.9,0.0309278,blind,treat_e0.5,481,0.000689747,4.27299,0.2079,0,0.172514,0.331757,3.79619,0.0678455,0.00329688,0.0323766
SPY,cf_90,counterfactual,0.9,0.0309278,Short,control,24,0,3.96825,0,0,0,0,0,0,0,0
SPY,cf_90,counterfactual,0.9,0.0309278,Short,treat_e1,24,0,3.96825,0,0,0,0,0,0,0,0
SPY,cf_90,counterfactual,0.9,0.0309278,Short,treat_e0.5,24,0,3.96825,0,0,0,0,0,0,0,0
SPY,cf_90,counterfactual,0.9,0.0309278,Weekend,control,396,0.000837771,4.27609,0.252525,0,0.200713,0.331757,3.79619,0,0,0
SPY,cf_90,counterfactual,0.9,0.0309278,Weekend,treat_e1,396,0.000837827,4.15612,0.252525,0,0.200713,0.331757,3.79619,0.0686583,0.00669955,0.0255533
SPY,cf_90,counterfactual,0.9,0.0309278,Weekend,treat_e0.5,396,0.000837799,4.15598,0.252525,0,0.200713,0.331757,3.79619,0.0686583,0.00334978,0.0255533
SPY,cf_90,counterfactual,0.9,0.0309278,Long,control,61,0,5.30835,0,0,0,0,0,0,0,0
SPY,cf_90,counterfactual,0.9,0.0309278,Long,treat_e1,61,0,5.15266,0,0,0,0,0,0.0892626,0.0085012,0.00682333
SPY,cf_90,counterfactual,0.9,0.0309278,Long,treat_e0.5,61,0,5.15244,0,0,0,0,0,0.0892626,0.0042506,0.00682333
SPY,cf_90,counterfactual,0.9,0.0309278,regular,control,2199,0,4.40871,0,0,0,0,0,0,0,
SPY,cf_90,counterfactual,0.9,0.0309278,regular,treat_e1,2199,0,4.40871,0,0,0,0,0,0,0,
SPY,cf_90,counterfactual,0.9,0.0309278,regular,treat_e0.5,2199,0,4.40871,0,0,0,0,0,0,0,
SPY,cf_93,counterfactual,0.93,0.0214505,blind,control,481,0.00164413,4.39164,0.4158,0,0.401426,0.545739,9.04915,0,0,0
SPY,cf_93,counterfactual,0.93,0.0214505,blind,treat_e1,481,0.00102376,4.21368,0.4158,0,0.246592,0.247983,5.64202,0.182563,0.0202545,0.0868231
SPY,cf_93,counterfactual,0.93,0.0214505,blind,treat_e0.5,481,0.00133397,4.23308,0.4158,0,0.324125,0.397083,7.34813,0.182563,0.0101273,0.0868231
SPY,cf_93,counterfactual,0.93,0.0214505,Short,control,24,0,3.96825,0,0,0,0,0,0,0,0
SPY,cf_93,counterfactual,0.93,0.0214505,Short,treat_e1,24,0,3.96825,0,0,0,0,0,0,0,0
SPY,cf_93,counterfactual,0.93,0.0214505,Short,treat_e0.5,24,0,3.96825,0,0,0,0,0,0,0,0
SPY,cf_93,counterfactual,0.93,0.0214505,Weekend,control,396,0.00199703,4.27609,0.505051,0,0.426981,0.545739,9.04915,0,0,0
SPY,cf_93,counterfactual,0.93,0.0214505,Weekend,treat_e1,396,0.00124351,4.08379,0.505051,0,0.246838,0.247983,5.64202,0.187149,0.0207233,0.0696533
SPY,cf_93,counterfactual,0.93,0.0214505,Weekend,treat_e0.5,396,0.00162031,4.10744,0.505051,0,0.337044,0.397083,7.34813,0.187149,0.0103616,0.0696533
SPY,cf_93,counterfactual,0.93,0.0214505,Long,control,61,0,5.30835,0,0,0,0,0,0,0,0
SPY,cf_93,counterfactual,0.93,0.0214505,Long,treat_e1,61,0,5.15352,0,0,0,0,0,0.224615,0.0251805,0.0171698
SPY,cf_93,counterfactual,0.93,0.0214505,Long,treat_e0.5,61,0,5.15287,0,0,0,0,0,0.224615,0.0125903,0.0171698
SPY,cf_93,counterfactual,0.93,0.0214505,regular,control,2199,0,4.40871,0,0,0,0,0,0,0,
SPY,cf_93,counterfactual,0.93,0.0214505,regular,treat_e1,2199,0,4.40871,0,0,0,0,0,0,0,
SPY,cf_93,counterfactual,0.93,0.0214505,regular,treat_e0.5,2199,0,4.40871,0,0,0,0,0,0,0,
SPY,cf_95,counterfactual,0.95,0.0152284,blind,control,481,0.00264104,4.39164,0.4158,0,0.645186,0.885581,14.5361,0,0,0
SPY,cf_95,counterfactual,0.95,0.0152284,blind,treat_e1,481,0.00157949,4.09431,0.4158,0,0.380779,0.383096,8.71205,0.346436,0.0399002,0.164365
SPY,cf_95,counterfactual,0.95,0.0152284,blind,treat_e0.5,481,0.00211037,4.13385,0.4158,0,0.513223,0.632573,11.6315,0.346436,0.0199501,0.164365
SPY,cf_95,counterfactual,0.95,0.0152284,Short,control,24,0,3.96825,0,0,0,0,0,0,0,0
SPY,cf_95,counterfactual,0.95,0.0152284,Short,treat_e1,24,0,3.96825,0,0,0,0,0,0,0,0
SPY,cf_95,counterfactual,0.95,0.0152284,Short,treat_e0.5,24,0,3.96825,0,0,0,0,0,0,0,0
SPY,cf_95,counterfactual,0.95,0.0152284,Weekend,control,396,0.00320793,4.27609,0.505051,0,0.687756,0.885581,14.5361,0,0,0
SPY,cf_95,counterfactual,0.95,0.0152284,Weekend,treat_e1,396,0.00191855,3.96304,0.505051,0,0.381189,0.383096,8.71205,0.358354,0.0411505,0.133379
SPY,cf_95,counterfactual,0.95,0.0152284,Weekend,treat_e0.5,396,0.00256337,3.98713,0.505051,0,0.534358,0.632573,11.6315,0.358354,0.0205753,0.133379
SPY,cf_95,counterfactual,0.95,0.0152284,Long,control,61,0,5.30835,0,0,0,0,0,0,0,0
SPY,cf_95,counterfactual,0.95,0.0152284,Long,treat_e1,61,0,4.99617,0,0,0,0,0,0.40537,0.0474821,0.0309869
SPY,cf_95,counterfactual,0.95,0.0152284,Long,treat_e0.5,61,0,5.15147,0,0,0,0,0,0.40537,0.0237411,0.0309869
SPY,cf_95,counterfactual,0.95,0.0152284,regular,control,2199,9.46534e-05,4.40871,0.0454752,0,0,0.208143,2.38171,0,0,
SPY,cf_95,counterfactual,0.95,0.0152284,regular,treat_e1,2199,9.46534e-05,4.40871,0.0454752,0,0,0.208143,2.38171,0,0,
SPY,cf_95,counterfactual,0.95,0.0152284,regular,treat_e0.5,2199,9.46534e-05,4.40871,0.0454752,0,0,0.208143,2.38171,0,0,
QQQ,morpho_38.5,in_the_wild,0.385,0.15,blind,control,481,0,4.53123,0,0,0,0,0,0,0,0
QQQ,morpho_38.5,in_the_wild,0.385,0.15,blind,treat_e1,481,0,4.53123,0,0,0,0,0,0,0,0
QQQ,morpho_38.5,in_the_wild,0.385,0.15,blind,treat_e0.5,481,0,4.53123,0,0,0,0,0,0,0,0
QQQ,morpho_38.5,in_the_wild,0.385,0.15,Short,control,24,0,4.36508,0,0,0,0,0,0,0,0
QQQ,morpho_38.5,in_the_wild,0.385,0.15,Short,treat_e1,24,0,4.36508,0,0,0,0,0,0,0,0
QQQ,morpho_38.5,in_the_wild,0.385,0.15,Short,treat_e0.5,24,0,4.36508,0,0,0,0,0,0,0,0
QQQ,morpho_38.5,in_the_wild,0.385,0.15,Weekend,control,396,0,4.4697,0,0,0,0,0,0,0,0
QQQ,morpho_38.5,in_the_wild,0.385,0.15,Weekend,treat_e1,396,0,4.4697,0,0,0,0,0,0,0,0
QQQ,morpho_38.5,in_the_wild,0.385,0.15,Weekend,treat_e0.5,396,0,4.4697,0,0,0,0,0,0,0,0
QQQ,morpho_38.5,in_the_wild,0.385,0.15,Long,control,61,0,4.9961,0,0,0,0,0,0,0,0
QQQ,morpho_38.5,in_the_wild,0.385,0.15,Long,treat_e1,61,0,4.9961,0,0,0,0,0,0,0,0
QQQ,morpho_38.5,in_the_wild,0.385,0.15,Long,treat_e0.5,61,0,4.9961,0,0,0,0,0,0,0,0
QQQ,morpho_38.5,in_the_wild,0.385,0.15,regular,control,2199,0,4.42149,0,0,0,0,0,0,0,
QQQ,morpho_38.5,in_the_wild,0.385,0.15,regular,treat_e1,2199,0,4.42149,0,0,0,0,0,0,0,
QQQ,morpho_38.5,in_the_wild,0.385,0.15,regular,treat_e0.5,2199,0,4.42149,0,0,0,0,0,0,0,
QQQ,morpho_62.5,in_the_wild,0.625,0.126761,blind,control,481,0,4.53123,0,0,0,0,0,0,0,0
QQQ,morpho_62.5,in_the_wild,0.625,0.126761,blind,treat_e1,481,0,4.53123,0,0,0,0,0,0,0,0
QQQ,morpho_62.5,in_the_wild,0.625,0.126761,blind,treat_e0.5,481,0,4.53123,0,0,0,0,0,0,0,0
QQQ,morpho_62.5,in_the_wild,0.625,0.126761,Short,control,24,0,4.36508,0,0,0,0,0,0,0,0
QQQ,morpho_62.5,in_the_wild,0.625,0.126761,Short,treat_e1,24,0,4.36508,0,0,0,0,0,0,0,0
QQQ,morpho_62.5,in_the_wild,0.625,0.126761,Short,treat_e0.5,24,0,4.36508,0,0,0,0,0,0,0,0
QQQ,morpho_62.5,in_the_wild,0.625,0.126761,Weekend,control,396,0,4.4697,0,0,0,0,0,0,0,0
QQQ,morpho_62.5,in_the_wild,0.625,0.126761,Weekend,treat_e1,396,0,4.4697,0,0,0,0,0,0,0,0
QQQ,morpho_62.5,in_the_wild,0.625,0.126761,Weekend,treat_e0.5,396,0,4.4697,0,0,0,0,0,0,0,0
QQQ,morpho_62.5,in_the_wild,0.625,0.126761,Long,control,61,0,4.9961,0,0,0,0,0,0,0,0
QQQ,morpho_62.5,in_the_wild,0.625,0.126761,Long,treat_e1,61,0,4.9961,0,0,0,0,0,0,0,0
QQQ,morpho_62.5,in_the_wild,0.625,0.126761,Long,treat_e0.5,61,0,4.9961,0,0,0,0,0,0,0,0
QQQ,morpho_62.5,in_the_wild,0.625,0.126761,regular,control,2199,0,4.42149,0,0,0,0,0,0,0,
QQQ,morpho_62.5,in_the_wild,0.625,0.126761,regular,treat_e1,2199,0,4.42149,0,0,0,0,0,0,0,
QQQ,morpho_62.5,in_the_wild,0.625,0.126761,regular,treat_e0.5,2199,0,4.42149,0,0,0,0,0,0,0,
QQQ,morpho_77,in_the_wild,0.77,0.0741139,blind,control,481,0,4.53123,0,0,0,0,0,0,0,0
QQQ,morpho_77,in_the_wild,0.77,0.0741139,blind,treat_e1,481,0,4.53123,0,0,0,0,0,0,0,0
QQQ,morpho_77,in_the_wild,0.77,0.0741139,blind,treat_e0.5,481,0,4.53123,0,0,0,0,0,0,0,0
QQQ,morpho_77,in_the_wild,0.77,0.0741139,Short,control,24,0,4.36508,0,0,0,0,0,0,0,0
QQQ,morpho_77,in_the_wild,0.77,0.0741139,Short,treat_e1,24,0,4.36508,0,0,0,0,0,0,0,0
QQQ,morpho_77,in_the_wild,0.77,0.0741139,Short,treat_e0.5,24,0,4.36508,0,0,0,0,0,0,0,0
QQQ,morpho_77,in_the_wild,0.77,0.0741139,Weekend,control,396,0,4.4697,0,0,0,0,0,0,0,0
QQQ,morpho_77,in_the_wild,0.77,0.0741139,Weekend,treat_e1,396,0,4.4697,0,0,0,0,0,0,0,0
QQQ,morpho_77,in_the_wild,0.77,0.0741139,Weekend,treat_e0.5,396,0,4.4697,0,0,0,0,0,0,0,0
QQQ,morpho_77,in_the_wild,0.77,0.0741139,Long,control,61,0,4.9961,0,0,0,0,0,0,0,0
QQQ,morpho_77,in_the_wild,0.77,0.0741139,Long,treat_e1,61,0,4.9961,0,0,0,0,0,0,0,0
QQQ,morpho_77,in_the_wild,0.77,0.0741139,Long,treat_e0.5,61,0,4.9961,0,0,0,0,0,0,0,0
QQQ,morpho_77,in_the_wild,0.77,0.0741139,regular,control,2199,0,4.42149,0,0,0,0,0,0,0,
QQQ,morpho_77,in_the_wild,0.77,0.0741139,regular,treat_e1,2199,0,4.42149,0,0,0,0,0,0,0,
QQQ,morpho_77,in_the_wild,0.77,0.0741139,regular,treat_e0.5,2199,0,4.42149,0,0,0,0,0,0,0,
QQQ,morpho_86,in_the_wild,0.86,0.0438413,blind,control,481,0,4.53123,0,0,0,0,0,0,0,0
QQQ,morpho_86,in_the_wild,0.86,0.0438413,blind,treat_e1,481,0,4.53124,0,0,0,0,0,0.000521974,4.97118e-05,0.000235968
QQQ,morpho_86,in_the_wild,0.86,0.0438413,blind,treat_e0.5,481,0,4.53124,0,0,0,0,0,0.000521974,2.48559e-05,0.000235968
QQQ,morpho_86,in_the_wild,0.86,0.0438413,Short,control,24,0,4.36508,0,0,0,0,0,0,0,0
QQQ,morpho_86,in_the_wild,0.86,0.0438413,Short,treat_e1,24,0,4.36508,0,0,0,0,0,0,0,0
QQQ,morpho_86,in_the_wild,0.86,0.0438413,Short,treat_e0.5,24,0,4.36508,0,0,0,0,0,0,0,0
QQQ,morpho_86,in_the_wild,0.86,0.0438413,Weekend,control,396,0,4.4697,0,0,0,0,0,0,0,0
QQQ,morpho_86,in_the_wild,0.86,0.0438413,Weekend,treat_e1,396,0,4.4697,0,0,0,0,0,0.000634014,6.03823e-05,0.000235968
QQQ,morpho_86,in_the_wild,0.86,0.0438413,Weekend,treat_e0.5,396,0,4.4697,0,0,0,0,0,0.000634014,3.01911e-05,0.000235968
QQQ,morpho_86,in_the_wild,0.86,0.0438413,Long,control,61,0,4.9961,0,0,0,0,0,0,0,0
QQQ,morpho_86,in_the_wild,0.86,0.0438413,Long,treat_e1,61,0,4.9961,0,0,0,0,0,0,0,0
QQQ,morpho_86,in_the_wild,0.86,0.0438413,Long,treat_e0.5,61,0,4.9961,0,0,0,0,0,0,0,0
QQQ,morpho_86,in_the_wild,0.86,0.0438413,regular,control,2199,0,4.42149,0,0,0,0,0,0,0,
QQQ,morpho_86,in_the_wild,0.86,0.0438413,regular,treat_e1,2199,0,4.42149,0,0,0,0,0,0,0,
QQQ,morpho_86,in_the_wild,0.86,0.0438413,regular,treat_e0.5,2199,0,4.42149,0,0,0,0,0,0,0,
QQQ,aave_65,in_the_wild,0.65,0.055,blind,control,481,0,4.53123,0,0,0,0,0,0,0,0
QQQ,aave_65,in_the_wild,0.65,0.055,blind,treat_e1,481,0,4.53123,0,0,0,0,0,0,0,0
QQQ,aave_65,in_the_wild,0.65,0.055,blind,treat_e0.5,481,0,4.53123,0,0,0,0,0,0,0,0
QQQ,aave_65,in_the_wild,0.65,0.055,Short,control,24,0,4.36508,0,0,0,0,0,0,0,0
QQQ,aave_65,in_the_wild,0.65,0.055,Short,treat_e1,24,0,4.36508,0,0,0,0,0,0,0,0
QQQ,aave_65,in_the_wild,0.65,0.055,Short,treat_e0.5,24,0,4.36508,0,0,0,0,0,0,0,0
QQQ,aave_65,in_the_wild,0.65,0.055,Weekend,control,396,0,4.4697,0,0,0,0,0,0,0,0
QQQ,aave_65,in_the_wild,0.65,0.055,Weekend,treat_e1,396,0,4.4697,0,0,0,0,0,0,0,0
QQQ,aave_65,in_the_wild,0.65,0.055,Weekend,treat_e0.5,396,0,4.4697,0,0,0,0,0,0,0,0
QQQ,aave_65,in_the_wild,0.65,0.055,Long,control,61,0,4.9961,0,0,0,0,0,0,0,0
QQQ,aave_65,in_the_wild,0.65,0.055,Long,treat_e1,61,0,4.9961,0,0,0,0,0,0,0,0
QQQ,aave_65,in_the_wild,0.65,0.055,Long,treat_e0.5,61,0,4.9961,0,0,0,0,0,0,0,0
QQQ,aave_65,in_the_wild,0.65,0.055,regular,control,2199,0,4.42149,0,0,0,0,0,0,0,
QQQ,aave_65,in_the_wild,0.65,0.055,regular,treat_e1,2199,0,4.42149,0,0,0,0,0,0,0,
QQQ,aave_65,in_the_wild,0.65,0.055,regular,treat_e0.5,2199,0,4.42149,0,0,0,0,0,0,0,
QQQ,aave_79,in_the_wild,0.79,0.055,blind,control,481,0,4.53123,0,0,0,0,0,0,0,0
QQQ,aave_79,in_the_wild,0.79,0.055,blind,treat_e1,481,0,4.53123,0,0,0,0,0,0,0,0
QQQ,aave_79,in_the_wild,0.79,0.055,blind,treat_e0.5,481,0,4.53123,0,0,0,0,0,0,0,0
QQQ,aave_79,in_the_wild,0.79,0.055,Short,control,24,0,4.36508,0,0,0,0,0,0,0,0
QQQ,aave_79,in_the_wild,0.79,0.055,Short,treat_e1,24,0,4.36508,0,0,0,0,0,0,0,0
QQQ,aave_79,in_the_wild,0.79,0.055,Short,treat_e0.5,24,0,4.36508,0,0,0,0,0,0,0,0
QQQ,aave_79,in_the_wild,0.79,0.055,Weekend,control,396,0,4.4697,0,0,0,0,0,0,0,0
QQQ,aave_79,in_the_wild,0.79,0.055,Weekend,treat_e1,396,0,4.4697,0,0,0,0,0,0,0,0
QQQ,aave_79,in_the_wild,0.79,0.055,Weekend,treat_e0.5,396,0,4.4697,0,0,0,0,0,0,0,0
QQQ,aave_79,in_the_wild,0.79,0.055,Long,control,61,0,4.9961,0,0,0,0,0,0,0,0
QQQ,aave_79,in_the_wild,0.79,0.055,Long,treat_e1,61,0,4.9961,0,0,0,0,0,0,0,0
QQQ,aave_79,in_the_wild,0.79,0.055,Long,treat_e0.5,61,0,4.9961,0,0,0,0,0,0,0,0
QQQ,aave_79,in_the_wild,0.79,0.055,regular,control,2199,0,4.42149,0,0,0,0,0,0,0,
QQQ,aave_79,in_the_wild,0.79,0.055,regular,treat_e1,2199,0,4.42149,0,0,0,0,0,0,0,
QQQ,aave_79,in_the_wild,0.79,0.055,regular,treat_e0.5,2199,0,4.42149,0,0,0,0,0,0,0,
QQQ,cf_90,counterfactual,0.9,0.0309278,blind,control,481,0,4.53123,0,0,0,0,0,0,0,0
QQQ,cf_90,counterfactual,0.9,0.0309278,blind,treat_e1,481,0,4.45224,0,0,0,0,0,0.0496255,0.00472623,0.0236278
QQQ,cf_90,counterfactual,0.9,0.0309278,blind,treat_e0.5,481,0,4.47183,0,0,0,0,0,0.0496255,0.00236312,0.0236278
QQQ,cf_90,counterfactual,0.9,0.0309278,Short,control,24,0,4.36508,0,0,0,0,0,0,0,0
QQQ,cf_90,counterfactual,0.9,0.0309278,Short,treat_e1,24,0,4.36508,0,0,0,0,0,0,0,0
QQQ,cf_90,counterfactual,0.9,0.0309278,Short,treat_e0.5,24,0,4.36508,0,0,0,0,0,0,0,0
QQQ,cf_90,counterfactual,0.9,0.0309278,Weekend,control,396,0,4.4697,0,0,0,0,0,0,0,0
QQQ,cf_90,counterfactual,0.9,0.0309278,Weekend,treat_e1,396,0,4.39776,0,0,0,0,0,0.0506549,0.00482428,0.0188528
QQQ,cf_90,counterfactual,0.9,0.0309278,Weekend,treat_e0.5,396,0,4.42158,0,0,0,0,0,0.0506549,0.00241214,0.0188528
QQQ,cf_90,counterfactual,0.9,0.0309278,Long,control,61,0,4.9961,0,0,0,0,0,0,0,0
QQQ,cf_90,counterfactual,0.9,0.0309278,Long,treat_e1,61,0,4.84026,0,0,0,0,0,0.0624671,0.00594925,0.00477505
QQQ,cf_90,counterfactual,0.9,0.0309278,Long,treat_e0.5,61,0,4.84011,0,0,0,0,0,0.0624671,0.00297462,0.00477505
QQQ,cf_90,counterfactual,0.9,0.0309278,regular,control,2199,0,4.42149,0,0,0,0,0,0,0,
QQQ,cf_90,counterfactual,0.9,0.0309278,regular,treat_e1,2199,0,4.42149,0,0,0,0,0,0,0,
QQQ,cf_90,counterfactual,0.9,0.0309278,regular,treat_e0.5,2199,0,4.42149,0,0,0,0,0,0,0,
QQQ,cf_93,counterfactual,0.93,0.0214505,blind,control,481,0.00092797,4.53123,0.4158,0,0.232104,0.446353,5.10747,0,0,0
QQQ,cf_93,counterfactual,0.93,0.0214505,blind,treat_e1,481,4.72818e-18,4.35304,0.4158,0,1.1387e-15,1.14032e-15,2.6058e-14,0.153075,0.0163723,0.0728528
QQQ,cf_93,counterfactual,0.93,0.0214505,blind,treat_e0.5,481,0.000619926,4.37263,0.4158,0,0.155273,0.298603,3.41681,0.153075,0.00818615,0.0728528
QQQ,cf_93,counterfactual,0.93,0.0214505,Short,control,24,0,4.36508,0,0,0,0,0,0,0,0
QQQ,cf_93,counterfactual,0.93,0.0214505,Short,treat_e1,24,0,4.36508,0,0,0,0,0,0,0,0
QQQ,cf_93,counterfactual,0.93,0.0214505,Short,treat_e0.5,24,0,4.36508,0,0,0,0,0,0,0,0
QQQ,cf_93,counterfactual,0.93,0.0214505,Weekend,control,396,0.00112716,4.4697,0.505051,0,0.270044,0.446353,5.10747,0,0,0
QQQ,cf_93,counterfactual,0.93,0.0214505,Weekend,treat_e1,396,5.74309e-18,4.27716,0.505051,0,1.13899e-15,1.14032e-15,2.6058e-14,0.156492,0.0166865,0.0582432
QQQ,cf_93,counterfactual,0.93,0.0214505,Weekend,treat_e0.5,396,0.000752992,4.30102,0.505051,0,0.180655,0.298603,3.41681,0.156492,0.00834325,0.0582432
QQQ,cf_93,counterfactual,0.93,0.0214505,Long,control,61,0,4.9961,0,0,0,0,0,0,0,0
QQQ,cf_93,counterfactual,0.93,0.0214505,Long,treat_e1,61,0,4.84097,0,0,0,0,0,0.191123,0.0207742,0.0146097
QQQ,cf_93,counterfactual,0.93,0.0214505,Long,treat_e0.5,61,0,4.84047,0,0,0,0,0,0.191123,0.0103871,0.0146097
QQQ,cf_93,counterfactual,0.93,0.0214505,regular,control,2199,0,4.42149,0,0,0,0,0,0,0,
QQQ,cf_93,counterfactual,0.93,0.0214505,regular,treat_e1,2199,0,4.42149,0,0,0,0,0,0,0,
QQQ,cf_93,counterfactual,0.93,0.0214505,regular,treat_e0.5,2199,0,4.42149,0,0,0,0,0,0,0,
QQQ,cf_95,counterfactual,0.95,0.0152284,blind,control,481,0.00228783,4.53123,0.831601,0,0.466038,0.582996,12.592,0,0,0
QQQ,cf_95,counterfactual,0.95,0.0152284,blind,treat_e1,481,0.000868812,4.01582,0.623701,0,0.210215,0.239844,4.78258,0.393454,0.0425134,0.186627
QQQ,cf_95,counterfactual,0.95,0.0152284,blind,treat_e0.5,481,0.00167449,4.17348,0.623701,0,0.315049,0.338527,9.22573,0.393454,0.0212567,0.186627
QQQ,cf_95,counterfactual,0.95,0.0152284,Short,control,24,0,4.36508,0,0,0,0,0,0,0,0
QQQ,cf_95,counterfactual,0.95,0.0152284,Short,treat_e1,24,0,4.36508,0,0,0,0,0,0,0,0
QQQ,cf_95,counterfactual,0.95,0.0152284,Short,treat_e0.5,24,0,4.36508,0,0,0,0,0,0,0,0
QQQ,cf_95,counterfactual,0.95,0.0152284,Weekend,control,396,0.00277891,4.4697,0.757576,0,0.48675,0.582996,12.592,0,0,0
QQQ,cf_95,counterfactual,0.95,0.0152284,Weekend,treat_e1,396,0.00105531,3.93995,0.757576,0,0.215461,0.239844,4.78258,0.40731,0.0439205,0.151594
QQQ,cf_95,counterfactual,0.95,0.0152284,Weekend,treat_e0.5,396,0.00203393,4.08361,0.757576,0,0.319206,0.338527,9.22573,0.40731,0.0219602,0.151594
QQQ,cf_95,counterfactual,0.95,0.0152284,Long,control,61,1.8246e-17,4.9961,1.63934,4.45202e-16,1.04623e-15,1.11301e-15,1.27358e-14,0,0,0
QQQ,cf_95,counterfactual,0.95,0.0152284,Long,treat_e1,61,0,4.37087,0,0,0,0,0,0.458303,0.0501057,0.0350332
QQQ,cf_95,counterfactual,0.95,0.0152284,Long,treat_e0.5,61,0,4.68147,0,0,0,0,0,0.458303,0.0250529,0.0350332
QQQ,cf_95,counterfactual,0.95,0.0152284,regular,control,2199,0.000180156,4.42149,0.136426,0,8.9263e-16,0.248977,4.53317,0,0,
QQQ,cf_95,counterfactual,0.95,0.0152284,regular,treat_e1,2199,0.000180156,4.42149,0.136426,0,8.9263e-16,0.248977,4.53317,0,0,
QQQ,cf_95,counterfactual,0.95,0.0152284,regular,treat_e0.5,2199,0.000180156,4.42149,0.136426,0,8.9263e-16,0.248977,4.53317,0,0,
MSFT,morpho_38.5,in_the_wild,0.385,0.15,blind,control,481,0,4.68765,0,0,0,0,0,0,0,0
MSFT,morpho_38.5,in_the_wild,0.385,0.15,blind,treat_e1,481,0,4.68765,0,0,0,0,0,0,0,0
MSFT,morpho_38.5,in_the_wild,0.385,0.15,blind,treat_e0.5,481,0,4.68765,0,0,0,0,0,0,0,0
MSFT,morpho_38.5,in_the_wild,0.385,0.15,Short,control,24,0,5.55556,0,0,0,0,0,0,0,0
MSFT,morpho_38.5,in_the_wild,0.385,0.15,Short,treat_e1,24,0,5.55556,0,0,0,0,0,0,0,0
MSFT,morpho_38.5,in_the_wild,0.385,0.15,Short,treat_e0.5,24,0,5.55556,0,0,0,0,0,0,0,0
MSFT,morpho_38.5,in_the_wild,0.385,0.15,Weekend,control,396,0,4.51539,0,0,0,0,0,0,0,0
MSFT,morpho_38.5,in_the_wild,0.385,0.15,Weekend,treat_e1,396,0,4.51539,0,0,0,0,0,0,0,0
MSFT,morpho_38.5,in_the_wild,0.385,0.15,Weekend,treat_e0.5,396,0,4.51539,0,0,0,0,0,0,0,0
MSFT,morpho_38.5,in_the_wild,0.385,0.15,Long,control,61,0,5.46448,0,0,0,0,0,0,0,0
MSFT,morpho_38.5,in_the_wild,0.385,0.15,Long,treat_e1,61,0,5.46448,0,0,0,0,0,0,0,0
MSFT,morpho_38.5,in_the_wild,0.385,0.15,Long,treat_e0.5,61,0,5.46448,0,0,0,0,0,0,0,0
MSFT,morpho_38.5,in_the_wild,0.385,0.15,regular,control,2199,0,4.52024,0,0,0,0,0,0,0,
MSFT,morpho_38.5,in_the_wild,0.385,0.15,regular,treat_e1,2199,0,4.52024,0,0,0,0,0,0,0,
MSFT,morpho_38.5,in_the_wild,0.385,0.15,regular,treat_e0.5,2199,0,4.52024,0,0,0,0,0,0,0,
MSFT,morpho_62.5,in_the_wild,0.625,0.126761,blind,control,481,0,4.68765,0,0,0,0,0,0,0,0
MSFT,morpho_62.5,in_the_wild,0.625,0.126761,blind,treat_e1,481,0,4.68765,0,0,0,0,0,0,0,0
MSFT,morpho_62.5,in_the_wild,0.625,0.126761,blind,treat_e0.5,481,0,4.68765,0,0,0,0,0,0,0,0
MSFT,morpho_62.5,in_the_wild,0.625,0.126761,Short,control,24,0,5.55556,0,0,0,0,0,0,0,0
MSFT,morpho_62.5,in_the_wild,0.625,0.126761,Short,treat_e1,24,0,5.55556,0,0,0,0,0,0,0,0
MSFT,morpho_62.5,in_the_wild,0.625,0.126761,Short,treat_e0.5,24,0,5.55556,0,0,0,0,0,0,0,0
MSFT,morpho_62.5,in_the_wild,0.625,0.126761,Weekend,control,396,0,4.51539,0,0,0,0,0,0,0,0
MSFT,morpho_62.5,in_the_wild,0.625,0.126761,Weekend,treat_e1,396,0,4.51539,0,0,0,0,0,0,0,0
MSFT,morpho_62.5,in_the_wild,0.625,0.126761,Weekend,treat_e0.5,396,0,4.51539,0,0,0,0,0,0,0,0
MSFT,morpho_62.5,in_the_wild,0.625,0.126761,Long,control,61,0,5.46448,0,0,0,0,0,0,0,0
MSFT,morpho_62.5,in_the_wild,0.625,0.126761,Long,treat_e1,61,0,5.46448,0,0,0,0,0,0,0,0
MSFT,morpho_62.5,in_the_wild,0.625,0.126761,Long,treat_e0.5,61,0,5.46448,0,0,0,0,0,0,0,0
MSFT,morpho_62.5,in_the_wild,0.625,0.126761,regular,control,2199,0,4.52024,0,0,0,0,0,0,0,
MSFT,morpho_62.5,in_the_wild,0.625,0.126761,regular,treat_e1,2199,0,4.52024,0,0,0,0,0,0,0,
MSFT,morpho_62.5,in_the_wild,0.625,0.126761,regular,treat_e0.5,2199,0,4.52024,0,0,0,0,0,0,0,
MSFT,morpho_77,in_the_wild,0.77,0.0741139,blind,control,481,0,4.68765,0,0,0,0,0,0,0,0
MSFT,morpho_77,in_the_wild,0.77,0.0741139,blind,treat_e1,481,0,4.68765,0,0,0,0,0,0,0,0
MSFT,morpho_77,in_the_wild,0.77,0.0741139,blind,treat_e0.5,481,0,4.68765,0,0,0,0,0,0,0,0
MSFT,morpho_77,in_the_wild,0.77,0.0741139,Short,control,24,0,5.55556,0,0,0,0,0,0,0,0
MSFT,morpho_77,in_the_wild,0.77,0.0741139,Short,treat_e1,24,0,5.55556,0,0,0,0,0,0,0,0
MSFT,morpho_77,in_the_wild,0.77,0.0741139,Short,treat_e0.5,24,0,5.55556,0,0,0,0,0,0,0,0
MSFT,morpho_77,in_the_wild,0.77,0.0741139,Weekend,control,396,0,4.51539,0,0,0,0,0,0,0,0
MSFT,morpho_77,in_the_wild,0.77,0.0741139,Weekend,treat_e1,396,0,4.51539,0,0,0,0,0,0,0,0
MSFT,morpho_77,in_the_wild,0.77,0.0741139,Weekend,treat_e0.5,396,0,4.51539,0,0,0,0,0,0,0,0
MSFT,morpho_77,in_the_wild,0.77,0.0741139,Long,control,61,0,5.46448,0,0,0,0,0,0,0,0
MSFT,morpho_77,in_the_wild,0.77,0.0741139,Long,treat_e1,61,0,5.46448,0,0,0,0,0,0,0,0
MSFT,morpho_77,in_the_wild,0.77,0.0741139,Long,treat_e0.5,61,0,5.46448,0,0,0,0,0,0,0,0
MSFT,morpho_77,in_the_wild,0.77,0.0741139,regular,control,2199,0,4.52024,0,0,0,0,0,0,0,
MSFT,morpho_77,in_the_wild,0.77,0.0741139,regular,treat_e1,2199,0,4.52024,0,0,0,0,0,0,0,
MSFT,morpho_77,in_the_wild,0.77,0.0741139,regular,treat_e0.5,2199,0,4.52024,0,0,0,0,0,0,0,
MSFT,morpho_86,in_the_wild,0.86,0.0438413,blind,control,481,0,4.68765,0,0,0,0,0,0,0,0
MSFT,morpho_86,in_the_wild,0.86,0.0438413,blind,treat_e1,481,0,4.648,0,0,0,0,0,0.0207692,0.00197802,0.00994693
MSFT,morpho_86,in_the_wild,0.86,0.0438413,blind,treat_e0.5,481,0,4.64803,0,0,0,0,0,0.0207692,0.000989008,0.00994693
MSFT,morpho_86,in_the_wild,0.86,0.0438413,Short,control,24,0,5.55556,0,0,0,0,0,0,0,0
MSFT,morpho_86,in_the_wild,0.86,0.0438413,Short,treat_e1,24,0,5.55556,0,0,0,0,0,0,0,0
MSFT,morpho_86,in_the_wild,0.86,0.0438413,Short,treat_e0.5,24,0,5.55556,0,0,0,0,0,0,0,0
MSFT,morpho_86,in_the_wild,0.86,0.0438413,Weekend,control,396,0,4.51539,0,0,0,0,0,0,0,0
MSFT,morpho_86,in_the_wild,0.86,0.0438413,Weekend,treat_e1,396,0,4.49125,0,0,0,0,0,0.0207305,0.00197433,0.00771547
MSFT,morpho_86,in_the_wild,0.86,0.0438413,Weekend,treat_e0.5,396,0,4.4913,0,0,0,0,0,0.0207305,0.000987165,0.00771547
MSFT,morpho_86,in_the_wild,0.86,0.0438413,Long,control,61,0,5.46448,0,0,0,0,0,0,0,0
MSFT,morpho_86,in_the_wild,0.86,0.0438413,Long,treat_e1,61,0,5.3085,0,0,0,0,0,0.0291919,0.00278018,0.00223146
MSFT,morpho_86,in_the_wild,0.86,0.0438413,Long,treat_e0.5,61,0,5.30843,0,0,0,0,0,0.0291919,0.00139009,0.00223146
MSFT,morpho_86,in_the_wild,0.86,0.0438413,regular,control,2199,0,4.52024,0,0,0,0,0,0,0,
MSFT,morpho_86,in_the_wild,0.86,0.0438413,regular,treat_e1,2199,0,4.52024,0,0,0,0,0,0,0,
MSFT,morpho_86,in_the_wild,0.86,0.0438413,regular,treat_e0.5,2199,0,4.52024,0,0,0,0,0,0,0,
MSFT,aave_65,in_the_wild,0.65,0.055,blind,control,481,0,4.68765,0,0,0,0,0,0,0,0
MSFT,aave_65,in_the_wild,0.65,0.055,blind,treat_e1,481,0,4.68765,0,0,0,0,0,0,0,0
MSFT,aave_65,in_the_wild,0.65,0.055,blind,treat_e0.5,481,0,4.68765,0,0,0,0,0,0,0,0
MSFT,aave_65,in_the_wild,0.65,0.055,Short,control,24,0,5.55556,0,0,0,0,0,0,0,0
MSFT,aave_65,in_the_wild,0.65,0.055,Short,treat_e1,24,0,5.55556,0,0,0,0,0,0,0,0
MSFT,aave_65,in_the_wild,0.65,0.055,Short,treat_e0.5,24,0,5.55556,0,0,0,0,0,0,0,0
MSFT,aave_65,in_the_wild,0.65,0.055,Weekend,control,396,0,4.51539,0,0,0,0,0,0,0,0
MSFT,aave_65,in_the_wild,0.65,0.055,Weekend,treat_e1,396,0,4.51539,0,0,0,0,0,0,0,0
MSFT,aave_65,in_the_wild,0.65,0.055,Weekend,treat_e0.5,396,0,4.51539,0,0,0,0,0,0,0,0
MSFT,aave_65,in_the_wild,0.65,0.055,Long,control,61,0,5.46448,0,0,0,0,0,0,0,0
MSFT,aave_65,in_the_wild,0.65,0.055,Long,treat_e1,61,0,5.46448,0,0,0,0,0,0,0,0
MSFT,aave_65,in_the_wild,0.65,0.055,Long,treat_e0.5,61,0,5.46448,0,0,0,0,0,0,0,0
MSFT,aave_65,in_the_wild,0.65,0.055,regular,control,2199,0,4.52024,0,0,0,0,0,0,0,
MSFT,aave_65,in_the_wild,0.65,0.055,regular,treat_e1,2199,0,4.52024,0,0,0,0,0,0,0,
MSFT,aave_65,in_the_wild,0.65,0.055,regular,treat_e0.5,2199,0,4.52024,0,0,0,0,0,0,0,
MSFT,aave_79,in_the_wild,0.79,0.055,blind,control,481,0,4.68765,0,0,0,0,0,0,0,0
MSFT,aave_79,in_the_wild,0.79,0.055,blind,treat_e1,481,0,4.68765,0,0,0,0,0,0,0,0
MSFT,aave_79,in_the_wild,0.79,0.055,blind,treat_e0.5,481,0,4.68765,0,0,0,0,0,0,0,0
MSFT,aave_79,in_the_wild,0.79,0.055,Short,control,24,0,5.55556,0,0,0,0,0,0,0,0
MSFT,aave_79,in_the_wild,0.79,0.055,Short,treat_e1,24,0,5.55556,0,0,0,0,0,0,0,0
MSFT,aave_79,in_the_wild,0.79,0.055,Short,treat_e0.5,24,0,5.55556,0,0,0,0,0,0,0,0
MSFT,aave_79,in_the_wild,0.79,0.055,Weekend,control,396,0,4.51539,0,0,0,0,0,0,0,0
MSFT,aave_79,in_the_wild,0.79,0.055,Weekend,treat_e1,396,0,4.51539,0,0,0,0,0,0,0,0
MSFT,aave_79,in_the_wild,0.79,0.055,Weekend,treat_e0.5,396,0,4.51539,0,0,0,0,0,0,0,0
MSFT,aave_79,in_the_wild,0.79,0.055,Long,control,61,0,5.46448,0,0,0,0,0,0,0,0
MSFT,aave_79,in_the_wild,0.79,0.055,Long,treat_e1,61,0,5.46448,0,0,0,0,0,0,0,0
MSFT,aave_79,in_the_wild,0.79,0.055,Long,treat_e0.5,61,0,5.46448,0,0,0,0,0,0,0,0
MSFT,aave_79,in_the_wild,0.79,0.055,regular,control,2199,0,4.52024,0,0,0,0,0,0,0,
MSFT,aave_79,in_the_wild,0.79,0.055,regular,treat_e1,2199,0,4.52024,0,0,0,0,0,0,0,
MSFT,aave_79,in_the_wild,0.79,0.055,regular,treat_e0.5,2199,0,4.52024,0,0,0,0,0,0,0,
MSFT,cf_90,counterfactual,0.9,0.0309278,blind,control,481,0.000989952,4.68765,0.2079,0,0.247607,0.476167,5.44862,0,0,0
MSFT,cf_90,counterfactual,0.9,0.0309278,blind,treat_e1,481,0.00081987,4.54932,0.2079,0,0.20521,0.394635,4.51567,0.107848,0.0116055,0.0513592
MSFT,cf_90,counterfactual,0.9,0.0309278,blind,treat_e0.5,481,0.000904916,4.56889,0.2079,0,0.226417,0.435417,4.98234,0.107848,0.00580276,0.0513592
MSFT,cf_90,counterfactual,0.9,0.0309278,Short,control,24,0,5.55556,0,0,0,0,0,0,0,0
MSFT,cf_90,counterfactual,0.9,0.0309278,Short,treat_e1,24,0,5.55556,0,0,0,0,0,0,0,0
MSFT,cf_90,counterfactual,0.9,0.0309278,Short,treat_e0.5,24,0,5.55556,0,0,0,0,0,0,0,0
MSFT,cf_90,counterfactual,0.9,0.0309278,Weekend,control,396,0.00120244,4.51539,0.252525,0,0.288081,0.476167,5.44862,0,0,0
MSFT,cf_90,counterfactual,0.9,0.0309278,Weekend,treat_e1,396,0.000995854,4.37129,0.252525,0,0.238754,0.394635,4.51567,0.110004,0.0118216,0.0409415
MSFT,cf_90,counterfactual,0.9,0.0309278,Weekend,treat_e0.5,396,0.00109915,4.39512,0.252525,0,0.263428,0.435417,4.98234,0.110004,0.00591081,0.0409415
MSFT,cf_90,counterfactual,0.9,0.0309278,Long,control,61,0,5.46448,0,0,0,0,0,0,0,0
MSFT,cf_90,counterfactual,0.9,0.0309278,Long,treat_e1,61,0,5.30914,0,0,0,0,0,0.136285,0.0147687,0.0104177
MSFT,cf_90,counterfactual,0.9,0.0309278,Long,treat_e0.5,61,0,5.30874,0,0,0,0,0,0.136285,0.00738436,0.0104177
MSFT,cf_90,counterfactual,0.9,0.0309278,regular,control,2199,0,4.52024,0,0,0,0,0,0,0,
MSFT,cf_90,counterfactual,0.9,0.0309278,regular,treat_e1,2199,0,4.52024,0,0,0,0,0,0,0,
MSFT,cf_90,counterfactual,0.9,0.0309278,regular,treat_e0.5,2199,0,4.52024,0,0,0,0,0,0,0,
MSFT,cf_93,counterfactual,0.93,0.0214505,blind,control,481,0.00186566,4.68765,0.2079,0,0.46664,0.897384,10.2685,0,0,0
MSFT,cf_93,counterfactual,0.93,0.0214505,blind,treat_e1,481,0.00106258,4.48966,0.2079,0,0.266724,0.512931,5.86931,0.247607,0.0293618,0.117354
MSFT,cf_93,counterfactual,0.93,0.0214505,blind,treat_e0.5,481,0.00146418,4.48966,0.2079,0,0.366875,0.70553,8.07314,0.247607,0.0146809,0.117354
MSFT,cf_93,counterfactual,0.93,0.0214505,Short,control,24,0,5.55556,0,0,0,0,0,0,0,0
MSFT,cf_93,counterfactual,0.93,0.0214505,Short,treat_e1,24,0,5.55556,0,0,0,0,0,0,0,0
MSFT,cf_93,counterfactual,0.93,0.0214505,Short,treat_e0.5,24,0,5.55556,0,0,0,0,0,0,0,0
MSFT,cf_93,counterfactual,0.93,0.0214505,Weekend,control,396,0.00226612,4.51539,0.252525,0,0.542917,0.897384,10.2685,0,0,0
MSFT,cf_93,counterfactual,0.93,0.0214505,Weekend,treat_e1,396,0.00129067,4.29873,0.252525,0,0.310324,0.512931,5.86931,0.256938,0.0304096,0.0956104
MSFT,cf_93,counterfactual,0.93,0.0214505,Weekend,treat_e0.5,396,0.00177847,4.29883,0.252525,0,0.426846,0.70553,8.07314,0.256938,0.0152048,0.0956104
MSFT,cf_93,counterfactual,0.93,0.0214505,Long,control,61,0,5.46448,0,0,0,0,0,0,0,0
MSFT,cf_93,counterfactual,0.93,0.0214505,Long,treat_e1,61,0,5.30971,0,0,0,0,0,0.284453,0.0341115,0.0217439
MSFT,cf_93,counterfactual,0.93,0.0214505,Long,treat_e0.5,61,0,5.30903,0,0,0,0,0,0.284453,0.0170558,0.0217439
MSFT,cf_93,counterfactual,0.93,0.0214505,regular,control,2199,5.17026e-19,4.52024,0.0454752,0,0,1.13694e-15,1.30096e-14,0,0,
MSFT,cf_93,counterfactual,0.93,0.0214505,regular,treat_e1,2199,5.17026e-19,4.52024,0.0454752,0,0,1.13694e-15,1.30096e-14,0,0,
MSFT,cf_93,counterfactual,0.93,0.0214505,regular,treat_e0.5,2199,5.17026e-19,4.52024,0.0454752,0,0,1.13694e-15,1.30096e-14,0,0,
MSFT,cf_95,counterfactual,0.95,0.0152284,blind,control,481,0.00354668,4.68765,0.831601,0,0.746648,1.16343,19.5207,0,0,0
MSFT,cf_95,counterfactual,0.95,0.0152284,blind,treat_e1,481,0.00151735,4.11115,0.623701,0,0.371118,0.485327,8.38425,0.50119,0.0595086,0.237143
MSFT,cf_95,counterfactual,0.95,0.0152284,blind,treat_e0.5,481,0.00222544,4.32903,0.623701,0,0.548027,0.825538,12.2772,0.50119,0.0297543,0.237143
MSFT,cf_95,counterfactual,0.95,0.0152284,Short,control,24,0,5.55556,0,0,0,0,0,0,0,0
MSFT,cf_95,counterfactual,0.95,0.0152284,Short,treat_e1,24,0,5.55556,0,0,0,0,0,0,0,0
MSFT,cf_95,counterfactual,0.95,0.0152284,Short,treat_e0.5,24,0,5.55556,0,0,0,0,0,0,0,0
MSFT,cf_95,counterfactual,0.95,0.0152284,Weekend,control,396,0.00430797,4.51539,1.0101,5.56503e-17,0.820453,1.16343,19.5207,0,0,0
MSFT,cf_95,counterfactual,0.95,0.0152284,Weekend,treat_e1,396,0.00184309,3.86431,0.757576,0,0.391342,0.485327,8.38425,0.523366,0.0618666,0.194763
MSFT,cf_95,counterfactual,0.95,0.0152284,Weekend,treat_e0.5,396,0.00270315,4.12843,0.757576,0,0.59717,0.825538,12.2772,0.523366,0.0309333,0.194763
MSFT,cf_95,counterfactual,0.95,0.0152284,Long,control,61,0,5.46448,0,0,0,0,0,0,0,0
MSFT,cf_95,counterfactual,0.95,0.0152284,Long,treat_e1,61,0,5.14494,0,0,0,0,0,0.554411,0.0676142,0.0423798
MSFT,cf_95,counterfactual,0.95,0.0152284,Long,treat_e0.5,61,0,5.14859,0,0,0,0,0,0.554411,0.0338071,0.0423798
MSFT,cf_95,counterfactual,0.95,0.0152284,regular,control,2199,0.000529395,4.52024,0.454752,0,0.198514,0.234162,13.3209,0,0,
MSFT,cf_95,counterfactual,0.95,0.0152284,regular,treat_e1,2199,0.000529395,4.52024,0.454752,0,0.198514,0.234162,13.3209,0,0,
MSFT,cf_95,counterfactual,0.95,0.0152284,regular,treat_e0.5,2199,0.000529395,4.52024,0.454752,0,0.198514,0.234162,13.3209,0,0,
AMZN,morpho_38.5,in_the_wild,0.385,0.15,blind,control,481,0,4.25304,0,0,0,0,0,0,0,0
AMZN,morpho_38.5,in_the_wild,0.385,0.15,blind,treat_e1,481,0,4.25304,0,0,0,0,0,0,0,0
AMZN,morpho_38.5,in_the_wild,0.385,0.15,blind,treat_e0.5,481,0,4.25304,0,0,0,0,0,0,0,0
AMZN,morpho_38.5,in_the_wild,0.385,0.15,Short,control,24,0,3.57143,0,0,0,0,0,0,0,0
AMZN,morpho_38.5,in_the_wild,0.385,0.15,Short,treat_e1,24,0,3.57143,0,0,0,0,0,0,0,0
AMZN,morpho_38.5,in_the_wild,0.385,0.15,Short,treat_e0.5,24,0,3.57143,0,0,0,0,0,0,0,0
AMZN,morpho_38.5,in_the_wild,0.385,0.15,Weekend,control,396,0,4.13179,0,0,0,0,0,0,0,0
AMZN,morpho_38.5,in_the_wild,0.385,0.15,Weekend,treat_e1,396,0,4.13179,0,0,0,0,0,0,0,0
AMZN,morpho_38.5,in_the_wild,0.385,0.15,Weekend,treat_e0.5,396,0,4.13179,0,0,0,0,0,0,0,0
AMZN,morpho_38.5,in_the_wild,0.385,0.15,Long,control,61,0,5.30835,0,0,0,0,0,0,0,0
AMZN,morpho_38.5,in_the_wild,0.385,0.15,Long,treat_e1,61,0,5.30835,0,0,0,0,0,0,0,0
AMZN,morpho_38.5,in_the_wild,0.385,0.15,Long,treat_e0.5,61,0,5.30835,0,0,0,0,0,0,0,0
AMZN,morpho_38.5,in_the_wild,0.385,0.15,regular,control,2199,0,4.79179,0,0,0,0,0,0,0,
AMZN,morpho_38.5,in_the_wild,0.385,0.15,regular,treat_e1,2199,0,4.79179,0,0,0,0,0,0,0,
AMZN,morpho_38.5,in_the_wild,0.385,0.15,regular,treat_e0.5,2199,0,4.79179,0,0,0,0,0,0,0,
AMZN,morpho_62.5,in_the_wild,0.625,0.126761,blind,control,481,0,4.25304,0,0,0,0,0,0,0,0
AMZN,morpho_62.5,in_the_wild,0.625,0.126761,blind,treat_e1,481,0,4.25304,0,0,0,0,0,0,0,0
AMZN,morpho_62.5,in_the_wild,0.625,0.126761,blind,treat_e0.5,481,0,4.25304,0,0,0,0,0,0,0,0
AMZN,morpho_62.5,in_the_wild,0.625,0.126761,Short,control,24,0,3.57143,0,0,0,0,0,0,0,0
AMZN,morpho_62.5,in_the_wild,0.625,0.126761,Short,treat_e1,24,0,3.57143,0,0,0,0,0,0,0,0
AMZN,morpho_62.5,in_the_wild,0.625,0.126761,Short,treat_e0.5,24,0,3.57143,0,0,0,0,0,0,0,0
AMZN,morpho_62.5,in_the_wild,0.625,0.126761,Weekend,control,396,0,4.13179,0,0,0,0,0,0,0,0
AMZN,morpho_62.5,in_the_wild,0.625,0.126761,Weekend,treat_e1,396,0,4.13179,0,0,0,0,0,0,0,0
AMZN,morpho_62.5,in_the_wild,0.625,0.126761,Weekend,treat_e0.5,396,0,4.13179,0,0,0,0,0,0,0,0
AMZN,morpho_62.5,in_the_wild,0.625,0.126761,Long,control,61,0,5.30835,0,0,0,0,0,0,0,0
AMZN,morpho_62.5,in_the_wild,0.625,0.126761,Long,treat_e1,61,0,5.30835,0,0,0,0,0,0,0,0
AMZN,morpho_62.5,in_the_wild,0.625,0.126761,Long,treat_e0.5,61,0,5.30835,0,0,0,0,0,0,0,0
AMZN,morpho_62.5,in_the_wild,0.625,0.126761,regular,control,2199,0,4.79179,0,0,0,0,0,0,0,
AMZN,morpho_62.5,in_the_wild,0.625,0.126761,regular,treat_e1,2199,0,4.79179,0,0,0,0,0,0,0,
AMZN,morpho_62.5,in_the_wild,0.625,0.126761,regular,treat_e0.5,2199,0,4.79179,0,0,0,0,0,0,0,
AMZN,morpho_77,in_the_wild,0.77,0.0741139,blind,control,481,0,4.25304,0,0,0,0,0,0,0,0
AMZN,morpho_77,in_the_wild,0.77,0.0741139,blind,treat_e1,481,0,4.25304,0,0,0,0,0,0,0,0
AMZN,morpho_77,in_the_wild,0.77,0.0741139,blind,treat_e0.5,481,0,4.25304,0,0,0,0,0,0,0,0
AMZN,morpho_77,in_the_wild,0.77,0.0741139,Short,control,24,0,3.57143,0,0,0,0,0,0,0,0
AMZN,morpho_77,in_the_wild,0.77,0.0741139,Short,treat_e1,24,0,3.57143,0,0,0,0,0,0,0,0
AMZN,morpho_77,in_the_wild,0.77,0.0741139,Short,treat_e0.5,24,0,3.57143,0,0,0,0,0,0,0,0
AMZN,morpho_77,in_the_wild,0.77,0.0741139,Weekend,control,396,0,4.13179,0,0,0,0,0,0,0,0
AMZN,morpho_77,in_the_wild,0.77,0.0741139,Weekend,treat_e1,396,0,4.13179,0,0,0,0,0,0,0,0
AMZN,morpho_77,in_the_wild,0.77,0.0741139,Weekend,treat_e0.5,396,0,4.13179,0,0,0,0,0,0,0,0
AMZN,morpho_77,in_the_wild,0.77,0.0741139,Long,control,61,0,5.30835,0,0,0,0,0,0,0,0
AMZN,morpho_77,in_the_wild,0.77,0.0741139,Long,treat_e1,61,0,5.30835,0,0,0,0,0,0,0,0
AMZN,morpho_77,in_the_wild,0.77,0.0741139,Long,treat_e0.5,61,0,5.30835,0,0,0,0,0,0,0,0
AMZN,morpho_77,in_the_wild,0.77,0.0741139,regular,control,2199,0,4.79179,0,0,0,0,0,0,0,
AMZN,morpho_77,in_the_wild,0.77,0.0741139,regular,treat_e1,2199,0,4.79179,0,0,0,0,0,0,0,
AMZN,morpho_77,in_the_wild,0.77,0.0741139,regular,treat_e0.5,2199,0,4.79179,0,0,0,0,0,0,0,
AMZN,morpho_86,in_the_wild,0.86,0.0438413,blind,control,481,0,4.25304,0,0,0,0,0,0,0,0
AMZN,morpho_86,in_the_wild,0.86,0.0438413,blind,treat_e1,481,0,4.25304,0,0,0,0,0,0,0,0
AMZN,morpho_86,in_the_wild,0.86,0.0438413,blind,treat_e0.5,481,0,4.25304,0,0,0,0,0,0,0,0
AMZN,morpho_86,in_the_wild,0.86,0.0438413,Short,control,24,0,3.57143,0,0,0,0,0,0,0,0
AMZN,morpho_86,in_the_wild,0.86,0.0438413,Short,treat_e1,24,0,3.57143,0,0,0,0,0,0,0,0
AMZN,morpho_86,in_the_wild,0.86,0.0438413,Short,treat_e0.5,24,0,3.57143,0,0,0,0,0,0,0,0
AMZN,morpho_86,in_the_wild,0.86,0.0438413,Weekend,control,396,0,4.13179,0,0,0,0,0,0,0,0
AMZN,morpho_86,in_the_wild,0.86,0.0438413,Weekend,treat_e1,396,0,4.13179,0,0,0,0,0,0,0,0
AMZN,morpho_86,in_the_wild,0.86,0.0438413,Weekend,treat_e0.5,396,0,4.13179,0,0,0,0,0,0,0,0
AMZN,morpho_86,in_the_wild,0.86,0.0438413,Long,control,61,0,5.30835,0,0,0,0,0,0,0,0
AMZN,morpho_86,in_the_wild,0.86,0.0438413,Long,treat_e1,61,0,5.30835,0,0,0,0,0,0,0,0
AMZN,morpho_86,in_the_wild,0.86,0.0438413,Long,treat_e0.5,61,0,5.30835,0,0,0,0,0,0,0,0
AMZN,morpho_86,in_the_wild,0.86,0.0438413,regular,control,2199,0,4.79179,0,0,0,0,0,0,0,
AMZN,morpho_86,in_the_wild,0.86,0.0438413,regular,treat_e1,2199,0,4.79179,0,0,0,0,0,0,0,
AMZN,morpho_86,in_the_wild,0.86,0.0438413,regular,treat_e0.5,2199,0,4.79179,0,0,0,0,0,0,0,
AMZN,aave_65,in_the_wild,0.65,0.055,blind,control,481,0,4.25304,0,0,0,0,0,0,0,0
AMZN,aave_65,in_the_wild,0.65,0.055,blind,treat_e1,481,0,4.25304,0,0,0,0,0,0,0,0
AMZN,aave_65,in_the_wild,0.65,0.055,blind,treat_e0.5,481,0,4.25304,0,0,0,0,0,0,0,0
AMZN,aave_65,in_the_wild,0.65,0.055,Short,control,24,0,3.57143,0,0,0,0,0,0,0,0
AMZN,aave_65,in_the_wild,0.65,0.055,Short,treat_e1,24,0,3.57143,0,0,0,0,0,0,0,0
AMZN,aave_65,in_the_wild,0.65,0.055,Short,treat_e0.5,24,0,3.57143,0,0,0,0,0,0,0,0
AMZN,aave_65,in_the_wild,0.65,0.055,Weekend,control,396,0,4.13179,0,0,0,0,0,0,0,0
AMZN,aave_65,in_the_wild,0.65,0.055,Weekend,treat_e1,396,0,4.13179,0,0,0,0,0,0,0,0
AMZN,aave_65,in_the_wild,0.65,0.055,Weekend,treat_e0.5,396,0,4.13179,0,0,0,0,0,0,0,0
AMZN,aave_65,in_the_wild,0.65,0.055,Long,control,61,0,5.30835,0,0,0,0,0,0,0,0
AMZN,aave_65,in_the_wild,0.65,0.055,Long,treat_e1,61,0,5.30835,0,0,0,0,0,0,0,0
AMZN,aave_65,in_the_wild,0.65,0.055,Long,treat_e0.5,61,0,5.30835,0,0,0,0,0,0,0,0
AMZN,aave_65,in_the_wild,0.65,0.055,regular,control,2199,0,4.79179,0,0,0,0,0,0,0,
AMZN,aave_65,in_the_wild,0.65,0.055,regular,treat_e1,2199,0,4.79179,0,0,0,0,0,0,0,
AMZN,aave_65,in_the_wild,0.65,0.055,regular,treat_e0.5,2199,0,4.79179,0,0,0,0,0,0,0,
AMZN,aave_79,in_the_wild,0.79,0.055,blind,control,481,0,4.25304,0,0,0,0,0,0,0,0
AMZN,aave_79,in_the_wild,0.79,0.055,blind,treat_e1,481,0,4.25304,0,0,0,0,0,0,0,0
AMZN,aave_79,in_the_wild,0.79,0.055,blind,treat_e0.5,481,0,4.25304,0,0,0,0,0,0,0,0
AMZN,aave_79,in_the_wild,0.79,0.055,Short,control,24,0,3.57143,0,0,0,0,0,0,0,0
AMZN,aave_79,in_the_wild,0.79,0.055,Short,treat_e1,24,0,3.57143,0,0,0,0,0,0,0,0
AMZN,aave_79,in_the_wild,0.79,0.055,Short,treat_e0.5,24,0,3.57143,0,0,0,0,0,0,0,0
AMZN,aave_79,in_the_wild,0.79,0.055,Weekend,control,396,0,4.13179,0,0,0,0,0,0,0,0
AMZN,aave_79,in_the_wild,0.79,0.055,Weekend,treat_e1,396,0,4.13179,0,0,0,0,0,0,0,0
AMZN,aave_79,in_the_wild,0.79,0.055,Weekend,treat_e0.5,396,0,4.13179,0,0,0,0,0,0,0,0
AMZN,aave_79,in_the_wild,0.79,0.055,Long,control,61,0,5.30835,0,0,0,0,0,0,0,0
AMZN,aave_79,in_the_wild,0.79,0.055,Long,treat_e1,61,0,5.30835,0,0,0,0,0,0,0,0
AMZN,aave_79,in_the_wild,0.79,0.055,Long,treat_e0.5,61,0,5.30835,0,0,0,0,0,0,0,0
AMZN,aave_79,in_the_wild,0.79,0.055,regular,control,2199,0,4.79179,0,0,0,0,0,0,0,
AMZN,aave_79,in_the_wild,0.79,0.055,regular,treat_e1,2199,0,4.79179,0,0,0,0,0,0,0,
AMZN,aave_79,in_the_wild,0.79,0.055,regular,treat_e0.5,2199,0,4.79179,0,0,0,0,0,0,0,
AMZN,cf_90,counterfactual,0.9,0.0309278,blind,control,481,2.44249e-18,4.25304,0.2079,0,6.10916e-16,1.17484e-15,1.34433e-14,0,0,0
AMZN,cf_90,counterfactual,0.9,0.0309278,blind,treat_e1,481,2.44259e-18,4.17395,0.2079,0,6.10916e-16,1.17484e-15,1.34433e-14,0.0403056,0.00383863,0.0194511
AMZN,cf_90,counterfactual,0.9,0.0309278,blind,treat_e0.5,481,2.44254e-18,4.19347,0.2079,0,6.10916e-16,1.17484e-15,1.34433e-14,0.0403056,0.00191931,0.0194511
AMZN,cf_90,counterfactual,0.9,0.0309278,Short,control,24,0,3.57143,0,0,0,0,0,0,0,0
AMZN,cf_90,counterfactual,0.9,0.0309278,Short,treat_e1,24,0,3.57143,0,0,0,0,0,0,0,0
AMZN,cf_90,counterfactual,0.9,0.0309278,Short,treat_e0.5,24,0,3.57143,0,0,0,0,0,0,0,0
AMZN,cf_90,counterfactual,0.9,0.0309278,Weekend,control,396,2.96677e-18,4.13179,0.252525,0,7.10778e-16,1.17484e-15,1.34433e-14,0,0,0
AMZN,cf_90,counterfactual,0.9,0.0309278,Weekend,treat_e1,396,2.96688e-18,4.05973,0.252525,0,7.10778e-16,1.17484e-15,1.34433e-14,0.0390405,0.00371814,0.0145301
AMZN,cf_90,counterfactual,0.9,0.0309278,Weekend,treat_e0.5,396,2.96682e-18,4.08346,0.252525,0,7.10778e-16,1.17484e-15,1.34433e-14,0.0390405,0.00185907,0.0145301
AMZN,cf_90,counterfactual,0.9,0.0309278,Long,control,61,0,5.30835,0,0,0,0,0,0,0,0
AMZN,cf_90,counterfactual,0.9,0.0309278,Long,treat_e1,61,0,5.15254,0,0,0,0,0,0.0643762,0.00613106,0.00492098
AMZN,cf_90,counterfactual,0.9,0.0309278,Long,treat_e0.5,61,0,5.15238,0,0,0,0,0,0.0643762,0.00306553,0.00492098
AMZN,cf_90,counterfactual,0.9,0.0309278,regular,control,2199,5.34261e-19,4.79179,0.0454752,0,0,1.17484e-15,1.34433e-14,0,0,
AMZN,cf_90,counterfactual,0.9,0.0309278,regular,treat_e1,2199,5.34261e-19,4.79179,0.0454752,0,0,1.17484e-15,1.34433e-14,0,0,
AMZN,cf_90,counterfactual,0.9,0.0309278,regular,treat_e0.5,2199,5.34261e-19,4.79179,0.0454752,0,0,1.17484e-15,1.34433e-14,0,0,
AMZN,cf_93,counterfactual,0.93,0.0214505,blind,control,481,0.00128855,4.25304,0.4158,0,0.310127,0.315659,7.09207,0,0,0
AMZN,cf_93,counterfactual,0.93,0.0214505,blind,treat_e1,481,0.000656418,3.89548,0.4158,0,0.164143,0.315659,3.61199,0.250757,0.0245775,0.119945
AMZN,cf_93,counterfactual,0.93,0.0214505,blind,treat_e0.5,481,0.000656337,3.95518,0.2079,0,0.164143,0.315659,3.61199,0.250757,0.0122888,0.119945
AMZN,cf_93,counterfactual,0.93,0.0214505,Short,control,24,0,3.57143,0,0,0,0,0,0,0,0
AMZN,cf_93,counterfactual,0.93,0.0214505,Short,treat_e1,24,0,3.57143,0,0,0,0,0,0.000462085,4.40081e-05,6.94864e-06
AMZN,cf_93,counterfactual,0.93,0.0214505,Short,treat_e0.5,24,0,3.57143,0,0,0,0,0,0.000462085,2.2004e-05,6.94864e-06
AMZN,cf_93,counterfactual,0.93,0.0214505,Weekend,control,396,0.00156513,4.13179,0.505051,0,0.311106,0.315659,7.09207,0,0,0
AMZN,cf_93,counterfactual,0.93,0.0214505,Weekend,treat_e1,396,0.000797317,3.79395,0.505051,0,0.190974,0.315659,3.61199,0.251441,0.0247314,0.0935813
AMZN,cf_93,counterfactual,0.93,0.0214505,Weekend,treat_e0.5,396,0.000797218,3.84239,0.252525,0,0.190974,0.315659,3.61199,0.251441,0.0123657,0.0935813
AMZN,cf_93,counterfactual,0.93,0.0214505,Long,control,61,0,5.30835,0,0,0,0,0,0,0,0
AMZN,cf_93,counterfactual,0.93,0.0214505,Long,treat_e1,61,0,4.68212,0,0,0,0,0,0.344799,0.0332312,0.0263568
AMZN,cf_93,counterfactual,0.93,0.0214505,Long,treat_e0.5,61,0,4.8384,0,0,0,0,0,0.344799,0.0166156,0.0263568
AMZN,cf_93,counterfactual,0.93,0.0214505,regular,control,2199,0.000234892,4.79179,0.272851,0,1.13694e-15,0.286811,5.91046,0,0,
AMZN,cf_93,counterfactual,0.93,0.0214505,regular,treat_e1,2199,0.000234892,4.79179,0.272851,0,1.13694e-15,0.286811,5.91046,0,0,
AMZN,cf_93,counterfactual,0.93,0.0214505,regular,treat_e0.5,2199,0.000234892,4.79179,0.272851,0,1.13694e-15,0.286811,5.91046,0,0,
AMZN,cf_95,counterfactual,0.95,0.0152284,blind,control,481,0.00286072,4.25304,1.0395,2.22601e-16,0.44882,0.454269,15.7452,0,0,0
AMZN,cf_95,counterfactual,0.95,0.0152284,blind,treat_e1,481,0.00126453,3.16214,0.623701,0,0.310001,0.454269,6.9569,0.814978,0.082001,0.384212
AMZN,cf_95,counterfactual,0.95,0.0152284,blind,treat_e0.5,481,0.00183545,3.45738,0.831601,0,0.347535,0.454269,10.1058,0.814978,0.0410005,0.384212
AMZN,cf_95,counterfactual,0.95,0.0152284,Short,control,24,0,3.57143,0,0,0,0,0,0,0,0
AMZN,cf_95,counterfactual,0.95,0.0152284,Short,treat_e1,24,0,3.56845,0,0,0,0,0,0.150003,0.014286,0.00225569
AMZN,cf_95,counterfactual,0.95,0.0152284,Short,treat_e0.5,24,0,3.56994,0,0,0,0,0,0.150003,0.00714302,0.00225569
AMZN,cf_95,counterfactual,0.95,0.0152284,Weekend,control,396,0.00347476,4.13179,1.26263,0.00844205,0.449785,0.454269,15.7452,0,0,0
AMZN,cf_95,counterfactual,0.95,0.0152284,Weekend,treat_e1,396,0.00153599,2.99958,0.757576,0,0.335548,0.454269,6.9569,0.844525,0.0847346,0.314321
AMZN,cf_95,counterfactual,0.95,0.0152284,Weekend,treat_e0.5,396,0.00222945,3.31025,1.0101,5.56852e-17,0.366436,0.454269,10.1058,0.844525,0.0423673,0.314321
AMZN,cf_95,counterfactual,0.95,0.0152284,Long,control,61,0,5.30835,0,0,0,0,0,0,0,0
AMZN,cf_95,counterfactual,0.95,0.0152284,Long,treat_e1,61,0,4.05753,0,0,0,0,0,0.884795,0.0908963,0.0676347
AMZN,cf_95,counterfactual,0.95,0.0152284,Long,treat_e0.5,61,0,4.36825,0,0,0,0,0,0.884795,0.0454482,0.0676347
AMZN,cf_95,counterfactual,0.95,0.0152284,regular,control,2199,0.00137142,4.79179,0.95498,0,0.320825,0.425855,34.5082,0,0,
AMZN,cf_95,counterfactual,0.95,0.0152284,regular,treat_e1,2199,0.00137142,4.79179,0.95498,0,0.320825,0.425855,34.5082,0,0,
AMZN,cf_95,counterfactual,0.95,0.0152284,regular,treat_e0.5,2199,0.00137142,4.79179,0.95498,0,0.320825,0.425855,34.5082,0,0,
GOOGL,morpho_38.5,in_the_wild,0.385,0.15,blind,control,481,0,4.84605,0,0,0,0,0,0,0,0
GOOGL,morpho_38.5,in_the_wild,0.385,0.15,blind,treat_e1,481,0,4.84605,0,0,0,0,0,0,0,0
GOOGL,morpho_38.5,in_the_wild,0.385,0.15,blind,treat_e0.5,481,0,4.84605,0,0,0,0,0,0,0,0
GOOGL,morpho_38.5,in_the_wild,0.385,0.15,Short,control,24,0,4.36508,0,0,0,0,0,0,0,0
GOOGL,morpho_38.5,in_the_wild,0.385,0.15,Short,treat_e1,24,0,4.36508,0,0,0,0,0,0,0,0
GOOGL,morpho_38.5,in_the_wild,0.385,0.15,Short,treat_e0.5,24,0,4.36508,0,0,0,0,0,0,0,0
GOOGL,morpho_38.5,in_the_wild,0.385,0.15,Weekend,control,396,0,4.73184,0,0,0,0,0,0,0,0
GOOGL,morpho_38.5,in_the_wild,0.385,0.15,Weekend,treat_e1,396,0,4.73184,0,0,0,0,0,0,0,0
GOOGL,morpho_38.5,in_the_wild,0.385,0.15,Weekend,treat_e0.5,396,0,4.73184,0,0,0,0,0,0,0,0
GOOGL,morpho_38.5,in_the_wild,0.385,0.15,Long,control,61,0,5.77674,0,0,0,0,0,0,0,0
GOOGL,morpho_38.5,in_the_wild,0.385,0.15,Long,treat_e1,61,0,5.77674,0,0,0,0,0,0,0,0
GOOGL,morpho_38.5,in_the_wild,0.385,0.15,Long,treat_e0.5,61,0,5.77674,0,0,0,0,0,0,0,0
GOOGL,morpho_38.5,in_the_wild,0.385,0.15,regular,control,2199,0,4.48537,0,0,0,0,0,0,0,
GOOGL,morpho_38.5,in_the_wild,0.385,0.15,regular,treat_e1,2199,0,4.48537,0,0,0,0,0,0,0,
GOOGL,morpho_38.5,in_the_wild,0.385,0.15,regular,treat_e0.5,2199,0,4.48537,0,0,0,0,0,0,0,
GOOGL,morpho_62.5,in_the_wild,0.625,0.126761,blind,control,481,0,4.84605,0,0,0,0,0,0,0,0
GOOGL,morpho_62.5,in_the_wild,0.625,0.126761,blind,treat_e1,481,0,4.84605,0,0,0,0,0,0,0,0
GOOGL,morpho_62.5,in_the_wild,0.625,0.126761,blind,treat_e0.5,481,0,4.84605,0,0,0,0,0,0,0,0
GOOGL,morpho_62.5,in_the_wild,0.625,0.126761,Short,control,24,0,4.36508,0,0,0,0,0,0,0,0
GOOGL,morpho_62.5,in_the_wild,0.625,0.126761,Short,treat_e1,24,0,4.36508,0,0,0,0,0,0,0,0
GOOGL,morpho_62.5,in_the_wild,0.625,0.126761,Short,treat_e0.5,24,0,4.36508,0,0,0,0,0,0,0,0
GOOGL,morpho_62.5,in_the_wild,0.625,0.126761,Weekend,control,396,0,4.73184,0,0,0,0,0,0,0,0
GOOGL,morpho_62.5,in_the_wild,0.625,0.126761,Weekend,treat_e1,396,0,4.73184,0,0,0,0,0,0,0,0
GOOGL,morpho_62.5,in_the_wild,0.625,0.126761,Weekend,treat_e0.5,396,0,4.73184,0,0,0,0,0,0,0,0
GOOGL,morpho_62.5,in_the_wild,0.625,0.126761,Long,control,61,0,5.77674,0,0,0,0,0,0,0,0
GOOGL,morpho_62.5,in_the_wild,0.625,0.126761,Long,treat_e1,61,0,5.77674,0,0,0,0,0,0,0,0
GOOGL,morpho_62.5,in_the_wild,0.625,0.126761,Long,treat_e0.5,61,0,5.77674,0,0,0,0,0,0,0,0
GOOGL,morpho_62.5,in_the_wild,0.625,0.126761,regular,control,2199,0,4.48537,0,0,0,0,0,0,0,
GOOGL,morpho_62.5,in_the_wild,0.625,0.126761,regular,treat_e1,2199,0,4.48537,0,0,0,0,0,0,0,
GOOGL,morpho_62.5,in_the_wild,0.625,0.126761,regular,treat_e0.5,2199,0,4.48537,0,0,0,0,0,0,0,
GOOGL,morpho_77,in_the_wild,0.77,0.0741139,blind,control,481,0,4.84605,0,0,0,0,0,0,0,0
GOOGL,morpho_77,in_the_wild,0.77,0.0741139,blind,treat_e1,481,0,4.84605,0,0,0,0,0,0,0,0
GOOGL,morpho_77,in_the_wild,0.77,0.0741139,blind,treat_e0.5,481,0,4.84605,0,0,0,0,0,0,0,0
GOOGL,morpho_77,in_the_wild,0.77,0.0741139,Short,control,24,0,4.36508,0,0,0,0,0,0,0,0
GOOGL,morpho_77,in_the_wild,0.77,0.0741139,Short,treat_e1,24,0,4.36508,0,0,0,0,0,0,0,0
GOOGL,morpho_77,in_the_wild,0.77,0.0741139,Short,treat_e0.5,24,0,4.36508,0,0,0,0,0,0,0,0
GOOGL,morpho_77,in_the_wild,0.77,0.0741139,Weekend,control,396,0,4.73184,0,0,0,0,0,0,0,0
GOOGL,morpho_77,in_the_wild,0.77,0.0741139,Weekend,treat_e1,396,0,4.73184,0,0,0,0,0,0,0,0
GOOGL,morpho_77,in_the_wild,0.77,0.0741139,Weekend,treat_e0.5,396,0,4.73184,0,0,0,0,0,0,0,0
GOOGL,morpho_77,in_the_wild,0.77,0.0741139,Long,control,61,0,5.77674,0,0,0,0,0,0,0,0
GOOGL,morpho_77,in_the_wild,0.77,0.0741139,Long,treat_e1,61,0,5.77674,0,0,0,0,0,0,0,0
GOOGL,morpho_77,in_the_wild,0.77,0.0741139,Long,treat_e0.5,61,0,5.77674,0,0,0,0,0,0,0,0
GOOGL,morpho_77,in_the_wild,0.77,0.0741139,regular,control,2199,0,4.48537,0,0,0,0,0,0,0,
GOOGL,morpho_77,in_the_wild,0.77,0.0741139,regular,treat_e1,2199,0,4.48537,0,0,0,0,0,0,0,
GOOGL,morpho_77,in_the_wild,0.77,0.0741139,regular,treat_e0.5,2199,0,4.48537,0,0,0,0,0,0,0,
GOOGL,morpho_86,in_the_wild,0.86,0.0438413,blind,control,481,0,4.84605,0,0,0,0,0,0,0,0
GOOGL,morpho_86,in_the_wild,0.86,0.0438413,blind,treat_e1,481,0,4.82627,0,0,0,0,0,0.00347629,0.000331075,0.00157152
GOOGL,morpho_86,in_the_wild,0.86,0.0438413,blind,treat_e0.5,481,0,4.84594,0,0,0,0,0,0.00347629,0.000165537,0.00157152
GOOGL,morpho_86,in_the_wild,0.86,0.0438413,Short,control,24,0,4.36508,0,0,0,0,0,0,0,0
GOOGL,morpho_86,in_the_wild,0.86,0.0438413,Short,treat_e1,24,0,4.36508,0,0,0,0,0,0,0,0
GOOGL,morpho_86,in_the_wild,0.86,0.0438413,Short,treat_e0.5,24,0,4.36508,0,0,0,0,0,0,0,0
GOOGL,morpho_86,in_the_wild,0.86,0.0438413,Weekend,control,396,0,4.73184,0,0,0,0,0,0,0,0
GOOGL,morpho_86,in_the_wild,0.86,0.0438413,Weekend,treat_e1,396,0,4.70781,0,0,0,0,0,0.00422246,0.000402139,0.00157152
GOOGL,morpho_86,in_the_wild,0.86,0.0438413,Weekend,treat_e0.5,396,0,4.73171,0,0,0,0,0,0.00422246,0.000201069,0.00157152
GOOGL,morpho_86,in_the_wild,0.86,0.0438413,Long,control,61,0,5.77674,0,0,0,0,0,0,0,0
GOOGL,morpho_86,in_the_wild,0.86,0.0438413,Long,treat_e1,61,0,5.77674,0,0,0,0,0,0,0,0
GOOGL,morpho_86,in_the_wild,0.86,0.0438413,Long,treat_e0.5,61,0,5.77674,0,0,0,0,0,0,0,0
GOOGL,morpho_86,in_the_wild,0.86,0.0438413,regular,control,2199,0,4.48537,0,0,0,0,0,0,0,
GOOGL,morpho_86,in_the_wild,0.86,0.0438413,regular,treat_e1,2199,0,4.48537,0,0,0,0,0,0,0,
GOOGL,morpho_86,in_the_wild,0.86,0.0438413,regular,treat_e0.5,2199,0,4.48537,0,0,0,0,0,0,0,
GOOGL,aave_65,in_the_wild,0.65,0.055,blind,control,481,0,4.84605,0,0,0,0,0,0,0,0
GOOGL,aave_65,in_the_wild,0.65,0.055,blind,treat_e1,481,0,4.84605,0,0,0,0,0,0,0,0
GOOGL,aave_65,in_the_wild,0.65,0.055,blind,treat_e0.5,481,0,4.84605,0,0,0,0,0,0,0,0
GOOGL,aave_65,in_the_wild,0.65,0.055,Short,control,24,0,4.36508,0,0,0,0,0,0,0,0
GOOGL,aave_65,in_the_wild,0.65,0.055,Short,treat_e1,24,0,4.36508,0,0,0,0,0,0,0,0
GOOGL,aave_65,in_the_wild,0.65,0.055,Short,treat_e0.5,24,0,4.36508,0,0,0,0,0,0,0,0
GOOGL,aave_65,in_the_wild,0.65,0.055,Weekend,control,396,0,4.73184,0,0,0,0,0,0,0,0
GOOGL,aave_65,in_the_wild,0.65,0.055,Weekend,treat_e1,396,0,4.73184,0,0,0,0,0,0,0,0
GOOGL,aave_65,in_the_wild,0.65,0.055,Weekend,treat_e0.5,396,0,4.73184,0,0,0,0,0,0,0,0
GOOGL,aave_65,in_the_wild,0.65,0.055,Long,control,61,0,5.77674,0,0,0,0,0,0,0,0
GOOGL,aave_65,in_the_wild,0.65,0.055,Long,treat_e1,61,0,5.77674,0,0,0,0,0,0,0,0
GOOGL,aave_65,in_the_wild,0.65,0.055,Long,treat_e0.5,61,0,5.77674,0,0,0,0,0,0,0,0
GOOGL,aave_65,in_the_wild,0.65,0.055,regular,control,2199,0,4.48537,0,0,0,0,0,0,0,
GOOGL,aave_65,in_the_wild,0.65,0.055,regular,treat_e1,2199,0,4.48537,0,0,0,0,0,0,0,
GOOGL,aave_65,in_the_wild,0.65,0.055,regular,treat_e0.5,2199,0,4.48537,0,0,0,0,0,0,0,
GOOGL,aave_79,in_the_wild,0.79,0.055,blind,control,481,0,4.84605,0,0,0,0,0,0,0,0
GOOGL,aave_79,in_the_wild,0.79,0.055,blind,treat_e1,481,0,4.84605,0,0,0,0,0,0,0,0
GOOGL,aave_79,in_the_wild,0.79,0.055,blind,treat_e0.5,481,0,4.84605,0,0,0,0,0,0,0,0
GOOGL,aave_79,in_the_wild,0.79,0.055,Short,control,24,0,4.36508,0,0,0,0,0,0,0,0
GOOGL,aave_79,in_the_wild,0.79,0.055,Short,treat_e1,24,0,4.36508,0,0,0,0,0,0,0,0
GOOGL,aave_79,in_the_wild,0.79,0.055,Short,treat_e0.5,24,0,4.36508,0,0,0,0,0,0,0,0
GOOGL,aave_79,in_the_wild,0.79,0.055,Weekend,control,396,0,4.73184,0,0,0,0,0,0,0,0
GOOGL,aave_79,in_the_wild,0.79,0.055,Weekend,treat_e1,396,0,4.73184,0,0,0,0,0,0,0,0
GOOGL,aave_79,in_the_wild,0.79,0.055,Weekend,treat_e0.5,396,0,4.73184,0,0,0,0,0,0,0,0
GOOGL,aave_79,in_the_wild,0.79,0.055,Long,control,61,0,5.77674,0,0,0,0,0,0,0,0
GOOGL,aave_79,in_the_wild,0.79,0.055,Long,treat_e1,61,0,5.77674,0,0,0,0,0,0,0,0
GOOGL,aave_79,in_the_wild,0.79,0.055,Long,treat_e0.5,61,0,5.77674,0,0,0,0,0,0,0,0
GOOGL,aave_79,in_the_wild,0.79,0.055,regular,control,2199,0,4.48537,0,0,0,0,0,0,0,
GOOGL,aave_79,in_the_wild,0.79,0.055,regular,treat_e1,2199,0,4.48537,0,0,0,0,0,0,0,
GOOGL,aave_79,in_the_wild,0.79,0.055,regular,treat_e0.5,2199,0,4.48537,0,0,0,0,0,0,0,
GOOGL,cf_90,counterfactual,0.9,0.0309278,blind,control,481,0.000650814,4.84605,0.2079,0,0.162782,0.313042,3.58203,0,0,0
GOOGL,cf_90,counterfactual,0.9,0.0309278,blind,treat_e1,481,0.000628895,4.72747,0.2079,0,0.157306,0.302511,3.46153,0.0669618,0.00649665,0.0319056
GOOGL,cf_90,counterfactual,0.9,0.0309278,blind,treat_e0.5,481,0.000639855,4.74704,0.2079,0,0.160044,0.307776,3.52178,0.0669618,0.00324833,0.0319056
GOOGL,cf_90,counterfactual,0.9,0.0309278,Short,control,24,0,4.36508,0,0,0,0,0,0,0,0
GOOGL,cf_90,counterfactual,0.9,0.0309278,Short,treat_e1,24,0,4.36508,0,0,0,0,0,0,0,0
GOOGL,cf_90,counterfactual,0.9,0.0309278,Short,treat_e0.5,24,0,4.36508,0,0,0,0,0,0,0,0
GOOGL,cf_90,counterfactual,0.9,0.0309278,Weekend,control,396,0.000790509,4.73184,0.252525,0,0.18939,0.313042,3.58203,0,0,0
GOOGL,cf_90,counterfactual,0.9,0.0309278,Weekend,treat_e1,396,0.000763886,4.61178,0.252525,0,0.183019,0.302511,3.46153,0.0681614,0.00663652,0.0253684
GOOGL,cf_90,counterfactual,0.9,0.0309278,Weekend,treat_e0.5,396,0.000777198,4.63559,0.252525,0,0.186205,0.307776,3.52178,0.0681614,0.00331826,0.0253684
GOOGL,cf_90,counterfactual,0.9,0.0309278,Long,control,61,0,5.77674,0,0,0,0,0,0,0,0
GOOGL,cf_90,counterfactual,0.9,0.0309278,Long,treat_e1,61,0,5.62107,0,0,0,0,0,0.0855197,0.00814473,0.00653722
GOOGL,cf_90,counterfactual,0.9,0.0309278,Long,treat_e0.5,61,0,5.62084,0,0,0,0,0,0.0855197,0.00407237,0.00653722
GOOGL,cf_90,counterfactual,0.9,0.0309278,regular,control,2199,0,4.48537,0,0,0,0,0,0,0,
GOOGL,cf_90,counterfactual,0.9,0.0309278,regular,treat_e1,2199,0,4.48537,0,0,0,0,0,0,0,
GOOGL,cf_90,counterfactual,0.9,0.0309278,regular,treat_e0.5,2199,0,4.48537,0,0,0,0,0,0,0,
GOOGL,cf_93,counterfactual,0.93,0.0214505,blind,control,481,0.00151365,4.84605,0.623701,0,0.370571,0.527459,8.33104,0,0,0
GOOGL,cf_93,counterfactual,0.93,0.0214505,blind,treat_e1,481,0.000853877,4.58886,0.623701,0,0.205849,0.210686,4.70631,0.196574,0.0216196,0.0934446
GOOGL,cf_93,counterfactual,0.93,0.0214505,blind,treat_e0.5,481,0.0011838,4.62797,0.623701,0,0.288341,0.369324,6.52156,0.196574,0.0108098,0.0934446
GOOGL,cf_93,counterfactual,0.93,0.0214505,Short,control,24,0,4.36508,0,0,0,0,0,0,0,0
GOOGL,cf_93,counterfactual,0.93,0.0214505,Short,treat_e1,24,0,4.36508,0,0,0,0,0,0,0,0
GOOGL,cf_93,counterfactual,0.93,0.0214505,Short,treat_e0.5,24,0,4.36508,0,0,0,0,0,0,0,0
GOOGL,cf_93,counterfactual,0.93,0.0214505,Weekend,control,396,0.00183856,4.73184,0.757576,0,0.398353,0.527459,8.33104,0,0,0
GOOGL,cf_93,counterfactual,0.93,0.0214505,Weekend,treat_e1,396,0.00103716,4.46736,0.757576,0,0.206706,0.210686,4.70631,0.201854,0.0221481,0.075126
GOOGL,cf_93,counterfactual,0.93,0.0214505,Weekend,treat_e0.5,396,0.0014379,4.49105,0.757576,0,0.302682,0.369324,6.52156,0.201854,0.0110741,0.075126
GOOGL,cf_93,counterfactual,0.93,0.0214505,Long,control,61,0,5.77674,0,0,0,0,0,0,0,0
GOOGL,cf_93,counterfactual,0.93,0.0214505,Long,treat_e1,61,0,5.46576,0,0,0,0,0,0.239643,0.0266951,0.0183186
GOOGL,cf_93,counterfactual,0.93,0.0214505,Long,treat_e0.5,61,0,5.62027,0,0,0,0,0,0.239643,0.0133475,0.0183186
GOOGL,cf_93,counterfactual,0.93,0.0214505,regular,control,2199,0.000124695,4.48537,0.136426,0,9.11827e-16,0.274203,3.13762,0,0,
GOOGL,cf_93,counterfactual,0.93,0.0214505,regular,treat_e1,2199,0.000124695,4.48537,0.136426,0,9.11827e-16,0.274203,3.13762,0,0,
GOOGL,cf_93,counterfactual,0.93,0.0214505,regular,treat_e0.5,2199,0.000124695,4.48537,0.136426,0,9.11827e-16,0.274203,3.13762,0,0,
GOOGL,cf_95,counterfactual,0.95,0.0152284,blind,control,481,0.00312033,4.84605,0.831601,0,0.605433,0.849571,17.1741,0,0,0
GOOGL,cf_95,counterfactual,0.95,0.0152284,blind,treat_e1,481,0.00169831,3.75406,0.831601,0,0.307741,0.310358,9.36316,0.656374,0.0693222,0.310177
GOOGL,cf_95,counterfactual,0.95,0.0152284,blind,treat_e0.5,481,0.00240957,4.13014,0.831601,0,0.449524,0.577985,13.2777,0.656374,0.0346611,0.310177
GOOGL,cf_95,counterfactual,0.95,0.0152284,Short,control,24,0,4.36508,0,0,0,0,0,0,0,0
GOOGL,cf_95,counterfactual,0.95,0.0152284,Short,treat_e1,24,0,4.36516,0,0,0,0,0,0.0193481,0.00184268,0.000290949
GOOGL,cf_95,counterfactual,0.95,0.0152284,Short,treat_e0.5,24,0,4.36512,0,0,0,0,0,0.0193481,0.000921339,0.000290949
GOOGL,cf_95,counterfactual,0.95,0.0152284,Weekend,control,396,0.0037901,4.73184,1.0101,5.56503e-17,0.648666,0.849571,17.1741,0,0,0
GOOGL,cf_95,counterfactual,0.95,0.0152284,Weekend,treat_e1,396,0.00206291,3.57459,1.0101,5.56503e-17,0.308205,0.310358,9.36316,0.686363,0.0723249,0.255435
GOOGL,cf_95,counterfactual,0.95,0.0152284,Weekend,treat_e0.5,396,0.00292682,3.98324,1.0101,5.56503e-17,0.472272,0.577985,13.2777,0.686363,0.0361624,0.255435
GOOGL,cf_95,counterfactual,0.95,0.0152284,Long,control,61,0,5.77674,0,0,0,0,0,0,0,0
GOOGL,cf_95,counterfactual,0.95,0.0152284,Long,treat_e1,61,0,4.67856,0,0,0,0,0,0.712328,0.0763785,0.0544511
GOOGL,cf_95,counterfactual,0.95,0.0152284,Long,treat_e0.5,61,0,4.99134,0,0,0,0,0,0.712328,0.0381893,0.0544511
GOOGL,cf_95,counterfactual,0.95,0.0152284,regular,control,2199,0.00068544,4.48537,0.682128,0,0.194776,0.413437,17.2473,0,0,
GOOGL,cf_95,counterfactual,0.95,0.0152284,regular,treat_e1,2199,0.00068544,4.48537,0.682128,0,0.194776,0.413437,17.2473,0,0,
GOOGL,cf_95,counterfactual,0.95,0.0152284,regular,treat_e0.5,2199,0.00068544,4.48537,0.682128,0,0.194776,0.413437,17.2473,0,0,
META,morpho_38.5,in_the_wild,0.385,0.15,blind,control,481,0,4.88565,0,0,0,0,0,0,0,0
META,morpho_38.5,in_the_wild,0.385,0.15,blind,treat_e1,481,0,4.88565,0,0,0,0,0,0,0,0
META,morpho_38.5,in_the_wild,0.385,0.15,blind,treat_e0.5,481,0,4.88565,0,0,0,0,0,0,0,0
META,morpho_38.5,in_the_wild,0.385,0.15,Short,control,24,0,4.36508,0,0,0,0,0,0,0,0
META,morpho_38.5,in_the_wild,0.385,0.15,Short,treat_e1,24,0,4.36508,0,0,0,0,0,0,0,0
META,morpho_38.5,in_the_wild,0.385,0.15,Short,treat_e0.5,24,0,4.36508,0,0,0,0,0,0,0,0
META,morpho_38.5,in_the_wild,0.385,0.15,Weekend,control,396,0,4.80399,0,0,0,0,0,0,0,0
META,morpho_38.5,in_the_wild,0.385,0.15,Weekend,treat_e1,396,0,4.80399,0,0,0,0,0,0,0,0
META,morpho_38.5,in_the_wild,0.385,0.15,Weekend,treat_e0.5,396,0,4.80399,0,0,0,0,0,0,0,0
META,morpho_38.5,in_the_wild,0.385,0.15,Long,control,61,0,5.62061,0,0,0,0,0,0,0,0
META,morpho_38.5,in_the_wild,0.385,0.15,Long,treat_e1,61,0,5.62061,0,0,0,0,0,0,0,0
META,morpho_38.5,in_the_wild,0.385,0.15,Long,treat_e0.5,61,0,5.62061,0,0,0,0,0,0,0,0
META,morpho_38.5,in_the_wild,0.385,0.15,regular,control,2199,0,4.73808,0,0,0,0,0,0,0,
META,morpho_38.5,in_the_wild,0.385,0.15,regular,treat_e1,2199,0,4.73808,0,0,0,0,0,0,0,
META,morpho_38.5,in_the_wild,0.385,0.15,regular,treat_e0.5,2199,0,4.73808,0,0,0,0,0,0,0,
META,morpho_62.5,in_the_wild,0.625,0.126761,blind,control,481,0,4.88565,0,0,0,0,0,0,0,0
META,morpho_62.5,in_the_wild,0.625,0.126761,blind,treat_e1,481,0,4.88565,0,0,0,0,0,0,0,0
META,morpho_62.5,in_the_wild,0.625,0.126761,blind,treat_e0.5,481,0,4.88565,0,0,0,0,0,0,0,0
META,morpho_62.5,in_the_wild,0.625,0.126761,Short,control,24,0,4.36508,0,0,0,0,0,0,0,0
META,morpho_62.5,in_the_wild,0.625,0.126761,Short,treat_e1,24,0,4.36508,0,0,0,0,0,0,0,0
META,morpho_62.5,in_the_wild,0.625,0.126761,Short,treat_e0.5,24,0,4.36508,0,0,0,0,0,0,0,0
META,morpho_62.5,in_the_wild,0.625,0.126761,Weekend,control,396,0,4.80399,0,0,0,0,0,0,0,0
META,morpho_62.5,in_the_wild,0.625,0.126761,Weekend,treat_e1,396,0,4.80399,0,0,0,0,0,0,0,0
META,morpho_62.5,in_the_wild,0.625,0.126761,Weekend,treat_e0.5,396,0,4.80399,0,0,0,0,0,0,0,0
META,morpho_62.5,in_the_wild,0.625,0.126761,Long,control,61,0,5.62061,0,0,0,0,0,0,0,0
META,morpho_62.5,in_the_wild,0.625,0.126761,Long,treat_e1,61,0,5.62061,0,0,0,0,0,0,0,0
META,morpho_62.5,in_the_wild,0.625,0.126761,Long,treat_e0.5,61,0,5.62061,0,0,0,0,0,0,0,0
META,morpho_62.5,in_the_wild,0.625,0.126761,regular,control,2199,0,4.73808,0,0,0,0,0,0,0,
META,morpho_62.5,in_the_wild,0.625,0.126761,regular,treat_e1,2199,0,4.73808,0,0,0,0,0,0,0,
META,morpho_62.5,in_the_wild,0.625,0.126761,regular,treat_e0.5,2199,0,4.73808,0,0,0,0,0,0,0,
META,morpho_77,in_the_wild,0.77,0.0741139,blind,control,481,0,4.88565,0,0,0,0,0,0,0,0
META,morpho_77,in_the_wild,0.77,0.0741139,blind,treat_e1,481,0,4.88565,0,0,0,0,0,0,0,0
META,morpho_77,in_the_wild,0.77,0.0741139,blind,treat_e0.5,481,0,4.88565,0,0,0,0,0,0,0,0
META,morpho_77,in_the_wild,0.77,0.0741139,Short,control,24,0,4.36508,0,0,0,0,0,0,0,0
META,morpho_77,in_the_wild,0.77,0.0741139,Short,treat_e1,24,0,4.36508,0,0,0,0,0,0,0,0
META,morpho_77,in_the_wild,0.77,0.0741139,Short,treat_e0.5,24,0,4.36508,0,0,0,0,0,0,0,0
META,morpho_77,in_the_wild,0.77,0.0741139,Weekend,control,396,0,4.80399,0,0,0,0,0,0,0,0
META,morpho_77,in_the_wild,0.77,0.0741139,Weekend,treat_e1,396,0,4.80399,0,0,0,0,0,0,0,0
META,morpho_77,in_the_wild,0.77,0.0741139,Weekend,treat_e0.5,396,0,4.80399,0,0,0,0,0,0,0,0
META,morpho_77,in_the_wild,0.77,0.0741139,Long,control,61,0,5.62061,0,0,0,0,0,0,0,0
META,morpho_77,in_the_wild,0.77,0.0741139,Long,treat_e1,61,0,5.62061,0,0,0,0,0,0,0,0
META,morpho_77,in_the_wild,0.77,0.0741139,Long,treat_e0.5,61,0,5.62061,0,0,0,0,0,0,0,0
META,morpho_77,in_the_wild,0.77,0.0741139,regular,control,2199,0,4.73808,0,0,0,0,0,0,0,
META,morpho_77,in_the_wild,0.77,0.0741139,regular,treat_e1,2199,0,4.73808,0,0,0,0,0,0,0,
META,morpho_77,in_the_wild,0.77,0.0741139,regular,treat_e0.5,2199,0,4.73808,0,0,0,0,0,0,0,
META,morpho_86,in_the_wild,0.86,0.0438413,blind,control,481,0,4.88565,0,0,0,0,0,0,0,0
META,morpho_86,in_the_wild,0.86,0.0438413,blind,treat_e1,481,0,4.86587,0,0,0,0,0,0.00259998,0.000247618,0.00117537
META,morpho_86,in_the_wild,0.86,0.0438413,blind,treat_e0.5,481,0,4.86586,0,0,0,0,0,0.00259998,0.000123809,0.00117537
META,morpho_86,in_the_wild,0.86,0.0438413,Short,control,24,0,4.36508,0,0,0,0,0,0,0,0
META,morpho_86,in_the_wild,0.86,0.0438413,Short,treat_e1,24,0,4.36508,0,0,0,0,0,0,0,0
META,morpho_86,in_the_wild,0.86,0.0438413,Short,treat_e0.5,24,0,4.36508,0,0,0,0,0,0,0,0
META,morpho_86,in_the_wild,0.86,0.0438413,Weekend,control,396,0,4.80399,0,0,0,0,0,0,0,0
META,morpho_86,in_the_wild,0.86,0.0438413,Weekend,treat_e1,396,0,4.77996,0,0,0,0,0,0.00315806,0.000300768,0.00117537
META,morpho_86,in_the_wild,0.86,0.0438413,Weekend,treat_e0.5,396,0,4.77995,0,0,0,0,0,0.00315806,0.000150384,0.00117537
META,morpho_86,in_the_wild,0.86,0.0438413,Long,control,61,0,5.62061,0,0,0,0,0,0,0,0
META,morpho_86,in_the_wild,0.86,0.0438413,Long,treat_e1,61,0,5.62061,0,0,0,0,0,0,0,0
META,morpho_86,in_the_wild,0.86,0.0438413,Long,treat_e0.5,61,0,5.62061,0,0,0,0,0,0,0,0
META,morpho_86,in_the_wild,0.86,0.0438413,regular,control,2199,0,4.73808,0,0,0,0,0,0,0,
META,morpho_86,in_the_wild,0.86,0.0438413,regular,treat_e1,2199,0,4.73808,0,0,0,0,0,0,0,
META,morpho_86,in_the_wild,0.86,0.0438413,regular,treat_e0.5,2199,0,4.73808,0,0,0,0,0,0,0,
META,aave_65,in_the_wild,0.65,0.055,blind,control,481,0,4.88565,0,0,0,0,0,0,0,0
META,aave_65,in_the_wild,0.65,0.055,blind,treat_e1,481,0,4.88565,0,0,0,0,0,0,0,0
META,aave_65,in_the_wild,0.65,0.055,blind,treat_e0.5,481,0,4.88565,0,0,0,0,0,0,0,0
META,aave_65,in_the_wild,0.65,0.055,Short,control,24,0,4.36508,0,0,0,0,0,0,0,0
META,aave_65,in_the_wild,0.65,0.055,Short,treat_e1,24,0,4.36508,0,0,0,0,0,0,0,0
META,aave_65,in_the_wild,0.65,0.055,Short,treat_e0.5,24,0,4.36508,0,0,0,0,0,0,0,0
META,aave_65,in_the_wild,0.65,0.055,Weekend,control,396,0,4.80399,0,0,0,0,0,0,0,0
META,aave_65,in_the_wild,0.65,0.055,Weekend,treat_e1,396,0,4.80399,0,0,0,0,0,0,0,0
META,aave_65,in_the_wild,0.65,0.055,Weekend,treat_e0.5,396,0,4.80399,0,0,0,0,0,0,0,0
META,aave_65,in_the_wild,0.65,0.055,Long,control,61,0,5.62061,0,0,0,0,0,0,0,0
META,aave_65,in_the_wild,0.65,0.055,Long,treat_e1,61,0,5.62061,0,0,0,0,0,0,0,0
META,aave_65,in_the_wild,0.65,0.055,Long,treat_e0.5,61,0,5.62061,0,0,0,0,0,0,0,0
META,aave_65,in_the_wild,0.65,0.055,regular,control,2199,0,4.73808,0,0,0,0,0,0,0,
META,aave_65,in_the_wild,0.65,0.055,regular,treat_e1,2199,0,4.73808,0,0,0,0,0,0,0,
META,aave_65,in_the_wild,0.65,0.055,regular,treat_e0.5,2199,0,4.73808,0,0,0,0,0,0,0,
META,aave_79,in_the_wild,0.79,0.055,blind,control,481,0,4.88565,0,0,0,0,0,0,0,0
META,aave_79,in_the_wild,0.79,0.055,blind,treat_e1,481,0,4.88565,0,0,0,0,0,0,0,0
META,aave_79,in_the_wild,0.79,0.055,blind,treat_e0.5,481,0,4.88565,0,0,0,0,0,0,0,0
META,aave_79,in_the_wild,0.79,0.055,Short,control,24,0,4.36508,0,0,0,0,0,0,0,0
META,aave_79,in_the_wild,0.79,0.055,Short,treat_e1,24,0,4.36508,0,0,0,0,0,0,0,0
META,aave_79,in_the_wild,0.79,0.055,Short,treat_e0.5,24,0,4.36508,0,0,0,0,0,0,0,0
META,aave_79,in_the_wild,0.79,0.055,Weekend,control,396,0,4.80399,0,0,0,0,0,0,0,0
META,aave_79,in_the_wild,0.79,0.055,Weekend,treat_e1,396,0,4.80399,0,0,0,0,0,0,0,0
META,aave_79,in_the_wild,0.79,0.055,Weekend,treat_e0.5,396,0,4.80399,0,0,0,0,0,0,0,0
META,aave_79,in_the_wild,0.79,0.055,Long,control,61,0,5.62061,0,0,0,0,0,0,0,0
META,aave_79,in_the_wild,0.79,0.055,Long,treat_e1,61,0,5.62061,0,0,0,0,0,0,0,0
META,aave_79,in_the_wild,0.79,0.055,Long,treat_e0.5,61,0,5.62061,0,0,0,0,0,0,0,0
META,aave_79,in_the_wild,0.79,0.055,regular,control,2199,0,4.73808,0,0,0,0,0,0,0,
META,aave_79,in_the_wild,0.79,0.055,regular,treat_e1,2199,0,4.73808,0,0,0,0,0,0,0,
META,aave_79,in_the_wild,0.79,0.055,regular,treat_e0.5,2199,0,4.73808,0,0,0,0,0,0,0,
META,cf_90,counterfactual,0.9,0.0309278,blind,control,481,0.00071081,4.88565,0.2079,0,0.177788,0.3419,3.91224,0,0,0
META,cf_90,counterfactual,0.9,0.0309278,blind,treat_e1,481,0.000710854,4.76714,0.2079,0,0.177788,0.3419,3.91224,0.0636626,0.00614693,0.0303286
META,cf_90,counterfactual,0.9,0.0309278,blind,treat_e0.5,481,0.000710832,4.78676,0.2079,0,0.177788,0.3419,3.91224,0.0636626,0.00307347,0.0303286
META,cf_90,counterfactual,0.9,0.0309278,Short,control,24,0,4.36508,0,0,0,0,0,0,0,0
META,cf_90,counterfactual,0.9,0.0309278,Short,treat_e1,24,0,4.36508,0,0,0,0,0,0,0,0
META,cf_90,counterfactual,0.9,0.0309278,Short,treat_e0.5,24,0,4.36508,0,0,0,0,0,0,0,0
META,cf_90,counterfactual,0.9,0.0309278,Weekend,control,396,0.000863383,4.80399,0.252525,0,0.206849,0.3419,3.91224,0,0,0
META,cf_90,counterfactual,0.9,0.0309278,Weekend,treat_e1,396,0.000863437,4.68402,0.252525,0,0.206849,0.3419,3.91224,0.064843,0.00627735,0.0241333
META,cf_90,counterfactual,0.9,0.0309278,Weekend,treat_e0.5,396,0.00086341,4.7079,0.252525,0,0.206849,0.3419,3.91224,0.064843,0.00313867,0.0241333
META,cf_90,counterfactual,0.9,0.0309278,Long,control,61,0,5.62061,0,0,0,0,0,0,0,0
META,cf_90,counterfactual,0.9,0.0309278,Long,treat_e1,61,0,5.4649,0,0,0,0,0,0.0810471,0.00771877,0.00619533
META,cf_90,counterfactual,0.9,0.0309278,Long,treat_e0.5,61,0,5.46469,0,0,0,0,0,0.0810471,0.00385939,0.00619533
META,cf_90,counterfactual,0.9,0.0309278,regular,control,2199,0,4.73808,0,0,0,0,0,0,0,
META,cf_90,counterfactual,0.9,0.0309278,regular,treat_e1,2199,0,4.73808,0,0,0,0,0,0,0,
META,cf_90,counterfactual,0.9,0.0309278,regular,treat_e0.5,2199,0,4.73808,0,0,0,0,0,0,0,
META,cf_93,counterfactual,0.93,0.0214505,blind,control,481,0.00168287,4.88565,0.623701,0,0.410766,0.555645,9.26237,0,0,0
META,cf_93,counterfactual,0.93,0.0214505,blind,treat_e1,481,0.00118455,4.46949,0.623701,0,0.286442,0.316561,6.5266,0.259244,0.0273405,0.12372
META,cf_93,counterfactual,0.93,0.0214505,blind,treat_e0.5,481,0.00143374,4.56786,0.623701,0,0.348679,0.436247,7.89613,0.259244,0.0136703,0.12372
META,cf_93,counterfactual,0.93,0.0214505,Short,control,24,0,4.36508,0,0,0,0,0,0,0,0
META,cf_93,counterfactual,0.93,0.0214505,Short,treat_e1,24,0,4.36508,0,0,0,0,0,0,0,0
META,cf_93,counterfactual,0.93,0.0214505,Short,treat_e0.5,24,0,4.36508,0,0,0,0,0,0,0,0
META,cf_93,counterfactual,0.93,0.0214505,Weekend,control,396,0.00204409,4.80399,0.757576,0,0.436422,0.555645,9.26237,0,0,0
META,cf_93,counterfactual,0.93,0.0214505,Weekend,treat_e1,396,0.00143882,4.37069,0.757576,0,0.291775,0.316561,6.5266,0.262302,0.0276513,0.0976237
META,cf_93,counterfactual,0.93,0.0214505,Weekend,treat_e0.5,396,0.00174149,4.49015,0.757576,0,0.364185,0.436247,7.89613,0.262302,0.0138256,0.0976237
META,cf_93,counterfactual,0.93,0.0214505,Long,control,61,0,5.62061,0,0,0,0,0,0,0,0
META,cf_93,counterfactual,0.93,0.0214505,Long,treat_e1,61,0,5.15204,0,0,0,0,0,0.341386,0.0360803,0.026096
META,cf_93,counterfactual,0.93,0.0214505,Long,treat_e0.5,61,0,5.15213,0,0,0,0,0,0.341386,0.0180402,0.026096
META,cf_93,counterfactual,0.93,0.0214505,regular,control,2199,9.63416e-05,4.73808,0.318327,0,1.13694e-15,0.211855,2.42419,0,0,
META,cf_93,counterfactual,0.93,0.0214505,regular,treat_e1,2199,9.63416e-05,4.73808,0.318327,0,1.13694e-15,0.211855,2.42419,0,0,
META,cf_93,counterfactual,0.93,0.0214505,regular,treat_e0.5,2199,9.63416e-05,4.73808,0.318327,0,1.13694e-15,0.211855,2.42419,0,0,
META,cf_95,counterfactual,0.95,0.0152284,blind,control,481,0.00327257,4.88565,0.623701,0,0.659459,0.905095,18.012,0,0,0
META,cf_95,counterfactual,0.95,0.0152284,blind,treat_e1,481,0.00214844,3.59493,0.623701,0,0.434174,0.471853,11.8409,0.777692,0.0805763,0.368541
META,cf_95,counterfactual,0.95,0.0152284,blind,treat_e0.5,481,0.00271073,3.93108,0.623701,0,0.547062,0.688947,14.9322,0.777692,0.0402881,0.368541
META,cf_95,counterfactual,0.95,0.0152284,Short,control,24,0,4.36508,0,0,0,0,0,0,0,0
META,cf_95,counterfactual,0.95,0.0152284,Short,treat_e1,24,0,4.36442,0,0,0,0,0,0.067041,0.00638485,0.00100813
META,cf_95,counterfactual,0.95,0.0152284,Short,treat_e0.5,24,0,4.36475,0,0,0,0,0,0.067041,0.00319243,0.00100813
META,cf_95,counterfactual,0.95,0.0152284,Weekend,control,396,0.00397502,4.80399,0.757576,0,0.702957,0.905095,18.012,0,0,0
META,cf_95,counterfactual,0.95,0.0152284,Weekend,treat_e1,396,0.00260965,3.50133,0.757576,0,0.440846,0.471853,11.8409,0.799844,0.0827815,0.297705
META,cf_95,counterfactual,0.95,0.0152284,Weekend,treat_e0.5,396,0.00329262,3.81387,0.757576,0,0.572188,0.688947,14.9322,0.799844,0.0413908,0.297705
META,cf_95,counterfactual,0.95,0.0152284,Long,control,61,0,5.62061,0,0,0,0,0,0,0,0
META,cf_95,counterfactual,0.95,0.0152284,Long,treat_e1,61,0,3.89966,0,0,0,0,0,0.913482,0.0954501,0.0698276
META,cf_95,counterfactual,0.95,0.0152284,Long,treat_e0.5,61,0,4.5213,0,0,0,0,0,0.913482,0.047725,0.0698276
META,cf_95,counterfactual,0.95,0.0152284,regular,control,2199,0.0019956,4.73808,1.40973,1.11301e-15,0.2982,0.352028,50.2142,0,0,
META,cf_95,counterfactual,0.95,0.0152284,regular,treat_e1,2199,0.0019956,4.73808,1.40973,1.11301e-15,0.2982,0.352028,50.2142,0,0,
META,cf_95,counterfactual,0.95,0.0152284,regular,treat_e0.5,2199,0.0019956,4.73808,1.40973,1.11301e-15,0.2982,0.352028,50.2142,0,0,
JPM,morpho_38.5,in_the_wild,0.385,0.15,blind,control,481,0,4.70349,0,0,0,0,0,0,0,0
JPM,morpho_38.5,in_the_wild,0.385,0.15,blind,treat_e1,481,0,4.70349,0,0,0,0,0,0,0,0
JPM,morpho_38.5,in_the_wild,0.385,0.15,blind,treat_e0.5,481,0,4.70349,0,0,0,0,0,0,0,0
JPM,morpho_38.5,in_the_wild,0.385,0.15,Short,control,24,0,5.15873,0,0,0,0,0,0,0,0
JPM,morpho_38.5,in_the_wild,0.385,0.15,Short,treat_e1,24,0,5.15873,0,0,0,0,0,0,0,0
JPM,morpho_38.5,in_the_wild,0.385,0.15,Short,treat_e0.5,24,0,5.15873,0,0,0,0,0,0,0,0
JPM,morpho_38.5,in_the_wild,0.385,0.15,Weekend,control,396,0,4.55868,0,0,0,0,0,0,0,0
JPM,morpho_38.5,in_the_wild,0.385,0.15,Weekend,treat_e1,396,0,4.55868,0,0,0,0,0,0,0,0
JPM,morpho_38.5,in_the_wild,0.385,0.15,Weekend,treat_e0.5,396,0,4.55868,0,0,0,0,0,0,0,0
JPM,morpho_38.5,in_the_wild,0.385,0.15,Long,control,61,0,5.46448,0,0,0,0,0,0,0,0
JPM,morpho_38.5,in_the_wild,0.385,0.15,Long,treat_e1,61,0,5.46448,0,0,0,0,0,0,0,0
JPM,morpho_38.5,in_the_wild,0.385,0.15,Long,treat_e0.5,61,0,5.46448,0,0,0,0,0,0,0,0
JPM,morpho_38.5,in_the_wild,0.385,0.15,regular,control,2199,0,4.62938,0,0,0,0,0,0,0,
JPM,morpho_38.5,in_the_wild,0.385,0.15,regular,treat_e1,2199,0,4.62938,0,0,0,0,0,0,0,
JPM,morpho_38.5,in_the_wild,0.385,0.15,regular,treat_e0.5,2199,0,4.62938,0,0,0,0,0,0,0,
JPM,morpho_62.5,in_the_wild,0.625,0.126761,blind,control,481,0,4.70349,0,0,0,0,0,0,0,0
JPM,morpho_62.5,in_the_wild,0.625,0.126761,blind,treat_e1,481,0,4.70349,0,0,0,0,0,0,0,0
JPM,morpho_62.5,in_the_wild,0.625,0.126761,blind,treat_e0.5,481,0,4.70349,0,0,0,0,0,0,0,0
JPM,morpho_62.5,in_the_wild,0.625,0.126761,Short,control,24,0,5.15873,0,0,0,0,0,0,0,0
JPM,morpho_62.5,in_the_wild,0.625,0.126761,Short,treat_e1,24,0,5.15873,0,0,0,0,0,0,0,0
JPM,morpho_62.5,in_the_wild,0.625,0.126761,Short,treat_e0.5,24,0,5.15873,0,0,0,0,0,0,0,0
JPM,morpho_62.5,in_the_wild,0.625,0.126761,Weekend,control,396,0,4.55868,0,0,0,0,0,0,0,0
JPM,morpho_62.5,in_the_wild,0.625,0.126761,Weekend,treat_e1,396,0,4.55868,0,0,0,0,0,0,0,0
JPM,morpho_62.5,in_the_wild,0.625,0.126761,Weekend,treat_e0.5,396,0,4.55868,0,0,0,0,0,0,0,0
JPM,morpho_62.5,in_the_wild,0.625,0.126761,Long,control,61,0,5.46448,0,0,0,0,0,0,0,0
JPM,morpho_62.5,in_the_wild,0.625,0.126761,Long,treat_e1,61,0,5.46448,0,0,0,0,0,0,0,0
JPM,morpho_62.5,in_the_wild,0.625,0.126761,Long,treat_e0.5,61,0,5.46448,0,0,0,0,0,0,0,0
JPM,morpho_62.5,in_the_wild,0.625,0.126761,regular,control,2199,0,4.62938,0,0,0,0,0,0,0,
JPM,morpho_62.5,in_the_wild,0.625,0.126761,regular,treat_e1,2199,0,4.62938,0,0,0,0,0,0,0,
JPM,morpho_62.5,in_the_wild,0.625,0.126761,regular,treat_e0.5,2199,0,4.62938,0,0,0,0,0,0,0,
JPM,morpho_77,in_the_wild,0.77,0.0741139,blind,control,481,0,4.70349,0,0,0,0,0,0,0,0
JPM,morpho_77,in_the_wild,0.77,0.0741139,blind,treat_e1,481,0,4.68368,0,0,0,0,0,0.00375315,0.000357443,0.00169668
JPM,morpho_77,in_the_wild,0.77,0.0741139,blind,treat_e0.5,481,0,4.70332,0,0,0,0,0,0.00375315,0.000178722,0.00169668
JPM,morpho_77,in_the_wild,0.77,0.0741139,Short,control,24,0,5.15873,0,0,0,0,0,0,0,0
JPM,morpho_77,in_the_wild,0.77,0.0741139,Short,treat_e1,24,0,5.15873,0,0,0,0,0,0,0,0
JPM,morpho_77,in_the_wild,0.77,0.0741139,Short,treat_e0.5,24,0,5.15873,0,0,0,0,0,0,0,0
JPM,morpho_77,in_the_wild,0.77,0.0741139,Weekend,control,396,0,4.55868,0,0,0,0,0,0,0,0
JPM,morpho_77,in_the_wild,0.77,0.0741139,Weekend,treat_e1,396,0,4.53461,0,0,0,0,0,0.00455876,0.000434167,0.00169668
JPM,morpho_77,in_the_wild,0.77,0.0741139,Weekend,treat_e0.5,396,0,4.55847,0,0,0,0,0,0.00455876,0.000217084,0.00169668
JPM,morpho_77,in_the_wild,0.77,0.0741139,Long,control,61,0,5.46448,0,0,0,0,0,0,0,0
JPM,morpho_77,in_the_wild,0.77,0.0741139,Long,treat_e1,61,0,5.46448,0,0,0,0,0,0,0,0
JPM,morpho_77,in_the_wild,0.77,0.0741139,Long,treat_e0.5,61,0,5.46448,0,0,0,0,0,0,0,0
JPM,morpho_77,in_the_wild,0.77,0.0741139,regular,control,2199,0,4.62938,0,0,0,0,0,0,0,
JPM,morpho_77,in_the_wild,0.77,0.0741139,regular,treat_e1,2199,0,4.62938,0,0,0,0,0,0,0,
JPM,morpho_77,in_the_wild,0.77,0.0741139,regular,treat_e0.5,2199,0,4.62938,0,0,0,0,0,0,0,
JPM,morpho_86,in_the_wild,0.86,0.0438413,blind,control,481,0.00171517,4.70349,0.4158,0,0.428999,0.824999,9.44019,0,0,0
JPM,morpho_86,in_the_wild,0.86,0.0438413,blind,treat_e1,481,0.00171555,4.58544,0.4158,0,0.428999,0.824999,9.44019,0.171371,0.0221579,0.0815573
JPM,morpho_86,in_the_wild,0.86,0.0438413,blind,treat_e0.5,481,0.00171536,4.60476,0.4158,0,0.428999,0.824999,9.44019,0.171371,0.011079,0.0815573
JPM,morpho_86,in_the_wild,0.86,0.0438413,Short,control,24,0,5.15873,0,0,0,0,0,0,0,0
JPM,morpho_86,in_the_wild,0.86,0.0438413,Short,treat_e1,24,0,5.15873,0,0,0,0,0,0,0,0
JPM,morpho_86,in_the_wild,0.86,0.0438413,Short,treat_e0.5,24,0,5.15873,0,0,0,0,0,0,0,0
JPM,morpho_86,in_the_wild,0.86,0.0438413,Weekend,control,396,0.00208333,4.55868,0.505051,0,0.499124,0.824999,9.44019,0,0,0
JPM,morpho_86,in_the_wild,0.86,0.0438413,Weekend,treat_e1,396,0.0020838,4.41505,0.505051,0,0.499124,0.824999,9.44019,0.175218,0.0227317,0.0652128
JPM,morpho_86,in_the_wild,0.86,0.0438413,Weekend,treat_e0.5,396,0.00208357,4.43864,0.505051,0,0.499124,0.824999,9.44019,0.175218,0.0113659,0.0652128
JPM,morpho_86,in_the_wild,0.86,0.0438413,Long,control,61,0,5.46448,0,0,0,0,0,0,0,0
JPM,morpho_86,in_the_wild,0.86,0.0438413,Long,treat_e1,61,0,5.46596,0,0,0,0,0,0.213819,0.0271508,0.0163445
JPM,morpho_86,in_the_wild,0.86,0.0438413,Long,treat_e0.5,61,0,5.46522,0,0,0,0,0,0.213819,0.0135754,0.0163445
JPM,morpho_86,in_the_wild,0.86,0.0438413,regular,control,2199,0,4.62938,0,0,0,0,0,0,0,
JPM,morpho_86,in_the_wild,0.86,0.0438413,regular,treat_e1,2199,0,4.62938,0,0,0,0,0,0,0,
JPM,morpho_86,in_the_wild,0.86,0.0438413,regular,treat_e0.5,2199,0,4.62938,0,0,0,0,0,0,0,
JPM,aave_65,in_the_wild,0.65,0.055,blind,control,481,0,4.70349,0,0,0,0,0,0,0,0
JPM,aave_65,in_the_wild,0.65,0.055,blind,treat_e1,481,0,4.70349,0,0,0,0,0,0,0,0
JPM,aave_65,in_the_wild,0.65,0.055,blind,treat_e0.5,481,0,4.70349,0,0,0,0,0,0,0,0
JPM,aave_65,in_the_wild,0.65,0.055,Short,control,24,0,5.15873,0,0,0,0,0,0,0,0
JPM,aave_65,in_the_wild,0.65,0.055,Short,treat_e1,24,0,5.15873,0,0,0,0,0,0,0,0
JPM,aave_65,in_the_wild,0.65,0.055,Short,treat_e0.5,24,0,5.15873,0,0,0,0,0,0,0,0
JPM,aave_65,in_the_wild,0.65,0.055,Weekend,control,396,0,4.55868,0,0,0,0,0,0,0,0
JPM,aave_65,in_the_wild,0.65,0.055,Weekend,treat_e1,396,0,4.55868,0,0,0,0,0,0,0,0
JPM,aave_65,in_the_wild,0.65,0.055,Weekend,treat_e0.5,396,0,4.55868,0,0,0,0,0,0,0,0
JPM,aave_65,in_the_wild,0.65,0.055,Long,control,61,0,5.46448,0,0,0,0,0,0,0,0
JPM,aave_65,in_the_wild,0.65,0.055,Long,treat_e1,61,0,5.46448,0,0,0,0,0,0,0,0
JPM,aave_65,in_the_wild,0.65,0.055,Long,treat_e0.5,61,0,5.46448,0,0,0,0,0,0,0,0
JPM,aave_65,in_the_wild,0.65,0.055,regular,control,2199,0,4.62938,0,0,0,0,0,0,0,
JPM,aave_65,in_the_wild,0.65,0.055,regular,treat_e1,2199,0,4.62938,0,0,0,0,0,0,0,
JPM,aave_65,in_the_wild,0.65,0.055,regular,treat_e0.5,2199,0,4.62938,0,0,0,0,0,0,0,
JPM,aave_79,in_the_wild,0.79,0.055,blind,control,481,0,4.70349,0,0,0,0,0,0,0,0
JPM,aave_79,in_the_wild,0.79,0.055,blind,treat_e1,481,0,4.66398,0,0,0,0,0,0.0196002,0.00186669,0.00927248
JPM,aave_79,in_the_wild,0.79,0.055,blind,treat_e0.5,481,0,4.66394,0,0,0,0,0,0.0196002,0.000933344,0.00927248
JPM,aave_79,in_the_wild,0.79,0.055,Short,control,24,0,5.15873,0,0,0,0,0,0,0,0
JPM,aave_79,in_the_wild,0.79,0.055,Short,treat_e1,24,0,5.15873,0,0,0,0,0,0,0,0
JPM,aave_79,in_the_wild,0.79,0.055,Short,treat_e0.5,24,0,5.15873,0,0,0,0,0,0,0,0
JPM,aave_79,in_the_wild,0.79,0.055,Weekend,control,396,0,4.55868,0,0,0,0,0,0,0,0
JPM,aave_79,in_the_wild,0.79,0.055,Weekend,treat_e1,396,0,4.51067,0,0,0,0,0,0.0204875,0.00195119,0.00762505
JPM,aave_79,in_the_wild,0.79,0.055,Weekend,treat_e0.5,396,0,4.51063,0,0,0,0,0,0.0204875,0.000975595,0.00762505
JPM,aave_79,in_the_wild,0.79,0.055,Long,control,61,0,5.46448,0,0,0,0,0,0,0,0
JPM,aave_79,in_the_wild,0.79,0.055,Long,treat_e1,61,0,5.46459,0,0,0,0,0,0.0215517,0.00205255,0.00164744
JPM,aave_79,in_the_wild,0.79,0.055,Long,treat_e0.5,61,0,5.46454,0,0,0,0,0,0.0215517,0.00102627,0.00164744
JPM,aave_79,in_the_wild,0.79,0.055,regular,control,2199,0,4.62938,0,0,0,0,0,0,0,
JPM,aave_79,in_the_wild,0.79,0.055,regular,treat_e1,2199,0,4.62938,0,0,0,0,0,0,0,
JPM,aave_79,in_the_wild,0.79,0.055,regular,treat_e0.5,2199,0,4.62938,0,0,0,0,0,0,0,
JPM,cf_90,counterfactual,0.9,0.0309278,blind,control,481,0.00434758,4.70349,0.4158,0,1.07332,1.7388,23.9287,0,0,0
JPM,cf_90,counterfactual,0.9,0.0309278,blind,treat_e1,481,0.00361694,4.48718,0.4158,0,0.892642,1.39134,19.9529,0.366982,0.0531328,0.17412
JPM,cf_90,counterfactual,0.9,0.0309278,blind,treat_e0.5,481,0.00398236,4.54502,0.4158,0,0.983141,1.56537,21.9443,0.366982,0.0265664,0.17412
JPM,cf_90,counterfactual,0.9,0.0309278,Short,control,24,0,5.15873,0,0,0,0,0,0,0,0
JPM,cf_90,counterfactual,0.9,0.0309278,Short,treat_e1,24,0,5.15873,0,0,0,0,0,0,0,0
JPM,cf_90,counterfactual,0.9,0.0309278,Short,treat_e0.5,24,0,5.15873,0,0,0,0,0,0,0,0
JPM,cf_90,counterfactual,0.9,0.0309278,Weekend,control,396,0.00528077,4.55868,0.505051,0,1.19117,1.7388,23.9287,0,0,0
JPM,cf_90,counterfactual,0.9,0.0309278,Weekend,treat_e1,396,0.00439337,4.29539,0.505051,0,0.980953,1.39134,19.9529,0.379497,0.0546853,0.141241
JPM,cf_90,counterfactual,0.9,0.0309278,Weekend,treat_e0.5,396,0.00483719,4.36592,0.505051,0,1.08624,1.56537,21.9443,0.379497,0.0273427,0.141241
JPM,cf_90,counterfactual,0.9,0.0309278,Long,control,61,0,5.46448,0,0,0,0,0,0,0,0
JPM,cf_90,counterfactual,0.9,0.0309278,Long,treat_e1,61,0,5.46798,0,0,0,0,0,0.430123,0.0639591,0.032879
JPM,cf_90,counterfactual,0.9,0.0309278,Long,treat_e0.5,61,0,5.46623,0,0,0,0,0,0.430123,0.0319796,0.032879
JPM,cf_90,counterfactual,0.9,0.0309278,regular,control,2199,0,4.62938,0,0,0,0,0,0,0,
JPM,cf_90,counterfactual,0.9,0.0309278,regular,treat_e1,2199,0,4.62938,0,0,0,0,0,0,0,
JPM,cf_90,counterfactual,0.9,0.0309278,regular,treat_e0.5,2199,0,4.62938,0,0,0,0,0,0,0,
JPM,cf_93,counterfactual,0.93,0.0214505,blind,control,481,0.0063359,4.70349,0.4158,0,1.5621,2.48168,34.8723,0,0,0
JPM,cf_93,counterfactual,0.93,0.0214505,blind,treat_e1,481,0.00463508,4.32919,0.4158,0,1.14272,1.67518,25.6439,0.641292,0.0959955,0.304446
JPM,cf_93,counterfactual,0.93,0.0214505,blind,treat_e0.5,481,0.0054859,4.36758,0.4158,0,1.35327,2.08009,30.2771,0.641292,0.0479978,0.304446
JPM,cf_93,counterfactual,0.93,0.0214505,Short,control,24,0,5.15873,0,0,0,0,0,0,0,0
JPM,cf_93,counterfactual,0.93,0.0214505,Short,treat_e1,24,0,4.76219,0,0,0,0,0,0.0636746,0.00606425,0.000957513
JPM,cf_93,counterfactual,0.93,0.0214505,Short,treat_e0.5,24,0,4.76205,0,0,0,0,0,0.0636746,0.00303212,0.000957513
JPM,cf_93,counterfactual,0.93,0.0214505,Weekend,control,396,0.00769588,4.55868,0.505051,0,1.72494,2.48168,34.8723,0,0,0
JPM,cf_93,counterfactual,0.93,0.0214505,Weekend,treat_e1,396,0.0056301,4.15115,0.505051,0,1.23701,1.67518,25.6439,0.65409,0.0980446,0.243446
JPM,cf_93,counterfactual,0.93,0.0214505,Weekend,treat_e0.5,396,0.0066635,4.19828,0.505051,0,1.48198,2.08009,30.2771,0.65409,0.0490223,0.243446
JPM,cf_93,counterfactual,0.93,0.0214505,Long,control,61,0,5.46448,0,0,0,0,0,0,0,0
JPM,cf_93,counterfactual,0.93,0.0214505,Long,treat_e1,61,0,5.31463,0,0,0,0,0,0.785472,0.118076,0.0600423
JPM,cf_93,counterfactual,0.93,0.0214505,Long,treat_e0.5,61,0,5.31149,0,0,0,0,0,0.785472,0.0590381,0.0600423
JPM,cf_93,counterfactual,0.93,0.0214505,regular,control,2199,5.17026e-19,4.62938,0.0454752,0,0,1.13694e-15,1.30096e-14,0,0,
JPM,cf_93,counterfactual,0.93,0.0214505,regular,treat_e1,2199,5.17026e-19,4.62938,0.0454752,0,0,1.13694e-15,1.30096e-14,0,0,
JPM,cf_93,counterfactual,0.93,0.0214505,regular,treat_e0.5,2199,5.17026e-19,4.62938,0.0454752,0,0,1.13694e-15,1.30096e-14,0,0,
JPM,cf_95,counterfactual,0.95,0.0152284,blind,control,481,0.00785484,4.70349,0.4158,0,1.92764,2.8529,43.2324,0,0,0
JPM,cf_95,counterfactual,0.95,0.0152284,blind,treat_e1,481,0.00529694,3.91254,0.4158,0,1.29813,1.679,29.3449,0.987939,0.145701,0.468652
JPM,cf_95,counterfactual,0.95,0.0152284,blind,treat_e0.5,481,0.00657682,4.10894,0.4158,0,1.61472,2.26948,36.3291,0.987939,0.0728507,0.468652
JPM,cf_95,counterfactual,0.95,0.0152284,Short,control,24,0,5.15873,0,0,0,0,0,0,0,0
JPM,cf_95,counterfactual,0.95,0.0152284,Short,treat_e1,24,0,4.76259,0,0,0,0,0,0.150053,0.0142908,0.00225644
JPM,cf_95,counterfactual,0.95,0.0152284,Short,treat_e0.5,24,0,4.76225,0,0,0,0,0,0.150053,0.0071454,0.00225644
JPM,cf_95,counterfactual,0.95,0.0152284,Weekend,control,396,0.00954086,4.55868,0.505051,0,2.09149,2.8529,43.2324,0,0,0
JPM,cf_95,counterfactual,0.95,0.0152284,Weekend,treat_e1,396,0.00643411,3.71754,0.505051,0,1.36558,1.679,29.3449,1.00417,0.148739,0.373733
JPM,cf_95,counterfactual,0.95,0.0152284,Weekend,treat_e0.5,396,0.00798864,3.90837,0.505051,0,1.73067,2.26948,36.3291,1.00417,0.0743695,0.373733
JPM,cf_95,counterfactual,0.95,0.0152284,Long,control,61,0,5.46448,0,0,0,0,0,0,0,0
JPM,cf_95,counterfactual,0.95,0.0152284,Long,treat_e1,61,0,4.84379,0,0,0,0,0,1.21221,0.177685,0.0926626
JPM,cf_95,counterfactual,0.95,0.0152284,Long,treat_e0.5,61,0,5.15391,0,0,0,0,0,1.21221,0.0888424,0.0926626
JPM,cf_95,counterfactual,0.95,0.0152284,regular,control,2199,0.000194122,4.62938,0.318327,0,1.11301e-15,0.238174,4.88458,0,0,
JPM,cf_95,counterfactual,0.95,0.0152284,regular,treat_e1,2199,0.000194122,4.62938,0.318327,0,1.11301e-15,0.238174,4.88458,0,0,
JPM,cf_95,counterfactual,0.95,0.0152284,regular,treat_e0.5,2199,0.000194122,4.62938,0.318327,0,1.11301e-15,0.238174,4.88458,0,0,
XOM,morpho_38.5,in_the_wild,0.385,0.15,blind,control,481,0,4.43025,0,0,0,0,0,0,0,0
XOM,morpho_38.5,in_the_wild,0.385,0.15,blind,treat_e1,481,0,4.43025,0,0,0,0,0,0,0,0
XOM,morpho_38.5,in_the_wild,0.385,0.15,blind,treat_e0.5,481,0,4.43025,0,0,0,0,0,0,0,0
XOM,morpho_38.5,in_the_wild,0.385,0.15,Short,control,24,0,4.36508,0,0,0,0,0,0,0,0
XOM,morpho_38.5,in_the_wild,0.385,0.15,Short,treat_e1,24,0,4.36508,0,0,0,0,0,0,0,0
XOM,morpho_38.5,in_the_wild,0.385,0.15,Short,treat_e0.5,24,0,4.36508,0,0,0,0,0,0,0,0
XOM,morpho_38.5,in_the_wild,0.385,0.15,Weekend,control,396,0,4.41919,0,0,0,0,0,0,0,0
XOM,morpho_38.5,in_the_wild,0.385,0.15,Weekend,treat_e1,396,0,4.41919,0,0,0,0,0,0,0,0
XOM,morpho_38.5,in_the_wild,0.385,0.15,Weekend,treat_e0.5,396,0,4.41919,0,0,0,0,0,0,0,0
XOM,morpho_38.5,in_the_wild,0.385,0.15,Long,control,61,0,4.52771,0,0,0,0,0,0,0,0
XOM,morpho_38.5,in_the_wild,0.385,0.15,Long,treat_e1,61,0,4.52771,0,0,0,0,0,0,0,0
XOM,morpho_38.5,in_the_wild,0.385,0.15,Long,treat_e0.5,61,0,4.52771,0,0,0,0,0,0,0,0
XOM,morpho_38.5,in_the_wild,0.385,0.15,regular,control,2199,0,4.81799,0,0,0,0,0,0,0,
XOM,morpho_38.5,in_the_wild,0.385,0.15,regular,treat_e1,2199,0,4.81799,0,0,0,0,0,0,0,
XOM,morpho_38.5,in_the_wild,0.385,0.15,regular,treat_e0.5,2199,0,4.81799,0,0,0,0,0,0,0,
XOM,morpho_62.5,in_the_wild,0.625,0.126761,blind,control,481,0,4.43025,0,0,0,0,0,0,0,0
XOM,morpho_62.5,in_the_wild,0.625,0.126761,blind,treat_e1,481,0,4.43025,0,0,0,0,0,0,0,0
XOM,morpho_62.5,in_the_wild,0.625,0.126761,blind,treat_e0.5,481,0,4.43025,0,0,0,0,0,0,0,0
XOM,morpho_62.5,in_the_wild,0.625,0.126761,Short,control,24,0,4.36508,0,0,0,0,0,0,0,0
XOM,morpho_62.5,in_the_wild,0.625,0.126761,Short,treat_e1,24,0,4.36508,0,0,0,0,0,0,0,0
XOM,morpho_62.5,in_the_wild,0.625,0.126761,Short,treat_e0.5,24,0,4.36508,0,0,0,0,0,0,0,0
XOM,morpho_62.5,in_the_wild,0.625,0.126761,Weekend,control,396,0,4.41919,0,0,0,0,0,0,0,0
XOM,morpho_62.5,in_the_wild,0.625,0.126761,Weekend,treat_e1,396,0,4.41919,0,0,0,0,0,0,0,0
XOM,morpho_62.5,in_the_wild,0.625,0.126761,Weekend,treat_e0.5,396,0,4.41919,0,0,0,0,0,0,0,0
XOM,morpho_62.5,in_the_wild,0.625,0.126761,Long,control,61,0,4.52771,0,0,0,0,0,0,0,0
XOM,morpho_62.5,in_the_wild,0.625,0.126761,Long,treat_e1,61,0,4.52771,0,0,0,0,0,0,0,0
XOM,morpho_62.5,in_the_wild,0.625,0.126761,Long,treat_e0.5,61,0,4.52771,0,0,0,0,0,0,0,0
XOM,morpho_62.5,in_the_wild,0.625,0.126761,regular,control,2199,0,4.81799,0,0,0,0,0,0,0,
XOM,morpho_62.5,in_the_wild,0.625,0.126761,regular,treat_e1,2199,0,4.81799,0,0,0,0,0,0,0,
XOM,morpho_62.5,in_the_wild,0.625,0.126761,regular,treat_e0.5,2199,0,4.81799,0,0,0,0,0,0,0,
XOM,morpho_77,in_the_wild,0.77,0.0741139,blind,control,481,0,4.43025,0,0,0,0,0,0,0,0
XOM,morpho_77,in_the_wild,0.77,0.0741139,blind,treat_e1,481,0,4.43025,0,0,0,0,0,0,0,0
XOM,morpho_77,in_the_wild,0.77,0.0741139,blind,treat_e0.5,481,0,4.43025,0,0,0,0,0,0,0,0
XOM,morpho_77,in_the_wild,0.77,0.0741139,Short,control,24,0,4.36508,0,0,0,0,0,0,0,0
XOM,morpho_77,in_the_wild,0.77,0.0741139,Short,treat_e1,24,0,4.36508,0,0,0,0,0,0,0,0
XOM,morpho_77,in_the_wild,0.77,0.0741139,Short,treat_e0.5,24,0,4.36508,0,0,0,0,0,0,0,0
XOM,morpho_77,in_the_wild,0.77,0.0741139,Weekend,control,396,0,4.41919,0,0,0,0,0,0,0,0
XOM,morpho_77,in_the_wild,0.77,0.0741139,Weekend,treat_e1,396,0,4.41919,0,0,0,0,0,0,0,0
XOM,morpho_77,in_the_wild,0.77,0.0741139,Weekend,treat_e0.5,396,0,4.41919,0,0,0,0,0,0,0,0
XOM,morpho_77,in_the_wild,0.77,0.0741139,Long,control,61,0,4.52771,0,0,0,0,0,0,0,0
XOM,morpho_77,in_the_wild,0.77,0.0741139,Long,treat_e1,61,0,4.52771,0,0,0,0,0,0,0,0
XOM,morpho_77,in_the_wild,0.77,0.0741139,Long,treat_e0.5,61,0,4.52771,0,0,0,0,0,0,0,0
XOM,morpho_77,in_the_wild,0.77,0.0741139,regular,control,2199,0,4.81799,0,0,0,0,0,0,0,
XOM,morpho_77,in_the_wild,0.77,0.0741139,regular,treat_e1,2199,0,4.81799,0,0,0,0,0,0,0,
XOM,morpho_77,in_the_wild,0.77,0.0741139,regular,treat_e0.5,2199,0,4.81799,0,0,0,0,0,0,0,
XOM,morpho_86,in_the_wild,0.86,0.0438413,blind,control,481,0,4.43025,0,0,0,0,0,0,0,0
XOM,morpho_86,in_the_wild,0.86,0.0438413,blind,treat_e1,481,0,4.33075,0,0,0,0,0,0.0490114,0.00466775,0.0232277
XOM,morpho_86,in_the_wild,0.86,0.0438413,blind,treat_e0.5,481,0,4.35066,0,0,0,0,0,0.0490114,0.00233388,0.0232277
XOM,morpho_86,in_the_wild,0.86,0.0438413,Short,control,24,0,4.36508,0,0,0,0,0,0,0,0
XOM,morpho_86,in_the_wild,0.86,0.0438413,Short,treat_e1,24,0,4.36508,0,0,0,0,0,0,0,0
XOM,morpho_86,in_the_wild,0.86,0.0438413,Short,treat_e0.5,24,0,4.36508,0,0,0,0,0,0,0,0
XOM,morpho_86,in_the_wild,0.86,0.0438413,Weekend,control,396,0,4.41919,0,0,0,0,0,0,0,0
XOM,morpho_86,in_the_wild,0.86,0.0438413,Weekend,treat_e1,396,0,4.2983,0,0,0,0,0,0.0508969,0.00484732,0.0189428
XOM,morpho_86,in_the_wild,0.86,0.0438413,Weekend,treat_e0.5,396,0,4.32249,0,0,0,0,0,0.0508969,0.00242366,0.0189428
XOM,morpho_86,in_the_wild,0.86,0.0438413,Long,control,61,0,4.52771,0,0,0,0,0,0,0,0
XOM,morpho_86,in_the_wild,0.86,0.0438413,Long,treat_e1,61,0,4.52795,0,0,0,0,0,0.0560544,0.00533852,0.00428486
XOM,morpho_86,in_the_wild,0.86,0.0438413,Long,treat_e0.5,61,0,4.52783,0,0,0,0,0,0.0560544,0.00266926,0.00428486
XOM,morpho_86,in_the_wild,0.86,0.0438413,regular,control,2199,0,4.81799,0,0,0,0,0,0,0,
XOM,morpho_86,in_the_wild,0.86,0.0438413,regular,treat_e1,2199,0,4.81799,0,0,0,0,0,0,0,
XOM,morpho_86,in_the_wild,0.86,0.0438413,regular,treat_e0.5,2199,0,4.81799,0,0,0,0,0,0,0,
XOM,aave_65,in_the_wild,0.65,0.055,blind,control,481,0,4.43025,0,0,0,0,0,0,0,0
XOM,aave_65,in_the_wild,0.65,0.055,blind,treat_e1,481,0,4.43025,0,0,0,0,0,0,0,0
XOM,aave_65,in_the_wild,0.65,0.055,blind,treat_e0.5,481,0,4.43025,0,0,0,0,0,0,0,0
XOM,aave_65,in_the_wild,0.65,0.055,Short,control,24,0,4.36508,0,0,0,0,0,0,0,0
XOM,aave_65,in_the_wild,0.65,0.055,Short,treat_e1,24,0,4.36508,0,0,0,0,0,0,0,0
XOM,aave_65,in_the_wild,0.65,0.055,Short,treat_e0.5,24,0,4.36508,0,0,0,0,0,0,0,0
XOM,aave_65,in_the_wild,0.65,0.055,Weekend,control,396,0,4.41919,0,0,0,0,0,0,0,0
XOM,aave_65,in_the_wild,0.65,0.055,Weekend,treat_e1,396,0,4.41919,0,0,0,0,0,0,0,0
XOM,aave_65,in_the_wild,0.65,0.055,Weekend,treat_e0.5,396,0,4.41919,0,0,0,0,0,0,0,0
XOM,aave_65,in_the_wild,0.65,0.055,Long,control,61,0,4.52771,0,0,0,0,0,0,0,0
XOM,aave_65,in_the_wild,0.65,0.055,Long,treat_e1,61,0,4.52771,0,0,0,0,0,0,0,0
XOM,aave_65,in_the_wild,0.65,0.055,Long,treat_e0.5,61,0,4.52771,0,0,0,0,0,0,0,0
XOM,aave_65,in_the_wild,0.65,0.055,regular,control,2199,0,4.81799,0,0,0,0,0,0,0,
XOM,aave_65,in_the_wild,0.65,0.055,regular,treat_e1,2199,0,4.81799,0,0,0,0,0,0,0,
XOM,aave_65,in_the_wild,0.65,0.055,regular,treat_e0.5,2199,0,4.81799,0,0,0,0,0,0,0,
XOM,aave_79,in_the_wild,0.79,0.055,blind,control,481,0,4.43025,0,0,0,0,0,0,0,0
XOM,aave_79,in_the_wild,0.79,0.055,blind,treat_e1,481,0,4.43025,0,0,0,0,0,0,0,0
XOM,aave_79,in_the_wild,0.79,0.055,blind,treat_e0.5,481,0,4.43025,0,0,0,0,0,0,0,0
XOM,aave_79,in_the_wild,0.79,0.055,Short,control,24,0,4.36508,0,0,0,0,0,0,0,0
XOM,aave_79,in_the_wild,0.79,0.055,Short,treat_e1,24,0,4.36508,0,0,0,0,0,0,0,0
XOM,aave_79,in_the_wild,0.79,0.055,Short,treat_e0.5,24,0,4.36508,0,0,0,0,0,0,0,0
XOM,aave_79,in_the_wild,0.79,0.055,Weekend,control,396,0,4.41919,0,0,0,0,0,0,0,0
XOM,aave_79,in_the_wild,0.79,0.055,Weekend,treat_e1,396,0,4.41919,0,0,0,0,0,0,0,0
XOM,aave_79,in_the_wild,0.79,0.055,Weekend,treat_e0.5,396,0,4.41919,0,0,0,0,0,0,0,0
XOM,aave_79,in_the_wild,0.79,0.055,Long,control,61,0,4.52771,0,0,0,0,0,0,0,0
XOM,aave_79,in_the_wild,0.79,0.055,Long,treat_e1,61,0,4.52771,0,0,0,0,0,0,0,0
XOM,aave_79,in_the_wild,0.79,0.055,Long,treat_e0.5,61,0,4.52771,0,0,0,0,0,0,0,0
XOM,aave_79,in_the_wild,0.79,0.055,regular,control,2199,0,4.81799,0,0,0,0,0,0,0,
XOM,aave_79,in_the_wild,0.79,0.055,regular,treat_e1,2199,0,4.81799,0,0,0,0,0,0,0,
XOM,aave_79,in_the_wild,0.79,0.055,regular,treat_e0.5,2199,0,4.81799,0,0,0,0,0,0,0,
XOM,cf_90,counterfactual,0.9,0.0309278,blind,control,481,0.00113589,4.43025,0.2079,0,0.28411,0.546365,6.25188,0,0,0
XOM,cf_90,counterfactual,0.9,0.0309278,blind,treat_e1,481,0.00113619,4.15278,0.2079,0,0.28411,0.546365,6.25188,0.235192,0.0257365,0.111628
XOM,cf_90,counterfactual,0.9,0.0309278,blind,treat_e0.5,481,0.00113604,4.23071,0.2079,0,0.28411,0.546365,6.25188,0.235192,0.0128682,0.111628
XOM,cf_90,counterfactual,0.9,0.0309278,Short,control,24,0,4.36508,0,0,0,0,0,0,0,0
XOM,cf_90,counterfactual,0.9,0.0309278,Short,treat_e1,24,0,4.36508,0,0,0,0,0,0,0,0
XOM,cf_90,counterfactual,0.9,0.0309278,Short,treat_e0.5,24,0,4.36508,0,0,0,0,0,0,0,0
XOM,cf_90,counterfactual,0.9,0.0309278,Weekend,control,396,0.00137971,4.41919,0.252525,0,0.330551,0.546365,6.25188,0,0,0
XOM,cf_90,counterfactual,0.9,0.0309278,Weekend,treat_e1,396,0.00138008,4.08195,0.252525,0,0.330551,0.546365,6.25188,0.242911,0.0266694,0.0904068
XOM,cf_90,counterfactual,0.9,0.0309278,Weekend,treat_e0.5,396,0.00137989,4.17671,0.252525,0,0.330551,0.546365,6.25188,0.242911,0.0133347,0.0904068
XOM,cf_90,counterfactual,0.9,0.0309278,Long,control,61,0,4.52771,0,0,0,0,0,0,0,0
XOM,cf_90,counterfactual,0.9,0.0309278,Long,treat_e1,61,0,4.52906,0,0,0,0,0,0.277615,0.0298061,0.0212212
XOM,cf_90,counterfactual,0.9,0.0309278,Long,treat_e0.5,61,0,4.52839,0,0,0,0,0,0.277615,0.014903,0.0212212
XOM,cf_90,counterfactual,0.9,0.0309278,regular,control,2199,0,4.81799,0,0,0,0,0,0,0,
XOM,cf_90,counterfactual,0.9,0.0309278,regular,treat_e1,2199,0,4.81799,0,0,0,0,0,0,0,
XOM,cf_90,counterfactual,0.9,0.0309278,regular,treat_e0.5,2199,0,4.81799,0,0,0,0,0,0,0,
XOM,cf_93,counterfactual,0.93,0.0214505,blind,control,481,0.00314154,4.43025,0.623701,0,0.766699,1.03451,17.2908,0,0,0
XOM,cf_93,counterfactual,0.93,0.0214505,blind,treat_e1,481,0.00215214,3.89557,0.2079,0,0.537946,1.03451,11.8376,0.534485,0.0642166,0.253989
XOM,cf_93,counterfactual,0.93,0.0214505,blind,treat_e0.5,481,0.00215144,3.99297,0.4158,0,0.537946,1.03451,11.8376,0.534485,0.0321083,0.253989
XOM,cf_93,counterfactual,0.93,0.0214505,Short,control,24,0,4.36508,0,0,0,0,0,0,0,0
XOM,cf_93,counterfactual,0.93,0.0214505,Short,treat_e1,24,0,3.96859,0,0,0,0,0,0.0896749,0.00854047,0.00134849
XOM,cf_93,counterfactual,0.93,0.0214505,Short,treat_e0.5,24,0,3.96842,0,0,0,0,0,0.0896749,0.00427023,0.00134849
XOM,cf_93,counterfactual,0.93,0.0214505,Weekend,control,396,0.00381586,4.41919,0.757576,0,0.814124,1.03451,17.2908,0,0,0
XOM,cf_93,counterfactual,0.93,0.0214505,Weekend,treat_e1,396,0.00261411,3.84175,0.252525,0,0.62588,1.03451,11.8376,0.538463,0.0653105,0.20038
XOM,cf_93,counterfactual,0.93,0.0214505,Weekend,treat_e0.5,396,0.00261326,3.96012,0.505051,0,0.62588,1.03451,11.8376,0.538463,0.0326552,0.20038
XOM,cf_93,counterfactual,0.93,0.0214505,Long,control,61,0,4.52771,0,0,0,0,0,0,0,0
XOM,cf_93,counterfactual,0.93,0.0214505,Long,treat_e1,61,0,4.21631,0,0,0,0,0,0.683668,0.0790205,0.0522603
XOM,cf_93,counterfactual,0.93,0.0214505,Long,treat_e0.5,61,0,4.21588,0,0,0,0,0,0.683668,0.0395103,0.0522603
XOM,cf_93,counterfactual,0.93,0.0214505,regular,control,2199,1.03405e-18,4.81799,0.0909504,0,0,1.13694e-15,2.60193e-14,0,0,
XOM,cf_93,counterfactual,0.93,0.0214505,regular,treat_e1,2199,1.03405e-18,4.81799,0.0909504,0,0,1.13694e-15,2.60193e-14,0,0,
XOM,cf_93,counterfactual,0.93,0.0214505,regular,treat_e0.5,2199,1.03405e-18,4.81799,0.0909504,0,0,1.13694e-15,2.60193e-14,0,0,
XOM,cf_95,counterfactual,0.95,0.0152284,blind,control,481,0.00470119,4.43025,0.831601,0,1.03489,1.29849,25.875,0,0,0
XOM,cf_95,counterfactual,0.95,0.0152284,blind,treat_e1,481,0.00257171,3.02415,0.4158,0,0.642754,1.23607,14.1439,1.179,0.138273,0.56032
XOM,cf_95,counterfactual,0.95,0.0152284,blind,treat_e0.5,481,0.00263569,3.39468,0.4158,0,0.658991,1.26729,14.5012,1.179,0.0691365,0.56032
XOM,cf_95,counterfactual,0.95,0.0152284,Short,control,24,4.63752e-17,4.36508,4.16667,8.57014e-16,1.08741e-15,1.11301e-15,1.27358e-14,0,0,0
XOM,cf_95,counterfactual,0.95,0.0152284,Short,treat_e1,24,4.6383e-17,3.96892,4.16667,8.57014e-16,1.08741e-15,1.11301e-15,1.27358e-14,0.175506,0.0167149,0.00263919
XOM,cf_95,counterfactual,0.95,0.0152284,Short,treat_e0.5,24,4.63791e-17,3.96859,4.16667,8.57014e-16,1.08741e-15,1.11301e-15,1.27358e-14,0.175506,0.00835744,0.00263919
XOM,cf_95,counterfactual,0.95,0.0152284,Weekend,control,396,0.00571029,4.41919,0.757576,0,1.08157,1.29849,25.875,0,0,0
XOM,cf_95,counterfactual,0.95,0.0152284,Weekend,treat_e1,396,0.00312378,2.9755,0.252525,0,0.747819,1.23607,14.1439,1.19016,0.140212,0.442916
XOM,cf_95,counterfactual,0.95,0.0152284,Weekend,treat_e0.5,396,0.00320146,3.33034,0.252525,0,0.76671,1.26729,14.5012,1.19016,0.0701058,0.442916
XOM,cf_95,counterfactual,0.95,0.0152284,Long,control,61,0,4.52771,0,0,0,0,0,0,0,0
XOM,cf_95,counterfactual,0.95,0.0152284,Long,treat_e1,61,0,2.96779,0,0,0,0,0,1.50135,0.173514,0.114765
XOM,cf_95,counterfactual,0.95,0.0152284,Long,treat_e0.5,61,0,3.5865,0,0,0,0,0,1.50135,0.0867568,0.114765
XOM,cf_95,counterfactual,0.95,0.0152284,regular,control,2199,0.000996846,4.81799,0.773079,0,0.231405,0.322281,25.0831,0,0,
XOM,cf_95,counterfactual,0.95,0.0152284,regular,treat_e1,2199,0.000996846,4.81799,0.773079,0,0.231405,0.322281,25.0831,0,0,
XOM,cf_95,counterfactual,0.95,0.0152284,regular,treat_e0.5,2199,0.000996846,4.81799,0.773079,0,0.231405,0.322281,25.0831,0,0,
WMT,morpho_38.5,in_the_wild,0.385,0.15,blind,control,481,0,4.57182,0,0,0,0,0,0,0,0
WMT,morpho_38.5,in_the_wild,0.385,0.15,blind,treat_e1,481,0,4.57182,0,0,0,0,0,0,0,0
WMT,morpho_38.5,in_the_wild,0.385,0.15,blind,treat_e0.5,481,0,4.57182,0,0,0,0,0,0,0,0
WMT,morpho_38.5,in_the_wild,0.385,0.15,Short,control,24,0,4.36508,0,0,0,0,0,0,0,0
WMT,morpho_38.5,in_the_wild,0.385,0.15,Short,treat_e1,24,0,4.36508,0,0,0,0,0,0,0,0
WMT,morpho_38.5,in_the_wild,0.385,0.15,Short,treat_e0.5,24,0,4.36508,0,0,0,0,0,0,0,0
WMT,morpho_38.5,in_the_wild,0.385,0.15,Weekend,control,396,0,4.44805,0,0,0,0,0,0,0,0
WMT,morpho_38.5,in_the_wild,0.385,0.15,Weekend,treat_e1,396,0,4.44805,0,0,0,0,0,0,0,0
WMT,morpho_38.5,in_the_wild,0.385,0.15,Weekend,treat_e0.5,396,0,4.44805,0,0,0,0,0,0,0,0
WMT,morpho_38.5,in_the_wild,0.385,0.15,Long,control,61,0,5.45667,0,0,0,0,0,0,0,0
WMT,morpho_38.5,in_the_wild,0.385,0.15,Long,treat_e1,61,0,5.45667,0,0,0,0,0,0,0,0
WMT,morpho_38.5,in_the_wild,0.385,0.15,Long,treat_e0.5,61,0,5.45667,0,0,0,0,0,0,0,0
WMT,morpho_38.5,in_the_wild,0.385,0.15,regular,control,2199,0,4.65991,0,0,0,0,0,0,0,
WMT,morpho_38.5,in_the_wild,0.385,0.15,regular,treat_e1,2199,0,4.65991,0,0,0,0,0,0,0,
WMT,morpho_38.5,in_the_wild,0.385,0.15,regular,treat_e0.5,2199,0,4.65991,0,0,0,0,0,0,0,
WMT,morpho_62.5,in_the_wild,0.625,0.126761,blind,control,481,0,4.57182,0,0,0,0,0,0,0,0
WMT,morpho_62.5,in_the_wild,0.625,0.126761,blind,treat_e1,481,0,4.57182,0,0,0,0,0,0,0,0
WMT,morpho_62.5,in_the_wild,0.625,0.126761,blind,treat_e0.5,481,0,4.57182,0,0,0,0,0,0,0,0
WMT,morpho_62.5,in_the_wild,0.625,0.126761,Short,control,24,0,4.36508,0,0,0,0,0,0,0,0
WMT,morpho_62.5,in_the_wild,0.625,0.126761,Short,treat_e1,24,0,4.36508,0,0,0,0,0,0,0,0
WMT,morpho_62.5,in_the_wild,0.625,0.126761,Short,treat_e0.5,24,0,4.36508,0,0,0,0,0,0,0,0
WMT,morpho_62.5,in_the_wild,0.625,0.126761,Weekend,control,396,0,4.44805,0,0,0,0,0,0,0,0
WMT,morpho_62.5,in_the_wild,0.625,0.126761,Weekend,treat_e1,396,0,4.44805,0,0,0,0,0,0,0,0
WMT,morpho_62.5,in_the_wild,0.625,0.126761,Weekend,treat_e0.5,396,0,4.44805,0,0,0,0,0,0,0,0
WMT,morpho_62.5,in_the_wild,0.625,0.126761,Long,control,61,0,5.45667,0,0,0,0,0,0,0,0
WMT,morpho_62.5,in_the_wild,0.625,0.126761,Long,treat_e1,61,0,5.45667,0,0,0,0,0,0,0,0
WMT,morpho_62.5,in_the_wild,0.625,0.126761,Long,treat_e0.5,61,0,5.45667,0,0,0,0,0,0,0,0
WMT,morpho_62.5,in_the_wild,0.625,0.126761,regular,control,2199,0,4.65991,0,0,0,0,0,0,0,
WMT,morpho_62.5,in_the_wild,0.625,0.126761,regular,treat_e1,2199,0,4.65991,0,0,0,0,0,0,0,
WMT,morpho_62.5,in_the_wild,0.625,0.126761,regular,treat_e0.5,2199,0,4.65991,0,0,0,0,0,0,0,
WMT,morpho_77,in_the_wild,0.77,0.0741139,blind,control,481,0,4.57182,0,0,0,0,0,0,0,0
WMT,morpho_77,in_the_wild,0.77,0.0741139,blind,treat_e1,481,0,4.57182,0,0,0,0,0,0,0,0
WMT,morpho_77,in_the_wild,0.77,0.0741139,blind,treat_e0.5,481,0,4.57182,0,0,0,0,0,0,0,0
WMT,morpho_77,in_the_wild,0.77,0.0741139,Short,control,24,0,4.36508,0,0,0,0,0,0,0,0
WMT,morpho_77,in_the_wild,0.77,0.0741139,Short,treat_e1,24,0,4.36508,0,0,0,0,0,0,0,0
WMT,morpho_77,in_the_wild,0.77,0.0741139,Short,treat_e0.5,24,0,4.36508,0,0,0,0,0,0,0,0
WMT,morpho_77,in_the_wild,0.77,0.0741139,Weekend,control,396,0,4.44805,0,0,0,0,0,0,0,0
WMT,morpho_77,in_the_wild,0.77,0.0741139,Weekend,treat_e1,396,0,4.44805,0,0,0,0,0,0,0,0
WMT,morpho_77,in_the_wild,0.77,0.0741139,Weekend,treat_e0.5,396,0,4.44805,0,0,0,0,0,0,0,0
WMT,morpho_77,in_the_wild,0.77,0.0741139,Long,control,61,0,5.45667,0,0,0,0,0,0,0,0
WMT,morpho_77,in_the_wild,0.77,0.0741139,Long,treat_e1,61,0,5.45667,0,0,0,0,0,0,0,0
WMT,morpho_77,in_the_wild,0.77,0.0741139,Long,treat_e0.5,61,0,5.45667,0,0,0,0,0,0,0,0
WMT,morpho_77,in_the_wild,0.77,0.0741139,regular,control,2199,0,4.65991,0,0,0,0,0,0,0,
WMT,morpho_77,in_the_wild,0.77,0.0741139,regular,treat_e1,2199,0,4.65991,0,0,0,0,0,0,0,
WMT,morpho_77,in_the_wild,0.77,0.0741139,regular,treat_e0.5,2199,0,4.65991,0,0,0,0,0,0,0,
WMT,morpho_86,in_the_wild,0.86,0.0438413,blind,control,481,0,4.57182,0,0,0,0,0,0,0,0
WMT,morpho_86,in_the_wild,0.86,0.0438413,blind,treat_e1,481,0,4.57182,0,0,0,0,0,0,0,0
WMT,morpho_86,in_the_wild,0.86,0.0438413,blind,treat_e0.5,481,0,4.57182,0,0,0,0,0,0,0,0
WMT,morpho_86,in_the_wild,0.86,0.0438413,Short,control,24,0,4.36508,0,0,0,0,0,0,0,0
WMT,morpho_86,in_the_wild,0.86,0.0438413,Short,treat_e1,24,0,4.36508,0,0,0,0,0,0,0,0
WMT,morpho_86,in_the_wild,0.86,0.0438413,Short,treat_e0.5,24,0,4.36508,0,0,0,0,0,0,0,0
WMT,morpho_86,in_the_wild,0.86,0.0438413,Weekend,control,396,0,4.44805,0,0,0,0,0,0,0,0
WMT,morpho_86,in_the_wild,0.86,0.0438413,Weekend,treat_e1,396,0,4.44805,0,0,0,0,0,0,0,0
WMT,morpho_86,in_the_wild,0.86,0.0438413,Weekend,treat_e0.5,396,0,4.44805,0,0,0,0,0,0,0,0
WMT,morpho_86,in_the_wild,0.86,0.0438413,Long,control,61,0,5.45667,0,0,0,0,0,0,0,0
WMT,morpho_86,in_the_wild,0.86,0.0438413,Long,treat_e1,61,0,5.45667,0,0,0,0,0,0,0,0
WMT,morpho_86,in_the_wild,0.86,0.0438413,Long,treat_e0.5,61,0,5.45667,0,0,0,0,0,0,0,0
WMT,morpho_86,in_the_wild,0.86,0.0438413,regular,control,2199,0,4.65991,0,0,0,0,0,0,0,
WMT,morpho_86,in_the_wild,0.86,0.0438413,regular,treat_e1,2199,0,4.65991,0,0,0,0,0,0,0,
WMT,morpho_86,in_the_wild,0.86,0.0438413,regular,treat_e0.5,2199,0,4.65991,0,0,0,0,0,0,0,
WMT,aave_65,in_the_wild,0.65,0.055,blind,control,481,0,4.57182,0,0,0,0,0,0,0,0
WMT,aave_65,in_the_wild,0.65,0.055,blind,treat_e1,481,0,4.57182,0,0,0,0,0,0,0,0
WMT,aave_65,in_the_wild,0.65,0.055,blind,treat_e0.5,481,0,4.57182,0,0,0,0,0,0,0,0
WMT,aave_65,in_the_wild,0.65,0.055,Short,control,24,0,4.36508,0,0,0,0,0,0,0,0
WMT,aave_65,in_the_wild,0.65,0.055,Short,treat_e1,24,0,4.36508,0,0,0,0,0,0,0,0
WMT,aave_65,in_the_wild,0.65,0.055,Short,treat_e0.5,24,0,4.36508,0,0,0,0,0,0,0,0
WMT,aave_65,in_the_wild,0.65,0.055,Weekend,control,396,0,4.44805,0,0,0,0,0,0,0,0
WMT,aave_65,in_the_wild,0.65,0.055,Weekend,treat_e1,396,0,4.44805,0,0,0,0,0,0,0,0
WMT,aave_65,in_the_wild,0.65,0.055,Weekend,treat_e0.5,396,0,4.44805,0,0,0,0,0,0,0,0
WMT,aave_65,in_the_wild,0.65,0.055,Long,control,61,0,5.45667,0,0,0,0,0,0,0,0
WMT,aave_65,in_the_wild,0.65,0.055,Long,treat_e1,61,0,5.45667,0,0,0,0,0,0,0,0
WMT,aave_65,in_the_wild,0.65,0.055,Long,treat_e0.5,61,0,5.45667,0,0,0,0,0,0,0,0
WMT,aave_65,in_the_wild,0.65,0.055,regular,control,2199,0,4.65991,0,0,0,0,0,0,0,
WMT,aave_65,in_the_wild,0.65,0.055,regular,treat_e1,2199,0,4.65991,0,0,0,0,0,0,0,
WMT,aave_65,in_the_wild,0.65,0.055,regular,treat_e0.5,2199,0,4.65991,0,0,0,0,0,0,0,
WMT,aave_79,in_the_wild,0.79,0.055,blind,control,481,0,4.57182,0,0,0,0,0,0,0,0
WMT,aave_79,in_the_wild,0.79,0.055,blind,treat_e1,481,0,4.57182,0,0,0,0,0,0,0,0
WMT,aave_79,in_the_wild,0.79,0.055,blind,treat_e0.5,481,0,4.57182,0,0,0,0,0,0,0,0
WMT,aave_79,in_the_wild,0.79,0.055,Short,control,24,0,4.36508,0,0,0,0,0,0,0,0
WMT,aave_79,in_the_wild,0.79,0.055,Short,treat_e1,24,0,4.36508,0,0,0,0,0,0,0,0
WMT,aave_79,in_the_wild,0.79,0.055,Short,treat_e0.5,24,0,4.36508,0,0,0,0,0,0,0,0
WMT,aave_79,in_the_wild,0.79,0.055,Weekend,control,396,0,4.44805,0,0,0,0,0,0,0,0
WMT,aave_79,in_the_wild,0.79,0.055,Weekend,treat_e1,396,0,4.44805,0,0,0,0,0,0,0,0
WMT,aave_79,in_the_wild,0.79,0.055,Weekend,treat_e0.5,396,0,4.44805,0,0,0,0,0,0,0,0
WMT,aave_79,in_the_wild,0.79,0.055,Long,control,61,0,5.45667,0,0,0,0,0,0,0,0
WMT,aave_79,in_the_wild,0.79,0.055,Long,treat_e1,61,0,5.45667,0,0,0,0,0,0,0,0
WMT,aave_79,in_the_wild,0.79,0.055,Long,treat_e0.5,61,0,5.45667,0,0,0,0,0,0,0,0
WMT,aave_79,in_the_wild,0.79,0.055,regular,control,2199,0,4.65991,0,0,0,0,0,0,0,
WMT,aave_79,in_the_wild,0.79,0.055,regular,treat_e1,2199,0,4.65991,0,0,0,0,0,0,0,
WMT,aave_79,in_the_wild,0.79,0.055,regular,treat_e0.5,2199,0,4.65991,0,0,0,0,0,0,0,
WMT,cf_90,counterfactual,0.9,0.0309278,blind,control,481,2.44249e-18,4.57182,0.2079,0,6.10916e-16,1.17484e-15,1.34433e-14,0,0,0
WMT,cf_90,counterfactual,0.9,0.0309278,blind,treat_e1,481,2.44249e-18,4.57183,0.2079,0,6.10916e-16,1.17484e-15,1.34433e-14,0.000442607,4.21531e-05,0.000200088
WMT,cf_90,counterfactual,0.9,0.0309278,blind,treat_e0.5,481,2.44249e-18,4.57183,0.2079,0,6.10916e-16,1.17484e-15,1.34433e-14,0.000442607,2.10765e-05,0.000200088
WMT,cf_90,counterfactual,0.9,0.0309278,Short,control,24,0,4.36508,0,0,0,0,0,0,0,0
WMT,cf_90,counterfactual,0.9,0.0309278,Short,treat_e1,24,0,4.36508,0,0,0,0,0,0,0,0
WMT,cf_90,counterfactual,0.9,0.0309278,Short,treat_e0.5,24,0,4.36508,0,0,0,0,0,0,0,0
WMT,cf_90,counterfactual,0.9,0.0309278,Weekend,control,396,0,4.44805,0,0,0,0,0,0,0,0
WMT,cf_90,counterfactual,0.9,0.0309278,Weekend,treat_e1,396,0,4.44805,0,0,0,0,0,0.000537611,5.12011e-05,0.000200088
WMT,cf_90,counterfactual,0.9,0.0309278,Weekend,treat_e0.5,396,0,4.44805,0,0,0,0,0,0.000537611,2.56005e-05,0.000200088
WMT,cf_90,counterfactual,0.9,0.0309278,Long,control,61,1.92597e-17,5.45667,1.63934,4.69936e-16,1.10435e-15,1.17484e-15,1.34433e-14,0,0,0
WMT,cf_90,counterfactual,0.9,0.0309278,Long,treat_e1,61,1.92597e-17,5.45667,1.63934,4.69936e-16,1.10435e-15,1.17484e-15,1.34433e-14,0,0,0
WMT,cf_90,counterfactual,0.9,0.0309278,Long,treat_e0.5,61,1.92597e-17,5.45667,1.63934,4.69936e-16,1.10435e-15,1.17484e-15,1.34433e-14,0,0,0
WMT,cf_90,counterfactual,0.9,0.0309278,regular,control,2199,0,4.65991,0,0,0,0,0,0,0,
WMT,cf_90,counterfactual,0.9,0.0309278,regular,treat_e1,2199,0,4.65991,0,0,0,0,0,0,0,
WMT,cf_90,counterfactual,0.9,0.0309278,regular,treat_e0.5,2199,0,4.65991,0,0,0,0,0,0,0,
WMT,cf_93,counterfactual,0.93,0.0214505,blind,control,481,0.00108897,4.57182,0.4158,0,0.262631,0.280223,5.99363,0,0,0
WMT,cf_93,counterfactual,0.93,0.0214505,blind,treat_e1,481,0.00108902,4.47302,0.4158,0,0.262631,0.280223,5.99363,0.0458474,0.00436642,0.0216071
WMT,cf_93,counterfactual,0.93,0.0214505,blind,treat_e0.5,481,0.001089,4.51237,0.4158,0,0.262631,0.280223,5.99363,0.0458474,0.00218321,0.0216071
WMT,cf_93,counterfactual,0.93,0.0214505,Short,control,24,0,4.36508,0,0,0,0,0,0,0,0
WMT,cf_93,counterfactual,0.93,0.0214505,Short,treat_e1,24,0,4.36508,0,0,0,0,0,0,0,0
WMT,cf_93,counterfactual,0.93,0.0214505,Short,treat_e0.5,24,0,4.36508,0,0,0,0,0,0,0,0
WMT,cf_93,counterfactual,0.93,0.0214505,Weekend,control,396,0.000707633,4.44805,0.252525,0,0.169535,0.280223,3.2065,0,0,0
WMT,cf_93,counterfactual,0.93,0.0214505,Weekend,treat_e1,396,0.000707666,4.35205,0.252525,0,0.169535,0.280223,3.2065,0.048502,0.00461924,0.0180409
WMT,cf_93,counterfactual,0.93,0.0214505,Weekend,treat_e0.5,396,0.00070765,4.39986,0.252525,0,0.169535,0.280223,3.2065,0.048502,0.00230962,0.0180409
WMT,cf_93,counterfactual,0.93,0.0214505,Long,control,61,0.00399301,5.45667,1.63934,0.0974294,0.228959,0.243573,2.78713,0,0,0
WMT,cf_93,counterfactual,0.93,0.0214505,Long,treat_e1,61,0.00399318,5.30078,1.63934,0.0974294,0.228959,0.243573,2.78713,0.0466526,0.0044431,0.00356617
WMT,cf_93,counterfactual,0.93,0.0214505,Long,treat_e0.5,61,0.0039931,5.30066,1.63934,0.0974294,0.228959,0.243573,2.78713,0.0466526,0.00222155,0.00356617
WMT,cf_93,counterfactual,0.93,0.0214505,regular,control,2199,0,4.65991,0,0,0,0,0,0,0,
WMT,cf_93,counterfactual,0.93,0.0214505,regular,treat_e1,2199,0,4.65991,0,0,0,0,0,0,0,
WMT,cf_93,counterfactual,0.93,0.0214505,regular,treat_e0.5,2199,0,4.65991,0,0,0,0,0,0,0,
WMT,cf_95,counterfactual,0.95,0.0152284,blind,control,481,0.00166868,4.57182,0.4158,0,0.402039,0.419366,9.18428,0,0,0
WMT,cf_95,counterfactual,0.95,0.0152284,blind,treat_e1,481,0.00166895,4.29514,0.4158,0,0.402039,0.419366,9.18428,0.169372,0.0162227,0.0803189
WMT,cf_95,counterfactual,0.95,0.0152284,blind,treat_e0.5,481,0.00166881,4.37359,0.4158,0,0.402039,0.419366,9.18428,0.169372,0.00811136,0.0803189
WMT,cf_95,counterfactual,0.95,0.0152284,Short,control,24,0,4.36508,0,0,0,0,0,0,0,0
WMT,cf_95,counterfactual,0.95,0.0152284,Short,treat_e1,24,0,4.36508,0,0,0,0,0,0,0,0
WMT,cf_95,counterfactual,0.95,0.0152284,Short,treat_e0.5,24,0,4.36508,0,0,0,0,0,0,0,0
WMT,cf_95,counterfactual,0.95,0.0152284,Weekend,control,396,0.00105901,4.44805,0.252525,0,0.253716,0.419366,4.79867,0,0,0
WMT,cf_95,counterfactual,0.95,0.0152284,Weekend,treat_e1,396,0.00105918,4.18414,0.252525,0,0.253716,0.419366,4.79867,0.175145,0.0167923,0.0651429
WMT,cf_95,counterfactual,0.95,0.0152284,Weekend,treat_e0.5,396,0.00105909,4.25563,0.252525,0,0.253716,0.419366,4.79867,0.175145,0.00839616,0.0651429
WMT,cf_95,counterfactual,0.95,0.0152284,Long,control,61,0.00628309,5.45667,1.63934,0.153307,0.360272,0.383268,4.38561,0,0,0
WMT,cf_95,counterfactual,0.95,0.0152284,Long,treat_e1,61,0.00628428,4.98818,1.63934,0.153307,0.360272,0.383268,4.38561,0.198531,0.0189078,0.015176
WMT,cf_95,counterfactual,0.95,0.0152284,Long,treat_e0.5,61,0.00628368,5.14274,1.63934,0.153307,0.360272,0.383268,4.38561,0.198531,0.00945388,0.015176
WMT,cf_95,counterfactual,0.95,0.0152284,regular,control,2199,7.22094e-05,4.65991,0.0454752,0,0,0.158788,1.81696,0,0,
WMT,cf_95,counterfactual,0.95,0.0152284,regular,treat_e1,2199,7.22094e-05,4.65991,0.0454752,0,0,0.158788,1.81696,0,0,
WMT,cf_95,counterfactual,0.95,0.0152284,regular,treat_e0.5,2199,7.22094e-05,4.65991,0.0454752,0,0,0.158788,1.81696,0,0,
