ticker,d1,d2,cls,proxy_bps,ext_bps,post_visible_bps,pre_visible_bps,feed_err_adverse_bps,reopen_ref_bps_vs_feed,n2_lag_h,n2_trigger,n2_recorded_bps
AAPL,2024-10-04,2024-10-07,Weekend,-102.83,-87.17,-16.11,0.45,0.0,-87.17,0.0,deviation,-87.17
AAPL,2024-10-11,2024-10-14,Weekend,51.73,11.43,-5.28,45.58,2.2,9.23,2.0,deviation,49.88
AAPL,2024-10-18,2024-10-21,Weekend,-22.58,-12.35,-4.68,-5.54,41.64,-53.99,0.0,deviation,-53.99
AAPL,2024-10-25,2024-10-28,Weekend,82.42,71.61,-18.17,28.97,20.76,50.85,0.0,deviation,50.85
AAPL,2024-11-01,2024-11-04,Weekend,-82.82,-48.39,-7.86,-26.57,-20.06,-28.34,2.0,deviation,-49.88
AAPL,2024-11-08,2024-11-11,Weekend,-93.1,10.57,-8.37,-95.3,9.25,1.32,0.0,deviation,-49.88
AAPL,2024-11-15,2024-11-18,Weekend,12.44,30.17,4.89,-22.62,2.0,28.17,4.0,deviation,49.88
AAPL,2024-11-22,2024-11-25,Weekend,73.72,11.5,10.24,51.98,-3.27,14.78,4.0,deviation,49.88
AAPL,2024-11-27,2024-11-29,Short,-6.39,8.5,6.81,-21.69,-4.89,13.39,6.5,deviation,49.88
AAPL,2024-11-29,2024-12-02,Weekend,38.0,-12.65,41.8,8.85,1.05,-13.7,5.5,deviation,49.88
AAPL,2024-12-06,2024-12-09,Weekend,-18.96,15.66,-18.13,-16.49,24.93,-9.26,5.0,deviation,-49.88
AAPL,2024-12-13,2024-12-16,Weekend,-5.24,22.78,-14.32,-13.7,-4.24,27.02,0.0,deviation,49.88
AAPL,2024-12-20,2024-12-23,Weekend,29.42,7.83,28.24,-6.66,-9.01,16.84,4.0,deviation,49.88
AAPL,2024-12-24,2024-12-26,Short,62.72,8.52,31.04,23.16,-5.42,13.94,4.0,deviation,-49.88
AAPL,2024-12-27,2024-12-30,Weekend,-118.01,9.41,-35.65,-91.77,13.33,-3.92,4.0,deviation,-49.88
AAPL,2024-12-31,2025-01-02,Short,-58.08,33.09,1.6,-92.77,12.23,20.86,0.0,deviation,49.88
AAPL,2025-01-03,2025-01-06,Weekend,42.25,32.42,-1.64,11.47,14.99,17.43,0.0,deviation,49.88
AAPL,2025-01-08,2025-01-10,Short,-114.15,-4.33,-14.22,-95.6,3.3,-7.63,5.0,deviation,49.88
AAPL,2025-01-10,2025-01-13,Weekend,-145.83,218.23,5.06,-369.12,2.74,215.49,0.0,deviation,215.49
AAPL,2025-01-17,2025-01-21,Long,-263.9,-124.56,-6.74,-132.6,5.0,-129.56,0.0,deviation,-129.56
AAPL,2025-01-24,2025-01-27,Weekend,55.5,-158.09,-26.74,240.33,15.07,-173.15,0.0,deviation,-173.15
AAPL,2025-01-31,2025-02-03,Weekend,-275.97,-135.19,-38.44,-102.33,11.91,-147.1,0.0,deviation,-147.1
AAPL,2025-02-07,2025-02-10,Weekend,81.35,45.44,-19.12,55.04,11.87,33.56,0.0,deviation,49.88
AAPL,2025-02-14,2025-02-18,Long,-27.02,23.69,-2.45,-48.26,-32.41,56.1,0.0,deviation,56.1
AAPL,2025-02-21,2025-02-24,Weekend,21.35,4.49,-16.71,33.58,0.0,4.49,2.0,deviation,-49.88
AAPL,2025-02-28,2025-03-03,Weekend,-4.88,-26.01,8.63,12.5,-39.21,13.2,4.0,deviation,49.88
AAPL,2025-03-07,2025-03-10,Weekend,-151.3,-115.0,-13.39,-22.91,-4.19,-110.81,0.0,deviation,-110.81
AAPL,2025-03-14,2025-03-17,Weekend,-0.94,-25.81,-1.41,26.28,-3.75,-22.06,0.0,deviation,-49.88
AAPL,2025-03-21,2025-03-24,Weekend,120.18,73.68,-22.06,68.56,-7.29,80.97,0.0,deviation,80.97
AAPL,2025-03-28,2025-03-31,Weekend,-30.34,-45.22,-30.34,45.22,12.88,-58.1,0.0,deviation,-58.1
AAPL,2025-04-04,2025-04-07,Weekend,-623.11,-501.08,-95.51,-26.52,0.0,-501.08,0.0,deviation,-501.08
AAPL,2025-04-11,2025-04-14,Weekend,655.73,323.28,-55.71,388.16,-10.85,334.13,0.0,deviation,334.13
AAPL,2025-04-17,2025-04-21,Long,-180.42,-116.78,19.28,-82.92,17.79,-134.57,0.0,deviation,-134.57
AAPL,2025-04-25,2025-04-28,Weekend,39.59,-0.48,-30.16,70.23,-10.07,9.59,1.0,deviation,49.88
AAPL,2025-05-02,2025-05-05,Weekend,-106.51,-22.45,-9.26,-74.8,3.45,-25.89,0.0,deviation,-49.88
AAPL,2025-05-09,2025-05-12,Weekend,607.25,424.44,2.01,180.8,-4.02,428.47,0.0,deviation,428.47
AAPL,2025-05-16,2025-05-19,Weekend,-151.0,-6.73,-152.2,7.93,-4.81,-1.92,0.0,deviation,-49.88
AAPL,2025-05-23,2025-05-27,Long,150.39,142.49,23.52,-15.62,-13.8,156.29,0.0,deviation,156.29
AAPL,2025-05-30,2025-06-02,Weekend,47.98,-43.54,-19.95,111.47,8.54,-52.08,0.0,deviation,-52.08
AAPL,2025-06-06,2025-06-09,Weekend,23.02,9.29,27.42,-13.69,-24.0,33.28,0.0,deviation,49.88
AAPL,2025-06-13,2025-06-16,Weekend,42.67,62.94,-2.55,-17.73,2.54,60.4,0.0,deviation,60.4
AAPL,2025-06-18,2025-06-20,Short,100.64,4.59,-9.69,105.74,14.27,-9.68,5.0,deviation,49.88
AAPL,2025-06-20,2025-06-23,Weekend,29.42,-29.86,17.41,41.87,20.34,-50.2,0.0,deviation,-50.2
AAPL,2025-06-27,2025-06-30,Weekend,45.15,28.33,4.44,12.38,-7.19,35.51,0.0,deviation,49.88
AAPL,2025-07-03,2025-07-07,Long,-66.55,-45.04,-23.39,1.88,-16.39,-28.65,0.0,deviation,-49.88
AAPL,2025-07-11,2025-07-14,Weekend,-55.39,-34.25,-24.43,3.29,-6.18,-28.08,0.0,deviation,-49.88
AAPL,2025-07-18,2025-07-21,Weekend,39.22,30.24,3.79,5.19,-3.31,33.56,3.0,deviation,49.88
AAPL,2025-07-25,2025-07-28,Weekend,3.27,26.06,1.94,-24.73,-5.68,31.74,5.0,deviation,-49.88
AAPL,2025-08-01,2025-08-04,Weekend,109.89,50.8,-0.49,59.59,20.74,30.05,0.0,deviation,49.88
AAPL,2025-08-08,2025-08-11,Weekend,-114.88,-68.94,26.99,-72.94,-3.91,-65.02,0.0,deviation,-65.02
AAPL,2025-08-15,2025-08-18,Weekend,5.61,1.3,-20.31,24.62,3.89,-2.59,5.5,deviation,49.88
AAPL,2025-08-22,2025-08-25,Weekend,-59.23,-15.36,15.36,-59.23,-6.58,-8.78,3.0,deviation,-49.88
AAPL,2025-08-29,2025-09-02,Long,-152.71,-24.59,-10.34,-117.77,3.02,-27.61,0.0,deviation,-49.88
AAPL,2025-09-05,2025-09-08,Weekend,-15.45,44.63,-18.38,-41.7,17.54,27.09,4.0,deviation,49.88
AAPL,2025-09-12,2025-09-15,Weekend,124.83,16.65,-3.85,112.02,1.28,15.37,0.0,deviation,49.88
AAPL,2025-09-19,2025-09-22,Weekend,123.58,5.7,16.29,101.59,0.27,5.43,1.0,deviation,49.88
AAPL,2025-09-26,2025-09-29,Weekend,-32.15,4.3,0.78,-37.24,0.78,3.52,5.5,deviation,-49.88
AAPL,2025-10-03,2025-10-06,Weekend,-2.71,-4.27,-4.46,6.01,-2.33,-1.94,3.0,deviation,49.88
AAPL,2025-10-10,2025-10-13,Weekend,165.77,186.51,4.89,-25.63,-41.01,227.52,0.0,deviation,227.52
AAPL,2025-10-17,2025-10-20,Weekend,141.09,42.68,7.92,90.49,-7.92,50.6,0.0,deviation,50.6
AAPL,2025-10-24,2025-10-27,Weekend,81.12,65.94,9.89,5.29,10.64,55.3,0.0,deviation,55.3
AAPL,2025-10-31,2025-11-03,Weekend,6.29,18.52,-9.27,-2.96,9.3,9.22,4.0,deviation,49.88
AAPL,2025-11-07,2025-11-10,Weekend,19.73,44.94,7.45,-32.67,-3.35,48.29,0.0,deviation,49.88
AAPL,2025-11-14,2025-11-17,Weekend,-141.52,8.8,-0.73,-149.59,-2.94,11.74,2.0,deviation,-49.88
AAPL,2025-11-21,2025-11-24,Weekend,-22.12,44.16,-13.27,-53.02,-5.9,50.06,0.0,deviation,50.06
AAPL,2025-11-26,2025-11-28,Short,-7.57,6.38,17.73,-31.69,-12.26,18.64,5.5,deviation,-49.88
AAPL,2025-11-28,2025-12-01,Weekend,39.63,-56.57,47.54,48.65,16.86,-73.43,0.0,deviation,-73.43
AAPL,2025-12-05,2025-12-08,Weekend,-22.32,-17.21,11.83,-16.94,0.36,-17.57,4.0,deviation,-49.88
AAPL,2025-12-12,2025-12-15,Weekend,49.45,12.96,-25.54,62.03,-1.56,14.52,2.0,deviation,49.88
AAPL,2025-12-19,2025-12-22,Weekend,-29.64,21.95,-24.88,-26.72,24.88,-2.92,5.0,deviation,-49.88
AAPL,2025-12-24,2025-12-26,Short,-35.47,4.02,-69.6,30.11,42.56,-38.54,0.0,deviation,-49.88
AAPL,2025-12-26,2025-12-29,Weekend,-20.52,-9.53,-6.59,-4.4,6.59,-16.12,1.0,deviation,-49.88
AAPL,2025-12-31,2026-01-02,Short,31.22,35.21,11.4,-15.39,-2.21,37.42,0.0,deviation,49.88
AAPL,2026-01-02,2026-01-05,Weekend,-12.74,-5.91,-0.0,-6.83,-2.95,-2.95,5.5,deviation,-49.88
AAPL,2026-01-09,2026-01-12,Weekend,2.31,-73.19,-6.17,81.67,-2.85,-70.34,0.0,deviation,-70.34
AAPL,2026-01-16,2026-01-20,Long,-116.93,-134.47,-7.44,24.98,8.28,-142.76,0.0,deviation,-142.76
AAPL,2026-01-23,2026-01-26,Weekend,140.56,23.37,-1.61,118.8,-3.63,27.0,3.0,deviation,49.88
AAPL,2026-01-30,2026-02-02,Weekend,455.12,455.12,0.0,0.0,-46.74,501.86,0.0,deviation,501.86
AAPL,2026-02-06,2026-02-09,Weekend,-6.29,22.36,-37.83,9.18,9.62,12.74,5.5,deviation,-49.88
AAPL,2026-02-13,2026-02-17,Long,86.79,-4.34,-19.14,110.27,10.54,-14.88,4.0,deviation,-49.88
AAPL,2026-02-20,2026-02-23,Weekend,-41.66,-21.21,-10.59,-9.86,7.19,-28.4,1.0,deviation,-49.88
AAPL,2026-02-27,2026-03-02,Weekend,-65.7,-145.22,-22.36,101.87,22.36,-167.58,0.0,deviation,-167.58
AAPL,2026-03-06,2026-03-09,Weekend,-68.21,-112.36,-22.17,66.32,5.06,-117.42,0.0,deviation,-117.42
AAPL,2026-03-13,2026-03-16,Weekend,79.25,33.56,-9.4,55.09,1.6,31.96,0.0,deviation,49.88
AAPL,2026-03-20,2026-03-23,Weekend,231.0,-164.27,64.66,330.62,-10.01,-154.26,0.0,deviation,-154.26
AAPL,2026-03-27,2026-03-30,Weekend,55.15,37.04,-55.2,73.31,31.44,5.6,0.0,deviation,49.88
AAPL,2026-04-02,2026-04-06,Long,41.82,41.87,-21.13,21.08,-9.01,50.89,0.0,deviation,50.89
AAPL,2026-04-10,2026-04-13,Weekend,-26.92,-66.89,23.78,16.19,-17.26,-49.63,0.0,deviation,-49.88
AAPL,2026-04-17,2026-04-20,Weekend,5.36,-4.33,15.35,-5.65,-14.05,9.72,4.5,deviation,49.88
AAPL,2026-04-24,2026-04-27,Weekend,-185.06,-66.36,-4.43,-114.27,-9.6,-56.76,0.0,deviation,-56.76
AAPL,2026-05-01,2026-05-04,Weekend,-17.68,-10.04,-1.75,-5.9,-12.18,2.14,2.0,deviation,-49.88
AAPL,2026-05-08,2026-05-11,Weekend,-44.46,-47.76,19.76,-16.46,-35.23,-12.52,3.0,deviation,49.88
AAPL,2026-05-15,2026-05-18,Weekend,0.67,-24.24,-12.47,37.37,-5.51,-18.74,0.0,deviation,-49.88
AAPL,2026-05-22,2026-05-26,Long,16.82,29.14,-15.55,3.23,7.09,22.05,0.0,deviation,49.88
AAPL,2026-05-29,2026-06-01,Weekend,-81.56,-36.68,-23.1,-21.78,14.44,-51.12,0.0,deviation,-51.12
AAPL,2026-06-05,2026-06-08,Weekend,43.79,17.23,12.65,13.91,-19.81,37.04,0.0,deviation,49.88
AAPL,2026-06-12,2026-06-15,Weekend,103.9,77.93,17.13,8.84,-5.52,83.45,0.0,deviation,83.45
AAPL,2026-06-18,2026-06-22,Long,-13.1,-28.64,-23.19,38.73,27.55,-56.19,0.0,deviation,-56.19
AAPL,2026-06-26,2026-06-29,Weekend,199.28,80.71,46.15,72.42,-3.57,84.28,0.0,deviation,84.28
AAPL,2026-07-02,2026-07-06,Long,-17.54,-70.3,7.16,45.61,-10.79,-59.51,0.0,deviation,-59.51
AAPL,2026-07-10,2026-07-13,Weekend,53.3,27.27,-11.42,37.45,2.48,24.79,3.0,deviation,49.88
AAPL,2026-07-17,2026-07-20,Weekend,-21.45,-19.64,-2.25,0.45,-25.05,5.41,0.0,deviation,49.88
AAPL,2026-07-24,2026-07-27,Weekend,54.79,25.13,21.89,7.77,-37.04,62.17,0.0,deviation,62.17
AAPL,2026-07-31,2026-08-03,Weekend,24.89,52.9,-54.84,26.83,-21.17,74.07,0.0,deviation,74.07
AAPL,2026-08-07,2026-08-10,Weekend,-208.67,-6.9,-1.6,-200.18,26.46,-33.36,3.0,deviation,-49.88
AAPL,2026-08-14,2026-08-17,Weekend,8.49,10.44,-5.87,3.92,-17.41,27.85,0.0,deviation,49.88
AAPL,2026-08-21,2026-08-24,Weekend,66.03,11.3,8.72,46.02,10.4,0.89,5.0,deviation,49.88
AAPL,2026-08-28,2026-08-31,Weekend,-2.5,-28.49,8.13,17.85,0.0,-28.49,0.0,deviation,-49.88
AAPL,2026-09-04,2026-09-08,Long,-90.09,-34.12,0.63,-56.6,0.0,-34.12,0.0,deviation,-49.88
AAPL,2026-09-11,2026-09-14,Weekend,77.95,-66.07,9.63,134.4,3.61,-69.68,0.0,deviation,-69.68
AAPL,2026-09-18,2026-09-21,Weekend,-11.63,16.71,-23.57,-4.77,2.39,14.32,4.0,deviation,49.88
AAPL,2026-09-25,2026-09-28,Weekend,-19.67,-30.22,12.32,-1.76,-10.56,-19.66,5.5,deviation,49.88
NVDA,2024-10-04,2024-10-07,Weekend,4.8,-22.52,-36.1,63.43,0.0,-22.52,1.0,deviation,-49.88
NVDA,2024-10-11,2024-10-14,Weekend,123.9,56.4,-28.24,95.74,9.67,46.73,0.0,deviation,49.88
NVDA,2024-10-18,2024-10-21,Weekend,11.95,23.16,0.0,-11.21,1.44,21.72,0.0,deviation,49.88
NVDA,2024-10-25,2024-10-28,Weekend,63.4,74.52,-30.09,18.97,-11.31,85.83,0.0,deviation,85.83
NVDA,2024-11-01,2024-11-04,Weekend,134.64,-1.43,283.92,-147.85,-11.48,10.06,1.0,deviation,-49.88
NVDA,2024-11-08,2024-11-11,Weekend,79.68,71.61,0.0,8.07,3.39,68.22,0.0,deviation,68.22
NVDA,2024-11-15,2024-11-18,Weekend,-151.19,62.34,24.6,-238.13,-6.16,68.5,0.0,deviation,68.5
NVDA,2024-11-22,2024-11-25,Weekend,4.93,85.01,-11.28,-68.79,20.78,64.23,0.0,deviation,64.23
NVDA,2024-11-27,2024-11-29,Short,105.04,156.05,0.74,-51.75,-8.86,164.92,0.0,deviation,164.92
NVDA,2024-11-29,2024-12-02,Weekend,1.44,-10.88,-50.54,62.86,-2.89,-7.99,0.0,deviation,-49.88
NVDA,2024-12-06,2024-12-09,Weekend,-313.86,6.34,-33.76,-286.44,13.38,-7.04,0.0,deviation,-49.88
NVDA,2024-12-13,2024-12-16,Weekend,-4.1,19.38,-15.66,-7.82,-1.12,20.5,0.0,deviation,-49.88
NVDA,2024-12-20,2024-12-23,Weekend,97.33,69.82,46.57,-19.06,-21.41,91.23,0.0,deviation,91.23
NVDA,2024-12-24,2024-12-26,Short,-88.44,42.84,-70.9,-60.38,-1.43,44.27,0.0,deviation,-49.88
NVDA,2024-12-27,2024-12-30,Weekend,-147.32,-42.52,-32.87,-71.94,5.85,-48.37,0.0,deviation,-49.88
NVDA,2024-12-31,2025-01-02,Short,155.9,37.93,-5.96,123.93,-6.93,44.86,0.0,deviation,49.88
NVDA,2025-01-03,2025-01-06,Weekend,270.87,61.23,22.11,187.54,-24.18,85.41,0.0,deviation,85.41
NVDA,2025-01-08,2025-01-10,Short,-193.93,-78.34,-119.96,4.37,37.51,-115.85,0.0,deviation,-115.85
NVDA,2025-01-10,2025-01-13,Weekend,-317.82,-194.85,-5.89,-117.08,0.0,-194.85,0.0,deviation,-194.85
NVDA,2025-01-17,2025-01-21,Long,103.29,68.04,-3.63,38.88,1.09,66.95,0.0,deviation,66.95
NVDA,2025-01-24,2025-01-27,Weekend,-1334.14,-667.45,-29.52,-637.17,8.09,-675.53,0.0,deviation,-675.53
NVDA,2025-01-31,2025-02-03,Weekend,-450.85,-172.68,-23.39,-254.77,5.08,-177.76,0.0,deviation,-177.76
NVDA,2025-02-07,2025-02-10,Weekend,14.62,84.92,-68.0,-2.31,10.85,74.07,0.0,deviation,74.07
NVDA,2025-02-14,2025-02-18,Long,170.65,101.59,-19.82,88.89,3.16,98.43,0.0,deviation,98.43
NVDA,2025-02-21,2025-02-24,Weekend,183.38,73.79,55.7,53.89,20.72,53.07,0.0,deviation,53.07
NVDA,2025-02-28,2025-03-03,Weekend,-124.32,-17.65,-21.61,-85.06,-15.25,-2.4,0.0,deviation,-49.88
NVDA,2025-03-07,2025-03-10,Weekend,-213.38,-199.1,-55.15,40.86,28.5,-227.6,0.0,deviation,-227.6
NVDA,2025-03-14,2025-03-17,Weekend,105.45,-36.28,1.64,140.1,-9.9,-26.38,0.0,deviation,49.88
NVDA,2025-03-21,2025-03-24,Weekend,189.88,123.34,0.42,66.11,6.72,116.62,0.0,deviation,116.62
NVDA,2025-03-28,2025-03-31,Weekend,-421.95,-201.05,-56.71,-164.19,21.99,-223.04,0.0,deviation,-223.04
NVDA,2025-04-04,2025-04-07,Weekend,-665.2,-623.8,-184.05,142.66,0.0,-623.8,0.0,deviation,-623.8
NVDA,2025-04-11,2025-04-14,Weekend,306.92,354.09,1.78,-48.94,-10.37,364.45,0.0,deviation,364.45
NVDA,2025-04-17,2025-04-21,Long,-213.28,-126.24,-12.78,-74.27,-5.48,-120.76,0.0,deviation,-120.76
NVDA,2025-04-25,2025-04-28,Weekend,-114.66,-82.38,-9.06,-23.22,-10.79,-71.59,0.0,deviation,-71.59
NVDA,2025-05-02,2025-05-05,Weekend,-130.67,-32.38,-14.06,-84.23,0.96,-33.35,0.0,deviation,-49.88
NVDA,2025-05-09,2025-05-12,Weekend,446.02,306.31,-20.66,160.37,0.0,306.31,0.0,deviation,306.31
NVDA,2025-05-16,2025-05-19,Weekend,-217.39,16.64,-240.83,6.8,41.56,-24.92,0.0,deviation,-49.88
NVDA,2025-05-23,2025-05-27,Long,214.16,287.07,-10.67,-62.24,6.85,280.21,0.0,deviation,280.21
NVDA,2025-05-30,2025-06-02,Weekend,113.2,-73.72,-21.66,208.58,1.41,-75.13,0.0,deviation,-75.13
NVDA,2025-06-06,2025-06-09,Weekend,106.01,20.44,14.79,70.78,-17.97,38.4,0.0,deviation,49.88
NVDA,2025-06-13,2025-06-16,Weekend,97.09,61.87,-11.28,46.5,2.12,59.75,0.0,deviation,59.75
NVDA,2025-06-18,2025-06-20,Short,-2.41,-6.55,-27.19,31.33,-6.55,0.0,5.0,deviation,-49.88
NVDA,2025-06-20,2025-06-23,Weekend,-24.37,-32.1,-11.82,19.54,-2.1,-30.0,3.0,deviation,-49.88
NVDA,2025-06-27,2025-06-30,Weekend,41.44,88.46,-12.05,-34.98,-11.44,99.89,0.0,deviation,99.89
NVDA,2025-07-03,2025-07-07,Long,-74.29,-43.42,-8.14,-22.73,0.0,-43.42,0.0,deviation,-49.88
NVDA,2025-07-11,2025-07-14,Weekend,33.0,-0.91,3.33,30.57,1.52,-2.43,2.0,deviation,49.88
NVDA,2025-07-18,2025-07-21,Weekend,19.99,29.55,-1.74,-7.81,5.8,23.75,5.5,deviation,49.88
NVDA,2025-07-25,2025-07-28,Weekend,30.5,66.1,-5.18,-30.41,4.61,61.49,0.0,deviation,61.49
NVDA,2025-08-01,2025-08-04,Weekend,90.04,129.59,-62.99,23.43,38.77,90.83,0.0,deviation,90.83
NVDA,2025-08-08,2025-08-11,Weekend,-32.34,-23.58,4.41,-13.17,-5.5,-18.08,0.0,deviation,-49.88
NVDA,2025-08-15,2025-08-18,Weekend,11.63,19.45,-38.31,30.49,24.44,-4.99,0.0,deviation,-49.88
NVDA,2025-08-22,2025-08-25,Weekend,18.8,16.25,16.84,-14.29,-15.15,31.4,4.0,deviation,49.88
NVDA,2025-08-29,2025-09-02,Long,-307.64,-73.38,-33.92,-200.35,10.94,-84.32,0.0,deviation,-84.32
NVDA,2025-09-05,2025-09-08,Weekend,31.08,46.25,-57.03,41.86,10.45,35.8,0.0,deviation,49.88
NVDA,2025-09-12,2025-09-15,Weekend,-120.53,-2.82,-14.63,-103.08,12.94,-15.75,0.0,deviation,-49.88
NVDA,2025-09-19,2025-09-22,Weekend,-65.48,-17.63,-26.2,-21.65,4.54,-22.17,0.0,deviation,-49.88
NVDA,2025-09-26,2025-09-29,Weekend,125.2,75.22,-30.98,80.97,0.91,74.31,0.0,deviation,74.31
NVDA,2025-10-03,2025-10-06,Weekend,-110.46,18.63,2.08,-131.17,-9.33,27.96,0.0,deviation,49.88
NVDA,2025-10-10,2025-10-13,Weekend,260.05,258.64,3.28,-1.86,-16.94,275.58,0.0,deviation,275.58
NVDA,2025-10-17,2025-10-20,Weekend,-9.28,52.23,4.91,-66.42,19.62,32.61,0.0,deviation,49.88
NVDA,2025-10-24,2025-10-27,Weekend,197.75,175.96,10.73,11.06,18.26,157.7,0.0,deviation,157.7
NVDA,2025-10-31,2025-11-03,Weekend,275.57,66.9,10.86,197.8,-6.85,73.74,0.0,deviation,73.74
NVDA,2025-11-07,2025-11-10,Weekend,358.19,186.16,92.27,79.76,-5.79,191.95,0.0,deviation,191.95
NVDA,2025-11-14,2025-11-17,Weekend,-230.25,74.14,30.97,-335.36,0.0,74.14,0.0,deviation,74.14
NVDA,2025-11-21,2025-11-24,Weekend,31.25,63.06,71.28,-103.09,-6.11,69.16,0.0,deviation,69.16
NVDA,2025-11-26,2025-11-28,Short,-66.82,33.5,-26.84,-73.48,7.4,26.1,2.0,deviation,49.88
NVDA,2025-11-28,2025-12-01,Weekend,-138.37,-57.91,-27.94,-52.52,-3.96,-53.95,0.0,deviation,-53.95
NVDA,2025-12-05,2025-12-08,Weekend,15.34,11.52,-5.49,9.31,6.04,5.48,5.5,deviation,49.88
NVDA,2025-12-12,2025-12-15,Weekend,119.29,76.86,-0.57,43.01,0.57,76.28,0.0,deviation,76.28
NVDA,2025-12-19,2025-12-22,Weekend,131.19,67.63,14.9,48.65,-17.03,84.67,0.0,deviation,84.67
NVDA,2025-12-24,2025-12-26,Short,93.86,113.16,-9.3,-10.0,-5.32,118.48,0.0,deviation,118.48
NVDA,2025-12-26,2025-12-29,Weekend,-150.17,-91.93,-21.01,-37.22,0.0,-91.93,0.0,deviation,-91.93
NVDA,2025-12-31,2026-01-02,Short,195.93,144.24,2.14,49.55,2.68,141.56,0.0,deviation,141.56
NVDA,2026-01-02,2026-01-05,Weekend,206.53,51.47,6.62,148.44,-8.21,59.68,0.0,deviation,59.68
NVDA,2026-01-09,2026-01-12,Weekend,-90.21,-117.51,2.7,24.59,4.34,-121.85,0.0,deviation,-121.85
NVDA,2026-01-16,2026-01-20,Long,-235.25,-260.77,2.95,22.56,-2.95,-257.82,0.0,deviation,-257.82
NVDA,2026-01-23,2026-01-26,Weekend,-32.02,-8.01,-22.4,-1.6,12.01,-20.02,0.0,deviation,-49.88
NVDA,2026-01-30,2026-02-02,Weekend,-113.09,-113.09,0.0,0.0,-19.0,-94.1,0.0,deviation,-94.1
NVDA,2026-02-06,2026-02-09,Weekend,-70.9,-13.51,-12.41,-44.98,-1.09,-12.43,1.0,deviation,-49.88
NVDA,2026-02-13,2026-02-17,Long,-58.44,-57.02,6.29,-7.7,5.47,-62.49,0.0,deviation,-62.49
NVDA,2026-02-20,2026-02-23,Weekend,84.72,-43.29,1.05,126.95,5.79,-49.08,0.0,deviation,-49.88
NVDA,2026-02-27,2026-03-02,Weekend,-134.11,-174.51,49.55,-9.15,-3.93,-170.58,0.0,deviation,-170.58
NVDA,2026-03-06,2026-03-09,Weekend,-48.52,-134.55,21.92,64.11,-2.53,-132.02,0.0,deviation,-132.02
NVDA,2026-03-13,2026-03-16,Weekend,148.94,95.1,-3.71,57.55,2.85,92.25,0.0,deviation,92.25
NVDA,2026-03-20,2026-03-23,Weekend,242.7,-264.83,106.94,400.58,0.0,-264.83,0.0,deviation,-264.83
NVDA,2026-03-27,2026-03-30,Weekend,75.85,71.84,-53.35,57.35,5.86,65.98,0.0,deviation,65.98
NVDA,2026-04-02,2026-04-06,Long,-18.05,72.69,-41.8,-48.94,1.13,71.56,0.0,deviation,71.56
NVDA,2026-04-10,2026-04-13,Weekend,-139.86,-119.05,-11.67,-9.13,16.47,-135.52,0.0,deviation,-135.52
NVDA,2026-04-17,2026-04-20,Weekend,-83.16,-90.91,-32.29,40.03,5.92,-96.83,0.0,deviation,-96.83
NVDA,2026-04-24,2026-04-27,Weekend,69.65,20.14,-3.34,52.85,-8.23,28.37,0.0,deviation,49.88
NVDA,2026-05-01,2026-05-04,Weekend,5.04,81.43,-14.63,-61.77,7.57,73.86,0.0,deviation,73.86
NVDA,2026-05-08,2026-05-11,Weekend,-59.66,-6.51,-7.44,-45.71,-3.72,-2.79,0.0,deviation,-49.88
NVDA,2026-05-15,2026-05-18,Weekend,201.74,36.87,-36.43,201.3,31.99,4.88,0.0,deviation,-49.88
NVDA,2026-05-22,2026-05-26,Long,61.48,131.78,-44.35,-25.94,35.05,96.72,0.0,deviation,96.72
NVDA,2026-05-29,2026-06-01,Weekend,216.91,153.18,63.26,0.46,0.47,152.71,0.0,deviation,152.71
NVDA,2026-06-05,2026-06-08,Weekend,244.42,147.03,-52.17,149.56,0.0,147.03,0.0,deviation,147.03
NVDA,2026-06-12,2026-06-15,Weekend,179.96,219.37,14.31,-53.72,-4.58,223.95,0.0,deviation,223.95
NVDA,2026-06-18,2026-06-22,Long,57.63,-18.08,4.76,70.96,-7.34,-10.75,0.0,deviation,-49.88
NVDA,2026-06-26,2026-06-29,Weekend,21.1,112.44,55.66,-146.99,-21.81,134.25,0.0,deviation,134.25
NVDA,2026-07-02,2026-07-06,Long,-11.82,32.54,-11.49,-32.87,8.36,24.17,0.0,deviation,49.88
NVDA,2026-07-10,2026-07-13,Weekend,-114.9,-136.27,-18.03,39.4,-10.93,-125.34,0.0,deviation,-125.34
NVDA,2026-07-17,2026-07-20,Weekend,163.24,31.13,-7.47,139.58,9.2,21.93,0.0,deviation,49.88
NVDA,2026-07-24,2026-07-27,Weekend,55.41,91.48,-7.76,-28.31,11.14,80.34,0.0,deviation,80.34
NVDA,2026-07-31,2026-08-03,Weekend,-115.7,151.67,-93.08,-174.29,4.55,147.12,0.0,deviation,147.12
NVDA,2026-08-07,2026-08-10,Weekend,-23.69,48.87,-9.74,-62.81,-18.21,67.08,0.0,deviation,67.08
NVDA,2026-08-14,2026-08-17,Weekend,38.12,47.5,-19.56,10.18,10.74,36.77,0.0,deviation,49.88
NVDA,2026-08-21,2026-08-24,Weekend,29.29,-9.29,29.29,9.29,-29.0,19.71,0.0,deviation,49.88
NVDA,2026-08-28,2026-08-31,Weekend,60.59,50.76,16.08,-6.25,0.0,50.76,0.0,deviation,50.76
NVDA,2026-09-04,2026-09-08,Long,123.61,65.15,-36.75,95.22,0.0,65.15,0.0,deviation,65.15
NVDA,2026-09-11,2026-09-14,Weekend,-331.75,-199.91,2.75,-134.58,4.57,-204.48,0.0,deviation,-204.48
NVDA,2026-09-18,2026-09-21,Weekend,37.98,30.06,19.79,-11.88,-10.38,40.44,0.0,deviation,49.88
NVDA,2026-09-25,2026-09-28,Weekend,203.18,-37.85,-3.56,244.59,8.38,-46.23,0.0,deviation,-49.88
TSLA,2024-10-04,2024-10-07,Weekend,-46.91,31.94,4.8,-83.65,0.0,31.94,0.0,deviation,49.88
TSLA,2024-10-11,2024-10-14,Weekend,112.59,107.91,13.54,-8.85,9.86,98.05,0.0,deviation,98.05
TSLA,2024-10-18,2024-10-21,Weekend,-82.57,-6.82,-25.63,-50.13,-15.91,9.1,3.0,deviation,-49.88
TSLA,2024-10-25,2024-10-28,Weekend,5.2,71.63,-75.72,9.29,37.81,33.82,0.0,deviation,49.88
TSLA,2024-11-01,2024-11-04,Weekend,-173.9,-55.49,20.87,-139.28,-4.01,-51.48,0.0,deviation,-51.48
TSLA,2024-11-08,2024-11-11,Weekend,655.09,212.34,80.29,362.46,0.0,212.34,0.0,deviation,212.34
TSLA,2024-11-15,2024-11-18,Weekend,601.5,501.86,-13.41,113.05,-4.68,506.55,0.0,deviation,506.55
TSLA,2024-11-22,2024-11-25,Weekend,222.27,89.01,23.79,109.47,-4.24,93.25,0.0,deviation,93.25
TSLA,2024-11-27,2024-11-29,Short,102.84,111.8,-4.21,-4.76,3.91,107.9,0.0,deviation,107.9
TSLA,2024-11-29,2024-12-02,Weekend,368.83,108.56,164.93,95.34,-11.59,120.14,0.0,deviation,120.14
TSLA,2024-12-06,2024-12-09,Weekend,200.1,160.2,58.26,-18.36,3.7,156.5,0.0,deviation,156.5
TSLA,2024-12-13,2024-12-16,Weekend,112.67,82.35,-18.82,49.14,-3.68,86.02,0.0,deviation,86.02
TSLA,2024-12-20,2024-12-23,Weekend,243.39,136.94,121.23,-14.78,-48.98,185.92,0.0,deviation,185.92
TSLA,2024-12-24,2024-12-26,Short,209.36,40.77,208.28,-39.69,14.93,25.84,0.0,deviation,-49.88
TSLA,2024-12-27,2024-12-30,Weekend,-293.96,-62.15,-17.29,-214.52,31.05,-93.19,0.0,deviation,-93.19
TSLA,2024-12-31,2025-01-02,Short,-351.72,148.89,-24.56,-476.06,-23.62,172.51,0.0,deviation,172.51
TSLA,2025-01-03,2025-01-06,Weekend,270.9,-20.41,29.41,261.9,-36.48,16.07,0.0,deviation,49.88
TSLA,2025-01-08,2025-01-10,Short,-148.44,47.14,-34.24,-161.34,11.55,35.59,0.0,deviation,49.88
TSLA,2025-01-10,2025-01-13,Weekend,-349.32,-204.11,-31.12,-114.08,-1.99,-202.12,0.0,deviation,-202.12
TSLA,2025-01-17,2025-01-21,Long,147.33,89.13,30.9,27.3,19.85,69.28,0.0,deviation,69.28
TSLA,2025-01-24,2025-01-27,Weekend,-299.7,-191.28,-9.6,-98.82,-5.53,-185.75,0.0,deviation,-185.75
TSLA,2025-01-31,2025-02-03,Weekend,-452.26,9.42,-30.94,-430.73,30.94,-21.53,0.0,deviation,-49.88
TSLA,2025-02-07,2025-02-10,Weekend,-146.3,-36.06,-87.52,-22.71,0.0,-36.06,0.0,deviation,-49.88
TSLA,2025-02-14,2025-02-18,Long,-17.44,26.23,-51.55,7.88,26.23,0.0,0.0,deviation,49.88
TSLA,2025-02-21,2025-02-24,Weekend,77.03,-19.74,17.66,79.1,10.74,-30.47,0.0,deviation,-49.88
TSLA,2025-02-28,2025-03-03,Weekend,237.77,177.4,-18.77,79.13,-10.94,188.34,0.0,deviation,188.34
TSLA,2025-03-07,2025-03-10,Weekend,-389.39,-339.57,-9.52,-40.3,8.32,-347.88,0.0,deviation,-347.88
TSLA,2025-03-14,2025-03-17,Weekend,-202.47,-154.49,-6.02,-41.96,36.76,-191.25,0.0,deviation,-191.25
TSLA,2025-03-21,2025-03-24,Weekend,353.36,236.9,13.44,103.02,12.02,224.88,0.0,deviation,224.88
TSLA,2025-03-28,2025-03-31,Weekend,-558.8,-4.61,-128.72,-425.46,22.52,-27.13,0.0,deviation,-49.88
TSLA,2025-04-04,2025-04-07,Weekend,-707.13,-843.54,-174.2,310.6,48.49,-892.02,0.0,deviation,-892.02
TSLA,2025-04-11,2025-04-14,Weekend,240.75,235.19,31.28,-25.71,-34.45,269.64,0.0,deviation,269.64
TSLA,2025-04-17,2025-04-21,Long,-511.32,-189.42,-26.95,-294.95,31.01,-220.43,0.0,deviation,-220.43
TSLA,2025-04-25,2025-04-28,Weekend,145.14,52.84,4.39,87.91,-42.55,95.39,0.0,deviation,95.39
TSLA,2025-05-02,2025-05-05,Weekend,-93.74,-33.34,40.3,-100.7,-12.49,-20.85,0.0,deviation,-49.88
TSLA,2025-05-09,2025-05-12,Weekend,769.15,640.48,39.28,89.39,-20.91,661.38,0.0,deviation,661.38
TSLA,2025-05-16,2025-05-19,Weekend,-343.16,-53.95,-279.75,-9.46,0.0,-53.95,0.0,deviation,-53.95
TSLA,2025-05-23,2025-05-27,Long,231.83,216.84,13.84,1.15,0.74,216.1,0.0,deviation,216.1
TSLA,2025-05-30,2025-06-02,Weekend,-87.44,-133.79,-6.89,53.24,-6.04,-127.75,0.0,deviation,-127.75
TSLA,2025-06-06,2025-06-09,Weekend,-327.97,-55.58,85.86,-358.25,-36.5,-19.09,0.0,deviation,-49.88
TSLA,2025-06-13,2025-06-16,Weekend,177.6,104.37,48.14,25.09,-0.12,104.49,0.0,deviation,104.49
TSLA,2025-06-18,2025-06-20,Short,175.88,123.57,12.57,39.74,-2.08,125.65,0.0,deviation,125.65
TSLA,2025-06-20,2025-06-23,Weekend,268.53,121.68,16.73,130.12,5.79,115.88,0.0,deviation,115.88
TSLA,2025-06-27,2025-06-30,Weekend,4.01,39.89,-33.72,-2.16,5.89,34.01,0.0,deviation,-49.88
TSLA,2025-07-03,2025-07-07,Long,-742.16,-467.13,-140.37,-134.66,0.0,-467.13,0.0,deviation,-467.13
TSLA,2025-07-11,2025-07-14,Weekend,134.03,47.52,-22.35,108.86,-12.16,59.68,0.0,deviation,59.68
TSLA,2025-07-18,2025-07-21,Weekend,144.9,114.66,-0.91,31.15,8.8,105.86,0.0,deviation,105.86
TSLA,2025-07-25,2025-07-28,Weekend,93.68,98.67,49.07,-54.07,-7.23,105.91,0.0,deviation,105.91
TSLA,2025-08-01,2025-08-04,Weekend,210.74,130.03,-51.68,132.4,47.06,82.97,0.0,deviation,82.97
TSLA,2025-08-08,2025-08-11,Weekend,160.08,109.07,12.73,38.28,-11.22,120.28,0.0,deviation,120.28
TSLA,2025-08-15,2025-08-18,Weekend,-30.6,-4.54,-13.62,-12.43,-1.51,-3.03,0.0,deviation,-49.88
TSLA,2025-08-22,2025-08-25,Weekend,-32.99,-33.74,40.8,-40.05,-27.57,-6.17,0.0,deviation,-49.88
TSLA,2025-08-29,2025-09-02,Long,-210.91,-41.38,-2.13,-167.4,-13.5,-27.88,0.0,deviation,-49.88
TSLA,2025-09-05,2025-09-08,Weekend,110.22,112.13,-39.99,38.08,22.01,90.12,0.0,deviation,90.12
TSLA,2025-09-12,2025-09-15,Weekend,664.31,181.72,-16.43,499.01,-8.86,190.58,0.0,deviation,190.58
TSLA,2025-09-19,2025-09-22,Weekend,123.45,104.04,-8.69,28.1,2.71,101.33,0.0,deviation,101.33
TSLA,2025-09-26,2025-09-29,Weekend,88.95,80.58,-9.31,17.68,0.87,79.72,0.0,deviation,79.72
TSLA,2025-10-03,2025-10-06,Weekend,254.28,124.37,1.4,128.51,19.98,104.38,0.0,deviation,104.38
TSLA,2025-10-10,2025-10-13,Weekend,248.52,319.29,-126.86,56.09,24.72,294.57,0.0,deviation,294.57
TSLA,2025-10-17,2025-10-20,Weekend,102.32,80.66,5.47,16.18,-10.71,91.37,0.0,deviation,91.37
TSLA,2025-10-24,2025-10-27,Weekend,144.25,124.19,3.0,17.06,-10.45,134.64,0.0,deviation,134.64
TSLA,2025-10-31,2025-11-03,Weekend,-11.62,2.85,-10.74,-3.73,-12.84,15.69,0.0,deviation,49.88
TSLA,2025-11-07,2025-11-10,Weekend,235.91,198.23,79.45,-41.77,0.0,198.23,0.0,deviation,198.23
TSLA,2025-11-14,2025-11-17,Weekend,-135.46,99.59,8.65,-243.69,0.0,99.59,0.0,deviation,99.59
TSLA,2025-11-21,2025-11-24,Weekend,276.31,76.62,70.3,129.39,-13.97,90.59,0.0,deviation,90.59
TSLA,2025-11-26,2025-11-28,Short,-0.12,27.88,-6.45,-21.55,-2.35,30.23,0.0,deviation,49.88
TSLA,2025-11-28,2025-12-01,Weekend,-102.21,-103.38,12.21,-11.04,-2.21,-101.17,0.0,deviation,-101.17
TSLA,2025-12-05,2025-12-08,Weekend,-167.91,-95.5,-9.68,-62.73,19.58,-115.08,0.0,deviation,-115.08
TSLA,2025-12-12,2025-12-15,Weekend,317.87,132.28,-63.48,249.07,-0.25,132.52,0.0,deviation,132.52
TSLA,2025-12-19,2025-12-22,Weekend,171.93,104.1,44.3,23.53,-0.93,105.03,0.0,deviation,105.03
TSLA,2025-12-24,2025-12-26,Short,87.42,13.21,51.55,22.66,2.06,11.14,5.5,deviation,-49.88
TSLA,2025-12-26,2025-12-29,Weekend,-131.12,-115.71,-12.42,-2.98,7.8,-123.51,0.0,deviation,-123.51
TSLA,2025-12-31,2026-01-02,Short,180.79,199.21,5.34,-23.76,2.22,196.98,0.0,deviation,196.98
TSLA,2026-01-02,2026-01-05,Weekend,206.71,96.87,60.52,49.31,0.0,96.87,0.0,deviation,96.87
TSLA,2026-01-09,2026-01-12,Weekend,-84.97,-77.1,6.52,-14.38,-1.91,-75.19,0.0,deviation,-75.19
TSLA,2026-01-16,2026-01-20,Long,-187.47,-296.13,3.89,104.78,0.0,-296.13,0.0,deviation,-296.13
TSLA,2026-01-23,2026-01-26,Weekend,-90.37,-29.3,-29.66,-31.41,-1.56,-27.74,0.0,deviation,-49.88
TSLA,2026-01-30,2026-02-02,Weekend,-130.21,-130.21,0.0,0.0,42.3,-172.52,0.0,deviation,-172.52
TSLA,2026-02-06,2026-02-09,Weekend,-26.92,68.08,8.51,-103.51,11.18,56.9,0.0,deviation,56.9
TSLA,2026-02-13,2026-02-17,Long,-120.94,-56.7,0.48,-64.73,4.07,-60.77,0.0,deviation,-60.77
TSLA,2026-02-20,2026-02-23,Weekend,-108.06,-87.16,-8.26,-12.64,-2.43,-84.73,0.0,deviation,-84.73
TSLA,2026-02-27,2026-03-02,Weekend,-305.29,-295.87,-18.9,9.48,-3.24,-292.64,0.0,deviation,-292.64
TSLA,2026-03-06,2026-03-09,Weekend,-165.52,-152.14,-12.36,-1.03,-6.57,-145.57,0.0,deviation,-145.57
TSLA,2026-03-13,2026-03-16,Weekend,125.88,114.21,-29.7,41.36,10.51,103.71,0.0,deviation,103.71
TSLA,2026-03-20,2026-03-23,Weekend,138.05,18.56,95.74,23.75,-26.48,45.04,0.0,deviation,-49.88
TSLA,2026-03-27,2026-03-30,Weekend,112.7,85.68,-37.39,64.41,13.59,72.09,0.0,deviation,72.09
TSLA,2026-04-02,2026-04-06,Long,113.9,84.92,19.65,9.33,1.69,83.24,0.0,deviation,83.24
TSLA,2026-04-10,2026-04-13,Weekend,28.55,-96.11,68.13,56.53,0.0,-96.11,0.0,deviation,-96.11
TSLA,2026-04-17,2026-04-20,Weekend,47.81,-65.04,9.73,103.12,4.49,-69.53,0.0,deviation,-69.53
TSLA,2026-04-24,2026-04-27,Weekend,-106.64,9.32,-24.22,-91.74,-2.93,12.25,0.0,deviation,49.88
TSLA,2026-05-01,2026-05-04,Weekend,-15.37,35.71,17.39,-68.47,10.73,24.98,0.0,deviation,49.88
TSLA,2026-05-08,2026-05-11,Weekend,-144.86,-38.63,-7.94,-98.29,-5.61,-33.02,0.0,deviation,-49.88
TSLA,2026-05-15,2026-05-18,Weekend,-65.95,-98.44,-84.69,117.17,6.71,-105.15,0.0,deviation,-105.15
TSLA,2026-05-22,2026-05-26,Long,95.14,94.9,-53.39,53.63,31.58,63.33,0.0,deviation,63.33
TSLA,2026-05-29,2026-06-01,Weekend,-189.59,-64.92,-27.81,-96.87,2.29,-67.21,0.0,deviation,-67.21
TSLA,2026-06-05,2026-06-08,Weekend,135.91,89.99,9.01,36.91,26.22,63.77,0.0,deviation,63.77
TSLA,2026-06-12,2026-06-15,Weekend,137.69,119.94,-8.49,26.24,-13.55,133.49,0.0,deviation,133.49
TSLA,2026-06-18,2026-06-22,Long,-140.33,-68.7,-42.54,-29.08,10.57,-79.28,0.0,deviation,-79.28
TSLA,2026-06-26,2026-06-29,Weekend,60.73,146.33,-35.14,-50.46,-19.48,165.81,0.0,deviation,165.81
TSLA,2026-07-02,2026-07-06,Long,113.91,126.0,40.12,-52.21,-37.32,163.32,0.0,deviation,163.32
TSLA,2026-07-10,2026-07-13,Weekend,-77.18,-150.79,-3.8,77.41,-5.4,-145.39,0.0,deviation,-145.39
TSLA,2026-07-17,2026-07-20,Weekend,89.44,67.97,-17.35,38.81,4.47,63.5,0.0,deviation,63.5
TSLA,2026-07-24,2026-07-27,Weekend,47.81,130.81,-51.89,-31.11,-2.78,133.59,0.0,deviation,133.59
TSLA,2026-07-31,2026-08-03,Weekend,-3.54,135.49,-59.91,-79.11,11.44,124.05,0.0,deviation,124.05
TSLA,2026-08-07,2026-08-10,Weekend,-59.22,83.62,12.55,-155.38,-20.31,103.93,0.0,deviation,103.93
TSLA,2026-08-14,2026-08-17,Weekend,-47.73,73.49,-19.59,-101.63,21.3,52.19,0.0,deviation,52.19
TSLA,2026-08-21,2026-08-24,Weekend,-31.19,-68.38,28.89,8.3,-24.21,-44.17,0.0,deviation,-49.88
TSLA,2026-08-28,2026-08-31,Weekend,-46.27,18.86,-16.36,-48.78,0.0,18.86,3.0,deviation,-49.88
TSLA,2026-09-04,2026-09-08,Long,93.36,43.4,-29.99,79.95,15.01,28.4,0.0,deviation,49.88
TSLA,2026-09-11,2026-09-14,Weekend,-152.19,-139.23,-6.02,-6.94,-13.7,-125.53,0.0,deviation,-125.53
TSLA,2026-09-18,2026-09-21,Weekend,201.4,110.87,-1.37,91.91,0.27,110.59,0.0,deviation,110.59
TSLA,2026-09-25,2026-09-28,Weekend,-108.63,-90.05,13.7,-32.28,0.54,-90.58,0.0,deviation,-90.58
SPY,2024-10-04,2024-10-07,Weekend,-28.32,-9.27,-10.65,-8.4,-10.41,1.15,10.5,deviation,-49.88
SPY,2024-10-11,2024-10-14,Weekend,28.77,12.68,-16.3,32.4,-5.12,17.79,5.0,deviation,49.88
SPY,2024-10-18,2024-10-21,Weekend,-12.32,-2.91,2.57,-11.98,-15.75,12.84,6.5,deviation,-49.88
SPY,2024-10-25,2024-10-28,Weekend,61.38,56.42,-18.41,23.37,8.47,47.95,0.0,deviation,49.88
SPY,2024-11-01,2024-11-04,Weekend,2.8,12.25,4.9,-14.35,3.5,8.75,5.0,deviation,-49.88
SPY,2024-11-08,2024-11-11,Weekend,29.21,39.88,-3.34,-7.33,-36.85,76.74,0.0,deviation,76.74
SPY,2024-11-15,2024-11-18,Weekend,8.53,33.06,3.07,-27.6,-1.88,34.94,6.5,deviation,49.88
SPY,2024-11-22,2024-11-25,Weekend,67.45,27.29,14.93,25.22,-5.27,32.57,5.0,deviation,49.88
SPY,2024-11-27,2024-11-29,Short,14.52,24.34,6.68,-16.5,-7.01,31.35,6.5,deviation,49.88
SPY,2024-11-29,2024-12-02,Weekend,2.4,-19.34,3.98,17.76,-37.13,17.79,7.5,deviation,49.88
SPY,2024-12-06,2024-12-09,Weekend,-3.29,5.76,-11.03,1.97,13.91,-8.14,6.5,deviation,-49.88
SPY,2024-12-13,2024-12-16,Weekend,28.75,2.15,-4.47,31.07,-1.32,3.48,5.0,deviation,49.88
SPY,2024-12-20,2024-12-23,Weekend,-0.34,28.84,21.3,-50.47,-31.29,60.13,0.0,deviation,60.13
SPY,2024-12-24,2024-12-26,Short,-11.0,-3.66,15.65,-22.99,-1.33,-2.33,12.0,deviation,-49.88
SPY,2024-12-27,2024-12-30,Weekend,-120.05,44.78,-1.01,-163.82,0.84,43.94,4.0,deviation,-49.88
SPY,2024-12-31,2025-01-02,Short,58.53,26.99,8.95,22.59,-2.47,29.46,0.0,deviation,49.88
SPY,2025-01-03,2025-01-06,Weekend,74.24,29.69,0.17,44.37,-5.75,35.44,0.0,deviation,49.88
SPY,2025-01-08,2025-01-10,Short,-60.24,-3.57,-16.81,-39.86,9.68,-13.25,5.0,deviation,-49.88
SPY,2025-01-10,2025-01-13,Weekend,-82.33,-28.84,-10.86,-42.63,0.0,-28.84,0.0,deviation,-49.88
SPY,2025-01-17,2025-01-21,Long,52.08,10.03,2.01,40.04,-11.89,21.92,1.0,deviation,49.88
SPY,2025-01-24,2025-01-27,Weekend,-190.31,-146.64,-5.02,-38.65,5.02,-151.65,0.0,deviation,-151.65
SPY,2025-01-31,2025-02-03,Weekend,-149.67,-113.08,-18.9,-17.7,34.77,-147.85,0.0,deviation,-147.85
SPY,2025-02-07,2025-02-10,Weekend,54.12,53.97,-2.83,2.98,1.66,52.3,0.0,deviation,52.3
SPY,2025-02-14,2025-02-18,Long,19.33,18.76,-1.23,1.8,3.36,15.4,13.0,deviation,-49.88
SPY,2025-02-21,2025-02-24,Weekend,33.61,27.29,1.67,4.65,-2.33,29.62,0.0,deviation,49.88
SPY,2025-02-28,2025-03-03,Weekend,35.45,8.75,-4.04,30.74,0.0,8.75,3.0,deviation,49.88
SPY,2025-03-07,2025-03-10,Weekend,-144.65,-103.68,-17.57,-23.4,2.97,-106.65,0.0,deviation,-106.65
SPY,2025-03-14,2025-03-17,Weekend,0.0,-33.14,-11.56,44.7,-6.94,-26.2,5.5,deviation,49.88
SPY,2025-03-21,2025-03-24,Weekend,116.48,16.27,15.94,84.27,-4.23,20.5,0.0,deviation,49.88
SPY,2025-03-28,2025-03-31,Weekend,-108.35,-27.74,-30.36,-50.25,-1.35,-26.39,0.0,deviation,-49.88
SPY,2025-04-04,2025-04-07,Weekend,-328.17,-374.89,-0.2,46.92,-5.94,-368.96,0.0,deviation,-368.96
SPY,2025-04-11,2025-04-14,Weekend,187.02,75.91,2.43,108.67,4.68,71.23,0.0,deviation,71.23
SPY,2025-04-17,2025-04-21,Long,-92.38,-55.16,15.38,-52.6,-9.68,-45.48,0.0,deviation,-49.88
SPY,2025-04-25,2025-04-28,Weekend,15.61,-28.7,12.71,31.61,-9.7,-19.0,4.0,deviation,-49.88
SPY,2025-05-02,2025-05-05,Weekend,-71.73,-54.65,5.65,-22.73,-1.32,-53.33,0.0,deviation,-53.33
SPY,2025-05-09,2025-05-12,Weekend,300.09,138.41,13.37,148.31,-2.39,140.8,0.0,deviation,140.8
SPY,2025-05-16,2025-05-19,Weekend,-89.58,-12.25,-102.49,25.16,41.9,-54.15,0.0,deviation,-54.15
SPY,2025-05-23,2025-05-27,Long,118.43,90.86,-2.85,30.42,-2.5,93.37,0.0,deviation,93.37
SPY,2025-05-30,2025-06-02,Weekend,-28.88,-23.14,-19.02,13.28,14.1,-37.24,0.0,deviation,-49.88
SPY,2025-06-06,2025-06-09,Weekend,11.34,-21.2,11.51,21.03,-12.68,-8.52,12.0,deviation,-49.88
SPY,2025-06-13,2025-06-16,Weekend,67.12,49.43,6.87,10.82,-5.86,55.29,0.0,deviation,55.29
SPY,2025-06-18,2025-06-20,Short,15.39,6.19,-5.02,14.22,3.18,3.01,1.0,deviation,-49.88
SPY,2025-06-20,2025-06-23,Weekend,13.79,-13.62,18.33,9.08,-1.68,-11.94,0.0,deviation,-49.88
SPY,2025-06-27,2025-06-30,Weekend,41.06,45.54,-22.96,18.48,19.05,26.49,0.0,deviation,49.88
SPY,2025-07-03,2025-07-07,Long,-38.03,-26.27,-11.43,-0.32,-2.4,-23.87,0.0,deviation,-49.88
SPY,2025-07-11,2025-07-14,Weekend,-10.75,-18.64,-9.14,17.03,-10.47,-8.17,13.0,deviation,-49.88
SPY,2025-07-18,2025-07-21,Weekend,18.78,19.41,3.03,-3.66,-2.95,22.36,5.5,deviation,49.88
SPY,2025-07-25,2025-07-28,Weekend,7.06,16.46,7.22,-16.61,-3.29,19.75,5.0,deviation,-49.88
SPY,2025-08-01,2025-08-04,Weekend,63.49,46.25,-7.88,25.12,13.99,32.26,0.0,deviation,49.88
SPY,2025-08-08,2025-08-11,Weekend,5.34,-9.56,23.05,-8.15,-6.58,-2.98,5.0,deviation,-49.88
SPY,2025-08-15,2025-08-18,Weekend,-9.33,-6.22,-1.4,-1.71,-4.35,-1.87,24.0,heartbeat,-4.51
SPY,2025-08-22,2025-08-25,Weekend,-18.93,-7.75,3.72,-14.89,-3.1,-4.65,24.0,heartbeat,-44.73
SPY,2025-08-29,2025-09-02,Long,-116.81,-65.49,-0.62,-50.69,4.34,-69.83,0.0,deviation,-69.83
SPY,2025-09-05,2025-09-08,Weekend,21.61,35.23,-19.33,5.71,4.02,31.21,6.5,deviation,49.88
SPY,2025-09-12,2025-09-15,Weekend,34.02,19.3,-2.59,17.3,9.73,9.57,25.0,heartbeat,67.87
SPY,2025-09-19,2025-09-22,Weekend,-21.42,-91.78,-3.0,73.36,-2.28,-89.5,0.0,deviation,-89.5
SPY,2025-09-26,2025-09-29,Weekend,39.67,37.24,5.59,-3.16,-2.87,40.11,0.0,deviation,49.88
SPY,2025-10-03,2025-10-06,Weekend,36.1,16.71,5.08,14.3,-6.8,23.51,3.0,deviation,49.88
SPY,2025-10-10,2025-10-13,Weekend,114.79,122.38,-14.86,7.27,-30.8,153.18,0.0,deviation,153.18
SPY,2025-10-17,2025-10-20,Weekend,45.06,28.04,14.47,2.55,-1.15,29.2,5.5,deviation,49.88
SPY,2025-10-24,2025-10-27,Weekend,82.66,71.72,2.44,8.5,-45.6,117.32,0.0,deviation,117.32
SPY,2025-10-31,2025-11-03,Weekend,54.03,26.51,-2.57,30.09,16.78,9.73,24.0,heartbeat,-94.53
SPY,2025-11-07,2025-11-10,Weekend,93.68,53.43,16.38,23.88,-10.13,63.55,0.0,deviation,63.55
SPY,2025-11-14,2025-11-17,Weekend,-44.0,33.09,13.98,-91.06,-1.56,34.65,0.0,deviation,49.88
SPY,2025-11-21,2025-11-24,Weekend,54.93,46.9,5.16,2.87,2.88,44.02,0.0,deviation,49.88
SPY,2025-11-26,2025-11-28,Short,18.08,21.61,6.6,-10.13,0.75,20.86,5.0,deviation,-49.88
SPY,2025-11-28,2025-12-01,Weekend,-51.5,-52.51,18.52,-17.52,-36.05,-16.46,4.0,deviation,-49.88
SPY,2025-12-05,2025-12-08,Weekend,13.7,21.19,2.84,-10.34,0.07,21.12,7.5,deviation,-49.88
SPY,2025-12-12,2025-12-15,Weekend,58.65,32.21,3.23,23.21,0.29,31.92,5.0,deviation,49.88
SPY,2025-12-19,2025-12-22,Weekend,49.1,2.94,10.43,35.74,-31.48,34.41,0.0,deviation,49.88
SPY,2025-12-24,2025-12-26,Short,1.52,11.31,-14.13,4.34,7.24,4.06,72.0,heartbeat,3.77
SPY,2025-12-26,2025-12-29,Weekend,-39.27,3.19,-2.1,-40.35,1.3,1.88,7.5,deviation,-49.88
SPY,2025-12-31,2026-01-02,Short,56.6,38.45,12.46,5.69,-0.29,38.74,0.0,deviation,49.88
SPY,2026-01-02,2026-01-05,Weekend,49.21,22.69,-6.9,33.41,-0.42,23.12,5.0,deviation,49.88
SPY,2026-01-09,2026-01-12,Weekend,-47.81,-76.7,4.83,24.06,-3.34,-73.36,0.0,deviation,-73.36
SPY,2026-01-16,2026-01-20,Long,-146.97,-162.05,3.19,11.89,22.08,-184.14,0.0,deviation,-184.14
SPY,2026-01-23,2026-01-26,Weekend,18.99,4.65,-12.78,27.12,30.32,-25.67,4.0,deviation,-49.88
SPY,2026-01-30,2026-02-02,Weekend,44.46,44.46,0.0,0.0,-3.32,47.78,0.0,deviation,49.88
SPY,2026-02-06,2026-02-09,Weekend,-17.1,3.19,-5.36,-14.93,2.46,0.72,6.5,deviation,49.88
SPY,2026-02-13,2026-02-17,Long,-21.44,-2.2,-11.74,-7.5,13.93,-16.13,4.0,deviation,-49.88
SPY,2026-02-20,2026-02-23,Weekend,-22.07,-42.87,3.19,17.61,-29.62,-13.25,4.0,deviation,-49.88
SPY,2026-02-27,2026-03-02,Weekend,-111.07,-90.44,-30.35,9.73,4.38,-94.82,0.0,deviation,-94.82
SPY,2026-03-06,2026-03-09,Weekend,-90.9,-123.44,-12.28,44.82,3.42,-126.87,0.0,deviation,-126.87
SPY,2026-03-13,2026-03-16,Weekend,91.38,0.0,11.32,80.06,-12.22,12.22,0.0,deviation,49.88
SPY,2026-03-20,2026-03-23,Weekend,146.34,-161.1,73.28,234.15,16.37,-177.47,0.0,deviation,-177.47
SPY,2026-03-27,2026-03-30,Weekend,94.65,61.42,-17.36,50.59,-0.47,61.9,0.0,deviation,61.9
SPY,2026-04-02,2026-04-06,Long,-0.31,2.29,0.61,-3.2,-13.86,16.15,1.0,deviation,49.88
SPY,2026-04-10,2026-04-13,Weekend,-28.45,-74.17,19.26,26.46,-6.03,-68.15,0.0,deviation,-68.15
SPY,2026-04-17,2026-04-20,Weekend,-17.9,-57.87,12.28,27.69,-8.76,-49.11,0.0,deviation,-49.88
SPY,2026-04-24,2026-04-27,Weekend,-11.35,-1.96,0.42,-9.81,-1.26,-0.7,12.0,deviation,-49.88
SPY,2026-05-01,2026-05-04,Weekend,-13.19,14.99,-9.3,-18.88,3.33,11.66,2.0,deviation,-49.88
SPY,2026-05-08,2026-05-11,Weekend,-14.65,-9.97,2.78,-7.47,-26.71,16.74,5.5,deviation,49.88
SPY,2026-05-15,2026-05-18,Weekend,10.14,-13.44,-23.57,47.15,5.97,-19.4,0.0,deviation,-49.88
SPY,2026-05-22,2026-05-26,Long,59.11,101.14,-24.84,-17.18,17.33,83.81,0.0,deviation,83.81
SPY,2026-05-29,2026-06-01,Weekend,-13.76,18.64,-8.47,-23.93,26.58,-7.94,12.0,deviation,-49.88
SPY,2026-06-05,2026-06-08,Weekend,80.5,56.44,-32.47,56.52,-7.62,64.06,0.0,deviation,64.06
SPY,2026-06-12,2026-06-15,Weekend,136.46,103.99,9.43,23.04,-3.5,107.49,0.0,deviation,107.49
SPY,2026-06-18,2026-06-22,Long,14.86,0.13,4.69,10.04,-11.92,12.06,0.0,deviation,-49.88
SPY,2026-06-26,2026-06-29,Weekend,101.6,65.69,29.04,6.86,0.94,64.76,0.0,deviation,64.76
SPY,2026-07-02,2026-07-06,Long,52.22,17.17,12.05,23.0,-13.93,31.11,0.0,deviation,49.88
SPY,2026-07-10,2026-07-13,Weekend,-32.24,-31.71,-0.13,-0.4,0.34,-32.05,0.0,deviation,-49.88
SPY,2026-07-17,2026-07-20,Weekend,52.41,11.49,-9.01,49.92,8.87,2.62,0.0,deviation,49.88
SPY,2026-07-24,2026-07-27,Weekend,81.55,75.12,-2.71,9.13,3.11,72.01,0.0,deviation,72.01
SPY,2026-07-31,2026-08-03,Weekend,35.15,78.43,-34.88,-8.4,7.92,70.51,0.0,deviation,70.51
SPY,2026-08-07,2026-08-10,Weekend,-6.73,8.05,3.59,-18.36,-5.36,13.4,12.0,deviation,-49.88
SPY,2026-08-14,2026-08-17,Weekend,-1.55,16.61,-4.12,-14.03,1.55,15.06,12.0,deviation,-49.88
SPY,2026-08-21,2026-08-24,Weekend,-11.37,-37.36,17.62,8.37,-0.58,-36.78,3.0,deviation,-49.88
SPY,2026-08-28,2026-08-31,Weekend,-26.68,-7.41,-0.39,-18.88,-0.65,-6.76,5.5,deviation,-49.88
SPY,2026-09-04,2026-09-08,Long,-15.2,-24.72,-8.96,18.48,3.9,-28.62,5.5,deviation,-49.88
SPY,2026-09-11,2026-09-14,Weekend,-68.02,-62.46,3.93,-9.48,6.15,-68.61,0.0,deviation,-68.61
SPY,2026-09-18,2026-09-21,Weekend,60.49,13.88,17.19,29.42,-1.83,15.71,1.0,deviation,49.88
SPY,2026-09-25,2026-09-28,Weekend,-38.32,-43.49,9.59,-4.42,0.13,-43.62,0.0,deviation,-49.88
QQQ,2024-10-04,2024-10-07,Weekend,-42.55,-27.97,-11.7,-2.88,0.0,-27.97,1.0,deviation,-49.88
QQQ,2024-10-11,2024-10-14,Weekend,48.93,22.54,-16.05,42.45,-0.79,23.32,2.0,deviation,49.88
QQQ,2024-10-18,2024-10-21,Weekend,-25.31,-20.44,1.42,-6.28,0.81,-21.25,3.0,deviation,-49.88
QQQ,2024-10-25,2024-10-28,Weekend,64.4,86.19,-16.37,-5.42,16.59,69.6,0.0,deviation,69.6
QQQ,2024-11-01,2024-11-04,Weekend,-12.32,-5.63,16.09,-22.78,-5.22,-0.41,5.0,deviation,-49.88
QQQ,2024-11-08,2024-11-11,Weekend,24.67,29.91,-1.75,-3.49,0.0,29.91,4.0,deviation,49.88
QQQ,2024-11-15,2024-11-18,Weekend,33.78,57.19,9.87,-33.27,-4.13,61.31,0.0,deviation,61.31
QQQ,2024-11-22,2024-11-25,Weekend,81.52,35.38,11.36,34.77,1.47,33.91,2.0,deviation,49.88
QQQ,2024-11-27,2024-11-29,Short,13.84,38.9,3.96,-29.01,-19.06,57.96,0.0,deviation,57.96
QQQ,2024-11-29,2024-12-02,Weekend,29.59,-17.85,13.34,34.11,-6.47,-11.38,5.5,deviation,49.88
QQQ,2024-12-06,2024-12-09,Weekend,-18.82,32.85,-14.06,-37.61,-35.51,68.36,0.0,deviation,68.36
QQQ,2024-12-13,2024-12-16,Weekend,47.01,19.99,-12.26,39.29,-14.16,34.15,1.0,deviation,49.88
QQQ,2024-12-20,2024-12-23,Weekend,13.48,11.33,30.02,-27.87,-29.91,41.24,4.0,deviation,49.88
QQQ,2024-12-24,2024-12-26,Short,-10.22,-22.67,21.34,-8.89,-0.76,-21.91,1.0,deviation,-49.88
QQQ,2024-12-27,2024-12-30,Weekend,-136.02,-21.27,-1.91,-112.84,-31.65,10.39,4.0,deviation,-49.88
QQQ,2024-12-31,2025-01-02,Short,62.02,71.53,1.57,-11.08,6.84,64.68,0.0,deviation,64.68
QQQ,2025-01-03,2025-01-06,Weekend,103.98,45.77,6.17,52.05,-7.59,53.35,0.0,deviation,53.35
QQQ,2025-01-08,2025-01-10,Short,-74.6,-9.05,-22.24,-43.31,5.93,-14.98,5.0,deviation,-49.88
QQQ,2025-01-10,2025-01-13,Weekend,-118.8,-88.13,-12.53,-18.14,0.0,-88.13,0.0,deviation,-88.13
QQQ,2025-01-17,2025-01-21,Long,51.99,19.9,5.36,26.73,-9.58,29.48,1.0,deviation,49.88
QQQ,2025-01-24,2025-01-27,Weekend,-358.86,-303.16,-6.89,-48.81,5.42,-308.58,0.0,deviation,-308.58
QQQ,2025-01-31,2025-02-03,Weekend,-168.76,-150.87,-22.18,4.28,11.77,-162.64,0.0,deviation,-162.64
QQQ,2025-02-07,2025-02-10,Weekend,81.51,69.11,-18.57,30.96,42.23,26.88,2.0,deviation,49.88
QQQ,2025-02-14,2025-02-18,Long,30.62,45.61,0.56,-15.55,11.8,33.81,5.0,deviation,-49.88
QQQ,2025-02-21,2025-02-24,Weekend,34.53,42.88,0.74,-9.09,-10.25,53.13,0.0,deviation,53.13
QQQ,2025-02-28,2025-03-03,Weekend,65.12,14.55,-1.57,52.14,0.0,14.55,2.0,deviation,49.88
QQQ,2025-03-07,2025-03-10,Weekend,-171.45,-117.58,-15.26,-38.61,-3.67,-113.91,0.0,deviation,-113.91
QQQ,2025-03-14,2025-03-17,Weekend,0.21,-52.09,-8.34,60.64,-13.15,-38.94,5.0,deviation,49.88
QQQ,2025-03-21,2025-03-24,Weekend,136.24,75.08,8.95,52.21,-1.67,76.76,0.0,deviation,76.76
QQQ,2025-03-28,2025-03-31,Weekend,-150.82,-58.21,-44.45,-48.16,7.71,-65.92,0.0,deviation,-65.92
QQQ,2025-04-04,2025-04-07,Weekend,-371.93,-467.91,-23.69,119.66,17.04,-484.95,0.0,deviation,-484.95
QQQ,2025-04-11,2025-04-14,Weekend,224.65,188.95,-5.28,40.98,11.12,177.84,0.0,deviation,177.84
QQQ,2025-04-17,2025-04-21,Long,-128.29,-144.94,30.78,-14.13,-8.96,-135.98,0.0,deviation,-135.98
QQQ,2025-04-25,2025-04-28,Weekend,18.18,-39.83,9.31,48.7,-0.21,-39.61,0.0,deviation,-49.88
QQQ,2025-05-02,2025-05-05,Weekend,-88.04,-65.25,1.84,-24.63,-0.51,-64.74,0.0,deviation,-64.74
QQQ,2025-05-09,2025-05-12,Weekend,380.53,333.0,-3.69,51.22,2.05,330.95,0.0,deviation,330.95
QQQ,2025-05-16,2025-05-19,Weekend,-140.58,-9.14,-133.58,2.14,5.36,-14.49,1.0,deviation,-49.88
QQQ,2025-05-23,2025-05-27,Long,134.06,185.91,-17.42,-34.43,6.88,179.03,0.0,deviation,179.03
QQQ,2025-05-30,2025-06-02,Weekend,-36.08,-58.43,-15.42,37.77,13.49,-71.92,0.0,deviation,-71.92
QQQ,2025-06-06,2025-06-09,Weekend,3.59,-12.82,17.16,-0.75,-14.14,1.32,13.0,deviation,49.88
QQQ,2025-06-13,2025-06-16,Weekend,67.33,59.59,1.14,6.6,9.29,50.3,0.0,deviation,50.3
QQQ,2025-06-18,2025-06-20,Short,60.03,-7.0,-0.38,67.41,-11.54,4.54,5.0,deviation,-49.88
QQQ,2025-06-20,2025-06-23,Weekend,-7.41,-4.74,15.56,-18.22,-4.08,-0.66,4.0,deviation,-49.88
QQQ,2025-06-27,2025-06-30,Weekend,53.48,65.71,-11.5,-0.73,-19.01,84.72,0.0,deviation,84.72
QQQ,2025-07-03,2025-07-07,Long,-54.77,-40.38,-13.66,-0.72,10.48,-50.86,0.0,deviation,-50.86
QQQ,2025-07-11,2025-07-14,Weekend,-4.68,-17.09,-13.63,26.05,34.54,-51.63,0.0,deviation,-51.63
QQQ,2025-07-18,2025-07-21,Weekend,15.85,27.92,3.56,-15.64,-2.23,30.15,5.5,deviation,49.88
QQQ,2025-07-25,2025-07-28,Weekend,23.45,44.35,10.41,-31.3,-0.35,44.7,4.0,deviation,49.88
QQQ,2025-08-01,2025-08-04,Weekend,93.99,72.97,-14.82,35.84,20.23,52.73,0.0,deviation,52.73
QQQ,2025-08-08,2025-08-11,Weekend,3.92,-27.12,24.86,6.18,-25.93,-1.19,5.0,deviation,-49.88
QQQ,2025-08-15,2025-08-18,Weekend,-0.17,4.76,-3.21,-1.73,-12.43,17.19,12.0,deviation,49.88
QQQ,2025-08-22,2025-08-25,Weekend,-27.66,-25.7,11.53,-13.49,-4.45,-21.25,5.5,deviation,-49.88
QQQ,2025-08-29,2025-09-02,Long,-158.71,-6.32,-11.05,-141.34,0.35,-6.67,0.0,deviation,-49.88
QQQ,2025-09-05,2025-09-08,Weekend,42.79,47.55,-19.64,14.88,3.98,43.56,1.0,deviation,49.88
QQQ,2025-09-12,2025-09-15,Weekend,30.64,15.33,-0.17,15.48,-28.17,43.5,4.0,deviation,49.88
QQQ,2025-09-19,2025-09-22,Weekend,-28.73,-49.48,3.5,17.25,-16.21,-33.27,8.5,deviation,49.88
QQQ,2025-09-26,2025-09-29,Weekend,51.71,51.53,1.68,-1.5,-16.43,67.97,0.0,deviation,67.97
QQQ,2025-10-03,2025-10-06,Weekend,87.24,35.58,-0.41,52.07,-10.69,46.27,0.0,deviation,49.88
QQQ,2025-10-10,2025-10-13,Weekend,171.55,163.18,7.21,1.17,-40.51,203.69,0.0,deviation,203.69
QQQ,2025-10-17,2025-10-20,Weekend,53.84,40.43,15.39,-1.98,-29.97,70.4,0.0,deviation,70.4
QQQ,2025-10-24,2025-10-27,Weekend,120.82,105.53,6.97,8.33,-23.19,128.71,0.0,deviation,128.71
QQQ,2025-10-31,2025-11-03,Weekend,93.81,38.71,-1.59,56.69,-43.69,82.4,0.0,deviation,82.4
QQQ,2025-11-07,2025-11-10,Weekend,148.62,112.14,34.05,2.42,42.38,69.76,0.0,deviation,69.76
QQQ,2025-11-14,2025-11-17,Weekend,-41.64,69.51,31.65,-142.8,-27.96,97.47,0.0,deviation,97.47
QQQ,2025-11-21,2025-11-24,Weekend,85.88,78.83,19.81,-12.76,-7.96,86.79,0.0,deviation,86.79
QQQ,2025-11-26,2025-11-28,Short,29.26,28.58,10.74,-10.06,-2.6,31.18,6.5,deviation,49.88
QQQ,2025-11-28,2025-12-01,Weekend,-63.19,-71.49,25.71,-17.42,-38.52,-32.97,3.0,deviation,-49.88
QQQ,2025-12-05,2025-12-08,Weekend,25.86,18.6,1.84,5.42,1.52,17.09,7.5,deviation,-49.88
QQQ,2025-12-12,2025-12-15,Weekend,67.41,40.41,-11.44,38.44,7.97,32.44,1.0,deviation,49.88
QQQ,2025-12-19,2025-12-22,Weekend,66.85,9.7,19.1,38.05,-5.18,14.87,5.0,deviation,49.88
QQQ,2025-12-24,2025-12-26,Short,12.98,0.64,-13.63,25.97,13.63,-12.99,72.0,heartbeat,-27.29
QQQ,2025-12-26,2025-12-29,Weekend,-59.97,-23.6,-3.21,-33.17,1.76,-25.36,5.0,deviation,-49.88
QQQ,2025-12-31,2026-01-02,Short,93.81,101.06,0.81,-8.06,-0.81,101.88,0.0,deviation,101.88
QQQ,2026-01-02,2026-01-05,Weekend,107.08,41.16,6.35,59.56,0.0,41.16,0.0,deviation,49.88
QQQ,2026-01-09,2026-01-12,Weekend,-69.66,-99.72,3.03,27.03,-11.41,-88.31,0.0,deviation,-88.31
QQQ,2026-01-16,2026-01-20,Long,-170.84,-183.61,0.97,11.8,41.24,-224.85,0.0,deviation,-224.85
QQQ,2026-01-23,2026-01-26,Weekend,6.74,18.0,-19.45,8.19,23.94,-5.94,1.0,deviation,-49.88
QQQ,2026-01-30,2026-02-02,Weekend,50.11,50.11,0.0,0.0,-9.92,60.04,0.0,deviation,60.04
QQQ,2026-02-06,2026-02-09,Weekend,-34.34,15.26,-8.7,-40.9,-6.9,22.15,2.0,deviation,-49.88
QQQ,2026-02-13,2026-02-17,Long,-57.16,-51.04,-12.8,6.69,-2.5,-48.54,2.0,deviation,-49.88
QQQ,2026-02-20,2026-02-23,Weekend,-36.91,-60.24,1.77,21.57,-43.24,-17.0,4.0,deviation,-49.88
QQQ,2026-02-27,2026-03-02,Weekend,-139.69,-140.48,-32.32,33.11,5.04,-145.51,0.0,deviation,-145.51
QQQ,2026-03-06,2026-03-09,Weekend,-93.63,-149.23,-5.17,60.77,0.5,-149.73,0.0,deviation,-149.73
QQQ,2026-03-13,2026-03-16,Weekend,106.39,51.93,-4.04,58.5,-9.51,61.45,0.0,deviation,61.45
QQQ,2026-03-20,2026-03-23,Weekend,143.28,-207.03,86.39,263.92,-14.36,-192.67,0.0,deviation,-192.67
QQQ,2026-03-27,2026-03-30,Weekend,85.76,79.47,-40.26,46.55,26.03,53.44,0.0,deviation,53.44
QQQ,2026-04-02,2026-04-06,Long,21.18,35.64,-2.74,-11.73,2.22,33.42,0.0,deviation,49.88
QQQ,2026-04-10,2026-04-13,Weekend,-20.15,-95.15,24.03,50.97,-12.91,-82.24,0.0,deviation,-82.24
QQQ,2026-04-17,2026-04-20,Weekend,-11.41,-49.59,1.08,37.1,5.57,-55.17,0.0,deviation,-55.17
QQQ,2026-04-24,2026-04-27,Weekend,-7.91,1.77,-3.88,-5.8,-27.76,29.53,0.0,deviation,49.88
QQQ,2026-05-01,2026-05-04,Weekend,7.12,36.75,-9.05,-20.58,28.3,8.44,2.0,deviation,-49.88
QQQ,2026-05-08,2026-05-11,Weekend,-10.55,-18.48,13.98,-6.05,-15.53,-2.95,7.5,deviation,49.88
QQQ,2026-05-15,2026-05-18,Weekend,36.05,-2.83,-33.77,72.65,10.38,-13.22,0.0,deviation,-49.88
QQQ,2026-05-22,2026-05-26,Long,119.09,106.24,-29.59,42.44,19.62,86.62,0.0,deviation,86.62
QQQ,2026-05-29,2026-06-01,Weekend,-14.84,43.4,-3.32,-54.93,-2.44,45.84,0.0,deviation,49.88
QQQ,2026-06-05,2026-06-08,Weekend,177.09,153.75,-69.87,93.22,41.33,112.42,0.0,deviation,112.42
QQQ,2026-06-12,2026-06-15,Weekend,229.83,176.49,22.99,30.35,-15.43,191.93,0.0,deviation,191.93
QQQ,2026-06-18,2026-06-22,Long,31.45,-56.8,1.22,87.03,15.48,-72.28,0.0,deviation,-72.28
QQQ,2026-06-26,2026-06-29,Weekend,119.06,117.13,8.5,-6.58,-10.27,127.41,0.0,deviation,127.41
QQQ,2026-07-02,2026-07-06,Long,97.18,61.77,20.25,15.16,-10.58,72.34,0.0,deviation,72.34
QQQ,2026-07-10,2026-07-13,Weekend,-108.23,-153.43,12.12,33.08,-0.44,-152.99,0.0,deviation,-152.99
QQQ,2026-07-17,2026-07-20,Weekend,99.6,74.1,-22.17,47.67,24.98,49.12,0.0,deviation,49.88
QQQ,2026-07-24,2026-07-27,Weekend,109.02,138.32,-3.74,-25.56,11.05,127.27,0.0,deviation,127.27
QQQ,2026-07-31,2026-08-03,Weekend,-14.69,115.05,-51.59,-78.15,0.29,114.75,0.0,deviation,114.75
QQQ,2026-08-07,2026-08-10,Weekend,-5.05,37.78,3.39,-46.22,-27.83,65.61,0.0,deviation,65.61
QQQ,2026-08-14,2026-08-17,Weekend,26.09,56.08,-2.74,-27.25,-24.46,80.54,0.0,deviation,80.54
QQQ,2026-08-21,2026-08-24,Weekend,-53.2,-96.07,13.17,29.71,-2.9,-93.17,0.0,deviation,-93.17
QQQ,2026-08-28,2026-08-31,Weekend,-18.58,8.39,-2.81,-24.16,0.0,8.39,13.0,deviation,-49.88
QQQ,2026-09-04,2026-09-08,Long,26.53,9.33,-21.16,38.35,3.5,5.84,0.0,deviation,49.88
QQQ,2026-09-11,2026-09-14,Weekend,-163.03,-156.86,0.51,-6.68,0.43,-157.29,0.0,deviation,-157.29
QQQ,2026-09-18,2026-09-21,Weekend,90.94,64.74,10.25,15.95,-8.03,72.77,0.0,deviation,72.77
QQQ,2026-09-25,2026-09-28,Weekend,-53.67,-111.43,12.89,44.87,1.39,-112.83,0.0,deviation,-112.83
MSFT,2024-10-04,2024-10-07,Weekend,-0.48,104.05,-3.37,-101.17,44.57,59.48,0.0,deviation,59.48
MSFT,2024-10-11,2024-10-14,Weekend,32.13,13.94,-15.14,33.33,-5.65,19.59,5.0,deviation,49.88
MSFT,2024-10-18,2024-10-21,Weekend,-49.14,-13.64,-0.48,-35.02,-3.83,-9.81,3.0,deviation,-49.88
MSFT,2024-10-25,2024-10-28,Weekend,77.56,81.54,-18.93,14.95,17.06,64.48,0.0,deviation,64.48
MSFT,2024-11-01,2024-11-04,Weekend,-3.78,17.05,7.07,-27.9,5.04,12.01,5.0,deviation,49.88
MSFT,2024-11-08,2024-11-11,Weekend,-8.63,7.09,-5.44,-10.29,-1.77,8.87,5.0,deviation,49.88
MSFT,2024-11-15,2024-11-18,Weekend,1.45,50.01,2.41,-50.97,2.17,47.84,4.0,deviation,49.88
MSFT,2024-11-22,2024-11-25,Weekend,32.57,29.68,6.96,-4.06,1.2,28.48,5.0,deviation,-49.88
MSFT,2024-11-27,2024-11-29,Short,-68.33,4.03,-26.28,-46.08,-7.11,11.14,5.5,deviation,-49.88
MSFT,2024-11-29,2024-12-02,Weekend,-64.08,2.13,-33.05,-33.16,-1.89,4.02,5.5,deviation,49.88
MSFT,2024-12-06,2024-12-09,Weekend,-11.73,-15.57,-0.68,4.52,-0.79,-14.78,0.0,deviation,-49.88
MSFT,2024-12-13,2024-12-16,Weekend,-13.98,-1.12,-2.01,-10.85,-2.91,1.79,8.5,deviation,49.88
MSFT,2024-12-20,2024-12-23,Weekend,-6.41,57.97,1.81,-66.19,-7.99,65.96,0.0,deviation,65.96
MSFT,2024-12-24,2024-12-26,Short,12.53,24.34,11.85,-23.66,-40.62,64.97,0.0,deviation,64.97
MSFT,2024-12-27,2024-12-30,Weekend,-108.32,-4.77,-16.15,-87.4,-1.28,-3.49,4.0,deviation,-49.88
MSFT,2024-12-31,2025-01-02,Short,100.12,72.59,2.11,25.41,4.03,68.56,0.0,deviation,68.56
MSFT,2025-01-03,2025-01-06,Weekend,111.11,44.42,29.01,37.68,-26.06,70.48,0.0,deviation,70.48
MSFT,2025-01-08,2025-01-10,Short,-2.12,-3.07,-17.2,18.15,4.83,-7.9,5.0,deviation,-49.88
MSFT,2025-01-10,2025-01-13,Weekend,-88.0,-72.11,0.95,-16.84,0.0,-72.11,0.0,deviation,-72.11
MSFT,2025-01-17,2025-01-21,Long,26.31,9.3,19.8,-2.79,1.75,7.56,5.5,deviation,-49.88
MSFT,2025-01-24,2025-01-27,Weekend,-455.51,-340.9,-6.98,-107.62,3.83,-344.73,0.0,deviation,-344.73
MSFT,2025-01-31,2025-02-03,Weekend,-77.66,-142.11,-9.4,73.86,-0.48,-141.63,0.0,deviation,-141.63
MSFT,2025-02-07,2025-02-10,Weekend,95.33,47.53,1.4,46.4,0.91,46.62,0.0,deviation,49.88
MSFT,2025-02-14,2025-02-18,Long,-3.31,46.66,-6.33,-43.63,-11.56,58.22,0.0,deviation,58.22
MSFT,2025-02-21,2025-02-24,Weekend,9.06,25.7,-3.43,-13.21,-0.49,26.19,0.0,deviation,49.88
MSFT,2025-02-28,2025-03-03,Weekend,42.15,1.76,-13.67,54.06,8.54,-6.77,3.0,deviation,49.88
MSFT,2025-03-07,2025-03-10,Weekend,-235.64,-92.63,-17.81,-125.2,9.67,-102.3,0.0,deviation,-102.3
MSFT,2025-03-14,2025-03-17,Weekend,-44.12,-33.06,-15.71,4.65,-11.09,-21.96,4.0,deviation,-49.88
MSFT,2025-03-21,2025-03-24,Weekend,103.98,60.1,4.09,39.79,-4.09,64.19,0.0,deviation,64.19
MSFT,2025-03-28,2025-03-31,Weekend,-167.3,-61.35,-28.28,-77.68,7.03,-68.38,0.0,deviation,-68.38
MSFT,2025-04-04,2025-04-07,Weekend,-196.5,-310.5,1.39,112.61,-1.39,-309.11,0.0,deviation,-309.11
MSFT,2025-04-11,2025-04-14,Weekend,133.9,75.45,4.9,53.55,-1.67,77.13,0.0,deviation,77.13
MSFT,2025-04-17,2025-04-21,Long,-122.62,-85.93,15.22,-51.91,-2.17,-83.76,0.0,deviation,-83.76
MSFT,2025-04-25,2025-04-28,Weekend,1.02,-13.01,13.52,0.51,-12.76,-0.26,5.0,deviation,-49.88
MSFT,2025-05-02,2025-05-05,Weekend,-54.0,-61.73,-10.23,17.97,6.21,-67.94,0.0,deviation,-67.94
MSFT,2025-05-09,2025-05-12,Weekend,137.59,221.55,-11.4,-72.56,-4.11,225.66,0.0,deviation,225.66
MSFT,2025-05-16,2025-05-19,Weekend,-74.8,-35.19,-98.67,59.06,7.11,-42.3,1.0,deviation,-49.88
MSFT,2025-05-23,2025-05-27,Long,138.75,82.02,5.77,50.95,-7.77,89.8,0.0,deviation,89.8
MSFT,2025-05-30,2025-06-02,Weekend,-56.51,-63.12,-5.88,12.48,22.37,-85.48,0.0,deviation,-85.48
MSFT,2025-06-06,2025-06-09,Weekend,7.97,-40.65,13.39,35.23,-9.99,-30.66,9.5,deviation,49.88
MSFT,2025-06-13,2025-06-16,Weekend,66.05,36.84,-15.8,45.01,9.27,27.56,4.0,deviation,49.88
MSFT,2025-06-18,2025-06-20,Short,38.66,-23.11,12.28,49.49,-5.62,-17.49,1.0,deviation,-49.88
MSFT,2025-06-20,2025-06-23,Weekend,-49.73,-7.33,10.94,-53.35,-9.42,2.09,5.5,deviation,-51.25
MSFT,2025-06-27,2025-06-30,Weekend,30.81,48.3,-3.03,-14.46,25.59,22.71,11.5,deviation,49.88
MSFT,2025-07-03,2025-07-07,Long,-31.08,-8.85,-28.27,6.03,15.87,-24.71,9.5,deviation,-49.88
MSFT,2025-07-11,2025-07-14,Weekend,-32.95,-56.75,9.93,13.87,0.25,-56.99,0.0,deviation,-56.99
MSFT,2025-07-18,2025-07-21,Weekend,-64.03,-14.52,3.73,-53.24,-2.45,-12.07,4.0,deviation,-49.88
MSFT,2025-07-25,2025-07-28,Weekend,6.03,33.97,9.53,-37.47,4.67,29.31,5.0,deviation,-49.88
MSFT,2025-08-01,2025-08-04,Weekend,79.64,96.36,-6.87,-9.84,20.79,75.56,0.0,deviation,75.56
MSFT,2025-08-08,2025-08-11,Weekend,6.51,3.83,9.19,-6.51,2.58,1.24,5.5,deviation,-49.88
MSFT,2025-08-15,2025-08-18,Weekend,32.44,4.03,5.96,22.45,2.59,1.44,5.5,deviation,-49.88
MSFT,2025-08-22,2025-08-25,Weekend,-9.27,-8.11,5.75,-6.91,2.04,-10.15,4.0,deviation,-49.88
MSFT,2025-08-29,2025-09-02,Long,-137.45,-37.16,-2.37,-97.92,-4.93,-32.23,0.0,deviation,-49.88
MSFT,2025-09-05,2025-09-08,Weekend,62.22,45.36,-1.52,18.39,-13.85,59.2,0.0,deviation,59.2
MSFT,2025-09-12,2025-09-15,Weekend,-21.6,10.39,1.57,-33.56,6.27,4.11,1.0,deviation,-49.88
MSFT,2025-09-19,2025-09-22,Weekend,-46.63,-17.99,-10.82,-17.83,-1.35,-16.64,3.0,deviation,-49.88
MSFT,2025-09-26,2025-09-29,Weekend,-6.41,28.75,-20.7,-14.46,-0.42,29.17,0.0,deviation,49.88
MSFT,2025-10-03,2025-10-06,Weekend,30.3,21.45,-6.96,15.81,-8.51,29.96,2.0,deviation,49.88
MSFT,2025-10-10,2025-10-13,Weekend,98.27,117.2,2.93,-21.86,21.64,95.56,0.0,deviation,95.56
MSFT,2025-10-17,2025-10-20,Weekend,21.88,4.37,18.77,-1.26,-0.29,4.66,6.5,deviation,49.88
MSFT,2025-10-24,2025-10-27,Weekend,155.6,101.53,15.08,38.99,9.89,91.63,0.0,deviation,91.63
MSFT,2025-10-31,2025-11-03,Weekend,38.36,36.44,-2.22,4.14,0.58,35.86,3.0,deviation,49.88
MSFT,2025-11-07,2025-11-10,Weekend,58.79,77.18,18.55,-36.94,-0.86,78.04,0.0,deviation,78.04
MSFT,2025-11-14,2025-11-17,Weekend,-37.79,31.18,-7.7,-61.27,-0.83,32.01,0.0,deviation,49.88
MSFT,2025-11-21,2025-11-24,Weekend,58.7,44.09,16.5,-1.89,8.25,35.85,0.0,deviation,49.88
MSFT,2025-11-26,2025-11-28,Short,43.26,13.56,19.75,9.95,0.24,13.32,0.0,deviation,49.88
MSFT,2025-11-28,2025-12-01,Weekend,-65.06,-58.99,20.95,-27.02,0.51,-59.5,0.0,deviation,-59.5
MSFT,2025-12-05,2025-12-08,Weekend,38.33,22.47,-16.26,32.12,-10.17,32.64,1.0,deviation,49.88
MSFT,2025-12-12,2025-12-15,Weekend,34.01,15.5,-30.56,49.07,14.98,0.52,5.0,deviation,49.88
MSFT,2025-12-19,2025-12-22,Weekend,12.75,29.41,-12.15,-4.52,12.15,17.27,5.5,deviation,-49.88
MSFT,2025-12-24,2025-12-26,Short,-39.06,-5.33,-20.28,-13.45,-0.21,-5.13,12.0,deviation,-49.88
MSFT,2025-12-26,2025-12-29,Weekend,-60.25,-33.29,-7.28,-19.68,0.0,-33.29,5.0,deviation,-49.88
MSFT,2025-12-31,2026-01-02,Short,-13.45,62.46,-0.83,-75.08,-4.14,66.59,0.0,deviation,66.59
MSFT,2026-01-02,2026-01-05,Weekend,6.98,11.83,0.0,-4.86,-5.39,17.23,5.5,deviation,-49.88
MSFT,2026-01-09,2026-01-12,Weekend,-52.94,-87.86,-4.17,39.1,-2.97,-84.89,0.0,deviation,-84.89
MSFT,2026-01-16,2026-01-20,Long,-185.24,-141.45,1.52,-45.31,0.0,-141.45,0.0,deviation,-141.45
MSFT,2026-01-23,2026-01-26,Weekend,-11.71,24.86,2.36,-38.93,-6.64,31.5,0.0,deviation,49.88
MSFT,2026-01-30,2026-02-02,Weekend,-211.11,-211.11,0.0,0.0,-10.83,-200.27,0.0,deviation,-200.27
MSFT,2026-02-06,2026-02-09,Weekend,99.06,74.11,28.15,-3.21,-4.23,78.34,0.0,deviation,78.34
MSFT,2026-02-13,2026-02-17,Long,-47.6,7.99,-24.46,-31.13,3.0,5.0,4.0,deviation,-49.88
MSFT,2026-02-20,2026-02-23,Weekend,-51.99,-18.33,1.7,-35.36,-4.47,-13.86,3.0,deviation,-49.88
MSFT,2026-02-27,2026-03-02,Weekend,2.04,-167.82,44.06,125.8,15.86,-183.68,0.0,deviation,-183.68
MSFT,2026-03-06,2026-03-09,Weekend,-91.08,-90.79,-11.04,10.75,9.57,-100.36,0.0,deviation,-100.36
MSFT,2026-03-13,2026-03-16,Weekend,58.85,73.13,-13.15,-1.13,-2.78,75.92,0.0,deviation,75.92
MSFT,2026-03-20,2026-03-23,Weekend,55.49,-168.26,44.68,179.07,-0.8,-167.46,0.0,deviation,-167.46
MSFT,2026-03-27,2026-03-30,Weekend,145.99,76.65,-14.03,83.37,23.18,53.47,0.0,deviation,53.47
MSFT,2026-04-02,2026-04-06,Long,-6.83,42.89,-2.68,-47.04,1.01,41.88,0.0,deviation,49.88
MSFT,2026-04-10,2026-04-13,Weekend,42.24,-41.25,21.82,61.68,-13.73,-27.52,0.0,deviation,-49.88
MSFT,2026-04-17,2026-04-20,Weekend,-34.49,-91.81,-5.68,63.0,3.31,-95.13,0.0,deviation,-95.13
MSFT,2026-04-24,2026-04-27,Weekend,-52.07,26.39,-16.5,-61.96,2.36,24.03,0.0,deviation,49.88
MSFT,2026-05-01,2026-05-04,Weekend,-50.43,25.82,-30.65,-45.6,-1.25,27.07,2.0,deviation,-49.88
MSFT,2026-05-08,2026-05-11,Weekend,-179.24,-29.8,-1.32,-148.12,2.52,-32.33,0.0,deviation,-49.88
MSFT,2026-05-15,2026-05-18,Weekend,-141.7,38.19,-56.21,-123.67,0.79,37.4,3.0,deviation,49.88
MSFT,2026-05-22,2026-05-26,Long,-51.5,33.84,-18.8,-66.54,18.76,15.08,5.0,deviation,-49.88
MSFT,2026-05-29,2026-06-01,Weekend,359.46,176.87,30.05,152.54,-38.52,215.39,0.0,deviation,215.39
MSFT,2026-06-05,2026-06-08,Weekend,-60.66,54.41,-103.25,-11.82,5.02,49.39,0.0,deviation,49.88
MSFT,2026-06-12,2026-06-15,Weekend,155.57,202.72,0.24,-47.39,-2.54,205.26,0.0,deviation,205.26
MSFT,2026-06-18,2026-06-22,Long,-92.5,5.01,2.37,-99.88,14.76,-9.75,0.0,deviation,-49.88
MSFT,2026-06-26,2026-06-29,Weekend,163.99,139.12,38.36,-13.5,-21.14,160.27,0.0,deviation,160.27
MSFT,2026-07-02,2026-07-06,Long,-72.4,-31.78,30.75,-71.37,-12.03,-19.75,0.0,deviation,49.88
MSFT,2026-07-10,2026-07-13,Weekend,68.45,-15.73,6.9,77.29,-3.48,-12.26,0.0,deviation,49.88
MSFT,2026-07-17,2026-07-20,Weekend,-94.15,20.94,-6.48,-108.62,27.53,-6.59,0.0,deviation,-49.88
MSFT,2026-07-24,2026-07-27,Weekend,233.28,89.01,-8.91,153.18,12.58,76.43,0.0,deviation,76.43
MSFT,2026-07-31,2026-08-03,Weekend,285.19,133.56,-66.25,217.88,-1.95,135.51,0.0,deviation,135.51
MSFT,2026-08-07,2026-08-10,Weekend,70.76,1.2,-8.81,78.37,3.13,-1.93,5.0,deviation,49.88
MSFT,2026-08-14,2026-08-17,Weekend,-105.57,-41.82,-3.09,-60.66,-4.78,-37.04,0.0,deviation,-49.88
MSFT,2026-08-21,2026-08-24,Weekend,-3.0,8.06,5.38,-16.44,-14.69,22.75,5.5,deviation,49.88
MSFT,2026-08-28,2026-08-31,Weekend,-65.33,-40.82,-11.88,-12.63,0.0,-40.82,0.0,deviation,-49.88
MSFT,2026-09-04,2026-09-08,Long,-134.38,-70.2,-1.2,-62.98,0.0,-70.2,0.0,deviation,-70.2
MSFT,2026-09-11,2026-09-14,Weekend,38.67,-28.73,-13.93,81.33,10.91,-39.64,0.0,deviation,-49.88
MSFT,2026-09-18,2026-09-21,Weekend,42.87,0.2,10.73,31.93,19.26,-19.06,5.5,deviation,-49.88
MSFT,2026-09-25,2026-09-28,Weekend,-209.01,-7.53,34.62,-236.1,-11.4,3.87,0.0,deviation,-49.88
AMZN,2024-10-04,2024-10-07,Weekend,-192.16,-0.54,-25.76,-165.86,0.0,-0.54,1.0,deviation,-49.88
AMZN,2024-10-11,2024-10-14,Weekend,49.66,12.72,-11.66,48.61,3.71,9.01,2.0,deviation,49.88
AMZN,2024-10-18,2024-10-21,Weekend,-46.15,-11.92,-6.62,-27.61,10.85,-22.77,3.0,deviation,-49.88
AMZN,2024-10-25,2024-10-28,Weekend,90.1,102.37,-14.38,2.11,15.97,86.4,0.0,deviation,86.4
AMZN,2024-11-01,2024-11-04,Weekend,-72.02,-2.03,-41.02,-28.97,33.7,-35.73,0.0,deviation,-49.88
AMZN,2024-11-08,2024-11-11,Weekend,10.08,41.21,-0.96,-30.17,10.56,30.65,3.0,deviation,49.88
AMZN,2024-11-15,2024-11-18,Weekend,83.07,108.11,-8.89,-16.14,3.96,104.15,0.0,deviation,104.15
AMZN,2024-11-22,2024-11-25,Weekend,111.52,86.94,-4.57,29.15,1.52,85.42,0.0,deviation,85.42
AMZN,2024-11-27,2024-11-29,Short,1.94,49.34,20.87,-68.27,-0.48,49.82,0.0,deviation,49.88
AMZN,2024-11-29,2024-12-02,Weekend,137.39,1.92,55.62,79.86,-14.66,16.58,1.0,deviation,49.88
AMZN,2024-12-06,2024-12-09,Weekend,54.03,46.23,-19.84,27.64,8.64,37.59,0.0,deviation,49.88
AMZN,2024-12-13,2024-12-16,Weekend,122.52,41.46,2.14,78.93,-0.22,41.68,0.0,deviation,49.88
AMZN,2024-12-20,2024-12-23,Weekend,-8.88,34.02,31.47,-74.38,-23.04,57.06,0.0,deviation,57.06
AMZN,2024-12-24,2024-12-26,Short,-14.24,6.55,19.9,-40.69,6.77,-0.22,4.0,deviation,-49.88
AMZN,2024-12-27,2024-12-30,Weekend,-185.73,-29.26,12.28,-168.75,-18.84,-10.43,3.0,deviation,-49.88
AMZN,2024-12-31,2025-01-02,Short,156.25,80.8,1.37,74.08,5.01,75.78,0.0,deviation,75.78
AMZN,2025-01-03,2025-01-06,Weekend,108.91,77.99,-2.45,33.37,-24.79,102.78,0.0,deviation,102.78
AMZN,2025-01-08,2025-01-10,Short,-33.81,-6.99,-18.24,-8.58,-3.16,-3.83,5.0,deviation,-49.88
AMZN,2025-01-10,2025-01-13,Weekend,-44.41,-85.95,-17.38,58.91,16.41,-102.36,0.0,deviation,-102.36
AMZN,2025-01-17,2025-01-21,Long,135.84,42.78,15.04,78.02,9.58,33.2,0.0,deviation,49.88
AMZN,2025-01-24,2025-01-27,Weekend,-372.18,-267.12,-16.62,-88.44,3.41,-270.53,0.0,deviation,-270.53
AMZN,2025-01-31,2025-02-03,Weekend,-149.69,-201.91,-29.72,81.94,17.93,-219.84,0.0,deviation,-219.84
AMZN,2025-02-07,2025-02-10,Weekend,20.91,48.8,-24.84,-3.05,13.06,35.74,0.0,deviation,49.88
AMZN,2025-02-14,2025-02-18,Long,0.0,42.77,-0.87,-41.89,11.75,31.01,0.0,deviation,49.88
AMZN,2025-02-21,2025-02-24,Weekend,47.32,45.56,13.85,-12.09,0.0,45.56,0.0,deviation,49.88
AMZN,2025-02-28,2025-03-03,Weekend,49.43,-510.53,12.71,547.25,3.76,-514.29,0.0,deviation,-514.29
AMZN,2025-03-07,2025-03-10,Weekend,-196.02,-149.31,-10.54,-36.17,0.0,-149.31,0.0,deviation,-149.31
AMZN,2025-03-14,2025-03-17,Weekend,41.84,-34.34,3.98,72.2,-17.12,-17.21,3.0,deviation,49.88
AMZN,2025-03-21,2025-03-24,Weekend,200.3,102.2,21.89,76.22,-13.31,115.5,0.0,deviation,115.5
AMZN,2025-03-28,2025-03-31,Weekend,-242.75,-122.82,-6.75,-113.17,-5.2,-117.63,0.0,deviation,-117.63
AMZN,2025-04-04,2025-04-07,Weekend,-454.98,-319.4,-48.74,-86.84,5.88,-325.28,0.0,deviation,-325.28
AMZN,2025-04-11,2025-04-14,Weekend,112.2,154.95,15.14,-57.89,-1.35,156.3,0.0,deviation,156.3
AMZN,2025-04-17,2025-04-21,Long,-178.89,-126.11,31.22,-84.0,-32.38,-93.73,0.0,deviation,-93.73
AMZN,2025-04-25,2025-04-28,Weekend,60.68,-4.76,13.22,52.21,-0.53,-4.23,4.0,deviation,-49.88
AMZN,2025-05-02,2025-05-05,Weekend,-162.9,-85.14,-5.26,-72.49,3.16,-88.3,0.0,deviation,-88.3
AMZN,2025-05-09,2025-05-12,Weekend,851.93,506.25,3.62,342.05,3.62,502.63,0.0,deviation,502.63
AMZN,2025-05-16,2025-05-19,Weekend,-192.29,7.91,-171.73,-28.47,37.38,-29.47,0.0,deviation,-49.88
AMZN,2025-05-23,2025-05-27,Long,103.69,219.72,-30.96,-85.07,-3.68,223.4,0.0,deviation,223.4
AMZN,2025-05-30,2025-06-02,Weekend,15.14,-51.94,-2.93,70.01,25.38,-77.33,0.0,deviation,-77.33
AMZN,2025-06-06,2025-06-09,Weekend,49.52,-7.02,10.77,45.78,-11.23,4.21,3.0,deviation,49.88
AMZN,2025-06-13,2025-06-16,Weekend,12.72,72.91,-13.68,-46.51,6.61,66.3,0.0,deviation,66.3
AMZN,2025-06-18,2025-06-20,Short,90.62,18.33,-1.65,73.94,18.87,-0.54,1.0,deviation,-49.88
AMZN,2025-06-20,2025-06-23,Weekend,-44.14,-10.95,22.66,-55.84,-4.88,-6.07,3.0,deviation,-49.88
AMZN,2025-06-27,2025-06-30,Weekend,13.88,73.89,-31.87,-28.15,-2.19,76.09,0.0,deviation,76.09
AMZN,2025-07-03,2025-07-07,Long,0.02,-12.56,2.26,10.32,8.07,-20.63,4.0,deviation,49.88
AMZN,2025-07-11,2025-07-14,Weekend,4.44,-27.84,-7.34,39.62,9.78,-37.62,0.0,deviation,-49.88
AMZN,2025-07-18,2025-07-21,Weekend,-12.61,16.58,-6.41,-22.78,-0.22,16.8,2.0,deviation,49.88
AMZN,2025-07-25,2025-07-28,Weekend,86.04,45.35,10.23,30.46,-2.89,48.24,0.0,deviation,49.88
AMZN,2025-08-01,2025-08-04,Weekend,117.09,92.09,13.03,11.97,1.39,90.7,0.0,deviation,90.7
AMZN,2025-08-08,2025-08-11,Weekend,-31.03,-4.04,0.45,-27.44,-5.84,1.8,4.0,deviation,49.88
AMZN,2025-08-15,2025-08-18,Weekend,-39.9,0.0,-6.93,-32.97,-6.11,6.11,2.0,deviation,-49.88
AMZN,2025-08-22,2025-08-25,Weekend,-65.32,-49.27,1.53,-17.58,-3.59,-45.68,0.0,deviation,-49.88
AMZN,2025-08-29,2025-09-02,Long,-222.94,-89.95,-11.41,-121.58,-2.57,-87.38,0.0,deviation,-87.38
AMZN,2025-09-05,2025-09-08,Weekend,113.31,56.24,-9.86,66.93,2.11,54.13,0.0,deviation,54.13
AMZN,2025-09-12,2025-09-15,Weekend,114.64,49.38,7.45,57.81,-3.5,52.88,0.0,deviation,52.88
AMZN,2025-09-19,2025-09-22,Weekend,-55.42,-22.03,6.47,-39.86,2.59,-24.62,1.0,deviation,-49.88
AMZN,2025-09-26,2025-09-29,Weekend,10.69,71.63,21.66,-82.6,3.34,68.29,0.0,deviation,68.29
AMZN,2025-10-03,2025-10-06,Weekend,64.94,45.16,14.8,4.98,0.0,45.16,0.0,deviation,49.88
AMZN,2025-10-10,2025-10-13,Weekend,70.07,267.42,-50.08,-147.28,-6.98,274.4,0.0,deviation,274.4
AMZN,2025-10-17,2025-10-20,Weekend,35.14,64.47,15.01,-44.34,1.41,63.06,0.0,deviation,63.06
AMZN,2025-10-24,2025-10-27,Weekend,157.06,118.33,2.23,36.5,-8.27,126.6,0.0,deviation,126.6
AMZN,2025-10-31,2025-11-03,Weekend,457.01,26.16,3.28,427.57,14.73,11.44,5.5,deviation,439.01
AMZN,2025-11-07,2025-11-10,Weekend,158.31,88.87,40.4,29.04,-18.53,107.4,0.0,deviation,107.4
AMZN,2025-11-14,2025-11-17,Weekend,-75.06,73.61,34.03,-182.7,0.0,73.61,0.0,deviation,73.61
AMZN,2025-11-21,2025-11-24,Weekend,86.64,81.92,27.15,-22.44,-17.23,99.15,0.0,deviation,99.15
AMZN,2025-11-26,2025-11-28,Short,96.64,41.97,13.74,40.93,18.51,23.47,2.0,deviation,49.88
AMZN,2025-11-28,2025-12-01,Weekend,47.73,-60.24,43.23,64.74,-3.86,-56.38,0.0,deviation,-56.38
AMZN,2025-12-05,2025-12-08,Weekend,-1.31,30.01,2.61,-33.93,10.4,19.61,3.0,deviation,49.88
AMZN,2025-12-12,2025-12-15,Weekend,26.71,23.86,-4.42,7.28,3.1,20.76,0.0,deviation,49.88
AMZN,2025-12-19,2025-12-22,Weekend,50.45,21.92,22.41,6.13,-8.78,30.7,0.0,deviation,49.88
AMZN,2025-12-24,2025-12-26,Short,-59.45,4.74,-34.42,-29.77,3.45,1.29,12.0,deviation,-49.88
AMZN,2025-12-26,2025-12-29,Weekend,-24.11,-23.04,-1.08,0.0,0.0,-23.04,5.0,deviation,-49.88
AMZN,2025-12-31,2026-01-02,Short,6.93,87.98,0.43,-81.49,-1.3,89.28,0.0,deviation,89.28
AMZN,2026-01-02,2026-01-05,Weekend,98.41,18.95,8.83,70.63,0.0,18.95,5.0,deviation,49.88
AMZN,2026-01-09,2026-01-12,Weekend,-22.26,-58.16,3.44,32.47,-3.23,-54.93,0.0,deviation,-54.93
AMZN,2026-01-16,2026-01-20,Long,-228.26,-178.72,-10.88,-38.66,0.0,-178.72,0.0,deviation,-178.72
AMZN,2026-01-23,2026-01-26,Weekend,32.97,-12.15,-14.64,59.77,-4.19,-7.96,4.0,deviation,-49.88
AMZN,2026-01-30,2026-02-02,Weekend,69.24,69.24,0.0,0.0,21.07,48.17,0.0,deviation,49.88
AMZN,2026-02-06,2026-02-09,Weekend,-62.72,100.59,-29.76,-133.55,5.24,95.35,0.0,deviation,95.35
AMZN,2026-02-13,2026-02-17,Long,-32.5,-9.06,3.52,-26.97,3.02,-12.08,2.0,deviation,-49.88
AMZN,2026-02-20,2026-02-23,Weekend,-102.34,-133.28,-9.52,40.46,-23.74,-109.54,0.0,deviation,-109.54
AMZN,2026-02-27,2026-03-02,Weekend,-263.43,-267.1,-27.18,30.85,26.23,-293.32,0.0,deviation,-293.32
AMZN,2026-03-06,2026-03-09,Weekend,-124.89,-184.4,-9.62,69.14,6.57,-190.98,0.0,deviation,-190.98
AMZN,2026-03-13,2026-03-16,Weekend,30.76,37.04,-10.6,4.32,-6.75,43.79,0.0,deviation,49.88
AMZN,2026-03-20,2026-03-23,Weekend,212.95,-242.49,80.99,374.45,14.97,-257.46,0.0,deviation,-257.46
AMZN,2026-03-27,2026-03-30,Weekend,101.33,57.88,-38.84,82.28,27.79,30.09,0.0,deviation,49.88
AMZN,2026-04-02,2026-04-06,Long,25.71,2.82,-2.35,25.23,6.64,-3.81,0.0,deviation,49.88
AMZN,2026-04-10,2026-04-13,Weekend,-45.83,-136.06,-2.08,92.3,-10.93,-125.12,0.0,deviation,-125.12
AMZN,2026-04-17,2026-04-20,Weekend,-43.61,-90.18,7.98,38.58,7.18,-97.35,0.0,deviation,-97.35
AMZN,2026-04-24,2026-04-27,Weekend,-17.26,20.0,12.12,-49.37,-6.44,26.43,0.0,deviation,49.88
AMZN,2026-05-01,2026-05-04,Weekend,24.38,34.33,-31.35,21.4,11.21,23.12,1.0,deviation,49.88
AMZN,2026-05-08,2026-05-11,Weekend,-104.88,-45.21,0.73,-60.41,-12.09,-33.11,0.0,deviation,-49.88
AMZN,2026-05-15,2026-05-18,Weekend,-13.07,-93.74,-61.5,142.18,39.15,-132.89,0.0,deviation,-132.89
AMZN,2026-05-22,2026-05-26,Long,47.76,106.81,-33.85,-25.19,-10.39,117.2,0.0,deviation,117.2
AMZN,2026-05-29,2026-06-01,Weekend,-162.4,-12.9,-5.54,-143.96,34.69,-47.59,0.0,deviation,-49.88
AMZN,2026-06-05,2026-06-08,Weekend,25.99,72.96,-6.91,-40.06,26.41,46.55,0.0,deviation,49.88
AMZN,2026-06-12,2026-06-15,Weekend,274.32,158.74,5.09,110.49,-0.46,159.2,0.0,deviation,159.2
AMZN,2026-06-18,2026-06-22,Long,-159.33,0.07,-53.51,-105.89,-21.76,21.83,0.0,deviation,-49.88
AMZN,2026-06-26,2026-06-29,Weekend,159.0,113.58,62.69,-17.27,-8.62,122.2,0.0,deviation,122.2
AMZN,2026-07-02,2026-07-06,Long,62.34,55.76,29.31,-22.74,-16.11,71.88,0.0,deviation,71.88
AMZN,2026-07-10,2026-07-13,Weekend,-42.89,-66.55,17.51,6.14,-6.11,-60.45,0.0,deviation,-60.45
AMZN,2026-07-17,2026-07-20,Weekend,60.08,-256.6,-22.27,338.95,27.52,-284.12,0.0,deviation,-284.12
AMZN,2026-07-24,2026-07-27,Weekend,155.21,182.9,-20.27,-7.42,12.94,169.96,0.0,deviation,169.96
AMZN,2026-07-31,2026-08-03,Weekend,272.93,143.56,-40.99,170.36,-11.38,154.94,0.0,deviation,154.94
AMZN,2026-08-07,2026-08-10,Weekend,-8.75,-5.0,-4.85,1.09,3.35,-8.34,3.0,deviation,49.88
AMZN,2026-08-14,2026-08-17,Weekend,105.28,51.75,19.95,33.59,-12.72,64.47,0.0,deviation,64.47
AMZN,2026-08-21,2026-08-24,Weekend,33.58,-65.33,34.74,64.17,5.39,-70.72,0.0,deviation,-70.72
AMZN,2026-08-28,2026-08-31,Weekend,-96.38,-307.96,-10.52,222.1,0.0,-307.96,0.0,deviation,-307.96
AMZN,2026-09-04,2026-09-08,Long,-67.93,-37.6,-9.7,-20.62,11.69,-49.29,0.0,deviation,-49.88
AMZN,2026-09-11,2026-09-14,Weekend,-133.88,-87.25,-3.51,-43.12,1.95,-89.2,0.0,deviation,-89.2
AMZN,2026-09-18,2026-09-21,Weekend,118.03,68.62,25.21,24.2,7.87,60.75,0.0,deviation,60.75
AMZN,2026-09-25,2026-09-28,Weekend,-137.89,-71.86,9.6,-75.63,-12.05,-59.81,0.0,deviation,-59.81
GOOGL,2024-10-04,2024-10-07,Weekend,36.45,-29.48,-5.3,71.23,0.0,-29.48,1.0,deviation,-49.88
GOOGL,2024-10-11,2024-10-14,Weekend,24.78,9.95,-4.14,18.96,-4.14,14.09,5.0,deviation,49.88
GOOGL,2024-10-18,2024-10-21,Weekend,-18.99,1.84,0.0,-20.83,0.0,1.84,4.0,deviation,49.88
GOOGL,2024-10-25,2024-10-28,Weekend,199.07,99.94,-0.0,99.13,3.63,96.31,0.0,deviation,96.31
GOOGL,2024-11-01,2024-11-04,Weekend,-72.66,26.27,-11.1,-87.83,1.17,25.1,5.0,deviation,-49.88
GOOGL,2024-11-08,2024-11-11,Weekend,10.09,21.92,-0.08,-11.75,5.68,16.23,4.0,deviation,49.88
GOOGL,2024-11-15,2024-11-18,Weekend,53.19,60.66,3.48,-10.95,4.63,56.03,0.0,deviation,56.03
GOOGL,2024-11-22,2024-11-25,Weekend,81.01,53.82,17.54,9.64,0.04,53.78,0.0,deviation,53.78
GOOGL,2024-11-27,2024-11-29,Short,-79.47,7.68,-1.18,-85.97,-3.55,11.22,5.0,deviation,-49.88
GOOGL,2024-11-29,2024-12-02,Weekend,-23.38,-0.59,-13.02,-9.77,2.66,-3.26,5.0,deviation,-49.88
GOOGL,2024-12-06,2024-12-09,Weekend,-37.57,20.04,-10.31,-47.3,2.29,17.75,5.0,deviation,-49.88
GOOGL,2024-12-13,2024-12-16,Weekend,160.71,28.92,4.21,127.57,3.69,25.24,0.0,deviation,49.88
GOOGL,2024-12-20,2024-12-23,Weekend,63.01,22.83,56.26,-16.08,-22.88,45.71,0.0,deviation,49.88
GOOGL,2024-12-24,2024-12-26,Short,-5.25,9.18,38.21,-52.64,8.67,0.51,0.0,deviation,-49.88
GOOGL,2024-12-27,2024-12-30,Weekend,-169.83,-9.35,-3.11,-157.37,14.0,-23.35,0.0,deviation,-49.88
GOOGL,2024-12-31,2025-01-02,Short,70.01,27.94,7.92,34.16,-7.92,35.86,0.0,deviation,49.88
GOOGL,2025-01-03,2025-01-06,Weekend,111.48,37.46,2.09,71.93,-6.26,43.72,0.0,deviation,49.88
GOOGL,2025-01-08,2025-01-10,Short,10.05,14.44,-10.32,5.93,-0.52,14.96,5.0,deviation,49.88
GOOGL,2025-01-10,2025-01-13,Weekend,-146.35,-73.74,-6.25,-66.36,0.0,-73.74,0.0,deviation,-73.74
GOOGL,2025-01-17,2025-01-21,Long,151.66,42.19,15.8,93.66,-17.85,60.04,0.0,deviation,60.04
GOOGL,2025-01-24,2025-01-27,Weekend,-394.8,-151.64,-9.99,-233.17,0.0,-151.64,0.0,deviation,-151.64
GOOGL,2025-01-31,2025-02-03,Weekend,-165.07,-169.21,-37.81,41.95,31.58,-200.78,0.0,deviation,-200.78
GOOGL,2025-02-07,2025-02-10,Weekend,109.46,20.01,-17.85,107.3,0.03,19.98,0.0,deviation,49.88
GOOGL,2025-02-14,2025-02-18,Long,21.04,35.03,5.93,-19.92,0.01,35.02,0.0,deviation,49.88
GOOGL,2025-02-21,2025-02-24,Weekend,122.26,50.03,-12.25,84.48,8.36,41.67,0.0,deviation,49.88
GOOGL,2025-02-28,2025-03-03,Weekend,96.14,24.03,8.22,63.89,-4.7,28.72,0.0,deviation,49.88
GOOGL,2025-03-07,2025-03-10,Weekend,-348.28,-94.26,-4.6,-249.42,8.05,-102.31,0.0,deviation,-102.31
GOOGL,2025-03-14,2025-03-17,Weekend,-14.52,-24.21,-2.42,12.11,-6.05,-18.17,1.0,deviation,-49.88
GOOGL,2025-03-21,2025-03-24,Weekend,183.95,70.34,19.49,94.12,-10.96,81.3,0.0,deviation,81.3
GOOGL,2025-03-28,2025-03-31,Weekend,-81.98,-108.83,-2.59,29.44,0.65,-109.48,0.0,deviation,-109.48
GOOGL,2025-04-04,2025-04-07,Weekend,-227.96,-403.87,-53.05,228.96,33.79,-437.67,0.0,deviation,-437.67
GOOGL,2025-04-11,2025-04-14,Weekend,191.59,120.29,0.0,71.3,-3.19,123.48,0.0,deviation,123.48
GOOGL,2025-04-17,2025-04-21,Long,-152.94,-71.13,-15.89,-65.93,9.93,-81.06,0.0,deviation,-81.06
GOOGL,2025-04-25,2025-04-28,Weekend,34.85,27.68,-8.55,15.71,16.58,11.11,4.0,deviation,-49.88
GOOGL,2025-05-02,2025-05-05,Weekend,-62.09,-46.49,-9.15,-6.44,1.83,-48.33,0.0,deviation,-49.88
GOOGL,2025-05-09,2025-05-12,Weekend,307.48,263.79,-7.86,51.55,5.88,257.91,0.0,deviation,257.91
GOOGL,2025-05-16,2025-05-19,Weekend,-98.59,-12.25,-166.3,79.95,-2.31,-9.94,0.0,deviation,-49.88
GOOGL,2025-05-23,2025-05-27,Long,98.63,191.46,-20.8,-72.03,11.29,180.16,0.0,deviation,180.16
GOOGL,2025-05-30,2025-06-02,Weekend,-222.13,-49.78,-24.5,-147.85,-1.16,-48.61,0.0,deviation,-49.88
GOOGL,2025-06-06,2025-06-09,Weekend,68.3,0.58,2.88,64.84,-19.35,19.93,2.0,deviation,49.88
GOOGL,2025-06-13,2025-06-16,Weekend,1.72,57.13,-8.59,-46.82,7.44,49.68,0.0,deviation,49.88
GOOGL,2025-06-18,2025-06-20,Short,36.57,-5.17,32.25,9.49,4.61,-9.78,1.0,deviation,-49.88
GOOGL,2025-06-20,2025-06-23,Weekend,-24.03,-10.21,-1.8,-12.02,-40.28,30.08,0.0,deviation,49.88
GOOGL,2025-06-27,2025-06-30,Weekend,92.0,47.6,-21.31,65.71,-5.61,53.21,0.0,deviation,53.21
GOOGL,2025-07-03,2025-07-07,Long,-15.11,-67.11,34.06,17.94,-13.72,-53.39,0.0,deviation,-53.39
GOOGL,2025-07-11,2025-07-14,Weekend,46.24,-30.59,-5.83,82.67,-4.44,-26.15,0.0,deviation,-49.88
GOOGL,2025-07-18,2025-07-21,Weekend,65.18,35.51,25.91,3.76,-1.08,36.59,0.0,deviation,49.88
GOOGL,2025-07-25,2025-07-28,Weekend,24.82,54.76,-6.21,-23.72,-6.22,60.97,0.0,deviation,60.97
GOOGL,2025-08-01,2025-08-04,Weekend,64.81,73.33,-31.14,22.62,29.52,43.81,0.0,deviation,49.88
GOOGL,2025-08-08,2025-08-11,Weekend,-20.87,5.92,10.44,-37.24,5.96,-0.04,0.0,deviation,-49.88
GOOGL,2025-08-15,2025-08-18,Weekend,12.74,4.93,1.45,6.37,2.03,2.89,5.5,deviation,49.88
GOOGL,2025-08-22,2025-08-25,Weekend,15.03,-19.37,29.07,5.33,-3.39,-15.98,2.0,deviation,-49.88
GOOGL,2025-08-29,2025-09-02,Long,-222.61,-56.59,-16.91,-149.11,-4.14,-52.45,0.0,deviation,-52.45
GOOGL,2025-09-05,2025-09-08,Weekend,24.22,9.36,-5.96,20.82,-4.68,14.04,3.0,deviation,49.88
GOOGL,2025-09-12,2025-09-15,Weekend,165.6,71.67,-9.97,103.9,-0.42,72.09,0.0,deviation,72.09
GOOGL,2025-09-19,2025-09-22,Weekend,-15.52,-59.3,29.21,14.56,-15.67,-43.62,0.0,deviation,-49.88
GOOGL,2025-09-26,2025-09-29,Weekend,50.41,50.56,2.88,-3.03,3.14,47.42,0.0,deviation,49.88
GOOGL,2025-10-03,2025-10-06,Weekend,-15.49,37.44,-8.56,-44.38,4.48,32.96,5.0,deviation,-49.88
GOOGL,2025-10-10,2025-10-13,Weekend,152.69,163.23,-33.87,23.34,0.01,163.22,0.0,deviation,163.22
GOOGL,2025-10-17,2025-10-20,Weekend,53.94,10.63,22.48,20.83,-7.09,17.72,0.0,deviation,49.88
GOOGL,2025-10-24,2025-10-27,Weekend,188.09,150.77,3.85,33.47,11.31,139.47,0.0,deviation,139.47
GOOGL,2025-10-31,2025-11-03,Weekend,31.06,19.6,-13.56,25.02,-7.08,26.68,0.0,deviation,49.88
GOOGL,2025-11-07,2025-11-10,Weekend,195.27,117.1,42.95,35.22,-20.03,137.13,0.0,deviation,137.13
GOOGL,2025-11-14,2025-11-17,Weekend,332.11,215.18,322.48,-205.55,-4.25,219.43,0.0,deviation,219.43
GOOGL,2025-11-21,2025-11-24,Weekend,366.85,186.19,65.18,115.48,0.0,186.19,0.0,deviation,186.19
GOOGL,2025-11-26,2025-11-28,Short,103.83,75.81,20.29,7.73,7.79,68.01,0.0,deviation,68.01
GOOGL,2025-11-28,2025-12-01,Weekend,-62.76,-48.57,5.94,-20.12,12.18,-60.76,0.0,deviation,-60.76
GOOGL,2025-12-05,2025-12-08,Weekend,-37.11,63.16,-26.49,-73.77,14.5,48.66,0.0,deviation,49.88
GOOGL,2025-12-12,2025-12-15,Weekend,67.36,42.48,-20.68,45.55,-6.36,48.84,0.0,deviation,49.88
GOOGL,2025-12-19,2025-12-22,Weekend,87.68,39.57,17.24,30.87,-11.38,50.95,0.0,deviation,50.95
GOOGL,2025-12-24,2025-12-26,Short,21.36,-3.19,19.45,5.1,-25.73,22.55,4.0,deviation,49.88
GOOGL,2025-12-26,2025-12-29,Weekend,-45.71,-44.14,-7.98,6.41,0.0,-44.14,0.0,deviation,-49.88
GOOGL,2025-12-31,2026-01-02,Short,195.52,95.28,-1.79,102.03,16.46,78.82,0.0,deviation,78.82
GOOGL,2026-01-02,2026-01-05,Weekend,119.27,23.14,-0.32,96.45,-0.07,23.21,5.0,deviation,49.88
GOOGL,2026-01-09,2026-01-12,Weekend,-84.38,-116.43,20.38,11.67,16.09,-132.52,0.0,deviation,-132.52
GOOGL,2026-01-16,2026-01-20,Long,-280.26,-305.16,2.12,22.78,-0.91,-304.25,0.0,deviation,-304.25
GOOGL,2026-01-23,2026-01-26,Weekend,-3.36,1.22,-8.24,3.66,7.64,-6.42,1.0,deviation,-49.88
GOOGL,2026-01-30,2026-02-02,Weekend,170.67,170.67,0.0,0.0,2.69,167.98,0.0,deviation,167.98
GOOGL,2026-02-06,2026-02-09,Weekend,-58.72,2.2,26.26,-87.18,-33.07,35.28,0.0,deviation,49.88
GOOGL,2026-02-13,2026-02-17,Long,-174.88,-81.76,2.94,-96.07,9.08,-90.84,0.0,deviation,-90.84
GOOGL,2026-02-20,2026-02-23,Weekend,129.08,-40.32,18.4,151.01,-3.17,-37.16,4.0,deviation,-49.88
GOOGL,2026-02-27,2026-03-02,Weekend,-275.91,-196.41,-83.79,4.29,37.1,-233.51,0.0,deviation,-233.51
GOOGL,2026-03-06,2026-03-09,Weekend,-139.0,-190.17,-22.14,73.31,-0.34,-189.83,0.0,deviation,-189.83
GOOGL,2026-03-13,2026-03-16,Weekend,70.23,53.72,-23.0,39.51,7.1,46.62,0.0,deviation,49.88
GOOGL,2026-03-20,2026-03-23,Weekend,37.81,-221.21,53.35,205.67,-5.95,-215.26,0.0,deviation,-215.26
GOOGL,2026-03-27,2026-03-30,Weekend,79.9,29.28,-52.28,102.9,37.4,-8.11,0.0,deviation,49.88
GOOGL,2026-04-02,2026-04-06,Long,9.8,-5.41,2.37,12.84,13.51,-18.92,0.0,deviation,49.88
GOOGL,2026-04-10,2026-04-13,Weekend,-5.36,-116.79,17.32,94.11,-11.02,-105.77,0.0,deviation,-105.77
GOOGL,2026-04-17,2026-04-20,Weekend,-21.1,-57.42,-31.08,67.4,29.39,-86.82,0.0,deviation,-86.82
GOOGL,2026-04-24,2026-04-27,Weekend,42.32,27.33,-23.85,38.83,8.73,18.6,1.0,deviation,49.88
GOOGL,2026-05-01,2026-05-04,Weekend,-1.56,50.99,-9.08,-43.47,0.52,50.47,0.0,deviation,50.47
GOOGL,2026-05-08,2026-05-11,Weekend,-173.4,-39.12,-31.24,-103.04,5.5,-44.62,0.0,deviation,-49.88
GOOGL,2026-05-15,2026-05-18,Weekend,-23.97,-32.49,-38.07,46.59,25.93,-58.42,0.0,deviation,-58.42
GOOGL,2026-05-22,2026-05-26,Long,39.35,83.78,-18.46,-25.97,27.58,56.2,0.0,deviation,56.2
GOOGL,2026-05-29,2026-06-01,Weekend,-100.13,-27.62,7.1,-79.61,26.49,-54.11,0.0,deviation,-54.11
GOOGL,2026-06-05,2026-06-08,Weekend,-96.68,35.07,-119.16,-12.59,19.41,15.66,0.0,deviation,-49.88
GOOGL,2026-06-12,2026-06-15,Weekend,227.74,131.04,33.31,63.39,-22.14,153.18,0.0,deviation,153.18
GOOGL,2026-06-18,2026-06-22,Long,-278.72,-50.37,-48.76,-179.59,-25.15,-25.22,0.0,deviation,-49.88
GOOGL,2026-06-26,2026-06-29,Weekend,232.33,90.03,59.92,82.38,-10.05,100.07,0.0,deviation,100.07
GOOGL,2026-07-02,2026-07-06,Long,65.98,32.77,-1.67,34.87,-17.82,50.59,0.0,deviation,50.59
GOOGL,2026-07-10,2026-07-13,Weekend,-19.91,-66.01,7.28,38.82,-3.12,-62.9,0.0,deviation,-62.9
GOOGL,2026-07-17,2026-07-20,Weekend,209.83,78.98,-6.35,137.2,15.87,63.12,0.0,deviation,63.12
GOOGL,2026-07-24,2026-07-27,Weekend,223.58,159.0,-29.13,93.71,32.88,126.12,0.0,deviation,126.12
GOOGL,2026-07-31,2026-08-03,Weekend,240.4,176.31,-59.96,124.05,11.29,165.02,0.0,deviation,165.02
GOOGL,2026-08-07,2026-08-10,Weekend,26.08,45.28,14.1,-33.31,-14.7,59.98,0.0,deviation,59.98
GOOGL,2026-08-14,2026-08-17,Weekend,10.98,35.98,40.11,-65.11,-4.61,40.59,2.0,deviation,49.88
GOOGL,2026-08-21,2026-08-24,Weekend,-37.33,-45.31,5.8,2.18,-12.91,-32.39,0.0,deviation,-49.88
GOOGL,2026-08-28,2026-08-31,Weekend,-80.33,-6.43,-7.72,-66.18,-6.97,0.54,4.0,deviation,-49.88
GOOGL,2026-09-04,2026-09-08,Long,-92.6,-49.82,8.67,-51.45,0.0,-49.82,0.0,deviation,-49.88
GOOGL,2026-09-11,2026-09-14,Weekend,140.26,-75.03,-0.9,216.19,5.04,-80.07,0.0,deviation,-80.07
GOOGL,2026-09-18,2026-09-21,Weekend,46.02,34.71,50.58,-39.28,-13.13,47.84,0.0,deviation,49.88
GOOGL,2026-09-25,2026-09-28,Weekend,-91.74,-71.91,4.65,-24.48,8.43,-80.34,0.0,deviation,-80.34
META,2024-10-04,2024-10-07,Weekend,39.19,-23.69,-0.17,63.05,0.0,-23.69,1.0,deviation,-49.88
META,2024-10-11,2024-10-14,Weekend,76.42,7.97,-10.94,79.39,8.82,-0.85,2.0,deviation,49.88
META,2024-10-18,2024-10-21,Weekend,-7.46,-1.3,2.86,-9.02,3.21,-4.51,5.0,deviation,49.88
META,2024-10-25,2024-10-28,Weekend,160.07,113.07,-21.56,68.56,27.66,85.41,0.0,deviation,85.41
META,2024-11-01,2024-11-04,Weekend,-41.17,10.69,-27.98,-23.87,24.99,-14.3,3.0,deviation,-49.88
META,2024-11-08,2024-11-11,Weekend,-46.42,26.81,-17.83,-55.41,1.02,25.8,5.0,deviation,-49.88
META,2024-11-15,2024-11-18,Weekend,-6.68,64.61,-6.68,-64.61,-7.95,72.55,0.0,deviation,72.55
META,2024-11-22,2024-11-25,Weekend,70.41,33.04,-0.54,37.91,2.86,30.18,0.0,deviation,49.88
META,2024-11-27,2024-11-29,Short,-27.08,42.93,0.7,-70.71,-9.14,52.06,0.0,deviation,52.06
META,2024-11-29,2024-12-02,Weekend,40.53,3.48,-8.7,45.75,-0.44,3.92,4.0,deviation,49.88
META,2024-12-06,2024-12-09,Weekend,4.33,37.1,-14.36,-18.41,5.86,31.24,4.0,deviation,49.88
META,2024-12-13,2024-12-16,Weekend,154.45,19.4,3.14,131.9,-2.82,22.22,0.0,deviation,49.88
META,2024-12-20,2024-12-23,Weekend,199.52,56.42,84.64,58.46,-26.97,83.39,0.0,deviation,83.39
META,2024-12-24,2024-12-26,Short,8.43,14.88,50.55,-57.0,-1.89,16.77,4.0,deviation,-49.88
META,2024-12-27,2024-12-30,Weekend,-188.54,-18.45,-7.59,-162.51,3.75,-22.2,0.0,deviation,-49.88
META,2024-12-31,2025-01-02,Short,69.01,70.77,2.9,-4.66,0.51,70.26,0.0,deviation,70.26
META,2025-01-03,2025-01-06,Weekend,123.97,15.38,-5.96,114.54,-9.11,24.49,0.0,deviation,49.88
META,2025-01-08,2025-01-10,Short,-13.6,-36.28,-9.17,31.85,-9.51,-26.77,0.0,deviation,-49.88
META,2025-01-10,2025-01-13,Weekend,-151.78,-59.03,-16.25,-76.51,0.0,-59.03,0.0,deviation,-59.03
META,2025-01-17,2025-01-21,Long,79.22,-17.55,3.34,93.42,-13.87,-3.68,4.0,deviation,49.88
META,2025-01-24,2025-01-27,Weekend,-328.18,-195.85,-6.18,-126.16,1.39,-197.24,0.0,deviation,-197.24
META,2025-01-31,2025-02-03,Weekend,-194.28,-155.66,-41.88,3.26,-12.25,-143.41,0.0,deviation,-143.41
META,2025-02-07,2025-02-10,Weekend,60.02,71.47,3.01,-14.46,7.9,63.57,0.0,deviation,63.57
META,2025-02-14,2025-02-18,Long,-8.15,16.47,6.18,-30.79,1.02,15.45,4.0,deviation,-49.88
META,2025-02-21,2025-02-24,Weekend,47.28,47.45,-5.71,5.53,-10.07,57.52,0.0,deviation,57.52
META,2025-02-28,2025-03-03,Weekend,86.61,23.29,6.88,56.44,-7.48,30.77,0.0,deviation,49.88
META,2025-03-07,2025-03-10,Weekend,-280.21,-154.29,-15.2,-110.72,1.6,-155.89,0.0,deviation,-155.89
META,2025-03-14,2025-03-17,Weekend,-1.81,-58.58,2.96,53.81,-8.23,-50.35,0.0,deviation,-50.35
META,2025-03-21,2025-03-24,Weekend,301.58,143.02,13.24,145.32,-24.54,167.56,0.0,deviation,167.56
META,2025-03-28,2025-03-31,Weekend,-239.78,-109.53,-20.65,-109.59,-5.56,-103.97,0.0,deviation,-103.97
META,2025-04-04,2025-04-07,Weekend,-460.99,-560.93,-83.06,182.99,12.56,-573.48,0.0,deviation,-573.48
META,2025-04-11,2025-04-14,Weekend,234.4,146.08,-5.34,93.66,16.01,130.06,0.0,deviation,130.06
META,2025-04-17,2025-04-21,Long,-207.55,-107.57,14.86,-114.84,-10.26,-97.31,0.0,deviation,-97.31
META,2025-04-25,2025-04-28,Weekend,150.14,22.78,11.32,116.03,-9.86,32.64,0.0,deviation,49.88
META,2025-05-02,2025-05-05,Weekend,-104.15,-37.1,-9.04,-58.02,4.77,-41.87,1.0,deviation,-49.88
META,2025-05-09,2025-05-12,Weekend,627.31,435.73,-16.04,207.62,10.56,425.17,0.0,deviation,425.17
META,2025-05-16,2025-05-19,Weekend,-189.21,-1.43,-189.21,1.43,9.64,-11.07,1.0,deviation,-49.88
META,2025-05-23,2025-05-27,Long,130.05,167.74,-23.23,-14.47,3.99,163.75,0.0,deviation,163.75
META,2025-05-30,2025-06-02,Weekend,-36.86,-74.04,-4.17,41.36,8.81,-82.85,0.0,deviation,-82.85
META,2025-06-06,2025-06-09,Weekend,21.76,-26.63,12.58,35.81,-18.6,-8.03,5.5,deviation,49.88
META,2025-06-13,2025-06-16,Weekend,233.61,78.48,-0.29,155.42,1.32,77.16,0.0,deviation,77.16
META,2025-06-18,2025-06-20,Short,76.64,-0.86,-0.0,77.5,-5.75,4.89,4.0,deviation,49.88
META,2025-06-20,2025-06-23,Weekend,20.48,3.07,21.95,-4.53,0.0,3.07,4.0,deviation,-49.88
META,2025-06-27,2025-06-30,Weekend,141.16,133.74,-28.53,35.95,2.73,131.0,0.0,deviation,131.0
META,2025-07-03,2025-07-07,Long,-41.27,-14.37,-22.16,-4.75,2.86,-17.22,4.0,deviation,-49.88
META,2025-07-11,2025-07-14,Weekend,-0.14,-17.59,-9.9,27.35,6.09,-23.68,0.0,deviation,-49.88
META,2025-07-18,2025-07-21,Weekend,35.87,32.91,0.84,2.12,0.73,32.18,0.0,deviation,49.88
META,2025-07-25,2025-07-28,Weekend,30.25,49.19,12.19,-31.14,-7.71,56.9,0.0,deviation,56.9
META,2025-08-01,2025-08-04,Weekend,138.93,126.09,-25.64,38.48,21.5,104.59,0.0,deviation,104.59
META,2025-08-08,2025-08-11,Weekend,10.2,-2.47,4.42,8.25,3.77,-6.24,10.5,deviation,-49.88
META,2025-08-15,2025-08-18,Weekend,-129.11,-17.65,-1.53,-109.93,4.33,-21.98,4.0,deviation,-49.88
META,2025-08-22,2025-08-25,Weekend,2.2,-32.87,12.79,22.28,-1.59,-31.29,1.0,deviation,-49.88
META,2025-08-29,2025-09-02,Long,-175.45,-29.32,-14.36,-131.77,-1.83,-27.49,0.0,deviation,-49.88
META,2025-09-05,2025-09-08,Weekend,49.13,38.07,-32.75,43.81,2.27,35.8,0.0,deviation,49.88
META,2025-09-12,2025-09-15,Weekend,22.87,31.87,-9.0,-0.0,-0.79,32.66,0.0,deviation,49.88
META,2025-09-19,2025-09-22,Weekend,37.57,-36.36,-18.26,92.2,1.32,-37.68,2.0,deviation,-49.88
META,2025-09-26,2025-09-29,Weekend,63.51,65.15,-6.59,4.94,-28.24,93.4,0.0,deviation,93.4
META,2025-10-03,2025-10-06,Weekend,-76.44,23.85,20.95,-121.25,-3.72,27.57,0.0,deviation,49.88
META,2025-10-10,2025-10-13,Weekend,106.88,171.17,0.71,-65.0,-21.75,192.93,0.0,deviation,192.93
META,2025-10-17,2025-10-20,Weekend,63.7,39.19,10.91,13.6,2.0,37.19,0.0,deviation,49.88
META,2025-10-24,2025-10-27,Weekend,148.65,123.2,5.96,19.5,-30.9,154.1,0.0,deviation,154.1
META,2025-10-31,2025-11-03,Weekend,117.45,46.43,43.09,27.94,3.99,42.43,0.0,deviation,49.88
META,2025-11-07,2025-11-10,Weekend,156.27,165.45,57.59,-66.77,-4.64,170.09,0.0,deviation,170.09
META,2025-11-14,2025-11-17,Weekend,-12.72,42.13,0.57,-55.43,-18.46,60.6,0.0,deviation,60.6
META,2025-11-21,2025-11-24,Weekend,71.24,69.88,27.72,-26.36,-4.53,74.41,0.0,deviation,74.41
META,2025-11-26,2025-11-28,Short,39.78,28.28,3.24,8.26,0.71,27.57,1.0,deviation,49.88
META,2025-11-28,2025-12-01,Weekend,-89.58,-84.81,28.71,-33.48,13.05,-97.85,0.0,deviation,-97.85
META,2025-12-05,2025-12-08,Weekend,-56.21,22.79,-44.05,-34.96,29.11,-6.32,5.0,deviation,49.88
META,2025-12-12,2025-12-15,Weekend,18.38,23.32,-29.07,24.12,8.25,15.08,1.0,deviation,49.88
META,2025-12-19,2025-12-22,Weekend,43.24,-4.53,53.14,-5.36,-12.55,8.02,4.0,deviation,-49.88
META,2025-12-24,2025-12-26,Short,-14.85,1.95,-13.95,-2.85,7.08,-5.13,5.0,deviation,-49.88
META,2025-12-26,2025-12-29,Weekend,-78.72,-29.62,-8.9,-40.19,-1.07,-28.55,5.0,deviation,-49.88
META,2025-12-31,2026-01-02,Short,59.15,86.83,-8.49,-19.19,5.0,81.83,0.0,deviation,81.83
META,2026-01-02,2026-01-05,Weekend,-5.07,14.45,-12.3,-7.22,0.0,14.45,5.5,deviation,49.88
META,2026-01-09,2026-01-12,Weekend,-7.89,-104.19,9.26,87.04,0.25,-104.44,0.0,deviation,-104.44
META,2026-01-16,2026-01-20,Long,-201.45,-231.79,-1.13,31.47,0.0,-231.79,0.0,deviation,-231.79
META,2026-01-23,2026-01-26,Weekend,97.81,68.18,-14.43,44.07,11.62,56.55,0.0,deviation,56.55
META,2026-01-30,2026-02-02,Weekend,-123.6,-123.6,0.0,0.0,-19.68,-103.92,0.0,deviation,-103.92
META,2026-02-06,2026-02-09,Weekend,29.9,-6.04,26.05,9.88,3.17,-9.2,2.0,deviation,-49.88
META,2026-02-13,2026-02-17,Long,-2.66,-62.56,0.16,59.75,4.84,-67.41,0.0,deviation,-67.41
META,2026-02-20,2026-02-23,Weekend,-45.1,-44.3,-11.22,10.42,-1.15,-43.16,0.0,deviation,-49.88
META,2026-02-27,2026-03-02,Weekend,-168.85,-159.64,-61.3,52.08,29.46,-189.1,0.0,deviation,-189.1
META,2026-03-06,2026-03-09,Weekend,-157.52,-123.04,-32.31,-2.17,-7.94,-115.1,0.0,deviation,-115.1
META,2026-03-13,2026-03-16,Weekend,294.97,204.13,-43.12,133.96,20.28,183.85,0.0,deviation,183.85
META,2026-03-20,2026-03-23,Weekend,201.21,-184.67,69.99,315.89,-19.42,-165.25,0.0,deviation,-165.25
META,2026-03-27,2026-03-30,Weekend,200.84,193.68,-108.82,115.98,40.86,152.82,0.0,deviation,152.82
META,2026-04-02,2026-04-06,Long,46.05,49.83,-0.87,-2.91,1.83,48.0,0.0,deviation,49.88
META,2026-04-10,2026-04-13,Weekend,-6.19,-115.07,4.92,103.95,-7.96,-107.11,0.0,deviation,-107.11
META,2026-04-17,2026-04-20,Weekend,-106.26,-78.45,-27.96,0.15,-4.18,-74.27,0.0,deviation,-74.27
META,2026-04-24,2026-04-27,Weekend,-57.88,33.24,4.37,-95.49,-7.55,40.79,0.0,deviation,49.88
META,2026-05-01,2026-05-04,Weekend,-13.31,42.92,1.09,-57.33,-6.76,49.68,0.0,deviation,49.88
META,2026-05-08,2026-05-11,Weekend,-83.51,-35.5,-1.8,-46.21,-4.76,-30.74,3.0,deviation,-49.88
META,2026-05-15,2026-05-18,Weekend,-154.99,-73.01,-66.13,-15.86,26.18,-99.18,0.0,deviation,-99.18
META,2026-05-22,2026-05-26,Long,-12.62,80.68,-49.6,-43.7,30.17,50.51,0.0,deviation,50.51
META,2026-05-29,2026-06-01,Weekend,-49.21,19.22,-5.54,-62.9,-0.79,20.01,0.0,deviation,49.88
META,2026-06-05,2026-06-08,Weekend,-40.75,89.79,-47.7,-82.84,22.52,67.27,0.0,deviation,67.27
META,2026-06-12,2026-06-15,Weekend,230.26,147.34,45.77,37.14,-31.14,178.48,0.0,deviation,178.48
META,2026-06-18,2026-06-22,Long,-90.49,-11.84,-42.01,-36.64,-2.04,-9.79,3.0,deviation,-49.88
META,2026-06-26,2026-06-29,Weekend,192.01,103.24,33.98,54.79,-17.43,120.67,0.0,deviation,120.67
META,2026-07-02,2026-07-06,Long,207.06,40.94,40.25,125.86,-27.82,68.76,0.0,deviation,68.76
META,2026-07-10,2026-07-13,Weekend,-117.22,-165.89,-19.59,68.26,4.49,-170.38,0.0,deviation,-170.38
META,2026-07-17,2026-07-20,Weekend,-32.72,61.49,-90.32,-3.88,0.0,61.49,0.0,deviation,61.49
META,2026-07-24,2026-07-27,Weekend,199.94,123.45,-17.66,94.15,20.18,103.27,0.0,deviation,103.27
META,2026-07-31,2026-08-03,Weekend,134.76,219.46,-46.83,-37.87,25.24,194.21,0.0,deviation,194.21
META,2026-08-07,2026-08-10,Weekend,120.84,41.82,-0.25,79.28,13.22,28.59,2.0,deviation,49.88
META,2026-08-14,2026-08-17,Weekend,-2.71,-0.42,6.1,-8.39,-1.12,0.7,4.0,deviation,-49.88
META,2026-08-21,2026-08-24,Weekend,5.27,-73.14,55.12,23.29,18.89,-92.03,0.0,deviation,-92.03
META,2026-08-28,2026-08-31,Weekend,-21.65,-27.08,5.71,-0.27,1.33,-28.42,0.0,deviation,-49.88
META,2026-09-04,2026-09-08,Long,-14.2,-65.84,-25.21,76.85,-5.0,-60.85,0.0,deviation,-60.85
META,2026-09-11,2026-09-14,Weekend,143.82,-106.03,-10.03,259.88,-1.24,-104.79,0.0,deviation,-104.79
META,2026-09-18,2026-09-21,Weekend,220.83,193.16,45.43,-17.77,-1.96,195.12,0.0,deviation,195.12
META,2026-09-25,2026-09-28,Weekend,-19.64,-183.29,-54.01,217.66,34.04,-217.33,0.0,deviation,-217.33
JPM,2024-10-04,2024-10-07,Weekend,-9.0,30.24,5.67,-44.92,0.0,30.24,4.0,deviation,49.88
JPM,2024-10-11,2024-10-14,Weekend,42.65,13.04,0.0,29.61,9.44,3.6,5.5,deviation,-49.88
JPM,2024-10-18,2024-10-21,Weekend,-10.21,-242.49,-2.22,234.5,-1.33,-241.16,0.0,deviation,-241.16
JPM,2024-10-25,2024-10-28,Weekend,46.22,70.78,-15.16,-9.4,-6.2,76.98,0.0,deviation,76.98
JPM,2024-11-01,2024-11-04,Weekend,-13.02,-2.24,-0.0,-10.77,6.04,-8.28,4.0,deviation,-49.88
JPM,2024-11-08,2024-11-11,Weekend,124.52,42.11,-1.27,83.68,0.0,42.11,0.0,deviation,49.88
JPM,2024-11-15,2024-11-18,Weekend,96.12,-1.22,2.04,95.3,8.55,-9.77,0.0,deviation,-49.88
JPM,2024-11-22,2024-11-25,Weekend,41.76,16.03,26.53,-0.8,-27.78,43.81,0.0,deviation,49.88
JPM,2024-11-27,2024-11-29,Short,5.2,11.6,7.21,-13.6,2.0,9.6,0.0,deviation,49.88
JPM,2024-11-29,2024-12-02,Weekend,-77.04,1.6,-60.63,-18.02,-4.0,5.6,4.0,deviation,-49.88
JPM,2024-12-06,2024-12-09,Weekend,-8.29,-2.83,-5.46,0.0,18.52,-21.35,0.0,deviation,49.88
JPM,2024-12-13,2024-12-16,Weekend,26.63,43.24,1.67,-18.27,-21.29,64.53,0.0,deviation,64.53
JPM,2024-12-20,2024-12-23,Weekend,-68.81,46.13,8.41,-123.35,-6.1,52.23,0.0,deviation,52.23
JPM,2024-12-24,2024-12-26,Short,-19.45,20.21,11.57,-51.23,-3.3,23.52,4.0,deviation,-49.88
JPM,2024-12-27,2024-12-30,Weekend,-106.23,-42.78,-0.83,-62.63,-26.67,-16.11,4.0,deviation,-49.88
JPM,2024-12-31,2025-01-02,Short,39.51,-3.75,-5.42,48.68,-5.0,1.25,1.0,deviation,49.88
JPM,2025-01-03,2025-01-06,Weekend,17.04,-3.85,6.73,14.17,-31.56,27.71,4.0,deviation,49.88
JPM,2025-01-08,2025-01-10,Short,2.06,-13.96,25.07,-9.05,-8.58,-5.39,0.0,deviation,-49.88
JPM,2025-01-10,2025-01-13,Weekend,-10.43,7.92,-4.59,-13.76,-2.45,10.37,0.0,deviation,-49.88
JPM,2025-01-17,2025-01-21,Long,30.81,64.82,23.12,-57.13,-4.62,69.44,0.0,deviation,69.44
JPM,2025-01-24,2025-01-27,Weekend,-14.17,17.74,-3.02,-28.89,7.93,9.81,0.0,deviation,-49.88
JPM,2025-01-31,2025-02-03,Weekend,-206.95,-154.61,-2.43,-49.91,-19.1,-135.51,0.0,deviation,-135.51
JPM,2025-02-07,2025-02-10,Weekend,-3.63,32.21,1.45,-37.28,34.1,-1.89,4.0,deviation,-49.88
JPM,2025-02-14,2025-02-18,Long,8.13,-6.86,17.34,-2.35,13.71,-20.57,4.0,deviation,49.88
JPM,2025-02-21,2025-02-24,Weekend,47.57,15.13,-5.3,37.74,2.27,12.86,0.0,deviation,49.88
JPM,2025-02-28,2025-03-03,Weekend,-22.32,29.1,-13.62,-37.81,13.62,15.48,2.0,deviation,49.88
JPM,2025-03-07,2025-03-10,Weekend,-242.16,-116.26,10.33,-136.23,-10.33,-105.93,0.0,deviation,-105.93
JPM,2025-03-14,2025-03-17,Weekend,-51.34,3.01,7.74,-62.1,-4.73,7.74,0.0,deviation,-49.88
JPM,2025-03-21,2025-03-24,Weekend,158.91,39.19,14.06,105.66,-31.71,70.89,0.0,deviation,70.89
JPM,2025-03-28,2025-03-31,Weekend,-143.08,-28.1,-20.61,-94.37,8.59,-36.69,0.0,deviation,-49.88
JPM,2025-04-04,2025-04-07,Weekend,-214.43,-430.97,2.38,214.16,-4.76,-426.22,0.0,deviation,-426.22
JPM,2025-04-11,2025-04-14,Weekend,40.99,87.61,9.74,-56.35,-14.39,102.01,0.0,deviation,102.01
JPM,2025-04-17,2025-04-21,Long,-56.21,-7.33,9.91,-58.8,-11.18,3.86,0.0,deviation,-49.88
JPM,2025-04-25,2025-04-28,Weekend,42.21,0.82,-21.78,63.17,18.09,-17.27,2.0,deviation,-49.88
JPM,2025-05-02,2025-05-05,Weekend,-50.63,-51.52,20.77,-19.89,-9.1,-42.42,0.0,deviation,-49.88
JPM,2025-05-09,2025-05-12,Weekend,385.82,89.51,25.27,271.04,-13.42,102.92,0.0,deviation,102.92
JPM,2025-05-16,2025-05-19,Weekend,-75.78,7.55,-104.06,20.73,-0.38,7.93,0.0,deviation,-49.88
JPM,2025-05-23,2025-05-27,Long,47.82,88.01,-22.65,-17.54,-14.77,102.77,0.0,deviation,102.77
JPM,2025-05-30,2025-06-02,Weekend,-30.75,-18.61,-12.14,-0.0,16.3,-34.92,0.0,deviation,-49.88
JPM,2025-06-06,2025-06-09,Weekend,10.53,22.22,-19.21,7.52,18.46,3.76,4.0,deviation,-49.88
JPM,2025-06-13,2025-06-16,Weekend,74.81,34.3,3.36,37.15,4.75,29.55,0.0,deviation,49.88
JPM,2025-06-18,2025-06-20,Short,90.66,18.6,1.82,70.24,41.3,-22.7,0.0,deviation,-49.88
JPM,2025-06-20,2025-06-23,Weekend,2.55,-58.22,22.16,38.61,-13.8,-44.43,4.0,deviation,-49.88
JPM,2025-06-27,2025-06-30,Weekend,115.68,41.15,53.5,21.03,-2.77,43.92,0.0,deviation,-49.88
JPM,2025-07-03,2025-07-07,Long,-17.93,5.4,7.77,-31.11,-0.34,5.74,4.0,deviation,-49.88
JPM,2025-07-11,2025-07-14,Weekend,12.55,38.25,10.11,-35.82,-4.53,42.78,4.0,deviation,-49.88
JPM,2025-07-18,2025-07-21,Weekend,-5.67,40.4,10.81,-56.88,-12.7,53.1,0.0,deviation,53.1
JPM,2025-07-25,2025-07-28,Weekend,-30.86,25.75,1.34,-57.95,-11.26,37.01,0.0,deviation,49.88
JPM,2025-08-01,2025-08-04,Weekend,43.85,89.09,15.56,-60.79,0.35,88.74,0.0,deviation,88.74
JPM,2025-08-08,2025-08-11,Weekend,20.41,-53.12,-1.39,74.92,6.58,-59.7,0.0,deviation,-59.7
JPM,2025-08-15,2025-08-18,Weekend,-16.88,14.1,3.1,-34.08,0.24,13.86,0.0,deviation,-49.88
JPM,2025-08-22,2025-08-25,Weekend,0.0,-1.69,12.15,-10.46,-27.25,25.56,4.0,deviation,49.88
JPM,2025-08-29,2025-09-02,Long,-39.89,4.97,9.95,-54.8,7.62,-2.65,0.0,deviation,-49.88
JPM,2025-09-05,2025-09-08,Weekend,14.93,2.09,-0.39,13.23,20.82,-18.73,4.0,deviation,49.88
JPM,2025-09-12,2025-09-15,Weekend,8.47,0.0,-1.96,10.42,-1.3,1.3,3.0,deviation,49.88
JPM,2025-09-19,2025-09-22,Weekend,-157.56,59.95,-118.9,-98.61,12.53,47.42,2.0,deviation,-49.88
JPM,2025-09-26,2025-09-29,Weekend,31.59,19.9,7.59,4.1,-6.56,26.46,0.0,deviation,49.88
JPM,2025-10-03,2025-10-06,Weekend,5.48,-8.06,8.71,4.84,15.98,-24.04,4.0,deviation,-49.88
JPM,2025-10-10,2025-10-13,Weekend,151.34,128.45,-29.61,52.49,8.99,119.46,0.0,deviation,119.46
JPM,2025-10-17,2025-10-20,Weekend,29.52,3.36,9.4,16.76,-16.18,19.54,0.0,deviation,49.88
JPM,2025-10-24,2025-10-27,Weekend,54.42,49.79,-0.67,5.3,-19.18,68.97,0.0,deviation,68.97
JPM,2025-10-31,2025-11-03,Weekend,-2.89,4.18,0.96,-8.04,1.56,2.62,5.5,deviation,-49.88
JPM,2025-11-07,2025-11-10,Weekend,24.79,29.85,5.73,-10.79,-1.27,31.13,0.0,deviation,49.88
JPM,2025-11-14,2025-11-17,Weekend,8.89,28.2,26.63,-45.95,-7.88,36.08,4.0,deviation,49.88
JPM,2025-11-21,2025-11-24,Weekend,7.38,17.73,23.46,-33.81,-18.14,35.87,0.0,deviation,49.88
JPM,2025-11-26,2025-11-28,Short,45.72,39.59,-0.02,6.15,2.94,36.65,4.0,deviation,49.88
JPM,2025-11-28,2025-12-01,Weekend,13.11,-6.62,24.2,-4.47,-3.43,-3.19,0.0,deviation,-49.88
JPM,2025-12-05,2025-12-08,Weekend,1.59,41.16,-6.61,-32.96,-3.97,45.13,3.0,deviation,49.88
JPM,2025-12-12,2025-12-15,Weekend,30.71,56.72,-13.19,-12.82,-29.27,85.99,0.0,deviation,85.99
JPM,2025-12-19,2025-12-22,Weekend,12.61,1.26,24.57,-13.22,-40.9,42.16,0.0,deviation,49.88
JPM,2025-12-24,2025-12-26,Short,-18.06,2.73,-20.49,-0.3,-12.15,14.88,4.0,deviation,49.88
JPM,2025-12-26,2025-12-29,Weekend,-28.71,7.62,-5.8,-30.53,12.17,-4.55,4.0,deviation,49.88
JPM,2025-12-31,2026-01-02,Short,5.58,-21.7,19.53,7.75,-2.3,-19.4,4.0,deviation,49.88
JPM,2026-01-02,2026-01-05,Weekend,1.84,31.29,1.23,-30.67,3.38,27.91,0.0,deviation,49.88
JPM,2026-01-09,2026-01-12,Weekend,-225.35,-172.4,5.16,-58.11,38.03,-210.43,0.0,deviation,-210.43
JPM,2026-01-16,2026-01-20,Long,-201.41,-168.31,8.28,-41.39,3.23,-171.54,0.0,deviation,-171.54
JPM,2026-01-23,2026-01-26,Weekend,3.36,-20.52,-3.36,27.24,-5.38,-15.14,4.0,deviation,49.88
JPM,2026-01-30,2026-02-02,Weekend,60.57,60.57,0.0,0.0,-42.44,103.0,0.0,deviation,103.0
JPM,2026-02-06,2026-02-09,Weekend,-32.62,3.11,-15.21,-20.52,-4.35,7.46,0.0,deviation,49.88
JPM,2026-02-13,2026-02-17,Long,8.59,-12.22,13.54,7.27,-6.74,-5.49,0.0,deviation,-49.88
JPM,2026-02-20,2026-02-23,Weekend,-66.81,-8.07,-31.25,-27.49,20.79,-28.86,0.0,deviation,-49.88
JPM,2026-02-27,2026-03-02,Weekend,-171.85,-137.93,-20.69,-13.22,19.36,-157.29,0.0,deviation,-157.29
JPM,2026-03-06,2026-03-09,Weekend,-134.3,-161.74,-26.99,54.44,8.31,-170.05,0.0,deviation,-170.05
JPM,2026-03-13,2026-03-16,Weekend,101.79,24.69,-8.47,85.58,-6.36,31.04,0.0,deviation,49.88
JPM,2026-03-20,2026-03-23,Weekend,260.58,-96.38,61.1,295.86,6.2,-102.58,0.0,deviation,-102.58
JPM,2026-03-27,2026-03-30,Weekend,70.49,15.91,-5.66,60.24,9.94,5.98,0.0,deviation,49.88
JPM,2026-04-02,2026-04-06,Long,-22.76,-8.48,4.07,-18.35,-27.41,18.93,0.0,deviation,-49.88
JPM,2026-04-10,2026-04-13,Weekend,-78.4,-109.65,2.26,28.99,8.06,-117.71,0.0,deviation,-117.71
JPM,2026-04-17,2026-04-20,Weekend,19.64,-64.94,8.38,76.21,13.37,-78.31,0.0,deviation,-78.31
JPM,2026-04-24,2026-04-27,Weekend,-45.84,24.64,6.77,-77.26,-5.74,30.38,5.0,deviation,-49.88
JPM,2026-05-01,2026-05-04,Weekend,-59.06,23.27,-22.95,-59.38,-13.92,37.19,0.0,deviation,49.88
JPM,2026-05-08,2026-05-11,Weekend,6.62,-5.3,-0.33,12.25,1.67,-6.96,0.0,deviation,-49.88
JPM,2026-05-15,2026-05-18,Weekend,4.53,6.04,-4.87,3.36,2.69,3.36,0.0,deviation,-49.88
JPM,2026-05-22,2026-05-26,Long,68.96,44.49,-44.82,69.29,37.26,7.23,0.0,deviation,49.88
JPM,2026-05-29,2026-06-01,Weekend,-57.28,-31.82,-13.37,-12.09,-6.69,-25.13,0.0,deviation,-49.88
JPM,2026-06-05,2026-06-08,Weekend,24.29,28.89,-44.58,39.98,15.74,13.15,5.5,deviation,53.13
JPM,2026-06-12,2026-06-15,Weekend,99.59,43.54,3.43,52.62,-0.27,43.81,0.0,deviation,49.88
JPM,2026-06-18,2026-06-22,Long,136.2,0.0,20.27,115.93,-0.69,0.69,0.0,deviation,-49.88
JPM,2026-06-26,2026-06-29,Weekend,10.97,55.61,38.05,-82.69,-8.51,64.12,0.0,deviation,64.12
JPM,2026-07-02,2026-07-06,Long,23.91,-46.68,23.31,47.28,-15.42,-31.26,0.0,deviation,-49.88
JPM,2026-07-10,2026-07-13,Weekend,55.42,-1.78,12.18,45.03,2.46,-4.24,5.0,deviation,49.88
JPM,2026-07-17,2026-07-20,Weekend,17.86,-43.91,34.82,26.95,-11.69,-32.22,0.0,deviation,-49.88
JPM,2026-07-24,2026-07-27,Weekend,133.04,41.71,2.64,88.69,-18.09,59.8,0.0,deviation,59.8
JPM,2026-07-31,2026-08-03,Weekend,53.29,63.77,-49.0,38.52,39.68,24.09,0.0,deviation,49.88
JPM,2026-08-07,2026-08-10,Weekend,13.7,-7.42,20.56,0.56,-7.54,0.12,1.0,deviation,-49.88
JPM,2026-08-14,2026-08-17,Weekend,-23.73,6.89,-5.51,-25.11,22.67,-15.78,0.0,deviation,-49.88
JPM,2026-08-21,2026-08-24,Weekend,47.24,-11.65,10.09,48.8,-17.42,5.76,5.5,deviation,54.57
JPM,2026-08-28,2026-08-31,Weekend,-45.14,-71.82,4.18,22.5,0.0,-71.82,0.0,deviation,-71.82
JPM,2026-09-04,2026-09-08,Long,-42.2,-75.42,2.37,30.85,0.0,-75.42,0.0,deviation,-75.42
JPM,2026-09-11,2026-09-14,Weekend,-57.7,56.31,8.98,-123.0,-22.74,79.05,0.0,deviation,79.05
JPM,2026-09-18,2026-09-21,Weekend,123.04,2.5,0.72,119.83,-0.57,3.07,0.0,deviation,49.88
JPM,2026-09-25,2026-09-28,Weekend,-31.84,-65.79,5.25,28.71,-1.61,-64.18,0.0,deviation,-64.18
XOM,2024-10-04,2024-10-07,Weekend,36.79,0.81,16.01,19.98,0.0,0.81,0.0,deviation,49.88
XOM,2024-10-11,2024-10-14,Weekend,-32.4,-43.81,-9.71,21.12,24.26,-68.07,0.0,deviation,-68.07
XOM,2024-10-18,2024-10-21,Weekend,81.34,0.0,-0.83,82.17,-3.61,3.61,1.0,deviation,49.88
XOM,2024-10-25,2024-10-28,Weekend,-230.23,-249.62,80.0,-60.61,0.0,-249.62,0.0,deviation,-249.62
XOM,2024-11-01,2024-11-04,Weekend,95.22,82.26,4.35,8.62,7.01,75.24,0.0,deviation,75.24
XOM,2024-11-08,2024-11-11,Weekend,-13.21,-6.6,3.3,-9.91,-6.6,0.0,4.0,deviation,49.88
XOM,2024-11-15,2024-11-18,Weekend,39.31,18.38,23.44,-2.5,4.33,14.05,5.5,deviation,49.88
XOM,2024-11-22,2024-11-25,Weekend,-28.78,-1.49,13.8,-41.09,3.59,-5.08,4.0,deviation,-49.88
XOM,2024-11-27,2024-11-29,Short,-17.02,-0.85,13.59,-29.76,-3.4,2.55,5.5,deviation,-49.88
XOM,2024-11-29,2024-12-02,Weekend,-21.2,-11.86,-16.96,7.63,-7.62,-4.24,5.5,deviation,-49.88
XOM,2024-12-06,2024-12-09,Weekend,96.42,60.58,1.76,34.08,24.53,36.05,0.0,deviation,49.88
XOM,2024-12-13,2024-12-16,Weekend,-56.1,20.72,4.51,-81.34,-0.05,20.78,4.0,deviation,49.88
XOM,2024-12-20,2024-12-23,Weekend,-53.98,14.16,0.0,-68.14,-8.5,22.66,0.0,deviation,49.88
XOM,2024-12-24,2024-12-26,Short,-31.4,10.33,-43.61,1.88,15.03,-4.69,4.0,deviation,-49.88
XOM,2024-12-27,2024-12-30,Weekend,-20.67,24.38,-1.88,-43.18,-0.94,25.32,5.5,deviation,-49.88
XOM,2024-12-31,2025-01-02,Short,59.75,-62.49,-6.51,128.74,-24.2,-38.28,0.0,deviation,49.88
XOM,2025-01-03,2025-01-06,Weekend,33.31,77.53,3.71,-47.93,-24.53,102.06,0.0,deviation,102.06
XOM,2025-01-08,2025-01-10,Short,165.11,44.76,7.48,112.87,-28.08,72.84,0.0,deviation,72.84
XOM,2025-01-10,2025-01-13,Weekend,55.7,21.59,-8.45,42.56,-2.52,24.1,0.0,deviation,49.88
XOM,2025-01-17,2025-01-21,Long,-24.07,128.07,16.01,-168.15,-11.57,139.64,0.0,deviation,139.64
XOM,2025-01-24,2025-01-27,Weekend,32.16,-17.49,5.52,44.13,-7.36,-10.13,0.0,deviation,-49.88
XOM,2025-01-31,2025-02-03,Weekend,-16.87,-15.9,16.84,-17.8,-3.74,-12.16,4.0,deviation,-49.88
XOM,2025-02-07,2025-02-10,Weekend,100.5,9.18,-1.38,92.7,12.85,-3.67,0.0,deviation,49.88
XOM,2025-02-14,2025-02-18,Long,37.81,123.17,-9.24,-76.12,4.62,118.55,0.0,deviation,118.55
XOM,2025-02-21,2025-02-24,Weekend,20.31,-2.71,2.71,20.3,-8.13,5.42,2.0,deviation,50.49
XOM,2025-02-28,2025-03-03,Weekend,33.18,43.07,-11.68,1.79,23.02,20.05,4.0,deviation,-49.88
XOM,2025-03-07,2025-03-10,Weekend,25.2,-55.08,21.08,59.2,0.0,-55.08,0.0,deviation,-55.08
XOM,2025-03-14,2025-03-17,Weekend,-5.81,-61.97,-15.66,71.81,8.05,-70.02,0.0,deviation,-70.02
XOM,2025-03-21,2025-03-24,Weekend,22.5,34.57,6.93,-19.0,4.33,30.24,0.0,deviation,49.88
XOM,2025-03-28,2025-03-31,Weekend,6.79,29.56,-4.95,-17.81,12.6,16.96,2.0,deviation,-49.88
XOM,2025-04-04,2025-04-07,Weekend,-413.89,-568.09,-2.88,157.07,17.01,-585.1,0.0,deviation,-585.1
XOM,2025-04-11,2025-04-14,Weekend,182.56,77.21,7.75,97.59,-19.64,96.85,0.0,deviation,96.85
XOM,2025-04-17,2025-04-21,Long,-161.69,-53.33,21.49,-129.84,-3.32,-50.01,0.0,deviation,-50.01
XOM,2025-04-25,2025-04-28,Weekend,15.64,-69.2,15.64,69.2,-38.7,-30.51,4.0,deviation,49.88
XOM,2025-05-02,2025-05-05,Weekend,-144.2,-190.21,-1.88,47.89,-24.47,-165.74,0.0,deviation,-165.74
XOM,2025-05-09,2025-05-12,Weekend,273.03,162.02,41.85,69.16,0.0,162.02,0.0,deviation,162.02
XOM,2025-05-16,2025-05-19,Weekend,-55.62,0.93,-44.47,-12.08,27.82,-26.89,1.0,deviation,-49.88
XOM,2025-05-23,2025-05-27,Long,40.67,52.28,-3.88,-7.73,-1.7,53.97,0.0,deviation,53.97
XOM,2025-05-30,2025-06-02,Weekend,155.42,41.07,-9.79,124.14,1.96,39.11,0.0,deviation,49.88
XOM,2025-06-06,2025-06-09,Weekend,7.67,13.43,-5.76,0.0,9.48,3.95,5.5,deviation,49.88
XOM,2025-06-13,2025-06-16,Weekend,-25.9,74.55,12.48,-112.94,-3.56,78.12,0.0,deviation,78.12
XOM,2025-06-18,2025-06-20,Short,21.18,59.83,9.71,-48.36,-7.06,66.89,0.0,deviation,66.89
XOM,2025-06-20,2025-06-23,Weekend,171.99,122.97,5.23,43.8,16.54,106.43,0.0,deviation,106.43
XOM,2025-06-27,2025-06-30,Weekend,-65.14,42.93,-9.15,-98.92,4.58,38.35,5.5,deviation,-60.57
XOM,2025-07-03,2025-07-07,Long,-60.33,-64.38,-1.34,5.38,-10.76,-53.61,0.0,deviation,-53.61
XOM,2025-07-11,2025-07-14,Weekend,-14.74,27.6,-29.77,-12.58,38.86,-11.26,4.0,deviation,-49.88
XOM,2025-07-18,2025-07-21,Weekend,-15.79,82.27,-1.86,-96.19,-13.92,96.19,0.0,deviation,96.19
XOM,2025-07-25,2025-07-28,Weekend,51.03,22.6,5.88,22.55,-9.96,32.56,0.0,deviation,49.88
XOM,2025-08-01,2025-08-04,Weekend,-35.64,78.13,2.74,-116.51,16.4,61.73,0.0,deviation,61.73
XOM,2025-08-08,2025-08-11,Weekend,25.24,22.41,-8.38,11.21,14.51,7.9,5.5,deviation,-49.88
XOM,2025-08-15,2025-08-18,Weekend,-36.69,-8.44,21.58,-49.83,-15.0,6.57,4.0,deviation,-49.88
XOM,2025-08-22,2025-08-25,Weekend,-35.11,18.87,-10.79,-43.19,8.09,10.78,0.0,deviation,-49.88
XOM,2025-08-29,2025-09-02,Long,-14.44,35.82,-8.31,-41.95,-26.56,62.39,0.0,deviation,62.39
XOM,2025-09-05,2025-09-08,Weekend,43.84,-4.57,13.72,34.69,-6.4,1.83,0.0,deviation,49.88
XOM,2025-09-12,2025-09-15,Weekend,-0.45,-16.04,13.81,1.78,-2.67,-13.36,4.0,deviation,49.88
XOM,2025-09-19,2025-09-22,Weekend,-34.18,37.98,14.61,-86.77,0.0,37.98,4.0,deviation,-49.88
XOM,2025-09-26,2025-09-29,Weekend,-100.31,11.08,-0.85,-110.54,-10.24,21.33,4.0,deviation,49.88
XOM,2025-10-03,2025-10-06,Weekend,3.09,17.64,3.97,-18.52,-17.67,35.3,0.0,deviation,49.88
XOM,2025-10-10,2025-10-13,Weekend,71.08,106.74,2.82,-38.48,-7.33,114.07,0.0,deviation,114.07
XOM,2025-10-17,2025-10-20,Weekend,-19.62,8.9,7.13,-35.65,-6.24,15.14,4.0,deviation,49.88
XOM,2025-10-24,2025-10-27,Weekend,25.53,34.58,7.8,-16.84,10.39,24.19,4.0,deviation,49.88
XOM,2025-10-31,2025-11-03,Weekend,13.11,-4.18,43.46,-26.17,-27.31,23.13,5.5,deviation,-49.88
XOM,2025-11-07,2025-11-10,Weekend,17.9,17.9,0.85,-0.85,0.0,17.9,1.0,deviation,49.88
XOM,2025-11-14,2025-11-17,Weekend,-26.86,-29.37,3.35,-0.84,-3.35,-26.02,5.5,deviation,-49.88
XOM,2025-11-21,2025-11-24,Weekend,8.96,1.71,3.84,3.41,-6.49,8.2,5.5,deviation,-49.88
XOM,2025-11-26,2025-11-28,Short,15.67,-1.74,11.32,6.09,-15.99,14.25,4.0,deviation,49.88
XOM,2025-11-28,2025-12-01,Weekend,0.86,37.88,-12.93,-24.09,0.86,37.02,0.0,deviation,49.88
XOM,2025-12-05,2025-12-08,Weekend,-59.39,13.68,30.85,-103.92,-9.42,23.1,4.0,deviation,49.88
XOM,2025-12-12,2025-12-15,Weekend,15.98,76.19,14.3,-74.51,-22.73,98.92,0.0,deviation,98.92
XOM,2025-12-19,2025-12-22,Weekend,57.69,14.56,4.28,38.85,-13.72,28.27,0.0,deviation,49.88
XOM,2025-12-24,2025-12-26,Short,-71.24,0.0,-60.73,-10.51,0.0,0.0,4.0,deviation,49.88
XOM,2025-12-26,2025-12-29,Weekend,86.52,37.71,-1.26,50.06,-5.26,42.97,0.0,deviation,49.88
XOM,2025-12-31,2026-01-02,Short,-20.38,16.6,6.23,-43.21,-13.3,29.89,4.0,deviation,49.88
XOM,2026-01-02,2026-01-05,Weekend,207.39,358.02,-0.82,-149.82,8.97,349.06,0.0,deviation,349.06
XOM,2026-01-09,2026-01-12,Weekend,-12.04,-61.34,-20.04,69.34,8.43,-69.77,0.0,deviation,-69.77
XOM,2026-01-16,2026-01-20,Long,124.72,-41.26,5.0,160.97,3.46,-44.72,0.0,deviation,-49.88
XOM,2026-01-23,2026-01-26,Weekend,144.91,58.07,50.26,36.58,-39.89,97.96,0.0,deviation,97.96
XOM,2026-01-30,2026-02-02,Weekend,16.55,16.55,0.0,0.0,0.0,16.55,0.0,deviation,-49.88
XOM,2026-02-06,2026-02-09,Weekend,15.42,-13.4,21.45,7.37,-11.24,-2.16,4.0,deviation,-49.88
XOM,2026-02-13,2026-02-17,Long,-14.16,38.22,28.93,-81.32,10.07,28.15,0.0,deviation,49.88
XOM,2026-02-20,2026-02-23,Weekend,57.54,-78.8,33.21,103.13,-5.22,-73.58,0.0,deviation,-73.58
XOM,2026-02-27,2026-03-02,Weekend,433.16,574.21,-9.51,-131.54,9.51,564.7,0.0,deviation,564.7
XOM,2026-03-06,2026-03-09,Weekend,57.73,148.84,10.66,-101.77,6.67,142.17,0.0,deviation,142.17
XOM,2026-03-13,2026-03-16,Weekend,-8.97,23.03,22.98,-54.98,-23.36,46.39,0.0,deviation,49.88
XOM,2026-03-20,2026-03-23,Weekend,-229.55,56.13,9.39,-295.06,6.25,49.88,0.0,deviation,49.88
XOM,2026-03-27,2026-03-30,Weekend,92.89,147.17,23.96,-78.24,-23.41,170.58,0.0,deviation,170.58
XOM,2026-04-02,2026-04-06,Long,-6.23,-90.73,-13.75,98.26,-13.44,-77.29,0.0,deviation,-77.29
XOM,2026-04-10,2026-04-13,Weekend,128.52,240.38,12.47,-124.33,-5.25,245.63,0.0,deviation,245.63
XOM,2026-04-17,2026-04-20,Weekend,65.35,176.12,-6.15,-104.62,0.22,175.9,0.0,deviation,175.9
XOM,2026-04-24,2026-04-27,Weekend,19.8,42.23,0.67,-23.1,-13.47,55.7,0.0,deviation,55.7
XOM,2026-05-01,2026-05-04,Weekend,-7.86,-26.26,-19.0,37.41,-9.84,-16.42,0.0,deviation,49.88
XOM,2026-05-08,2026-05-11,Weekend,111.56,126.74,-9.7,-5.48,-11.82,138.56,0.0,deviation,138.56
XOM,2026-05-15,2026-05-18,Weekend,-39.02,38.16,-4.02,-73.15,-26.55,64.71,0.0,deviation,64.71
XOM,2026-05-22,2026-05-26,Long,-88.53,-163.25,9.36,65.36,20.48,-183.73,0.0,deviation,-183.73
XOM,2026-05-29,2026-06-01,Weekend,112.86,39.25,4.0,69.62,-13.35,52.6,0.0,deviation,52.6
XOM,2026-06-05,2026-06-08,Weekend,75.37,180.76,13.32,-118.71,-23.47,204.22,0.0,deviation,204.22
XOM,2026-06-12,2026-06-15,Weekend,-507.17,-254.92,-0.68,-251.57,9.52,-264.44,0.0,deviation,-264.44
XOM,2026-06-18,2026-06-22,Long,55.73,71.48,16.68,-32.43,-5.07,76.56,0.0,deviation,76.56
XOM,2026-06-26,2026-06-29,Weekend,13.19,17.5,48.27,-52.58,-22.19,39.68,0.0,deviation,49.88
XOM,2026-07-02,2026-07-06,Long,-31.08,25.57,-21.2,-35.46,6.58,18.99,5.0,deviation,-49.88
XOM,2026-07-10,2026-07-13,Weekend,149.42,143.06,-2.16,8.52,-14.42,157.48,0.0,deviation,157.48
XOM,2026-07-17,2026-07-20,Weekend,-60.57,75.44,34.54,-170.55,-21.66,97.1,0.0,deviation,97.1
XOM,2026-07-24,2026-07-27,Weekend,-249.04,-343.64,-3.22,97.82,-4.43,-339.21,0.0,deviation,-339.21
XOM,2026-07-31,2026-08-03,Weekend,-131.74,-329.38,102.37,95.27,-5.01,-324.38,0.0,deviation,-324.38
XOM,2026-08-07,2026-08-10,Weekend,101.16,0.0,10.13,91.03,-6.53,6.53,0.0,deviation,49.88
XOM,2026-08-14,2026-08-17,Weekend,0.63,-31.89,6.87,25.64,-13.74,-18.14,0.0,deviation,-49.88
XOM,2026-08-21,2026-08-24,Weekend,-75.39,-5.45,5.45,-75.39,-18.96,13.52,0.0,deviation,-49.88
XOM,2026-08-28,2026-08-31,Weekend,205.29,69.91,7.02,128.37,-7.02,76.93,0.0,deviation,76.93
XOM,2026-09-04,2026-09-08,Long,73.74,-148.84,229.43,-6.85,0.0,-148.84,0.0,deviation,-148.84
XOM,2026-09-11,2026-09-14,Weekend,161.34,168.27,10.84,-17.77,-9.63,177.9,0.0,deviation,177.9
XOM,2026-09-18,2026-09-21,Weekend,-137.29,-50.97,5.21,-91.53,2.6,-53.57,0.0,deviation,-53.57
XOM,2026-09-25,2026-09-28,Weekend,138.55,63.93,2.49,72.13,-0.62,64.55,0.0,deviation,64.55
WMT,2024-10-04,2024-10-07,Weekend,-27.85,-0.01,-14.21,-13.62,0.0,-0.01,4.0,deviation,49.88
WMT,2024-10-11,2024-10-14,Weekend,-4.99,1.25,-12.49,6.25,-4.97,6.22,0.0,deviation,49.88
WMT,2024-10-18,2024-10-21,Weekend,-9.84,61.38,-12.31,-58.92,-17.91,79.29,0.0,deviation,79.29
WMT,2024-10-25,2024-10-28,Weekend,29.04,3.75,7.15,18.14,-2.63,6.39,0.0,deviation,-49.88
WMT,2024-11-01,2024-11-04,Weekend,2.43,37.65,1.22,-36.43,-19.5,57.15,0.0,deviation,57.15
WMT,2024-11-08,2024-11-11,Weekend,10.6,22.35,7.07,-18.82,-9.18,31.53,2.0,deviation,49.88
WMT,2024-11-15,2024-11-18,Weekend,21.34,44.93,15.4,-39.0,-3.54,48.48,0.0,deviation,49.88
WMT,2024-11-22,2024-11-25,Weekend,6.63,89.14,12.07,-94.58,0.64,88.5,0.0,deviation,88.5
WMT,2024-11-27,2024-11-29,Short,42.36,4.34,22.83,15.19,-28.62,32.97,0.0,deviation,49.88
WMT,2024-11-29,2024-12-02,Weekend,37.97,3.24,8.84,25.89,20.21,-16.97,0.0,deviation,49.88
WMT,2024-12-06,2024-12-09,Weekend,-5.23,31.28,8.36,-44.87,-9.23,40.51,0.0,deviation,-49.88
WMT,2024-12-13,2024-12-16,Weekend,18.02,18.03,-5.31,5.3,12.2,5.83,4.0,deviation,49.88
WMT,2024-12-20,2024-12-23,Weekend,-81.63,37.88,-2.17,-117.34,-9.76,47.64,0.0,deviation,49.88
WMT,2024-12-24,2024-12-26,Short,18.39,10.82,3.25,4.32,21.62,-10.8,1.0,deviation,-49.88
WMT,2024-12-27,2024-12-30,Weekend,-107.43,-3.21,-3.34,-100.89,1.16,-4.36,0.0,deviation,-49.88
WMT,2024-12-31,2025-01-02,Short,-43.25,49.68,-2.21,-90.72,-12.69,62.38,0.0,deviation,62.38
WMT,2025-01-03,2025-01-06,Weekend,7.71,9.9,6.61,-8.8,-10.91,20.81,0.0,deviation,49.88
WMT,2025-01-08,2025-01-10,Short,77.06,56.45,9.79,10.82,-39.44,95.89,0.0,deviation,95.89
WMT,2025-01-10,2025-01-13,Weekend,-91.85,5.38,-7.53,-89.7,5.64,-0.26,1.0,deviation,-49.88
WMT,2025-01-17,2025-01-21,Long,60.74,23.9,3.26,33.58,8.7,15.2,4.0,deviation,49.88
WMT,2025-01-24,2025-01-27,Weekend,116.42,-47.66,-14.78,178.86,-11.1,-36.56,0.0,deviation,-49.88
WMT,2025-01-31,2025-02-03,Weekend,-139.56,-128.57,-28.57,17.58,14.81,-143.38,0.0,deviation,-143.38
WMT,2025-02-07,2025-02-10,Weekend,76.8,60.1,2.97,13.74,1.98,58.12,0.0,deviation,58.12
WMT,2025-02-14,2025-02-18,Long,-71.4,38.3,23.05,-132.75,-20.96,59.26,0.0,deviation,59.26
WMT,2025-02-21,2025-02-24,Weekend,-64.03,-17.94,7.91,-54.01,8.43,-26.37,5.5,deviation,-80.37
WMT,2025-02-28,2025-03-03,Weekend,-64.6,-27.43,-3.55,-33.62,-11.16,-16.26,5.5,deviation,-49.89
WMT,2025-03-07,2025-03-10,Weekend,-209.47,-86.71,-6.46,-116.3,5.37,-92.08,0.0,deviation,-92.08
WMT,2025-03-14,2025-03-17,Weekend,-22.29,-1.1,3.45,-24.64,-3.45,2.34,5.5,deviation,49.88
WMT,2025-03-21,2025-03-24,Weekend,62.06,114.49,5.24,-57.66,4.65,109.83,0.0,deviation,109.83
WMT,2025-03-28,2025-03-31,Weekend,-41.21,-87.36,-13.02,59.17,42.9,-130.25,0.0,deviation,-130.25
WMT,2025-04-04,2025-04-07,Weekend,-350.23,-502.79,-12.04,164.61,-5.39,-497.4,0.0,deviation,-497.4
WMT,2025-04-11,2025-04-14,Weekend,54.83,31.21,-0.0,23.61,8.83,22.39,0.0,deviation,49.88
WMT,2025-04-17,2025-04-21,Long,-22.55,0.01,-24.71,2.15,-10.16,10.17,0.0,deviation,-49.88
WMT,2025-04-25,2025-04-28,Weekend,4.21,-30.54,3.16,31.6,-25.11,-5.43,4.0,deviation,49.88
WMT,2025-05-02,2025-05-05,Weekend,21.25,-8.12,-15.2,44.57,21.28,-29.4,0.0,deviation,-49.88
WMT,2025-05-09,2025-05-12,Weekend,100.84,188.57,-3.1,-84.62,-2.07,190.64,0.0,deviation,190.64
WMT,2025-05-16,2025-05-19,Weekend,-164.19,-17.51,-110.53,-36.15,33.9,-51.41,0.0,deviation,-51.41
WMT,2025-05-23,2025-05-27,Long,93.97,42.45,0.0,51.52,4.37,38.07,0.0,deviation,49.88
WMT,2025-05-30,2025-06-02,Weekend,19.24,10.14,-10.14,19.24,18.24,-8.1,1.0,deviation,-49.88
WMT,2025-06-06,2025-06-09,Weekend,-4.11,-31.84,7.18,20.56,2.53,-34.37,3.0,deviation,49.88
WMT,2025-06-13,2025-06-16,Weekend,37.01,12.69,12.7,11.62,10.05,2.64,4.0,deviation,49.88
WMT,2025-06-18,2025-06-20,Short,11.56,0.0,-3.15,14.71,38.3,-38.3,0.0,deviation,-49.88
WMT,2025-06-20,2025-06-23,Weekend,-19.79,-13.53,2.08,-8.34,-19.55,6.01,0.0,deviation,-49.88
WMT,2025-06-27,2025-06-30,Weekend,5.14,4.12,-2.06,3.09,23.08,-18.96,5.5,deviation,-49.88
WMT,2025-07-03,2025-07-07,Long,13.8,-4.07,14.82,3.05,-8.31,4.24,0.0,deviation,-49.88
WMT,2025-07-11,2025-07-14,Weekend,15.88,-11.66,6.36,21.18,-5.3,-6.36,5.5,deviation,49.88
WMT,2025-07-18,2025-07-21,Weekend,21.54,-15.77,14.72,22.6,2.1,-17.87,0.0,deviation,49.88
WMT,2025-07-25,2025-07-28,Weekend,-21.56,3.08,-12.32,-12.33,27.6,-24.52,5.5,deviation,-49.88
WMT,2025-08-01,2025-08-04,Weekend,-26.44,6.1,-5.08,-27.46,-16.9,23.0,0.0,deviation,49.88
WMT,2025-08-08,2025-08-11,Weekend,14.45,2.89,1.93,9.63,-0.0,2.89,4.0,deviation,-49.88
WMT,2025-08-15,2025-08-18,Weekend,-3.0,-5.14,2.14,0.0,27.06,-32.2,0.0,deviation,49.88
WMT,2025-08-22,2025-08-25,Weekend,16.51,0.01,8.25,8.25,10.31,-10.3,5.5,deviation,49.88
WMT,2025-08-29,2025-09-02,Long,22.65,-1.02,-13.42,37.09,10.07,-11.1,4.0,deviation,-49.88
WMT,2025-09-05,2025-09-08,Weekend,33.27,-2.99,-9.46,45.72,8.96,-11.95,4.0,deviation,-49.88
WMT,2025-09-12,2025-09-15,Weekend,19.8,2.9,0.48,16.42,-21.82,24.72,4.0,deviation,49.88
WMT,2025-09-19,2025-09-22,Weekend,12.7,-14.85,-1.78,29.33,19.36,-34.2,0.0,deviation,-49.88
WMT,2025-09-26,2025-09-29,Weekend,-8.73,-19.4,5.82,4.85,-9.69,-9.7,4.0,deviation,49.88
WMT,2025-10-03,2025-10-06,Weekend,-19.61,-5.88,5.88,-19.61,-7.07,1.2,5.0,deviation,49.88
WMT,2025-10-10,2025-10-13,Weekend,-45.77,29.73,-33.17,-42.33,-24.44,54.17,0.0,deviation,54.17
WMT,2025-10-17,2025-10-20,Weekend,10.2,6.49,5.57,-1.85,22.24,-15.75,4.0,deviation,-49.88
WMT,2025-10-24,2025-10-27,Weekend,12.23,3.77,-0.94,9.41,-6.03,9.8,0.0,deviation,49.88
WMT,2025-10-31,2025-11-03,Weekend,-37.13,0.13,5.8,-43.06,6.05,-5.92,0.0,deviation,49.88
WMT,2025-11-07,2025-11-10,Weekend,-45.91,-39.23,-0.8,-5.87,9.57,-48.8,2.0,deviation,-49.88
WMT,2025-11-14,2025-11-17,Weekend,10.73,25.37,-12.69,-1.95,-12.8,38.17,4.0,deviation,49.88
WMT,2025-11-21,2025-11-24,Weekend,2.37,-5.83,2.51,5.7,-0.13,-5.7,0.0,deviation,49.88
WMT,2025-11-26,2025-11-28,Short,18.32,5.5,4.58,8.24,12.31,-6.82,4.0,deviation,49.88
WMT,2025-11-28,2025-12-01,Weekend,26.73,-6.26,32.09,0.91,5.34,-11.6,5.5,deviation,49.88
WMT,2025-12-05,2025-12-08,Weekend,-47.02,-34.78,8.68,-20.93,-1.82,-32.96,5.5,deviation,-53.89
WMT,2025-12-12,2025-12-15,Weekend,29.95,-11.99,7.71,34.23,-18.25,6.25,5.0,deviation,49.88
WMT,2025-12-19,2025-12-22,Weekend,-38.52,-11.86,3.12,-29.78,-20.21,8.35,5.5,deviation,-49.88
WMT,2025-12-24,2025-12-26,Short,25.58,-1.79,30.51,-3.14,22.9,-24.69,4.0,deviation,-49.88
WMT,2025-12-26,2025-12-29,Weekend,-13.43,-15.27,-4.44,6.27,-8.99,-6.27,5.5,deviation,49.88
WMT,2025-12-31,2026-01-02,Short,8.97,11.64,16.14,-18.82,19.43,-7.78,4.0,deviation,49.88
WMT,2026-01-02,2026-01-05,Weekend,2.66,-14.48,-9.49,26.64,5.95,-20.43,4.0,deviation,-49.88
WMT,2026-01-09,2026-01-12,Weekend,256.02,129.94,-2.4,128.48,6.35,123.59,0.0,deviation,123.59
WMT,2026-01-16,2026-01-20,Long,73.89,-44.34,-2.43,120.67,-5.9,-38.44,2.0,deviation,-49.88
WMT,2026-01-23,2026-01-26,Weekend,4.24,-14.46,-9.35,28.05,13.09,-27.55,4.0,deviation,-49.88
WMT,2026-01-30,2026-02-02,Weekend,491.05,491.05,0.0,0.0,-4.24,495.29,0.0,deviation,495.29
WMT,2026-02-06,2026-02-09,Weekend,15.23,-6.11,-9.91,31.25,-5.2,-0.91,2.0,deviation,-49.88
WMT,2026-02-13,2026-02-17,Long,-59.17,5.3,11.11,-75.59,11.27,-5.96,1.0,deviation,-49.88
WMT,2026-02-20,2026-02-23,Weekend,51.09,-10.57,3.66,58.0,4.26,-14.83,4.0,deviation,-49.88
WMT,2026-02-27,2026-03-02,Weekend,-31.32,-54.86,3.13,20.41,14.13,-68.99,0.0,deviation,-68.99
WMT,2026-03-06,2026-03-09,Weekend,-7.39,-116.33,-8.04,116.98,-2.47,-113.87,0.0,deviation,-113.87
WMT,2026-03-13,2026-03-16,Weekend,34.71,12.67,-22.94,44.99,1.8,10.86,4.0,deviation,49.88
WMT,2026-03-20,2026-03-23,Weekend,121.08,-68.12,23.5,165.71,-6.79,-61.33,0.0,deviation,-61.33
WMT,2026-03-27,2026-03-30,Weekend,62.46,67.87,-19.27,13.85,29.02,38.85,0.0,deviation,-49.88
WMT,2026-04-02,2026-04-06,Long,15.56,19.77,-3.18,-1.02,11.91,7.85,5.5,deviation,49.88
WMT,2026-04-10,2026-04-13,Weekend,-44.27,-3.25,11.82,-52.84,1.97,-5.22,0.0,deviation,-49.88
WMT,2026-04-17,2026-04-20,Weekend,21.94,16.46,2.35,3.13,-11.33,27.79,4.0,deviation,49.88
WMT,2026-04-24,2026-04-27,Weekend,-22.73,-57.8,4.54,30.52,0.13,-57.92,0.0,deviation,-57.92
WMT,2026-05-01,2026-05-04,Weekend,-94.67,-51.09,-9.88,-33.7,-6.25,-44.84,0.0,deviation,-49.88
WMT,2026-05-08,2026-05-11,Weekend,-20.73,-9.2,5.37,-16.89,-4.75,-4.45,5.0,deviation,-49.88
WMT,2026-05-15,2026-05-18,Weekend,6.84,-26.46,37.19,-3.89,-4.27,-22.19,1.0,deviation,-49.88
WMT,2026-05-22,2026-05-26,Long,42.32,11.17,-12.93,44.08,22.07,-10.91,3.0,deviation,-49.88
WMT,2026-05-29,2026-06-01,Weekend,-85.49,-14.99,6.05,-76.55,-6.05,-8.94,0.0,deviation,49.88
WMT,2026-06-05,2026-06-08,Weekend,-57.36,31.23,-33.7,-54.89,-37.2,68.43,0.0,deviation,68.43
WMT,2026-06-12,2026-06-15,Weekend,-98.82,-57.02,-14.2,-27.6,-10.07,-46.95,0.0,deviation,-49.88
WMT,2026-06-18,2026-06-22,Long,-9.39,31.41,-6.8,-34.01,22.14,9.27,0.0,deviation,-49.88
WMT,2026-06-26,2026-06-29,Weekend,88.08,-12.87,30.31,70.64,10.47,-23.34,5.0,deviation,49.88
WMT,2026-07-02,2026-07-06,Long,-18.82,6.26,8.95,-34.02,-31.67,37.92,0.0,deviation,49.88
WMT,2026-07-10,2026-07-13,Weekend,68.69,40.27,9.65,18.77,2.63,37.64,0.0,deviation,49.88
WMT,2026-07-17,2026-07-20,Weekend,-13.14,19.6,7.88,-40.62,0.87,18.72,3.0,deviation,-49.88
WMT,2026-07-24,2026-07-27,Weekend,45.57,12.64,4.57,28.37,-14.99,27.63,0.0,deviation,49.88
WMT,2026-07-31,2026-08-03,Weekend,168.52,-18.66,9.89,177.29,4.07,-22.73,0.0,deviation,49.88
WMT,2026-08-07,2026-08-10,Weekend,-84.42,-12.53,-3.58,-68.31,7.15,-19.69,0.0,deviation,-49.88
WMT,2026-08-14,2026-08-17,Weekend,-108.86,-38.02,2.6,-73.44,-16.99,-21.03,5.0,deviation,-49.88
WMT,2026-08-21,2026-08-24,Weekend,47.24,13.56,-2.96,36.63,-27.84,41.4,0.0,deviation,49.88
WMT,2026-08-28,2026-08-31,Weekend,-2.91,-27.08,-2.91,27.08,16.48,-43.56,5.5,deviation,49.88
WMT,2026-09-04,2026-09-08,Long,-33.66,-54.28,0.93,19.69,0.0,-54.28,0.0,deviation,-54.28
WMT,2026-09-11,2026-09-14,Weekend,90.42,52.39,-4.44,42.46,0.18,52.21,0.0,deviation,52.21
WMT,2026-09-18,2026-09-21,Weekend,-50.55,-5.22,11.96,-57.3,2.51,-7.72,5.0,deviation,-49.88
WMT,2026-09-25,2026-09-28,Weekend,-7.41,47.73,-6.14,-49.0,-5.29,53.02,0.0,deviation,53.02
